case_id,axis,predictor,window_start_index,window_end_index,window_start_s,window_end_s,mean_speed_rpm,speed_std_rpm,electrical_frequency_Hz,electrical_cycle_count,sample_count,integer_cycle_error,reference_rate_max_A_s,residual_mean_A,residual_ac_rms_A,order1_rms_A,order6_rms_A,order12_rms_A,order6_over_order1,order12_over_order1,dominant_order_1,dominant_amplitude_1_A,dominant_order_2,dominant_amplitude_2_A,dominant_order_3,dominant_amplitude_3_A,fundamental_valid,spectrum_valid,invalid_reason
C01_nominal_100rpm_10A,d,P0,NaN,NaN,NaN,NaN,100,NaN,20,NaN,0,NaN,NaN,NaN,NaN,NaN,NaN,NaN,NaN,NaN,NaN,NaN,NaN,NaN,NaN,NaN,0,0,fewer than three coherent electrical cycles in steady trace
C01_nominal_100rpm_10A,q,P0,NaN,NaN,NaN,NaN,100,NaN,20,NaN,0,NaN,NaN,NaN,NaN,NaN,NaN,NaN,NaN,NaN,NaN,NaN,NaN,NaN,NaN,NaN,0,0,fewer than three coherent electrical cycles in steady trace
C01_nominal_100rpm_10A,d,P1,NaN,NaN,NaN,NaN,100,NaN,20,NaN,0,NaN,NaN,NaN,NaN,NaN,NaN,NaN,NaN,NaN,NaN,NaN,NaN,NaN,NaN,NaN,0,0,fewer than three coherent electrical cycles in steady trace
C01_nominal_100rpm_10A,q,P1,NaN,NaN,NaN,NaN,100,NaN,20,NaN,0,NaN,NaN,NaN,NaN,NaN,NaN,NaN,NaN,NaN,NaN,NaN,NaN,NaN,NaN,NaN,0,0,fewer than three coherent electrical cycles in steady trace
C01_nominal_100rpm_10A,d,P2a,NaN,NaN,NaN,NaN,100,NaN,20,NaN,0,NaN,NaN,NaN,NaN,NaN,NaN,NaN,NaN,NaN,NaN,NaN,NaN,NaN,NaN,NaN,0,0,fewer than three coherent electrical cycles in steady trace
C01_nominal_100rpm_10A,q,P2a,NaN,NaN,NaN,NaN,100,NaN,20,NaN,0,NaN,NaN,NaN,NaN,NaN,NaN,NaN,NaN,NaN,NaN,NaN,NaN,NaN,NaN,NaN,0,0,fewer than three coherent electrical cycles in steady trace
C01_nominal_100rpm_10A,d,P2b,NaN,NaN,NaN,NaN,100,NaN,20,NaN,0,NaN,NaN,NaN,NaN,NaN,NaN,NaN,NaN,NaN,NaN,NaN,NaN,NaN,NaN,NaN,0,0,fewer than three coherent electrical cycles in steady trace
C01_nominal_100rpm_10A,q,P2b,NaN,NaN,NaN,NaN,100,NaN,20,NaN,0,NaN,NaN,NaN,NaN,NaN,NaN,NaN,NaN,NaN,NaN,NaN,NaN,NaN,NaN,NaN,0,0,fewer than three coherent electrical cycles in steady trace
C01_nominal_100rpm_10A,d,P2c,NaN,NaN,NaN,NaN,100,NaN,20,NaN,0,NaN,NaN,NaN,NaN,NaN,NaN,NaN,NaN,NaN,NaN,NaN,NaN,NaN,NaN,NaN,0,0,fewer than three coherent electrical cycles in steady trace
C01_nominal_100rpm_10A,q,P2c,NaN,NaN,NaN,NaN,100,NaN,20,NaN,0,NaN,NaN,NaN,NaN,NaN,NaN,NaN,NaN,NaN,NaN,NaN,NaN,NaN,NaN,NaN,0,0,fewer than three coherent electrical cycles in steady trace
C01_nominal_100rpm_10A,d,P3a,NaN,NaN,NaN,NaN,100,NaN,20,NaN,0,NaN,NaN,NaN,NaN,NaN,NaN,NaN,NaN,NaN,NaN,NaN,NaN,NaN,NaN,NaN,0,0,fewer than three coherent electrical cycles in steady trace
C01_nominal_100rpm_10A,q,P3a,NaN,NaN,NaN,NaN,100,NaN,20,NaN,0,NaN,NaN,NaN,NaN,NaN,NaN,NaN,NaN,NaN,NaN,NaN,NaN,NaN,NaN,NaN,0,0,fewer than three coherent electrical cycles in steady trace
C01_nominal_100rpm_10A,d,P3b,NaN,NaN,NaN,NaN,100,NaN,20,NaN,0,NaN,NaN,NaN,NaN,NaN,NaN,NaN,NaN,NaN,NaN,NaN,NaN,NaN,NaN,NaN,0,0,fewer than three coherent electrical cycles in steady trace
C01_nominal_100rpm_10A,q,P3b,NaN,NaN,NaN,NaN,100,NaN,20,NaN,0,NaN,NaN,NaN,NaN,NaN,NaN,NaN,NaN,NaN,NaN,NaN,NaN,NaN,NaN,NaN,0,0,fewer than three coherent electrical cycles in steady trace
C01_nominal_100rpm_10A,d,P3c,NaN,NaN,NaN,NaN,100,NaN,20,NaN,0,NaN,NaN,NaN,NaN,NaN,NaN,NaN,NaN,NaN,NaN,NaN,NaN,NaN,NaN,NaN,0,0,fewer than three coherent electrical cycles in steady trace
C01_nominal_100rpm_10A,q,P3c,NaN,NaN,NaN,NaN,100,NaN,20,NaN,0,NaN,NaN,NaN,NaN,NaN,NaN,NaN,NaN,NaN,NaN,NaN,NaN,NaN,NaN,NaN,0,0,fewer than three coherent electrical cycles in steady trace
C01_nominal_100rpm_10A,d,P4,NaN,NaN,NaN,NaN,100,NaN,20,NaN,0,NaN,NaN,NaN,NaN,NaN,NaN,NaN,NaN,NaN,NaN,NaN,NaN,NaN,NaN,NaN,0,0,fewer than three coherent electrical cycles in steady trace
C01_nominal_100rpm_10A,q,P4,NaN,NaN,NaN,NaN,100,NaN,20,NaN,0,NaN,NaN,NaN,NaN,NaN,NaN,NaN,NaN,NaN,NaN,NaN,NaN,NaN,NaN,NaN,0,0,fewer than three coherent electrical cycles in steady trace
C01_nominal_100rpm_10A,d,P5,NaN,NaN,NaN,NaN,100,NaN,20,NaN,0,NaN,NaN,NaN,NaN,NaN,NaN,NaN,NaN,NaN,NaN,NaN,NaN,NaN,NaN,NaN,0,0,fewer than three coherent electrical cycles in steady trace
C01_nominal_100rpm_10A,q,P5,NaN,NaN,NaN,NaN,100,NaN,20,NaN,0,NaN,NaN,NaN,NaN,NaN,NaN,NaN,NaN,NaN,NaN,NaN,NaN,NaN,NaN,NaN,0,0,fewer than three coherent electrical cycles in steady trace
C02_light_100rpm_4A,d,P0,NaN,NaN,NaN,NaN,100,NaN,20,NaN,0,NaN,NaN,NaN,NaN,NaN,NaN,NaN,NaN,NaN,NaN,NaN,NaN,NaN,NaN,NaN,0,0,fewer than three coherent electrical cycles in steady trace
C02_light_100rpm_4A,q,P0,NaN,NaN,NaN,NaN,100,NaN,20,NaN,0,NaN,NaN,NaN,NaN,NaN,NaN,NaN,NaN,NaN,NaN,NaN,NaN,NaN,NaN,NaN,0,0,fewer than three coherent electrical cycles in steady trace
C02_light_100rpm_4A,d,P1,NaN,NaN,NaN,NaN,100,NaN,20,NaN,0,NaN,NaN,NaN,NaN,NaN,NaN,NaN,NaN,NaN,NaN,NaN,NaN,NaN,NaN,NaN,0,0,fewer than three coherent electrical cycles in steady trace
C02_light_100rpm_4A,q,P1,NaN,NaN,NaN,NaN,100,NaN,20,NaN,0,NaN,NaN,NaN,NaN,NaN,NaN,NaN,NaN,NaN,NaN,NaN,NaN,NaN,NaN,NaN,0,0,fewer than three coherent electrical cycles in steady trace
C02_light_100rpm_4A,d,P2a,NaN,NaN,NaN,NaN,100,NaN,20,NaN,0,NaN,NaN,NaN,NaN,NaN,NaN,NaN,NaN,NaN,NaN,NaN,NaN,NaN,NaN,NaN,0,0,fewer than three coherent electrical cycles in steady trace
C02_light_100rpm_4A,q,P2a,NaN,NaN,NaN,NaN,100,NaN,20,NaN,0,NaN,NaN,NaN,NaN,NaN,NaN,NaN,NaN,NaN,NaN,NaN,NaN,NaN,NaN,NaN,0,0,fewer than three coherent electrical cycles in steady trace
C02_light_100rpm_4A,d,P2b,NaN,NaN,NaN,NaN,100,NaN,20,NaN,0,NaN,NaN,NaN,NaN,NaN,NaN,NaN,NaN,NaN,NaN,NaN,NaN,NaN,NaN,NaN,0,0,fewer than three coherent electrical cycles in steady trace
C02_light_100rpm_4A,q,P2b,NaN,NaN,NaN,NaN,100,NaN,20,NaN,0,NaN,NaN,NaN,NaN,NaN,NaN,NaN,NaN,NaN,NaN,NaN,NaN,NaN,NaN,NaN,0,0,fewer than three coherent electrical cycles in steady trace
C02_light_100rpm_4A,d,P2c,NaN,NaN,NaN,NaN,100,NaN,20,NaN,0,NaN,NaN,NaN,NaN,NaN,NaN,NaN,NaN,NaN,NaN,NaN,NaN,NaN,NaN,NaN,0,0,fewer than three coherent electrical cycles in steady trace
C02_light_100rpm_4A,q,P2c,NaN,NaN,NaN,NaN,100,NaN,20,NaN,0,NaN,NaN,NaN,NaN,NaN,NaN,NaN,NaN,NaN,NaN,NaN,NaN,NaN,NaN,NaN,0,0,fewer than three coherent electrical cycles in steady trace
C02_light_100rpm_4A,d,P3a,NaN,NaN,NaN,NaN,100,NaN,20,NaN,0,NaN,NaN,NaN,NaN,NaN,NaN,NaN,NaN,NaN,NaN,NaN,NaN,NaN,NaN,NaN,0,0,fewer than three coherent electrical cycles in steady trace
C02_light_100rpm_4A,q,P3a,NaN,NaN,NaN,NaN,100,NaN,20,NaN,0,NaN,NaN,NaN,NaN,NaN,NaN,NaN,NaN,NaN,NaN,NaN,NaN,NaN,NaN,NaN,0,0,fewer than three coherent electrical cycles in steady trace
C02_light_100rpm_4A,d,P3b,NaN,NaN,NaN,NaN,100,NaN,20,NaN,0,NaN,NaN,NaN,NaN,NaN,NaN,NaN,NaN,NaN,NaN,NaN,NaN,NaN,NaN,NaN,0,0,fewer than three coherent electrical cycles in steady trace
C02_light_100rpm_4A,q,P3b,NaN,NaN,NaN,NaN,100,NaN,20,NaN,0,NaN,NaN,NaN,NaN,NaN,NaN,NaN,NaN,NaN,NaN,NaN,NaN,NaN,NaN,NaN,0,0,fewer than three coherent electrical cycles in steady trace
C02_light_100rpm_4A,d,P3c,NaN,NaN,NaN,NaN,100,NaN,20,NaN,0,NaN,NaN,NaN,NaN,NaN,NaN,NaN,NaN,NaN,NaN,NaN,NaN,NaN,NaN,NaN,0,0,fewer than three coherent electrical cycles in steady trace
C02_light_100rpm_4A,q,P3c,NaN,NaN,NaN,NaN,100,NaN,20,NaN,0,NaN,NaN,NaN,NaN,NaN,NaN,NaN,NaN,NaN,NaN,NaN,NaN,NaN,NaN,NaN,0,0,fewer than three coherent electrical cycles in steady trace
C02_light_100rpm_4A,d,P4,NaN,NaN,NaN,NaN,100,NaN,20,NaN,0,NaN,NaN,NaN,NaN,NaN,NaN,NaN,NaN,NaN,NaN,NaN,NaN,NaN,NaN,NaN,0,0,fewer than three coherent electrical cycles in steady trace
C02_light_100rpm_4A,q,P4,NaN,NaN,NaN,NaN,100,NaN,20,NaN,0,NaN,NaN,NaN,NaN,NaN,NaN,NaN,NaN,NaN,NaN,NaN,NaN,NaN,NaN,NaN,0,0,fewer than three coherent electrical cycles in steady trace
C02_light_100rpm_4A,d,P5,NaN,NaN,NaN,NaN,100,NaN,20,NaN,0,NaN,NaN,NaN,NaN,NaN,NaN,NaN,NaN,NaN,NaN,NaN,NaN,NaN,NaN,NaN,0,0,fewer than three coherent electrical cycles in steady trace
C02_light_100rpm_4A,q,P5,NaN,NaN,NaN,NaN,100,NaN,20,NaN,0,NaN,NaN,NaN,NaN,NaN,NaN,NaN,NaN,NaN,NaN,NaN,NaN,NaN,NaN,NaN,0,0,fewer than three coherent electrical cycles in steady trace
C03_light_200rpm_6A,d,P0,NaN,NaN,NaN,NaN,200,NaN,40,NaN,0,NaN,NaN,NaN,NaN,NaN,NaN,NaN,NaN,NaN,NaN,NaN,NaN,NaN,NaN,NaN,0,0,fewer than three coherent electrical cycles in steady trace
C03_light_200rpm_6A,q,P0,NaN,NaN,NaN,NaN,200,NaN,40,NaN,0,NaN,NaN,NaN,NaN,NaN,NaN,NaN,NaN,NaN,NaN,NaN,NaN,NaN,NaN,NaN,0,0,fewer than three coherent electrical cycles in steady trace
C03_light_200rpm_6A,d,P1,NaN,NaN,NaN,NaN,200,NaN,40,NaN,0,NaN,NaN,NaN,NaN,NaN,NaN,NaN,NaN,NaN,NaN,NaN,NaN,NaN,NaN,NaN,0,0,fewer than three coherent electrical cycles in steady trace
C03_light_200rpm_6A,q,P1,NaN,NaN,NaN,NaN,200,NaN,40,NaN,0,NaN,NaN,NaN,NaN,NaN,NaN,NaN,NaN,NaN,NaN,NaN,NaN,NaN,NaN,NaN,0,0,fewer than three coherent electrical cycles in steady trace
C03_light_200rpm_6A,d,P2a,NaN,NaN,NaN,NaN,200,NaN,40,NaN,0,NaN,NaN,NaN,NaN,NaN,NaN,NaN,NaN,NaN,NaN,NaN,NaN,NaN,NaN,NaN,0,0,fewer than three coherent electrical cycles in steady trace
C03_light_200rpm_6A,q,P2a,NaN,NaN,NaN,NaN,200,NaN,40,NaN,0,NaN,NaN,NaN,NaN,NaN,NaN,NaN,NaN,NaN,NaN,NaN,NaN,NaN,NaN,NaN,0,0,fewer than three coherent electrical cycles in steady trace
C03_light_200rpm_6A,d,P2b,NaN,NaN,NaN,NaN,200,NaN,40,NaN,0,NaN,NaN,NaN,NaN,NaN,NaN,NaN,NaN,NaN,NaN,NaN,NaN,NaN,NaN,NaN,0,0,fewer than three coherent electrical cycles in steady trace
C03_light_200rpm_6A,q,P2b,NaN,NaN,NaN,NaN,200,NaN,40,NaN,0,NaN,NaN,NaN,NaN,NaN,NaN,NaN,NaN,NaN,NaN,NaN,NaN,NaN,NaN,NaN,0,0,fewer than three coherent electrical cycles in steady trace
C03_light_200rpm_6A,d,P2c,NaN,NaN,NaN,NaN,200,NaN,40,NaN,0,NaN,NaN,NaN,NaN,NaN,NaN,NaN,NaN,NaN,NaN,NaN,NaN,NaN,NaN,NaN,0,0,fewer than three coherent electrical cycles in steady trace
C03_light_200rpm_6A,q,P2c,NaN,NaN,NaN,NaN,200,NaN,40,NaN,0,NaN,NaN,NaN,NaN,NaN,NaN,NaN,NaN,NaN,NaN,NaN,NaN,NaN,NaN,NaN,0,0,fewer than three coherent electrical cycles in steady trace
C03_light_200rpm_6A,d,P3a,NaN,NaN,NaN,NaN,200,NaN,40,NaN,0,NaN,NaN,NaN,NaN,NaN,NaN,NaN,NaN,NaN,NaN,NaN,NaN,NaN,NaN,NaN,0,0,fewer than three coherent electrical cycles in steady trace
C03_light_200rpm_6A,q,P3a,NaN,NaN,NaN,NaN,200,NaN,40,NaN,0,NaN,NaN,NaN,NaN,NaN,NaN,NaN,NaN,NaN,NaN,NaN,NaN,NaN,NaN,NaN,0,0,fewer than three coherent electrical cycles in steady trace
C03_light_200rpm_6A,d,P3b,NaN,NaN,NaN,NaN,200,NaN,40,NaN,0,NaN,NaN,NaN,NaN,NaN,NaN,NaN,NaN,NaN,NaN,NaN,NaN,NaN,NaN,NaN,0,0,fewer than three coherent electrical cycles in steady trace
C03_light_200rpm_6A,q,P3b,NaN,NaN,NaN,NaN,200,NaN,40,NaN,0,NaN,NaN,NaN,NaN,NaN,NaN,NaN,NaN,NaN,NaN,NaN,NaN,NaN,NaN,NaN,0,0,fewer than three coherent electrical cycles in steady trace
C03_light_200rpm_6A,d,P3c,NaN,NaN,NaN,NaN,200,NaN,40,NaN,0,NaN,NaN,NaN,NaN,NaN,NaN,NaN,NaN,NaN,NaN,NaN,NaN,NaN,NaN,NaN,0,0,fewer than three coherent electrical cycles in steady trace
C03_light_200rpm_6A,q,P3c,NaN,NaN,NaN,NaN,200,NaN,40,NaN,0,NaN,NaN,NaN,NaN,NaN,NaN,NaN,NaN,NaN,NaN,NaN,NaN,NaN,NaN,NaN,0,0,fewer than three coherent electrical cycles in steady trace
C03_light_200rpm_6A,d,P4,NaN,NaN,NaN,NaN,200,NaN,40,NaN,0,NaN,NaN,NaN,NaN,NaN,NaN,NaN,NaN,NaN,NaN,NaN,NaN,NaN,NaN,NaN,0,0,fewer than three coherent electrical cycles in steady trace
C03_light_200rpm_6A,q,P4,NaN,NaN,NaN,NaN,200,NaN,40,NaN,0,NaN,NaN,NaN,NaN,NaN,NaN,NaN,NaN,NaN,NaN,NaN,NaN,NaN,NaN,NaN,0,0,fewer than three coherent electrical cycles in steady trace
C03_light_200rpm_6A,d,P5,NaN,NaN,NaN,NaN,200,NaN,40,NaN,0,NaN,NaN,NaN,NaN,NaN,NaN,NaN,NaN,NaN,NaN,NaN,NaN,NaN,NaN,NaN,0,0,fewer than three coherent electrical cycles in steady trace
C03_light_200rpm_6A,q,P5,NaN,NaN,NaN,NaN,200,NaN,40,NaN,0,NaN,NaN,NaN,NaN,NaN,NaN,NaN,NaN,NaN,NaN,NaN,NaN,NaN,NaN,NaN,0,0,fewer than three coherent electrical cycles in steady trace
C04_high_200rpm_18A,d,P0,NaN,NaN,NaN,NaN,200,NaN,40,NaN,0,NaN,NaN,NaN,NaN,NaN,NaN,NaN,NaN,NaN,NaN,NaN,NaN,NaN,NaN,NaN,0,0,fewer than three coherent electrical cycles in steady trace
C04_high_200rpm_18A,q,P0,NaN,NaN,NaN,NaN,200,NaN,40,NaN,0,NaN,NaN,NaN,NaN,NaN,NaN,NaN,NaN,NaN,NaN,NaN,NaN,NaN,NaN,NaN,0,0,fewer than three coherent electrical cycles in steady trace
C04_high_200rpm_18A,d,P1,NaN,NaN,NaN,NaN,200,NaN,40,NaN,0,NaN,NaN,NaN,NaN,NaN,NaN,NaN,NaN,NaN,NaN,NaN,NaN,NaN,NaN,NaN,0,0,fewer than three coherent electrical cycles in steady trace
C04_high_200rpm_18A,q,P1,NaN,NaN,NaN,NaN,200,NaN,40,NaN,0,NaN,NaN,NaN,NaN,NaN,NaN,NaN,NaN,NaN,NaN,NaN,NaN,NaN,NaN,NaN,0,0,fewer than three coherent electrical cycles in steady trace
C04_high_200rpm_18A,d,P2a,NaN,NaN,NaN,NaN,200,NaN,40,NaN,0,NaN,NaN,NaN,NaN,NaN,NaN,NaN,NaN,NaN,NaN,NaN,NaN,NaN,NaN,NaN,0,0,fewer than three coherent electrical cycles in steady trace
C04_high_200rpm_18A,q,P2a,NaN,NaN,NaN,NaN,200,NaN,40,NaN,0,NaN,NaN,NaN,NaN,NaN,NaN,NaN,NaN,NaN,NaN,NaN,NaN,NaN,NaN,NaN,0,0,fewer than three coherent electrical cycles in steady trace
C04_high_200rpm_18A,d,P2b,NaN,NaN,NaN,NaN,200,NaN,40,NaN,0,NaN,NaN,NaN,NaN,NaN,NaN,NaN,NaN,NaN,NaN,NaN,NaN,NaN,NaN,NaN,0,0,fewer than three coherent electrical cycles in steady trace
C04_high_200rpm_18A,q,P2b,NaN,NaN,NaN,NaN,200,NaN,40,NaN,0,NaN,NaN,NaN,NaN,NaN,NaN,NaN,NaN,NaN,NaN,NaN,NaN,NaN,NaN,NaN,0,0,fewer than three coherent electrical cycles in steady trace
C04_high_200rpm_18A,d,P2c,NaN,NaN,NaN,NaN,200,NaN,40,NaN,0,NaN,NaN,NaN,NaN,NaN,NaN,NaN,NaN,NaN,NaN,NaN,NaN,NaN,NaN,NaN,0,0,fewer than three coherent electrical cycles in steady trace
C04_high_200rpm_18A,q,P2c,NaN,NaN,NaN,NaN,200,NaN,40,NaN,0,NaN,NaN,NaN,NaN,NaN,NaN,NaN,NaN,NaN,NaN,NaN,NaN,NaN,NaN,NaN,0,0,fewer than three coherent electrical cycles in steady trace
C04_high_200rpm_18A,d,P3a,NaN,NaN,NaN,NaN,200,NaN,40,NaN,0,NaN,NaN,NaN,NaN,NaN,NaN,NaN,NaN,NaN,NaN,NaN,NaN,NaN,NaN,NaN,0,0,fewer than three coherent electrical cycles in steady trace
C04_high_200rpm_18A,q,P3a,NaN,NaN,NaN,NaN,200,NaN,40,NaN,0,NaN,NaN,NaN,NaN,NaN,NaN,NaN,NaN,NaN,NaN,NaN,NaN,NaN,NaN,NaN,0,0,fewer than three coherent electrical cycles in steady trace
C04_high_200rpm_18A,d,P3b,NaN,NaN,NaN,NaN,200,NaN,40,NaN,0,NaN,NaN,NaN,NaN,NaN,NaN,NaN,NaN,NaN,NaN,NaN,NaN,NaN,NaN,NaN,0,0,fewer than three coherent electrical cycles in steady trace
C04_high_200rpm_18A,q,P3b,NaN,NaN,NaN,NaN,200,NaN,40,NaN,0,NaN,NaN,NaN,NaN,NaN,NaN,NaN,NaN,NaN,NaN,NaN,NaN,NaN,NaN,NaN,0,0,fewer than three coherent electrical cycles in steady trace
C04_high_200rpm_18A,d,P3c,NaN,NaN,NaN,NaN,200,NaN,40,NaN,0,NaN,NaN,NaN,NaN,NaN,NaN,NaN,NaN,NaN,NaN,NaN,NaN,NaN,NaN,NaN,0,0,fewer than three coherent electrical cycles in steady trace
C04_high_200rpm_18A,q,P3c,NaN,NaN,NaN,NaN,200,NaN,40,NaN,0,NaN,NaN,NaN,NaN,NaN,NaN,NaN,NaN,NaN,NaN,NaN,NaN,NaN,NaN,NaN,0,0,fewer than three coherent electrical cycles in steady trace
C04_high_200rpm_18A,d,P4,NaN,NaN,NaN,NaN,200,NaN,40,NaN,0,NaN,NaN,NaN,NaN,NaN,NaN,NaN,NaN,NaN,NaN,NaN,NaN,NaN,NaN,NaN,0,0,fewer than three coherent electrical cycles in steady trace
C04_high_200rpm_18A,q,P4,NaN,NaN,NaN,NaN,200,NaN,40,NaN,0,NaN,NaN,NaN,NaN,NaN,NaN,NaN,NaN,NaN,NaN,NaN,NaN,NaN,NaN,NaN,0,0,fewer than three coherent electrical cycles in steady trace
C04_high_200rpm_18A,d,P5,NaN,NaN,NaN,NaN,200,NaN,40,NaN,0,NaN,NaN,NaN,NaN,NaN,NaN,NaN,NaN,NaN,NaN,NaN,NaN,NaN,NaN,NaN,0,0,fewer than three coherent electrical cycles in steady trace
C04_high_200rpm_18A,q,P5,NaN,NaN,NaN,NaN,200,NaN,40,NaN,0,NaN,NaN,NaN,NaN,NaN,NaN,NaN,NaN,NaN,NaN,NaN,NaN,NaN,NaN,NaN,0,0,fewer than three coherent electrical cycles in steady trace
C05_negative_id,d,P0,699,1198,0.0698,0.1197,300,0,60,3,500,0,0,4.68070027181966e-16,0.0096072043945858,2.26506056769981e-08,0.00611185244242658,0.00253895401178141,NaN,NaN,6,0.00611185244242658,18,0.00352310435182469,30,0.00278018262669951,0,1,
C05_negative_id,q,P0,699,1198,0.0698,0.1197,300,0,60,3,500,0,0,1.64135371960583e-15,0.00860445034659808,3.64389959153055e-08,0.00541449035203134,0.00414517622561362,NaN,NaN,6,0.00541449035203134,12,0.00414517622561362,18,0.00209453503822325,0,1,
C05_negative_id,d,P1,699,1198,0.0698,0.1197,300,0,60,3,500,0,0,4.68070027181966e-16,0.0096072043945858,2.26506056769981e-08,0.00611185244242658,0.00253895401178141,NaN,NaN,6,0.00611185244242658,18,0.00352310435182469,30,0.00278018262669951,0,1,
C05_negative_id,q,P1,699,1198,0.0698,0.1197,300,0,60,3,500,0,0,1.64135371960583e-15,0.00860445034659808,3.64389959153055e-08,0.00541449035203134,0.00414517622561362,NaN,NaN,6,0.00541449035203134,12,0.00414517622561362,18,0.00209453503822325,0,1,
C05_negative_id,d,P2a,699,1198,0.0698,0.1197,300,0,60,3,500,0,0,4.83435513842778e-15,0.00959208410119532,9.71762496547295e-09,0.00272096050958452,0.00126975100829235,NaN,NaN,30,0.00340074879039103,6,0.00272096050958452,42,0.00244173045680438,0,1,
C05_negative_id,q,P2a,699,1198,0.0698,0.1197,300,0,60,3,500,0,0,2.27373675443232e-16,0.00687444926862374,1.56331540179955e-08,0.00241049903710301,0.00207303545775457,NaN,NaN,30,0.00256136554594094,6,0.00241049903710301,12,0.00207303545775457,0,1,
C05_negative_id,d,P2b,699,1198,0.0698,0.1197,300,0,60,3,500,0,0,-1.97831990945243e-05,0.0153737428013115,3.01633498873312e-07,0.00184645318302321,0.000880007314473391,NaN,NaN,82.6666666666667,0.00510569038833489,70.6666666666667,0.00385655104050228,54,0.00340416893141533,0,1,
C05_negative_id,q,P2b,699,1198,0.0698,0.1197,300,0,60,3,500,0,0,0.00014382068910734,0.0095087206193449,2.0120343344535e-07,0.00162003198961615,0.00142241032466183,NaN,NaN,82.6666666666667,0.00280835200448258,70.6666666666667,0.00222809815910135,30,0.00206387790914701,0,1,
C05_negative_id,d,P2c,699,1198,0.0698,0.1197,300,0,60,3,500,0,0,4.72955008490317e-15,0.00459606145094817,3.23972288987757e-09,0.000912165022235828,0.000433041399746863,NaN,NaN,54,0.00132010811237713,30,0.00131351835793076,42,0.00109750551032742,0,1,
C05_negative_id,q,P2c,699,1198,0.0698,0.1197,300,0,60,3,500,0,0,2.02504679691629e-16,0.00304588375342625,5.21187471199126e-09,0.000808087033980628,0.00070699701791371,NaN,NaN,30,0.000989311729076541,6,0.000808087033980628,48,0.000802022501791776,0,1,
C05_negative_id,d,P3a,699,1198,0.0698,0.1197,300,0,60,3,500,0,0,4.83435513842778e-15,0.00959208410119532,9.71762496547295e-09,0.00272096050958452,0.00126975100829235,NaN,NaN,30,0.00340074879039103,6,0.00272096050958452,42,0.00244173045680438,0,1,
C05_negative_id,q,P3a,699,1198,0.0698,0.1197,300,0,60,3,500,0,0,2.27373675443232e-16,0.00687444926862374,1.56331540179955e-08,0.00241049903710301,0.00207303545775457,NaN,NaN,30,0.00256136554594094,6,0.00241049903710301,12,0.00207303545775457,0,1,
C05_negative_id,d,P3b,699,1198,0.0698,0.1197,300,0,60,3,500,0,0,-1.97831990945243e-05,0.0153737428013115,3.01633498873312e-07,0.00184645318302321,0.000880007314473391,NaN,NaN,82.6666666666667,0.00510569038833489,70.6666666666667,0.00385655104050228,54,0.00340416893141533,0,1,
C05_negative_id,q,P3b,699,1198,0.0698,0.1197,300,0,60,3,500,0,0,0.00014382068910734,0.0095087206193449,2.0120343344535e-07,0.00162003198961615,0.00142241032466183,NaN,NaN,82.6666666666667,0.00280835200448258,70.6666666666667,0.00222809815910135,30,0.00206387790914701,0,1,
C05_negative_id,d,P3c,699,1198,0.0698,0.1197,300,0,60,3,500,0,0,4.72955008490317e-15,0.00459606145094817,3.23972288987757e-09,0.000912165022235828,0.000433041399746863,NaN,NaN,54,0.00132010811237713,30,0.00131351835793076,42,0.00109750551032742,0,1,
C05_negative_id,q,P3c,699,1198,0.0698,0.1197,300,0,60,3,500,0,0,2.02504679691629e-16,0.00304588375342625,5.21187471199126e-09,0.000808087033980628,0.00070699701791371,NaN,NaN,30,0.000989311729076541,6,0.000808087033980628,48,0.000802022501791776,0,1,
C05_negative_id,d,P4,699,1198,0.0698,0.1197,300,0,60,3,500,0,0,-1.55984366519748e-05,0.00456527147944502,3.05117980445162e-07,0.000902703052193171,0.000424450104282289,NaN,NaN,54,0.00131201693025518,30,0.00130259579055901,42,0.00108996023929684,0,1,
C05_negative_id,q,P4,699,1198,0.0698,0.1197,300,0,60,3,500,0,0,0.000143495807121305,0.00307447859307249,1.96617394503793e-07,0.000817831823041792,0.00070880363539117,NaN,NaN,30,0.000995253348486546,6,0.000817831823041792,48,0.000803393417769713,0,1,
C05_negative_id,d,P5,699,1198,0.0698,0.1197,300,0,60,3,500,0,0,0,0,0,0,0,NaN,NaN,0.333333333333333,0,0.666666666666667,0,1,0,0,1,
C05_negative_id,q,P5,699,1198,0.0698,0.1197,300,0,60,3,500,0,0,0,0,0,0,0,NaN,NaN,0.333333333333333,0,0.666666666666667,0,1,0,0,1,
C06_low_bus_43p2V,d,P0,699,1198,0.0698,0.1197,300,0,60,3,500,0,0,-8.36414965066368e-15,0.00847419514412007,1.77561953881411e-08,0.00551991621703664,0.00183444719871841,NaN,NaN,6,0.00551991621703664,18,0.00347604266423736,24,0.00279797807973881,0,1,
C06_low_bus_43p2V,q,P0,699,1198,0.0698,0.1197,300,0,60,3,500,0,0,2.0961010704923e-15,0.00776573261661845,4.14335465906556e-08,0.00514218277648569,0.00243142560476022,NaN,NaN,6,0.00514218277648569,18,0.00341136635439811,12,0.00243142560476022,0,1,
C06_low_bus_43p2V,d,P1,699,1198,0.0698,0.1197,300,0,60,3,500,0,0,-8.36414965066368e-15,0.00847419514412007,1.77561953881411e-08,0.00551991621703664,0.00183444719871841,NaN,NaN,6,0.00551991621703664,18,0.00347604266423736,24,0.00279797807973881,0,1,
C06_low_bus_43p2V,q,P1,699,1198,0.0698,0.1197,300,0,60,3,500,0,0,2.0961010704923e-15,0.00776573261661845,4.14335465906556e-08,0.00514218277648569,0.00243142560476022,NaN,NaN,6,0.00514218277648569,18,0.00341136635439811,12,0.00243142560476022,0,1,
C06_low_bus_43p2V,d,P2a,699,1198,0.0698,0.1197,300,0,60,3,500,0,0,-4.05433325800786e-15,0.0085257867823881,7.61781426683417e-09,0.00245743400781541,0.000917421571807626,NaN,NaN,48,0.00441060210414139,6,0.00245743400781541,30,0.00243507697475953,0,1,
C06_low_bus_43p2V,q,P2a,699,1198,0.0698,0.1197,300,0,60,3,500,0,0,8.5265128291212e-17,0.00652060112389144,1.77759315734133e-08,0.00228926931722799,0.0012159752003817,NaN,NaN,30,0.00293293122020487,48,0.00245160762818374,6,0.00228926931722799,0,1,
C06_low_bus_43p2V,d,P2b,699,1198,0.0698,0.1197,300,0,60,3,500,0,0,-7.61653044812327e-06,0.0141939805929722,1.61050702960181e-07,0.00167084759864951,0.000631488953123016,NaN,NaN,76.6666666666667,0.00613699405191272,48,0.00521409369398953,82.6666666666667,0.00490841720425524,0,1,
C06_low_bus_43p2V,q,P2b,699,1198,0.0698,0.1197,300,0,60,3,500,0,0,0.000159599500743077,0.00957315247640011,1.25299264117717e-07,0.00154145925046957,0.000835978241153739,NaN,NaN,76.6666666666667,0.00399959628900886,82.6666666666667,0.00308684975337814,72,0.00307943157364107,0,1,
C06_low_bus_43p2V,d,P2c,699,1198,0.0698,0.1197,300,0,60,3,500,0,0,-3.24481110383634e-15,0.00415906950678728,2.53967753401e-09,0.000823821344883111,0.000312881438187615,NaN,NaN,48,0.00219056322880907,64.6666666666667,0.00114833618331902,30,0.00094053354318576,0,1,
C06_low_bus_43p2V,q,P2c,699,1198,0.0698,0.1197,300,0,60,3,500,0,0,6.75015598972095e-17,0.00297115707464741,5.9262490550155e-09,0.000767446418384912,0.000414701464613197,NaN,NaN,48,0.00121761188041061,30,0.00113282669134118,64.6666666666667,0.000840087052592979,0,1,
C06_low_bus_43p2V,d,P3a,699,1198,0.0698,0.1197,300,0,60,3,500,0,0,-4.05433325800786e-15,0.0085257867823881,7.61781426683417e-09,0.00245743400781541,0.000917421571807626,NaN,NaN,48,0.00441060210414139,6,0.00245743400781541,30,0.00243507697475953,0,1,
C06_low_bus_43p2V,q,P3a,699,1198,0.0698,0.1197,300,0,60,3,500,0,0,8.5265128291212e-17,0.00652060112389144,1.77759315734133e-08,0.00228926931722799,0.0012159752003817,NaN,NaN,30,0.00293293122020487,48,0.00245160762818374,6,0.00228926931722799,0,1,
C06_low_bus_43p2V,d,P3b,699,1198,0.0698,0.1197,300,0,60,3,500,0,0,-7.61653044812327e-06,0.0141939805929722,1.61050702960181e-07,0.00167084759864951,0.000631488953123016,NaN,NaN,76.6666666666667,0.00613699405191272,48,0.00521409369398953,82.6666666666667,0.00490841720425524,0,1,
C06_low_bus_43p2V,q,P3b,699,1198,0.0698,0.1197,300,0,60,3,500,0,0,0.000159599500743077,0.00957315247640011,1.25299264117717e-07,0.00154145925046957,0.000835978241153739,NaN,NaN,76.6666666666667,0.00399959628900886,82.6666666666667,0.00308684975337814,72,0.00307943157364107,0,1,
C06_low_bus_43p2V,d,P3c,699,1198,0.0698,0.1197,300,0,60,3,500,0,0,-3.24481110383634e-15,0.00415906950678728,2.53967753401e-09,0.000823821344883111,0.000312881438187615,NaN,NaN,48,0.00219056322880907,64.6666666666667,0.00114833618331902,30,0.00094053354318576,0,1,
C06_low_bus_43p2V,q,P3c,699,1198,0.0698,0.1197,300,0,60,3,500,0,0,6.75015598972095e-17,0.00297115707464741,5.9262490550155e-09,0.000767446418384912,0.000414701464613197,NaN,NaN,48,0.00121761188041061,30,0.00113282669134118,64.6666666666667,0.000840087052592979,0,1,
C06_low_bus_43p2V,d,P4,699,1198,0.0698,0.1197,300,0,60,3,500,0,0,-3.05840450359022e-06,0.0041274861989563,1.61935415782752e-07,0.000817438389896001,0.000310037573713287,NaN,NaN,48,0.0021668973899728,64.6666666666667,0.00114497310284406,30,0.000928907646825705,0,1,
C06_low_bus_43p2V,q,P4,699,1198,0.0698,0.1197,300,0,60,3,500,0,0,0.00015905880987815,0.00299341055777046,1.25108775153703e-07,0.000779305086084394,0.00041706172492089,NaN,NaN,48,0.00122663170323724,30,0.00113624376421103,64.6666666666667,0.000849208681464607,0,1,
C06_low_bus_43p2V,d,P5,699,1198,0.0698,0.1197,300,0,60,3,500,0,0,0,0,0,0,0,NaN,NaN,0.333333333333333,0,0.666666666666667,0,1,0,0,1,
C06_low_bus_43p2V,q,P5,699,1198,0.0698,0.1197,300,0,60,3,500,0,0,0,0,0,0,0,NaN,NaN,0.333333333333333,0,0.666666666666667,0,1,0,0,1,
C07_known_false_safe,d,P0,NaN,NaN,NaN,NaN,500,NaN,100,NaN,0,NaN,NaN,NaN,NaN,NaN,NaN,NaN,NaN,NaN,NaN,NaN,NaN,NaN,NaN,NaN,0,0,no steady samples or nonpositive electrical frequency
C07_known_false_safe,q,P0,NaN,NaN,NaN,NaN,500,NaN,100,NaN,0,NaN,NaN,NaN,NaN,NaN,NaN,NaN,NaN,NaN,NaN,NaN,NaN,NaN,NaN,NaN,0,0,no steady samples or nonpositive electrical frequency
C07_known_false_safe,d,P1,NaN,NaN,NaN,NaN,500,NaN,100,NaN,0,NaN,NaN,NaN,NaN,NaN,NaN,NaN,NaN,NaN,NaN,NaN,NaN,NaN,NaN,NaN,0,0,no steady samples or nonpositive electrical frequency
C07_known_false_safe,q,P1,NaN,NaN,NaN,NaN,500,NaN,100,NaN,0,NaN,NaN,NaN,NaN,NaN,NaN,NaN,NaN,NaN,NaN,NaN,NaN,NaN,NaN,NaN,0,0,no steady samples or nonpositive electrical frequency
C07_known_false_safe,d,P2a,NaN,NaN,NaN,NaN,500,NaN,100,NaN,0,NaN,NaN,NaN,NaN,NaN,NaN,NaN,NaN,NaN,NaN,NaN,NaN,NaN,NaN,NaN,0,0,no steady samples or nonpositive electrical frequency
C07_known_false_safe,q,P2a,NaN,NaN,NaN,NaN,500,NaN,100,NaN,0,NaN,NaN,NaN,NaN,NaN,NaN,NaN,NaN,NaN,NaN,NaN,NaN,NaN,NaN,NaN,0,0,no steady samples or nonpositive electrical frequency
C07_known_false_safe,d,P2b,NaN,NaN,NaN,NaN,500,NaN,100,NaN,0,NaN,NaN,NaN,NaN,NaN,NaN,NaN,NaN,NaN,NaN,NaN,NaN,NaN,NaN,NaN,0,0,no steady samples or nonpositive electrical frequency
C07_known_false_safe,q,P2b,NaN,NaN,NaN,NaN,500,NaN,100,NaN,0,NaN,NaN,NaN,NaN,NaN,NaN,NaN,NaN,NaN,NaN,NaN,NaN,NaN,NaN,NaN,0,0,no steady samples or nonpositive electrical frequency
C07_known_false_safe,d,P2c,NaN,NaN,NaN,NaN,500,NaN,100,NaN,0,NaN,NaN,NaN,NaN,NaN,NaN,NaN,NaN,NaN,NaN,NaN,NaN,NaN,NaN,NaN,0,0,no steady samples or nonpositive electrical frequency
C07_known_false_safe,q,P2c,NaN,NaN,NaN,NaN,500,NaN,100,NaN,0,NaN,NaN,NaN,NaN,NaN,NaN,NaN,NaN,NaN,NaN,NaN,NaN,NaN,NaN,NaN,0,0,no steady samples or nonpositive electrical frequency
C07_known_false_safe,d,P3a,NaN,NaN,NaN,NaN,500,NaN,100,NaN,0,NaN,NaN,NaN,NaN,NaN,NaN,NaN,NaN,NaN,NaN,NaN,NaN,NaN,NaN,NaN,0,0,no steady samples or nonpositive electrical frequency
C07_known_false_safe,q,P3a,NaN,NaN,NaN,NaN,500,NaN,100,NaN,0,NaN,NaN,NaN,NaN,NaN,NaN,NaN,NaN,NaN,NaN,NaN,NaN,NaN,NaN,NaN,0,0,no steady samples or nonpositive electrical frequency
C07_known_false_safe,d,P3b,NaN,NaN,NaN,NaN,500,NaN,100,NaN,0,NaN,NaN,NaN,NaN,NaN,NaN,NaN,NaN,NaN,NaN,NaN,NaN,NaN,NaN,NaN,0,0,no steady samples or nonpositive electrical frequency
C07_known_false_safe,q,P3b,NaN,NaN,NaN,NaN,500,NaN,100,NaN,0,NaN,NaN,NaN,NaN,NaN,NaN,NaN,NaN,NaN,NaN,NaN,NaN,NaN,NaN,NaN,0,0,no steady samples or nonpositive electrical frequency
C07_known_false_safe,d,P3c,NaN,NaN,NaN,NaN,500,NaN,100,NaN,0,NaN,NaN,NaN,NaN,NaN,NaN,NaN,NaN,NaN,NaN,NaN,NaN,NaN,NaN,NaN,0,0,no steady samples or nonpositive electrical frequency
C07_known_false_safe,q,P3c,NaN,NaN,NaN,NaN,500,NaN,100,NaN,0,NaN,NaN,NaN,NaN,NaN,NaN,NaN,NaN,NaN,NaN,NaN,NaN,NaN,NaN,NaN,0,0,no steady samples or nonpositive electrical frequency
C07_known_false_safe,d,P4,NaN,NaN,NaN,NaN,500,NaN,100,NaN,0,NaN,NaN,NaN,NaN,NaN,NaN,NaN,NaN,NaN,NaN,NaN,NaN,NaN,NaN,NaN,0,0,no steady samples or nonpositive electrical frequency
C07_known_false_safe,q,P4,NaN,NaN,NaN,NaN,500,NaN,100,NaN,0,NaN,NaN,NaN,NaN,NaN,NaN,NaN,NaN,NaN,NaN,NaN,NaN,NaN,NaN,NaN,0,0,no steady samples or nonpositive electrical frequency
C07_known_false_safe,d,P5,NaN,NaN,NaN,NaN,500,NaN,100,NaN,0,NaN,NaN,NaN,NaN,NaN,NaN,NaN,NaN,NaN,NaN,NaN,NaN,NaN,NaN,NaN,0,0,no steady samples or nonpositive electrical frequency
C07_known_false_safe,q,P5,NaN,NaN,NaN,NaN,500,NaN,100,NaN,0,NaN,NaN,NaN,NaN,NaN,NaN,NaN,NaN,NaN,NaN,NaN,NaN,NaN,NaN,NaN,0,0,no steady samples or nonpositive electrical frequency
C08_S2_nontrigger,d,P0,NaN,NaN,NaN,NaN,100,NaN,20,NaN,0,NaN,NaN,NaN,NaN,NaN,NaN,NaN,NaN,NaN,NaN,NaN,NaN,NaN,NaN,NaN,0,0,fewer than three coherent electrical cycles in steady trace
C08_S2_nontrigger,q,P0,NaN,NaN,NaN,NaN,100,NaN,20,NaN,0,NaN,NaN,NaN,NaN,NaN,NaN,NaN,NaN,NaN,NaN,NaN,NaN,NaN,NaN,NaN,0,0,fewer than three coherent electrical cycles in steady trace
C08_S2_nontrigger,d,P1,NaN,NaN,NaN,NaN,100,NaN,20,NaN,0,NaN,NaN,NaN,NaN,NaN,NaN,NaN,NaN,NaN,NaN,NaN,NaN,NaN,NaN,NaN,0,0,fewer than three coherent electrical cycles in steady trace
C08_S2_nontrigger,q,P1,NaN,NaN,NaN,NaN,100,NaN,20,NaN,0,NaN,NaN,NaN,NaN,NaN,NaN,NaN,NaN,NaN,NaN,NaN,NaN,NaN,NaN,NaN,0,0,fewer than three coherent electrical cycles in steady trace
C08_S2_nontrigger,d,P2a,NaN,NaN,NaN,NaN,100,NaN,20,NaN,0,NaN,NaN,NaN,NaN,NaN,NaN,NaN,NaN,NaN,NaN,NaN,NaN,NaN,NaN,NaN,0,0,fewer than three coherent electrical cycles in steady trace
C08_S2_nontrigger,q,P2a,NaN,NaN,NaN,NaN,100,NaN,20,NaN,0,NaN,NaN,NaN,NaN,NaN,NaN,NaN,NaN,NaN,NaN,NaN,NaN,NaN,NaN,NaN,0,0,fewer than three coherent electrical cycles in steady trace
C08_S2_nontrigger,d,P2b,NaN,NaN,NaN,NaN,100,NaN,20,NaN,0,NaN,NaN,NaN,NaN,NaN,NaN,NaN,NaN,NaN,NaN,NaN,NaN,NaN,NaN,NaN,0,0,fewer than three coherent electrical cycles in steady trace
C08_S2_nontrigger,q,P2b,NaN,NaN,NaN,NaN,100,NaN,20,NaN,0,NaN,NaN,NaN,NaN,NaN,NaN,NaN,NaN,NaN,NaN,NaN,NaN,NaN,NaN,NaN,0,0,fewer than three coherent electrical cycles in steady trace
C08_S2_nontrigger,d,P2c,NaN,NaN,NaN,NaN,100,NaN,20,NaN,0,NaN,NaN,NaN,NaN,NaN,NaN,NaN,NaN,NaN,NaN,NaN,NaN,NaN,NaN,NaN,0,0,fewer than three coherent electrical cycles in steady trace
C08_S2_nontrigger,q,P2c,NaN,NaN,NaN,NaN,100,NaN,20,NaN,0,NaN,NaN,NaN,NaN,NaN,NaN,NaN,NaN,NaN,NaN,NaN,NaN,NaN,NaN,NaN,0,0,fewer than three coherent electrical cycles in steady trace
C08_S2_nontrigger,d,P3a,NaN,NaN,NaN,NaN,100,NaN,20,NaN,0,NaN,NaN,NaN,NaN,NaN,NaN,NaN,NaN,NaN,NaN,NaN,NaN,NaN,NaN,NaN,0,0,fewer than three coherent electrical cycles in steady trace
C08_S2_nontrigger,q,P3a,NaN,NaN,NaN,NaN,100,NaN,20,NaN,0,NaN,NaN,NaN,NaN,NaN,NaN,NaN,NaN,NaN,NaN,NaN,NaN,NaN,NaN,NaN,0,0,fewer than three coherent electrical cycles in steady trace
C08_S2_nontrigger,d,P3b,NaN,NaN,NaN,NaN,100,NaN,20,NaN,0,NaN,NaN,NaN,NaN,NaN,NaN,NaN,NaN,NaN,NaN,NaN,NaN,NaN,NaN,NaN,0,0,fewer than three coherent electrical cycles in steady trace
C08_S2_nontrigger,q,P3b,NaN,NaN,NaN,NaN,100,NaN,20,NaN,0,NaN,NaN,NaN,NaN,NaN,NaN,NaN,NaN,NaN,NaN,NaN,NaN,NaN,NaN,NaN,0,0,fewer than three coherent electrical cycles in steady trace
C08_S2_nontrigger,d,P3c,NaN,NaN,NaN,NaN,100,NaN,20,NaN,0,NaN,NaN,NaN,NaN,NaN,NaN,NaN,NaN,NaN,NaN,NaN,NaN,NaN,NaN,NaN,0,0,fewer than three coherent electrical cycles in steady trace
C08_S2_nontrigger,q,P3c,NaN,NaN,NaN,NaN,100,NaN,20,NaN,0,NaN,NaN,NaN,NaN,NaN,NaN,NaN,NaN,NaN,NaN,NaN,NaN,NaN,NaN,NaN,0,0,fewer than three coherent electrical cycles in steady trace
C08_S2_nontrigger,d,P4,NaN,NaN,NaN,NaN,100,NaN,20,NaN,0,NaN,NaN,NaN,NaN,NaN,NaN,NaN,NaN,NaN,NaN,NaN,NaN,NaN,NaN,NaN,0,0,fewer than three coherent electrical cycles in steady trace
C08_S2_nontrigger,q,P4,NaN,NaN,NaN,NaN,100,NaN,20,NaN,0,NaN,NaN,NaN,NaN,NaN,NaN,NaN,NaN,NaN,NaN,NaN,NaN,NaN,NaN,NaN,0,0,fewer than three coherent electrical cycles in steady trace
C08_S2_nontrigger,d,P5,NaN,NaN,NaN,NaN,100,NaN,20,NaN,0,NaN,NaN,NaN,NaN,NaN,NaN,NaN,NaN,NaN,NaN,NaN,NaN,NaN,NaN,NaN,0,0,fewer than three coherent electrical cycles in steady trace
C08_S2_nontrigger,q,P5,NaN,NaN,NaN,NaN,100,NaN,20,NaN,0,NaN,NaN,NaN,NaN,NaN,NaN,NaN,NaN,NaN,NaN,NaN,NaN,NaN,NaN,NaN,0,0,fewer than three coherent electrical cycles in steady trace
C09_S2_boundary,d,P0,699,1198,0.0698,0.1197,500,0,100,5,500,0,0,-2.27725130419465e-14,0.0170989663877198,1.10136347980404e-06,0.0113346130691118,0.0105743012686914,NaN,NaN,6,0.0113346130691118,12,0.0105743012686914,24,0.0037026949682063,0,1,
C09_S2_boundary,q,P0,699,1198,0.0698,0.1197,500,0,100,5,500,0,0,2.92033064397401e-15,0.0116527511291364,9.104194835745e-07,0.00738790853329436,0.00753261348620647,NaN,NaN,12,0.00753261348620647,6,0.00738790853329436,8,0.00240760469328983,0,1,
C09_S2_boundary,d,P1,699,1198,0.0698,0.1197,500,0,100,5,500,0,0,-2.27725130419465e-14,0.0170989663877198,1.10136347980404e-06,0.0113346130691118,0.0105743012686914,NaN,NaN,6,0.0113346130691118,12,0.0105743012686914,24,0.0037026949682063,0,1,
C09_S2_boundary,q,P1,699,1198,0.0698,0.1197,500,0,100,5,500,0,0,2.92033064397401e-15,0.0116527511291364,9.104194835745e-07,0.00738790853329436,0.00753261348620647,NaN,NaN,12,0.00753261348620647,6,0.00738790853329436,8,0.00240760469328983,0,1,
C09_S2_boundary,d,P2a,699,1198,0.0698,0.1197,500,0,100,5,500,0,0,-8.50951947795053e-15,0.0156157457084342,4.73394907208601e-07,0.00540405321113229,0.00705917556246278,NaN,NaN,24,0.00864288891014743,12,0.00705917556246278,30,0.00557557684843314,0,1,
C09_S2_boundary,q,P2a,699,1198,0.0698,0.1197,500,0,100,5,500,0,0,1.13686837721616e-15,0.010099248704383,3.91322158099548e-07,0.003522365570802,0.00502861037265367,NaN,NaN,24,0.00545695593570356,12,0.00502861037265367,6,0.003522365570802,0,1,
C09_S2_boundary,d,P2b,699,1198,0.0698,0.1197,500,0,100,5,500,0,0,-0.000570985626462531,0.0183471866134191,4.02116994069458e-06,0.00380165366893156,0.00520499077371824,NaN,NaN,24,0.00839715718410767,30,0.00695656793478847,42,0.00690684011335525,0,1,
C09_S2_boundary,q,P2b,699,1198,0.0698,0.1197,500,0,100,5,500,0,0,0.000832162946191495,0.0108629452768837,3.87091331510213e-06,0.00249678613798288,0.00365138917966097,NaN,NaN,24,0.00521682116628215,30,0.00426217298608122,42,0.00376034461955047,0,1,
C09_S2_boundary,d,P2c,699,1198,0.0698,0.1197,500,0,100,5,500,0,0,-5.05014433049844e-15,0.00689685703555104,1.57867555435593e-07,0.00183013716031676,0.00250902236535331,NaN,NaN,24,0.00377164856629399,30,0.00287388192150935,12,0.00250902236535331,0,1,
C09_S2_boundary,q,P2c,699,1198,0.0698,0.1197,500,0,100,5,500,0,0,-1.66267000167863e-15,0.00433623207129431,1.30497951300437e-07,0.00119288465001044,0.00178730444936416,NaN,NaN,24,0.00238134728390393,30,0.00179323275934278,12,0.00178730444936416,0,1,
C09_S2_boundary,d,P3a,699,1198,0.0698,0.1197,500,0,100,5,500,0,0,-8.50951947795053e-15,0.0156157457084342,4.73394907208601e-07,0.00540405321113229,0.00705917556246278,NaN,NaN,24,0.00864288891014743,12,0.00705917556246278,30,0.00557557684843314,0,1,
C09_S2_boundary,q,P3a,699,1198,0.0698,0.1197,500,0,100,5,500,0,0,1.13686837721616e-15,0.010099248704383,3.91322158099548e-07,0.003522365570802,0.00502861037265367,NaN,NaN,24,0.00545695593570356,12,0.00502861037265367,6,0.003522365570802,0,1,
C09_S2_boundary,d,P3b,699,1198,0.0698,0.1197,500,0,100,5,500,0,0,-0.000570985626462531,0.0183471866134191,4.02116994069458e-06,0.00380165366893156,0.00520499077371824,NaN,NaN,24,0.00839715718410767,30,0.00695656793478847,42,0.00690684011335525,0,1,
C09_S2_boundary,q,P3b,699,1198,0.0698,0.1197,500,0,100,5,500,0,0,0.000832162946191495,0.0108629452768837,3.87091331510213e-06,0.00249678613798288,0.00365138917966097,NaN,NaN,24,0.00521682116628215,30,0.00426217298608122,42,0.00376034461955047,0,1,
C09_S2_boundary,d,P3c,699,1198,0.0698,0.1197,500,0,100,5,500,0,0,-5.05014433049844e-15,0.00689685703555104,1.57867555435593e-07,0.00183013716031676,0.00250902236535331,NaN,NaN,24,0.00377164856629399,30,0.00287388192150935,12,0.00250902236535331,0,1,
C09_S2_boundary,q,P3c,699,1198,0.0698,0.1197,500,0,100,5,500,0,0,-1.66267000167863e-15,0.00433623207129431,1.30497951300437e-07,0.00119288465001044,0.00178730444936416,NaN,NaN,24,0.00238134728390393,30,0.00179323275934278,12,0.00178730444936416,0,1,
C09_S2_boundary,d,P4,699,1198,0.0698,0.1197,500,0,100,5,500,0,0,-0.000528355663706778,0.00685594676822019,3.83257335016482e-06,0.00186986135914747,0.00250242008160424,NaN,NaN,24,0.00373762152010802,30,0.00282060252920384,12,0.00250242008160424,0,1,
C09_S2_boundary,q,P4,699,1198,0.0698,0.1197,500,0,100,5,500,0,0,0.000840803391437987,0.00444151963603579,3.93065201044124e-06,0.00132101821415373,0.00184330732030529,NaN,NaN,24,0.00241923997378268,12,0.00184330732030529,30,0.00179554699600484,0,1,
C09_S2_boundary,d,P5,699,1198,0.0698,0.1197,500,0,100,5,500,0,0,0,0,0,0,0,NaN,NaN,0.2,0,0.4,0,0.6,0,0,1,
C09_S2_boundary,q,P5,699,1198,0.0698,0.1197,500,0,100,5,500,0,0,0,0,0,0,0,NaN,NaN,0.2,0,0.4,0,0.6,0,0,1,
D01_iq_step,d,P0,NaN,NaN,NaN,NaN,300,NaN,60,NaN,0,NaN,NaN,NaN,NaN,NaN,NaN,NaN,NaN,NaN,NaN,NaN,NaN,NaN,NaN,NaN,0,0,no steady samples or nonpositive electrical frequency
D01_iq_step,q,P0,NaN,NaN,NaN,NaN,300,NaN,60,NaN,0,NaN,NaN,NaN,NaN,NaN,NaN,NaN,NaN,NaN,NaN,NaN,NaN,NaN,NaN,NaN,0,0,no steady samples or nonpositive electrical frequency
D01_iq_step,d,P1,NaN,NaN,NaN,NaN,300,NaN,60,NaN,0,NaN,NaN,NaN,NaN,NaN,NaN,NaN,NaN,NaN,NaN,NaN,NaN,NaN,NaN,NaN,0,0,no steady samples or nonpositive electrical frequency
D01_iq_step,q,P1,NaN,NaN,NaN,NaN,300,NaN,60,NaN,0,NaN,NaN,NaN,NaN,NaN,NaN,NaN,NaN,NaN,NaN,NaN,NaN,NaN,NaN,NaN,0,0,no steady samples or nonpositive electrical frequency
D01_iq_step,d,P2a,NaN,NaN,NaN,NaN,300,NaN,60,NaN,0,NaN,NaN,NaN,NaN,NaN,NaN,NaN,NaN,NaN,NaN,NaN,NaN,NaN,NaN,NaN,0,0,no steady samples or nonpositive electrical frequency
D01_iq_step,q,P2a,NaN,NaN,NaN,NaN,300,NaN,60,NaN,0,NaN,NaN,NaN,NaN,NaN,NaN,NaN,NaN,NaN,NaN,NaN,NaN,NaN,NaN,NaN,0,0,no steady samples or nonpositive electrical frequency
D01_iq_step,d,P2b,NaN,NaN,NaN,NaN,300,NaN,60,NaN,0,NaN,NaN,NaN,NaN,NaN,NaN,NaN,NaN,NaN,NaN,NaN,NaN,NaN,NaN,NaN,0,0,no steady samples or nonpositive electrical frequency
D01_iq_step,q,P2b,NaN,NaN,NaN,NaN,300,NaN,60,NaN,0,NaN,NaN,NaN,NaN,NaN,NaN,NaN,NaN,NaN,NaN,NaN,NaN,NaN,NaN,NaN,0,0,no steady samples or nonpositive electrical frequency
D01_iq_step,d,P2c,NaN,NaN,NaN,NaN,300,NaN,60,NaN,0,NaN,NaN,NaN,NaN,NaN,NaN,NaN,NaN,NaN,NaN,NaN,NaN,NaN,NaN,NaN,0,0,no steady samples or nonpositive electrical frequency
D01_iq_step,q,P2c,NaN,NaN,NaN,NaN,300,NaN,60,NaN,0,NaN,NaN,NaN,NaN,NaN,NaN,NaN,NaN,NaN,NaN,NaN,NaN,NaN,NaN,NaN,0,0,no steady samples or nonpositive electrical frequency
D01_iq_step,d,P3a,NaN,NaN,NaN,NaN,300,NaN,60,NaN,0,NaN,NaN,NaN,NaN,NaN,NaN,NaN,NaN,NaN,NaN,NaN,NaN,NaN,NaN,NaN,0,0,no steady samples or nonpositive electrical frequency
D01_iq_step,q,P3a,NaN,NaN,NaN,NaN,300,NaN,60,NaN,0,NaN,NaN,NaN,NaN,NaN,NaN,NaN,NaN,NaN,NaN,NaN,NaN,NaN,NaN,NaN,0,0,no steady samples or nonpositive electrical frequency
D01_iq_step,d,P3b,NaN,NaN,NaN,NaN,300,NaN,60,NaN,0,NaN,NaN,NaN,NaN,NaN,NaN,NaN,NaN,NaN,NaN,NaN,NaN,NaN,NaN,NaN,0,0,no steady samples or nonpositive electrical frequency
D01_iq_step,q,P3b,NaN,NaN,NaN,NaN,300,NaN,60,NaN,0,NaN,NaN,NaN,NaN,NaN,NaN,NaN,NaN,NaN,NaN,NaN,NaN,NaN,NaN,NaN,0,0,no steady samples or nonpositive electrical frequency
D01_iq_step,d,P3c,NaN,NaN,NaN,NaN,300,NaN,60,NaN,0,NaN,NaN,NaN,NaN,NaN,NaN,NaN,NaN,NaN,NaN,NaN,NaN,NaN,NaN,NaN,0,0,no steady samples or nonpositive electrical frequency
D01_iq_step,q,P3c,NaN,NaN,NaN,NaN,300,NaN,60,NaN,0,NaN,NaN,NaN,NaN,NaN,NaN,NaN,NaN,NaN,NaN,NaN,NaN,NaN,NaN,NaN,0,0,no steady samples or nonpositive electrical frequency
D01_iq_step,d,P4,NaN,NaN,NaN,NaN,300,NaN,60,NaN,0,NaN,NaN,NaN,NaN,NaN,NaN,NaN,NaN,NaN,NaN,NaN,NaN,NaN,NaN,NaN,0,0,no steady samples or nonpositive electrical frequency
D01_iq_step,q,P4,NaN,NaN,NaN,NaN,300,NaN,60,NaN,0,NaN,NaN,NaN,NaN,NaN,NaN,NaN,NaN,NaN,NaN,NaN,NaN,NaN,NaN,NaN,0,0,no steady samples or nonpositive electrical frequency
D01_iq_step,d,P5,NaN,NaN,NaN,NaN,300,NaN,60,NaN,0,NaN,NaN,NaN,NaN,NaN,NaN,NaN,NaN,NaN,NaN,NaN,NaN,NaN,NaN,NaN,0,0,no steady samples or nonpositive electrical frequency
D01_iq_step,q,P5,NaN,NaN,NaN,NaN,300,NaN,60,NaN,0,NaN,NaN,NaN,NaN,NaN,NaN,NaN,NaN,NaN,NaN,NaN,NaN,NaN,NaN,NaN,0,0,no steady samples or nonpositive electrical frequency
D02_id_step,d,P0,699,1198,0.0698,0.1197,300,0,60,3,500,0,0,-1.35536026846239e-14,0.0106879587273052,5.77351576632431e-05,0.00798452112021621,0.00243361725593209,138.295649364781,42.1513918802623,6,0.00798452112021621,12,0.00243361725593209,24,0.00242415670346695,1,1,
D02_id_step,q,P0,699,1198,0.0698,0.1197,300,0,60,3,500,0,0,1.81418768896435e-15,0.00708663490892601,5.13705020109713e-05,0.00102712123088793,0.00316034084870101,19.9943779149475,61.5205365917206,12,0.00316034084870101,9,0.00186477113015297,13.6666666666667,0.0014497495029838,1,1,
D02_id_step,d,P1,699,1198,0.0698,0.1197,300,0,60,3,500,0,0,-1.35536026846239e-14,0.0106879587273052,5.77351576632431e-05,0.00798452112021621,0.00243361725593209,138.295649364781,42.1513918802623,6,0.00798452112021621,12,0.00243361725593209,24,0.00242415670346695,1,1,
D02_id_step,q,P1,699,1198,0.0698,0.1197,300,0,60,3,500,0,0,1.81418768896435e-15,0.00708663490892601,5.13705020109713e-05,0.00102712123088793,0.00316034084870101,19.9943779149475,61.5205365917206,12,0.00316034084870101,9,0.00186477113015297,13.6666666666667,0.0014497495029838,1,1,
D02_id_step,d,P2a,699,1198,0.0698,0.1197,300,0,60,3,500,0,0,-9.02566910099267e-15,0.00944184464702289,2.47696889590109e-05,0.00355466151395288,0.0012170712624848,143.508524464525,49.1355085039148,6,0.00355466151395288,24,0.00199399517714635,49.6666666666667,0.00197347341109746,1,1,
D02_id_step,q,P2a,699,1198,0.0698,0.1197,300,0,60,3,500,0,0,1.49961987272462e-15,0.00705683544812347,2.20391076775075e-05,0.000457268288808989,0.00158051148645202,20.7480400522597,71.7139509266542,12,0.00158051148645202,54,0.00146954982853327,42,0.00141054027582983,1,1,
D02_id_step,d,P2b,699,1198,0.0698,0.1197,300,0,60,3,500,0,0,6.37420035453253e-05,0.0152224673090462,1.65666073610927e-05,0.00239079654941961,0.000830565028438774,144.314191633134,50.1348894396682,72,0.00320069602153917,60,0.00319688132033532,75,0.00287930659458665,1,1,
D02_id_step,q,P2b,699,1198,0.0698,0.1197,300,0,60,3,500,0,0,8.54666481444248e-05,0.0127952079358292,1.48526325342739e-05,0.000302432920107524,0.00108990549629713,20.3622434884611,73.381300842263,79.6666666666667,0.00335300217756815,81,0.00296604641413665,81.6666666666667,0.00293419827688706,1,1,
D02_id_step,d,P2c,699,1198,0.0698,0.1197,300,0,60,3,500,0,0,-7.58149099056027e-15,0.00458567181010644,8.25786696632237e-06,0.00119165195066158,0.000415075270389742,144.305055472731,50.2642234468685,6,0.00119165195066158,60,0.00109198849565081,49.6666666666667,0.00101079784726288,1,1,
D02_id_step,q,P2c,699,1198,0.0698,0.1197,300,0,60,3,500,0,0,9.25759469083687e-16,0.00335693908929888,7.34752945663578e-06,0.000153292977741031,0.0005390245031847,20.8632001607816,73.3613259213123,54,0.000820674463507593,42,0.000634007623953469,66,0.000580031313036374,1,1,
D02_id_step,d,P3a,699,1198,0.0698,0.1197,300,0,60,3,500,0,0,-9.02566910099267e-15,0.00944184464702289,2.47696889590109e-05,0.00355466151395288,0.0012170712624848,143.508524464525,49.1355085039148,6,0.00355466151395288,24,0.00199399517714635,49.6666666666667,0.00197347341109746,1,1,
D02_id_step,q,P3a,699,1198,0.0698,0.1197,300,0,60,3,500,0,0,1.49961987272462e-15,0.00705683544812347,2.20391076775075e-05,0.000457268288808989,0.00158051148645202,20.7480400522597,71.7139509266542,12,0.00158051148645202,54,0.00146954982853327,42,0.00141054027582983,1,1,
D02_id_step,d,P3b,699,1198,0.0698,0.1197,300,0,60,3,500,0,0,6.37420035453253e-05,0.0152224673090462,1.65666073610927e-05,0.00239079654941961,0.000830565028438774,144.314191633134,50.1348894396682,72,0.00320069602153917,60,0.00319688132033532,75,0.00287930659458665,1,1,
D02_id_step,q,P3b,699,1198,0.0698,0.1197,300,0,60,3,500,0,0,8.54666481444248e-05,0.0127952079358292,1.48526325342739e-05,0.000302432920107524,0.00108990549629713,20.3622434884611,73.381300842263,79.6666666666667,0.00335300217756815,81,0.00296604641413665,81.6666666666667,0.00293419827688706,1,1,
D02_id_step,d,P3c,699,1198,0.0698,0.1197,300,0,60,3,500,0,0,-7.58149099056027e-15,0.00458567181010644,8.25786696632237e-06,0.00119165195066158,0.000415075270389742,144.305055472731,50.2642234468685,6,0.00119165195066158,60,0.00109198849565081,49.6666666666667,0.00101079784726288,1,1,
D02_id_step,q,P3c,699,1198,0.0698,0.1197,300,0,60,3,500,0,0,9.25759469083687e-16,0.00335693908929888,7.34752945663578e-06,0.000153292977741031,0.0005390245031847,20.8632001607816,73.3613259213123,54,0.000820674463507593,42,0.000634007623953469,66,0.000580031313036374,1,1,
D02_id_step,d,P4,699,1198,0.0698,0.1197,300,0,60,3,500,0,0,6.57772592334993e-05,0.00456078176037906,8.36543177969098e-06,0.00118717440039282,0.000420549450203568,141.914300619242,50.2722945185626,6,0.00118717440039282,60,0.00108642530241607,49.6666666666667,0.00100880192119181,1,1,
D02_id_step,q,P4,699,1198,0.0698,0.1197,300,0,60,3,500,0,0,8.43248442442289e-05,0.0033504693367632,7.41894449982395e-06,0.00015613488798873,0.000536332034711109,21.0454314616364,72.2922289988604,54,0.000816486493701557,42,0.000638310353214284,66,0.00057898657120753,1,1,
D02_id_step,d,P5,699,1198,0.0698,0.1197,300,0,60,3,500,0,0,0,0,0,0,0,NaN,NaN,0.333333333333333,0,0.666666666666667,0,1,0,0,1,
D02_id_step,q,P5,699,1198,0.0698,0.1197,300,0,60,3,500,0,0,0,0,0,0,0,NaN,NaN,0.333333333333333,0,0.666666666666667,0,1,0,0,1,
D03_id_iq_step,d,P0,699,1198,0.0698,0.1197,300,0,60,3,500,0,0,6.70041799821774e-15,0.00955772342472214,3.07660787381071e-08,0.00602708479817294,0.00194525345545921,NaN,NaN,6,0.00602708479817294,30,0.00371968794676575,18,0.00371597204475901,0,1,
D03_id_iq_step,q,P0,699,1198,0.0698,0.1197,300,0,60,3,500,0,0,2.25952589971712e-15,0.00794783437457093,2.77195758540693e-08,0.0050315880786966,0.00285640819834087,NaN,NaN,6,0.0050315880786966,30,0.00309833986016818,12,0.00285640819834087,0,1,
D03_id_iq_step,d,P1,699,1198,0.0698,0.1197,300,0,60,3,500,0,0,6.70041799821774e-15,0.00955772342472214,3.07660787381071e-08,0.00602708479817294,0.00194525345545921,NaN,NaN,6,0.00602708479817294,30,0.00371968794676575,18,0.00371597204475901,0,1,
D03_id_iq_step,q,P1,699,1198,0.0698,0.1197,300,0,60,3,500,0,0,2.25952589971712e-15,0.00794783437457093,2.77195758540693e-08,0.0050315880786966,0.00285640819834087,NaN,NaN,6,0.0050315880786966,30,0.00309833986016818,12,0.00285640819834087,0,1,
D03_id_iq_step,d,P2a,699,1198,0.0698,0.1197,300,0,60,3,500,0,0,9.60653778747656e-15,0.0101385200005556,1.31993441970929e-08,0.00268322245640364,0.000972836658324903,NaN,NaN,30,0.00454996163349182,48,0.00373559562270133,42,0.00289653998966136,0,1,
D03_id_iq_step,q,P2a,699,1198,0.0698,0.1197,300,0,60,3,500,0,0,1.14042109089496e-15,0.00727877370650973,1.18923239318804e-08,0.00224003321277486,0.00142851236103857,NaN,NaN,30,0.00378992208299772,48,0.0025217698711544,6,0.00224003321277486,0,1,
D03_id_iq_step,d,P2b,699,1198,0.0698,0.1197,300,0,60,3,500,0,0,-2.61373346451172e-05,0.0156941761489512,2.24112393045556e-07,0.0018213389641728,0.000672240638098466,NaN,NaN,78,0.00591914586593957,70.6666666666667,0.00587841407746811,48,0.00441813923391526,0,1,
D03_id_iq_step,q,P2b,699,1198,0.0698,0.1197,300,0,60,3,500,0,0,0.000147618746460211,0.00967932256855903,1.12904790965666e-07,0.00150584621941892,0.000980733739443875,NaN,NaN,78,0.00336058973621464,70.6666666666667,0.00333971598990948,30,0.00305733787359235,0,1,
D03_id_iq_step,d,P2c,699,1198,0.0698,0.1197,300,0,60,3,500,0,0,8.5096374391469e-15,0.00480112264671813,4.4004758987698e-09,0.00089951385291605,0.000331780440023232,NaN,NaN,48,0.00185531549107727,30,0.00175739476857352,42,0.00130193264807509,0,1,
D03_id_iq_step,q,P2c,699,1198,0.0698,0.1197,300,0,60,3,500,0,0,1.55964130499342e-15,0.00323907294470907,3.96473265980795e-09,0.000750940683679539,0.000487186061157231,NaN,NaN,30,0.00146383415476595,48,0.00125245855800198,42,0.000771972492607997,0,1,
D03_id_iq_step,d,P3a,699,1198,0.0698,0.1197,300,0,60,3,500,0,0,9.60653778747656e-15,0.0101385200005556,1.31993441970929e-08,0.00268322245640364,0.000972836658324903,NaN,NaN,30,0.00454996163349182,48,0.00373559562270133,42,0.00289653998966136,0,1,
D03_id_iq_step,q,P3a,699,1198,0.0698,0.1197,300,0,60,3,500,0,0,1.14042109089496e-15,0.00727877370650973,1.18923239318804e-08,0.00224003321277486,0.00142851236103857,NaN,NaN,30,0.00378992208299772,48,0.0025217698711544,6,0.00224003321277486,0,1,
D03_id_iq_step,d,P3b,699,1198,0.0698,0.1197,300,0,60,3,500,0,0,-2.61373346451172e-05,0.0156941761489512,2.24112393045556e-07,0.0018213389641728,0.000672240638098466,NaN,NaN,78,0.00591914586593957,70.6666666666667,0.00587841407746811,48,0.00441813923391526,0,1,
D03_id_iq_step,q,P3b,699,1198,0.0698,0.1197,300,0,60,3,500,0,0,0.000147618746460211,0.00967932256855903,1.12904790965666e-07,0.00150584621941892,0.000980733739443875,NaN,NaN,78,0.00336058973621464,70.6666666666667,0.00333971598990948,30,0.00305733787359235,0,1,
D03_id_iq_step,d,P3c,699,1198,0.0698,0.1197,300,0,60,3,500,0,0,8.5096374391469e-15,0.00480112264671813,4.4004758987698e-09,0.00089951385291605,0.000331780440023232,NaN,NaN,48,0.00185531549107727,30,0.00175739476857352,42,0.00130193264807509,0,1,
D03_id_iq_step,q,P3c,699,1198,0.0698,0.1197,300,0,60,3,500,0,0,1.55964130499342e-15,0.00323907294470907,3.96473265980795e-09,0.000750940683679539,0.000487186061157231,NaN,NaN,30,0.00146383415476595,48,0.00125245855800198,42,0.000771972492607997,0,1,
D03_id_iq_step,d,P4,699,1198,0.0698,0.1197,300,0,60,3,500,0,0,-2.18071789884045e-05,0.00476913391770544,2.23871726065199e-07,0.000891901139474479,0.000327284495634618,NaN,NaN,48,0.00183285933858451,30,0.00173877384007117,70.6666666666667,0.00129991006009902,0,1,
D03_id_iq_step,q,P4,699,1198,0.0698,0.1197,300,0,60,3,500,0,0,0.000147358568143112,0.00327020434210655,1.10632765458023e-07,0.000760981766633901,0.000488999902274243,NaN,NaN,30,0.00147202900420714,48,0.00125997634256841,42,0.00078083289097334,0,1,
D03_id_iq_step,d,P5,699,1198,0.0698,0.1197,300,0,60,3,500,0,0,0,0,0,0,0,NaN,NaN,0.333333333333333,0,0.666666666666667,0,1,0,0,1,
D03_id_iq_step,q,P5,699,1198,0.0698,0.1197,300,0,60,3,500,0,0,0,0,0,0,0,NaN,NaN,0.333333333333333,0,0.666666666666667,0,1,0,0,1,
D04_torque_ramp,d,P0,699,1198,0.0698,0.1197,400,0,80,4,500,0,0,-1.09226861496475e-14,0.0145981045625163,0.000317172137141645,0.00973063822718825,0.00757592923621239,30.6793601571713,23.8858599134421,6,0.00973063822718825,12,0.00757592923621239,18,0.00406373114712941,1,1,
D04_torque_ramp,q,P0,699,1198,0.0698,0.1197,400,0,80,4,500,0,0,-2.0961010704923e-15,0.011294401611563,0.000195453963493119,0.00682181104899506,0.00609913364421086,34.9023930089564,31.2049627196512,6,0.00682181104899506,12,0.00609913364421086,18,0.003736659381242,1,1,
D04_torque_ramp,d,P1,699,1198,0.0698,0.1197,400,0,80,4,500,0,0,-1.09226861496475e-14,0.0145981045625163,0.000317172137141645,0.00973063822718825,0.00757592923621239,30.6793601571713,23.8858599134421,6,0.00973063822718825,12,0.00757592923621239,18,0.00406373114712941,1,1,
D04_torque_ramp,q,P1,699,1198,0.0698,0.1197,400,0,80,4,500,0,0,-2.0961010704923e-15,0.011294401611563,0.000195453963493119,0.00682181104899506,0.00609913364421086,34.9023930089564,31.2049627196512,6,0.00682181104899506,12,0.00609913364421086,18,0.003736659381242,1,1,
D04_torque_ramp,d,P2a,699,1198,0.0698,0.1197,400,0,80,4,500,0,0,-4.13255736055052e-15,0.0113288745990986,0.000136185458662731,0.00446325254763092,0.00428936078180371,32.7733415260167,31.4964668322371,6,0.00446325254763092,12,0.00428936078180371,18,0.0033426305720981,1,1,
D04_torque_ramp,q,P2a,699,1198,0.0698,0.1197,400,0,80,4,500,0,0,-2.50821585723315e-15,0.00842195889114434,8.39228436239613e-05,0.00312903067948349,0.00345322452740671,37.2846122028938,41.1476110471161,12,0.00345322452740671,6,0.00312903067948349,18,0.003073597005572,1,1,
D04_torque_ramp,d,P2b,699,1198,0.0698,0.1197,400,0,80,4,500,0,0,-0.000166229545279318,0.0153324769834746,9.06807284738079e-05,0.00307443090442298,0.00304580633807824,33.9039061128738,33.5882429413653,59,0.00664992821538413,47,0.00528405963984607,54,0.00479963185226521,1,1,
D04_torque_ramp,q,P2b,699,1198,0.0698,0.1197,400,0,80,4,500,0,0,0.000396688551686978,0.0100131260932204,5.50117816334869e-05,0.0021370986876562,0.00242173905947965,38.8480180826447,44.0221892032939,59,0.00396458381285446,47,0.00335185343274721,54,0.00312896047145905,1,1,
D04_torque_ramp,d,P2c,699,1198,0.0698,0.1197,400,0,80,4,500,0,0,-4.1268774422093e-15,0.00512720756483029,4.54078995949199e-05,0.00150290146903918,0.0014893855890145,33.0977975736918,32.8001427571234,47,0.00168798816943219,41,0.00154263102850579,42,0.00152807471831333,1,1,
D04_torque_ramp,q,P2c,699,1198,0.0698,0.1197,400,0,80,4,500,0,0,-2.58637555816676e-15,0.00361951838490635,2.79821362364766e-05,0.00105363179758471,0.00119905578204744,37.6537298182128,42.8507592098843,12,0.00119905578204744,18,0.00112446207588518,47,0.00108036695009189,1,1,
D04_torque_ramp,d,P3a,699,1198,0.0698,0.1197,400,0,80,4,500,0,0,-4.13255736055052e-15,0.0113288745990986,0.000136185458662731,0.00446325254763092,0.00428936078180371,32.7733415260167,31.4964668322371,6,0.00446325254763092,12,0.00428936078180371,18,0.0033426305720981,1,1,
D04_torque_ramp,q,P3a,699,1198,0.0698,0.1197,400,0,80,4,500,0,0,-2.50821585723315e-15,0.00842195889114434,8.39228436239613e-05,0.00312903067948349,0.00345322452740671,37.2846122028938,41.1476110471161,12,0.00345322452740671,6,0.00312903067948349,18,0.003073597005572,1,1,
D04_torque_ramp,d,P3b,699,1198,0.0698,0.1197,400,0,80,4,500,0,0,-0.000166229545279318,0.0153324769834746,9.06807284738079e-05,0.00307443090442298,0.00304580633807824,33.9039061128738,33.5882429413653,59,0.00664992821538413,47,0.00528405963984607,54,0.00479963185226521,1,1,
D04_torque_ramp,q,P3b,699,1198,0.0698,0.1197,400,0,80,4,500,0,0,0.000396688551686978,0.0100131260932204,5.50117816334869e-05,0.0021370986876562,0.00242173905947965,38.8480180826447,44.0221892032939,59,0.00396458381285446,47,0.00335185343274721,54,0.00312896047145905,1,1,
D04_torque_ramp,d,P3c,699,1198,0.0698,0.1197,400,0,80,4,500,0,0,-4.1268774422093e-15,0.00512720756483029,4.54078995949199e-05,0.00150290146903918,0.0014893855890145,33.0977975736918,32.8001427571234,47,0.00168798816943219,41,0.00154263102850579,42,0.00152807471831333,1,1,
D04_torque_ramp,q,P3c,699,1198,0.0698,0.1197,400,0,80,4,500,0,0,-2.58637555816676e-15,0.00361951838490635,2.79821362364766e-05,0.00105363179758471,0.00119905578204744,37.6537298182128,42.8507592098843,12,0.00119905578204744,18,0.00112446207588518,47,0.00108036695009189,1,1,
D04_torque_ramp,d,P4,699,1198,0.0698,0.1197,400,0,80,4,500,0,0,-0.000150280478734629,0.00507823278698701,4.39754968041343e-05,0.00151015070372207,0.00146928946194854,34.3407309404198,33.4115489017148,47,0.0016661650835738,41,0.00152855670436763,6,0.00151015070372207,1,1,
D04_torque_ramp,q,P4,699,1198,0.0698,0.1197,400,0,80,4,500,0,0,0.000397891958851005,0.00366523241902951,2.7667818796352e-05,0.00109773538537843,0.00121604523106218,39.6755303863407,43.9516117989945,12,0.00121604523106218,18,0.0011359536699046,6,0.00109773538537843,1,1,
D04_torque_ramp,d,P5,699,1198,0.0698,0.1197,400,0,80,4,500,0,0,0,0,0,0,0,NaN,NaN,0.25,0,0.5,0,0.75,0,0,1,
D04_torque_ramp,q,P5,699,1198,0.0698,0.1197,400,0,80,4,500,0,0,0,0,0,0,0,NaN,NaN,0.25,0,0.5,0,0.75,0,0,1,
D05_torque_step,d,P0,NaN,NaN,NaN,NaN,400,NaN,80,NaN,0,NaN,NaN,NaN,NaN,NaN,NaN,NaN,NaN,NaN,NaN,NaN,NaN,NaN,NaN,NaN,0,0,no steady samples or nonpositive electrical frequency
D05_torque_step,q,P0,NaN,NaN,NaN,NaN,400,NaN,80,NaN,0,NaN,NaN,NaN,NaN,NaN,NaN,NaN,NaN,NaN,NaN,NaN,NaN,NaN,NaN,NaN,0,0,no steady samples or nonpositive electrical frequency
D05_torque_step,d,P1,NaN,NaN,NaN,NaN,400,NaN,80,NaN,0,NaN,NaN,NaN,NaN,NaN,NaN,NaN,NaN,NaN,NaN,NaN,NaN,NaN,NaN,NaN,0,0,no steady samples or nonpositive electrical frequency
D05_torque_step,q,P1,NaN,NaN,NaN,NaN,400,NaN,80,NaN,0,NaN,NaN,NaN,NaN,NaN,NaN,NaN,NaN,NaN,NaN,NaN,NaN,NaN,NaN,NaN,0,0,no steady samples or nonpositive electrical frequency
D05_torque_step,d,P2a,NaN,NaN,NaN,NaN,400,NaN,80,NaN,0,NaN,NaN,NaN,NaN,NaN,NaN,NaN,NaN,NaN,NaN,NaN,NaN,NaN,NaN,NaN,0,0,no steady samples or nonpositive electrical frequency
D05_torque_step,q,P2a,NaN,NaN,NaN,NaN,400,NaN,80,NaN,0,NaN,NaN,NaN,NaN,NaN,NaN,NaN,NaN,NaN,NaN,NaN,NaN,NaN,NaN,NaN,0,0,no steady samples or nonpositive electrical frequency
D05_torque_step,d,P2b,NaN,NaN,NaN,NaN,400,NaN,80,NaN,0,NaN,NaN,NaN,NaN,NaN,NaN,NaN,NaN,NaN,NaN,NaN,NaN,NaN,NaN,NaN,0,0,no steady samples or nonpositive electrical frequency
D05_torque_step,q,P2b,NaN,NaN,NaN,NaN,400,NaN,80,NaN,0,NaN,NaN,NaN,NaN,NaN,NaN,NaN,NaN,NaN,NaN,NaN,NaN,NaN,NaN,NaN,0,0,no steady samples or nonpositive electrical frequency
D05_torque_step,d,P2c,NaN,NaN,NaN,NaN,400,NaN,80,NaN,0,NaN,NaN,NaN,NaN,NaN,NaN,NaN,NaN,NaN,NaN,NaN,NaN,NaN,NaN,NaN,0,0,no steady samples or nonpositive electrical frequency
D05_torque_step,q,P2c,NaN,NaN,NaN,NaN,400,NaN,80,NaN,0,NaN,NaN,NaN,NaN,NaN,NaN,NaN,NaN,NaN,NaN,NaN,NaN,NaN,NaN,NaN,0,0,no steady samples or nonpositive electrical frequency
D05_torque_step,d,P3a,NaN,NaN,NaN,NaN,400,NaN,80,NaN,0,NaN,NaN,NaN,NaN,NaN,NaN,NaN,NaN,NaN,NaN,NaN,NaN,NaN,NaN,NaN,0,0,no steady samples or nonpositive electrical frequency
D05_torque_step,q,P3a,NaN,NaN,NaN,NaN,400,NaN,80,NaN,0,NaN,NaN,NaN,NaN,NaN,NaN,NaN,NaN,NaN,NaN,NaN,NaN,NaN,NaN,NaN,0,0,no steady samples or nonpositive electrical frequency
D05_torque_step,d,P3b,NaN,NaN,NaN,NaN,400,NaN,80,NaN,0,NaN,NaN,NaN,NaN,NaN,NaN,NaN,NaN,NaN,NaN,NaN,NaN,NaN,NaN,NaN,0,0,no steady samples or nonpositive electrical frequency
D05_torque_step,q,P3b,NaN,NaN,NaN,NaN,400,NaN,80,NaN,0,NaN,NaN,NaN,NaN,NaN,NaN,NaN,NaN,NaN,NaN,NaN,NaN,NaN,NaN,NaN,0,0,no steady samples or nonpositive electrical frequency
D05_torque_step,d,P3c,NaN,NaN,NaN,NaN,400,NaN,80,NaN,0,NaN,NaN,NaN,NaN,NaN,NaN,NaN,NaN,NaN,NaN,NaN,NaN,NaN,NaN,NaN,0,0,no steady samples or nonpositive electrical frequency
D05_torque_step,q,P3c,NaN,NaN,NaN,NaN,400,NaN,80,NaN,0,NaN,NaN,NaN,NaN,NaN,NaN,NaN,NaN,NaN,NaN,NaN,NaN,NaN,NaN,NaN,0,0,no steady samples or nonpositive electrical frequency
D05_torque_step,d,P4,NaN,NaN,NaN,NaN,400,NaN,80,NaN,0,NaN,NaN,NaN,NaN,NaN,NaN,NaN,NaN,NaN,NaN,NaN,NaN,NaN,NaN,NaN,0,0,no steady samples or nonpositive electrical frequency
D05_torque_step,q,P4,NaN,NaN,NaN,NaN,400,NaN,80,NaN,0,NaN,NaN,NaN,NaN,NaN,NaN,NaN,NaN,NaN,NaN,NaN,NaN,NaN,NaN,NaN,0,0,no steady samples or nonpositive electrical frequency
D05_torque_step,d,P5,NaN,NaN,NaN,NaN,400,NaN,80,NaN,0,NaN,NaN,NaN,NaN,NaN,NaN,NaN,NaN,NaN,NaN,NaN,NaN,NaN,NaN,NaN,0,0,no steady samples or nonpositive electrical frequency
D05_torque_step,q,P5,NaN,NaN,NaN,NaN,400,NaN,80,NaN,0,NaN,NaN,NaN,NaN,NaN,NaN,NaN,NaN,NaN,NaN,NaN,NaN,NaN,NaN,NaN,0,0,no steady samples or nonpositive electrical frequency
P01_Ld_minus10,d,P0,699,1198,0.0698,0.1197,300,0,60,3,500,0,0,-2.46414000315553e-16,0.0237563219540839,1.26625833382246e-08,0.00674935809299038,0.00585311717920656,NaN,NaN,18,0.00823396901321551,24,0.00800029890225715,42,0.00703208748316191,0,1,
P01_Ld_minus10,q,P0,699,1198,0.0698,0.1197,300,0,60,3,500,0,0,1.27187149701058e-15,0.00754738860008259,1.26571707276104e-08,0.00468465513677588,0.00256777652399044,NaN,NaN,6,0.00468465513677588,18,0.00336510805348944,12,0.00256777652399044,0,1,
P01_Ld_minus10,d,P1,699,1198,0.0698,0.1197,300,0,60,3,500,0,0,0.225745198807211,0.00945825923193364,1.53852127874769e-08,0.00252548575543149,0.00301693892676725,NaN,NaN,24,0.0040444834748574,18,0.00325376127876788,12,0.00301693892676725,0,1,
P01_Ld_minus10,q,P1,699,1198,0.0698,0.1197,300,0,60,3,500,0,0,1.27187149701058e-15,0.00754738860008259,1.26571707276104e-08,0.00468465513677588,0.00256777652399044,NaN,NaN,6,0.00468465513677588,18,0.00336510805348944,12,0.00256777652399044,0,1,
P01_Ld_minus10,d,P2a,699,1198,0.0698,0.1197,300,0,60,3,500,0,0,6.42208508594422e-16,0.057468553791844,5.43253403850183e-09,0.00300477424955246,0.00292719025451747,NaN,NaN,78,0.0192663789270229,42,0.0172676932540605,81.3333333333333,0.0155919340313306,0,1,
P01_Ld_minus10,q,P2a,699,1198,0.0698,0.1197,300,0,60,3,500,0,0,1.56319401867222e-16,0.00617466343947236,5.43021465148245e-09,0.00208558072176222,0.00128416537490762,NaN,NaN,42,0.0024440805534681,6,0.00208558072176222,18,0.00205792098138929,0,1,
P01_Ld_minus10,d,P2b,699,1198,0.0698,0.1197,300,0,60,3,500,0,0,-0.225764758557655,0.0285502105775604,8.5482826467079e-08,0.00697669208102657,0.00424937217481571,NaN,NaN,42,0.0106078847462225,6,0.00697669208102657,18,0.00675994121081145,0,1,
P01_Ld_minus10,q,P2b,699,1198,0.0698,0.1197,300,0,60,3,500,0,0,0.000171868935719438,0.00852487991802063,8.36414586598949e-08,0.00140227261435932,0.000878697729198736,NaN,NaN,78,0.00297898932019098,42,0.00245598684788972,81.3333333333333,0.00234935667311917,0,1,
P01_Ld_minus10,d,P2c,699,1198,0.0698,0.1197,300,0,60,3,500,0,0,1.20747856158232e-15,0.0438725863205211,1.81113212734058e-09,0.0010073097204066,0.000998301680303731,NaN,NaN,78,0.0185341074807649,81.3333333333333,0.0155040856052354,72,0.0126886857331002,0,1,
P01_Ld_minus10,q,P2c,699,1198,0.0698,0.1197,300,0,60,3,500,0,0,1.25055521493778e-15,0.0027186629773207,1.81035911991035e-09,0.000699162585688721,0.000437957337957292,NaN,NaN,42,0.00109856182840835,18,0.000722462365762225,6,0.000699162585688721,0,1,
P01_Ld_minus10,d,P3a,699,1198,0.0698,0.1197,300,0,60,3,500,0,0,3.6517143475745e-15,0.00851054748454778,5.96197528204953e-09,0.00325306557037145,0.0020389936939051,NaN,NaN,42,0.00332034586732098,6,0.00325306557037145,18,0.0024543085316536,0,1,
P01_Ld_minus10,q,P3a,699,1198,0.0698,0.1197,300,0,60,3,500,0,0,1.56319401867222e-16,0.00617466343947236,5.43021465148245e-09,0.00208558072176222,0.00128416537490762,NaN,NaN,42,0.0024440805534681,6,0.00208558072176222,18,0.00205792098138929,0,1,
P01_Ld_minus10,d,P3b,699,1198,0.0698,0.1197,300,0,60,3,500,0,0,-1.95597504441338e-05,0.0133288879803942,9.43025683989826e-08,0.0022089485357959,0.0014084317591477,NaN,NaN,78,0.00541744399166486,81.3333333333333,0.00366873608426137,42,0.00336540998572676,0,1,
P01_Ld_minus10,q,P3b,699,1198,0.0698,0.1197,300,0,60,3,500,0,0,0.000171868935719438,0.00852487991802063,8.36414586598949e-08,0.00140227261435932,0.000878697729198736,NaN,NaN,78,0.00297898932019098,42,0.00245598684788972,81.3333333333333,0.00234935667311917,0,1,
P01_Ld_minus10,d,P3c,699,1198,0.0698,0.1197,300,0,60,3,500,0,0,2.89173546219601e-15,0.00388724502194879,1.98764117504475e-09,0.00109054601045177,0.000695387266890401,NaN,NaN,42,0.00149242430728098,6,0.00109054601045177,54,0.00102030021960409,0,1,
P01_Ld_minus10,q,P3c,699,1198,0.0698,0.1197,300,0,60,3,500,0,0,1.25055521493778e-15,0.0027186629773207,1.81035911991035e-09,0.000699162585688721,0.000437957337957292,NaN,NaN,42,0.00109856182840835,18,0.000722462365762225,6,0.000699162585688721,0,1,
P01_Ld_minus10,d,P4,699,1198,0.0698,0.1197,300,0,60,3,500,0,0,-1.403033774581e-05,0.00385185982505106,9.32944695080994e-08,0.00108501908286267,0.000686546039579239,NaN,NaN,42,0.00147218400813151,6,0.00108501908286267,54,0.0010076844019543,0,1,
P01_Ld_minus10,q,P4,699,1198,0.0698,0.1197,300,0,60,3,500,0,0,0.000171404823904709,0.00273648075732425,8.34525703064469e-08,0.000710402354857419,0.000441592990654303,NaN,NaN,42,0.0011043498719937,18,0.000725368175815516,6,0.000710402354857419,0,1,
P01_Ld_minus10,d,P5,699,1198,0.0698,0.1197,300,0,60,3,500,0,0,0,0,0,0,0,NaN,NaN,0.333333333333333,0,0.666666666666667,0,1,0,0,1,
P01_Ld_minus10,q,P5,699,1198,0.0698,0.1197,300,0,60,3,500,0,0,0,0,0,0,0,NaN,NaN,0.333333333333333,0,0.666666666666667,0,1,0,0,1,
P02_Ld_plus10,d,P0,699,1198,0.0698,0.1197,300,0,60,3,500,0,0,-4.96210017519871e-15,0.0197422167948833,9.32531647147022e-08,0.00721156996864455,0.00326095700385834,NaN,NaN,18,0.00900113811810525,6,0.00721156996864455,42,0.00520024989866681,0,1,
P02_Ld_plus10,q,P0,699,1198,0.0698,0.1197,300,0,60,3,500,0,0,2.35189645536593e-15,0.00944867050672948,7.31022847922972e-08,0.00551548032930706,0.00319825035395327,NaN,NaN,6,0.00551548032930706,18,0.00417930979689699,12,0.00319825035395327,0,1,
P02_Ld_plus10,d,P1,699,1198,0.0698,0.1197,300,0,60,3,500,0,0,-0.184559346107554,0.0155160941735432,1.07403881983029e-07,0.01011260512911,0.00462056649654542,NaN,NaN,6,0.01011260512911,18,0.00672936148315828,12,0.00462056649654542,0,1,
P02_Ld_plus10,q,P1,699,1198,0.0698,0.1197,300,0,60,3,500,0,0,2.35189645536593e-15,0.00944867050672948,7.31022847922972e-08,0.00551548032930706,0.00319825035395327,NaN,NaN,6,0.00551548032930706,18,0.00417930979689699,12,0.00319825035395327,0,1,
P02_Ld_plus10,d,P2a,699,1198,0.0698,0.1197,300,0,60,3,500,0,0,-7.32414129345216e-16,0.0523404238284692,4.00077152503859e-08,0.00321054823911608,0.00163083042246625,NaN,NaN,78,0.0239914667430789,42,0.0127695112311525,66,0.0126937016507953,0,1,
P02_Ld_plus10,q,P2a,699,1198,0.0698,0.1197,300,0,60,3,500,0,0,9.37916411203332e-16,0.00659645146511075,3.13625332453094e-08,0.0024554591768689,0.00159947033025081,NaN,NaN,18,0.00255584343267559,6,0.0024554591768689,42,0.00225698481603259,0,1,
P02_Ld_plus10,d,P2b,699,1198,0.0698,0.1197,300,0,60,3,500,0,0,0.184528674549362,0.0138754425193869,7.79381861145229e-07,0.00334004452957566,0.00221138608623856,NaN,NaN,78,0.00577436390432016,6,0.00334004452957566,18,0.00319206906452372,0,1,
P02_Ld_plus10,q,P2b,699,1198,0.0698,0.1197,300,0,60,3,500,0,0,0.000166260557480463,0.00965615344443903,5.09473831161798e-07,0.00165251339016065,0.00109587383354415,NaN,NaN,78,0.00431703560635746,42,0.00226586579076753,75.3333333333333,0.00220611263977683,0,1,
P02_Ld_plus10,d,P2c,699,1198,0.0698,0.1197,300,0,60,3,500,0,0,-3.11251024953663e-16,0.0429723433656172,1.33380082108358e-08,0.00107629265312659,0.000556185491711773,NaN,NaN,78,0.0230796054059549,75.3333333333333,0.0114041213868058,81.3333333333333,0.0113904774063727,0,1,
P02_Ld_plus10,q,P2c,699,1198,0.0698,0.1197,300,0,60,3,500,0,0,9.87654402706539e-16,0.00284086423729408,1.04558278122653e-08,0.000823159309652971,0.000545490309634271,NaN,NaN,42,0.00101446630417689,18,0.000897265108615098,6,0.000823159309652971,0,1,
P02_Ld_plus10,d,P3a,699,1198,0.0698,0.1197,300,0,60,3,500,0,0,-9.38631117275435e-16,0.00815567939580182,3.6256124077398e-08,0.00240144361531677,0.001675776192175,NaN,NaN,42,0.00327925911178237,18,0.0026674467432293,6,0.00240144361531677,0,1,
P02_Ld_plus10,q,P3a,699,1198,0.0698,0.1197,300,0,60,3,500,0,0,9.37916411203332e-16,0.00659645146511075,3.13625332453094e-08,0.0024554591768689,0.00159947033025081,NaN,NaN,18,0.00255584343267559,6,0.0024554591768689,42,0.00225698481603259,0,1,
P02_Ld_plus10,d,P3b,699,1198,0.0698,0.1197,300,0,60,3,500,0,0,-3.0671558187218e-05,0.0125523759781589,7.13125151087826e-07,0.00163258390994629,0.00115609210760075,NaN,NaN,78,0.00556902706587667,42,0.00332015330402566,66,0.00312398913194248,0,1,
P02_Ld_plus10,q,P3b,699,1198,0.0698,0.1197,300,0,60,3,500,0,0,0.000166260557480463,0.00965615344443903,5.09473831161798e-07,0.00165251339016065,0.00109587383354415,NaN,NaN,78,0.00431703560635746,42,0.00226586579076753,75.3333333333333,0.00220611263977683,0,1,
P02_Ld_plus10,d,P3c,699,1198,0.0698,0.1197,300,0,60,3,500,0,0,-5.3385768028491e-16,0.00368371293849089,1.20872808335631e-08,0.000805051326927977,0.000571513992257654,NaN,NaN,42,0.00147395669121857,54,0.000972885549615423,18,0.000936445034617335,0,1,
P02_Ld_plus10,q,P3c,699,1198,0.0698,0.1197,300,0,60,3,500,0,0,9.87654402706539e-16,0.00284086423729408,1.04558278122653e-08,0.000823159309652971,0.000545490309634271,NaN,NaN,42,0.00101446630417689,18,0.000897265108615098,6,0.000823159309652971,0,1,
P02_Ld_plus10,d,P4,699,1198,0.0698,0.1197,300,0,60,3,500,0,0,-2.62312302134965e-05,0.00364955707385458,7.22399905230382e-07,0.000798893191850694,0.000565300090958393,NaN,NaN,42,0.00145636209403468,54,0.000960497899163644,18,0.000924188238642707,0,1,
P02_Ld_plus10,q,P4,699,1198,0.0698,0.1197,300,0,60,3,500,0,0,0.000166021566691889,0.00286048929595454,4.9740539866518e-07,0.000834811816419785,0.000548788668928484,NaN,NaN,42,0.00102068709546985,18,0.000902321662566896,6,0.000834811816419785,0,1,
P02_Ld_plus10,d,P5,699,1198,0.0698,0.1197,300,0,60,3,500,0,0,0,0,0,0,0,NaN,NaN,0.333333333333333,0,0.666666666666667,0,1,0,0,1,
P02_Ld_plus10,q,P5,699,1198,0.0698,0.1197,300,0,60,3,500,0,0,0,0,0,0,0,NaN,NaN,0.333333333333333,0,0.666666666666667,0,1,0,0,1,
P03_Lq_minus10,d,P0,699,1198,0.0698,0.1197,300,0,60,3,500,0,0,2.06854672279988e-15,0.00889984553552821,6.17253436431346e-08,0.00502039498265184,0.00305093700447894,NaN,NaN,6,0.00502039498265184,18,0.00343771926525494,24,0.00317434499170179,0,1,
P03_Lq_minus10,q,P0,699,1198,0.0698,0.1197,300,0,60,3,500,0,0,2.28084218178992e-15,0.0237586617870371,5.7552993916931e-08,0.00602634671461073,0.00510042177186546,NaN,NaN,24,0.00778425042021646,18,0.00768493039546922,42,0.00700148296517748,0,1,
P03_Lq_minus10,d,P1,699,1198,0.0698,0.1197,300,0,60,3,500,0,0,2.06854672279988e-15,0.00889984553552821,6.17253436431346e-08,0.00502039498265184,0.00305093700447894,NaN,NaN,6,0.00502039498265184,18,0.00343771926525494,24,0.00317434499170179,0,1,
P03_Lq_minus10,q,P1,699,1198,0.0698,0.1197,300,0,60,3,500,0,0,-0.220196204379226,0.0139986631685534,7.8711604777962e-08,0.00958580817087328,0.00501180876570371,NaN,NaN,6,0.00958580817087328,18,0.00589666306975771,12,0.00501180876570371,0,1,
P03_Lq_minus10,d,P2a,699,1198,0.0698,0.1197,300,0,60,3,500,0,0,5.27077687051403e-15,0.00895243206615416,2.64815708969919e-08,0.00223505011270702,0.00152579775754282,NaN,NaN,42,0.00359903880277973,24,0.00261106412591868,6,0.00223505011270702,0,1,
P03_Lq_minus10,q,P2a,699,1198,0.0698,0.1197,300,0,60,3,500,0,0,-5.04485342389671e-16,0.0640611100431053,2.46915373365224e-08,0.0026828938659723,0.00255076132040669,NaN,NaN,78,0.0249293586098709,42,0.0171925421086772,66,0.0167560649487605,0,1,
P03_Lq_minus10,d,P2b,699,1198,0.0698,0.1197,300,0,60,3,500,0,0,-1.03985204027657e-05,0.0129168623242484,4.78665493687897e-07,0.0015216898779562,0.0010526354348212,NaN,NaN,78,0.00485761755745711,42,0.00364899507205419,66,0.00308022909447226,0,1,
P03_Lq_minus10,q,P2b,699,1198,0.0698,0.1197,300,0,60,3,500,0,0,0.220379911150418,0.016114230078698,4.18639922938263e-07,0.00250887754453388,0.00166985521945101,NaN,NaN,42,0.00531967855512504,78,0.00430063607428747,54,0.00369742239339976,0,1,
P03_Lq_minus10,d,P2c,699,1198,0.0698,0.1197,300,0,60,3,500,0,0,4.94286209185013e-15,0.00412808482770685,8.82858650850962e-09,0.00074927016712102,0.00052036469539725,NaN,NaN,42,0.00161769080895879,54,0.00116771277155543,24,0.000955246436657408,0,1,
P03_Lq_minus10,q,P2c,699,1198,0.0698,0.1197,300,0,60,3,500,0,0,7.31859017832903e-16,0.0492687950573538,8.23181358880877e-09,0.000899403697439589,0.000869922721383122,NaN,NaN,78,0.0239818501261562,81.3333333333333,0.0142247039785511,70.6666666666667,0.0137554236611053,0,1,
P03_Lq_minus10,d,P3a,699,1198,0.0698,0.1197,300,0,60,3,500,0,0,5.27077687051403e-15,0.00895243206615416,2.64815708969919e-08,0.00223505011270702,0.00152579775754282,NaN,NaN,42,0.00359903880277973,24,0.00261106412591868,6,0.00223505011270702,0,1,
P03_Lq_minus10,q,P3a,699,1198,0.0698,0.1197,300,0,60,3,500,0,0,5.6843418860808e-16,0.00701315728917856,2.74129797912726e-08,0.00262777165247398,0.00143971689822849,NaN,NaN,6,0.00262777165247398,42,0.00256615127854568,18,0.00235261212302389,0,1,
P03_Lq_minus10,d,P3b,699,1198,0.0698,0.1197,300,0,60,3,500,0,0,-1.03985204027657e-05,0.0129168623242484,4.78665493687897e-07,0.0015216898779562,0.0010526354348212,NaN,NaN,78,0.00485761755745711,42,0.00364899507205419,66,0.00308022909447226,0,1,
P03_Lq_minus10,q,P3b,699,1198,0.0698,0.1197,300,0,60,3,500,0,0,0.000183706771189911,0.0105542298145815,4.66776933551633e-07,0.00176798037037934,0.000985812316432127,NaN,NaN,78,0.00430158053328198,70.6666666666667,0.00284712261151742,81.3333333333333,0.00268594136249866,0,1,
P03_Lq_minus10,d,P3c,699,1198,0.0698,0.1197,300,0,60,3,500,0,0,4.94286209185013e-15,0.00412808482770685,8.82858650850962e-09,0.00074927016712102,0.00052036469539725,NaN,NaN,42,0.00161769080895879,54,0.00116771277155543,24,0.000955246436657408,0,1,
P03_Lq_minus10,q,P3c,699,1198,0.0698,0.1197,300,0,60,3,500,0,0,1.62714286489063e-15,0.00312782209259215,9.13910453083519e-09,0.000880924724692966,0.000491007305195458,NaN,NaN,42,0.0011534300031654,6,0.000880924724692966,18,0.000825917873177999,0,1,
P03_Lq_minus10,d,P4,699,1198,0.0698,0.1197,300,0,60,3,500,0,0,-5.66155632605777e-06,0.00408525772098956,4.87393793573387e-07,0.000742617059998548,0.000513922862817784,NaN,NaN,42,0.00159580882426506,54,0.00115075282234429,24,0.000948388622748879,0,1,
P03_Lq_minus10,q,P4,699,1198,0.0698,0.1197,300,0,60,3,500,0,0,0.000183038038869704,0.00314471233849719,4.58090340261286e-07,0.00089114621349921,0.000493627055527167,NaN,NaN,42,0.00115838887578772,6,0.00089114621349921,18,0.00082983634204553,0,1,
P03_Lq_minus10,d,P5,699,1198,0.0698,0.1197,300,0,60,3,500,0,0,0,0,0,0,0,NaN,NaN,0.333333333333333,0,0.666666666666667,0,1,0,0,1,
P03_Lq_minus10,q,P5,699,1198,0.0698,0.1197,300,0,60,3,500,0,0,0,0,0,0,0,NaN,NaN,0.333333333333333,0,0.666666666666667,0,1,0,0,1,
P04_Lq_plus10,d,P0,699,1198,0.0698,0.1197,300,0,60,3,500,0,0,-1.31923326429639e-14,0.0130505158489055,8.4614807866554e-08,0.00760319367806861,0.0051375895994724,NaN,NaN,6,0.00760319367806861,18,0.00571418572851832,12,0.0051375895994724,0,1,
P04_Lq_plus10,q,P0,699,1198,0.0698,0.1197,300,0,60,3,500,0,0,2.77111666946439e-15,0.0204606105318477,6.6318113168204e-08,0.00629293917377798,0.00586086230417215,NaN,NaN,18,0.0104822227255631,6,0.00629293917377798,12,0.00586086230417215,0,1,
P04_Lq_plus10,d,P1,699,1198,0.0698,0.1197,300,0,60,3,500,0,0,-1.31923326429639e-14,0.0130505158489055,8.4614807866554e-08,0.00760319367806861,0.0051375895994724,NaN,NaN,6,0.00760319367806861,18,0.00571418572851832,12,0.0051375895994724,0,1,
P04_Lq_plus10,q,P1,699,1198,0.0698,0.1197,300,0,60,3,500,0,0,0.180054126600364,0.00858996617045225,7.26373370335809e-08,0.00257926840967164,0.00224063583415935,NaN,NaN,18,0.00524058615400586,6,0.00257926840967164,16.6666666666667,0.00249717153389536,0,1,
P04_Lq_plus10,d,P2a,699,1198,0.0698,0.1197,300,0,60,3,500,0,0,-6.28268270741472e-15,0.0087544022234988,3.63016691382614e-08,0.00338489679513762,0.00256934924534418,NaN,NaN,18,0.00349449186039735,6,0.00338489679513762,42,0.00281702011952139,0,1,
P04_Lq_plus10,q,P2a,699,1198,0.0698,0.1197,300,0,60,3,500,0,0,-1.05870867628255e-14,0.0519660642539167,2.84519612039264e-08,0.00280157924987128,0.00293106365285639,NaN,NaN,78,0.0215538235461961,76.6666666666667,0.0196499758051923,72,0.0160649152394849,0,1,
P04_Lq_plus10,d,P2b,699,1198,0.0698,0.1197,300,0,60,3,500,0,0,-4.19794628285212e-05,0.0134504446592967,7.07430265416306e-07,0.00229633390747623,0.00177626794658705,NaN,NaN,78,0.00555147187598751,76.6666666666667,0.00494624463912617,72,0.00381861947335656,0,1,
P04_Lq_plus10,q,P2b,699,1198,0.0698,0.1197,300,0,60,3,500,0,0,-0.179898151500702,0.0210614370354267,4.0102151979202e-07,0.00594140094665604,0.0049095610862118,NaN,NaN,18,0.00732212850145269,42,0.00643439586337373,6,0.00594140094665604,0,1,
P04_Lq_plus10,d,P2c,699,1198,0.0698,0.1197,300,0,60,3,500,0,0,-3.47602502337452e-15,0.00378532535671852,1.21024714980148e-08,0.00113474063644524,0.000876262028051624,NaN,NaN,42,0.00126619017068088,18,0.00122679096011854,6,0.00113474063644524,0,1,
P04_Lq_plus10,q,P2c,699,1198,0.0698,0.1197,300,0,60,3,500,0,0,-9.45021838560933e-16,0.0429948180276089,9.48549136999324e-09,0.000939191358993044,0.000999622680901387,NaN,NaN,78,0.0207346115084456,76.6666666666667,0.0185206823908684,72,0.0137776984434303,0,1,
P04_Lq_plus10,d,P3a,699,1198,0.0698,0.1197,300,0,60,3,500,0,0,-6.28268270741472e-15,0.0087544022234988,3.63016691382614e-08,0.00338489679513762,0.00256934924534418,NaN,NaN,18,0.00349449186039735,6,0.00338489679513762,42,0.00281702011952139,0,1,
P04_Lq_plus10,q,P3a,699,1198,0.0698,0.1197,300,0,60,3,500,0,0,-1.98951966012828e-16,0.00618128279899472,2.58547569833305e-08,0.00201481212260056,0.00191651673696171,NaN,NaN,18,0.00281975841760639,6,0.00201481212260056,12,0.00191651673696171,0,1,
P04_Lq_plus10,d,P3b,699,1198,0.0698,0.1197,300,0,60,3,500,0,0,-4.19794628285212e-05,0.0134504446592967,7.07430265416306e-07,0.00229633390747623,0.00177626794658705,NaN,NaN,78,0.00555147187598751,76.6666666666667,0.00494624463912617,72,0.00381861947335656,0,1,
P04_Lq_plus10,q,P3b,699,1198,0.0698,0.1197,300,0,60,3,500,0,0,0.000155975099659507,0.00802097209985707,3.5496208811471e-07,0.00135630189196815,0.0013128649134463,NaN,NaN,78,0.00274650990444989,76.6666666666667,0.00268256395203736,72,0.00229815315324023,0,1,
P04_Lq_plus10,d,P3c,699,1198,0.0698,0.1197,300,0,60,3,500,0,0,-3.47602502337452e-15,0.00378532535671852,1.21024714980148e-08,0.00113474063644524,0.000876262028051624,NaN,NaN,42,0.00126619017068088,18,0.00122679096011854,6,0.00113474063644524,0,1,
P04_Lq_plus10,q,P3c,699,1198,0.0698,0.1197,300,0,60,3,500,0,0,-1.35003119794419e-15,0.00258606128030575,8.61961491258474e-09,0.000675438374844309,0.000653617193446556,NaN,NaN,18,0.000989916209457385,42,0.000773057546257413,40.6666666666667,0.000688455816509291,0,1,
P04_Lq_plus10,d,P4,699,1198,0.0698,0.1197,300,0,60,3,500,0,0,-3.68772719169287e-05,0.0037526540293385,7.14272195405516e-07,0.00112938586522186,0.000865306700846066,NaN,NaN,42,0.00125448895157099,18,0.00120743663359533,6,0.00112938586522186,0,1,
P04_Lq_plus10,q,P4,699,1198,0.0698,0.1197,300,0,60,3,500,0,0,0.000155889262185028,0.00260585867080981,3.45617514110149e-07,0.000689207608656994,0.000658740495725241,NaN,NaN,18,0.000994041649227839,42,0.000779420342683157,40.6666666666667,0.000692831569021778,0,1,
P04_Lq_plus10,d,P5,699,1198,0.0698,0.1197,300,0,60,3,500,0,0,0,0,0,0,0,NaN,NaN,0.333333333333333,0,0.666666666666667,0,1,0,0,1,
P04_Lq_plus10,q,P5,699,1198,0.0698,0.1197,300,0,60,3,500,0,0,0,0,0,0,0,NaN,NaN,0.333333333333333,0,0.666666666666667,0,1,0,0,1,
P05_cross_mismatch,d,P0,699,1198,0.0698,0.1197,400,0,80,4,500,0,0,-9.66372207950039e-15,0.0282433381946628,0.000377683285744743,0.0108310040820264,0.0121627461518996,28.6774779049834,32.2035594662767,12,0.0121627461518996,6,0.0108310040820264,18,0.00807676407618186,1,1,
P05_cross_mismatch,q,P0,699,1198,0.0698,0.1197,400,0,80,4,500,0,0,-2.1174173525651e-15,0.0214891589837058,0.000169328842729529,0.00881432584487861,0.0123894952286425,52.0544858323861,73.1682507771717,12,0.0123894952286425,6,0.00881432584487861,42,0.00488692762171369,1,1,
P05_cross_mismatch,d,P1,699,1198,0.0698,0.1197,400,0,80,4,500,0,0,0.331330111398413,0.0141328293943266,0.000377367054421045,0.00767970014271319,0.00694009139617786,20.3507435340251,18.3908248345244,6,0.00767970014271319,12,0.00694009139617786,23,0.00395651144743963,1,1,
P05_cross_mismatch,q,P1,699,1198,0.0698,0.1197,400,0,80,4,500,0,0,0.231602918120451,0.010337073907216,0.000111313253373662,0.00439859794433408,0.00653369938957473,39.5154917408498,58.6965090997929,12,0.00653369938957473,6,0.00439859794433408,18,0.00301574162312825,1,1,
P05_cross_mismatch,d,P2a,699,1198,0.0698,0.1197,400,0,80,4,500,0,0,-3.03816694025016e-15,0.0563963295702334,0.000162167370573984,0.00496796874303183,0.00688633759851698,30.6348233029119,42.4643846301701,42,0.0215749102263568,41,0.0189592060982701,47,0.0153306637506396,1,1,
P05_cross_mismatch,q,P2a,699,1198,0.0698,0.1197,400,0,80,4,500,0,0,-2.03215222427389e-15,0.0447414220462401,7.27053968863631e-05,0.00404295806341426,0.0070147190242907,55.6073996780915,96.4814074979131,59,0.0156703164439522,42,0.0140054959529446,41,0.0130608895778256,1,1,
P05_cross_mismatch,d,P2b,699,1198,0.0698,0.1197,400,0,80,4,500,0,0,-0.33154279349965,0.0353138370680685,0.000349559675418741,0.00916628313059979,0.0112957324882294,26.2223699562011,32.3141748964554,42,0.0113661429210474,12,0.0112957324882294,41,0.0104624667039506,1,1,
P05_cross_mismatch,q,P2b,699,1198,0.0698,0.1197,400,0,80,4,500,0,0,-0.231231851343617,0.0218244223930987,0.000215304735969554,0.00688922808090462,0.00818081276221167,31.9975687013165,37.9964366569647,12,0.00818081276221167,6,0.00688922808090462,42,0.00667995012826505,1,1,
P05_cross_mismatch,d,P2c,699,1198,0.0698,0.1197,400,0,80,4,500,0,0,-2.68523051016878e-15,0.0371063664146601,5.40709687622299e-05,0.00167285347228756,0.00239112830607639,30.9381080195495,44.2220356101084,59,0.0132209577853242,42,0.0125779484921436,41,0.0107383834918961,1,1,
P05_cross_mismatch,q,P2c,699,1198,0.0698,0.1197,400,0,80,4,500,0,0,-2.1174173525651e-15,0.032907624332576,2.42419373872164e-05,0.00136137660773473,0.00243570591450384,NaN,NaN,59,0.0152078609357569,54,0.0106781582308236,53,0.0103663044848713,0,1,
P05_cross_mismatch,d,P3a,699,1198,0.0698,0.1197,400,0,80,4,500,0,0,-3.07926904460909e-15,0.0129046950763588,0.000181308157226975,0.00594213345062314,0.00636359650495167,32.7736685514063,35.0982360765227,12,0.00636359650495167,6,0.00594213345062314,41,0.00318605459067462,1,1,
P05_cross_mismatch,q,P3a,699,1198,0.0698,0.1197,400,0,80,4,500,0,0,-1.86162196769146e-15,0.00756617097954813,6.43571321676663e-05,0.00254572373923934,0.00334458333062523,39.5562022963842,51.9691169878695,12,0.00334458333062523,6,0.00254572373923934,24,0.00223134055618132,1,1,
P05_cross_mismatch,d,P3b,699,1198,0.0698,0.1197,400,0,80,4,500,0,0,-0.000212682101227192,0.0175893134659046,0.000122851799906619,0.00408536975577112,0.0045169109222484,33.2544558474231,36.7671529898768,59,0.00630073296466614,42,0.00488912583489288,53,0.00478257351601274,1,1,
P05_cross_mismatch,q,P3b,699,1198,0.0698,0.1197,400,0,80,4,500,0,0,0.000371066776835661,0.0089066458508199,4.3526955981762e-05,0.00173842932987503,0.0023427039877095,39.9391432427169,53.8219118444924,42,0.00284649000166369,41,0.00249762549763225,59,0.00236897924707832,1,1,
P05_cross_mismatch,d,P3c,699,1198,0.0698,0.1197,400,0,80,4,500,0,0,-3.11641901520887e-15,0.00579652715514234,6.04530225226339e-05,0.00200088186738727,0.00220961803188743,33.0981278336932,36.550993476962,12,0.00220961803188743,6,0.00200088186738727,42,0.00184080410817201,1,1,
P05_cross_mismatch,q,P3c,699,1198,0.0698,0.1197,400,0,80,4,500,0,0,-1.75504055732745e-15,0.00332618316948086,2.1458401098441e-05,0.000857216101181257,0.00116133253117524,39.9478086577259,54.1201800566404,12,0.00116133253117524,42,0.00107990285959392,41,0.000971554708266176,1,1,
P05_cross_mismatch,d,P4,699,1198,0.0698,0.1197,400,0,80,4,500,0,0,-0.000194171121747954,0.0057618797260503,6.09741334082493e-05,0.00201582551221116,0.00218305970064818,33.0603388606493,35.8030459577279,12,0.00218305970064818,6,0.00201582551221116,42,0.00183255768491347,1,1,
P05_cross_mismatch,q,P4,699,1198,0.0698,0.1197,400,0,80,4,500,0,0,0.000372637269340892,0.00337238488805241,2.28274561684034e-05,0.000899094169798937,0.00117606878926434,39.3865248570016,51.5199232270213,12,0.00117606878926434,42,0.00109396324467974,41,0.00098523142808542,1,1,
P05_cross_mismatch,d,P5,699,1198,0.0698,0.1197,400,0,80,4,500,0,0,0,0,0,0,0,NaN,NaN,0.25,0,0.5,0,0.75,0,0,1,
P05_cross_mismatch,q,P5,699,1198,0.0698,0.1197,400,0,80,4,500,0,0,0,0,0,0,0,NaN,NaN,0.25,0,0.5,0,0.75,0,0,1,
P06_controller_high_L,d,P0,699,1198,0.0698,0.1197,400,0,80,4,500,0,0,-1.16784845682893e-14,0.0623539641045651,0.000260843786856368,0.0104625715721482,0.0138847037154299,40.1104879600191,53.2299576032278,24,0.0398046078924765,18,0.0316487433499343,12,0.0138847037154299,1,1,
P06_controller_high_L,q,P0,699,1198,0.0698,0.1197,400,0,80,4,500,0,0,-2.62190269495477e-15,0.0448027143883909,0.000206040599226239,0.00910486537435582,0.0105134411087345,44.1896665441086,51.0260654852319,24,0.0289184873247156,18,0.0179875971993355,12,0.0105134411087345,1,1,
P06_controller_high_L,d,P1,699,1198,0.0698,0.1197,400,0,80,4,500,0,0,0.541389467510788,0.0244288512685338,0.000335503027386427,0.00247355903450258,0.00648289430031855,7.37268767370488,19.3229085019601,24,0.0170479375097704,18,0.0128110669926671,12,0.00648289430031855,1,1,
P06_controller_high_L,q,P1,699,1198,0.0698,0.1197,400,0,80,4,500,0,0,-0.636114419385845,0.0207539369092189,0.000613707259036768,0.0132108820965446,0.00798147240294393,21.5263578880905,13.0053413666169,6,0.0132108820965446,18,0.00874789295983835,12,0.00798147240294393,1,1,
P06_controller_high_L,d,P2a,699,1198,0.0698,0.1197,400,0,80,4,500,0,0,-4.90581533729717e-15,0.115127187723366,0.000111999531462697,0.00479897599046795,0.00786128034288494,NaN,NaN,24,0.0565258393008824,48,0.0405245738762806,60,0.0338874761654822,0,1,
P06_controller_high_L,q,P2a,699,1198,0.0698,0.1197,400,0,80,4,500,0,0,-3.75166564481333e-15,0.100675303473121,8.84684694014616e-05,0.00417622283647959,0.00595252946106725,NaN,NaN,24,0.0410666466494785,60,0.0366245224771012,48,0.0338272889374552,0,1,
P06_controller_high_L,d,P2b,699,1198,0.0698,0.1197,400,0,80,4,500,0,0,-0.541447606383307,0.0576320452960358,0.000557373076735689,0.0117141514692105,0.00931707647561478,21.0167156580573,16.7160504597408,24,0.036316137216844,18,0.0219677187186254,48,0.0137893507058796,1,1,
P06_controller_high_L,q,P2b,699,1198,0.0698,0.1197,400,0,80,4,500,0,0,0.636599772171024,0.0279886671091752,0.000367991905691314,0.00624060746301513,0.00429421021181689,16.9585454639048,11.6693061597367,24,0.0170894913875005,48,0.00730655251289246,18,0.0068672708510712,1,1,
P06_controller_high_L,d,P2c,699,1198,0.0698,0.1197,400,0,80,4,500,0,0,-4.94976976073147e-15,0.0762158910265209,3.73436601052988e-05,0.00161594890475338,0.0027296555942434,NaN,NaN,60,0.0333653693657324,48,0.0285395970541135,59,0.0263660952495911,0,1,
P06_controller_high_L,q,P2c,699,1198,0.0698,0.1197,400,0,80,4,500,0,0,-3.63797880709171e-15,0.0737648424554445,2.94977702894165e-05,0.00140625056928482,0.00206688409961992,NaN,NaN,60,0.0360602458065727,54,0.0246390185554623,59,0.0243206882854841,0,1,
P06_controller_high_L,d,P3a,699,1198,0.0698,0.1197,400,0,80,4,500,0,0,-6.11196857014384e-15,0.0117424264201735,0.000136362347235393,0.00345358390457949,0.00241754549960124,25.3265213938992,17.7288345985127,24,0.00807374850431973,18,0.00349459144867126,6,0.00345358390457949,1,1,
P06_controller_high_L,q,P3a,699,1198,0.0698,0.1197,400,0,80,4,500,0,0,-4.60431692772545e-15,0.0115258410295776,0.00010670519063132,0.00286853943904747,0.00229734856677233,26.882848173325,21.5298670400202,24,0.00772716851231669,18,0.00514529166597183,6,0.00286853943904747,1,1,
P06_controller_high_L,d,P3b,699,1198,0.0698,0.1197,400,0,80,4,500,0,0,-5.81388725068693e-05,0.0152017096377568,9.17469980741775e-05,0.00237941476589785,0.00171778625229255,25.9345244623055,18.7230785567907,24,0.00676286377013391,60,0.00560175128191182,48,0.0043189949862953,1,1,
P06_controller_high_L,q,P3b,699,1198,0.0698,0.1197,400,0,80,4,500,0,0,0.00048535278518127,0.0125072061682313,7.17246645556806e-05,0.00196731448510387,0.00161862825614093,27.4287024873658,22.5672474896606,24,0.00641231857791552,18,0.00387709417118455,48,0.00374356923913724,1,1,
P06_controller_high_L,d,P3c,699,1198,0.0698,0.1197,400,0,80,4,500,0,0,-6.10916178755971e-15,0.0051142348701103,4.54668790089058e-05,0.00116291790980617,0.000839439163774639,25.5772539297976,18.4626519803617,24,0.0031850537663596,48,0.00130440828715491,18,0.00127848105903715,1,1,
P06_controller_high_L,q,P3c,699,1198,0.0698,0.1197,400,0,80,4,500,0,0,-4.56878979093744e-15,0.00478443966608073,3.55783842902692e-05,0.000965917140227058,0.000797703439357887,27.1489883392833,22.4210136370937,24,0.00304832967738707,18,0.00188238254308264,48,0.00113999060966003,1,1,
P06_controller_high_L,d,P4,699,1198,0.0698,0.1197,400,0,80,4,500,0,0,-3.94068246608525e-05,0.00505157311107991,4.4559427127496e-05,0.00116058614141454,0.000828038094627918,26.0458048101426,18.5827814226311,24,0.00314398983823922,48,0.00128173715131112,18,0.00125102850115934,1,1,
P06_controller_high_L,q,P4,699,1198,0.0698,0.1197,400,0,80,4,500,0,0,0.00048390773105114,0.00482278945010939,3.67303104120687e-05,0.00100973837576216,0.000814292195623401,27.4906028409275,22.1694885365261,24,0.00306861606540875,18,0.00189547968039221,48,0.0011403328616712,1,1,
P06_controller_high_L,d,P5,699,1198,0.0698,0.1197,400,0,80,4,500,0,0,0,0,0,0,0,NaN,NaN,0.25,0,0.5,0,0.75,0,0,1,
P06_controller_high_L,q,P5,699,1198,0.0698,0.1197,400,0,80,4,500,0,0,0,0,0,0,0,NaN,NaN,0.25,0,0.5,0,0.75,0,0,1,
P07_controller_low_L,d,P0,699,1198,0.0698,0.1197,400,0,80,4,500,0,0,-1.11712375461259e-14,0.0424710164029199,0.000614113825612017,0.0200883200170325,0.0196845026904436,32.711069478061,32.0535084368542,6,0.0200883200170325,12,0.0196845026904436,18,0.0145340985548282,1,1,
P07_controller_low_L,q,P0,699,1198,0.0698,0.1197,400,0,80,4,500,0,0,-2.97717406283482e-15,0.0368911065389695,0.000376339765049726,0.0152786551332555,0.0175663866795919,40.5980354779589,46.6769348098807,12,0.0175663866795919,6,0.0152786551332555,18,0.0107115907282864,1,1,
P07_controller_low_L,d,P1,699,1198,0.0698,0.1197,400,0,80,4,500,0,0,-0.541889794230048,0.0321961377559594,0.00114663576838415,0.0233165929012126,0.0157513242888875,20.3347859399768,13.7369901787421,6,0.0233165929012126,12,0.0157513242888875,11,0.00829885743761005,1,1,
P07_controller_low_L,q,P1,699,1198,0.0698,0.1197,400,0,80,4,500,0,0,0.424445905611898,0.0138326001796429,0.000470884661343943,0.00786700013880299,0.00677796042245793,16.706851559679,14.394098977684,6,0.00786700013880299,12,0.00677796042245793,18,0.0047410015816191,1,1,
P07_controller_low_L,d,P2a,699,1198,0.0698,0.1197,400,0,80,4,500,0,0,-4.33554581125151e-15,0.0786092865777262,0.000263684489332285,0.00921411765602621,0.0111450267309733,34.9437226260772,42.2665237503931,42,0.0303296000378334,54,0.0246548789517417,59,0.0201675974658391,1,1,
P07_controller_low_L,q,P2a,699,1198,0.0698,0.1197,400,0,80,4,500,0,0,-2.87769807982841e-15,0.0811700455401267,0.000161590497765354,0.0070080188838339,0.00994578589001803,43.3690036279872,61.5493239241105,42,0.0304968086760836,54,0.027755193652756,59,0.0239058517201271,1,1,
P07_controller_low_L,d,P2b,699,1198,0.0698,0.1197,400,0,80,4,500,0,0,0.541660833132032,0.0235490775307185,0.000734922258824285,0.00938586522970134,0.00858342152700125,12.7712354837594,11.679359856011,6,0.00938586522970134,12,0.00858342152700125,18,0.00708764164330069,1,1,
P07_controller_low_L,q,P2b,699,1198,0.0698,0.1197,400,0,80,4,500,0,0,-0.42410958384721,0.035469716344852,0.00065806353875069,0.0136208688963315,0.0133172022070215,20.6984099471461,20.2369549790035,6,0.0136208688963315,12,0.0133172022070215,42,0.0121009993346585,1,1,
P07_controller_low_L,d,P2c,699,1198,0.0698,0.1197,400,0,80,4,500,0,0,-4.41335509804297e-15,0.0560684596109317,8.79195101605076e-05,0.00310265009951886,0.00386986384372836,35.2896654434789,44.0159850374901,54,0.0211446797130696,59,0.0195724201720072,42,0.0176818416883826,1,1,
P07_controller_low_L,q,P2c,699,1198,0.0698,0.1197,400,0,80,4,500,0,0,-2.89901436190121e-15,0.0600036220291161,5.38786238333834e-05,0.00235979518594963,0.00345345400619466,NaN,NaN,54,0.02380359203185,59,0.0232003527057873,58,0.0196083863415995,0,1,
P07_controller_low_L,d,P3a,699,1198,0.0698,0.1197,400,0,80,4,500,0,0,-3.62774914275388e-15,0.011124585040599,0.000209995363123072,0.00529382129991395,0.00514286639017777,25.2092294857549,24.490380709805,6,0.00529382129991395,12,0.00514286639017777,42,0.00286563767492709,1,1,
P07_controller_low_L,q,P3a,699,1198,0.0698,0.1197,400,0,80,4,500,0,0,-2.20978790821391e-15,0.00754052294036472,0.000125964021824353,0.00339788315034453,0.00353530227134712,26.9750290688767,28.0659685213674,12,0.00353530227134712,6,0.00339788315034453,18,0.00243822288364716,1,1,
P07_controller_low_L,d,P3b,699,1198,0.0698,0.1197,400,0,80,4,500,0,0,-0.000228961098004819,0.0138989261523748,0.000142499536153772,0.00363868139911929,0.00364655204194748,25.5346894265871,25.5899221876235,42,0.00445816956593619,54,0.00434756778159229,59,0.00398382086342882,1,1,
P07_controller_low_L,q,P3b,699,1198,0.0698,0.1197,400,0,80,4,500,0,0,0.000336321764691334,0.00844292295344904,8.42493828249996e-05,0.00231796119916738,0.00247665359728183,27.5130941194214,29.3966972129192,42,0.00271275570428802,12,0.00247665359728183,54,0.00237822174039716,1,1,
P07_controller_low_L,d,P3c,699,1198,0.0698,0.1197,400,0,80,4,500,0,0,-3.64580240996837e-15,0.00478451173787088,7.00181095536155e-05,0.00178257710570819,0.00178574651967569,25.4588008312793,25.5040664630951,12,0.00178574651967569,6,0.00178257710570819,42,0.00167063698965078,1,1,
P07_controller_low_L,q,P3c,699,1198,0.0698,0.1197,400,0,80,4,500,0,0,-2.43005615629954e-15,0.00312861470963183,4.19997972794362e-05,0.00114416191416274,0.00122755546189119,27.2420818260221,29.2276520699355,12,0.00122755546189119,6,0.00114416191416274,42,0.00102729433934815,1,1,
P07_controller_low_L,d,P4,699,1198,0.0698,0.1197,400,0,80,4,500,0,0,-0.000215140838209522,0.00475013468692381,7.05690931608816e-05,0.00178923053392966,0.0017694343723921,25.3543081508872,25.0737864571703,6,0.00178923053392966,12,0.0017694343723921,42,0.0016529522096242,1,1,
P07_controller_low_L,q,P4,699,1198,0.0698,0.1197,400,0,80,4,500,0,0,0.000339040475512434,0.00317708166021388,4.32643514634121e-05,0.00119165180788887,0.00124775958711573,27.5435033134989,28.8403626752833,12,0.00124775958711573,6,0.00119165180788887,42,0.00103809719530838,1,1,
P07_controller_low_L,d,P5,699,1198,0.0698,0.1197,400,0,80,4,500,0,0,0,0,0,0,0,NaN,NaN,0.25,0,0.5,0,0.75,0,0,1,
P07_controller_low_L,q,P5,699,1198,0.0698,0.1197,400,0,80,4,500,0,0,0,0,0,0,0,NaN,NaN,0.25,0,0.5,0,0.75,0,0,1,
P08_opposed_20pct,d,P0,699,1198,0.0698,0.1197,400,0,80,4,500,0,0,-9.42179667617893e-15,0.0364981467117799,0.000330896480019931,0.015654282119798,0.013339687138368,47.3086994423606,40.313777703421,18,0.0187833817033223,6,0.015654282119798,12,0.013339687138368,1,1,
P08_opposed_20pct,q,P0,699,1198,0.0698,0.1197,400,0,80,4,500,0,0,7.03437308402499e-16,0.0641092406353046,0.000352383718762139,0.0154803307737989,0.0182814921963842,43.930323535317,51.8795030048602,18,0.0432574691632446,12,0.0182814921963842,24,0.0155279072591676,1,1,
P08_opposed_20pct,d,P1,699,1198,0.0698,0.1197,400,0,80,4,500,0,0,-0.352668259183381,0.0235918656893282,0.000751011663624072,0.0197065019509204,0.00787264560127159,26.2399412757785,10.4827208185842,6,0.0197065019509204,12,0.00787264560127159,18,0.00573412054969371,1,1,
P08_opposed_20pct,q,P1,699,1198,0.0698,0.1197,400,0,80,4,500,0,0,-0.571486130558631,0.0367294758799936,0.000931816416226554,0.0226256251682664,0.0141419168028619,24.2812047247356,15.1767199596358,6,0.0226256251682664,18,0.0204911647863964,12,0.0141419168028619,1,1,
P08_opposed_20pct,d,P2a,699,1198,0.0698,0.1197,400,0,80,4,500,0,0,-3.05622194218813e-15,0.0871207146932706,0.000142078334215676,0.00718031160146573,0.0075527013345459,50.53769556846,53.158712594989,54,0.0371043071205637,59,0.0357278004244107,42,0.0265739773864827,1,1,
P08_opposed_20pct,q,P2a,699,1198,0.0698,0.1197,400,0,80,4,500,0,0,-7.8159700933611e-17,0.118181763948927,0.000151304395137964,0.0071005235372175,0.0103506663294928,46.9287328417858,68.4095549243946,54,0.0397456889848053,59,0.0394127449740143,42,0.0386097163726567,1,1,
P08_opposed_20pct,d,P2b,699,1198,0.0698,0.1197,400,0,80,4,500,0,0,0.352579141534161,0.0283477939460891,0.000443809007797921,0.0121370169862408,0.00974218008682528,27.3473876667395,21.9512896666153,6,0.0121370169862408,18,0.0119190370628495,12,0.00974218008682528,1,1,
P08_opposed_20pct,q,P2b,699,1198,0.0698,0.1197,400,0,80,4,500,0,0,0.57190100004606,0.036855793368973,0.000548294717075854,0.00712152653624255,0.0060144521865109,12.9885011006906,10.9693783273838,18,0.0204407893904474,24,0.0110964221753376,42,0.00985102324310788,1,1,
P08_opposed_20pct,d,P2c,699,1198,0.0698,0.1197,400,0,80,4,500,0,0,-2.51976217668926e-15,0.069233000089768,4.73727430199461e-05,0.00241781094364357,0.00262250836382925,NaN,NaN,59,0.0346734172432702,54,0.0318216403161648,60,0.0181656918663204,0,1,
P08_opposed_20pct,q,P2c,699,1198,0.0698,0.1197,400,0,80,4,500,0,0,-9.73443547991337e-16,0.0837816960329711,5.04489601902287e-05,0.00239094407971061,0.00359403977701486,NaN,NaN,59,0.038249613325014,54,0.0340869596319803,42,0.0225090634786905,0,1,
P08_opposed_20pct,d,P3a,699,1198,0.0698,0.1197,400,0,80,4,500,0,0,-2.21689333557151e-15,0.0118742278580367,0.000116568026406055,0.00304199454594154,0.00259988430272373,26.0963030749531,22.3035800028668,18,0.00756613190425489,24,0.00373421493056472,6,0.00304199454594154,1,1,
P08_opposed_20pct,q,P3a,699,1198,0.0698,0.1197,400,0,80,4,500,0,0,-8.24229573481716e-16,0.0125729566179224,0.000184577118803054,0.00612402794595348,0.00453296626669973,33.1786950932304,24.5586576282863,18,0.00693803575396809,6,0.00612402794595348,12,0.00453296626669973,1,1,
P08_opposed_20pct,d,P3b,699,1198,0.0698,0.1197,400,0,80,4,500,0,0,-8.9117649210424e-05,0.0134279342835453,7.94902261013535e-05,0.00209909166741885,0.00183321489065572,26.4069152947485,23.0621421093744,18,0.00570625161919063,59,0.00399604111885002,54,0.0039128834988196,1,1,
P08_opposed_20pct,q,P3b,699,1198,0.0698,0.1197,400,0,80,4,500,0,0,0.000414869487428653,0.0146947486693256,0.000124601651628968,0.00415957209178842,0.00318599827367642,33.3829611197656,25.5694706452488,59,0.00540404267202811,54,0.00518389582713361,18,0.00518053720145253,1,1,
P08_opposed_20pct,d,P3c,699,1198,0.0698,0.1197,400,0,80,4,500,0,0,-2.29682939334452e-15,0.00497895608607018,3.88669193638112e-05,0.00102432430678932,0.000902752277216019,26.3546564419269,23.2267514892515,18,0.00276803639906503,24,0.0014731292809841,42,0.00140242318661933,1,1,
P08_opposed_20pct,q,P3c,699,1198,0.0698,0.1197,400,0,80,4,500,0,0,-7.67386154620908e-16,0.00508287268038627,6.15429823439432e-05,0.00206213081114396,0.00157397220157157,33.5071641413054,25.575169444587,18,0.00253825015847177,6,0.00206213081114396,12,0.00157397220157157,1,1,
P08_opposed_20pct,d,P4,699,1198,0.0698,0.1197,400,0,80,4,500,0,0,-7.8246645956467e-05,0.0049225803954903,3.88312757931641e-05,0.00101081739087346,0.000895791021044425,26.0310116066648,23.068802215407,18,0.00274976208966039,24,0.0014624334714087,42,0.00137714386665575,1,1,
P08_opposed_20pct,q,P4,699,1198,0.0698,0.1197,400,0,80,4,500,0,0,0.000415041393143767,0.0051259609680539,6.3746601381065e-05,0.00210119437718117,0.00158657362294705,32.9616690405287,24.8887562407103,18,0.00256286673098154,6,0.00210119437718117,12,0.00158657362294705,1,1,
P08_opposed_20pct,d,P5,699,1198,0.0698,0.1197,400,0,80,4,500,0,0,0,0,0,0,0,NaN,NaN,0.25,0,0.5,0,0.75,0,0,1,
P08_opposed_20pct,q,P5,699,1198,0.0698,0.1197,400,0,80,4,500,0,0,0,0,0,0,0,NaN,NaN,0.25,0,0.5,0,0.75,0,0,1,
B01_500rpm_20A_48V_fast,d,P0,NaN,NaN,NaN,NaN,500,NaN,100,NaN,0,NaN,NaN,NaN,NaN,NaN,NaN,NaN,NaN,NaN,NaN,NaN,NaN,NaN,NaN,NaN,0,0,no steady samples or nonpositive electrical frequency
B01_500rpm_20A_48V_fast,q,P0,NaN,NaN,NaN,NaN,500,NaN,100,NaN,0,NaN,NaN,NaN,NaN,NaN,NaN,NaN,NaN,NaN,NaN,NaN,NaN,NaN,NaN,NaN,0,0,no steady samples or nonpositive electrical frequency
B01_500rpm_20A_48V_fast,d,P1,NaN,NaN,NaN,NaN,500,NaN,100,NaN,0,NaN,NaN,NaN,NaN,NaN,NaN,NaN,NaN,NaN,NaN,NaN,NaN,NaN,NaN,NaN,0,0,no steady samples or nonpositive electrical frequency
B01_500rpm_20A_48V_fast,q,P1,NaN,NaN,NaN,NaN,500,NaN,100,NaN,0,NaN,NaN,NaN,NaN,NaN,NaN,NaN,NaN,NaN,NaN,NaN,NaN,NaN,NaN,NaN,0,0,no steady samples or nonpositive electrical frequency
B01_500rpm_20A_48V_fast,d,P2a,NaN,NaN,NaN,NaN,500,NaN,100,NaN,0,NaN,NaN,NaN,NaN,NaN,NaN,NaN,NaN,NaN,NaN,NaN,NaN,NaN,NaN,NaN,0,0,no steady samples or nonpositive electrical frequency
B01_500rpm_20A_48V_fast,q,P2a,NaN,NaN,NaN,NaN,500,NaN,100,NaN,0,NaN,NaN,NaN,NaN,NaN,NaN,NaN,NaN,NaN,NaN,NaN,NaN,NaN,NaN,NaN,0,0,no steady samples or nonpositive electrical frequency
B01_500rpm_20A_48V_fast,d,P2b,NaN,NaN,NaN,NaN,500,NaN,100,NaN,0,NaN,NaN,NaN,NaN,NaN,NaN,NaN,NaN,NaN,NaN,NaN,NaN,NaN,NaN,NaN,0,0,no steady samples or nonpositive electrical frequency
B01_500rpm_20A_48V_fast,q,P2b,NaN,NaN,NaN,NaN,500,NaN,100,NaN,0,NaN,NaN,NaN,NaN,NaN,NaN,NaN,NaN,NaN,NaN,NaN,NaN,NaN,NaN,NaN,0,0,no steady samples or nonpositive electrical frequency
B01_500rpm_20A_48V_fast,d,P2c,NaN,NaN,NaN,NaN,500,NaN,100,NaN,0,NaN,NaN,NaN,NaN,NaN,NaN,NaN,NaN,NaN,NaN,NaN,NaN,NaN,NaN,NaN,0,0,no steady samples or nonpositive electrical frequency
B01_500rpm_20A_48V_fast,q,P2c,NaN,NaN,NaN,NaN,500,NaN,100,NaN,0,NaN,NaN,NaN,NaN,NaN,NaN,NaN,NaN,NaN,NaN,NaN,NaN,NaN,NaN,NaN,0,0,no steady samples or nonpositive electrical frequency
B01_500rpm_20A_48V_fast,d,P3a,NaN,NaN,NaN,NaN,500,NaN,100,NaN,0,NaN,NaN,NaN,NaN,NaN,NaN,NaN,NaN,NaN,NaN,NaN,NaN,NaN,NaN,NaN,0,0,no steady samples or nonpositive electrical frequency
B01_500rpm_20A_48V_fast,q,P3a,NaN,NaN,NaN,NaN,500,NaN,100,NaN,0,NaN,NaN,NaN,NaN,NaN,NaN,NaN,NaN,NaN,NaN,NaN,NaN,NaN,NaN,NaN,0,0,no steady samples or nonpositive electrical frequency
B01_500rpm_20A_48V_fast,d,P3b,NaN,NaN,NaN,NaN,500,NaN,100,NaN,0,NaN,NaN,NaN,NaN,NaN,NaN,NaN,NaN,NaN,NaN,NaN,NaN,NaN,NaN,NaN,0,0,no steady samples or nonpositive electrical frequency
B01_500rpm_20A_48V_fast,q,P3b,NaN,NaN,NaN,NaN,500,NaN,100,NaN,0,NaN,NaN,NaN,NaN,NaN,NaN,NaN,NaN,NaN,NaN,NaN,NaN,NaN,NaN,NaN,0,0,no steady samples or nonpositive electrical frequency
B01_500rpm_20A_48V_fast,d,P3c,NaN,NaN,NaN,NaN,500,NaN,100,NaN,0,NaN,NaN,NaN,NaN,NaN,NaN,NaN,NaN,NaN,NaN,NaN,NaN,NaN,NaN,NaN,0,0,no steady samples or nonpositive electrical frequency
B01_500rpm_20A_48V_fast,q,P3c,NaN,NaN,NaN,NaN,500,NaN,100,NaN,0,NaN,NaN,NaN,NaN,NaN,NaN,NaN,NaN,NaN,NaN,NaN,NaN,NaN,NaN,NaN,0,0,no steady samples or nonpositive electrical frequency
B01_500rpm_20A_48V_fast,d,P4,NaN,NaN,NaN,NaN,500,NaN,100,NaN,0,NaN,NaN,NaN,NaN,NaN,NaN,NaN,NaN,NaN,NaN,NaN,NaN,NaN,NaN,NaN,0,0,no steady samples or nonpositive electrical frequency
B01_500rpm_20A_48V_fast,q,P4,NaN,NaN,NaN,NaN,500,NaN,100,NaN,0,NaN,NaN,NaN,NaN,NaN,NaN,NaN,NaN,NaN,NaN,NaN,NaN,NaN,NaN,NaN,0,0,no steady samples or nonpositive electrical frequency
B01_500rpm_20A_48V_fast,d,P5,NaN,NaN,NaN,NaN,500,NaN,100,NaN,0,NaN,NaN,NaN,NaN,NaN,NaN,NaN,NaN,NaN,NaN,NaN,NaN,NaN,NaN,NaN,0,0,no steady samples or nonpositive electrical frequency
B01_500rpm_20A_48V_fast,q,P5,NaN,NaN,NaN,NaN,500,NaN,100,NaN,0,NaN,NaN,NaN,NaN,NaN,NaN,NaN,NaN,NaN,NaN,NaN,NaN,NaN,NaN,NaN,0,0,no steady samples or nonpositive electrical frequency
B02_500rpm_negid_48V,d,P0,NaN,NaN,NaN,NaN,500,NaN,100,NaN,0,NaN,NaN,NaN,NaN,NaN,NaN,NaN,NaN,NaN,NaN,NaN,NaN,NaN,NaN,NaN,0,0,no steady samples or nonpositive electrical frequency
B02_500rpm_negid_48V,q,P0,NaN,NaN,NaN,NaN,500,NaN,100,NaN,0,NaN,NaN,NaN,NaN,NaN,NaN,NaN,NaN,NaN,NaN,NaN,NaN,NaN,NaN,NaN,0,0,no steady samples or nonpositive electrical frequency
B02_500rpm_negid_48V,d,P1,NaN,NaN,NaN,NaN,500,NaN,100,NaN,0,NaN,NaN,NaN,NaN,NaN,NaN,NaN,NaN,NaN,NaN,NaN,NaN,NaN,NaN,NaN,0,0,no steady samples or nonpositive electrical frequency
B02_500rpm_negid_48V,q,P1,NaN,NaN,NaN,NaN,500,NaN,100,NaN,0,NaN,NaN,NaN,NaN,NaN,NaN,NaN,NaN,NaN,NaN,NaN,NaN,NaN,NaN,NaN,0,0,no steady samples or nonpositive electrical frequency
B02_500rpm_negid_48V,d,P2a,NaN,NaN,NaN,NaN,500,NaN,100,NaN,0,NaN,NaN,NaN,NaN,NaN,NaN,NaN,NaN,NaN,NaN,NaN,NaN,NaN,NaN,NaN,0,0,no steady samples or nonpositive electrical frequency
B02_500rpm_negid_48V,q,P2a,NaN,NaN,NaN,NaN,500,NaN,100,NaN,0,NaN,NaN,NaN,NaN,NaN,NaN,NaN,NaN,NaN,NaN,NaN,NaN,NaN,NaN,NaN,0,0,no steady samples or nonpositive electrical frequency
B02_500rpm_negid_48V,d,P2b,NaN,NaN,NaN,NaN,500,NaN,100,NaN,0,NaN,NaN,NaN,NaN,NaN,NaN,NaN,NaN,NaN,NaN,NaN,NaN,NaN,NaN,NaN,0,0,no steady samples or nonpositive electrical frequency
B02_500rpm_negid_48V,q,P2b,NaN,NaN,NaN,NaN,500,NaN,100,NaN,0,NaN,NaN,NaN,NaN,NaN,NaN,NaN,NaN,NaN,NaN,NaN,NaN,NaN,NaN,NaN,0,0,no steady samples or nonpositive electrical frequency
B02_500rpm_negid_48V,d,P2c,NaN,NaN,NaN,NaN,500,NaN,100,NaN,0,NaN,NaN,NaN,NaN,NaN,NaN,NaN,NaN,NaN,NaN,NaN,NaN,NaN,NaN,NaN,0,0,no steady samples or nonpositive electrical frequency
B02_500rpm_negid_48V,q,P2c,NaN,NaN,NaN,NaN,500,NaN,100,NaN,0,NaN,NaN,NaN,NaN,NaN,NaN,NaN,NaN,NaN,NaN,NaN,NaN,NaN,NaN,NaN,0,0,no steady samples or nonpositive electrical frequency
B02_500rpm_negid_48V,d,P3a,NaN,NaN,NaN,NaN,500,NaN,100,NaN,0,NaN,NaN,NaN,NaN,NaN,NaN,NaN,NaN,NaN,NaN,NaN,NaN,NaN,NaN,NaN,0,0,no steady samples or nonpositive electrical frequency
B02_500rpm_negid_48V,q,P3a,NaN,NaN,NaN,NaN,500,NaN,100,NaN,0,NaN,NaN,NaN,NaN,NaN,NaN,NaN,NaN,NaN,NaN,NaN,NaN,NaN,NaN,NaN,0,0,no steady samples or nonpositive electrical frequency
B02_500rpm_negid_48V,d,P3b,NaN,NaN,NaN,NaN,500,NaN,100,NaN,0,NaN,NaN,NaN,NaN,NaN,NaN,NaN,NaN,NaN,NaN,NaN,NaN,NaN,NaN,NaN,0,0,no steady samples or nonpositive electrical frequency
B02_500rpm_negid_48V,q,P3b,NaN,NaN,NaN,NaN,500,NaN,100,NaN,0,NaN,NaN,NaN,NaN,NaN,NaN,NaN,NaN,NaN,NaN,NaN,NaN,NaN,NaN,NaN,0,0,no steady samples or nonpositive electrical frequency
B02_500rpm_negid_48V,d,P3c,NaN,NaN,NaN,NaN,500,NaN,100,NaN,0,NaN,NaN,NaN,NaN,NaN,NaN,NaN,NaN,NaN,NaN,NaN,NaN,NaN,NaN,NaN,0,0,no steady samples or nonpositive electrical frequency
B02_500rpm_negid_48V,q,P3c,NaN,NaN,NaN,NaN,500,NaN,100,NaN,0,NaN,NaN,NaN,NaN,NaN,NaN,NaN,NaN,NaN,NaN,NaN,NaN,NaN,NaN,NaN,0,0,no steady samples or nonpositive electrical frequency
B02_500rpm_negid_48V,d,P4,NaN,NaN,NaN,NaN,500,NaN,100,NaN,0,NaN,NaN,NaN,NaN,NaN,NaN,NaN,NaN,NaN,NaN,NaN,NaN,NaN,NaN,NaN,0,0,no steady samples or nonpositive electrical frequency
B02_500rpm_negid_48V,q,P4,NaN,NaN,NaN,NaN,500,NaN,100,NaN,0,NaN,NaN,NaN,NaN,NaN,NaN,NaN,NaN,NaN,NaN,NaN,NaN,NaN,NaN,NaN,0,0,no steady samples or nonpositive electrical frequency
B02_500rpm_negid_48V,d,P5,NaN,NaN,NaN,NaN,500,NaN,100,NaN,0,NaN,NaN,NaN,NaN,NaN,NaN,NaN,NaN,NaN,NaN,NaN,NaN,NaN,NaN,NaN,0,0,no steady samples or nonpositive electrical frequency
B02_500rpm_negid_48V,q,P5,NaN,NaN,NaN,NaN,500,NaN,100,NaN,0,NaN,NaN,NaN,NaN,NaN,NaN,NaN,NaN,NaN,NaN,NaN,NaN,NaN,NaN,NaN,0,0,no steady samples or nonpositive electrical frequency
