case_id,window_id,cycle_id,split,evidence_role,order,amplitude_d,amplitude_q,complex_amplitude,phase_d,phase_q
C05_negative_id,C05_negative_id__steady,1,calibration,ENGINEERING_PRIMARY,1,5.3703898174804e-05,0.000109341410646235,0.000121818113436707,1.90433675731178,-0.355247783581321
C05_negative_id,C05_negative_id__steady,1,calibration,ENGINEERING_PRIMARY,2,0.000286235985442643,0.000209900428326587,0.000354949614979374,2.55466277189343,-0.70955378884815
C05_negative_id,C05_negative_id__steady,1,calibration,ENGINEERING_PRIMARY,3,0.000262899426304898,0.000176549373353934,0.000316679316632948,1.65834620491321,-1.19368000835691
C05_negative_id,C05_negative_id__steady,1,calibration,ENGINEERING_PRIMARY,4,0.000212327174492206,0.00032701863431233,0.000389902572722142,0.833450732157918,-1.71666519284789
C05_negative_id,C05_negative_id__steady,1,calibration,ENGINEERING_PRIMARY,5,0.00103293632803635,0.000412896607820552,0.00111240328412269,1.4140077290544,-1.48197313730935
C05_negative_id,C05_negative_id__steady,1,calibration,ENGINEERING_PRIMARY,6,0.00829731418520896,0.00751099136487429,0.0111919798950537,-0.0113728072502862,-3.10036477023566
C05_negative_id,C05_negative_id__steady,1,calibration,ENGINEERING_PRIMARY,7,0.000304130345772639,0.000486383985685008,0.000573641568185761,2.45323429285576,-1.20006986014779
C05_negative_id,C05_negative_id__steady,1,calibration,ENGINEERING_PRIMARY,8,0.00142837110140477,0.00119555644660607,0.0018626860230188,1.8945183619929,-1.3820720568194
C05_negative_id,C05_negative_id__steady,1,calibration,ENGINEERING_PRIMARY,9,0.00092193841414165,0.000841999811236787,0.00124857283391591,1.54194009323861,-1.34790235120094
C05_negative_id,C05_negative_id__steady,1,calibration,ENGINEERING_PRIMARY,10,0.000878812565709739,0.000927105585438482,0.0012774334785814,2.01291940471536,-1.77033604078589
C05_negative_id,C05_negative_id__steady,1,calibration,ENGINEERING_PRIMARY,11,0.00158916582115407,0.00122411634336523,0.00200596830214691,0.50225047846485,-2.02322883751025
C05_negative_id,C05_negative_id__steady,1,calibration,ENGINEERING_PRIMARY,12,0.00306965666466489,0.00525872610492091,0.00608908796828377,-0.554205811419114,1.9175446495906
C05_negative_id,C05_negative_id__steady,1,calibration,ENGINEERING_PRIMARY,13,0.000311275307954943,0.000218038342876829,0.000380043466338941,2.19408703594842,-0.656981000386015
C05_negative_id,C05_negative_id__steady,1,calibration,ENGINEERING_PRIMARY,14,0.00182619609081114,0.00146940235949618,0.0023439572214925,1.00024731797186,-2.44268665720157
C05_negative_id,C05_negative_id__steady,1,calibration,ENGINEERING_PRIMARY,15,0.00137881488222527,0.00136449081008996,0.0019398365009108,0.698255753635706,-2.30505779644153
C05_negative_id,C05_negative_id__steady,1,calibration,ENGINEERING_PRIMARY,16,0.00207598174569148,0.00157012006120885,0.00260287864009345,1.16041728350379,-2.40757840505836
C05_negative_id,C05_negative_id__steady,1,calibration,ENGINEERING_PRIMARY,17,0.00117729324978324,0.00172469349968974,0.00208820187334875,0.275428490957879,-2.60565302879586
C05_negative_id,C05_negative_id__steady,1,calibration,ENGINEERING_PRIMARY,18,0.00487421259147833,0.00296926742653991,0.00570740724298143,-0.616052333439692,2.46637638565339
C05_negative_id,C05_negative_id__steady,1,calibration,ENGINEERING_PRIMARY,19,0.00102709352044992,0.00164298778374481,0.00193760934073019,2.05328652644483,-1.3884921070191
C05_negative_id,C05_negative_id__steady,1,calibration,ENGINEERING_PRIMARY,20,0.00105451982031298,0.00060016636191755,0.00121334731771668,0.504777046770201,-2.34150094825009
C05_negative_id,C05_negative_id__steady,2,validation,ENGINEERING_PRIMARY,1,0.000164833834299465,0.000206240990502063,0.000264018065846137,-1.23629715232055,2.09757359432683
C05_negative_id,C05_negative_id__steady,2,validation,ENGINEERING_PRIMARY,2,0.000244135592547478,0.000115190744389811,0.000269946467177452,1.18678340848614,-2.11563288839847
C05_negative_id,C05_negative_id__steady,2,validation,ENGINEERING_PRIMARY,3,0.000254984149467803,0.000130694398153666,0.000286527384709679,0.832260436828846,-2.50464456001809
C05_negative_id,C05_negative_id__steady,2,validation,ENGINEERING_PRIMARY,4,0.00027256556615011,0.000379645205047289,0.000467356897420085,1.6647320157431,-0.913560512907347
C05_negative_id,C05_negative_id__steady,2,validation,ENGINEERING_PRIMARY,5,0.00113756695436629,0.000718108910990995,0.00134526539526997,-1.49018744086212,1.59724341331801
C05_negative_id,C05_negative_id__steady,2,validation,ENGINEERING_PRIMARY,6,0.00847640906912168,0.00757421719891665,0.0113674217342128,0.00214396582567221,-3.11591763304192
C05_negative_id,C05_negative_id__steady,2,validation,ENGINEERING_PRIMARY,7,0.00075449817495097,0.0007416092686612,0.00105794697568855,-1.12712250714526,1.74722596897511
C05_negative_id,C05_negative_id__steady,2,validation,ENGINEERING_PRIMARY,8,0.000913201570040084,0.000891023219364955,0.00127587596770657,1.06829734985524,-1.62487743801269
C05_negative_id,C05_negative_id__steady,2,validation,ENGINEERING_PRIMARY,9,0.00102552503744192,0.000844660744026398,0.0013285907477171,-0.892652614719511,1.95784843065315
C05_negative_id,C05_negative_id__steady,2,validation,ENGINEERING_PRIMARY,10,0.000479937523618313,0.000690835188502064,0.000841185641965887,2.15967873158744,-1.69569181751715
C05_negative_id,C05_negative_id__steady,2,validation,ENGINEERING_PRIMARY,11,0.00166056855597799,0.00139753907072897,0.00217039244914758,-2.12027599325979,1.24882395120475
C05_negative_id,C05_negative_id__steady,2,validation,ENGINEERING_PRIMARY,12,0.00342370338610521,0.00537097062837936,0.0063693853994669,-0.622253560615013,1.85157068210397
C05_negative_id,C05_negative_id__steady,2,validation,ENGINEERING_PRIMARY,13,0.00129733134336033,0.00100548949944622,0.00164136459933853,-1.47293900065479,1.61743649599879
C05_negative_id,C05_negative_id__steady,2,validation,ENGINEERING_PRIMARY,14,0.00161621117383001,0.00178253401464453,0.00240615171420626,0.428721839598415,-2.78981589839199
C05_negative_id,C05_negative_id__steady,2,validation,ENGINEERING_PRIMARY,15,0.00176100331633891,0.00144285971843914,0.00227661521721412,-2.35887085955561,0.496534792301315
C05_negative_id,C05_negative_id__steady,2,validation,ENGINEERING_PRIMARY,16,0.000880904001058754,0.000615591480921594,0.00107468354898759,1.20741719817187,-2.38787847693247
C05_negative_id,C05_negative_id__steady,2,validation,ENGINEERING_PRIMARY,17,0.00149869334357185,0.00176536684444392,0.00231572922284288,-2.27227368352482,0.837818983292136
C05_negative_id,C05_negative_id__steady,2,validation,ENGINEERING_PRIMARY,18,0.00459786056028222,0.00245320708479099,0.00521138625824909,-0.679394410210897,2.59752675009784
C05_negative_id,C05_negative_id__steady,2,validation,ENGINEERING_PRIMARY,19,0.00153198199747645,0.00184195079012345,0.00239577785986688,-1.81002597457015,1.23926054917307
C05_negative_id,C05_negative_id__steady,2,validation,ENGINEERING_PRIMARY,20,0.000677751570352881,0.000418602928545912,0.000796602537595137,-0.0595029515285358,2.97333462706376
C05_negative_id,C05_negative_id__steady,3,validation,ENGINEERING_PRIMARY,1,0.000111067151749983,0.000140232539877938,0.000178888449706713,1.90513559757031,-1.56143449506991
C05_negative_id,C05_negative_id__steady,3,validation,ENGINEERING_PRIMARY,2,9.25434775297684e-05,0.000129663527536814,0.000159301367246464,0.217382349954926,-2.9578282582858
C05_negative_id,C05_negative_id__steady,3,validation,ENGINEERING_PRIMARY,3,0.000471678205311913,0.000246544787074865,0.000532226137464196,-1.85532094208547,1.37430227069802
C05_negative_id,C05_negative_id__steady,3,validation,ENGINEERING_PRIMARY,4,0.000279854548921739,0.000194899835512961,0.000341034476901045,-2.64568528490408,-0.403659901022518
C05_negative_id,C05_negative_id__steady,3,validation,ENGINEERING_PRIMARY,5,0.000276972842925696,0.000306506640070129,0.00041311048900436,2.71979492776346,-1.62775317576261
C05_negative_id,C05_negative_id__steady,3,validation,ENGINEERING_PRIMARY,6,0.00906655616113317,0.00779969206787824,0.011959834320621,-0.104510044188055,3.09765876255439
C05_negative_id,C05_negative_id__steady,3,validation,ENGINEERING_PRIMARY,7,0.000495110246880572,0.000281482011609864,0.000569531631629075,1.7504568742163,-1.73498814609414
C05_negative_id,C05_negative_id__steady,3,validation,ENGINEERING_PRIMARY,8,0.000205016667264404,0.00017997749657085,0.000272807135405425,2.01992595656962,-1.7990293269131
C05_negative_id,C05_negative_id__steady,3,validation,ENGINEERING_PRIMARY,9,0.000683985632815243,0.000133462111341369,0.000696884840602351,-2.96911188665471,0.287752761059485
C05_negative_id,C05_negative_id__steady,3,validation,ENGINEERING_PRIMARY,10,0.000687302445427552,0.000134053172051673,0.000700253457276584,2.6717953556542,-1.27109619316112
C05_negative_id,C05_negative_id__steady,3,validation,ENGINEERING_PRIMARY,11,0.000836305874554318,0.000243689775486566,0.000871086805370598,2.2501459915588,-1.17781944519552
C05_negative_id,C05_negative_id__steady,3,validation,ENGINEERING_PRIMARY,12,0.00431667685909027,0.00665725208577222,0.00793427403354106,-0.985598529538011,1.82863320670912
C05_negative_id,C05_negative_id__steady,3,validation,ENGINEERING_PRIMARY,13,0.00103935944436392,0.000880426498782204,0.00136213761211794,1.5188528799315,-1.71571739804258
C05_negative_id,C05_negative_id__steady,3,validation,ENGINEERING_PRIMARY,14,0.000844935761906835,0.000777281648223176,0.00114807804717868,1.15877941262957,-2.51081044421492
C05_negative_id,C05_negative_id__steady,3,validation,ENGINEERING_PRIMARY,15,0.000410455357817079,0.000481133418890791,0.00063242625462127,1.08583975920751,2.39785631011947
C05_negative_id,C05_negative_id__steady,3,validation,ENGINEERING_PRIMARY,16,0.000415524211024161,0.000262715563442449,0.000491609435652057,1.84432063948464,0.799879621440541
C05_negative_id,C05_negative_id__steady,3,validation,ENGINEERING_PRIMARY,17,0.000841093451416692,0.000526124250122346,0.000992091185618965,1.76794726897629,-0.960724139377371
C05_negative_id,C05_negative_id__steady,3,validation,ENGINEERING_PRIMARY,18,0.00509855844027543,0.0035555519343586,0.00621588672088102,-0.9853598782159,1.88685520341507
C05_negative_id,C05_negative_id__steady,3,validation,ENGINEERING_PRIMARY,19,0.0010210902862066,0.000905563809953367,0.00136479712282915,0.60305348954624,-3.00331726397804
C05_negative_id,C05_negative_id__steady,3,validation,ENGINEERING_PRIMARY,20,0.000834178770765683,0.000720055643564822,0.00110196839856037,0.0223845918340433,2.14768430413895
C06_low_bus_43p2V,C06_low_bus_43p2V__steady,1,calibration,ENGINEERING_PRIMARY,1,0.000114767414523437,0.000120610435654412,0.000166488548030011,-1.75756816695558,1.83613054366762
C06_low_bus_43p2V,C06_low_bus_43p2V__steady,1,calibration,ENGINEERING_PRIMARY,2,0.000266086657897426,4.2419374182676e-05,0.000269446678986904,1.17341933020294,-2.96285597017008
C06_low_bus_43p2V,C06_low_bus_43p2V__steady,1,calibration,ENGINEERING_PRIMARY,3,0.00023304911811327,0.00012653120276664,0.000265183024960018,0.513364524045028,-0.473642695000947
C06_low_bus_43p2V,C06_low_bus_43p2V__steady,1,calibration,ENGINEERING_PRIMARY,4,9.45487390440177e-05,0.000240415819334419,0.000258339370288491,-1.44823327106842,-0.740953927293217
C06_low_bus_43p2V,C06_low_bus_43p2V__steady,1,calibration,ENGINEERING_PRIMARY,5,0.000715415566829539,0.00048000120386275,0.000861522251002096,-1.92291865648425,1.43421713151503
C06_low_bus_43p2V,C06_low_bus_43p2V__steady,1,calibration,ENGINEERING_PRIMARY,6,0.00811617502224084,0.00751445868274225,0.0110607136427215,-0.274622497263114,2.85994325239319
C06_low_bus_43p2V,C06_low_bus_43p2V__steady,1,calibration,ENGINEERING_PRIMARY,7,0.000294661888537449,0.000318559493298452,0.000433942138224698,-0.617167427535528,0.397692038112643
C06_low_bus_43p2V,C06_low_bus_43p2V__steady,1,calibration,ENGINEERING_PRIMARY,8,0.000851851797864721,0.000392319365251142,0.000937851784599473,-0.756131120312459,-2.69027849112524
C06_low_bus_43p2V,C06_low_bus_43p2V__steady,1,calibration,ENGINEERING_PRIMARY,9,0.000302002937520586,0.000598412484652295,0.000670300884721777,2.82829378524488,-2.15019550306688
C06_low_bus_43p2V,C06_low_bus_43p2V__steady,1,calibration,ENGINEERING_PRIMARY,10,0.0002995094351404,0.000161529415136955,0.000340290543054914,2.33514461564031,3.00374531497783
C06_low_bus_43p2V,C06_low_bus_43p2V__steady,1,calibration,ENGINEERING_PRIMARY,11,0.000646368861297181,0.000790610422948897,0.00102120396872028,2.8633408135787,-0.122047514070948
C06_low_bus_43p2V,C06_low_bus_43p2V__steady,1,calibration,ENGINEERING_PRIMARY,12,0.0026423343339953,0.00375789261154244,0.00459387501054346,-0.749828996306961,1.47324852089779
C06_low_bus_43p2V,C06_low_bus_43p2V__steady,1,calibration,ENGINEERING_PRIMARY,13,0.000804155590162927,0.000469371313416675,0.000931115268400631,-2.27151389281475,1.83904718053929
C06_low_bus_43p2V,C06_low_bus_43p2V__steady,1,calibration,ENGINEERING_PRIMARY,14,0.00015832009158061,0.000706811166008588,0.000724325393585308,1.6054269703352,2.44094126779168
C06_low_bus_43p2V,C06_low_bus_43p2V__steady,1,calibration,ENGINEERING_PRIMARY,15,0.000644529522331328,0.000675694051989957,0.000933799098870445,0.0371581275939563,2.0348530405403
C06_low_bus_43p2V,C06_low_bus_43p2V__steady,1,calibration,ENGINEERING_PRIMARY,16,0.000172620303811414,0.000117232027021433,0.000208665084399616,-0.164686612900917,-1.36116412996422
C06_low_bus_43p2V,C06_low_bus_43p2V__steady,1,calibration,ENGINEERING_PRIMARY,17,0.00041877658108836,0.000170191327687223,0.00045203861880153,-3.01955747883593,0.586796323095762
C06_low_bus_43p2V,C06_low_bus_43p2V__steady,1,calibration,ENGINEERING_PRIMARY,18,0.00466520340968377,0.0046264545748115,0.00657025150100963,-2.28464315742919,0.843522459198233
C06_low_bus_43p2V,C06_low_bus_43p2V__steady,1,calibration,ENGINEERING_PRIMARY,19,0.000406471483589607,0.000495624349097321,0.000640985617927329,0.253710637227226,0.31818898477102
C06_low_bus_43p2V,C06_low_bus_43p2V__steady,1,calibration,ENGINEERING_PRIMARY,20,0.00086193970137674,0.00084950983816073,0.00121020949175806,-1.61494258406146,0.67378922213576
C06_low_bus_43p2V,C06_low_bus_43p2V__steady,2,validation,ENGINEERING_PRIMARY,1,4.50573069936033e-05,0.000109529078793961,0.000118434707813924,-0.434280355156879,-2.57579731581115
C06_low_bus_43p2V,C06_low_bus_43p2V__steady,2,validation,ENGINEERING_PRIMARY,2,0.000246722791402254,0.000196504956331301,0.000315414542562778,0.0142000744362941,-2.73729837752081
C06_low_bus_43p2V,C06_low_bus_43p2V__steady,2,validation,ENGINEERING_PRIMARY,3,0.000175548062661639,0.000174549763090161,0.000247557553104498,-0.805839316902612,2.70968141981081
C06_low_bus_43p2V,C06_low_bus_43p2V__steady,2,validation,ENGINEERING_PRIMARY,4,0.000346163504808857,0.000147218313916618,0.000376168052888604,1.95513764304045,-0.952822551066226
C06_low_bus_43p2V,C06_low_bus_43p2V__steady,2,validation,ENGINEERING_PRIMARY,5,0.000894999124690532,0.000509970391065314,0.00103009379813691,2.24386416454925,-1.41246738957438
C06_low_bus_43p2V,C06_low_bus_43p2V__steady,2,validation,ENGINEERING_PRIMARY,6,0.00783232401294677,0.00711351611810618,0.0105805203561233,-0.345703441181319,2.81650035949937
C06_low_bus_43p2V,C06_low_bus_43p2V__steady,2,validation,ENGINEERING_PRIMARY,7,0.000490505242735015,0.000430995290663774,0.000652956609373768,2.49029782935846,0.992861755919677
C06_low_bus_43p2V,C06_low_bus_43p2V__steady,2,validation,ENGINEERING_PRIMARY,8,0.000402745378968249,0.000452457941940121,0.00060574089304336,-1.90317149055534,1.81837899381702
C06_low_bus_43p2V,C06_low_bus_43p2V__steady,2,validation,ENGINEERING_PRIMARY,9,0.000683325948007464,0.000743808083131569,0.00101004198712339,-1.70916908527021,1.35887693947023
C06_low_bus_43p2V,C06_low_bus_43p2V__steady,2,validation,ENGINEERING_PRIMARY,10,0.000544985545555228,0.000371471187123631,0.000659545364419438,-0.0580393154317527,-2.1371442183557
C06_low_bus_43p2V,C06_low_bus_43p2V__steady,2,validation,ENGINEERING_PRIMARY,11,0.00136548143394259,0.000619174274329713,0.00149930528193348,0.378388689770634,-2.84351487535145
C06_low_bus_43p2V,C06_low_bus_43p2V__steady,2,validation,ENGINEERING_PRIMARY,12,0.00223015216184462,0.003454618191225,0.00411192965797361,-0.588923174624933,1.49198617226472
C06_low_bus_43p2V,C06_low_bus_43p2V__steady,2,validation,ENGINEERING_PRIMARY,13,0.00069843922273983,0.00123286486334792,0.00141695910990378,1.13049610650368,-1.35461945558492
C06_low_bus_43p2V,C06_low_bus_43p2V__steady,2,validation,ENGINEERING_PRIMARY,14,0.000209585812639165,0.000345579311686953,0.000404167383055149,2.84406493639547,0.246898520560864
C06_low_bus_43p2V,C06_low_bus_43p2V__steady,2,validation,ENGINEERING_PRIMARY,15,0.00110816718981619,0.000948964060248071,0.00145896103725481,-3.11895779935786,-0.152255407156952
C06_low_bus_43p2V,C06_low_bus_43p2V__steady,2,validation,ENGINEERING_PRIMARY,16,0.000732191711232923,0.000199164817618965,0.00075879597163888,-2.90261571759674,1.3817816883867
C06_low_bus_43p2V,C06_low_bus_43p2V__steady,2,validation,ENGINEERING_PRIMARY,17,0.000687003876255913,5.46121547984374e-05,0.000689171106070458,-2.08546356036506,-1.86504580469734
C06_low_bus_43p2V,C06_low_bus_43p2V__steady,2,validation,ENGINEERING_PRIMARY,18,0.00491492619373749,0.00484225875798294,0.0068995629839251,-2.15064928988437,0.924912491407735
C06_low_bus_43p2V,C06_low_bus_43p2V__steady,2,validation,ENGINEERING_PRIMARY,19,0.000888657127847281,0.0015602189087244,0.00179554853290434,0.790659749500744,-3.02597440189311
C06_low_bus_43p2V,C06_low_bus_43p2V__steady,2,validation,ENGINEERING_PRIMARY,20,0.000577684345687061,0.000508369852438048,0.00076951875228598,1.29035776425392,-1.84733296817102
C06_low_bus_43p2V,C06_low_bus_43p2V__steady,3,validation,ENGINEERING_PRIMARY,1,0.000133149127541887,0.00013672836146357,0.000190848984785559,1.7173971952845,-0.434242182873155
C06_low_bus_43p2V,C06_low_bus_43p2V__steady,3,validation,ENGINEERING_PRIMARY,2,0.000201110782598429,0.000162021812068501,0.000258256876894524,1.35660616625209,-1.92843760953021
C06_low_bus_43p2V,C06_low_bus_43p2V__steady,3,validation,ENGINEERING_PRIMARY,3,0.000298659916169269,5.96927921691392e-05,0.000304566864519407,3.13197651845254,-0.28849097552016
C06_low_bus_43p2V,C06_low_bus_43p2V__steady,3,validation,ENGINEERING_PRIMARY,4,0.000403597725171896,0.000489409268152923,0.000634359957372712,1.06875167567105,-2.20754688285726
C06_low_bus_43p2V,C06_low_bus_43p2V__steady,3,validation,ENGINEERING_PRIMARY,5,0.000806284504706719,0.00014743354932147,0.000819653191292321,-0.035384771456485,2.95574608007938
C06_low_bus_43p2V,C06_low_bus_43p2V__steady,3,validation,ENGINEERING_PRIMARY,6,0.00738511451433742,0.00709596933931243,0.0102417135897436,-0.276634180684715,2.82908551124362
C06_low_bus_43p2V,C06_low_bus_43p2V__steady,3,validation,ENGINEERING_PRIMARY,7,0.00019584813549479,0.000716771944298889,0.000743046776664023,-0.700992321657968,-2.40032431761346
C06_low_bus_43p2V,C06_low_bus_43p2V__steady,3,validation,ENGINEERING_PRIMARY,8,0.000422449271817309,0.000217124531997332,0.000474980472918661,-1.6909550099462,1.65086118872748
C06_low_bus_43p2V,C06_low_bus_43p2V__steady,3,validation,ENGINEERING_PRIMARY,9,0.00070476145735877,0.000279920006445145,0.000758316505020633,0.997944572389387,-0.940956444292607
C06_low_bus_43p2V,C06_low_bus_43p2V__steady,3,validation,ENGINEERING_PRIMARY,10,0.000984337981858209,0.000795890521804064,0.00126584477137848,-0.198279439090072,2.41693784666406
C06_low_bus_43p2V,C06_low_bus_43p2V__steady,3,validation,ENGINEERING_PRIMARY,11,0.000943421901342932,0.000339174227321417,0.00100253879746003,-2.33032148908743,2.18437580863794
C06_low_bus_43p2V,C06_low_bus_43p2V__steady,3,validation,ENGINEERING_PRIMARY,12,0.00288024623554692,0.00294636182686925,0.00412029930857147,-0.402677406339116,1.56555978274878
C06_low_bus_43p2V,C06_low_bus_43p2V__steady,3,validation,ENGINEERING_PRIMARY,13,0.000223799159159457,0.000763579805715659,0.000795701064054362,-0.0781026520792564,1.75378906292298
C06_low_bus_43p2V,C06_low_bus_43p2V__steady,3,validation,ENGINEERING_PRIMARY,14,0.000865170129880407,0.000631174576900486,0.00107093449853984,2.11241008582767,-0.772676498917205
C06_low_bus_43p2V,C06_low_bus_43p2V__steady,3,validation,ENGINEERING_PRIMARY,15,0.000473808666778728,0.000786000771872667,0.00091776460277081,0.0121604906989485,-2.51747635864098
C06_low_bus_43p2V,C06_low_bus_43p2V__steady,3,validation,ENGINEERING_PRIMARY,16,0.00102909557175296,0.000328784937652724,0.00108034125674662,-2.40681399660009,-0.209789649364518
C06_low_bus_43p2V,C06_low_bus_43p2V__steady,3,validation,ENGINEERING_PRIMARY,17,0.000996400526345461,0.000131303802611097,0.00100501477475789,0.712725973235054,-2.83701057006532
C06_low_bus_43p2V,C06_low_bus_43p2V__steady,3,validation,ENGINEERING_PRIMARY,18,0.00463850202740953,0.00448013724248202,0.00644882398346836,-2.23165354125008,0.969485854308803
C06_low_bus_43p2V,C06_low_bus_43p2V__steady,3,validation,ENGINEERING_PRIMARY,19,0.00125854786465406,0.00107737040875005,0.00165670447735121,-2.51691647831223,0.0221892649780425
C06_low_bus_43p2V,C06_low_bus_43p2V__steady,3,validation,ENGINEERING_PRIMARY,20,0.000524846503165082,0.000879687509187638,0.00102436027144036,0.752629592413628,-2.28460565551359
C09_S2_boundary,C09_S2_boundary__steady,1,calibration,ENGINEERING_PRIMARY,1,1.66831720370853e-06,1.2409701755292e-06,2.07925209360068e-06,0.432679893161628,-2.29105404987087
C09_S2_boundary,C09_S2_boundary__steady,1,calibration,ENGINEERING_PRIMARY,2,0.0018304954155884,0.00120993180843684,0.00219423071885283,0.565163225484314,-2.47803891344174
C09_S2_boundary,C09_S2_boundary__steady,1,calibration,ENGINEERING_PRIMARY,3,0.000188434540833424,0.000103009140567519,0.000214752087811882,0.117899770327656,0.420866989620769
C09_S2_boundary,C09_S2_boundary__steady,1,calibration,ENGINEERING_PRIMARY,4,0.0015953777055245,0.0012253518791762,0.00201164540888429,2.98158630319146,0.0410416487766119
C09_S2_boundary,C09_S2_boundary__steady,1,calibration,ENGINEERING_PRIMARY,5,3.61200480696439e-06,3.36902408827043e-06,4.93932202158153e-06,-1.33091824482921,-1.24534419064591
C09_S2_boundary,C09_S2_boundary__steady,1,calibration,ENGINEERING_PRIMARY,6,0.0158319699520635,0.0103209204369845,0.0188990124405908,-0.378756785250965,3.03693158160912
C09_S2_boundary,C09_S2_boundary__steady,1,calibration,ENGINEERING_PRIMARY,7,5.29089089208425e-06,7.18149194809741e-06,8.92005342094587e-06,1.39056611914676,-2.34035466890161
C09_S2_boundary,C09_S2_boundary__steady,1,calibration,ENGINEERING_PRIMARY,8,0.00377082054057089,0.00333740173859827,0.00503560700551484,0.783833436620722,-2.29853703594838
C09_S2_boundary,C09_S2_boundary__steady,1,calibration,ENGINEERING_PRIMARY,9,4.58308680924139e-05,8.57157484359136e-05,9.71990637816696e-05,3.06742850741262,-0.986339273180633
C09_S2_boundary,C09_S2_boundary__steady,1,calibration,ENGINEERING_PRIMARY,10,0.000502828510736003,0.00045409417489973,0.000677523454123068,-0.518712424746989,2.00711310185943
C09_S2_boundary,C09_S2_boundary__steady,1,calibration,ENGINEERING_PRIMARY,11,7.23592122323377e-06,7.20853497867349e-06,1.02137912886256e-05,-0.756698092069592,-2.16784159782778
C09_S2_boundary,C09_S2_boundary__steady,1,calibration,ENGINEERING_PRIMARY,12,0.0142452002299639,0.0101528260171637,0.017493015912831,0.649264318787319,-2.56892818706087
C09_S2_boundary,C09_S2_boundary__steady,1,calibration,ENGINEERING_PRIMARY,13,2.10798149497663e-06,5.26004613910135e-06,5.66671610093879e-06,2.78848676100518,-3.09203808476403
C09_S2_boundary,C09_S2_boundary__steady,1,calibration,ENGINEERING_PRIMARY,14,0.00314813398704421,0.00249679553980363,0.0040180512151995,0.519643217021608,-2.85870797727687
C09_S2_boundary,C09_S2_boundary__steady,1,calibration,ENGINEERING_PRIMARY,15,1.40032995415991e-05,3.22727150937522e-05,3.5179831403437e-05,-2.77756594378595,-0.96695705284354
C09_S2_boundary,C09_S2_boundary__steady,1,calibration,ENGINEERING_PRIMARY,16,0.000868259176723034,0.000753104319791771,0.0011493650918889,-1.34352017398489,1.2420341802217
C09_S2_boundary,C09_S2_boundary__steady,1,calibration,ENGINEERING_PRIMARY,17,6.51019697179806e-06,6.59056750826478e-06,9.26381372290074e-06,-0.913633828566184,-2.04059145796411
C09_S2_boundary,C09_S2_boundary__steady,1,calibration,ENGINEERING_PRIMARY,18,0.00415609465333499,0.00230190156744637,0.00475098659161355,0.380284020044842,3.03543945547001
C09_S2_boundary,C09_S2_boundary__steady,1,calibration,ENGINEERING_PRIMARY,19,5.34900262635282e-06,6.64428768401043e-06,8.52985274929304e-06,-3.01777460596058,2.87440629329095
C09_S2_boundary,C09_S2_boundary__steady,1,calibration,ENGINEERING_PRIMARY,20,0.00171279015175014,0.00116371965745953,0.00207072295227778,0.77554449583634,-2.50296436577637
C09_S2_boundary,C09_S2_boundary__steady,2,calibration,ENGINEERING_PRIMARY,1,1.66831717964935e-06,1.24097019522369e-06,2.07925208605082e-06,0.4326798738186,-2.29105404942954
C09_S2_boundary,C09_S2_boundary__steady,2,calibration,ENGINEERING_PRIMARY,2,0.00183049541556044,0.00120993180844469,0.00219423071883383,0.565163225481925,-2.47803891344336
C09_S2_boundary,C09_S2_boundary__steady,2,calibration,ENGINEERING_PRIMARY,3,0.000188434540848255,0.000103009140554295,0.000214752087818553,0.117899770480902,0.420866989953609
C09_S2_boundary,C09_S2_boundary__steady,2,calibration,ENGINEERING_PRIMARY,4,0.00159537770544483,0.00122535187916436,0.0020116454088139,2.98158630319346,0.0410416487721806
C09_S2_boundary,C09_S2_boundary__steady,2,calibration,ENGINEERING_PRIMARY,5,3.61200491591317e-06,3.3690241068275e-06,4.93932211391055e-06,-1.33091825108726,-1.24534420766052
C09_S2_boundary,C09_S2_boundary__steady,2,calibration,ENGINEERING_PRIMARY,6,0.0158319699520907,0.0103209204369715,0.0188990124406065,-0.378756785251477,3.03693158161146
C09_S2_boundary,C09_S2_boundary__steady,2,calibration,ENGINEERING_PRIMARY,7,5.29089092414259e-06,7.18149189330729e-06,8.92005339584987e-06,1.39056612938786,-2.34035467157782
C09_S2_boundary,C09_S2_boundary__steady,2,calibration,ENGINEERING_PRIMARY,8,0.00377082054056359,0.00333740173854642,0.005035607005475,0.78383343660035,-2.29853703593164
C09_S2_boundary,C09_S2_boundary__steady,2,calibration,ENGINEERING_PRIMARY,9,4.58308680284027e-05,8.57157484774555e-05,9.71990637881213e-05,3.06742850806575,-0.986339273003096
C09_S2_boundary,C09_S2_boundary__steady,2,calibration,ENGINEERING_PRIMARY,10,0.000502828510743073,0.000454094174933754,0.000677523454151119,-0.518712424678059,2.00711310186472
C09_S2_boundary,C09_S2_boundary__steady,2,calibration,ENGINEERING_PRIMARY,11,7.23592121059798e-06,7.20853495205709e-06,1.02137912608889e-05,-0.756698091612473,-2.167841603345
C09_S2_boundary,C09_S2_boundary__steady,2,calibration,ENGINEERING_PRIMARY,12,0.0142452002299674,0.0101528260171413,0.0174930159128209,0.649264318782115,-2.56892818705537
C09_S2_boundary,C09_S2_boundary__steady,2,calibration,ENGINEERING_PRIMARY,13,2.10798159997445e-06,5.26004613956837e-06,5.6667161404308e-06,2.78848675871722,-3.09203807855727
C09_S2_boundary,C09_S2_boundary__steady,2,calibration,ENGINEERING_PRIMARY,14,0.00314813398703685,0.00249679553982031,0.0040180512152041,0.51964321705672,-2.85870797729521
C09_S2_boundary,C09_S2_boundary__steady,2,calibration,ENGINEERING_PRIMARY,15,1.40032995022864e-05,3.22727150825254e-05,3.51798313774895e-05,-2.77756594964561,-0.966957052044721
C09_S2_boundary,C09_S2_boundary__steady,2,calibration,ENGINEERING_PRIMARY,16,0.00086825917675593,0.000753104319765247,0.00114936509189637,-1.3435201739882,1.24203418021934
C09_S2_boundary,C09_S2_boundary__steady,2,calibration,ENGINEERING_PRIMARY,17,6.51019693489187e-06,6.59056749810593e-06,9.26381368973739e-06,-0.913633824191,-2.04059146336685
C09_S2_boundary,C09_S2_boundary__steady,2,calibration,ENGINEERING_PRIMARY,18,0.00415609465334632,0.00230190156744123,0.00475098659162097,0.380284020058209,3.03543945546
C09_S2_boundary,C09_S2_boundary__steady,2,calibration,ENGINEERING_PRIMARY,19,5.34900264092918e-06,6.64428768856256e-06,8.52985276197962e-06,-3.01777460824251,2.87440629206015
C09_S2_boundary,C09_S2_boundary__steady,2,calibration,ENGINEERING_PRIMARY,20,0.00171279015173026,0.00116371965747247,0.0020707229522686,0.775544495837266,-2.50296436576849
C09_S2_boundary,C09_S2_boundary__steady,3,validation,ENGINEERING_PRIMARY,1,1.66831717335736e-06,1.24097018403965e-06,2.07925207432733e-06,0.432679869032873,-2.29105403947661
C09_S2_boundary,C09_S2_boundary__steady,3,validation,ENGINEERING_PRIMARY,2,0.00183049541554999,0.00120993180841992,0.00219423071881145,0.565163225494709,-2.4780389134423
C09_S2_boundary,C09_S2_boundary__steady,3,validation,ENGINEERING_PRIMARY,3,0.00018843454082388,0.000103009140575995,0.000214752087807573,0.117899770413408,0.420866989695089
C09_S2_boundary,C09_S2_boundary__steady,3,validation,ENGINEERING_PRIMARY,4,0.00159537770550485,0.00122535187919901,0.00201164540888261,2.98158630319063,0.0410416487932986
C09_S2_boundary,C09_S2_boundary__steady,3,validation,ENGINEERING_PRIMARY,5,3.61200484785898e-06,3.36902406885369e-06,4.93932203824292e-06,-1.33091826485199,-1.24534419083099
C09_S2_boundary,C09_S2_boundary__steady,3,validation,ENGINEERING_PRIMARY,6,0.015831969951984,0.0103209204370451,0.0188990124405573,-0.378756785256616,3.03693158160389
C09_S2_boundary,C09_S2_boundary__steady,3,validation,ENGINEERING_PRIMARY,7,5.29089081975629e-06,7.18149196318444e-06,8.92005339019135e-06,1.39056612495747,-2.34035467367607
C09_S2_boundary,C09_S2_boundary__steady,3,validation,ENGINEERING_PRIMARY,8,0.00377082054055081,0.00333740173856876,0.00503560700548024,0.783833436593882,-2.29853703593282
C09_S2_boundary,C09_S2_boundary__steady,3,validation,ENGINEERING_PRIMARY,9,4.58308680856195e-05,8.57157484691327e-05,9.71990638077604e-05,3.06742850791245,-0.986339273185533
C09_S2_boundary,C09_S2_boundary__steady,3,validation,ENGINEERING_PRIMARY,10,0.000502828510738214,0.000454094174923085,0.000677523454140362,-0.518712424729208,2.00711310182652
C09_S2_boundary,C09_S2_boundary__steady,3,validation,ENGINEERING_PRIMARY,11,7.23592120235769e-06,7.20853494483174e-06,1.02137912499517e-05,-0.756698093851116,-2.16784159892001
C09_S2_boundary,C09_S2_boundary__steady,3,validation,ENGINEERING_PRIMARY,12,0.0142452002298138,0.0101528260171624,0.017493015912708,0.649264318784569,-2.56892818705903
C09_S2_boundary,C09_S2_boundary__steady,3,validation,ENGINEERING_PRIMARY,13,2.1079815563805e-06,5.26004615120727e-06,5.66671613501777e-06,2.78848677731605,-3.09203808172685
C09_S2_boundary,C09_S2_boundary__steady,3,validation,ENGINEERING_PRIMARY,14,0.00314813398699979,0.00249679553982571,0.00401805121517841,0.51964321705127,-2.85870797729406
C09_S2_boundary,C09_S2_boundary__steady,3,validation,ENGINEERING_PRIMARY,15,1.40032995414906e-05,3.22727151224108e-05,3.51798314296842e-05,-2.77756594173379,-0.966957052789885
C09_S2_boundary,C09_S2_boundary__steady,3,validation,ENGINEERING_PRIMARY,16,0.00086825917674112,0.000753104319793813,0.0011493650919039,-1.34352017400172,1.24203418021329
C09_S2_boundary,C09_S2_boundary__steady,3,validation,ENGINEERING_PRIMARY,17,6.51019694850014e-06,6.59056749599466e-06,9.26381369779865e-06,-0.913633833217729,-2.04059145983063
C09_S2_boundary,C09_S2_boundary__steady,3,validation,ENGINEERING_PRIMARY,18,0.0041560946533484,0.0023019015674341,0.00475098659161934,0.380284020047809,3.03543945544812
C09_S2_boundary,C09_S2_boundary__steady,3,validation,ENGINEERING_PRIMARY,19,5.34900262030509e-06,6.64428768395603e-06,8.52985274545818e-06,-3.01777459984352,2.8744062924035
C09_S2_boundary,C09_S2_boundary__steady,3,validation,ENGINEERING_PRIMARY,20,0.00171279015173872,0.00116371965745787,0.0020707229522674,0.775544495843003,-2.50296436577234
C09_S2_boundary,C09_S2_boundary__steady,4,validation,ENGINEERING_PRIMARY,1,1.66831714904789e-06,1.24097020133674e-06,2.07925206514579e-06,0.432679898414386,-2.29105405900547
C09_S2_boundary,C09_S2_boundary__steady,4,validation,ENGINEERING_PRIMARY,2,0.00183049541555141,0.0012099318084463,0.00219423071882718,0.565163225468094,-2.47803891345256
C09_S2_boundary,C09_S2_boundary__steady,4,validation,ENGINEERING_PRIMARY,3,0.000188434540859915,0.000103009140571948,0.000214752087837251,0.117899770523655,0.420866990016302
C09_S2_boundary,C09_S2_boundary__steady,4,validation,ENGINEERING_PRIMARY,4,0.00159537770552934,0.00122535187918634,0.00201164540889431,2.98158630321405,0.0410416487882691
C09_S2_boundary,C09_S2_boundary__steady,4,validation,ENGINEERING_PRIMARY,5,3.61200480827161e-06,3.36902409721336e-06,4.93932202863728e-06,-1.33091823472874,-1.24534420821229
C09_S2_boundary,C09_S2_boundary__steady,4,validation,ENGINEERING_PRIMARY,6,0.0158319699521204,0.0103209204370555,0.0188990124406773,-0.378756785271593,3.03693158158883
C09_S2_boundary,C09_S2_boundary__steady,4,validation,ENGINEERING_PRIMARY,7,5.29089086653845e-06,7.1814919520828e-06,8.9200534090021e-06,1.39056615037584,-2.34035466908379
C09_S2_boundary,C09_S2_boundary__steady,4,validation,ENGINEERING_PRIMARY,8,0.00377082054044436,0.00333740173857642,0.00503560700540561,0.783833436585033,-2.29853703592226
C09_S2_boundary,C09_S2_boundary__steady,4,validation,ENGINEERING_PRIMARY,9,4.58308681175122e-05,8.57157484374433e-05,9.71990637948528e-05,3.06742850729147,-0.98633927343156
C09_S2_boundary,C09_S2_boundary__steady,4,validation,ENGINEERING_PRIMARY,10,0.00050282851065311,0.000454094174928958,0.000677523454081138,-0.51871242474395,2.00711310177065
C09_S2_boundary,C09_S2_boundary__steady,4,validation,ENGINEERING_PRIMARY,11,7.23592118272229e-06,7.20853500685554e-06,1.02137912798153e-05,-0.756698091398108,-2.16784160729532
C09_S2_boundary,C09_S2_boundary__steady,4,validation,ENGINEERING_PRIMARY,12,0.0142452002297857,0.0101528260169842,0.0174930159125818,0.64926431878016,-2.56892818706504
C09_S2_boundary,C09_S2_boundary__steady,4,validation,ENGINEERING_PRIMARY,13,2.10798168652361e-06,5.2600461851933e-06,5.6667162149772e-06,2.78848677856643,-3.09203807149433
C09_S2_boundary,C09_S2_boundary__steady,4,validation,ENGINEERING_PRIMARY,14,0.00314813398702566,0.00249679553979144,0.00401805121517739,0.519643217068051,-2.85870797727632
C09_S2_boundary,C09_S2_boundary__steady,4,validation,ENGINEERING_PRIMARY,15,1.40032995278859e-05,3.22727150893866e-05,3.51798313939736e-05,-2.77756594449304,-0.966957052755355
C09_S2_boundary,C09_S2_boundary__steady,4,validation,ENGINEERING_PRIMARY,16,0.000868259176741744,0.000753104319801641,0.0011493650919095,-1.34352017391157,1.24203418013961
C09_S2_boundary,C09_S2_boundary__steady,4,validation,ENGINEERING_PRIMARY,17,6.51019699326298e-06,6.59056755099796e-06,9.26381376838706e-06,-0.913633837992134,-2.04059146186803
C09_S2_boundary,C09_S2_boundary__steady,4,validation,ENGINEERING_PRIMARY,18,0.00415609465322668,0.00230190156744348,0.0047509865915174,0.380284020042182,3.03543945544175
C09_S2_boundary,C09_S2_boundary__steady,4,validation,ENGINEERING_PRIMARY,19,5.34900263829378e-06,6.64428771614059e-06,8.52985278180876e-06,-3.01777462064378,2.87440628754998
C09_S2_boundary,C09_S2_boundary__steady,4,validation,ENGINEERING_PRIMARY,20,0.00171279015179845,0.00116371965741553,0.00207072295229301,0.775544495848478,-2.50296436572611
C09_S2_boundary,C09_S2_boundary__steady,5,validation,ENGINEERING_PRIMARY,1,1.668317183626e-06,1.24097017577817e-06,2.07925207763577e-06,0.432679915105375,-2.29105404338067
C09_S2_boundary,C09_S2_boundary__steady,5,validation,ENGINEERING_PRIMARY,2,0.00183049541552862,0.00120993180844977,0.00219423071881009,0.565163225434775,-2.4780389134359
C09_S2_boundary,C09_S2_boundary__steady,5,validation,ENGINEERING_PRIMARY,3,0.00018843454085738,0.000103009140581476,0.000214752087839597,0.117899770622202,0.420866989933665
C09_S2_boundary,C09_S2_boundary__steady,5,validation,ENGINEERING_PRIMARY,4,0.00159537770553583,0.00122535187922136,0.00201164540892079,2.98158630322177,0.0410416488164598
C09_S2_boundary,C09_S2_boundary__steady,5,validation,ENGINEERING_PRIMARY,5,3.61200474184945e-06,3.36902408800042e-06,4.93932197378041e-06,-1.33091828083156,-1.24534421778442
C09_S2_boundary,C09_S2_boundary__steady,5,validation,ENGINEERING_PRIMARY,6,0.015831969952213,0.0103209204370635,0.0188990124407591,-0.378756785275721,3.03693158157024
C09_S2_boundary,C09_S2_boundary__steady,5,validation,ENGINEERING_PRIMARY,7,5.29089084439453e-06,7.18149198697184e-06,8.92005342395653e-06,1.39056611097542,-2.34035466221041
C09_S2_boundary,C09_S2_boundary__steady,5,validation,ENGINEERING_PRIMARY,8,0.00377082054048704,0.00333740173850643,0.00503560700539117,0.78383343662993,-2.29853703594238
C09_S2_boundary,C09_S2_boundary__steady,5,validation,ENGINEERING_PRIMARY,9,4.58308681215053e-05,8.57157484062368e-05,9.71990637692159e-05,3.06742850766871,-0.986339273648642
C09_S2_boundary,C09_S2_boundary__steady,5,validation,ENGINEERING_PRIMARY,10,0.000502828510417445,0.000454094174993243,0.000677523453949323,-0.518712424915432,2.00711310191641
C09_S2_boundary,C09_S2_boundary__steady,5,validation,ENGINEERING_PRIMARY,11,7.2359212859796e-06,7.20853495736303e-06,1.02137913180375e-05,-0.756698066473772,-2.16784159305321
C09_S2_boundary,C09_S2_boundary__steady,5,validation,ENGINEERING_PRIMARY,12,0.0142452002296131,0.0101528260168895,0.0174930159123862,0.649264318769557,-2.56892818706555
C09_S2_boundary,C09_S2_boundary__steady,5,validation,ENGINEERING_PRIMARY,13,2.10798158884275e-06,5.26004616707293e-06,5.66671616182059e-06,2.78848669587592,-3.092038090692
C09_S2_boundary,C09_S2_boundary__steady,5,validation,ENGINEERING_PRIMARY,14,0.00314813398707823,0.0024967955397459,0.00401805121519028,0.519643217095992,-2.85870797731458
C09_S2_boundary,C09_S2_boundary__steady,5,validation,ENGINEERING_PRIMARY,15,1.40032996549731e-05,3.22727149887726e-05,3.51798313522609e-05,-2.77756595346724,-0.966957055519695
C09_S2_boundary,C09_S2_boundary__steady,5,validation,ENGINEERING_PRIMARY,16,0.000868259176798691,0.000753104319740691,0.00114936509191259,-1.34352017405319,1.24203418013149
C09_S2_boundary,C09_S2_boundary__steady,5,validation,ENGINEERING_PRIMARY,17,6.51019697462671e-06,6.59056743184569e-06,9.26381367052165e-06,-0.913633806879202,-2.04059145660262
C09_S2_boundary,C09_S2_boundary__steady,5,validation,ENGINEERING_PRIMARY,18,0.00415609465308863,0.00230190156745686,0.00475098659140312,0.380284020018384,3.03543945543799
C09_S2_boundary,C09_S2_boundary__steady,5,validation,ENGINEERING_PRIMARY,19,5.349002602098e-06,6.64428777029655e-06,8.5298528012952e-06,-3.01777464856317,2.87440627519022
C09_S2_boundary,C09_S2_boundary__steady,5,validation,ENGINEERING_PRIMARY,20,0.00171279015178155,0.00116371965737509,0.0020707229522563,0.775544495806995,-2.50296436569808
D02_id_step,D02_id_step__steady,1,calibration,SECONDARY_DYNAMIC,1,0.000110358246293834,0.000101084959037166,0.000149656645253714,-1.93546042474764,-2.37168608339651
D02_id_step,D02_id_step__steady,1,calibration,SECONDARY_DYNAMIC,2,8.57867033189469e-05,0.000285936071629676,0.000298527713161348,-2.14710484854437,2.09214550388521
D02_id_step,D02_id_step__steady,1,calibration,SECONDARY_DYNAMIC,3,0.00118655782778123,0.000864343023346501,0.00146799466643332,0.454051027821648,0.760881507003608
D02_id_step,D02_id_step__steady,1,calibration,SECONDARY_DYNAMIC,4,0.000131254432374237,0.000482641833778755,0.000500170836546077,3.13205408280472,-1.2751116237447
D02_id_step,D02_id_step__steady,1,calibration,SECONDARY_DYNAMIC,5,0.000464567324057969,0.000552129504946528,0.000721574520624779,2.44577622013296,-2.50550977071125
D02_id_step,D02_id_step__steady,1,calibration,SECONDARY_DYNAMIC,6,0.0111991396053856,0.0011527689777892,0.011258312671847,-1.67588982746617,0.538652481664832
D02_id_step,D02_id_step__steady,1,calibration,SECONDARY_DYNAMIC,7,0.000890752196568971,0.00109081569007529,0.00140830335702464,1.64232656767155,0.39655301542402
D02_id_step,D02_id_step__steady,1,calibration,SECONDARY_DYNAMIC,8,0.000353772283303019,0.00134565434310989,0.00139138076728261,1.18574080149602,-0.641381118095661
D02_id_step,D02_id_step__steady,1,calibration,SECONDARY_DYNAMIC,9,0.00180317394689208,0.00163483399377199,0.00243395120533318,-1.89584423185486,-1.38647745351356
D02_id_step,D02_id_step__steady,1,calibration,SECONDARY_DYNAMIC,10,0.000155832815995708,0.000964141515209395,0.000976653842408569,-1.02672468244255,2.28335404018022
D02_id_step,D02_id_step__steady,1,calibration,SECONDARY_DYNAMIC,11,0.000561922285398098,0.00114276498020715,0.00127344746841591,-0.281625803492636,1.27313589734399
D02_id_step,D02_id_step__steady,1,calibration,SECONDARY_DYNAMIC,12,0.00393899440334969,0.00476649521480387,0.00618345805697494,-2.92177058143482,-3.03600880058572
D02_id_step,D02_id_step__steady,1,calibration,SECONDARY_DYNAMIC,13,0.00121345172142762,0.00166880284445118,0.00206333904482128,-1.25287648673314,-2.68942448500938
D02_id_step,D02_id_step__steady,1,calibration,SECONDARY_DYNAMIC,14,0.000492129229596504,0.00223499550385553,0.00228853579410017,-1.98859723586819,2.80945596845685
D02_id_step,D02_id_step__steady,1,calibration,SECONDARY_DYNAMIC,15,0.000828078573845339,0.00212728214102541,0.00228277099858645,-1.67230146453508,-1.77430797298659
D02_id_step,D02_id_step__steady,1,calibration,SECONDARY_DYNAMIC,16,0.000729682840140706,0.000545159295251399,0.00091084340278382,1.19342171870898,0.389476643012826
D02_id_step,D02_id_step__steady,1,calibration,SECONDARY_DYNAMIC,17,0.000231035443946439,0.000757589976613793,0.000792035320566713,0.650640352495237,-1.2439476790379
D02_id_step,D02_id_step__steady,1,calibration,SECONDARY_DYNAMIC,18,0.00258663630407257,0.00292214536021751,0.00390251468617184,-2.38121281943039,0.461531512045002
D02_id_step,D02_id_step__steady,1,calibration,SECONDARY_DYNAMIC,19,0.00102782164655149,0.00154637560762154,0.00185679693476877,2.97954535711519,1.0411209578739
D02_id_step,D02_id_step__steady,1,calibration,SECONDARY_DYNAMIC,20,0.000630946291610314,0.00223035958910758,0.00231788634743401,2.52242026581738,0.398949839559855
D02_id_step,D02_id_step__steady,2,validation,SECONDARY_DYNAMIC,1,0.000176302730297581,0.000306827052118955,0.000353872141630829,-1.5293360365072,-2.68643927405564
D02_id_step,D02_id_step__steady,2,validation,SECONDARY_DYNAMIC,2,0.000461074568714984,0.000122029742744707,0.000476949699685458,2.16429564826479,1.18535120701375
D02_id_step,D02_id_step__steady,2,validation,SECONDARY_DYNAMIC,3,0.000495343774445813,0.000971768352024443,0.00109073332436418,1.19996075105156,1.65454465212443
D02_id_step,D02_id_step__steady,2,validation,SECONDARY_DYNAMIC,4,0.000579401605595679,0.00100939095681321,0.00116386267414293,-1.28930958127135,-0.674697331124696
D02_id_step,D02_id_step__steady,2,validation,SECONDARY_DYNAMIC,5,0.000667661614244062,0.00107389504125272,0.00126452465012042,1.9912279888851,2.36184572737668
D02_id_step,D02_id_step__steady,2,validation,SECONDARY_DYNAMIC,6,0.0116649981882935,0.00164953648773681,0.011781050604987,-1.65276884728793,0.0652861274718245
D02_id_step,D02_id_step__steady,2,validation,SECONDARY_DYNAMIC,7,0.000792979027137959,0.00172878426202067,0.00190197548935075,0.35480878497557,0.623469854503101
D02_id_step,D02_id_step__steady,2,validation,SECONDARY_DYNAMIC,8,0.00106327751263111,0.00136639790073601,0.00173135851053523,-0.736538585033787,-1.38794860444153
D02_id_step,D02_id_step__steady,2,validation,SECONDARY_DYNAMIC,9,0.00209776386273917,0.00304733826725498,0.00369957885966646,-1.31348439666096,-1.3868834920618
D02_id_step,D02_id_step__steady,2,validation,SECONDARY_DYNAMIC,10,0.00151830243769349,0.00230646166056434,0.00276134164564242,2.09211341677957,2.45454395976733
D02_id_step,D02_id_step__steady,2,validation,SECONDARY_DYNAMIC,11,0.000709582084529114,0.000572859827689053,0.000911962234341211,-2.6815181072385,-2.80495693049545
D02_id_step,D02_id_step__steady,2,validation,SECONDARY_DYNAMIC,12,0.00328947968432901,0.00430959667587067,0.00542155882586262,-3.09025584109813,2.82007635811586
D02_id_step,D02_id_step__steady,2,validation,SECONDARY_DYNAMIC,13,0.000566039150890416,0.00229460420318814,0.0023633892547842,3.09509105519038,-2.15059080522094
D02_id_step,D02_id_step__steady,2,validation,SECONDARY_DYNAMIC,14,0.000475166911695646,0.00221045266655759,0.00226094771833891,-2.52069313252974,1.17275662199786
D02_id_step,D02_id_step__steady,2,validation,SECONDARY_DYNAMIC,15,0.0010472841782448,0.0015214387546041,0.00184704629991053,-2.54092083325264,-3.05400009520231
D02_id_step,D02_id_step__steady,2,validation,SECONDARY_DYNAMIC,16,0.000638665119441887,0.00212942250666113,0.00222313592626872,-1.3389379253811,-0.405702473381269
D02_id_step,D02_id_step__steady,2,validation,SECONDARY_DYNAMIC,17,0.000558224349553038,0.000267190506992616,0.000618874132163304,-1.83480696506329,-2.44032762508897
D02_id_step,D02_id_step__steady,2,validation,SECONDARY_DYNAMIC,18,0.00230855691731187,0.00145078678270646,0.00272657611838442,-2.71423722023238,0.921974371708499
D02_id_step,D02_id_step__steady,2,validation,SECONDARY_DYNAMIC,19,0.000756875395190172,0.00240698724940682,0.00252318211444424,-1.41029797376362,1.78854261996842
D02_id_step,D02_id_step__steady,2,validation,SECONDARY_DYNAMIC,20,0.00184792219975949,0.00105899092085026,0.00212985403885037,1.11684959648714,-0.993290442794749
D02_id_step,D02_id_step__steady,3,validation,SECONDARY_DYNAMIC,1,0.000145198318203413,0.000266997710492589,0.000303924873969513,2.46691775578273,1.03591419542977
D02_id_step,D02_id_step__steady,3,validation,SECONDARY_DYNAMIC,2,0.000605363741513607,0.000600167760753346,0.000852447418077525,-1.6348321453023,-0.767285022435507
D02_id_step,D02_id_step__steady,3,validation,SECONDARY_DYNAMIC,3,0.000841063308661786,0.00163387402745443,0.00183764300852131,0.773875200902665,0.685590334261722
D02_id_step,D02_id_step__steady,3,validation,SECONDARY_DYNAMIC,4,0.000835220296445111,0.000602676076954423,0.00102995698809564,2.10535500474557,0.491984460290386
D02_id_step,D02_id_step__steady,3,validation,SECONDARY_DYNAMIC,5,0.000134427717337692,0.000955917968745206,0.000965323766494218,2.5195923428557,-0.587495537823984
D02_id_step,D02_id_step__steady,3,validation,SECONDARY_DYNAMIC,6,0.0108705927786589,0.00160962633197568,0.0109891166291026,-1.67930296699392,0.4047980936873
D02_id_step,D02_id_step__steady,3,validation,SECONDARY_DYNAMIC,7,0.000555522568879852,0.00238967740336957,0.00245339834040663,2.851155957503,-2.5040330723405
D02_id_step,D02_id_step__steady,3,validation,SECONDARY_DYNAMIC,8,0.00105539589893541,0.00200388585898063,0.00226482207674515,1.74280173149641,2.73696455370732
D02_id_step,D02_id_step__steady,3,validation,SECONDARY_DYNAMIC,9,0.00134228058278117,0.00419395767070798,0.00440352110323111,-1.41403631805212,-2.36762058145129
D02_id_step,D02_id_step__steady,3,validation,SECONDARY_DYNAMIC,10,0.00141025349860982,0.00143420788944079,0.00201140925733065,-0.455727459761555,2.40206447315317
D02_id_step,D02_id_step__steady,3,validation,SECONDARY_DYNAMIC,11,0.000872814147920515,0.00106646032098326,0.00137809366628032,-0.552162838666644,2.63601939357315
D02_id_step,D02_id_step__steady,3,validation,SECONDARY_DYNAMIC,12,0.00296591529408375,0.00434930323729722,0.00526432257575882,-2.86294889703112,2.86534331099713
D02_id_step,D02_id_step__steady,3,validation,SECONDARY_DYNAMIC,13,0.00147324657798256,0.00185544269281398,0.00236920304445485,-1.69651141427687,0.877046192295983
D02_id_step,D02_id_step__steady,3,validation,SECONDARY_DYNAMIC,14,0.00143722168338371,0.0012444354084858,0.00190111168874465,-1.30608226133968,-0.719403600846382
D02_id_step,D02_id_step__steady,3,validation,SECONDARY_DYNAMIC,15,0.00279003202535765,0.00253220925725218,0.00376780604928583,-2.43606132220287,-0.350164236006152
D02_id_step,D02_id_step__steady,3,validation,SECONDARY_DYNAMIC,16,0.00265266086022833,0.000869513947131123,0.00279153437085106,2.81467049119092,-0.711034103524278
D02_id_step,D02_id_step__steady,3,validation,SECONDARY_DYNAMIC,17,0.00196833528263816,0.000524641954376672,0.00203705497352684,2.68760006348391,-2.37773158755399
D02_id_step,D02_id_step__steady,3,validation,SECONDARY_DYNAMIC,18,0.00347353093359935,0.000483171148871991,0.00350697469420209,-2.92092852609159,-0.0556244797877873
D02_id_step,D02_id_step__steady,3,validation,SECONDARY_DYNAMIC,19,0.00204040024542921,0.00222199117439655,0.00301669984264987,1.011592950218,-0.478260378584589
D02_id_step,D02_id_step__steady,3,validation,SECONDARY_DYNAMIC,20,0.00190047588068527,0.000429159939851721,0.00194832923989761,1.51655149781147,0.29506772966986
D03_id_iq_step,D03_id_iq_step__steady,1,calibration,SECONDARY_DYNAMIC,1,0.000155072210507559,0.000218393872157453,0.000267849349201424,-0.607547557927828,2.77240837316659
D03_id_iq_step,D03_id_iq_step__steady,1,calibration,SECONDARY_DYNAMIC,2,0.000190308622031122,0.0001647776319103,0.000251732078999381,-2.75550314128743,-1.04694118303328
D03_id_iq_step,D03_id_iq_step__steady,1,calibration,SECONDARY_DYNAMIC,3,8.21294492102085e-05,0.000265126885679777,0.000277556322100272,-2.22208270395807,0.631095659901482
D03_id_iq_step,D03_id_iq_step__steady,1,calibration,SECONDARY_DYNAMIC,4,0.000538852893590833,0.000124584674066725,0.000553067610644057,-2.12914796067365,2.14642198375211
D03_id_iq_step,D03_id_iq_step__steady,1,calibration,SECONDARY_DYNAMIC,5,0.000338517033580149,0.000273402978760111,0.000435135577514417,-1.04308646695426,-2.83617734547991
D03_id_iq_step,D03_id_iq_step__steady,1,calibration,SECONDARY_DYNAMIC,6,0.0084139750637589,0.00708523171650447,0.0109997947639998,0.135309291910667,-2.90203741312446
D03_id_iq_step,D03_id_iq_step__steady,1,calibration,SECONDARY_DYNAMIC,7,0.000786469646349485,0.00104412165525835,0.00130718190608978,-0.74837467725588,2.13533557821388
D03_id_iq_step,D03_id_iq_step__steady,1,calibration,SECONDARY_DYNAMIC,8,0.000828209723964388,0.000725273683937759,0.00110088748902048,2.29111090629864,-1.70264727130227
D03_id_iq_step,D03_id_iq_step__steady,1,calibration,SECONDARY_DYNAMIC,9,0.000600425329734129,0.000841043635392103,0.00103337552381499,2.88391108282094,-0.778516258500024
D03_id_iq_step,D03_id_iq_step__steady,1,calibration,SECONDARY_DYNAMIC,10,0.00113107884802697,0.000617679479468336,0.00128874640632294,-2.86189101923507,1.22300288176277
D03_id_iq_step,D03_id_iq_step__steady,1,calibration,SECONDARY_DYNAMIC,11,0.000443814487558901,0.000938387846969953,0.00103804771119061,-1.27850673262681,2.1985793976673
D03_id_iq_step,D03_id_iq_step__steady,1,calibration,SECONDARY_DYNAMIC,12,0.00250149216696596,0.00395608843407186,0.00468060880223815,-0.0789887307660193,2.25915216189325
D03_id_iq_step,D03_id_iq_step__steady,1,calibration,SECONDARY_DYNAMIC,13,0.00151616314855188,0.00118229355328094,0.00192264628550247,-1.2546899034494,1.49823716817348
D03_id_iq_step,D03_id_iq_step__steady,1,calibration,SECONDARY_DYNAMIC,14,0.00171622354112971,0.00130738517727057,0.00215747056639821,1.44173476710579,-2.45239771854358
D03_id_iq_step,D03_id_iq_step__steady,1,calibration,SECONDARY_DYNAMIC,15,0.00086048213926949,0.0008644219353349,0.00121969454958606,1.89650192771648,-1.93801617363268
D03_id_iq_step,D03_id_iq_step__steady,1,calibration,SECONDARY_DYNAMIC,16,0.00126636933800976,0.00107361305430433,0.00166022175947189,2.69113345920826,0.218757929637229
D03_id_iq_step,D03_id_iq_step__steady,1,calibration,SECONDARY_DYNAMIC,17,0.000943253026153364,0.00093084207672037,0.00132521441402536,-0.534688606920079,1.97996335717039
D03_id_iq_step,D03_id_iq_step__steady,1,calibration,SECONDARY_DYNAMIC,18,0.00505411345737978,0.00330743149005492,0.00604012962621452,-0.229397690303799,2.85724640617731
D03_id_iq_step,D03_id_iq_step__steady,1,calibration,SECONDARY_DYNAMIC,19,0.0010654021431528,0.000727631935738444,0.00129016664060929,-2.66795715919905,0.452161992626925
D03_id_iq_step,D03_id_iq_step__steady,1,calibration,SECONDARY_DYNAMIC,20,0.00188810775681013,0.00138577333280978,0.00234207570997465,0.461938577596374,2.85618831878421
D03_id_iq_step,D03_id_iq_step__steady,2,validation,SECONDARY_DYNAMIC,1,0.00013149088366216,0.00012521924667718,0.000181575637750928,1.22395092053758,-1.47732518899566
D03_id_iq_step,D03_id_iq_step__steady,2,validation,SECONDARY_DYNAMIC,2,0.000132934523172934,0.000366554241035244,0.000389914861312235,1.668498830117,-1.34422150812745
D03_id_iq_step,D03_id_iq_step__steady,2,validation,SECONDARY_DYNAMIC,3,0.000344465282898974,0.000145450732210451,0.000373914758498815,0.423327847784749,2.90062374111867
D03_id_iq_step,D03_id_iq_step__steady,2,validation,SECONDARY_DYNAMIC,4,0.000234920881196083,0.000576890646506333,0.00062288894551793,-0.855818138146381,2.61576332417927
D03_id_iq_step,D03_id_iq_step__steady,2,validation,SECONDARY_DYNAMIC,5,0.000548377704953074,0.000106337396238756,0.000558592650442555,1.85885423688446,-0.62859720453444
D03_id_iq_step,D03_id_iq_step__steady,2,validation,SECONDARY_DYNAMIC,6,0.00853785344430997,0.00691526705060011,0.0109870769460139,0.0790779382181841,-2.9724780035819
D03_id_iq_step,D03_id_iq_step__steady,2,validation,SECONDARY_DYNAMIC,7,0.000358891376100487,0.000258899497211211,0.000442529060622599,0.920408840325301,-2.49245401073749
D03_id_iq_step,D03_id_iq_step__steady,2,validation,SECONDARY_DYNAMIC,8,0.000731461408834426,0.00124906376393947,0.00144747921539506,1.77990255612635,-2.34782500273228
D03_id_iq_step,D03_id_iq_step__steady,2,validation,SECONDARY_DYNAMIC,9,0.00107157335156084,0.000581048874789113,0.00121896974641253,-0.643399497553445,2.2999910396308
D03_id_iq_step,D03_id_iq_step__steady,2,validation,SECONDARY_DYNAMIC,10,0.000799570840847469,0.00128778932381144,0.00151582151721641,-1.91356494883284,1.13711212167797
D03_id_iq_step,D03_id_iq_step__steady,2,validation,SECONDARY_DYNAMIC,11,0.000458614929133448,0.000637431974249362,0.000785268855246098,0.824700594893957,-0.398493767228918
D03_id_iq_step,D03_id_iq_step__steady,2,validation,SECONDARY_DYNAMIC,12,0.00270701933631002,0.0040089339807105,0.00483730352043901,-0.367683004870843,2.11188210703641
D03_id_iq_step,D03_id_iq_step__steady,2,validation,SECONDARY_DYNAMIC,13,0.000303432753508691,0.000431618436627692,0.000527603933589201,0.769568747483767,-0.46070089183676
D03_id_iq_step,D03_id_iq_step__steady,2,validation,SECONDARY_DYNAMIC,14,0.00168699233135439,0.00143996722690352,0.00221798303433654,0.784168772597995,3.08498120733802
D03_id_iq_step,D03_id_iq_step__steady,2,validation,SECONDARY_DYNAMIC,15,0.00104152586152382,0.000688276914233125,0.00124839946767419,-1.25910797804799,1.82855686807867
D03_id_iq_step,D03_id_iq_step__steady,2,validation,SECONDARY_DYNAMIC,16,0.00153714240110844,0.00139001876264303,0.00207242826698177,-2.83396739198476,0.0370813112274462
D03_id_iq_step,D03_id_iq_step__steady,2,validation,SECONDARY_DYNAMIC,17,0.000675666870008088,0.000690108932605888,0.000965803322674427,-2.24710363964783,-0.838397947297564
D03_id_iq_step,D03_id_iq_step__steady,2,validation,SECONDARY_DYNAMIC,18,0.00493765853053979,0.003361928168906,0.00597352766605262,-0.262023115873726,2.94355604722152
D03_id_iq_step,D03_id_iq_step__steady,2,validation,SECONDARY_DYNAMIC,19,0.000506166414891543,0.00060796719107542,0.00079109325934955,-2.08528641496643,-1.27544537533256
D03_id_iq_step,D03_id_iq_step__steady,2,validation,SECONDARY_DYNAMIC,20,0.00168750367094148,0.00125072533791161,0.00210047197323247,-0.529257557948973,2.06576075073879
D03_id_iq_step,D03_id_iq_step__steady,3,validation,SECONDARY_DYNAMIC,1,0.000175637692492701,0.000197455980995598,0.000264267787395843,-2.93941367299661,0.234001620971345
D03_id_iq_step,D03_id_iq_step__steady,3,validation,SECONDARY_DYNAMIC,2,0.000169009824594956,0.000231536133551491,0.000286658859883297,2.76943965167322,-0.755226658336993
D03_id_iq_step,D03_id_iq_step__steady,3,validation,SECONDARY_DYNAMIC,3,0.000258372959171,0.000201282682267246,0.00032752298272255,-2.83709037406705,-1.89432079988175
D03_id_iq_step,D03_id_iq_step__steady,3,validation,SECONDARY_DYNAMIC,4,0.000178738383062371,0.000260342512787801,0.000315793656593063,1.18215044707227,-2.64255620851864
D03_id_iq_step,D03_id_iq_step__steady,3,validation,SECONDARY_DYNAMIC,5,0.000234272193517044,0.000226628792404874,0.000325951024238579,-1.63601150154431,0.694301340167043
D03_id_iq_step,D03_id_iq_step__steady,3,validation,SECONDARY_DYNAMIC,6,0.00850894124161933,0.00725862972876132,0.0111843545451934,0.140205394744041,-2.93138245693869
D03_id_iq_step,D03_id_iq_step__steady,3,validation,SECONDARY_DYNAMIC,7,0.000832111466769678,0.00105478267179273,0.00134349394410388,2.8366548643924,-0.759526516688653
D03_id_iq_step,D03_id_iq_step__steady,3,validation,SECONDARY_DYNAMIC,8,0.000738959201107463,0.00053970926050209,0.000915066547729231,2.56159806345481,-1.42997551705074
D03_id_iq_step,D03_id_iq_step__steady,3,validation,SECONDARY_DYNAMIC,9,0.000568815637699744,0.000266206028790805,0.000628026177365512,2.08973770142472,2.52396809132755
D03_id_iq_step,D03_id_iq_step__steady,3,validation,SECONDARY_DYNAMIC,10,8.14576068475619e-05,0.000224967275869325,0.000239260562829307,0.237679335530062,2.15509049263435
D03_id_iq_step,D03_id_iq_step__steady,3,validation,SECONDARY_DYNAMIC,11,0.000449384387943236,0.000512404909326965,0.000681546124066077,2.94101491904146,-1.64189762108254
D03_id_iq_step,D03_id_iq_step__steady,3,validation,SECONDARY_DYNAMIC,12,0.00297884137966982,0.00395460503445841,0.00495099959036526,-0.109901004771875,2.14749541845606
D03_id_iq_step,D03_id_iq_step__steady,3,validation,SECONDARY_DYNAMIC,13,0.00140886378999748,0.00109541737985795,0.00178461099819006,2.08113366002267,-2.01718990940666
D03_id_iq_step,D03_id_iq_step__steady,3,validation,SECONDARY_DYNAMIC,14,0.00120811610952949,0.000537156999861903,0.00132215058771885,1.72350948547288,-1.8995802018465
D03_id_iq_step,D03_id_iq_step__steady,3,validation,SECONDARY_DYNAMIC,15,0.000190714768999933,0.000504434758808322,0.000539283366152441,1.83081810795799,0.285987399069283
D03_id_iq_step,D03_id_iq_step__steady,3,validation,SECONDARY_DYNAMIC,16,0.000883997567575022,0.00066257776009571,0.00110474476131458,2.804162800923,-0.407008920600533
D03_id_iq_step,D03_id_iq_step__steady,3,validation,SECONDARY_DYNAMIC,17,0.00108126841988503,0.000351897359768197,0.00113708977114936,1.93703288792734,-1.83060880543717
D03_id_iq_step,D03_id_iq_step__steady,3,validation,SECONDARY_DYNAMIC,18,0.00518853831608777,0.00313957396114624,0.00606447479300709,-0.399652548536069,2.8557366726583
D03_id_iq_step,D03_id_iq_step__steady,3,validation,SECONDARY_DYNAMIC,19,0.00151163006863211,0.000873391364533717,0.00174580581395377,0.658422188195917,2.83549142107859
D03_id_iq_step,D03_id_iq_step__steady,3,validation,SECONDARY_DYNAMIC,20,0.00108918940449354,0.000537729355957305,0.00121469601922425,0.218264368457314,2.74803505620219
D04_torque_ramp,D04_torque_ramp__steady,1,calibration,SECONDARY_DYNAMIC,1,0.000448363764203914,0.0002760715823304,0.000526541150928884,2.24381656944209,-0.826411619641906
D04_torque_ramp,D04_torque_ramp__steady,1,calibration,SECONDARY_DYNAMIC,2,0.000343628860913545,0.000246922657942347,0.000423144884239493,1.84293001834673,-1.1464087587171
D04_torque_ramp,D04_torque_ramp__steady,1,calibration,SECONDARY_DYNAMIC,3,0.000235565164920978,0.000226143798575924,0.000326545501513335,2.24488810706705,-0.757741358063086
D04_torque_ramp,D04_torque_ramp__steady,1,calibration,SECONDARY_DYNAMIC,4,0.000746665142072837,0.000521085927468707,0.000910515995572056,1.13747868604011,-1.98732555795168
D04_torque_ramp,D04_torque_ramp__steady,1,calibration,SECONDARY_DYNAMIC,5,0.00239158501346971,0.00169858361815651,0.00293340504951542,0.298539125768477,-2.78735153939052
D04_torque_ramp,D04_torque_ramp__steady,1,calibration,SECONDARY_DYNAMIC,6,0.0136826199666322,0.00959214771459948,0.016709978663361,-0.208716576662142,-3.13155426557624
D04_torque_ramp,D04_torque_ramp__steady,1,calibration,SECONDARY_DYNAMIC,7,0.00143105748865475,0.001097732706084,0.00180359159175279,1.12565654953071,-1.97653649617825
D04_torque_ramp,D04_torque_ramp__steady,1,calibration,SECONDARY_DYNAMIC,8,0.000931777592284255,0.000929643677247591,0.00131622446722794,1.98305006845788,-1.03901960915169
D04_torque_ramp,D04_torque_ramp__steady,1,calibration,SECONDARY_DYNAMIC,9,0.000458752083402727,0.000402658019293652,0.000610399012554763,2.55455969630806,-0.803322200613939
D04_torque_ramp,D04_torque_ramp__steady,1,calibration,SECONDARY_DYNAMIC,10,0.00196039792944159,0.00181028026271875,0.00266838428104873,0.210783200180247,-2.99127643333133
D04_torque_ramp,D04_torque_ramp__steady,1,calibration,SECONDARY_DYNAMIC,11,0.0033718975273708,0.00298040142095658,0.0045002761654291,-0.146596187207126,2.92205413145302
D04_torque_ramp,D04_torque_ramp__steady,1,calibration,SECONDARY_DYNAMIC,12,0.010400985096617,0.00836831908795857,0.0133495039360248,0.256855639140926,-2.97072135422591
D04_torque_ramp,D04_torque_ramp__steady,1,calibration,SECONDARY_DYNAMIC,13,0.00173692683415783,0.00160448965922232,0.00236459338867571,1.58140796318418,-1.67257618100399
D04_torque_ramp,D04_torque_ramp__steady,1,calibration,SECONDARY_DYNAMIC,14,0.00195296696496472,0.00203086592175345,0.00281753373686687,2.11500001900473,-1.18206513545711
D04_torque_ramp,D04_torque_ramp__steady,1,calibration,SECONDARY_DYNAMIC,15,0.000687918504618446,0.000647338655265417,0.00094460531630799,1.59495365448316,-1.84578260364625
D04_torque_ramp,D04_torque_ramp__steady,1,calibration,SECONDARY_DYNAMIC,16,0.00273337004825314,0.00249003964922886,0.00369751393174104,0.260637520216512,3.14072419547739
D04_torque_ramp,D04_torque_ramp__steady,1,calibration,SECONDARY_DYNAMIC,17,0.00220776944976155,0.00190887146091617,0.00291856749067084,0.84296147684137,-2.55160347822657
D04_torque_ramp,D04_torque_ramp__steady,1,calibration,SECONDARY_DYNAMIC,18,0.00537866378320029,0.0049415054920547,0.00730400579276312,-1.22969288371953,1.71282245584462
D04_torque_ramp,D04_torque_ramp__steady,1,calibration,SECONDARY_DYNAMIC,19,0.00238865847961809,0.0019467525583925,0.00308148257432347,2.96611883115083,-0.473996093010949
D04_torque_ramp,D04_torque_ramp__steady,1,calibration,SECONDARY_DYNAMIC,20,0.00117436017043667,0.00113755649699751,0.00163497908052957,2.52935520465023,-0.972403493792306
D04_torque_ramp,D04_torque_ramp__steady,2,calibration,SECONDARY_DYNAMIC,1,0.000448363764196734,0.000276071582322434,0.000526541150918594,2.24381656943733,-0.826411619638075
D04_torque_ramp,D04_torque_ramp__steady,2,calibration,SECONDARY_DYNAMIC,2,0.00034362886091733,0.000246922657937986,0.000423144884240021,1.84293001830557,-1.14640875873877
D04_torque_ramp,D04_torque_ramp__steady,2,calibration,SECONDARY_DYNAMIC,3,0.0002355651649297,0.000226143798565398,0.000326545501512338,2.24488810706139,-0.757741358080637
D04_torque_ramp,D04_torque_ramp__steady,2,calibration,SECONDARY_DYNAMIC,4,0.000746665142029823,0.00052108592748409,0.000910515995545587,1.1374786860763,-1.98732555795573
D04_torque_ramp,D04_torque_ramp__steady,2,calibration,SECONDARY_DYNAMIC,5,0.00239158501343785,0.00169858361815321,0.00293340504948754,0.298539125752898,-2.78735153938161
D04_torque_ramp,D04_torque_ramp__steady,2,calibration,SECONDARY_DYNAMIC,6,0.0136826199666258,0.00959214771459002,0.0167099786633503,-0.208716576663259,-3.1315542655746
D04_torque_ramp,D04_torque_ramp__steady,2,calibration,SECONDARY_DYNAMIC,7,0.00143105748860794,0.00109773270608093,0.00180359159171377,1.12565654952569,-1.97653649617825
D04_torque_ramp,D04_torque_ramp__steady,2,calibration,SECONDARY_DYNAMIC,8,0.000931777592256382,0.000929643677246583,0.00131622446720749,1.98305006841819,-1.03901960915358
D04_torque_ramp,D04_torque_ramp__steady,2,calibration,SECONDARY_DYNAMIC,9,0.000458752083390119,0.000402658019292639,0.000610399012544619,2.55455969624293,-0.803322200588585
D04_torque_ramp,D04_torque_ramp__steady,2,calibration,SECONDARY_DYNAMIC,10,0.00196039792943264,0.00181028026272269,0.00266838428104483,0.210783200178894,-2.99127643332238
D04_torque_ramp,D04_torque_ramp__steady,2,calibration,SECONDARY_DYNAMIC,11,0.00337189752736936,0.00298040142093942,0.00450027616541667,-0.146596187208576,2.92205413145335
D04_torque_ramp,D04_torque_ramp__steady,2,calibration,SECONDARY_DYNAMIC,12,0.0104009850966128,0.00836831908795923,0.0133495039360219,0.256855639141215,-2.97072135422338
D04_torque_ramp,D04_torque_ramp__steady,2,calibration,SECONDARY_DYNAMIC,13,0.00173692683414585,0.00160448965921916,0.00236459338866477,1.58140796319473,-1.6725761810003
D04_torque_ramp,D04_torque_ramp__steady,2,calibration,SECONDARY_DYNAMIC,14,0.00195296696497905,0.00203086592174709,0.00281753373687222,2.11500001899553,-1.18206513546412
D04_torque_ramp,D04_torque_ramp__steady,2,calibration,SECONDARY_DYNAMIC,15,0.000687918504596428,0.000647338655291529,0.00094460531630985,1.59495365455148,-1.84578260366319
D04_torque_ramp,D04_torque_ramp__steady,2,calibration,SECONDARY_DYNAMIC,16,0.00273337004821492,0.00249003964923564,0.00369751393171737,0.260637520193165,3.14072419549858
D04_torque_ramp,D04_torque_ramp__steady,2,calibration,SECONDARY_DYNAMIC,17,0.00220776944976428,0.00190887146091789,0.00291856749067402,0.842961476827588,-2.55160347821325
D04_torque_ramp,D04_torque_ramp__steady,2,calibration,SECONDARY_DYNAMIC,18,0.0053786637832053,0.00494150549203774,0.00730400579275533,-1.22969288372362,1.71282245584342
D04_torque_ramp,D04_torque_ramp__steady,2,calibration,SECONDARY_DYNAMIC,19,0.00238865847961332,0.00194675255839998,0.00308148257432449,2.96611883115917,-0.473996093012197
D04_torque_ramp,D04_torque_ramp__steady,2,calibration,SECONDARY_DYNAMIC,20,0.0011743601704158,0.00113755649698748,0.00163497908050759,2.52935520461507,-0.972403493768321
D04_torque_ramp,D04_torque_ramp__steady,3,validation,SECONDARY_DYNAMIC,1,0.000448363764205525,0.000276071582328362,0.000526541150929187,2.24381656941672,-0.826411619625609
D04_torque_ramp,D04_torque_ramp__steady,3,validation,SECONDARY_DYNAMIC,2,0.000343628860909531,0.000246922657938907,0.000423144884234226,1.84293001831295,-1.14640875874237
D04_torque_ramp,D04_torque_ramp__steady,3,validation,SECONDARY_DYNAMIC,3,0.000235565164933655,0.000226143798565583,0.000326545501515319,2.2448881070704,-0.757741358090037
D04_torque_ramp,D04_torque_ramp__steady,3,validation,SECONDARY_DYNAMIC,4,0.000746665142034377,0.000521085927478614,0.000910515995546187,1.13747868607569,-1.98732555795908
D04_torque_ramp,D04_torque_ramp__steady,3,validation,SECONDARY_DYNAMIC,5,0.00239158501343589,0.00169858361815777,0.00293340504948858,0.298539125749497,-2.78735153937972
D04_torque_ramp,D04_torque_ramp__steady,3,validation,SECONDARY_DYNAMIC,6,0.0136826199666265,0.00959214771458862,0.0167099786633501,-0.208716576663442,-3.13155426557493
D04_torque_ramp,D04_torque_ramp__steady,3,validation,SECONDARY_DYNAMIC,7,0.00143105748862665,0.00109773270608421,0.00180359159173062,1.12565654952533,-1.97653649618006
D04_torque_ramp,D04_torque_ramp__steady,3,validation,SECONDARY_DYNAMIC,8,0.000931777592247749,0.000929643677249589,0.0013162244672035,1.98305006842987,-1.03901960914618
D04_torque_ramp,D04_torque_ramp__steady,3,validation,SECONDARY_DYNAMIC,9,0.000458752083394938,0.000402658019275048,0.000610399012536636,2.5545596962415,-0.803322200606074
D04_torque_ramp,D04_torque_ramp__steady,3,validation,SECONDARY_DYNAMIC,10,0.0019603979294355,0.00181028026271747,0.00266838428104339,0.210783200182572,-2.99127643332957
D04_torque_ramp,D04_torque_ramp__steady,3,validation,SECONDARY_DYNAMIC,11,0.00337189752737003,0.00298040142094246,0.00450027616541918,-0.146596187211706,2.9220541314557
D04_torque_ramp,D04_torque_ramp__steady,3,validation,SECONDARY_DYNAMIC,12,0.0104009850966094,0.00836831908795126,0.0133495039360143,0.256855639141232,-2.97072135422363
D04_torque_ramp,D04_torque_ramp__steady,3,validation,SECONDARY_DYNAMIC,13,0.00173692683415593,0.00160448965920579,0.0023645933886631,1.58140796318443,-1.67257618100584
D04_torque_ramp,D04_torque_ramp__steady,3,validation,SECONDARY_DYNAMIC,14,0.00195296696497633,0.00203086592175004,0.00281753373687246,2.11500001900516,-1.18206513545877
D04_torque_ramp,D04_torque_ramp__steady,3,validation,SECONDARY_DYNAMIC,15,0.000687918504600972,0.000647338655297773,0.000944605316317438,1.59495365454816,-1.84578260366957
D04_torque_ramp,D04_torque_ramp__steady,3,validation,SECONDARY_DYNAMIC,16,0.00273337004822724,0.00249003964923417,0.00369751393172548,0.260637520193867,3.14072419549492
D04_torque_ramp,D04_torque_ramp__steady,3,validation,SECONDARY_DYNAMIC,17,0.00220776944974564,0.00190887146091522,0.00291856749065818,0.842961476829165,-2.55160347821004
D04_torque_ramp,D04_torque_ramp__steady,3,validation,SECONDARY_DYNAMIC,18,0.00537866378320372,0.00494150549203632,0.00730400579275322,-1.22969288372301,1.71282245584288
D04_torque_ramp,D04_torque_ramp__steady,3,validation,SECONDARY_DYNAMIC,19,0.00238865847960213,0.00194675255839815,0.00308148257431466,2.96611883115698,-0.473996093016332
D04_torque_ramp,D04_torque_ramp__steady,3,validation,SECONDARY_DYNAMIC,20,0.0011743601704276,0.00113755649699045,0.00163497908051814,2.52935520462287,-0.972403493772694
D04_torque_ramp,D04_torque_ramp__steady,4,validation,SECONDARY_DYNAMIC,1,0.000448363764197976,0.000276071582318841,0.000526541150917767,2.24381656943438,-0.826411619628517
D04_torque_ramp,D04_torque_ramp__steady,4,validation,SECONDARY_DYNAMIC,2,0.000343628860920013,0.000246922657937549,0.000423144884241945,1.84293001830556,-1.14640875868229
D04_torque_ramp,D04_torque_ramp__steady,4,validation,SECONDARY_DYNAMIC,3,0.000235565164930738,0.000226143798562204,0.000326545501510875,2.24488810707448,-0.757741358051523
D04_torque_ramp,D04_torque_ramp__steady,4,validation,SECONDARY_DYNAMIC,4,0.000746665142026326,0.000521085927480078,0.000910515995540422,1.13747868607493,-1.98732555796757
D04_torque_ramp,D04_torque_ramp__steady,4,validation,SECONDARY_DYNAMIC,5,0.00239158501343659,0.0016985836181556,0.00293340504948789,0.298539125751374,-2.78735153938042
D04_torque_ramp,D04_torque_ramp__steady,4,validation,SECONDARY_DYNAMIC,6,0.0136826199666285,0.00959214771459451,0.0167099786633551,-0.208716576663027,-3.13155426557509
D04_torque_ramp,D04_torque_ramp__steady,4,validation,SECONDARY_DYNAMIC,7,0.00143105748860876,0.00109773270608912,0.00180359159171941,1.12565654952532,-1.976536496186
D04_torque_ramp,D04_torque_ramp__steady,4,validation,SECONDARY_DYNAMIC,8,0.000931777592257509,0.000929643677246291,0.00131622446720809,1.98305006841786,-1.039019609142
D04_torque_ramp,D04_torque_ramp__steady,4,validation,SECONDARY_DYNAMIC,9,0.000458752083392267,0.00040265801928361,0.000610399012540278,2.55455969624328,-0.803322200590257
D04_torque_ramp,D04_torque_ramp__steady,4,validation,SECONDARY_DYNAMIC,10,0.00196039792943252,0.00181028026272073,0.0026683842810434,0.210783200177852,-2.99127643332319
D04_torque_ramp,D04_torque_ramp__steady,4,validation,SECONDARY_DYNAMIC,11,0.0033718975273696,0.0029804014209211,0.00450027616540471,-0.146596187209682,2.92205413145252
D04_torque_ramp,D04_torque_ramp__steady,4,validation,SECONDARY_DYNAMIC,12,0.0104009850966165,0.00836831908796063,0.0133495039360257,0.256855639141136,-2.97072135422447
D04_torque_ramp,D04_torque_ramp__steady,4,validation,SECONDARY_DYNAMIC,13,0.00173692683414511,0.00160448965922766,0.00236459338866999,1.58140796319442,-1.67257618099912
D04_torque_ramp,D04_torque_ramp__steady,4,validation,SECONDARY_DYNAMIC,14,0.00195296696497998,0.00203086592174057,0.00281753373686816,2.11500001899495,-1.1820651354604
D04_torque_ramp,D04_torque_ramp__steady,4,validation,SECONDARY_DYNAMIC,15,0.000687918504597772,0.000647338655297391,0.000944605316314846,1.59495365455464,-1.84578260368325
D04_torque_ramp,D04_torque_ramp__steady,4,validation,SECONDARY_DYNAMIC,16,0.00273337004821549,0.00249003964924301,0.00369751393172275,0.260637520192903,3.14072419549349
D04_torque_ramp,D04_torque_ramp__steady,4,validation,SECONDARY_DYNAMIC,17,0.00220776944976138,0.00190887146090948,0.00291856749066633,0.842961476826757,-2.55160347821219
D04_torque_ramp,D04_torque_ramp__steady,4,validation,SECONDARY_DYNAMIC,18,0.00537866378320493,0.00494150549202934,0.00730400579274938,-1.22969288372361,1.71282245584382
D04_torque_ramp,D04_torque_ramp__steady,4,validation,SECONDARY_DYNAMIC,19,0.00238865847961263,0.00194675255840318,0.00308148257432598,2.96611883115852,-0.473996093013627
D04_torque_ramp,D04_torque_ramp__steady,4,validation,SECONDARY_DYNAMIC,20,0.00117436017041687,0.00113755649698828,0.00163497908050892,2.52935520461462,-0.972403493770568
P01_Ld_minus10,P01_Ld_minus10__steady,1,calibration,ENGINEERING_PRIMARY,1,0.000601754855959635,9.47749316982136e-05,0.000609172548913197,-0.732678328197211,2.6186423195687
P01_Ld_minus10,P01_Ld_minus10__steady,1,calibration,ENGINEERING_PRIMARY,2,0.000366498084475577,4.63302710454587e-05,0.000369414861557318,1.85101381759635,-2.7915976639042
P01_Ld_minus10,P01_Ld_minus10__steady,1,calibration,ENGINEERING_PRIMARY,3,0.00058360050915564,0.000137311668445728,0.000599536528143258,-2.0245421365536,1.25795748871044
P01_Ld_minus10,P01_Ld_minus10__steady,1,calibration,ENGINEERING_PRIMARY,4,0.000245207645977406,0.000123047115777035,0.000274349015574738,-0.240958766772226,-0.409410839008886
P01_Ld_minus10,P01_Ld_minus10__steady,1,calibration,ENGINEERING_PRIMARY,5,0.000666668568838274,2.52793132230915e-05,0.000667147678069784,3.02308522645084,-0.592256420649436
P01_Ld_minus10,P01_Ld_minus10__steady,1,calibration,ENGINEERING_PRIMARY,6,0.00925315895103376,0.00662298720720592,0.0113791436461585,0.612778005821366,-2.86616373791515
P01_Ld_minus10,P01_Ld_minus10__steady,1,calibration,ENGINEERING_PRIMARY,7,0.00057286851673908,0.000365558802488984,0.000679567197227775,2.31753537439383,0.0879275428402984
P01_Ld_minus10,P01_Ld_minus10__steady,1,calibration,ENGINEERING_PRIMARY,8,0.000371604323792131,0.000193809168177384,0.00041910830000206,3.07492419924658,0.708746311442932
P01_Ld_minus10,P01_Ld_minus10__steady,1,calibration,ENGINEERING_PRIMARY,9,0.00021456224183196,7.76536122729395e-05,0.000228182030666292,-0.576125077616505,-1.37391463837997
P01_Ld_minus10,P01_Ld_minus10__steady,1,calibration,ENGINEERING_PRIMARY,10,0.000650015353184555,0.000143590739476851,0.000665686307384454,1.54695690644533,2.52498750912515
P01_Ld_minus10,P01_Ld_minus10__steady,1,calibration,ENGINEERING_PRIMARY,11,0.00116748474082736,0.000694435651381801,0.00135840402457251,-2.33171556551603,0.389676001929066
P01_Ld_minus10,P01_Ld_minus10__steady,1,calibration,ENGINEERING_PRIMARY,12,0.00820631520987237,0.00355538378997246,0.00894339774458128,1.15501906540647,-2.83757088457893
P01_Ld_minus10,P01_Ld_minus10__steady,1,calibration,ENGINEERING_PRIMARY,13,0.000915270565967329,0.000568772727015009,0.00107760040085472,-1.48228836410264,0.39935394695935
P01_Ld_minus10,P01_Ld_minus10__steady,1,calibration,ENGINEERING_PRIMARY,14,0.000594699922218671,0.000349961174203889,0.000690029579755142,-2.20772080921287,-1.11516400388408
P01_Ld_minus10,P01_Ld_minus10__steady,1,calibration,ENGINEERING_PRIMARY,15,0.00115615101405707,0.000381666064003945,0.0012175196720043,1.64740803126373,-2.16130257978663
P01_Ld_minus10,P01_Ld_minus10__steady,1,calibration,ENGINEERING_PRIMARY,16,0.000697727503736669,0.000366668061062891,0.000788206277870345,-1.22825025738563,0.741297747944147
P01_Ld_minus10,P01_Ld_minus10__steady,1,calibration,ENGINEERING_PRIMARY,17,0.00416311903728846,0.00132238442269863,0.00436809577276296,-0.790847092597325,1.13484749948342
P01_Ld_minus10,P01_Ld_minus10__steady,1,calibration,ENGINEERING_PRIMARY,18,0.0116826647965726,0.00457790736356792,0.012547585129358,0.802355390361989,2.75983252130171
P01_Ld_minus10,P01_Ld_minus10__steady,1,calibration,ENGINEERING_PRIMARY,19,0.00208632295107811,0.00054297511957713,0.00215582129052365,-1.31236920766482,1.20945895207428
P01_Ld_minus10,P01_Ld_minus10__steady,1,calibration,ENGINEERING_PRIMARY,20,0.0010668389192201,0.000350201766188768,0.00112284752152928,0.867143231791718,2.8751659457812
P01_Ld_minus10,P01_Ld_minus10__steady,2,validation,ENGINEERING_PRIMARY,1,0.000323476682998558,5.99662368793259e-05,0.000328988014993278,2.78290480247957,-0.740527415690054
P01_Ld_minus10,P01_Ld_minus10__steady,2,validation,ENGINEERING_PRIMARY,2,0.000483374946569326,5.74498297537884e-05,0.00048677697347927,-1.34990768451666,2.06608267026449
P01_Ld_minus10,P01_Ld_minus10__steady,2,validation,ENGINEERING_PRIMARY,3,0.000554731662194056,2.07492908583754e-05,0.000555119581812519,0.622721437956476,1.99859800990258
P01_Ld_minus10,P01_Ld_minus10__steady,2,validation,ENGINEERING_PRIMARY,4,0.000279825711820738,0.00014092016436065,0.00031330643421324,-2.95324077576928,1.09190796360262
P01_Ld_minus10,P01_Ld_minus10__steady,2,validation,ENGINEERING_PRIMARY,5,0.000495415947770677,0.000108910256464666,0.000507245902170453,-0.240346828470024,2.66482339313191
P01_Ld_minus10,P01_Ld_minus10__steady,2,validation,ENGINEERING_PRIMARY,6,0.0094700008075806,0.00651054265889219,0.0114920877567495,0.657389683406826,-2.85437521606401
P01_Ld_minus10,P01_Ld_minus10__steady,2,validation,ENGINEERING_PRIMARY,7,0.00047060966295982,0.000220748938088553,0.000519811070042163,-1.18058530050543,2.4249768892137
P01_Ld_minus10,P01_Ld_minus10__steady,2,validation,ENGINEERING_PRIMARY,8,0.000333586705715424,0.000281511037532911,0.000436495766855676,-1.75760838302514,1.49843429968078
P01_Ld_minus10,P01_Ld_minus10__steady,2,validation,ENGINEERING_PRIMARY,9,0.000200278293560721,0.00031043934412965,0.00036943738475585,-2.64549453840314,-2.11838287633932
P01_Ld_minus10,P01_Ld_minus10__steady,2,validation,ENGINEERING_PRIMARY,10,0.000441873290306476,0.000415552556935687,0.000606577226956353,2.85019235811779,-1.10068751577525
P01_Ld_minus10,P01_Ld_minus10__steady,2,validation,ENGINEERING_PRIMARY,11,0.000577311028778255,0.000468744443219944,0.000743646002476032,1.1153752709627,-2.20619160931048
P01_Ld_minus10,P01_Ld_minus10__steady,2,validation,ENGINEERING_PRIMARY,12,0.00778176510725007,0.00343664037783967,0.00850684226202724,1.22312748920261,-2.8144677204541
P01_Ld_minus10,P01_Ld_minus10__steady,2,validation,ENGINEERING_PRIMARY,13,0.00100275326676857,0.000425087619435597,0.00108913433432817,1.37070138927894,-2.91521279026001
P01_Ld_minus10,P01_Ld_minus10__steady,2,validation,ENGINEERING_PRIMARY,14,0.00114464524139853,0.000233472072053947,0.00116821313855198,1.02170677937174,2.64549993229309
P01_Ld_minus10,P01_Ld_minus10__steady,2,validation,ENGINEERING_PRIMARY,15,0.000939489198252778,0.000620555842300039,0.00112593494796385,1.7180452526308,2.91644093632986
P01_Ld_minus10,P01_Ld_minus10__steady,2,validation,ENGINEERING_PRIMARY,16,0.00142320341108668,0.000631157952423216,0.001556877744152,-2.75108606627885,-0.964320087353152
P01_Ld_minus10,P01_Ld_minus10__steady,2,validation,ENGINEERING_PRIMARY,17,0.00337484085704941,0.00109565224503783,0.00354823965544416,2.97039547320433,-1.2661040976351
P01_Ld_minus10,P01_Ld_minus10__steady,2,validation,ENGINEERING_PRIMARY,18,0.0116138427917063,0.00482307796886378,0.0125755089552752,0.63422879820404,2.61861397064762
P01_Ld_minus10,P01_Ld_minus10__steady,2,validation,ENGINEERING_PRIMARY,19,0.00232989309844155,0.000857605442552512,0.00248271805593411,2.01894673496499,-2.12557494743679
P01_Ld_minus10,P01_Ld_minus10__steady,2,validation,ENGINEERING_PRIMARY,20,0.000623956673565244,0.00034379848295855,0.000712403907464863,2.95992796525936,-1.57323655041911
P01_Ld_minus10,P01_Ld_minus10__steady,3,validation,ENGINEERING_PRIMARY,1,0.000322993920648054,3.84614412584137e-05,0.000325275814101319,2.0344837225693,-0.178897213634824
P01_Ld_minus10,P01_Ld_minus10__steady,3,validation,ENGINEERING_PRIMARY,2,0.000213464539130276,5.3758985001892e-05,0.000220129820638946,-1.36394681503427,1.93922074512521
P01_Ld_minus10,P01_Ld_minus10__steady,3,validation,ENGINEERING_PRIMARY,3,0.00025809566291385,0.000148546656157774,0.000297791000989949,2.2702963185054,-1.70555555555374
P01_Ld_minus10,P01_Ld_minus10__steady,3,validation,ENGINEERING_PRIMARY,4,5.2110375262647e-05,0.000129530255964763,0.000139619405600765,2.04568635608621,0.214348411154543
P01_Ld_minus10,P01_Ld_minus10__steady,3,validation,ENGINEERING_PRIMARY,5,0.000185063913117845,8.37641058496147e-05,0.000203138074637117,0.212117486779254,-0.438308621450964
P01_Ld_minus10,P01_Ld_minus10__steady,3,validation,ENGINEERING_PRIMARY,6,0.0096597059569107,0.00664231199221482,0.011723063924414,0.63553660101528,-2.86823455063875
P01_Ld_minus10,P01_Ld_minus10__steady,3,validation,ENGINEERING_PRIMARY,7,0.000210504185397743,0.000265367519443278,0.000338721024510504,0.0689678419476845,-2.41098986118954
P01_Ld_minus10,P01_Ld_minus10__steady,3,validation,ENGINEERING_PRIMARY,8,0.000381330348410599,0.000225940269313548,0.000443240160541018,-0.0716301254714903,-3.11373883086066
P01_Ld_minus10,P01_Ld_minus10__steady,3,validation,ENGINEERING_PRIMARY,9,0.0002128919722612,0.000365271329798582,0.000422783793712683,1.60017265147999,1.16659887837848
P01_Ld_minus10,P01_Ld_minus10__steady,3,validation,ENGINEERING_PRIMARY,10,0.000332820325485099,0.000396010330975704,0.000517294453184541,-0.0230224373810413,-2.94754243799423
P01_Ld_minus10,P01_Ld_minus10__steady,3,validation,ENGINEERING_PRIMARY,11,0.000640530749019755,0.000381241435647472,0.000745402356244166,0.534810916996993,2.83852336734233
P01_Ld_minus10,P01_Ld_minus10__steady,3,validation,ENGINEERING_PRIMARY,12,0.00840852823368327,0.00372496156765387,0.00919666709939786,1.22062115060863,-2.80282949772779
P01_Ld_minus10,P01_Ld_minus10__steady,3,validation,ENGINEERING_PRIMARY,13,0.00028897110449716,0.000166467967847757,0.000333490454966361,-2.89140653534503,-2.28898687538076
P01_Ld_minus10,P01_Ld_minus10__steady,3,validation,ENGINEERING_PRIMARY,14,0.00150945824887368,0.00050831993280254,0.00159275025009484,2.36484800242956,-1.85415759795575
P01_Ld_minus10,P01_Ld_minus10__steady,3,validation,ENGINEERING_PRIMARY,15,0.0020854471581096,0.00083372640733233,0.0022459273299799,-1.46158625353494,0.214922953960646
P01_Ld_minus10,P01_Ld_minus10__steady,3,validation,ENGINEERING_PRIMARY,16,0.00207788576689602,0.000828218162086652,0.00223686266549363,1.80133453673179,-2.51937935934263
P01_Ld_minus10,P01_Ld_minus10__steady,3,validation,ENGINEERING_PRIMARY,17,0.00241750194456871,0.000899688851932304,0.00257948748442104,1.40513234169244,-2.9705922080867
P01_Ld_minus10,P01_Ld_minus10__steady,3,validation,ENGINEERING_PRIMARY,18,0.0105574765322255,0.00436157883923476,0.0114229453600791,0.751859278649991,2.72418556979586
P01_Ld_minus10,P01_Ld_minus10__steady,3,validation,ENGINEERING_PRIMARY,19,0.000484901241208943,0.000341670417892284,0.000593184531312695,-0.171844993524036,0.70351366795021
P01_Ld_minus10,P01_Ld_minus10__steady,3,validation,ENGINEERING_PRIMARY,20,0.00224289777190765,0.000837133388886261,0.0023940306443353,-3.12259240697403,-1.02275169183318
P02_Ld_plus10,P02_Ld_plus10__steady,1,calibration,ENGINEERING_PRIMARY,1,0.000501310884595008,0.000373029723450758,0.000624871008761951,1.40031959773381,-2.24601072331786
P02_Ld_plus10,P02_Ld_plus10__steady,1,calibration,ENGINEERING_PRIMARY,2,0.000467028172155943,0.000613306198957726,0.000770882486029677,-2.57214938792323,0.142202509142902
P02_Ld_plus10,P02_Ld_plus10__steady,1,calibration,ENGINEERING_PRIMARY,3,0.000377321187978415,0.000157373391401856,0.000408824734108352,0.91503393372392,0.731078746051241
P02_Ld_plus10,P02_Ld_plus10__steady,1,calibration,ENGINEERING_PRIMARY,4,0.000823382343102393,0.000944946955040816,0.00125334880650747,-1.09559465796254,2.33107427875821
P02_Ld_plus10,P02_Ld_plus10__steady,1,calibration,ENGINEERING_PRIMARY,5,0.00194821661778794,0.00164390077981525,0.00254910920984219,1.58578066863807,-1.02314808779354
P02_Ld_plus10,P02_Ld_plus10__steady,1,calibration,ENGINEERING_PRIMARY,6,0.0102817914744827,0.00781042286013325,0.0129119301879633,-0.659305695398029,3.04597152297575
P02_Ld_plus10,P02_Ld_plus10__steady,1,calibration,ENGINEERING_PRIMARY,7,0.00271222451317132,0.00231247983997639,0.00356422850279617,0.249927733949169,-2.28216845462616
P02_Ld_plus10,P02_Ld_plus10__steady,1,calibration,ENGINEERING_PRIMARY,8,0.00177563506940333,0.00130900963405989,0.0022059886948388,-3.12440609133228,0.342922531292584
P02_Ld_plus10,P02_Ld_plus10__steady,1,calibration,ENGINEERING_PRIMARY,9,0.0002999570875996,7.70674273459203e-05,0.000309699277943867,-2.50690738917628,-1.38403802400335
P02_Ld_plus10,P02_Ld_plus10__steady,1,calibration,ENGINEERING_PRIMARY,10,0.00281361993320344,0.00108748711733948,0.00301646902170387,-1.54920915543524,2.27554003932407
P02_Ld_plus10,P02_Ld_plus10__steady,1,calibration,ENGINEERING_PRIMARY,11,0.00619513662368907,0.00408179418344136,0.0074189461207202,1.22968143676955,-0.979059010003393
P02_Ld_plus10,P02_Ld_plus10__steady,1,calibration,ENGINEERING_PRIMARY,12,0.0054061187199151,0.00503736960591535,0.00738926330295627,-1.64674709975242,2.40747530502036
P02_Ld_plus10,P02_Ld_plus10__steady,1,calibration,ENGINEERING_PRIMARY,13,0.00408236118818064,0.00204805464425689,0.00456729686977164,-0.475537718302335,-2.66206244902098
P02_Ld_plus10,P02_Ld_plus10__steady,1,calibration,ENGINEERING_PRIMARY,14,0.00478133538935125,0.00230832018177248,0.00530937945216206,2.53123077151795,0.557870177943122
P02_Ld_plus10,P02_Ld_plus10__steady,1,calibration,ENGINEERING_PRIMARY,15,0.000913521014847949,0.000295736419277163,0.00096019824737171,2.88761140886659,1.02813496059135
P02_Ld_plus10,P02_Ld_plus10__steady,1,calibration,ENGINEERING_PRIMARY,16,0.00223901938368276,0.000895570612093406,0.00241148388378453,-2.80538024621829,1.77587181369095
P02_Ld_plus10,P02_Ld_plus10__steady,1,calibration,ENGINEERING_PRIMARY,17,0.00550832267599814,0.00292349738823483,0.00623606091069765,1.02188054044879,-1.10314683740534
P02_Ld_plus10,P02_Ld_plus10__steady,1,calibration,ENGINEERING_PRIMARY,18,0.0131126898119353,0.00615780177875221,0.0144865854103179,-2.03108349359566,2.17141779276399
P02_Ld_plus10,P02_Ld_plus10__steady,1,calibration,ENGINEERING_PRIMARY,19,0.002406593360827,0.00131576582352428,0.00274279625687566,-0.787184678644661,-2.56314348997955
P02_Ld_plus10,P02_Ld_plus10__steady,1,calibration,ENGINEERING_PRIMARY,20,0.00279030031140959,0.00128893211284391,0.00307361705802344,2.22568280520391,0.37738344545169
P02_Ld_plus10,P02_Ld_plus10__steady,2,validation,ENGINEERING_PRIMARY,1,0.000142682890325628,0.000271870324661452,0.000307037262597227,-1.59434901995577,0.548746362125667
P02_Ld_plus10,P02_Ld_plus10__steady,2,validation,ENGINEERING_PRIMARY,2,0.000490988439683104,0.000391784478652126,0.000628143873340469,1.94795360494804,-0.410739558198027
P02_Ld_plus10,P02_Ld_plus10__steady,2,validation,ENGINEERING_PRIMARY,3,0.000516615878072877,0.00104794903893049,0.00116837029818134,1.10294913802283,-2.01864160494668
P02_Ld_plus10,P02_Ld_plus10__steady,2,validation,ENGINEERING_PRIMARY,4,0.0010881707165984,0.000710735062651868,0.00129971529103301,0.238466278807191,-2.51867516328482
P02_Ld_plus10,P02_Ld_plus10__steady,2,validation,ENGINEERING_PRIMARY,5,0.000978765299408307,0.000837937450849531,0.00128845670585474,-1.03584731751237,2.62991763478914
P02_Ld_plus10,P02_Ld_plus10__steady,2,validation,ENGINEERING_PRIMARY,6,0.0100722042302036,0.00775644626667341,0.0127126612769602,-0.553742984462605,-3.09105410041311
P02_Ld_plus10,P02_Ld_plus10__steady,2,validation,ENGINEERING_PRIMARY,7,0.00205578203114679,0.00165958816826723,0.00264205841113299,2.86955377507034,0.298389177811255
P02_Ld_plus10,P02_Ld_plus10__steady,2,validation,ENGINEERING_PRIMARY,8,0.00165868984020689,0.00145748152468301,0.00220805443338652,2.15201285960807,-0.501773761751793
P02_Ld_plus10,P02_Ld_plus10__steady,2,validation,ENGINEERING_PRIMARY,9,0.00242589297572115,0.00117370841872588,0.00269491153506775,0.654068060905218,-2.20643438595771
P02_Ld_plus10,P02_Ld_plus10__steady,2,validation,ENGINEERING_PRIMARY,10,0.00346678961899734,0.00254415705373805,0.00430015876177529,-0.310788523992246,-2.547955762217
P02_Ld_plus10,P02_Ld_plus10__steady,2,validation,ENGINEERING_PRIMARY,11,0.00307137636290913,0.00228693500766501,0.00382928511499479,-1.11297930877989,3.03697156623396
P02_Ld_plus10,P02_Ld_plus10__steady,2,validation,ENGINEERING_PRIMARY,12,0.00361709125467701,0.0037731615735713,0.00522686305588122,-1.16869027070965,2.56918879586279
P02_Ld_plus10,P02_Ld_plus10__steady,2,validation,ENGINEERING_PRIMARY,13,0.00135582635317548,0.000405281622389425,0.00141510363345294,2.19901441448527,-0.226627901879664
P02_Ld_plus10,P02_Ld_plus10__steady,2,validation,ENGINEERING_PRIMARY,14,0.00265449218852785,0.00153465699765344,0.00306618670002367,1.30002559598353,-0.963042881310366
P02_Ld_plus10,P02_Ld_plus10__steady,2,validation,ENGINEERING_PRIMARY,15,0.00405622650375388,0.00161998392416123,0.00436775930704706,0.0110863662365051,-1.76766930542984
P02_Ld_plus10,P02_Ld_plus10__steady,2,validation,ENGINEERING_PRIMARY,16,0.00229353996048684,0.00159614318749917,0.00279427962547595,-0.798417024576281,-2.98075506420164
P02_Ld_plus10,P02_Ld_plus10__steady,2,validation,ENGINEERING_PRIMARY,17,0.00345189495111535,0.00180335216433834,0.00389456772725285,-1.1977220452146,2.92432355897542
P02_Ld_plus10,P02_Ld_plus10__steady,2,validation,ENGINEERING_PRIMARY,18,0.0115553400412201,0.00530924776641523,0.0127166817729079,-2.02033372156876,2.16490592354127
P02_Ld_plus10,P02_Ld_plus10__steady,2,validation,ENGINEERING_PRIMARY,19,0.000219260467370574,0.0004849365141392,0.000532201630302878,-1.51780122172614,1.37740126925354
P02_Ld_plus10,P02_Ld_plus10__steady,2,validation,ENGINEERING_PRIMARY,20,0.00230740557301842,0.000909175326559278,0.00248006456626045,0.542987839147652,-1.41638791248919
P02_Ld_plus10,P02_Ld_plus10__steady,3,validation,ENGINEERING_PRIMARY,1,0.000360471260746869,0.000149657169804432,0.000390303469493047,-1.8000498609275,1.56321386406355
P02_Ld_plus10,P02_Ld_plus10__steady,3,validation,ENGINEERING_PRIMARY,2,0.000421431114798326,0.000496521891616466,0.000651258914238073,-1.57628520486287,1.60370101412787
P02_Ld_plus10,P02_Ld_plus10__steady,3,validation,ENGINEERING_PRIMARY,3,0.000879963436956683,0.000909820918594083,0.00126574474294464,-2.09105309453002,1.1782806185057
P02_Ld_plus10,P02_Ld_plus10__steady,3,validation,ENGINEERING_PRIMARY,4,0.000906747468400788,0.000631245197356478,0.00110483549483027,-1.89050010126218,1.33311136435116
P02_Ld_plus10,P02_Ld_plus10__steady,3,validation,ENGINEERING_PRIMARY,5,0.00120147263570895,0.0010000606417079,0.00156322032402686,-1.97093719037786,1.69570108298923
P02_Ld_plus10,P02_Ld_plus10__steady,3,validation,ENGINEERING_PRIMARY,6,0.0100844863344356,0.00779304944527246,0.0127447433981967,-0.523904849212673,-3.05450658849864
P02_Ld_plus10,P02_Ld_plus10__steady,3,validation,ENGINEERING_PRIMARY,7,0.00138404234451038,0.00126529525983274,0.00187524539886197,-2.05639801361972,1.62971695806381
P02_Ld_plus10,P02_Ld_plus10__steady,3,validation,ENGINEERING_PRIMARY,8,0.0024284042238813,0.00173333873434845,0.00298355664309515,-2.27457537142584,1.41690248265498
P02_Ld_plus10,P02_Ld_plus10__steady,3,validation,ENGINEERING_PRIMARY,9,0.0021269974855486,0.00122291814365684,0.0024534969104556,-2.4889832923945,0.982699563783841
P02_Ld_plus10,P02_Ld_plus10__steady,3,validation,ENGINEERING_PRIMARY,10,0.0023486232613415,0.00148642722996327,0.00277947785270735,-2.28063178320183,1.87296675947636
P02_Ld_plus10,P02_Ld_plus10__steady,3,validation,ENGINEERING_PRIMARY,11,0.00461444561616337,0.00314871282856918,0.0055863674083724,-2.40988765203143,1.57216472738739
P02_Ld_plus10,P02_Ld_plus10__steady,3,validation,ENGINEERING_PRIMARY,12,0.00545231920297501,0.00483739091020715,0.00728890495954535,-0.856953785337242,2.88944854762806
P02_Ld_plus10,P02_Ld_plus10__steady,3,validation,ENGINEERING_PRIMARY,13,0.00293792073865941,0.00175691346620466,0.00342317443236192,2.87703844270596,0.629159612785593
P02_Ld_plus10,P02_Ld_plus10__steady,3,validation,ENGINEERING_PRIMARY,14,0.00261701692240952,0.00114890663947628,0.00285810497330145,-2.82017179618614,1.38164699788125
P02_Ld_plus10,P02_Ld_plus10__steady,3,validation,ENGINEERING_PRIMARY,15,0.0031774075141834,0.00134388974017418,0.00344992146938659,-3.05648533943159,1.44884953456669
P02_Ld_plus10,P02_Ld_plus10__steady,3,validation,ENGINEERING_PRIMARY,16,0.00246689740942829,0.00157594315926266,0.0029273161205908,-2.9653449815572,1.45217160152288
P02_Ld_plus10,P02_Ld_plus10__steady,3,validation,ENGINEERING_PRIMARY,17,0.00439063169240453,0.00226670415657112,0.00494121385812877,-2.79754634612691,1.37403090884137
P02_Ld_plus10,P02_Ld_plus10__steady,3,validation,ENGINEERING_PRIMARY,18,0.0124599459528498,0.00565427556020092,0.0136828756209586,-1.79747721015493,2.36173060403747
P02_Ld_plus10,P02_Ld_plus10__steady,3,validation,ENGINEERING_PRIMARY,19,0.0025756234967944,0.00103696830363262,0.00277653374911563,2.29711611155853,0.238918534140773
P02_Ld_plus10,P02_Ld_plus10__steady,3,validation,ENGINEERING_PRIMARY,20,0.00108725355210481,0.000771436340661083,0.00133312951893546,-3.00757090213007,1.83355647973809
P03_Lq_minus10,P03_Lq_minus10__steady,1,calibration,ENGINEERING_PRIMARY,1,5.29638620612405e-05,0.000163294456955184,0.000171669013967957,2.63376552976213,1.75510701962543
P03_Lq_minus10,P03_Lq_minus10__steady,1,calibration,ENGINEERING_PRIMARY,2,1.37569555733831e-05,3.36179692381721e-05,3.63238445424864e-05,2.00576274106646,-1.38710567951435
P03_Lq_minus10,P03_Lq_minus10__steady,1,calibration,ENGINEERING_PRIMARY,3,0.000129408984676475,0.000359571539342275,0.000382149679078721,0.942765006109757,-2.6265954302594
P03_Lq_minus10,P03_Lq_minus10__steady,1,calibration,ENGINEERING_PRIMARY,4,0.000166376586947934,0.000161702172176686,0.000232010260917706,0.0800121664470354,-1.68483816752903
P03_Lq_minus10,P03_Lq_minus10__steady,1,calibration,ENGINEERING_PRIMARY,5,0.00040989630816612,0.000342396805020858,0.000534088527808551,-1.82427404159389,0.873298739344898
P03_Lq_minus10,P03_Lq_minus10__steady,1,calibration,ENGINEERING_PRIMARY,6,0.00711419147055536,0.00845888015182029,0.0110527993604599,-0.114814912955015,2.58135476171701
P03_Lq_minus10,P03_Lq_minus10__steady,1,calibration,ENGINEERING_PRIMARY,7,0.000667901761811295,0.000585589825113946,0.000888261339194504,1.13118666580473,-2.37181000255927
P03_Lq_minus10,P03_Lq_minus10__steady,1,calibration,ENGINEERING_PRIMARY,8,0.000597812053750119,0.000480413632813389,0.00076692666546541,-0.730207268672917,1.7038547198783
P03_Lq_minus10,P03_Lq_minus10__steady,1,calibration,ENGINEERING_PRIMARY,9,0.000683292356871061,0.000607027576488526,0.000913986281940786,1.06360097113404,2.47950102341818
P03_Lq_minus10,P03_Lq_minus10__steady,1,calibration,ENGINEERING_PRIMARY,10,0.000486306763521472,0.000331270261982621,0.000588416735588616,-2.29894173259976,-0.0687562867780262
P03_Lq_minus10,P03_Lq_minus10__steady,1,calibration,ENGINEERING_PRIMARY,11,0.000940563726958596,0.00144426458533088,0.00172353135071899,-2.65520459195903,0.135757611895645
P03_Lq_minus10,P03_Lq_minus10__steady,1,calibration,ENGINEERING_PRIMARY,12,0.00444520298455144,0.00740259593801572,0.00863471228214304,0.224704050299278,2.12477662056701
P03_Lq_minus10,P03_Lq_minus10__steady,1,calibration,ENGINEERING_PRIMARY,13,0.000190613785136265,0.000750279961654838,0.000774114743397101,1.91771991126703,-1.67162410480773
P03_Lq_minus10,P03_Lq_minus10__steady,1,calibration,ENGINEERING_PRIMARY,14,0.000880235163541167,0.00124967642400959,0.00152856308599277,-2.54772406405646,-0.356847289058601
P03_Lq_minus10,P03_Lq_minus10__steady,1,calibration,ENGINEERING_PRIMARY,15,0.00128772557319546,0.00232352152693746,0.00265649947073275,-1.2977616867333,0.327199692897647
P03_Lq_minus10,P03_Lq_minus10__steady,1,calibration,ENGINEERING_PRIMARY,16,0.000582094762166941,0.000701946658166944,0.000911900994107325,1.62714008215134,-3.08818123397267
P03_Lq_minus10,P03_Lq_minus10__steady,1,calibration,ENGINEERING_PRIMARY,17,0.00108765028702623,0.00283610517875362,0.00303751143731532,-1.8311837379797,0.115745392914609
P03_Lq_minus10,P03_Lq_minus10__steady,1,calibration,ENGINEERING_PRIMARY,18,0.00476286863076797,0.0107416850092388,0.0117502644409247,-1.16648352570868,0.8195771767828
P03_Lq_minus10,P03_Lq_minus10__steady,1,calibration,ENGINEERING_PRIMARY,19,0.00157126382013588,0.00340676238088215,0.00375165295733251,2.54016781611279,-1.78678303026544
P03_Lq_minus10,P03_Lq_minus10__steady,1,calibration,ENGINEERING_PRIMARY,20,0.000481916171092756,0.000872511987475826,0.00099675491684251,2.5154063945424,-1.49549777926404
P03_Lq_minus10,P03_Lq_minus10__steady,2,validation,ENGINEERING_PRIMARY,1,1.17079250500508e-05,6.76560723173903e-05,6.86616314282843e-05,-0.591615312423922,0.399000140995498
P03_Lq_minus10,P03_Lq_minus10__steady,2,validation,ENGINEERING_PRIMARY,2,9.30565978773971e-05,0.000106624634551209,0.000141521528756916,-2.91330336040095,-2.96473350837355
P03_Lq_minus10,P03_Lq_minus10__steady,2,validation,ENGINEERING_PRIMARY,3,0.000238894618752384,0.000256541688731742,0.000350548537190188,-2.56080812005176,0.510781576945022
P03_Lq_minus10,P03_Lq_minus10__steady,2,validation,ENGINEERING_PRIMARY,4,0.000183883996321203,0.000358309923178538,0.000402739773490608,-2.57782846321804,-1.39690558350202
P03_Lq_minus10,P03_Lq_minus10__steady,2,validation,ENGINEERING_PRIMARY,5,8.59799603094391e-05,0.0002185243859745,0.000234830706766268,2.3917226642048,-0.502174255850009
P03_Lq_minus10,P03_Lq_minus10__steady,2,validation,ENGINEERING_PRIMARY,6,0.00733800970385996,0.00884163209888555,0.0114900324014333,-0.100562287446217,2.5533695811554
P03_Lq_minus10,P03_Lq_minus10__steady,2,validation,ENGINEERING_PRIMARY,7,0.000443668710060436,0.000148811217169537,0.000467960150698935,2.81837708520119,-1.47014234457763
P03_Lq_minus10,P03_Lq_minus10__steady,2,validation,ENGINEERING_PRIMARY,8,0.000152988111937216,0.000428074333130685,0.000454591021776052,1.94863509927188,-0.330044691275437
P03_Lq_minus10,P03_Lq_minus10__steady,2,validation,ENGINEERING_PRIMARY,9,0.000329814174064447,0.000462510560488746,0.00056806109528591,-3.10312883120608,-0.351129276253314
P03_Lq_minus10,P03_Lq_minus10__steady,2,validation,ENGINEERING_PRIMARY,10,0.000976670143445808,0.000741310072209395,0.0012261424029278,2.11007183995622,-2.42981728925517
P03_Lq_minus10,P03_Lq_minus10__steady,2,validation,ENGINEERING_PRIMARY,11,0.000985670392350355,0.00176749464019543,0.00202375478392904,1.55407653030103,-2.48453679048774
P03_Lq_minus10,P03_Lq_minus10__steady,2,validation,ENGINEERING_PRIMARY,12,0.00431942691578393,0.00748224956552389,0.00863953166795406,0.114512044259845,2.03376522394349
P03_Lq_minus10,P03_Lq_minus10__steady,2,validation,ENGINEERING_PRIMARY,13,0.000853265890906677,0.00162328518438577,0.00183388044060432,-0.338206892943953,1.75809095796839
P03_Lq_minus10,P03_Lq_minus10__steady,2,validation,ENGINEERING_PRIMARY,14,0.00078634771380307,0.00132544132710648,0.00154114809106883,-2.59983318787215,-0.769377050892695
P03_Lq_minus10,P03_Lq_minus10__steady,2,validation,ENGINEERING_PRIMARY,15,0.000695061506810191,0.00164963401097001,0.00179008459811213,2.53751658355408,-1.86315886843099
P03_Lq_minus10,P03_Lq_minus10__steady,2,validation,ENGINEERING_PRIMARY,16,0.000490134321610219,0.00150126072678132,0.00157924520673526,-0.728662537079979,0.29113558886741
P03_Lq_minus10,P03_Lq_minus10__steady,2,validation,ENGINEERING_PRIMARY,17,0.00101549879873933,0.00211129394877839,0.00234281880400284,1.28700755278877,-2.91739638718468
P03_Lq_minus10,P03_Lq_minus10__steady,2,validation,ENGINEERING_PRIMARY,18,0.00475014117675067,0.0106208205389939,0.0116346753336987,-1.3741210254203,0.603140986786922
P03_Lq_minus10,P03_Lq_minus10__steady,2,validation,ENGINEERING_PRIMARY,19,0.00173977651671283,0.00383057714735896,0.00420715386098181,-1.22371367642393,0.690968767517246
P03_Lq_minus10,P03_Lq_minus10__steady,2,validation,ENGINEERING_PRIMARY,20,0.000810371352179,0.00126083078945633,0.00149879818790706,2.9056744770414,-1.24077509053258
P03_Lq_minus10,P03_Lq_minus10__steady,3,validation,ENGINEERING_PRIMARY,1,4.15507931848731e-05,0.000189554136726378,0.000194054732393659,-0.481859204540265,-1.74141336600745
P03_Lq_minus10,P03_Lq_minus10__steady,3,validation,ENGINEERING_PRIMARY,2,9.92394005268703e-05,0.000166770951594151,0.000194064445256083,2.82265467278207,-0.494934589965829
P03_Lq_minus10,P03_Lq_minus10__steady,3,validation,ENGINEERING_PRIMARY,3,0.000149182469924544,0.000112513006621108,0.000186854451356421,0.129744741097795,0.478893983151377
P03_Lq_minus10,P03_Lq_minus10__steady,3,validation,ENGINEERING_PRIMARY,4,0.000217936600883772,5.58704834902585e-05,0.000224984161509667,-1.14038040917664,-0.794612940727831
P03_Lq_minus10,P03_Lq_minus10__steady,3,validation,ENGINEERING_PRIMARY,5,0.000378102476927223,0.000439699094823993,0.000579911007868914,1.11548061297465,-2.77798181742769
P03_Lq_minus10,P03_Lq_minus10__steady,3,validation,ENGINEERING_PRIMARY,6,0.00674614577222059,0.00817669265774932,0.0106004144069627,-0.0939526506254367,2.5602234134139
P03_Lq_minus10,P03_Lq_minus10__steady,3,validation,ENGINEERING_PRIMARY,7,0.000758989169442242,0.000686591865248047,0.00102346125903984,-1.39144324288834,0.940180309492155
P03_Lq_minus10,P03_Lq_minus10__steady,3,validation,ENGINEERING_PRIMARY,8,0.000183373643266269,0.000198211392154749,0.000270025274788617,-1.69247092491556,-1.1009657095402
P03_Lq_minus10,P03_Lq_minus10__steady,3,validation,ENGINEERING_PRIMARY,9,0.000581010901536353,0.000220185364702719,0.000621333455185986,-1.5787745397722,-1.38842699545044
P03_Lq_minus10,P03_Lq_minus10__steady,3,validation,ENGINEERING_PRIMARY,10,0.000107621223255515,0.000566873144623402,0.000576998691324545,-1.28007405316398,2.55168589131433
P03_Lq_minus10,P03_Lq_minus10__steady,3,validation,ENGINEERING_PRIMARY,11,0.000983167337662241,0.000883425936572682,0.00132176374562748,-0.591117897693467,1.60549091526806
P03_Lq_minus10,P03_Lq_minus10__steady,3,validation,ENGINEERING_PRIMARY,12,0.00399060286612302,0.00638944370966569,0.00753325309239612,0.282190068999595,2.14408000033779
P03_Lq_minus10,P03_Lq_minus10__steady,3,validation,ENGINEERING_PRIMARY,13,0.000748967007245841,0.000926760315618507,0.00119156882325282,2.99853414454026,-1.15200739526225
P03_Lq_minus10,P03_Lq_minus10__steady,3,validation,ENGINEERING_PRIMARY,14,0.000583597503467372,0.00153228830390128,0.00163966261539562,1.54752900006317,-3.02620045757295
P03_Lq_minus10,P03_Lq_minus10__steady,3,validation,ENGINEERING_PRIMARY,15,0.000878942666940038,0.00191742524311133,0.00210927944442841,1.30077386557235,2.69170407145046
P03_Lq_minus10,P03_Lq_minus10__steady,3,validation,ENGINEERING_PRIMARY,16,0.000478533093531761,0.000963903537212627,0.00107615238263737,0.370485137289347,2.05863940827268
P03_Lq_minus10,P03_Lq_minus10__steady,3,validation,ENGINEERING_PRIMARY,17,7.62063260812084e-05,0.000773261406191771,0.000777007468716016,1.65573672057054,2.95750746551509
P03_Lq_minus10,P03_Lq_minus10__steady,3,validation,ENGINEERING_PRIMARY,18,0.00462155099348101,0.0103008592809123,0.0112901034322322,-1.43996417818992,0.548938773482261
P03_Lq_minus10,P03_Lq_minus10__steady,3,validation,ENGINEERING_PRIMARY,19,0.00102822866579799,0.00238951731739331,0.00260135487761498,0.812424197082746,2.76140444560686
P03_Lq_minus10,P03_Lq_minus10__steady,3,validation,ENGINEERING_PRIMARY,20,0.0013615886580324,0.00294738827194984,0.00324669390292801,0.453571016436009,2.21332173488169
P04_Lq_plus10,P04_Lq_plus10__steady,1,calibration,ENGINEERING_PRIMARY,1,0.000304290956802768,0.000538210523025264,0.000618274658616276,0.874812911070639,-1.29511719556579
P04_Lq_plus10,P04_Lq_plus10__steady,1,calibration,ENGINEERING_PRIMARY,2,0.000451564034994589,0.000164390826700026,0.000480556366728932,0.852278337366339,-2.97219116878405
P04_Lq_plus10,P04_Lq_plus10__steady,1,calibration,ENGINEERING_PRIMARY,3,0.000742651617182302,0.000421010036182323,0.000853686637513865,-1.83572849507131,2.2083150860984
P04_Lq_plus10,P04_Lq_plus10__steady,1,calibration,ENGINEERING_PRIMARY,4,0.000913572864845969,0.00105115037601992,0.00139267099215489,2.74651025602049,-0.0658864435878939
P04_Lq_plus10,P04_Lq_plus10__steady,1,calibration,ENGINEERING_PRIMARY,5,0.00232125194058529,0.00161319879413027,0.00282676863592589,2.22951202949178,-0.505612911868965
P04_Lq_plus10,P04_Lq_plus10__steady,1,calibration,ENGINEERING_PRIMARY,6,0.0113310790080928,0.00937173209023113,0.0147045133839481,-0.181496848357157,-2.59461396369839
P04_Lq_plus10,P04_Lq_plus10__steady,1,calibration,ENGINEERING_PRIMARY,7,0.00329995705841989,0.00279306276856889,0.00432329922820303,1.41677273307025,-0.893063764922414
P04_Lq_plus10,P04_Lq_plus10__steady,1,calibration,ENGINEERING_PRIMARY,8,0.00150082759565306,0.00114096571267502,0.00188528147218758,0.969875073689154,-1.58742883011413
P04_Lq_plus10,P04_Lq_plus10__steady,1,calibration,ENGINEERING_PRIMARY,9,0.000927607725595419,0.00053831312548295,0.00107249107858832,-2.36114823253863,1.33210482027161
P04_Lq_plus10,P04_Lq_plus10__steady,1,calibration,ENGINEERING_PRIMARY,10,0.0028672549738744,0.00326815684230143,0.0043476430662014,2.89098972026037,0.675583176361421
P04_Lq_plus10,P04_Lq_plus10__steady,1,calibration,ENGINEERING_PRIMARY,11,0.00375268806162771,0.00395191947467854,0.00544980139291577,2.40094298652891,0.190298458157489
P04_Lq_plus10,P04_Lq_plus10__steady,1,calibration,ENGINEERING_PRIMARY,12,0.00728428508214277,0.00941769021320919,0.0119060362047956,-0.233536432221452,-2.64319810893911
P04_Lq_plus10,P04_Lq_plus10__steady,1,calibration,ENGINEERING_PRIMARY,13,0.00339465325080723,0.00430580932271533,0.00548303425274713,1.28354097463961,-0.698935548315426
P04_Lq_plus10,P04_Lq_plus10__steady,1,calibration,ENGINEERING_PRIMARY,14,0.00194709247253778,0.00312852262902475,0.0036849454455844,0.394494667966251,-1.59026767933649
P04_Lq_plus10,P04_Lq_plus10__steady,1,calibration,ENGINEERING_PRIMARY,15,0.000545312256734203,0.000753835041629502,0.000930393856027168,-2.46692395130931,1.39603808414153
P04_Lq_plus10,P04_Lq_plus10__steady,1,calibration,ENGINEERING_PRIMARY,16,0.001741833357283,0.00307406445332806,0.00353325002055599,-3.08378496095336,1.21852821450239
P04_Lq_plus10,P04_Lq_plus10__steady,1,calibration,ENGINEERING_PRIMARY,17,0.00244220845733837,0.00514033545755514,0.00569099558647638,2.28342857314922,0.227690072886357
P04_Lq_plus10,P04_Lq_plus10__steady,1,calibration,ENGINEERING_PRIMARY,18,0.00870419900817704,0.0156143156693454,0.0178765190737995,-0.518203806876463,-2.60362767239927
P04_Lq_plus10,P04_Lq_plus10__steady,1,calibration,ENGINEERING_PRIMARY,19,0.00173461071588151,0.00395246984294759,0.00431635172281652,0.842724230576324,-1.18629542653661
P04_Lq_plus10,P04_Lq_plus10__steady,1,calibration,ENGINEERING_PRIMARY,20,0.000825219450446754,0.00216870787612773,0.00232040535109151,0.46771937417889,-1.29440897469206
P04_Lq_plus10,P04_Lq_plus10__steady,2,validation,ENGINEERING_PRIMARY,1,0.000314741667513393,0.000367256853995044,0.000483673354729665,3.03317902012769,2.47007091117548
P04_Lq_plus10,P04_Lq_plus10__steady,2,validation,ENGINEERING_PRIMARY,2,0.000506336321004801,0.000817628074977373,0.000961713127164167,2.56404407136155,-1.20682028886678
P04_Lq_plus10,P04_Lq_plus10__steady,2,validation,ENGINEERING_PRIMARY,3,0.000168402415434237,0.000376062734323938,0.000412046785779579,1.63517665137532,0.634002861601562
P04_Lq_plus10,P04_Lq_plus10__steady,2,validation,ENGINEERING_PRIMARY,4,0.00107662065559445,0.000709587226260753,0.00128942858186294,1.67497874101392,-2.02563335688508
P04_Lq_plus10,P04_Lq_plus10__steady,2,validation,ENGINEERING_PRIMARY,5,0.00165880722778119,0.00139935202664585,0.00217021370224615,0.43563934635477,-2.17203949493741
P04_Lq_plus10,P04_Lq_plus10__steady,2,validation,ENGINEERING_PRIMARY,6,0.0103863004308199,0.00835525497564198,0.013329873305746,0.108202624972062,-2.37183515361376
P04_Lq_plus10,P04_Lq_plus10__steady,2,validation,ENGINEERING_PRIMARY,7,0.00224577048292288,0.00152001831689681,0.00271181502792308,3.05978814596132,0.91682930861398
P04_Lq_plus10,P04_Lq_plus10__steady,2,validation,ENGINEERING_PRIMARY,8,0.00326104935192219,0.00300426528979001,0.00443396581032254,2.12236070183251,-0.165418375494504
P04_Lq_plus10,P04_Lq_plus10__steady,2,validation,ENGINEERING_PRIMARY,9,0.00113775543692993,0.000811080160960618,0.00139726105712838,-0.0360097722333694,-2.83027840467642
P04_Lq_plus10,P04_Lq_plus10__steady,2,validation,ENGINEERING_PRIMARY,10,0.00282625525913894,0.00307064336878019,0.00417331636567902,1.29878345692449,-0.815216649750631
P04_Lq_plus10,P04_Lq_plus10__steady,2,validation,ENGINEERING_PRIMARY,11,0.00460749383905983,0.00461018486478982,0.00651788339605055,0.427742092486383,-1.69113992127472
P04_Lq_plus10,P04_Lq_plus10__steady,2,validation,ENGINEERING_PRIMARY,12,0.00713061344573431,0.00789718807838116,0.0106400764874042,0.230426474067675,-2.20538209597923
P04_Lq_plus10,P04_Lq_plus10__steady,2,validation,ENGINEERING_PRIMARY,13,0.00183290315690207,0.00288813575428209,0.00342065229418954,3.11672769628201,0.83215754873432
P04_Lq_plus10,P04_Lq_plus10__steady,2,validation,ENGINEERING_PRIMARY,14,0.00219674075815703,0.00361124817926601,0.00422691180068859,2.03642583811461,0.122109798287985
P04_Lq_plus10,P04_Lq_plus10__steady,2,validation,ENGINEERING_PRIMARY,15,0.001317901887095,0.00203177329847957,0.00242176962579497,-1.37631414997997,-3.08935210722723
P04_Lq_plus10,P04_Lq_plus10__steady,2,validation,ENGINEERING_PRIMARY,16,0.00116567274417868,0.00310598304134645,0.00331751768641146,0.900560651068818,-0.863805673756618
P04_Lq_plus10,P04_Lq_plus10__steady,2,validation,ENGINEERING_PRIMARY,17,0.0020254663177884,0.00434264187801187,0.00479176922286098,0.428388229283567,-1.71781236649881
P04_Lq_plus10,P04_Lq_plus10__steady,2,validation,ENGINEERING_PRIMARY,18,0.007615613452331,0.0143407742087795,0.0162374681881911,-0.377260016075565,-2.3783545682849
P04_Lq_plus10,P04_Lq_plus10__steady,2,validation,ENGINEERING_PRIMARY,19,0.0021852625554719,0.00437084482832166,0.00488668158872806,2.93509597708024,0.877667727884949
P04_Lq_plus10,P04_Lq_plus10__steady,2,validation,ENGINEERING_PRIMARY,20,0.00135621544468344,0.00267022922718951,0.00299490307992345,2.75564852582923,0.671285675124813
P04_Lq_plus10,P04_Lq_plus10__steady,3,validation,ENGINEERING_PRIMARY,1,0.000292604738987646,0.000321672574736155,0.000434845695178664,-1.15661513136944,1.11741411433668
P04_Lq_plus10,P04_Lq_plus10__steady,3,validation,ENGINEERING_PRIMARY,2,0.000363525569432661,0.000400028171497063,0.000540530644480611,-0.423040288710443,3.04293634416843
P04_Lq_plus10,P04_Lq_plus10__steady,3,validation,ENGINEERING_PRIMARY,3,0.000597580532637717,0.000559223647885781,0.00081843361449922,1.16755443643034,-1.6394885783564
P04_Lq_plus10,P04_Lq_plus10__steady,3,validation,ENGINEERING_PRIMARY,4,0.000993698638439739,0.000841975521084079,0.00130244376544318,-3.02256537490268,0.698754475613238
P04_Lq_plus10,P04_Lq_plus10__steady,3,validation,ENGINEERING_PRIMARY,5,0.00253756003513321,0.00203245530630908,0.00325116679117655,-1.60400743786884,1.88134794612564
P04_Lq_plus10,P04_Lq_plus10__steady,3,validation,ENGINEERING_PRIMARY,6,0.0106602502588573,0.00897419337029093,0.0139347437087605,0.0829611446292916,-2.38406758715712
P04_Lq_plus10,P04_Lq_plus10__steady,3,validation,ENGINEERING_PRIMARY,7,0.00385378401528733,0.00284824242169404,0.00479209099759402,-1.10504432952746,2.79372679363687
P04_Lq_plus10,P04_Lq_plus10__steady,3,validation,ENGINEERING_PRIMARY,8,0.00143190722864795,0.00137097064742989,0.00198240228701659,0.107013773228104,-2.60784876866329
P04_Lq_plus10,P04_Lq_plus10__steady,3,validation,ENGINEERING_PRIMARY,9,0.000849631834567836,0.000700469472126631,0.0011011501876186,2.18195358992731,-0.412433944348018
P04_Lq_plus10,P04_Lq_plus10__steady,3,validation,ENGINEERING_PRIMARY,10,0.00045957863037883,0.00123505817203429,0.00131779406805827,-2.59196516701334,1.23580397236425
P04_Lq_plus10,P04_Lq_plus10__steady,3,validation,ENGINEERING_PRIMARY,11,0.00466294378700949,0.00507395642185975,0.00689115944756339,-1.88058703976597,2.28574841519768
P04_Lq_plus10,P04_Lq_plus10__steady,3,validation,ENGINEERING_PRIMARY,12,0.00760210454265723,0.00812387314062338,0.0111260643662722,0.28866337306982,-2.08850800919128
P04_Lq_plus10,P04_Lq_plus10__steady,3,validation,ENGINEERING_PRIMARY,13,0.00341060850753052,0.00527707350837674,0.00628329174911138,-1.31194009245975,3.02054686696698
P04_Lq_plus10,P04_Lq_plus10__steady,3,validation,ENGINEERING_PRIMARY,14,0.00201047684833091,0.00290238200657999,0.00353069943067856,-0.322516625894962,-2.23102227924545
P04_Lq_plus10,P04_Lq_plus10__steady,3,validation,ENGINEERING_PRIMARY,15,0.00164705805867915,0.00200162525515515,0.00259216201475426,1.46968040845077,-0.324913074889355
P04_Lq_plus10,P04_Lq_plus10__steady,3,validation,ENGINEERING_PRIMARY,16,0.00176796570356608,0.00282036985879102,0.00332869176544822,-1.75574452805303,2.57345453343872
P04_Lq_plus10,P04_Lq_plus10__steady,3,validation,ENGINEERING_PRIMARY,17,0.00270153632429396,0.00537712038479363,0.00601761764688011,-1.66045533291379,2.51932961438161
P04_Lq_plus10,P04_Lq_plus10__steady,3,validation,ENGINEERING_PRIMARY,18,0.00707504829862672,0.0130515798425423,0.0148458763572299,-0.335671049708474,-2.35768137392931
P04_Lq_plus10,P04_Lq_plus10__steady,3,validation,ENGINEERING_PRIMARY,19,0.00200359568518921,0.00428417374473612,0.00472953912604549,-1.05660623217499,3.07163356463134
P04_Lq_plus10,P04_Lq_plus10__steady,3,validation,ENGINEERING_PRIMARY,20,0.000544728356307226,0.000627091182214179,0.0008306457325334,-3.08038574645868,1.12941626149993
P05_cross_mismatch,P05_cross_mismatch__steady,1,calibration,ENGINEERING_PRIMARY,1,0.000535363666841885,0.000242232393963489,0.000587614489661097,0.963718694306598,-1.95208640398541
P05_cross_mismatch,P05_cross_mismatch__steady,1,calibration,ENGINEERING_PRIMARY,2,0.000417305161166184,0.0002287770715431,0.000475901823908852,-0.982992058882915,2.33310537051189
P05_cross_mismatch,P05_cross_mismatch__steady,1,calibration,ENGINEERING_PRIMARY,3,0.000290424973492,0.000138429388525908,0.000321728706887474,1.78725695889712,-0.416263368917463
P05_cross_mismatch,P05_cross_mismatch__steady,1,calibration,ENGINEERING_PRIMARY,4,0.000128541449064239,6.74849723307641e-05,0.000145179632242331,-2.575524258619,1.15810090430642
P05_cross_mismatch,P05_cross_mismatch__steady,1,calibration,ENGINEERING_PRIMARY,5,0.00200132993446648,0.00113951819045508,0.00230300308574905,2.00582023518494,-0.936520057203111
P05_cross_mismatch,P05_cross_mismatch__steady,1,calibration,ENGINEERING_PRIMARY,6,0.0152488781398496,0.0124097431960783,0.0196603664949714,0.534386810394061,-2.15304434161453
P05_cross_mismatch,P05_cross_mismatch__steady,1,calibration,ENGINEERING_PRIMARY,7,0.00297059176585664,0.00203681641340999,0.00360181017563552,0.656204805986468,-2.13736806323795
P05_cross_mismatch,P05_cross_mismatch__steady,1,calibration,ENGINEERING_PRIMARY,8,0.000877056634726567,0.000850671321748323,0.00122183060943935,-0.324519070308802,-3.1275025789133
P05_cross_mismatch,P05_cross_mismatch__steady,1,calibration,ENGINEERING_PRIMARY,9,0.00130741446292102,0.000975139481548889,0.00163102102571686,1.98992965377975,-0.893663301084229
P05_cross_mismatch,P05_cross_mismatch__steady,1,calibration,ENGINEERING_PRIMARY,10,0.00103627279416214,0.00102115128997872,0.00145485781468356,-3.10089849154827,0.101641069192256
P05_cross_mismatch,P05_cross_mismatch__steady,1,calibration,ENGINEERING_PRIMARY,11,0.00359292082628841,0.00285254969111599,0.00458760501833614,2.56885526066476,-0.650620616456858
P05_cross_mismatch,P05_cross_mismatch__steady,1,calibration,ENGINEERING_PRIMARY,12,0.0167360160257493,0.0170146767609442,0.0238661571622571,1.66769407868756,-1.40679377521968
P05_cross_mismatch,P05_cross_mismatch__steady,1,calibration,ENGINEERING_PRIMARY,13,0.00518656608592433,0.00428681012072737,0.00672883413191549,1.12447759823257,-2.1054081679837
P05_cross_mismatch,P05_cross_mismatch__steady,1,calibration,ENGINEERING_PRIMARY,14,0.00091191193232474,0.000955961487421189,0.00132115318481574,-0.46214116849089,2.65183377553437
P05_cross_mismatch,P05_cross_mismatch__steady,1,calibration,ENGINEERING_PRIMARY,15,0.00362371566001284,0.0028259614713419,0.00459536434052091,2.85207289658985,-0.473620334754778
P05_cross_mismatch,P05_cross_mismatch__steady,1,calibration,ENGINEERING_PRIMARY,16,0.000921737467704716,0.000843431279674023,0.00124939036449913,-3.10432802290358,-0.338379605060134
P05_cross_mismatch,P05_cross_mismatch__steady,1,calibration,ENGINEERING_PRIMARY,17,0.00710318132551953,0.004776895982037,0.00856001870128861,-1.7319080038379,1.22358906437208
P05_cross_mismatch,P05_cross_mismatch__steady,1,calibration,ENGINEERING_PRIMARY,18,0.0107608371383515,0.00629517673911054,0.0124669509542134,0.994073914867042,-2.51406202886591
P05_cross_mismatch,P05_cross_mismatch__steady,1,calibration,ENGINEERING_PRIMARY,19,0.00443766179778346,0.00297160155996135,0.00534071699893108,2.86462572295321,-0.416857397625982
P05_cross_mismatch,P05_cross_mismatch__steady,1,calibration,ENGINEERING_PRIMARY,20,0.00183104267065934,0.00126394611817003,0.00222492180793222,0.672336791689155,-2.7529906277757
P05_cross_mismatch,P05_cross_mismatch__steady,2,calibration,ENGINEERING_PRIMARY,1,0.000535363666864124,0.000242232393957332,0.000587614489678821,0.963718694243115,-1.95208640394811
P05_cross_mismatch,P05_cross_mismatch__steady,2,calibration,ENGINEERING_PRIMARY,2,0.000417305161219662,0.000228777071547129,0.000475901823957682,-0.982992058867173,2.33310537047251
P05_cross_mismatch,P05_cross_mismatch__steady,2,calibration,ENGINEERING_PRIMARY,3,0.000290424973465222,0.000138429388525472,0.000321728706863113,1.78725695900086,-0.41626336890565
P05_cross_mismatch,P05_cross_mismatch__steady,2,calibration,ENGINEERING_PRIMARY,4,0.00012854144902639,6.7484972305066e-05,0.000145179632196874,-2.57552425878676,1.15810090392617
P05_cross_mismatch,P05_cross_mismatch__steady,2,calibration,ENGINEERING_PRIMARY,5,0.00200132993443255,0.00113951819047207,0.00230300308572797,2.00582023515127,-0.936520057217335
P05_cross_mismatch,P05_cross_mismatch__steady,2,calibration,ENGINEERING_PRIMARY,6,0.0152488781399334,0.0124097431961377,0.0196603664950739,0.53438681039959,-2.15304434160849
P05_cross_mismatch,P05_cross_mismatch__steady,2,calibration,ENGINEERING_PRIMARY,7,0.00297059176584199,0.00203681641338771,0.00360181017561084,0.656204805990121,-2.13736806325863
P05_cross_mismatch,P05_cross_mismatch__steady,2,calibration,ENGINEERING_PRIMARY,8,0.000877056634724852,0.000850671321755013,0.00122183060944277,-0.324519070252468,-3.1275025789683
P05_cross_mismatch,P05_cross_mismatch__steady,2,calibration,ENGINEERING_PRIMARY,9,0.00130741446293579,0.000975139481520211,0.00163102102571156,1.98992965380833,-0.893663301058126
P05_cross_mismatch,P05_cross_mismatch__steady,2,calibration,ENGINEERING_PRIMARY,10,0.00103627279421586,0.00102115129002838,0.00145485781475667,-3.10089849159806,0.101641069145055
P05_cross_mismatch,P05_cross_mismatch__steady,2,calibration,ENGINEERING_PRIMARY,11,0.00359292082629955,0.0028525496911325,0.00458760501835513,2.5688552606447,-0.650620616477619
P05_cross_mismatch,P05_cross_mismatch__steady,2,calibration,ENGINEERING_PRIMARY,12,0.0167360160258912,0.0170146767611376,0.0238661571624944,1.66769407868156,-1.4067937752271
P05_cross_mismatch,P05_cross_mismatch__steady,2,calibration,ENGINEERING_PRIMARY,13,0.00518656608583992,0.00428681012070271,0.00672883413183473,1.1244775982087,-2.10540816800396
P05_cross_mismatch,P05_cross_mismatch__steady,2,calibration,ENGINEERING_PRIMARY,14,0.000911911932298184,0.000955961487454335,0.00132115318482139,-0.462141168605993,2.65183377553396
P05_cross_mismatch,P05_cross_mismatch__steady,2,calibration,ENGINEERING_PRIMARY,15,0.00362371566009994,0.00282596147132288,0.0045953643405779,2.85207289658355,-0.473620334752509
P05_cross_mismatch,P05_cross_mismatch__steady,2,calibration,ENGINEERING_PRIMARY,16,0.000921737467762957,0.000843431279706042,0.00124939036456371,-3.10432802292128,-0.338379605048762
P05_cross_mismatch,P05_cross_mismatch__steady,2,calibration,ENGINEERING_PRIMARY,17,0.00710318132554978,0.00477689598201499,0.00856001870130142,-1.73190800385109,1.22358906436012
P05_cross_mismatch,P05_cross_mismatch__steady,2,calibration,ENGINEERING_PRIMARY,18,0.0107608371384697,0.00629517673912606,0.0124669509543233,0.99407391487777,-2.51406202885374
P05_cross_mismatch,P05_cross_mismatch__steady,2,calibration,ENGINEERING_PRIMARY,19,0.00443766179766915,0.00297160155995204,0.00534071699883093,2.86462572292435,-0.416857397630293
P05_cross_mismatch,P05_cross_mismatch__steady,2,calibration,ENGINEERING_PRIMARY,20,0.00183104267074843,0.00126394611818755,0.00222492180801549,0.672336791654603,-2.75299062783944
P05_cross_mismatch,P05_cross_mismatch__steady,3,validation,ENGINEERING_PRIMARY,1,0.000535363666849618,0.000242232393939164,0.000587614489658115,0.963718694243701,-1.95208640392115
P05_cross_mismatch,P05_cross_mismatch__steady,3,validation,ENGINEERING_PRIMARY,2,0.000417305161235797,0.000228777071556656,0.00047590182397641,-0.982992058838656,2.33310537045095
P05_cross_mismatch,P05_cross_mismatch__steady,3,validation,ENGINEERING_PRIMARY,3,0.000290424973446445,0.000138429388517617,0.000321728706842784,1.78725695890023,-0.416263369051917
P05_cross_mismatch,P05_cross_mismatch__steady,3,validation,ENGINEERING_PRIMARY,4,0.000128541449022807,6.74849723002835e-05,0.000145179632191479,-2.5755242587573,1.15810090388561
P05_cross_mismatch,P05_cross_mismatch__steady,3,validation,ENGINEERING_PRIMARY,5,0.0020013299344604,0.00113951819049435,0.00230300308576319,2.0058202351557,-0.936520057206555
P05_cross_mismatch,P05_cross_mismatch__steady,3,validation,ENGINEERING_PRIMARY,6,0.0152488781399133,0.0124097431961237,0.0196603664950495,0.534386810399541,-2.15304434160839
P05_cross_mismatch,P05_cross_mismatch__steady,3,validation,ENGINEERING_PRIMARY,7,0.00297059176586735,0.00203681641338354,0.0036018101756294,0.656204805983354,-2.13736806325735
P05_cross_mismatch,P05_cross_mismatch__steady,3,validation,ENGINEERING_PRIMARY,8,0.000877056634755385,0.00085067132176666,0.0012218306094728,-0.324519070273519,-3.12750257897711
P05_cross_mismatch,P05_cross_mismatch__steady,3,validation,ENGINEERING_PRIMARY,9,0.00130741446294953,0.000975139481503377,0.0016310210257125,1.98992965380609,-0.893663301050404
P05_cross_mismatch,P05_cross_mismatch__steady,3,validation,ENGINEERING_PRIMARY,10,0.00103627279418177,0.00102115129002468,0.0014548578147298,-3.10089849161401,0.101641069128003
P05_cross_mismatch,P05_cross_mismatch__steady,3,validation,ENGINEERING_PRIMARY,11,0.00359292082631516,0.00285254969116163,0.00458760501838546,2.5688552606469,-0.650620616483282
P05_cross_mismatch,P05_cross_mismatch__steady,3,validation,ENGINEERING_PRIMARY,12,0.0167360160258646,0.0170146767611252,0.0238661571624669,1.66769407868251,-1.40679377522722
P05_cross_mismatch,P05_cross_mismatch__steady,3,validation,ENGINEERING_PRIMARY,13,0.00518656608582733,0.00428681012073439,0.0067288341318452,1.12447759820569,-2.10540816800961
P05_cross_mismatch,P05_cross_mismatch__steady,3,validation,ENGINEERING_PRIMARY,14,0.000911911932314679,0.000955961487474445,0.00132115318484733,-0.462141168550541,2.65183377551572
P05_cross_mismatch,P05_cross_mismatch__steady,3,validation,ENGINEERING_PRIMARY,15,0.00362371566003589,0.00282596147133076,0.00459536434053223,2.85207289658789,-0.473620334751039
P05_cross_mismatch,P05_cross_mismatch__steady,3,validation,ENGINEERING_PRIMARY,16,0.000921737467809531,0.000843431279712276,0.00124939036460228,-3.10432802288731,-0.338379605082047
P05_cross_mismatch,P05_cross_mismatch__steady,3,validation,ENGINEERING_PRIMARY,17,0.0071031813254777,0.00477689598201632,0.00856001870124235,-1.73190800385376,1.22358906435978
P05_cross_mismatch,P05_cross_mismatch__steady,3,validation,ENGINEERING_PRIMARY,18,0.0107608371384659,0.00629517673913311,0.0124669509543236,0.994073914877323,-2.51406202885426
P05_cross_mismatch,P05_cross_mismatch__steady,3,validation,ENGINEERING_PRIMARY,19,0.00443766179769998,0.00297160155994041,0.00534071699885007,2.86462572292759,-0.416857397630894
P05_cross_mismatch,P05_cross_mismatch__steady,3,validation,ENGINEERING_PRIMARY,20,0.00183104267077288,0.00126394611818224,0.0022249218080326,0.67233679166562,-2.75299062785308
P05_cross_mismatch,P05_cross_mismatch__steady,4,validation,ENGINEERING_PRIMARY,1,0.000535363666847923,0.000242232393949572,0.000587614489660861,0.963718694237783,-1.95208640389662
P05_cross_mismatch,P05_cross_mismatch__steady,4,validation,ENGINEERING_PRIMARY,2,0.000417305161231976,0.000228777071556765,0.000475901823973111,-0.982992058842155,2.33310537045786
P05_cross_mismatch,P05_cross_mismatch__steady,4,validation,ENGINEERING_PRIMARY,3,0.000290424973459992,0.000138429388518162,0.000321728706855247,1.78725695893926,-0.416263369058143
P05_cross_mismatch,P05_cross_mismatch__steady,4,validation,ENGINEERING_PRIMARY,4,0.000128541449023397,6.74849722960035e-05,0.000145179632190011,-2.57552425888404,1.1581009039828
P05_cross_mismatch,P05_cross_mismatch__steady,4,validation,ENGINEERING_PRIMARY,5,0.00200132993446514,0.0011395181904829,0.00230300308576164,2.00582023515701,-0.936520057213972
P05_cross_mismatch,P05_cross_mismatch__steady,4,validation,ENGINEERING_PRIMARY,6,0.0152488781399062,0.0124097431961269,0.019660366495046,0.534386810399534,-2.15304434160865
P05_cross_mismatch,P05_cross_mismatch__steady,4,validation,ENGINEERING_PRIMARY,7,0.00297059176584671,0.00203681641338586,0.00360181017561369,0.656204805983093,-2.13736806325306
P05_cross_mismatch,P05_cross_mismatch__steady,4,validation,ENGINEERING_PRIMARY,8,0.000877056634742895,0.000850671321761561,0.00122183060946029,-0.324519070281166,-3.12750257896033
P05_cross_mismatch,P05_cross_mismatch__steady,4,validation,ENGINEERING_PRIMARY,9,0.00130741446296144,0.000975139481500623,0.00163102102572041,1.98992965380953,-0.893663301052061
P05_cross_mismatch,P05_cross_mismatch__steady,4,validation,ENGINEERING_PRIMARY,10,0.00103627279418343,0.00102115129002919,0.00145485781473415,-3.10089849162059,0.101641069131245
P05_cross_mismatch,P05_cross_mismatch__steady,4,validation,ENGINEERING_PRIMARY,11,0.00359292082632119,0.00285254969116098,0.00458760501838978,2.56885526064814,-0.650620616474934
P05_cross_mismatch,P05_cross_mismatch__steady,4,validation,ENGINEERING_PRIMARY,12,0.0167360160258663,0.0170146767611234,0.0238661571624668,1.66769407868373,-1.40679377522683
P05_cross_mismatch,P05_cross_mismatch__steady,4,validation,ENGINEERING_PRIMARY,13,0.00518656608580628,0.00428681012071826,0.0067288341318187,1.12447759820858,-2.10540816800357
P05_cross_mismatch,P05_cross_mismatch__steady,4,validation,ENGINEERING_PRIMARY,14,0.000911911932308969,0.000955961487458643,0.00132115318483196,-0.462141168563059,2.6518337755158
P05_cross_mismatch,P05_cross_mismatch__steady,4,validation,ENGINEERING_PRIMARY,15,0.0036237156600408,0.00282596147132986,0.00459536434053555,2.85207289658775,-0.473620334754672
P05_cross_mismatch,P05_cross_mismatch__steady,4,validation,ENGINEERING_PRIMARY,16,0.000921737467808682,0.000843431279701011,0.00124939036459405,-3.10432802289608,-0.338379605067308
P05_cross_mismatch,P05_cross_mismatch__steady,4,validation,ENGINEERING_PRIMARY,17,0.00710318132547233,0.00477689598204082,0.00856001870125157,-1.73190800385287,1.22358906436059
P05_cross_mismatch,P05_cross_mismatch__steady,4,validation,ENGINEERING_PRIMARY,18,0.0107608371384594,0.00629517673912813,0.0124669509543154,0.99407391487542,-2.51406202885416
P05_cross_mismatch,P05_cross_mismatch__steady,4,validation,ENGINEERING_PRIMARY,19,0.00443766179768335,0.00297160155995803,0.00534071699884606,2.86462572293707,-0.416857397629541
P05_cross_mismatch,P05_cross_mismatch__steady,4,validation,ENGINEERING_PRIMARY,20,0.00183104267073377,0.00126394611818273,0.00222492180800069,0.67233679164909,-2.75299062783398
P06_controller_high_L,P06_controller_high_L__steady,1,calibration,ENGINEERING_PRIMARY,1,0.000369699833209091,0.000291433796728796,0.000470756438671412,-1.32742839456017,1.31045310946872
P06_controller_high_L,P06_controller_high_L__steady,1,calibration,ENGINEERING_PRIMARY,2,0.000234348175205943,0.000192223139585469,0.000303098668117249,0.813213845659104,3.03068591054053
P06_controller_high_L,P06_controller_high_L__steady,1,calibration,ENGINEERING_PRIMARY,3,0.000276995527423847,0.00026068819498591,0.000380374627463278,-3.01095117056833,-1.18352918022502
P06_controller_high_L,P06_controller_high_L__steady,1,calibration,ENGINEERING_PRIMARY,4,0.000515314338421806,0.000438240970079731,0.000676464348831132,-1.93654448025887,-0.371872189786577
P06_controller_high_L,P06_controller_high_L__steady,1,calibration,ENGINEERING_PRIMARY,5,0.0016742356755275,0.00146561969096768,0.00222510812675726,-1.07412683901293,0.228896812038006
P06_controller_high_L,P06_controller_high_L__steady,1,calibration,ENGINEERING_PRIMARY,6,0.0146606014567739,0.012767717095266,0.0194408805072998,0.0520617041983445,1.1822330006139
P06_controller_high_L,P06_controller_high_L__steady,1,calibration,ENGINEERING_PRIMARY,7,0.00210713752940589,0.00174277988507972,0.00273446709537146,-0.92121347806088,0.0985433871943857
P06_controller_high_L,P06_controller_high_L__steady,1,calibration,ENGINEERING_PRIMARY,8,0.00150511748589979,0.00127189545092658,0.00197055745525195,1.48004699918284,2.36319459698927
P06_controller_high_L,P06_controller_high_L__steady,1,calibration,ENGINEERING_PRIMARY,9,0.00193487149091919,0.00166219858945949,0.00255081003549323,-2.98477785333086,-2.14473808736722
P06_controller_high_L,P06_controller_high_L__steady,1,calibration,ENGINEERING_PRIMARY,10,0.00157549249841804,0.00143045929542146,0.0021280015057394,-1.90676072486756,-1.1498810751865
P06_controller_high_L,P06_controller_high_L__steady,1,calibration,ENGINEERING_PRIMARY,11,0.00423263607884823,0.00328536080418797,0.00535805970381651,-1.84611838145426,-1.19476125920395
P06_controller_high_L,P06_controller_high_L__steady,1,calibration,ENGINEERING_PRIMARY,12,0.0188525209768091,0.0142823905297342,0.0236517277682808,0.65848047762175,1.46111591183391
P06_controller_high_L,P06_controller_high_L__steady,1,calibration,ENGINEERING_PRIMARY,13,0.00552127287339154,0.00367707589970871,0.00663365218523461,-1.66887578188854,-0.942433296078698
P06_controller_high_L,P06_controller_high_L__steady,1,calibration,ENGINEERING_PRIMARY,14,0.00517830584427107,0.00388457427246512,0.00647338927418318,0.565821158619071,1.19499476601501
P06_controller_high_L,P06_controller_high_L__steady,1,calibration,ENGINEERING_PRIMARY,15,0.00653751171737397,0.00494605587487069,0.00819771481402865,2.27268903025132,2.90821241459654
P06_controller_high_L,P06_controller_high_L__steady,1,calibration,ENGINEERING_PRIMARY,16,0.00664944697061539,0.00540039619651213,0.00856617908371807,-2.66644168165731,-2.05563372064373
P06_controller_high_L,P06_controller_high_L__steady,1,calibration,ENGINEERING_PRIMARY,17,0.00812243736876086,0.00530540793372797,0.00970161544036386,-1.89443342947597,-1.2580060014191
P06_controller_high_L,P06_controller_high_L__steady,1,calibration,ENGINEERING_PRIMARY,18,0.0420306005714507,0.0239579944290729,0.0483793022010479,-1.24092972734071,-0.826230933034756
P06_controller_high_L,P06_controller_high_L__steady,1,calibration,ENGINEERING_PRIMARY,19,0.00768795167839081,0.00564943520513815,0.009540477930708,-1.72888699672412,-0.716345588388578
P06_controller_high_L,P06_controller_high_L__steady,1,calibration,ENGINEERING_PRIMARY,20,0.0102417184599137,0.00740858137023974,0.0126404064385446,-0.0854170916776768,0.633620819097455
P06_controller_high_L,P06_controller_high_L__steady,2,calibration,ENGINEERING_PRIMARY,1,0.000369699833211337,0.00029143379675851,0.000470756438691571,-1.32742839445508,1.31045310941941
P06_controller_high_L,P06_controller_high_L__steady,2,calibration,ENGINEERING_PRIMARY,2,0.000234348175226322,0.000192223139600942,0.000303098668142819,0.813213845701413,3.03068591050527
P06_controller_high_L,P06_controller_high_L__steady,2,calibration,ENGINEERING_PRIMARY,3,0.000276995527429154,0.000260688194998528,0.00038037462747579,-3.01095117050179,-1.18352918025735
P06_controller_high_L,P06_controller_high_L__steady,2,calibration,ENGINEERING_PRIMARY,4,0.000515314338424548,0.000438240970068809,0.000676464348826145,-1.93654448029226,-0.371872189805175
P06_controller_high_L,P06_controller_high_L__steady,2,calibration,ENGINEERING_PRIMARY,5,0.00167423567558817,0.00146561969100815,0.00222510812682957,-1.07412683899673,0.228896812031315
P06_controller_high_L,P06_controller_high_L__steady,2,calibration,ENGINEERING_PRIMARY,6,0.0146606014568282,0.0127677170953084,0.0194408805073686,0.0520617041939421,1.18223300060744
P06_controller_high_L,P06_controller_high_L__steady,2,calibration,ENGINEERING_PRIMARY,7,0.00210713752946538,0.00174277988514704,0.00273446709546021,-0.921213478039334,0.0985433872152931
P06_controller_high_L,P06_controller_high_L__steady,2,calibration,ENGINEERING_PRIMARY,8,0.00150511748590651,0.0012718954509296,0.00197055745525904,1.48004699914246,2.36319459694114
P06_controller_high_L,P06_controller_high_L__steady,2,calibration,ENGINEERING_PRIMARY,9,0.00193487149093134,0.0016621985894463,0.00255081003549385,-2.98477785334487,-2.14473808737941
P06_controller_high_L,P06_controller_high_L__steady,2,calibration,ENGINEERING_PRIMARY,10,0.00157549249838948,0.00143045929541191,0.00212800150571184,-1.9067607248772,-1.14988107518111
P06_controller_high_L,P06_controller_high_L__steady,2,calibration,ENGINEERING_PRIMARY,11,0.00423263607896054,0.00328536080425034,0.00535805970394348,-1.84611838145348,-1.19476125920062
P06_controller_high_L,P06_controller_high_L__steady,2,calibration,ENGINEERING_PRIMARY,12,0.0188525209766731,0.014282390529643,0.0236517277681174,0.658480477617245,1.4611159118305
P06_controller_high_L,P06_controller_high_L__steady,2,calibration,ENGINEERING_PRIMARY,13,0.00552127287353102,0.0036770758998036,0.0066336521854033,-1.66887578189307,-0.942433296082108
P06_controller_high_L,P06_controller_high_L__steady,2,calibration,ENGINEERING_PRIMARY,14,0.00517830584422098,0.00388457427241759,0.00647338927411459,0.565821158591046,1.19499476598752
P06_controller_high_L,P06_controller_high_L__steady,2,calibration,ENGINEERING_PRIMARY,15,0.00653751171729807,0.00494605587477413,0.00819771481390986,2.27268903025174,2.9082124146002
P06_controller_high_L,P06_controller_high_L__steady,2,calibration,ENGINEERING_PRIMARY,16,0.00664944697048178,0.00540039619645063,0.00856617908357558,-2.66644168163596,-2.05563372061578
P06_controller_high_L,P06_controller_high_L__steady,2,calibration,ENGINEERING_PRIMARY,17,0.00812243736882983,0.00530540793380675,0.00970161544046469,-1.89443342947026,-1.25800600140113
P06_controller_high_L,P06_controller_high_L__steady,2,calibration,ENGINEERING_PRIMARY,18,0.0420306005714573,0.0239579944291081,0.048379302201071,-1.24092972734412,-0.826230933034491
P06_controller_high_L,P06_controller_high_L__steady,2,calibration,ENGINEERING_PRIMARY,19,0.00768795167846023,0.00564943520517644,0.00954047793078661,-1.72888699674211,-0.716345588394515
P06_controller_high_L,P06_controller_high_L__steady,2,calibration,ENGINEERING_PRIMARY,20,0.0102417184596704,0.00740858137010722,0.0126404064382698,-0.0854170916882428,0.63362081909133
P06_controller_high_L,P06_controller_high_L__steady,3,validation,ENGINEERING_PRIMARY,1,0.00036969983318747,0.000291433796757358,0.000470756438672115,-1.32742839444613,1.31045310947074
P06_controller_high_L,P06_controller_high_L__steady,3,validation,ENGINEERING_PRIMARY,2,0.000234348175229388,0.0001922231395851,0.000303098668135141,0.813213845651951,3.03068591046077
P06_controller_high_L,P06_controller_high_L__steady,3,validation,ENGINEERING_PRIMARY,3,0.000276995527427995,0.000260688194978411,0.000380374627461158,-3.010951170563,-1.1835291802568
P06_controller_high_L,P06_controller_high_L__steady,3,validation,ENGINEERING_PRIMARY,4,0.000515314338440721,0.000438240970095822,0.000676464348855965,-1.93654448021936,-0.37187218979737
P06_controller_high_L,P06_controller_high_L__steady,3,validation,ENGINEERING_PRIMARY,5,0.00167423567558398,0.00146561969098981,0.00222510812681434,-1.07412683901745,0.228896812016113
P06_controller_high_L,P06_controller_high_L__steady,3,validation,ENGINEERING_PRIMARY,6,0.0146606014568281,0.0127677170953006,0.0194408805073634,0.052061704196535,1.18223300061078
P06_controller_high_L,P06_controller_high_L__steady,3,validation,ENGINEERING_PRIMARY,7,0.0021071375294416,0.00174277988512981,0.0027344670954309,-0.921213478033691,0.0985433872202805
P06_controller_high_L,P06_controller_high_L__steady,3,validation,ENGINEERING_PRIMARY,8,0.00150511748592848,0.00127189545094618,0.00197055745528651,1.4800469991604,2.36319459695533
P06_controller_high_L,P06_controller_high_L__steady,3,validation,ENGINEERING_PRIMARY,9,0.00193487149092593,0.0016621985894554,0.00255081003549568,-2.98477785334636,-2.1447380873801
P06_controller_high_L,P06_controller_high_L__steady,3,validation,ENGINEERING_PRIMARY,10,0.00157549249844031,0.0014304592954353,0.00212800150576519,-1.90676072488824,-1.1498810751944
P06_controller_high_L,P06_controller_high_L__steady,3,validation,ENGINEERING_PRIMARY,11,0.00423263607891829,0.00328536080423323,0.00535805970389961,-1.84611838146112,-1.19476125920503
P06_controller_high_L,P06_controller_high_L__steady,3,validation,ENGINEERING_PRIMARY,12,0.0188525209767648,0.0142823905296887,0.0236517277682181,0.658480477618161,1.46111591183131
P06_controller_high_L,P06_controller_high_L__steady,3,validation,ENGINEERING_PRIMARY,13,0.00552127287348587,0.00367707589979963,0.00663365218536351,-1.66887578188062,-0.942433296074382
P06_controller_high_L,P06_controller_high_L__steady,3,validation,ENGINEERING_PRIMARY,14,0.00517830584426227,0.0038845742724475,0.00647338927416557,0.565821158598069,1.19499476599195
P06_controller_high_L,P06_controller_high_L__steady,3,validation,ENGINEERING_PRIMARY,15,0.00653751171727489,0.00494605587477133,0.00819771481388969,2.27268903025088,2.9082124146025
P06_controller_high_L,P06_controller_high_L__steady,3,validation,ENGINEERING_PRIMARY,16,0.00664944697059755,0.0054003961965039,0.00856617908369902,-2.66644168164521,-2.05563372062567
P06_controller_high_L,P06_controller_high_L__steady,3,validation,ENGINEERING_PRIMARY,17,0.00812243736880067,0.00530540793377696,0.00970161544042399,-1.89443342947435,-1.25800600140899
P06_controller_high_L,P06_controller_high_L__steady,3,validation,ENGINEERING_PRIMARY,18,0.042030600571484,0.023957994429102,0.0483793022010913,-1.24092972734218,-0.826230933034783
P06_controller_high_L,P06_controller_high_L__steady,3,validation,ENGINEERING_PRIMARY,19,0.00768795167848265,0.00564943520516926,0.00954047793080043,-1.72888699673356,-0.716345588393179
P06_controller_high_L,P06_controller_high_L__steady,3,validation,ENGINEERING_PRIMARY,20,0.0102417184598494,0.00740858137019588,0.0126404064384668,-0.0854170916867997,0.633620819090431
P06_controller_high_L,P06_controller_high_L__steady,4,validation,ENGINEERING_PRIMARY,1,0.000369699833193205,0.00029143379675655,0.000470756438676118,-1.32742839442546,1.31045310943814
P06_controller_high_L,P06_controller_high_L__steady,4,validation,ENGINEERING_PRIMARY,2,0.000234348175231767,0.000192223139597818,0.000303098668145047,0.813213845730716,3.03068591043698
P06_controller_high_L,P06_controller_high_L__steady,4,validation,ENGINEERING_PRIMARY,3,0.000276995527426909,0.000260688194976872,0.000380374627459312,-3.01095117055304,-1.18352918027563
P06_controller_high_L,P06_controller_high_L__steady,4,validation,ENGINEERING_PRIMARY,4,0.0005153143384499,0.000438240970087077,0.000676464348857292,-1.93654448023824,-0.371872189816023
P06_controller_high_L,P06_controller_high_L__steady,4,validation,ENGINEERING_PRIMARY,5,0.00167423567558771,0.00146561969099171,0.00222510812681839,-1.07412683901126,0.228896812028359
P06_controller_high_L,P06_controller_high_L__steady,4,validation,ENGINEERING_PRIMARY,6,0.0146606014568292,0.012767717095303,0.0194408805073657,0.0520617041966179,1.18223300061026
P06_controller_high_L,P06_controller_high_L__steady,4,validation,ENGINEERING_PRIMARY,7,0.00210713752945409,0.00174277988513997,0.002734467095447,-0.921213478037175,0.0985433872144776
P06_controller_high_L,P06_controller_high_L__steady,4,validation,ENGINEERING_PRIMARY,8,0.00150511748593797,0.00127189545094575,0.00197055745529348,1.48004699915962,2.36319459695171
P06_controller_high_L,P06_controller_high_L__steady,4,validation,ENGINEERING_PRIMARY,9,0.00193487149092652,0.00166219858945882,0.00255081003549835,-2.98477785334192,-2.14473808737846
P06_controller_high_L,P06_controller_high_L__steady,4,validation,ENGINEERING_PRIMARY,10,0.00157549249843023,0.00143045929543285,0.00212800150575609,-1.90676072489057,-1.14988107519419
P06_controller_high_L,P06_controller_high_L__steady,4,validation,ENGINEERING_PRIMARY,11,0.0042326360789309,0.0032853608042317,0.00535805970390864,-1.84611838146132,-1.1947612592088
P06_controller_high_L,P06_controller_high_L__steady,4,validation,ENGINEERING_PRIMARY,12,0.018852520976773,0.0142823905296862,0.023651727768223,0.65848047761807,1.46111591183071
P06_controller_high_L,P06_controller_high_L__steady,4,validation,ENGINEERING_PRIMARY,13,0.00552127287349835,0.00367707589979844,0.00663365218537324,-1.66887578188586,-0.942433296078227
P06_controller_high_L,P06_controller_high_L__steady,4,validation,ENGINEERING_PRIMARY,14,0.00517830584427115,0.00388457427243895,0.00647338927416754,0.565821158594945,1.19499476598787
P06_controller_high_L,P06_controller_high_L__steady,4,validation,ENGINEERING_PRIMARY,15,0.00653751171728779,0.00494605587477206,0.00819771481390042,2.27268903025196,2.90821241459919
P06_controller_high_L,P06_controller_high_L__steady,4,validation,ENGINEERING_PRIMARY,16,0.00664944697058878,0.00540039619650874,0.00856617908369527,-2.66644168164184,-2.05563372062521
P06_controller_high_L,P06_controller_high_L__steady,4,validation,ENGINEERING_PRIMARY,17,0.00812243736877672,0.00530540793376136,0.0097016154403954,-1.8944334294761,-1.25800600140697
P06_controller_high_L,P06_controller_high_L__steady,4,validation,ENGINEERING_PRIMARY,18,0.0420306005715046,0.0239579944291086,0.0483793022011124,-1.24092972734261,-0.82623093303478
P06_controller_high_L,P06_controller_high_L__steady,4,validation,ENGINEERING_PRIMARY,19,0.0076879516784606,0.00564943520516778,0.00954047793078179,-1.72888699673593,-0.716345588396472
P06_controller_high_L,P06_controller_high_L__steady,4,validation,ENGINEERING_PRIMARY,20,0.0102417184598205,0.00740858137018268,0.0126404064384357,-0.0854170916914957,0.633620819088875
P07_controller_low_L,P07_controller_low_L__steady,1,calibration,ENGINEERING_PRIMARY,1,0.000873417957603474,0.000537345292764614,0.00102547495938249,0.800945262627806,-1.72413345796346
P07_controller_low_L,P07_controller_low_L__steady,1,calibration,ENGINEERING_PRIMARY,2,0.00142745095326865,0.000924426286060424,0.00170064110921354,-2.57025693622358,1.24178746340962
P07_controller_low_L,P07_controller_low_L__steady,1,calibration,ENGINEERING_PRIMARY,3,0.000410669412288672,0.000319246088713082,0.000520160966767138,2.09224250143009,0.165548170753106
P07_controller_low_L,P07_controller_low_L__steady,1,calibration,ENGINEERING_PRIMARY,4,0.00299737719341243,0.00211733274077839,0.00366979127127976,-1.26855585976163,-3.13912032982783
P07_controller_low_L,P07_controller_low_L__steady,1,calibration,ENGINEERING_PRIMARY,5,0.00493904843791171,0.00384199718191207,0.00625740695638844,1.92022935905488,0.176371671568489
P07_controller_low_L,P07_controller_low_L__steady,1,calibration,ENGINEERING_PRIMARY,6,0.0282533511725094,0.0214970934374038,0.035501786979441,-0.51587189100991,-2.08200314838137
P07_controller_low_L,P07_controller_low_L__steady,1,calibration,ENGINEERING_PRIMARY,7,0.00828070327073093,0.00627199492362729,0.0103878759609412,0.546222204442225,-0.891649630972266
P07_controller_low_L,P07_controller_low_L__steady,1,calibration,ENGINEERING_PRIMARY,8,0.00630956534810821,0.00481262108392639,0.00793548590695622,3.09739369326179,1.85767146450909
P07_controller_low_L,P07_controller_low_L__steady,1,calibration,ENGINEERING_PRIMARY,9,0.00179345735813796,0.00131024283092673,0.00222108657450674,2.50532951102121,1.29114664004568
P07_controller_low_L,P07_controller_low_L__steady,1,calibration,ENGINEERING_PRIMARY,10,0.00391880961817954,0.00326686176791453,0.00510190696055878,-1.37649617153362,-2.50279022081593
P07_controller_low_L,P07_controller_low_L__steady,1,calibration,ENGINEERING_PRIMARY,11,0.0140677020718935,0.0107777602227602,0.0177217481361988,2.01987452460524,1.2004341672329
P07_controller_low_L,P07_controller_low_L__steady,1,calibration,ENGINEERING_PRIMARY,12,0.0270646991787641,0.0241550711500121,0.0362762374551047,-0.587531964073161,-1.3367585707107
P07_controller_low_L,P07_controller_low_L__steady,1,calibration,ENGINEERING_PRIMARY,13,0.00544160080398584,0.00515339140902184,0.00749456218364485,0.478120844095218,-0.46571612556831
P07_controller_low_L,P07_controller_low_L__steady,1,calibration,ENGINEERING_PRIMARY,14,0.00407748601280008,0.00325654872420193,0.00521833323750807,-2.23931213320776,-2.76924866674316
P07_controller_low_L,P07_controller_low_L__steady,1,calibration,ENGINEERING_PRIMARY,15,0.00224873758148191,0.0018793493863857,0.00293066115859159,2.16766797384254,1.38821808719004
P07_controller_low_L,P07_controller_low_L__steady,1,calibration,ENGINEERING_PRIMARY,16,0.00203438045596445,0.00244952333000279,0.00318415897590526,-1.31136422939608,-1.92322658882583
P07_controller_low_L,P07_controller_low_L__steady,1,calibration,ENGINEERING_PRIMARY,17,0.0107619544111415,0.00922466245535572,0.0141744156903463,2.85189918578544,2.51649566065909
P07_controller_low_L,P07_controller_low_L__steady,1,calibration,ENGINEERING_PRIMARY,18,0.0192309319250468,0.0142051810546885,0.023908490364351,-1.45731202391561,-1.85267049943671
P07_controller_low_L,P07_controller_low_L__steady,1,calibration,ENGINEERING_PRIMARY,19,0.00287962537866485,0.00397624837335371,0.00490945958818776,0.331579692765937,-0.134030075006826
P07_controller_low_L,P07_controller_low_L__steady,1,calibration,ENGINEERING_PRIMARY,20,0.00411648541885253,0.00397235590759824,0.00572058245812925,-0.561322533430128,-0.840033202765
P07_controller_low_L,P07_controller_low_L__steady,2,calibration,ENGINEERING_PRIMARY,1,0.000873417957547722,0.000537345292800669,0.00102547495935389,0.800945262597562,-1.72413345798312
P07_controller_low_L,P07_controller_low_L__steady,2,calibration,ENGINEERING_PRIMARY,2,0.00142745095328836,0.000924426286040811,0.00170064110921942,-2.57025693620847,1.24178746339978
P07_controller_low_L,P07_controller_low_L__steady,2,calibration,ENGINEERING_PRIMARY,3,0.000410669412271009,0.000319246088713894,0.000520160966753691,2.09224250144355,0.165548170735447
P07_controller_low_L,P07_controller_low_L__steady,2,calibration,ENGINEERING_PRIMARY,4,0.00299737719343443,0.00211733274075554,0.00366979127128455,-1.26855585975365,-3.13912032983014
P07_controller_low_L,P07_controller_low_L__steady,2,calibration,ENGINEERING_PRIMARY,5,0.00493904843783613,0.00384199718185561,0.00625740695629412,1.92022935906755,0.176371671572795
P07_controller_low_L,P07_controller_low_L__steady,2,calibration,ENGINEERING_PRIMARY,6,0.0282533511725168,0.0214970934374302,0.0355017869794629,-0.515871891012737,-2.08200314838287
P07_controller_low_L,P07_controller_low_L__steady,2,calibration,ENGINEERING_PRIMARY,7,0.00828070327057458,0.00627199492355315,0.0103878759607718,0.546222204439714,-0.891649630982145
P07_controller_low_L,P07_controller_low_L__steady,2,calibration,ENGINEERING_PRIMARY,8,0.0063095653480639,0.00481262108389634,0.00793548590690276,3.0973936932718,1.85767146451041
P07_controller_low_L,P07_controller_low_L__steady,2,calibration,ENGINEERING_PRIMARY,9,0.0017934573581293,0.00131024283092809,0.00222108657450055,2.50532951102822,1.29114664005637
P07_controller_low_L,P07_controller_low_L__steady,2,calibration,ENGINEERING_PRIMARY,10,0.00391880961815712,0.00326686176791864,0.00510190696054418,-1.37649617153788,-2.50279022082823
P07_controller_low_L,P07_controller_low_L__steady,2,calibration,ENGINEERING_PRIMARY,11,0.0140677020719709,0.0107777602228164,0.0177217481362945,2.01987452460551,1.20043416723821
P07_controller_low_L,P07_controller_low_L__steady,2,calibration,ENGINEERING_PRIMARY,12,0.0270646991787155,0.0241550711499753,0.0362762374550439,-0.587531964072994,-1.33675857071226
P07_controller_low_L,P07_controller_low_L__steady,2,calibration,ENGINEERING_PRIMARY,13,0.00544160080394204,0.00515339140896979,0.00749456218357726,0.478120844108698,-0.465716125570268
P07_controller_low_L,P07_controller_low_L__steady,2,calibration,ENGINEERING_PRIMARY,14,0.00407748601280617,0.00325654872421808,0.00521833323752291,-2.23931213320129,-2.76924866673755
P07_controller_low_L,P07_controller_low_L__steady,2,calibration,ENGINEERING_PRIMARY,15,0.00224873758142121,0.00187934938637757,0.0029306611585398,2.16766797382541,1.38821808717813
P07_controller_low_L,P07_controller_low_L__steady,2,calibration,ENGINEERING_PRIMARY,16,0.0020343804560182,0.00244952333002644,0.0031841589759578,-1.31136422937201,-1.92322658881745
P07_controller_low_L,P07_controller_low_L__steady,2,calibration,ENGINEERING_PRIMARY,17,0.0107619544110942,0.00922466245533269,0.0141744156902955,2.85189918578819,2.51649566066287
P07_controller_low_L,P07_controller_low_L__steady,2,calibration,ENGINEERING_PRIMARY,18,0.019230931925118,0.0142051810547595,0.0239084903644505,-1.45731202391559,-1.8526704994365
P07_controller_low_L,P07_controller_low_L__steady,2,calibration,ENGINEERING_PRIMARY,19,0.00287962537865625,0.00397624837331017,0.00490945958814745,0.331579692770621,-0.134030075008931
P07_controller_low_L,P07_controller_low_L__steady,2,calibration,ENGINEERING_PRIMARY,20,0.00411648541888753,0.0039723559076035,0.00572058245815808,-0.56132253343096,-0.840033202767902
P07_controller_low_L,P07_controller_low_L__steady,3,validation,ENGINEERING_PRIMARY,1,0.000873417957543061,0.000537345292811207,0.00102547495935545,0.800945262591309,-1.72413345797576
P07_controller_low_L,P07_controller_low_L__steady,3,validation,ENGINEERING_PRIMARY,2,0.00142745095328331,0.000924426286034083,0.00170064110921153,-2.57025693621071,1.24178746339512
P07_controller_low_L,P07_controller_low_L__steady,3,validation,ENGINEERING_PRIMARY,3,0.000410669412262105,0.000319246088733518,0.000520160966758707,2.09224250142738,0.165548170718747
P07_controller_low_L,P07_controller_low_L__steady,3,validation,ENGINEERING_PRIMARY,4,0.00299737719342207,0.00211733274077103,0.00366979127128338,-1.26855585976041,-3.13912032983195
P07_controller_low_L,P07_controller_low_L__steady,3,validation,ENGINEERING_PRIMARY,5,0.00493904843782276,0.00384199718184493,0.006257406956277,1.92022935906679,0.176371671574234
P07_controller_low_L,P07_controller_low_L__steady,3,validation,ENGINEERING_PRIMARY,6,0.0282533511725076,0.0214970934374377,0.0355017869794601,-0.515871891011777,-2.08200314838241
P07_controller_low_L,P07_controller_low_L__steady,3,validation,ENGINEERING_PRIMARY,7,0.00828070327056749,0.00627199492354086,0.0103878759607587,0.546222204440796,-0.891649630980336
P07_controller_low_L,P07_controller_low_L__steady,3,validation,ENGINEERING_PRIMARY,8,0.00630956534802642,0.00481262108388391,0.00793548590686542,3.09739369327316,1.85767146450875
P07_controller_low_L,P07_controller_low_L__steady,3,validation,ENGINEERING_PRIMARY,9,0.0017934573581388,0.00131024283094006,0.00222108657451528,2.50532951103235,1.29114664004766
P07_controller_low_L,P07_controller_low_L__steady,3,validation,ENGINEERING_PRIMARY,10,0.00391880961815195,0.00326686176792312,0.00510190696054309,-1.37649617154103,-2.50279022082624
P07_controller_low_L,P07_controller_low_L__steady,3,validation,ENGINEERING_PRIMARY,11,0.0140677020719712,0.0107777602228125,0.0177217481362924,2.01987452460711,1.20043416724055
P07_controller_low_L,P07_controller_low_L__steady,3,validation,ENGINEERING_PRIMARY,12,0.0270646991787172,0.0241550711499948,0.0362762374550581,-0.587531964072237,-1.33675857071197
P07_controller_low_L,P07_controller_low_L__steady,3,validation,ENGINEERING_PRIMARY,13,0.00544160080395439,0.00515339140897637,0.00749456218359075,0.478120844108954,-0.465716125566908
P07_controller_low_L,P07_controller_low_L__steady,3,validation,ENGINEERING_PRIMARY,14,0.00407748601281466,0.00325654872423128,0.00521833323753778,-2.23931213319829,-2.76924866673308
P07_controller_low_L,P07_controller_low_L__steady,3,validation,ENGINEERING_PRIMARY,15,0.00224873758142567,0.00187934938640918,0.00293066115856349,2.16766797381963,1.38821808717195
P07_controller_low_L,P07_controller_low_L__steady,3,validation,ENGINEERING_PRIMARY,16,0.00203438045603422,0.00244952333003071,0.00318415897597132,-1.31136422938221,-1.92322658882039
P07_controller_low_L,P07_controller_low_L__steady,3,validation,ENGINEERING_PRIMARY,17,0.0107619544110994,0.00922466245533434,0.0141744156903005,2.85189918578584,2.51649566066179
P07_controller_low_L,P07_controller_low_L__steady,3,validation,ENGINEERING_PRIMARY,18,0.0192309319251197,0.0142051810547581,0.023908490364451,-1.45731202391643,-1.85267049943714
P07_controller_low_L,P07_controller_low_L__steady,3,validation,ENGINEERING_PRIMARY,19,0.00287962537865786,0.00397624837332075,0.00490945958815696,0.331579692772802,-0.13403007500581
P07_controller_low_L,P07_controller_low_L__steady,3,validation,ENGINEERING_PRIMARY,20,0.00411648541889974,0.00397235590761668,0.00572058245817603,-0.561322533432499,-0.840033202770884
P07_controller_low_L,P07_controller_low_L__steady,4,validation,ENGINEERING_PRIMARY,1,0.000873417957596652,0.000537345292777584,0.00102547495938347,0.800945262621768,-1.72413345797437
P07_controller_low_L,P07_controller_low_L__steady,4,validation,ENGINEERING_PRIMARY,2,0.00142745095326979,0.000924426286048054,0.00170064110920777,-2.5702569362055,1.2417874633929
P07_controller_low_L,P07_controller_low_L__steady,4,validation,ENGINEERING_PRIMARY,3,0.000410669412262996,0.000319246088715555,0.000520160966748385,2.09224250144331,0.165548170700464
P07_controller_low_L,P07_controller_low_L__steady,4,validation,ENGINEERING_PRIMARY,4,0.00299737719345003,0.00211733274076903,0.00366979127130507,-1.26855585976045,-3.13912032982459
P07_controller_low_L,P07_controller_low_L__steady,4,validation,ENGINEERING_PRIMARY,5,0.00493904843786654,0.0038419971819002,0.0062574069563455,1.92022935905598,0.176371671570823
P07_controller_low_L,P07_controller_low_L__steady,4,validation,ENGINEERING_PRIMARY,6,0.0282533511725491,0.0214970934374137,0.0355017869794787,-0.515871891011217,-2.08200314838183
P07_controller_low_L,P07_controller_low_L__steady,4,validation,ENGINEERING_PRIMARY,7,0.00828070327071086,0.00627199492362308,0.0103878759609227,0.546222204436264,-0.891649630975068
P07_controller_low_L,P07_controller_low_L__steady,4,validation,ENGINEERING_PRIMARY,8,0.0063095653480858,0.00481262108391906,0.00793548590693395,3.09739369326738,1.85767146451091
P07_controller_low_L,P07_controller_low_L__steady,4,validation,ENGINEERING_PRIMARY,9,0.00179345735812443,0.00131024283092962,0.00222108657449752,2.5053295110328,1.29114664005034
P07_controller_low_L,P07_controller_low_L__steady,4,validation,ENGINEERING_PRIMARY,10,0.00391880961817696,0.00326686176790281,0.0051019069605493,-1.37649617153531,-2.50279022082128
P07_controller_low_L,P07_controller_low_L__steady,4,validation,ENGINEERING_PRIMARY,11,0.0140677020719066,0.0107777602227666,0.0177217481362132,2.01987452460665,1.20043416723477
P07_controller_low_L,P07_controller_low_L__steady,4,validation,ENGINEERING_PRIMARY,12,0.0270646991787438,0.0241550711500015,0.0362762374550825,-0.587531964073847,-1.33675857071201
P07_controller_low_L,P07_controller_low_L__steady,4,validation,ENGINEERING_PRIMARY,13,0.00544160080396751,0.00515339140899135,0.00749456218361057,0.478120844094603,-0.465716125571336
P07_controller_low_L,P07_controller_low_L__steady,4,validation,ENGINEERING_PRIMARY,14,0.00407748601279517,0.00325654872421135,0.00521833323751012,-2.23931213320297,-2.76924866674152
P07_controller_low_L,P07_controller_low_L__steady,4,validation,ENGINEERING_PRIMARY,15,0.00224873758146585,0.00187934938638841,0.00293066115858101,2.16766797383225,1.38821808718579
P07_controller_low_L,P07_controller_low_L__steady,4,validation,ENGINEERING_PRIMARY,16,0.00203438045596592,0.00244952332999523,0.00318415897590039,-1.31136422937764,-1.92322658881983
P07_controller_low_L,P07_controller_low_L__steady,4,validation,ENGINEERING_PRIMARY,17,0.0107619544111199,0.00922466245535061,0.0141744156903267,2.85189918578377,2.51649566065714
P07_controller_low_L,P07_controller_low_L__steady,4,validation,ENGINEERING_PRIMARY,18,0.019230931925047,0.0142051810546793,0.0239084903643457,-1.45731202391465,-1.85267049943616
P07_controller_low_L,P07_controller_low_L__steady,4,validation,ENGINEERING_PRIMARY,19,0.00287962537867395,0.00397624837335847,0.00490945958819695,0.331579692761044,-0.134030075007462
P07_controller_low_L,P07_controller_low_L__steady,4,validation,ENGINEERING_PRIMARY,20,0.0041164854188785,0.00397235590760929,0.00572058245815561,-0.561322533428714,-0.840033202765033
P08_opposed_20pct,P08_opposed_20pct__steady,1,calibration,ENGINEERING_PRIMARY,1,0.000471282059867371,0.00049763540671047,0.000685381483529229,0.333054442146182,-2.82985745887199
P08_opposed_20pct,P08_opposed_20pct__steady,1,calibration,ENGINEERING_PRIMARY,2,0.000448804315871031,0.000508962231225384,0.000678577826603836,-2.871369120907,0.454755789074006
P08_opposed_20pct,P08_opposed_20pct__steady,1,calibration,ENGINEERING_PRIMARY,3,0.000721366014150549,0.000758646583570948,0.00104685890412,0.211071020363761,-2.52087393915757
P08_opposed_20pct,P08_opposed_20pct__steady,1,calibration,ENGINEERING_PRIMARY,4,0.0013662189860743,0.00138241445533554,0.001943611083584,-2.35997653861556,1.04894609815872
P08_opposed_20pct,P08_opposed_20pct__steady,1,calibration,ENGINEERING_PRIMARY,5,0.00316634812781759,0.0028028781903791,0.00422869798125106,1.27129915720773,-1.57490312879976
P08_opposed_20pct,P08_opposed_20pct__steady,1,calibration,ENGINEERING_PRIMARY,6,0.021953143695971,0.0217315930373179,0.0308901708327351,-1.82036507582868,1.59108121240803
P08_opposed_20pct,P08_opposed_20pct__steady,1,calibration,ENGINEERING_PRIMARY,7,0.00398151186235556,0.00386773220920531,0.00555083679747497,-2.18657647127908,1.470037412929
P08_opposed_20pct,P08_opposed_20pct__steady,1,calibration,ENGINEERING_PRIMARY,8,0.00403067583634937,0.00385950429060904,0.00558051261686238,1.49804433944951,-1.1007525152726
P08_opposed_20pct,P08_opposed_20pct__steady,1,calibration,ENGINEERING_PRIMARY,9,0.00381445088487155,0.00399092460058955,0.00552064441172298,-0.864066681426545,2.95337160001466
P08_opposed_20pct,P08_opposed_20pct__steady,1,calibration,ENGINEERING_PRIMARY,10,0.00408043786678759,0.00474041127105038,0.00625471599702302,-3.0336953138627,0.697368519773334
P08_opposed_20pct,P08_opposed_20pct__steady,1,calibration,ENGINEERING_PRIMARY,11,0.00502716791017492,0.00530296188920871,0.00730710763541174,0.552397291429097,-1.88527407990878
P08_opposed_20pct,P08_opposed_20pct__steady,1,calibration,ENGINEERING_PRIMARY,12,0.0183559478217009,0.0252229151967504,0.0311951321756371,3.05014940854645,0.798581684113532
P08_opposed_20pct,P08_opposed_20pct__steady,1,calibration,ENGINEERING_PRIMARY,13,0.0053991386851571,0.00602214724266174,0.00808807492261653,2.75387455888327,0.35936892735754
P08_opposed_20pct,P08_opposed_20pct__steady,1,calibration,ENGINEERING_PRIMARY,14,0.00405000504337069,0.00550839447982308,0.00683702790667651,0.497813243653588,-1.97512137495552
P08_opposed_20pct,P08_opposed_20pct__steady,1,calibration,ENGINEERING_PRIMARY,15,0.00393585005905071,0.00670679478786072,0.00777637524903507,-1.53214538908108,2.34399454861665
P08_opposed_20pct,P08_opposed_20pct__steady,1,calibration,ENGINEERING_PRIMARY,16,0.00555039124103103,0.0112578918012504,0.0125517716174719,2.69533793779097,0.123550808081229
P08_opposed_20pct,P08_opposed_20pct__steady,1,calibration,ENGINEERING_PRIMARY,17,0.00730334265457024,0.0157611384877424,0.0173710189787433,0.281577636712605,-2.11710461455434
P08_opposed_20pct,P08_opposed_20pct__steady,1,calibration,ENGINEERING_PRIMARY,18,0.0248014616131339,0.0571986138976256,0.0623441571436923,2.30264023707466,-0.189232310124582
P08_opposed_20pct,P08_opposed_20pct__steady,1,calibration,ENGINEERING_PRIMARY,19,0.00421769046067352,0.00780561434497068,0.0088722335476738,1.68804219412435,-1.34224381214184
P08_opposed_20pct,P08_opposed_20pct__steady,1,calibration,ENGINEERING_PRIMARY,20,0.00330668033371571,0.0064675909575115,0.00726387414697328,0.339187087329236,-2.52160819070094
P08_opposed_20pct,P08_opposed_20pct__steady,2,calibration,ENGINEERING_PRIMARY,1,0.000471282059863557,0.000497635406721002,0.000685381483534254,0.333054442151581,-2.82985745886146
P08_opposed_20pct,P08_opposed_20pct__steady,2,calibration,ENGINEERING_PRIMARY,2,0.000448804315839907,0.000508962231217008,0.000678577826576968,-2.8713691208984,0.454755789105819
P08_opposed_20pct,P08_opposed_20pct__steady,2,calibration,ENGINEERING_PRIMARY,3,0.000721366014156974,0.000758646583588942,0.00104685890413746,0.211071020384331,-2.52087393916551
P08_opposed_20pct,P08_opposed_20pct__steady,2,calibration,ENGINEERING_PRIMARY,4,0.00136621898606638,0.00138241445533418,0.00194361108357746,-2.35997653863845,1.04894609812681
P08_opposed_20pct,P08_opposed_20pct__steady,2,calibration,ENGINEERING_PRIMARY,5,0.00316634812779658,0.00280287819035368,0.00422869798121848,1.27129915721409,-1.57490312879152
P08_opposed_20pct,P08_opposed_20pct__steady,2,calibration,ENGINEERING_PRIMARY,6,0.0219531436959495,0.021731593037328,0.0308901708327269,-1.82036507582724,1.59108121240816
P08_opposed_20pct,P08_opposed_20pct__steady,2,calibration,ENGINEERING_PRIMARY,7,0.00398151186234531,0.00386773220921438,0.00555083679747395,-2.18657647128678,1.47003741291868
P08_opposed_20pct,P08_opposed_20pct__steady,2,calibration,ENGINEERING_PRIMARY,8,0.0040306758363121,0.00385950429057043,0.00558051261680877,1.49804433944894,-1.10075251525886
P08_opposed_20pct,P08_opposed_20pct__steady,2,calibration,ENGINEERING_PRIMARY,9,0.00381445088490517,0.00399092460059551,0.00552064441175053,-0.864066681414456,2.95337160001084
P08_opposed_20pct,P08_opposed_20pct__steady,2,calibration,ENGINEERING_PRIMARY,10,0.00408043786674621,0.00474041127103214,0.00625471599698219,-3.03369531386836,0.697368519759695
P08_opposed_20pct,P08_opposed_20pct__steady,2,calibration,ENGINEERING_PRIMARY,11,0.00502716791020696,0.00530296188916762,0.00730710763540396,0.552397291425215,-1.88527407990135
P08_opposed_20pct,P08_opposed_20pct__steady,2,calibration,ENGINEERING_PRIMARY,12,0.0183559478216626,0.0252229151967859,0.0311951321756432,3.05014940854585,0.798581684114516
P08_opposed_20pct,P08_opposed_20pct__steady,2,calibration,ENGINEERING_PRIMARY,13,0.0053991386851732,0.00602214724265548,0.00808807492262261,2.75387455887069,0.359368927350777
P08_opposed_20pct,P08_opposed_20pct__steady,2,calibration,ENGINEERING_PRIMARY,14,0.0040500050433199,0.00550839447979624,0.0068370279066248,0.497813243659735,-1.97512137494321
P08_opposed_20pct,P08_opposed_20pct__steady,2,calibration,ENGINEERING_PRIMARY,15,0.00393585005906458,0.00670679478784967,0.00777637524903256,-1.53214538908536,2.34399454861543
P08_opposed_20pct,P08_opposed_20pct__steady,2,calibration,ENGINEERING_PRIMARY,16,0.00555039124104742,0.011257891801284,0.0125517716175094,2.69533793779344,0.123550808076035
P08_opposed_20pct,P08_opposed_20pct__steady,2,calibration,ENGINEERING_PRIMARY,17,0.00730334265455789,0.015761138487728,0.0173710189787251,0.281577636707843,-2.11710461455788
P08_opposed_20pct,P08_opposed_20pct__steady,2,calibration,ENGINEERING_PRIMARY,18,0.0248014616131197,0.0571986138976441,0.0623441571437036,2.30264023707217,-0.189232310126087
P08_opposed_20pct,P08_opposed_20pct__steady,2,calibration,ENGINEERING_PRIMARY,19,0.00421769046075017,0.00780561434494091,0.00887223354768405,1.68804219412425,-1.34224381214494
P08_opposed_20pct,P08_opposed_20pct__steady,2,calibration,ENGINEERING_PRIMARY,20,0.00330668033369947,0.00646759095756903,0.0072638741470171,0.339187087333619,-2.5216081907013
P08_opposed_20pct,P08_opposed_20pct__steady,3,validation,ENGINEERING_PRIMARY,1,0.00047128205985949,0.000497635406736201,0.000685381483542492,0.333054442128186,-2.82985745885156
P08_opposed_20pct,P08_opposed_20pct__steady,3,validation,ENGINEERING_PRIMARY,2,0.000448804315850549,0.000508962231205743,0.000678577826575557,-2.87136912086481,0.454755789112835
P08_opposed_20pct,P08_opposed_20pct__steady,3,validation,ENGINEERING_PRIMARY,3,0.000721366014126914,0.00075864658354695,0.00104685890408632,0.211071020372875,-2.52087393915552
P08_opposed_20pct,P08_opposed_20pct__steady,3,validation,ENGINEERING_PRIMARY,4,0.00136621898601773,0.00138241445528491,0.00194361108350822,-2.35997653864129,1.04894609813688
P08_opposed_20pct,P08_opposed_20pct__steady,3,validation,ENGINEERING_PRIMARY,5,0.00316634812778323,0.0028028781903183,0.00422869798118503,1.27129915720303,-1.57490312878013
P08_opposed_20pct,P08_opposed_20pct__steady,3,validation,ENGINEERING_PRIMARY,6,0.0219531436959865,0.0217315930372929,0.0308901708327285,-1.82036507582392,1.59108121241352
P08_opposed_20pct,P08_opposed_20pct__steady,3,validation,ENGINEERING_PRIMARY,7,0.00398151186232958,0.00386773220920029,0.00555083679745284,-2.18657647129571,1.47003741290683
P08_opposed_20pct,P08_opposed_20pct__steady,3,validation,ENGINEERING_PRIMARY,8,0.00403067583630611,0.00385950429051982,0.00558051261676944,1.49804433945246,-1.10075251527024
P08_opposed_20pct,P08_opposed_20pct__steady,3,validation,ENGINEERING_PRIMARY,9,0.00381445088488128,0.00399092460047587,0.00552064441164752,-0.864066681400803,2.9533716000084
P08_opposed_20pct,P08_opposed_20pct__steady,3,validation,ENGINEERING_PRIMARY,10,0.00408043786674376,0.00474041127096992,0.00625471599693344,-3.03369531386019,0.697368519764668
P08_opposed_20pct,P08_opposed_20pct__steady,3,validation,ENGINEERING_PRIMARY,11,0.00502716791018729,0.00530296188915446,0.00730710763538087,0.552397291413766,-1.88527407989409
P08_opposed_20pct,P08_opposed_20pct__steady,3,validation,ENGINEERING_PRIMARY,12,0.0183559478216919,0.0252229151967994,0.0311951321756714,3.05014940854984,0.798581684118608
P08_opposed_20pct,P08_opposed_20pct__steady,3,validation,ENGINEERING_PRIMARY,13,0.00539913868513533,0.0060221472426578,0.00808807492259907,2.75387455885473,0.359368927341184
P08_opposed_20pct,P08_opposed_20pct__steady,3,validation,ENGINEERING_PRIMARY,14,0.00405000504327129,0.00550839447975584,0.00683702790656346,0.497813243660965,-1.97512137495394
P08_opposed_20pct,P08_opposed_20pct__steady,3,validation,ENGINEERING_PRIMARY,15,0.003935850059035,0.00670679478781457,0.00777637524898731,-1.53214538907639,2.34399454860448
P08_opposed_20pct,P08_opposed_20pct__steady,3,validation,ENGINEERING_PRIMARY,16,0.00555039124112039,0.0112578918012247,0.0125517716174885,2.69533793779162,0.123550808074388
P08_opposed_20pct,P08_opposed_20pct__steady,3,validation,ENGINEERING_PRIMARY,17,0.00730334265450903,0.0157611384877301,0.0173710189787064,0.281577636702226,-2.11710461456431
P08_opposed_20pct,P08_opposed_20pct__steady,3,validation,ENGINEERING_PRIMARY,18,0.0248014616131941,0.0571986138977,0.0623441571437846,2.30264023706937,-0.189232310130781
P08_opposed_20pct,P08_opposed_20pct__steady,3,validation,ENGINEERING_PRIMARY,19,0.0042176904606591,0.00780561434496363,0.00887223354766075,1.68804219411541,-1.34224381215991
P08_opposed_20pct,P08_opposed_20pct__steady,3,validation,ENGINEERING_PRIMARY,20,0.00330668033369058,0.0064675909574634,0.00726387414691902,0.33918708733395,-2.52160819070014
P08_opposed_20pct,P08_opposed_20pct__steady,4,validation,ENGINEERING_PRIMARY,1,0.00047128205984787,0.000497635406737667,0.000685381483535567,0.333054442138265,-2.82985745884978
P08_opposed_20pct,P08_opposed_20pct__steady,4,validation,ENGINEERING_PRIMARY,2,0.000448804315851324,0.000508962231206572,0.000678577826576692,-2.8713691208436,0.45475578912313
P08_opposed_20pct,P08_opposed_20pct__steady,4,validation,ENGINEERING_PRIMARY,3,0.000721366014121006,0.000758646583542036,0.00104685890407869,0.211071020355789,-2.5208739391644
P08_opposed_20pct,P08_opposed_20pct__steady,4,validation,ENGINEERING_PRIMARY,4,0.00136621898602695,0.00138241445529827,0.0019436110835242,-2.35997653862498,1.04894609813579
P08_opposed_20pct,P08_opposed_20pct__steady,4,validation,ENGINEERING_PRIMARY,5,0.00316634812778043,0.00280287819030924,0.00422869798117693,1.27129915719463,-1.5749031287885
P08_opposed_20pct,P08_opposed_20pct__steady,4,validation,ENGINEERING_PRIMARY,6,0.0219531436959732,0.0217315930372773,0.030890170832708,-1.82036507582203,1.59108121241521
P08_opposed_20pct,P08_opposed_20pct__steady,4,validation,ENGINEERING_PRIMARY,7,0.0039815118622917,0.00386773220918442,0.00555083679741462,-2.18657647129517,1.47003741291047
P08_opposed_20pct,P08_opposed_20pct__steady,4,validation,ENGINEERING_PRIMARY,8,0.00403067583632299,0.00385950429053246,0.00558051261679037,1.4980443394527,-1.10075251527148
P08_opposed_20pct,P08_opposed_20pct__steady,4,validation,ENGINEERING_PRIMARY,9,0.00381445088485012,0.0039909246004539,0.00552064441161011,-0.864066681397558,2.95337160000498
P08_opposed_20pct,P08_opposed_20pct__steady,4,validation,ENGINEERING_PRIMARY,10,0.00408043786678325,0.00474041127098557,0.00625471599697106,-3.03369531386295,0.697368519762674
P08_opposed_20pct,P08_opposed_20pct__steady,4,validation,ENGINEERING_PRIMARY,11,0.00502716791015041,0.0053029618891326,0.00730710763533964,0.552397291411775,-1.88527407989347
P08_opposed_20pct,P08_opposed_20pct__steady,4,validation,ENGINEERING_PRIMARY,12,0.0183559478217028,0.0252229151967897,0.03119513217567,3.0501494085518,0.798581684119838
P08_opposed_20pct,P08_opposed_20pct__steady,4,validation,ENGINEERING_PRIMARY,13,0.0053991386851201,0.00602214724266064,0.00808807492259101,2.75387455885817,0.359368927339681
P08_opposed_20pct,P08_opposed_20pct__steady,4,validation,ENGINEERING_PRIMARY,14,0.00405000504327177,0.0055083944797443,0.00683702790655444,0.4978132436571,-1.97512137495156
P08_opposed_20pct,P08_opposed_20pct__steady,4,validation,ENGINEERING_PRIMARY,15,0.00393585005903493,0.00670679478782523,0.00777637524899647,-1.53214538907022,2.34399454860393
P08_opposed_20pct,P08_opposed_20pct__steady,4,validation,ENGINEERING_PRIMARY,16,0.00555039124113315,0.01125789180122,0.0125517716174899,2.6953379377873,0.123550808073986
P08_opposed_20pct,P08_opposed_20pct__steady,4,validation,ENGINEERING_PRIMARY,17,0.00730334265449273,0.0157611384877505,0.017371018978718,0.281577636702314,-2.11710461456457
P08_opposed_20pct,P08_opposed_20pct__steady,4,validation,ENGINEERING_PRIMARY,18,0.0248014616131922,0.057198613897695,0.0623441571437792,2.30264023706902,-0.189232310131785
P08_opposed_20pct,P08_opposed_20pct__steady,4,validation,ENGINEERING_PRIMARY,19,0.00421769046065838,0.00780561434498997,0.00887223354768358,1.68804219411454,-1.34224381216117
P08_opposed_20pct,P08_opposed_20pct__steady,4,validation,ENGINEERING_PRIMARY,20,0.00330668033370034,0.00646759095746311,0.00726387414692319,0.339187087331499,-2.52160819069881
