case_id,evidence_role,cohort,offset_samples,event_count,mean_e_d,mean_e_q,mean_residual_magnitude,mean_periodic_6_magnitude,mean_periodic_12_magnitude,mean_Jd_boundary_distance,mean_Jq_boundary_distance,mean_voltage_utilization,S2_fraction,false_safe_fraction
C05_negative_id,ENGINEERING_PRIMARY,false_safe,-10,2,0.00572049964759504,-0.00839421923754993,0.0156839806218839,0.00709441391149257,0.00385554572028028,0.226139845625442,0.217362896435766,0.415742556267691,0,0
C05_negative_id,ENGINEERING_PRIMARY,false_safe,-9,2,0.00191032088293521,-0.00338947988874947,0.0140564469095914,0.00527106622734977,0.00405903967170307,0.258694986015891,0.3014213175681,0.493237049888677,0,0
C05_negative_id,ENGINEERING_PRIMARY,false_safe,-8,2,0.00542954363494519,-0.00433510809274917,0.00725188606080937,0.00445117948420508,0.00458155638735589,0.371802680121714,0.332781731757983,0.405211825284287,0,0
C05_negative_id,ENGINEERING_PRIMARY,false_safe,-7,2,0.00623858957329993,-0.00458847284984998,0.00774941809436025,0.00464983717356666,0.00447695249103828,0.148059365391377,0.149198284701384,0.428299104181301,0,0
C05_negative_id,ENGINEERING_PRIMARY,false_safe,-6,2,-0.000613013891990198,-0.00152937756620019,0.00175649630225187,0.00462279379491719,0.00388693420025359,0.307952384179787,0.13490785984898,0.36065039180559,0,0
C05_negative_id,ENGINEERING_PRIMARY,false_safe,-5,2,-0.00623838847639034,0.00112124611479913,0.00673079739902866,0.00438274889108157,0.00395385009661879,0.111529448294777,0.122232756113041,0.498068736099237,0,0
C05_negative_id,ENGINEERING_PRIMARY,false_safe,-4,2,-0.00360982399868481,0.00162438286269939,0.00479771761044884,0.00572135001627192,0.00410705063950389,0.319686871222311,0.224132530308136,0.37183263662467,0,0
C05_negative_id,ENGINEERING_PRIMARY,false_safe,-3,2,-0.00232175063543982,0.0036770585703998,0.00671577167559645,0.00747292357331203,0.00383986820966471,0.35028405262938,0.373667421221404,0.469800372540803,0,0
C05_negative_id,ENGINEERING_PRIMARY,false_safe,-2,2,0.00187477372300518,0.00302191291164979,0.0126657494546281,0.00884926074780683,0.00409542311658012,0.36730854837186,0.399993551239482,0.422326238964861,0,0
C05_negative_id,ENGINEERING_PRIMARY,false_safe,-1,2,0.00931082078656489,-0.00304562759134974,0.0157726192819865,0.00977612757357983,0.00459450600579416,0.287926194600129,0.322012237095683,0.438626167269817,0,0
C05_negative_id,ENGINEERING_PRIMARY,false_safe,0,2,0.0101736097935749,-0.0061196644410506,0.0245358925761149,0.0102056496635702,0.00445124195793844,0.00175312592008326,0.00162019691406157,0.410470123505315,0,1
C05_negative_id,ENGINEERING_PRIMARY,false_safe,1,2,0.00095705997650495,-0.00280781665740015,0.0243535563444341,0.0101157822209646,0.0038625177125708,0.399999850356759,0.22690094806037,0.438106644944827,0,0
C05_negative_id,ENGINEERING_PRIMARY,false_safe,2,2,-0.01155583004871,0.00237797079114979,0.0146487362400367,0.0095111331483787,0.00397239859750566,0.138517805832939,0.184694256205056,0.434456551681987,0,0
C05_negative_id,ENGINEERING_PRIMARY,false_safe,3,2,-0.0109725443600497,0.00448778955065077,0.0120189913322256,0.0084227732462557,0.00410106024030126,0.399995311816611,0.399981543213986,0.511422411596824,0,0
C05_negative_id,ENGINEERING_PRIMARY,false_safe,4,2,0.00049232643544506,0.00164621205100079,0.00551768385429211,0.00690726038222861,0.00382601205644971,0.0980641802350619,0.05970329895758,0.413781670703781,0,0
C05_negative_id,ENGINEERING_PRIMARY,false_safe,5,2,0.0050409175501598,-0.00202473252640001,0.00683692588067722,0.00505364100442892,0.00413214275128581,0.399997492977887,0.285243704697768,0.438244273198348,0,0
C05_negative_id,ENGINEERING_PRIMARY,false_safe,6,2,-0.000400718721539795,-0.000273715010499665,0.00448630230574908,0.00448291668831169,0.0046052788302776,0.324286573359565,0.272784337937781,0.438666115402717,0,0
C05_negative_id,ENGINEERING_PRIMARY,false_safe,7,2,-0.00192091910364467,0.00241150686960001,0.00757567052249941,0.00465830954150521,0.00442377517500395,0.399995533051182,0.399985055592545,0.491254254214515,0,0
C05_negative_id,ENGINEERING_PRIMARY,false_safe,8,2,0.0004801253832849,0.00222549452314968,0.00664827738442967,0.00460556445923514,0.0038416281285742,0.351580244333948,0.303259902208329,0.403846662215268,0,0
C05_negative_id,ENGINEERING_PRIMARY,false_safe,9,2,-0.00204471914471505,0.00370627314454985,0.00488068805652273,0.00435705831241773,0.00399038857311804,0.274094957797134,0.254433489451149,0.422091553089451,0,0
C05_negative_id,ENGINEERING_PRIMARY,false_safe,10,2,-0.00566052846695532,0.00694566762699986,0.0102766050283991,0.00593131262410506,0.00409349807494323,0.221080747428016,0.2167074964669,0.420760691280034,0,0
C05_negative_id,ENGINEERING_PRIMARY,matched_control,-10,2,0.0180193479706801,-0.0189196844782007,0.0261275977089957,0.0103419691517135,0.00570939413811598,0.399983609176573,0.399998662123597,0.438683938742854,0,0
C05_negative_id,ENGINEERING_PRIMARY,matched_control,-9,2,0.0108332550584302,-0.0124597953849008,0.0165107818165767,0.00908974644406803,0.00588235571772756,0.11218305898899,0.196266195566039,0.434250296153696,0,0
C05_negative_id,ENGINEERING_PRIMARY,matched_control,-8,2,0.00497153273059014,-0.0064520530858001,0.00814525178943608,0.00737522122998725,0.0049811603741181,0.399981799199277,0.399997575351872,0.451391327131796,0,0
C05_negative_id,ENGINEERING_PRIMARY,matched_control,-7,2,0.00496864346601011,-0.00318439135969939,0.00590150542014943,0.00528649399176235,0.0032724844659834,0.0328596261663933,0.0737670102446618,0.470490249052879,0,0
C05_negative_id,ENGINEERING_PRIMARY,matched_control,-6,2,-0.00205664279453988,-0.00110335219259916,0.00233391637494709,0.00293320888793283,0.00175276882019924,0.4,0.0884948736599874,0.329201003330604,0,0
C05_negative_id,ENGINEERING_PRIMARY,matched_control,-5,2,-0.00982210318624999,0.000248656545199566,0.00982525017894266,0.000505613316623762,0.00278170257535935,0.00561001962574992,0.0172694709422313,0.601568348654679,0,0
C05_negative_id,ENGINEERING_PRIMARY,matched_control,-4,2,-0.00393567775893011,-0.000696170086600389,0.00399677522655632,0.00214064335552509,0.00459785648144187,0.4,0.222251028674675,0.342519884875143,0,0
C05_negative_id,ENGINEERING_PRIMARY,matched_control,-3,2,-0.00671656693012057,0.00536221339090126,0.00859451009519159,0.00455119252417985,0.00574771567178376,0.399977482930643,0.399993904424626,0.517374220793702,0,0
C05_negative_id,ENGINEERING_PRIMARY,matched_control,-2,2,-0.0077589439796002,0.0113729997336005,0.0137675827442239,0.00673819378016662,0.00585951159000497,0.399982713914778,0.399994806302905,0.458248169969521,0,0
C05_negative_id,ENGINEERING_PRIMARY,matched_control,-1,2,0.00018094315270023,0.00933555990410007,0.00933731327243281,0.00858397990969001,0.00490320755511209,0.399983114645922,0.399994407057233,0.454028768905005,0,0
C05_negative_id,ENGINEERING_PRIMARY,matched_control,0,2,-0.00693384150997023,0.0128509641491998,0.0146022408434256,0.0099933872419564,0.00316626718825416,0.00819832236236773,0.00297747409253335,0.366302932043754,0,0
C05_negative_id,ENGINEERING_PRIMARY,matched_control,1,2,-0.0153362303968505,0.0164590841211005,0.0224966978219192,0.0108942520472001,0.00173135676766023,0.399979275838323,0.399991783451943,0.547658018437788,0,0
C05_negative_id,ENGINEERING_PRIMARY,matched_control,2,2,-0.0123801293611097,0.0112481061478,0.016726849521353,0.011240540817979,0.00288610263478381,0.113250576162632,0.048843917033993,0.34912536664897,0,0
C05_negative_id,ENGINEERING_PRIMARY,matched_control,3,2,-0.00876755785621031,0.00560008774769827,0.0104034154749253,0.0110145701520267,0.0046846649076459,0.399975675170644,0.399988619601474,0.54692339142175,0,0
C05_negative_id,ENGINEERING_PRIMARY,matched_control,4,2,-0.00475980071402038,0.000939990840199911,0.00485173016735769,0.0102278787321431,0.00578275540908473,0.189618948375297,0.0960229612173592,0.343872091681233,0,0
C05_negative_id,ENGINEERING_PRIMARY,matched_control,5,2,-0.000599572328629616,-0.00291687840209853,0.00297786275538132,0.00892065745863466,0.00583329547189186,0.399975549447826,0.399986620118374,0.540035472900276,0,0
C05_negative_id,ENGINEERING_PRIMARY,matched_control,6,2,0.00140210895053006,-0.00435495867490054,0.00457510377688288,0.00715979633455892,0.00482271938491795,0.251878667120277,0.148772877233007,0.345940005062521,0,0
C05_negative_id,ENGINEERING_PRIMARY,matched_control,7,2,-0.00679204539206957,0.00239002057989879,0.00720028325694713,0.00503586495611795,0.00306013719377372,0.0087342326832488,0.0055644642956395,0.391547927089515,0,0
C05_negative_id,ENGINEERING_PRIMARY,matched_control,8,2,-0.00897915550568973,0.0075302460295994,0.0117187814580551,0.0026610612887378,0.00172158207608454,0.399974836187582,0.399982712635164,0.564283067573757,0,0
C05_negative_id,ENGINEERING_PRIMARY,matched_control,9,2,0.00369003376157995,-0.000578594172299773,0.00373511986123861,0.000322641765149751,0.00299143601173358,0.330987382494787,0.245240348822934,0.354582386172181,0,0
C05_negative_id,ENGINEERING_PRIMARY,matched_control,10,2,0.00504431412385031,-0.00457881450230069,0.0068125360348812,0.00241499826645371,0.00476915838593473,0.224510968770976,0.179518632330248,0.387204842813233,0,0
C06_low_bus_43p2V,ENGINEERING_PRIMARY,false_safe,-10,6,0.00189137604036833,-0.00345365849340003,0.00720590849783702,0.00367814814612032,0.00289283665487313,0.15020694926037,0.143338954385592,0.449702051335467,0,0
C06_low_bus_43p2V,ENGINEERING_PRIMARY,false_safe,-9,6,-0.00344397682551454,0.00173600083868308,0.00628687845531745,0.00318605682083228,0.00322976767599236,0.248510521850242,0.2475220423491,0.532788559179547,0,0
C06_low_bus_43p2V,ENGINEERING_PRIMARY,false_safe,-8,6,-0.000420020826434331,0.00170988054969978,0.00597705666233241,0.00419898204471706,0.00341765523880094,0.273181204641049,0.274816000540413,0.538634277893818,0,0
C06_low_bus_43p2V,ENGINEERING_PRIMARY,false_safe,-7,6,0.0040869690869139,-0.00158732554130037,0.00530326372276207,0.00552871408230013,0.00347586173185642,0.291782312198138,0.247362255117951,0.440952746536901,0,0
C06_low_bus_43p2V,ENGINEERING_PRIMARY,false_safe,-6,6,0.00201842873502631,-0.000920915947600243,0.00880137046234442,0.00677606509613983,0.00342518363070241,0.276751637286974,0.300907651883811,0.499136611223606,0,0
C06_low_bus_43p2V,ENGINEERING_PRIMARY,false_safe,-5,6,0.00147831547459274,0.000335300729416531,0.00801402552622803,0.00831189972379274,0.00312094609595776,0.265739187260406,0.310963262841063,0.476998614000157,0,0
C06_low_bus_43p2V,ENGINEERING_PRIMARY,false_safe,-4,6,0.00428828212128912,-0.0011313553679333,0.00806847672093634,0.00942447087041228,0.00281078003143289,0.257263368391605,0.315769713833945,0.499575543032346,0,0
C06_low_bus_43p2V,ENGINEERING_PRIMARY,false_safe,-3,6,0.00681694249245252,-0.00316860747350045,0.00968024703722758,0.0100569244552471,0.00290916541533659,0.346683910591175,0.390493593942702,0.490593080383468,0,0
C06_low_bus_43p2V,ENGINEERING_PRIMARY,false_safe,-2,6,0.00885646232925317,-0.00685347493135009,0.0120082910164632,0.0101770286816845,0.00324600487946032,0.260014983767997,0.327435679452789,0.489163204363994,0,0
C06_low_bus_43p2V,ENGINEERING_PRIMARY,false_safe,-1,6,0.0118585028616935,-0.0127401386213834,0.0175823425046116,0.00977866374812835,0.00342273218161986,0.198573194593242,0.239107373407827,0.520703845977578,0,0.333333333333333
C06_low_bus_43p2V,ENGINEERING_PRIMARY,false_safe,0,6,0.010527800013954,-0.0127890783633659,0.0199906980805723,0.00888213077762825,0.0034773031309502,0.035983601860881,0.0142002207395505,0.496112929092823,0,1
C06_low_bus_43p2V,ENGINEERING_PRIMARY,false_safe,1,6,-0.00205135860665085,-0.00204997727753337,0.0154780023288137,0.00753315566942049,0.00341526339849149,0.283882714690647,0.224246691525751,0.516224055870496,0,0.333333333333333
C06_low_bus_43p2V,ENGINEERING_PRIMARY,false_safe,2,6,-0.0107619940422389,0.00703426405278348,0.0130606222781419,0.0061846714628715,0.00309890281551744,0.219183861210292,0.252887211970075,0.551014053378648,0,0
C06_low_bus_43p2V,ENGINEERING_PRIMARY,false_safe,3,6,-0.00620961663249807,0.00614076719538362,0.00898371749222064,0.00497125553771566,0.00280410719027539,0.190125230377402,0.18675331258319,0.518874537787921,0,0
C06_low_bus_43p2V,ENGINEERING_PRIMARY,false_safe,4,6,-0.00565450796583872,0.00453739594118326,0.00790480758335413,0.00350512101633348,0.00292634971458086,0.19085900141348,0.226305504072655,0.48914399047861,0,0
C06_low_bus_43p2V,ENGINEERING_PRIMARY,false_safe,5,6,-0.00722245031096905,0.00313942566425022,0.00944944765408706,0.00318043183361102,0.0032615723266444,0.322499061687534,0.399987833808744,0.577124774490037,0,0
C06_low_bus_43p2V,ENGINEERING_PRIMARY,false_safe,6,6,-0.00070232156807949,-0.00073050854021665,0.00604091240527624,0.00435862315037158,0.00342748024697877,0.371746197230909,0.361080130457076,0.52909425397987,0,0
C06_low_bus_43p2V,ENGINEERING_PRIMARY,false_safe,7,6,0.0028034353276679,-0.000270903119616861,0.00503916702025515,0.00566020471903949,0.00347847180785399,0.337358927817175,0.336466141279276,0.521942581728504,0,0
C06_low_bus_43p2V,ENGINEERING_PRIMARY,false_safe,8,6,0.00133235830127422,0.00268696194741687,0.00764329767395678,0.00696530171664949,0.00340441401411658,0.335643877399546,0.33439727161342,0.539932735300888,0,0
C06_low_bus_43p2V,ENGINEERING_PRIMARY,false_safe,9,6,0.00198977220085933,0.00239797187623361,0.00866236958425317,0.00845766375343669,0.00307683489582219,0.384953133758976,0.380312237006742,0.541917475590072,0,0
C06_low_bus_43p2V,ENGINEERING_PRIMARY,false_safe,10,6,0.00184291235456569,0.00129560576714944,0.00738253544324015,0.00951926220506142,0.00279889173556053,0.322087236796748,0.313749407185283,0.502861477865623,0,0
C06_low_bus_43p2V,ENGINEERING_PRIMARY,matched_control,-10,6,0.00103123092128534,-0.00155811018496621,0.0103657630632084,0.00874343520887975,0.00297046689361275,0.249335212523043,0.32952972463502,0.535694066119203,0,0
C06_low_bus_43p2V,ENGINEERING_PRIMARY,matched_control,-9,6,0.00117516588546571,0.000200595565033267,0.00754732841534589,0.00755142785296641,0.00260399990513793,0.254357641216175,0.311266684619273,0.500626567318197,0,0
C06_low_bus_43p2V,ENGINEERING_PRIMARY,matched_control,-8,6,0.00497690160391634,-0.00388795289846654,0.00743004208331672,0.00597475493277006,0.00258915750984468,0.092758238461362,0.0966605245401522,0.504414764531419,0,0
C06_low_bus_43p2V,ENGINEERING_PRIMARY,matched_control,-7,6,-0.00108741213475502,-0.00336148002673297,0.0119637186654618,0.00409422204138648,0.00318577715854606,0.322592667879468,0.301500960008183,0.48571915750035,0,0
C06_low_bus_43p2V,ENGINEERING_PRIMARY,matched_control,-6,6,-0.00607753717880192,-0.00133927767836598,0.014457566871763,0.00390827279666708,0.0037516706746497,0.302696650641784,0.340694400119676,0.577717747159929,0,0
C06_low_bus_43p2V,ENGINEERING_PRIMARY,matched_control,-5,6,-0.0023441287567591,0.000569882576633876,0.011806543307085,0.00495274871498083,0.00384327849296824,0.399988737130089,0.399985293283212,0.5342932887439,0,0
C06_low_bus_43p2V,ENGINEERING_PRIMARY,matched_control,-4,6,0.00290873155694458,0.00184994042586696,0.00865276897138726,0.0057451966154065,0.00345161109093774,0.274772142138017,0.288916320896957,0.54550023970864,0,0
C06_low_bus_43p2V,ENGINEERING_PRIMARY,matched_control,-3,6,0.00260730121860593,0.00210849818630029,0.00510171445272541,0.00624502554688908,0.00294649299865898,0.357286354771202,0.286873533030159,0.491158980500271,0,0
C06_low_bus_43p2V,ENGINEERING_PRIMARY,matched_control,-2,6,-0.000937764699591693,0.00229037430293388,0.00773819650728366,0.00642780218874602,0.002589026385192,0.282374502572571,0.330361622982989,0.573123168030807,0,0
C06_low_bus_43p2V,ENGINEERING_PRIMARY,matched_control,-1,6,-0.00313293794914369,0.00244988262056663,0.00756560260193743,0.00778379561709576,0.00260911866468307,0.317939212314153,0.281042393415277,0.504026919292096,0,0
C06_low_bus_43p2V,ENGINEERING_PRIMARY,matched_control,0,6,-0.00903994163707867,0.00661845317129976,0.0112123195462052,0.00890353765356402,0.00322466680456033,0.017917133634344,0.0468263929370555,0.502278056196996,0,0
C06_low_bus_43p2V,ENGINEERING_PRIMARY,matched_control,1,6,-0.0125342085609092,0.00914784744193339,0.0155665231238118,0.00956973470254151,0.00377090316340606,0.39611902785785,0.310892602805679,0.56907097014206,0,0
C06_low_bus_43p2V,ENGINEERING_PRIMARY,matched_control,2,6,-0.0103377753722118,0.00762803738413296,0.0129206483345259,0.0097484088831698,0.00383253465408833,0.204545513244502,0.172350700927026,0.486336344043566,0,0
C06_low_bus_43p2V,ENGINEERING_PRIMARY,matched_control,3,6,-0.00569127957838304,0.00578157592679969,0.0086466399708014,0.00943045141517725,0.00342163976657203,0.399984753752766,0.399975676511236,0.612036021676834,0,0
C06_low_bus_43p2V,ENGINEERING_PRIMARY,matched_control,4,6,0.000339694174282997,0.00190248448553376,0.00497768345418573,0.00863206191340518,0.00292300288272101,0.25304137256665,0.209654716593479,0.449494579352285,0,0
C06_low_bus_43p2V,ENGINEERING_PRIMARY,matched_control,5,6,1.54182392232e-05,0.000975180492733446,0.00484918953473756,0.00739392349803527,0.00257508091197357,0.278050133391919,0.272126245828265,0.55813672143178,0,0
C06_low_bus_43p2V,ENGINEERING_PRIMARY,matched_control,6,6,-0.00184407776762303,0.00173426811506633,0.00926437879174176,0.00577915196209842,0.00263136434823442,0.293448389863888,0.252030093528436,0.497217544203462,0,0
C06_low_bus_43p2V,ENGINEERING_PRIMARY,matched_control,7,6,-0.006437318497769,0.00452490900693309,0.00813568635549445,0.00387116736850101,0.00326316968126036,0.0732781664422713,0.0490739904142799,0.43420601901002,0,0
C06_low_bus_43p2V,ENGINEERING_PRIMARY,matched_control,8,6,-0.00750235043905162,0.00591100232789958,0.0095511943971008,0.00403516521667072,0.00378854513667336,0.399980234217331,0.399970321400052,0.650999070456309,0,0
C06_low_bus_43p2V,ENGINEERING_PRIMARY,matched_control,9,6,0.00182219147052124,-0.000396364443933093,0.00414314243760772,0.00505411221335013,0.003820223898085,0.275439557271915,0.239657945170216,0.427941276616798,0,0
C06_low_bus_43p2V,ENGINEERING_PRIMARY,matched_control,10,6,0.00572738832117703,-0.00410858040846662,0.00722865974387754,0.00581578392600566,0.00339143481399779,0.300579883738459,0.303020226863187,0.513473362309336,0,0
C09_S2_boundary,ENGINEERING_PRIMARY,false_safe,-10,6,0.0317239435021563,-0.0215729399094666,0.0383644452154271,0.0150427724287511,0.0183538460326441,0.399801288357379,0.399900329417236,0.826369809192298,0,0
C09_S2_boundary,ENGINEERING_PRIMARY,false_safe,-9,6,0.018843817459914,-0.01344815235795,0.0231518522051408,0.0181817767325632,0.0146246994653126,0.399813867134264,0.399887194867298,0.843469710649483,0,0
C09_S2_boundary,ENGINEERING_PRIMARY,false_safe,-8,6,0.00468835613824128,-0.00234878151345086,0.00524908161846853,0.0188174427616612,0.00303148103210098,0.399797487521633,0.399870335288846,0.858026041078955,0,0
C09_S2_boundary,ENGINEERING_PRIMARY,false_safe,-7,6,-0.000597404178546346,0.00318828378340126,0.00324896367905692,0.0168550760840267,0.0103182497699246,0.399791564000946,0.399856942513615,0.864608948967411,0,0
C09_S2_boundary,ENGINEERING_PRIMARY,false_safe,-6,6,-0.00321049960169513,0.00603762094516646,0.00684055509618935,0.0125902779701497,0.0179826112408418,0.399791174177261,0.399845059115269,0.869846966215934,0,0
C09_S2_boundary,ENGINEERING_PRIMARY,false_safe,-5,6,-0.0014915322276918,0.00501417078445066,0.00523327120824255,0.00674033397146089,0.0159165775718357,0.399797876892206,0.399837006050879,0.87087973192868,0,0
C09_S2_boundary,ENGINEERING_PRIMARY,false_safe,-4,6,0.00110079651932663,0.00210664260481686,0.00238009605085237,0.00247844261566789,0.00525681562747008,0.399809268484341,0.399832417836754,0.869720039335947,0,0
C09_S2_boundary,ENGINEERING_PRIMARY,false_safe,-3,6,0.000980823717557896,0.000396733839198286,0.0010615502249224,0.00787046121811967,0.00832627870940075,0.399824062584912,0.399831559111028,0.866764336736613,0,0
C09_S2_boundary,ENGINEERING_PRIMARY,false_safe,-2,6,-0.000240243547548484,4.20403062004009e-05,0.000252350924344634,0.0135125365308548,0.0173281872733596,0.399838234306336,0.399835783073407,0.860175390091719,0,0
C09_S2_boundary,ENGINEERING_PRIMARY,false_safe,-1,6,-0.000618917824680046,-1.00712705831305e-05,0.000625721138226509,0.017397679411501,0.0169580319281115,0.399842274421626,0.399845390016122,0.849551698571142,0,0
C09_S2_boundary,ENGINEERING_PRIMARY,false_safe,0,6,-0.0162961555307652,0.00967847376973374,0.0189543712427998,0.0188976012439229,0.00741902367760721,0.0139528807580568,0.00725185645747421,0.719809006452203,0,1
C09_S2_boundary,ENGINEERING_PRIMARY,false_safe,1,6,-0.0302805123506634,0.0204415176611015,0.0365346112090853,0.0177876067472773,0.00620736756597401,0.399775274833816,0.399757874305367,0.944257007906315,0,0
C09_S2_boundary,ENGINEERING_PRIMARY,false_safe,2,6,-0.0187780880461255,0.0130960709310835,0.0228938399119247,0.0142334504735396,0.016400943292106,0.266030639061585,0.178224355657178,0.708665493195709,0,0
C09_S2_boundary,ENGINEERING_PRIMARY,false_safe,3,6,-0.0171135581495862,0.0076928271239165,0.0187636674046438,0.00879697672339293,0.0177325347365921,0.157284676005233,0.119524967173488,0.747408435009337,0,0
C09_S2_boundary,ENGINEERING_PRIMARY,false_safe,4,6,-0.0228954714905197,0.0108931542237336,0.0253550516315705,0.00294187161947496,0.00947054114745296,0.177669897033206,0.153474874693691,0.756691492175353,0,0
C09_S2_boundary,ENGINEERING_PRIMARY,false_safe,5,6,-0.00964584459014955,0.00552937918568238,0.0111187334698019,0.00580100852387784,0.00400184432625879,0.305396270567926,0.301168151728156,0.772468816381769,0,0
C09_S2_boundary,ENGINEERING_PRIMARY,false_safe,6,6,0.0177957567992435,-0.0112032444705837,0.0210287267563262,0.0117825328925405,0.0152155853899029,0.225103576211717,0.255176770552064,0.783839660912676,0,0
C09_S2_boundary,ENGINEERING_PRIMARY,false_safe,7,6,0.0370142116625671,-0.0259306465255502,0.0451937342314411,0.0163453832922142,0.0182278099058584,0.399802641369583,0.399896329473114,0.82984045454763,0,0
C09_S2_boundary,ENGINEERING_PRIMARY,false_safe,8,6,0.0307914541203931,-0.0238504947809671,0.0389489097451781,0.0186845365231616,0.0113756179358314,0.399810102600348,0.39988302181482,0.845083822272213,0,0
C09_S2_boundary,ENGINEERING_PRIMARY,false_safe,9,6,0.0157797845669433,-0.0133581806405007,0.020676155408749,0.0184453875152766,0.00178654948736832,0.399793950166759,0.399865161932235,0.861615651480891,0,0
C09_S2_boundary,ENGINEERING_PRIMARY,false_safe,10,6,0.00553449352645631,-0.0039038955070166,0.00677639425467924,0.0156635274899174,0.0137909455596985,0.399788885475966,0.399851363835123,0.869272506162175,0,0
C09_S2_boundary,ENGINEERING_PRIMARY,matched_control,-10,6,0.0369083077220094,-0.0260429066345012,0.0451714087103323,0.0163453832921709,0.0182278099058843,0.399756013870416,0.399991076090883,0.829824842658708,0,0
C09_S2_boundary,ENGINEERING_PRIMARY,matched_control,-9,6,0.0306775596492378,-0.0240664354428013,0.0389911013047217,0.0186845365231461,0.0113756179359887,0.39975879583089,0.399980995390832,0.845055519255053,0,0
C09_S2_boundary,ENGINEERING_PRIMARY,matched_control,-8,6,0.0156386755759288,-0.0135618216495992,0.0207000285078231,0.0184453875152944,0.0017865494872207,0.399713758090698,0.399965182073247,0.861615381533899,0,0
C09_S2_boundary,ENGINEERING_PRIMARY,matched_control,-7,6,0.0053648480488683,-0.00405372689269967,0.00672415766531709,0.0156635274899579,0.0137909455596036,0.399683521901539,0.399947628944454,0.869285330230354,0,0
C09_S2_boundary,ENGINEERING_PRIMARY,matched_control,-6,6,0.000270013560238103,0.00265389293459961,0.00266759349058851,0.0107651062407965,0.0184360125762799,0.399664499786345,0.399929305202929,0.872917947063725,0,0
C09_S2_boundary,ENGINEERING_PRIMARY,matched_control,-5,6,0.000750905183936449,0.00416617226909821,0.00423330248990851,0.00469374597306543,0.0131029449489577,0.399657375103527,0.399911676818037,0.872215445956423,0,0
C09_S2_boundary,ENGINEERING_PRIMARY,matched_control,-4,6,0.00281446057412961,0.00235039281499994,0.00366681533597389,0.00382796194225693,0.000931735724577625,0.399659383682955,0.399895362512198,0.869328251334525,0,0
C09_S2_boundary,ENGINEERING_PRIMARY,matched_control,-3,6,0.00248636226387498,0.000824123356601092,0.00261938477778981,0.00988700930507561,0.0121497281017827,0.399669126832362,0.399881028649064,0.864857735637234,0,0
C09_S2_boundary,ENGINEERING_PRIMARY,matched_control,-2,6,0.000905453909353619,0.000368621034500194,0.000977613547901084,0.0150427724286982,0.0183538460326272,0.399687580044185,0.399870153879424,0.85704314072966,0,0
C09_S2_boundary,ENGINEERING_PRIMARY,matched_control,-1,6,2.5670046131951e-05,0.000234016613202215,0.000235420318840689,0.0181817767325336,0.014624699465442,0.399713829857454,0.39986371540502,0.845311838096729,0,0
C09_S2_boundary,ENGINEERING_PRIMARY,matched_control,0,6,-0.014941995018171,0.00879677160700254,0.0173391581637868,0.0188174427616707,0.00303148103228816,0.0616157408478025,0.033430483641277,0.716677001361131,0,0
C09_S2_boundary,ENGINEERING_PRIMARY,matched_control,1,6,-0.0284326315621059,0.0183611789999993,0.0338459367105784,0.0168550760840685,0.0103182497697741,0.399649617709348,0.399784146752901,0.934365222346258,0,0
C09_S2_boundary,ENGINEERING_PRIMARY,matched_control,2,6,-0.0170222895460404,0.0114010473416002,0.0204876114243375,0.0125902779702142,0.0179826112408037,0.30140213710864,0.210562396741776,0.711773922685581,0,0
C09_S2_boundary,ENGINEERING_PRIMARY,matched_control,3,6,-0.012676028441592,0.00490452624129745,0.0135917649591076,0.0067403339715373,0.0159165775719219,0.232431585974829,0.184277052653305,0.750801400953164,0,0
C09_S2_boundary,ENGINEERING_PRIMARY,matched_control,4,6,-0.013724393104952,0.00483895419980129,0.0145524720871414,0.00247844261564311,0.00525681562764868,0.286765295126508,0.25874095090146,0.764408555741011,0,0
C09_S2_boundary,ENGINEERING_PRIMARY,matched_control,5,6,0.0040478306144082,-0.00374001068579943,0.00551113532884416,0.00787046121805879,0.00832627870927876,0.344239952695103,0.355290100349202,0.780551080831095,0,0
C09_S2_boundary,ENGINEERING_PRIMARY,matched_control,6,6,0.035963889825508,-0.0231282682303977,0.0427588372470359,0.0135125365308112,0.0173281872733174,0.0449216493233198,0.0534543167641687,0.802145183578275,0,0
C09_S2_boundary,ENGINEERING_PRIMARY,matched_control,7,6,0.0493827361897284,-0.0337467780410989,0.0598122032844428,0.0173976794114749,0.0169580319281632,0.39985584128644,0.399799947061788,0.832709016020215,0,0
C09_S2_boundary,ENGINEERING_PRIMARY,matched_control,8,6,0.0246360277944734,-0.0193191673837028,0.0313075724688068,0.0188976012439213,0.00741902367770997,0.399862100017446,0.399773138099101,0.857006894485168,0,0
C09_S2_boundary,ENGINEERING_PRIMARY,matched_control,9,6,-0.000833986091806283,-0.000371137675600153,0.000912839512497242,0.0177876067473013,0.00620736756584298,0.399878225764769,0.399756802023995,0.869731759122339,0,0
C09_S2_boundary,ENGINEERING_PRIMARY,matched_control,10,6,-0.00918441680652881,0.00944412875020006,0.0131736509717847,0.0142334504735953,0.0164009432920295,0.399901665459833,0.399752922141258,0.871323795466689,0,0
D02_id_step,SECONDARY_DYNAMIC,false_safe,-10,4,-0.00138503560669756,0.00169958538962574,0.00656974448887377,0.00552935917231543,0.00460940751321193,0.0812291089557873,0.115756761179489,0.289602826654988,0,0
D02_id_step,SECONDARY_DYNAMIC,false_safe,-9,4,-0.00314650461518773,-4.42186104483951e-05,0.00671225264026103,0.00589108391898458,0.00358457486639184,0.166963958619553,0.19278810469413,0.344101673162154,0,0
D02_id_step,SECONDARY_DYNAMIC,false_safe,-8,4,0.00043571867429759,-0.00360250123490874,0.0057243424849243,0.00614075656192707,0.0024028896228058,0.188555953679011,0.245677233971528,0.318010238280504,0,0
D02_id_step,SECONDARY_DYNAMIC,false_safe,-7,4,0.00621316310132003,-0.00352797548043934,0.0106836867829398,0.00622569052735598,0.00328098129127084,0.174210692169058,0.246538914955907,0.29023085436904,0,0
D02_id_step,SECONDARY_DYNAMIC,false_safe,-6,4,0.0114841583291874,-9.21642958334229e-05,0.0148113917890717,0.00687862887058183,0.00457781741047539,0.259308764647349,0.305998037430048,0.319448536558229,0,0
D02_id_step,SECONDARY_DYNAMIC,false_safe,-5,4,0.0139309431328949,0.000241762518216945,0.0166698735647149,0.00742232244748943,0.0049713052196794,0.241744610981106,0.304524677203817,0.299615406375673,0,0
D02_id_step,SECONDARY_DYNAMIC,false_safe,-4,4,0.0136923691821325,-0.00153568433742472,0.0165516047763242,0.00765344807798541,0.00474858140266895,0.18788042470741,0.385488220436233,0.309490301498758,0,0
D02_id_step,SECONDARY_DYNAMIC,false_safe,-3,4,0.00908278086562509,-0.00114169814536168,0.0155754766067368,0.00816071279872497,0.00457526118650168,0.0537641158365446,0.214634248154284,0.220089374678565,0,0
D02_id_step,SECONDARY_DYNAMIC,false_safe,-2,4,-0.000132074249260102,0.00151892888969141,0.0129783437587846,0.00877388364034015,0.00350464728157166,0.205112980274432,0.262118449779534,0.309594045029195,0,0
D02_id_step,SECONDARY_DYNAMIC,false_safe,-1,4,-0.00416443672487721,0.0062083498229495,0.0161293366334972,0.00897585737014706,0.00238263070596619,0.0848426280600723,0.219058196188154,0.257528550895449,0,0.25
D02_id_step,SECONDARY_DYNAMIC,false_safe,0,4,-0.0101971162222925,0.00755872398346351,0.0205257751991431,0.00873179603320151,0.00337191267529269,0.00390252965871663,0.0405702529872058,0.22011836908361,0,1
D02_id_step,SECONDARY_DYNAMIC,false_safe,1,4,-0.013249704226145,0.00370456612875156,0.0156794091500745,0.00805364119878339,0.00462515390810464,0.163823841760718,0.336635615406916,0.401060988757274,0,0.25
D02_id_step,SECONDARY_DYNAMIC,false_safe,2,4,0.0017696799376552,-0.000618534009427098,0.0115513577841778,0.00699047255641004,0.004964126258965,0.140528654778801,0.360571043878225,0.280003682460534,0,0
D02_id_step,SECONDARY_DYNAMIC,false_safe,3,4,0.0135934430006002,-0.00309968751767607,0.01830639112579,0.00585397575559498,0.00476209951315661,0.190712685917917,0.308886258732029,0.266293698347967,0,0
D02_id_step,SECONDARY_DYNAMIC,false_safe,4,4,0.0126403154774199,-0.00479386459506824,0.0212844860686065,0.00554531787528706,0.00453826491554635,0.261752148873059,0.369124479948241,0.299386389621606,0,0
D02_id_step,SECONDARY_DYNAMIC,false_safe,5,4,0.00799782776837787,-0.00803609260813361,0.0189412709838594,0.00593099200571169,0.00342272507476021,0.184563389225261,0.31758033133664,0.264735405174927,0,0
D02_id_step,SECONDARY_DYNAMIC,false_safe,6,4,-0.0017133384966821,-0.00932927066243285,0.0159933214245673,0.00615303348289642,0.00237308257832321,0.104837150757357,0.250327518869034,0.273688248222946,0,0
D02_id_step,SECONDARY_DYNAMIC,false_safe,7,4,-0.0125838087454975,-0.00309413129342243,0.015162015873456,0.00626466226952303,0.00346116055503345,0.118366190018528,0.14087115324122,0.289118253044967,0,0
D02_id_step,SECONDARY_DYNAMIC,false_safe,8,4,-0.0150074098416253,0.00361889842310947,0.0174108046741605,0.00695418612036241,0.00466960331884734,0.160915333156383,0.247185249397376,0.326931894609174,0,0
D02_id_step,SECONDARY_DYNAMIC,false_safe,9,4,-0.00888168037090264,0.00124183383637938,0.0135221237667746,0.00746246979636638,0.00495392753569774,0.223709914179544,0.265261575878963,0.308207136950504,0,0
D02_id_step,SECONDARY_DYNAMIC,false_safe,10,4,-0.00350501330645469,-0.00385500693914037,0.00841278149107711,0.00767015219811929,0.00477348307663976,0.154555441134127,0.232116159916568,0.291074548485042,0,0
D02_id_step,SECONDARY_DYNAMIC,matched_control,-10,4,0.00349728478625999,-0.000734319545267075,0.00936898724689057,0.00977055701536151,0.00332841823532813,0.0965402931131189,0.163409571475428,0.209290691405412,0,0
D02_id_step,SECONDARY_DYNAMIC,matched_control,-9,4,-0.00018670733569004,0.000725368522374184,0.00751891597290362,0.00922190704154459,0.00323454472222756,0.277147801581175,0.313718599795217,0.359575660438124,0,0
D02_id_step,SECONDARY_DYNAMIC,matched_control,-8,4,0.00244637337953013,0.00133816586685173,0.00992839613455074,0.00821299867107487,0.00356175636343476,0.246030266196794,0.332341106340678,0.288130733441736,0,0
D02_id_step,SECONDARY_DYNAMIC,matched_control,-7,4,0.00373398457739514,-3.10698165619825e-05,0.011109871159809,0.00681313841340113,0.00484852090318964,0.203091652611386,0.228534148100376,0.259232348669023,0,0.25
D02_id_step,SECONDARY_DYNAMIC,matched_control,-6,4,-0.0018639928570725,-0.00482478283499024,0.00960274956645897,0.00543104271113391,0.00520300442584251,0.203516535004414,0.316384392975134,0.314528211074604,0,0
D02_id_step,SECONDARY_DYNAMIC,matched_control,-5,4,-0.00316692776388549,-0.00851617379458663,0.0116536402841875,0.00461112381246488,0.00451995375224061,0.181645181015774,0.288697468955244,0.270667189523191,0,0
D02_id_step,SECONDARY_DYNAMIC,matched_control,-4,4,-0.0022935522325298,-0.00788489485218523,0.0131698114166494,0.00417952147193581,0.00339209901821194,0.220598241573214,0.306737130968185,0.308877309640051,0,0
D02_id_step,SECONDARY_DYNAMIC,matched_control,-3,4,-0.00180945773169005,-0.0058907677216968,0.0114811028258337,0.00509062501707728,0.00333994366224591,0.157059957734809,0.305763383654316,0.282020444039898,0,0
D02_id_step,SECONDARY_DYNAMIC,matched_control,-2,4,-0.00202354113017233,-0.00217802656022809,0.011479995919073,0.00612258712467091,0.00321208201953968,0.185996964708284,0.219723953491859,0.287834318778493,0,0
D02_id_step,SECONDARY_DYNAMIC,matched_control,-1,4,0.000203080012512792,0.00111653456183168,0.0088750655288389,0.00688788555579714,0.00364505805919879,0.187613004921577,0.4,0.351113234467497,0,0
D02_id_step,SECONDARY_DYNAMIC,matched_control,0,4,-0.00370045242507011,0.000339191658323247,0.00789528540459869,0.00749776567784084,0.00489515246646524,0.00631552324985984,0.00461146129879393,0.161649998079267,0,0
D02_id_step,SECONDARY_DYNAMIC,matched_control,1,4,-0.00948277753005521,0.00153294824177378,0.0147032134989545,0.00861881212559566,0.00519188451865992,0.362080555759537,0.399992259724583,0.464333953021241,0,0
D02_id_step,SECONDARY_DYNAMIC,matched_control,2,4,0.00112581072274498,0.00324532540272602,0.0111480370867709,0.00946520261704998,0.004453737566072,0.185158491857628,0.28965257533074,0.238520496845932,0,0
D02_id_step,SECONDARY_DYNAMIC,matched_control,3,4,0.00694144177183008,0.00470082831941029,0.0136702195902656,0.00984633942028982,0.00336009307748935,0.0742795400919313,0.198270832519249,0.269071603370775,0,0
D02_id_step,SECONDARY_DYNAMIC,matched_control,4,4,0.000362209267012585,0.00895813875034351,0.0168601635532854,0.00973353337144037,0.00334955573723243,0.0903460194198639,0.164993881763798,0.293154082145782,0,0
D02_id_step,SECONDARY_DYNAMIC,matched_control,5,4,-0.00293616840056999,0.0109265438322374,0.0144602977087515,0.00913168299081197,0.00318872856431239,0.112223423946148,0.186656803342247,0.305749697279357,0,0
D02_id_step,SECONDARY_DYNAMIC,matched_control,6,4,-0.00525113563921242,0.00899225301565799,0.011020513517734,0.00807490581235877,0.00373081698866139,0.067049298394547,0.126736816864545,0.277228128608662,0,0
D02_id_step,SECONDARY_DYNAMIC,matched_control,7,4,-0.00546941141042989,0.00522074083884262,0.00835008183989351,0.00664010159421307,0.00493873250536095,0.113498606379675,0.247757598927075,0.340157686071446,0,0
D02_id_step,SECONDARY_DYNAMIC,matched_control,8,4,-0.00187273503180263,0.000978459007513747,0.00679733143530487,0.0053337154967326,0.0051775090121976,0.0781139689347416,0.145950400470685,0.264276892839254,0,0
D02_id_step,SECONDARY_DYNAMIC,matched_control,9,4,0.000230897873782385,-0.00268879163468741,0.0080965828003083,0.00452090085729205,0.00438486407990817,0.169731425298867,0.261327259322918,0.337121487092735,0,0
D02_id_step,SECONDARY_DYNAMIC,matched_control,10,4,-0.000612386560975065,-0.00500630059044463,0.00891847219823684,0.00422218469112962,0.00332721142691944,0.135899990324682,0.135120272944885,0.258314322363895,0,0
D03_id_iq_step,SECONDARY_DYNAMIC,false_safe,-10,6,-0.00191983999843503,-0.000220184678416525,0.00970905550674311,0.00375568819759339,0.00230949399417732,0.203457627946568,0.17706249950755,0.455802154441834,0,0.166666666666667
D03_id_iq_step,SECONDARY_DYNAMIC,false_safe,-9,6,-0.00388122772588329,0.00372129425656691,0.00797221800727863,0.00244497418203527,0.00288072406811237,0.302216867190401,0.290695119077223,0.460765233280689,0,0
D03_id_iq_step,SECONDARY_DYNAMIC,false_safe,-8,6,0.000226720109359753,0.00135679338073303,0.00829470390418171,0.00317201523428675,0.00362360008471044,0.29694659493457,0.272397368359006,0.415409856284383,0,0
D03_id_iq_step,SECONDARY_DYNAMIC,false_safe,-7,6,0.00253950993096989,-0.0019674357505665,0.00403040571809914,0.00471075938803217,0.00393010456199701,0.289514715562096,0.2476955214934,0.409749283228824,0,0
D03_id_iq_step,SECONDARY_DYNAMIC,false_safe,-6,6,0.000531931385471696,-0.000948344597599813,0.00398875807785231,0.00605408869840664,0.00380179729716888,0.264059826514091,0.240363091797926,0.414797342463225,0,0
D03_id_iq_step,SECONDARY_DYNAMIC,false_safe,-5,6,-0.000483507919903405,0.000958647481700048,0.00374266749365897,0.00732065898068955,0.00332422851607619,0.270515557538857,0.26146850114013,0.419311213325429,0,0
D03_id_iq_step,SECONDARY_DYNAMIC,false_safe,-4,6,0.00127926124749012,0.00101701678705061,0.00311486649640841,0.00878831648397822,0.00257187566140035,0.306264707595042,0.315792210363701,0.425476695307371,0,0
D03_id_iq_step,SECONDARY_DYNAMIC,false_safe,-3,6,0.00565844450736493,-0.00153364284226676,0.00642600648446578,0.00983367625985403,0.00232143490370722,0.362452708411091,0.381825782115122,0.424438504173547,0,0
D03_id_iq_step,SECONDARY_DYNAMIC,false_safe,-2,6,0.0114032233368549,-0.00748927134898321,0.0144643245474662,0.0103818489707785,0.00292621329448453,0.280025698721004,0.327351790528983,0.424124570091234,0,0
D03_id_iq_step,SECONDARY_DYNAMIC,false_safe,-1,6,0.0182091660152901,-0.0155195317737655,0.0241573715649625,0.010403191753163,0.00365440241561223,0.143092381022576,0.166874278080571,0.449226741232936,0,0
D03_id_iq_step,SECONDARY_DYNAMIC,false_safe,0,6,0.0152312976219184,-0.0144585125781328,0.0246117336497168,0.00989633257733684,0.00393210591547624,0.0167619354668089,0.0026819595066447,0.428838866418688,0,1
D03_id_iq_step,SECONDARY_DYNAMIC,false_safe,1,6,-0.00216212777723488,-0.000447826095633086,0.0178443810278356,0.00888737285637756,0.0037857106467061,0.307659997440797,0.27121533994278,0.469611836191932,0,0
D03_id_iq_step,SECONDARY_DYNAMIC,false_safe,2,6,-0.01078799475475,0.00655560696783268,0.0145074811993017,0.00742880597908404,0.00328608464382408,0.159146843944076,0.255811042254453,0.440126301290787,0,0
D03_id_iq_step,SECONDARY_DYNAMIC,false_safe,3,6,-0.00492124698203995,0.00282819013039977,0.010243924028627,0.00559881880100598,0.00253489216586085,0.399983072498796,0.399991885418895,0.489738394761845,0,0
D03_id_iq_step,SECONDARY_DYNAMIC,false_safe,4,6,0.00223256122897168,-3.57986246160752e-05,0.00434346689215844,0.00352076350054613,0.00233625824804199,0.238468719660232,0.228486803970388,0.452488533606018,0,0
D03_id_iq_step,SECONDARY_DYNAMIC,false_safe,5,6,0.00408269162538496,-0.00181192425719967,0.00491473116783925,0.00244645731610779,0.00297194788252547,0.399989042704216,0.311299424141893,0.439603601561534,0,0
D03_id_iq_step,SECONDARY_DYNAMIC,false_safe,6,6,-0.000438668148973271,-0.000437824497200386,0.00271887424376878,0.00334426000803954,0.00368366725631743,0.377174364661966,0.358578149459868,0.477318336435576,0,0
D03_id_iq_step,SECONDARY_DYNAMIC,false_safe,7,6,-0.00383708720074161,0.00364203274489997,0.00547342683081839,0.00487213641430533,0.00393274529658596,0.337316016870031,0.335807002871433,0.458475558725265,0,0
D03_id_iq_step,SECONDARY_DYNAMIC,false_safe,8,6,-0.00259586951279182,0.00482719158304986,0.00588227814549077,0.00618737166770104,0.00376853426048054,0.399985404595628,0.399989801568812,0.484821887007006,0,0
D03_id_iq_step,SECONDARY_DYNAMIC,false_safe,9,6,0.000594286606629967,0.00239644348246681,0.00321229270571161,0.00749761015971236,0.00324693793819526,0.390922356048139,0.374939219057178,0.450359516503697,0,0
D03_id_iq_step,SECONDARY_DYNAMIC,false_safe,10,6,-0.00239071242759326,0.00348997934689995,0.00802339311173493,0.00892740994374209,0.00249980575918014,0.1828532586518,0.168502792125067,0.411859371217012,0,0.166666666666667
D03_id_iq_step,SECONDARY_DYNAMIC,matched_control,-10,6,0.0142817011368201,-0.0176016659525988,0.0226668399135902,0.0095734935703499,0.00445754228477031,0.309931102255676,0.0235424911550887,0.364515650718646,0,0
D03_id_iq_step,SECONDARY_DYNAMIC,matched_control,-9,6,-0.01557975013377,-0.000237269174000687,0.0155815567544337,0.00809922575669293,0.00409392046163512,0.262010578905503,0.4,0.510504732673359,0,0
D03_id_iq_step,SECONDARY_DYNAMIC,matched_control,-8,6,-0.01843172581298,0.00867014639330144,0.0203690931296941,0.00621618998726219,0.00307570520090116,0.399991895440355,0.39998446688055,0.489418047713558,0,0
D03_id_iq_step,SECONDARY_DYNAMIC,matched_control,-7,6,0.00282896286315015,0.00357513895410122,0.00455901847136143,0.00402564429896753,0.00188372926689172,0.0231931993019648,0.0505121794563067,0.480644742352515,0,0
D03_id_iq_step,SECONDARY_DYNAMIC,matched_control,-6,6,0.00837589615372014,-0.00252972673840013,0.00874958020415153,0.00167498293854477,0.00188246413584096,0.4,0.113832877301952,0.342702437677894,0,0
D03_id_iq_step,SECONDARY_DYNAMIC,matched_control,-5,6,-0.00455971596109039,0.00159540729329954,0.00483076951192415,0.00106596144844733,0.00307397298107633,0.399991990812684,0.39997630641063,0.557966542875517,0,0
D03_id_iq_step,SECONDARY_DYNAMIC,matched_control,-4,6,-0.00529661459281972,0.00648797831940051,0.0083754396193801,0.00339614109605688,0.00409289455747992,0.399996102789838,0.399986035720346,0.468529538229967,0,0
D03_id_iq_step,SECONDARY_DYNAMIC,matched_control,-3,6,0.000406729937140415,0.00643139319600117,0.00644424143583528,0.00564855747490834,0.00445757301096896,0.399996969449654,0.399986284507331,0.466856078252458,0,0
D03_id_iq_step,SECONDARY_DYNAMIC,matched_control,-2,6,0.00110072007636974,0.00567977588229951,0.00578545060990711,0.00762593188008508,0.00405224202026471,0.39999777596988,0.399986395244164,0.467940363190214,0,0
D03_id_iq_step,SECONDARY_DYNAMIC,matched_control,-1,6,0.00374406302766994,0.00293870474389912,0.00475962115372434,0.00921947563873101,0.00300668221801465,0.399998592742665,0.399986781522409,0.466645106753702,0,0
D03_id_iq_step,SECONDARY_DYNAMIC,matched_control,0,6,-0.00476853338076921,0.00673955826949957,0.00825594066545359,0.0103458771526306,0.00183552991584915,0.0123070883081505,0.00438096743469318,0.379798846692944,0,0
D03_id_iq_step,SECONDARY_DYNAMIC,matched_control,1,6,-0.0156750423072705,0.0128121569922008,0.0202449578445479,0.0109469750521504,0.00193441811722376,0.399999833381206,0.399975548394859,0.558881747524862,0,0
D03_id_iq_step,SECONDARY_DYNAMIC,matched_control,2,6,-0.01427447499566,0.0105690069600008,0.0177613215871531,0.0109918585796646,0.00314223195276412,0.119401359667767,0.0505558073136548,0.362606565735958,0,0
D03_id_iq_step,SECONDARY_DYNAMIC,matched_control,3,6,-0.00932778885446961,0.00588764487950044,0.0110305034853662,0.0104782222275193,0.00413253116438584,0.399997132385634,0.399976136543829,0.556819249119863,0,0
D03_id_iq_step,SECONDARY_DYNAMIC,matched_control,4,6,-0.00405204636007017,0.000885885955700161,0.00414775525202063,0.00943247057676833,0.00445516828160052,0.201459228868121,0.100255685186399,0.35527024996872,0,0
D03_id_iq_step,SECONDARY_DYNAMIC,matched_control,5,6,-2.57713527904713e-05,-0.0031559488129993,0.00315605403516738,0.00790854795024533,0.00400851002086816,0.399994998985403,0.399978710145912,0.548688809226276,0,0
D03_id_iq_step,SECONDARY_DYNAMIC,matched_control,6,6,0.00175485005576004,-0.00463994028890014,0.0049607000113653,0.00598587819232085,0.0029369991219286,0.266582547693754,0.154819699959455,0.357361601340649,0,0
D03_id_iq_step,SECONDARY_DYNAMIC,matched_control,7,6,-0.00635493141320964,0.0017526811459998,0.00659219572419857,0.00376868380392421,0.00179161378508415,0.0332591319481056,0.020836378142208,0.404569138067792,0,0
D03_id_iq_step,SECONDARY_DYNAMIC,matched_control,8,6,-0.00844635395975946,0.00683354757240018,0.0108645417592184,0.00141884759575638,0.00198980142474652,0.399990600197668,0.39997721886988,0.567307555939402,0,0
D03_id_iq_step,SECONDARY_DYNAMIC,matched_control,9,6,0.00389583196625054,-0.000781300846799837,0.0039734037955473,0.00130906837160947,0.00320959161797534,0.348228696116038,0.253707834759529,0.366028589410054,0,0
D03_id_iq_step,SECONDARY_DYNAMIC,matched_control,10,6,0.00537720896377003,-0.00493962542710058,0.00730166252302223,0.00365579294205524,0.00417003457162727,0.254982283807987,0.200445196203693,0.400264957568122,0,0
D04_torque_ramp,SECONDARY_DYNAMIC,false_safe,-10,10,-0.00611423503027856,0.00419553310483034,0.0166440059205658,0.0133356314966721,0.00801360700338625,0.259529189785623,0.25411005440819,0.666695498922164,0,0.2
D04_torque_ramp,SECONDARY_DYNAMIC,false_safe,-9,10,-0.00742735505821198,0.00601852371755029,0.0148836483738005,0.0116898112204443,0.00657739359909357,0.354349398663976,0.341231812678321,0.655723626407398,0,0
D04_torque_ramp,SECONDARY_DYNAMIC,false_safe,-8,10,-0.00906947792659723,0.00697126252808005,0.0116573408685148,0.0101183178236287,0.00779024699348023,0.302094448007132,0.279703671174491,0.631933962710817,0,0
D04_torque_ramp,SECONDARY_DYNAMIC,false_safe,-7,10,-0.0120128128340008,0.00852653581575993,0.0156696688814198,0.0077915990413896,0.0101391175892042,0.307652919147953,0.291076423579974,0.646564625092823,0,0
D04_torque_ramp,SECONDARY_DYNAMIC,false_safe,-6,10,-0.00977200450260436,0.00679091499997,0.0132241812086667,0.0059699761805093,0.0116086470171755,0.325982039286547,0.304502026694305,0.641626875003473,0,0
D04_torque_ramp,SECONDARY_DYNAMIC,false_safe,-5,10,-0.00654924341603728,0.00434824813974046,0.0115514170029196,0.00750280126821932,0.00900211876422587,0.283761451895192,0.272413093658849,0.614201682499792,0,0
D04_torque_ramp,SECONDARY_DYNAMIC,false_safe,-4,10,-0.00239154018978716,0.00169651846915997,0.0135474397503356,0.00964664179287063,0.0062149232001656,0.360110273298331,0.363139249915072,0.655105253481761,0,0
D04_torque_ramp,SECONDARY_DYNAMIC,false_safe,-3,10,0.00417502066559269,-0.00272999359624003,0.0123945829397074,0.012375819087949,0.00775532334940449,0.28862534030085,0.291776653303957,0.600160398641087,0,0
D04_torque_ramp,SECONDARY_DYNAMIC,false_safe,-2,10,0.0109852346594095,-0.00830990540179961,0.0250981560699944,0.0141746981034086,0.00934590696375586,0.27769852818324,0.292581504675205,0.652045324201019,0,0.2
D04_torque_ramp,SECONDARY_DYNAMIC,false_safe,-1,10,0.0139051303823663,-0.0117197664518216,0.0264311873767311,0.0147307008217205,0.011643197738909,0.328910876987822,0.320553243607996,0.619560659920847,0,0
D04_torque_ramp,SECONDARY_DYNAMIC,false_safe,0,10,0.0101844891027143,-0.00959063294593996,0.0294235035115219,0.0139941831330837,0.00985483894287927,0.0158481673096871,0.018752114507571,0.619561813710743,0,1
D04_torque_ramp,SECONDARY_DYNAMIC,false_safe,1,10,0.00606410393662642,-0.0052873904197412,0.0283965356574666,0.0122545091017441,0.00621109048346442,0.399953185803378,0.399937604565965,0.689977336087972,0,0
D04_torque_ramp,SECONDARY_DYNAMIC,false_safe,2,10,0.00188133486639565,-0.000959997647699844,0.0141084394693269,0.0108689918838563,0.00760242987602249,0.274988619204881,0.256031617660073,0.624200101502419,0,0.2
D04_torque_ramp,SECONDARY_DYNAMIC,false_safe,3,10,-0.00152201398089716,0.00221771693242941,0.0179606755820728,0.00883677500996001,0.00842217179301935,0.398474542703478,0.398437272979897,0.665582102560681,0,0
D04_torque_ramp,SECONDARY_DYNAMIC,false_safe,4,10,-0.00202227146189117,0.00310510167051986,0.0164702037906158,0.00636110910629503,0.0114948156960862,0.352712806244491,0.344312408327572,0.633381307405587,0,0
D04_torque_ramp,SECONDARY_DYNAMIC,false_safe,5,10,-0.00147102714194565,0.00229410582881932,0.0203988073574308,0.00666067534920327,0.0105545075353009,0.295983562057358,0.293436589795343,0.646248523778521,0,0
D04_torque_ramp,SECONDARY_DYNAMIC,false_safe,6,10,-0.00153984168785403,0.00181832644408927,0.0176631601903237,0.00866709686100721,0.00635683859524794,0.356759614398052,0.354208560055011,0.650559014230609,0,0
D04_torque_ramp,SECONDARY_DYNAMIC,false_safe,7,10,-0.00112842228106406,0.00168859383134893,0.0110907815492534,0.0113085498795875,0.00733261699044873,0.292598057402188,0.297947470085861,0.656813048617152,0,0
D04_torque_ramp,SECONDARY_DYNAMIC,false_safe,8,10,0.00159334095171124,-1.33205153005547e-06,0.00613258229065185,0.0135678121686911,0.00766923752820151,0.389980019700419,0.399962401445006,0.655246974746976,0,0
D04_torque_ramp,SECONDARY_DYNAMIC,false_safe,9,10,0.00276765365374548,-0.00123309288964926,0.00760389647535479,0.0146568570452107,0.0111659807031138,0.357813585227307,0.36953075480483,0.654767665704794,0,0
D04_torque_ramp,SECONDARY_DYNAMIC,false_safe,10,10,-0.00293861062203398,0.00165209473723031,0.0187877892895922,0.014454361570617,0.0110890234414284,0.247450537914381,0.243802831477673,0.617850207619355,0,0.2
D04_torque_ramp,SECONDARY_DYNAMIC,matched_control,-10,10,0.0282083657192827,-0.0234376613053819,0.0366756624531412,0.0157723083939103,0.00500571607946835,0.0846869582891438,0.0880710012086389,0.669804913982058,0,0.8
D04_torque_ramp,SECONDARY_DYNAMIC,matched_control,-9,10,0.0223267690767755,-0.0184223578440821,0.0306806512956717,0.0133702681586891,0.00325229328725387,0.399908471936243,0.399987212888072,0.644674503291044,0,0
D04_torque_ramp,SECONDARY_DYNAMIC,matched_control,-8,10,0.00376348021899283,-0.00365060120164174,0.0102681809412011,0.00979628383826797,0.01025212141296,0.399910647388161,0.399984336243556,0.674869088232446,0,0
D04_torque_ramp,SECONDARY_DYNAMIC,matched_control,-7,10,-0.010702471974547,0.00991772429656238,0.0146515141714239,0.0054431297558857,0.0136743023163587,0.39990437732887,0.399979765419845,0.678833725282283,0,0
D04_torque_ramp,SECONDARY_DYNAMIC,matched_control,-6,10,-0.010254657168303,0.0121377847141787,0.0159380899350115,0.00186770582969113,0.0122801387255681,0.399902583745246,0.3999757276238,0.675707813517085,0,0
D04_torque_ramp,SECONDARY_DYNAMIC,matched_control,-5,10,-0.00708389069441274,0.00970824237122089,0.0121271633639876,0.00507693218485464,0.00656777560036412,0.399900928269009,0.399971455007302,0.675260028761514,0,0
D04_torque_ramp,SECONDARY_DYNAMIC,matched_control,-4,10,-0.00374383614709602,0.00556931850845998,0.00675841687605308,0.00946774349011086,0.00162997562063165,0.399900731031454,0.399967357849007,0.674485790587661,0,0
D04_torque_ramp,SECONDARY_DYNAMIC,matched_control,-3,10,-0.00103801577066097,0.00165005654617971,0.00209003008841705,0.013121871702243,0.00901758629149856,0.399902121923774,0.399963630388971,0.672802013647626,0,0
D04_torque_ramp,SECONDARY_DYNAMIC,matched_control,-2,10,-0.000723746903253196,-0.000157085767139619,0.000742589636205005,0.0156286651151481,0.0133425402683346,0.399904867882446,0.399960351011704,0.670378515934196,0,0
D04_torque_ramp,SECONDARY_DYNAMIC,matched_control,-1,10,-0.00138754723396737,-0.000254038927457145,0.00141316668834154,0.0167455339918647,0.0129692827114451,0.39990935479251,0.399957857701622,0.665922420370144,0,0
D04_torque_ramp,SECONDARY_DYNAMIC,matched_control,0,10,-0.0131674189686912,0.00758730691720118,0.0151981608430161,0.0163674866060146,0.00803105431093738,0.0320402682765835,0.0166364181718286,0.545541166403127,0,0
D04_torque_ramp,SECONDARY_DYNAMIC,matched_control,1,10,-0.0236806033533849,0.0159855685691803,0.0285711284010159,0.0145299289458587,0.00119506855198217,0.39987353416784,0.399927605478619,0.771786376025553,0,0
D04_torque_ramp,SECONDARY_DYNAMIC,matched_control,2,10,-0.0168641286796124,0.0117707815957012,0.0205657965013578,0.0114072804489654,0.0076422931683769,0.188169818205913,0.119266834700463,0.535924457542192,0,0
D04_torque_ramp,SECONDARY_DYNAMIC,matched_control,3,10,-0.00834585860649733,0.00461009134220021,0.00953455826121616,0.00731529687098669,0.0128007818381198,0.399901414758415,0.399930968223816,0.725820252277973,0,0
D04_torque_ramp,SECONDARY_DYNAMIC,matched_control,4,10,0.000528707000122186,-0.00259306255686127,0.00265898074034042,0.00291529285029079,0.0134543577644134,0.313251945802539,0.242831862475,0.548071660239995,0,0
D04_torque_ramp,SECONDARY_DYNAMIC,matched_control,5,10,0.000791067893479808,-0.00464793076660115,0.00477096570099911,0.00324435280715209,0.00936993886170655,0.232615106699229,0.199954994652774,0.581001810402822,0,0
D04_torque_ramp,SECONDARY_DYNAMIC,matched_control,6,10,-0.00649982206008141,0.00112796446938148,0.00668224336684803,0.00769446612371031,0.00218910034320023,0.229794113679291,0.219599129466334,0.591313495215715,0,0
D04_torque_ramp,SECONDARY_DYNAMIC,matched_control,7,10,-0.00395890053450458,0.00355794241015843,0.00604252134596917,0.0117200164537338,0.00614896696395023,0.29389563497054,0.313321397346006,0.603875873951879,0,0
D04_torque_ramp,SECONDARY_DYNAMIC,matched_control,8,10,0.00750028064380062,-0.00276931175900117,0.00803236858129342,0.0147422640010893,0.0120576289932753,0.317624140800992,0.375528047980809,0.592162913495323,0,0
D04_torque_ramp,SECONDARY_DYNAMIC,matched_control,9,10,0.0228865936819752,-0.0161151654515407,0.0279913282599862,0.0164589853844698,0.0137276632022072,0.176492665337858,0.209023989371523,0.633575790545177,0,0
D04_torque_ramp,SECONDARY_DYNAMIC,matched_control,10,10,0.0304905595357236,-0.0236684987222816,0.038599221537578,0.0167076107308945,0.0105623842954841,0.328759006961478,0.333989316046471,0.646692294286987,0,0
P01_Ld_minus10,ENGINEERING_PRIMARY,false_safe,-10,18,0.00268417430575062,-0.00115907587326072,0.00792593244554233,0.00462157607398478,0.00845358972709104,0.276144474880507,0.285259279965962,0.528683053136608,0,0
P01_Ld_minus10,ENGINEERING_PRIMARY,false_safe,-9,18,-0.0164159717455223,0.00122061018699407,0.0213137549774182,0.00392486146339947,0.00834015107785871,0.324119865498941,0.279923621395436,0.472163813483336,0,0
P01_Ld_minus10,ENGINEERING_PRIMARY,false_safe,-8,18,-0.0326290813996871,0.00714274644649452,0.0347670459641306,0.00484861874585401,0.0067450490710602,0.205381906153563,0.239615763606204,0.490795671737561,0,0.222222222222222
P01_Ld_minus10,ENGINEERING_PRIMARY,false_safe,-7,18,0.00062106188606245,0.00875591775765589,0.0154410608333636,0.00617563885961959,0.00437291851610075,0.399984300505536,0.399982090768199,0.554734843777443,0,0
P01_Ld_minus10,ENGINEERING_PRIMARY,false_safe,-6,18,0.00511544730575167,0.00515412663604427,0.0190514153340174,0.00731006282759285,0.00324407784259137,0.32709407830149,0.306013466712678,0.474249252872567,0,0
P01_Ld_minus10,ENGINEERING_PRIMARY,false_safe,-5,18,0.00467858514248423,0.00246848231622189,0.00676959438603238,0.0081262170406983,0.00477823768568502,0.385464237515056,0.381062292562166,0.528250541575329,0,0
P01_Ld_minus10,ENGINEERING_PRIMARY,false_safe,-4,18,0.00772448071572698,0.000238359907905858,0.00957203333236617,0.00860953009270445,0.00715896998274816,0.342733953449512,0.324019588260563,0.481500590895094,0,0
P01_Ld_minus10,ENGINEERING_PRIMARY,false_safe,-3,18,0.00291384311886516,-0.00119565205778886,0.0055252099300843,0.00904658923844672,0.00848892040564515,0.390843334543657,0.395319923042918,0.526913296142104,0,0
P01_Ld_minus10,ENGINEERING_PRIMARY,false_safe,-2,18,0.00293984234801431,-0.00158034277664459,0.00600684453220554,0.00956887849578599,0.0082877819489817,0.360893627884641,0.351645857955035,0.482913816219793,0,0
P01_Ld_minus10,ENGINEERING_PRIMARY,false_safe,-1,18,-0.0020027812186308,-0.00123301763001137,0.0171036798216562,0.00972539141329565,0.00662178385528851,0.305330510805665,0.306962250994261,0.495187848703027,0,0
P01_Ld_minus10,ENGINEERING_PRIMARY,false_safe,0,18,-0.0324987206205411,0.00327884818636094,0.0517841960868886,0.00942100601647704,0.00425593655268542,0.0253268565099804,0.0153146481872563,0.434961565738804,0,1
P01_Ld_minus10,ENGINEERING_PRIMARY,false_safe,1,18,-0.00738805977402369,0.00714470864872771,0.0239573129204902,0.00866101412415831,0.00325700709309986,0.399982326080394,0.399977396402092,0.596266793058747,0,0
P01_Ld_minus10,ENGINEERING_PRIMARY,false_safe,2,18,0.0172521476042212,0.00396842540312194,0.028143925349091,0.00749061054588652,0.00491686020351062,0.162552649957809,0.136179983515505,0.422749017113565,0,0
P01_Ld_minus10,ENGINEERING_PRIMARY,false_safe,3,18,0.00842671157277266,-0.000310663896855819,0.0145955148699303,0.00600293750853712,0.00726816591183868,0.390638537776192,0.393746519245948,0.560334140197736,0,0
P01_Ld_minus10,ENGINEERING_PRIMARY,false_safe,4,18,0.00807068189386163,-0.00264379015888316,0.0249704701373494,0.0044732163716077,0.00851940614042086,0.248017438486213,0.206214907133322,0.431056633900384,0,0
P01_Ld_minus10,ENGINEERING_PRIMARY,false_safe,5,18,0.0069761351936933,-0.00430533117823294,0.0129428248967921,0.00395976358146823,0.00823075526000929,0.341886224270861,0.349089294935069,0.553876122247433,0,0
P01_Ld_minus10,ENGINEERING_PRIMARY,false_safe,6,18,-0.00193154459277925,-0.00421979524423301,0.0124222242332245,0.00499637583344867,0.00649584475169729,0.323781000937829,0.272097327479433,0.443900424941813,0,0
P01_Ld_minus10,ENGINEERING_PRIMARY,false_safe,7,18,-0.0285076596926264,0.000459199711199984,0.031401086386318,0.00631480941195833,0.00414374498191835,0.172172730115805,0.170728811687793,0.466374801525937,0,0
P01_Ld_minus10,ENGINEERING_PRIMARY,false_safe,8,18,-0.0116405147775876,0.00516021927017205,0.0165266184072479,0.00741761548085037,0.0032794844983136,0.296347522580493,0.295028618250337,0.518437738522709,0,0.277777777777778
P01_Ld_minus10,ENGINEERING_PRIMARY,false_safe,9,18,0.0249041472779001,0.0021906377038502,0.0254273997480944,0.00819537137179242,0.00505689867339038,0.305196255013016,0.298762823479619,0.509861122140679,0,0
P01_Ld_minus10,ENGINEERING_PRIMARY,false_safe,10,18,0.0225337929123828,-0.00375550399845576,0.0248407578478835,0.00864907491247135,0.00737370479681787,0.371144309524405,0.359091866492221,0.468003844773837,0,0
P01_Ld_minus10,ENGINEERING_PRIMARY,matched_control,-10,18,0.00936645849924087,0.0039045167142054,0.0116556592110803,0.00770693325221825,0.00282479605053552,0.391839800233892,0.384025839551645,0.562678355363808,0,0
P01_Ld_minus10,ENGINEERING_PRIMARY,matched_control,-9,18,0.0343484327386145,-0.00238773751568979,0.0347653404553081,0.00932290674989868,0.00434743026070513,0.3493843415328,0.307667146393505,0.427189637829113,0,0
P01_Ld_minus10,ENGINEERING_PRIMARY,matched_control,-8,18,0.00643802133555321,-0.00606401810062391,0.00913586542579782,0.0104874990413417,0.00695632032784887,0.337116451496608,0.321652183558932,0.457846344007537,0,0
P01_Ld_minus10,ENGINEERING_PRIMARY,matched_control,-7,18,0.00293362377925379,-0.00523289364982876,0.00667574805500181,0.0111339482697861,0.0085377523339008,0.351104823968341,0.362991678991646,0.460627634034174,0,0
P01_Ld_minus10,ENGINEERING_PRIMARY,matched_control,-6,18,0.0149271883881659,-0.00564336535643307,0.0159712870470501,0.011226527192029,0.00857279362287823,0.352716689811478,0.385591572121615,0.454569577922895,0,0
P01_Ld_minus10,ENGINEERING_PRIMARY,matched_control,-5,18,0.0261823731772968,-0.00850771373881542,0.0275359849776322,0.010760189063621,0.00705665569288337,0.226514195882889,0.276348751637031,0.46995872372197,0,0
P01_Ld_minus10,ENGINEERING_PRIMARY,matched_control,-4,18,0.0320305547562534,-0.0130002773921267,0.0369637441611121,0.00976061395962649,0.00453434085344359,0.150004357931785,0.177238998137611,0.489520044208103,0,0
P01_Ld_minus10,ENGINEERING_PRIMARY,matched_control,-3,18,-0.00652611280748079,-0.0123740203527264,0.0141903828520016,0.00828434371958701,0.00280410951978335,0.351232850212074,0.362188475154871,0.496946941862743,0,0
P01_Ld_minus10,ENGINEERING_PRIMARY,matched_control,-2,18,-0.00931626585452402,-0.00649756084378378,0.0114809969891375,0.00642178853709638,0.00449890125728498,0.154071922154663,0.208398148086813,0.499433409878668,0,0
P01_Ld_minus10,ENGINEERING_PRIMARY,matched_control,-1,18,-0.00576090642622507,-0.0021943280100118,0.00875960858727926,0.00432247684975148,0.00707894579362941,0.336512518449026,0.339785636320013,0.505335754647941,0,0
P01_Ld_minus10,ENGINEERING_PRIMARY,matched_control,0,18,0.00271383445725872,-0.000509087091100154,0.0114821148890668,0.00241927853041163,0.00858231186798889,0.0433429587942964,0.0338043240867813,0.516657914414167,0,0
P01_Ld_minus10,ENGINEERING_PRIMARY,matched_control,1,18,-0.024174623467564,0.0031345850524826,0.0244583806443897,0.00204603056183443,0.0085271726067643,0.180456672004853,0.0751225538598575,0.433549840573311,0,0
P01_Ld_minus10,ENGINEERING_PRIMARY,matched_control,2,18,-0.0188608264765813,0.00738222112743338,0.025242110636074,0.00384279796198164,0.00693408121071331,0.143771424944458,0.277231134266177,0.573411444660274,0,0
P01_Ld_minus10,ENGINEERING_PRIMARY,matched_control,3,18,0.0076007223099593,0.00461185821520063,0.0172309859717887,0.00597356570733421,0.00439276000522859,0.399993660363505,0.399983153374986,0.516940502226303,0,0
P01_Ld_minus10,ENGINEERING_PRIMARY,matched_control,4,18,-0.0239400801619081,0.00362542075002933,0.0255149181467107,0.00790595734421543,0.00279774262643177,0.39999420979549,0.39998119608927,0.523472029953088,0,0
P01_Ld_minus10,ENGINEERING_PRIMARY,matched_control,5,18,0.00284424205048973,0.00552828133163806,0.00734005436821775,0.00947609336557963,0.00465161947293364,0.399995377110409,0.399981937119895,0.516238824929422,0,0
P01_Ld_minus10,ENGINEERING_PRIMARY,matched_control,6,18,0.0114326455139895,0.00363663396449986,0.0120278245462264,0.0105858318983343,0.00719801750743498,0.399996364458419,0.399981975930481,0.518407847318188,0,0
P01_Ld_minus10,ENGINEERING_PRIMARY,matched_control,7,18,0.0063493383748839,0.00192568115537088,0.00667539091622207,0.0111719442340627,0.00862194618133107,0.399997384666036,0.399982167192516,0.52019524858331,0,0
P01_Ld_minus10,ENGINEERING_PRIMARY,matched_control,8,18,0.00241071605154218,0.00124130965322363,0.00276602496151814,0.0112021081384678,0.00847668297672453,0.399998264323145,0.399982681904998,0.519345304163547,0,0
P01_Ld_minus10,ENGINEERING_PRIMARY,matched_control,9,18,-0.00497858582555987,0.00146668612787653,0.011975286244917,0.010674692060804,0.0068082405530598,0.3400771318516,0.33629459009545,0.499978191397523,0,0.166666666666667
P01_Ld_minus10,ENGINEERING_PRIMARY,matched_control,10,18,-0.0452509163059111,0.00710956191087102,0.046186848944208,0.00961878700200002,0.00425383997212173,0.102932674685204,0.0827132559562106,0.448352453775891,0,0.833333333333333
P02_Ld_plus10,ENGINEERING_PRIMARY,false_safe,-10,1,0.024718604357017,0.00596301211189854,0.0254276800909046,0.0115680205189985,0.00418676690440106,0.0458210481208525,0.0204962548234221,0.411800441257585,0,0
P02_Ld_plus10,ENGINEERING_PRIMARY,false_safe,-9,1,-0.0157072425231532,0.0122938343337999,0.0199463237291504,0.0122742070697634,0.00558626722972836,0.399994775610456,0.399966974633374,0.620502995185656,0,0
P02_Ld_plus10,ENGINEERING_PRIMARY,false_safe,-8,1,-0.02665513609697,0.00994346993559958,0.0284494090397,0.0124061106910623,0.00653534879247652,0.165911486110421,0.0869780253636933,0.407325197608241,0,0
P02_Ld_plus10,ENGINEERING_PRIMARY,false_safe,-7,1,-0.0171316023864374,0.00570850806960266,0.0180576539092903,0.0119553507525732,0.00657644512400521,0.399992341471277,0.39997201707296,0.600409702704562,0,0
P02_Ld_plus10,ENGINEERING_PRIMARY,false_safe,-6,1,-0.019061968908978,0.00104226540960184,0.0190904420030259,0.0109508877652286,0.00569307397914178,0.237690287906772,0.145203451130148,0.404405180100148,0,0
P02_Ld_plus10,ENGINEERING_PRIMARY,false_safe,-5,1,-0.00428381022407449,-0.00290198056289981,0.0051742169671684,0.00946124930562741,0.00429870370075339,0.399991359247177,0.39997798009592,0.579744214272834,0,0
P02_Ld_plus10,ENGINEERING_PRIMARY,false_safe,-4,1,-0.00147354403477,-0.00468592269249868,0.00491214856274526,0.00760445973829072,0.00347865757149864,0.296476489113769,0.210626296627039,0.410528521278866,0,0
P02_Ld_plus10,ENGINEERING_PRIMARY,false_safe,-3,1,0.024094045906539,-0.00040430704249772,0.0240974378789742,0.00558881288936569,0.00426053194024934,0.13715058604784,0.105109391015249,0.439261362489258,0,0
P02_Ld_plus10,ENGINEERING_PRIMARY,false_safe,-2,1,0.013100918459051,0.00927112780189887,0.0160495443919709,0.00388413840777844,0.00565750437876787,0.0454803989723259,0.0376304225498153,0.444643816044977,0,0
P02_Ld_plus10,ENGINEERING_PRIMARY,false_safe,-1,1,-0.002797723099696,0.0161779357906973,0.0164180650805902,0.00355412167844307,0.00656334120685709,0.00444781285528606,0.00397817342370888,0.445172143248376,0,0
P02_Ld_plus10,ENGINEERING_PRIMARY,false_safe,0,1,-0.01908264793209,0.0178932879604972,0.0261594572982195,0.0049360357258062,0.00654994274311548,0.00823502576981033,0.00797617400115558,0.447607494861704,0,1
P02_Ld_plus10,ENGINEERING_PRIMARY,false_safe,1,1,-0.027722034719062,0.0141033600853007,0.0311033113134362,0.0069227194791291,0.00562268127436876,0.0486172927039906,0.0511123811743218,0.451722540795263,0,0
P02_Ld_plus10,ENGINEERING_PRIMARY,false_safe,2,1,-0.028879753355625,0.00605326623020019,0.0295073242761084,0.00886400736009865,0.00422402960056024,0.121741564768052,0.139338315419939,0.460030740851646,0,0
P02_Ld_plus10,ENGINEERING_PRIMARY,false_safe,3,1,-0.018833198849698,-0.00398993506729894,0.0192512067349953,0.0104946854576358,0.00348010912103345,0.222052716918324,0.277714939940464,0.472347852548729,0,0
P02_Ld_plus10,ENGINEERING_PRIMARY,false_safe,4,1,-0.0124238193952475,-0.0145924030712017,0.0191647988707981,0.0116737451163438,0.00433601681817449,0.389912819334047,0.4,0.458585132604443,0,0
P02_Ld_plus10,ENGINEERING_PRIMARY,false_safe,5,1,-0.009406456054014,-0.0259483454434992,0.0276006892441342,0.0123176970919803,0.00572705200468647,0.154867279973821,0.234756054916593,0.470828850319734,0,0
P02_Ld_plus10,ENGINEERING_PRIMARY,false_safe,6,1,0.0375224959848716,-0.0296308976471984,0.0478113773103584,0.0123845948024437,0.00658839452201095,0.399977214291517,0.399997751371286,0.502367666503447,0,0
P02_Ld_plus10,ENGINEERING_PRIMARY,false_safe,7,1,0.032826195602723,-0.0251457872038969,0.0413505711188116,0.0118701909978117,0.00652051714643249,0.0738345469095715,0.139622991020156,0.502133976167393,0,0
P02_Ld_plus10,ENGINEERING_PRIMARY,false_safe,8,1,0.0397798145138222,-0.0185952823839983,0.0439114810692458,0.0108076635421574,0.00555065626787786,0.399973407093355,0.399995991587017,0.509737061944904,0,0
P02_Ld_plus10,ENGINEERING_PRIMARY,false_safe,9,1,0.0558026672871181,-0.00543106831830187,0.0560663373106792,0.00927030148997942,0.00415121369031511,0.399979123072632,0.399996296645936,0.511789774283666,0,0
P02_Ld_plus10,ENGINEERING_PRIMARY,false_safe,10,1,0.0107943141710114,0.00596157004529729,0.0123311611710935,0.00738310682397325,0.00348745102364636,0.399974914214815,0.399994867757337,0.528093701713655,0,0
P02_Ld_plus10,ENGINEERING_PRIMARY,matched_control,-10,1,0.0196540563776812,-0.0042982799943978,0.0201185770621908,0.011679525426973,0.00637434180499649,0.399990996054498,0.399982507329477,0.518243848638086,0,0
P02_Ld_plus10,ENGINEERING_PRIMARY,matched_control,-9,1,0.004894809239953,-0.00117607160999711,0.00503411381748272,0.0105036146208813,0.00524875949383576,0.0152844852930203,0.0337930009768407,0.535855784700448,0,0
P02_Ld_plus10,ENGINEERING_PRIMARY,matched_control,-8,1,0.00855267114007399,0.00194987658160173,0.00877212644195998,0.00887541037604613,0.00388441234550908,0.28878766800356,0.0529589763442125,0.4039740692136,0,0
P02_Ld_plus10,ENGINEERING_PRIMARY,matched_control,-7,1,-0.01241018070719,0.00586146145359834,0.013724770145876,0.00693544636462174,0.00357398173030425,0.0493645489558159,0.148941537987974,0.613145217308815,0,0
P02_Ld_plus10,ENGINEERING_PRIMARY,matched_control,-6,1,-0.00644638908758199,0.00777520782450125,0.0100999895535927,0.00494766857740253,0.00473001950414789,0.187060463575284,0.0446522555370606,0.432245291772136,0,0
P02_Ld_plus10,ENGINEERING_PRIMARY,matched_control,-5,1,-0.015834170601149,0.00737276884460059,0.017466501626319,0.00355840259806836,0.00604574069444052,0.0102894433614578,0.04795991223194,0.644286618049289,0,0
P02_Ld_plus10,ENGINEERING_PRIMARY,matched_control,-4,1,-0.0257954651235363,0.00119840243059954,0.025823287732689,0.00387638052156558,0.00666866854479985,0.4,0.194679543272789,0.399513663249296,0,0
P02_Ld_plus10,ENGINEERING_PRIMARY,matched_control,-3,1,0.0281282406031154,0.00163407505979762,0.0281756653999121,0.0055763862474269,0.00633090338241115,0.399997241994583,0.399972460808959,0.583573489311548,0,0
P02_Ld_plus10,ENGINEERING_PRIMARY,matched_control,-2,1,-0.00415662527475426,0.00574413920550043,0.00709032219908891,0.00759199812266408,0.00517052984959029,0.399999189371207,0.399981349188538,0.526779078539817,0,0
P02_Ld_plus10,ENGINEERING_PRIMARY,matched_control,-1,1,0.00358102112873001,0.00470025401040175,0.00590898469169691,0.00945057348857141,0.00382535275187996,0.399999773213441,0.399982685006934,0.516890944038118,0,0
P02_Ld_plus10,ENGINEERING_PRIMARY,matched_control,0,1,0.025325729770007,0.0105303330525999,0.0274277323631046,0.0109429491880925,0.00360912396014837,0.0198846887831601,0.00849752452574892,0.416748588951143,0,0
P02_Ld_plus10,ENGINEERING_PRIMARY,matched_control,1,1,-0.0179182616003864,0.0158420037440017,0.02391721516826,0.0119507182576916,0.00481044209416985,0.399995797339726,0.39996677562272,0.620015930392495,0,0
P02_Ld_plus10,ENGINEERING_PRIMARY,matched_control,2,1,-0.032212617910767,0.0116674194726976,0.034260493718231,0.0124050868431759,0.00610300571793592,0.146236656816364,0.0734122289991049,0.40871378313366,0,0
P02_Ld_plus10,ENGINEERING_PRIMARY,matched_control,3,1,-0.0174483497909681,0.00632813234020091,0.0185604463670212,0.0122768566394075,0.00667559429790735,0.399992998242932,0.39997098833795,0.602604387905616,0,0
P02_Ld_plus10,ENGINEERING_PRIMARY,matched_control,4,1,-0.021477327190255,0.00145187236620004,0.021526344710726,0.0115741744327308,0.00628481053096757,0.219519918399566,0.128569918921728,0.404188551804304,0,0
P02_Ld_plus10,ENGINEERING_PRIMARY,matched_control,5,1,-0.00547642661693184,-0.0028229969996012,0.00616121421072153,0.010343063800674,0.00509150235775954,0.399991432693639,0.399976136872462,0.586242955132588,0,0
P02_Ld_plus10,ENGINEERING_PRIMARY,matched_control,6,1,-0.002445452031901,-0.00474237581380166,0.00533576273832145,0.00867191896623438,0.00376996963258298,0.279605941833601,0.190484302503469,0.408034678020806,0,0
P02_Ld_plus10,ENGINEERING_PRIMARY,matched_control,7,1,0.027031302391203,0.000219894589999825,0.027032196777091,0.00671001486983428,0.0036492396282385,0.0920078395887935,0.0676002414220506,0.43852778905069,0,0
P02_Ld_plus10,ENGINEERING_PRIMARY,matched_control,8,1,-0.0144323755178515,0.00443611329679783,0.0150987603554167,0.0047451874639157,0.00489089104625542,0.399987514973297,0.399977057407016,0.600180190408293,0,0
P02_Ld_plus10,ENGINEERING_PRIMARY,matched_control,9,1,-0.0198684033043164,-0.00180352339780043,0.0199500913910033,0.00349398966688236,0.00615791658698575,0.371256807289777,0.317936812913315,0.428777990635398,0,0
P02_Ld_plus10,ENGINEERING_PRIMARY,matched_control,10,1,0.011325127949054,-0.00574910986440003,0.0127008183710888,0.00402141879383158,0.00667945019259691,0.317481624708283,0.294117836456037,0.444221539608217,0,0
P03_Lq_minus10,ENGINEERING_PRIMARY,false_safe,-10,21,0.0023802635179875,0.00905315728101506,0.016681172425536,0.00708175373625766,0.00500606314098147,0.25218964648967,0.26044501860185,0.485307923718982,0,0
P03_Lq_minus10,ENGINEERING_PRIMARY,false_safe,-9,21,0.00252658334548222,-0.0124087009691142,0.0184628154357964,0.00635020468361995,0.00500198938294494,0.243040207404787,0.21540663564015,0.455978503433112,0,0.238095238095238
P03_Lq_minus10,ENGINEERING_PRIMARY,false_safe,-8,21,-0.00477742450020666,-0.0191465621280383,0.0257064057900952,0.00547639698125853,0.00580807859361925,0.253790030079184,0.277752367554789,0.454371518280592,0,0.0476190476190476
P03_Lq_minus10,ENGINEERING_PRIMARY,false_safe,-7,21,-0.00694851662218438,0.0169590591264948,0.0288086197484888,0.00476477084687452,0.00677395917481993,0.342467447730043,0.351970756979725,0.529876530684651,0,0
P03_Lq_minus10,ENGINEERING_PRIMARY,false_safe,-6,21,-0.00159663100343313,0.0136734416019337,0.0200139362782584,0.00492432623029378,0.00728685209446545,0.314879030706902,0.314034795477564,0.456233337671127,0,0.0476190476190476
P03_Lq_minus10,ENGINEERING_PRIMARY,false_safe,-5,21,0.00190203836248416,0.00597503521574252,0.0153239397384084,0.00602085124869102,0.0069399528534357,0.328340747882714,0.344101737628944,0.501945388833556,0,0
P03_Lq_minus10,ENGINEERING_PRIMARY,false_safe,-4,21,0.00462339032019384,0.00716079469975757,0.0198047898920204,0.0072782464214574,0.00590531471011095,0.361550845548267,0.363512539892156,0.485935541216466,0,0
P03_Lq_minus10,ENGINEERING_PRIMARY,false_safe,-3,21,0.00565011681832177,-0.00604532993249018,0.0143681799849582,0.00831590910652617,0.00497550066515426,0.336258779487851,0.362883094111394,0.486010042665184,0,0
P03_Lq_minus10,ENGINEERING_PRIMARY,false_safe,-2,21,0.00313943998842946,-0.00926733651840025,0.0107938726567319,0.00900759457705643,0.00503245905967898,0.362618349564861,0.375811826391571,0.48460747818832,0,0
P03_Lq_minus10,ENGINEERING_PRIMARY,false_safe,-1,21,0.0015160363931938,-0.0018389210294191,0.0087819661756615,0.00931786240135076,0.00586248033819978,0.282856318589926,0.299680214231367,0.496157303036582,0,0
P03_Lq_minus10,ENGINEERING_PRIMARY,false_safe,0,21,-0.00379525488935777,-0.0252398872093,0.0326594582840823,0.00928516136493921,0.00682032158034979,0.0443267097632658,0.0178593213112891,0.419485600466197,0,1
P03_Lq_minus10,ENGINEERING_PRIMARY,false_safe,1,21,-0.0111571772397063,-0.00269392524509066,0.0300436718018857,0.00891254692256488,0.0072912750243815,0.351848738862205,0.384236344148341,0.55857326492175,0,0
P03_Lq_minus10,ENGINEERING_PRIMARY,false_safe,2,21,-0.00961495551491558,0.023589388019848,0.040673373434062,0.00825665724344047,0.00689596935003759,0.171364176490102,0.163155124014436,0.453447044291505,0,0
P03_Lq_minus10,ENGINEERING_PRIMARY,false_safe,3,21,-0.00329943993896233,0.0160513454307522,0.0210816694122219,0.00760520185306638,0.00584100729540637,0.397695288620527,0.399983781343602,0.544159722053452,0,0
P03_Lq_minus10,ENGINEERING_PRIMARY,false_safe,4,21,0.000948010545885724,0.0104210460615617,0.017491063695393,0.0070097380049205,0.0049483988508975,0.249019073962034,0.217769059376014,0.435438374702166,0,0
P03_Lq_minus10,ENGINEERING_PRIMARY,false_safe,5,21,0.00235418454379379,0.000264755129842951,0.00826280749386377,0.00625780272888816,0.00506534856046206,0.378211794400799,0.37383523655531,0.530647396592911,0,0
P03_Lq_minus10,ENGINEERING_PRIMARY,false_safe,6,21,0.0021691778009215,-0.00148345204712846,0.00952099005697385,0.00537934629695914,0.00591730866504184,0.282498503775167,0.258223228171422,0.444023794013407,0,0.0476190476190476
P03_Lq_minus10,ENGINEERING_PRIMARY,false_safe,7,21,-0.00265732176785767,-0.0223310207350094,0.0309911636174206,0.00472573746180739,0.00686509670501771,0.232772867068793,0.221523622713398,0.453703984213825,0,0
P03_Lq_minus10,ENGINEERING_PRIMARY,false_safe,8,21,-0.00614310292964818,0.00771896696676186,0.0182093750547736,0.00501372437421214,0.00729287170862015,0.313269328515301,0.317255079043109,0.523055275839746,0,0.0952380952380952
P03_Lq_minus10,ENGINEERING_PRIMARY,false_safe,9,21,-0.00223550959245887,0.0155864615019857,0.0316662315604508,0.00616367275281979,0.00684977608226909,0.287705929335107,0.275139383492398,0.46604681427773,0,0.238095238095238
P03_Lq_minus10,ENGINEERING_PRIMARY,false_safe,10,21,0.00233825678152406,0.00944019437640027,0.0240449815485069,0.00740779984008107,0.00577713678953999,0.340304455744732,0.348144969859647,0.486826912072878,0,0
P03_Lq_minus10,ENGINEERING_PRIMARY,matched_control,-10,21,-0.00177918297805745,0.0119311696963052,0.0238217979859865,0.00415885315788136,0.00677107969675733,0.290087140879527,0.290096544468408,0.48354124336024,0,0.142857142857143
P03_Lq_minus10,ENGINEERING_PRIMARY,matched_control,-9,21,0.00411889930136103,0.0143593638207569,0.0247052349738863,0.00579961196821007,0.00591631554528776,0.323727231314801,0.333934794673459,0.458427197344438,0,0
P03_Lq_minus10,ENGINEERING_PRIMARY,matched_control,-8,21,0.00829850820670904,0.000480957215013883,0.0181739036119168,0.00747533164065423,0.00516354030944077,0.335064704045134,0.351506663212018,0.434195529175063,0,0
P03_Lq_minus10,ENGINEERING_PRIMARY,matched_control,-7,21,0.0092350631794554,-0.00403442354183881,0.011131212198934,0.00888632101025313,0.00499612971810113,0.295332521285966,0.35606900068463,0.441992193569245,0,0
P03_Lq_minus10,ENGINEERING_PRIMARY,matched_control,-6,21,0.010617492971779,-0.00155570630596796,0.0144403788084896,0.00990356000007186,0.0058672600010632,0.276535091841577,0.308128224293826,0.451244123356629,0,0
P03_Lq_minus10,ENGINEERING_PRIMARY,matched_control,-5,21,0.0106742901980777,-0.0160312681754761,0.0209248406132721,0.0104556321764603,0.00688696507049029,0.270987622742192,0.330316354738428,0.452523482473601,0,0
P03_Lq_minus10,ENGINEERING_PRIMARY,matched_control,-4,21,0.0111704842461367,-0.00592629932321877,0.021741961648457,0.0105075441785661,0.0072177205055331,0.0786930910201112,0.130480269906951,0.481617074169329,0,0.142857142857143
P03_Lq_minus10,ENGINEERING_PRIMARY,matched_control,-3,21,0.0101225019263315,-0.0282636154020224,0.0302504081457437,0.0100565783902594,0.0067279866737291,0.399984884095541,0.399992426167972,0.479250584709448,0,0
P03_Lq_minus10,ENGINEERING_PRIMARY,matched_control,-2,21,0.00529580987705411,-0.0187582097166813,0.0266495875574051,0.00913267473610892,0.0058692608396254,0.0726036138795171,0.138842917483796,0.48892654937977,0,0
P03_Lq_minus10,ENGINEERING_PRIMARY,matched_control,-1,21,-0.000269337828978995,-0.0177188867961421,0.0179996269856765,0.00780439393070835,0.00513149732752465,0.370488583525459,0.303835425429003,0.464839206141646,0,0
P03_Lq_minus10,ENGINEERING_PRIMARY,matched_control,0,21,-0.00139586752185862,0.00890917626408133,0.0127610329040172,0.00621076343589783,0.00501967692940723,0.0170654589589871,0.0474396171657155,0.549740881091205,0,0
P03_Lq_minus10,ENGINEERING_PRIMARY,matched_control,1,21,-0.00461176018818253,-0.0210800378230619,0.0294652861529537,0.00470252853926413,0.00593119629640887,0.211889564583509,0.0482932857485317,0.392919033463396,0,0.333333333333333
P03_Lq_minus10,ENGINEERING_PRIMARY,matched_control,2,21,-0.015759842349261,-0.0175955724663818,0.02444411169346,0.00370424370774922,0.00692749038120445,0.174042454586873,0.305813265681807,0.557574238992683,0,0
P03_Lq_minus10,ENGINEERING_PRIMARY,matched_control,3,21,-0.0125458448993762,0.0477046994969612,0.0497530407233319,0.00337896715958525,0.00721029046205136,0.36106624489381,0.319998002572066,0.516060367302649,0,0
P03_Lq_minus10,ENGINEERING_PRIMARY,matched_control,4,21,-0.00172594671846014,0.0103367865906993,0.0214238735188613,0.00431992128672499,0.0066837314738371,0.399987063361038,0.399988204435266,0.507817165760711,0,0
P03_Lq_minus10,ENGINEERING_PRIMARY,matched_control,5,21,0.00269424975955053,0.0178859873095902,0.0213824877014794,0.00599237058577852,0.00582262265305154,0.399986679714305,0.399988251921698,0.505631361272134,0,0
P03_Lq_minus10,ENGINEERING_PRIMARY,matched_control,6,21,0.00559977522165057,0.00636179022620048,0.0122792303256065,0.00764828025796219,0.00510124856482218,0.399986964362106,0.399988525718832,0.499703411305749,0,0
P03_Lq_minus10,ENGINEERING_PRIMARY,matched_control,7,21,0.00204201325529686,-0.0147428590258666,0.0173712600674237,0.00902046143021341,0.00504700396169634,0.293075792568262,0.2891554620132,0.469184664140231,0,0.285714285714286
P03_Lq_minus10,ENGINEERING_PRIMARY,matched_control,8,21,-0.00390724927145298,-0.00345943980808492,0.0113052725090625,0.00998879981854762,0.00599521962316435,0.399985009346438,0.399984194019545,0.533398995938493,0,0
P03_Lq_minus10,ENGINEERING_PRIMARY,matched_control,9,21,-0.00664670648694916,0.00104119399968112,0.0219656166712724,0.0104864238742748,0.006965637702309,0.214966613271252,0.203389647577962,0.449859282693002,0,0.238095238095238
P03_Lq_minus10,ENGINEERING_PRIMARY,matched_control,10,21,-0.0102855298505994,-0.00655051417295739,0.026835745655273,0.0104820122477474,0.00720020079881931,0.23479897358116,0.22189231813973,0.499922662687265,0,0.476190476190476
P04_Lq_plus10,ENGINEERING_PRIMARY,false_safe,-10,8,0.000587476614733772,-0.0046012116265115,0.00958492559727053,0.0104683142682444,0.00616887254132738,0.320428489445906,0.296222352886155,0.513100801380432,0,0
P04_Lq_plus10,ENGINEERING_PRIMARY,false_safe,-9,8,0.000279885694878964,0.00231445464064883,0.0120930642533738,0.0101798611920684,0.00777352197425098,0.345117598655361,0.329194082451118,0.524354267257264,0,0
P04_Lq_plus10,ENGINEERING_PRIMARY,false_safe,-8,8,-0.00426828785278997,0.0178770315021008,0.0248837102799169,0.00976873120526355,0.00952764595036589,0.253636066059445,0.217909225052106,0.486308641898486,0,0
P04_Lq_plus10,ENGINEERING_PRIMARY,false_safe,-7,8,-0.00960067781189806,0.014570958370312,0.0199799931604639,0.00946164870270679,0.01024209442206,0.269075189964729,0.244064080986542,0.515540567317781,0,0
P04_Lq_plus10,ENGINEERING_PRIMARY,false_safe,-6,8,-0.0113815264702578,0.00910213042945073,0.0171881112825917,0.00946484336587811,0.00939819425087021,0.212430918732395,0.185233838063094,0.48466938818277,0,0
P04_Lq_plus10,ENGINEERING_PRIMARY,false_safe,-5,8,-0.00942406665147757,-0.00122627292956112,0.0178924782646688,0.0097341998382284,0.00754448914589914,0.300713898419222,0.28107730332126,0.539155726140218,0,0
P04_Lq_plus10,ENGINEERING_PRIMARY,false_safe,-4,8,-0.00339896781691773,-0.01480044213515,0.0201635670580987,0.00998850322475335,0.00608727351778242,0.329657349753112,0.300619742920953,0.495965344439025,0,0
P04_Lq_plus10,ENGINEERING_PRIMARY,false_safe,-3,8,0.00265112383509351,-0.0121666133676248,0.0157963788172913,0.0100602069796253,0.00622705861684159,0.341789220901477,0.312173058734463,0.502949427932478,0,0
P04_Lq_plus10,ENGINEERING_PRIMARY,false_safe,-2,8,0.00573251278807661,-0.00975759862251245,0.0203961967151125,0.00997034630596592,0.00787892737533014,0.313030687419858,0.289093416900597,0.488043807664636,0,0
P04_Lq_plus10,ENGINEERING_PRIMARY,false_safe,-1,8,0.0057970591490751,-0.00182212966017525,0.0273337246392189,0.00988084617811524,0.00960423554988256,0.191320068373183,0.179371137244933,0.473507054842218,0,0
P04_Lq_plus10,ENGINEERING_PRIMARY,false_safe,0,8,0.00339096534232862,0.00423112426222529,0.0396336628761935,0.00995151944395888,0.0102359629961603,0.0111867817810862,0.0110552296618166,0.477428169046507,0,1
P04_Lq_plus10,ENGINEERING_PRIMARY,false_safe,1,8,0.00240891686433709,-0.000685453905850065,0.0239072018060386,0.0101709206921087,0.00931090341112225,0.352119165552998,0.351872621383087,0.561645989430861,0,0
P04_Lq_plus10,ENGINEERING_PRIMARY,false_safe,2,8,0.00441344992064301,-0.008888570536425,0.0259554413549888,0.0103965335084261,0.00744010516848814,0.208113896041251,0.198458989736038,0.471769558254892,0,0
P04_Lq_plus10,ENGINEERING_PRIMARY,false_safe,3,8,0.00530290579892735,-0.00176356084406315,0.0169107961153143,0.0105259277423349,0.00604503511695218,0.34947587556165,0.343108289573195,0.509319159290374,0,0
P04_Lq_plus10,ENGINEERING_PRIMARY,false_safe,4,8,0.00530184050619182,-0.00558219444541264,0.0202190988991322,0.0104472599105633,0.00629059459182045,0.227236069112759,0.218261887184975,0.494450736120938,0,0
P04_Lq_plus10,ENGINEERING_PRIMARY,false_safe,5,8,0.00439307596479954,0.000606921427687802,0.0260944155008214,0.0101366485381806,0.00798434318803896,0.291061412680955,0.245125781182126,0.487148998225411,0,0
P04_Lq_plus10,ENGINEERING_PRIMARY,false_safe,6,8,0.00383760561539621,-0.00932732626041234,0.026932362821016,0.00972502642769168,0.0096771722031101,0.175654998506338,0.198410663952419,0.523024688302734,0,0
P04_Lq_plus10,ENGINEERING_PRIMARY,false_safe,7,8,0.00302500818412194,0.0043546218866628,0.0241228214565036,0.00944414568011386,0.0102247869230645,0.292047505605125,0.265135032817832,0.492266701365756,0,0
P04_Lq_plus10,ENGINEERING_PRIMARY,false_safe,8,8,0.00209395028333608,-0.00398248640482501,0.0198885771123515,0.00948620940538488,0.0092203410093073,0.182399108943694,0.237521448121854,0.553636902378021,0,0
P04_Lq_plus10,ENGINEERING_PRIMARY,false_safe,9,8,0.00391717435377783,-0.00903338374295036,0.0203382239194357,0.00976800335474672,0.00733731780911415,0.342602719590035,0.271378247974288,0.481110095359107,0,0
P04_Lq_plus10,ENGINEERING_PRIMARY,false_safe,10,8,0.00290981501351039,0.0068964340237132,0.0148233424608939,0.0100066345051783,0.00600829428326681,0.299926456357596,0.299695922891432,0.55876585120613,0,0
P04_Lq_plus10,ENGINEERING_PRIMARY,matched_control,-10,8,0.00204109777512705,0.0100927127838886,0.0168591115372782,0.0114625873295727,0.00597626060538857,0.12275676843207,0.129915086678082,0.511425403436505,0,0
P04_Lq_plus10,ENGINEERING_PRIMARY,matched_control,-9,8,-0.00688445715656636,0.0315799667408627,0.0340134412919638,0.0100508421156173,0.00719846714098738,0.273750391841531,0.210372101405709,0.515641204848113,0,0
P04_Lq_plus10,ENGINEERING_PRIMARY,matched_control,-8,8,-0.0162651469230311,0.0203131742541008,0.0280379251589587,0.00845367377086546,0.00892366999471282,0.22744420730498,0.289865241496496,0.520472792229492,0,0
P04_Lq_plus10,ENGINEERING_PRIMARY,matched_control,-7,8,-0.0149015210199653,-0.00832237552516224,0.0211842900661222,0.00707771815352035,0.0095801161349852,0.365940344195204,0.353156550276271,0.550849107786665,0,0
P04_Lq_plus10,ENGINEERING_PRIMARY,matched_control,-6,8,-0.00837461456488358,-0.00337693261759941,0.0110913843230842,0.00652625841287952,0.00933933033410124,0.321852220537606,0.308459598354359,0.516901313971992,0,0
P04_Lq_plus10,ENGINEERING_PRIMARY,matched_control,-5,8,-0.0037323440118096,-0.00723064685244923,0.00899962441890312,0.00694737658429642,0.00864250830110992,0.392563957527215,0.360830224431358,0.536970782899826,0,0
P04_Lq_plus10,ENGINEERING_PRIMARY,matched_control,-4,8,-0.000412762501305016,-0.00366023273628712,0.00810505796672314,0.00787685165193606,0.00710443543791612,0.379856340299185,0.352179755196951,0.521594147347707,0,0
P04_Lq_plus10,ENGINEERING_PRIMARY,matched_control,-3,8,7.36021110423062e-05,0.00344378117197498,0.0129764074663912,0.00901596230461887,0.00597637011921257,0.335563689594309,0.325062912481905,0.518882606095165,0,0
P04_Lq_plus10,ENGINEERING_PRIMARY,matched_control,-2,8,-0.00149378655004416,0.00739255329118827,0.0104339138777939,0.0103064676131041,0.00730676682459454,0.313659563739615,0.310389411166692,0.517926161185624,0,0
P04_Lq_plus10,ENGINEERING_PRIMARY,matched_control,-1,8,-0.002745246442265,0.0051676538962755,0.00907976711006345,0.011565748101793,0.00899289421456042,0.302949548851214,0.30242904365852,0.51415573757621,0,0.25
P04_Lq_plus10,ENGINEERING_PRIMARY,matched_control,0,8,-0.00941073517827062,0.0345053287506247,0.0371992860398878,0.0125225363645813,0.00958188248357378,0.0198354954472433,0.0100638587404563,0.442145876268714,0,0
P04_Lq_plus10,ENGINEERING_PRIMARY,matched_control,1,8,-0.0147585708795342,0.00860324771306287,0.0180104943458877,0.0130140395075008,0.00931757670654854,0.315185882280659,0.314592268790264,0.588746769935572,0,0
P04_Lq_plus10,ENGINEERING_PRIMARY,matched_control,2,8,-0.0112953772284153,-0.00481052252647497,0.0151141624675594,0.0129723443979985,0.00857766705398639,0.171390015499989,0.101052562017393,0.423284834499923,0,0
P04_Lq_plus10,ENGINEERING_PRIMARY,matched_control,3,8,-0.00595112009545604,-0.0106843173815729,0.0162208279998718,0.0123921145362903,0.00700723681418126,0.362173354378006,0.370498250275821,0.594226199660902,0,0
P04_Lq_plus10,ENGINEERING_PRIMARY,matched_control,4,8,0.000678551377012258,-0.0202743865904615,0.0220211302177663,0.0113224167875393,0.0059867162040421,0.277681671394659,0.205910865126451,0.423366233048702,0,0
P04_Lq_plus10,ENGINEERING_PRIMARY,matched_control,5,8,0.0068014934702891,-0.0194041688967381,0.0213987573538538,0.0098773202990389,0.00741530950439193,0.333712097081698,0.345816791680251,0.587172383574922,0,0
P04_Lq_plus10,ENGINEERING_PRIMARY,matched_control,6,8,0.00977152316507323,-0.0117967503664871,0.0169297094914829,0.00827968991947907,0.00905838703723978,0.335389168422185,0.251689699124838,0.443468683417026,0,0
P04_Lq_plus10,ENGINEERING_PRIMARY,matched_control,7,8,0.004585269934578,0.0189800906860622,0.0299619639768805,0.00696542807744791,0.00958070677098324,0.11097529370847,0.0929701460113815,0.485586844655785,0,0
P04_Lq_plus10,ENGINEERING_PRIMARY,matched_control,8,8,-0.00437591562974025,0.0206682433106873,0.0278768245981826,0.00653130246639777,0.00929482942683447,0.122924343144377,0.11731513559555,0.470540319769146,0,0.25
P04_Lq_plus10,ENGINEERING_PRIMARY,matched_control,9,8,-0.00541624554396488,0.000902724589399988,0.0263177780137468,0.00703424170165466,0.0085097982583679,0.353859651606082,0.353198235215847,0.576709673937811,0,0
P04_Lq_plus10,ENGINEERING_PRIMARY,matched_control,10,8,0.0022506696625934,-0.0207035390380765,0.0337272751383334,0.00799505072166381,0.00691091263361157,0.354986000531382,0.34942794234795,0.471734397915342,0,0
P05_cross_mismatch,ENGINEERING_PRIMARY,false_safe,-10,16,-0.0172890878847489,0.0159634827581874,0.0262436357213843,0.0123785858322456,0.0116915043913279,0.355941113631307,0.352872404667269,0.675729971716802,0,0.125
P05_cross_mismatch,ENGINEERING_PRIMARY,false_safe,-9,16,-0.0201601273379102,0.0173702956446,0.0276144608693717,0.0104630927988145,0.0142829854923465,0.353965699196408,0.351862324248331,0.686552108117175,0,0.125
P05_cross_mismatch,ENGINEERING_PRIMARY,false_safe,-8,16,-0.0100505741268418,0.0124582583284492,0.0221225046872139,0.00888682179751974,0.0207791801421013,0.33794768617819,0.321766810900026,0.668162351687539,0,0
P05_cross_mismatch,ENGINEERING_PRIMARY,false_safe,-7,16,0.00074282418377617,0.00297918679714338,0.0115484588280798,0.0096065692909759,0.019976921057862,0.376682429888224,0.365660857779277,0.692612672316034,0,0
P05_cross_mismatch,ENGINEERING_PRIMARY,false_safe,-6,16,0.00596363117402003,-0.00424905917477459,0.0116731470013765,0.0117265298381274,0.0124309157633069,0.3759922902949,0.352078404098125,0.667443960775347,0,0
P05_cross_mismatch,ENGINEERING_PRIMARY,false_safe,-5,16,-0.0049201871048662,0.000422334117655915,0.0160074597750965,0.0143007713757611,0.0117775305060439,0.335707324492453,0.314738214827924,0.658571000347354,0,0.125
P05_cross_mismatch,ENGINEERING_PRIMARY,false_safe,-4,16,-0.00590411050069447,-0.00314339017924459,0.00981855787793463,0.0160584119434707,0.0123735131137952,0.373229505695287,0.362346477708387,0.68156753037832,0,0
P05_cross_mismatch,ENGINEERING_PRIMARY,false_safe,-3,16,-0.00879260630573356,0.00251480749898803,0.0318913060923985,0.0165569476594746,0.0199846006275313,0.303184803691611,0.284412909278567,0.630683237170486,0,0
P05_cross_mismatch,ENGINEERING_PRIMARY,false_safe,-2,16,0.00360872283754007,-0.0055185953536434,0.0209364177959682,0.0157744568208385,0.0207740901087051,0.368073389200305,0.367051598574154,0.692045682222702,0,0
P05_cross_mismatch,ENGINEERING_PRIMARY,false_safe,-1,16,0.0176943463304242,-0.0112816456190878,0.021428367497188,0.0142636554223893,0.0142674753934724,0.322400951634854,0.303241688450016,0.632793416585626,0,0
P05_cross_mismatch,ENGINEERING_PRIMARY,false_safe,0,16,-0.00803344667407812,0.00768151905956227,0.0707090999101989,0.0130052415089261,0.0116834332764264,0.0298209632585937,0.0240285886994619,0.617185776102792,0,1
P05_cross_mismatch,ENGINEERING_PRIMARY,false_safe,1,16,-0.0045956921412905,-0.00141855156697624,0.0219187167503328,0.0113150610051365,0.0115577322272819,0.39992559217095,0.399934049589472,0.736574418083151,0,0
P05_cross_mismatch,ENGINEERING_PRIMARY,false_safe,2,16,0.00788962205417581,-0.00179204630204377,0.0404947666566216,0.00934586265575589,0.0188759695565857,0.280283869554591,0.233326678873789,0.610588817028263,0,0
P05_cross_mismatch,ENGINEERING_PRIMARY,false_safe,3,16,0.00174477893215313,-0.00148136355390593,0.0194562363057271,0.00906174234934451,0.0212444476568873,0.397261534426054,0.39111390884233,0.69649201289363,0,0
P05_cross_mismatch,ENGINEERING_PRIMARY,false_safe,4,16,0.00730506697086246,-0.00681789335744343,0.0380475661315361,0.0107140722912737,0.0161366528103426,0.341668832814837,0.306464985242617,0.62661136285109,0,0
P05_cross_mismatch,ENGINEERING_PRIMARY,false_safe,5,16,0.00970096787229406,-0.00450085694586889,0.0330967907468131,0.0132741338801235,0.0114135108601975,0.26158787264659,0.242796025352171,0.650909156160868,0,0.125
P05_cross_mismatch,ENGINEERING_PRIMARY,false_safe,6,16,-0.00792766794092206,0.00279542806374345,0.0150553274580776,0.0154670516334193,0.0113410176091463,0.356468373901707,0.344149745720117,0.660334955230564,0,0
P05_cross_mismatch,ENGINEERING_PRIMARY,false_safe,7,16,0.00247989254367975,-0.00454038877836238,0.00685208602561138,0.0165107660118646,0.0174714908218515,0.285568885034517,0.284394909611404,0.669426012595746,0,0
P05_cross_mismatch,ENGINEERING_PRIMARY,false_safe,8,16,0.0179350230576363,-0.00993867859303088,0.0260234218508493,0.016242739458628,0.0213804507227404,0.351625203748738,0.36115847808128,0.659489966652174,0,0
P05_cross_mismatch,ENGINEERING_PRIMARY,false_safe,9,16,0.00935883644556773,-0.00347179671330644,0.0493515412243694,0.0148937571958431,0.0177629308811749,0.315793787828203,0.319197961827955,0.686563603728913,0,0.125
P05_cross_mismatch,ENGINEERING_PRIMARY,false_safe,10,16,0.00460135362452212,-0.00274510717401233,0.0220015967991881,0.0135350392979131,0.0110332194559174,0.353825918542703,0.355502644215698,0.684320999382041,0,0.125
P05_cross_mismatch,ENGINEERING_PRIMARY,matched_control,-10,16,-0.024745855761025,0.0226255319703381,0.0451524039881795,0.0109493834177938,0.0161284799682436,0.191341638489801,0.170585354517679,0.605928279054279,0,0
P05_cross_mismatch,ENGINEERING_PRIMARY,matched_control,-9,16,-0.0342629555164435,0.0231843297051126,0.0414895937907326,0.00658790206156944,0.0236462275785004,0.399889437659236,0.399944680432182,0.757133117312813,0,0
P05_cross_mismatch,ENGINEERING_PRIMARY,matched_control,-8,16,0.00132614114721407,0.00458129046796252,0.0204224652766975,0.00454190554505793,0.0228305463118642,0.299609242209989,0.241348088499057,0.592720683960152,0,0
P05_cross_mismatch,ENGINEERING_PRIMARY,matched_control,-7,16,-0.0326969380804264,0.028496817773374,0.0454862534334219,0.00762696443884858,0.0139714874350858,0.164665847818951,0.159948484470532,0.643200444212205,0,0.625
P05_cross_mismatch,ENGINEERING_PRIMARY,matched_control,-6,16,0.00195814980973426,-0.0109239989761503,0.0159684414222613,0.0120198942982034,0.00285288646546133,0.399900683853275,0.399941523668316,0.731759940057977,0,0
P05_cross_mismatch,ENGINEERING_PRIMARY,matched_control,-5,16,0.0402650159340095,-0.0257340554568506,0.0478503752345464,0.0157675102519162,0.0137148570114545,0.399958111119739,0.360692662394819,0.618105154359191,0,0
P05_cross_mismatch,ENGINEERING_PRIMARY,matched_control,-4,16,0.0143348218572543,-0.0155193421977127,0.0211809406676823,0.018266739079142,0.0227193860152825,0.39727029718109,0.382529886603543,0.666031235819993,0,0
P05_cross_mismatch,ENGINEERING_PRIMARY,matched_control,-3,16,0.0166515800527553,-0.0231892413768873,0.032106478137916,0.0192250056581222,0.0237199916993024,0.307522886774195,0.310912630916407,0.650585180286742,0,0
P05_cross_mismatch,ENGINEERING_PRIMARY,matched_control,-2,16,0.0403793767206775,-0.0288920688829997,0.052750286762884,0.0185393642926128,0.0163610112496133,0.186592434405763,0.191766918826501,0.662051385006622,0,0.125
P05_cross_mismatch,ENGINEERING_PRIMARY,matched_control,-1,16,-0.000392876437562685,0.00259604428056104,0.00329964184402378,0.0162831170455806,0.00368711545027457,0.399921891627852,0.399948210403634,0.682784150762612,0,0
P05_cross_mismatch,ENGINEERING_PRIMARY,matched_control,0,16,-0.0167663033041791,0.0130728188738636,0.0266864297760108,0.0127144041124693,0.0110879023292369,0.0320096776587852,0.0238766534393583,0.649379703588348,0,0
P05_cross_mismatch,ENGINEERING_PRIMARY,matched_control,1,16,-0.00284050633039129,0.00921026938351232,0.0175296605901395,0.00836116633378976,0.0214347838489018,0.399918569973968,0.399940773909636,0.701965924184959,0,0
P05_cross_mismatch,ENGINEERING_PRIMARY,matched_control,2,16,-0.0272409261390561,0.0300118766244384,0.0514093977164796,0.00477205045161989,0.0242358277440024,0.338905014467726,0.30406023006201,0.648859577962184,0,0
P05_cross_mismatch,ENGINEERING_PRIMARY,matched_control,3,16,-0.0330808357542419,0.0266280543352999,0.0426000018961532,0.00594572390447019,0.0184941419725534,0.256818438041638,0.254566588209806,0.654162334884406,0,0.375
P05_cross_mismatch,ENGINEERING_PRIMARY,matched_control,4,16,0.000590501583454343,0.00010965007931055,0.0161612892748571,0.0102126893298789,0.00627753107426032,0.399932803902032,0.399927679909088,0.715115446100771,0,0
P05_cross_mismatch,ENGINEERING_PRIMARY,matched_control,5,16,0.023085182643718,-0.0129647753181126,0.0298784251494889,0.0143331918918021,0.00829269651867764,0.399975356323067,0.374788544152888,0.648759722187726,0,0
P05_cross_mismatch,ENGINEERING_PRIMARY,matched_control,6,16,0.00774761453923677,-0.0103326542414255,0.0134199332515023,0.0174005443463313,0.0198127912305867,0.399978388750338,0.391345117760757,0.678588818597141,0,0
P05_cross_mismatch,ENGINEERING_PRIMARY,matched_control,7,16,0.0114090525242598,-0.0172819771310251,0.0211767141039325,0.0190236239015588,0.024369887901791,0.34725964470214,0.348986996888772,0.668962561812069,0,0
P05_cross_mismatch,ENGINEERING_PRIMARY,matched_control,8,16,0.0209486853806814,-0.0180120097336243,0.0341029137977566,0.0190241312361789,0.0203366762079575,0.275538567518849,0.279065278679551,0.677458868637353,0,0
P05_cross_mismatch,ENGINEERING_PRIMARY,matched_control,9,16,-0.00264131992603167,0.000150458463499705,0.00469590920834813,0.017402024408267,0.00915218273812327,0.399965581150102,0.399935217558743,0.686829508299844,0,0
P05_cross_mismatch,ENGINEERING_PRIMARY,matched_control,10,16,0.00132548152612013,-0.00195886009074986,0.00268505701338493,0.0143355443528036,0.00539072940717309,0.256061780977816,0.258821980145649,0.688464935600445,0,0
P06_controller_high_L,ENGINEERING_PRIMARY,false_safe,-10,18,-0.0804795142523844,-0.0708926686260732,0.117020425680783,0.0105982209189995,0.0204926616166018,0.357305190651382,0.356593679520804,0.604594804524448,0,0.111111111111111
P06_controller_high_L,ENGINEERING_PRIMARY,false_safe,-9,18,-0.0829036701181555,-0.0456919873590553,0.0989339318276783,0.0106854171773285,0.0207186024926516,0.32462624072683,0.319679850667954,0.610254299934217,0,0.222222222222222
P06_controller_high_L,ENGINEERING_PRIMARY,false_safe,-8,18,-0.0128644503171138,0.0205435840606167,0.0409827876699072,0.011851871961079,0.0156189417056976,0.356355249274697,0.356129108904541,0.638726824865729,0,0
P06_controller_high_L,ENGINEERING_PRIMARY,false_safe,-7,18,0.0285928947686015,0.0345963406924336,0.0467907783586203,0.0135208249043122,0.0112914044208694,0.324030729579683,0.321139724703969,0.60769143777967,0,0
P06_controller_high_L,ENGINEERING_PRIMARY,false_safe,-6,18,0.0433606044200703,0.0223730418479826,0.0502654468929841,0.0150465442441675,0.0141052772702774,0.376181126385826,0.374077750236177,0.628536366532614,0,0
P06_controller_high_L,ENGINEERING_PRIMARY,false_safe,-5,18,0.0229018185672058,0.00102672744069959,0.0427201391155415,0.0159826312597087,0.0197075815780172,0.335672503518643,0.333461031420367,0.595995159642517,0,0
P06_controller_high_L,ENGINEERING_PRIMARY,false_safe,-4,18,-0.0266272047322897,-0.0246204034654445,0.0388766608195783,0.0161059964637644,0.0211757079531271,0.332481327003089,0.337550771144956,0.604501679331656,0,0
P06_controller_high_L,ENGINEERING_PRIMARY,false_safe,-3,18,-0.0275711376447915,-0.0067234593273218,0.0301900653042679,0.0153888512765132,0.0169463539961733,0.33025536656146,0.343557344418055,0.610644466548066,0,0
P06_controller_high_L,ENGINEERING_PRIMARY,false_safe,-2,18,0.00309423130372664,0.0190187552740504,0.0245166891269613,0.0139941579245416,0.0116231758802438,0.345676806395662,0.37499569626317,0.613736068766863,0,0
P06_controller_high_L,ENGINEERING_PRIMARY,false_safe,-1,18,0.0402690187639269,0.0215744736356997,0.0465174930458728,0.0123008260300158,0.0130507525618436,0.382327056799254,0.399970671360999,0.598152539859839,0,0
P06_controller_high_L,ENGINEERING_PRIMARY,false_safe,0,18,-0.00783127403293978,-0.0383337527183608,0.138728711862814,0.0109178577378669,0.018715631366878,0.0563221460269302,0.0652748639323451,0.527870383111558,0,1
P06_controller_high_L,ENGINEERING_PRIMARY,false_safe,1,18,-0.0219592773598759,-0.0110783556053609,0.04333664332031,0.0104988310585897,0.0213687966588945,0.399933757137377,0.399937574967735,0.695210885861663,0,0
P06_controller_high_L,ENGINEERING_PRIMARY,false_safe,2,18,-0.0420920092160282,-0.00853063946287849,0.117912234031447,0.0112650290058873,0.0181894962852401,0.163007593383641,0.156344828301487,0.54146219741296,0,0
P06_controller_high_L,ENGINEERING_PRIMARY,false_safe,3,18,-0.00689544359534167,0.0161879250231165,0.0565259403595424,0.0128089989312769,0.0123194449409351,0.399946577503554,0.399947778651187,0.674287638655716,0,0
P06_controller_high_L,ENGINEERING_PRIMARY,false_safe,4,18,0.0505767148397683,0.0481472700114443,0.0722580969622038,0.0144622757610925,0.0121999853914734,0.275822849737956,0.267538343610631,0.55568328748901,0,0
P06_controller_high_L,ENGINEERING_PRIMARY,false_safe,5,18,-0.00645096203446953,-0.0201888056456223,0.0602563902231531,0.0156832419106813,0.0175630172513786,0.277577642441461,0.28507651898345,0.567109761705135,0,0
P06_controller_high_L,ENGINEERING_PRIMARY,false_safe,6,18,-0.0133430427615751,-0.00992626666514479,0.0516996416275105,0.0161593791617417,0.0212926872307404,0.264179100002585,0.288238569282372,0.580638018201516,0,0
P06_controller_high_L,ENGINEERING_PRIMARY,false_safe,7,18,-0.000184383910347078,0.0129085778629619,0.0252226201746062,0.0157838567655548,0.0192804887488764,0.286560209467268,0.326098897392117,0.588802453191385,0,0
P06_controller_high_L,ENGINEERING_PRIMARY,false_safe,8,18,0.0359230647968061,0.0248717125495676,0.075544331257689,0.0146386817877322,0.0133294746472692,0.307093408706943,0.367843929236969,0.584169521523926,0,0
P06_controller_high_L,ENGINEERING_PRIMARY,false_safe,9,18,0.0710707494647905,0.0228801378027783,0.0959000096811275,0.0130083371557402,0.0115982117588943,0.289296592802318,0.330895336792347,0.595719836694341,0,0.222222222222222
P06_controller_high_L,ENGINEERING_PRIMARY,false_safe,10,18,0.0211530384034099,-0.0146759200792227,0.067528350864542,0.011410555597139,0.0163151976304887,0.364098313812012,0.371863835108082,0.615753352722795,0,0.111111111111111
P06_controller_high_L,ENGINEERING_PRIMARY,matched_control,-10,18,-0.0132318446289749,0.0144036864876437,0.0328000014529188,0.0127934029453359,0.0134535816532519,0.39995799045389,0.399964588526488,0.628698616184913,0,0
P06_controller_high_L,ENGINEERING_PRIMARY,matched_control,-9,18,0.0263863379342042,0.0235715928135336,0.0365275200643268,0.0142064694382944,0.0099713965281285,0.39995601683722,0.399962494170339,0.62691267439388,0,0
P06_controller_high_L,ENGINEERING_PRIMARY,matched_control,-8,18,0.03896970024132,0.0119480590655113,0.0411402416337789,0.0152396427087886,0.0160540822724418,0.399954967103799,0.399960664407547,0.627529477263884,0,0
P06_controller_high_L,ENGINEERING_PRIMARY,matched_control,-7,18,0.00506335079384711,-0.015776502213011,0.0347276177984566,0.015650194484557,0.0215696650948028,0.357301534864142,0.356590158587902,0.616340025582833,0,0.111111111111111
P06_controller_high_L,ENGINEERING_PRIMARY,matched_control,-6,18,-0.020879615704408,-0.0133592096348553,0.0293039162862082,0.0153972053922986,0.0211335683015549,0.399951285431817,0.399951355495583,0.647857977838492,0,0
P06_controller_high_L,ENGINEERING_PRIMARY,matched_control,-5,18,-0.0180192294215784,0.00121407122572334,0.0298634191991705,0.014557951571156,0.0150286483983576,0.356352559674385,0.356132499711046,0.621360366153116,0,0
P06_controller_high_L,ENGINEERING_PRIMARY,matched_control,-4,18,0.00165874803999222,0.0108126044015337,0.0163006266843681,0.0132909933937394,0.00976254581514955,0.399951011490318,0.39995312913007,0.640273008288625,0,0
P06_controller_high_L,ENGINEERING_PRIMARY,matched_control,-3,18,0.018261235516901,0.0123510494976884,0.022506924390862,0.0119283358907252,0.0144889628267992,0.376177925167024,0.374081596357491,0.611765771414183,0,0
P06_controller_high_L,ENGINEERING_PRIMARY,matched_control,-2,18,-0.0875862607637082,-0.0799069079908996,0.118681549007457,0.0110320690254493,0.0208416015040373,0.0624123301190925,0.0464660135961419,0.497596299790307,0,0.888888888888889
P06_controller_high_L,ENGINEERING_PRIMARY,matched_control,-1,18,-0.0300861321252318,0.0105937057698332,0.0351710321763278,0.0111363307823553,0.021765342128424,0.369107366765768,0.370707155615928,0.719449390766386,0,0
P06_controller_high_L,ENGINEERING_PRIMARY,matched_control,0,18,0.0195870228149886,0.0533390346615555,0.0598766082856379,0.0122007264722228,0.0165912344938091,0.0542424365577756,0.0483308042850244,0.50885703763289,0,0
P06_controller_high_L,ENGINEERING_PRIMARY,matched_control,1,18,0.0307868357901368,0.0366501558508215,0.0479508085920501,0.0136415177999301,0.0101189839302087,0.375408681358776,0.383882886493493,0.679837670244994,0,0
P06_controller_high_L,ENGINEERING_PRIMARY,matched_control,2,18,0.0742882088093351,0.0522944481193433,0.0909047594720627,0.0148761821048708,0.0129567711473753,0.234911111964775,0.224846014622831,0.523811286968665,0,0
P06_controller_high_L,ENGINEERING_PRIMARY,matched_control,3,18,-0.00998518788908711,-0.0350005914023552,0.0738372532018987,0.0155611671397664,0.0198594778304285,0.203112763540178,0.221189903398658,0.544351412515106,0,0.111111111111111
P06_controller_high_L,ENGINEERING_PRIMARY,matched_control,4,18,-0.0411858348238897,-0.0287407171742113,0.0543433645343892,0.0155799017090353,0.0221176052112286,0.222491951100026,0.255242737136234,0.562181439310635,0,0
P06_controller_high_L,ENGINEERING_PRIMARY,matched_control,5,18,-0.0251970191694322,0.00563013599610129,0.0547661856582878,0.0149712267953465,0.0180529787688249,0.252193319784961,0.310112771622763,0.574960257760684,0,0
P06_controller_high_L,ENGINEERING_PRIMARY,matched_control,6,18,0.055164245442967,0.0410553946051447,0.0918009492934141,0.0138549526190475,0.0109958028675814,0.302717358402799,0.367856381300382,0.566323102645518,0,0
P06_controller_high_L,ENGINEERING_PRIMARY,matched_control,7,18,0.114007203773266,0.0386144284553009,0.126739990211109,0.0124761518459927,0.0115852175402631,0.224956877258496,0.285221752759743,0.582218871042879,0,0.444444444444444
P06_controller_high_L,ENGINEERING_PRIMARY,matched_control,8,18,0.0257504205082123,-0.0271869078473455,0.081186459035139,0.0113073718577287,0.0186525750224122,0.364102000561078,0.371864172557807,0.610315410142757,0,0.111111111111111
P06_controller_high_L,ENGINEERING_PRIMARY,matched_control,9,18,-0.0950604189392584,-0.083075033052523,0.141616966091644,0.0109563184520294,0.0221814981495303,0.399955843774865,0.399961247100145,0.618585508618673,0,0
P06_controller_high_L,ENGINEERING_PRIMARY,matched_control,10,18,-0.0701545350728126,-0.0326177921438777,0.0827950818763199,0.0116724910915712,0.0193504738845666,0.399959471019553,0.399958907502724,0.628388246213667,0,0
P07_controller_low_L,ENGINEERING_PRIMARY,false_safe,-10,4,0.008506888389813,0.0382378635674509,0.0529337147586103,0.027590403555362,0.0283700050953265,0.232907553230117,0.215135768129137,0.700187464107876,0,0
P07_controller_low_L,ENGINEERING_PRIMARY,false_safe,-9,4,-0.0451442454957621,-0.00447245133057538,0.0475911058951611,0.028472573090872,0.0344148308767019,0.358103396407546,0.285416909445063,0.685560644239732,0,0
P07_controller_low_L,ENGINEERING_PRIMARY,false_safe,-8,4,-0.0459262806772479,-0.0157904236149502,0.0485748775654495,0.0282759811320938,0.030437037889509,0.371587208231516,0.297530231528361,0.671234756146126,0,0
P07_controller_low_L,ENGINEERING_PRIMARY,false_safe,-7,4,-0.00788185927461447,0.0101451755089741,0.056096469323978,0.0270502324244658,0.0192088888708749,0.227733057114109,0.149738546466863,0.605269743775134,0,0
P07_controller_low_L,ENGINEERING_PRIMARY,false_safe,-6,4,-0.0160944874582011,-0.0100317883300249,0.0423855228333729,0.0251250770857025,0.0152966729874241,0.332366880010437,0.296846584842019,0.69566354564421,0,0
P07_controller_low_L,ENGINEERING_PRIMARY,false_safe,-5,4,-0.0213939570619756,-0.0341940604098756,0.0567681861206144,0.0231030075346506,0.0260944887938783,0.339589658610247,0.299585755863949,0.626723433305618,0,0
P07_controller_low_L,ENGINEERING_PRIMARY,false_safe,-4,4,-0.00275277845967901,-0.0221586941979748,0.0241390472696101,0.0217606648276262,0.0339495257543919,0.389629054191533,0.362739164397567,0.635439772255366,0,0
P07_controller_low_L,ENGINEERING_PRIMARY,false_safe,-3,4,-0.0179748386020118,-0.0508710072195004,0.0548011986399453,0.0217174603463819,0.0320659764684948,0.267074160822222,0.259867552748859,0.653108103607952,0,0
P07_controller_low_L,ENGINEERING_PRIMARY,false_safe,-2,4,-0.0252379102772757,-0.0802916776181242,0.0844832307037257,0.0229949206324553,0.0216927822542247,0.044624527683141,0.0479629989190059,0.661629925060187,0,0
P07_controller_low_L,ENGINEERING_PRIMARY,false_safe,-1,4,0.0688979431963816,0.00862765197257253,0.0701805760991229,0.0249986241397537,0.0144794473520263,0.399910958262443,0.399961807463727,0.699078608937944,0,0
P07_controller_low_L,ENGINEERING_PRIMARY,false_safe,0,4,0.0482924212345335,-0.00345895522267447,0.0484353946279238,0.0269492360725314,0.0236238873390458,0.034011428633717,0.0465848287175087,0.705915693118053,0,1
P07_controller_low_L,ENGINEERING_PRIMARY,false_safe,1,4,0.0569206959279219,0.0128237686074257,0.0583545053067621,0.0282293101356619,0.033039622497121,0.399911509801615,0.399957192860402,0.706692993013657,0,0
P07_controller_low_L,ENGINEERING_PRIMARY,false_safe,2,4,0.0945250622090337,0.0789960671583003,0.123189567884303,0.0284921290265309,0.0332987009836494,0.399919398563965,0.399948475666472,0.728513879735712,0,0
P07_controller_low_L,ENGINEERING_PRIMARY,false_safe,3,4,0.00917699470706311,0.0232353990519769,0.0251125463907508,0.027671298069836,0.0242316275509019,0.399915155239674,0.399945722306853,0.72340906200204,0,0
P07_controller_low_L,ENGINEERING_PRIMARY,false_safe,4,4,-0.00704624018751022,0.0198124644298243,0.0211729207035079,0.0259793927611632,0.0145935567930562,0.399918347302618,0.399942328159329,0.726332554469819,0,0
P07_controller_low_L,ENGINEERING_PRIMARY,false_safe,5,4,-0.027327784440237,0.00701430772494938,0.0282412561202328,0.0239089434358316,0.0210814393635927,0.399921563898345,0.399940597450842,0.724485601398138,0,0
P07_controller_low_L,ENGINEERING_PRIMARY,false_safe,6,4,-0.0323936333339609,-0.000239628515599221,0.0324015493671036,0.0221882648102758,0.0317079143582004,0.399925937205486,0.39993932466544,0.722305683037739,0,0
P07_controller_low_L,ENGINEERING_PRIMARY,false_safe,7,4,-0.0302727848870838,-0.00469050356177547,0.0306350135850435,0.0215592230610709,0.0341030275675226,0.399930839418408,0.399938812962271,0.71956851973144,0,0
P07_controller_low_L,ENGINEERING_PRIMARY,false_safe,8,4,-0.0182673299329718,-0.000812382507299425,0.0182864901376097,0.0223305884029453,0.0266649002927686,0.399935847529094,0.39993867121174,0.717429077663153,0,0
P07_controller_low_L,ENGINEERING_PRIMARY,false_safe,9,4,-0.0141240334543694,-0.00409154156832514,0.0147060616623497,0.0241267063937774,0.0156224061611365,0.399942349988101,0.399941099218027,0.710112639538025,0,0
P07_controller_low_L,ENGINEERING_PRIMARY,false_safe,10,4,0.0192740118104759,0.0326886682200742,0.0441640737284392,0.0261882975839037,0.0186416637438316,0.213288505822944,0.205885468738398,0.652679797696443,0,0
P07_controller_low_L,ENGINEERING_PRIMARY,matched_control,-10,4,-0.0231352856724216,-0.000895036697350804,0.0231555872812156,0.0234025210497271,0.022142352158223,0.399989090403485,0.399921752020103,0.716298096016736,0,0
P07_controller_low_L,ENGINEERING_PRIMARY,matched_control,-9,4,0.0080093714382623,0.0334079866613486,0.0574894405123886,0.0239520514431272,0.027135180268113,0.205756981043662,0.202478560830189,0.660772890453491,0,0
P07_controller_low_L,ENGINEERING_PRIMARY,matched_control,-8,4,-0.0217038232758364,0.0054768999775021,0.0230319098590119,0.0249562408363192,0.0302547554265366,0.399986751332122,0.399900426707038,0.761699801101715,0,0
P07_controller_low_L,ENGINEERING_PRIMARY,matched_control,-7,4,-0.042244893063353,-0.0115010698881512,0.0437863076323964,0.0260846687217712,0.026130457136239,0.358177880027889,0.285419250154474,0.641261246306287,0,0
P07_controller_low_L,ENGINEERING_PRIMARY,matched_control,-6,4,-0.0180716854006233,-0.00706287294315013,0.0194102360988242,0.0268947415874782,0.0219700932768697,0.399985602803373,0.399928043691721,0.738697984230825,0,0
P07_controller_low_L,ENGINEERING_PRIMARY,matched_control,-5,4,0.000827346290128348,0.0137245806675477,0.0633400231819566,0.0270670845666716,0.0219410974147145,0.240446117476057,0.151182972759903,0.584501947479461,0,0
P07_controller_low_L,ENGINEERING_PRIMARY,matched_control,-4,4,-0.00288665498837705,0.0148507509114495,0.0224773084918692,0.0265354430167054,0.0258028436316773,0.332410854780431,0.296830466952994,0.716863742903156,0,0
P07_controller_low_L,ENGINEERING_PRIMARY,matched_control,-3,4,-0.0208746208348038,-0.00818603366615102,0.0409770800031442,0.0255064257642167,0.0302125203658453,0.315305912752847,0.214670087238119,0.598645539256429,0,0
P07_controller_low_L,ENGINEERING_PRIMARY,matched_control,-2,4,0.00405789599510875,0.01554163826715,0.0396870297516949,0.0243892651374231,0.0274393681256364,0.231837409296905,0.197353141957636,0.639185195652564,0,0
P07_controller_low_L,ENGINEERING_PRIMARY,matched_control,-1,4,-0.0107906754181995,-0.0159488159554009,0.0504583077117057,0.0235965625593924,0.0222304673482225,0.145353453623323,0.141270329037569,0.636306950637481,0,0
P07_controller_low_L,ENGINEERING_PRIMARY,matched_control,0,4,-0.0325110339806635,-0.0402284546009995,0.065902564725916,0.0233395448196061,0.021895506824611,0.0406481146379033,0.0363547727662269,0.644454288979895,0,0
P07_controller_low_L,ENGINEERING_PRIMARY,matched_control,1,4,0.0052208300449912,-0.00740457374145011,0.0569914750132665,0.0236571797342438,0.0244696187416334,0.270892404992146,0.261553092016121,0.662904426679467,0,0
P07_controller_low_L,ENGINEERING_PRIMARY,matched_control,2,4,-0.010817975289316,-0.0281579463133994,0.0688809962735592,0.0244986771755585,0.0298238079897777,0.157829586832169,0.157947215419286,0.676103204085187,0,0.5
P07_controller_low_L,ENGINEERING_PRIMARY,matched_control,3,4,-0.00675723460053275,-0.0372565349724994,0.090788853071251,0.0256282101299731,0.0285783547781766,0.346153894551532,0.357335627425955,0.677047664214055,0,0
P07_controller_low_L,ENGINEERING_PRIMARY,matched_control,4,4,0.024512357931202,-0.0155884288553007,0.12811113225949,0.0266213873436588,0.0228199238596432,0.219191221431793,0.223236638578145,0.702676490810417,0,0
P07_controller_low_L,ENGINEERING_PRIMARY,matched_control,5,4,0.044366259835738,0.0034295015324517,0.0532355160915651,0.0270833764410386,0.0218961085052636,0.399879407365702,0.399987118865286,0.709222725767336,0,0
P07_controller_low_L,ENGINEERING_PRIMARY,matched_control,6,4,0.0614377100808296,0.0366169932120997,0.0799082848660869,0.0268351586555041,0.0233191066962862,0.399891563120598,0.399983884688843,0.721486812311156,0,0
P07_controller_low_L,ENGINEERING_PRIMARY,matched_control,7,4,0.0235562488923726,0.0161928205384498,0.0524829406748829,0.0259722907982555,0.029107653242339,0.399877779260699,0.399978342625419,0.722951588756281,0,0
P07_controller_low_L,ENGINEERING_PRIMARY,matched_control,8,4,0.0112545177663559,0.0153869360273511,0.0474889739329711,0.0248359363960543,0.0294619633645345,0.399875909850106,0.399973662546028,0.724821063014622,0,0
P07_controller_low_L,ENGINEERING_PRIMARY,matched_control,9,4,-0.00648905815891695,0.00526652399394935,0.0273419210584127,0.0238683813083785,0.02379198333165,0.399874184308733,0.399968813562333,0.722965633322369,0,0
P07_controller_low_L,ENGINEERING_PRIMARY,matched_control,10,4,-0.0117741481915868,0.00205136704404829,0.0127791633682462,0.023376920810697,0.0218946834663924,0.399875192537015,0.399964322409677,0.721236256812146,0,0
P08_opposed_20pct,ENGINEERING_PRIMARY,false_safe,-10,18,-0.00788588465921057,-0.0175356925701499,0.0851539417900544,0.0183413733956895,0.0165898176900137,0.295079942389076,0.29981517988225,0.544975771564338,0,0
P08_opposed_20pct,ENGINEERING_PRIMARY,false_safe,-9,18,0.0102728006959762,-0.0485620832295999,0.07074431756979,0.0221302014381738,0.0238404964996856,0.239404394392666,0.259813308106799,0.560328995782312,0,0
P08_opposed_20pct,ENGINEERING_PRIMARY,false_safe,-8,18,0.0228690687421156,-0.0465866993091662,0.0723529657713346,0.0240817509718458,0.0278594359773528,0.343425821475829,0.338223494384616,0.564708313136347,0,0.111111111111111
P08_opposed_20pct,ENGINEERING_PRIMARY,false_safe,-7,18,0.0491982170892339,-0.057050351893344,0.082374318903139,0.0242951626218411,0.025154471522171,0.377645481638826,0.376113798187892,0.558660108110472,0,0
P08_opposed_20pct,ENGINEERING_PRIMARY,false_safe,-6,18,0.0339122725861856,-0.0248225521430613,0.0635598759121305,0.024931374675106,0.0185382321615976,0.28802601133844,0.287435111480662,0.5637003484502,0,0.222222222222222
P08_opposed_20pct,ENGINEERING_PRIMARY,false_safe,-5,18,0.00226215794359725,0.0407805918366336,0.045461254090824,0.024389842535854,0.0157450762939494,0.375515521937312,0.378739640711883,0.613147240441186,0,0
P08_opposed_20pct,ENGINEERING_PRIMARY,false_safe,-4,18,-0.00876393973418281,0.050187730049717,0.0523111630211869,0.0218182129270676,0.0223048285360705,0.314779072060741,0.316652656064157,0.55781281869368,0,0
P08_opposed_20pct,ENGINEERING_PRIMARY,false_safe,-3,18,-0.0159099606400845,0.0216329510370333,0.0305184465718284,0.0178544559008561,0.0275858862119485,0.386139861285563,0.399966962240253,0.577280047359349,0,0
P08_opposed_20pct,ENGINEERING_PRIMARY,false_safe,-2,18,-0.0248607271384411,0.0122912138779003,0.0330831968567832,0.013910869884737,0.0261746834814503,0.328572772617667,0.319596619611736,0.555384449002049,0,0
P08_opposed_20pct,ENGINEERING_PRIMARY,false_safe,-1,18,0.00629313678548064,-0.0332826329456611,0.0399480334428524,0.0121002873286263,0.0200080001655163,0.33773170202648,0.334019182846684,0.542925399523257,0,0
P08_opposed_20pct,ENGINEERING_PRIMARY,false_safe,0,18,0.0343715380798984,-0.080966521682978,0.0884067307228235,0.01634266212948,0.0154062770134501,0.0295466306350365,0.0203045014792485,0.481726239681971,0,1
P08_opposed_20pct,ENGINEERING_PRIMARY,false_safe,1,18,-0.0181544205789372,0.0278685746540383,0.0500333563447225,0.0207544619473483,0.0206687395539255,0.358984504063935,0.359248862001815,0.659960084281414,0,0
P08_opposed_20pct,ENGINEERING_PRIMARY,false_safe,2,18,-0.019888905754185,0.0691109539908172,0.102529696930606,0.0235075383487609,0.0269965804510827,0.16568310565302,0.148499452991474,0.505106914359474,0,0
P08_opposed_20pct,ENGINEERING_PRIMARY,false_safe,3,18,-0.018882035879275,0.0396170459680341,0.0465220814504751,0.0243406867969326,0.02699125975628,0.354242938398121,0.369412518516102,0.595900178567247,0,0
P08_opposed_20pct,ENGINEERING_PRIMARY,false_safe,4,18,-0.0365292227373967,0.0388660049611662,0.0589624822517167,0.0246281992945557,0.0214933384788751,0.266696603260596,0.238310252143301,0.505620702662952,0,0
P08_opposed_20pct,ENGINEERING_PRIMARY,false_safe,5,18,0.0197427813812399,-0.0592272043109949,0.0837670352124563,0.024863605156292,0.0156134046650195,0.199602384113731,0.194886388519496,0.48811399928357,0,0
P08_opposed_20pct,ENGINEERING_PRIMARY,false_safe,6,18,0.0161340005215178,-0.061621940835883,0.066815061466494,0.023125319948782,0.019042673242612,0.160946771352158,0.167305263115662,0.520846394671093,0,0.222222222222222
P08_opposed_20pct,ENGINEERING_PRIMARY,false_safe,7,18,0.0050183416204039,0.0048663478290775,0.0561994912475766,0.019542469507912,0.0261056611557027,0.236539615323584,0.244366832312296,0.559180291474549,0,0
P08_opposed_20pct,ENGINEERING_PRIMARY,false_safe,8,18,-0.00117544370059164,0.043375490129972,0.0910544406182515,0.0155897099598546,0.0275620574229939,0.221068410391059,0.252934654409312,0.534781640065972,0,0.111111111111111
P08_opposed_20pct,ENGINEERING_PRIMARY,false_safe,9,18,-0.0233312916801311,0.0601518009764662,0.0713971260084894,0.0120699750422341,0.0229125593326724,0.311161447816647,0.362764814870728,0.554725893211026,0,0
P08_opposed_20pct,ENGINEERING_PRIMARY,false_safe,10,18,-0.0406183364148316,0.0478508187147397,0.0716532440601181,0.0142569186204837,0.0163317693105943,0.202784447316717,0.24718821291712,0.528434652795834,0,0
P08_opposed_20pct,ENGINEERING_PRIMARY,matched_control,-10,18,-0.0199727455131079,0.0453406594141114,0.0768852579402446,0.0222779463282476,0.0262216680194373,0.171404283391532,0.143856012296355,0.507777674550149,0,0.111111111111111
P08_opposed_20pct,ENGINEERING_PRIMARY,matched_control,-9,18,-0.0214746831712643,0.0290389611124008,0.0377851831369388,0.0239409116847409,0.0272819417402594,0.399950550777329,0.399955761229925,0.618408566986719,0,0
P08_opposed_20pct,ENGINEERING_PRIMARY,matched_control,-8,18,-0.0330519217593522,0.034656251450933,0.0496513851896408,0.02400065525247,0.0225704343574718,0.282592271637221,0.245310985377017,0.506952574785208,0,0
P08_opposed_20pct,ENGINEERING_PRIMARY,matched_control,-7,18,0.0248505788566222,-0.0606462545373792,0.0777749042316275,0.0246375820106412,0.0157414124006296,0.161119833844007,0.149088632941018,0.480231863845072,0,0.222222222222222
P08_opposed_20pct,ENGINEERING_PRIMARY,matched_control,-6,18,-0.0034727343943011,-0.0229306481113439,0.0498168537425814,0.0239181774574036,0.0184808162234177,0.199285439768269,0.19401607918881,0.545592307260971,0,0.111111111111111
P08_opposed_20pct,ENGINEERING_PRIMARY,matched_control,-5,18,-0.0106598522728422,0.035347148338145,0.05758423311543,0.0211828032075197,0.0253000186279368,0.158675174234295,0.160024708705351,0.528208001815402,0,0
P08_opposed_20pct,ENGINEERING_PRIMARY,matched_control,-4,18,-0.020978407561621,0.0626606330033673,0.0810294802303422,0.0167382932178677,0.0275187724854172,0.248824392204117,0.289200983635225,0.54915414556517,0,0.111111111111111
P08_opposed_20pct,ENGINEERING_PRIMARY,matched_control,-3,18,-0.0413217327936411,0.0633444344429554,0.0775571496420601,0.012361385935393,0.0239933915066522,0.335441102397599,0.340518363555621,0.520121533493643,0,0
P08_opposed_20pct,ENGINEERING_PRIMARY,matched_control,-2,18,-0.0392569885176255,0.0222062838375999,0.0839157141753916,0.0144344259310149,0.0167447476530279,0.129196515861865,0.175420474547497,0.509331005232278,0,0
P08_opposed_20pct,ENGINEERING_PRIMARY,matched_control,-1,18,0.0251667198735055,-0.0800111477863782,0.0866051631483467,0.0180778300182928,0.0170808812195732,0.301035983686704,0.307891307469113,0.517413719040532,0,0.222222222222222
P08_opposed_20pct,ENGINEERING_PRIMARY,matched_control,0,18,0.00989075913964113,-0.0520037347995105,0.0644621282528503,0.0210884318387124,0.0241459409364541,0.0253096147541628,0.0467206166849151,0.552439985385757,0,0
P08_opposed_20pct,ENGINEERING_PRIMARY,matched_control,1,18,0.0334177081908466,-0.0306389991778218,0.0823571426338613,0.0234765464270846,0.0275091728647579,0.32905057225965,0.332759087793802,0.560687506438951,0,0
P08_opposed_20pct,ENGINEERING_PRIMARY,matched_control,2,18,0.0582683071064846,-0.0527339757661004,0.127796877723367,0.0240723876568569,0.0252132607870205,0.315164718201851,0.336813285302555,0.549741440186184,0,0
P08_opposed_20pct,ENGINEERING_PRIMARY,matched_control,3,18,0.000897997376322232,0.0296862829051329,0.044113220400227,0.0243879383041272,0.0181283292487143,0.388859670874284,0.399953676026933,0.597789215650106,0,0
P08_opposed_20pct,ENGINEERING_PRIMARY,matched_control,4,18,-0.00045223213353118,0.0437073174097564,0.0674142142359307,0.0244655430061059,0.0159887521690166,0.32600349125584,0.337980151698608,0.578097424701232,0,0
P08_opposed_20pct,ENGINEERING_PRIMARY,matched_control,5,18,0.00614532063457214,-0.00327991573596781,0.0534139530724985,0.0225575699987065,0.0227908660139927,0.399986008874977,0.399962236331521,0.568305615828355,0,0
P08_opposed_20pct,ENGINEERING_PRIMARY,matched_control,6,18,0.0105805551999276,-0.0308879710572459,0.0596691155618718,0.0187573037214581,0.0272642855488667,0.399988980043621,0.399963818525644,0.569806280516309,0,0
P08_opposed_20pct,ENGINEERING_PRIMARY,matched_control,7,18,-0.00317922524946657,-0.00504126720979966,0.0238351875148167,0.0137945955038225,0.0261907420149068,0.39998192883633,0.399963431280034,0.588373952735549,0,0
P08_opposed_20pct,ENGINEERING_PRIMARY,matched_control,8,18,-0.000178866943276636,0.00274993879824515,0.0242826326699155,0.0130018967401653,0.0197070574683298,0.399981388665602,0.399965716561498,0.579100444251825,0,0
P08_opposed_20pct,ENGINEERING_PRIMARY,matched_control,9,18,0.0269549681330744,-0.046153942688334,0.0740597700019054,0.0166545768369459,0.0153637230200466,0.166746305516247,0.151951244374877,0.500833378530305,0,0.666666666666667
P08_opposed_20pct,ENGINEERING_PRIMARY,matched_control,10,18,-0.0166586748180822,0.0249045889525551,0.0323239533027973,0.0198174520544725,0.0212878539148485,0.399968719065968,0.399939727901342,0.653814026145767,0,0
