case_id,window_id,cycle_id,split,evidence_role,axis,order,c0_real,c0_imag,c_cos_real,c_cos_imag,c_sin_real,c_sin_imag,amplitude,phase,complex_coefficient_real,complex_coefficient_imag,residual_vector_rms,interpolation_rmse,extrapolated_grid_fraction,angle_points,valid
C05_negative_id,C05_negative_id__steady,1,calibration,ENGINEERING_PRIMARY,d,6,9.22257461391051e-06,0,0.00829677760059444,0,9.43617207568789e-05,0,0.00829731418520896,-0.0113728072502862,0.00829677760059444,-9.43617207568789e-05,0.0084021468384391,0.00120937762537868,0.00390625,256,1
C05_negative_id,C05_negative_id__steady,1,calibration,ENGINEERING_PRIMARY,q,6,-1.36180261041237e-05,0,-0.00750460890889897,0,0.000309574559178285,0,0.00751099136487429,-3.10036477023566,-0.00750460890889897,-0.000309574559178285,0.0084021468384391,0.00120937762537868,0.00390625,256,1
C05_negative_id,C05_negative_id__steady,1,calibration,ENGINEERING_PRIMARY,dq_positive,6,9.22257461391051e-06,-1.36180261041237e-05,0.00829677760059444,-0.00750460890889897,9.43617207568789e-05,0.000309574559178285,0.0114810126786968,-0.723314431395773,0.00860635215977272,-0.00759897062965584,0.0084021468384391,0.00120937762537868,0.00390625,256,1
C05_negative_id,C05_negative_id__steady,1,calibration,ENGINEERING_PRIMARY,dq_negative,6,9.22257461391051e-06,-1.36180261041237e-05,0.00829677760059444,-0.00750460890889897,9.43617207568789e-05,0.000309574559178285,0.0108952822732674,-0.74794481600019,0.00798720304141615,-0.00741024718814209,0.0084021468384391,0.00120937762537868,0.00390625,256,1
C05_negative_id,C05_negative_id__steady,1,calibration,ENGINEERING_PRIMARY,d,12,9.22257461391051e-06,0,0.00261018635571399,0,0.00161546254285456,0,0.00306965666466489,-0.554205811419114,0.00261018635571399,-0.00161546254285456,0.0084021468384391,0.00120937762537868,0.00390625,256,1
C05_negative_id,C05_negative_id__steady,1,calibration,ENGINEERING_PRIMARY,q,12,-1.36180261041237e-05,0,-0.00178713317408809,0,-0.00494574112390149,0,0.0052587261049209,1.9175446495906,-0.00178713317408809,0.00494574112390149,0.0084021468384391,0.00120937762537868,0.00390625,256,1
C05_negative_id,C05_negative_id__steady,1,calibration,ENGINEERING_PRIMARY,dq_positive,12,9.22257461391051e-06,-1.36180261041237e-05,0.00261018635571399,-0.00178713317408809,0.00161546254285456,-0.00494574112390149,0.0041270417599244,-2.17233895031915,-0.00233555476818751,-0.00340259571694266,0.0084021468384391,0.00120937762537868,0.00390625,256,1
C05_negative_id,C05_negative_id__steady,1,calibration,ENGINEERING_PRIMARY,dq_negative,12,9.22257461391051e-06,-1.36180261041237e-05,0.00261018635571399,-0.00178713317408809,0.00161546254285456,-0.00494574112390149,0.00755787740591474,-0.0227160864307295,0.00755592747961548,-0.00017167063123353,0.0084021468384391,0.00120937762537868,0.00390625,256,1
C05_negative_id,C05_negative_id__steady,2,validation,ENGINEERING_PRIMARY,d,6,-2.65501898830875e-05,0,0.00847638958784284,0,-1.81731174462151e-05,0,0.00847640906912168,0.00214396582567233,0.00847638958784284,1.81731174462151e-05,0.00796734385384509,0.0012421067478319,0.00390625,256,1
C05_negative_id,C05_negative_id__steady,2,validation,ENGINEERING_PRIMARY,q,6,3.28835466495068e-05,0,-0.00757172084876824,0,0.000194446817132972,0,0.00757421719891665,-3.11591763304192,-0.00757172084876824,-0.000194446817132972,0.00796734385384509,0.0012421067478319,0.00390625,256,1
C05_negative_id,C05_negative_id__steady,2,validation,ENGINEERING_PRIMARY,dq_positive,6,-2.65501898830875e-05,3.28835466495068e-05,0.00847638958784284,-0.00757172084876824,-1.81731174462151e-05,0.000194446817132972,0.0114995429166212,-0.716641933360062,0.00867083640497581,-0.00755354773132202,0.00796734385384509,0.0012421067478319,0.00390625,256,1
C05_negative_id,C05_negative_id__steady,2,validation,ENGINEERING_PRIMARY,dq_negative,6,-2.65501898830875e-05,3.28835466495068e-05,0.00847638958784284,-0.00757172084876824,-1.81731174462151e-05,0.000194446817132972,0.0112337467692525,-0.741823449898534,0.00828194277070987,-0.00758989396621445,0.00796734385384509,0.0012421067478319,0.00390625,256,1
C05_negative_id,C05_negative_id__steady,2,validation,ENGINEERING_PRIMARY,d,12,-2.65501898830875e-05,0,0.00278198836592844,0,0.00199556648795952,0,0.00342370338610521,-0.622253560615013,0.00278198836592844,-0.00199556648795952,0.00796734385384509,0.0012421067478319,0.00390625,256,1
C05_negative_id,C05_negative_id__steady,2,validation,ENGINEERING_PRIMARY,q,12,3.28835466495068e-05,0,-0.00148829469365904,0,-0.00516064960985922,0,0.00537097062837936,1.85157068210397,-0.00148829469365904,0.00516064960985922,0.00796734385384509,0.0012421067478319,0.00390625,256,1
C05_negative_id,C05_negative_id__steady,2,validation,ENGINEERING_PRIMARY,dq_positive,12,-2.65501898830875e-05,3.28835466495068e-05,0.00278198836592844,-0.00148829469365904,0.00199556648795952,-0.00516064960985922,0.00421844972071103,-2.16986182360832,-0.00237866124393078,-0.00348386118161856,0.00796734385384509,0.0012421067478319,0.00390625,256,1
C05_negative_id,C05_negative_id__steady,2,validation,ENGINEERING_PRIMARY,dq_negative,12,-2.65501898830875e-05,3.28835466495068e-05,0.00278198836592844,-0.00148829469365904,0.00199556648795952,-0.00516064960985922,0.00795882043318714,0.0637802907896385,0.00794263797578766,0.000507271794300485,0.00796734385384509,0.0012421067478319,0.00390625,256,1
C05_negative_id,C05_negative_id__steady,3,validation,ENGINEERING_PRIMARY,d,6,7.0185868659789e-06,0,0.00901708716537061,0,0.000945822221715178,0,0.00906655616113316,-0.104510044188055,0.00901708716537061,-0.000945822221715178,0.00756476423636455,0.0011586418440795,0.01171875,256,1
C05_negative_id,C05_negative_id__steady,3,validation,ENGINEERING_PRIMARY,q,6,-1.42900636854927e-05,0,-0.00779216584731473,0,-0.000342560595609915,0,0.00779969206787824,3.09765876255439,-0.00779216584731473,0.000342560595609915,0.00756476423636455,0.0011586418440795,0.01171875,256,1
C05_negative_id,C05_negative_id__steady,3,validation,ENGINEERING_PRIMARY,dq_positive,6,7.0185868659789e-06,-1.42900636854927e-05,0.00901708716537061,-0.00779216584731473,0.000945822221715178,-0.000342560595609915,0.0123125889521251,-0.789042738555062,0.0086745265697607,-0.00873798806902991,0.00756476423636455,0.0011586418440795,0.01171875,256,1
C05_negative_id,C05_negative_id__steady,3,validation,ENGINEERING_PRIMARY,dq_negative,6,7.0185868659789e-06,-1.42900636854927e-05,0.00901708716537061,-0.00779216584731473,0.000945822221715178,-0.000342560595609915,0.0115963540498475,-0.631538981411082,0.00935964776098053,-0.00684634362559955,0.00756476423636455,0.0011586418440795,0.01171875,256,1
C05_negative_id,C05_negative_id__steady,3,validation,ENGINEERING_PRIMARY,d,12,7.0185868659789e-06,0,0.00238437809443229,0,0.00359839411524041,0,0.00431667685909027,-0.98559852953801,0.00238437809443229,-0.00359839411524041,0.00756476423636455,0.0011586418440795,0.01171875,256,1
C05_negative_id,C05_negative_id__steady,3,validation,ENGINEERING_PRIMARY,q,12,-1.42900636854927e-05,0,-0.00169752961039274,0,-0.00643718871522021,0,0.00665725208577222,1.82863320670912,-0.00169752961039274,0.00643718871522021,0.00756476423636455,0.0011586418440795,0.01171875,256,1
C05_negative_id,C05_negative_id__steady,3,validation,ENGINEERING_PRIMARY,dq_positive,12,7.0185868659789e-06,-1.42900636854927e-05,0.00238437809443229,-0.00169752961039274,0.00359839411524041,-0.00643718871522021,0.00666873916386714,-2.22399871111456,-0.00405281062078792,-0.00529592372563315,0.00756476423636455,0.0011586418440795,0.01171875,256,1
C05_negative_id,C05_negative_id__steady,3,validation,ENGINEERING_PRIMARY,dq_negative,12,7.0185868659789e-06,-1.42900636854927e-05,0.00238437809443229,-0.00169752961039274,0.00359839411524041,-0.00643718871522021,0.0090240416024613,0.212234180035722,0.0088215668096525,0.00190086450484767,0.00756476423636455,0.0011586418440795,0.01171875,256,1
C06_low_bus_43p2V,C06_low_bus_43p2V__steady,1,calibration,ENGINEERING_PRIMARY,d,6,-5.63277646314252e-06,0,0.00781204277992767,0,0.00220097355645768,0,0.00811617502224084,-0.274622497263114,0.00781204277992767,-0.00220097355645768,0.00726444658714731,0.00110664694995744,0.00390625,256,1
C06_low_bus_43p2V,C06_low_bus_43p2V__steady,1,calibration,ENGINEERING_PRIMARY,q,6,-1.12059239861871e-06,0,-0.00721837631040279,0,-0.00208857193700769,0,0.00751445868274224,2.85994325239319,-0.00721837631040279,0.00208857193700769,0.00726444658714731,0.00110664694995744,0.00390625,256,1
C06_low_bus_43p2V,C06_low_bus_43p2V__steady,1,calibration,ENGINEERING_PRIMARY,dq_positive,6,-5.63277646314252e-06,-1.12059239861871e-06,0.00781204277992767,-0.00721837631040279,0.00220097355645768,-0.00208857193700769,0.0110218995823805,-1.02478608842296,0.00572347084291998,-0.00941934986686047,0.00726444658714731,0.00110664694995744,0.00390625,256,1
C06_low_bus_43p2V,C06_low_bus_43p2V__steady,1,calibration,ENGINEERING_PRIMARY,dq_negative,6,-5.63277646314252e-06,-1.12059239861871e-06,0.00781204277992767,-0.00721837631040279,0.00220097355645768,-0.00208857193700769,0.0110993919729187,-0.469054413143488,0.00990061471693536,-0.00501740275394512,0.00726444658714731,0.00110664694995744,0.00390625,256,1
C06_low_bus_43p2V,C06_low_bus_43p2V__steady,1,calibration,ENGINEERING_PRIMARY,d,12,-5.63277646314252e-06,0,0.0019336745895019,0,0.00180078685982686,0,0.0026423343339953,-0.749828996306962,0.0019336745895019,-0.00180078685982686,0.00726444658714731,0.00110664694995744,0.00390625,256,1
C06_low_bus_43p2V,C06_low_bus_43p2V__steady,1,calibration,ENGINEERING_PRIMARY,q,12,-1.12059239861871e-06,0,0.000365993094941452,0,-0.0037400275312276,0,0.00375789261154244,1.4732485208978,0.000365993094941452,0.0037400275312276,0.00726444658714731,0.00110664694995744,0.00390625,256,1
C06_low_bus_43p2V,C06_low_bus_43p2V__steady,1,calibration,ENGINEERING_PRIMARY,dq_positive,12,-5.63277646314252e-06,-1.12059239861871e-06,0.0019336745895019,0.000365993094941452,0.00180078685982686,-0.0037400275312276,0.00230684722030635,-2.4703344101854,-0.0018063529417257,-0.0014347937648854,0.00726444658714731,0.00110664694995744,0.00390625,256,1
C06_low_bus_43p2V,C06_low_bus_43p2V__steady,1,calibration,ENGINEERING_PRIMARY,dq_negative,12,-5.63277646314252e-06,-1.12059239861871e-06,0.0019336745895019,0.000365993094941452,0.00180078685982686,-0.0037400275312276,0.00607337065616419,0.364805161223209,0.0056737021207295,0.00216677995476831,0.00726444658714731,0.00110664694995744,0.00390625,256,1
C06_low_bus_43p2V,C06_low_bus_43p2V__steady,2,validation,ENGINEERING_PRIMARY,d,6,-1.98546261588463e-06,0,0.00736894272055445,0,0.00265405023030274,0,0.00783232401294676,-0.345703441181319,0.00736894272055445,-0.00265405023030274,0.00776556023685678,0.0011087694167134,0.00390625,256,1
C06_low_bus_43p2V,C06_low_bus_43p2V__steady,2,validation,ENGINEERING_PRIMARY,q,6,3.35382199366927e-06,0,-0.00674091905042266,0,-0.00227203035151499,0,0.00711351611810618,2.81650035949937,-0.00674091905042266,0.00227203035151499,0.00776556023685678,0.0011087694167134,0.00390625,256,1
C06_low_bus_43p2V,C06_low_bus_43p2V__steady,2,validation,ENGINEERING_PRIMARY,dq_positive,6,-1.98546261588463e-06,3.35382199366927e-06,0.00736894272055445,-0.00674091905042266,0.00265405023030274,-0.00227203035151499,0.0106884967831516,-1.07371786366626,0.00509691236903947,-0.0093949692807254,0.00776556023685678,0.0011087694167134,0.00390625,256,1
C06_low_bus_43p2V,C06_low_bus_43p2V__steady,2,validation,ENGINEERING_PRIMARY,dq_negative,6,-1.98546261588463e-06,3.35382199366927e-06,0.00736894272055445,-0.00674091905042266,0.00265405023030274,-0.00227203035151499,0.0104714305865644,-0.400943873641456,0.00964097307206944,-0.00408686882011992,0.00776556023685678,0.0011087694167134,0.00390625,256,1
C06_low_bus_43p2V,C06_low_bus_43p2V__steady,2,validation,ENGINEERING_PRIMARY,d,12,-1.98546261588463e-06,0,0.00185445916954255,0,0.00123877352792181,0,0.00223015216184463,-0.588923174624932,0.00185445916954255,-0.00123877352792181,0.00776556023685678,0.0011087694167134,0.00390625,256,1
C06_low_bus_43p2V,C06_low_bus_43p2V__steady,2,validation,ENGINEERING_PRIMARY,q,12,3.35382199366927e-06,0,0.000271977245734188,0,-0.00344389535627109,0,0.00345461819122501,1.49198617226473,0.000271977245734188,0.00344389535627109,0.00776556023685678,0.0011087694167134,0.00390625,256,1
C06_low_bus_43p2V,C06_low_bus_43p2V__steady,2,validation,ENGINEERING_PRIMARY,dq_positive,12,-1.98546261588463e-06,3.35382199366927e-06,0.00185445916954255,0.000271977245734188,0.00123877352792181,-0.00344389535627109,0.00186037696258957,-2.59511907395058,-0.00158943618672854,-0.000966796282187622,0.00776556023685678,0.0011087694167134,0.00390625,256,1
C06_low_bus_43p2V,C06_low_bus_43p2V__steady,2,validation,ENGINEERING_PRIMARY,dq_negative,12,-1.98546261588463e-06,3.35382199366927e-06,0.00185445916954255,0.000271977245734188,0.00123877352792181,-0.00344389535627109,0.00550953070427165,0.277764788824102,0.00529835452581364,0.001510750773656,0.00776556023685678,0.0011087694167134,0.00390625,256,1
C06_low_bus_43p2V,C06_low_bus_43p2V__steady,3,validation,ENGINEERING_PRIMARY,d,6,3.94633711451843e-06,0,0.00710433361232939,0,0.00201701767830726,0,0.00738511451433742,-0.276634180684715,0.00710433361232939,-0.00201701767830726,0.007369160237107,0.00111089196120268,0.01171875,256,1
C06_low_bus_43p2V,C06_low_bus_43p2V__steady,3,validation,ENGINEERING_PRIMARY,q,6,-1.06537500512373e-06,0,-0.00675228140189138,0,-0.00218162250037302,0,0.00709596933931243,2.82908551124362,-0.00675228140189138,0.00218162250037302,0.007369160237107,0.00111089196120268,0.01171875,256,1
C06_low_bus_43p2V,C06_low_bus_43p2V__steady,3,validation,ENGINEERING_PRIMARY,dq_positive,6,3.94633711451843e-06,-1.06537500512373e-06,0.00710433361232939,-0.00675228140189138,0.00201701767830726,-0.00218162250037302,0.0100565247998377,-1.05927524373434,0.00492271111195638,-0.00876929908019864,0.007369160237107,0.00111089196120268,0.01171875,256,1
C06_low_bus_43p2V,C06_low_bus_43p2V__steady,3,validation,ENGINEERING_PRIMARY,dq_negative,6,3.94633711451843e-06,-1.06537500512373e-06,0.00710433361232939,-0.00675228140189138,0.00201701767830726,-0.00218162250037302,0.010423612783432,-0.471566521045264,0.00928595611270241,-0.00473526372358412,0.007369160237107,0.00111089196120268,0.01171875,256,1
C06_low_bus_43p2V,C06_low_bus_43p2V__steady,3,validation,ENGINEERING_PRIMARY,d,12,3.94633711451843e-06,0,0.00264986992126822,0,0.00112871953014917,0,0.00288024623554692,-0.402677406339115,0.00264986992126822,-0.00112871953014917,0.007369160237107,0.00111089196120268,0.01171875,256,1
C06_low_bus_43p2V,C06_low_bus_43p2V__steady,3,validation,ENGINEERING_PRIMARY,q,12,-1.06537500512373e-06,0,1.54286829693187e-05,0,-0.00294632143028796,0,0.00294636182686925,1.56555978274878,1.54286829693187e-05,0.00294632143028796,0.007369160237107,0.00111089196120268,0.01171875,256,1
C06_low_bus_43p2V,C06_low_bus_43p2V__steady,3,validation,ENGINEERING_PRIMARY,dq_positive,12,3.94633711451843e-06,-1.06537500512373e-06,0.00264986992126822,1.54286829693187e-05,0.00112871953014917,-0.00294632143028796,0.00115208506960837,-1.83104139716368,-0.000296451509019747,-0.00111329084717985,0.007369160237107,0.00111089196120268,0.01171875,256,1
C06_low_bus_43p2V,C06_low_bus_43p2V__steady,3,validation,ENGINEERING_PRIMARY,dq_negative,12,3.94633711451843e-06,-1.06537500512373e-06,0.00264986992126822,1.54286829693187e-05,0.00112871953014917,-0.00294632143028796,0.005711955249896,0.201671903400969,0.00559619135155618,0.00114414821311849,0.007369160237107,0.00111089196120268,0.01171875,256,1
C09_S2_boundary,C09_S2_boundary__steady,1,calibration,ENGINEERING_PRIMARY,d,6,-4.32071794799843e-06,0,0.0147098798985142,0,0.00585411871542842,0,0.0158319699520635,-0.378756785250965,0.0147098798985142,-0.00585411871542842,0.00774704435669869,0.00116351991836066,0,256,1
C09_S2_boundary,C09_S2_boundary__steady,1,calibration,ENGINEERING_PRIMARY,q,6,3.92833960999787e-06,0,-0.0102644446463892,0,-0.0010782276048108,0,0.0103209204369845,3.03693158160912,-0.0102644446463892,0.0010782276048108,0.00774704435669869,0.00116351991836066,0,256,1
C09_S2_boundary,C09_S2_boundary__steady,1,calibration,ENGINEERING_PRIMARY,dq_positive,6,-4.32071794799843e-06,3.92833960999787e-06,0.0147098798985142,-0.0102644446463892,0.00585411871542842,-0.0010782276048108,0.0211099509498568,-0.86879730868828,0.0136316522937034,-0.0161185633618176,0.00774704435669869,0.00116351991836066,0,256,1
C09_S2_boundary,C09_S2_boundary__steady,1,calibration,ENGINEERING_PRIMARY,dq_negative,6,-4.32071794799843e-06,3.92833960999787e-06,0.0147098798985142,-0.0102644446463892,0.00585411871542842,-0.0010782276048108,0.0163925383438274,-0.272401044657051,0.015788107503325,-0.00441032593096078,0.00774704435669869,0.00116351991836066,0,256,1
C09_S2_boundary,C09_S2_boundary__steady,1,calibration,ENGINEERING_PRIMARY,d,12,-4.32071794799843e-06,0,0.0113467123495897,0,-0.00861265629451406,0,0.0142452002299639,0.649264318787318,0.0113467123495897,0.00861265629451406,0.00774704435669869,0.00116351991836066,0,256,1
C09_S2_boundary,C09_S2_boundary__steady,1,calibration,ENGINEERING_PRIMARY,q,12,3.92833960999787e-06,0,-0.00853304574680813,0,0.00550154582073765,0,0.0101528260171637,-2.56892818706087,-0.00853304574680813,-0.00550154582073765,0.00774704435669869,0.00116351991836066,0,256,1
C09_S2_boundary,C09_S2_boundary__steady,1,calibration,ENGINEERING_PRIMARY,dq_positive,12,-4.32071794799843e-06,3.92833960999787e-06,0.0113467123495897,-0.00853304574680813,-0.00861265629451406,0.00550154582073765,0.0168484462551687,0.00472511487061058,0.0168482581703274,7.96105477059335e-05,0.00774704435669869,0.00116351991836066,0,256,1
C09_S2_boundary,C09_S2_boundary__steady,1,calibration,ENGINEERING_PRIMARY,dq_negative,12,-4.32071794799843e-06,3.92833960999787e-06,0.0113467123495897,-0.00853304574680813,-0.00861265629451406,0.00550154582073765,0.0181146645080667,-1.24224102267922,0.00584516652885206,-0.0171457020413222,0.00774704435669869,0.00116351991836066,0,256,1
C09_S2_boundary,C09_S2_boundary__steady,2,calibration,ENGINEERING_PRIMARY,d,6,-4.32071791854956e-06,0,0.0147098798985365,0,0.00585411871544599,0,0.0158319699520907,-0.378756785251476,0.0147098798985365,-0.00585411871544599,0.0077470443566758,0.00116932304621722,0.01171875,256,1
C09_S2_boundary,C09_S2_boundary__steady,2,calibration,ENGINEERING_PRIMARY,q,6,3.92833962170292e-06,0,-0.0102644446463788,0,-0.00107822760478544,0,0.0103209204369715,3.03693158161146,-0.0102644446463788,0.00107822760478544,0.0077470443566758,0.00116932304621722,0.01171875,256,1
C09_S2_boundary,C09_S2_boundary__steady,2,calibration,ENGINEERING_PRIMARY,dq_positive,6,-4.32071791854956e-06,3.92833962170292e-06,0.0147098798985365,-0.0102644446463788,0.00585411871544599,-0.00107822760478544,0.021109950949893,-0.868797308686778,0.013631652293751,-0.0161185633618248,0.0077470443566758,0.00116932304621722,0.01171875,256,1
C09_S2_boundary,C09_S2_boundary__steady,2,calibration,ENGINEERING_PRIMARY,dq_negative,6,-4.32071791854956e-06,3.92833962170292e-06,0.0147098798985365,-0.0102644446463788,0.00585411871544599,-0.00107822760478544,0.0163925383438169,-0.272401044655461,0.0157881075033219,-0.00441032593093285,0.0077470443566758,0.00116932304621722,0.01171875,256,1
C09_S2_boundary,C09_S2_boundary__steady,2,calibration,ENGINEERING_PRIMARY,d,12,-4.32071791854956e-06,0,0.0113467123496373,0,-0.0086126562944571,0,0.0142452002299674,0.649264318782115,0.0113467123496373,0.0086126562944571,0.0077470443566758,0.00116932304621722,0.01171875,256,1
C09_S2_boundary,C09_S2_boundary__steady,2,calibration,ENGINEERING_PRIMARY,q,12,3.92833962170292e-06,0,-0.00853304574675905,0,0.00550154582077238,0,0.0101528260171413,-2.56892818705537,-0.00853304574675905,-0.00550154582077238,0.0077470443566758,0.00116932304621722,0.01171875,256,1
C09_S2_boundary,C09_S2_boundary__steady,2,calibration,ENGINEERING_PRIMARY,dq_positive,12,-4.32071791854956e-06,3.92833962170292e-06,0.0113467123496373,-0.00853304574675905,-0.0086126562944571,0.00550154582077238,0.016848446255251,0.00472511487011915,0.0168482581704096,7.96105476980422e-05,0.0077470443566758,0.00116932304621722,0.01171875,256,1
C09_S2_boundary,C09_S2_boundary__steady,2,calibration,ENGINEERING_PRIMARY,dq_negative,12,-4.32071791854956e-06,3.92833962170292e-06,0.0113467123496373,-0.00853304574675905,-0.0086126562944571,0.00550154582077238,0.0181146645079705,-1.24224102267666,0.00584516652886488,-0.0171457020412161,0.0077470443566758,0.00116932304621722,0.01171875,256,1
C09_S2_boundary,C09_S2_boundary__steady,3,validation,ENGINEERING_PRIMARY,d,6,-4.32071797068536e-06,0,0.0147098798984072,0,0.00585411871548216,0,0.015831969951984,-0.378756785256618,0.0147098798984072,-0.00585411871548216,0.00774704435666724,0.00116932304620719,0.01171875,256,1
C09_S2_boundary,C09_S2_boundary__steady,3,validation,ENGINEERING_PRIMARY,q,6,3.92833961796743e-06,0,-0.0102644446464439,0,-0.00107822760487082,0,0.0103209204370451,3.03693158160389,-0.0102644446464439,0.00107822760487082,0.00774704435666724,0.00116932304620719,0.01171875,256,1
C09_S2_boundary,C09_S2_boundary__steady,3,validation,ENGINEERING_PRIMARY,dq_positive,6,-4.32071797068536e-06,3.92833961796743e-06,0.0147098798984072,-0.0102644446464439,0.00585411871548216,-0.00107822760487082,0.0211099509498317,-0.868797308697637,0.0136316522935364,-0.016118563361926,0.00774704435666724,0.00116932304620719,0.01171875,256,1
C09_S2_boundary,C09_S2_boundary__steady,3,validation,ENGINEERING_PRIMARY,dq_negative,6,-4.32071797068536e-06,3.92833961796743e-06,0.0147098798984072,-0.0102644446464439,0.00585411871548216,-0.00107822760487082,0.0163925383437824,-0.272401044657875,0.015788107503278,-0.00441032593096169,0.00774704435666724,0.00116932304620719,0.01171875,256,1
C09_S2_boundary,C09_S2_boundary__steady,3,validation,ENGINEERING_PRIMARY,d,12,-4.32071797068536e-06,0,0.0113467123494938,0,-0.00861265629439208,0,0.0142452002298138,0.649264318784568,0.0113467123494938,0.00861265629439208,0.00774704435666724,0.00116932304620719,0.01171875,256,1
C09_S2_boundary,C09_S2_boundary__steady,3,validation,ENGINEERING_PRIMARY,q,12,3.92833961796743e-06,0,-0.00853304574679697,0,0.00550154582075259,0,0.0101528260171624,-2.56892818705903,-0.00853304574679697,-0.00550154582075259,0.00774704435666724,0.00116932304620719,0.01171875,256,1
C09_S2_boundary,C09_S2_boundary__steady,3,validation,ENGINEERING_PRIMARY,dq_positive,12,-4.32071797068536e-06,3.92833961796743e-06,0.0113467123494938,-0.00853304574679697,-0.00861265629439208,0.00550154582075259,0.0168484462550872,0.00472511486405543,0.0168482581702464,7.96105475951055e-05,0.00774704435666724,0.00116932304620719,0.01171875,256,1
C09_S2_boundary,C09_S2_boundary__steady,3,validation,ENGINEERING_PRIMARY,dq_negative,12,-4.32071797068536e-06,3.92833961796743e-06,0.0113467123494938,-0.00853304574679697,-0.00861265629439208,0.00550154582075259,0.0181146645079049,-1.24224102268264,0.00584516652874122,-0.0171457020411891,0.00774704435666724,0.00116932304620719,0.01171875,256,1
C09_S2_boundary,C09_S2_boundary__steady,4,validation,ENGINEERING_PRIMARY,d,6,-4.32071793780354e-06,0,0.0147098798984463,0,0.00585411871575291,0,0.0158319699521204,-0.378756785271593,0.0147098798984463,-0.00585411871575291,0.00774704435661293,0.00116932304618533,0.01171875,256,1
C09_S2_boundary,C09_S2_boundary__steady,4,validation,ENGINEERING_PRIMARY,q,6,3.92833961205573e-06,0,-0.010264444646438,0,-0.00107822760502645,0,0.0103209204370555,3.03693158158883,-0.010264444646438,0.00107822760502645,0.00774704435661293,0.00116932304618533,0.01171875,256,1
C09_S2_boundary,C09_S2_boundary__steady,4,validation,ENGINEERING_PRIMARY,dq_positive,6,-4.32071793780354e-06,3.92833961205573e-06,0.0147098798984463,-0.010264444646438,0.00585411871575291,-0.00107822760502645,0.0211099509499587,-0.868797308709953,0.0136316522934199,-0.0161185633621909,0.00774704435661293,0.00116932304618533,0.01171875,256,1
C09_S2_boundary,C09_S2_boundary__steady,4,validation,ENGINEERING_PRIMARY,dq_negative,6,-4.32071793780354e-06,3.92833961205573e-06,0.0147098798984463,-0.010264444646438,0.00585411871575291,-0.00107822760502645,0.0163925383438956,-0.272401044638426,0.0157881075034728,-0.00441032593068507,0.00774704435661293,0.00116932304618533,0.01171875,256,1
C09_S2_boundary,C09_S2_boundary__steady,4,validation,ENGINEERING_PRIMARY,d,12,-4.32071793780354e-06,0,0.0113467123495094,0,-0.00861265629432512,0,0.0142452002297857,0.649264318780162,0.0113467123495094,0.00861265629432512,0.00774704435661293,0.00116932304618533,0.01171875,256,1
C09_S2_boundary,C09_S2_boundary__steady,4,validation,ENGINEERING_PRIMARY,q,12,3.92833961205573e-06,0,-0.00853304574668025,0,0.00550154582060478,0,0.0101528260169842,-2.56892818706504,-0.00853304574668025,-0.00550154582060478,0.00774704435661293,0.00116932304618533,0.01171875,256,1
C09_S2_boundary,C09_S2_boundary__steady,4,validation,ENGINEERING_PRIMARY,dq_positive,12,-4.32071793780354e-06,3.92833961205573e-06,0.0113467123495094,-0.00853304574668025,-0.00861265629432512,0.00550154582060478,0.0168484462549552,0.0047251148670462,0.0168482581701142,7.96105476448712e-05,0.00774704435661293,0.00116932304618533,0.01171875,256,1
C09_S2_boundary,C09_S2_boundary__steady,4,validation,ENGINEERING_PRIMARY,dq_negative,12,-4.32071793780354e-06,3.92833961205573e-06,0.0113467123495094,-0.00853304574668025,-0.00861265629432512,0.00550154582060478,0.0181146645077838,-1.24224102267083,0.00584516652890462,-0.0171457020410054,0.00774704435661293,0.00116932304618533,0.01171875,256,1
C09_S2_boundary,C09_S2_boundary__steady,5,validation,ENGINEERING_PRIMARY,d,6,-4.32071797480579e-06,0,0.0147098798985082,0,0.00585411871584789,0,0.015831969952213,-0.378756785275723,0.0147098798985082,-0.00585411871584789,0.00774704435653465,0.0011752138796477,0.01953125,256,1
C09_S2_boundary,C09_S2_boundary__steady,5,validation,ENGINEERING_PRIMARY,q,6,3.92833961273909e-06,0,-0.0102644446464259,0,-0.00107822760521814,0,0.0103209204370635,3.03693158157024,-0.0102644446464259,0.00107822760521814,0.00774704435653465,0.0011752138796477,0.01953125,256,1
C09_S2_boundary,C09_S2_boundary__steady,5,validation,ENGINEERING_PRIMARY,dq_positive,6,-4.32071797480579e-06,3.92833961273909e-06,0.0147098798985082,-0.0102644446464259,0.00585411871584789,-0.00107822760521814,0.0211099509499381,-0.868797308717186,0.01363165229329,-0.0161185633622738,0.00774704435653465,0.0011752138796477,0.01953125,256,1
C09_S2_boundary,C09_S2_boundary__steady,5,validation,ENGINEERING_PRIMARY,dq_negative,6,-4.32071797480579e-06,3.92833961273909e-06,0.0147098798985082,-0.0102644446464259,0.00585411871584789,-0.00107822760521814,0.0163925383441109,-0.272401044627974,0.0157881075037263,-0.004410325930578,0.00774704435653465,0.0011752138796477,0.01953125,256,1
C09_S2_boundary,C09_S2_boundary__steady,5,validation,ENGINEERING_PRIMARY,d,12,-4.32071797480579e-06,0,0.0113467123494633,0,-0.00861265629410039,0,0.0142452002296131,0.649264318769553,0.0113467123494633,0.00861265629410039,0.00774704435653465,0.0011752138796477,0.01953125,256,1
C09_S2_boundary,C09_S2_boundary__steady,5,validation,ENGINEERING_PRIMARY,q,12,3.92833961273909e-06,0,-0.00853304574660351,0,0.00550154582054909,0,0.0101528260168896,-2.56892818706555,-0.00853304574660351,-0.00550154582054909,0.00774704435653465,0.0011752138796477,0.01953125,256,1
C09_S2_boundary,C09_S2_boundary__steady,5,validation,ENGINEERING_PRIMARY,dq_positive,12,-4.32071797480579e-06,3.92833961273909e-06,0.0113467123494633,-0.00853304574660351,-0.00861265629410039,0.00550154582054909,0.0168484462548528,0.00472511485829129,0.0168482581700124,7.9610547496882e-05,0.00774704435653465,0.0011752138796477,0.01953125,256,1
C09_S2_boundary,C09_S2_boundary__steady,5,validation,ENGINEERING_PRIMARY,dq_negative,12,-4.32071797480579e-06,3.92833961273909e-06,0.0113467123494633,-0.00853304574660351,-0.00861265629410039,0.00550154582054909,0.0181146645075016,-1.24224102266496,0.00584516652891421,-0.0171457020407039,0.00774704435653465,0.0011752138796477,0.01953125,256,1
D02_id_step,D02_id_step__steady,1,calibration,SECONDARY_DYNAMIC,d,6,1.00456967560343e-05,0,-0.00117479147031184,0,0.0111373512516307,0,0.0111991396053856,-1.67588982746617,-0.00117479147031184,-0.0111373512516307,0.0078941180052428,0.00113878472106849,0.00390625,256,1
D02_id_step,D02_id_step__steady,1,calibration,SECONDARY_DYNAMIC,q,6,-2.51045019262343e-05,0,0.000989537709131247,0,-0.000591347138625404,0,0.00115276897778921,0.538652481664832,0.000989537709131247,0.000591347138625404,0.0078941180052428,0.00113878472106849,0.00390625,256,1
D02_id_step,D02_id_step__steady,1,calibration,SECONDARY_DYNAMIC,dq_positive,6,1.00456967560343e-05,-2.51045019262343e-05,-0.00117479147031184,0.000989537709131247,0.0111373512516307,-0.000591347138625404,0.0103003575316255,-1.74311162482598,-0.00176613860893724,-0.0101478135424994,0.0078941180052428,0.00113878472106849,0.00390625,256,1
D02_id_step,D02_id_step__steady,1,calibration,SECONDARY_DYNAMIC,dq_negative,6,1.00456967560343e-05,-2.51045019262343e-05,-0.00117479147031184,0.000989537709131247,0.0111373512516307,-0.000591347138625404,0.0121409160756026,1.61887088128506,-0.000583444331686433,0.0121268889607619,0.0078941180052428,0.00113878472106849,0.00390625,256,1
D02_id_step,D02_id_step__steady,1,calibration,SECONDARY_DYNAMIC,d,12,1.00456967560343e-05,0,-0.00384420747801972,0,0.000858921286007864,0,0.00393899440334968,-2.92177058143482,-0.00384420747801972,-0.000858921286007864,0.0078941180052428,0.00113878472106849,0.00390625,256,1
D02_id_step,D02_id_step__steady,1,calibration,SECONDARY_DYNAMIC,q,12,-2.51045019262343e-05,0,-0.00473995156229627,0,0.000502330389119858,0,0.00476649521480387,-3.03600880058572,-0.00473995156229627,-0.000502330389119858,0.0078941180052428,0.00113878472106849,0.00390625,256,1
D02_id_step,D02_id_step__steady,1,calibration,SECONDARY_DYNAMIC,dq_positive,12,1.00456967560343e-05,-2.51045019262343e-05,-0.00384420747801972,-0.00473995156229627,0.000858921286007864,0.000502330389119858,0.00652039259928351,-2.10892143049403,-0.00334187708889986,-0.00559887284830414,0.0078941180052428,0.00113878472106849,0.00390625,256,1
D02_id_step,D02_id_step__steady,1,calibration,SECONDARY_DYNAMIC,dq_negative,12,1.00456967560343e-05,-2.51045019262343e-05,-0.00384420747801972,-0.00473995156229627,0.000858921286007864,0.000502330389119858,0.00582707365973226,-2.41271323419704,-0.00434653786713958,-0.00388103027628841,0.0078941180052428,0.00113878472106849,0.00390625,256,1
D02_id_step,D02_id_step__steady,2,validation,SECONDARY_DYNAMIC,d,6,-8.72177052792369e-05,0,-0.000955138788972478,0,0.0116258286855901,0,0.0116649981882935,-1.65276884728793,-0.000955138788972478,-0.0116258286855901,0.00821092792288842,0.0011838771194497,0.00390625,256,1
D02_id_step,D02_id_step__steady,2,validation,SECONDARY_DYNAMIC,q,6,-1.31809486910217e-05,0,0.00164602234428695,0,-0.000107615363601836,0,0.00164953648773681,0.065286127471826,0.00164602234428695,0.000107615363601836,0.00821092792288842,0.0011838771194497,0.00390625,256,1
D02_id_step,D02_id_step__steady,2,validation,SECONDARY_DYNAMIC,dq_positive,6,-8.72177052792369e-05,-1.31809486910217e-05,-0.000955138788972478,0.00164602234428695,0.0116258286855901,-0.000107615363601836,0.0100362334069475,-1.67688696054153,-0.00106275415257431,-0.00997980634130316,0.00821092792288842,0.0011838771194497,0.00390625,256,1
D02_id_step,D02_id_step__steady,2,validation,SECONDARY_DYNAMIC,dq_negative,6,-8.72177052792369e-05,-1.31809486910217e-05,-0.000955138788972478,0.00164602234428695,0.0116258286855901,-0.000107615363601836,0.0132988843786162,1.63456845513294,-0.000847523425370642,0.0132718510298771,0.00821092792288842,0.0011838771194497,0.00390625,256,1
D02_id_step,D02_id_step__steady,2,validation,SECONDARY_DYNAMIC,d,12,-8.72177052792369e-05,0,-0.00328514597649017,0,0.000168797235651826,0,0.003289479684329,-3.09025584109813,-0.00328514597649017,-0.000168797235651826,0.00821092792288842,0.0011838771194497,0.00390625,256,1
D02_id_step,D02_id_step__steady,2,validation,SECONDARY_DYNAMIC,q,12,-1.31809486910217e-05,0,-0.00408876152691814,0,-0.0013618563377499,0,0.00430959667587067,2.82007635811586,-0.00408876152691814,0.0013618563377499,0.00821092792288842,0.0011838771194497,0.00390625,256,1
D02_id_step,D02_id_step__steady,2,validation,SECONDARY_DYNAMIC,dq_positive,12,-8.72177052792369e-05,-1.31809486910217e-05,-0.00328514597649017,-0.00408876152691814,0.000168797235651826,-0.0013618563377499,0.00630249451608558,-2.3999019258389,-0.00464700231424007,-0.00425755876256997,0.00821092792288842,0.0011838771194497,0.00390625,256,1
D02_id_step,D02_id_step__steady,2,validation,SECONDARY_DYNAMIC,dq_negative,12,-8.72177052792369e-05,-1.31809486910217e-05,-0.00328514597649017,-0.00408876152691814,0.000168797235651826,-0.0013618563377499,0.00436636726344552,-2.02692759946606,-0.00192328963874027,-0.00391996429126632,0.00821092792288842,0.0011838771194497,0.00390625,256,1
D02_id_step,D02_id_step__steady,3,validation,SECONDARY_DYNAMIC,d,6,8.29119120261086e-05,0,-0.00117721828832897,0,0.0108066620406606,0,0.0108705927786589,-1.67930296699392,-0.00117721828832897,-0.0108066620406606,0.00932723005616128,0.00115000386601154,0.01171875,256,1
D02_id_step,D02_id_step__steady,3,validation,SECONDARY_DYNAMIC,q,6,4.50620817439303e-05,0,0.00147953944372588,0,-0.000633924256555004,0,0.00160962633197568,0.404798093687299,0.00147953944372588,0.000633924256555004,0.00932723005616128,0.00115000386601154,0.01171875,256,1
D02_id_step,D02_id_step__steady,3,validation,SECONDARY_DYNAMIC,dq_positive,6,8.29119120261086e-05,4.50620817439303e-05,-0.00117721828832897,0.00147953944372588,0.0108066620406606,-0.000633924256555004,0.00950133955061806,-1.76258971514323,-0.00181114254488397,-0.00932712259693471,0.00932723005616128,0.00115000386601154,0.01171875,256,1
D02_id_step,D02_id_step__steady,3,validation,SECONDARY_DYNAMIC,dq_negative,6,8.29119120261086e-05,4.50620817439303e-05,-0.00117721828832897,0.00147953944372588,0.0108066620406606,-0.000633924256555004,0.0122982078092664,1.61498739179752,-0.000543294031773967,0.0122862014843865,0.00932723005616128,0.00115000386601154,0.01171875,256,1
D02_id_step,D02_id_step__steady,3,validation,SECONDARY_DYNAMIC,d,12,8.29119120261086e-05,0,-0.00285151804256307,0,0.000815780843497304,0,0.00296591529408375,-2.86294889703112,-0.00285151804256307,-0.000815780843497304,0.00932723005616128,0.00115000386601154,0.01171875,256,1
D02_id_step,D02_id_step__steady,3,validation,SECONDARY_DYNAMIC,q,12,4.50620817439303e-05,0,-0.00418440023776544,0,-0.00118626864586089,0,0.00434930323729722,2.86534331099713,-0.00418440023776544,0.00118626864586089,0.00932723005616128,0.00115000386601154,0.01171875,256,1
D02_id_step,D02_id_step__steady,3,validation,SECONDARY_DYNAMIC,dq_positive,12,8.29119120261086e-05,4.50620817439303e-05,-0.00285151804256307,-0.00418440023776544,0.000815780843497304,-0.00118626864586089,0.00642693801017495,-2.25011074214927,-0.00403778668842396,-0.00500018108126275,0.00932723005616128,0.00115000386601154,0.01171875,256,1
D02_id_step,D02_id_step__steady,3,validation,SECONDARY_DYNAMIC,dq_negative,12,8.29119120261086e-05,4.50620817439303e-05,-0.00285151804256307,-0.00418440023776544,0.000815780843497304,-0.00118626864586089,0.0037577456242615,-2.02990714401639,-0.00166524939670219,-0.00336861939426814,0.00932723005616128,0.00115000386601154,0.01171875,256,1
D03_id_iq_step,D03_id_iq_step__steady,1,calibration,SECONDARY_DYNAMIC,d,6,-1.27953129113615e-05,0,0.00833706843823815,0,-0.00113501816271366,0,0.0084139750637589,0.135309291910667,0.00833706843823815,0.00113501816271366,0.0085858251478951,0.00125216799838324,0.00390625,256,1
D03_id_iq_step,D03_id_iq_step__steady,1,calibration,SECONDARY_DYNAMIC,q,6,2.54382012060189e-05,0,-0.00688290300046617,0,0.00168111711749501,0,0.00708523171650447,-2.90203741312446,-0.00688290300046617,-0.00168111711749501,0.0085858251478951,0.00125216799838324,0.00390625,256,1
D03_id_iq_step,D03_id_iq_step__steady,1,calibration,SECONDARY_DYNAMIC,dq_positive,6,-1.27953129113615e-05,2.54382012060189e-05,0.00833706843823815,-0.00688290300046617,-0.00113501816271366,0.00168111711749501,0.0115499879626416,-0.52089067506361,0.0100181855557332,-0.00574788483775251,0.0085858251478951,0.00125216799838324,0.00390625,256,1
D03_id_iq_step,D03_id_iq_step__steady,1,calibration,SECONDARY_DYNAMIC,dq_negative,6,-1.27953129113615e-05,2.54382012060189e-05,0.00833706843823815,-0.00688290300046617,-0.00113501816271366,0.00168111711749501,0.0104205924861818,-0.877948981235496,0.00665595132074314,-0.00801792116317982,0.0085858251478951,0.00125216799838324,0.00390625,256,1
D03_id_iq_step,D03_id_iq_step__steady,1,calibration,SECONDARY_DYNAMIC,d,12,-1.27953129113615e-05,0,0.00249369254406432,0,0.000197384287799412,0,0.00250149216696596,-0.0789887307660193,0.00249369254406432,-0.000197384287799412,0.0085858251478951,0.00125216799838324,0.00390625,256,1
D03_id_iq_step,D03_id_iq_step__steady,1,calibration,SECONDARY_DYNAMIC,q,12,2.54382012060189e-05,0,-0.00251317744280667,0,-0.00305525364563483,0,0.00395608843407187,2.25915216189325,-0.00251317744280667,0.00305525364563483,0.0085858251478951,0.00125216799838324,0.00390625,256,1
D03_id_iq_step,D03_id_iq_step__steady,1,calibration,SECONDARY_DYNAMIC,dq_positive,12,-1.27953129113615e-05,2.54382012060189e-05,0.00249369254406432,-0.00251317744280667,0.000197384287799412,-0.00305525364563483,0.00276812134239511,-1.77508147791425,-0.000561561101570512,-0.00271056173060608,0.0085858251478951,0.00125216799838324,0.00390625,256,1
D03_id_iq_step,D03_id_iq_step__steady,1,calibration,SECONDARY_DYNAMIC,dq_negative,12,-1.27953129113615e-05,2.54382012060189e-05,0.00249369254406432,-0.00251317744280667,0.000197384287799412,-0.00305525364563483,0.00601279483709159,-0.395364089063814,0.00554894618969916,-0.00231579315500726,0.0085858251478951,0.00125216799838324,0.00390625,256,1
D03_id_iq_step,D03_id_iq_step__steady,2,validation,SECONDARY_DYNAMIC,d,6,-1.45053867110098e-06,0,0.00851117238623948,0,-0.000674452406200916,0,0.00853785344430997,0.0790779382181844,0.00851117238623948,0.000674452406200916,0.00828883971431522,0.0012980201235286,0.00390625,256,1
D03_id_iq_step,D03_id_iq_step__steady,2,validation,SECONDARY_DYNAMIC,q,6,-7.86084405200315e-06,0,-0.00681661500023431,0,0.00116390649095882,0,0.00691526705060011,-2.97247800358189,-0.00681661500023431,-0.00116390649095882,0.00828883971431522,0.0012980201235286,0.00390625,256,1
D03_id_iq_step,D03_id_iq_step__steady,2,validation,SECONDARY_DYNAMIC,dq_positive,6,-1.45053867110098e-06,-7.86084405200315e-06,0.00851117238623948,-0.00681661500023431,-0.000674452406200916,0.00116390649095882,0.0114600747210283,-0.565646615101247,0.00967507887719829,-0.0061421625940334,0.00828883971431522,0.0012980201235286,0.00390625,256,1
D03_id_iq_step,D03_id_iq_step__steady,2,validation,SECONDARY_DYNAMIC,dq_negative,6,-1.45053867110098e-06,-7.86084405200315e-06,0.00851117238623948,-0.00681661500023431,-0.000674452406200916,0.00116390649095882,0.0104927788037159,-0.795089077232121,0.00734726589528066,-0.00749106740643523,0.00828883971431522,0.0012980201235286,0.00390625,256,1
D03_id_iq_step,D03_id_iq_step__steady,2,validation,SECONDARY_DYNAMIC,d,12,-1.45053867110098e-06,0,0.00252608948221106,0,0.00097304964673904,0,0.00270701933631002,-0.36768300487084,0.00252608948221106,-0.00097304964673904,0.00828883971431522,0.0012980201235286,0.00390625,256,1
D03_id_iq_step,D03_id_iq_step__steady,2,validation,SECONDARY_DYNAMIC,q,12,-7.86084405200315e-06,0,-0.00206486948457675,0,-0.00343625750975666,0,0.0040089339807105,2.11188210703641,-0.00206486948457675,0.00343625750975666,0.00828883971431522,0.0012980201235286,0.00390625,256,1
D03_id_iq_step,D03_id_iq_step__steady,2,validation,SECONDARY_DYNAMIC,dq_positive,12,-1.45053867110098e-06,-7.86084405200315e-06,0.00252608948221106,-0.00206486948457675,0.00097304964673904,-0.00343625750975666,0.00317133386554944,-1.86188836050371,-0.0009101680275456,-0.00303791913131579,0.00828883971431522,0.0012980201235286,0.00390625,256,1
D03_id_iq_step,D03_id_iq_step__steady,2,validation,SECONDARY_DYNAMIC,dq_negative,12,-1.45053867110098e-06,-7.86084405200315e-06,0.00252608948221106,-0.00206486948457675,0.00097304964673904,-0.00343625750975666,0.00606148927334879,-0.181112535816839,0.00596234699196772,-0.00109181983783771,0.00828883971431522,0.0012980201235286,0.00390625,256,1
D03_id_iq_step,D03_id_iq_step__steady,3,validation,SECONDARY_DYNAMIC,d,6,8.41198771561729e-06,0,0.00842544567220092,0,-0.00118909473050764,0,0.00850894124161932,0.140205394744041,0.00842544567220092,0.00118909473050764,0.00774912384412346,0.00125496753495453,0.01171875,256,1
D03_id_iq_step,D03_id_iq_step__steady,3,validation,SECONDARY_DYNAMIC,q,6,-1.42685986149823e-05,0,-0.00709884606089995,0,0.00151462541339529,0,0.00725862972876131,-2.93138245693869,-0.00709884606089995,-0.00151462541339529,0.00774912384412346,0.00125496753495453,0.01171875,256,1
D03_id_iq_step,D03_id_iq_step__steady,3,validation,SECONDARY_DYNAMIC,dq_positive,6,8.41198771561729e-06,-1.42685986149823e-05,0.00842544567220092,-0.00709884606089995,-0.00118909473050764,0.00151462541339529,0.0115641763205937,-0.536393744512972,0.00994007108559621,-0.00590975133039231,0.00774912384412346,0.00125496753495453,0.01171875,256,1
D03_id_iq_step,D03_id_iq_step__steady,3,validation,SECONDARY_DYNAMIC,dq_negative,6,8.41198771561729e-06,-1.42685986149823e-05,0.00842544567220092,-0.00709884606089995,-0.00118909473050764,0.00151462541339529,0.0107911722816104,-0.875758844705727,0.00691082025880562,-0.00828794079140758,0.00774912384412346,0.00125496753495453,0.01171875,256,1
D03_id_iq_step,D03_id_iq_step__steady,3,validation,SECONDARY_DYNAMIC,d,12,8.41198771561729e-06,0,0.00296086991230222,0,0.000326719034732612,0,0.00297884137966982,-0.109901004771875,0.00296086991230222,-0.000326719034732612,0.00774912384412346,0.00125496753495453,0.01171875,256,1
D03_id_iq_step,D03_id_iq_step__steady,3,validation,SECONDARY_DYNAMIC,q,12,-1.42685986149823e-05,0,-0.00215628742556334,0,-0.0033150151608886,0,0.00395460503445841,2.14749541845605,-0.00215628742556334,0.0033150151608886,0.00774912384412346,0.00125496753495453,0.01171875,256,1
D03_id_iq_step,D03_id_iq_step__steady,3,validation,SECONDARY_DYNAMIC,dq_positive,12,8.41198771561729e-06,-1.42685986149823e-05,0.00296086991230222,-0.00215628742556334,0.000326719034732612,-0.0033150151608886,0.00250813475295243,-1.71246842074072,-0.000354145248586378,-0.00248300646029595,0.00774912384412346,0.00125496753495453,0.01171875,256,1
D03_id_iq_step,D03_id_iq_step__steady,3,validation,SECONDARY_DYNAMIC,dq_negative,12,8.41198771561729e-06,-1.42685986149823e-05,0.00296086991230222,-0.00215628742556334,0.000326719034732612,-0.0033150151608886,0.00653712887655018,-0.28366222175212,0.00627588507319082,-0.00182956839083072,0.00774912384412346,0.00125496753495453,0.01171875,256,1
D04_torque_ramp,D04_torque_ramp__steady,1,calibration,SECONDARY_DYNAMIC,d,6,1.17722922995735e-05,0,0.0133856749791352,0,0.00283510043988509,0,0.0136826199666322,-0.208716576662142,0.0133856749791352,-0.00283510043988509,0.00952991576372793,0.000880256300237203,0,256,1
D04_torque_ramp,D04_torque_ramp__steady,1,calibration,SECONDARY_DYNAMIC,q,6,-8.01569351151905e-06,0,-0.00959166442196954,0,9.62880834774125e-05,0,0.00959214771459948,-3.13155426557624,-0.00959166442196954,-9.62880834774125e-05,0.00952991576372793,0.000880256300237203,0,256,1
D04_torque_ramp,D04_torque_ramp__steady,1,calibration,SECONDARY_DYNAMIC,dq_positive,6,1.17722922995735e-05,-8.01569351151905e-06,0.0133856749791352,-0.00959166442196954,0.00283510043988509,9.62880834774125e-05,0.018335425082432,-0.744693140986223,0.0134819630626126,-0.0124267648618546,0.00952991576372793,0.000880256300237203,0,256,1
D04_torque_ramp,D04_torque_ramp__steady,1,calibration,SECONDARY_DYNAMIC,dq_negative,6,1.17722922995735e-05,-8.01569351151905e-06,0.0133856749791352,-0.00959166442196954,0.00283510043988509,9.62880834774125e-05,0.0149083520520037,-0.470359336668877,0.0132893868956578,-0.00675656398208445,0.00952991576372793,0.000880256300237203,0,256,1
D04_torque_ramp,D04_torque_ramp__steady,1,calibration,SECONDARY_DYNAMIC,d,12,1.17722922995735e-05,0,0.01005976573529,0,-0.00264227256942494,0,0.010400985096617,0.256855639140925,0.01005976573529,0.00264227256942494,0.00952991576372793,0.000880256300237203,0,256,1
D04_torque_ramp,D04_torque_ramp__steady,1,calibration,SECONDARY_DYNAMIC,q,12,-8.01569351151905e-06,0,-0.00824645112607941,0,0.00142295754788238,0,0.00836831908795857,-2.97072135422591,-0.00824645112607941,-0.00142295754788238,0.00952991576372793,0.000880256300237203,0,256,1
D04_torque_ramp,D04_torque_ramp__steady,1,calibration,SECONDARY_DYNAMIC,dq_positive,12,1.17722922995735e-05,-8.01569351151905e-06,0.01005976573529,-0.00824645112607941,-0.00264227256942494,0.00142295754788238,0.0127773139310566,-0.454044482092068,0.0114827232831723,-0.00560417855665447,0.00952991576372793,0.000880256300237203,0,256,1
D04_torque_ramp,D04_torque_ramp__steady,1,calibration,SECONDARY_DYNAMIC,dq_negative,12,1.17722922995735e-05,-8.01569351151905e-06,0.01005976573529,-0.00824645112607941,-0.00264227256942494,0.00142295754788238,0.0138981566901193,-0.900222685963164,0.00863680818740758,-0.0108887236955043,0.00952991576372793,0.000880256300237203,0,256,1
D04_torque_ramp,D04_torque_ramp__steady,2,calibration,SECONDARY_DYNAMIC,d,6,1.17722923034333e-05,0,0.0133856749791258,0,0.0028351004398987,0,0.0136826199666258,-0.208716576663258,0.0133856749791258,-0.0028351004398987,0.00952991576370634,0.000883770311411223,0.01171875,256,1
D04_torque_ramp,D04_torque_ramp__steady,2,calibration,SECONDARY_DYNAMIC,q,6,-8.01569350596661e-06,0,-0.00959166442195992,0,9.62880834929865e-05,0,0.00959214771459002,-3.1315542655746,-0.00959166442195992,-9.62880834929865e-05,0.00952991576370634,0.000883770311411223,0.01171875,256,1
D04_torque_ramp,D04_torque_ramp__steady,2,calibration,SECONDARY_DYNAMIC,dq_positive,6,1.17722923034333e-05,-8.01569350596661e-06,0.0133856749791258,-0.00959166442195992,0.0028351004398987,9.62880834929865e-05,0.0183354250824392,-0.744693140986156,0.0134819630626188,-0.0124267648618586,0.00952991576370634,0.000883770311411223,0.01171875,256,1
D04_torque_ramp,D04_torque_ramp__steady,2,calibration,SECONDARY_DYNAMIC,dq_negative,6,1.17722923034333e-05,-8.01569350596661e-06,0.0133856749791258,-0.00959166442195992,0.0028351004398987,9.62880834929865e-05,0.0149083520519709,-0.470359336668248,0.0132893868956328,-0.00675656398206122,0.00952991576370634,0.000883770311411223,0.01171875,256,1
D04_torque_ramp,D04_torque_ramp__steady,2,calibration,SECONDARY_DYNAMIC,d,12,1.17722923034333e-05,0,0.0100597657352851,0,-0.0026422725694268,0,0.0104009850966128,0.256855639141216,0.0100597657352851,0.0026422725694268,0.00952991576370634,0.000883770311411223,0.01171875,256,1
D04_torque_ramp,D04_torque_ramp__steady,2,calibration,SECONDARY_DYNAMIC,q,12,-8.01569350596661e-06,0,-0.00824645112607647,0,0.00142295754790333,0,0.00836831908795923,-2.97072135422338,-0.00824645112607647,-0.00142295754790333,0.00952991576370634,0.000883770311411223,0.01171875,256,1
D04_torque_ramp,D04_torque_ramp__steady,2,calibration,SECONDARY_DYNAMIC,dq_positive,12,1.17722923034333e-05,-8.01569350596661e-06,0.0100597657352851,-0.00824645112607647,-0.0026422725694268,0.00142295754790333,0.012777313931069,-0.454044482091177,0.0114827232831884,-0.00560417855664967,0.00952991576370634,0.000883770311411223,0.01171875,256,1
D04_torque_ramp,D04_torque_ramp__steady,2,calibration,SECONDARY_DYNAMIC,dq_negative,12,1.17722923034333e-05,-8.01569350596661e-06,0.0100597657352851,-0.00824645112607647,-0.0026422725694268,0.00142295754790333,0.0138981566901024,-0.90022268596457,0.00863680818738178,-0.0108887236955033,0.00952991576370634,0.000883770311411223,0.01171875,256,1
D04_torque_ramp,D04_torque_ramp__steady,3,validation,SECONDARY_DYNAMIC,d,6,1.17722923036018e-05,0,0.0133856749791259,0,0.00283510043990132,0,0.0136826199666265,-0.208716576663443,0.0133856749791259,-0.00283510043990132,0.00952991576370702,0.000883770311411235,0.01171875,256,1
D04_torque_ramp,D04_torque_ramp__steady,3,validation,SECONDARY_DYNAMIC,q,6,-8.01569350447602e-06,0,-0.00959166442195856,0,9.62880834898412e-05,0,0.00959214771458863,-3.13155426557493,-0.00959166442195856,-9.62880834898412e-05,0.00952991576370702,0.000883770311411235,0.01171875,256,1
D04_torque_ramp,D04_torque_ramp__steady,3,validation,SECONDARY_DYNAMIC,dq_positive,6,1.17722923036018e-05,-8.01569350447602e-06,0.0133856749791259,-0.00959166442195856,0.00283510043990132,9.62880834898412e-05,0.0183354250824379,-0.744693140986317,0.0134819630626158,-0.0124267648618599,0.00952991576370702,0.000883770311411235,0.01171875,256,1
D04_torque_ramp,D04_torque_ramp__steady,3,validation,SECONDARY_DYNAMIC,dq_negative,6,1.17722923036018e-05,-8.01569350447602e-06,0.0133856749791259,-0.00959166442195856,0.00283510043990132,9.62880834898412e-05,0.014908352051972,-0.47035933666791,0.0132893868956361,-0.00675656398205725,0.00952991576370702,0.000883770311411235,0.01171875,256,1
D04_torque_ramp,D04_torque_ramp__steady,3,validation,SECONDARY_DYNAMIC,d,12,1.17722923036018e-05,0,0.0100597657352818,0,-0.00264227256942611,0,0.0104009850966095,0.256855639141232,0.0100597657352818,0.00264227256942611,0.00952991576370702,0.000883770311411235,0.01171875,256,1
D04_torque_ramp,D04_torque_ramp__steady,3,validation,SECONDARY_DYNAMIC,q,12,-8.01569350447602e-06,0,-0.00824645112606897,0,0.00142295754789997,0,0.00836831908795127,-2.97072135422363,-0.00824645112606897,-0.00142295754789997,0.00952991576370702,0.000883770311411235,0.01171875,256,1
D04_torque_ramp,D04_torque_ramp__steady,3,validation,SECONDARY_DYNAMIC,dq_positive,12,1.17722923036018e-05,-8.01569350447602e-06,0.0100597657352818,-0.00824645112606897,-0.00264227256942611,0.00142295754789997,0.01277731393106,-0.454044482090927,0.0114827232831818,-0.00560417855664286,0.00952991576370702,0.000883770311411235,0.01171875,256,1
D04_torque_ramp,D04_torque_ramp__steady,3,validation,SECONDARY_DYNAMIC,dq_negative,12,1.17722923036018e-05,-8.01569350447602e-06,0.0100597657352818,-0.00824645112606897,-0.00264227256942611,0.00142295754789997,0.0138981566900961,-0.900222685964199,0.00863680818738186,-0.0108887236954951,0.00952991576370702,0.000883770311411235,0.01171875,256,1
D04_torque_ramp,D04_torque_ramp__steady,4,validation,SECONDARY_DYNAMIC,d,6,1.17722923032949e-05,0,0.0133856749791291,0,0.00283510043989616,0,0.0136826199666285,-0.208716576663026,0.0133856749791291,-0.00283510043989616,0.00952991576370054,0.000887326745544632,0.01953125,256,1
D04_torque_ramp,D04_torque_ramp__steady,4,validation,SECONDARY_DYNAMIC,q,6,-8.01569351031827e-06,0,-0.00959166442196447,0,9.6288083488394e-05,0,0.00959214771459452,-3.13155426557509,-0.00959166442196447,-9.6288083488394e-05,0.00952991576370054,0.000887326745544632,0.01953125,256,1
D04_torque_ramp,D04_torque_ramp__steady,4,validation,SECONDARY_DYNAMIC,dq_positive,6,1.17722923032949e-05,-8.01569351031827e-06,0.0133856749791291,-0.00959166442196447,0.00283510043989616,9.6288083488394e-05,0.0183354250824396,-0.744693140986284,0.0134819630626175,-0.0124267648618606,0.00952991576370054,0.000887326745544632,0.01953125,256,1
D04_torque_ramp,D04_torque_ramp__steady,4,validation,SECONDARY_DYNAMIC,dq_negative,6,1.17722923032949e-05,-8.01569351031827e-06,0.0133856749791291,-0.00959166442196447,0.00283510043989616,9.6288083488394e-05,0.0149083520519811,-0.470359336668432,0.0132893868956407,-0.00675656398206831,0.00952991576370054,0.000887326745544632,0.01953125,256,1
D04_torque_ramp,D04_torque_ramp__steady,4,validation,SECONDARY_DYNAMIC,d,12,1.17722923032949e-05,0,0.0100597657352889,0,-0.00264227256942694,0,0.0104009850966165,0.256855639141137,0.0100597657352889,0.00264227256942694,0.00952991576370054,0.000887326745544632,0.01953125,256,1
D04_torque_ramp,D04_torque_ramp__steady,4,validation,SECONDARY_DYNAMIC,q,12,-8.01569351031827e-06,0,-0.00824645112607939,0,0.00142295754789464,0,0.00836831908796064,-2.97072135422447,-0.00824645112607939,-0.00142295754789464,0.00952991576370054,0.000887326745544632,0.01953125,256,1
D04_torque_ramp,D04_torque_ramp__steady,4,validation,SECONDARY_DYNAMIC,dq_positive,12,1.17722923032949e-05,-8.01569351031827e-06,0.0100597657352889,-0.00824645112607939,-0.00264227256942694,0.00142295754789464,0.0127773139310658,-0.454044482091541,0.0114827232831835,-0.00560417855665245,0.00952991576370054,0.000887326745544632,0.01953125,256,1
D04_torque_ramp,D04_torque_ramp__steady,4,validation,SECONDARY_DYNAMIC,dq_negative,12,1.17722923032949e-05,-8.01569351031827e-06,0.0100597657352889,-0.00824645112607939,-0.00264227256942694,0.00142295754789464,0.0138981566901126,-0.900222685964003,0.00863680818739427,-0.0108887236955063,0.00952991576370054,0.000887326745544632,0.01953125,256,1
P01_Ld_minus10,P01_Ld_minus10__steady,1,calibration,ENGINEERING_PRIMARY,d,6,-0.000126723345964896,0,0.00756957839985055,0,-0.00532188250730999,0,0.00925315895103375,0.612778005821366,0.00756957839985055,0.00532188250730999,0.01987740692477,0.00512899484387939,0.00390625,256,1
P01_Ld_minus10,P01_Ld_minus10__steady,1,calibration,ENGINEERING_PRIMARY,q,6,2.4369252588184e-05,0,-0.00637335780128251,0,0.00180118568827443,0,0.00662298720720592,-2.86616373791515,-0.00637335780128251,-0.00180118568827443,0.01987740692477,0.00512899484387939,0.00390625,256,1
P01_Ld_minus10,P01_Ld_minus10__steady,1,calibration,ENGINEERING_PRIMARY,dq_positive,6,-0.000126723345964896,2.4369252588184e-05,0.00756957839985055,-0.00637335780128251,-0.00532188250730999,0.00180118568827443,0.0094295715644523,-0.111740665451333,0.00937076408812498,-0.00105147529397252,0.01987740692477,0.00512899484387939,0.00390625,256,1
P01_Ld_minus10,P01_Ld_minus10__steady,1,calibration,ENGINEERING_PRIMARY,dq_negative,6,-0.000126723345964896,2.4369252588184e-05,0.00756957839985055,-0.00637335780128251,-0.00532188250730999,0.00180118568827443,0.0130404371226846,-1.11258285524976,0.00576839271157612,-0.0116952403085925,0.01987740692477,0.00512899484387939,0.00390625,256,1
P01_Ld_minus10,P01_Ld_minus10__steady,1,calibration,ENGINEERING_PRIMARY,d,12,-0.000126723345964896,0,0.00331453968363345,0,-0.00750715898389009,0,0.00820631520987237,1.15501906540647,0.00331453968363345,0.00750715898389009,0.01987740692477,0.00512899484387939,0.00390625,256,1
P01_Ld_minus10,P01_Ld_minus10__steady,1,calibration,ENGINEERING_PRIMARY,q,12,2.4369252588184e-05,0,-0.00339233478612295,0,0.00106433951014659,0,0.00355538378997246,-2.83757088457893,-0.00339233478612295,-0.00106433951014659,0.01987740692477,0.00512899484387939,0.00390625,256,1
P01_Ld_minus10,P01_Ld_minus10__steady,1,calibration,ENGINEERING_PRIMARY,dq_positive,12,-0.000126723345964896,2.4369252588184e-05,0.00331453968363345,-0.00339233478612295,-0.00750715898389009,0.00106433951014659,0.00600885689397324,0.754319849869744,0.00437887919378005,0.00411482419776714,0.01987740692477,0.00512899484387939,0.00390625,256,1
P01_Ld_minus10,P01_Ld_minus10__steady,1,calibration,ENGINEERING_PRIMARY,dq_negative,12,-0.000126723345964896,2.4369252588184e-05,0.00331453968363345,-0.00339233478612295,-0.00750715898389009,0.00106433951014659,0.0111293470277152,-1.36720663407576,0.00225020017348686,-0.010899493770013,0.01987740692477,0.00512899484387939,0.00390625,256,1
P01_Ld_minus10,P01_Ld_minus10__steady,2,validation,ENGINEERING_PRIMARY,d,6,0.00014884726559324,0,0.00749635763024586,0,-0.00578666895329531,0,0.00947000080758059,0.657389683406826,0.00749635763024586,0.00578666895329531,0.0191800074305154,0.0052824542986542,0.00390625,256,1
P01_Ld_minus10,P01_Ld_minus10__steady,2,validation,ENGINEERING_PRIMARY,q,6,-1.2650735813029e-05,0,-0.00624384377861224,0,0.00184433743700555,0,0.00651054265889219,-2.85437521606401,-0.00624384377861224,-0.00184433743700555,0.0191800074305154,0.0052824542986542,0.00390625,256,1
P01_Ld_minus10,P01_Ld_minus10__steady,2,validation,ENGINEERING_PRIMARY,dq_positive,6,0.00014884726559324,-1.2650735813029e-05,0.00749635763024586,-0.00624384377861224,-0.00578666895329531,0.00184433743700555,0.00935187645129459,-0.0489053848029121,0.00934069506725141,-0.000457174825316936,0.0191800074305154,0.0052824542986542,0.00390625,256,1
P01_Ld_minus10,P01_Ld_minus10__steady,2,validation,ENGINEERING_PRIMARY,dq_negative,6,0.00014884726559324,-1.2650735813029e-05,0.00749635763024586,-0.00624384377861224,-0.00578666895329531,0.00184433743700555,0.0132920490842227,-1.13159345658026,0.00565202019324031,-0.0120305127319075,0.0191800074305154,0.0052824542986542,0.00390625,256,1
P01_Ld_minus10,P01_Ld_minus10__steady,2,validation,ENGINEERING_PRIMARY,d,12,0.00014884726559324,0,0.00265130221306733,0,-0.00731617828920256,0,0.00778176510725007,1.22312748920261,0.00265130221306733,0.00731617828920256,0.0191800074305154,0.0052824542986542,0.00390625,256,1
P01_Ld_minus10,P01_Ld_minus10__steady,2,validation,ENGINEERING_PRIMARY,q,12,-1.2650735813029e-05,0,-0.00325439560536737,0,0.00110426732740017,0,0.00343664037783967,-2.8144677204541,-0.00325439560536737,-0.00110426732740017,0.0191800074305154,0.0052824542986542,0.00390625,256,1
P01_Ld_minus10,P01_Ld_minus10__steady,2,validation,ENGINEERING_PRIMARY,dq_positive,12,0.00014884726559324,-1.2650735813029e-05,0.00265130221306733,-0.00325439560536737,-0.00731617828920256,0.00110426732740017,0.0055319418962956,0.824549101529297,0.00375556954046749,0.00406178268383519,0.0191800074305154,0.0052824542986542,0.00390625,256,1
P01_Ld_minus10,P01_Ld_minus10__steady,2,validation,ENGINEERING_PRIMARY,dq_negative,12,0.00014884726559324,-1.2650735813029e-05,0.00265130221306733,-0.00325439560536737,-0.00731617828920256,0.00110426732740017,0.0106831806779645,-1.42547505070122,0.00154703488566716,-0.0105705738945699,0.0191800074305154,0.0052824542986542,0.00390625,256,1
P01_Ld_minus10,P01_Ld_minus10__steady,3,validation,ENGINEERING_PRIMARY,d,6,3.74336731109837e-05,0,0.00777368006160299,0,-0.0057340925588808,0,0.0096597059569107,0.635536601015279,0.00777368006160299,0.0057340925588808,0.0195444204224279,0.00471182581453235,0.01171875,256,1
P01_Ld_minus10,P01_Ld_minus10__steady,3,validation,ENGINEERING_PRIMARY,q,6,-4.06148805305407e-06,0,-0.0063956813024921,0,0.00179320084733242,0,0.00664231199221482,-2.86823455063875,-0.0063956813024921,-0.00179320084733242,0.0195444204224279,0.00471182581453235,0.01171875,256,1
P01_Ld_minus10,P01_Ld_minus10__steady,3,validation,ENGINEERING_PRIMARY,dq_positive,6,3.74336731109837e-05,-4.06148805305407e-06,0.00777368006160299,-0.0063956813024921,-0.0057340925588808,0.00179320084733242,0.00958972940136613,-0.069044146192616,0.00956688090893541,-0.000661588743611306,0.0195444204224279,0.00471182581453235,0.01171875,256,1
P01_Ld_minus10,P01_Ld_minus10__steady,3,validation,ENGINEERING_PRIMARY,dq_negative,6,3.74336731109837e-05,-4.06148805305407e-06,0.00777368006160299,-0.0063956813024921,-0.0057340925588808,0.00179320084733242,0.013523961903243,-1.11273117575731,0.00598047921427057,-0.0121297738613729,0.0195444204224279,0.00471182581453235,0.01171875,256,1
P01_Ld_minus10,P01_Ld_minus10__steady,3,validation,ENGINEERING_PRIMARY,d,12,3.74336731109837e-05,0,0.00288464952250725,0,-0.00789823677721474,0,0.00840852823368327,1.22062115060863,0.00288464952250725,0.00789823677721474,0.0195444204224279,0.00471182581453235,0.01171875,256,1
P01_Ld_minus10,P01_Ld_minus10__steady,3,validation,ENGINEERING_PRIMARY,q,12,-4.06148805305407e-06,0,-0.00351325865102898,0,0.00123788219611902,0,0.00372496156765387,-2.80282949772779,-0.00351325865102898,-0.00123788219611902,0.0195444204224279,0.00471182581453235,0.01171875,256,1
P01_Ld_minus10,P01_Ld_minus10__steady,3,validation,ENGINEERING_PRIMARY,dq_positive,12,3.74336731109837e-05,-4.06148805305407e-06,0.00288464952250725,-0.00351325865102898,-0.00789823677721474,0.00123788219611902,0.00601857964458452,0.816237175946191,0.00412253171862626,0.00438497812618576,0.0195444204224279,0.00471182581453235,0.01171875,256,1
P01_Ld_minus10,P01_Ld_minus10__steady,3,validation,ENGINEERING_PRIMARY,dq_negative,12,3.74336731109837e-05,-4.06148805305407e-06,0.00288464952250725,-0.00351325865102898,-0.00789823677721474,0.00123788219611902,0.0115297038355756,-1.42747795846674,0.00164676732638823,-0.0114114954282437,0.0195444204224279,0.00471182581453235,0.01171875,256,1
P02_Ld_plus10,P02_Ld_plus10__steady,1,calibration,ENGINEERING_PRIMARY,d,6,-8.06688403758089e-06,0,0.00812691028688517,0,0.00629829858879879,0,0.0102817914744827,-0.659305695398029,0.00812691028688517,-0.00629829858879879,0.0178501908696409,0.00399491051176955,0.00390625,256,1
P02_Ld_plus10,P02_Ld_plus10__steady,1,calibration,ENGINEERING_PRIMARY,q,6,2.4449456146078e-05,0,-0.00777474314611586,0,-0.000745703872872164,0,0.00781042286013325,3.04597152297575,-0.00777474314611586,0.000745703872872164,0.0178501908696409,0.00399491051176955,0.00390625,256,1
P02_Ld_plus10,P02_Ld_plus10__steady,1,calibration,ENGINEERING_PRIMARY,dq_positive,6,-8.06688403758089e-06,2.4449456146078e-05,0.00812691028688517,-0.00777474314611586,0.00629829858879879,-0.000745703872872164,0.0158912778529266,-1.08774716491891,0.00738120641401301,-0.0140730417349146,0.0178501908696409,0.00399491051176955,0.00390625,256,1
P02_Ld_plus10,P02_Ld_plus10__steady,1,calibration,ENGINEERING_PRIMARY,dq_negative,6,-8.06688403758089e-06,2.4449456146078e-05,0.00812691028688517,-0.00777474314611586,0.00629829858879879,-0.000745703872872164,0.00899461897796441,-0.16489376473482,0.00887261415975734,-0.00147644455731707,0.0178501908696409,0.00399491051176955,0.00390625,256,1
P02_Ld_plus10,P02_Ld_plus10__steady,1,calibration,ENGINEERING_PRIMARY,d,12,-8.06688403758089e-06,0,-0.000410204251336415,0,0.00539053356227396,0,0.0054061187199151,-1.64674709975242,-0.000410204251336415,-0.00539053356227396,0.0178501908696409,0.00399491051176955,0.00390625,256,1
P02_Ld_plus10,P02_Ld_plus10__steady,1,calibration,ENGINEERING_PRIMARY,q,12,2.4449456146078e-05,0,-0.00373985582631799,0,-0.00337469568182898,0,0.00503736960591535,2.40747530502036,-0.00373985582631799,0.00337469568182898,0.0178501908696409,0.00399491051176955,0.00390625,256,1
P02_Ld_plus10,P02_Ld_plus10__steady,1,calibration,ENGINEERING_PRIMARY,dq_positive,12,-8.06688403758089e-06,2.4449456146078e-05,-0.000410204251336415,-0.00373985582631799,0.00539053356227396,-0.00337469568182898,0.00988379875813889,-1.96377291625162,-0.0037848999331654,-0.00913038938859195,0.0178501908696409,0.00399491051176955,0.00390625,256,1
P02_Ld_plus10,P02_Ld_plus10__steady,1,calibration,ENGINEERING_PRIMARY,dq_negative,12,-8.06688403758089e-06,2.4449456146078e-05,-0.000410204251336415,-0.00373985582631799,0.00539053356227396,-0.00337469568182898,0.00339307330151363,0.508061538749133,0.00296449143049257,0.00165067773595597,0.0178501908696409,0.00399491051176955,0.00390625,256,1
P02_Ld_plus10,P02_Ld_plus10__steady,2,validation,ENGINEERING_PRIMARY,d,6,-4.7416919404699e-05,0,0.0085670356304117,0,0.00529671582796243,0,0.0100722042302036,-0.553742984462604,0.0085670356304117,-0.00529671582796243,0.016075995928242,0.00424655111523071,0.00390625,256,1
P02_Ld_plus10,P02_Ld_plus10__steady,2,validation,ENGINEERING_PRIMARY,q,6,-1.1181362972413e-05,0,-0.00774654282923403,0,0.000391832722771837,0,0.00775644626667342,-3.09105410041311,-0.00774654282923403,-0.000391832722771837,0.016075995928242,0.00424655111523071,0.00390625,256,1
P02_Ld_plus10,P02_Ld_plus10__steady,2,validation,ENGINEERING_PRIMARY,dq_positive,6,-4.7416919404699e-05,-1.1181362972413e-05,0.0085670356304117,-0.00774654282923403,0.00529671582796243,0.000391832722771837,0.015823650608131,-0.968944964596652,0.00895886835318354,-0.0130432586571965,0.016075995928242,0.00424655111523071,0.00390625,256,1
P02_Ld_plus10,P02_Ld_plus10__steady,2,validation,ENGINEERING_PRIMARY,dq_negative,6,-4.7416919404699e-05,-1.1181362972413e-05,0.0085670356304117,-0.00774654282923403,0.00529671582796243,0.000391832722771837,0.00853437724249653,-0.291149967923289,0.00817520290763986,-0.0024498270012716,0.016075995928242,0.00424655111523071,0.00390625,256,1
P02_Ld_plus10,P02_Ld_plus10__steady,2,validation,ENGINEERING_PRIMARY,d,12,-4.7416919404699e-05,0,0.00141557500709257,0,0.00332858777020463,0,0.00361709125467702,-1.16869027070965,0.00141557500709257,-0.00332858777020463,0.016075995928242,0.00424655111523071,0.00390625,256,1
P02_Ld_plus10,P02_Ld_plus10__steady,2,validation,ENGINEERING_PRIMARY,q,12,-1.1181362972413e-05,0,-0.0031717246946531,0,-0.00204374918265494,0,0.0037731615735713,2.56918879586279,-0.0031717246946531,0.00204374918265494,0.016075995928242,0.00424655111523071,0.00390625,256,1
P02_Ld_plus10,P02_Ld_plus10__steady,2,validation,ENGINEERING_PRIMARY,dq_positive,12,-4.7416919404699e-05,-1.1181362972413e-05,0.00141557500709257,-0.0031717246946531,0.00332858777020463,-0.00204374918265494,0.006530594531559,-1.66713470996158,-0.000628174175562369,-0.00650031246485774,0.016075995928242,0.00424655111523071,0.00390625,256,1
P02_Ld_plus10,P02_Ld_plus10__steady,2,validation,ENGINEERING_PRIMARY,dq_negative,12,-4.7416919404699e-05,-1.1181362972413e-05,0.00141557500709257,-0.0031717246946531,0.00332858777020463,-0.00204374918265494,0.00346287884198158,0.0453139651090762,0.00345932418974751,0.000156863075551527,0.016075995928242,0.00424655111523071,0.00390625,256,1
P02_Ld_plus10,P02_Ld_plus10__steady,3,validation,ENGINEERING_PRIMARY,d,6,-1.31450079784537e-05,0,0.0087318776430935,0,0.00504491600083308,0,0.0100844863344356,-0.523904849212673,0.0087318776430935,-0.00504491600083308,0.017190003755203,0.00419997933355674,0.01171875,256,1
P02_Ld_plus10,P02_Ld_plus10__steady,3,validation,ENGINEERING_PRIMARY,q,6,-4.60189777640966e-06,0,-0.00776351694063717,0,0.000677808504594832,0,0.00779304944527246,-3.05450658849864,-0.00776351694063717,-0.000677808504594832,0.017190003755203,0.00419997933355674,0.01171875,256,1
P02_Ld_plus10,P02_Ld_plus10__steady,3,validation,ENGINEERING_PRIMARY,dq_positive,6,-1.31450079784537e-05,-4.60189777640966e-06,0.0087318776430935,-0.00776351694063717,0.00504491600083308,0.000677808504594832,0.0158933365853158,-0.93719329161184,0.00940968614768833,-0.0128084329414703,0.017190003755203,0.00419997933355674,0.01171875,256,1
P02_Ld_plus10,P02_Ld_plus10__steady,3,validation,ENGINEERING_PRIMARY,dq_negative,6,-1.31450079784537e-05,-4.60189777640966e-06,0.0087318776430935,-0.00776351694063717,0.00504491600083308,0.000677808504594832,0.00850051885225957,-0.325535157666397,0.00805406913849867,-0.00271860093980409,0.017190003755203,0.00419997933355674,0.01171875,256,1
P02_Ld_plus10,P02_Ld_plus10__steady,3,validation,ENGINEERING_PRIMARY,d,12,-1.31450079784537e-05,0,0.0035698677697643,0,0.00412114411268619,0,0.005452319202975,-0.856953785337242,0.0035698677697643,-0.00412114411268619,0.017190003755203,0.00419997933355674,0.01171875,256,1
P02_Ld_plus10,P02_Ld_plus10__steady,3,validation,ENGINEERING_PRIMARY,q,12,-4.60189777640966e-06,0,-0.00468443132615297,0,-0.00120683634711236,0,0.00483739091020715,2.88944854762806,-0.00468443132615297,0.00120683634711236,0.017190003755203,0.00419997933355674,0.01171875,256,1
P02_Ld_plus10,P02_Ld_plus10__steady,3,validation,ENGINEERING_PRIMARY,dq_positive,12,-1.31450079784537e-05,-4.60189777640966e-06,0.0035698677697643,-0.00468443132615297,0.00412114411268619,-0.00120683634711236,0.00911713092554494,-1.30861716459906,0.00236303142265194,-0.00880557543883916,0.017190003755203,0.00419997933355674,0.01171875,256,1
P02_Ld_plus10,P02_Ld_plus10__steady,3,validation,ENGINEERING_PRIMARY,dq_negative,12,-1.31450079784537e-05,-4.60189777640966e-06,0.0035698677697643,-0.00468443132615297,0.00412114411268619,-0.00120683634711236,0.00480980194031331,-0.11738172216933,0.00477670411687666,-0.000563287213466787,0.017190003755203,0.00419997933355674,0.01171875,256,1
P03_Lq_minus10,P03_Lq_minus10__steady,1,calibration,ENGINEERING_PRIMARY,d,6,-5.5117894465839e-06,0,0.00706735167250132,0,0.000815021850575402,0,0.00711419147055536,-0.114814912955015,0.00706735167250132,-0.000815021850575402,0.0203314695062259,0.00538573746728648,0.00390625,256,1
P03_Lq_minus10,P03_Lq_minus10__steady,1,calibration,ENGINEERING_PRIMARY,q,6,-6.55539428316613e-05,0,-0.00716576033392481,0,-0.0044949451898337,0,0.00845888015182029,2.58135476171701,-0.00716576033392481,0.0044949451898337,0.0203314695062259,0.00538573746728648,0.00390625,256,1
P03_Lq_minus10,P03_Lq_minus10__steady,1,calibration,ENGINEERING_PRIMARY,dq_positive,6,-5.5117894465839e-06,-6.55539428316613e-05,0.00706735167250132,-0.00716576033392481,0.000815021850575402,-0.0044949451898337,0.00838511534735846,-1.25898567475886,0.00257240648266763,-0.00798078218450021,0.0203314695062259,0.00538573746728648,0.00390625,256,1
P03_Lq_minus10,P03_Lq_minus10__steady,1,calibration,ENGINEERING_PRIMARY,dq_negative,6,-5.5117894465839e-06,-6.55539428316613e-05,0.00706735167250132,-0.00716576033392481,0.000815021850575402,-0.0044949451898337,0.0131916105164099,-0.502276975453798,0.011562296862335,-0.00635073848334941,0.0203314695062259,0.00538573746728648,0.00390625,256,1
P03_Lq_minus10,P03_Lq_minus10__steady,1,calibration,ENGINEERING_PRIMARY,d,12,-5.5117894465839e-06,0,0.00433345099332259,0,-0.000990470626690394,0,0.00444520298455144,0.224704050299278,0.00433345099332259,0.000990470626690394,0.0203314695062259,0.00538573746728648,0.00390625,256,1
P03_Lq_minus10,P03_Lq_minus10__steady,1,calibration,ENGINEERING_PRIMARY,q,12,-6.55539428316613e-05,0,-0.00389433085608146,0,-0.00629544389260191,0,0.00740259593801572,2.12477662056701,-0.00389433085608146,0.00629544389260191,0.0203314695062259,0.00538573746728648,0.00390625,256,1
P03_Lq_minus10,P03_Lq_minus10__steady,1,calibration,ENGINEERING_PRIMARY,dq_positive,12,-5.5117894465839e-06,-6.55539428316613e-05,0.00433345099332259,-0.00389433085608146,-0.000990470626690394,-0.00629544389260191,0.00350454281877988,-2.16499233991513,-0.00196199289927932,-0.00290386022939107,0.0203314695062259,0.00538573746728648,0.00390625,256,1
P03_Lq_minus10,P03_Lq_minus10__steady,1,calibration,ENGINEERING_PRIMARY,dq_negative,12,-5.5117894465839e-06,-6.55539428316613e-05,0.00433345099332259,-0.00389433085608146,-0.000990470626690394,-0.00629544389260191,0.011697636172412,-0.430790014546076,0.0106288948859245,-0.00488480148277185,0.0203314695062259,0.00538573746728648,0.00390625,256,1
P03_Lq_minus10,P03_Lq_minus10__steady,2,validation,ENGINEERING_PRIMARY,d,6,2.4319880830178e-06,0,0.00730093714625037,0,0.000736683921668186,0,0.00733800970385996,-0.100562287446217,0.00730093714625037,-0.000736683921668186,0.0201210107892794,0.00562265761913559,0.00390625,256,1
P03_Lq_minus10,P03_Lq_minus10__steady,2,validation,ENGINEERING_PRIMARY,q,6,7.33109862705529e-05,0,-0.00735560113177441,0,-0.00490607686061708,0,0.00884163209888555,2.5533695811554,-0.00735560113177441,0.00490607686061708,0.0201210107892794,0.00562265761913559,0.00390625,256,1
P03_Lq_minus10,P03_Lq_minus10__steady,2,validation,ENGINEERING_PRIMARY,dq_positive,6,2.4319880830178e-06,7.33109862705529e-05,0.00730093714625037,-0.00735560113177441,0.000736683921668186,-0.00490607686061708,0.00843921993870725,-1.28306510665402,0.00239486028563329,-0.00809228505344259,0.0201210107892794,0.00562265761913559,0.00390625,256,1
P03_Lq_minus10,P03_Lq_minus10__steady,2,validation,ENGINEERING_PRIMARY,dq_negative,6,2.4319880830178e-06,7.33109862705529e-05,0.00730093714625037,-0.00735560113177441,0.000736683921668186,-0.00490607686061708,0.0138860093618757,-0.496852370336179,0.0122070140068675,-0.00661891721010622,0.0201210107892794,0.00562265761913559,0.00390625,256,1
P03_Lq_minus10,P03_Lq_minus10__steady,2,validation,ENGINEERING_PRIMARY,d,12,2.4319880830178e-06,0,0.00429113750887471,0,-0.000493546108005362,0,0.00431942691578393,0.114512044259844,0.00429113750887471,0.000493546108005362,0.0201210107892794,0.00562265761913559,0.00390625,256,1
P03_Lq_minus10,P03_Lq_minus10__steady,2,validation,ENGINEERING_PRIMARY,q,12,7.33109862705529e-05,0,-0.00334162079830309,0,-0.0066945970006514,0,0.0074822495655239,2.03376522394349,-0.00334162079830309,0.0066945970006514,0.0201210107892794,0.00562265761913559,0.00390625,256,1
P03_Lq_minus10,P03_Lq_minus10__steady,2,validation,ENGINEERING_PRIMARY,dq_positive,12,2.4319880830178e-06,7.33109862705529e-05,0.00429113750887471,-0.00334162079830309,-0.000493546108005362,-0.0066945970006514,0.00372668042232306,-2.27173204566264,-0.00240345949177669,-0.00284807469029773,0.0201210107892794,0.00562265761913559,0.00390625,256,1
P03_Lq_minus10,P03_Lq_minus10__steady,2,validation,ENGINEERING_PRIMARY,dq_negative,12,2.4319880830178e-06,7.33109862705529e-05,0.00429113750887471,-0.00334162079830309,-0.000493546108005362,-0.0066945970006514,0.0116359300407418,-0.335876625383478,0.0109857345095261,-0.00383516690630845,0.0201210107892794,0.00562265761913559,0.00390625,256,1
P03_Lq_minus10,P03_Lq_minus10__steady,3,validation,ENGINEERING_PRIMARY,d,6,-5.48638155396593e-06,0,0.00671639321405822,0,0.000632886225322126,0,0.00674614577222059,-0.0939526506254367,0.00671639321405822,-0.000632886225322126,0.0190729422878503,0.00569927728929954,0.01171875,256,1
P03_Lq_minus10,P03_Lq_minus10__steady,3,validation,ENGINEERING_PRIMARY,q,6,2.43231511142163e-06,0,-0.00683335600142019,0,-0.0044903840122139,0,0.00817669265774931,2.5602234134139,-0.00683335600142019,0.0044903840122139,0.0190729422878503,0.00569927728929954,0.01171875,256,1
P03_Lq_minus10,P03_Lq_minus10__steady,3,validation,ENGINEERING_PRIMARY,dq_positive,6,-5.48638155396593e-06,2.43231511142163e-06,0.00671639321405822,-0.00683335600142019,0.000632886225322126,-0.0044903840122139,0.00779101341001834,-1.28104390606663,0.00222600920184432,-0.00746624222674232,0.0190729422878503,0.00569927728929954,0.01171875,256,1
P03_Lq_minus10,P03_Lq_minus10__steady,3,validation,ENGINEERING_PRIMARY,dq_negative,6,-5.48638155396593e-06,2.43231511142163e-06,0.00671639321405822,-0.00683335600142019,0.000632886225322126,-0.0044903840122139,0.0128077195957593,-0.505356868639374,0.0112067772262721,-0.00620046977609807,0.0190729422878503,0.00569927728929954,0.01171875,256,1
P03_Lq_minus10,P03_Lq_minus10__steady,3,validation,ENGINEERING_PRIMARY,d,12,-5.48638155396593e-06,0,0.00383276612674899,0,-0.00111122232372949,0,0.00399060286612302,0.282190068999595,0.00383276612674899,0.00111122232372949,0.0190729422878503,0.00569927728929954,0.01171875,256,1
P03_Lq_minus10,P03_Lq_minus10__steady,3,validation,ENGINEERING_PRIMARY,q,12,2.43231511142163e-06,0,-0.00346559377458784,0,-0.00536792797162223,0,0.00638944370966568,2.14408000033779,-0.00346559377458784,0.00536792797162223,0.0190729422878503,0.00569927728929954,0.01171875,256,1
P03_Lq_minus10,P03_Lq_minus10__steady,3,validation,ENGINEERING_PRIMARY,dq_positive,12,-5.48638155396593e-06,2.43231511142163e-06,0.00383276612674899,-0.00346559377458784,-0.00111122232372949,-0.00536792797162223,0.00281065594098094,-2.14860951653199,-0.00153516184487324,-0.00235437145085835,0.0190729422878503,0.00569927728929954,0.01171875,256,1
P03_Lq_minus10,P03_Lq_minus10__steady,3,validation,ENGINEERING_PRIMARY,dq_negative,12,-5.48638155396593e-06,2.43231511142163e-06,0.00383276612674899,-0.00346559377458784,-0.00111122232372949,-0.00536792797162223,0.0102761869139102,-0.461599501353751,0.00920069409837122,-0.00457681609831734,0.0190729422878503,0.00569927728929954,0.01171875,256,1
P04_Lq_plus10,P04_Lq_plus10__steady,1,calibration,ENGINEERING_PRIMARY,d,6,-7.71284013165797e-05,0,0.011144961622922,0,0.00204528284382334,0,0.0113310790080928,-0.181496848357157,0.011144961622922,-0.00204528284382334,0.0187482821287371,0.0039131557074698,0.00390625,256,1
P04_Lq_plus10,P04_Lq_plus10__steady,1,calibration,ENGINEERING_PRIMARY,q,6,6.1305672972321e-06,0,-0.00800439477394023,0,0.00487432320163388,0,0.00937173209023113,-2.59461396369839,-0.00800439477394023,-0.00487432320163388,0.0187482821287371,0.0039131557074698,0.00390625,256,1
P04_Lq_plus10,P04_Lq_plus10__steady,1,calibration,ENGINEERING_PRIMARY,dq_positive,6,-7.71284013165797e-05,6.1305672972321e-06,0.011144961622922,-0.00800439477394023,0.00204528284382334,0.00487432320163388,0.0189106717625584,-0.560286490425191,0.0160192848245559,-0.0100496776177636,0.0187482821287371,0.0039131557074698,0.00390625,256,1
P04_Lq_plus10,P04_Lq_plus10__steady,1,calibration,ENGINEERING_PRIMARY,dq_negative,6,-7.71284013165797e-05,6.1305672972321e-06,0.011144961622922,-0.00800439477394023,0.00204528284382334,0.00487432320163388,0.00865054456125138,-0.759930829328568,0.00627063842128809,-0.00595911193011689,0.0187482821287371,0.0039131557074698,0.00390625,256,1
P04_Lq_plus10,P04_Lq_plus10__steady,1,calibration,ENGINEERING_PRIMARY,d,12,-7.71284013165797e-05,0,0.00708654647023665,0,0.00168572485391422,0,0.00728428508214277,-0.233536432221453,0.00708654647023665,-0.00168572485391422,0.0187482821287371,0.0039131557074698,0.00390625,256,1
P04_Lq_plus10,P04_Lq_plus10__steady,1,calibration,ENGINEERING_PRIMARY,q,12,6.1305672972321e-06,0,-0.00827203881134845,0,0.00450180662129339,0,0.00941769021320919,-2.64319810893911,-0.00827203881134845,-0.00450180662129339,0.0187482821287371,0.0039131557074698,0.00390625,256,1
P04_Lq_plus10,P04_Lq_plus10__steady,1,calibration,ENGINEERING_PRIMARY,dq_positive,12,-7.71284013165797e-05,6.1305672972321e-06,0.00708654647023665,-0.00827203881134845,0.00168572485391422,0.00450180662129339,0.0152789719741611,-0.709863108477948,0.01158835309153,-0.00995776366526267,0.0187482821287371,0.0039131557074698,0.00390625,256,1
P04_Lq_plus10,P04_Lq_plus10__steady,1,calibration,ENGINEERING_PRIMARY,dq_negative,12,-7.71284013165797e-05,6.1305672972321e-06,0.00708654647023665,-0.00827203881134845,0.00168572485391422,0.00450180662129339,0.00707533826983616,-1.19682323765653,0.00258473984894326,-0.00658631395743423,0.0187482821287371,0.0039131557074698,0.00390625,256,1
P04_Lq_plus10,P04_Lq_plus10__steady,2,validation,ENGINEERING_PRIMARY,d,6,2.7517898076494e-05,0,0.0103255593217301,0,-0.00112163333254776,0,0.0103863004308199,0.108202624972061,0.0103255593217301,0.00112163333254776,0.0185204175445966,0.00389277813652842,0.00390625,256,1
P04_Lq_plus10,P04_Lq_plus10__steady,2,validation,ENGINEERING_PRIMARY,q,6,0.000167510661746208,0,-0.00599973699203774,0,0.00581493265088805,0,0.00835525497564198,-2.37183515361376,-0.00599973699203774,-0.00581493265088805,0.0185204175445966,0.00389277813652842,0.00390625,256,1
P04_Lq_plus10,P04_Lq_plus10__steady,2,validation,ENGINEERING_PRIMARY,dq_positive,6,2.7517898076494e-05,0.000167510661746208,0.0103255593217301,-0.00599973699203774,-0.00112163333254776,0.00581493265088805,0.0168615354114292,-0.29349929475238,0.0161404919726181,-0.00487810365948999,0.0185204175445966,0.00389277813652842,0.00390625,256,1
P04_Lq_plus10,P04_Lq_plus10__steady,2,validation,ENGINEERING_PRIMARY,dq_negative,6,2.7517898076494e-05,0.000167510661746208,0.0103255593217301,-0.00599973699203774,-0.00112163333254776,0.00581493265088805,0.00842968968963855,-1.00618429322065,0.00451062667084203,-0.0071213703245855,0.0185204175445966,0.00389277813652842,0.00390625,256,1
P04_Lq_plus10,P04_Lq_plus10__steady,2,validation,ENGINEERING_PRIMARY,d,12,2.7517898076494e-05,0,0.00694214477192279,0,-0.00162858038737795,0,0.00713061344573432,0.230426474067674,0.00694214477192279,0.00162858038737795,0.0185204175445966,0.00389277813652842,0.00390625,256,1
P04_Lq_plus10,P04_Lq_plus10__steady,2,validation,ENGINEERING_PRIMARY,q,12,0.000167510661746208,0,-0.00468180039515707,0,0.00635974249519842,0,0.00789718807838116,-2.20538209597923,-0.00468180039515707,-0.00635974249519842,0.0185204175445966,0.00389277813652842,0.00390625,256,1
P04_Lq_plus10,P04_Lq_plus10__steady,2,validation,ENGINEERING_PRIMARY,dq_positive,12,2.7517898076494e-05,0.000167510661746208,0.00694214477192279,-0.00468180039515707,-0.00162858038737795,0.00635974249519842,0.0136477967922703,-0.225624657166154,0.0133018872671212,-0.00305322000777913,0.0185204175445966,0.00389277813652842,0.00390625,256,1
P04_Lq_plus10,P04_Lq_plus10__steady,2,validation,ENGINEERING_PRIMARY,dq_negative,12,2.7517898076494e-05,0.000167510661746208,0.00694214477192279,-0.00468180039515707,-0.00162858038737795,0.00635974249519842,0.00633719954179454,-1.47876431275277,0.000582402276724374,-0.00631038078253502,0.0185204175445966,0.00389277813652842,0.00390625,256,1
P04_Lq_plus10,P04_Lq_plus10__steady,3,validation,ENGINEERING_PRIMARY,d,6,3.96996328088442e-05,0,0.0106235864336828,0,-0.000883372439879432,0,0.0106602502588573,0.0829611446292917,0.0106235864336828,0.000883372439879432,0.0184372703401709,0.00403366411981833,0.01171875,256,1
P04_Lq_plus10,P04_Lq_plus10__steady,3,validation,ENGINEERING_PRIMARY,q,6,-0.000104642322538076,0,-0.00652009989664437,0,0.0061663963532319,0,0.00897419337029093,-2.38406758715713,-0.00652009989664437,-0.0061663963532319,0.0184372703401709,0.00403366411981833,0.01171875,256,1
P04_Lq_plus10,P04_Lq_plus10__steady,3,validation,ENGINEERING_PRIMARY,dq_positive,6,3.96996328088442e-05,-0.000104642322538076,0.0106235864336828,-0.00652009989664437,-0.000883372439879432,0.0061663963532319,0.0177109067641027,-0.323896716386775,0.0167899827869147,-0.00563672745676494,0.0184372703401709,0.00403366411981833,0.01171875,256,1
P04_Lq_plus10,P04_Lq_plus10__steady,3,validation,ENGINEERING_PRIMARY,dq_negative,6,3.96996328088442e-05,-0.000104642322538076,0.0106235864336828,-0.00652009989664437,-0.000883372439879432,0.0061663963532319,0.00864164024077274,-1.02887782003174,0.00445719008045086,-0.0074034723365238,0.0184372703401709,0.00403366411981833,0.01171875,256,1
P04_Lq_plus10,P04_Lq_plus10__steady,3,validation,ENGINEERING_PRIMARY,d,12,3.96996328088442e-05,0,0.00728756922221306,0,-0.00216409988423424,0,0.00760210454265723,0.28866337306982,0.00728756922221306,0.00216409988423424,0.0184372703401709,0.00403366411981833,0.01171875,256,1
P04_Lq_plus10,P04_Lq_plus10__steady,3,validation,ENGINEERING_PRIMARY,q,12,-0.000104642322538076,0,-0.00402044789121022,0,0.00705927146092324,0,0.00812387314062338,-2.08850800919128,-0.00402044789121022,-0.00705927146092324,0.0184372703401709,0.00403366411981833,0.01171875,256,1
P04_Lq_plus10,P04_Lq_plus10__steady,3,validation,ENGINEERING_PRIMARY,dq_positive,12,3.96996328088442e-05,-0.000104642322538076,0.00728756922221306,-0.00402044789121022,-0.00216409988423424,0.00705927146092324,0.0144664392823631,-0.128675800499795,0.0143468406831363,-0.00185634800697598,0.0184372703401709,0.00403366411981833,0.01171875,256,1
P04_Lq_plus10,P04_Lq_plus10__steady,3,validation,ENGINEERING_PRIMARY,dq_negative,12,3.96996328088442e-05,-0.000104642322538076,0.00728756922221306,-0.00402044789121022,-0.00216409988423424,0.00705927146092324,0.00618876005792476,-1.53389885960892,0.000228297761289814,-0.00618454777544445,0.0184372703401709,0.00403366411981833,0.01171875,256,1
P05_cross_mismatch,P05_cross_mismatch__steady,1,calibration,ENGINEERING_PRIMARY,d,6,1.94804241535335e-05,0,0.0131228962738001,0,-0.00776645851795173,0,0.0152488781398495,0.534386810394062,0.0131228962738001,0.00776645851795173,0.0229540088705326,0.0050989266089834,0.0078125,256,1
P05_cross_mismatch,P05_cross_mismatch__steady,1,calibration,ENGINEERING_PRIMARY,q,6,-1.15741736984253e-05,0,-0.00682415415527616,0,0.0103649720818552,0,0.0124097431960783,-2.15304434161453,-0.00682415415527616,-0.0103649720818552,0.0229540088705326,0.0050989266089834,0.0078125,256,1
P05_cross_mismatch,P05_cross_mismatch__steady,1,calibration,ENGINEERING_PRIMARY,dq_positive,6,1.94804241535335e-05,-1.15741736984253e-05,0.0131228962738001,-0.00682415415527616,-0.00776645851795173,0.0103649720818552,0.0235067628014687,0.0400972657404798,0.0234878683556553,0.00094230436267557,0.0229540088705326,0.0050989266089834,0.0078125,256,1
P05_cross_mismatch,P05_cross_mismatch__steady,1,calibration,ENGINEERING_PRIMARY,dq_negative,6,1.94804241535335e-05,-1.15741736984253e-05,0.0131228962738001,-0.00682415415527616,-0.00776645851795173,0.0103649720818552,0.0148489772048001,-1.38397996894611,0.00275792419194484,-0.0145906126732279,0.0229540088705326,0.0050989266089834,0.0078125,256,1
P05_cross_mismatch,P05_cross_mismatch__steady,1,calibration,ENGINEERING_PRIMARY,d,12,1.94804241535335e-05,0,-0.00161914580993885,0,-0.0166575087951439,0,0.0167360160257493,1.66769407868756,-0.00161914580993885,0.0166575087951439,0.0229540088705326,0.0050989266089834,0.0078125,256,1
P05_cross_mismatch,P05_cross_mismatch__steady,1,calibration,ENGINEERING_PRIMARY,q,12,-1.15741736984253e-05,0,0.00277795816670595,0,0.016786368687225,0,0.0170146767609442,-1.40679377521968,0.00277795816670595,-0.016786368687225,0.0229540088705326,0.0050989266089834,0.0078125,256,1
P05_cross_mismatch,P05_cross_mismatch__steady,1,calibration,ENGINEERING_PRIMARY,dq_positive,12,1.94804241535335e-05,-1.15741736984253e-05,-0.00161914580993885,0.00277795816670595,-0.0166575087951439,0.016786368687225,0.0246532356057867,0.908128279271586,0.0151672228772862,0.0194354669618498,0.0229540088705326,0.0050989266089834,0.0078125,256,1
P05_cross_mismatch,P05_cross_mismatch__steady,1,calibration,ENGINEERING_PRIMARY,dq_negative,12,1.94804241535335e-05,-1.15741736984253e-05,-0.00161914580993885,0.00277795816670595,-0.0166575087951439,0.016786368687225,0.0230522209245157,-2.49547436211702,-0.0184055144971639,-0.0138795506284379,0.0229540088705326,0.0050989266089834,0.0078125,256,1
P05_cross_mismatch,P05_cross_mismatch__steady,2,calibration,ENGINEERING_PRIMARY,d,6,1.94804241695792e-05,0,0.0131228962738293,0,-0.00776645851806696,0,0.0152488781399334,0.53438681039959,0.0131228962738293,0.00776645851806696,0.0229540088706096,0.00509892660877059,0.01171875,256,1
P05_cross_mismatch,P05_cross_mismatch__steady,2,calibration,ENGINEERING_PRIMARY,q,6,-1.15741737077518e-05,0,-0.00682415415524622,0,0.0103649720819461,0,0.0124097431961377,-2.15304434160849,-0.00682415415524622,-0.0103649720819461,0.0229540088706096,0.00509892660877059,0.01171875,256,1
P05_cross_mismatch,P05_cross_mismatch__steady,2,calibration,ENGINEERING_PRIMARY,dq_positive,6,1.94804241695792e-05,-1.15741737077518e-05,0.0131228962738293,-0.00682415415524622,-0.00776645851806696,0.0103649720819461,0.0235067628015945,0.0400972657464459,0.0234878683557754,0.000942304362820741,0.0229540088706096,0.00509892660877059,0.01171875,256,1
P05_cross_mismatch,P05_cross_mismatch__steady,2,calibration,ENGINEERING_PRIMARY,dq_negative,6,1.94804241695792e-05,-1.15741737077518e-05,0.0131228962738293,-0.00682415415524622,-0.00776645851806696,0.0103649720819461,0.0148489772048724,-1.38397996895126,0.00275792419188316,-0.0145906126733132,0.0229540088706096,0.00509892660877059,0.01171875,256,1
P05_cross_mismatch,P05_cross_mismatch__steady,2,calibration,ENGINEERING_PRIMARY,d,12,1.94804241695792e-05,0,-0.00161914580985259,0,-0.0166575087952948,0,0.0167360160258912,1.66769407868156,-0.00161914580985259,0.0166575087952948,0.0229540088706096,0.00509892660877059,0.01171875,256,1
P05_cross_mismatch,P05_cross_mismatch__steady,2,calibration,ENGINEERING_PRIMARY,q,12,-1.15741737077518e-05,0,0.00277795816661292,0,0.0167863686874364,0,0.0170146767611376,-1.4067937752271,0.00277795816661292,-0.0167863686874364,0.0229540088706096,0.00509892660877059,0.01171875,256,1
P05_cross_mismatch,P05_cross_mismatch__steady,2,calibration,ENGINEERING_PRIMARY,dq_positive,12,1.94804241695792e-05,-1.15741737077518e-05,-0.00161914580985259,0.00277795816661292,-0.0166575087952948,0.0167863686874364,0.0246532356060155,0.908128279263515,0.0151672228775838,0.0194354669619078,0.0229540088706096,0.00509892660877059,0.01171875,256,1
P05_cross_mismatch,P05_cross_mismatch__steady,2,calibration,ENGINEERING_PRIMARY,dq_negative,12,1.94804241695792e-05,-1.15741737077518e-05,-0.00161914580985259,0.00277795816661292,-0.0166575087952948,0.0167863686874364,0.0230522209247625,-2.49547436211184,-0.018405514497289,-0.0138795506286819,0.0229540088706096,0.00509892660877059,0.01171875,256,1
P05_cross_mismatch,P05_cross_mismatch__steady,3,validation,ENGINEERING_PRIMARY,d,6,1.94804241519943e-05,0,0.0131228962738124,0,-0.00776645851805611,0,0.0152488781399133,0.534386810399541,0.0131228962738124,0.00776645851805611,0.0229540088705936,0.0050989266087749,0.01171875,256,1
P05_cross_mismatch,P05_cross_mismatch__steady,3,validation,ENGINEERING_PRIMARY,q,6,-1.157417370354e-05,0,-0.00682415415523746,0,0.0103649720819352,0,0.0124097431961238,-2.15304434160839,-0.00682415415523746,-0.0103649720819352,0.0229540088705936,0.0050989266087749,0.01171875,256,1
P05_cross_mismatch,P05_cross_mismatch__steady,3,validation,ENGINEERING_PRIMARY,dq_positive,6,1.94804241519943e-05,-1.157417370354e-05,0.0131228962738124,-0.00682415415523746,-0.00776645851805611,0.0103649720819352,0.0235067628015666,0.0400972657464044,0.0234878683557476,0.000942304362818649,0.0229540088705936,0.0050989266087749,0.01171875,256,1
P05_cross_mismatch,P05_cross_mismatch__steady,3,validation,ENGINEERING_PRIMARY,dq_negative,6,1.94804241519943e-05,-1.157417370354e-05,0.0131228962738124,-0.00682415415523746,-0.00776645851805611,0.0103649720819352,0.0148489772048521,-1.3839799689514,0.00275792419187726,-0.0145906126732936,0.0229540088705936,0.0050989266087749,0.01171875,256,1
P05_cross_mismatch,P05_cross_mismatch__steady,3,validation,ENGINEERING_PRIMARY,d,12,1.94804241519943e-05,0,-0.00161914580986573,0,-0.0166575087952668,0,0.0167360160258646,1.6676940786825,-0.00161914580986573,0.0166575087952668,0.0229540088705936,0.0050989266087749,0.01171875,256,1
P05_cross_mismatch,P05_cross_mismatch__steady,3,validation,ENGINEERING_PRIMARY,q,12,-1.157417370354e-05,0,0.00277795816660891,0,0.0167863686874245,0,0.0170146767611252,-1.40679377522722,0.00277795816660891,-0.0167863686874245,0.0229540088705936,0.0050989266087749,0.01171875,256,1
P05_cross_mismatch,P05_cross_mismatch__steady,3,validation,ENGINEERING_PRIMARY,dq_positive,12,1.94804241519943e-05,-1.157417370354e-05,-0.00161914580986573,0.00277795816660891,-0.0166575087952668,0.0167863686874245,0.0246532356059748,0.908128279263517,0.0151672228775587,0.0194354669618758,0.0229540088705936,0.0050989266087749,0.01171875,256,1
P05_cross_mismatch,P05_cross_mismatch__steady,3,validation,ENGINEERING_PRIMARY,dq_negative,12,1.94804241519943e-05,-1.157417370354e-05,-0.00161914580986573,0.00277795816660891,-0.0166575087952668,0.0167863686874245,0.0230522209247491,-2.4954743621127,-0.0184055144972902,-0.0138795506286579,0.0229540088705936,0.0050989266087749,0.01171875,256,1
P05_cross_mismatch,P05_cross_mismatch__steady,4,validation,ENGINEERING_PRIMARY,d,6,1.94804241551151e-05,0,0.0131228962738063,0,-0.00776645851805239,0,0.0152488781399062,0.534386810399535,0.0131228962738063,0.00776645851805239,0.0229540088705982,0.00509892660879677,0.01171875,256,1
P05_cross_mismatch,P05_cross_mismatch__steady,4,validation,ENGINEERING_PRIMARY,q,6,-1.15741737076335e-05,0,-0.00682415415524192,0,0.010364972081936,0,0.0124097431961269,-2.15304434160865,-0.00682415415524192,-0.010364972081936,0.0229540088705982,0.00509892660879677,0.01171875,256,1
P05_cross_mismatch,P05_cross_mismatch__steady,4,validation,ENGINEERING_PRIMARY,dq_positive,6,1.94804241551151e-05,-1.15741737076335e-05,0.0131228962738063,-0.00682415415524192,-0.00776645851805239,0.010364972081936,0.023506762801561,0.0400972657460656,0.0234878683557423,0.000942304362810468,0.0229540088705982,0.00509892660879677,0.01171875,256,1
P05_cross_mismatch,P05_cross_mismatch__steady,4,validation,ENGINEERING_PRIMARY,dq_negative,6,1.94804241551151e-05,-1.15741737076335e-05,0.0131228962738063,-0.00682415415524192,-0.00776645851805239,0.010364972081936,0.0148489772048515,-1.38397996895188,0.00275792419187028,-0.0145906126732943,0.0229540088705982,0.00509892660879677,0.01171875,256,1
P05_cross_mismatch,P05_cross_mismatch__steady,4,validation,ENGINEERING_PRIMARY,d,12,1.94804241551151e-05,0,-0.00161914580988636,0,-0.0166575087952665,0,0.0167360160258663,1.66769407868373,-0.00161914580988636,0.0166575087952665,0.0229540088705982,0.00509892660879677,0.01171875,256,1
P05_cross_mismatch,P05_cross_mismatch__steady,4,validation,ENGINEERING_PRIMARY,q,12,-1.15741737076335e-05,0,0.00277795816661523,0,0.0167863686874216,0,0.0170146767611234,-1.40679377522683,0.00277795816661523,-0.0167863686874216,0.0229540088705982,0.00509892660879677,0.01171875,256,1
P05_cross_mismatch,P05_cross_mismatch__steady,4,validation,ENGINEERING_PRIMARY,dq_positive,12,1.94804241551151e-05,-1.15741737076335e-05,-0.00161914580988636,0.00277795816661523,-0.0166575087952665,0.0167863686874216,0.0246532356059651,0.908128279264418,0.0151672228775352,0.0194354669618817,0.0229540088705982,0.00509892660879677,0.01171875,256,1
P05_cross_mismatch,P05_cross_mismatch__steady,4,validation,ENGINEERING_PRIMARY,dq_negative,12,1.94804241551151e-05,-1.15741737076335e-05,-0.00161914580988636,0.00277795816661523,-0.0166575087952665,0.0167863686874216,0.0230522209247592,-2.4954743621134,-0.0184055144973079,-0.0138795506286513,0.0229540088705982,0.00509892660879677,0.01171875,256,1
P06_controller_high_L,P06_controller_high_L__steady,1,calibration,ENGINEERING_PRIMARY,d,6,-1.22843815491374e-05,0,0.0146407377426144,0,-0.000762911152328493,0,0.0146606014567739,0.0520617041983435,0.0146407377426144,0.000762911152328493,0.0643131558338634,0.00998615384821082,0,256,1
P06_controller_high_L,P06_controller_high_L__steady,1,calibration,ENGINEERING_PRIMARY,q,6,3.88197413487223e-06,0,0.00483716747508571,0,-0.0118159388388194,0,0.012767717095266,1.1822330006139,0.00483716747508571,0.0118159388388194,0.0643131558338634,0.00998615384821082,0,256,1
P06_controller_high_L,P06_controller_high_L__steady,1,calibration,ENGINEERING_PRIMARY,dq_positive,6,-1.22843815491374e-05,3.88197413487223e-06,0.0146407377426144,0.00483716747508571,-0.000762911152328493,-0.0118159388388194,0.00627219016613037,1.10361794209393,0.00282479890379497,0.0056000786274142,0.0643131558338634,0.00998615384821082,0,256,1
P06_controller_high_L,P06_controller_high_L__steady,1,calibration,ENGINEERING_PRIMARY,dq_negative,6,-1.22843815491374e-05,3.88197413487223e-06,0.0146407377426144,0.00483716747508571,-0.000762911152328493,-0.0118159388388194,0.0267685505830651,0.152796960322492,0.0264566765814338,0.00407425632275721,0.0643131558338634,0.00998615384821082,0,256,1
P06_controller_high_L,P06_controller_high_L__steady,1,calibration,ENGINEERING_PRIMARY,d,12,-1.22843815491374e-05,0,0.0149108917677853,0,-0.0115361542062516,0,0.018852520976809,0.65848047762175,0.0149108917677853,0.0115361542062516,0.0643131558338634,0.00998615384821082,0,256,1
P06_controller_high_L,P06_controller_high_L__steady,1,calibration,ENGINEERING_PRIMARY,q,12,3.88197413487223e-06,0,0.00156335963293961,0,-0.0141965695117495,0,0.0142823905297342,1.46111591183392,0.00156335963293961,0.0141965695117495,0.0643131558338634,0.00998615384821082,0,256,1
P06_controller_high_L,P06_controller_high_L__steady,1,calibration,ENGINEERING_PRIMARY,dq_positive,12,-1.22843815491374e-05,3.88197413487223e-06,0.0149108917677853,0.00156335963293961,-0.0115361542062516,-0.0141965695117495,0.013118975535789,1.51631984037519,0.000714322256035824,0.0130995138391912,0.0643131558338634,0.00998615384821082,0,256,1
P06_controller_high_L,P06_controller_high_L__steady,1,calibration,ENGINEERING_PRIMARY,dq_negative,12,-1.22843815491374e-05,3.88197413487223e-06,0.0149108917677853,0.00156335963293961,-0.0115361542062516,-0.0141965695117495,0.0307685055493617,-0.330085023556162,0.0291074612795348,-0.00997279457331202,0.0643131558338634,0.00998615384821082,0,256,1
P06_controller_high_L,P06_controller_high_L__steady,2,calibration,ENGINEERING_PRIMARY,d,6,-1.22843815203925e-05,0,0.014640737742672,0,-0.000762911152266875,0,0.0146606014568282,0.0520617041939416,0.014640737742672,0.000762911152266875,0.0643131558337469,0.0100260188922374,0.01171875,256,1
P06_controller_high_L,P06_controller_high_L__steady,2,calibration,ENGINEERING_PRIMARY,q,6,3.88197415068972e-06,0,0.004837167475178,0,-0.0118159388388274,0,0.0127677170953084,1.18223300060744,0.004837167475178,0.0118159388388274,0.0643131558337469,0.0100260188922374,0.01171875,256,1
P06_controller_high_L,P06_controller_high_L__steady,2,calibration,ENGINEERING_PRIMARY,dq_positive,6,-1.22843815203925e-05,3.88197415068972e-06,0.014640737742672,0.004837167475178,-0.000762911152266875,-0.0118159388388274,0.00627219016618013,1.10361794208907,0.00282479890384463,0.00560007862744488,0.0643131558337469,0.0100260188922374,0.01171875,256,1
P06_controller_high_L,P06_controller_high_L__steady,2,calibration,ENGINEERING_PRIMARY,dq_negative,6,-1.22843815203925e-05,3.88197415068972e-06,0.014640737742672,0.004837167475178,-0.000762911152266875,-0.0118159388388274,0.0267685505831534,0.152796960327802,0.0264566765814994,0.00407425632291113,0.0643131558337469,0.0100260188922374,0.01171875,256,1
P06_controller_high_L,P06_controller_high_L__steady,2,calibration,ENGINEERING_PRIMARY,d,12,-1.22843815203925e-05,0,0.0149108917677298,0,-0.0115361542061013,0,0.0188525209766731,0.658480477617245,0.0149108917677298,0.0115361542061013,0.0643131558337469,0.0100260188922374,0.01171875,256,1
P06_controller_high_L,P06_controller_high_L__steady,2,calibration,ENGINEERING_PRIMARY,q,12,3.88197415068972e-06,0,0.00156335963297807,0,-0.0141965695116535,0,0.014282390529643,1.4611159118305,0.00156335963297807,0.0141965695116535,0.0643131558337469,0.0100260188922374,0.01171875,256,1
P06_controller_high_L,P06_controller_high_L__steady,2,calibration,ENGINEERING_PRIMARY,dq_positive,12,-1.22843815203925e-05,3.88197415068972e-06,0.0149108917677298,0.00156335963297807,-0.0115361542061013,-0.0141965695116535,0.0131189755356795,1.51631984037165,0.00071432225607625,0.0130995138390794,0.0643131558337469,0.0100260188922374,0.01171875,256,1
P06_controller_high_L,P06_controller_high_L__steady,2,calibration,ENGINEERING_PRIMARY,dq_negative,12,-1.22843815203925e-05,3.88197415068972e-06,0.0149108917677298,0.00156335963297807,-0.0115361542061013,-0.0141965695116535,0.0307685055491572,-0.330085023551953,0.0291074612793833,-0.00997279457312322,0.0643131558337469,0.0100260188922374,0.01171875,256,1
P06_controller_high_L,P06_controller_high_L__steady,3,validation,ENGINEERING_PRIMARY,d,6,-1.22843815252834e-05,0,0.0146407377426699,0,-0.000762911152304864,0,0.0146606014568281,0.0520617041965369,0.0146407377426699,0.000762911152304864,0.0643131558338308,0.010026018892274,0.01171875,256,1
P06_controller_high_L,P06_controller_high_L__steady,3,validation,ENGINEERING_PRIMARY,q,6,3.88197414146175e-06,0,0.00483716747513565,0,-0.0118159388388364,0,0.0127677170953006,1.18223300061078,0.00483716747513565,0.0118159388388364,0.0643131558338308,0.010026018892274,0.01171875,256,1
P06_controller_high_L,P06_controller_high_L__steady,3,validation,ENGINEERING_PRIMARY,dq_positive,6,-1.22843815252834e-05,3.88197414146175e-06,0.0146407377426699,0.00483716747513565,-0.000762911152304864,-0.0118159388388364,0.00627219016617123,1.10361794209034,0.00282479890383351,0.00560007862744051,0.0643131558338308,0.010026018892274,0.01171875,256,1
P06_controller_high_L,P06_controller_high_L__steady,3,validation,ENGINEERING_PRIMARY,dq_negative,6,-1.22843815252834e-05,3.88197414146175e-06,0.0146407377426699,0.00483716747513565,-0.000762911152304864,-0.0118159388388364,0.0267685505831479,0.152796960324797,0.0264566765815063,0.00407425632283079,0.0643131558338308,0.010026018892274,0.01171875,256,1
P06_controller_high_L,P06_controller_high_L__steady,3,validation,ENGINEERING_PRIMARY,d,12,-1.22843815252834e-05,0,0.0149108917677917,0,-0.0115361542061711,0,0.0188525209767648,0.658480477618162,0.0149108917677917,0.0115361542061711,0.0643131558338308,0.010026018892274,0.01171875,256,1
P06_controller_high_L,P06_controller_high_L__steady,3,validation,ENGINEERING_PRIMARY,q,12,3.88197414146175e-06,0,0.00156335963297161,0,-0.0141965695117003,0,0.0142823905296888,1.46111591183131,0.00156335963297161,0.0141965695117003,0.0643131558338308,0.010026018892274,0.01171875,256,1
P06_controller_high_L,P06_controller_high_L__steady,3,validation,ENGINEERING_PRIMARY,dq_positive,12,-1.22843815252834e-05,3.88197414146175e-06,0.0149108917677917,0.00156335963297161,-0.0115361542061711,-0.0141965695117003,0.0131189755357435,1.51631984037076,0.00071432225609145,0.0130995138391427,0.0643131558338308,0.010026018892274,0.01171875,256,1
P06_controller_high_L,P06_controller_high_L__steady,3,validation,ENGINEERING_PRIMARY,dq_negative,12,-1.22843815252834e-05,3.88197414146175e-06,0.0149108917677917,0.00156335963297161,-0.0115361542061711,-0.0141965695117003,0.0307685055492847,-0.330085023553152,0.029107461279492,-0.00997279457319944,0.0643131558338308,0.010026018892274,0.01171875,256,1
P06_controller_high_L,P06_controller_high_L__steady,4,validation,ENGINEERING_PRIMARY,d,6,-1.22843815237507e-05,0,0.0146407377426709,0,-0.000762911152306125,0,0.0146606014568291,0.0520617041966193,0.0146407377426709,0.000762911152306125,0.0643131558338156,0.010066365207772,0.01953125,256,1
P06_controller_high_L,P06_controller_high_L__steady,4,validation,ENGINEERING_PRIMARY,q,6,3.88197414637805e-06,0,0.00483716747514264,0,-0.0118159388388361,0,0.012767717095303,1.18223300061026,0.00483716747514264,0.0118159388388361,0.0643131558338156,0.010066365207772,0.01953125,256,1
P06_controller_high_L,P06_controller_high_L__steady,4,validation,ENGINEERING_PRIMARY,dq_positive,6,-1.22843815237507e-05,3.88197414637805e-06,0.0146407377426709,0.00483716747514264,-0.000762911152306125,-0.0118159388388361,0.00627219016617918,1.10361794209074,0.00282479890383482,0.00560007862744877,0.0643131558338156,0.010066365207772,0.01953125,256,1
P06_controller_high_L,P06_controller_high_L__steady,4,validation,ENGINEERING_PRIMARY,dq_negative,6,-1.22843815237507e-05,3.88197414637805e-06,0.0146407377426709,0.00483716747514264,-0.000762911152306125,-0.0118159388388361,0.0267685505831494,0.152796960325005,0.0264566765815069,0.00407425632283652,0.0643131558338156,0.010066365207772,0.01953125,256,1
P06_controller_high_L,P06_controller_high_L__steady,4,validation,ENGINEERING_PRIMARY,d,12,-1.22843815237507e-05,0,0.0149108917677992,0,-0.0115361542061747,0,0.0188525209767729,0.65848047761807,0.0149108917677992,0.0115361542061747,0.0643131558338156,0.010066365207772,0.01953125,256,1
P06_controller_high_L,P06_controller_high_L__steady,4,validation,ENGINEERING_PRIMARY,q,12,3.88197414637805e-06,0,0.0015633596329798,0,-0.0141965695116968,0,0.0142823905296862,1.46111591183071,0.0015633596329798,0.0141965695116968,0.0643131558338156,0.010066365207772,0.01953125,256,1
P06_controller_high_L,P06_controller_high_L__steady,4,validation,ENGINEERING_PRIMARY,dq_positive,12,-1.22843815237507e-05,3.88197414637805e-06,0.0149108917677992,0.0015633596329798,-0.0115361542061747,-0.0141965695116968,0.0131189755357559,1.51631984036997,0.000714322256102431,0.0130995138391545,0.0643131558338156,0.010066365207772,0.01953125,256,1
P06_controller_high_L,P06_controller_high_L__steady,4,validation,ENGINEERING_PRIMARY,dq_negative,12,-1.22843815237507e-05,3.88197414637805e-06,0.0149108917677992,0.0015633596329798,-0.0115361542061747,-0.0141965695116968,0.030768505549287,-0.330085023552969,0.029107461279496,-0.00997279457319487,0.0643131558338156,0.010066365207772,0.01953125,256,1
P07_controller_low_L,P07_controller_low_L__steady,1,calibration,ENGINEERING_PRIMARY,d,6,1.75539606184092e-05,0,0.0245765435353317,0,0.0139371934166489,0,0.0282533511725094,-0.515871891009911,0.0245765435353317,-0.0139371934166489,0.0362128817211716,0.00797532310626128,0,256,1
P07_controller_low_L,P07_controller_low_L__steady,1,calibration,ENGINEERING_PRIMARY,q,6,-1.36560643596641e-05,0,-0.0105170259899138,0,0.0187487917099729,0,0.0214970934374038,-2.08200314838137,-0.0105170259899138,-0.0187487917099729,0.0362128817211716,0.00797532310626128,0,256,1
P07_controller_low_L,P07_controller_low_L__steady,1,calibration,ENGINEERING_PRIMARY,dq_positive,6,1.75539606184092e-05,-1.36560643596641e-05,0.0245765435353317,-0.0105170259899138,0.0139371934166489,0.0187487917099729,0.0497503117668859,-0.513856121984717,0.0433253352453046,-0.0244542194065627,0.0362128817211716,0.00797532310626128,0,256,1
P07_controller_low_L,P07_controller_low_L__steady,1,calibration,ENGINEERING_PRIMARY,dq_negative,6,1.75539606184092e-05,-1.36560643596641e-05,0.0245765435353317,-0.0105170259899138,0.0139371934166489,0.0187487917099729,0.00675723586719253,0.530713573811689,0.00582775182535884,0.00342016742673512,0.0362128817211716,0.00797532310626128,0,256,1
P07_controller_low_L,P07_controller_low_L__steady,1,calibration,ENGINEERING_PRIMARY,d,12,1.75539606184092e-05,0,0.0225262540370294,0,0.0150021938627726,0,0.0270646991787642,-0.587531964073161,0.0225262540370294,-0.0150021938627726,0.0362128817211716,0.00797532310626128,0,256,1
P07_controller_low_L,P07_controller_low_L__steady,1,calibration,ENGINEERING_PRIMARY,q,12,-1.36560643596641e-05,0,0.00560173206234238,0,0.0234965542189461,0,0.0241550711500121,-1.33675857071069,0.00560173206234238,-0.0234965542189461,0.0362128817211716,0.00797532310626128,0,256,1
P07_controller_low_L,P07_controller_low_L__steady,1,calibration,ENGINEERING_PRIMARY,dq_positive,12,1.75539606184092e-05,-1.36560643596641e-05,0.0225262540370294,0.00560173206234238,0.0150021938627726,0.0234965542189461,0.0469730514425839,-0.201485062878596,0.0460228082559755,-0.00940046180043026,0.0362128817211716,0.00797532310626128,0,256,1
P07_controller_low_L,P07_controller_low_L__steady,1,calibration,ENGINEERING_PRIMARY,dq_negative,12,1.75539606184092e-05,-1.36560643596641e-05,0.0225262540370294,0.00560173206234238,0.0150021938627726,0.0234965542189461,0.0206267604332492,1.61785453524119,-0.000970300181916624,0.020603925925115,0.0362128817211716,0.00797532310626128,0,256,1
P07_controller_low_L,P07_controller_low_L__steady,2,calibration,ENGINEERING_PRIMARY,d,6,1.75539606185858e-05,0,0.0245765435352988,0,0.013937193416722,0,0.0282533511725168,-0.515871891012737,0.0245765435352988,-0.013937193416722,0.0362128817211612,0.00800716085008289,0.01171875,256,1
P07_controller_low_L,P07_controller_low_L__steady,2,calibration,ENGINEERING_PRIMARY,q,6,-1.36560643709361e-05,0,-0.0105170259899549,0,0.01874879170998,0,0.0214970934374302,-2.08200314838287,-0.0105170259899549,-0.01874879170998,0.0362128817211612,0.00800716085008289,0.01171875,256,1
P07_controller_low_L,P07_controller_low_L__steady,2,calibration,ENGINEERING_PRIMARY,dq_positive,6,1.75539606185858e-05,-1.36560643709361e-05,0.0245765435352988,-0.0105170259899549,0.013937193416722,0.01874879170998,0.0497503117669195,-0.513856121986971,0.0433253352452788,-0.0244542194066769,0.0362128817211612,0.00800716085008289,0.01171875,256,1
P07_controller_low_L,P07_controller_low_L__steady,2,calibration,ENGINEERING_PRIMARY,dq_negative,6,1.75539606185858e-05,-1.36560643709361e-05,0.0245765435352988,-0.0105170259899549,0.013937193416722,0.01874879170998,0.00675723586717411,0.530713573818776,0.00582775182531872,0.0034201674267671,0.0362128817211612,0.00800716085008289,0.01171875,256,1
P07_controller_low_L,P07_controller_low_L__steady,2,calibration,ENGINEERING_PRIMARY,d,12,1.75539606185858e-05,0,0.0225262540369914,0,0.0150021938627419,0,0.0270646991787155,-0.587531964072994,0.0225262540369914,-0.0150021938627419,0.0362128817211612,0.00800716085008289,0.01171875,256,1
P07_controller_low_L,P07_controller_low_L__steady,2,calibration,ENGINEERING_PRIMARY,q,12,-1.36560643709361e-05,0,0.00560173206229708,0,0.0234965542189191,0,0.0241550711499753,-1.33675857071226,0.00560173206229708,-0.0234965542189191,0.0362128817211612,0.00800716085008289,0.01171875,256,1
P07_controller_low_L,P07_controller_low_L__steady,2,calibration,ENGINEERING_PRIMARY,dq_positive,12,1.75539606185858e-05,-1.36560643709361e-05,0.0225262540369914,0.00560173206229708,0.0150021938627419,0.0234965542189191,0.0469730514425231,-0.201485062879176,0.0460228082559105,-0.00940046180044481,0.0362128817211612,0.00800716085008289,0.01171875,256,1
P07_controller_low_L,P07_controller_low_L__steady,2,calibration,ENGINEERING_PRIMARY,dq_negative,12,1.75539606185858e-05,-1.36560643709361e-05,0.0225262540369914,0.00560173206229708,0.0150021938627419,0.0234965542189191,0.0206267604331737,1.61785453524189,-0.00097030018192765,0.020603925925039,0.0362128817211612,0.00800716085008289,0.01171875,256,1
P07_controller_low_L,P07_controller_low_L__steady,3,validation,ENGINEERING_PRIMARY,d,6,1.75539606176083e-05,0,0.0245765435353041,0,0.0139371934166939,0,0.0282533511725076,-0.515871891011778,0.0245765435353041,-0.0139371934166939,0.0362128817211707,0.0080393829555037,0.01953125,256,1
P07_controller_low_L,P07_controller_low_L__steady,3,validation,ENGINEERING_PRIMARY,q,6,-1.36560643768682e-05,0,-0.0105170259899499,0,0.0187487917099914,0,0.0214970934374376,-2.08200314838241,-0.0105170259899499,-0.0187487917099914,0.0362128817211707,0.0080393829555037,0.01953125,256,1
P07_controller_low_L,P07_controller_low_L__steady,3,validation,ENGINEERING_PRIMARY,dq_positive,6,1.75539606176083e-05,-1.36560643768682e-05,0.0245765435353041,-0.0105170259899499,0.0139371934166939,0.0187487917099914,0.0497503117669178,-0.513856121986227,0.0433253352452955,-0.0244542194066438,0.0362128817211707,0.0080393829555037,0.01953125,256,1
P07_controller_low_L,P07_controller_low_L__steady,3,validation,ENGINEERING_PRIMARY,dq_negative,6,1.75539606176083e-05,-1.36560643768682e-05,0.0245765435353041,-0.0105170259899499,0.0139371934166939,0.0187487917099914,0.00675723586715724,0.530713573816275,0.00582775182531271,0.00342016742674398,0.0362128817211707,0.0080393829555037,0.01953125,256,1
P07_controller_low_L,P07_controller_low_L__steady,3,validation,ENGINEERING_PRIMARY,d,12,1.75539606176083e-05,0,0.0225262540370042,0,0.0150021938627258,0,0.0270646991787172,-0.587531964072238,0.0225262540370042,-0.0150021938627258,0.0362128817211707,0.0080393829555037,0.01953125,256,1
P07_controller_low_L,P07_controller_low_L__steady,3,validation,ENGINEERING_PRIMARY,q,12,-1.36560643768682e-05,0,0.00560173206230856,0,0.0234965542189363,0,0.0241550711499947,-1.33675857071196,0.00560173206230856,-0.0234965542189363,0.0362128817211707,0.0080393829555037,0.01953125,256,1
P07_controller_low_L,P07_controller_low_L__steady,3,validation,ENGINEERING_PRIMARY,dq_positive,12,1.75539606176083e-05,-1.36560643768682e-05,0.0225262540370042,0.00560173206230856,0.0150021938627258,0.0234965542189363,0.046973051442547,-0.201485062878474,0.0460228082559405,-0.00940046180041725,0.0362128817211707,0.0080393829555037,0.01953125,256,1
P07_controller_low_L,P07_controller_low_L__steady,3,validation,ENGINEERING_PRIMARY,dq_negative,12,1.75539606176083e-05,-1.36560643768682e-05,0.0225262540370042,0.00560173206230856,0.0150021938627258,0.0234965542189363,0.0206267604331693,1.61785453524212,-0.000970300181932102,0.0206039259250344,0.0362128817211707,0.0080393829555037,0.01953125,256,1
P07_controller_low_L,P07_controller_low_L__steady,4,validation,ENGINEERING_PRIMARY,d,6,1.75539606204386e-05,0,0.0245765435353481,0,0.0139371934167006,0,0.0282533511725491,-0.515871891011217,0.0245765435353481,-0.0139371934167006,0.0362128817211515,0.00800716085004515,0.01171875,256,1
P07_controller_low_L,P07_controller_low_L__steady,4,validation,ENGINEERING_PRIMARY,q,6,-1.36560643668453e-05,0,-0.0105170259899275,0,0.0187487917099766,0,0.0214970934374137,-2.08200314838184,-0.0105170259899275,-0.0187487917099766,0.0362128817211515,0.00800716085004515,0.01171875,256,1
P07_controller_low_L,P07_controller_low_L__steady,4,validation,ENGINEERING_PRIMARY,dq_positive,6,1.75539606204386e-05,-1.36560643668453e-05,0.0245765435353481,-0.0105170259899275,0.0139371934167006,0.0187487917099766,0.0497503117669354,-0.513856121985663,0.0433253352453246,-0.024454219406628,0.0362128817211515,0.00800716085004515,0.01171875,256,1
P07_controller_low_L,P07_controller_low_L__steady,4,validation,ENGINEERING_PRIMARY,dq_negative,6,1.75539606204386e-05,-1.36560643668453e-05,0.0245765435353481,-0.0105170259899275,0.0139371934167006,0.0187487917099766,0.00675723586722268,0.530713573815594,0.00582775182537149,0.00342016742677313,0.0362128817211515,0.00800716085004515,0.01171875,256,1
P07_controller_low_L,P07_controller_low_L__steady,4,validation,ENGINEERING_PRIMARY,d,12,1.75539606204386e-05,0,0.0225262540370022,0,0.0150021938627767,0,0.0270646991787438,-0.587531964073845,0.0225262540370022,-0.0150021938627767,0.0362128817211515,0.00800716085004515,0.01171875,256,1
P07_controller_low_L,P07_controller_low_L__steady,4,validation,ENGINEERING_PRIMARY,q,12,-1.36560643668453e-05,0,0.00560173206230895,0,0.0234965542189431,0,0.0241550711500015,-1.33675857071201,0.00560173206230895,-0.0234965542189431,0.0362128817211515,0.00800716085004515,0.01171875,256,1
P07_controller_low_L,P07_controller_low_L__steady,4,validation,ENGINEERING_PRIMARY,dq_positive,12,1.75539606204386e-05,-1.36560643668453e-05,0.0225262540370022,0.00560173206230895,0.0150021938627767,0.0234965542189431,0.0469730514425619,-0.201485062879507,0.0460228082559453,-0.00940046180046777,0.0362128817211515,0.00800716085004515,0.01171875,256,1
P07_controller_low_L,P07_controller_low_L__steady,4,validation,ENGINEERING_PRIMARY,dq_negative,12,1.75539606204386e-05,-1.36560643668453e-05,0.0225262540370022,0.00560173206230895,0.0150021938627767,0.0234965542189431,0.020626760433221,1.61785453524243,-0.000970300181940931,0.0206039259250857,0.0362128817211515,0.00800716085004515,0.01171875,256,1
P08_opposed_20pct,P08_opposed_20pct__steady,1,calibration,ENGINEERING_PRIMARY,d,6,-1.32636912280053e-05,0,-0.00542212116515029,0,0.0212730138956938,0,0.021953143695971,-1.82036507582868,-0.00542212116515029,-0.0212730138956938,0.0586231161047231,0.0100329963199025,0,256,1
P08_opposed_20pct,P08_opposed_20pct__steady,1,calibration,ENGINEERING_PRIMARY,q,6,4.23238112658859e-05,0,-0.000440792648193122,0,-0.0217271221697882,0,0.0217315930373179,1.59108121240803,-0.000440792648193122,0.0217271221697882,0.0586231161047231,0.0100329963199025,0,256,1
P08_opposed_20pct,P08_opposed_20pct__steady,1,calibration,ENGINEERING_PRIMARY,dq_positive,6,-1.32636912280053e-05,4.23238112658859e-05,-0.00542212116515029,-0.000440792648193122,0.0212730138956938,-0.0217271221697882,0.0347645050056095,-2.46697722996044,-0.0271492433349385,-0.021713806543887,0.0586231161047231,0.0100329963199025,0,256,1
P08_opposed_20pct,P08_opposed_20pct__steady,1,calibration,ENGINEERING_PRIMARY,dq_negative,6,-1.32636912280053e-05,4.23238112658859e-05,-0.00542212116515029,-0.000440792648193122,0.0212730138956938,-0.0217271221697882,0.0264543852672116,0.906704811598461,0.0163050010046379,0.0208322212475007,0.0586231161047231,0.0100329963199025,0,256,1
P08_opposed_20pct,P08_opposed_20pct__steady,1,calibration,ENGINEERING_PRIMARY,d,12,-1.32636912280053e-05,0,-0.0182792562866599,0,-0.00167618914195607,0,0.0183559478217009,3.05014940854645,-0.0182792562866599,0.00167618914195607,0.0586231161047231,0.0100329963199025,0,256,1
P08_opposed_20pct,P08_opposed_20pct__steady,1,calibration,ENGINEERING_PRIMARY,q,12,4.23238112658859e-05,0,0.0175986193039856,0,-0.018068869627507,0,0.0252229151967504,0.798581684113532,0.0175986193039856,0.018068869627507,0.0586231161047231,0.0100329963199025,0,256,1
P08_opposed_20pct,P08_opposed_20pct__steady,1,calibration,ENGINEERING_PRIMARY,dq_positive,12,-1.32636912280053e-05,4.23238112658859e-05,-0.0182792562866599,0.0175986193039856,-0.00167618914195607,-0.018068869627507,0.0411424901786447,2.65401283533409,-0.0363481259141669,0.0192748084459417,0.0586231161047231,0.0100329963199025,0,256,1
P08_opposed_20pct,P08_opposed_20pct__steady,1,calibration,ENGINEERING_PRIMARY,dq_negative,12,-1.32636912280053e-05,4.23238112658859e-05,-0.0182792562866599,0.0175986193039856,-0.00167618914195607,-0.018068869627507,0.0159238200445451,1.58400878334452,-0.000210386659152836,0.0159224301620295,0.0586231161047231,0.0100329963199025,0,256,1
P08_opposed_20pct,P08_opposed_20pct__steady,2,calibration,ENGINEERING_PRIMARY,d,6,-1.32636912245993e-05,0,-0.00542212116511428,0,0.0212730138956808,0,0.0219531436959495,-1.82036507582724,-0.00542212116511428,-0.0212730138956808,0.0586231161047424,0.0100730483606595,0.01171875,256,1
P08_opposed_20pct,P08_opposed_20pct__steady,2,calibration,ENGINEERING_PRIMARY,q,6,4.23238112664051e-05,0,-0.000440792648196003,0,-0.0217271221697983,0,0.021731593037328,1.59108121240816,-0.000440792648196003,0.0217271221697983,0.0586231161047424,0.0100730483606595,0.01171875,256,1
P08_opposed_20pct,P08_opposed_20pct__steady,2,calibration,ENGINEERING_PRIMARY,dq_positive,6,-1.32636912245993e-05,4.23238112664051e-05,-0.00542212116511428,-0.000440792648196003,0.0212730138956808,-0.0217271221697983,0.0347645050055829,-2.4669772299602,-0.0271492433349126,-0.0217138065438768,0.0586231161047424,0.0100730483606595,0.01171875,256,1
P08_opposed_20pct,P08_opposed_20pct__steady,2,calibration,ENGINEERING_PRIMARY,dq_negative,6,-1.32636912245993e-05,4.23238112664051e-05,-0.00542212116511428,-0.000440792648196003,0.0212730138956808,-0.0217271221697983,0.0264543852672275,0.906704811596717,0.016305001004684,0.0208322212474848,0.0586231161047424,0.0100730483606595,0.01171875,256,1
P08_opposed_20pct,P08_opposed_20pct__steady,2,calibration,ENGINEERING_PRIMARY,d,12,-1.32636912245993e-05,0,-0.0182792562866207,0,-0.00167618914196359,0,0.0183559478216626,3.05014940854585,-0.0182792562866207,0.00167618914196359,0.0586231161047424,0.0100730483606595,0.01171875,256,1
P08_opposed_20pct,P08_opposed_20pct__steady,2,calibration,ENGINEERING_PRIMARY,q,12,4.23238112664051e-05,0,0.0175986193039926,0,-0.0180688696275498,0,0.0252229151967859,0.798581684114516,0.0175986193039926,0.0180688696275498,0.0586231161047424,0.0100730483606595,0.01171875,256,1
P08_opposed_20pct,P08_opposed_20pct__steady,2,calibration,ENGINEERING_PRIMARY,dq_positive,12,-1.32636912245993e-05,4.23238112664051e-05,-0.0182792562866207,0.0175986193039926,-0.00167618914196359,-0.0180688696275498,0.0411424901786547,2.65401283533382,-0.0363481259141705,0.0192748084459562,0.0586231161047424,0.0100730483606595,0.01171875,256,1
P08_opposed_20pct,P08_opposed_20pct__steady,2,calibration,ENGINEERING_PRIMARY,dq_negative,12,-1.32636912245993e-05,4.23238112664051e-05,-0.0182792562866207,0.0175986193039926,-0.00167618914196359,-0.0180688696275498,0.0159238200445435,1.58400878333938,-0.000210386659070902,0.015922430162029,0.0586231161047424,0.0100730483606595,0.01171875,256,1
P08_opposed_20pct,P08_opposed_20pct__steady,3,validation,ENGINEERING_PRIMARY,d,6,-1.32636912204798e-05,0,-0.00542212116505274,0,0.0212730138957347,0,0.0219531436959866,-1.82036507582392,-0.00542212116505274,-0.0212730138957347,0.0586231161047688,0.010113583930274,0.01953125,256,1
P08_opposed_20pct,P08_opposed_20pct__steady,3,validation,ENGINEERING_PRIMARY,q,6,4.23238112680535e-05,0,-0.000440792648311818,0,-0.0217271221697609,0,0.021731593037293,1.59108121241352,-0.000440792648311818,0.0217271221697609,0.0586231161047688,0.010113583930274,0.01953125,256,1
P08_opposed_20pct,P08_opposed_20pct__steady,3,validation,ENGINEERING_PRIMARY,dq_positive,6,-1.32636912204798e-05,4.23238112680535e-05,-0.00542212116505274,-0.000440792648311818,0.0212730138957347,-0.0217271221697609,0.0347645050056117,-2.46697722995461,-0.0271492433348136,-0.0217138065440465,0.0586231161047688,0.010113583930274,0.01953125,256,1
P08_opposed_20pct,P08_opposed_20pct__steady,3,validation,ENGINEERING_PRIMARY,dq_negative,6,-1.32636912204798e-05,4.23238112680535e-05,-0.00542212116505274,-0.000440792648311818,0.0212730138957347,-0.0217271221697609,0.0264543852671936,0.906704811594558,0.0163050010047081,0.0208322212474229,0.0586231161047688,0.010113583930274,0.01953125,256,1
P08_opposed_20pct,P08_opposed_20pct__steady,3,validation,ENGINEERING_PRIMARY,d,12,-1.32636912204798e-05,0,-0.0182792562866566,0,-0.00167618914189318,0,0.0183559478216919,3.05014940854984,-0.0182792562866566,0.00167618914189318,0.0586231161047688,0.010113583930274,0.01953125,256,1
P08_opposed_20pct,P08_opposed_20pct__steady,3,validation,ENGINEERING_PRIMARY,q,12,4.23238112680535e-05,0,0.0175986193039281,0,-0.0180688696276315,0,0.0252229151967994,0.798581684118608,0.0175986193039281,0.0180688696276315,0.0586231161047688,0.010113583930274,0.01953125,256,1
P08_opposed_20pct,P08_opposed_20pct__steady,3,validation,ENGINEERING_PRIMARY,dq_positive,12,-1.32636912204798e-05,4.23238112680535e-05,-0.0182792562866566,0.0175986193039281,-0.00167618914189318,-0.0180688696276315,0.0411424901786954,2.65401283533806,-0.0363481259142881,0.0192748084458213,0.0586231161047688,0.010113583930274,0.01953125,256,1
P08_opposed_20pct,P08_opposed_20pct__steady,3,validation,ENGINEERING_PRIMARY,dq_negative,12,-1.32636912204798e-05,4.23238112680535e-05,-0.0182792562866566,0.0175986193039281,-0.00167618914189318,-0.0180688696276315,0.0159238200445488,1.5840087833365,-0.000210386659025116,0.0159224301620349,0.0586231161047688,0.010113583930274,0.01953125,256,1
P08_opposed_20pct,P08_opposed_20pct__steady,4,validation,ENGINEERING_PRIMARY,d,6,-1.32636912272405e-05,0,-0.00542212116500913,0,0.021273013895732,0,0.0219531436959731,-1.82036507582202,-0.00542212116500913,-0.021273013895732,0.0586231161047528,0.010073048360651,0.01171875,256,1
P08_opposed_20pct,P08_opposed_20pct__steady,4,validation,ENGINEERING_PRIMARY,q,6,4.23238112683324e-05,0,-0.000440792648348136,0,-0.0217271221697444,0,0.0217315930372773,1.59108121241521,-0.000440792648348136,0.0217271221697444,0.0586231161047528,0.010073048360651,0.01171875,256,1
P08_opposed_20pct,P08_opposed_20pct__steady,4,validation,ENGINEERING_PRIMARY,dq_positive,6,-1.32636912272405e-05,4.23238112683324e-05,-0.00542212116500913,-0.000440792648348136,0.021273013895732,-0.0217271221697444,0.0347645050055858,-2.46697722995278,-0.0271492433347536,-0.0217138065440801,0.0586231161047528,0.010073048360651,0.01171875,256,1
P08_opposed_20pct,P08_opposed_20pct__steady,4,validation,ENGINEERING_PRIMARY,dq_negative,6,-1.32636912272405e-05,4.23238112683324e-05,-0.00542212116500913,-0.000440792648348136,0.021273013895732,-0.0217271221697444,0.0264543852671796,0.906704811592839,0.0163050010047353,0.0208322212473838,0.0586231161047528,0.010073048360651,0.01171875,256,1
P08_opposed_20pct,P08_opposed_20pct__steady,4,validation,ENGINEERING_PRIMARY,d,12,-1.32636912272405e-05,0,-0.0182792562866707,0,-0.00167618914185853,0,0.0183559478217028,3.05014940855179,-0.0182792562866707,0.00167618914185853,0.0586231161047528,0.010073048360651,0.01171875,256,1
P08_opposed_20pct,P08_opposed_20pct__steady,4,validation,ENGINEERING_PRIMARY,q,12,4.23238112683324e-05,0,0.0175986193038991,0,-0.0180688696276462,0,0.0252229151967897,0.798581684119837,0.0175986193038991,0.0180688696276462,0.0586231161047528,0.010073048360651,0.01171875,256,1
P08_opposed_20pct,P08_opposed_20pct__steady,4,validation,ENGINEERING_PRIMARY,dq_positive,12,-1.32636912272405e-05,4.23238112683324e-05,-0.0182792562866707,0.0175986193038991,-0.00167618914185853,-0.0180688696276462,0.041142490178691,2.65401283533975,-0.0363481259143169,0.0192748084457576,0.0586231161047528,0.010073048360651,0.01171875,256,1
P08_opposed_20pct,P08_opposed_20pct__steady,4,validation,ENGINEERING_PRIMARY,dq_negative,12,-1.32636912272405e-05,4.23238112683324e-05,-0.0182792562866707,0.0175986193038991,-0.00167618914185853,-0.0180688696276462,0.0159238200445545,1.58400878333645,-0.000210386659024502,0.0159224301620406,0.0586231161047528,0.010073048360651,0.01171875,256,1
