case_id,window_id,evidence_role,order,frequency_hz,frequency_resolution_hz,order_resolution,sample_rate_hz,nyquist_frequency_hz,nyquist_order,fft_bin_frequency_hz,fft_amplitude_d,fft_amplitude_q,fft_phase_d,fft_phase_q,amplitude_d,amplitude_q,complex_amplitude,phase_d,phase_q,local_noise_floor_d,local_noise_floor_q,local_noise_floor,peak_snr_db,energy_share,leakage_fraction,aliasing_flag,validity
C01_nominal_100rpm_10A,C01_nominal_100rpm_10A__steady,ENGINEERING_PRIMARY,1,19.9999999999999,NaN,NaN,10000,5000,250.000000000001,NaN,NaN,NaN,NaN,NaN,NaN,NaN,NaN,NaN,NaN,NaN,NaN,NaN,NaN,NaN,NaN,0,EXCLUDED:fewer_than_3_complete_cycles
C01_nominal_100rpm_10A,C01_nominal_100rpm_10A__steady,ENGINEERING_PRIMARY,2,39.9999999999998,NaN,NaN,10000,5000,250.000000000001,NaN,NaN,NaN,NaN,NaN,NaN,NaN,NaN,NaN,NaN,NaN,NaN,NaN,NaN,NaN,NaN,0,EXCLUDED:fewer_than_3_complete_cycles
C01_nominal_100rpm_10A,C01_nominal_100rpm_10A__steady,ENGINEERING_PRIMARY,3,59.9999999999997,NaN,NaN,10000,5000,250.000000000001,NaN,NaN,NaN,NaN,NaN,NaN,NaN,NaN,NaN,NaN,NaN,NaN,NaN,NaN,NaN,NaN,0,EXCLUDED:fewer_than_3_complete_cycles
C01_nominal_100rpm_10A,C01_nominal_100rpm_10A__steady,ENGINEERING_PRIMARY,4,79.9999999999996,NaN,NaN,10000,5000,250.000000000001,NaN,NaN,NaN,NaN,NaN,NaN,NaN,NaN,NaN,NaN,NaN,NaN,NaN,NaN,NaN,NaN,0,EXCLUDED:fewer_than_3_complete_cycles
C01_nominal_100rpm_10A,C01_nominal_100rpm_10A__steady,ENGINEERING_PRIMARY,5,99.9999999999996,NaN,NaN,10000,5000,250.000000000001,NaN,NaN,NaN,NaN,NaN,NaN,NaN,NaN,NaN,NaN,NaN,NaN,NaN,NaN,NaN,NaN,0,EXCLUDED:fewer_than_3_complete_cycles
C01_nominal_100rpm_10A,C01_nominal_100rpm_10A__steady,ENGINEERING_PRIMARY,6,119.999999999999,NaN,NaN,10000,5000,250.000000000001,NaN,NaN,NaN,NaN,NaN,NaN,NaN,NaN,NaN,NaN,NaN,NaN,NaN,NaN,NaN,NaN,0,EXCLUDED:fewer_than_3_complete_cycles
C01_nominal_100rpm_10A,C01_nominal_100rpm_10A__steady,ENGINEERING_PRIMARY,7,139.999999999999,NaN,NaN,10000,5000,250.000000000001,NaN,NaN,NaN,NaN,NaN,NaN,NaN,NaN,NaN,NaN,NaN,NaN,NaN,NaN,NaN,NaN,0,EXCLUDED:fewer_than_3_complete_cycles
C01_nominal_100rpm_10A,C01_nominal_100rpm_10A__steady,ENGINEERING_PRIMARY,8,159.999999999999,NaN,NaN,10000,5000,250.000000000001,NaN,NaN,NaN,NaN,NaN,NaN,NaN,NaN,NaN,NaN,NaN,NaN,NaN,NaN,NaN,NaN,0,EXCLUDED:fewer_than_3_complete_cycles
C01_nominal_100rpm_10A,C01_nominal_100rpm_10A__steady,ENGINEERING_PRIMARY,9,179.999999999999,NaN,NaN,10000,5000,250.000000000001,NaN,NaN,NaN,NaN,NaN,NaN,NaN,NaN,NaN,NaN,NaN,NaN,NaN,NaN,NaN,NaN,0,EXCLUDED:fewer_than_3_complete_cycles
C01_nominal_100rpm_10A,C01_nominal_100rpm_10A__steady,ENGINEERING_PRIMARY,10,199.999999999999,NaN,NaN,10000,5000,250.000000000001,NaN,NaN,NaN,NaN,NaN,NaN,NaN,NaN,NaN,NaN,NaN,NaN,NaN,NaN,NaN,NaN,0,EXCLUDED:fewer_than_3_complete_cycles
C01_nominal_100rpm_10A,C01_nominal_100rpm_10A__steady,ENGINEERING_PRIMARY,11,219.999999999999,NaN,NaN,10000,5000,250.000000000001,NaN,NaN,NaN,NaN,NaN,NaN,NaN,NaN,NaN,NaN,NaN,NaN,NaN,NaN,NaN,NaN,0,EXCLUDED:fewer_than_3_complete_cycles
C01_nominal_100rpm_10A,C01_nominal_100rpm_10A__steady,ENGINEERING_PRIMARY,12,239.999999999999,NaN,NaN,10000,5000,250.000000000001,NaN,NaN,NaN,NaN,NaN,NaN,NaN,NaN,NaN,NaN,NaN,NaN,NaN,NaN,NaN,NaN,0,EXCLUDED:fewer_than_3_complete_cycles
C01_nominal_100rpm_10A,C01_nominal_100rpm_10A__steady,ENGINEERING_PRIMARY,13,259.999999999999,NaN,NaN,10000,5000,250.000000000001,NaN,NaN,NaN,NaN,NaN,NaN,NaN,NaN,NaN,NaN,NaN,NaN,NaN,NaN,NaN,NaN,0,EXCLUDED:fewer_than_3_complete_cycles
C01_nominal_100rpm_10A,C01_nominal_100rpm_10A__steady,ENGINEERING_PRIMARY,14,279.999999999999,NaN,NaN,10000,5000,250.000000000001,NaN,NaN,NaN,NaN,NaN,NaN,NaN,NaN,NaN,NaN,NaN,NaN,NaN,NaN,NaN,NaN,0,EXCLUDED:fewer_than_3_complete_cycles
C01_nominal_100rpm_10A,C01_nominal_100rpm_10A__steady,ENGINEERING_PRIMARY,15,299.999999999999,NaN,NaN,10000,5000,250.000000000001,NaN,NaN,NaN,NaN,NaN,NaN,NaN,NaN,NaN,NaN,NaN,NaN,NaN,NaN,NaN,NaN,0,EXCLUDED:fewer_than_3_complete_cycles
C01_nominal_100rpm_10A,C01_nominal_100rpm_10A__steady,ENGINEERING_PRIMARY,16,319.999999999999,NaN,NaN,10000,5000,250.000000000001,NaN,NaN,NaN,NaN,NaN,NaN,NaN,NaN,NaN,NaN,NaN,NaN,NaN,NaN,NaN,NaN,0,EXCLUDED:fewer_than_3_complete_cycles
C01_nominal_100rpm_10A,C01_nominal_100rpm_10A__steady,ENGINEERING_PRIMARY,17,339.999999999998,NaN,NaN,10000,5000,250.000000000001,NaN,NaN,NaN,NaN,NaN,NaN,NaN,NaN,NaN,NaN,NaN,NaN,NaN,NaN,NaN,NaN,0,EXCLUDED:fewer_than_3_complete_cycles
C01_nominal_100rpm_10A,C01_nominal_100rpm_10A__steady,ENGINEERING_PRIMARY,18,359.999999999998,NaN,NaN,10000,5000,250.000000000001,NaN,NaN,NaN,NaN,NaN,NaN,NaN,NaN,NaN,NaN,NaN,NaN,NaN,NaN,NaN,NaN,0,EXCLUDED:fewer_than_3_complete_cycles
C01_nominal_100rpm_10A,C01_nominal_100rpm_10A__steady,ENGINEERING_PRIMARY,19,379.999999999998,NaN,NaN,10000,5000,250.000000000001,NaN,NaN,NaN,NaN,NaN,NaN,NaN,NaN,NaN,NaN,NaN,NaN,NaN,NaN,NaN,NaN,0,EXCLUDED:fewer_than_3_complete_cycles
C01_nominal_100rpm_10A,C01_nominal_100rpm_10A__steady,ENGINEERING_PRIMARY,20,399.999999999998,NaN,NaN,10000,5000,250.000000000001,NaN,NaN,NaN,NaN,NaN,NaN,NaN,NaN,NaN,NaN,NaN,NaN,NaN,NaN,NaN,NaN,0,EXCLUDED:fewer_than_3_complete_cycles
C02_light_100rpm_4A,C02_light_100rpm_4A__steady,ENGINEERING_PRIMARY,1,19.9999999999999,NaN,NaN,10000,5000,250.000000000001,NaN,NaN,NaN,NaN,NaN,NaN,NaN,NaN,NaN,NaN,NaN,NaN,NaN,NaN,NaN,NaN,0,EXCLUDED:fewer_than_3_complete_cycles
C02_light_100rpm_4A,C02_light_100rpm_4A__steady,ENGINEERING_PRIMARY,2,39.9999999999998,NaN,NaN,10000,5000,250.000000000001,NaN,NaN,NaN,NaN,NaN,NaN,NaN,NaN,NaN,NaN,NaN,NaN,NaN,NaN,NaN,NaN,0,EXCLUDED:fewer_than_3_complete_cycles
C02_light_100rpm_4A,C02_light_100rpm_4A__steady,ENGINEERING_PRIMARY,3,59.9999999999997,NaN,NaN,10000,5000,250.000000000001,NaN,NaN,NaN,NaN,NaN,NaN,NaN,NaN,NaN,NaN,NaN,NaN,NaN,NaN,NaN,NaN,0,EXCLUDED:fewer_than_3_complete_cycles
C02_light_100rpm_4A,C02_light_100rpm_4A__steady,ENGINEERING_PRIMARY,4,79.9999999999996,NaN,NaN,10000,5000,250.000000000001,NaN,NaN,NaN,NaN,NaN,NaN,NaN,NaN,NaN,NaN,NaN,NaN,NaN,NaN,NaN,NaN,0,EXCLUDED:fewer_than_3_complete_cycles
C02_light_100rpm_4A,C02_light_100rpm_4A__steady,ENGINEERING_PRIMARY,5,99.9999999999996,NaN,NaN,10000,5000,250.000000000001,NaN,NaN,NaN,NaN,NaN,NaN,NaN,NaN,NaN,NaN,NaN,NaN,NaN,NaN,NaN,NaN,0,EXCLUDED:fewer_than_3_complete_cycles
C02_light_100rpm_4A,C02_light_100rpm_4A__steady,ENGINEERING_PRIMARY,6,119.999999999999,NaN,NaN,10000,5000,250.000000000001,NaN,NaN,NaN,NaN,NaN,NaN,NaN,NaN,NaN,NaN,NaN,NaN,NaN,NaN,NaN,NaN,0,EXCLUDED:fewer_than_3_complete_cycles
C02_light_100rpm_4A,C02_light_100rpm_4A__steady,ENGINEERING_PRIMARY,7,139.999999999999,NaN,NaN,10000,5000,250.000000000001,NaN,NaN,NaN,NaN,NaN,NaN,NaN,NaN,NaN,NaN,NaN,NaN,NaN,NaN,NaN,NaN,0,EXCLUDED:fewer_than_3_complete_cycles
C02_light_100rpm_4A,C02_light_100rpm_4A__steady,ENGINEERING_PRIMARY,8,159.999999999999,NaN,NaN,10000,5000,250.000000000001,NaN,NaN,NaN,NaN,NaN,NaN,NaN,NaN,NaN,NaN,NaN,NaN,NaN,NaN,NaN,NaN,0,EXCLUDED:fewer_than_3_complete_cycles
C02_light_100rpm_4A,C02_light_100rpm_4A__steady,ENGINEERING_PRIMARY,9,179.999999999999,NaN,NaN,10000,5000,250.000000000001,NaN,NaN,NaN,NaN,NaN,NaN,NaN,NaN,NaN,NaN,NaN,NaN,NaN,NaN,NaN,NaN,0,EXCLUDED:fewer_than_3_complete_cycles
C02_light_100rpm_4A,C02_light_100rpm_4A__steady,ENGINEERING_PRIMARY,10,199.999999999999,NaN,NaN,10000,5000,250.000000000001,NaN,NaN,NaN,NaN,NaN,NaN,NaN,NaN,NaN,NaN,NaN,NaN,NaN,NaN,NaN,NaN,0,EXCLUDED:fewer_than_3_complete_cycles
C02_light_100rpm_4A,C02_light_100rpm_4A__steady,ENGINEERING_PRIMARY,11,219.999999999999,NaN,NaN,10000,5000,250.000000000001,NaN,NaN,NaN,NaN,NaN,NaN,NaN,NaN,NaN,NaN,NaN,NaN,NaN,NaN,NaN,NaN,0,EXCLUDED:fewer_than_3_complete_cycles
C02_light_100rpm_4A,C02_light_100rpm_4A__steady,ENGINEERING_PRIMARY,12,239.999999999999,NaN,NaN,10000,5000,250.000000000001,NaN,NaN,NaN,NaN,NaN,NaN,NaN,NaN,NaN,NaN,NaN,NaN,NaN,NaN,NaN,NaN,0,EXCLUDED:fewer_than_3_complete_cycles
C02_light_100rpm_4A,C02_light_100rpm_4A__steady,ENGINEERING_PRIMARY,13,259.999999999999,NaN,NaN,10000,5000,250.000000000001,NaN,NaN,NaN,NaN,NaN,NaN,NaN,NaN,NaN,NaN,NaN,NaN,NaN,NaN,NaN,NaN,0,EXCLUDED:fewer_than_3_complete_cycles
C02_light_100rpm_4A,C02_light_100rpm_4A__steady,ENGINEERING_PRIMARY,14,279.999999999999,NaN,NaN,10000,5000,250.000000000001,NaN,NaN,NaN,NaN,NaN,NaN,NaN,NaN,NaN,NaN,NaN,NaN,NaN,NaN,NaN,NaN,0,EXCLUDED:fewer_than_3_complete_cycles
C02_light_100rpm_4A,C02_light_100rpm_4A__steady,ENGINEERING_PRIMARY,15,299.999999999999,NaN,NaN,10000,5000,250.000000000001,NaN,NaN,NaN,NaN,NaN,NaN,NaN,NaN,NaN,NaN,NaN,NaN,NaN,NaN,NaN,NaN,0,EXCLUDED:fewer_than_3_complete_cycles
C02_light_100rpm_4A,C02_light_100rpm_4A__steady,ENGINEERING_PRIMARY,16,319.999999999999,NaN,NaN,10000,5000,250.000000000001,NaN,NaN,NaN,NaN,NaN,NaN,NaN,NaN,NaN,NaN,NaN,NaN,NaN,NaN,NaN,NaN,0,EXCLUDED:fewer_than_3_complete_cycles
C02_light_100rpm_4A,C02_light_100rpm_4A__steady,ENGINEERING_PRIMARY,17,339.999999999998,NaN,NaN,10000,5000,250.000000000001,NaN,NaN,NaN,NaN,NaN,NaN,NaN,NaN,NaN,NaN,NaN,NaN,NaN,NaN,NaN,NaN,0,EXCLUDED:fewer_than_3_complete_cycles
C02_light_100rpm_4A,C02_light_100rpm_4A__steady,ENGINEERING_PRIMARY,18,359.999999999998,NaN,NaN,10000,5000,250.000000000001,NaN,NaN,NaN,NaN,NaN,NaN,NaN,NaN,NaN,NaN,NaN,NaN,NaN,NaN,NaN,NaN,0,EXCLUDED:fewer_than_3_complete_cycles
C02_light_100rpm_4A,C02_light_100rpm_4A__steady,ENGINEERING_PRIMARY,19,379.999999999998,NaN,NaN,10000,5000,250.000000000001,NaN,NaN,NaN,NaN,NaN,NaN,NaN,NaN,NaN,NaN,NaN,NaN,NaN,NaN,NaN,NaN,0,EXCLUDED:fewer_than_3_complete_cycles
C02_light_100rpm_4A,C02_light_100rpm_4A__steady,ENGINEERING_PRIMARY,20,399.999999999998,NaN,NaN,10000,5000,250.000000000001,NaN,NaN,NaN,NaN,NaN,NaN,NaN,NaN,NaN,NaN,NaN,NaN,NaN,NaN,NaN,NaN,0,EXCLUDED:fewer_than_3_complete_cycles
C03_light_200rpm_6A,C03_light_200rpm_6A__steady,ENGINEERING_PRIMARY,1,39.9999999999998,NaN,NaN,10000,5000,125.000000000001,NaN,NaN,NaN,NaN,NaN,NaN,NaN,NaN,NaN,NaN,NaN,NaN,NaN,NaN,NaN,NaN,0,EXCLUDED:fewer_than_3_complete_cycles
C03_light_200rpm_6A,C03_light_200rpm_6A__steady,ENGINEERING_PRIMARY,2,79.9999999999995,NaN,NaN,10000,5000,125.000000000001,NaN,NaN,NaN,NaN,NaN,NaN,NaN,NaN,NaN,NaN,NaN,NaN,NaN,NaN,NaN,NaN,0,EXCLUDED:fewer_than_3_complete_cycles
C03_light_200rpm_6A,C03_light_200rpm_6A__steady,ENGINEERING_PRIMARY,3,119.999999999999,NaN,NaN,10000,5000,125.000000000001,NaN,NaN,NaN,NaN,NaN,NaN,NaN,NaN,NaN,NaN,NaN,NaN,NaN,NaN,NaN,NaN,0,EXCLUDED:fewer_than_3_complete_cycles
C03_light_200rpm_6A,C03_light_200rpm_6A__steady,ENGINEERING_PRIMARY,4,159.999999999999,NaN,NaN,10000,5000,125.000000000001,NaN,NaN,NaN,NaN,NaN,NaN,NaN,NaN,NaN,NaN,NaN,NaN,NaN,NaN,NaN,NaN,0,EXCLUDED:fewer_than_3_complete_cycles
C03_light_200rpm_6A,C03_light_200rpm_6A__steady,ENGINEERING_PRIMARY,5,199.999999999999,NaN,NaN,10000,5000,125.000000000001,NaN,NaN,NaN,NaN,NaN,NaN,NaN,NaN,NaN,NaN,NaN,NaN,NaN,NaN,NaN,NaN,0,EXCLUDED:fewer_than_3_complete_cycles
C03_light_200rpm_6A,C03_light_200rpm_6A__steady,ENGINEERING_PRIMARY,6,239.999999999999,NaN,NaN,10000,5000,125.000000000001,NaN,NaN,NaN,NaN,NaN,NaN,NaN,NaN,NaN,NaN,NaN,NaN,NaN,NaN,NaN,NaN,0,EXCLUDED:fewer_than_3_complete_cycles
C03_light_200rpm_6A,C03_light_200rpm_6A__steady,ENGINEERING_PRIMARY,7,279.999999999998,NaN,NaN,10000,5000,125.000000000001,NaN,NaN,NaN,NaN,NaN,NaN,NaN,NaN,NaN,NaN,NaN,NaN,NaN,NaN,NaN,NaN,0,EXCLUDED:fewer_than_3_complete_cycles
C03_light_200rpm_6A,C03_light_200rpm_6A__steady,ENGINEERING_PRIMARY,8,319.999999999998,NaN,NaN,10000,5000,125.000000000001,NaN,NaN,NaN,NaN,NaN,NaN,NaN,NaN,NaN,NaN,NaN,NaN,NaN,NaN,NaN,NaN,0,EXCLUDED:fewer_than_3_complete_cycles
C03_light_200rpm_6A,C03_light_200rpm_6A__steady,ENGINEERING_PRIMARY,9,359.999999999998,NaN,NaN,10000,5000,125.000000000001,NaN,NaN,NaN,NaN,NaN,NaN,NaN,NaN,NaN,NaN,NaN,NaN,NaN,NaN,NaN,NaN,0,EXCLUDED:fewer_than_3_complete_cycles
C03_light_200rpm_6A,C03_light_200rpm_6A__steady,ENGINEERING_PRIMARY,10,399.999999999998,NaN,NaN,10000,5000,125.000000000001,NaN,NaN,NaN,NaN,NaN,NaN,NaN,NaN,NaN,NaN,NaN,NaN,NaN,NaN,NaN,NaN,0,EXCLUDED:fewer_than_3_complete_cycles
C03_light_200rpm_6A,C03_light_200rpm_6A__steady,ENGINEERING_PRIMARY,11,439.999999999997,NaN,NaN,10000,5000,125.000000000001,NaN,NaN,NaN,NaN,NaN,NaN,NaN,NaN,NaN,NaN,NaN,NaN,NaN,NaN,NaN,NaN,0,EXCLUDED:fewer_than_3_complete_cycles
C03_light_200rpm_6A,C03_light_200rpm_6A__steady,ENGINEERING_PRIMARY,12,479.999999999997,NaN,NaN,10000,5000,125.000000000001,NaN,NaN,NaN,NaN,NaN,NaN,NaN,NaN,NaN,NaN,NaN,NaN,NaN,NaN,NaN,NaN,0,EXCLUDED:fewer_than_3_complete_cycles
C03_light_200rpm_6A,C03_light_200rpm_6A__steady,ENGINEERING_PRIMARY,13,519.999999999997,NaN,NaN,10000,5000,125.000000000001,NaN,NaN,NaN,NaN,NaN,NaN,NaN,NaN,NaN,NaN,NaN,NaN,NaN,NaN,NaN,NaN,0,EXCLUDED:fewer_than_3_complete_cycles
C03_light_200rpm_6A,C03_light_200rpm_6A__steady,ENGINEERING_PRIMARY,14,559.999999999997,NaN,NaN,10000,5000,125.000000000001,NaN,NaN,NaN,NaN,NaN,NaN,NaN,NaN,NaN,NaN,NaN,NaN,NaN,NaN,NaN,NaN,0,EXCLUDED:fewer_than_3_complete_cycles
C03_light_200rpm_6A,C03_light_200rpm_6A__steady,ENGINEERING_PRIMARY,15,599.999999999997,NaN,NaN,10000,5000,125.000000000001,NaN,NaN,NaN,NaN,NaN,NaN,NaN,NaN,NaN,NaN,NaN,NaN,NaN,NaN,NaN,NaN,0,EXCLUDED:fewer_than_3_complete_cycles
C03_light_200rpm_6A,C03_light_200rpm_6A__steady,ENGINEERING_PRIMARY,16,639.999999999996,NaN,NaN,10000,5000,125.000000000001,NaN,NaN,NaN,NaN,NaN,NaN,NaN,NaN,NaN,NaN,NaN,NaN,NaN,NaN,NaN,NaN,0,EXCLUDED:fewer_than_3_complete_cycles
C03_light_200rpm_6A,C03_light_200rpm_6A__steady,ENGINEERING_PRIMARY,17,679.999999999996,NaN,NaN,10000,5000,125.000000000001,NaN,NaN,NaN,NaN,NaN,NaN,NaN,NaN,NaN,NaN,NaN,NaN,NaN,NaN,NaN,NaN,0,EXCLUDED:fewer_than_3_complete_cycles
C03_light_200rpm_6A,C03_light_200rpm_6A__steady,ENGINEERING_PRIMARY,18,719.999999999996,NaN,NaN,10000,5000,125.000000000001,NaN,NaN,NaN,NaN,NaN,NaN,NaN,NaN,NaN,NaN,NaN,NaN,NaN,NaN,NaN,NaN,0,EXCLUDED:fewer_than_3_complete_cycles
C03_light_200rpm_6A,C03_light_200rpm_6A__steady,ENGINEERING_PRIMARY,19,759.999999999996,NaN,NaN,10000,5000,125.000000000001,NaN,NaN,NaN,NaN,NaN,NaN,NaN,NaN,NaN,NaN,NaN,NaN,NaN,NaN,NaN,NaN,0,EXCLUDED:fewer_than_3_complete_cycles
C03_light_200rpm_6A,C03_light_200rpm_6A__steady,ENGINEERING_PRIMARY,20,799.999999999995,NaN,NaN,10000,5000,125.000000000001,NaN,NaN,NaN,NaN,NaN,NaN,NaN,NaN,NaN,NaN,NaN,NaN,NaN,NaN,NaN,NaN,0,EXCLUDED:fewer_than_3_complete_cycles
C04_high_200rpm_18A,C04_high_200rpm_18A__steady,ENGINEERING_PRIMARY,1,39.9999999999998,NaN,NaN,10000,5000,125.000000000001,NaN,NaN,NaN,NaN,NaN,NaN,NaN,NaN,NaN,NaN,NaN,NaN,NaN,NaN,NaN,NaN,0,EXCLUDED:fewer_than_3_complete_cycles
C04_high_200rpm_18A,C04_high_200rpm_18A__steady,ENGINEERING_PRIMARY,2,79.9999999999995,NaN,NaN,10000,5000,125.000000000001,NaN,NaN,NaN,NaN,NaN,NaN,NaN,NaN,NaN,NaN,NaN,NaN,NaN,NaN,NaN,NaN,0,EXCLUDED:fewer_than_3_complete_cycles
C04_high_200rpm_18A,C04_high_200rpm_18A__steady,ENGINEERING_PRIMARY,3,119.999999999999,NaN,NaN,10000,5000,125.000000000001,NaN,NaN,NaN,NaN,NaN,NaN,NaN,NaN,NaN,NaN,NaN,NaN,NaN,NaN,NaN,NaN,0,EXCLUDED:fewer_than_3_complete_cycles
C04_high_200rpm_18A,C04_high_200rpm_18A__steady,ENGINEERING_PRIMARY,4,159.999999999999,NaN,NaN,10000,5000,125.000000000001,NaN,NaN,NaN,NaN,NaN,NaN,NaN,NaN,NaN,NaN,NaN,NaN,NaN,NaN,NaN,NaN,0,EXCLUDED:fewer_than_3_complete_cycles
C04_high_200rpm_18A,C04_high_200rpm_18A__steady,ENGINEERING_PRIMARY,5,199.999999999999,NaN,NaN,10000,5000,125.000000000001,NaN,NaN,NaN,NaN,NaN,NaN,NaN,NaN,NaN,NaN,NaN,NaN,NaN,NaN,NaN,NaN,0,EXCLUDED:fewer_than_3_complete_cycles
C04_high_200rpm_18A,C04_high_200rpm_18A__steady,ENGINEERING_PRIMARY,6,239.999999999999,NaN,NaN,10000,5000,125.000000000001,NaN,NaN,NaN,NaN,NaN,NaN,NaN,NaN,NaN,NaN,NaN,NaN,NaN,NaN,NaN,NaN,0,EXCLUDED:fewer_than_3_complete_cycles
C04_high_200rpm_18A,C04_high_200rpm_18A__steady,ENGINEERING_PRIMARY,7,279.999999999998,NaN,NaN,10000,5000,125.000000000001,NaN,NaN,NaN,NaN,NaN,NaN,NaN,NaN,NaN,NaN,NaN,NaN,NaN,NaN,NaN,NaN,0,EXCLUDED:fewer_than_3_complete_cycles
C04_high_200rpm_18A,C04_high_200rpm_18A__steady,ENGINEERING_PRIMARY,8,319.999999999998,NaN,NaN,10000,5000,125.000000000001,NaN,NaN,NaN,NaN,NaN,NaN,NaN,NaN,NaN,NaN,NaN,NaN,NaN,NaN,NaN,NaN,0,EXCLUDED:fewer_than_3_complete_cycles
C04_high_200rpm_18A,C04_high_200rpm_18A__steady,ENGINEERING_PRIMARY,9,359.999999999998,NaN,NaN,10000,5000,125.000000000001,NaN,NaN,NaN,NaN,NaN,NaN,NaN,NaN,NaN,NaN,NaN,NaN,NaN,NaN,NaN,NaN,0,EXCLUDED:fewer_than_3_complete_cycles
C04_high_200rpm_18A,C04_high_200rpm_18A__steady,ENGINEERING_PRIMARY,10,399.999999999998,NaN,NaN,10000,5000,125.000000000001,NaN,NaN,NaN,NaN,NaN,NaN,NaN,NaN,NaN,NaN,NaN,NaN,NaN,NaN,NaN,NaN,0,EXCLUDED:fewer_than_3_complete_cycles
C04_high_200rpm_18A,C04_high_200rpm_18A__steady,ENGINEERING_PRIMARY,11,439.999999999997,NaN,NaN,10000,5000,125.000000000001,NaN,NaN,NaN,NaN,NaN,NaN,NaN,NaN,NaN,NaN,NaN,NaN,NaN,NaN,NaN,NaN,0,EXCLUDED:fewer_than_3_complete_cycles
C04_high_200rpm_18A,C04_high_200rpm_18A__steady,ENGINEERING_PRIMARY,12,479.999999999997,NaN,NaN,10000,5000,125.000000000001,NaN,NaN,NaN,NaN,NaN,NaN,NaN,NaN,NaN,NaN,NaN,NaN,NaN,NaN,NaN,NaN,0,EXCLUDED:fewer_than_3_complete_cycles
C04_high_200rpm_18A,C04_high_200rpm_18A__steady,ENGINEERING_PRIMARY,13,519.999999999997,NaN,NaN,10000,5000,125.000000000001,NaN,NaN,NaN,NaN,NaN,NaN,NaN,NaN,NaN,NaN,NaN,NaN,NaN,NaN,NaN,NaN,0,EXCLUDED:fewer_than_3_complete_cycles
C04_high_200rpm_18A,C04_high_200rpm_18A__steady,ENGINEERING_PRIMARY,14,559.999999999997,NaN,NaN,10000,5000,125.000000000001,NaN,NaN,NaN,NaN,NaN,NaN,NaN,NaN,NaN,NaN,NaN,NaN,NaN,NaN,NaN,NaN,0,EXCLUDED:fewer_than_3_complete_cycles
C04_high_200rpm_18A,C04_high_200rpm_18A__steady,ENGINEERING_PRIMARY,15,599.999999999997,NaN,NaN,10000,5000,125.000000000001,NaN,NaN,NaN,NaN,NaN,NaN,NaN,NaN,NaN,NaN,NaN,NaN,NaN,NaN,NaN,NaN,0,EXCLUDED:fewer_than_3_complete_cycles
C04_high_200rpm_18A,C04_high_200rpm_18A__steady,ENGINEERING_PRIMARY,16,639.999999999996,NaN,NaN,10000,5000,125.000000000001,NaN,NaN,NaN,NaN,NaN,NaN,NaN,NaN,NaN,NaN,NaN,NaN,NaN,NaN,NaN,NaN,0,EXCLUDED:fewer_than_3_complete_cycles
C04_high_200rpm_18A,C04_high_200rpm_18A__steady,ENGINEERING_PRIMARY,17,679.999999999996,NaN,NaN,10000,5000,125.000000000001,NaN,NaN,NaN,NaN,NaN,NaN,NaN,NaN,NaN,NaN,NaN,NaN,NaN,NaN,NaN,NaN,0,EXCLUDED:fewer_than_3_complete_cycles
C04_high_200rpm_18A,C04_high_200rpm_18A__steady,ENGINEERING_PRIMARY,18,719.999999999996,NaN,NaN,10000,5000,125.000000000001,NaN,NaN,NaN,NaN,NaN,NaN,NaN,NaN,NaN,NaN,NaN,NaN,NaN,NaN,NaN,NaN,0,EXCLUDED:fewer_than_3_complete_cycles
C04_high_200rpm_18A,C04_high_200rpm_18A__steady,ENGINEERING_PRIMARY,19,759.999999999996,NaN,NaN,10000,5000,125.000000000001,NaN,NaN,NaN,NaN,NaN,NaN,NaN,NaN,NaN,NaN,NaN,NaN,NaN,NaN,NaN,NaN,0,EXCLUDED:fewer_than_3_complete_cycles
C04_high_200rpm_18A,C04_high_200rpm_18A__steady,ENGINEERING_PRIMARY,20,799.999999999995,NaN,NaN,10000,5000,125.000000000001,NaN,NaN,NaN,NaN,NaN,NaN,NaN,NaN,NaN,NaN,NaN,NaN,NaN,NaN,NaN,NaN,0,EXCLUDED:fewer_than_3_complete_cycles
C05_negative_id,C05_negative_id__steady,ENGINEERING_PRIMARY,1,59.9999999999999,20,0.333333333333334,10000,5000,83.3333333333335,60,6.37508736236034e-05,0.000101113150762589,2.90762924099356,-0.138001505428487,9.9480881434059e-05,7.002074569382e-05,0.000121652581552616,-2.35003048568986,0.790962998434633,0.000224574795750895,0.000152969427720431,0.000271723176603823,-6.98010707420041,4.45120774182178e-05,0.0174264998913386,0,VALID
C05_negative_id,C05_negative_id__steady,ENGINEERING_PRIMARY,2,120,20,0.333333333333334,10000,5000,83.3333333333335,120,0.000137934325118675,8.74222148832154e-05,-2.96903532100425,-0.0807473902267336,0.000139761774583956,9.75567216763733e-05,0.000170442563871522,1.36913643439916,-2.03508837164711,0.000169937489645394,0.000157957078151024,0.000232011182758476,-2.67861719253123,8.7375831509129e-05,0.0418766754211171,0,VALID
C05_negative_id,C05_negative_id__steady,ENGINEERING_PRIMARY,3,180,20,0.333333333333334,10000,5000,83.3333333333335,180,0.000145776136581505,4.27525473266156e-05,0.206152650903759,3.12585835977744,2.69064783178906e-05,2.39654532409453e-05,3.60319514391748e-05,2.25352789470732,-0.690012957615201,0.000137934325118675,0.000158531674385104,0.000210138453951886,-15.3163549835124,3.90490769085435e-06,3.21614609012746,0,VALID
C05_negative_id,C05_negative_id__steady,ENGINEERING_PRIMARY,4,239.999999999999,20,0.333333333333334,10000,5000,83.3333333333335,240,0.000112349722440336,0.000265580792260726,-1.10042600402066,2.10381630299683,9.1408223722806e-05,0.000251907685249064,0.000267979374675925,2.08681262902079,-1.06222395542136,0.000399658666861246,0.000233728041437363,0.000462985796057994,-4.74932596266717,0.000215992138129091,0.0760796704835306,0,VALID
C05_negative_id,C05_negative_id__steady,ENGINEERING_PRIMARY,5,299.999999999999,20,0.333333333333334,10000,5000,83.3333333333335,300,0.000577196897781989,0.00036763798426671,-0.729195984885421,2.32825027863718,1.86339197837996e-05,1.29162718731292e-05,2.2672737938098e-05,0.809976760306503,-2.33336046990486,0.000306417826247645,0.000265580792260726,0.000405493577581898,-25.0496002348236,1.54611979837124e-06,29.183151062225,0,VALID
C05_negative_id,C05_negative_id__steady,ENGINEERING_PRIMARY,6,359.999999999999,20,0.333333333333334,10000,5000,83.3333333333335,360,0.00864346392999278,0.00765714560172511,-1.53400287701452,1.65498382390471,0.0086442078832527,0.00766077689898627,0.0115503174252888,-0.0407554169597022,-3.13490550339104,0.000379689178065961,0.000340213089134817,0.000509812532171444,27.1036682519172,0.401257390225486,0.00025670499634888,0,VALID
C05_negative_id,C05_negative_id__steady,ENGINEERING_PRIMARY,7,419.999999999999,20,0.333333333333334,10000,5000,83.3333333333335,420,0.000379028810405049,0.00036847903578832,1.70550971563281,-2.05537224421412,1.37027868797485e-05,9.1338860149966e-06,1.64679762571713e-05,-0.755543782225514,2.42243688199857,0.00079229831504334,0.000757506412378496,0.00109615354071182,-36.464623176869,8.15672215838426e-07,31.0999069549912,0,VALID
C05_negative_id,C05_negative_id__steady,ENGINEERING_PRIMARY,8,479.999999999999,20,0.333333333333334,10000,5000,83.3333333333335,480,0.00079229831504334,0.00075755942039945,1.71259476000855,-1.40953596325818,0.000805038598850762,0.000766257363281934,0.00111141238630104,1.60919262653916,-1.51269426815819,0.000459952321371703,0.000498121869076852,0.000677998181699505,4.29293406774116,0.00371522970058699,0.0136962782263331,0,VALID
C05_negative_id,C05_negative_id__steady,ENGINEERING_PRIMARY,9,539.999999999999,20,0.333333333333334,10000,5000,83.3333333333335,540,0.000677473300100398,0.000460487417624805,-3.07966464931534,-0.250346218420622,1.0097310071024e-05,6.02067689521542e-06,1.17560291317682e-05,-2.52478618062905,0.994144247428818,0.000459952321371703,0.000514455490232631,0.000690087378065789,-35.372868609765,4.15677494860826e-07,68.6797636817803,0,VALID
C05_negative_id,C05_negative_id__steady,ENGINEERING_PRIMARY,10,599.999999999999,20,0.333333333333334,10000,5000,83.3333333333335,600,0.000662963483352466,0.00058760772105261,-2.31977261295615,-0.00110714360683113,0.000657512292689974,0.000588969683548182,0.000882727422921295,2.25222178950189,-1.71242647121816,0.00079229831504334,0.00075755942039945,0.00109619017303407,-1.88118571619522,0.00234362672727078,0.00358421811959269,0,VALID
C05_negative_id,C05_negative_id__steady,ENGINEERING_PRIMARY,11,659.999999999999,20,0.333333333333334,10000,5000,83.3333333333335,660,0.000905762110013118,0.00076234431170418,-2.83349553182425,0.50108389516001,8.34252681153382e-06,6.16024390546268e-06,1.03704560447432e-05,2.42958511181663,-0.719130030284322,0.000677473300100398,0.000498121869076852,0.000840889688842443,-38.1788234406606,3.23467695906368e-07,113.158995275846,0,VALID
C05_negative_id,C05_negative_id__steady,ENGINEERING_PRIMARY,12,719.999999999998,20,0.333333333333334,10000,5000,83.3333333333335,720,0.00359096205092581,0.0058618928129975,2.54656513039189,-1.12471308531845,0.0035972581316108,0.00587018402069142,0.00688471687887171,-0.751890340503644,1.86156012347854,0.000716165491805065,0.000533670296308298,0.000893138845205032,17.7393421380713,0.142563180513074,0.00150464173266457,0,VALID
C05_negative_id,C05_negative_id__steady,ENGINEERING_PRIMARY,13,779.999999999998,20,0.333333333333334,10000,5000,83.3333333333335,780,0.000716165491805065,0.000442237501206015,-0.1906763513385,2.88351310408572,6.8896535441176e-06,5.38326320680393e-06,8.7433888573997e-06,0.884778214463505,-2.34660463471482,0.0012652721176362,0.000936351530499433,0.00157406090108871,-45.1068347512311,2.29929551678994e-07,95.2675734438958,0,VALID
C05_negative_id,C05_negative_id__steady,ENGINEERING_PRIMARY,14,839.999999999998,20,0.333333333333334,10000,5000,83.3333333333335,840,0.0013960747691753,0.00135702154012677,-0.570141390410203,2.28612189496234,0.00139160911141534,0.00135297787777776,0.00194090830714133,0.822350084822288,-2.60539562637233,0.00109440906846322,0.000767478500214846,0.00133669534951932,3.23945163445024,0.0113304000100674,0.00310195661525171,0,VALID
C05_negative_id,C05_negative_id__steady,ENGINEERING_PRIMARY,15,899.999999999998,20,0.333333333333334,10000,5000,83.3333333333335,900,0.00109440906846322,0.00083051925755448,0.34044801256712,-3.09886119541768,4.64902598975066e-06,4.38277808545046e-06,6.38922424083565e-06,-0.307050839710899,2.42079690943128,0.000793254073597423,0.000670528246421318,0.00103868193135712,-44.2206889219775,1.22781084840172e-07,214.027792026164,0,VALID
C05_negative_id,C05_negative_id__steady,ENGINEERING_PRIMARY,16,959.999999999998,20,0.333333333333334,10000,5000,83.3333333333335,960,0.00112730972363494,0.000664701229993468,1.44962771922719,-2.21000470239711,0.0011328764733127,0.000667155246927255,0.00131472629367788,1.24488346772002,-2.41153468229771,0.00113574004931956,0.00100739354396703,0.00151813939151016,-1.24952601043299,0.00519883342064158,0.00459552941851563,0,VALID
C05_negative_id,C05_negative_id__steady,ENGINEERING_PRIMARY,17,1020,20,0.333333333333334,10000,5000,83.3333333333335,1020,0.000908837937915126,0.00100739354396703,1.75334992867097,-1.50235339320493,5.31916459235616e-06,3.86111920122657e-06,6.57280407791499e-06,-2.20977190978307,0.907361250678929,0.00112730972363494,0.00083051925755448,0.00140021050209272,-46.5688528733777,1.29938120002788e-07,205.421978546016,0,VALID
C05_negative_id,C05_negative_id__steady,ENGINEERING_PRIMARY,18,1080,20,0.333333333333334,10000,5000,83.3333333333335,1080,0.00498250451561487,0.00296200424442301,1.04194904852491,-2.20350503520239,0.00498627201411569,0.00296440836743805,0.0058009159248941,-0.760386005572694,2.27731732340782,0.00086864583103193,0.000931913177189596,0.00127397321384272,13.1667254868829,0.101211147102685,0.000770047043808422,0,VALID
C05_negative_id,C05_negative_id__steady,ENGINEERING_PRIMARY,19,1140,20,0.333333333333334,10000,5000,83.3333333333335,1140,0.00086864583103193,0.000931913177189596,-2.209571685012,0.858872418489102,4.78421005583592e-06,3.42718282564933e-06,5.88508691344379e-06,2.36651654907104,-0.55538825094961,0.000861837213287078,0.00088514971011993,0.00123541628268848,-46.4412087987084,1.04169592922445e-07,215.474834200406,0,VALID
C05_negative_id,C05_negative_id__steady,ENGINEERING_PRIMARY,20,1200,20,0.333333333333334,10000,5000,83.3333333333335,1200,0.000861837213287078,0.000437223449254388,-2.69841583637888,0.0480224492110757,0.000861836333857384,0.000438460440399685,0.000966958853391509,0.178806720597994,2.92474599097926,0.000766290316610667,0.000800223930684445,0.00110795270141434,-1.18226453208954,0.00281223230694202,0.000578609354409102,0,VALID
C06_low_bus_43p2V,C06_low_bus_43p2V__steady,ENGINEERING_PRIMARY,1,59.9999999999999,20,0.333333333333334,10000,5000,83.3333333333335,60,6.23999500544599e-05,8.53740406387971e-05,-2.54587280236633,1.43917388939327,7.55590781240015e-05,6.34851473457392e-05,9.86890987924157e-05,-2.35024494396047,0.792181999445835,0.000174245409583692,0.000122021052316312,0.000212721884086637,-6.67085975594619,3.6876572158143e-05,0.0715190418378491,0,VALID
C06_low_bus_43p2V,C06_low_bus_43p2V__steady,ENGINEERING_PRIMARY,2,120,20,0.333333333333334,10000,5000,83.3333333333335,120,0.000198048704238422,0.000122021052316312,2.45576127482743,-0.833225421204563,0.000225975300055696,0.000148246773028001,0.000270262727634569,0.72874948562478,-2.5711988866521,0.000116164269413587,0.000110114219203061,0.000160060234783947,4.55005411957963,0.000276556894368544,0.139279099806703,0,VALID
C06_low_bus_43p2V,C06_low_bus_43p2V__steady,ENGINEERING_PRIMARY,3,180,20,0.333333333333334,10000,5000,83.3333333333335,180,0.000106096609620212,0.000134854397767326,-1.90777592956358,1.77945130638198,1.56845396537688e-05,2.31097889103406e-05,2.79296818390606e-05,2.13209465696953,-0.671236887285301,0.000174245409583692,0.00014138699464032,0.000224391945074708,-18.0988254934176,2.95354883046285e-06,5.14354628661439,0,VALID
C06_low_bus_43p2V,C06_low_bus_43p2V__steady,ENGINEERING_PRIMARY,4,239.999999999999,20,0.333333333333334,10000,5000,83.3333333333335,240,0.000197779371714241,0.000227594522249021,-1.64612861098091,1.58271973022153,0.000181238085728594,0.00021331224608968,0.000279909553338912,1.42869130268178,-1.61360190167058,0.000198048704238422,0.000135033035087756,0.000239702335857473,1.34690910103228,0.000296652232404623,0.0772147980221512,0,VALID
C06_low_bus_43p2V,C06_low_bus_43p2V__steady,ENGINEERING_PRIMARY,5,299.999999999999,20,0.333333333333334,10000,5000,83.3333333333335,300,0.00044634943874781,0.00025538039209659,3.03914828494641,-0.401979036531512,1.4362043063462e-05,1.18858096962073e-05,1.86424449333018e-05,0.791258114134919,-2.29281987116747,0.000403465282919186,0.000251297231725327,0.00047532571274219,-28.1297687831526,1.31588493922029e-06,26.5845831582359,0,VALID
C06_low_bus_43p2V,C06_low_bus_43p2V__steady,ENGINEERING_PRIMARY,6,359.999999999999,20,0.333333333333334,10000,5000,83.3333333333335,360,0.00780626902779811,0.0072719386457962,-1.7931196295666,1.34138868818604,0.00780834499200393,0.00727499896907799,0.0106722004063941,-0.299793903317853,2.83482223052961,0.000378319164864835,0.000259677191394711,0.00045886559495638,27.3313695161939,0.431241077407638,0.000337794133626154,0,VALID
C06_low_bus_43p2V,C06_low_bus_43p2V__steady,ENGINEERING_PRIMARY,7,419.999999999999,20,0.333333333333334,10000,5000,83.3333333333335,420,0.00035590364047358,0.000286236024734348,-0.94466934363469,-2.8357253717314,9.96265152936022e-06,8.46977944787624e-06,1.30763752389999e-05,-0.736829667722567,2.37490549448245,0.00044634943874781,0.000397877075571023,0.000597941459287976,-33.2034258486219,6.47421216682724e-07,33.9275543922857,0,VALID
C06_low_bus_43p2V,C06_low_bus_43p2V__steady,ENGINEERING_PRIMARY,8,479.999999999999,20,0.333333333333334,10000,5000,83.3333333333335,480,0.000490730731386146,0.000232128187895038,-1.16360915559415,2.44773710086278,0.000483200712711082,0.00022659183480489,0.000533691660385231,-1.26297430724877,2.36817225805654,0.000378319164864835,0.000448767500846457,0.000586956267808771,-0.826306562842076,0.00107843260901639,0.0171845599408736,0,VALID
C06_low_bus_43p2V,C06_low_bus_43p2V__steady,ENGINEERING_PRIMARY,9,539.999999999999,20,0.333333333333334,10000,5000,83.3333333333335,540,0.000336911964784809,0.000448767500846457,2.28987572681465,-1.12974302999478,5.92431797475207e-06,5.4837505415249e-06,8.0727358105939e-06,-2.61044470032636,1.13954643521697,0.000380049601623093,0.0003317931353074,0.000504504097437262,-35.9168791572828,2.46748009715179e-07,68.5131436507771,0,VALID
C06_low_bus_43p2V,C06_low_bus_43p2V__steady,ENGINEERING_PRIMARY,10,599.999999999999,20,0.333333333333334,10000,5000,83.3333333333335,600,0.000439961131835234,0.0003317931353074,1.69922304206442,-1.68443089262416,0.000447343257309956,0.000337413194494162,0.000560324596711082,-0.00123304562936757,2.90619278774057,0.000490730731386146,0.000436270751649173,0.000656619234771048,-1.37747826854156,0.00118875279996572,0.0165580481736133,0,VALID
C06_low_bus_43p2V,C06_low_bus_43p2V__steady,ENGINEERING_PRIMARY,11,659.999999999999,20,0.333333333333334,10000,5000,83.3333333333335,660,0.000728404278139638,0.000436270751649173,-0.292031021760799,2.89132162308454,6.61038373110679e-06,5.03759704894412e-06,8.31111046130491e-06,2.57531926576606,-0.866851553052866,0.000673045847634716,0.000448767500846457,0.000808939418519278,-39.76513888085,2.61535283453127e-07,101.159780861696,0,VALID
C06_low_bus_43p2V,C06_low_bus_43p2V__steady,ENGINEERING_PRIMARY,12,719.999999999998,20,0.333333333333334,10000,5000,83.3333333333335,720,0.00259495979282135,0.00343810364976205,2.72472008328197,-1.48101665988208,0.00259830455957679,0.00344509574018018,0.00431507488270194,-0.573968137738732,1.50582322912145,0.000457866032783752,0.000436270751649173,0.000632434560031049,16.679454847568,0.0704999569730567,0.00176037500733691,0,VALID
C06_low_bus_43p2V,C06_low_bus_43p2V__steady,ENGINEERING_PRIMARY,13,779.999999999998,20,0.333333333333334,10000,5000,83.3333333333335,780,0.000457866032783752,0.000686943712665495,2.12655817128806,-0.33026036707131,5.94015758030805e-06,4.57367198192592e-06,7.49692920315681e-06,0.744423092217481,-2.17983744734006,0.000664915984238275,0.000558103424248105,0.000868097170973973,-41.273698625597,2.1280361325136e-07,109.118433571337,0,VALID
C06_low_bus_43p2V,C06_low_bus_43p2V__steady,ENGINEERING_PRIMARY,14,839.999999999998,20,0.333333333333334,10000,5000,83.3333333333335,840,0.000392212818790635,8.98858619215883e-05,0.770690101861988,-0.989497227762658,0.000395508412827194,9.37826990462762e-05,0.000406475213583178,2.17297211326686,0.392873504208445,0.000721581409199312,0.000686943712665495,0.000996278773472927,-7.78693618977237,0.000625576339193365,0.0100728036273388,0,VALID
C06_low_bus_43p2V,C06_low_bus_43p2V__steady,ENGINEERING_PRIMARY,15,899.999999999998,20,0.333333333333334,10000,5000,83.3333333333335,900,0.000728431509446568,0.000550495855630415,-0.508239350981585,2.38047692311344,7.23929579922667e-06,4.82143792883759e-06,8.69791166719545e-06,-0.201800784574139,2.49333391538985,0.000402398134943272,0.000130767191279733,0.000423112653227263,-33.7408204066088,2.86445605598616e-07,103.973338055422,0,VALID
C06_low_bus_43p2V,C06_low_bus_43p2V__steady,ENGINEERING_PRIMARY,16,959.999999999998,20,0.333333333333334,10000,5000,83.3333333333335,960,0.000548362811780252,0.000130767191279733,-2.31551069807755,0.2816756881856,0.000546106256322929,0.000130217969791199,0.000561416746144596,-2.53107678890113,0.0504127961195257,0.000585349592210847,0.000207795417177299,0.000621138535675651,-0.878062221855461,0.00119339140045845,0.00413668814512228,0,VALID
C06_low_bus_43p2V,C06_low_bus_43p2V__steady,ENGINEERING_PRIMARY,17,1020,20,0.333333333333334,10000,5000,83.3333333333335,1020,0.000348065396581585,7.83116756207905e-05,2.16848606861644,-0.459819943818936,3.57998577357519e-06,4.38110127692426e-06,5.65776868895045e-06,-2.41951029560816,0.978971153764726,0.000728431509446568,0.000550495855630415,0.000913048821816703,-44.156976250495,1.2119998168125e-07,62.0577855176786,0,VALID
C06_low_bus_43p2V,C06_low_bus_43p2V__steady,ENGINEERING_PRIMARY,18,1080,20,0.333333333333334,10000,5000,83.3333333333335,1080,0.00491656840978095,0.00482405232796679,-0.417363978156491,2.71441406300228,0.0049136288559747,0.0048225789434426,0.00688483959145043,-2.22011655743988,0.911378576836667,0.00047033726470856,0.000207795417177299,0.000514194591544308,22.5353264375707,0.179473292747787,0.000454629428358713,0,VALID
C06_low_bus_43p2V,C06_low_bus_43p2V__steady,ENGINEERING_PRIMARY,19,1140,20,0.333333333333334,10000,5000,83.3333333333335,1140,0.000461469463637823,0.000849876801349355,0.390147709687518,2.7805957641334,4.05722975978587e-06,2.96212068109289e-06,5.02347213121067e-06,2.74610634855382,-0.909941537958507,0.000585349592210847,0.000545802503737924,0.000800334004143265,-44.0453454417286,9.55476858456355e-08,191.512359741995,0,VALID
C06_low_bus_43p2V,C06_low_bus_43p2V__steady,ENGINEERING_PRIMARY,20,1200,20,0.333333333333334,10000,5000,83.3333333333335,1200,0.000174648729050738,0.000222398934337124,-2.75244061202987,1.75901572081295,0.000174953912892931,0.000219221010996119,0.000280475887196578,0.112952609476476,-1.64124140411426,0.000724929683052779,0.000849876801349355,0.00111705578322786,-12.0035866177529,0.000297853864578057,0.00820830542730035,0,VALID
C07_known_false_safe,C07_known_false_safe__steady,ENGINEERING_PRIMARY,1,100,NaN,NaN,10000,5000,50,NaN,NaN,NaN,NaN,NaN,NaN,NaN,NaN,NaN,NaN,NaN,NaN,NaN,NaN,NaN,NaN,0,EXCLUDED:no_registered_steady_phase;early_termination
C07_known_false_safe,C07_known_false_safe__steady,ENGINEERING_PRIMARY,2,200,NaN,NaN,10000,5000,50,NaN,NaN,NaN,NaN,NaN,NaN,NaN,NaN,NaN,NaN,NaN,NaN,NaN,NaN,NaN,NaN,0,EXCLUDED:no_registered_steady_phase;early_termination
C07_known_false_safe,C07_known_false_safe__steady,ENGINEERING_PRIMARY,3,300,NaN,NaN,10000,5000,50,NaN,NaN,NaN,NaN,NaN,NaN,NaN,NaN,NaN,NaN,NaN,NaN,NaN,NaN,NaN,NaN,0,EXCLUDED:no_registered_steady_phase;early_termination
C07_known_false_safe,C07_known_false_safe__steady,ENGINEERING_PRIMARY,4,400,NaN,NaN,10000,5000,50,NaN,NaN,NaN,NaN,NaN,NaN,NaN,NaN,NaN,NaN,NaN,NaN,NaN,NaN,NaN,NaN,0,EXCLUDED:no_registered_steady_phase;early_termination
C07_known_false_safe,C07_known_false_safe__steady,ENGINEERING_PRIMARY,5,500,NaN,NaN,10000,5000,50,NaN,NaN,NaN,NaN,NaN,NaN,NaN,NaN,NaN,NaN,NaN,NaN,NaN,NaN,NaN,NaN,0,EXCLUDED:no_registered_steady_phase;early_termination
C07_known_false_safe,C07_known_false_safe__steady,ENGINEERING_PRIMARY,6,600,NaN,NaN,10000,5000,50,NaN,NaN,NaN,NaN,NaN,NaN,NaN,NaN,NaN,NaN,NaN,NaN,NaN,NaN,NaN,NaN,0,EXCLUDED:no_registered_steady_phase;early_termination
C07_known_false_safe,C07_known_false_safe__steady,ENGINEERING_PRIMARY,7,700,NaN,NaN,10000,5000,50,NaN,NaN,NaN,NaN,NaN,NaN,NaN,NaN,NaN,NaN,NaN,NaN,NaN,NaN,NaN,NaN,0,EXCLUDED:no_registered_steady_phase;early_termination
C07_known_false_safe,C07_known_false_safe__steady,ENGINEERING_PRIMARY,8,800.000000000001,NaN,NaN,10000,5000,50,NaN,NaN,NaN,NaN,NaN,NaN,NaN,NaN,NaN,NaN,NaN,NaN,NaN,NaN,NaN,NaN,0,EXCLUDED:no_registered_steady_phase;early_termination
C07_known_false_safe,C07_known_false_safe__steady,ENGINEERING_PRIMARY,9,900.000000000001,NaN,NaN,10000,5000,50,NaN,NaN,NaN,NaN,NaN,NaN,NaN,NaN,NaN,NaN,NaN,NaN,NaN,NaN,NaN,NaN,0,EXCLUDED:no_registered_steady_phase;early_termination
C07_known_false_safe,C07_known_false_safe__steady,ENGINEERING_PRIMARY,10,1000,NaN,NaN,10000,5000,50,NaN,NaN,NaN,NaN,NaN,NaN,NaN,NaN,NaN,NaN,NaN,NaN,NaN,NaN,NaN,NaN,0,EXCLUDED:no_registered_steady_phase;early_termination
C07_known_false_safe,C07_known_false_safe__steady,ENGINEERING_PRIMARY,11,1100,NaN,NaN,10000,5000,50,NaN,NaN,NaN,NaN,NaN,NaN,NaN,NaN,NaN,NaN,NaN,NaN,NaN,NaN,NaN,NaN,0,EXCLUDED:no_registered_steady_phase;early_termination
C07_known_false_safe,C07_known_false_safe__steady,ENGINEERING_PRIMARY,12,1200,NaN,NaN,10000,5000,50,NaN,NaN,NaN,NaN,NaN,NaN,NaN,NaN,NaN,NaN,NaN,NaN,NaN,NaN,NaN,NaN,0,EXCLUDED:no_registered_steady_phase;early_termination
C07_known_false_safe,C07_known_false_safe__steady,ENGINEERING_PRIMARY,13,1300,NaN,NaN,10000,5000,50,NaN,NaN,NaN,NaN,NaN,NaN,NaN,NaN,NaN,NaN,NaN,NaN,NaN,NaN,NaN,NaN,0,EXCLUDED:no_registered_steady_phase;early_termination
C07_known_false_safe,C07_known_false_safe__steady,ENGINEERING_PRIMARY,14,1400,NaN,NaN,10000,5000,50,NaN,NaN,NaN,NaN,NaN,NaN,NaN,NaN,NaN,NaN,NaN,NaN,NaN,NaN,NaN,NaN,0,EXCLUDED:no_registered_steady_phase;early_termination
C07_known_false_safe,C07_known_false_safe__steady,ENGINEERING_PRIMARY,15,1500,NaN,NaN,10000,5000,50,NaN,NaN,NaN,NaN,NaN,NaN,NaN,NaN,NaN,NaN,NaN,NaN,NaN,NaN,NaN,NaN,0,EXCLUDED:no_registered_steady_phase;early_termination
C07_known_false_safe,C07_known_false_safe__steady,ENGINEERING_PRIMARY,16,1600,NaN,NaN,10000,5000,50,NaN,NaN,NaN,NaN,NaN,NaN,NaN,NaN,NaN,NaN,NaN,NaN,NaN,NaN,NaN,NaN,0,EXCLUDED:no_registered_steady_phase;early_termination
C07_known_false_safe,C07_known_false_safe__steady,ENGINEERING_PRIMARY,17,1700,NaN,NaN,10000,5000,50,NaN,NaN,NaN,NaN,NaN,NaN,NaN,NaN,NaN,NaN,NaN,NaN,NaN,NaN,NaN,NaN,0,EXCLUDED:no_registered_steady_phase;early_termination
C07_known_false_safe,C07_known_false_safe__steady,ENGINEERING_PRIMARY,18,1800,NaN,NaN,10000,5000,50,NaN,NaN,NaN,NaN,NaN,NaN,NaN,NaN,NaN,NaN,NaN,NaN,NaN,NaN,NaN,NaN,0,EXCLUDED:no_registered_steady_phase;early_termination
C07_known_false_safe,C07_known_false_safe__steady,ENGINEERING_PRIMARY,19,1900,NaN,NaN,10000,5000,50,NaN,NaN,NaN,NaN,NaN,NaN,NaN,NaN,NaN,NaN,NaN,NaN,NaN,NaN,NaN,NaN,0,EXCLUDED:no_registered_steady_phase;early_termination
C07_known_false_safe,C07_known_false_safe__steady,ENGINEERING_PRIMARY,20,2000,NaN,NaN,10000,5000,50,NaN,NaN,NaN,NaN,NaN,NaN,NaN,NaN,NaN,NaN,NaN,NaN,NaN,NaN,NaN,NaN,0,EXCLUDED:no_registered_steady_phase;early_termination
C08_S2_nontrigger,C08_S2_nontrigger__steady,ENGINEERING_PRIMARY,1,19.9999999999999,NaN,NaN,10000,5000,250.000000000001,NaN,NaN,NaN,NaN,NaN,NaN,NaN,NaN,NaN,NaN,NaN,NaN,NaN,NaN,NaN,NaN,0,EXCLUDED:fewer_than_3_complete_cycles
C08_S2_nontrigger,C08_S2_nontrigger__steady,ENGINEERING_PRIMARY,2,39.9999999999998,NaN,NaN,10000,5000,250.000000000001,NaN,NaN,NaN,NaN,NaN,NaN,NaN,NaN,NaN,NaN,NaN,NaN,NaN,NaN,NaN,NaN,0,EXCLUDED:fewer_than_3_complete_cycles
C08_S2_nontrigger,C08_S2_nontrigger__steady,ENGINEERING_PRIMARY,3,59.9999999999997,NaN,NaN,10000,5000,250.000000000001,NaN,NaN,NaN,NaN,NaN,NaN,NaN,NaN,NaN,NaN,NaN,NaN,NaN,NaN,NaN,NaN,0,EXCLUDED:fewer_than_3_complete_cycles
C08_S2_nontrigger,C08_S2_nontrigger__steady,ENGINEERING_PRIMARY,4,79.9999999999996,NaN,NaN,10000,5000,250.000000000001,NaN,NaN,NaN,NaN,NaN,NaN,NaN,NaN,NaN,NaN,NaN,NaN,NaN,NaN,NaN,NaN,0,EXCLUDED:fewer_than_3_complete_cycles
C08_S2_nontrigger,C08_S2_nontrigger__steady,ENGINEERING_PRIMARY,5,99.9999999999996,NaN,NaN,10000,5000,250.000000000001,NaN,NaN,NaN,NaN,NaN,NaN,NaN,NaN,NaN,NaN,NaN,NaN,NaN,NaN,NaN,NaN,0,EXCLUDED:fewer_than_3_complete_cycles
C08_S2_nontrigger,C08_S2_nontrigger__steady,ENGINEERING_PRIMARY,6,119.999999999999,NaN,NaN,10000,5000,250.000000000001,NaN,NaN,NaN,NaN,NaN,NaN,NaN,NaN,NaN,NaN,NaN,NaN,NaN,NaN,NaN,NaN,0,EXCLUDED:fewer_than_3_complete_cycles
C08_S2_nontrigger,C08_S2_nontrigger__steady,ENGINEERING_PRIMARY,7,139.999999999999,NaN,NaN,10000,5000,250.000000000001,NaN,NaN,NaN,NaN,NaN,NaN,NaN,NaN,NaN,NaN,NaN,NaN,NaN,NaN,NaN,NaN,0,EXCLUDED:fewer_than_3_complete_cycles
C08_S2_nontrigger,C08_S2_nontrigger__steady,ENGINEERING_PRIMARY,8,159.999999999999,NaN,NaN,10000,5000,250.000000000001,NaN,NaN,NaN,NaN,NaN,NaN,NaN,NaN,NaN,NaN,NaN,NaN,NaN,NaN,NaN,NaN,0,EXCLUDED:fewer_than_3_complete_cycles
C08_S2_nontrigger,C08_S2_nontrigger__steady,ENGINEERING_PRIMARY,9,179.999999999999,NaN,NaN,10000,5000,250.000000000001,NaN,NaN,NaN,NaN,NaN,NaN,NaN,NaN,NaN,NaN,NaN,NaN,NaN,NaN,NaN,NaN,0,EXCLUDED:fewer_than_3_complete_cycles
C08_S2_nontrigger,C08_S2_nontrigger__steady,ENGINEERING_PRIMARY,10,199.999999999999,NaN,NaN,10000,5000,250.000000000001,NaN,NaN,NaN,NaN,NaN,NaN,NaN,NaN,NaN,NaN,NaN,NaN,NaN,NaN,NaN,NaN,0,EXCLUDED:fewer_than_3_complete_cycles
C08_S2_nontrigger,C08_S2_nontrigger__steady,ENGINEERING_PRIMARY,11,219.999999999999,NaN,NaN,10000,5000,250.000000000001,NaN,NaN,NaN,NaN,NaN,NaN,NaN,NaN,NaN,NaN,NaN,NaN,NaN,NaN,NaN,NaN,0,EXCLUDED:fewer_than_3_complete_cycles
C08_S2_nontrigger,C08_S2_nontrigger__steady,ENGINEERING_PRIMARY,12,239.999999999999,NaN,NaN,10000,5000,250.000000000001,NaN,NaN,NaN,NaN,NaN,NaN,NaN,NaN,NaN,NaN,NaN,NaN,NaN,NaN,NaN,NaN,0,EXCLUDED:fewer_than_3_complete_cycles
C08_S2_nontrigger,C08_S2_nontrigger__steady,ENGINEERING_PRIMARY,13,259.999999999999,NaN,NaN,10000,5000,250.000000000001,NaN,NaN,NaN,NaN,NaN,NaN,NaN,NaN,NaN,NaN,NaN,NaN,NaN,NaN,NaN,NaN,0,EXCLUDED:fewer_than_3_complete_cycles
C08_S2_nontrigger,C08_S2_nontrigger__steady,ENGINEERING_PRIMARY,14,279.999999999999,NaN,NaN,10000,5000,250.000000000001,NaN,NaN,NaN,NaN,NaN,NaN,NaN,NaN,NaN,NaN,NaN,NaN,NaN,NaN,NaN,NaN,0,EXCLUDED:fewer_than_3_complete_cycles
C08_S2_nontrigger,C08_S2_nontrigger__steady,ENGINEERING_PRIMARY,15,299.999999999999,NaN,NaN,10000,5000,250.000000000001,NaN,NaN,NaN,NaN,NaN,NaN,NaN,NaN,NaN,NaN,NaN,NaN,NaN,NaN,NaN,NaN,0,EXCLUDED:fewer_than_3_complete_cycles
C08_S2_nontrigger,C08_S2_nontrigger__steady,ENGINEERING_PRIMARY,16,319.999999999999,NaN,NaN,10000,5000,250.000000000001,NaN,NaN,NaN,NaN,NaN,NaN,NaN,NaN,NaN,NaN,NaN,NaN,NaN,NaN,NaN,NaN,0,EXCLUDED:fewer_than_3_complete_cycles
C08_S2_nontrigger,C08_S2_nontrigger__steady,ENGINEERING_PRIMARY,17,339.999999999998,NaN,NaN,10000,5000,250.000000000001,NaN,NaN,NaN,NaN,NaN,NaN,NaN,NaN,NaN,NaN,NaN,NaN,NaN,NaN,NaN,NaN,0,EXCLUDED:fewer_than_3_complete_cycles
C08_S2_nontrigger,C08_S2_nontrigger__steady,ENGINEERING_PRIMARY,18,359.999999999998,NaN,NaN,10000,5000,250.000000000001,NaN,NaN,NaN,NaN,NaN,NaN,NaN,NaN,NaN,NaN,NaN,NaN,NaN,NaN,NaN,NaN,0,EXCLUDED:fewer_than_3_complete_cycles
C08_S2_nontrigger,C08_S2_nontrigger__steady,ENGINEERING_PRIMARY,19,379.999999999998,NaN,NaN,10000,5000,250.000000000001,NaN,NaN,NaN,NaN,NaN,NaN,NaN,NaN,NaN,NaN,NaN,NaN,NaN,NaN,NaN,NaN,0,EXCLUDED:fewer_than_3_complete_cycles
C08_S2_nontrigger,C08_S2_nontrigger__steady,ENGINEERING_PRIMARY,20,399.999999999998,NaN,NaN,10000,5000,250.000000000001,NaN,NaN,NaN,NaN,NaN,NaN,NaN,NaN,NaN,NaN,NaN,NaN,NaN,NaN,NaN,NaN,0,EXCLUDED:fewer_than_3_complete_cycles
C09_S2_boundary,C09_S2_boundary__steady,ENGINEERING_PRIMARY,1,99.9999999999993,20,0.200000000000001,10000,5000,50.0000000000003,100,4.30710490865454e-06,3.92859900004973e-06,1.26408794035959,-1.74215011607077,7.9103565118615e-05,6.70851981812786e-05,0.000103719804422764,-1.69260796600098,1.44270801680706,9.4434752324204e-05,5.54306161588815e-05,0.000109501030380024,-0.47113033258926,1.25691277923311e-05,0.943794059228555,0,VALID
C09_S2_boundary,C09_S2_boundary__steady,ENGINEERING_PRIMARY,2,199.999999999999,20,0.200000000000001,10000,5000,50.0000000000003,200,0.00184629867065873,0.00121807887046536,0.904735691403592,-2.138739258512,0.00182311966990022,0.0011957307278549,0.00218026083400897,0.55334310292691,-2.49243564616297,1.11739153993202e-05,9.43108503161755e-06,1.46219612304494e-05,43.4700565035964,0.00555390785274929,0.0145150957604365,0,VALID
C09_S2_boundary,C09_S2_boundary__steady,ENGINEERING_PRIMARY,3,299.999999999998,20,0.200000000000001,10000,5000,50.0000000000003,300,0.000189105427957812,0.000103216101746975,0.628705409232438,0.930498168463586,0.000177287541811743,0.000120923408900954,0.000214600427077576,-0.00757751447886347,0.545882819443051,1.8898308261641e-06,1.67313985183731e-06,2.5240557670793e-06,38.590632716814,5.38075139912252e-05,0.00391261745789041,0,VALID
C09_S2_boundary,C09_S2_boundary__steady,ENGINEERING_PRIMARY,4,399.999999999997,20,0.200000000000001,10000,5000,50.0000000000003,400,0.00160774659864688,0.00123368139757936,-2.62733162961085,0.717335869947294,0.00161565228370264,0.00124369734394033,0.00203890053341447,2.98762630570929,0.0492082656282033,1.8898308261641e-06,1.67512612628141e-06,2.52537286167224e-06,58.1414106075294,0.00485706418280592,0.00606785287993615,0,VALID
C09_S2_boundary,C09_S2_boundary__steady,ENGINEERING_PRIMARY,5,499.999999999997,20,0.200000000000001,10000,5000,50.0000000000003,500,3.73787422344998e-06,3.37361274558024e-06,-0.529107902765488,-0.413583115359995,1.82986741228056e-05,1.19123001217154e-05,2.18344766102248e-05,-2.10523052807102,0.636943283440235,9.4462483020938e-05,5.17131664679014e-05,0.00010769128230557,-13.8607552448276,5.57015570586863e-07,0.769393466902406,0,VALID
C09_S2_boundary,C09_S2_boundary__steady,ENGINEERING_PRIMARY,6,599.999999999996,20,0.200000000000001,10000,5000,50.0000000000003,600,0.0160295721727469,0.0104480902201654,0.641237198425604,-2.22631717072365,0.0160259409671919,0.0104438216112009,0.0191286223688615,-0.379228435617287,3.03640866696497,1.8898308261641e-06,1.67512612628141e-06,2.52537286167224e-06,77.587163688602,0.427512827777683,0.000280880481070718,0,VALID
C09_S2_boundary,C09_S2_boundary__steady,ENGINEERING_PRIMARY,7,699.999999999995,20,0.200000000000001,10000,5000,50.0000000000003,700,5.22443533625096e-06,7.32569159208088e-06,2.57351324249964,-1.14811430402806,8.39121178933042e-06,2.82879685001653e-06,8.85519773421583e-06,-2.99575304928143,0.0513738468558964,3.73787422344998e-06,3.37361274558024e-06,5.03517295308446e-06,4.90367741188128,9.16174690353912e-08,0.0161042758597915,0,VALID
C09_S2_boundary,C09_S2_boundary__steady,ENGINEERING_PRIMARY,8,799.999999999995,20,0.200000000000001,10000,5000,50.0000000000003,800,0.00384552758222101,0.00340487140162328,2.14602481997308,-0.937870485964376,0.00383752378507436,0.00339820535438514,0.00512585489763252,0.786725528637706,-2.2970828103986,2.6052944219215e-06,3.65280415349953e-06,4.48670672194191e-06,61.1567725134641,0.0306983037881997,0.00203115703950221,0,VALID
C09_S2_boundary,C09_S2_boundary__steady,ENGINEERING_PRIMARY,9,899.999999999994,20,0.200000000000001,10000,5000,50.0000000000003,900,4.72368882199979e-05,8.80157060099499e-05,-1.68847250165512,0.543270407619262,5.54476521082512e-05,9.02410413953383e-05,0.000105914530053401,3.12659962764392,-0.906308044355566,3.95035039240691e-06,3.74061418435628e-06,5.44035501589711e-06,25.786566052472,1.31066846579418e-05,0.0568774611648021,0,VALID
C09_S2_boundary,C09_S2_boundary__steady,ENGINEERING_PRIMARY,10,999.999999999993,20,0.200000000000001,10000,5000,50.0000000000003,1000,0.000516390166953362,0.00047427157416752,1.15199585124883,-2.59165795979456,0.000510593181572324,0.000472742032636542,0.000695837931194813,-0.558270292706372,1.97766709947592,3.95058328367574e-06,3.74067781233126e-06,5.44056787265131e-06,42.137277329954,0.000565715348329281,0.00761459678515982,0,VALID
C09_S2_boundary,C09_S2_boundary__steady,ENGINEERING_PRIMARY,11,1099.99999999999,20,0.200000000000001,10000,5000,50.0000000000003,1100,7.90732897275095e-06,7.48304236736103e-06,1.14139904802174,-0.296363750184811,5.75442210789094e-06,6.22802012457673e-06,8.47948161551853e-06,-1.80340570188184,-1.24949202110867,2.36245461504047e-05,4.4010562923496e-05,4.99504637581635e-05,-15.403404436215,8.40079465733657e-08,0.283895775080241,0,VALID
C09_S2_boundary,C09_S2_boundary__steady,ENGINEERING_PRIMARY,12,1199.99999999999,20,0.200000000000001,10000,5000,50.0000000000003,1200,0.0149543210547004,0.0106527249283943,2.68937513322306,-0.528863833207216,0.014950853346941,0.0106494250617747,0.0183558783485861,0.649587672793029,-2.56862079310334,1.04888543824418e-06,2.78269234629539e-06,2.97380856086797e-06,75.8092432689676,0.393669804938396,0.000258169251041946,0,VALID
C09_S2_boundary,C09_S2_boundary__steady,ENGINEERING_PRIMARY,13,1299.99999999999,20,0.200000000000001,10000,5000,50.0000000000003,1300,2.09347342860254e-06,5.56810929895614e-06,-1.36847578312951,-0.885976834483888,8.23077085892534e-06,1.52294969798771e-06,8.37048174926243e-06,2.85865675664384,-1.86330350353115,7.59259350564477e-06,7.48304236736103e-06,1.06603658105001e-05,-2.10043307897237,8.18620603605362e-08,0.289329676771387,0,VALID
C09_S2_boundary,C09_S2_boundary__steady,ENGINEERING_PRIMARY,14,1399.99999999999,20,0.200000000000001,10000,5000,50.0000000000003,1400,0.00337151848981587,0.00267996372121209,2.89008083279692,-0.483585473488363,0.00336803383312364,0.00267627512868218,0.00430187173977425,0.511332183020937,-2.86254278248955,1.04888543824418e-06,2.78269234629539e-06,2.97380856086797e-06,63.2068890082829,0.0216220406234459,0.00116763599286721,0,VALID
C09_S2_boundary,C09_S2_boundary__steady,ENGINEERING_PRIMARY,15,1499.99999999999,20,0.200000000000001,10000,5000,50.0000000000003,1500,1.51845804152156e-05,3.48033381526009e-05,-0.215241470035585,1.58244141842964,1.90685321192495e-05,3.89867522446548e-05,4.3400181655944e-05,-2.98601183421746,-0.915116097492907,2.09347342860254e-06,3.589663575409e-06,4.15551628331343e-06,20.3773311775231,2.2007203432205e-06,0.125081571531709,0,VALID
C09_S2_boundary,C09_S2_boundary__steady,ENGINEERING_PRIMARY,16,1599.99999999999,20,0.200000000000001,10000,5000,50.0000000000003,1600,0.000946560828912982,0.000811788187930889,1.39766066351033,-2.31096090941279,0.000942657355130021,0.000810409272168874,0.00124312753874975,-1.3256631485761,1.24718777836062,3.33272428965677e-06,3.589663575409e-06,4.89823802764692e-06,48.0895160350722,0.001805565044363,0.00310492421567121,0,VALID
C09_S2_boundary,C09_S2_boundary__steady,ENGINEERING_PRIMARY,17,1699.99999999999,20,0.200000000000001,10000,5000,50.0000000000003,1700,6.66712552486842e-06,7.17809327082706e-06,2.00618865334238,0.841639737616042,1.93688486313536e-06,9.28632964665919e-06,9.48617105472299e-06,-1.13093672589442,-1.61335430370168,7.59257769720882e-06,1.74028167890469e-05,1.89869762806321e-05,-6.02729712532427,1.05138957533228e-07,0.0327362802009602,0,VALID
C09_S2_boundary,C09_S2_boundary__steady,ENGINEERING_PRIMARY,18,1799.99999999999,20,0.200000000000001,10000,5000,50.0000000000003,1800,0.00462902167159718,0.00256481470856965,-2.84168588071972,-0.187198996385255,0.00462785051139277,0.00256225007030374,0.0052898133973298,0.38243163670033,3.03705571773554,3.1241113985668e-06,3.589663575409e-06,4.75875578436982e-06,60.9189386896174,0.032693579149404,0.000428580859637663,0,VALID
C09_S2_boundary,C09_S2_boundary__steady,ENGINEERING_PRIMARY,19,1899.99999999999,20,0.200000000000001,10000,5000,50.0000000000003,1900,6.24846966780432e-06,7.5536475250111e-06,0.187740394481712,-0.176433103067458,8.92814451262332e-06,5.62566899063521e-06,1.05527207880471e-05,2.77647802042439,-2.91379772256319,6.66712552486842e-06,7.17809327082706e-06,9.79671300840464e-06,0.645681233597058,1.30109994416571e-07,0.0710348432585607,0,VALID
C09_S2_boundary,C09_S2_boundary__steady,ENGINEERING_PRIMARY,20,1999.99999999999,20,0.200000000000001,10000,5000,50.0000000000003,2000,0.00200164779266188,0.00134917070850116,-2.10023899790453,0.910870583540903,0.00200334714917036,0.00135017391628444,0.00241585790234109,0.784877357740907,-2.48658178214232,3.1241113985668e-06,3.77672473004926e-06,4.90139997523368e-06,53.8550248361575,0.00681906037356542,0.000815386882041305,0,VALID
D01_iq_step,D01_iq_step__steady,SECONDARY_DYNAMIC,1,60.0000000000001,NaN,NaN,10000,5000,83.3333333333332,NaN,NaN,NaN,NaN,NaN,NaN,NaN,NaN,NaN,NaN,NaN,NaN,NaN,NaN,NaN,NaN,0,EXCLUDED:no_registered_steady_phase;early_termination
D01_iq_step,D01_iq_step__steady,SECONDARY_DYNAMIC,2,120,NaN,NaN,10000,5000,83.3333333333332,NaN,NaN,NaN,NaN,NaN,NaN,NaN,NaN,NaN,NaN,NaN,NaN,NaN,NaN,NaN,NaN,0,EXCLUDED:no_registered_steady_phase;early_termination
D01_iq_step,D01_iq_step__steady,SECONDARY_DYNAMIC,3,180,NaN,NaN,10000,5000,83.3333333333332,NaN,NaN,NaN,NaN,NaN,NaN,NaN,NaN,NaN,NaN,NaN,NaN,NaN,NaN,NaN,NaN,0,EXCLUDED:no_registered_steady_phase;early_termination
D01_iq_step,D01_iq_step__steady,SECONDARY_DYNAMIC,4,240,NaN,NaN,10000,5000,83.3333333333332,NaN,NaN,NaN,NaN,NaN,NaN,NaN,NaN,NaN,NaN,NaN,NaN,NaN,NaN,NaN,NaN,0,EXCLUDED:no_registered_steady_phase;early_termination
D01_iq_step,D01_iq_step__steady,SECONDARY_DYNAMIC,5,300,NaN,NaN,10000,5000,83.3333333333332,NaN,NaN,NaN,NaN,NaN,NaN,NaN,NaN,NaN,NaN,NaN,NaN,NaN,NaN,NaN,NaN,0,EXCLUDED:no_registered_steady_phase;early_termination
D01_iq_step,D01_iq_step__steady,SECONDARY_DYNAMIC,6,360,NaN,NaN,10000,5000,83.3333333333332,NaN,NaN,NaN,NaN,NaN,NaN,NaN,NaN,NaN,NaN,NaN,NaN,NaN,NaN,NaN,NaN,0,EXCLUDED:no_registered_steady_phase;early_termination
D01_iq_step,D01_iq_step__steady,SECONDARY_DYNAMIC,7,420.000000000001,NaN,NaN,10000,5000,83.3333333333332,NaN,NaN,NaN,NaN,NaN,NaN,NaN,NaN,NaN,NaN,NaN,NaN,NaN,NaN,NaN,NaN,0,EXCLUDED:no_registered_steady_phase;early_termination
D01_iq_step,D01_iq_step__steady,SECONDARY_DYNAMIC,8,480.000000000001,NaN,NaN,10000,5000,83.3333333333332,NaN,NaN,NaN,NaN,NaN,NaN,NaN,NaN,NaN,NaN,NaN,NaN,NaN,NaN,NaN,NaN,0,EXCLUDED:no_registered_steady_phase;early_termination
D01_iq_step,D01_iq_step__steady,SECONDARY_DYNAMIC,9,540.000000000001,NaN,NaN,10000,5000,83.3333333333332,NaN,NaN,NaN,NaN,NaN,NaN,NaN,NaN,NaN,NaN,NaN,NaN,NaN,NaN,NaN,NaN,0,EXCLUDED:no_registered_steady_phase;early_termination
D01_iq_step,D01_iq_step__steady,SECONDARY_DYNAMIC,10,600.000000000001,NaN,NaN,10000,5000,83.3333333333332,NaN,NaN,NaN,NaN,NaN,NaN,NaN,NaN,NaN,NaN,NaN,NaN,NaN,NaN,NaN,NaN,0,EXCLUDED:no_registered_steady_phase;early_termination
D01_iq_step,D01_iq_step__steady,SECONDARY_DYNAMIC,11,660.000000000001,NaN,NaN,10000,5000,83.3333333333332,NaN,NaN,NaN,NaN,NaN,NaN,NaN,NaN,NaN,NaN,NaN,NaN,NaN,NaN,NaN,NaN,0,EXCLUDED:no_registered_steady_phase;early_termination
D01_iq_step,D01_iq_step__steady,SECONDARY_DYNAMIC,12,720.000000000001,NaN,NaN,10000,5000,83.3333333333332,NaN,NaN,NaN,NaN,NaN,NaN,NaN,NaN,NaN,NaN,NaN,NaN,NaN,NaN,NaN,NaN,0,EXCLUDED:no_registered_steady_phase;early_termination
D01_iq_step,D01_iq_step__steady,SECONDARY_DYNAMIC,13,780.000000000001,NaN,NaN,10000,5000,83.3333333333332,NaN,NaN,NaN,NaN,NaN,NaN,NaN,NaN,NaN,NaN,NaN,NaN,NaN,NaN,NaN,NaN,0,EXCLUDED:no_registered_steady_phase;early_termination
D01_iq_step,D01_iq_step__steady,SECONDARY_DYNAMIC,14,840.000000000001,NaN,NaN,10000,5000,83.3333333333332,NaN,NaN,NaN,NaN,NaN,NaN,NaN,NaN,NaN,NaN,NaN,NaN,NaN,NaN,NaN,NaN,0,EXCLUDED:no_registered_steady_phase;early_termination
D01_iq_step,D01_iq_step__steady,SECONDARY_DYNAMIC,15,900.000000000001,NaN,NaN,10000,5000,83.3333333333332,NaN,NaN,NaN,NaN,NaN,NaN,NaN,NaN,NaN,NaN,NaN,NaN,NaN,NaN,NaN,NaN,0,EXCLUDED:no_registered_steady_phase;early_termination
D01_iq_step,D01_iq_step__steady,SECONDARY_DYNAMIC,16,960.000000000001,NaN,NaN,10000,5000,83.3333333333332,NaN,NaN,NaN,NaN,NaN,NaN,NaN,NaN,NaN,NaN,NaN,NaN,NaN,NaN,NaN,NaN,0,EXCLUDED:no_registered_steady_phase;early_termination
D01_iq_step,D01_iq_step__steady,SECONDARY_DYNAMIC,17,1020,NaN,NaN,10000,5000,83.3333333333332,NaN,NaN,NaN,NaN,NaN,NaN,NaN,NaN,NaN,NaN,NaN,NaN,NaN,NaN,NaN,NaN,0,EXCLUDED:no_registered_steady_phase;early_termination
D01_iq_step,D01_iq_step__steady,SECONDARY_DYNAMIC,18,1080,NaN,NaN,10000,5000,83.3333333333332,NaN,NaN,NaN,NaN,NaN,NaN,NaN,NaN,NaN,NaN,NaN,NaN,NaN,NaN,NaN,NaN,0,EXCLUDED:no_registered_steady_phase;early_termination
D01_iq_step,D01_iq_step__steady,SECONDARY_DYNAMIC,19,1140,NaN,NaN,10000,5000,83.3333333333332,NaN,NaN,NaN,NaN,NaN,NaN,NaN,NaN,NaN,NaN,NaN,NaN,NaN,NaN,NaN,NaN,0,EXCLUDED:no_registered_steady_phase;early_termination
D01_iq_step,D01_iq_step__steady,SECONDARY_DYNAMIC,20,1200,NaN,NaN,10000,5000,83.3333333333332,NaN,NaN,NaN,NaN,NaN,NaN,NaN,NaN,NaN,NaN,NaN,NaN,NaN,NaN,NaN,NaN,0,EXCLUDED:no_registered_steady_phase;early_termination
D02_id_step,D02_id_step__steady,SECONDARY_DYNAMIC,1,59.9999999999999,20,0.333333333333334,10000,5000,83.3333333333335,60,0.000120137190906,0.000199337780050016,1.45466323895768,1.42752208766675,5.59560577081606e-05,6.34514244379525e-05,8.46000216160976e-05,-2.17192706721148,2.80773808346308,0.000244170216955222,0.000289980929972978,0.000379088425826948,-13.0274010184338,2.17617585361627e-05,1.75107804809775,0,VALID
D02_id_step,D02_id_step__steady,SECONDARY_DYNAMIC,2,120,20,0.333333333333334,10000,5000,83.3333333333335,120,0.000244170216955222,9.31945843159716e-05,-1.7662326442912,2.01022931584679,0.000164076341370802,0.000105224629435861,0.000194918620038062,-2.49304312484326,-0.183621189612849,0.000211374991997861,0.000306746394096618,0.0003725221302599,-5.62597499481318,0.000115520668984207,0.340820913133243,0,VALID
D02_id_step,D02_id_step__steady,SECONDARY_DYNAMIC,3,180,20,0.333333333333334,10000,5000,83.3333333333335,180,0.000791068189565765,0.00100939684628701,0.0318445819847684,0.369405403352424,0.000809107776840587,0.00105637622665347,0.00133063373126588,0.690809006619733,0.956991455456354,0.000244170216955222,0.000351479120895468,0.00042796806805346,9.85294324547568,0.0053835666756684,0.0362132038673332,0,VALID
D02_id_step,D02_id_step__steady,SECONDARY_DYNAMIC,4,239.999999999999,20,0.333333333333334,10000,5000,83.3333333333335,240,0.000230320421237038,0.000733958127032295,1.16673360633308,2.6421465490611,0.000147614167165971,0.000556895258571706,0.000576126957681855,2.67815482848237,-0.501850081903508,0.000382251570824274,0.000515865449510025,0.000642054067346205,-0.941068093188116,0.00100922832954459,0.335205188389912,0,VALID
D02_id_step,D02_id_step__steady,SECONDARY_DYNAMIC,5,299.999999999999,20,0.333333333333334,10000,5000,83.3333333333335,300,0.000494981090947372,0.000515865449510025,3.01003081639378,-2.9611305052165,0.000412701560552528,0.000145648314651325,0.000437648271610049,2.22687828533512,-2.88616606113481,0.000381159229091572,0.000672425391725709,0.000772941307835954,-4.94042599988254,0.000582376007079496,0.63356974891567,0,VALID
D02_id_step,D02_id_step__steady,SECONDARY_DYNAMIC,6,359.999999999999,20,0.333333333333334,10000,5000,83.3333333333335,360,0.011444942617181,0.00151350682437434,3.13121446921745,-1.21239236994453,0.0112915351180036,0.00145819567580309,0.0113853019261695,-1.6693322895807,0.313281338012097,0.000382251570824274,0.000706115203830214,0.000802941432781875,23.0332136700468,0.394132405007217,0.0139901290862646,0,VALID
D02_id_step,D02_id_step__steady,SECONDARY_DYNAMIC,7,419.999999999999,20,0.333333333333334,10000,5000,83.3333333333335,420,0.000519114912396543,0.00104446050024335,-2.8912624632747,-2.9600988534695,0.000452345448460013,0.000162673299762568,0.000480706778814417,1.46526524242134,0.0412987660972694,0.00101866571151962,0.00112011485881799,0.00151404660719894,-9.96517995705305,0.000702608714583691,1.42632826837344,0,VALID
D02_id_step,D02_id_step__steady,SECONDARY_DYNAMIC,8,479.999999999999,20,0.333333333333334,10000,5000,83.3333333333335,480,0.000717035366221154,0.00112011485881799,-0.366869709199777,-1.63474918037615,0.000335736126281173,0.000493027227652161,0.000596485199897419,0.732351362724593,-1.92766362323718,0.00107505163703402,0.00131211428653396,0.00169628415167272,-9.07797864321896,0.00108181346788762,1.22966350696044,0,VALID
D02_id_step,D02_id_step__steady,SECONDARY_DYNAMIC,9,539.999999999999,20,0.333333333333334,10000,5000,83.3333333333335,540,0.00184867855098692,0.00267346510083656,2.56347888415217,2.33591117328803,0.00170703503361599,0.00263705031030532,0.00314133776360864,-1.53468529592499,-1.8494458844405,0.000717035366221154,0.00112011485881799,0.00132996128265328,7.46551274173705,0.0300042178162965,0.0347148727907667,0,VALID
D02_id_step,D02_id_step__steady,SECONDARY_DYNAMIC,10,599.999999999999,20,0.333333333333334,10000,5000,83.3333333333335,600,0.000609637226429592,0.0018524940885037,-2.54803650225001,-1.89049253966566,0.000271220075620534,0.00158640849122334,0.00160942605622163,0.762589408741166,2.40479141784785,0.000804962680234867,0.00112011485881799,0.00137935572406676,1.33989493422559,0.00787580755234997,0.211754134513043,0,VALID
D02_id_step,D02_id_step__steady,SECONDARY_DYNAMIC,11,659.999999999999,20,0.333333333333334,10000,5000,83.3333333333335,660,0.000233760162593537,0.000422994783795787,-1.75726814341208,1.52767635172355,0.000390724984796553,0.000614631772006913,0.000728311903585699,-0.962347614483855,2.24362080272005,0.00107505163703402,0.00131211428653396,0.00169628415167272,-7.34362392700509,0.00161282726066576,0.336425581147614,0,VALID
D02_id_step,D02_id_step__steady,SECONDARY_DYNAMIC,12,719.999999999998,20,0.333333333333334,10000,5000,83.3333333333335,720,0.00360739226678328,0.00434248794649708,0.249267194771141,-0.0422280498317629,0.00344140032684998,0.00446987128969568,0.00564118653796246,-2.96079830793509,2.98440711168512,0.000588090743753917,0.0011214034456998,0.00126625290164186,12.9770001456081,0.0967595769381498,0.000745958730152544,0,VALID
D02_id_step,D02_id_step__steady,SECONDARY_DYNAMIC,13,779.999999999998,20,0.333333333333334,10000,5000,83.3333333333335,780,0.000588090743753917,0.00140692202246842,-0.971497148849147,-1.17720250671555,0.000888771121611009,0.000679265849953991,0.00111862245709775,-1.70909348898537,-2.47591173817342,0.000835433762865183,0.00105890675138163,0.00134878948700554,-1.62521276797746,0.00380469727021233,0.363182877124536,0,VALID
D02_id_step,D02_id_step__steady,SECONDARY_DYNAMIC,14,839.999999999998,20,0.333333333333334,10000,5000,83.3333333333335,840,0.000577598214370713,0.00151659431901001,2.59595173325808,-0.0289746152860093,0.000725893517790272,0.000676634028380088,0.000992348228965922,-1.67279855568976,1.7266866352118,0.000854038914594082,0.00100636252884895,0.00131990454469719,-2.47756850559304,0.00299420297157726,0.635374573527202,0,VALID
D02_id_step,D02_id_step__steady,SECONDARY_DYNAMIC,15,899.999999999998,20,0.333333333333334,10000,5000,83.3333333333335,900,0.00122935128351418,0.00086224505622484,0.103803323822751,0.699595784610741,0.00152150217983957,0.00106922169976409,0.00185962467355727,-2.33542180270286,-1.42972228008411,0.000637260933630629,0.00135603850794066,0.00149831302889273,1.87645487497924,0.01051486348773,0.192530863402528,0,VALID
D02_id_step,D02_id_step__steady,SECONDARY_DYNAMIC,16,959.999999999998,20,0.333333333333334,10000,5000,83.3333333333335,960,0.000397176818082057,0.00158575474395924,-2.79429793344569,0.191162088229653,0.000780146301880037,0.00114565110111264,0.00138605364175334,2.73749190414986,-0.36616740611467,0.000835433762865183,0.000691050647121791,0.00108420504012042,2.13337232831616,0.00584134847656503,0.179418824309753,0,VALID
D02_id_step,D02_id_step__steady,SECONDARY_DYNAMIC,17,1020,20,0.333333333333334,10000,5000,83.3333333333335,1020,0.000669506440052329,0.000691050647121791,1.30480768144664,1.70416894386582,0.000612985908529116,0.000449615250146088,0.000760201024216092,2.87789798801457,-1.83681856074304,0.000510433949911214,0.00141655137449925,0.00150570933908828,-5.93625387418837,0.00175715446303934,0.265691203710263,0,VALID
D02_id_step,D02_id_step__steady,SECONDARY_DYNAMIC,18,1080,20,0.333333333333334,10000,5000,83.3333333333335,1080,0.0025852002372503,0.00141655137449925,-0.805544520398408,2.44256043272853,0.00281887153860683,0.00160722033490148,0.0032448719475641,-2.69413874393322,0.54704048168834,0.000397176818082057,0.0012736054857419,0.00133409908107818,7.72018955751315,0.032014606262985,0.0915327445705099,0,VALID
D02_id_step,D02_id_step__steady,SECONDARY_DYNAMIC,19,1140,20,0.333333333333334,10000,5000,83.3333333333335,1140,0.000104825457908292,0.0013893325068878,-1.42028676046228,1.0749715261409,0.000396282100909532,0.00121002129108042,0.00127326000030206,1.41252456441406,0.86883556865691,0.00100872034455873,0.000886993356170518,0.00134323264828448,-0.464682865261825,0.00492932247869857,0.0942631096119417,0,VALID
D02_id_step,D02_id_step__steady,SECONDARY_DYNAMIC,20,1200,20,0.333333333333334,10000,5000,83.3333333333335,1200,0.00170573983068271,0.00137900634375136,-1.72327084779447,3.07223198953589,0.00136164144151091,0.00106099868998861,0.00172620556000653,1.46600497147977,0.0410168952175138,0.000829616454965039,0.0013893325068878,0.00161818054525566,0.5613107119193,0.00906020577293907,0.270675054751398,0,VALID
D03_id_iq_step,D03_id_iq_step__steady,SECONDARY_DYNAMIC,1,59.9999999999999,20,0.333333333333334,10000,5000,83.3333333333335,60,0.00011173163098045,0.00010414829127524,-1.04659796085003,2.5498343751695,9.74178103389582e-05,6.37417611469769e-05,0.000116418391525375,-2.34999582509138,0.790715346486527,0.000121856677314109,0.000162035698327118,0.000202742736832646,-4.81847420243775,4.38812267085172e-05,0.312029027507928,0,VALID
D03_id_iq_step,D03_id_iq_step__steady,SECONDARY_DYNAMIC,2,120,20,0.333333333333334,10000,5000,83.3333333333335,120,0.000121856677314109,0.000248263653095744,-1.93538054172722,0.482845421391517,8.18090129864496e-05,0.000237134973368176,0.000250849975483639,2.53159364542287,-1.22517812464092,0.000212580397275408,0.000159890227298892,0.000265998703176278,-0.50930912802282,0.000203734086533975,0.102480520503348,0,VALID
D03_id_iq_step,D03_id_iq_step__steady,SECONDARY_DYNAMIC,3,180,20,0.333333333333334,10000,5000,83.3333333333335,180,0.000267781751625937,0.000168670788592242,-0.334031522615172,2.41700346212933,2.61992539221568e-05,2.21286666800754e-05,3.42940052358357e-05,2.22763897351909,-0.671713811093759,0.000128501565271701,0.000213506221115019,0.000249193817604074,-17.2263810726116,3.8077812431952e-06,8.22831117409347,0,VALID
D03_id_iq_step,D03_id_iq_step__steady,SECONDARY_DYNAMIC,4,239.999999999999,20,0.333333333333334,10000,5000,83.3333333333335,240,0.000163463563847872,0.000280966812705268,1.48514541455784,-0.282895194780197,0.000186738840126908,0.00028669087387135,0.000342144781595543,-1.68800176616035,2.75627754316916,0.000221983875671469,0.000162035698327118,0.000274831600421937,1.90286507240331,0.000379014139105628,0.0499402837086211,0,VALID
D03_id_iq_step,D03_id_iq_step__steady,SECONDARY_DYNAMIC,5,299.999999999999,20,0.333333333333334,10000,5000,83.3333333333335,300,0.000221983875671469,8.9895729695048e-05,2.46020293747471,2.15945990046913,1.79741426281573e-05,1.20105567175031e-05,2.16176612028614e-05,0.817626091208588,-2.34372595860767,0.000320531734414768,0.000335456303661355,0.000463973624717051,-26.6336917387299,1.51304896559765e-06,10.078695066812,0,VALID
D03_id_iq_step,D03_id_iq_step__steady,SECONDARY_DYNAMIC,6,359.999999999999,20,0.333333333333334,10000,5000,83.3333333333335,360,0.00852351712359643,0.00711572461474276,-1.37598509443237,1.85456852056862,0.00852442657142612,0.00711898626447854,0.0111061160540249,0.117268759776857,-2.93540427528642,0.000221983875671469,0.000213506221115019,0.000307996343343459,31.1403329386856,0.399355789923054,0.000251085264473983,0,VALID
D03_id_iq_step,D03_id_iq_step__steady,SECONDARY_DYNAMIC,7,419.999999999999,20,0.333333333333334,10000,5000,83.3333333333335,420,0.000171379391015358,0.000198788983275782,-2.82297709529125,0.293390517087304,1.29234708036903e-05,8.36926795261517e-06,1.5396777054842e-05,-0.739404070093126,2.41722181830859,0.000476561652929855,0.000671417546960014,0.000823354438506915,-34.5631401956256,7.67529741219967e-07,16.0467592116821,0,VALID
D03_id_iq_step,D03_id_iq_step__steady,SECONDARY_DYNAMIC,8,479.999999999999,20,0.333333333333334,10000,5000,83.3333333333335,480,0.000729693015297615,0.000779253748504206,2.3201336400623,-1.86618800864766,0.000739475806298976,0.000786972134390569,0.0010798840717451,2.20815349953089,-1.96517731822585,0.000675980346204458,0.000656873444092166,0.000942566788088888,1.18130004653075,0.00377563359198407,0.011410690473086,0,VALID
D03_id_iq_step,D03_id_iq_step__steady,SECONDARY_DYNAMIC,9,539.999999999999,20,0.333333333333334,10000,5000,83.3333333333335,540,0.000740518094096461,0.000537836227382155,-2.82306631179785,0.0470845140455234,1.05857443239778e-05,4.68918003285603e-06,1.15778405703812e-05,-2.51876401199357,0.975051860018666,0.000397450050502357,0.000686110250669174,0.000792914761319048,-36.7119787609588,4.34000970288393e-07,78.0496234255753,0,VALID
D03_id_iq_step,D03_id_iq_step__steady,SECONDARY_DYNAMIC,10,599.999999999999,20,0.333333333333334,10000,5000,83.3333333333335,600,0.000558760939554168,0.000686110250669174,-0.775407518302062,2.94957210717633,0.000551534325604437,0.000683697788868553,0.000878426308135002,-2.46575445453109,1.25723819651355,0.000476561652929855,0.000629793790486978,0.000789779227112989,0.923992547668971,0.00249830949596435,0.00731371847124346,0,VALID
D03_id_iq_step,D03_id_iq_step__steady,SECONDARY_DYNAMIC,11,659.999999999999,20,0.333333333333334,10000,5000,83.3333333333335,660,0.00020445358863211,0.000451755415423688,-0.449292876821381,-0.820979683679753,8.91451817503764e-06,5.20057358662815e-06,1.0320591064615e-05,2.41293823568233,-0.673268236137682,0.000740518094096461,0.000731611760919214,0.00104097205361122,-40.0746900035257,3.44861498564338e-07,47.0463901410651,0,VALID
D03_id_iq_step,D03_id_iq_step__steady,SECONDARY_DYNAMIC,12,719.999999999998,20,0.333333333333334,10000,5000,83.3333333333335,720,0.00275120260816534,0.00403943680220851,3.10911177110158,-0.814802218515112,0.00275305435765809,0.00404532042631188,0.00489325307415796,-0.190423970703978,2.1709813762322,0.000346832262459515,0.000640123433421634,0.000728045759755722,16.5487800159522,0.077523063376915,0.0012068834146075,0,VALID
D03_id_iq_step,D03_id_iq_step__steady,SECONDARY_DYNAMIC,13,779.999999999998,20,0.333333333333334,10000,5000,83.3333333333335,780,0.000225822189850841,0.000172076409338214,1.75813725693275,0.206262108087837,7.14764230938721e-06,4.95205416148704e-06,8.69549486810516e-06,0.805564195276925,-2.27323858203129,0.00092423063756255,0.000981282417314606,0.00134800499032462,-43.8079439369698,2.4480719445813e-07,31.6504561382484,0,VALID
D03_id_iq_step,D03_id_iq_step__steady,SECONDARY_DYNAMIC,14,839.999999999998,20,0.333333333333334,10000,5000,83.3333333333335,840,0.00144549276382369,0.000989633219991395,-0.112408926376768,2.195182331924,0.00144330137523048,0.000986177149836525,0.00174804583195118,1.282241972459,-2.69723412848677,0.000906443672136582,0.000643930032726511,0.00111188399476007,3.92986672927154,0.00989330050938073,0.00215090273530481,0,VALID
D03_id_iq_step,D03_id_iq_step__steady,SECONDARY_DYNAMIC,15,899.999999999998,20,0.333333333333334,10000,5000,83.3333333333335,900,0.00086825681830767,0.000590168830588495,1.31299498009243,-2.06608029865033,3.21632499699259e-06,4.73022343730912e-06,5.72011890201138e-06,-0.362712331489192,2.47373052372505,0.000906443672136582,0.00079058476945112,0.00120277363142219,-46.4555768405242,1.05936515385895e-07,182.535073148809,0,VALID
D03_id_iq_step,D03_id_iq_step__steady,SECONDARY_DYNAMIC,16,959.999999999998,20,0.333333333333334,10000,5000,83.3333333333335,960,0.00118771693171045,0.001047889594086,-3.05258077774353,0.212462706566422,0.00118945872593713,0.0010477609716469,0.00158512305970686,3.01933655275993,0.00198704476709581,0.00088686792177915,0.00079058476945112,0.00118809047987472,2.50426936086071,0.00813507457474073,0.000770610512447991,0,VALID
D03_id_iq_step,D03_id_iq_step__steady,SECONDARY_DYNAMIC,17,1020,20,0.333333333333334,10000,5000,83.3333333333335,1020,0.000496209366749202,0.000513459932461263,1.62293964485954,-3.04736061434676,4.56260477518984e-06,3.92816801940471e-06,6.02062009457988e-06,-2.26140092376625,0.879384746996399,0.000906443672136582,0.000911616320458663,0.00128556775258368,-46.58907492379,1.17359437194848e-07,117.600441974887,0,VALID
D03_id_iq_step,D03_id_iq_step__steady,SECONDARY_DYNAMIC,18,1080,20,0.333333333333334,10000,5000,83.3333333333335,1080,0.00525558338069087,0.00340703253574496,1.50806602891161,-1.59212852549984,0.00526087672595298,0.00341110990622761,0.00626996768078096,-0.294764707936198,2.88803041916766,0.00064917081080208,0.000513459932461263,0.000827685836438291,17.5879955741938,0.127281760909438,0.00106215210559654,0,VALID
D03_id_iq_step,D03_id_iq_step__steady,SECONDARY_DYNAMIC,19,1140,20,0.333333333333334,10000,5000,83.3333333333335,1140,0.000336999077163116,0.00022685222409907,-2.03275441964682,-2.0466211134909,4.9845877312223e-06,2.99070949177791e-06,5.81295605647096e-06,2.63056031492508,-0.820987961079367,0.00104534521478883,0.000770190670446218,0.00129843763305147,-46.9804810883869,1.09403105592584e-07,68.8851364254742,0,VALID
D03_id_iq_step,D03_id_iq_step__steady,SECONDARY_DYNAMIC,20,1200,20,0.333333333333334,10000,5000,83.3333333333335,1200,0.00147235402061758,0.00103197199365221,-2.82605058348773,-0.351394400434506,0.0014731771355294,0.00103412312760687,0.00179990597412699,0.0543757420544718,2.52880682449506,0.000850907344512877,0.000470222057085123,0.000972189329253989,5.34997936990101,0.0104890271000631,0.00106069767325661,0,VALID
D04_torque_ramp,D04_torque_ramp__steady,SECONDARY_DYNAMIC,1,79.9999999999996,20,0.250000000000001,10000,5000,62.5000000000003,80,0.0004461184957092,0.000274990974632953,1.16648455470592,-1.89573707305671,0.000501296638988603,0.000308273432397776,0.000588498793017943,2.30283738325451,-0.770079322180926,0.000118913232999208,0.000113181017337879,0.00016416546429734,11.0892755433544,0.000508351918697002,0.109492254816352,0,VALID
D04_torque_ramp,D04_torque_ramp__steady,SECONDARY_DYNAMIC,2,159.999999999999,20,0.250000000000001,10000,5000,62.5000000000003,160,0.000341545190930837,0.000244310802987337,-0.326207858917639,2.97355497932707,0.000335000108213387,0.000242168459499702,0.000413365014580866,1.90021205775384,-1.09182299736591,0.000118913232999208,0.000113201690716152,0.000164179717880496,8.02028423982145,0.000250807632251171,0.0158808930783085,0,VALID
D04_torque_ramp,D04_torque_ramp__steady,SECONDARY_DYNAMIC,3,239.999999999999,20,0.250000000000001,10000,5000,62.5000000000003,240,0.000235524072384828,0.000226506771218033,-1.01388058165748,2.26847435655422,0.000224534788015115,0.000221008298887239,0.000315056406387846,2.2718165974275,-0.736813624231971,0.000283518136274452,0.000191614686321512,0.000342196904735607,-0.717755237664853,0.000145696776824899,0.0371709671936426,0,VALID
D04_torque_ramp,D04_torque_ramp__steady,SECONDARY_DYNAMIC,4,319.999999999999,20,0.250000000000001,10000,5000,62.5000000000003,320,0.000748714450815202,0.000523464714282685,3.08095072780196,-0.0401753468044619,0.000750428122133564,0.000524314677783453,0.000915449751667492,1.13079703871162,-1.98785713418473,0.000203088035906255,0.000174313248934725,0.000267637551704614,10.6817492563283,0.00123010543272261,0.00206622335900471,0,VALID
D04_torque_ramp,D04_torque_ramp__steady,SECONDARY_DYNAMIC,5,399.999999999998,20,0.250000000000001,10000,5000,62.5000000000003,400,0.00239618638666582,0.00170044478120773,1.15000001659563,-1.93454632794393,0.00240568915447513,0.00170647572490913,0.00294947447991391,0.302399698917109,-2.78266579384849,0.000374360818863795,0.000261733710106636,0.000456782834294981,16.2006973576373,0.0127691679680208,0.0038108602143804,0,VALID
D04_torque_ramp,D04_torque_ramp__steady,SECONDARY_DYNAMIC,6,479.999999999998,20,0.250000000000001,10000,5000,62.5000000000003,480,0.013761205501736,0.00964749916763859,-0.445472711442197,2.91557998435272,0.0137620926794111,0.00964750098719606,0.0168068280830932,-0.208930407275394,-3.13096846187712,0.000719832729091828,0.000537260266069227,0.000898224777752521,25.4420145337347,0.414614827714072,4.32855509649191e-05,0,VALID
D04_torque_ramp,D04_torque_ramp__steady,SECONDARY_DYNAMIC,7,559.999999999997,20,0.250000000000001,10000,5000,62.5000000000003,560,0.00143966978693257,0.00110211374800853,-0.199853784292594,2.98171420566282,0.00143773827562792,0.00110114437462052,0.00181096943181379,1.12684273692825,-1.97566355151478,0.00070372410476601,0.000659022119340525,0.000964125390915933,5.47555198518323,0.0048138832540278,0.00117224587952871,0,VALID
D04_torque_ramp,D04_torque_ramp__steady,SECONDARY_DYNAMIC,8,639.999999999997,20,0.250000000000001,10000,5000,62.5000000000003,640,0.000938300689273348,0.000935617258161504,-0.425880311697758,2.83782647797161,0.000935572559783692,0.000934379868878546,0.00132225631175869,1.98806906820539,-1.03304468104385,0.000592768243551514,0.000480082010889059,0.000762792847201931,4.77818073655011,0.00256628338227066,0.00212147585487241,0,VALID
D04_torque_ramp,D04_torque_ramp__steady,SECONDARY_DYNAMIC,9,719.999999999997,20,0.250000000000001,10000,5000,62.5000000000003,720,0.000465703912618242,0.000409108203922348,-0.937361308185906,1.98891388320156,0.000461811066986008,0.000406817239441817,0.000615442708867215,2.56282771137798,-0.796627707110965,0.000829066786486109,0.000735620499513515,0.00110837234526982,-5.10996100581035,0.00055596643897948,0.00720787597389079,0,VALID
D04_torque_ramp,D04_torque_ramp__steady,SECONDARY_DYNAMIC,10,799.999999999996,20,0.250000000000001,10000,5000,62.5000000000003,800,0.00199305801580902,0.00184036621831569,1.91209611448109,-1.28870130844036,0.00199781899850077,0.00184335621431682,0.00271831618536753,0.211880814104668,-2.98875142040268,0.000467425716438457,0.000438457835790107,0.000640883822665036,12.55041323682,0.0108460913061012,0.00203304682301812,0,VALID
D04_torque_ramp,D04_torque_ramp__steady,SECONDARY_DYNAMIC,11,879.999999999996,20,0.250000000000001,10000,5000,62.5000000000003,880,0.0034522020088574,0.00304963056043095,0.463607694419811,-2.75046708020259,0.00345292270696406,0.00304988184068323,0.00460700059283666,-0.148656994519342,2.92006763329824,0.000946402288451516,0.000873652877301161,0.00128800102546654,11.0700411868536,0.0311537155628355,0.000153353681678494,0,VALID
D04_torque_ramp,D04_torque_ramp__steady,SECONDARY_DYNAMIC,12,959.999999999996,20,0.250000000000001,10000,5000,62.5000000000003,960,0.0107139821773843,0.00862547775864163,-0.213665994337595,2.84200990452677,0.0107130367840225,0.00862515068474715,0.013753631573894,0.259764066045045,-2.96784593867957,0.00100591111382067,0.000987665606471357,0.00140973065481119,19.7856248566057,0.277656654872261,6.84552210604189e-05,0,VALID
D04_torque_ramp,D04_torque_ramp__steady,SECONDARY_DYNAMIC,13,1040,20,0.250000000000001,10000,5000,62.5000000000003,1040,0.00179254441331189,0.00165424162049909,0.0149559417534548,3.04532250023021,0.00179163363772086,0.00165358334948697,0.00243809125865161,1.57644902051279,-1.67706614514183,0.0013706960657972,0.00128998103299606,0.00188224832853731,2.24746074470585,0.00872515656909204,0.000457631038575135,0,VALID
D04_torque_ramp,D04_torque_ramp__steady,SECONDARY_DYNAMIC,14,1119.99999999999,20,0.250000000000001,10000,5000,62.5000000000003,1120,0.00203058119125115,0.00211029335609617,-0.532030089991862,2.45469731494202,0.00202859130563358,0.00210919483946792,0.00292641172020108,2.1153231221052,-1.18163303198448,0.000808213307255815,0.000752414504489628,0.00110423563454172,8.46547338846215,0.012570257351068,0.000741938495534913,0,VALID
D04_torque_ramp,D04_torque_ramp__steady,SECONDARY_DYNAMIC,15,1199.99999999999,20,0.250000000000001,10000,5000,62.5000000000003,1200,0.000720154383515294,0.000677708294725006,-2.13994071322466,0.703589298113882,0.000718617676556146,0.00067722869628676,0.000987446237591302,1.5902730703705,-1.84850718163837,0.00109093605136695,0.00105514619005123,0.0015177203136783,-3.73356575052554,0.001431199688104,0.00146592542390136,0,VALID
D04_torque_ramp,D04_torque_ramp__steady,SECONDARY_DYNAMIC,16,1279.99999999999,20,0.250000000000001,10000,5000,62.5000000000003,1280,0.00288179177407641,0.00262345406272008,1.72444163594774,-1.67859998106524,0.00288468435365813,0.00262502964582984,0.00390028004914078,0.261333020977325,3.14155797604045,0.000867722158190647,0.000842895740874404,0.00120971689820356,10.1682408852947,0.0223287749821607,0.000820383545018416,0,VALID
D04_torque_ramp,D04_torque_ramp__steady,SECONDARY_DYNAMIC,17,1359.99999999999,20,0.250000000000001,10000,5000,62.5000000000003,1360,0.0023331628821376,0.00201616569090809,1.21430635112629,-2.17954971727641,0.00233503070569008,0.00201693553293911,0.00308551411284212,0.838377307592471,-2.55563171150097,0.00136236655860956,0.00117854220437097,0.00180138956572454,4.67439788691128,0.0139742461375426,0.000621186595870415,0,VALID
D04_torque_ramp,D04_torque_ramp__steady,SECONDARY_DYNAMIC,18,1439.99999999999,20,0.250000000000001,10000,5000,62.5000000000003,1440,0.00574698409613347,0.00528443457699959,-1.946673819637,0.997218006139473,0.00574577276047143,0.0052839418375685,0.00780601985379119,-1.23699233547673,1.7069753308658,0.00122520925290382,0.00102672003840592,0.0015985279949583,13.7741881014483,0.089440170245748,0.000156953079713733,0,VALID
D04_torque_ramp,D04_torque_ramp__steady,SECONDARY_DYNAMIC,19,1519.99999999999,20,0.250000000000001,10000,5000,62.5000000000003,1520,0.00256767170275063,0.00209071328016985,1.17152053827536,-2.26829292894436,0.00256917865275099,0.00209122377892077,0.00331268710313471,2.96877330409932,-0.47116095597087,0.000903074940962761,0.000812551550232315,0.00121481865756986,8.71337927193577,0.0161077228309104,0.000450071394440316,0,VALID
D04_torque_ramp,D04_torque_ramp__steady,SECONDARY_DYNAMIC,20,1599.99999999999,20,0.250000000000001,10000,5000,62.5000000000003,1600,0.00127913582022546,0.00123404016222315,-0.353778021333529,2.4280942723733,0.00127764942742956,0.00123305087841098,0.00177561328226649,2.53041670085043,-0.971608545103174,0.000270172569261808,0.000248614642111404,0.0003671545416493,13.6899896063294,0.00462775207542497,0.000989271423034542,0,VALID
D05_torque_step,D05_torque_step__steady,SECONDARY_DYNAMIC,1,80.0000000000002,NaN,NaN,10000,5000,62.4999999999998,NaN,NaN,NaN,NaN,NaN,NaN,NaN,NaN,NaN,NaN,NaN,NaN,NaN,NaN,NaN,NaN,0,EXCLUDED:no_registered_steady_phase;early_termination
D05_torque_step,D05_torque_step__steady,SECONDARY_DYNAMIC,2,160,NaN,NaN,10000,5000,62.4999999999998,NaN,NaN,NaN,NaN,NaN,NaN,NaN,NaN,NaN,NaN,NaN,NaN,NaN,NaN,NaN,NaN,0,EXCLUDED:no_registered_steady_phase;early_termination
D05_torque_step,D05_torque_step__steady,SECONDARY_DYNAMIC,3,240.000000000001,NaN,NaN,10000,5000,62.4999999999998,NaN,NaN,NaN,NaN,NaN,NaN,NaN,NaN,NaN,NaN,NaN,NaN,NaN,NaN,NaN,NaN,0,EXCLUDED:no_registered_steady_phase;early_termination
D05_torque_step,D05_torque_step__steady,SECONDARY_DYNAMIC,4,320.000000000001,NaN,NaN,10000,5000,62.4999999999998,NaN,NaN,NaN,NaN,NaN,NaN,NaN,NaN,NaN,NaN,NaN,NaN,NaN,NaN,NaN,NaN,0,EXCLUDED:no_registered_steady_phase;early_termination
D05_torque_step,D05_torque_step__steady,SECONDARY_DYNAMIC,5,400.000000000001,NaN,NaN,10000,5000,62.4999999999998,NaN,NaN,NaN,NaN,NaN,NaN,NaN,NaN,NaN,NaN,NaN,NaN,NaN,NaN,NaN,NaN,0,EXCLUDED:no_registered_steady_phase;early_termination
D05_torque_step,D05_torque_step__steady,SECONDARY_DYNAMIC,6,480.000000000001,NaN,NaN,10000,5000,62.4999999999998,NaN,NaN,NaN,NaN,NaN,NaN,NaN,NaN,NaN,NaN,NaN,NaN,NaN,NaN,NaN,NaN,0,EXCLUDED:no_registered_steady_phase;early_termination
D05_torque_step,D05_torque_step__steady,SECONDARY_DYNAMIC,7,560.000000000002,NaN,NaN,10000,5000,62.4999999999998,NaN,NaN,NaN,NaN,NaN,NaN,NaN,NaN,NaN,NaN,NaN,NaN,NaN,NaN,NaN,NaN,0,EXCLUDED:no_registered_steady_phase;early_termination
D05_torque_step,D05_torque_step__steady,SECONDARY_DYNAMIC,8,640.000000000002,NaN,NaN,10000,5000,62.4999999999998,NaN,NaN,NaN,NaN,NaN,NaN,NaN,NaN,NaN,NaN,NaN,NaN,NaN,NaN,NaN,NaN,0,EXCLUDED:no_registered_steady_phase;early_termination
D05_torque_step,D05_torque_step__steady,SECONDARY_DYNAMIC,9,720.000000000002,NaN,NaN,10000,5000,62.4999999999998,NaN,NaN,NaN,NaN,NaN,NaN,NaN,NaN,NaN,NaN,NaN,NaN,NaN,NaN,NaN,NaN,0,EXCLUDED:no_registered_steady_phase;early_termination
D05_torque_step,D05_torque_step__steady,SECONDARY_DYNAMIC,10,800.000000000002,NaN,NaN,10000,5000,62.4999999999998,NaN,NaN,NaN,NaN,NaN,NaN,NaN,NaN,NaN,NaN,NaN,NaN,NaN,NaN,NaN,NaN,0,EXCLUDED:no_registered_steady_phase;early_termination
D05_torque_step,D05_torque_step__steady,SECONDARY_DYNAMIC,11,880.000000000003,NaN,NaN,10000,5000,62.4999999999998,NaN,NaN,NaN,NaN,NaN,NaN,NaN,NaN,NaN,NaN,NaN,NaN,NaN,NaN,NaN,NaN,0,EXCLUDED:no_registered_steady_phase;early_termination
D05_torque_step,D05_torque_step__steady,SECONDARY_DYNAMIC,12,960.000000000003,NaN,NaN,10000,5000,62.4999999999998,NaN,NaN,NaN,NaN,NaN,NaN,NaN,NaN,NaN,NaN,NaN,NaN,NaN,NaN,NaN,NaN,0,EXCLUDED:no_registered_steady_phase;early_termination
D05_torque_step,D05_torque_step__steady,SECONDARY_DYNAMIC,13,1040,NaN,NaN,10000,5000,62.4999999999998,NaN,NaN,NaN,NaN,NaN,NaN,NaN,NaN,NaN,NaN,NaN,NaN,NaN,NaN,NaN,NaN,0,EXCLUDED:no_registered_steady_phase;early_termination
D05_torque_step,D05_torque_step__steady,SECONDARY_DYNAMIC,14,1120,NaN,NaN,10000,5000,62.4999999999998,NaN,NaN,NaN,NaN,NaN,NaN,NaN,NaN,NaN,NaN,NaN,NaN,NaN,NaN,NaN,NaN,0,EXCLUDED:no_registered_steady_phase;early_termination
D05_torque_step,D05_torque_step__steady,SECONDARY_DYNAMIC,15,1200,NaN,NaN,10000,5000,62.4999999999998,NaN,NaN,NaN,NaN,NaN,NaN,NaN,NaN,NaN,NaN,NaN,NaN,NaN,NaN,NaN,NaN,0,EXCLUDED:no_registered_steady_phase;early_termination
D05_torque_step,D05_torque_step__steady,SECONDARY_DYNAMIC,16,1280,NaN,NaN,10000,5000,62.4999999999998,NaN,NaN,NaN,NaN,NaN,NaN,NaN,NaN,NaN,NaN,NaN,NaN,NaN,NaN,NaN,NaN,0,EXCLUDED:no_registered_steady_phase;early_termination
D05_torque_step,D05_torque_step__steady,SECONDARY_DYNAMIC,17,1360,NaN,NaN,10000,5000,62.4999999999998,NaN,NaN,NaN,NaN,NaN,NaN,NaN,NaN,NaN,NaN,NaN,NaN,NaN,NaN,NaN,NaN,0,EXCLUDED:no_registered_steady_phase;early_termination
D05_torque_step,D05_torque_step__steady,SECONDARY_DYNAMIC,18,1440,NaN,NaN,10000,5000,62.4999999999998,NaN,NaN,NaN,NaN,NaN,NaN,NaN,NaN,NaN,NaN,NaN,NaN,NaN,NaN,NaN,NaN,0,EXCLUDED:no_registered_steady_phase;early_termination
D05_torque_step,D05_torque_step__steady,SECONDARY_DYNAMIC,19,1520,NaN,NaN,10000,5000,62.4999999999998,NaN,NaN,NaN,NaN,NaN,NaN,NaN,NaN,NaN,NaN,NaN,NaN,NaN,NaN,NaN,NaN,0,EXCLUDED:no_registered_steady_phase;early_termination
D05_torque_step,D05_torque_step__steady,SECONDARY_DYNAMIC,20,1600,NaN,NaN,10000,5000,62.4999999999998,NaN,NaN,NaN,NaN,NaN,NaN,NaN,NaN,NaN,NaN,NaN,NaN,NaN,NaN,NaN,NaN,0,EXCLUDED:no_registered_steady_phase;early_termination
P01_Ld_minus10,P01_Ld_minus10__steady,ENGINEERING_PRIMARY,1,59.9999999999999,20,0.333333333333334,10000,5000,83.3333333333335,60,2.63864951209977e-05,2.11852142020443e-05,-2.07286800697332,2.9662034601386,4.05571261665949e-05,4.97674870861468e-05,6.42003368664284e-05,-2.34982376243345,0.79142817559252,5.88060735823251e-05,3.94931561967366e-05,7.08368807652459e-05,-0.854442446540352,3.31698636811067e-06,0.472919564902486,0,VALID
P01_Ld_minus10,P01_Ld_minus10__steady,ENGINEERING_PRIMARY,2,120,20,0.333333333333334,10000,5000,83.3333333333335,120,5.88060735823251e-05,3.94931561967366e-05,0.914354814140147,-2.29229648819315,7.5806272970256e-05,5.98599325981288e-05,9.65909030514442e-05,-0.50811335041454,2.68329972540139,7.98799217085386e-05,5.01748108515317e-05,9.43308726565659e-05,0.205647485722296,7.5082984251322e-06,0.266629894457884,0,VALID
P01_Ld_minus10,P01_Ld_minus10__steady,ENGINEERING_PRIMARY,3,180,20,0.333333333333334,10000,5000,83.3333333333335,180,0.000145703839771868,2.92769311344569e-05,-0.477253179280421,1.41657124515839,7.62889628322123e-06,1.87324690259777e-05,2.02263554381248e-05,1.51164691155987,-0.566965516752681,7.12259393857814e-05,3.95119951439297e-05,8.14514100653938e-05,-12.0996194452941,3.29233745418211e-07,6.34764642446102,0,VALID
P01_Ld_minus10,P01_Ld_minus10__steady,ENGINEERING_PRIMARY,4,239.999999999999,20,0.333333333333334,10000,5000,83.3333333333335,240,0.000158614109816454,0.000107100303886785,0.55400693933676,-2.73377146980666,0.000163401098426053,0.000111485190166235,0.000197810178184143,-2.5869384680535,0.458269328135797,0.000145703839771868,5.7265268787118e-05,0.000156553249514428,2.03173095255218,3.14895417960403e-05,0.0324723861400002,0,VALID
P01_Ld_minus10,P01_Ld_minus10__steady,ENGINEERING_PRIMARY,5,299.999999999999,20,0.333333333333334,10000,5000,83.3333333333335,300,0.000144785830430522,6.22017511988237e-05,1.25273579432281,2.87960150504606,7.57272584652857e-06,9.2360477196971e-06,1.19436491168823e-05,0.809445798829036,-2.33347429068749,0.000158614109816454,0.000101314475217293,0.000188210145107594,-23.9501198685625,1.14800332301217e-07,12.1937656557239,0,VALID
P01_Ld_minus10,P01_Ld_minus10__steady,ENGINEERING_PRIMARY,6,359.999999999999,20,0.333333333333334,10000,5000,83.3333333333335,360,0.00954526262907011,0.00662488763492928,-0.856641975952587,1.92673809874016,0.00955207306175703,0.0066293530497846,0.011627141593523,0.636143674777358,-2.86335658343495,0.000197945261250996,9.99948337233436e-05,0.000221768557787356,34.3914597820221,0.108796517843966,0.000700171935381794,0,VALID
P01_Ld_minus10,P01_Ld_minus10__steady,ENGINEERING_PRIMARY,7,419.999999999999,20,0.333333333333334,10000,5000,83.3333333333335,420,0.00023722284879443,0.000144128318902475,1.26241559006928,-1.44233931952401,5.46435887151733e-06,6.64183211323224e-06,8.60076459956283e-06,-0.759267018771915,2.39387871966884,0.000197945261250996,0.000183411175595866,0.000269855490559638,-29.9318839492111,5.95310024275719e-08,31.273245651695,0,VALID
P01_Ld_minus10,P01_Ld_minus10__steady,ENGINEERING_PRIMARY,8,479.999999999999,20,0.333333333333334,10000,5000,83.3333333333335,480,0.000165523438433707,0.00013221480739607,-0.764919901308431,1.8094305027583,0.000161746702156372,0.000126369246837932,0.000205258817605598,-0.852529910394337,1.71252378971142,0.00023722284879443,0.000172621098197337,0.000293381532365279,-3.10261899588455,3.39057002787113e-05,0.0320924968191154,0,VALID
P01_Ld_minus10,P01_Ld_minus10__steady,ENGINEERING_PRIMARY,9,539.999999999999,20,0.333333333333334,10000,5000,83.3333333333335,540,0.000191083021598913,0.000126542301075527,1.92157211782608,2.50530041941185,4.69995114699912e-06,3.25303105130405e-06,5.71592090611187e-06,-2.4618863117482,0.680167815464202,0.000310113144320207,0.000163327499567211,0.000350493986246616,-35.7518872029268,2.62930819005316e-08,39.0958671990141,0,VALID
P01_Ld_minus10,P01_Ld_minus10__steady,ENGINEERING_PRIMARY,10,599.999999999999,20,0.333333333333334,10000,5000,83.3333333333335,600,0.000343921550372496,0.000163327499567211,-2.9922493097221,-0.57189887401976,0.000344551449544074,0.00016642573759015,0.000382639814336339,1.57854796282205,-2.2919281796757,0.000191083021598913,0.000183411175595866,0.000264862946590927,3.19537901768126,0.000117828239066193,0.00498232678530196,0,VALID
P01_Ld_minus10,P01_Ld_minus10__steady,ENGINEERING_PRIMARY,11,659.999999999999,20,0.333333333333334,10000,5000,83.3333333333335,660,0.000285230857330989,0.000299622627428901,1.02427628916327,-2.69039028566849,3.37277960764249e-06,4.25394583858722e-06,5.42878416216399e-06,2.47151360432688,-0.685353032109729,0.000393187341296785,0.000276812011577261,0.000480854629913744,-38.946224534221,2.37177902243895e-08,75.2010503641453,0,VALID
P01_Ld_minus10,P01_Ld_minus10__steady,ENGINEERING_PRIMARY,12,719.999999999998,20,0.333333333333334,10000,5000,83.3333333333335,720,0.00827718922856444,0.00363179003868224,-1.78986343728821,0.480871405762757,0.00827790658291015,0.00363051364916721,0.00903904678338244,1.19672065010322,-2.81680586335497,0.000495181410649315,0.000284836573951817,0.000571258700864376,23.9857961258222,0.0657528136070776,1.59499579461317e-05,0,VALID
P01_Ld_minus10,P01_Ld_minus10__steady,ENGINEERING_PRIMARY,13,779.999999999998,20,0.333333333333334,10000,5000,83.3333333333335,780,0.00076095952099021,0.000284836573951817,2.43897430135616,-2.06151842288739,2.85281654906526e-06,3.45517756164805e-06,4.48071581838625e-06,0.802349864507697,-2.2858153867404,0.000660027126314443,0.000299622627428901,0.000724851382242111,-44.1780314200145,1.615711714514e-08,180.337442772527,0,VALID
P01_Ld_minus10,P01_Ld_minus10__steady,ENGINEERING_PRIMARY,14,839.999999999998,20,0.333333333333334,10000,5000,83.3333333333335,840,0.000536770938317982,0.000247848465388869,0.799649416465723,3.03547592118282,0.000539189165778231,0.00024645084363959,0.00059284312834281,2.19433488854433,-1.84649317655467,0.00076095952099021,0.000284836573951817,0.000812521548296572,-2.7379019419652,0.000282845096192232,0.00272244572528317,0,VALID
P01_Ld_minus10,P01_Ld_minus10__steady,ENGINEERING_PRIMARY,15,899.999999999998,20,0.333333333333334,10000,5000,83.3333333333335,900,0.000355345935196596,0.000282721224474784,-2.55127928211034,-1.13226459535586,2.72064544689501e-06,3.82084241250513e-06,4.69049553767068e-06,0.566402188839009,2.65825479614555,0.000660027126314443,0.000284836573951817,0.000718865551637794,-43.7085789078391,1.77054319803975e-08,95.8116752336191,0,VALID
P01_Ld_minus10,P01_Ld_minus10__steady,ENGINEERING_PRIMARY,16,959.999999999998,20,0.333333333333334,10000,5000,83.3333333333335,960,0.000587221444717672,0.000262968293677552,2.69358120300931,-1.39919332367106,0.00058884705839386,0.000266409638149229,0.00064630871375675,2.4835489461885,-1.60453801178794,0.000774276446135902,0.000289032976117119,0.000826464806464233,-2.13568706744293,0.000336162368900437,0.00447911335086497,0,VALID
P01_Ld_minus10,P01_Ld_minus10__steady,ENGINEERING_PRIMARY,17,1020,20,0.333333333333334,10000,5000,83.3333333333335,1020,0.00184538269074322,0.000652283856121773,0.814265248262877,2.76169233914547,2.20772586987808e-06,3.01073543742364e-06,3.73344095851099e-06,-2.1062757629113,0.868839278436107,0.000637463887617637,0.000282721224474784,0.000697346039484784,-45.426781020446,1.12172822648373e-08,523.254023414984,0,VALID
P01_Ld_minus10,P01_Ld_minus10__steady,ENGINEERING_PRIMARY,18,1080,20,0.333333333333334,10000,5000,83.3333333333335,1080,0.0116440098488261,0.00475963041801508,2.53149143836767,-1.78167435722112,0.011648001047427,0.00476197108974987,0.0125838109116624,0.727867608204439,2.69851515458561,0.0010152746706167,0.000402343119839789,0.00109209094991134,21.2310675133745,0.127436384207612,0.000363969972477543,0,VALID
P01_Ld_minus10,P01_Ld_minus10__steady,ENGINEERING_PRIMARY,19,1140,20,0.333333333333334,10000,5000,83.3333333333335,1140,0.0010152746706167,0.000398952198148538,1.41861905490059,-2.57776227304815,1.60446140350671e-06,2.72127552694062e-06,3.15905632885339e-06,2.31230649801644,-0.619528619288155,0.00105564492553634,0.000402343119839789,0.00112971952045322,-51.0682652633095,8.0312623462395e-09,344.307624695425,0,VALID
P01_Ld_minus10,P01_Ld_minus10__steady,ENGINEERING_PRIMARY,20,1200,20,0.333333333333334,10000,5000,83.3333333333335,1200,0.000935013067313067,0.000336133191164644,-0.039900505155541,1.92218781915249,0.000934544090328473,0.000333726275504519,0.000992343631878591,2.84497156010582,-1.47700971193467,0.00118192106241884,0.000398952198148538,0.00124743747506511,-1.98713399537616,0.000792489007835193,0.00126301804294643,0,VALID
P02_Ld_plus10,P02_Ld_plus10__steady,ENGINEERING_PRIMARY,1,59.9999999999999,20,0.333333333333334,10000,5000,83.3333333333335,60,0.000183351253525367,0.000173225381534011,0.872872577173849,-1.98824551544982,0.000109241320637047,5.28857834046651e-05,0.000121369568759436,-2.35138913320735,0.792985084930209,0.000279870956180512,0.000345283140700318,0.000444463946080298,-11.2745345779234,1.53783811936148e-05,1.07827549118137,0,VALID
P02_Ld_plus10,P02_Ld_plus10__steady,ENGINEERING_PRIMARY,2,120,20,0.333333333333334,10000,5000,83.3333333333335,120,0.000261393266486887,0.000345283140700318,-1.42438346888483,2.01415424009249,0.000212865298015542,0.000326703113925586,0.000389931480837236,-2.9959008222893,0.442174276827264,0.000435391725519562,0.000406624334656203,0.000595742649292042,-3.68140786706813,0.000158733138124223,0.110622917753159,0,VALID
P02_Ld_plus10,P02_Ld_plus10__steady,ENGINEERING_PRIMARY,3,180,20,0.333333333333334,10000,5000,83.3333333333335,180,0.000578237045527771,0.000711320805720801,0.45337212714473,-2.61313548191769,2.77318035512215e-05,1.92720129270874e-05,3.37707478517335e-05,2.18801695751926,-0.616279032466991,0.00037373692248048,0.000351805873693401,0.000513270552428598,-23.6361134055565,1.19061777102456e-06,26.1447373272412,0,VALID
P02_Ld_plus10,P02_Ld_plus10__steady,ENGINEERING_PRIMARY,4,239.999999999999,20,0.333333333333334,10000,5000,83.3333333333335,240,0.000602120219149203,0.000470263644927419,2.51868264619733,-0.638326348245469,0.000619911620452591,0.000479420406588868,0.000783667240240392,-0.708836153917597,2.42993045213248,0.000604270082276538,0.000711320805720801,0.000933337892183631,-1.5181441130276,0.000641142237769052,0.0250958712937047,0,VALID
P02_Ld_plus10,P02_Ld_plus10__steady,ENGINEERING_PRIMARY,5,299.999999999999,20,0.333333333333334,10000,5000,83.3333333333335,300,0.000604270082276538,0.000483354241236826,0.0913731994306499,-2.5302361901055,2.07276223332806e-05,9.96197218168363e-06,2.29972871734853e-05,0.789571134988327,-2.28811521515215,0.000848503297369464,0.000711320805720801,0.00110721955108196,-33.6511427493567,5.52133656056743e-07,32.6476496602836,0,VALID
P02_Ld_plus10,P02_Ld_plus10__steady,ENGINEERING_PRIMARY,6,359.999999999999,20,0.333333333333334,10000,5000,83.3333333333335,360,0.0101981788314188,0.00780061843341687,-2.07688799083265,1.66161780259589,0.0101975824386483,0.00780654535170952,0.0128426180322131,-0.583667235656631,-3.12822989326436,0.00088519359884161,0.000574259877255643,0.00105515028031832,21.7067849443517,0.172186118425768,0.000243578800154784,0,VALID
P02_Ld_plus10,P02_Ld_plus10__steady,ENGINEERING_PRIMARY,7,419.999999999999,20,0.333333333333334,10000,5000,83.3333333333335,420,0.00130138021297351,0.00106699001136583,-1.16875949115554,2.56544307467968,1.52452868815033e-05,6.43543605540727e-06,1.65479185797662e-05,-0.728790133240053,2.35034960177328,0.0014543212625055,0.00122745469030062,0.00190307523532744,-41.2142516489655,2.85876038259057e-07,100.696898275634,0,VALID
P02_Ld_plus10,P02_Ld_plus10__steady,ENGINEERING_PRIMARY,8,479.999999999999,20,0.333333333333334,10000,5000,83.3333333333335,480,0.00144632423994656,0.00105126953287076,-2.98576573476284,0.586387841381847,0.00144586729512737,0.00104890380608865,0.00178626185917581,-3.09810987054322,0.478026223000014,0.00214707968337169,0.00135528814645215,0.00253904649950748,-3.05451058761046,0.0033310507884108,0.000985183415074818,0,VALID
P02_Ld_plus10,P02_Ld_plus10__steady,ENGINEERING_PRIMARY,9,539.999999999999,20,0.333333333333334,10000,5000,83.3333333333335,540,0.00209735202217027,0.00114659653971959,-1.5042603713082,2.0869763420748,1.15704628213424e-05,3.91912524005502e-06,1.22161840419708e-05,-2.56535004011247,0.939998608429455,0.00158391324167057,0.00113236982720341,0.00194705998436105,-44.0488752879052,1.55798093173262e-07,194.66726576468,0,VALID
P02_Ld_plus10,P02_Ld_plus10__steady,ENGINEERING_PRIMARY,10,599.999999999999,20,0.333333333333334,10000,5000,83.3333333333335,600,0.00203613428688378,0.00113236982720341,0.434601294609731,-1.68818568944836,0.00203868662500129,0.00113752330875527,0.0023345668619512,-1.26009701648052,2.89629818179008,0.00209043554915859,0.00135528814645215,0.00249133031633697,-0.564499924673941,0.00568988694663059,0.00202933914168871,0,VALID
P02_Ld_plus10,P02_Ld_plus10__steady,ENGINEERING_PRIMARY,11,659.999999999999,20,0.333333333333334,10000,5000,83.3333333333335,660,0.00209043554915859,0.00153047013327505,-1.59506903149971,2.40344993297957,1.02159859634483e-05,4.10888542747818e-06,1.10113263806644e-05,2.49510920486657,-0.837810817073502,0.00209735202217027,0.00135528814645215,0.00249713665321212,-47.1120534760902,1.26581510894713e-07,234.285269029451,0,VALID
P02_Ld_plus10,P02_Ld_plus10__steady,ENGINEERING_PRIMARY,12,719.999999999998,20,0.333333333333334,10000,5000,83.3333333333335,720,0.00461177101148694,0.00452263749388093,2.06126452942512,-0.363838022639964,0.00462201456466208,0.00452598308838003,0.00646896758008961,-1.2363724392286,2.62191209328806,0.00203613428688378,0.00113236982720341,0.00232982923403936,8.87021768530258,0.0436878782682448,0.00149295584483504,0,VALID
P02_Ld_plus10,P02_Ld_plus10__steady,ENGINEERING_PRIMARY,13,779.999999999998,20,0.333333333333334,10000,5000,83.3333333333335,780,0.00129787063646852,0.000666123608446346,2.5732622128364,0.232802951907421,6.21342719548528e-06,4.73345353006225e-06,7.81103449197702e-06,0.859778383760973,-2.27016112070634,0.00209043554915859,0.00153047013327505,0.00259080288984571,-50.4145163447374,6.36954067470737e-08,185.765444700079,0,VALID
P02_Ld_plus10,P02_Ld_plus10__steady,ENGINEERING_PRIMARY,14,839.999999999998,20,0.333333333333334,10000,5000,83.3333333333335,840,0.00232293351049082,0.00111021550483261,1.09376986941133,-1.04346656351761,0.00232931728843762,0.00111370556312025,0.00258187124224648,2.4858916813518,0.345595542134482,0.00247498548256656,0.00133998881854705,0.00281444899984817,-0.749176061172494,0.00695921356886007,0.00281375594283062,0,VALID
P02_Ld_plus10,P02_Ld_plus10__steady,ENGINEERING_PRIMARY,15,899.999999999998,20,0.333333333333334,10000,5000,83.3333333333335,900,0.00323387867908373,0.00145625122050754,2.54209456505781,0.652751087085463,7.84402411915018e-06,3.22318252964574e-06,8.48042569693428e-06,-0.379190658293978,2.61873123175558,0.00191513708264667,0.0010101557799002,0.00216521702029939,-48.1416755797284,7.50803538609873e-08,417.214582634034,0,VALID
P02_Ld_plus10,P02_Ld_plus10__steady,ENGINEERING_PRIMARY,16,959.999999999998,20,0.333333333333334,10000,5000,83.3333333333335,960,0.0015494726912851,0.000917361781403672,-2.18195789721034,2.39842981701089,0.00154641160364437,0.000914105977200109,0.00179637929887842,-2.39118650587183,2.19364263778802,0.00277778490914535,0.00124564491483075,0.00304429306331032,-4.58176832814329,0.00336889199187154,0.00238942546532579,0,VALID
P02_Ld_plus10,P02_Ld_plus10__steady,ENGINEERING_PRIMARY,17,1020,20,0.333333333333334,10000,5000,83.3333333333335,1020,0.00234771335340758,0.00123684390067609,2.85504895877047,0.729779522490302,5.47252646602751e-06,3.55807058477144e-06,6.52751194618495e-06,-2.45289621503018,1.00799647588475,0.00277778490914535,0.00137583215846508,0.00309983921030468,-53.5318298421654,4.44822098665953e-08,405.523986214039,0,VALID
P02_Ld_plus10,P02_Ld_plus10__steady,ENGINEERING_PRIMARY,18,1080,20,0.333333333333334,10000,5000,83.3333333333335,1080,0.0127305952429426,0.00590953732550444,-0.147334277313443,-2.24796874816285,0.0127274356754634,0.00591226074292576,0.0140336184202578,-1.95048816990797,2.23229853076862,0.0015415476354091,0.000552348980488727,0.00163751595671075,18.6596824612223,0.205603418648713,0.000122466545428624,0,VALID
P02_Ld_plus10,P02_Ld_plus10__steady,ENGINEERING_PRIMARY,19,1140,20,0.333333333333334,10000,5000,83.3333333333335,1140,0.000555337677061282,0.000252977189370667,0.49017288181831,-0.495096238476544,5.95544580373962e-06,1.98150110946502e-06,6.27643858952599e-06,2.40004225805277,-0.520031694492201,0.00234771335340758,0.00123684390067609,0.00265359017642286,-52.5224113367706,4.112610424195e-08,96.2277045501651,0,VALID
P02_Ld_plus10,P02_Ld_plus10__steady,ENGINEERING_PRIMARY,20,1200,20,0.333333333333334,10000,5000,83.3333333333335,1200,0.00108090361425229,0.000417106395163735,-1.0506086784614,-2.61723899792001,0.00107742784266857,0.000417849528846587,0.0011556162792704,1.83318653695433,0.273288645543079,0.00167098772087237,0.000991006613549915,0.00194275424884515,-4.51208432567854,0.00139417826047345,0.00257312013255127,0,VALID
P03_Lq_minus10,P03_Lq_minus10__steady,ENGINEERING_PRIMARY,1,59.9999999999999,20,0.333333333333334,10000,5000,83.3333333333335,60,1.10081413414148e-05,4.00529577619905e-05,-2.60381114077616,1.19777395773868,7.16045590565204e-05,9.91184600093091e-05,0.000122277070590915,-2.34928757662569,0.790767972065171,6.97170774061187e-05,9.65250427078241e-05,0.00011906953746361,0.230887183008352,1.16159328167498e-05,0.660294786460424,0,VALID
P03_Lq_minus10,P03_Lq_minus10__steady,ENGINEERING_PRIMARY,2,120,20,0.333333333333334,10000,5000,83.3333333333335,120,6.95946807603083e-05,5.8440256430482e-05,-1.6851234646151,2.77409172149446,3.65726281523011e-05,5.92389467456787e-05,6.96190343333189e-05,2.86277984261209,2.0154209458009,0.000108543237385119,0.000130980523004833,0.000170110351797478,-7.760054954276,3.76547726771303e-06,0.305351304496707,0,VALID
P03_Lq_minus10,P03_Lq_minus10__steady,ENGINEERING_PRIMARY,3,180,20,0.333333333333334,10000,5000,83.3333333333335,180,0.000171509618273625,0.000107940058361526,3.01411386323385,-0.677996881841647,1.54448443934055e-05,3.36865617488956e-05,3.70584357575798e-05,2.11695271150403,-0.692644922817761,6.97170774061187e-05,9.65250427078241e-05,0.00011906953746361,-10.1382716568548,1.06693560306068e-06,4.46836278003617,0,VALID
P03_Lq_minus10,P03_Lq_minus10__steady,ENGINEERING_PRIMARY,4,239.999999999999,20,0.333333333333334,10000,5000,83.3333333333335,240,9.59452884042136e-05,9.7505435975699e-05,1.94642777789725,1.81273453260564,0.000112494666018509,7.4940222820801e-05,0.000135170584370443,-1.2914408624665,-1.32913631698242,0.000171509618273625,0.000122663761988992,0.000210860019125619,-3.86224100462027,1.41947720520923e-05,0.0120158030237295,0,VALID
P03_Lq_minus10,P03_Lq_minus10__steady,ENGINEERING_PRIMARY,5,299.999999999999,20,0.333333333333334,10000,5000,83.3333333333335,300,9.34740390651125e-05,9.50774150073092e-05,2.60693943318223,-0.763262863652633,1.38703767169653e-05,1.82283961402492e-05,2.29054966354451e-05,0.827508617047078,-2.33018964105482,0.000171509618273625,0.000202596477112118,0.000265444686702532,-21.2806864822301,4.07608718940446e-07,4.82090990445736,0,VALID
P03_Lq_minus10,P03_Lq_minus10__steady,ENGINEERING_PRIMARY,6,359.999999999999,20,0.333333333333334,10000,5000,83.3333333333335,360,0.00709975752233877,0.008522717049605,-1.59775798896919,1.07232815429442,0.00710198209530219,0.00852067348106981,0.0110923408824738,-0.104464141810051,2.56545281298619,0.00020605920970607,0.000154917822356356,0.000257798234261458,32.6748653829754,0.0955895583829581,1.31522621111726e-05,0,VALID
P03_Lq_minus10,P03_Lq_minus10__steady,ENGINEERING_PRIMARY,7,419.999999999999,20,0.333333333333334,10000,5000,83.3333333333335,420,0.000271477080684846,0.000154917822356356,-0.874144495759313,1.80716221084765,9.70291006980734e-06,1.31731738560438e-05,1.63608976912737e-05,-0.808020548841903,2.43042625384851,0.00020605920970607,0.000421425701076279,0.000469105552549022,-29.1492688917445,2.07959276521341e-07,18.1046321252583,0,VALID
P03_Lq_minus10,P03_Lq_minus10__steady,ENGINEERING_PRIMARY,8,479.999999999999,20,0.333333333333334,10000,5000,83.3333333333335,480,0.00018661738778842,0.000285257632167067,-0.747079945733692,0.419188683361265,0.000180056715118657,0.000282447253051878,0.000334958014407586,-0.822162277221861,0.275969029551754,0.000439713195545918,0.000336504754498488,0.00055369950707698,-4.36567526888808,8.71655323653784e-05,0.0176744936954624,0,VALID
P03_Lq_minus10,P03_Lq_minus10__steady,ENGINEERING_PRIMARY,9,539.999999999999,20,0.333333333333334,10000,5000,83.3333333333335,540,0.000321516909746121,0.000336504754498488,0.50372781631339,-3.07459882318728,7.22593076546117e-06,8.70306258496257e-06,1.1311824511767e-05,-2.4960865469622,0.906271479203439,0.000296715624535396,0.000285257632167067,0.000411596985597553,-31.2187905295801,9.94098361682884e-08,40.143872140744,0,VALID
P03_Lq_minus10,P03_Lq_minus10__steady,ENGINEERING_PRIMARY,10,599.999999999999,20,0.333333333333334,10000,5000,83.3333333333335,600,0.000296715624535396,0.000199887002721325,-1.88401195282985,-1.18489433461254,0.00029046835295999,0.000209201579517456,0.000357962518909296,2.68908741433431,-2.89365878006947,0.000321516909746121,0.000421425701076279,0.000530068622708729,-3.40989083124479,9.95495155718237e-05,0.000554986178638592,0,VALID
P03_Lq_minus10,P03_Lq_minus10__steady,ENGINEERING_PRIMARY,11,659.999999999999,20,0.333333333333334,10000,5000,83.3333333333335,660,0.000670611665638005,0.000942574700731882,0.690563225648906,3.08597674300594,5.33356555071755e-06,8.940945079171e-06,1.04109279313879e-05,2.46254966738029,-0.733883209379714,0.000635236493665433,0.000796198626773503,0.00101855665338771,-39.8099149975958,8.42059772344988e-08,110.113219004843,0,VALID
P03_Lq_minus10,P03_Lq_minus10__steady,ENGINEERING_PRIMARY,12,719.999999999998,20,0.333333333333334,10000,5000,83.3333333333335,720,0.00431510951078798,0.00721299868308267,-2.77847427869576,-0.88733012248995,0.00431395142636902,0.00722282746774171,0.00841305019228077,0.206806360157807,2.09860396731006,0.000600200845954082,0.000942574700731882,0.00111744714503362,17.5345297930886,0.0549883894593328,0.000932156260623697,0,VALID
P03_Lq_minus10,P03_Lq_minus10__steady,ENGINEERING_PRIMARY,13,779.999999999998,20,0.333333333333334,10000,5000,83.3333333333335,780,0.000532197876395972,0.000981589202232279,0.36127843596447,2.43132072621969,5.76929999381887e-06,6.95865315403626e-06,9.03922984201957e-06,1.03071420986367,-2.36935412566231,0.000771243365317401,0.00153231976984627,0.00171546501147877,-45.5650087045206,6.34785355324935e-08,122.526062235577,0,VALID
P03_Lq_minus10,P03_Lq_minus10__steady,ENGINEERING_PRIMARY,14,839.999999999998,20,0.333333333333334,10000,5000,83.3333333333335,840,0.000472704626883148,0.000750274299120019,1.98196847078499,-2.7402111719278,0.000478089707261318,0.00075126413274647,0.000890487262873826,-2.91326299631111,-1.34154281888376,0.000600200845954082,0.000981589202232279,0.00115054700791537,-2.22553310901335,0.000616054967568426,0.00417431609147478,0,VALID
P03_Lq_minus10,P03_Lq_minus10__steady,ENGINEERING_PRIMARY,15,899.999999999998,20,0.333333333333334,10000,5000,83.3333333333335,900,0.000346514387722498,0.000748910304496597,-1.1217795628415,1.02704853564981,7.1386839888583e-06,6.9373514181992e-06,9.95427816531025e-06,-0.322452257934217,2.4676874424907,0.000392613151339468,0.000750274299120019,0.000846791952326393,-38.5953389864413,7.69810065526171e-08,81.8980450045618,0,VALID
P03_Lq_minus10,P03_Lq_minus10__steady,ENGINEERING_PRIMARY,16,959.999999999998,20,0.333333333333334,10000,5000,83.3333333333335,960,0.000311155242644212,0.000323153731394327,0.697121271449282,1.52448797817924,0.000313001466273394,0.000317874231888373,0.000446109790508926,0.50266415089035,1.31196502065731,0.000472704626883148,0.000989941884402206,0.00109701166756354,-7.81538984207777,0.000154613549036849,0.00559194685806707,0,VALID
P03_Lq_minus10,P03_Lq_minus10__steady,ENGINEERING_PRIMARY,17,1020,20,0.333333333333334,10000,5000,83.3333333333335,1020,0.000422691058961485,0.000978766395061043,-0.75926050648373,1.54397748269278,4.53703723192753e-06,5.1334480616586e-06,6.85105800921603e-06,-2.37910020323885,0.955011022683524,0.000397828031350512,0.000967160684032488,0.00104578531796273,-43.6736979116033,3.64652612758883e-08,154.616627243993,0,VALID
P03_Lq_minus10,P03_Lq_minus10__steady,ENGINEERING_PRIMARY,18,1080,20,0.333333333333334,10000,5000,83.3333333333335,1080,0.00486195952283538,0.0108679715258966,0.477695850811078,2.4646534934358,0.00486221304148897,0.0108653873888448,0.0119036867721935,-1.32485741969124,0.661488068986313,0.000452108896306296,0.000989941884402206,0.00108829563474871,20.7786920671481,0.110084714683619,0.000189458299121606,0,VALID
P03_Lq_minus10,P03_Lq_minus10__steady,ENGINEERING_PRIMARY,19,1140,20,0.333333333333334,10000,5000,83.3333333333335,1140,0.00109667346665818,0.00242496008833342,-1.92995734943582,0.0704537164026546,2.65246979731936e-06,5.73836744363172e-06,6.32174477053794e-06,2.24185236694706,-0.545824409123394,0.000815175609927984,0.00163786454604693,0.00182951128616878,-49.2299627000148,3.10483092909918e-08,419.993575278441,0,VALID
P03_Lq_minus10,P03_Lq_minus10__steady,ENGINEERING_PRIMARY,20,1200,20,0.333333333333334,10000,5000,83.3333333333335,1200,0.000361700316139447,0.000609447582280536,-1.35170509247217,0.0868929989265657,0.000358267653826647,0.000610763715812968,0.000708087585212532,1.53286928441579,2.96241550731939,0.00109667346665818,0.00242496008833342,0.00266141393294656,-11.5005089223341,0.000389527389308409,0.000862677928446845,0,VALID
P04_Lq_plus10,P04_Lq_plus10__steady,ENGINEERING_PRIMARY,1,59.9999999999999,20,0.333333333333334,10000,5000,83.3333333333335,60,0.000246589059156577,0.000173564681127725,0.933888566124108,-2.3454506199875,8.48847404947097e-05,8.24614936228819e-05,0.000118344062374801,-2.3494591042172,0.790923170180204,0.000225082071995865,0.000227114898307995,0.000319754775050199,-8.63341131163622,1.18918411297402e-05,1.54805725510049,0,VALID
P04_Lq_plus10,P04_Lq_plus10__steady,ENGINEERING_PRIMARY,2,120,20,0.333333333333334,10000,5000,83.3333333333335,120,0.00016994055061799,0.000227114898307995,2.76924947902117,-0.345314411053729,0.000191105610836479,0.000245602677621395,0.000311194520755078,0.966373476592295,-2.10001684790461,0.000303453156783121,0.000191567768636646,0.000358862129991539,-1.23791377628725,8.22280584062119e-05,0.0884915810840461,0,VALID
P04_Lq_plus10,P04_Lq_plus10__steady,ENGINEERING_PRIMARY,3,180,20,0.333333333333334,10000,5000,83.3333333333335,180,0.000311078806164846,0.000209570856145567,1.01717611563799,-2.08131851675134,2.0921016311732e-05,2.87944689956134e-05,3.55922796158815e-05,2.03343806377367,-0.627991637683673,0.000298000564651195,0.000247766789331136,0.000387547053179212,-20.7393726870627,1.07564202466176e-06,9.53842623268083,0,VALID
P04_Lq_plus10,P04_Lq_plus10__steady,ENGINEERING_PRIMARY,4,239.999999999999,20,0.333333333333334,10000,5000,83.3333333333335,240,0.000784863590641327,0.000455289854955894,-0.538231132398874,2.87485001733953,0.000774708064281421,0.000449582577160343,0.000895710376488295,2.57048634249546,-0.278328318339426,0.000478716503256377,0.000289569948087905,0.000559482122436137,4.08762783304579,0.00068122623209907,0.0130045015897626,0,VALID
P04_Lq_plus10,P04_Lq_plus10__steady,ENGINEERING_PRIMARY,5,299.999999999999,20,0.333333333333334,10000,5000,83.3333333333335,300,0.000940088785496054,0.000794942959755845,1.41165284467259,-1.61032733903229,1.54514126614583e-05,1.57756525870927e-05,2.20820598627782e-05,0.82471650413771,-2.34538455877729,0.00107170969516584,0.000670832398992961,0.00126434875657435,-35.1565460580076,4.14033343810674e-07,54.7528687992481,0,VALID
P04_Lq_plus10,P04_Lq_plus10__steady,ENGINEERING_PRIMARY,6,359.999999999999,20,0.333333333333334,10000,5000,83.3333333333335,360,0.0107523303929444,0.00889972540843861,-1.49451964722768,2.33585404483227,0.0107595932021999,0.00889993706251306,0.0139634424693025,-0.00123196435118012,-2.45405392327288,0.00112622650224634,0.00091438492844655,0.00145068464241276,19.6683897317741,0.165554561895666,0.000410398695337703,0,VALID
P04_Lq_plus10,P04_Lq_plus10__steady,ENGINEERING_PRIMARY,7,419.999999999999,20,0.333333333333334,10000,5000,83.3333333333335,420,0.0016617666863031,0.00136119451456857,-0.840213677125127,-3.04363252071206,1.07844647390442e-05,1.1798906576253e-05,1.59849578073524e-05,-0.746218780555592,2.39662141609639,0.00140755163184567,0.00105315530673941,0.00175793563489247,-40.8258295095682,2.16959734556898e-07,133.382375687451,0,VALID
P04_Lq_plus10,P04_Lq_plus10__steady,ENGINEERING_PRIMARY,8,479.999999999999,20,0.333333333333334,10000,5000,83.3333333333335,480,0.00140755163184567,0.00105315530673941,1.54112847131614,-0.797443564821689,0.00141856707830155,0.00106231807397045,0.00177224497345183,1.43889892449134,-0.906965943849888,0.00112706996587258,0.000989592439426403,0.00149985996151038,1.44946082772387,0.0026668811320387,0.00807413127062682,0,VALID
P04_Lq_plus10,P04_Lq_plus10__steady,ENGINEERING_PRIMARY,9,539.999999999999,20,0.333333333333334,10000,5000,83.3333333333335,540,0.00101154161877233,0.000788226237860898,-1.30301868767078,2.82396916299497,1.08350202918041e-05,6.39349640345437e-06,1.25807178247026e-05,-2.57451041727003,0.74246215884663,0.0016617666863031,0.00171783622712403,0.00239006899961622,-45.5741003463809,1.34390012848116e-07,100.93275644625,0,VALID
P04_Lq_plus10,P04_Lq_plus10__steady,ENGINEERING_PRIMARY,10,599.999999999999,20,0.333333333333334,10000,5000,83.3333333333335,600,0.00135254390753236,0.00171783622712403,-2.36933705266204,1.92705631419114,0.00134758035103063,0.00171160449110185,0.00217843125584533,2.20954418045248,0.22721985202457,0.00119248235376007,0.00105315530673941,0.00159095891340491,2.72969790925,0.00402943237433308,0.00365711308552475,0,VALID
P04_Lq_plus10,P04_Lq_plus10__steady,ENGINEERING_PRIMARY,11,659.999999999999,20,0.333333333333334,10000,5000,83.3333333333335,660,0.00294603820651815,0.0030147200308474,-0.232206014328953,-2.41203215000715,7.52636144451491e-06,6.79624292447949e-06,1.01407610405737e-05,2.29852705552725,-0.61655987988617,0.00135254390753236,0.00171783622712403,0.002186398025297,-46.6731735485452,8.73166872234868e-08,414.666273733904,0,VALID
P04_Lq_plus10,P04_Lq_plus10__steady,ENGINEERING_PRIMARY,12,719.999999999998,20,0.333333333333334,10000,5000,83.3333333333335,720,0.00726646261920768,0.00828796312436743,-2.88813039216504,0.96302080412379,0.00726547330007156,0.0082859487939666,0.0110201655926891,0.0975002128577303,-2.33397752860689,0.00165078361491902,0.00261597112310704,0.00309328166519233,11.0353730605629,0.103117504218028,0.000196622897350092,0,VALID
P04_Lq_plus10,P04_Lq_plus10__steady,ENGINEERING_PRIMARY,13,779.999999999998,20,0.333333333333334,10000,5000,83.3333333333335,780,0.00147044637572365,0.00231302476612668,-2.25226433668932,1.93935170992749,7.77650034308898e-06,4.8893577928736e-06,9.18584657028392e-06,0.897715708863003,-2.26284874475256,0.00165078361491902,0.00261597112310704,0.00309328166519233,-50.5460056039783,7.16464252867598e-08,297.378249616324,0,VALID
P04_Lq_plus10,P04_Lq_plus10__steady,ENGINEERING_PRIMARY,14,839.999999999998,20,0.333333333333334,10000,5000,83.3333333333335,840,0.00116668255568904,0.00178907516829026,-0.744775471619054,-2.61410885917139,0.00116111089085976,0.00178989925119408,0.00213352239976483,0.649184913078767,-1.22171671862906,0.000743844714047519,0.00128635897302612,0.00148594224857538,3.1419055208685,0.00386500950242467,0.00110006431929474,0,VALID
P04_Lq_plus10,P04_Lq_plus10__steady,ENGINEERING_PRIMARY,15,899.999999999998,20,0.333333333333334,10000,5000,83.3333333333335,900,7.27034188471812e-05,0.000433142038646723,3.06839287270897,1.71101252353468,2.94929734867995e-06,4.97289147567133e-06,5.781695640531e-06,-0.614851460322876,2.63496203818804,0.00133772014092872,0.00231302476612668,0.00267199901649715,-53.2956213620341,2.83835428885157e-08,74.9641050668234,0,VALID
P04_Lq_plus10,P04_Lq_plus10__steady,ENGINEERING_PRIMARY,16,959.999999999998,20,0.333333333333334,10000,5000,83.3333333333335,960,0.000560181360533058,0.000849389491487084,-2.31903183654663,1.36382700853278,0.000558513440975637,0.000844822947782931,0.00101275025393781,-2.5327980607778,1.15475078997819,0.000605475336996186,0.000996807492417675,0.00116628708329067,-1.22606210120702,0.00087088512712801,0.00467025540464912,0,VALID
P04_Lq_plus10,P04_Lq_plus10__steady,ENGINEERING_PRIMARY,17,1020,20,0.333333333333334,10000,5000,83.3333333333335,1020,0.00153809105480268,0.00329587323499357,-1.77312169943991,2.50279055250052,4.46658754890627e-06,4.84492593671928e-06,6.58966703744125e-06,-1.966899163542,0.701831003295561,0.000605475336996186,0.000849389491487084,0.00104310253185357,-43.9892705682506,3.6870845316253e-08,550.940043087387,0,VALID
P04_Lq_plus10,P04_Lq_plus10__steady,ENGINEERING_PRIMARY,18,1080,20,0.333333333333334,10000,5000,83.3333333333335,1080,0.0080815634822535,0.0148246443386298,1.38536506922998,-0.650033180750973,0.00808626702459554,0.0148299894629892,0.0168913084710875,-0.417547781508146,-2.4536882168997,0.00137364295056118,0.00283385433488097,0.00314922615049318,14.5891888812115,0.242260572140929,0.00041112618671092,0,VALID
P04_Lq_plus10,P04_Lq_plus10__steady,ENGINEERING_PRIMARY,19,1140,20,0.333333333333334,10000,5000,83.3333333333335,1140,0.00138733239082822,0.00260326603879263,2.47509457196384,0.429373232670191,3.6837062001622e-06,5.04811093974777e-06,6.24924918923182e-06,2.53661284340308,-0.719395336536073,0.00137364295056118,0.00283385433488097,0.00314922615049318,-54.0475201307617,3.31597950270829e-08,471.034609449228,0,VALID
P04_Lq_plus10,P04_Lq_plus10__steady,ENGINEERING_PRIMARY,20,1200,20,0.333333333333334,10000,5000,83.3333333333335,1200,0.000483000890375458,0.000896373423977156,-0.435746565802517,-2.8265209513413,0.000482077276468374,0.000896337684578502,0.00101775230055388,2.45172377286267,0.0624469220113426,0.000718376051808889,0.00148335152895696,0.00164814923786394,-4.18708882447493,0.000879509100904497,0.000461088823303749,0,VALID
P05_cross_mismatch,P05_cross_mismatch__steady,ENGINEERING_PRIMARY,1,79.9999999999996,20,0.250000000000001,10000,5000,62.5000000000003,80,0.000534060185592811,0.000239692647611451,-0.152287254236948,-3.07030813984826,0.000536059854372272,0.000243960477691797,0.000588962547319633,0.914527085164011,-2.22457161158936,0.000144561117889961,0.000111466562248672,0.000182545093894994,10.1743502636561,0.000137711560692575,0.00607831030440763,0,VALID
P05_cross_mismatch,P05_cross_mismatch__steady,ENGINEERING_PRIMARY,2,159.999999999999,20,0.250000000000001,10000,5000,62.5000000000003,160,0.000409270920439152,0.000222761021319411,3.13199573986411,0.169277922268609,0.000409103074028328,0.000227669562283513,0.000468186666586944,-0.970508276836909,2.46238544902005,0.000144553506236439,6.8581454847578e-05,0.000159997287834071,9.32612840964172,8.70228146497779e-05,0.00474118378491488,0,VALID
P05_cross_mismatch,P05_cross_mismatch__steady,ENGINEERING_PRIMARY,3,239.999999999999,20,0.250000000000001,10000,5000,62.5000000000003,240,0.000289068954397499,0.000136938472658514,-1.48075737537672,2.6133908296376,0.000292447325874138,0.000148017459176388,0.000327772187093365,1.77898083829847,-0.511283205076719,0.000167701321848592,9.2344809399929e-05,0.000191445285063055,4.67054848095484,4.2651984358781e-05,0.0241269543154582,0,VALID
P05_cross_mismatch,P05_cross_mismatch__steady,ENGINEERING_PRIMARY,4,319.999999999999,20,0.250000000000001,10000,5000,62.5000000000003,320,0.000130768129594925,7.32230565511865e-05,-0.558554509685258,-3.10600415703255,0.000131876260506315,7.52731261569965e-05,0.000151846605515489,-2.50597189902137,1.06258886509581,0.000246851920477578,0.000124202517453593,0.000276336997134438,-5.20067892199099,9.15388008564984e-06,0.0129972843347053,0,VALID
P05_cross_mismatch,P05_cross_mismatch__steady,ENGINEERING_PRIMARY,5,399.999999999998,20,0.250000000000001,10000,5000,62.5000000000003,400,0.00201766264200859,0.00114409431947698,2.84516165013298,-0.100077627632807,0.00201765534251134,0.0011418433683003,0.00231834841188635,1.99517019066935,-0.941313416640127,0.000137660817915682,7.08861970891756e-05,0.0001548397679118,23.5059238517026,0.00213379381425447,0.000481301930053098,0,VALID
P05_cross_mismatch,P05_cross_mismatch__steady,ENGINEERING_PRIMARY,6,479.999999999998,20,0.250000000000001,10000,5000,62.5000000000003,480,0.0153173534063958,0.0124653496289576,0.296265387172487,-2.39013706970612,0.0153175407955986,0.0124645670635208,0.0197482274674421,0.532986053642492,-2.15359132742537,0.000723863371306962,0.000499730969589834,0.00087960742509774,27.0247846838872,0.154828635057176,1.76522902896494e-05,0,VALID
P05_cross_mismatch,P05_cross_mismatch__steady,ENGINEERING_PRIMARY,7,559.999999999997,20,0.250000000000001,10000,5000,62.5000000000003,560,0.00300306493683323,0.00205313281566212,-0.673779938171782,2.81659003206621,0.0030050826562086,0.00205717412969696,0.00364176978549443,0.648904060179269,-2.14689921796812,0.000769820982128079,0.000532252334151514,0.000935904317617125,11.8016207516284,0.00526526240556918,0.00108386069462646,0,VALID
P05_cross_mismatch,P05_cross_mismatch__steady,ENGINEERING_PRIMARY,8,639.999999999997,20,0.250000000000001,10000,5000,62.5000000000003,640,0.00087779296015722,0.000854824246355726,-2.73116448751226,0.752502378056609,0.00087798340581478,0.000858482982906401,0.001227944580519,-0.320235730681266,-3.11388426696478,0.000992772638984115,0.000751207618721662,0.00124495397470788,-0.119490587627119,0.000598621866421007,0.00219192011150646,0,VALID
P05_cross_mismatch,P05_cross_mismatch__steady,ENGINEERING_PRIMARY,9,719.999999999997,20,0.250000000000001,10000,5000,62.5000000000003,720,0.00132369627386929,0.000984908550783934,-1.51319113207205,1.89061034618186,0.00132501560863243,0.000991288811239398,0.0016547869561995,1.98352649267674,-0.896632061598735,0.00052297145398711,0.000517506444866941,0.000735739126432876,7.04036473182605,0.00108712434422623,0.00294467714111959,0,VALID
P05_cross_mismatch,P05_cross_mismatch__steady,ENGINEERING_PRIMARY,10,799.999999999996,20,0.250000000000001,10000,5000,62.5000000000003,800,0.00104594172883638,0.00103500322150262,-1.38956632936445,1.81138066322139,0.0010469891235808,0.00104076025336025,0.0014762683122898,-3.08949618479676,0.111439300520541,0.000769820982128079,0.00067364268459173,0.00102294614278006,3.18625057495747,0.000865218185288383,0.00324988214270178,0,VALID
P05_cross_mismatch,P05_cross_mismatch__steady,ENGINEERING_PRIMARY,11,879.999999999996,20,0.250000000000001,10000,5000,62.5000000000003,880,0.00369970186482928,0.0029327055005128,-3.11453451655113,-0.0488777977871512,0.00369962957941937,0.00293124653036747,0.00472011284258185,2.55536466363678,-0.660761241670353,0.000853895320816911,0.000751207618721662,0.00113729947917797,12.3615508213482,0.00884504009475991,0.00020398307419293,0,VALID
P05_cross_mismatch,P05_cross_mismatch__steady,ENGINEERING_PRIMARY,12,959.999999999996,20,0.250000000000001,10000,5000,62.5000000000003,960,0.0172007207784259,0.0175213940083534,1.19795973734333,-1.87782981957463,0.0172031543120049,0.0175209250182674,0.0245546600827297,1.6713469548026,-1.40457431085624,0.0014478963364318,0.00125067789043171,0.00191326918823969,22.1671569773593,0.239366239041819,5.58026752060967e-05,0,VALID
P05_cross_mismatch,P05_cross_mismatch__steady,ENGINEERING_PRIMARY,13,1040,20,0.250000000000001,10000,5000,62.5000000000003,1040,0.00538805059674268,0.00445240598443726,-0.443087095423744,2.6117107335493,0.00538900659939562,0.00445613377439742,0.00699274769626754,1.1166410742805,-2.11228846089585,0.00139129790697775,0.00122457751520327,0.0018534562192569,11.5333105377117,0.0194129153561262,0.000445021077160509,0,VALID
P05_cross_mismatch,P05_cross_mismatch__steady,ENGINEERING_PRIMARY,14,1119.99999999999,20,0.250000000000001,10000,5000,62.5000000000003,1120,0.000932744869928274,0.000982802454443363,-3.12143950314477,-0.00229338124772508,0.000932613512826401,0.000981493646950872,0.0013539194005964,-0.474481919198791,2.64788041078965,0.00229601719465073,0.00185370051648558,0.00295091520768569,-6.76727838349149,0.000727747405858392,0.000767780373310435,0,VALID
P05_cross_mismatch,P05_cross_mismatch__steady,ENGINEERING_PRIMARY,15,1199.99999999999,20,0.250000000000001,10000,5000,62.5000000000003,1200,0.00379601767423839,0.00296239122128363,-0.884453963102825,2.07429106668076,0.00379704252246317,0.00296649470356807,0.00481846684576026,2.84864506765556,-0.475884982824464,0.000470537321020689,0.000491401223080162,0.000680353240984421,17.003488342581,0.00921749251155463,0.000691757361751163,0,VALID
P05_cross_mismatch,P05_cross_mismatch__steady,ENGINEERING_PRIMARY,16,1279.99999999999,20,0.250000000000001,10000,5000,62.5000000000003,1280,0.000941074350805544,0.000866732544769079,-1.62416334742741,1.12823044425474,0.000941561127464667,0.000869054721451218,0.00128132488683752,-3.08727310207189,-0.332128791075058,0.0018980089741021,0.00148119689871233,0.00240756771836788,-5.47838500162265,0.000651798814289404,0.00150779020977907,0,VALID
P05_cross_mismatch,P05_cross_mismatch__steady,ENGINEERING_PRIMARY,17,1359.99999999999,20,0.250000000000001,10000,5000,62.5000000000003,1360,0.00748946073228623,0.0050443748129106,-1.35908507244583,1.59670862047311,0.00749083767211948,0.00504792952697662,0.00903295309073211,-1.73577070834079,1.22028150877245,0.00141954166016468,0.00117396470023165,0.00184208893442556,13.8103832234279,0.032393252258329,0.000346299014141105,0,VALID
P05_cross_mismatch,P05_cross_mismatch__steady,ENGINEERING_PRIMARY,18,1439.99999999999,20,0.250000000000001,10000,5000,62.5000000000003,1440,0.0114222693154025,0.0066997984662229,0.279125007505561,3.04901730057958,0.0114223751615024,0.00670160350743186,0.0132431923606406,0.988983238731248,-2.52470104843439,0.00167943290988932,0.00123019460479855,0.00208179577876764,16.0710912748785,0.0696274384295656,7.58603699276767e-05,0,VALID
P05_cross_mismatch,P05_cross_mismatch__steady,ENGINEERING_PRIMARY,19,1519.99999999999,20,0.250000000000001,10000,5000,62.5000000000003,1520,0.00475180714665156,0.00318731450876446,1.06038712444835,-2.2209207809206,0.00475177877940877,0.00318614012913045,0.00572109172194389,2.85692632510489,-0.42514958689811,0.00176801846667666,0.00111926494116135,0.00209252080205254,8.73618252931719,0.0129942992582357,0.000118450590648108,0,VALID
P05_cross_mismatch,P05_cross_mismatch__steady,ENGINEERING_PRIMARY,20,1599.99999999999,20,0.250000000000001,10000,5000,62.5000000000003,1600,0.00196592452567763,0.00135545334475817,-2.20515207809299,0.649131433373173,0.00196610032488606,0.00135586252818038,0.00238828676729591,0.678226193363957,-2.7488379804978,0.00197300795157878,0.00123982871622591,0.00233022222600581,0.213782641127692,0.00226447738592986,0.000157857797317982,0,VALID
P06_controller_high_L,P06_controller_high_L__steady,ENGINEERING_PRIMARY,1,79.9999999999996,20,0.250000000000001,10000,5000,62.5000000000003,80,0.000377163995805365,0.000290584456053777,-2.38396586891491,0.229245625892696,0.000286328317072402,0.000308299389683817,0.000420752205979872,-1.82117296463103,1.50609969085369,0.000115914343724733,9.71609718471793e-05,0.000151249428201974,8.88665320313017,1.50159192256213e-05,0.131596774789038,0,VALID
P06_controller_high_L,P06_controller_high_L__steady,ENGINEERING_PRIMARY,2,159.999999999999,20,0.250000000000001,10000,5000,62.5000000000003,160,0.000235227035713733,0.000193062690518111,-1.34924876043142,0.874173838179137,0.00014579508787137,0.000214333217041448,0.000259219859530008,0.93185214932626,3.13570517814892,0.000165584722939566,0.000146112331845788,0.000220832773809474,1.39209486843057,5.69948561732528e-06,0.173947986230852,0,VALID
P06_controller_high_L,P06_controller_high_L__steady,ENGINEERING_PRIMARY,3,239.999999999999,20,0.250000000000001,10000,5000,62.5000000000003,240,0.000279188896118447,0.00026381337868473,0.0225434712101306,1.85093639417223,0.000282750572660381,0.000281956885076646,0.000399308867146596,-2.78117880783443,-1.18571443419351,0.000207822569118108,0.000169587511181949,0.000268235240383769,3.45586240120225,1.35243695382003e-05,0.0380516993798467,0,VALID
P06_controller_high_L,P06_controller_high_L__steady,ENGINEERING_PRIMARY,4,319.999999999999,20,0.250000000000001,10000,5000,62.5000000000003,320,0.000516135424359973,0.000440424965946851,0.00910636999811321,1.57638580411102,0.000513999124192339,0.000454414054012601,0.000686066492517058,-1.83830654025642,-0.357331305087212,0.000187420448255267,0.000162588725768717,0.000248115936955489,8.83423096362726,3.99237693581765e-05,0.0110205575671758,0,VALID
P06_controller_high_L,P06_controller_high_L__steady,ENGINEERING_PRIMARY,5,399.999999999998,20,0.250000000000001,10000,5000,62.5000000000003,400,0.00167669635668484,0.00146967477156574,-0.21899715441283,1.08475753509439,0.00166489895421745,0.00147970530027407,0.00222742369193953,-1.04866070903229,0.239501966138304,0.000268629795716522,0.000242056290204225,0.000361598139893076,15.7915329393899,0.000420828156482252,0.000990990300435642,0,VALID
P06_controller_high_L,P06_controller_high_L__steady,ENGINEERING_PRIMARY,6,479.999999999998,20,0.250000000000001,10000,5000,62.5000000000003,480,0.0147963201948918,0.012876211956902,-0.181664953081757,0.947010987259272,0.0147880081023036,0.0128894091612041,0.0196168818153837,0.0566055415063383,1.18464928100023,0.000800676612602445,0.000690108985862236,0.00105703994737017,25.3707715053005,0.0326406705021418,0.000122306200814492,0,VALID
P06_controller_high_L,P06_controller_high_L__steady,ENGINEERING_PRIMARY,7,559.999999999997,20,0.250000000000001,10000,5000,62.5000000000003,560,0.00212094546651852,0.00175474806591749,-2.23815428469006,-1.21778422443983,0.00210425457169406,0.00174877346643686,0.00273607308736607,-0.923828982836039,0.106102288513424,0.000912303423862306,0.000791238032928239,0.00120762376671836,7.10392085400984,0.000634971903338011,0.00608974864595919,0,VALID
P06_controller_high_L,P06_controller_high_L__steady,ENGINEERING_PRIMARY,8,639.999999999997,20,0.250000000000001,10000,5000,62.5000000000003,640,0.00152613330530541,0.00129069952342852,-0.918201803750308,-0.0357045140111801,0.00150616198942317,0.00128923266335203,0.00198258538243298,1.49815305349381,2.37897328457678,0.00102335834996612,0.000862483629999423,0.00133833490743624,3.4133418822236,0.000333397945916946,0.00815160664291504,0,VALID
P06_controller_high_L,P06_controller_high_L__steady,ENGINEERING_PRIMARY,9,719.999999999997,20,0.250000000000001,10000,5000,62.5000000000003,720,0.00197258092878101,0.00169520645835717,-0.187114855102768,0.652155483092363,0.00196457806206038,0.00169774686724023,0.00259651909046572,-2.96435843126939,-2.13119708976628,0.000800832175742422,0.000727873176629071,0.00108218830845673,7.60177364693376,0.000571850045776293,0.0016960824721903,0,VALID
P06_controller_high_L,P06_controller_high_L__steady,ENGINEERING_PRIMARY,10,799.999999999996,20,0.250000000000001,10000,5000,62.5000000000003,800,0.00160167093743191,0.00145574117146773,-0.192642987171776,0.563404785738056,0.0015939238839203,0.00145740690109195,0.00215977503992476,-1.88230778097093,-1.13307353239249,0.00125620981057769,0.00106915350964255,0.00164959156016652,2.34064183714778,0.000395654542120181,0.00213122448311931,0,VALID
P06_controller_high_L,P06_controller_high_L__steady,ENGINEERING_PRIMARY,11,879.999999999996,20,0.250000000000001,10000,5000,62.5000000000003,880,0.00431673958570613,0.00335165983528332,-1.23311511307968,-0.583457538715757,0.00430129783298216,0.00334867821212674,0.00545112913224309,-1.84625744395966,-1.19605328774758,0.00129397862664094,0.00115167410905234,0.00173226266474373,9.95745450000034,0.00252041502863208,0.00257209970020824,0,VALID
P06_controller_high_L,P06_controller_high_L__steady,ENGINEERING_PRIMARY,12,959.999999999996,20,0.250000000000001,10000,5000,62.5000000000003,960,0.0196359350274033,0.0148682494401191,0.19415035656471,0.99296732843206,0.0196343429266618,0.0148726808856819,0.0246313633177111,0.668179857944946,1.4666013206392,0.00215835760766982,0.00167582791102348,0.00273256413464561,19.0983617271201,0.05146073923628,5.70913046999677e-05,0,VALID
P06_controller_high_L,P06_controller_high_L__steady,ENGINEERING_PRIMARY,13,1040,20,0.250000000000001,10000,5000,62.5000000000003,1040,0.00569732194000162,0.00378456105145322,3.05520560638555,-2.50350103125762,0.00570330562466324,0.00378340648698314,0.00684411131514249,-1.67045624788184,-0.944539046860542,0.00305599723239295,0.00230115343581256,0.00382549685917337,5.05258429435799,0.00397313433417989,0.000635104458630749,0,VALID
P06_controller_high_L,P06_controller_high_L__steady,ENGINEERING_PRIMARY,14,1119.99999999999,20,0.250000000000001,10000,5000,62.5000000000003,1120,0.00537666674308539,0.00402966763114243,-2.07390672778463,-1.44583849386565,0.00536838245911764,0.00402677261341645,0.00671076954659618,0.57086577612204,1.20054386506711,0.00342366654483577,0.00258747477850206,0.00429144711485671,3.88337120243793,0.00381982766927189,0.00124647532285606,0,VALID
P06_controller_high_L,P06_controller_high_L__steady,ENGINEERING_PRIMARY,15,1199.99999999999,20,0.250000000000001,10000,5000,62.5000000000003,1200,0.00684734318343471,0.00517495165015589,-1.45336941896726,-0.818618859456884,0.00683639917750598,0.00517246630666182,0.00857267527716734,2.27939094080616,2.91475576676727,0.00317697855012785,0.00241967341587379,0.00399349623105604,6.63526189161942,0.0062334986121654,0.00119312430987264,0,VALID
P06_controller_high_L,P06_controller_high_L__steady,ENGINEERING_PRIMARY,16,1279.99999999999,20,0.250000000000001,10000,5000,62.5000000000003,1280,0.00701059900685249,0.00568976361387179,-1.19928494487315,-0.588513612273247,0.00699994914477342,0.00568761531099778,0.00901932680166932,-2.66269431654237,-2.05162891273435,0.00387535670241365,0.00270599475856329,0.00472660525158537,5.61249580100397,0.00689997260725055,0.00106677079282572,0,VALID
P06_controller_high_L,P06_controller_high_L__steady,ENGINEERING_PRIMARY,17,1359.99999999999,20,0.250000000000001,10000,5000,62.5000000000003,1360,0.00865410055332753,0.00564903098006083,-1.52195974315132,-0.889512665996329,0.00864483092278964,0.0056467407633657,0.0103256371683435,-1.89911185341294,-1.26613318832228,0.00383480350941195,0.00294520824874307,0.00483528381630928,6.5898977884857,0.00904342291069206,0.000872938227337648,0,VALID
P06_controller_high_L,P06_controller_high_L__steady,ENGINEERING_PRIMARY,18,1439.99999999999,20,0.250000000000001,10000,5000,62.5000000000003,1440,0.0447580838970001,0.0254383044648371,-1.94559005524111,-1.53263351140544,0.0447535372106423,0.0254382657192869,0.051477999724828,-1.2357893090451,-0.822722986401833,0.00424567899201459,0.00294520824874307,0.00516720831123522,19.9673138629143,0.224772122512418,7.71583263337946e-05,0,VALID
P06_controller_high_L,P06_controller_high_L__steady,ENGINEERING_PRIMARY,19,1519.99999999999,20,0.250000000000001,10000,5000,62.5000000000003,1520,0.00832862066539788,0.00609107149735065,2.75712422265283,-2.51474368396269,0.00833676567688185,0.00609066729069578,0.0103246254167978,-1.73035039077545,-0.718636967333833,0.00570582140528747,0.0042320390805395,0.00710398146733579,3.247449687397,0.00904165076846102,0.000613783170848565,0,VALID
P06_controller_high_L,P06_controller_high_L__steady,ENGINEERING_PRIMARY,20,1599.99999999999,20,0.250000000000001,10000,5000,62.5000000000003,1600,0.0111846530587843,0.0080897924030511,-2.96661487936764,-2.24848576525512,0.0111878487150294,0.00808888893780631,0.0138057264610939,-0.0842690025401079,0.634428143481571,0.00499181396812143,0.00381077707594766,0.00628014558867073,6.84179104881236,0.0161665611274436,0.000149220264364433,0,VALID
P07_controller_low_L,P07_controller_low_L__steady,ENGINEERING_PRIMARY,1,79.9999999999996,20,0.250000000000001,10000,5000,62.5000000000003,80,0.000873430963953845,0.000537510792003481,-0.295818526781302,-2.80634910360721,0.000829283853011515,0.000522867529033483,0.000980358180352062,1.11757489262712,-2.23918888869714,0.00070901152462696,0.000459842806738364,0.000845075587721514,1.2897844185213,0.000151928933122872,0.0461204766850487,0,VALID
P07_controller_low_L,P07_controller_low_L__steady,ENGINEERING_PRIMARY,2,159.999999999999,20,0.250000000000001,10000,5000,62.5000000000003,160,0.00141302143341284,0.000926186545361085,1.55022600566707,-0.95243885753127,0.00156095822630844,0.000826288227319891,0.00176616613569829,-2.5530293870315,1.30024219727593,0.000406790209680245,0.000256632840736455,0.000480976807794472,11.2981483548333,0.000493098908069008,0.043401381297453,0,VALID
P07_controller_low_L,P07_controller_low_L__steady,ENGINEERING_PRIMARY,3,239.999999999999,20,0.250000000000001,10000,5000,62.5000000000003,240,0.000406790209680245,0.000314864497932626,-1.16936219693286,-3.1039300651526,0.00032560654995208,0.000329174067636335,0.000463006686966773,2.17634644924676,-0.105004464330828,0.00079205484854748,0.000499326189606354,0.000936310593090975,-6.11665347028795,3.38879627269521e-05,0.111021255900725,0,VALID
P07_controller_low_L,P07_controller_low_L__steady,ENGINEERING_PRIMARY,4,319.999999999999,20,0.250000000000001,10000,5000,62.5000000000003,320,0.00299518361866402,0.00210556346100919,0.674100138706754,-1.20870815386514,0.00303379645153317,0.00204903217902149,0.00366093618900969,-1.2431409366681,-3.13793993335642,0.000557900867153602,0.000388003042570927,0.000679558488001613,14.6273063541773,0.0021186306565435,7.71701237992962e-05,0,VALID
P07_controller_low_L,P07_controller_low_L__steady,ENGINEERING_PRIMARY,5,399.999999999998,20,0.250000000000001,10000,5000,62.5000000000003,400,0.00493822256552512,0.00384834140929172,2.77041381834841,1.02137041806269,0.00496537758351355,0.00389166336576714,0.00630872556855289,1.91041264837998,0.180245756458449,0.00149783675259573,0.00105243000819496,0.00183060751106724,10.7469279183423,0.00629150007036336,0.00762004146523124,0,VALID
P07_controller_low_L,P07_controller_low_L__steady,ENGINEERING_PRIMARY,6,479.999999999998,20,0.250000000000001,10000,5000,62.5000000000003,480,0.0284092266001471,0.0216073347703917,-0.751744129044283,-2.31933728650449,0.0283932850282847,0.0215899633200957,0.0356693867463473,-0.514663252882686,-2.08371260838092,0.0027321872469296,0.00201495677078227,0.0033948340077839,20.4295419724979,0.201123222757429,0.000650544638028427,0,VALID
P07_controller_low_L,P07_controller_low_L__steady,ENGINEERING_PRIMARY,7,559.999999999997,20,0.250000000000001,10000,5000,62.5000000000003,560,0.00834714124940332,0.00632354489742244,-0.777048404379204,-2.21710555982644,0.00832071098881059,0.00630122648746055,0.0104374176214995,0.548486019366078,-0.897650416730653,0.0031889807068443,0.00243971714806312,0.00401519834020418,8.29772115281358,0.0172209480103744,0.00330966249938284,0,VALID
P07_controller_low_L,P07_controller_low_L__steady,ENGINEERING_PRIMARY,8,639.999999999997,20,0.250000000000001,10000,5000,62.5000000000003,640,0.00637790023322491,0.00487948324760383,0.685491660423347,-0.556719936724469,0.00639422979834888,0.00485911305242673,0.00803101203898715,3.10023134210518,1.85763387629792,0.00189965482608309,0.0014856750820891,0.00241162163446118,10.4492221142071,0.010195569464508,7.89695611836193e-05,0,VALID
P07_controller_low_L,P07_controller_low_L__steady,ENGINEERING_PRIMARY,9,719.999999999997,20,0.250000000000001,10000,5000,62.5000000000003,720,0.00181098342572272,0.00131827781151476,-0.987316739881047,-2.20612400897375,0.00178416450473703,0.00130031485792835,0.00220772772544822,2.51485186024677,1.27417993271401,0.0031889807068443,0.00243971714806312,0.00401519834020418,-5.19522982876033,0.000770481042470843,0.0146095131708726,0,VALID
P07_controller_low_L,P07_controller_low_L__steady,ENGINEERING_PRIMARY,10,799.999999999996,20,0.250000000000001,10000,5000,62.5000000000003,800,0.00397663579126399,0.00330618057585058,0.327100396629193,-0.806126662775319,0.00397874895816535,0.00328499218365469,0.00515961402808139,-1.36621182802578,-2.50248529680842,0.00249998111019057,0.00187899824475704,0.0031273854823334,4.34871598128008,0.00420828712836411,0.00230459154492491,0,VALID
P07_controller_low_L,P07_controller_low_L__steady,ENGINEERING_PRIMARY,11,879.999999999996,20,0.250000000000001,10000,5000,62.5000000000003,880,0.0144001006672618,0.0110418772421535,2.63139512168353,1.81118387871251,0.0144195729586725,0.0110686166780224,0.0181779635678883,2.01668574761726,1.19790782984018,0.00198832582958984,0.00165307320702358,0.0025857475964203,16.9391819804126,0.0522349750257926,0.00174527820130167,0,VALID
P07_controller_low_L,P07_controller_low_L__steady,ENGINEERING_PRIMARY,12,959.999999999996,20,0.250000000000001,10000,5000,62.5000000000003,960,0.0278380989529894,0.0248426311338293,-1.05866658284316,-1.80815251813774,0.0278235969621593,0.0248293149421176,0.0372913854449998,-0.585280970007797,-1.33519901310457,0.0028065924946136,0.00266031135727362,0.0038670683920071,19.6845333110347,0.219830511832395,0.000527904837662048,0,VALID
P07_controller_low_L,P07_controller_low_L__steady,ENGINEERING_PRIMARY,13,1040,20,0.250000000000001,10000,5000,62.5000000000003,1040,0.00561320482459028,0.00532064200037472,-1.08431683374455,-2.02952393937901,0.00559416422287852,0.00530732877954752,0.00771118746541331,0.476143229204419,-0.47212403519276,0.00317268636248089,0.00253735352471559,0.0040625240508899,5.56650632434667,0.00939968839375795,0.00297969438031283,0,VALID
P07_controller_low_L,P07_controller_low_L__steady,ENGINEERING_PRIMARY,14,1119.99999999999,20,0.250000000000001,10000,5000,62.5000000000003,1120,0.00423024238047412,0.00338313352182922,1.39405691819651,0.861927709112029,0.0042474396615863,0.00339230587500005,0.00543585161942231,-2.24021765779036,-2.76989812636788,0.00174815303553209,0.00160526077456419,0.00237337337770408,7.1980305378007,0.00467095970649512,0.00352483288324271,0,VALID
P07_controller_low_L,P07_controller_low_L__steady,ENGINEERING_PRIMARY,15,1199.99999999999,20,0.250000000000001,10000,5000,62.5000000000003,1200,0.00233087541521234,0.00194513693199745,-1.56776072772538,-2.35119404710748,0.00231454239803727,0.00193834569964694,0.00301898833446767,2.16265470744716,1.37393277321004,0.00210382011795521,0.00169157329395128,0.00269953316288618,0.971455357657358,0.00144076716978589,0.00559353230987344,0,VALID
P07_controller_low_L,P07_controller_low_L__steady,ENGINEERING_PRIMARY,16,1279.99999999999,20,0.250000000000001,10000,5000,62.5000000000003,1280,0.00209251052361388,0.00253077454598723,0.155733002984922,-0.463594333068737,0.00208847981740364,0.00251870931369921,0.00327194812835068,-1.29983208360988,-1.9228728501418,0.00222300256375445,0.00181835499614902,0.00287196018260681,1.13255991036322,0.0016923249371929,0.00362588127079604,0,VALID
P07_controller_low_L,P07_controller_low_L__steady,ENGINEERING_PRIMARY,17,1359.99999999999,20,0.250000000000001,10000,5000,62.5000000000003,1360,0.0114160321468197,0.00980559115100725,-3.05457075988923,2.89391586676461,0.0114215367381998,0.00981567801148721,0.0150598484815499,2.85052948416351,2.51590677439381,0.00135606063062924,0.00160526085524041,0.00210137165853871,17.1063546366947,0.0358518969018703,0.000713724420120751,0,VALID
P07_controller_low_L,P07_controller_low_L__steady,ENGINEERING_PRIMARY,18,1439.99999999999,20,0.250000000000001,10000,5000,62.5000000000003,1440,0.020554321605825,0.0151484783424435,-2.17321337507209,-2.56806896426051,0.0205474997109252,0.0151467618316812,0.025526929669589,-1.4638876631913,-1.85909167317807,0.00181960065885465,0.00215039928917322,0.00281694225368234,19.1444127527884,0.10300732229535,0.000255018202633,0,VALID
P07_controller_low_L,P07_controller_low_L__steady,ENGINEERING_PRIMARY,19,1519.99999999999,20,0.250000000000001,10000,5000,62.5000000000003,1520,0.00309338853188331,0.00428195821579321,-1.48439394855725,-1.9430268985517,0.00308041154826959,0.00427308975327314,0.00526765900056567,0.310416873271232,-0.14884280422151,0.0033552476125329,0.00323973223353875,0.00466407027031516,1.05705136671642,0.00438637987938676,0.00280682424324828,0,VALID
P07_controller_low_L,P07_controller_low_L__steady,ENGINEERING_PRIMARY,20,1599.99999999999,20,0.250000000000001,10000,5000,62.5000000000003,1600,0.0044736628724908,0.0043196418848348,2.84576583692224,2.56610227750653,0.00448372710343447,0.00433156821973062,0.0062342835979969,-0.556418779896025,-0.835375379349135,0.00154669069975103,0.00214097591153907,0.0026412175174504,7.45964770955429,0.00614389865073873,0.00249017167054788,0,VALID
P08_opposed_20pct,P08_opposed_20pct__steady,ENGINEERING_PRIMARY,1,79.9999999999996,20,0.250000000000001,10000,5000,62.5000000000003,80,0.000467853079237464,0.000496071569575989,-0.755644106161983,2.38040784727057,0.000478929716789725,0.000546703227587195,0.000726813657465614,0.30790578500058,-2.90497720743584,0.000226670157640818,0.000256073528185333,0.000341983935590837,6.54834747142314,4.8534599792786e-05,0.0618095145199408,0,VALID
P08_opposed_20pct,P08_opposed_20pct__steady,ENGINEERING_PRIMARY,2,159.999999999999,20,0.250000000000001,10000,5000,62.5000000000003,160,0.000453409232487579,0.000513697100714628,1.23287767643362,-1.71395608971058,0.00045604592347326,0.000493620837872541,0.000672041230802521,-2.87466816992108,0.451385918033404,0.000234242370807553,0.000254941614240211,0.000346214839302055,5.76100480122745,4.1495130136366e-05,0.0195429513068436,0,VALID
P08_opposed_20pct,P08_opposed_20pct__steady,ENGINEERING_PRIMARY,3,239.999999999999,20,0.250000000000001,10000,5000,62.5000000000003,240,0.00072781751230605,0.000762546436800696,-3.04105505758661,0.514485515742742,0.00072783988592094,0.000770388245833917,0.00105983439690192,0.220029195235124,-2.48761769004352,0.000343720497982205,0.000376227550448547,0.000509598813234145,6.36019204983432,0.000103200384349986,0.00537995633608807,0,VALID
P08_opposed_20pct,P08_opposed_20pct__steady,ENGINEERING_PRIMARY,4,319.999999999999,20,0.250000000000001,10000,5000,62.5000000000003,320,0.0013720331451181,0.00138310345770824,-0.415306197612311,2.99618384472789,0.00137311762404474,0.0013863807357116,0.00195128254074455,-2.35333470340608,1.05028593714978,0.000408659478898787,0.000447536109300538,0.000606045492369749,10.1562986657955,0.000349820786004409,0.00158410650722345,0,VALID
P08_opposed_20pct,P08_opposed_20pct__steady,ENGINEERING_PRIMARY,5,399.999999999998,20,0.250000000000001,10000,5000,62.5000000000003,400,0.00317717810077914,0.00279941182327258,2.12599379602803,-0.718998433411273,0.00318077592281446,0.002794385734145,0.00423390211298623,1.27547579267295,-1.56739865903968,0.000706917822604016,0.000727055092068787,0.00101407194755518,12.413440881466,0.00164697466993016,0.00014615018442523,0,VALID
P08_opposed_20pct,P08_opposed_20pct__steady,ENGINEERING_PRIMARY,6,479.999999999998,20,0.250000000000001,10000,5000,62.5000000000003,480,0.0221384974926518,0.0218924797466799,-2.05468924434814,1.36045215575057,0.0221540941952401,0.0219206224191815,0.0311659682483297,-1.81753390960505,1.59757398340638,0.00158858756532003,0.00139968123548253,0.00211724302186861,23.3581982741555,0.0892414342870971,0.000990813800204973,0,VALID
P08_opposed_20pct,P08_opposed_20pct__steady,ENGINEERING_PRIMARY,7,559.999999999997,20,0.250000000000001,10000,5000,62.5000000000003,560,0.00403062510423703,0.00391217971802507,2.77685312816178,0.151528138635089,0.00403129216079752,0.00391201622830712,0.00561740041800883,-2.18333358458301,1.47659712473933,0.00204188527968606,0.00198757783492827,0.00284951945866259,5.89527510462517,0.00289918586350402,6.49451427693718e-05,0,VALID
P08_opposed_20pct,P08_opposed_20pct__steady,ENGINEERING_PRIMARY,8,639.999999999997,20,0.250000000000001,10000,5000,62.5000000000003,640,0.00408376989223716,0.00390662930368262,-0.907435136649564,2.77942097720669,0.00408599934960103,0.00391062386537996,0.00565582617319692,1.50220415306702,-1.0954692689974,0.00201531232635418,0.00202183778147407,0.00285469994699112,5.93871172730804,0.00293898521007009,0.000773089894406383,0,VALID
P08_opposed_20pct,P08_opposed_20pct__steady,ENGINEERING_PRIMARY,9,719.999999999997,20,0.250000000000001,10000,5000,62.5000000000003,720,0.00387060944425079,0.00404368205210297,1.92732189150525,-0.534654323467514,0.00387217005215007,0.00404078501092464,0.00559657434662322,-0.859367985172299,2.96264760578376,0.00205862829023016,0.00218138491031599,0.00299939836705468,5.41776253482224,0.00287772870442281,0.00018097014960309,0,VALID
P08_opposed_20pct,P08_opposed_20pct__steady,ENGINEERING_PRIMARY,10,799.999999999996,20,0.250000000000001,10000,5000,62.5000000000003,800,0.00415074216085603,0.0048133502107235,-1.32826845263082,2.40673361469026,0.00415258615626188,0.00481881234212219,0.00636120461656178,-3.02826455363024,0.705983484540037,0.00230299052330308,0.00235421384819104,0.00329333997538035,5.71805599397318,0.00371778289370063,0.00083964032775959,0,VALID
P08_opposed_20pct,P08_opposed_20pct__steady,ENGINEERING_PRIMARY,11,879.999999999996,20,0.250000000000001,10000,5000,62.5000000000003,880,0.00512819188797118,0.00537318641691996,1.16809413337509,-1.2667954276011,0.00512902741488967,0.00537037218724849,0.00742615779877198,0.554862701944409,-1.88014381256957,0.00243423106403499,0.00276213636958263,0.00368169501687525,6.09432727254306,0.00506679858456239,0.000196404240409835,0,VALID
P08_opposed_20pct,P08_opposed_20pct__steady,ENGINEERING_PRIMARY,12,959.999999999996,20,0.250000000000001,10000,5000,62.5000000000003,960,0.0188651665131435,0.0258539336189109,2.58056350672947,0.334452516014153,0.0188679799249027,0.0258540793425815,0.0320067818610217,3.05370994626782,0.807897040927563,0.00256409579454938,0.00276733321400749,0.00377262777927731,18.5719610334922,0.094121602723134,5.54926450015591e-05,0,VALID
P08_opposed_20pct,P08_opposed_20pct__steady,ENGINEERING_PRIMARY,13,1040,20,0.250000000000001,10000,5000,62.5000000000003,1040,0.00558618184434125,0.00623519280763377,1.19750400871695,-1.19450456891445,0.00558680551624684,0.00623278173644174,0.00837018303566224,2.75750922482124,0.365425877445834,0.00233091083658675,0.00316505005069263,0.0039307362098603,6.56522111197414,0.00643687690508621,0.000164794498587148,0,VALID
P08_opposed_20pct,P08_opposed_20pct__steady,ENGINEERING_PRIMARY,14,1119.99999999999,20,0.250000000000001,10000,5000,62.5000000000003,1120,0.00419545160710397,0.00569614930466502,-2.14769033059331,1.66593069890521,0.0041958562469184,0.00570070784239992,0.0070783670114797,0.498986871898017,-1.97049651851503,0.00279309083064684,0.00348202375523439,0.00446383756651831,4.00449388316346,0.00460332298724758,0.00055249631611301,0,VALID
P08_opposed_20pct,P08_opposed_20pct__steady,ENGINEERING_PRIMARY,15,1199.99999999999,20,0.250000000000001,10000,5000,62.5000000000003,1200,0.00409163469996531,0.00696405020299312,1.01868968683655,-1.38315107208052,0.00409180028297097,0.00696193073828843,0.00807535195272915,-1.5312561495848,2.34997594122704,0.00285170565344023,0.00440687191200502,0.00524907088756494,3.74158043324605,0.0059913985908246,0.000215894667294085,0,VALID
P08_opposed_20pct,P08_opposed_20pct__steady,ENGINEERING_PRIMARY,16,1279.99999999999,20,0.250000000000001,10000,5000,62.5000000000003,1280,0.00582064085867874,0.0118238731200074,-2.12349936915161,1.59099291674697,0.0058210307723899,0.0118284097227232,0.0131831587952858,2.69641761986017,0.12778399291953,0.0029856166324354,0.00458908655243126,0.00547481708019367,7.6329973967255,0.0159677697107369,0.000321809665208476,0,VALID
P08_opposed_20pct,P08_opposed_20pct__steady,ENGINEERING_PRIMARY,17,1359.99999999999,20,0.250000000000001,10000,5000,62.5000000000003,1360,0.00774701485065391,0.0167112848356805,0.656820930994105,-1.74098742480614,0.00774703914821879,0.0167104069390426,0.0184188576093209,0.280108481746144,-2.11774902884212,0.00291032047413654,0.00591193768820687,0.00658945919567146,8.92825834959419,0.0311695602308842,4.2687304970232e-05,0,VALID
P08_opposed_20pct,P08_opposed_20pct__steady,ENGINEERING_PRIMARY,18,1439.99999999999,20,0.250000000000001,10000,5000,62.5000000000003,1440,0.0265637131766311,0.0611752999784206,1.59034137550335,-0.902642097409205,0.0265663429903196,0.0611798613901233,0.066698920677879,2.30029830008403,-0.192747250467903,0.00258947478612966,0.00506604543753645,0.00568948117522021,21.3809228281538,0.408736014901215,7.84335382073548e-05,0,VALID
P08_opposed_20pct,P08_opposed_20pct__steady,ENGINEERING_PRIMARY,19,1519.99999999999,20,0.250000000000001,10000,5000,62.5000000000003,1520,0.00453725819157294,0.00844030643399624,-0.116054657699511,3.13409984313709,0.00453748991155805,0.00844177330996732,0.00958396323628005,1.68041790413401,-1.35286688934152,0.00303635499191795,0.00668686166927614,0.00734394789067702,2.31231104927552,0.00843908909840785,0.000146260178091461,0,VALID
P08_opposed_20pct,P08_opposed_20pct__steady,ENGINEERING_PRIMARY,20,1599.99999999999,20,0.250000000000001,10000,5000,62.5000000000003,1600,0.00355623854253362,0.00696458860566222,-2.54973367364318,0.870578934017938,0.00355625216992649,0.00696560836614501,0.00782090975568803,0.333494439332721,-2.52904153898304,0.00251647144174265,0.00640913474371997,0.00688546561100008,1.10647922162485,0.00561978684296332,0.000116920168733863,0,VALID
B01_500rpm_20A_48V_fast,B01_500rpm_20A_48V_fast__steady,SECONDARY_STRESS,1,100,NaN,NaN,10000,5000,50,NaN,NaN,NaN,NaN,NaN,NaN,NaN,NaN,NaN,NaN,NaN,NaN,NaN,NaN,NaN,NaN,0,EXCLUDED:no_registered_steady_phase;early_termination;stress_test_secondary_only
B01_500rpm_20A_48V_fast,B01_500rpm_20A_48V_fast__steady,SECONDARY_STRESS,2,200,NaN,NaN,10000,5000,50,NaN,NaN,NaN,NaN,NaN,NaN,NaN,NaN,NaN,NaN,NaN,NaN,NaN,NaN,NaN,NaN,0,EXCLUDED:no_registered_steady_phase;early_termination;stress_test_secondary_only
B01_500rpm_20A_48V_fast,B01_500rpm_20A_48V_fast__steady,SECONDARY_STRESS,3,300,NaN,NaN,10000,5000,50,NaN,NaN,NaN,NaN,NaN,NaN,NaN,NaN,NaN,NaN,NaN,NaN,NaN,NaN,NaN,NaN,0,EXCLUDED:no_registered_steady_phase;early_termination;stress_test_secondary_only
B01_500rpm_20A_48V_fast,B01_500rpm_20A_48V_fast__steady,SECONDARY_STRESS,4,400,NaN,NaN,10000,5000,50,NaN,NaN,NaN,NaN,NaN,NaN,NaN,NaN,NaN,NaN,NaN,NaN,NaN,NaN,NaN,NaN,0,EXCLUDED:no_registered_steady_phase;early_termination;stress_test_secondary_only
B01_500rpm_20A_48V_fast,B01_500rpm_20A_48V_fast__steady,SECONDARY_STRESS,5,500,NaN,NaN,10000,5000,50,NaN,NaN,NaN,NaN,NaN,NaN,NaN,NaN,NaN,NaN,NaN,NaN,NaN,NaN,NaN,NaN,0,EXCLUDED:no_registered_steady_phase;early_termination;stress_test_secondary_only
B01_500rpm_20A_48V_fast,B01_500rpm_20A_48V_fast__steady,SECONDARY_STRESS,6,600,NaN,NaN,10000,5000,50,NaN,NaN,NaN,NaN,NaN,NaN,NaN,NaN,NaN,NaN,NaN,NaN,NaN,NaN,NaN,NaN,0,EXCLUDED:no_registered_steady_phase;early_termination;stress_test_secondary_only
B01_500rpm_20A_48V_fast,B01_500rpm_20A_48V_fast__steady,SECONDARY_STRESS,7,700,NaN,NaN,10000,5000,50,NaN,NaN,NaN,NaN,NaN,NaN,NaN,NaN,NaN,NaN,NaN,NaN,NaN,NaN,NaN,NaN,0,EXCLUDED:no_registered_steady_phase;early_termination;stress_test_secondary_only
B01_500rpm_20A_48V_fast,B01_500rpm_20A_48V_fast__steady,SECONDARY_STRESS,8,800,NaN,NaN,10000,5000,50,NaN,NaN,NaN,NaN,NaN,NaN,NaN,NaN,NaN,NaN,NaN,NaN,NaN,NaN,NaN,NaN,0,EXCLUDED:no_registered_steady_phase;early_termination;stress_test_secondary_only
B01_500rpm_20A_48V_fast,B01_500rpm_20A_48V_fast__steady,SECONDARY_STRESS,9,900,NaN,NaN,10000,5000,50,NaN,NaN,NaN,NaN,NaN,NaN,NaN,NaN,NaN,NaN,NaN,NaN,NaN,NaN,NaN,NaN,0,EXCLUDED:no_registered_steady_phase;early_termination;stress_test_secondary_only
B01_500rpm_20A_48V_fast,B01_500rpm_20A_48V_fast__steady,SECONDARY_STRESS,10,1000,NaN,NaN,10000,5000,50,NaN,NaN,NaN,NaN,NaN,NaN,NaN,NaN,NaN,NaN,NaN,NaN,NaN,NaN,NaN,NaN,0,EXCLUDED:no_registered_steady_phase;early_termination;stress_test_secondary_only
B01_500rpm_20A_48V_fast,B01_500rpm_20A_48V_fast__steady,SECONDARY_STRESS,11,1100,NaN,NaN,10000,5000,50,NaN,NaN,NaN,NaN,NaN,NaN,NaN,NaN,NaN,NaN,NaN,NaN,NaN,NaN,NaN,NaN,0,EXCLUDED:no_registered_steady_phase;early_termination;stress_test_secondary_only
B01_500rpm_20A_48V_fast,B01_500rpm_20A_48V_fast__steady,SECONDARY_STRESS,12,1200,NaN,NaN,10000,5000,50,NaN,NaN,NaN,NaN,NaN,NaN,NaN,NaN,NaN,NaN,NaN,NaN,NaN,NaN,NaN,NaN,0,EXCLUDED:no_registered_steady_phase;early_termination;stress_test_secondary_only
B01_500rpm_20A_48V_fast,B01_500rpm_20A_48V_fast__steady,SECONDARY_STRESS,13,1300,NaN,NaN,10000,5000,50,NaN,NaN,NaN,NaN,NaN,NaN,NaN,NaN,NaN,NaN,NaN,NaN,NaN,NaN,NaN,NaN,0,EXCLUDED:no_registered_steady_phase;early_termination;stress_test_secondary_only
B01_500rpm_20A_48V_fast,B01_500rpm_20A_48V_fast__steady,SECONDARY_STRESS,14,1400,NaN,NaN,10000,5000,50,NaN,NaN,NaN,NaN,NaN,NaN,NaN,NaN,NaN,NaN,NaN,NaN,NaN,NaN,NaN,NaN,0,EXCLUDED:no_registered_steady_phase;early_termination;stress_test_secondary_only
B01_500rpm_20A_48V_fast,B01_500rpm_20A_48V_fast__steady,SECONDARY_STRESS,15,1500,NaN,NaN,10000,5000,50,NaN,NaN,NaN,NaN,NaN,NaN,NaN,NaN,NaN,NaN,NaN,NaN,NaN,NaN,NaN,NaN,0,EXCLUDED:no_registered_steady_phase;early_termination;stress_test_secondary_only
B01_500rpm_20A_48V_fast,B01_500rpm_20A_48V_fast__steady,SECONDARY_STRESS,16,1600,NaN,NaN,10000,5000,50,NaN,NaN,NaN,NaN,NaN,NaN,NaN,NaN,NaN,NaN,NaN,NaN,NaN,NaN,NaN,NaN,0,EXCLUDED:no_registered_steady_phase;early_termination;stress_test_secondary_only
B01_500rpm_20A_48V_fast,B01_500rpm_20A_48V_fast__steady,SECONDARY_STRESS,17,1700,NaN,NaN,10000,5000,50,NaN,NaN,NaN,NaN,NaN,NaN,NaN,NaN,NaN,NaN,NaN,NaN,NaN,NaN,NaN,NaN,0,EXCLUDED:no_registered_steady_phase;early_termination;stress_test_secondary_only
B01_500rpm_20A_48V_fast,B01_500rpm_20A_48V_fast__steady,SECONDARY_STRESS,18,1800,NaN,NaN,10000,5000,50,NaN,NaN,NaN,NaN,NaN,NaN,NaN,NaN,NaN,NaN,NaN,NaN,NaN,NaN,NaN,NaN,0,EXCLUDED:no_registered_steady_phase;early_termination;stress_test_secondary_only
B01_500rpm_20A_48V_fast,B01_500rpm_20A_48V_fast__steady,SECONDARY_STRESS,19,1900,NaN,NaN,10000,5000,50,NaN,NaN,NaN,NaN,NaN,NaN,NaN,NaN,NaN,NaN,NaN,NaN,NaN,NaN,NaN,NaN,0,EXCLUDED:no_registered_steady_phase;early_termination;stress_test_secondary_only
B01_500rpm_20A_48V_fast,B01_500rpm_20A_48V_fast__steady,SECONDARY_STRESS,20,2000,NaN,NaN,10000,5000,50,NaN,NaN,NaN,NaN,NaN,NaN,NaN,NaN,NaN,NaN,NaN,NaN,NaN,NaN,NaN,NaN,0,EXCLUDED:no_registered_steady_phase;early_termination;stress_test_secondary_only
B02_500rpm_negid_48V,B02_500rpm_negid_48V__steady,SECONDARY_STRESS,1,100,NaN,NaN,10000,5000,50,NaN,NaN,NaN,NaN,NaN,NaN,NaN,NaN,NaN,NaN,NaN,NaN,NaN,NaN,NaN,NaN,0,EXCLUDED:no_registered_steady_phase;early_termination;stress_test_secondary_only
B02_500rpm_negid_48V,B02_500rpm_negid_48V__steady,SECONDARY_STRESS,2,200,NaN,NaN,10000,5000,50,NaN,NaN,NaN,NaN,NaN,NaN,NaN,NaN,NaN,NaN,NaN,NaN,NaN,NaN,NaN,NaN,0,EXCLUDED:no_registered_steady_phase;early_termination;stress_test_secondary_only
B02_500rpm_negid_48V,B02_500rpm_negid_48V__steady,SECONDARY_STRESS,3,300,NaN,NaN,10000,5000,50,NaN,NaN,NaN,NaN,NaN,NaN,NaN,NaN,NaN,NaN,NaN,NaN,NaN,NaN,NaN,NaN,0,EXCLUDED:no_registered_steady_phase;early_termination;stress_test_secondary_only
B02_500rpm_negid_48V,B02_500rpm_negid_48V__steady,SECONDARY_STRESS,4,400,NaN,NaN,10000,5000,50,NaN,NaN,NaN,NaN,NaN,NaN,NaN,NaN,NaN,NaN,NaN,NaN,NaN,NaN,NaN,NaN,0,EXCLUDED:no_registered_steady_phase;early_termination;stress_test_secondary_only
B02_500rpm_negid_48V,B02_500rpm_negid_48V__steady,SECONDARY_STRESS,5,500,NaN,NaN,10000,5000,50,NaN,NaN,NaN,NaN,NaN,NaN,NaN,NaN,NaN,NaN,NaN,NaN,NaN,NaN,NaN,NaN,0,EXCLUDED:no_registered_steady_phase;early_termination;stress_test_secondary_only
B02_500rpm_negid_48V,B02_500rpm_negid_48V__steady,SECONDARY_STRESS,6,600,NaN,NaN,10000,5000,50,NaN,NaN,NaN,NaN,NaN,NaN,NaN,NaN,NaN,NaN,NaN,NaN,NaN,NaN,NaN,NaN,0,EXCLUDED:no_registered_steady_phase;early_termination;stress_test_secondary_only
B02_500rpm_negid_48V,B02_500rpm_negid_48V__steady,SECONDARY_STRESS,7,700,NaN,NaN,10000,5000,50,NaN,NaN,NaN,NaN,NaN,NaN,NaN,NaN,NaN,NaN,NaN,NaN,NaN,NaN,NaN,NaN,0,EXCLUDED:no_registered_steady_phase;early_termination;stress_test_secondary_only
B02_500rpm_negid_48V,B02_500rpm_negid_48V__steady,SECONDARY_STRESS,8,800,NaN,NaN,10000,5000,50,NaN,NaN,NaN,NaN,NaN,NaN,NaN,NaN,NaN,NaN,NaN,NaN,NaN,NaN,NaN,NaN,0,EXCLUDED:no_registered_steady_phase;early_termination;stress_test_secondary_only
B02_500rpm_negid_48V,B02_500rpm_negid_48V__steady,SECONDARY_STRESS,9,900,NaN,NaN,10000,5000,50,NaN,NaN,NaN,NaN,NaN,NaN,NaN,NaN,NaN,NaN,NaN,NaN,NaN,NaN,NaN,NaN,0,EXCLUDED:no_registered_steady_phase;early_termination;stress_test_secondary_only
B02_500rpm_negid_48V,B02_500rpm_negid_48V__steady,SECONDARY_STRESS,10,1000,NaN,NaN,10000,5000,50,NaN,NaN,NaN,NaN,NaN,NaN,NaN,NaN,NaN,NaN,NaN,NaN,NaN,NaN,NaN,NaN,0,EXCLUDED:no_registered_steady_phase;early_termination;stress_test_secondary_only
B02_500rpm_negid_48V,B02_500rpm_negid_48V__steady,SECONDARY_STRESS,11,1100,NaN,NaN,10000,5000,50,NaN,NaN,NaN,NaN,NaN,NaN,NaN,NaN,NaN,NaN,NaN,NaN,NaN,NaN,NaN,NaN,0,EXCLUDED:no_registered_steady_phase;early_termination;stress_test_secondary_only
B02_500rpm_negid_48V,B02_500rpm_negid_48V__steady,SECONDARY_STRESS,12,1200,NaN,NaN,10000,5000,50,NaN,NaN,NaN,NaN,NaN,NaN,NaN,NaN,NaN,NaN,NaN,NaN,NaN,NaN,NaN,NaN,0,EXCLUDED:no_registered_steady_phase;early_termination;stress_test_secondary_only
B02_500rpm_negid_48V,B02_500rpm_negid_48V__steady,SECONDARY_STRESS,13,1300,NaN,NaN,10000,5000,50,NaN,NaN,NaN,NaN,NaN,NaN,NaN,NaN,NaN,NaN,NaN,NaN,NaN,NaN,NaN,NaN,0,EXCLUDED:no_registered_steady_phase;early_termination;stress_test_secondary_only
B02_500rpm_negid_48V,B02_500rpm_negid_48V__steady,SECONDARY_STRESS,14,1400,NaN,NaN,10000,5000,50,NaN,NaN,NaN,NaN,NaN,NaN,NaN,NaN,NaN,NaN,NaN,NaN,NaN,NaN,NaN,NaN,0,EXCLUDED:no_registered_steady_phase;early_termination;stress_test_secondary_only
B02_500rpm_negid_48V,B02_500rpm_negid_48V__steady,SECONDARY_STRESS,15,1500,NaN,NaN,10000,5000,50,NaN,NaN,NaN,NaN,NaN,NaN,NaN,NaN,NaN,NaN,NaN,NaN,NaN,NaN,NaN,NaN,0,EXCLUDED:no_registered_steady_phase;early_termination;stress_test_secondary_only
B02_500rpm_negid_48V,B02_500rpm_negid_48V__steady,SECONDARY_STRESS,16,1600,NaN,NaN,10000,5000,50,NaN,NaN,NaN,NaN,NaN,NaN,NaN,NaN,NaN,NaN,NaN,NaN,NaN,NaN,NaN,NaN,0,EXCLUDED:no_registered_steady_phase;early_termination;stress_test_secondary_only
B02_500rpm_negid_48V,B02_500rpm_negid_48V__steady,SECONDARY_STRESS,17,1700,NaN,NaN,10000,5000,50,NaN,NaN,NaN,NaN,NaN,NaN,NaN,NaN,NaN,NaN,NaN,NaN,NaN,NaN,NaN,NaN,0,EXCLUDED:no_registered_steady_phase;early_termination;stress_test_secondary_only
B02_500rpm_negid_48V,B02_500rpm_negid_48V__steady,SECONDARY_STRESS,18,1800,NaN,NaN,10000,5000,50,NaN,NaN,NaN,NaN,NaN,NaN,NaN,NaN,NaN,NaN,NaN,NaN,NaN,NaN,NaN,NaN,0,EXCLUDED:no_registered_steady_phase;early_termination;stress_test_secondary_only
B02_500rpm_negid_48V,B02_500rpm_negid_48V__steady,SECONDARY_STRESS,19,1900,NaN,NaN,10000,5000,50,NaN,NaN,NaN,NaN,NaN,NaN,NaN,NaN,NaN,NaN,NaN,NaN,NaN,NaN,NaN,NaN,0,EXCLUDED:no_registered_steady_phase;early_termination;stress_test_secondary_only
B02_500rpm_negid_48V,B02_500rpm_negid_48V__steady,SECONDARY_STRESS,20,2000,NaN,NaN,10000,5000,50,NaN,NaN,NaN,NaN,NaN,NaN,NaN,NaN,NaN,NaN,NaN,NaN,NaN,NaN,NaN,NaN,0,EXCLUDED:no_registered_steady_phase;early_termination;stress_test_secondary_only
