upstream_project,upstream_root,relative_path,size_bytes,last_write_time,sha256
ipmsm_probe,C:\Users\catkin\Documents\baseline_zhou\zhou_icf_mpc_ipmsm_probe_iter01,CHANGELOG_IPMSM.md,7381,2026-07-12T20:58:43.000,5ca6da4e16ff5d1d05755710261fb0c43a4d6da77e3517f8bc7965ae5adac7d3
ipmsm_probe,C:\Users\catkin\Documents\baseline_zhou\zhou_icf_mpc_ipmsm_probe_iter01,FINAL_IPMSM_PROBE_REPORT.md,3010,2026-07-12T21:15:20.000,784f992a37c792d02ecfbb39f82ca09092263487f3a9967d1c5ea0430093d745
ipmsm_probe,C:\Users\catkin\Documents\baseline_zhou\zhou_icf_mpc_ipmsm_probe_iter01,README.md,2514,2026-07-12T20:56:58.000,d62bea57b4d83a6d60cfeb191009d7aa36c1e38e2228cdcbedbac09ae1a02325
ipmsm_probe,C:\Users\catkin\Documents\baseline_zhou\zhou_icf_mpc_ipmsm_probe_iter01,SOURCE_MANIFEST.sha256,7296,2026-07-12T21:15:20.000,e0792a9841713dc559bc813e9cdde6e3be5376dd99ff55c33558c660d8c720bd
ipmsm_probe,C:\Users\catkin\Documents\baseline_zhou\zhou_icf_mpc_ipmsm_probe_iter01,config\acceptance_thresholds.m,554,2026-07-12T16:16:21.000,c6bab5aa1476ec5b15973deeb191b3a43845e81b125b0855f5041d6873a62ff8
ipmsm_probe,C:\Users\catkin\Documents\baseline_zhou\zhou_icf_mpc_ipmsm_probe_iter01,config\base_parameters.m,463,2026-07-12T20:55:36.000,86feb34250f21d4756d133ade3f62033febfa96a540dfb1a02391d0aa2bb1d01
ipmsm_probe,C:\Users\catkin\Documents\baseline_zhou\zhou_icf_mpc_ipmsm_probe_iter01,config\experiment_definitions.m,319,2026-07-12T20:55:56.000,8a243fe8e9fc6e0a022f83b283a895c18209c20ffb46b2d27a740d399b2e53e2
ipmsm_probe,C:\Users\catkin\Documents\baseline_zhou\zhou_icf_mpc_ipmsm_probe_iter01,config\implementation_assumptions.m,444,2026-07-12T20:55:56.000,5d311689d7ca99ed8332df1f014bd874407ed19b5253357dc802dd2f39965961
ipmsm_probe,C:\Users\catkin\Documents\baseline_zhou\zhou_icf_mpc_ipmsm_probe_iter01,config\ipmsm_parameters.m,258,2026-07-12T20:55:56.000,48fde7d4313f467c8e7b0c71a849fd3370a61d89c2006dcba5f2d9221e41407c
ipmsm_probe,C:\Users\catkin\Documents\baseline_zhou\zhou_icf_mpc_ipmsm_probe_iter01,diagnostics\frame_patch_inheritance_audit.md,1007,2026-07-12T20:57:57.000,89b6765136170731111bed303732f4615e3191e702f7a543adee66cd393ff768
ipmsm_probe,C:\Users\catkin\Documents\baseline_zhou\zhou_icf_mpc_ipmsm_probe_iter01,diagnostics\migration_code_audit.md,1079,2026-07-12T20:57:57.000,52465df2623bf46967f745ee67125de35dd225e1f0d441921a75eac14d919e05
ipmsm_probe,C:\Users\catkin\Documents\baseline_zhou\zhou_icf_mpc_ipmsm_probe_iter01,diagnostics\path_isolation_audit.md,152521,2026-07-12T21:15:07.000,edb999dbba5588dda4e5b118b6605268b2cae8d7c769cf7efc14b208dbb14159
ipmsm_probe,C:\Users\catkin\Documents\baseline_zhou\zhou_icf_mpc_ipmsm_probe_iter01,diagnostics\regression_failure_diagnosis.md,895,2026-07-12T20:57:57.000,ee26994e584ae5c4d21bc898688c432e4219c3014c86e8d56f2a7508b1c97f42
ipmsm_probe,C:\Users\catkin\Documents\baseline_zhou\zhou_icf_mpc_ipmsm_probe_iter01,diagnostics\runtime_errors\20260712_153430_044_ipmsm_probe.txt,879,2026-07-12T15:34:37.000,d62bbc1958e6986467663050397ea2457d1f94d79ba964238a0090a9bec2a324
ipmsm_probe,C:\Users\catkin\Documents\baseline_zhou\zhou_icf_mpc_ipmsm_probe_iter01,docs\assumptions_and_limitations.md,1139,2026-07-12T20:56:58.000,9efbd0770545143bc387166fe1818f6068a851302cf23cb36ed763912c6c51ef
ipmsm_probe,C:\Users\catkin\Documents\baseline_zhou\zhou_icf_mpc_ipmsm_probe_iter01,docs\iter11_inheritance_mapping.md,4918,2026-07-12T20:57:32.000,0afac57bcbdedabdc06dc7b4a13cb9fea58486c90856ae6b506494b9b8fd0c69
ipmsm_probe,C:\Users\catkin\Documents\baseline_zhou\zhou_icf_mpc_ipmsm_probe_iter01,docs\migration_plan.md,1087,2026-07-12T20:56:58.000,381136c47649e24a1d7e4c7f1a7d3da8b097391622f51d8fd0da97b5b11c63e1
ipmsm_probe,C:\Users\catkin\Documents\baseline_zhou\zhou_icf_mpc_ipmsm_probe_iter01,docs\model_equation_mapping.md,973,2026-07-12T20:56:58.000,cb496d9820fb03424873036e2ab5df5f802a180772ca86898ee75ccd861dd2b2
ipmsm_probe,C:\Users\catkin\Documents\baseline_zhou\zhou_icf_mpc_ipmsm_probe_iter01,docs\parameter_sources.md,1160,2026-07-12T20:56:58.000,7987662bedd086beefaa643595d1feb1d89a18ed3a3473d25b7853e66ad561a6
ipmsm_probe,C:\Users\catkin\Documents\baseline_zhou\zhou_icf_mpc_ipmsm_probe_iter01,docs\project_structure.md,851,2026-07-12T20:56:58.000,156ac722c481edeabfb5461a46fcc47ee75af0a584fe596033a85e933d5a03f4
ipmsm_probe,C:\Users\catkin\Documents\baseline_zhou\zhou_icf_mpc_ipmsm_probe_iter01,docs\test_and_acceptance_plan.md,1302,2026-07-12T20:56:58.000,bd199a42554e6fa2c3065124e4ab50578b68007b50c6afe06bab8855d8f838b4
ipmsm_probe,C:\Users\catkin\Documents\baseline_zhou\zhou_icf_mpc_ipmsm_probe_iter01,experiments\experiment_P0_degenerate_regression.m,3109,2026-07-12T20:55:36.000,efd2424ca7651d9c04c08545226a480f00446d3310db8f7a18b927af1011e790
ipmsm_probe,C:\Users\catkin\Documents\baseline_zhou\zhou_icf_mpc_ipmsm_probe_iter01,experiments\experiment_P1_saliency_probe.m,1540,2026-07-12T20:50:28.000,21301b7285f63d03823107caba1ef07e8e27c2940f4ad6a5922c1d685d001f05
ipmsm_probe,C:\Users\catkin\Documents\baseline_zhou\zhou_icf_mpc_ipmsm_probe_iter01,experiments\experiment_alpha_mode_comparison.m,2771,2026-07-12T21:07:05.000,b4c331d026931c7805ac75a14eb047fe1715c3426c69dab48c99652b278fe813
ipmsm_probe,C:\Users\catkin\Documents\baseline_zhou\zhou_icf_mpc_ipmsm_probe_iter01,experiments\experiment_negative_id_sweep.m,2676,2026-07-12T20:59:24.000,80d3613a29f4cca98018730d71eed26f80a5faf0dd480e088e31e744e967c8e8
ipmsm_probe,C:\Users\catkin\Documents\baseline_zhou\zhou_icf_mpc_ipmsm_probe_iter01,initialize_project.m,3737,2026-07-12T21:07:05.000,ecbe5361cbb4556b5bb2cf4b50376187807d64fb1e5acfb8d6c79959614eccc6
ipmsm_probe,C:\Users\catkin\Documents\baseline_zhou\zhou_icf_mpc_ipmsm_probe_iter01,logs\matlab_execution_log.txt,3546,2026-07-12T21:15:20.000,1f1931f7bd3dc375e19f696dc4aceed507175250d384379e2f2a9d8e9b9311c2
ipmsm_probe,C:\Users\catkin\Documents\baseline_zhou\zhou_icf_mpc_ipmsm_probe_iter01,logs\run_ledger.csv,392,2026-07-12T21:15:20.000,a401fc3cb2aac443f8e1931fcccc423205c7960b2021c8e1548224fbc5276195
ipmsm_probe,C:\Users\catkin\Documents\baseline_zhou\zhou_icf_mpc_ipmsm_probe_iter01,logs\unit_test_log.txt,1054,2026-07-12T21:15:11.000,b5a6556832a343ad2c1dd09388754be466642e4a33a563af1d9c0fb4402d690f
ipmsm_probe,C:\Users\catkin\Documents\baseline_zhou\zhou_icf_mpc_ipmsm_probe_iter01,plots\alpha_comparison\20260712_155604_970_ipmsm_probe\trace.png,51315,2026-07-12T15:56:15.000,f510c7b7ccce632850067f4e5c4a67f04d3d8ebd1e3b6675fb9a581209f0b294
ipmsm_probe,C:\Users\catkin\Documents\baseline_zhou\zhou_icf_mpc_ipmsm_probe_iter01,plots\alpha_comparison\20260712_210214_171_ipmsm_probe\alpha_mode_comparison.png,38959,2026-07-12T21:02:36.000,e8b21be0b0e159725720a31178ab5e7ac8b7f69608d87551909a4f7d6d71f390
ipmsm_probe,C:\Users\catkin\Documents\baseline_zhou\zhou_icf_mpc_ipmsm_probe_iter01,plots\alpha_comparison\20260712_210805_549_ipmsm_probe\alpha_mode_comparison.png,38582,2026-07-12T21:08:28.000,d32a41745a8cde2536866f175387221fd1dc191f61378368eeaa1ef9aca613a9
ipmsm_probe,C:\Users\catkin\Documents\baseline_zhou\zhou_icf_mpc_ipmsm_probe_iter01,plots\alpha_comparison\20260712_211507_428_ipmsm_probe\alpha_mode_comparison.png,38582,2026-07-12T21:15:18.000,6bc2118b1b400d35bbaaf8a97bb1a47875e536910654c1f84036a4c225566509
ipmsm_probe,C:\Users\catkin\Documents\baseline_zhou\zhou_icf_mpc_ipmsm_probe_iter01,plots\negative_id\20260712_155604_970_ipmsm_probe\trace.png,45915,2026-07-12T15:56:16.000,1bb6c2e5b2d7958010af792241d508d11dd03250f273f447159ecca2f1b2bc0d
ipmsm_probe,C:\Users\catkin\Documents\baseline_zhou\zhou_icf_mpc_ipmsm_probe_iter01,plots\negative_id\20260712_210214_171_ipmsm_probe\negative_id_sweep.png,45784,2026-07-12T21:02:39.000,45e8cdc29ac8a8f86f5e92b5d9b4b717a1e99d381dd281dc826e4b45dfbdfd83
ipmsm_probe,C:\Users\catkin\Documents\baseline_zhou\zhou_icf_mpc_ipmsm_probe_iter01,plots\negative_id\20260712_210805_549_ipmsm_probe\negative_id_sweep.png,45784,2026-07-12T21:08:30.000,6161f6521583801dcb2dc20615c9412d48fbf3fd9367a54feba1ba51af66cd50
ipmsm_probe,C:\Users\catkin\Documents\baseline_zhou\zhou_icf_mpc_ipmsm_probe_iter01,plots\negative_id\20260712_211507_428_ipmsm_probe\negative_id_sweep.png,45789,2026-07-12T21:15:20.000,742a818c20a007b0fa818a1763e58edb68b02f361779bc6a95113d654a739710
ipmsm_probe,C:\Users\catkin\Documents\baseline_zhou\zhou_icf_mpc_ipmsm_probe_iter01,plots\regression\20260712_155419_954_ipmsm_probe\trace.png,48880,2026-07-12T15:54:28.000,c24bbb5354884e9406e2562ba78599affef61c08d83965b9805e2180348e1983
ipmsm_probe,C:\Users\catkin\Documents\baseline_zhou\zhou_icf_mpc_ipmsm_probe_iter01,plots\regression\20260712_155604_970_ipmsm_probe\trace.png,48880,2026-07-12T15:56:13.000,58cb187cc2188aba8efd451761d707bf9dd5c1791fd64bd2d7eafba5d724f505
ipmsm_probe,C:\Users\catkin\Documents\baseline_zhou\zhou_icf_mpc_ipmsm_probe_iter01,plots\regression\20260712_210214_171_ipmsm_probe\trace.png,76089,2026-07-12T21:02:30.000,197d9d824aa8cb0f3743c7cbd15ab98258692c1009b713a5d4b7fd3e3f6477ab
ipmsm_probe,C:\Users\catkin\Documents\baseline_zhou\zhou_icf_mpc_ipmsm_probe_iter01,plots\regression\20260712_210805_549_ipmsm_probe\trace.png,76089,2026-07-12T21:08:21.000,d1d5f3aa8099aa7df3a64b99dff33675d4d1991d09f413fa35e18fdde241b2fd
ipmsm_probe,C:\Users\catkin\Documents\baseline_zhou\zhou_icf_mpc_ipmsm_probe_iter01,plots\regression\20260712_211507_428_ipmsm_probe\trace.png,76129,2026-07-12T21:15:15.000,d33475dcded15c533fd23650570e410e08d16389065ed67ed546f11b8fe06c34
ipmsm_probe,C:\Users\catkin\Documents\baseline_zhou\zhou_icf_mpc_ipmsm_probe_iter01,plots\saliency\20260712_155604_970_ipmsm_probe\trace.png,46148,2026-07-12T15:56:14.000,418aecd4ae8604bfcc083436210bfbb880963652d320237d82231600e9384718
ipmsm_probe,C:\Users\catkin\Documents\baseline_zhou\zhou_icf_mpc_ipmsm_probe_iter01,plots\saliency\20260712_210214_171_ipmsm_probe\trace.png,85200,2026-07-12T21:02:33.000,7c9821d062c44aaea5f16d0d73911b44d13e77d563efe6b058d3930a3e374fd0
ipmsm_probe,C:\Users\catkin\Documents\baseline_zhou\zhou_icf_mpc_ipmsm_probe_iter01,plots\saliency\20260712_210805_549_ipmsm_probe\trace.png,85200,2026-07-12T21:08:24.000,07764ccdebc3147dc834164e95a37736df3627b44175c323a5a8b6e8a2845bf7
ipmsm_probe,C:\Users\catkin\Documents\baseline_zhou\zhou_icf_mpc_ipmsm_probe_iter01,plots\saliency\20260712_211507_428_ipmsm_probe\trace.png,85248,2026-07-12T21:15:17.000,f6e0fb85963a9302d20b07cf0d6252cf58533e9e1d799a811b4e2f0675ad6bb8
ipmsm_probe,C:\Users\catkin\Documents\baseline_zhou\zhou_icf_mpc_ipmsm_probe_iter01,reference\iter11_regression_targets.csv,472,2026-07-12T16:08:47.000,e3e3cc58200d06f58971c5fae116ae267dbe9d5a652a6b370de339b152906562
ipmsm_probe,C:\Users\catkin\Documents\baseline_zhou\zhou_icf_mpc_ipmsm_probe_iter01,reference\iter11_source_manifest.sha256,5764,2026-07-12T15:34:10.000,bbef10d8fe9ef759e995dd49a7002e4f0fc43a288c8d16a7de96032fdcec2a14
ipmsm_probe,C:\Users\catkin\Documents\baseline_zhou\zhou_icf_mpc_ipmsm_probe_iter01,reference\source_paper\zhou_2025_icf_mpc.pdf,2486013,2026-07-08T17:43:45.000,cdce796661012e0b682b8d9a98f6f36fa7eef6a5093be1415eece5b56187b04c
ipmsm_probe,C:\Users\catkin\Documents\baseline_zhou\zhou_icf_mpc_ipmsm_probe_iter01,results\alpha_comparison\20260712_155604_970_ipmsm_probe\config_snapshot\configuration.mat,958,2026-07-12T15:56:14.000,6d826319de71ee9ecf72a3c70cb31227bc480b9b3d37f899dfa63556325dd835
ipmsm_probe,C:\Users\catkin\Documents\baseline_zhou\zhou_icf_mpc_ipmsm_probe_iter01,results\alpha_comparison\20260712_155604_970_ipmsm_probe\metrics.csv,297,2026-07-12T15:56:15.000,834b34fb75b602e1489cdb64392f337fcd7b2f9c4f54d88b37efd9350fecf31f
ipmsm_probe,C:\Users\catkin\Documents\baseline_zhou\zhou_icf_mpc_ipmsm_probe_iter01,results\alpha_comparison\20260712_210214_171_ipmsm_probe\config_snapshot\configuration.mat,1116,2026-07-12T21:02:34.000,87e3caf4ca4243e54028e4fc949b42eec3eec4d5ff99304aa7d63b592c050c49
ipmsm_probe,C:\Users\catkin\Documents\baseline_zhou\zhou_icf_mpc_ipmsm_probe_iter01,results\alpha_comparison\20260712_210214_171_ipmsm_probe\metrics.csv,930,2026-07-12T21:02:34.000,a181be3b00ba9fe553461d5f00e68ba755e9c8ba733106099ef2274106f0ba59
ipmsm_probe,C:\Users\catkin\Documents\baseline_zhou\zhou_icf_mpc_ipmsm_probe_iter01,results\alpha_comparison\20260712_210805_549_ipmsm_probe\config_snapshot\configuration.mat,1116,2026-07-12T21:08:25.000,3c59f4d842b065e8bbb6b4199758a813a0ad0f38de90050e9618f15ce01428c3
ipmsm_probe,C:\Users\catkin\Documents\baseline_zhou\zhou_icf_mpc_ipmsm_probe_iter01,results\alpha_comparison\20260712_210805_549_ipmsm_probe\metrics.csv,930,2026-07-12T21:08:25.000,a181be3b00ba9fe553461d5f00e68ba755e9c8ba733106099ef2274106f0ba59
ipmsm_probe,C:\Users\catkin\Documents\baseline_zhou\zhou_icf_mpc_ipmsm_probe_iter01,results\alpha_comparison\20260712_211507_428_ipmsm_probe\config_snapshot\configuration.mat,1116,2026-07-12T21:15:17.000,3633a3c821fec913eb6fb5c26ccbfd5c65597548997345af92db12187f879d8c
ipmsm_probe,C:\Users\catkin\Documents\baseline_zhou\zhou_icf_mpc_ipmsm_probe_iter01,results\alpha_comparison\20260712_211507_428_ipmsm_probe\metrics.csv,930,2026-07-12T21:15:17.000,a181be3b00ba9fe553461d5f00e68ba755e9c8ba733106099ef2274106f0ba59
ipmsm_probe,C:\Users\catkin\Documents\baseline_zhou\zhou_icf_mpc_ipmsm_probe_iter01,results\negative_id\20260712_155604_970_ipmsm_probe\config_snapshot\configuration.mat,963,2026-07-12T15:56:16.000,6d480bb3e8ffdeaab4ea67e98ce78bf5f4b4428c6c126eb1a55221386a559b4e
ipmsm_probe,C:\Users\catkin\Documents\baseline_zhou\zhou_icf_mpc_ipmsm_probe_iter01,results\negative_id\20260712_155604_970_ipmsm_probe\metrics.csv,444,2026-07-12T15:56:16.000,007abae226da7ec9ba3bac8494ccfc783ca6238c803232737541762ac350c280
ipmsm_probe,C:\Users\catkin\Documents\baseline_zhou\zhou_icf_mpc_ipmsm_probe_iter01,results\negative_id\20260712_210214_171_ipmsm_probe\config_snapshot\configuration.mat,1128,2026-07-12T21:02:38.000,8bbc84dcbba6a092e6494800b30b54f7868837d7e869927cdd055c9b6cf87ba1
ipmsm_probe,C:\Users\catkin\Documents\baseline_zhou\zhou_icf_mpc_ipmsm_probe_iter01,results\negative_id\20260712_210214_171_ipmsm_probe\metrics.csv,1331,2026-07-12T21:02:38.000,20ac6ae0bdc700a90c6dec37b69e658659c918515d315193599bf9df5c2ceb0c
ipmsm_probe,C:\Users\catkin\Documents\baseline_zhou\zhou_icf_mpc_ipmsm_probe_iter01,results\negative_id\20260712_210805_549_ipmsm_probe\config_snapshot\configuration.mat,1128,2026-07-12T21:08:29.000,7538bb3b8d197bc6c3ef90bf2d892d795b47cda36ef42fb04680a8398253468f
ipmsm_probe,C:\Users\catkin\Documents\baseline_zhou\zhou_icf_mpc_ipmsm_probe_iter01,results\negative_id\20260712_210805_549_ipmsm_probe\metrics.csv,1331,2026-07-12T21:08:29.000,20ac6ae0bdc700a90c6dec37b69e658659c918515d315193599bf9df5c2ceb0c
ipmsm_probe,C:\Users\catkin\Documents\baseline_zhou\zhou_icf_mpc_ipmsm_probe_iter01,results\negative_id\20260712_211507_428_ipmsm_probe\config_snapshot\configuration.mat,1128,2026-07-12T21:15:19.000,9e98218286fe3d6fd815ed7ac8d209fb7a38b03442b7b9040e64ae18cf0eb768
ipmsm_probe,C:\Users\catkin\Documents\baseline_zhou\zhou_icf_mpc_ipmsm_probe_iter01,results\negative_id\20260712_211507_428_ipmsm_probe\metrics.csv,1331,2026-07-12T21:15:19.000,20ac6ae0bdc700a90c6dec37b69e658659c918515d315193599bf9df5c2ceb0c
ipmsm_probe,C:\Users\catkin\Documents\baseline_zhou\zhou_icf_mpc_ipmsm_probe_iter01,results\regression\20260712_155419_954_ipmsm_probe\config_snapshot\configuration.mat,956,2026-07-12T15:54:24.000,85fcf311337aef05d3907f00b9287d586ae3aaf261553065d8be13e707a5ae8e
ipmsm_probe,C:\Users\catkin\Documents\baseline_zhou\zhou_icf_mpc_ipmsm_probe_iter01,results\regression\20260712_155419_954_ipmsm_probe\metrics.csv,190,2026-07-12T15:54:24.000,4b19a7d20470980e1b26d8bda158d6ae901d4e724ad333ebfb14c33af7d600de
ipmsm_probe,C:\Users\catkin\Documents\baseline_zhou\zhou_icf_mpc_ipmsm_probe_iter01,results\regression\20260712_155604_970_ipmsm_probe\config_snapshot\configuration.mat,956,2026-07-12T15:56:09.000,e740f0a787c63ff4e2d098c11de4f8796e54f246fcf9f840915e14c6101d4a4e
ipmsm_probe,C:\Users\catkin\Documents\baseline_zhou\zhou_icf_mpc_ipmsm_probe_iter01,results\regression\20260712_155604_970_ipmsm_probe\metrics.csv,189,2026-07-12T15:56:09.000,b343e41d56c79ccb6fa03d5c920cc7eb28cbe4f1e50a0df6f9bd7816f4656a97
ipmsm_probe,C:\Users\catkin\Documents\baseline_zhou\zhou_icf_mpc_ipmsm_probe_iter01,results\regression\20260712_210214_171_ipmsm_probe\config_snapshot\configuration.mat,1108,2026-07-12T21:02:24.000,c4d6cae4c88c8801b704cbcfe09cee200f4dd95b69a056b656b1271cb26d1950
ipmsm_probe,C:\Users\catkin\Documents\baseline_zhou\zhou_icf_mpc_ipmsm_probe_iter01,results\regression\20260712_210214_171_ipmsm_probe\metrics.csv,774,2026-07-12T21:02:24.000,68330168f51609bd9737a213c512664cddb3055b0bd06f834b6db69161a81d9a
ipmsm_probe,C:\Users\catkin\Documents\baseline_zhou\zhou_icf_mpc_ipmsm_probe_iter01,results\regression\20260712_210805_549_ipmsm_probe\config_snapshot\configuration.mat,1108,2026-07-12T21:08:15.000,14a2d7219793a5d0e57d2cb4ec749f7373527eadaacde977828fa5f53c3cf5ae
ipmsm_probe,C:\Users\catkin\Documents\baseline_zhou\zhou_icf_mpc_ipmsm_probe_iter01,results\regression\20260712_210805_549_ipmsm_probe\metrics.csv,774,2026-07-12T21:08:15.000,68330168f51609bd9737a213c512664cddb3055b0bd06f834b6db69161a81d9a
ipmsm_probe,C:\Users\catkin\Documents\baseline_zhou\zhou_icf_mpc_ipmsm_probe_iter01,results\regression\20260712_211507_428_ipmsm_probe\config_snapshot\configuration.mat,1108,2026-07-12T21:15:12.000,68391c4f960e699962fee913fd0d32de229d922d010155d5d1483de3467b94d7
ipmsm_probe,C:\Users\catkin\Documents\baseline_zhou\zhou_icf_mpc_ipmsm_probe_iter01,results\regression\20260712_211507_428_ipmsm_probe\metrics.csv,774,2026-07-12T21:15:12.000,68330168f51609bd9737a213c512664cddb3055b0bd06f834b6db69161a81d9a
ipmsm_probe,C:\Users\catkin\Documents\baseline_zhou\zhou_icf_mpc_ipmsm_probe_iter01,results\saliency\20260712_155604_970_ipmsm_probe\config_snapshot\configuration.mat,957,2026-07-12T15:56:13.000,1889ea90cd9a1d656948c38dd812b121335f5076b5df0809e1df0aafc8a11c21
ipmsm_probe,C:\Users\catkin\Documents\baseline_zhou\zhou_icf_mpc_ipmsm_probe_iter01,results\saliency\20260712_155604_970_ipmsm_probe\metrics.csv,189,2026-07-12T15:56:13.000,4a44a36e741be280b8926b3330c7ad50bb855bffe12c99ca788a5029ac34f821
ipmsm_probe,C:\Users\catkin\Documents\baseline_zhou\zhou_icf_mpc_ipmsm_probe_iter01,results\saliency\20260712_210214_171_ipmsm_probe\config_snapshot\configuration.mat,1110,2026-07-12T21:02:31.000,22c837525bb82a820e84937ce508549d74841a15ba50652f56294fec57d57c89
ipmsm_probe,C:\Users\catkin\Documents\baseline_zhou\zhou_icf_mpc_ipmsm_probe_iter01,results\saliency\20260712_210214_171_ipmsm_probe\metrics.csv,685,2026-07-12T21:02:31.000,3876d6033a7170abdbe18f352351d53225048da73559c726e48ded21bf69b56b
ipmsm_probe,C:\Users\catkin\Documents\baseline_zhou\zhou_icf_mpc_ipmsm_probe_iter01,results\saliency\20260712_210805_549_ipmsm_probe\config_snapshot\configuration.mat,1110,2026-07-12T21:08:23.000,e64d45a92a5dc8a25fe2d4da61fbdd11ad8e107538ef20644da9076e6ddc567d
ipmsm_probe,C:\Users\catkin\Documents\baseline_zhou\zhou_icf_mpc_ipmsm_probe_iter01,results\saliency\20260712_210805_549_ipmsm_probe\metrics.csv,685,2026-07-12T21:08:23.000,3876d6033a7170abdbe18f352351d53225048da73559c726e48ded21bf69b56b
ipmsm_probe,C:\Users\catkin\Documents\baseline_zhou\zhou_icf_mpc_ipmsm_probe_iter01,results\saliency\20260712_211507_428_ipmsm_probe\config_snapshot\configuration.mat,1110,2026-07-12T21:15:16.000,065a1d40e771f47c3d9ac6aeb6df8e45f323e32c196bf478eada3018228192b8
ipmsm_probe,C:\Users\catkin\Documents\baseline_zhou\zhou_icf_mpc_ipmsm_probe_iter01,results\saliency\20260712_211507_428_ipmsm_probe\metrics.csv,685,2026-07-12T21:15:16.000,3876d6033a7170abdbe18f352351d53225048da73559c726e48ded21bf69b56b
ipmsm_probe,C:\Users\catkin\Documents\baseline_zhou\zhou_icf_mpc_ipmsm_probe_iter01,results\summary\alpha_mode_comparison.csv,2948,2026-07-12T21:15:17.000,83998f856852e6ce7601861661430b6e62884247544e14b7993b1c3a72749945
ipmsm_probe,C:\Users\catkin\Documents\baseline_zhou\zhou_icf_mpc_ipmsm_probe_iter01,results\summary\ipmsm_probe_summary.csv,1738,2026-07-12T21:15:16.000,f0e4c751eeff903ba29123cc827e967e275f37768e387634e8134c53ed2824a4
ipmsm_probe,C:\Users\catkin\Documents\baseline_zhou\zhou_icf_mpc_ipmsm_probe_iter01,results\summary\negative_id_sweep.csv,5262,2026-07-12T21:15:19.000,c64cbe6dee4f5dc36ab5a63d6e966fd8b7adb780fe4ae3aee82aaab713815f01
ipmsm_probe,C:\Users\catkin\Documents\baseline_zhou\zhou_icf_mpc_ipmsm_probe_iter01,results\summary\regression_summary.csv,2051,2026-07-12T21:15:12.000,dccc4d1271af147c9d738ea2c4edc3cd6895ed448da10de7dd21568b26affaf3
ipmsm_probe,C:\Users\catkin\Documents\baseline_zhou\zhou_icf_mpc_ipmsm_probe_iter01,run_ipmsm_probe.m,7627,2026-07-12T21:00:00.000,931c9ebf05c24c7bf0b94e9f72021df01c9a6cce9afa9365c227d4b1fefc1dad
ipmsm_probe,C:\Users\catkin\Documents\baseline_zhou\zhou_icf_mpc_ipmsm_probe_iter01,src\+zhou_ipmsm\+controller\build_current_reference.m,56,2026-07-12T15:32:21.000,0cdb151cb63c236efa6de3da6b111ea766af53dc2dfaa3ac5e0f94149edff09b
ipmsm_probe,C:\Users\catkin\Documents\baseline_zhou\zhou_icf_mpc_ipmsm_probe_iter01,src\+zhou_ipmsm\+controller\estimate_ultralocal_F.m,116,2026-07-12T15:32:21.000,52979e7449c4faeaf5c84c50a193e3411898a2fca95be1e2746b0bad186da657
ipmsm_probe,C:\Users\catkin\Documents\baseline_zhou\zhou_icf_mpc_ipmsm_probe_iter01,src\+zhou_ipmsm\+controller\icf_mpc_step.m,6301,2026-07-12T16:12:09.000,4268a27c6474d1ecd547db2c815234740957a50712d1e7c39c4def27b6d1a1ac
ipmsm_probe,C:\Users\catkin\Documents\baseline_zhou\zhou_icf_mpc_ipmsm_probe_iter01,src\+zhou_ipmsm\+controller\predict_current.m,70,2026-07-12T15:32:21.000,4392bc8918fc5c5e4d8a11dee3870e837e28e934bf128099eb3f98c1aacb164b
ipmsm_probe,C:\Users\catkin\Documents\baseline_zhou\zhou_icf_mpc_ipmsm_probe_iter01,src\+zhou_ipmsm\+controller\sequence_equivalent_dq_voltage.m,385,2026-07-12T15:32:21.000,002434f10ab7caddd54e18b4d7759c1f200bbb54a918124075e973d52b34b6e1
ipmsm_probe,C:\Users\catkin\Documents\baseline_zhou\zhou_icf_mpc_ipmsm_probe_iter01,src\+zhou_ipmsm\+geometry\build_voltage_rectangle.m,1477,2026-07-12T15:59:54.000,2a66996e754d644437ddd15fb4a91ea04eb88c2f40cf13f8bce04fcec364827a
ipmsm_probe,C:\Users\catkin\Documents\baseline_zhou\zhou_icf_mpc_ipmsm_probe_iter01,src\+zhou_ipmsm\+geometry\calculate_intersections.m,1695,2026-07-12T15:59:54.000,023bb40df2bad3b362d0e641d6a85c5388a49a07488e69dd3a37378208630436
ipmsm_probe,C:\Users\catkin\Documents\baseline_zhou\zhou_icf_mpc_ipmsm_probe_iter01,src\+zhou_ipmsm\+geometry\classify_case.m,969,2026-07-12T15:59:54.000,adca4bb85bae1dad5fe8bdb0a04cb0fb420f7d4daf7baf509f4b860697eff8e3
ipmsm_probe,C:\Users\catkin\Documents\baseline_zhou\zhou_icf_mpc_ipmsm_probe_iter01,src\+zhou_ipmsm\+geometry\validate_candidate_geometry.m,556,2026-07-12T15:59:54.000,75b74af1b672a1b220fb3d8d47e66fb6f62c210af036618e034dc73b64f4b364
ipmsm_probe,C:\Users\catkin\Documents\baseline_zhou\zhou_icf_mpc_ipmsm_probe_iter01,src\+zhou_ipmsm\+inverter\count_switching_actions.m,115,2026-07-12T15:32:21.000,c9c8332d0396272d0919ab8a7e2946ce5b802c4de87d50f122ecddc7a13c45ca
ipmsm_probe,C:\Users\catkin\Documents\baseline_zhou\zhou_icf_mpc_ipmsm_probe_iter01,src\+zhou_ipmsm\+inverter\park.m,67,2026-07-12T15:32:21.000,fb31d6b82b70b8f0ddf1a8b39bcb1193fb1d4ea77cb372ec1f2407eed76da8e5
ipmsm_probe,C:\Users\catkin\Documents\baseline_zhou\zhou_icf_mpc_ipmsm_probe_iter01,src\+zhou_ipmsm\+inverter\switching_state_to_alphabeta.m,107,2026-07-12T15:32:21.000,f4cc978bedb2f8e2b400362f9cde156a0882905bcbed27025591ca4819e5e3c1
ipmsm_probe,C:\Users\catkin\Documents\baseline_zhou\zhou_icf_mpc_ipmsm_probe_iter01,src\+zhou_ipmsm\+inverter\voltage_vectors.m,155,2026-07-12T15:32:21.000,9af4a6e4814038af37e8cab14a015038a4c2b25e5225b9068b7aaa25c3a42d0f
ipmsm_probe,C:\Users\catkin\Documents\baseline_zhou\zhou_icf_mpc_ipmsm_probe_iter01,src\+zhou_ipmsm\+io\append_summary_rows.m,1429,2026-07-12T20:50:28.000,dbf6075d5bf30d9f563f91d0c42cc5a9069a74248219d54a10258364c9565385
ipmsm_probe,C:\Users\catkin\Documents\baseline_zhou\zhou_icf_mpc_ipmsm_probe_iter01,src\+zhou_ipmsm\+io\create_run_directory.m,312,2026-07-12T15:32:21.000,f795241925eb9aaff7938e7d8c9518ec0b171e64daeda91481b1c75b0d0b431e
ipmsm_probe,C:\Users\catkin\Documents\baseline_zhou\zhou_icf_mpc_ipmsm_probe_iter01,src\+zhou_ipmsm\+io\export_trace_plot.m,1055,2026-07-12T20:50:28.000,6f1f270df84592316a7e4afba8b7406998c48f3aee4dbd9da3aa87c16a13cb80
ipmsm_probe,C:\Users\catkin\Documents\baseline_zhou\zhou_icf_mpc_ipmsm_probe_iter01,src\+zhou_ipmsm\+io\generate_source_manifest.m,1607,2026-07-12T16:10:18.000,f0d952b71c43bf6183776d69e31f2a6621e1be475d5b27628e4c1dc82535cece
ipmsm_probe,C:\Users\catkin\Documents\baseline_zhou\zhou_icf_mpc_ipmsm_probe_iter01,src\+zhou_ipmsm\+io\save_configuration_snapshot.m,92,2026-07-12T15:32:21.000,bef1756e377059179d9c0380c0d7d0873756a10121663672d8a9ee8c47b07cea
ipmsm_probe,C:\Users\catkin\Documents\baseline_zhou\zhou_icf_mpc_ipmsm_probe_iter01,src\+zhou_ipmsm\+io\save_experiment_result.m,763,2026-07-12T20:50:28.000,dc4debc76dfc9c9bc2223d352a82a30c668ee289b9498a1c55f7fb35d74e463e
ipmsm_probe,C:\Users\catkin\Documents\baseline_zhou\zhou_icf_mpc_ipmsm_probe_iter01,src\+zhou_ipmsm\+io\write_result_table.m,2200,2026-07-12T21:00:59.000,a86420e0697bf282476995b7fc30d39edb110332987e07c0deb9cb460c01745d
ipmsm_probe,C:\Users\catkin\Documents\baseline_zhou\zhou_icf_mpc_ipmsm_probe_iter01,src\+zhou_ipmsm\+metrics\calculate_constraint_metrics.m,132,2026-07-12T15:32:21.000,7da74fbad61ada3620988f4d1427c28b1abc2c0d4ad505992e0f73b4cb2c0a43
ipmsm_probe,C:\Users\catkin\Documents\baseline_zhou\zhou_icf_mpc_ipmsm_probe_iter01,src\+zhou_ipmsm\+metrics\calculate_switching_metrics.m,107,2026-07-12T15:32:21.000,2cb4aaa7b8535233f3360130b87af9b55dd8cd1e35eef7f77d4b62fbc9a15d47
ipmsm_probe,C:\Users\catkin\Documents\baseline_zhou\zhou_icf_mpc_ipmsm_probe_iter01,src\+zhou_ipmsm\+metrics\calculate_thd.m,620,2026-07-12T16:13:12.000,37de467c19eacc983a5c14ebb580981373792fd5c31c5a8aa0e4676400c38b6b
ipmsm_probe,C:\Users\catkin\Documents\baseline_zhou\zhou_icf_mpc_ipmsm_probe_iter01,src\+zhou_ipmsm\+metrics\calculate_tracking_metrics.m,142,2026-07-12T15:32:21.000,0cf9597cb76d2ac5165e83d27ddad810bc4133afaa8c59983a5253e67944298e
ipmsm_probe,C:\Users\catkin\Documents\baseline_zhou\zhou_icf_mpc_ipmsm_probe_iter01,src\+zhou_ipmsm\+model\calculate_ipmsm_torque.m,207,2026-07-12T15:53:47.000,ee1c4253d6a58c2c17acba87e283721bb55f0e1f387383d93ce4ddd16ffa6787
ipmsm_probe,C:\Users\catkin\Documents\baseline_zhou\zhou_icf_mpc_ipmsm_probe_iter01,src\+zhou_ipmsm\+model\calculate_torque_components.m,169,2026-07-12T15:32:21.000,0d7d2688dbfe2ce152691f174f26a474e3ca32e19b6d5e4b854a290732bf1904
ipmsm_probe,C:\Users\catkin\Documents\baseline_zhou\zhou_icf_mpc_ipmsm_probe_iter01,src\+zhou_ipmsm\+model\integrate_ipmsm_sequence_rk4.m,1487,2026-07-12T16:13:54.000,13cb451ef7b457d74babeb28515e75d8d214e67492864ac271daa84d739a3a51
ipmsm_probe,C:\Users\catkin\Documents\baseline_zhou\zhou_icf_mpc_ipmsm_probe_iter01,src\+zhou_ipmsm\+model\ipmsm_dq_dynamics.m,145,2026-07-12T15:32:21.000,4adcc6adce1067a8e8501a54800ad86fb5184b2db5b68856eafdeda3b74b70c5
ipmsm_probe,C:\Users\catkin\Documents\baseline_zhou\zhou_icf_mpc_ipmsm_probe_iter01,src\+zhou_ipmsm\+modulation\calculate_durations.m,63,2026-07-12T15:32:21.000,86416479812b1a8271949edea4cd55a30a1815edff8838cab6b6a21347b34de4
ipmsm_probe,C:\Users\catkin\Documents\baseline_zhou\zhou_icf_mpc_ipmsm_probe_iter01,src\+zhou_ipmsm\+modulation\generate_case_sequence.m,4504,2026-07-12T20:51:04.000,44a74b73e66d05a4981fc868476d4d358c8c4a8a5be705c8a784545e57b26de4
ipmsm_probe,C:\Users\catkin\Documents\baseline_zhou\zhou_icf_mpc_ipmsm_probe_iter01,src\+zhou_ipmsm\+modulation\validate_durations.m,108,2026-07-12T15:32:21.000,72093520c876bdf016277f655d21fafaa35edd641e8cec1a0c17c54df98f6b44
ipmsm_probe,C:\Users\catkin\Documents\baseline_zhou\zhou_icf_mpc_ipmsm_probe_iter01,src\+zhou_ipmsm\+reference\constant_id_reference.m,58,2026-07-12T15:33:08.000,75946a129da49161a9bd9c9cd9577c6860f9a6ea7c6d012c8425d5831b4b24ff
ipmsm_probe,C:\Users\catkin\Documents\baseline_zhou\zhou_icf_mpc_ipmsm_probe_iter01,src\+zhou_ipmsm\+reference\constant_iq_reference.m,58,2026-07-12T15:33:08.000,0e389e458f2a6aa8e13775a9bfb8b2ad86091f13309742b24e2a76b7aa287f7d
ipmsm_probe,C:\Users\catkin\Documents\baseline_zhou\zhou_icf_mpc_ipmsm_probe_iter01,src\+zhou_ipmsm\run_probe_case.m,6700,2026-07-12T20:55:36.000,46b290588c0f60e71f17738a7d5c490739aab4af63fa140bcbebbb40a1c88c2b
ipmsm_probe,C:\Users\catkin\Documents\baseline_zhou\zhou_icf_mpc_ipmsm_probe_iter01,tests\run_unit_tests.m,2087,2026-07-12T20:51:25.000,42d023767f90a1b7d02165ebb296309aa5f33701629d8693125a38fbbd259766
ipmsm_probe,C:\Users\catkin\Documents\baseline_zhou\zhou_icf_mpc_ipmsm_probe_iter01,tests\unit\test_alpha_d_alpha_q_usage.m,972,2026-07-12T20:51:43.000,52f02be3836d1b21e5457f6aa5beb57bebec08c3af2975001496926fff6bad77
ipmsm_probe,C:\Users\catkin\Documents\baseline_zhou\zhou_icf_mpc_ipmsm_probe_iter01,tests\unit\test_frame_angle_patch_preserved.m,2049,2026-07-12T20:52:03.000,0f0a8e12f084f1a952702322ec3d9a68c4aac252834b8ebed19f29c3b79dba47
ipmsm_probe,C:\Users\catkin\Documents\baseline_zhou\zhou_icf_mpc_ipmsm_probe_iter01,tests\unit\test_ipmsm_dq_equation_signs.m,633,2026-07-12T20:53:22.000,68dc5d8bade4608b95d231770acdc0465d84ba2d73341052caf7605fea4d4fee
ipmsm_probe,C:\Users\catkin\Documents\baseline_zhou\zhou_icf_mpc_ipmsm_probe_iter01,tests\unit\test_ipmsm_reduces_to_smpmsm.m,630,2026-07-12T20:53:43.000,04e7be9f8c590fb16dfd3513152cf11120577a5a0d47a080766a14a347e9b1eb
ipmsm_probe,C:\Users\catkin\Documents\baseline_zhou\zhou_icf_mpc_ipmsm_probe_iter01,tests\unit\test_ipmsm_torque_equation.m,759,2026-07-12T20:51:43.000,7d65c7976f630566ddef8c84066ca7892e144039116f4e7f9e6de44f136c7690
ipmsm_probe,C:\Users\catkin\Documents\baseline_zhou\zhou_icf_mpc_ipmsm_probe_iter01,tests\unit\test_no_illegal_command_ipmsm.m,1859,2026-07-12T20:52:59.000,c08e1f3125a82f0e4e916c594f129832b66632ddca602a1b6dfe1deb40f43967
ipmsm_probe,C:\Users\catkin\Documents\baseline_zhou\zhou_icf_mpc_ipmsm_probe_iter01,tests\unit\test_no_negative_duration_ipmsm.m,1361,2026-07-12T20:52:36.000,0709f89206f33d7c07afe32efb0fa2e146b0a1204e77dacc72eabb7314a30a11
ipmsm_probe,C:\Users\catkin\Documents\baseline_zhou\zhou_icf_mpc_ipmsm_probe_iter01,tests\unit\test_nonzero_id_reference_path.m,879,2026-07-12T20:52:19.000,c45883f439704c8e61ceea291ae63cd27e6f17440364b07e6a8cf2ce664de0aa
ipmsm_probe,C:\Users\catkin\Documents\baseline_zhou\zhou_icf_mpc_ipmsm_probe_iter01,tests\unit\test_project_isolation.m,1032,2026-07-12T21:07:05.000,5fbddf08f8c67ab52bfb0f82d9cd01fdd0a787ac957d57b0847eebbc60bec770
jd_jq_audit,C:\Users\catkin\Documents\baseline_zhou\baseline_zhou-main\baseline_zhou-main\zhou_icf_mpc_constraint_audit_v1,README.md,1332,2026-07-15T10:43:56.000,3029cdab50c8d2e57e25e129c463ef689a1386018af9ff7cd917b88e76a2b8a3
jd_jq_audit,C:\Users\catkin\Documents\baseline_zhou\baseline_zhou-main\baseline_zhou-main\zhou_icf_mpc_constraint_audit_v1,config\acceptance_thresholds.m,554,2026-07-12T21:27:11.000,c6bab5aa1476ec5b15973deeb191b3a43845e81b125b0855f5041d6873a62ff8
jd_jq_audit,C:\Users\catkin\Documents\baseline_zhou\baseline_zhou-main\baseline_zhou-main\zhou_icf_mpc_constraint_audit_v1,config\base_parameters.m,463,2026-07-12T21:27:11.000,86feb34250f21d4756d133ade3f62033febfa96a540dfb1a02391d0aa2bb1d01
jd_jq_audit,C:\Users\catkin\Documents\baseline_zhou\baseline_zhou-main\baseline_zhou-main\zhou_icf_mpc_constraint_audit_v1,config\constraint_audit_configuration.m,1922,2026-07-15T10:34:11.000,1e98cd2c0dde2e5c7642593a111fcf72135e9ac614964c7ca73ef3d6012a75a4
jd_jq_audit,C:\Users\catkin\Documents\baseline_zhou\baseline_zhou-main\baseline_zhou-main\zhou_icf_mpc_constraint_audit_v1,config\experiment_definitions.m,319,2026-07-12T21:27:11.000,8a243fe8e9fc6e0a022f83b283a895c18209c20ffb46b2d27a740d399b2e53e2
jd_jq_audit,C:\Users\catkin\Documents\baseline_zhou\baseline_zhou-main\baseline_zhou-main\zhou_icf_mpc_constraint_audit_v1,config\implementation_assumptions.m,444,2026-07-12T21:27:11.000,5d311689d7ca99ed8332df1f014bd874407ed19b5253357dc802dd2f39965961
jd_jq_audit,C:\Users\catkin\Documents\baseline_zhou\baseline_zhou-main\baseline_zhou-main\zhou_icf_mpc_constraint_audit_v1,config\ipmsm_parameters.m,258,2026-07-12T21:27:11.000,48fde7d4313f467c8e7b0c71a849fd3370a61d89c2006dcba5f2d9221e41407c
jd_jq_audit,C:\Users\catkin\Documents\baseline_zhou\baseline_zhou-main\baseline_zhou-main\zhou_icf_mpc_constraint_audit_v1,docs\BASELINE_REGRESSION_REPORT.md,2043,2026-07-15T10:24:03.000,faa4f8837817ca80824252c9ec2cec16467bc04046579fd8e7d1e3b4239b6341
jd_jq_audit,C:\Users\catkin\Documents\baseline_zhou\baseline_zhou-main\baseline_zhou-main\zhou_icf_mpc_constraint_audit_v1,docs\CHANGELOG_CONSTRAINT_AUDIT.md,581,2026-07-15T11:04:32.000,8299d91a32723d9839db4b2a04eadfd121877ca47d61e124632e5acea6ffb512
jd_jq_audit,C:\Users\catkin\Documents\baseline_zhou\baseline_zhou-main\baseline_zhou-main\zhou_icf_mpc_constraint_audit_v1,docs\CONSTRAINT_PROBLEM_EXISTENCE_REPORT.md,7682,2026-07-15T11:04:32.000,555884fbce5b6615f33302d201ae15a6a9a34d34cf73f47329887f700d68d8a8
jd_jq_audit,C:\Users\catkin\Documents\baseline_zhou\baseline_zhou-main\baseline_zhou-main\zhou_icf_mpc_constraint_audit_v1,docs\COPIED_FILE_PROVENANCE.csv,28922,2026-07-15T10:55:57.000,5c4864d5a950c0ae1f643d64ccd1eee54ac464ba0c5b5224572265760a22fec4
jd_jq_audit,C:\Users\catkin\Documents\baseline_zhou\baseline_zhou-main\baseline_zhou-main\zhou_icf_mpc_constraint_audit_v1,docs\OPERATING_RANGE_JUSTIFICATION.md,3053,2026-07-15T11:04:32.000,3fa689b8fdd7d904524ca3b27d2062594f5cc948d675da1ac5be3792e7fb4beb
jd_jq_audit,C:\Users\catkin\Documents\baseline_zhou\baseline_zhou-main\baseline_zhou-main\zhou_icf_mpc_constraint_audit_v1,docs\PATH_CONFLICT_REPORT.md,1522,2026-07-15T11:04:07.000,c5a8d28b32c3a7037a93d0c92df9f708f47fc17dea3a7ea300e39e4c7560d291
jd_jq_audit,C:\Users\catkin\Documents\baseline_zhou\baseline_zhou-main\baseline_zhou-main\zhou_icf_mpc_constraint_audit_v1,docs\RUN_AND_REPRODUCE.md,837,2026-07-15T11:04:32.000,88d1760ed424c49909ebd3f7a2f0c38722dbf78328af9eeca54440df2e551038
jd_jq_audit,C:\Users\catkin\Documents\baseline_zhou\baseline_zhou-main\baseline_zhou-main\zhou_icf_mpc_constraint_audit_v1,docs\SOURCE_FILE_MANIFEST.csv,13937,2026-07-15T10:55:57.000,75101f719ae933b0d52c930f69055dcc59d409470ab96751e970a737142f3114
jd_jq_audit,C:\Users\catkin\Documents\baseline_zhou\baseline_zhou-main\baseline_zhou-main\zhou_icf_mpc_constraint_audit_v1,docs\SOURCE_PROJECT_INVENTORY.md,2457,2026-07-15T10:24:03.000,d1e10ccd90166bb841225ee61de4b5a4f4c73f6ebccaed4170e5c9d580e9c283
jd_jq_audit,C:\Users\catkin\Documents\baseline_zhou\baseline_zhou-main\baseline_zhou-main\zhou_icf_mpc_constraint_audit_v1,docs\SOURCE_SHA256.csv,18955,2026-07-15T10:55:57.000,9152ae11ca3cabbb32e3b0c36a20b028a75ebc1430ed8c8fd3eefeafdf9a773c
jd_jq_audit,C:\Users\catkin\Documents\baseline_zhou\baseline_zhou-main\baseline_zhou-main\zhou_icf_mpc_constraint_audit_v1,docs\THD_VALIDATION_REPORT.md,485,2026-07-15T10:24:03.000,a57eb9991f9005834a606c953a73e9a5078ff3916d45cadbb93b74f79e4fc2bd
jd_jq_audit,C:\Users\catkin\Documents\baseline_zhou\baseline_zhou-main\baseline_zhou-main\zhou_icf_mpc_constraint_audit_v1,docs\UPSTREAM_FREEZE_PHASE23_20260715_104605.csv,330098,2026-07-15T10:55:57.000,4f1ba61d2185eae2f53bfaced89ce9385eaa7a09e6524f81a18c3649f40f04ca
jd_jq_audit,C:\Users\catkin\Documents\baseline_zhou\baseline_zhou-main\baseline_zhou-main\zhou_icf_mpc_constraint_audit_v1,docs\UPSTREAM_FREEZE_VERIFICATION.csv,330098,2026-07-15T10:24:03.000,4f1ba61d2185eae2f53bfaced89ce9385eaa7a09e6524f81a18c3649f40f04ca
jd_jq_audit,C:\Users\catkin\Documents\baseline_zhou\baseline_zhou-main\baseline_zhou-main\zhou_icf_mpc_constraint_audit_v1,docs\runs\20260715_104605\CHANGELOG_CONSTRAINT_AUDIT.md,581,2026-07-15T11:04:32.000,8299d91a32723d9839db4b2a04eadfd121877ca47d61e124632e5acea6ffb512
jd_jq_audit,C:\Users\catkin\Documents\baseline_zhou\baseline_zhou-main\baseline_zhou-main\zhou_icf_mpc_constraint_audit_v1,docs\runs\20260715_104605\CONSTRAINT_PROBLEM_EXISTENCE_REPORT.md,7682,2026-07-15T11:04:32.000,555884fbce5b6615f33302d201ae15a6a9a34d34cf73f47329887f700d68d8a8
jd_jq_audit,C:\Users\catkin\Documents\baseline_zhou\baseline_zhou-main\baseline_zhou-main\zhou_icf_mpc_constraint_audit_v1,docs\runs\20260715_104605\OPERATING_RANGE_JUSTIFICATION.md,3053,2026-07-15T11:04:32.000,3fa689b8fdd7d904524ca3b27d2062594f5cc948d675da1ac5be3792e7fb4beb
jd_jq_audit,C:\Users\catkin\Documents\baseline_zhou\baseline_zhou-main\baseline_zhou-main\zhou_icf_mpc_constraint_audit_v1,docs\runs\20260715_104605\RUN_AND_REPRODUCE.md,837,2026-07-15T11:04:32.000,88d1760ed424c49909ebd3f7a2f0c38722dbf78328af9eeca54440df2e551038
jd_jq_audit,C:\Users\catkin\Documents\baseline_zhou\baseline_zhou-main\baseline_zhou-main\zhou_icf_mpc_constraint_audit_v1,experiments\experiment_P0_degenerate_regression.m,3109,2026-07-12T21:27:11.000,efd2424ca7651d9c04c08545226a480f00446d3310db8f7a18b927af1011e790
jd_jq_audit,C:\Users\catkin\Documents\baseline_zhou\baseline_zhou-main\baseline_zhou-main\zhou_icf_mpc_constraint_audit_v1,experiments\experiment_P1_saliency_probe.m,1540,2026-07-12T21:27:11.000,21301b7285f63d03823107caba1ef07e8e27c2940f4ad6a5922c1d685d001f05
jd_jq_audit,C:\Users\catkin\Documents\baseline_zhou\baseline_zhou-main\baseline_zhou-main\zhou_icf_mpc_constraint_audit_v1,experiments\experiment_alpha_mode_comparison.m,2771,2026-07-12T21:27:11.000,b4c331d026931c7805ac75a14eb047fe1715c3426c69dab48c99652b278fe813
jd_jq_audit,C:\Users\catkin\Documents\baseline_zhou\baseline_zhou-main\baseline_zhou-main\zhou_icf_mpc_constraint_audit_v1,experiments\experiment_negative_id_sweep.m,2676,2026-07-12T21:27:11.000,80d3613a29f4cca98018730d71eed26f80a5faf0dd480e088e31e744e967c8e8
jd_jq_audit,C:\Users\catkin\Documents\baseline_zhou\baseline_zhou-main\baseline_zhou-main\zhou_icf_mpc_constraint_audit_v1,initialize_project.m,2984,2026-07-15T09:59:25.000,87f28ed1d28cf896659b237a385691ec81a4d84ecc5a2e99f812c7d7e80e320d
jd_jq_audit,C:\Users\catkin\Documents\baseline_zhou\baseline_zhou-main\baseline_zhou-main\zhou_icf_mpc_constraint_audit_v1,logs\20260715_101606\configuration_snapshot.json,3419,2026-07-15T10:16:07.000,f471bb69b4ef248e6e04c83cf90f3a2474bc3f865d73440962ea5dc613033c77
jd_jq_audit,C:\Users\catkin\Documents\baseline_zhou\baseline_zhou-main\baseline_zhou-main\zhou_icf_mpc_constraint_audit_v1,logs\20260715_101606\configuration_snapshot.mat,2121,2026-07-15T10:16:07.000,0f26afa1a7741e8a6507c6f258dc63af383221ee26de3f9fc86a58cf2eff171d
jd_jq_audit,C:\Users\catkin\Documents\baseline_zhou\baseline_zhou-main\baseline_zhou-main\zhou_icf_mpc_constraint_audit_v1,logs\20260715_101606\execution.log,1043,2026-07-15T10:16:32.000,becb1b66d3364f798f3d31a81f13e140fd9334916215bc32cb0861a2b3a75dc9
jd_jq_audit,C:\Users\catkin\Documents\baseline_zhou\baseline_zhou-main\baseline_zhou-main\zhou_icf_mpc_constraint_audit_v1,logs\20260715_101606\run_metadata.csv,177,2026-07-15T10:16:32.000,8666062a4b0cd0ca22d9ed34adc1a59623a235655dae0940371714ec2d9fcda5
jd_jq_audit,C:\Users\catkin\Documents\baseline_zhou\baseline_zhou-main\baseline_zhou-main\zhou_icf_mpc_constraint_audit_v1,logs\20260715_102327\configuration_snapshot.json,3419,2026-07-15T10:23:27.000,f471bb69b4ef248e6e04c83cf90f3a2474bc3f865d73440962ea5dc613033c77
jd_jq_audit,C:\Users\catkin\Documents\baseline_zhou\baseline_zhou-main\baseline_zhou-main\zhou_icf_mpc_constraint_audit_v1,logs\20260715_102327\configuration_snapshot.mat,2121,2026-07-15T10:23:27.000,cbf435316ad5b05285defdf2d4351a16b0b3555766e79ed8ae1d9d492294968d
jd_jq_audit,C:\Users\catkin\Documents\baseline_zhou\baseline_zhou-main\baseline_zhou-main\zhou_icf_mpc_constraint_audit_v1,logs\20260715_102327\execution.log,1043,2026-07-15T10:24:03.000,11039043fbbb217849edd879605511c5594b3f7aced5035a8e7a3cdffebddde0
jd_jq_audit,C:\Users\catkin\Documents\baseline_zhou\baseline_zhou-main\baseline_zhou-main\zhou_icf_mpc_constraint_audit_v1,logs\20260715_102327\run_metadata.csv,177,2026-07-15T10:24:03.000,c3c86b22a8daef3dc113a4be729e713f1454dae4a2539393cf3e305235c0436d
jd_jq_audit,C:\Users\catkin\Documents\baseline_zhou\baseline_zhou-main\baseline_zhou-main\zhou_icf_mpc_constraint_audit_v1,logs\20260715_102327\sha256_validation.txt,361,2026-07-15T10:25:31.000,28cf4f9df70290674b00f7c3ad7c5ee8df9fab9cc8551517b1c72f5bc4c11ceb
jd_jq_audit,C:\Users\catkin\Documents\baseline_zhou\baseline_zhou-main\baseline_zhou-main\zhou_icf_mpc_constraint_audit_v1,logs\20260715_104605\configuration_snapshot.json,3848,2026-07-15T10:54:58.000,923458e521cd5a5c0fc89dcc1bf2cf0c06c25061d870b0af18d48b1ec2705025
jd_jq_audit,C:\Users\catkin\Documents\baseline_zhou\baseline_zhou-main\baseline_zhou-main\zhou_icf_mpc_constraint_audit_v1,logs\20260715_104605\configuration_snapshot.mat,2450,2026-07-15T10:54:58.000,5ddcbcd96b8889824695f3317d25c25f60dbf303098e739be111aabdde4492b3
jd_jq_audit,C:\Users\catkin\Documents\baseline_zhou\baseline_zhou-main\baseline_zhou-main\zhou_icf_mpc_constraint_audit_v1,logs\20260715_104605\execution.log,75813,2026-07-15T10:56:23.000,ef723930f990b4c7a48b9bcec2e1d6adc85395f9afcb3b431eb2471bac0e597a
jd_jq_audit,C:\Users\catkin\Documents\baseline_zhou\baseline_zhou-main\baseline_zhou-main\zhou_icf_mpc_constraint_audit_v1,logs\20260715_104605\run_metadata.csv,254,2026-07-15T11:04:32.000,fe8c1cfff06da5b31202513296630fc97f9f0074e815db6617b43697ea04e86c
jd_jq_audit,C:\Users\catkin\Documents\baseline_zhou\baseline_zhou-main\baseline_zhou-main\zhou_icf_mpc_constraint_audit_v1,logs\unit_test_log.txt,1049,2026-07-15T10:23:38.000,97fb3fae76cabf627420c289e21e6e43833378c282033383d3a5dd5bc50279f8
jd_jq_audit,C:\Users\catkin\Documents\baseline_zhou\baseline_zhou-main\baseline_zhou-main\zhou_icf_mpc_constraint_audit_v1,plots\alpha_comparison\20260715_101606_constraint_baseline\alpha_mode_comparison.png,38582,2026-07-15T10:16:27.000,963d787ff5c88f3942c1005d9390dde193eb7a315ec91bd2c129c704536c424c
jd_jq_audit,C:\Users\catkin\Documents\baseline_zhou\baseline_zhou-main\baseline_zhou-main\zhou_icf_mpc_constraint_audit_v1,plots\alpha_comparison\20260715_102327_constraint_baseline\alpha_mode_comparison.png,38582,2026-07-15T10:23:57.000,54c9c327489b737bdd65941a39d800ba19d81a4546ac211bdc958ad890edb4ce
jd_jq_audit,C:\Users\catkin\Documents\baseline_zhou\baseline_zhou-main\baseline_zhou-main\zhou_icf_mpc_constraint_audit_v1,plots\negative_id\20260715_101606_constraint_baseline\negative_id_sweep.png,45784,2026-07-15T10:16:25.000,ad1127f9122a6f97361badb77a4127ebca281c3e42fc5826f694617c8239543e
jd_jq_audit,C:\Users\catkin\Documents\baseline_zhou\baseline_zhou-main\baseline_zhou-main\zhou_icf_mpc_constraint_audit_v1,plots\negative_id\20260715_102327_constraint_baseline\negative_id_sweep.png,45784,2026-07-15T10:23:54.000,3e73dd5877283322c3fb56c9dd6b327c8cea84fce6cd5b55312968da1f450121
jd_jq_audit,C:\Users\catkin\Documents\baseline_zhou\baseline_zhou-main\baseline_zhou-main\zhou_icf_mpc_constraint_audit_v1,plots\regression\20260715_101606_constraint_baseline\trace.png,75679,2026-07-15T10:16:21.000,8dd20163d7a7d86916c3a10196ac07f3594589fc86a13bc0f13b11bc675ca84a
jd_jq_audit,C:\Users\catkin\Documents\baseline_zhou\baseline_zhou-main\baseline_zhou-main\zhou_icf_mpc_constraint_audit_v1,plots\regression\20260715_102327_constraint_baseline\trace.png,75679,2026-07-15T10:23:48.000,7bccbddca61cca80f9ed58132223f0dad4fa5fbebe94833f284345401e90d1fd
jd_jq_audit,C:\Users\catkin\Documents\baseline_zhou\baseline_zhou-main\baseline_zhou-main\zhou_icf_mpc_constraint_audit_v1,plots\saliency\20260715_101606_constraint_baseline\trace.png,84236,2026-07-15T10:16:23.000,3bded5eac0a744bc327116f8745f57f56ee24e42c7d2a9b32add6096e2ccdc33
jd_jq_audit,C:\Users\catkin\Documents\baseline_zhou\baseline_zhou-main\baseline_zhou-main\zhou_icf_mpc_constraint_audit_v1,plots\saliency\20260715_102327_constraint_baseline\trace.png,84236,2026-07-15T10:23:51.000,5c1636ed0d49ae118cba067430dd41e0afc8fb61321ee4a70cdb0f36196cd8c7
jd_jq_audit,C:\Users\catkin\Documents\baseline_zhou\baseline_zhou-main\baseline_zhou-main\zhou_icf_mpc_constraint_audit_v1,plots\summary\20260715_104605\01_jd_jq_id_rmse_heatmaps.png,157093,2026-07-15T11:04:14.000,61b2d3f4028cae95faecd036968b9c4784333c9ba4e71b860b43461841d60439
jd_jq_audit,C:\Users\catkin\Documents\baseline_zhou\baseline_zhou-main\baseline_zhou-main\zhou_icf_mpc_constraint_audit_v1,plots\summary\20260715_104605\02_jd_jq_iq_rmse_heatmaps.png,163352,2026-07-15T11:04:17.000,e46d7fbf9690a8a8109d848a75d11ed956fda7b803b816fcbbc85ebd076bd12a
jd_jq_audit,C:\Users\catkin\Documents\baseline_zhou\baseline_zhou-main\baseline_zhou-main\zhou_icf_mpc_constraint_audit_v1,plots\summary\20260715_104605\03_jd_jq_torque_ripple_heatmaps.png,179967,2026-07-15T11:04:19.000,5a692610a522cb710272d715cd70c78091bf64f8a1e59bfeb7f0e795eaca5379
jd_jq_audit,C:\Users\catkin\Documents\baseline_zhou\baseline_zhou-main\baseline_zhou-main\zhou_icf_mpc_constraint_audit_v1,plots\summary\20260715_104605\04_jd_jq_switching_heatmaps.png,177093,2026-07-15T11:04:20.000,e598bbb1358fb42a0b608be17c132fadeb0bb28bc6346c3a9cb343c7300eb0cf
jd_jq_audit,C:\Users\catkin\Documents\baseline_zhou\baseline_zhou-main\baseline_zhou-main\zhou_icf_mpc_constraint_audit_v1,plots\summary\20260715_104605\05_jd_jq_constraint_satisfaction_heatmaps.png,171279,2026-07-15T11:04:22.000,afc26a97aa1b4292543da4a88c66a62ae605812941f319d3520d7650b97ad6aa
jd_jq_audit,C:\Users\catkin\Documents\baseline_zhou\baseline_zhou-main\baseline_zhou-main\zhou_icf_mpc_constraint_audit_v1,plots\summary\20260715_104605\06_pareto_fronts.png,164391,2026-07-15T11:04:25.000,b0d47fd72be3067b9be8da660fddd32d10d8605393d816663486a20e503eac3f
jd_jq_audit,C:\Users\catkin\Documents\baseline_zhou\baseline_zhou-main\baseline_zhou-main\zhou_icf_mpc_constraint_audit_v1,plots\summary\20260715_104605\07_default_on_pareto.png,169238,2026-07-15T11:04:26.000,529858f42cba9983c4d29e2440e76a0b82c701b808fe49c49c02b86a620b4316
jd_jq_audit,C:\Users\catkin\Documents\baseline_zhou\baseline_zhou-main\baseline_zhou-main\zhou_icf_mpc_constraint_audit_v1,plots\summary\20260715_104605\08_best_threshold_distribution.png,29598,2026-07-15T11:04:26.000,ecfe18d2eadc33b01dc869d20e0506098a2fa5c87c6cc657fea5d3cb1aee532a
jd_jq_audit,C:\Users\catkin\Documents\baseline_zhou\baseline_zhou-main\baseline_zhou-main\zhou_icf_mpc_constraint_audit_v1,plots\summary\20260715_104605\09_best_threshold_vs_speed.png,34601,2026-07-15T11:04:27.000,3e9ec39a7da8cdcb55db56ef51a6e86c80c436ff49f0a266ffe1e6987aec9697
jd_jq_audit,C:\Users\catkin\Documents\baseline_zhou\baseline_zhou-main\baseline_zhou-main\zhou_icf_mpc_constraint_audit_v1,plots\summary\20260715_104605\10_best_threshold_vs_load.png,35285,2026-07-15T11:04:27.000,d3c97a2c37d4138cb777ec0689873e74b1d5135f2ef89aa99463613a0d846b9d
jd_jq_audit,C:\Users\catkin\Documents\baseline_zhou\baseline_zhou-main\baseline_zhou-main\zhou_icf_mpc_constraint_audit_v1,plots\summary\20260715_104605\11_cross_condition_transfer_loss.png,44953,2026-07-15T11:04:28.000,87d985db26e5ff64c80782dae875c7a2e36876ad1002803370403cf93965ad47
jd_jq_audit,C:\Users\catkin\Documents\baseline_zhou\baseline_zhou-main\baseline_zhou-main\zhou_icf_mpc_constraint_audit_v1,plots\summary\20260715_104605\12_default_vs_local_time_domain.png,90476,2026-07-15T11:04:30.000,78bb2c72ce97c5f85cf2b57eceb022fba55c83294aebe05142413bb72c01535d
jd_jq_audit,C:\Users\catkin\Documents\baseline_zhou\baseline_zhou-main\baseline_zhou-main\zhou_icf_mpc_constraint_audit_v1,plots\summary\20260715_104605\13_vector_mode_distribution.png,58083,2026-07-15T11:04:31.000,b93431e8b61b58f3b22cd4c4cf58520084a6fac20699ef4bfb2cc01e99c625cf
jd_jq_audit,C:\Users\catkin\Documents\baseline_zhou\baseline_zhou-main\baseline_zhou-main\zhou_icf_mpc_constraint_audit_v1,plots\summary\20260715_104605\14_current_ripple_switching_tradeoff.png,103503,2026-07-15T11:04:32.000,15bb838f853aa3f3f40c7b58b4b55df9a1b117668350785211cccae1062e22e8
jd_jq_audit,C:\Users\catkin\Documents\baseline_zhou\baseline_zhou-main\baseline_zhou-main\zhou_icf_mpc_constraint_audit_v1,reference\iter11_regression_targets.csv,472,2026-07-12T21:27:11.000,e3e3cc58200d06f58971c5fae116ae267dbe9d5a652a6b370de339b152906562
jd_jq_audit,C:\Users\catkin\Documents\baseline_zhou\baseline_zhou-main\baseline_zhou-main\zhou_icf_mpc_constraint_audit_v1,reference\iter11_source_manifest.sha256,5709,2026-07-12T21:27:11.000,18d9629a01d506c570aa7af4033a2d6d6cec508432a5a528be3117de9f6805ae
jd_jq_audit,C:\Users\catkin\Documents\baseline_zhou\baseline_zhou-main\baseline_zhou-main\zhou_icf_mpc_constraint_audit_v1,reference\source_paper\zhou_2025_icf_mpc.pdf,2486013,2026-07-12T21:27:11.000,cdce796661012e0b682b8d9a98f6f36fa7eef6a5093be1415eece5b56187b04c
jd_jq_audit,C:\Users\catkin\Documents\baseline_zhou\baseline_zhou-main\baseline_zhou-main\zhou_icf_mpc_constraint_audit_v1,reference\source_root_files\CHANGELOG_IPMSM.md,7381,2026-07-12T21:27:11.000,5ca6da4e16ff5d1d05755710261fb0c43a4d6da77e3517f8bc7965ae5adac7d3
jd_jq_audit,C:\Users\catkin\Documents\baseline_zhou\baseline_zhou-main\baseline_zhou-main\zhou_icf_mpc_constraint_audit_v1,reference\source_root_files\FINAL_IPMSM_PROBE_REPORT.md,3010,2026-07-12T21:27:11.000,784f992a37c792d02ecfbb39f82ca09092263487f3a9967d1c5ea0430093d745
jd_jq_audit,C:\Users\catkin\Documents\baseline_zhou\baseline_zhou-main\baseline_zhou-main\zhou_icf_mpc_constraint_audit_v1,reference\source_root_files\README.md,2514,2026-07-12T21:27:11.000,d62bea57b4d83a6d60cfeb191009d7aa36c1e38e2228cdcbedbac09ae1a02325
jd_jq_audit,C:\Users\catkin\Documents\baseline_zhou\baseline_zhou-main\baseline_zhou-main\zhou_icf_mpc_constraint_audit_v1,reference\source_root_files\SOURCE_MANIFEST.sha256,7296,2026-07-12T21:27:11.000,e0792a9841713dc559bc813e9cdde6e3be5376dd99ff55c33558c660d8c720bd
jd_jq_audit,C:\Users\catkin\Documents\baseline_zhou\baseline_zhou-main\baseline_zhou-main\zhou_icf_mpc_constraint_audit_v1,reference\source_root_files\initialize_project.m,3737,2026-07-12T21:27:11.000,ecbe5361cbb4556b5bb2cf4b50376187807d64fb1e5acfb8d6c79959614eccc6
jd_jq_audit,C:\Users\catkin\Documents\baseline_zhou\baseline_zhou-main\baseline_zhou-main\zhou_icf_mpc_constraint_audit_v1,reference\source_root_files\run_ipmsm_probe.m,7627,2026-07-12T21:27:11.000,931c9ebf05c24c7bf0b94e9f72021df01c9a6cce9afa9365c227d4b1fefc1dad
jd_jq_audit,C:\Users\catkin\Documents\baseline_zhou\baseline_zhou-main\baseline_zhou-main\zhou_icf_mpc_constraint_audit_v1,results\alpha_comparison\20260715_101606_constraint_baseline\config_snapshot\configuration.mat,2187,2026-07-15T10:16:26.000,42e9a1bfc869d2db04f43e96d1de8ecd5ebb966734bbb868d19750213fe2a3a3
jd_jq_audit,C:\Users\catkin\Documents\baseline_zhou\baseline_zhou-main\baseline_zhou-main\zhou_icf_mpc_constraint_audit_v1,results\alpha_comparison\20260715_101606_constraint_baseline\metrics.csv,930,2026-07-15T10:16:26.000,a181be3b00ba9fe553461d5f00e68ba755e9c8ba733106099ef2274106f0ba59
jd_jq_audit,C:\Users\catkin\Documents\baseline_zhou\baseline_zhou-main\baseline_zhou-main\zhou_icf_mpc_constraint_audit_v1,results\alpha_comparison\20260715_102327_constraint_baseline\config_snapshot\configuration.mat,2187,2026-07-15T10:23:54.000,03df10fd133d5c6d3b2ef3d5360e9806a408f564e3339d41f737c597f8f03c2f
jd_jq_audit,C:\Users\catkin\Documents\baseline_zhou\baseline_zhou-main\baseline_zhou-main\zhou_icf_mpc_constraint_audit_v1,results\alpha_comparison\20260715_102327_constraint_baseline\metrics.csv,930,2026-07-15T10:23:54.000,a181be3b00ba9fe553461d5f00e68ba755e9c8ba733106099ef2274106f0ba59
jd_jq_audit,C:\Users\catkin\Documents\baseline_zhou\baseline_zhou-main\baseline_zhou-main\zhou_icf_mpc_constraint_audit_v1,results\baseline\20260715_101606\baseline_regression.csv,2684,2026-07-15T10:19:04.000,66c70a5c319717286d70fe7e975bdf6cfdc2a7912aa4f2d7470f37fddda10241
jd_jq_audit,C:\Users\catkin\Documents\baseline_zhou\baseline_zhou-main\baseline_zhou-main\zhou_icf_mpc_constraint_audit_v1,results\baseline\20260715_101606\mismatch_metrics.csv,2115,2026-07-15T10:16:30.000,84333992119324fb836a4f0ea3323c1de64ba0e6bd95f0b0c4b8461dd0792e71
jd_jq_audit,C:\Users\catkin\Documents\baseline_zhou\baseline_zhou-main\baseline_zhou-main\zhou_icf_mpc_constraint_audit_v1,results\baseline\20260715_101606\nominal_metrics.csv,2112,2026-07-15T10:16:28.000,561eb41bb438aad8b4e427bb4db39b1eb412005b7eebb93da9aa8ee957ce7e82
jd_jq_audit,C:\Users\catkin\Documents\baseline_zhou\baseline_zhou-main\baseline_zhou-main\zhou_icf_mpc_constraint_audit_v1,results\baseline\20260715_101606\nominal_trace.csv,357023,2026-07-15T10:16:28.000,0b0d35f574d3da84e622702bc30d1d8959aa469a246ff02bba6df13d4053c31b
jd_jq_audit,C:\Users\catkin\Documents\baseline_zhou\baseline_zhou-main\baseline_zhou-main\zhou_icf_mpc_constraint_audit_v1,results\baseline\20260715_101606\repeatability.csv,983,2026-07-15T10:16:30.000,4466e938ce8f175470aeaa724241b9a59a1b919ba93c338079a00271d2ca4d3d
jd_jq_audit,C:\Users\catkin\Documents\baseline_zhou\baseline_zhou-main\baseline_zhou-main\zhou_icf_mpc_constraint_audit_v1,results\baseline\20260715_101606\source_comparison.csv,750,2026-07-15T10:16:30.000,7ce026e99125f225a6109fbb58eec0e14e14ba3652b1df1a0d84aa699ec335c0
jd_jq_audit,C:\Users\catkin\Documents\baseline_zhou\baseline_zhou-main\baseline_zhou-main\zhou_icf_mpc_constraint_audit_v1,results\baseline\20260715_101606\source_comparison_by_metric.csv,25205,2026-07-15T10:19:04.000,0ffc363f1ad6483f7d3b64106aad40beeb92973ffa407d53c5cf6e4d9aa1cd23
jd_jq_audit,C:\Users\catkin\Documents\baseline_zhou\baseline_zhou-main\baseline_zhou-main\zhou_icf_mpc_constraint_audit_v1,results\baseline\20260715_102327\baseline_regression.csv,2688,2026-07-15T10:24:00.000,e3bc07c79eaaaed4511352e913976fbfc129054b1944437c2c1583a67f6cc253
jd_jq_audit,C:\Users\catkin\Documents\baseline_zhou\baseline_zhou-main\baseline_zhou-main\zhou_icf_mpc_constraint_audit_v1,results\baseline\20260715_102327\mismatch_metrics.csv,2116,2026-07-15T10:24:01.000,e224b025a31dd7a06219f06d3aa6eb79d48081de89c9a784e5bb55ac732304a5
jd_jq_audit,C:\Users\catkin\Documents\baseline_zhou\baseline_zhou-main\baseline_zhou-main\zhou_icf_mpc_constraint_audit_v1,results\baseline\20260715_102327\nominal_metrics.csv,2112,2026-07-15T10:23:58.000,b42b587011c4af63e314c986a5148dd40e2e083a7b06c5fd4b2eca673972f88f
jd_jq_audit,C:\Users\catkin\Documents\baseline_zhou\baseline_zhou-main\baseline_zhou-main\zhou_icf_mpc_constraint_audit_v1,results\baseline\20260715_102327\nominal_trace.csv,357050,2026-07-15T10:23:58.000,4d74dde91135045a4dbda0d10d2d28f88797d0f622b45ea81d24a974d28dbb2f
jd_jq_audit,C:\Users\catkin\Documents\baseline_zhou\baseline_zhou-main\baseline_zhou-main\zhou_icf_mpc_constraint_audit_v1,results\baseline\20260715_102327\repeatability.csv,983,2026-07-15T10:24:01.000,4466e938ce8f175470aeaa724241b9a59a1b919ba93c338079a00271d2ca4d3d
jd_jq_audit,C:\Users\catkin\Documents\baseline_zhou\baseline_zhou-main\baseline_zhou-main\zhou_icf_mpc_constraint_audit_v1,results\baseline\20260715_102327\source_comparison.csv,25205,2026-07-15T10:24:01.000,0ffc363f1ad6483f7d3b64106aad40beeb92973ffa407d53c5cf6e4d9aa1cd23
jd_jq_audit,C:\Users\catkin\Documents\baseline_zhou\baseline_zhou-main\baseline_zhou-main\zhou_icf_mpc_constraint_audit_v1,results\baseline\baseline_regression.csv,2684,2026-07-15T10:16:30.000,66c70a5c319717286d70fe7e975bdf6cfdc2a7912aa4f2d7470f37fddda10241
jd_jq_audit,C:\Users\catkin\Documents\baseline_zhou\baseline_zhou-main\baseline_zhou-main\zhou_icf_mpc_constraint_audit_v1,results\coarse_scan\20260715_104605\case_manifest.csv,82329,2026-07-15T10:46:09.000,60a3fd22027b3cace7bd068519d29740e3009cabccaf781f44d7bbb937154dc9
jd_jq_audit,C:\Users\catkin\Documents\baseline_zhou\baseline_zhou-main\baseline_zhou-main\zhou_icf_mpc_constraint_audit_v1,results\coarse_scan\20260715_104605\cases\A_C01_001\configuration.csv,397,2026-07-15T10:46:09.000,2cb02ed825752dc6023c3e258b7befe5ca4c5b8be557f3385827acfd23bed98b
jd_jq_audit,C:\Users\catkin\Documents\baseline_zhou\baseline_zhou-main\baseline_zhou-main\zhou_icf_mpc_constraint_audit_v1,results\coarse_scan\20260715_104605\cases\A_C01_001\metrics.csv,2538,2026-07-15T10:46:10.000,f9ab630b55abde24d2ffe26fa8d7f09b4a11cd1ccce8e0f110e6eabcc757609d
jd_jq_audit,C:\Users\catkin\Documents\baseline_zhou\baseline_zhou-main\baseline_zhou-main\zhou_icf_mpc_constraint_audit_v1,results\coarse_scan\20260715_104605\cases\A_C01_002\configuration.csv,405,2026-07-15T10:46:10.000,2ccc8a39fee07304c090b19880c3980e5988d62fc4f51281123a837cfa5237c0
jd_jq_audit,C:\Users\catkin\Documents\baseline_zhou\baseline_zhou-main\baseline_zhou-main\zhou_icf_mpc_constraint_audit_v1,results\coarse_scan\20260715_104605\cases\A_C01_002\metrics.csv,2550,2026-07-15T10:46:10.000,df7c404e7ecae517fb5cbb94a2ba6e798fc1489bf76b409f15d301e0c8223dc9
jd_jq_audit,C:\Users\catkin\Documents\baseline_zhou\baseline_zhou-main\baseline_zhou-main\zhou_icf_mpc_constraint_audit_v1,results\coarse_scan\20260715_104605\cases\A_C01_003\configuration.csv,402,2026-07-15T10:46:10.000,9ae2727f072c74e4e9bd92dcc57abe912acf36dab98e396f242dd623b253758d
jd_jq_audit,C:\Users\catkin\Documents\baseline_zhou\baseline_zhou-main\baseline_zhou-main\zhou_icf_mpc_constraint_audit_v1,results\coarse_scan\20260715_104605\cases\A_C01_003\metrics.csv,2544,2026-07-15T10:46:11.000,edd56cadfc3031d6d8efc04db37e0e9d8274d4d472831280a2d5031164278a9b
jd_jq_audit,C:\Users\catkin\Documents\baseline_zhou\baseline_zhou-main\baseline_zhou-main\zhou_icf_mpc_constraint_audit_v1,results\coarse_scan\20260715_104605\cases\A_C01_004\configuration.csv,402,2026-07-15T10:46:11.000,a869dbf65a894b96e965e180189ad888e53e9b3e3a973d7149c9cc791aa6919c
jd_jq_audit,C:\Users\catkin\Documents\baseline_zhou\baseline_zhou-main\baseline_zhou-main\zhou_icf_mpc_constraint_audit_v1,results\coarse_scan\20260715_104605\cases\A_C01_004\metrics.csv,2538,2026-07-15T10:46:12.000,3c79dabd1d235c7278cc0acf503dca470bc5c20519b5e0dd7344fa26a247d056
jd_jq_audit,C:\Users\catkin\Documents\baseline_zhou\baseline_zhou-main\baseline_zhou-main\zhou_icf_mpc_constraint_audit_v1,results\coarse_scan\20260715_104605\cases\A_C01_005\configuration.csv,402,2026-07-15T10:46:12.000,d0a4ff022ce81e7669c7ab8cfb2ef36d38b986e4af20ce983a9ed0370c9be70c
jd_jq_audit,C:\Users\catkin\Documents\baseline_zhou\baseline_zhou-main\baseline_zhou-main\zhou_icf_mpc_constraint_audit_v1,results\coarse_scan\20260715_104605\cases\A_C01_005\metrics.csv,2532,2026-07-15T10:46:12.000,90276f6387e399162f3d9b5e318cbdfa3028847df33c798fbec4a0d7023cbe94
jd_jq_audit,C:\Users\catkin\Documents\baseline_zhou\baseline_zhou-main\baseline_zhou-main\zhou_icf_mpc_constraint_audit_v1,results\coarse_scan\20260715_104605\cases\A_C01_006\configuration.csv,397,2026-07-15T10:46:12.000,12cb3bfa2637f4323469c5684b3b563e61f0550cf89aea627b55d55b6200ae1c
jd_jq_audit,C:\Users\catkin\Documents\baseline_zhou\baseline_zhou-main\baseline_zhou-main\zhou_icf_mpc_constraint_audit_v1,results\coarse_scan\20260715_104605\cases\A_C01_006\metrics.csv,2545,2026-07-15T10:46:12.000,915775955f93b8833ca9b27c5d994b9ec899de9fcd512f50fb64e10fc61936e8
jd_jq_audit,C:\Users\catkin\Documents\baseline_zhou\baseline_zhou-main\baseline_zhou-main\zhou_icf_mpc_constraint_audit_v1,results\coarse_scan\20260715_104605\cases\A_C01_007\configuration.csv,397,2026-07-15T10:46:12.000,f44977da595e394469d554a4849893feadc657a83065b6bffbd785c3e79f3b7b
jd_jq_audit,C:\Users\catkin\Documents\baseline_zhou\baseline_zhou-main\baseline_zhou-main\zhou_icf_mpc_constraint_audit_v1,results\coarse_scan\20260715_104605\cases\A_C01_007\metrics.csv,2530,2026-07-15T10:46:13.000,770767836ce7408e799e0ed1e9beab4b8a0eb82a7e258805aea82d555887987c
jd_jq_audit,C:\Users\catkin\Documents\baseline_zhou\baseline_zhou-main\baseline_zhou-main\zhou_icf_mpc_constraint_audit_v1,results\coarse_scan\20260715_104605\cases\A_C01_008\configuration.csv,405,2026-07-15T10:46:13.000,fb2bf82f9286978c71e006f34b1f1eaa58c92dcbb0f6c583c20dea75f2dc4b53
jd_jq_audit,C:\Users\catkin\Documents\baseline_zhou\baseline_zhou-main\baseline_zhou-main\zhou_icf_mpc_constraint_audit_v1,results\coarse_scan\20260715_104605\cases\A_C01_008\metrics.csv,2540,2026-07-15T10:46:13.000,232cbbe8f352e56a061db8d46d103d58cb7d78af221f0bb362770d344dae07c7
jd_jq_audit,C:\Users\catkin\Documents\baseline_zhou\baseline_zhou-main\baseline_zhou-main\zhou_icf_mpc_constraint_audit_v1,results\coarse_scan\20260715_104605\cases\A_C01_009\configuration.csv,402,2026-07-15T10:46:13.000,862951c436caa48fafe3176dc6f6114ad9daf46d1d696b32f952d7ed2f227f93
jd_jq_audit,C:\Users\catkin\Documents\baseline_zhou\baseline_zhou-main\baseline_zhou-main\zhou_icf_mpc_constraint_audit_v1,results\coarse_scan\20260715_104605\cases\A_C01_009\metrics.csv,2541,2026-07-15T10:46:13.000,14b1b54d063ca13deceba0d4928af83c7701f84bf0aa7e684046c5d3a1d8267d
jd_jq_audit,C:\Users\catkin\Documents\baseline_zhou\baseline_zhou-main\baseline_zhou-main\zhou_icf_mpc_constraint_audit_v1,results\coarse_scan\20260715_104605\cases\A_C01_010\configuration.csv,402,2026-07-15T10:46:13.000,c4b372201e8bb0061ca129a26174409de063f129dca371a7741d502718840d6b
jd_jq_audit,C:\Users\catkin\Documents\baseline_zhou\baseline_zhou-main\baseline_zhou-main\zhou_icf_mpc_constraint_audit_v1,results\coarse_scan\20260715_104605\cases\A_C01_010\metrics.csv,2537,2026-07-15T10:46:14.000,45acc65719b908b7b806e6c94f9faa9923f81e42cb33d979c2a09a972777caa1
jd_jq_audit,C:\Users\catkin\Documents\baseline_zhou\baseline_zhou-main\baseline_zhou-main\zhou_icf_mpc_constraint_audit_v1,results\coarse_scan\20260715_104605\cases\A_C01_011\configuration.csv,402,2026-07-15T10:46:14.000,b40f110a7cc0d914c8102e6f8d082b6e7d765dcc5ec5d0927cee9832f32cb581
jd_jq_audit,C:\Users\catkin\Documents\baseline_zhou\baseline_zhou-main\baseline_zhou-main\zhou_icf_mpc_constraint_audit_v1,results\coarse_scan\20260715_104605\cases\A_C01_011\metrics.csv,2536,2026-07-15T10:46:14.000,a313da4d733dab70244bfe435339493ef410776de77b895a629e66414a99a448
jd_jq_audit,C:\Users\catkin\Documents\baseline_zhou\baseline_zhou-main\baseline_zhou-main\zhou_icf_mpc_constraint_audit_v1,results\coarse_scan\20260715_104605\cases\A_C01_012\configuration.csv,397,2026-07-15T10:46:14.000,a5031144637aa8267bd327d5179126fcb5b17cc6c6eb2d97080afe86a2c401b7
jd_jq_audit,C:\Users\catkin\Documents\baseline_zhou\baseline_zhou-main\baseline_zhou-main\zhou_icf_mpc_constraint_audit_v1,results\coarse_scan\20260715_104605\cases\A_C01_012\metrics.csv,2545,2026-07-15T10:46:14.000,9d757bb8cee151437a60dbca07513ed5c1059f83708d0b8b6375622bcc74d1a3
jd_jq_audit,C:\Users\catkin\Documents\baseline_zhou\baseline_zhou-main\baseline_zhou-main\zhou_icf_mpc_constraint_audit_v1,results\coarse_scan\20260715_104605\cases\A_C01_013\configuration.csv,397,2026-07-15T10:46:14.000,a9553a49c04b15c5caffb84bb148dd2bc3afe4df18e3612afc6c29fef75981f2
jd_jq_audit,C:\Users\catkin\Documents\baseline_zhou\baseline_zhou-main\baseline_zhou-main\zhou_icf_mpc_constraint_audit_v1,results\coarse_scan\20260715_104605\cases\A_C01_013\metrics.csv,2530,2026-07-15T10:46:15.000,e559468252b086f091e26def9371282b7345e74813dd7c40bb6a1c0f1e6a82e0
jd_jq_audit,C:\Users\catkin\Documents\baseline_zhou\baseline_zhou-main\baseline_zhou-main\zhou_icf_mpc_constraint_audit_v1,results\coarse_scan\20260715_104605\cases\A_C01_014\configuration.csv,405,2026-07-15T10:46:15.000,89bfff8eeb10e38597a7315c927ae3d90c5400168f81e3eacfee434108dcad42
jd_jq_audit,C:\Users\catkin\Documents\baseline_zhou\baseline_zhou-main\baseline_zhou-main\zhou_icf_mpc_constraint_audit_v1,results\coarse_scan\20260715_104605\cases\A_C01_014\metrics.csv,2529,2026-07-15T10:46:15.000,795f10b5b8f8722b99b43727eb4f1ab3ec77179d51dba632163a6cda4533e6a3
jd_jq_audit,C:\Users\catkin\Documents\baseline_zhou\baseline_zhou-main\baseline_zhou-main\zhou_icf_mpc_constraint_audit_v1,results\coarse_scan\20260715_104605\cases\A_C01_015\configuration.csv,402,2026-07-15T10:46:15.000,caf97f9fb313f43c0c7b22ce87b8fb19575d8781b2f5ee86c3f96c09011aa0dd
jd_jq_audit,C:\Users\catkin\Documents\baseline_zhou\baseline_zhou-main\baseline_zhou-main\zhou_icf_mpc_constraint_audit_v1,results\coarse_scan\20260715_104605\cases\A_C01_015\metrics.csv,2546,2026-07-15T10:46:16.000,231ee1a168d4df7cd755caf1c41b39f5c784e71dd21483b4e73d16d5ace09b27
jd_jq_audit,C:\Users\catkin\Documents\baseline_zhou\baseline_zhou-main\baseline_zhou-main\zhou_icf_mpc_constraint_audit_v1,results\coarse_scan\20260715_104605\cases\A_C01_016\configuration.csv,402,2026-07-15T10:46:16.000,f887ad3829cb9c7877cf76a77ab4649f8c4579fc2f4eeaf7f35c41e063156217
jd_jq_audit,C:\Users\catkin\Documents\baseline_zhou\baseline_zhou-main\baseline_zhou-main\zhou_icf_mpc_constraint_audit_v1,results\coarse_scan\20260715_104605\cases\A_C01_016\metrics.csv,2532,2026-07-15T10:46:16.000,5b16ccfcea902121d1e68fd0b01f7e850ee90e6f7c80848a1c07f1ffee93ecac
jd_jq_audit,C:\Users\catkin\Documents\baseline_zhou\baseline_zhou-main\baseline_zhou-main\zhou_icf_mpc_constraint_audit_v1,results\coarse_scan\20260715_104605\cases\A_C01_017\configuration.csv,402,2026-07-15T10:46:16.000,2fae4a870975007b88389aefe5ee122000f342a57095172a3b3f3ca9ccc8387e
jd_jq_audit,C:\Users\catkin\Documents\baseline_zhou\baseline_zhou-main\baseline_zhou-main\zhou_icf_mpc_constraint_audit_v1,results\coarse_scan\20260715_104605\cases\A_C01_017\metrics.csv,2519,2026-07-15T10:46:16.000,bc6a1755cbebbfbc2f5baaef28ae7ebc256f3f1bd89acfc81e416b83714a78bc
jd_jq_audit,C:\Users\catkin\Documents\baseline_zhou\baseline_zhou-main\baseline_zhou-main\zhou_icf_mpc_constraint_audit_v1,results\coarse_scan\20260715_104605\cases\A_C01_018\configuration.csv,397,2026-07-15T10:46:16.000,290213e0363464d9221a23c93fba5e1353bcfdeee414da63becadbe5afeab03a
jd_jq_audit,C:\Users\catkin\Documents\baseline_zhou\baseline_zhou-main\baseline_zhou-main\zhou_icf_mpc_constraint_audit_v1,results\coarse_scan\20260715_104605\cases\A_C01_018\metrics.csv,2523,2026-07-15T10:46:17.000,690b05ebb7cac34c48cf983ae644c60af5206208406e22ef399619ed4a5d4731
jd_jq_audit,C:\Users\catkin\Documents\baseline_zhou\baseline_zhou-main\baseline_zhou-main\zhou_icf_mpc_constraint_audit_v1,results\coarse_scan\20260715_104605\cases\A_C01_019\configuration.csv,397,2026-07-15T10:46:17.000,8c62fa483fa6b08cc75639f18875e5ad6df7e7c876644db61b961836c715cd66
jd_jq_audit,C:\Users\catkin\Documents\baseline_zhou\baseline_zhou-main\baseline_zhou-main\zhou_icf_mpc_constraint_audit_v1,results\coarse_scan\20260715_104605\cases\A_C01_019\metrics.csv,2524,2026-07-15T10:46:17.000,58b7c7542426dd3ebc1a8e981caa363414bc069a70c03d00305618a9e4a30443
jd_jq_audit,C:\Users\catkin\Documents\baseline_zhou\baseline_zhou-main\baseline_zhou-main\zhou_icf_mpc_constraint_audit_v1,results\coarse_scan\20260715_104605\cases\A_C01_020\configuration.csv,405,2026-07-15T10:46:17.000,cf8a375d448e7620da2cad51efaed8f0e99667fc6d3767695d9045f8b5f36f63
jd_jq_audit,C:\Users\catkin\Documents\baseline_zhou\baseline_zhou-main\baseline_zhou-main\zhou_icf_mpc_constraint_audit_v1,results\coarse_scan\20260715_104605\cases\A_C01_020\metrics.csv,2544,2026-07-15T10:46:17.000,15e4d800bf7dfa98ed9f73b10526147ab71b78de178a08d56a3eba27993a7a17
jd_jq_audit,C:\Users\catkin\Documents\baseline_zhou\baseline_zhou-main\baseline_zhou-main\zhou_icf_mpc_constraint_audit_v1,results\coarse_scan\20260715_104605\cases\A_C01_021\configuration.csv,402,2026-07-15T10:46:17.000,495dd3f8226ec34d772d9a9d802c5af6577f0f9062530568a19ce3ac4908805a
jd_jq_audit,C:\Users\catkin\Documents\baseline_zhou\baseline_zhou-main\baseline_zhou-main\zhou_icf_mpc_constraint_audit_v1,results\coarse_scan\20260715_104605\cases\A_C01_021\metrics.csv,2519,2026-07-15T10:46:18.000,0a1e0f68b2c7d623d0783849e1442b9bace58c748e48d84bb962dd3c089f6e32
jd_jq_audit,C:\Users\catkin\Documents\baseline_zhou\baseline_zhou-main\baseline_zhou-main\zhou_icf_mpc_constraint_audit_v1,results\coarse_scan\20260715_104605\cases\A_C01_022\configuration.csv,402,2026-07-15T10:46:18.000,1f279e1f983dc5ae7fbed0a3c2910f0a678553c411612a0b9989978a1b1f4333
jd_jq_audit,C:\Users\catkin\Documents\baseline_zhou\baseline_zhou-main\baseline_zhou-main\zhou_icf_mpc_constraint_audit_v1,results\coarse_scan\20260715_104605\cases\A_C01_022\metrics.csv,2508,2026-07-15T10:46:18.000,e475cc755d8f05bef35e336821783b2f534fb63c82190f4cf6dbf09d62bed9da
jd_jq_audit,C:\Users\catkin\Documents\baseline_zhou\baseline_zhou-main\baseline_zhou-main\zhou_icf_mpc_constraint_audit_v1,results\coarse_scan\20260715_104605\cases\A_C01_023\configuration.csv,402,2026-07-15T10:46:18.000,b7bb4b32d088ed2b941a1c55723cb70e10d2780fa623a25097a9c97782f0f2a5
jd_jq_audit,C:\Users\catkin\Documents\baseline_zhou\baseline_zhou-main\baseline_zhou-main\zhou_icf_mpc_constraint_audit_v1,results\coarse_scan\20260715_104605\cases\A_C01_023\metrics.csv,2503,2026-07-15T10:46:19.000,400592d8e3b9607ae6ebd97671cf8d24e5b2b64931b3d09ae02d066fdb922bd6
jd_jq_audit,C:\Users\catkin\Documents\baseline_zhou\baseline_zhou-main\baseline_zhou-main\zhou_icf_mpc_constraint_audit_v1,results\coarse_scan\20260715_104605\cases\A_C01_024\configuration.csv,397,2026-07-15T10:46:19.000,5c724788273e60a2f1782f56ece083ebcecad6f42dfa56646b28922cc2a4672c
jd_jq_audit,C:\Users\catkin\Documents\baseline_zhou\baseline_zhou-main\baseline_zhou-main\zhou_icf_mpc_constraint_audit_v1,results\coarse_scan\20260715_104605\cases\A_C01_024\metrics.csv,2519,2026-07-15T10:46:19.000,8b3b606b81f84e5ef718939e766430e73db196683e74e86e24f8370ad675d74f
jd_jq_audit,C:\Users\catkin\Documents\baseline_zhou\baseline_zhou-main\baseline_zhou-main\zhou_icf_mpc_constraint_audit_v1,results\coarse_scan\20260715_104605\cases\A_C01_025\configuration.csv,397,2026-07-15T10:46:19.000,63ff015b30c5486afce429903f48984540c3ba33eee62b400f8a42080626a00f
jd_jq_audit,C:\Users\catkin\Documents\baseline_zhou\baseline_zhou-main\baseline_zhou-main\zhou_icf_mpc_constraint_audit_v1,results\coarse_scan\20260715_104605\cases\A_C01_025\metrics.csv,2510,2026-07-15T10:46:19.000,f51b9163eeffecebb9af6293f1dfd0bacd087b323a64c0987ea44b7900bc9554
jd_jq_audit,C:\Users\catkin\Documents\baseline_zhou\baseline_zhou-main\baseline_zhou-main\zhou_icf_mpc_constraint_audit_v1,results\coarse_scan\20260715_104605\cases\A_C01_026\configuration.csv,405,2026-07-15T10:46:19.000,4cacac2352bdc4f61f56e5e2b2577a191733fe64b01de10654c3842596af7e8e
jd_jq_audit,C:\Users\catkin\Documents\baseline_zhou\baseline_zhou-main\baseline_zhou-main\zhou_icf_mpc_constraint_audit_v1,results\coarse_scan\20260715_104605\cases\A_C01_026\metrics.csv,2523,2026-07-15T10:46:20.000,7d160c2a024caed9b83c049635ad8f8a8a9cd0ddd8008efce6e50e63a8347602
jd_jq_audit,C:\Users\catkin\Documents\baseline_zhou\baseline_zhou-main\baseline_zhou-main\zhou_icf_mpc_constraint_audit_v1,results\coarse_scan\20260715_104605\cases\A_C01_027\configuration.csv,402,2026-07-15T10:46:20.000,b44766d53490db765003492b2d0b537200e60d519966b45ed0487a311395be6f
jd_jq_audit,C:\Users\catkin\Documents\baseline_zhou\baseline_zhou-main\baseline_zhou-main\zhou_icf_mpc_constraint_audit_v1,results\coarse_scan\20260715_104605\cases\A_C01_027\metrics.csv,2516,2026-07-15T10:46:20.000,9d4d52ad6e594b0415bdea5a02be7c97546e5d4065684d29be71ba67098bac09
jd_jq_audit,C:\Users\catkin\Documents\baseline_zhou\baseline_zhou-main\baseline_zhou-main\zhou_icf_mpc_constraint_audit_v1,results\coarse_scan\20260715_104605\cases\A_C01_028\configuration.csv,402,2026-07-15T10:46:20.000,5cb88f7e7ededd25b7c95d8aac5738bda857c9859312ef90f7bc6c670580ef7f
jd_jq_audit,C:\Users\catkin\Documents\baseline_zhou\baseline_zhou-main\baseline_zhou-main\zhou_icf_mpc_constraint_audit_v1,results\coarse_scan\20260715_104605\cases\A_C01_028\metrics.csv,2512,2026-07-15T10:46:20.000,fa50ba06aa1d39175fe53a3dd416870bde6cb867621579b83b2fa924b34ffa5c
jd_jq_audit,C:\Users\catkin\Documents\baseline_zhou\baseline_zhou-main\baseline_zhou-main\zhou_icf_mpc_constraint_audit_v1,results\coarse_scan\20260715_104605\cases\A_C01_029\configuration.csv,402,2026-07-15T10:46:20.000,475d9beb7a8006ed8bc2ccf021f2e4ea2467f8cb04b23c0f9860fc484284e8df
jd_jq_audit,C:\Users\catkin\Documents\baseline_zhou\baseline_zhou-main\baseline_zhou-main\zhou_icf_mpc_constraint_audit_v1,results\coarse_scan\20260715_104605\cases\A_C01_029\metrics.csv,2512,2026-07-15T10:46:21.000,04f5e0603ce37bca6cde2139195ab763fb5dfed95d5cb02f7e5074b5161518cc
jd_jq_audit,C:\Users\catkin\Documents\baseline_zhou\baseline_zhou-main\baseline_zhou-main\zhou_icf_mpc_constraint_audit_v1,results\coarse_scan\20260715_104605\cases\A_C01_030\configuration.csv,397,2026-07-15T10:46:21.000,643d759381596d2fb8f2ea2b224d9a87607248b38029bbef9454d3d537d086f3
jd_jq_audit,C:\Users\catkin\Documents\baseline_zhou\baseline_zhou-main\baseline_zhou-main\zhou_icf_mpc_constraint_audit_v1,results\coarse_scan\20260715_104605\cases\A_C01_030\metrics.csv,2517,2026-07-15T10:46:21.000,fbd79c9c0f88886f8724c8b22856336f2b5ba19adf8eb8e630089c9eaf823ee6
jd_jq_audit,C:\Users\catkin\Documents\baseline_zhou\baseline_zhou-main\baseline_zhou-main\zhou_icf_mpc_constraint_audit_v1,results\coarse_scan\20260715_104605\cases\A_C01_031\configuration.csv,392,2026-07-15T10:46:21.000,559973212ececb0d03a88508543d879ed16a459defcc20ff58d2d1800a218b0f
jd_jq_audit,C:\Users\catkin\Documents\baseline_zhou\baseline_zhou-main\baseline_zhou-main\zhou_icf_mpc_constraint_audit_v1,results\coarse_scan\20260715_104605\cases\A_C01_031\metrics.csv,2502,2026-07-15T10:46:21.000,39db13fb1c9c810b426ad52481f4ddd4c590a2adbded65adab6266928509399d
jd_jq_audit,C:\Users\catkin\Documents\baseline_zhou\baseline_zhou-main\baseline_zhou-main\zhou_icf_mpc_constraint_audit_v1,results\coarse_scan\20260715_104605\cases\A_C01_032\configuration.csv,400,2026-07-15T10:46:21.000,81d909e62882aded3f72bb306bbb8fd0cb57545c1658fab5f0a889f0dbf74e99
jd_jq_audit,C:\Users\catkin\Documents\baseline_zhou\baseline_zhou-main\baseline_zhou-main\zhou_icf_mpc_constraint_audit_v1,results\coarse_scan\20260715_104605\cases\A_C01_032\metrics.csv,2517,2026-07-15T10:46:22.000,98212d703c491ed118d384e04b23b48c223b120c6cb7f73b98bdf453cf9ce9d6
jd_jq_audit,C:\Users\catkin\Documents\baseline_zhou\baseline_zhou-main\baseline_zhou-main\zhou_icf_mpc_constraint_audit_v1,results\coarse_scan\20260715_104605\cases\A_C01_033\configuration.csv,397,2026-07-15T10:46:22.000,98ecd98512ebffe6fce24c66949bb846469749b9cf3f5446923f80e73b03653f
jd_jq_audit,C:\Users\catkin\Documents\baseline_zhou\baseline_zhou-main\baseline_zhou-main\zhou_icf_mpc_constraint_audit_v1,results\coarse_scan\20260715_104605\cases\A_C01_033\metrics.csv,2514,2026-07-15T10:46:22.000,ba625195f8a94ee684b74cd186006e75e220d4ad7342b55f0d8a5fc6e245b17c
jd_jq_audit,C:\Users\catkin\Documents\baseline_zhou\baseline_zhou-main\baseline_zhou-main\zhou_icf_mpc_constraint_audit_v1,results\coarse_scan\20260715_104605\cases\A_C01_034\configuration.csv,397,2026-07-15T10:46:22.000,0fa5da86e4eb3a304c165779fcbecabfd9c771722b56b4ea73d0b8247f946045
jd_jq_audit,C:\Users\catkin\Documents\baseline_zhou\baseline_zhou-main\baseline_zhou-main\zhou_icf_mpc_constraint_audit_v1,results\coarse_scan\20260715_104605\cases\A_C01_034\metrics.csv,2507,2026-07-15T10:46:22.000,51528b22f02309217aa5447d9f424401d649d2f0b565f80f413acb776d7ad8c5
jd_jq_audit,C:\Users\catkin\Documents\baseline_zhou\baseline_zhou-main\baseline_zhou-main\zhou_icf_mpc_constraint_audit_v1,results\coarse_scan\20260715_104605\cases\A_C01_035\configuration.csv,397,2026-07-15T10:46:22.000,9c5e9555ef07f2d6eaff407fbc2c316fff63a55c58c74dc8c85830315ed94c73
jd_jq_audit,C:\Users\catkin\Documents\baseline_zhou\baseline_zhou-main\baseline_zhou-main\zhou_icf_mpc_constraint_audit_v1,results\coarse_scan\20260715_104605\cases\A_C01_035\metrics.csv,2504,2026-07-15T10:46:23.000,65f06f5b396fb970f549c88cf9cab9346432320e2695e10ea07b161e685dc0fe
jd_jq_audit,C:\Users\catkin\Documents\baseline_zhou\baseline_zhou-main\baseline_zhou-main\zhou_icf_mpc_constraint_audit_v1,results\coarse_scan\20260715_104605\cases\A_C01_036\configuration.csv,392,2026-07-15T10:46:23.000,0178f2242ce490d7942aeab92670e265150d601b292f692a47a612efc2553eae
jd_jq_audit,C:\Users\catkin\Documents\baseline_zhou\baseline_zhou-main\baseline_zhou-main\zhou_icf_mpc_constraint_audit_v1,results\coarse_scan\20260715_104605\cases\A_C01_036\metrics.csv,2505,2026-07-15T10:46:23.000,5b4fddb317b15b1cac956cda3f5e444e5593b2af1275b8c803355b63817cf1d8
jd_jq_audit,C:\Users\catkin\Documents\baseline_zhou\baseline_zhou-main\baseline_zhou-main\zhou_icf_mpc_constraint_audit_v1,results\coarse_scan\20260715_104605\cases\A_C02_001\configuration.csv,389,2026-07-15T10:46:23.000,7adb1b1744ca0dbb20314c417719a3dc754bd04093b140aae6747fd6fbdf9ebe
jd_jq_audit,C:\Users\catkin\Documents\baseline_zhou\baseline_zhou-main\baseline_zhou-main\zhou_icf_mpc_constraint_audit_v1,results\coarse_scan\20260715_104605\cases\A_C02_001\metrics.csv,2577,2026-07-15T10:46:23.000,5ef0203fd2ad78b6af7ab2471c00871e94583cacf5ad8863e07ab8899b26868b
jd_jq_audit,C:\Users\catkin\Documents\baseline_zhou\baseline_zhou-main\baseline_zhou-main\zhou_icf_mpc_constraint_audit_v1,results\coarse_scan\20260715_104605\cases\A_C02_002\configuration.csv,397,2026-07-15T10:46:23.000,921c7461d28c5504c218aeaeffacceaa4640ccd359b42ad1616368255909ea0a
jd_jq_audit,C:\Users\catkin\Documents\baseline_zhou\baseline_zhou-main\baseline_zhou-main\zhou_icf_mpc_constraint_audit_v1,results\coarse_scan\20260715_104605\cases\A_C02_002\metrics.csv,2543,2026-07-15T10:46:23.000,a1b9031ba89e796a1c82401fec7bc49e9cdabb9177d5c3dbac967fbbd3a46a7e
jd_jq_audit,C:\Users\catkin\Documents\baseline_zhou\baseline_zhou-main\baseline_zhou-main\zhou_icf_mpc_constraint_audit_v1,results\coarse_scan\20260715_104605\cases\A_C02_003\configuration.csv,394,2026-07-15T10:46:23.000,ec3f1bd069394c398ea551331959b765602ddd4cec7db5dd4e7ce727b77570c9
jd_jq_audit,C:\Users\catkin\Documents\baseline_zhou\baseline_zhou-main\baseline_zhou-main\zhou_icf_mpc_constraint_audit_v1,results\coarse_scan\20260715_104605\cases\A_C02_003\metrics.csv,2536,2026-07-15T10:46:24.000,314d3dfba8090387675c03433a90fb71a6dba9cf7e7b222b6ff5ed5b9d912768
jd_jq_audit,C:\Users\catkin\Documents\baseline_zhou\baseline_zhou-main\baseline_zhou-main\zhou_icf_mpc_constraint_audit_v1,results\coarse_scan\20260715_104605\cases\A_C02_004\configuration.csv,394,2026-07-15T10:46:24.000,c1eed98f0c953aa10663fb57cad544f201274ce405e4a24a9d281c20e4db330d
jd_jq_audit,C:\Users\catkin\Documents\baseline_zhou\baseline_zhou-main\baseline_zhou-main\zhou_icf_mpc_constraint_audit_v1,results\coarse_scan\20260715_104605\cases\A_C02_004\metrics.csv,2534,2026-07-15T10:46:24.000,65cd53a052d41d7c4021abc53f1368db240fff80803579a1dc759ffc1042619b
jd_jq_audit,C:\Users\catkin\Documents\baseline_zhou\baseline_zhou-main\baseline_zhou-main\zhou_icf_mpc_constraint_audit_v1,results\coarse_scan\20260715_104605\cases\A_C02_005\configuration.csv,394,2026-07-15T10:46:24.000,9f60395a497c827f7f52e318f897b283cc3eca48f09b332557afd647c3a2ddd8
jd_jq_audit,C:\Users\catkin\Documents\baseline_zhou\baseline_zhou-main\baseline_zhou-main\zhou_icf_mpc_constraint_audit_v1,results\coarse_scan\20260715_104605\cases\A_C02_005\metrics.csv,2529,2026-07-15T10:46:24.000,cbf62f13696be666fb501d3c6fafa0169c6f05db71d8b7db8523a0629c37cd4a
jd_jq_audit,C:\Users\catkin\Documents\baseline_zhou\baseline_zhou-main\baseline_zhou-main\zhou_icf_mpc_constraint_audit_v1,results\coarse_scan\20260715_104605\cases\A_C02_006\configuration.csv,389,2026-07-15T10:46:24.000,f9f315f0a32d32682dd30e42f4e9982dfb33390633b8d8a17dd40832d6229f06
jd_jq_audit,C:\Users\catkin\Documents\baseline_zhou\baseline_zhou-main\baseline_zhou-main\zhou_icf_mpc_constraint_audit_v1,results\coarse_scan\20260715_104605\cases\A_C02_006\metrics.csv,2535,2026-07-15T10:46:25.000,8a0f854c6e0cb80ee103962069cb5377213aeed18a1660585e72ead7b45e675f
jd_jq_audit,C:\Users\catkin\Documents\baseline_zhou\baseline_zhou-main\baseline_zhou-main\zhou_icf_mpc_constraint_audit_v1,results\coarse_scan\20260715_104605\cases\A_C02_007\configuration.csv,389,2026-07-15T10:46:25.000,ac6fbc3aac38c6108413bc64f55bd1cdbc71853bfb492d21de246edef4607e51
jd_jq_audit,C:\Users\catkin\Documents\baseline_zhou\baseline_zhou-main\baseline_zhou-main\zhou_icf_mpc_constraint_audit_v1,results\coarse_scan\20260715_104605\cases\A_C02_007\metrics.csv,2576,2026-07-15T10:46:25.000,8b34e8a81400c50b0ad202d731918795af4440e7bbafbb39e880b6b6c9551135
jd_jq_audit,C:\Users\catkin\Documents\baseline_zhou\baseline_zhou-main\baseline_zhou-main\zhou_icf_mpc_constraint_audit_v1,results\coarse_scan\20260715_104605\cases\A_C02_008\configuration.csv,397,2026-07-15T10:46:25.000,ff5f17e90b9de6c8212d63f04c73defcb1763158c76c06ea4e6f42273117fadb
jd_jq_audit,C:\Users\catkin\Documents\baseline_zhou\baseline_zhou-main\baseline_zhou-main\zhou_icf_mpc_constraint_audit_v1,results\coarse_scan\20260715_104605\cases\A_C02_008\metrics.csv,2522,2026-07-15T10:46:26.000,c23a4d92fc04766fa031103562ab7e8f84f9cde549f8d479fc0360c30272dff5
jd_jq_audit,C:\Users\catkin\Documents\baseline_zhou\baseline_zhou-main\baseline_zhou-main\zhou_icf_mpc_constraint_audit_v1,results\coarse_scan\20260715_104605\cases\A_C02_009\configuration.csv,394,2026-07-15T10:46:26.000,07f025ef559492ed2b428cb7e12df2fbc9350e7918194b06f0891a34df39dc95
jd_jq_audit,C:\Users\catkin\Documents\baseline_zhou\baseline_zhou-main\baseline_zhou-main\zhou_icf_mpc_constraint_audit_v1,results\coarse_scan\20260715_104605\cases\A_C02_009\metrics.csv,2526,2026-07-15T10:46:26.000,b7382210545323f008eaa1b98855b1402b13642bd8edca55fc6b027dab66e28f
jd_jq_audit,C:\Users\catkin\Documents\baseline_zhou\baseline_zhou-main\baseline_zhou-main\zhou_icf_mpc_constraint_audit_v1,results\coarse_scan\20260715_104605\cases\A_C02_010\configuration.csv,394,2026-07-15T10:46:26.000,976614cb11166622306ae1ac9e4f226d234945b035d6b2a025b48a548391905f
jd_jq_audit,C:\Users\catkin\Documents\baseline_zhou\baseline_zhou-main\baseline_zhou-main\zhou_icf_mpc_constraint_audit_v1,results\coarse_scan\20260715_104605\cases\A_C02_010\metrics.csv,2528,2026-07-15T10:46:27.000,1833a1a3929dc7bac3f1db469e5561906c057995efe58457609350fa4069f9b5
jd_jq_audit,C:\Users\catkin\Documents\baseline_zhou\baseline_zhou-main\baseline_zhou-main\zhou_icf_mpc_constraint_audit_v1,results\coarse_scan\20260715_104605\cases\A_C02_011\configuration.csv,394,2026-07-15T10:46:27.000,74316ac942ee3039850762753a4a74c9ef50c6d4768e724a8628d9069f1bef4f
jd_jq_audit,C:\Users\catkin\Documents\baseline_zhou\baseline_zhou-main\baseline_zhou-main\zhou_icf_mpc_constraint_audit_v1,results\coarse_scan\20260715_104605\cases\A_C02_011\metrics.csv,2524,2026-07-15T10:46:27.000,7c0aace463b9657299f9405841df8e718dedf19c485249fdbed8a059851af802
jd_jq_audit,C:\Users\catkin\Documents\baseline_zhou\baseline_zhou-main\baseline_zhou-main\zhou_icf_mpc_constraint_audit_v1,results\coarse_scan\20260715_104605\cases\A_C02_012\configuration.csv,389,2026-07-15T10:46:27.000,3f78bd552899b672dd0f3c569b745a034817e17df9439b382d5fa849431af0d7
jd_jq_audit,C:\Users\catkin\Documents\baseline_zhou\baseline_zhou-main\baseline_zhou-main\zhou_icf_mpc_constraint_audit_v1,results\coarse_scan\20260715_104605\cases\A_C02_012\metrics.csv,2535,2026-07-15T10:46:27.000,5d0ada63bc7aa0f148e3422e41604b73604acabfe260607ae4a6e36fd569f1f8
jd_jq_audit,C:\Users\catkin\Documents\baseline_zhou\baseline_zhou-main\baseline_zhou-main\zhou_icf_mpc_constraint_audit_v1,results\coarse_scan\20260715_104605\cases\A_C02_013\configuration.csv,389,2026-07-15T10:46:27.000,f645399ff36b6dc4a99b9f94baa3cafd015715dc4f6cf3e8ec69e6d665f643a4
jd_jq_audit,C:\Users\catkin\Documents\baseline_zhou\baseline_zhou-main\baseline_zhou-main\zhou_icf_mpc_constraint_audit_v1,results\coarse_scan\20260715_104605\cases\A_C02_013\metrics.csv,2565,2026-07-15T10:46:28.000,ab916e42891a53eb1b22bfab1cd070cd2c68fed50cd72aead3df30e384ab12ff
jd_jq_audit,C:\Users\catkin\Documents\baseline_zhou\baseline_zhou-main\baseline_zhou-main\zhou_icf_mpc_constraint_audit_v1,results\coarse_scan\20260715_104605\cases\A_C02_014\configuration.csv,397,2026-07-15T10:46:28.000,de4b757b28302306196948eb1ca1feff073892583a9278f8c267e080ffd2437c
jd_jq_audit,C:\Users\catkin\Documents\baseline_zhou\baseline_zhou-main\baseline_zhou-main\zhou_icf_mpc_constraint_audit_v1,results\coarse_scan\20260715_104605\cases\A_C02_014\metrics.csv,2524,2026-07-15T10:46:28.000,72a7c88465a823f633773bfdae3892dcc12731425e983d4dc92b0bf46f1c25d5
jd_jq_audit,C:\Users\catkin\Documents\baseline_zhou\baseline_zhou-main\baseline_zhou-main\zhou_icf_mpc_constraint_audit_v1,results\coarse_scan\20260715_104605\cases\A_C02_015\configuration.csv,394,2026-07-15T10:46:28.000,c2556f306a1f5e60e3f61a765797f9243e48835c352a84816292798aaa2ad993
jd_jq_audit,C:\Users\catkin\Documents\baseline_zhou\baseline_zhou-main\baseline_zhou-main\zhou_icf_mpc_constraint_audit_v1,results\coarse_scan\20260715_104605\cases\A_C02_015\metrics.csv,2533,2026-07-15T10:46:28.000,55207345ec8ab4ef8f0e9a08eb05b2367ee93ccd4f53fadf4a25959f88a00d93
jd_jq_audit,C:\Users\catkin\Documents\baseline_zhou\baseline_zhou-main\baseline_zhou-main\zhou_icf_mpc_constraint_audit_v1,results\coarse_scan\20260715_104605\cases\A_C02_016\configuration.csv,394,2026-07-15T10:46:28.000,c6d5b091dc08b5e89a3cf6a79353e09d4fa0c6c4e348664ba2f23cb82474a3d1
jd_jq_audit,C:\Users\catkin\Documents\baseline_zhou\baseline_zhou-main\baseline_zhou-main\zhou_icf_mpc_constraint_audit_v1,results\coarse_scan\20260715_104605\cases\A_C02_016\metrics.csv,2525,2026-07-15T10:46:29.000,ea23a5ba356451dc5c506731c85d92041e7560e100289830f52a51f14f007af7
jd_jq_audit,C:\Users\catkin\Documents\baseline_zhou\baseline_zhou-main\baseline_zhou-main\zhou_icf_mpc_constraint_audit_v1,results\coarse_scan\20260715_104605\cases\A_C02_017\configuration.csv,394,2026-07-15T10:46:29.000,942519cf47b32863beedb0db135b24dfdeeb403f20804d8c640d4814902e75e5
jd_jq_audit,C:\Users\catkin\Documents\baseline_zhou\baseline_zhou-main\baseline_zhou-main\zhou_icf_mpc_constraint_audit_v1,results\coarse_scan\20260715_104605\cases\A_C02_017\metrics.csv,2526,2026-07-15T10:46:29.000,d40ad305633c1d4dbd82daacda1ad990c9ad16e9679070cb323dcf3ce7f749f8
jd_jq_audit,C:\Users\catkin\Documents\baseline_zhou\baseline_zhou-main\baseline_zhou-main\zhou_icf_mpc_constraint_audit_v1,results\coarse_scan\20260715_104605\cases\A_C02_018\configuration.csv,389,2026-07-15T10:46:29.000,924a87edeaa8c63f4a952d524f4b62e24ec85c59226e27125553dfca18d19649
jd_jq_audit,C:\Users\catkin\Documents\baseline_zhou\baseline_zhou-main\baseline_zhou-main\zhou_icf_mpc_constraint_audit_v1,results\coarse_scan\20260715_104605\cases\A_C02_018\metrics.csv,2536,2026-07-15T10:46:29.000,81369394bddd809b910bc4c5b2b67a2f5fc835a033b772d08ba9bce55a1641d8
jd_jq_audit,C:\Users\catkin\Documents\baseline_zhou\baseline_zhou-main\baseline_zhou-main\zhou_icf_mpc_constraint_audit_v1,results\coarse_scan\20260715_104605\cases\A_C02_019\configuration.csv,389,2026-07-15T10:46:29.000,30b6cb28f732978536911af1bb475cd485f5630d68652116d1143eb3faf6eff3
jd_jq_audit,C:\Users\catkin\Documents\baseline_zhou\baseline_zhou-main\baseline_zhou-main\zhou_icf_mpc_constraint_audit_v1,results\coarse_scan\20260715_104605\cases\A_C02_019\metrics.csv,2567,2026-07-15T10:46:30.000,ef5dcf4b6c1fb1f706a77660b2af7666600ae44a5cdf5d84f3f9c1261557198d
jd_jq_audit,C:\Users\catkin\Documents\baseline_zhou\baseline_zhou-main\baseline_zhou-main\zhou_icf_mpc_constraint_audit_v1,results\coarse_scan\20260715_104605\cases\A_C02_020\configuration.csv,397,2026-07-15T10:46:30.000,c705382c4667c1ae270dd61004ddddba8d5b23c304e69cf997d5508c4e71fe11
jd_jq_audit,C:\Users\catkin\Documents\baseline_zhou\baseline_zhou-main\baseline_zhou-main\zhou_icf_mpc_constraint_audit_v1,results\coarse_scan\20260715_104605\cases\A_C02_020\metrics.csv,2533,2026-07-15T10:46:30.000,a4ad8b9f9d71bdbf81c229d427bca4f4f0a40431bbc6486b45537b3a4ee1e7f9
jd_jq_audit,C:\Users\catkin\Documents\baseline_zhou\baseline_zhou-main\baseline_zhou-main\zhou_icf_mpc_constraint_audit_v1,results\coarse_scan\20260715_104605\cases\A_C02_021\configuration.csv,394,2026-07-15T10:46:30.000,c7c5217b523bf23403b64ce61835f16c9bad7dee70fe40074063f66bd33abe74
jd_jq_audit,C:\Users\catkin\Documents\baseline_zhou\baseline_zhou-main\baseline_zhou-main\zhou_icf_mpc_constraint_audit_v1,results\coarse_scan\20260715_104605\cases\A_C02_021\metrics.csv,2530,2026-07-15T10:46:30.000,9610f251fa9528cb8a3ed4af5bf55a2530366a88704beaedcdfca8b6fe8c5835
jd_jq_audit,C:\Users\catkin\Documents\baseline_zhou\baseline_zhou-main\baseline_zhou-main\zhou_icf_mpc_constraint_audit_v1,results\coarse_scan\20260715_104605\cases\A_C02_022\configuration.csv,394,2026-07-15T10:46:30.000,84b16284613b1c34f2211fbb2cb5cabaf0998ff5d83580c73d37d0c07fbb7df3
jd_jq_audit,C:\Users\catkin\Documents\baseline_zhou\baseline_zhou-main\baseline_zhou-main\zhou_icf_mpc_constraint_audit_v1,results\coarse_scan\20260715_104605\cases\A_C02_022\metrics.csv,2507,2026-07-15T10:46:31.000,fc41196dca607b1511669b8d3d43c479a8a40e8cd36d85bfda8905400278f749
jd_jq_audit,C:\Users\catkin\Documents\baseline_zhou\baseline_zhou-main\baseline_zhou-main\zhou_icf_mpc_constraint_audit_v1,results\coarse_scan\20260715_104605\cases\A_C02_023\configuration.csv,394,2026-07-15T10:46:31.000,a4defb45a7a07b3e873efbbea21e5eb8b1d34ccfdafa6f8613f85b13c7103bbb
jd_jq_audit,C:\Users\catkin\Documents\baseline_zhou\baseline_zhou-main\baseline_zhou-main\zhou_icf_mpc_constraint_audit_v1,results\coarse_scan\20260715_104605\cases\A_C02_023\metrics.csv,2494,2026-07-15T10:46:31.000,8e8db892fa39788df3833fde9aefe196aa65a8b9ea828a8d3ae47bd2d812d1f7
jd_jq_audit,C:\Users\catkin\Documents\baseline_zhou\baseline_zhou-main\baseline_zhou-main\zhou_icf_mpc_constraint_audit_v1,results\coarse_scan\20260715_104605\cases\A_C02_024\configuration.csv,389,2026-07-15T10:46:31.000,a881bc1798a413b2911929eced30cb7e6f7775b5c5e4786d406ee399c731e8e4
jd_jq_audit,C:\Users\catkin\Documents\baseline_zhou\baseline_zhou-main\baseline_zhou-main\zhou_icf_mpc_constraint_audit_v1,results\coarse_scan\20260715_104605\cases\A_C02_024\metrics.csv,2516,2026-07-15T10:46:31.000,8652ebd28ce632e82891427fae6a147ef1c006ec8d18cad0ea9895505a18093f
jd_jq_audit,C:\Users\catkin\Documents\baseline_zhou\baseline_zhou-main\baseline_zhou-main\zhou_icf_mpc_constraint_audit_v1,results\coarse_scan\20260715_104605\cases\A_C02_025\configuration.csv,389,2026-07-15T10:46:31.000,4ff31b7e620fbee845d62999e2e67fc46fd8abce648692fe25b7f9638515f111
jd_jq_audit,C:\Users\catkin\Documents\baseline_zhou\baseline_zhou-main\baseline_zhou-main\zhou_icf_mpc_constraint_audit_v1,results\coarse_scan\20260715_104605\cases\A_C02_025\metrics.csv,2567,2026-07-15T10:46:32.000,a99b1ab7b05a7a2764df55495c72c546b179b605f7bc3126755f006be8ddb8cb
jd_jq_audit,C:\Users\catkin\Documents\baseline_zhou\baseline_zhou-main\baseline_zhou-main\zhou_icf_mpc_constraint_audit_v1,results\coarse_scan\20260715_104605\cases\A_C02_026\configuration.csv,397,2026-07-15T10:46:32.000,45a85a4304cdff7205272de96424edf55ffde3ca3d88fc82ab05782e0e43683d
jd_jq_audit,C:\Users\catkin\Documents\baseline_zhou\baseline_zhou-main\baseline_zhou-main\zhou_icf_mpc_constraint_audit_v1,results\coarse_scan\20260715_104605\cases\A_C02_026\metrics.csv,2518,2026-07-15T10:46:32.000,70a51b7187d72965a6882b52bee2eb58296bef7bd2f36c3994ea033638fcdd2a
jd_jq_audit,C:\Users\catkin\Documents\baseline_zhou\baseline_zhou-main\baseline_zhou-main\zhou_icf_mpc_constraint_audit_v1,results\coarse_scan\20260715_104605\cases\A_C02_027\configuration.csv,394,2026-07-15T10:46:32.000,9da8133e0130576d1a50b066579a382fc825cc245588f20ebed403546541843f
jd_jq_audit,C:\Users\catkin\Documents\baseline_zhou\baseline_zhou-main\baseline_zhou-main\zhou_icf_mpc_constraint_audit_v1,results\coarse_scan\20260715_104605\cases\A_C02_027\metrics.csv,2515,2026-07-15T10:46:32.000,5570a523401cb500fc9de4a6daab031b97e9f550e333e0a9721a030779244c91
jd_jq_audit,C:\Users\catkin\Documents\baseline_zhou\baseline_zhou-main\baseline_zhou-main\zhou_icf_mpc_constraint_audit_v1,results\coarse_scan\20260715_104605\cases\A_C02_028\configuration.csv,394,2026-07-15T10:46:32.000,67294545222c7e161fdcdb52eccbe22a57c45024f1fe300fe782533e7e3fb92b
jd_jq_audit,C:\Users\catkin\Documents\baseline_zhou\baseline_zhou-main\baseline_zhou-main\zhou_icf_mpc_constraint_audit_v1,results\coarse_scan\20260715_104605\cases\A_C02_028\metrics.csv,2505,2026-07-15T10:46:33.000,d7b8411694e0d881f80e08456d9f1ca03a7fee8c6c947f1a568e78019b1727e8
jd_jq_audit,C:\Users\catkin\Documents\baseline_zhou\baseline_zhou-main\baseline_zhou-main\zhou_icf_mpc_constraint_audit_v1,results\coarse_scan\20260715_104605\cases\A_C02_029\configuration.csv,394,2026-07-15T10:46:57.000,f0a2a985f4f423abeeed52de1e88cfb2fb8cff5e05679b1d41e38e127957af14
jd_jq_audit,C:\Users\catkin\Documents\baseline_zhou\baseline_zhou-main\baseline_zhou-main\zhou_icf_mpc_constraint_audit_v1,results\coarse_scan\20260715_104605\cases\A_C02_029\metrics.csv,2502,2026-07-15T10:46:58.000,2ee5be54e47cafe06041fbc777932fb85852bedbe278fd82f6a19283cbe1f59c
jd_jq_audit,C:\Users\catkin\Documents\baseline_zhou\baseline_zhou-main\baseline_zhou-main\zhou_icf_mpc_constraint_audit_v1,results\coarse_scan\20260715_104605\cases\A_C02_030\configuration.csv,389,2026-07-15T10:46:58.000,4de7c36928560cdc6dff0e078a62fa2ab7fd4691684bfbd902decb617bdbbf72
jd_jq_audit,C:\Users\catkin\Documents\baseline_zhou\baseline_zhou-main\baseline_zhou-main\zhou_icf_mpc_constraint_audit_v1,results\coarse_scan\20260715_104605\cases\A_C02_030\metrics.csv,2513,2026-07-15T10:46:58.000,704fe8a8c29d644adfd51f1829a1e72a4484e17d502608158f57e816b6f10361
jd_jq_audit,C:\Users\catkin\Documents\baseline_zhou\baseline_zhou-main\baseline_zhou-main\zhou_icf_mpc_constraint_audit_v1,results\coarse_scan\20260715_104605\cases\A_C02_031\configuration.csv,384,2026-07-15T10:46:58.000,13f7602f7d57a56e3f174fd0da4853b7a3c4fe392b71d012a680f7f22edaf18d
jd_jq_audit,C:\Users\catkin\Documents\baseline_zhou\baseline_zhou-main\baseline_zhou-main\zhou_icf_mpc_constraint_audit_v1,results\coarse_scan\20260715_104605\cases\A_C02_031\metrics.csv,2454,2026-07-15T10:46:59.000,42b15bc9f6b25a22572f9a330b6b6882b7f712db610ddba767e6d34ef3612ac1
jd_jq_audit,C:\Users\catkin\Documents\baseline_zhou\baseline_zhou-main\baseline_zhou-main\zhou_icf_mpc_constraint_audit_v1,results\coarse_scan\20260715_104605\cases\A_C02_032\configuration.csv,392,2026-07-15T10:46:59.000,34faa36a7fb5e54418ff3384f4a0d63e5232bd30a22afa00e05ed94ee1b20924
jd_jq_audit,C:\Users\catkin\Documents\baseline_zhou\baseline_zhou-main\baseline_zhou-main\zhou_icf_mpc_constraint_audit_v1,results\coarse_scan\20260715_104605\cases\A_C02_032\metrics.csv,2515,2026-07-15T10:46:59.000,dad20862ec897b7474555d362a4336bc2bf69315d126d9148622cf78dc2a6d3e
jd_jq_audit,C:\Users\catkin\Documents\baseline_zhou\baseline_zhou-main\baseline_zhou-main\zhou_icf_mpc_constraint_audit_v1,results\coarse_scan\20260715_104605\cases\A_C02_033\configuration.csv,389,2026-07-15T10:46:59.000,d3918405dee98a965ae91ac0f8306b9fdc6645930fe6411bdd0e08b0c999cbf6
jd_jq_audit,C:\Users\catkin\Documents\baseline_zhou\baseline_zhou-main\baseline_zhou-main\zhou_icf_mpc_constraint_audit_v1,results\coarse_scan\20260715_104605\cases\A_C02_033\metrics.csv,2513,2026-07-15T10:47:00.000,29e956525e040f776fdf9b702905ce440cf0a09d364741dd0170adf0c67cd60a
jd_jq_audit,C:\Users\catkin\Documents\baseline_zhou\baseline_zhou-main\baseline_zhou-main\zhou_icf_mpc_constraint_audit_v1,results\coarse_scan\20260715_104605\cases\A_C02_034\configuration.csv,389,2026-07-15T10:47:00.000,eb1f18df6c89f1dd0ea0a659bd7bfba7fd6161efd04192ca7208feb884baa33f
jd_jq_audit,C:\Users\catkin\Documents\baseline_zhou\baseline_zhou-main\baseline_zhou-main\zhou_icf_mpc_constraint_audit_v1,results\coarse_scan\20260715_104605\cases\A_C02_034\metrics.csv,2503,2026-07-15T10:47:00.000,6a3a99b99508e48b9131af77ebb09e807b6601531330931f5b9a389608e0b586
jd_jq_audit,C:\Users\catkin\Documents\baseline_zhou\baseline_zhou-main\baseline_zhou-main\zhou_icf_mpc_constraint_audit_v1,results\coarse_scan\20260715_104605\cases\A_C02_035\configuration.csv,389,2026-07-15T10:47:00.000,5696a2f29b259a6675066e879737d6efef6b98baaf67c0aa8b0c72bd35c906f2
jd_jq_audit,C:\Users\catkin\Documents\baseline_zhou\baseline_zhou-main\baseline_zhou-main\zhou_icf_mpc_constraint_audit_v1,results\coarse_scan\20260715_104605\cases\A_C02_035\metrics.csv,2514,2026-07-15T10:47:01.000,95313f3692ef5f2648ac975811d20626d6a9aec63fe0bbe29fc365fe36d16805
jd_jq_audit,C:\Users\catkin\Documents\baseline_zhou\baseline_zhou-main\baseline_zhou-main\zhou_icf_mpc_constraint_audit_v1,results\coarse_scan\20260715_104605\cases\A_C02_036\configuration.csv,384,2026-07-15T10:47:01.000,d4c9e83f35b865658f0d2bd39897f4396941ec21c9bd13a48ba6bd9150c56d07
jd_jq_audit,C:\Users\catkin\Documents\baseline_zhou\baseline_zhou-main\baseline_zhou-main\zhou_icf_mpc_constraint_audit_v1,results\coarse_scan\20260715_104605\cases\A_C02_036\metrics.csv,2498,2026-07-15T10:47:01.000,74536ecc08f598dfaf0c517b3f136009da3344c1dcdb864674912648a6f8c0c8
jd_jq_audit,C:\Users\catkin\Documents\baseline_zhou\baseline_zhou-main\baseline_zhou-main\zhou_icf_mpc_constraint_audit_v1,results\coarse_scan\20260715_104605\cases\A_C03_001\configuration.csv,407,2026-07-15T10:47:01.000,7a2b3923603086c1eac4b28da2b39bb7683e05f6cd96c8c25805508a1f3b4f15
jd_jq_audit,C:\Users\catkin\Documents\baseline_zhou\baseline_zhou-main\baseline_zhou-main\zhou_icf_mpc_constraint_audit_v1,results\coarse_scan\20260715_104605\cases\A_C03_001\metrics.csv,2595,2026-07-15T10:47:01.000,7f55fa1aed54b2761e410c55687bfc5800cb1f442ea073efd7d5ee0960b6b837
jd_jq_audit,C:\Users\catkin\Documents\baseline_zhou\baseline_zhou-main\baseline_zhou-main\zhou_icf_mpc_constraint_audit_v1,results\coarse_scan\20260715_104605\cases\A_C03_002\configuration.csv,415,2026-07-15T10:47:01.000,3e54a68d190f6db6db7316af0b61edbea84bceb9a437eb1cc412ce662b354565
jd_jq_audit,C:\Users\catkin\Documents\baseline_zhou\baseline_zhou-main\baseline_zhou-main\zhou_icf_mpc_constraint_audit_v1,results\coarse_scan\20260715_104605\cases\A_C03_002\metrics.csv,2557,2026-07-15T10:47:01.000,ab4bf759f6a8fee119e41cef53783df45a5b4dd831258045e52d2d52762a3241
jd_jq_audit,C:\Users\catkin\Documents\baseline_zhou\baseline_zhou-main\baseline_zhou-main\zhou_icf_mpc_constraint_audit_v1,results\coarse_scan\20260715_104605\cases\A_C03_003\configuration.csv,412,2026-07-15T10:47:01.000,3b6741f7baa6b283dc32b02667c3020931740ef3948a2c9f49b466c716bbc8e9
jd_jq_audit,C:\Users\catkin\Documents\baseline_zhou\baseline_zhou-main\baseline_zhou-main\zhou_icf_mpc_constraint_audit_v1,results\coarse_scan\20260715_104605\cases\A_C03_003\metrics.csv,2552,2026-07-15T10:47:02.000,45bf2f927bc6c70d437af79d83a7e102b93cafb3e075351ab3ff8cf6875e53de
jd_jq_audit,C:\Users\catkin\Documents\baseline_zhou\baseline_zhou-main\baseline_zhou-main\zhou_icf_mpc_constraint_audit_v1,results\coarse_scan\20260715_104605\cases\A_C03_004\configuration.csv,412,2026-07-15T10:47:02.000,c65a093a276bfc3afe6ce09ff91717cb26efec40391f81a93a145a1e58b1cb40
jd_jq_audit,C:\Users\catkin\Documents\baseline_zhou\baseline_zhou-main\baseline_zhou-main\zhou_icf_mpc_constraint_audit_v1,results\coarse_scan\20260715_104605\cases\A_C03_004\metrics.csv,2536,2026-07-15T10:47:02.000,886e5a522e80fa29e2aa4799dd48c2ff2eefa858becfb378a5edd87eb9cb635a
jd_jq_audit,C:\Users\catkin\Documents\baseline_zhou\baseline_zhou-main\baseline_zhou-main\zhou_icf_mpc_constraint_audit_v1,results\coarse_scan\20260715_104605\cases\A_C03_005\configuration.csv,412,2026-07-15T10:47:02.000,ad839916e903bd21f83e5a5ee2dd9beddc08cdb31e885d8d22b23c4fdcc1968b
jd_jq_audit,C:\Users\catkin\Documents\baseline_zhou\baseline_zhou-main\baseline_zhou-main\zhou_icf_mpc_constraint_audit_v1,results\coarse_scan\20260715_104605\cases\A_C03_005\metrics.csv,2544,2026-07-15T10:47:02.000,0c56646e5bdc0a3d08d71721f2b569b5f3daa1320712ffae2a095f86caf165c4
jd_jq_audit,C:\Users\catkin\Documents\baseline_zhou\baseline_zhou-main\baseline_zhou-main\zhou_icf_mpc_constraint_audit_v1,results\coarse_scan\20260715_104605\cases\A_C03_006\configuration.csv,407,2026-07-15T10:47:02.000,cd364af0be0bf9117684aeda693621657a1b3ab9795ad0b9c13e617b1bf11369
jd_jq_audit,C:\Users\catkin\Documents\baseline_zhou\baseline_zhou-main\baseline_zhou-main\zhou_icf_mpc_constraint_audit_v1,results\coarse_scan\20260715_104605\cases\A_C03_006\metrics.csv,2551,2026-07-15T10:47:02.000,87fa0a1ebe5d751cafaae2782932d2ca5468f354ed3e99c3aa679dcfd759613c
jd_jq_audit,C:\Users\catkin\Documents\baseline_zhou\baseline_zhou-main\baseline_zhou-main\zhou_icf_mpc_constraint_audit_v1,results\coarse_scan\20260715_104605\cases\A_C03_007\configuration.csv,407,2026-07-15T10:47:02.000,a7ed43cf289c2055944bfc6c41f1f59cd6a4cc5e809d1ed96c9713c2c73cd5c6
jd_jq_audit,C:\Users\catkin\Documents\baseline_zhou\baseline_zhou-main\baseline_zhou-main\zhou_icf_mpc_constraint_audit_v1,results\coarse_scan\20260715_104605\cases\A_C03_007\metrics.csv,2585,2026-07-15T10:47:02.000,90e6fdc9bc0acc220f34c2736dd7a941f3515279f766d54371285363c5f6d6cc
jd_jq_audit,C:\Users\catkin\Documents\baseline_zhou\baseline_zhou-main\baseline_zhou-main\zhou_icf_mpc_constraint_audit_v1,results\coarse_scan\20260715_104605\cases\A_C03_008\configuration.csv,415,2026-07-15T10:47:02.000,555e92ba1e512f15e4280ed21fd061d4bfd4bdb0759e50123b2d7f2556a6e7f0
jd_jq_audit,C:\Users\catkin\Documents\baseline_zhou\baseline_zhou-main\baseline_zhou-main\zhou_icf_mpc_constraint_audit_v1,results\coarse_scan\20260715_104605\cases\A_C03_008\metrics.csv,2543,2026-07-15T10:47:02.000,24abd23da2bc9671eafad7fb511e7501705a740671b36b8af2cec2a3bb71eacf
jd_jq_audit,C:\Users\catkin\Documents\baseline_zhou\baseline_zhou-main\baseline_zhou-main\zhou_icf_mpc_constraint_audit_v1,results\coarse_scan\20260715_104605\cases\A_C03_009\configuration.csv,412,2026-07-15T10:47:03.000,9f755a394165d19932b0ab0aeac183fad0954a91ad50045c4e30465e769aadf2
jd_jq_audit,C:\Users\catkin\Documents\baseline_zhou\baseline_zhou-main\baseline_zhou-main\zhou_icf_mpc_constraint_audit_v1,results\coarse_scan\20260715_104605\cases\A_C03_009\metrics.csv,2538,2026-07-15T10:47:03.000,0a1734a07091064dbdcb5947749f8c11a066375fadc28a6c9e8ec122170b840a
jd_jq_audit,C:\Users\catkin\Documents\baseline_zhou\baseline_zhou-main\baseline_zhou-main\zhou_icf_mpc_constraint_audit_v1,results\coarse_scan\20260715_104605\cases\A_C03_010\configuration.csv,412,2026-07-15T10:47:03.000,56bcd1e4d7b14f49fdc6559a1c5048d3f9367276173452a897eef524412c93fc
jd_jq_audit,C:\Users\catkin\Documents\baseline_zhou\baseline_zhou-main\baseline_zhou-main\zhou_icf_mpc_constraint_audit_v1,results\coarse_scan\20260715_104605\cases\A_C03_010\metrics.csv,2530,2026-07-15T10:47:03.000,d43bafb4504d780c735016acf9f3a959b11c689818c69f3ea1aaadb1ac9811be
jd_jq_audit,C:\Users\catkin\Documents\baseline_zhou\baseline_zhou-main\baseline_zhou-main\zhou_icf_mpc_constraint_audit_v1,results\coarse_scan\20260715_104605\cases\A_C03_011\configuration.csv,412,2026-07-15T10:47:03.000,e7706393d92f3d41ecb46b2e552ced79edfe06497b8b2fa4eccf19d936c45dc5
jd_jq_audit,C:\Users\catkin\Documents\baseline_zhou\baseline_zhou-main\baseline_zhou-main\zhou_icf_mpc_constraint_audit_v1,results\coarse_scan\20260715_104605\cases\A_C03_011\metrics.csv,2555,2026-07-15T10:47:03.000,4b94539a0917a75f2757015fa2fb5179cc1b90ea5dafd977581348badfa7e9d8
jd_jq_audit,C:\Users\catkin\Documents\baseline_zhou\baseline_zhou-main\baseline_zhou-main\zhou_icf_mpc_constraint_audit_v1,results\coarse_scan\20260715_104605\cases\A_C03_012\configuration.csv,407,2026-07-15T10:47:03.000,8ac4284a56c7aa2480427b8b046f52152d5607219e9fdf097af14b512dc5c311
jd_jq_audit,C:\Users\catkin\Documents\baseline_zhou\baseline_zhou-main\baseline_zhou-main\zhou_icf_mpc_constraint_audit_v1,results\coarse_scan\20260715_104605\cases\A_C03_012\metrics.csv,2552,2026-07-15T10:47:03.000,ab1de3e78dec9b3ad3ab71b55c056cb2217197332b24df2e563abd953700c72a
jd_jq_audit,C:\Users\catkin\Documents\baseline_zhou\baseline_zhou-main\baseline_zhou-main\zhou_icf_mpc_constraint_audit_v1,results\coarse_scan\20260715_104605\cases\A_C03_013\configuration.csv,407,2026-07-15T10:47:03.000,882fec34ef3e1b51fa5d960ba12529c7079f8abfe3263c4c44ebe0e3507553f9
jd_jq_audit,C:\Users\catkin\Documents\baseline_zhou\baseline_zhou-main\baseline_zhou-main\zhou_icf_mpc_constraint_audit_v1,results\coarse_scan\20260715_104605\cases\A_C03_013\metrics.csv,2583,2026-07-15T10:47:03.000,0bdc98d7a8ee7aec5ae7557c648a134c152dd3c7d9ee5828f2ebebb758d5eff1
jd_jq_audit,C:\Users\catkin\Documents\baseline_zhou\baseline_zhou-main\baseline_zhou-main\zhou_icf_mpc_constraint_audit_v1,results\coarse_scan\20260715_104605\cases\A_C03_014\configuration.csv,415,2026-07-15T10:47:03.000,0b95064dd5c2f7d849d27ea9d1588048f19405604dbeba925db0dfb71fb25da3
jd_jq_audit,C:\Users\catkin\Documents\baseline_zhou\baseline_zhou-main\baseline_zhou-main\zhou_icf_mpc_constraint_audit_v1,results\coarse_scan\20260715_104605\cases\A_C03_014\metrics.csv,2538,2026-07-15T10:47:04.000,8a03b07ef635484b27486dbab1b7b088d0282f5fb5e02c79f1b891fc8e8640bc
jd_jq_audit,C:\Users\catkin\Documents\baseline_zhou\baseline_zhou-main\baseline_zhou-main\zhou_icf_mpc_constraint_audit_v1,results\coarse_scan\20260715_104605\cases\A_C03_015\configuration.csv,412,2026-07-15T10:47:04.000,c7359d22cdb1c8c5eb22e39bae408093e303bb69d2cc8b4546ad3dafec08a833
jd_jq_audit,C:\Users\catkin\Documents\baseline_zhou\baseline_zhou-main\baseline_zhou-main\zhou_icf_mpc_constraint_audit_v1,results\coarse_scan\20260715_104605\cases\A_C03_015\metrics.csv,2532,2026-07-15T10:47:04.000,4872129d2814fa86c2eb601ba237f5cb303204643edb6429bc4f4f27eec8b5f4
jd_jq_audit,C:\Users\catkin\Documents\baseline_zhou\baseline_zhou-main\baseline_zhou-main\zhou_icf_mpc_constraint_audit_v1,results\coarse_scan\20260715_104605\cases\A_C03_016\configuration.csv,412,2026-07-15T10:47:04.000,6a6c19b1f8cb19e3b61de6218b2a7a0ddf3063d183bdf4249fcda0bdbc7f756d
jd_jq_audit,C:\Users\catkin\Documents\baseline_zhou\baseline_zhou-main\baseline_zhou-main\zhou_icf_mpc_constraint_audit_v1,results\coarse_scan\20260715_104605\cases\A_C03_016\metrics.csv,2538,2026-07-15T10:47:04.000,0bb1f9bc907249a3ec63bbb47f2c38cfe252b03512a09c5fe5c33318d5624f3b
jd_jq_audit,C:\Users\catkin\Documents\baseline_zhou\baseline_zhou-main\baseline_zhou-main\zhou_icf_mpc_constraint_audit_v1,results\coarse_scan\20260715_104605\cases\A_C03_017\configuration.csv,412,2026-07-15T10:47:04.000,893aa0e3f714a3d9b0b4556fc2488244194720598042d0873d4a9237fcc85f3f
jd_jq_audit,C:\Users\catkin\Documents\baseline_zhou\baseline_zhou-main\baseline_zhou-main\zhou_icf_mpc_constraint_audit_v1,results\coarse_scan\20260715_104605\cases\A_C03_017\metrics.csv,2543,2026-07-15T10:47:04.000,6857836a5ea81ea60570836d10fdf5d67a6f301472794527ae87cee1835385c5
jd_jq_audit,C:\Users\catkin\Documents\baseline_zhou\baseline_zhou-main\baseline_zhou-main\zhou_icf_mpc_constraint_audit_v1,results\coarse_scan\20260715_104605\cases\A_C03_018\configuration.csv,407,2026-07-15T10:47:04.000,689982d91905cb19c46f66874e590fc8c3872eed60407efa9fe295356f2da9ef
jd_jq_audit,C:\Users\catkin\Documents\baseline_zhou\baseline_zhou-main\baseline_zhou-main\zhou_icf_mpc_constraint_audit_v1,results\coarse_scan\20260715_104605\cases\A_C03_018\metrics.csv,2542,2026-07-15T10:47:04.000,a70b13daf924448510e3add3e388b4df3bcee05dd4cb6b61408af8fd9afbc3ab
jd_jq_audit,C:\Users\catkin\Documents\baseline_zhou\baseline_zhou-main\baseline_zhou-main\zhou_icf_mpc_constraint_audit_v1,results\coarse_scan\20260715_104605\cases\A_C03_019\configuration.csv,407,2026-07-15T10:47:04.000,6e2336767f577cc2d7cf591992ece03e7c502dec74d614a30c645c7d5b3ba770
jd_jq_audit,C:\Users\catkin\Documents\baseline_zhou\baseline_zhou-main\baseline_zhou-main\zhou_icf_mpc_constraint_audit_v1,results\coarse_scan\20260715_104605\cases\A_C03_019\metrics.csv,2578,2026-07-15T10:47:04.000,6ae7f120fec9e6373926e33b36fa0ac33ad9f3ddb01b017b264b96143b2b9b28
jd_jq_audit,C:\Users\catkin\Documents\baseline_zhou\baseline_zhou-main\baseline_zhou-main\zhou_icf_mpc_constraint_audit_v1,results\coarse_scan\20260715_104605\cases\A_C03_020\configuration.csv,415,2026-07-15T10:47:04.000,4d4f52efea61e7fa0f0655b48b9bade1af3e2431baaad636068fc5214c09eb4e
jd_jq_audit,C:\Users\catkin\Documents\baseline_zhou\baseline_zhou-main\baseline_zhou-main\zhou_icf_mpc_constraint_audit_v1,results\coarse_scan\20260715_104605\cases\A_C03_020\metrics.csv,2548,2026-07-15T10:47:05.000,696bab5bf36001cbba3e5d131c98a6b1acf949e7e0c6c3f18a186d1a605a32b7
jd_jq_audit,C:\Users\catkin\Documents\baseline_zhou\baseline_zhou-main\baseline_zhou-main\zhou_icf_mpc_constraint_audit_v1,results\coarse_scan\20260715_104605\cases\A_C03_021\configuration.csv,412,2026-07-15T10:47:05.000,7e436b337143e708e6939eba1364e734545981026381e91d2c5907e74351755b
jd_jq_audit,C:\Users\catkin\Documents\baseline_zhou\baseline_zhou-main\baseline_zhou-main\zhou_icf_mpc_constraint_audit_v1,results\coarse_scan\20260715_104605\cases\A_C03_021\metrics.csv,2546,2026-07-15T10:47:05.000,183dac70c91619a26c9bd42d83f9ef6574e2bbcbc4ec21bfbad982513b9db8ad
jd_jq_audit,C:\Users\catkin\Documents\baseline_zhou\baseline_zhou-main\baseline_zhou-main\zhou_icf_mpc_constraint_audit_v1,results\coarse_scan\20260715_104605\cases\A_C03_022\configuration.csv,412,2026-07-15T10:47:05.000,b8f10ffe2c1d996b57cf5515452d20e75d56989e22cbb9cb23b10b1f06b11dec
jd_jq_audit,C:\Users\catkin\Documents\baseline_zhou\baseline_zhou-main\baseline_zhou-main\zhou_icf_mpc_constraint_audit_v1,results\coarse_scan\20260715_104605\cases\A_C03_022\metrics.csv,2539,2026-07-15T10:47:05.000,380bf9912dde0b867b5fd97d1a33ee9cf1d3604da5b4b270a4314971e6bf2ee8
jd_jq_audit,C:\Users\catkin\Documents\baseline_zhou\baseline_zhou-main\baseline_zhou-main\zhou_icf_mpc_constraint_audit_v1,results\coarse_scan\20260715_104605\cases\A_C03_023\configuration.csv,412,2026-07-15T10:47:05.000,eee955b22d0abb075f25378d97de3fd84e5524a612a941825ad951cc86ef29c2
jd_jq_audit,C:\Users\catkin\Documents\baseline_zhou\baseline_zhou-main\baseline_zhou-main\zhou_icf_mpc_constraint_audit_v1,results\coarse_scan\20260715_104605\cases\A_C03_023\metrics.csv,2543,2026-07-15T10:47:05.000,c1f231f4a94497638e25ad4401de519f8b4bc57d3bf54a3694f937e3c8650eda
jd_jq_audit,C:\Users\catkin\Documents\baseline_zhou\baseline_zhou-main\baseline_zhou-main\zhou_icf_mpc_constraint_audit_v1,results\coarse_scan\20260715_104605\cases\A_C03_024\configuration.csv,407,2026-07-15T10:47:05.000,e23e1a70e972135aa64491c4fe3f47a670e0193c9afbf114628e229fc1a6f782
jd_jq_audit,C:\Users\catkin\Documents\baseline_zhou\baseline_zhou-main\baseline_zhou-main\zhou_icf_mpc_constraint_audit_v1,results\coarse_scan\20260715_104605\cases\A_C03_024\metrics.csv,2550,2026-07-15T10:47:05.000,09703bdbf4164f10ff17e0ca0114684b7dda88dbf175b305b21c8274b9ed4da6
jd_jq_audit,C:\Users\catkin\Documents\baseline_zhou\baseline_zhou-main\baseline_zhou-main\zhou_icf_mpc_constraint_audit_v1,results\coarse_scan\20260715_104605\cases\A_C03_025\configuration.csv,407,2026-07-15T10:47:05.000,d9c64127ea3355984eb24de9b7cffe53f2031f5e95773acc975b12e013d8859c
jd_jq_audit,C:\Users\catkin\Documents\baseline_zhou\baseline_zhou-main\baseline_zhou-main\zhou_icf_mpc_constraint_audit_v1,results\coarse_scan\20260715_104605\cases\A_C03_025\metrics.csv,2582,2026-07-15T10:47:05.000,afa55ed8622229d5873e5801b68fa3a1d862a346f6de0f1076669f504248b2f2
jd_jq_audit,C:\Users\catkin\Documents\baseline_zhou\baseline_zhou-main\baseline_zhou-main\zhou_icf_mpc_constraint_audit_v1,results\coarse_scan\20260715_104605\cases\A_C03_026\configuration.csv,415,2026-07-15T10:47:05.000,4a400923d32d9d1e801d156b773c6429b947d92a74f2fb1353838d2924b8bb7f
jd_jq_audit,C:\Users\catkin\Documents\baseline_zhou\baseline_zhou-main\baseline_zhou-main\zhou_icf_mpc_constraint_audit_v1,results\coarse_scan\20260715_104605\cases\A_C03_026\metrics.csv,2542,2026-07-15T10:47:06.000,dce2079e2b0e618a4122d1b60fb063bb128e7fec6db1ecff0443b51e300495a3
jd_jq_audit,C:\Users\catkin\Documents\baseline_zhou\baseline_zhou-main\baseline_zhou-main\zhou_icf_mpc_constraint_audit_v1,results\coarse_scan\20260715_104605\cases\A_C03_027\configuration.csv,412,2026-07-15T10:47:06.000,2a16197886bfafba5c59ab510fddc1e4558baa55e2d4797940bdbd82a0f67a90
jd_jq_audit,C:\Users\catkin\Documents\baseline_zhou\baseline_zhou-main\baseline_zhou-main\zhou_icf_mpc_constraint_audit_v1,results\coarse_scan\20260715_104605\cases\A_C03_027\metrics.csv,2544,2026-07-15T10:47:06.000,065e87e5c91969465d987ca65971ad3eefbc6758336102896e7712e46ab09229
jd_jq_audit,C:\Users\catkin\Documents\baseline_zhou\baseline_zhou-main\baseline_zhou-main\zhou_icf_mpc_constraint_audit_v1,results\coarse_scan\20260715_104605\cases\A_C03_028\configuration.csv,412,2026-07-15T10:47:06.000,4d855f5b0b9c1abaeea032bb8682a47cf98a07ed8c5a3a8f907a1f4875fc93a3
jd_jq_audit,C:\Users\catkin\Documents\baseline_zhou\baseline_zhou-main\baseline_zhou-main\zhou_icf_mpc_constraint_audit_v1,results\coarse_scan\20260715_104605\cases\A_C03_028\metrics.csv,2528,2026-07-15T10:47:06.000,5e2bd6180bd9a1f4553da7155126b06b8e1289374f0299c0a9c05fa0e3c2236d
jd_jq_audit,C:\Users\catkin\Documents\baseline_zhou\baseline_zhou-main\baseline_zhou-main\zhou_icf_mpc_constraint_audit_v1,results\coarse_scan\20260715_104605\cases\A_C03_029\configuration.csv,412,2026-07-15T10:47:06.000,e70e5cd8af955cd6ce00955cf0a4379aba7d24774d31f1f4ed04d822e7457bc6
jd_jq_audit,C:\Users\catkin\Documents\baseline_zhou\baseline_zhou-main\baseline_zhou-main\zhou_icf_mpc_constraint_audit_v1,results\coarse_scan\20260715_104605\cases\A_C03_029\metrics.csv,2527,2026-07-15T10:47:06.000,676b520cd316721839bfe2b84d33f90a6957bf18a5bf547f7383386460a08035
jd_jq_audit,C:\Users\catkin\Documents\baseline_zhou\baseline_zhou-main\baseline_zhou-main\zhou_icf_mpc_constraint_audit_v1,results\coarse_scan\20260715_104605\cases\A_C03_030\configuration.csv,407,2026-07-15T10:47:06.000,a9a82efcd2b01b48b8c9b807be59c78e75027ba45d03376bcec1f0a725d3a9e1
jd_jq_audit,C:\Users\catkin\Documents\baseline_zhou\baseline_zhou-main\baseline_zhou-main\zhou_icf_mpc_constraint_audit_v1,results\coarse_scan\20260715_104605\cases\A_C03_030\metrics.csv,2529,2026-07-15T10:47:06.000,bf5e2b228052d75e7dfc6f7133c691ad593f67ecdb5cc55e0bb3e6418f3a8410
jd_jq_audit,C:\Users\catkin\Documents\baseline_zhou\baseline_zhou-main\baseline_zhou-main\zhou_icf_mpc_constraint_audit_v1,results\coarse_scan\20260715_104605\cases\A_C03_031\configuration.csv,402,2026-07-15T10:47:06.000,31a483b7434f85f9a5557e413962b53a503f0b90e64b46d2c786ee1cffa87064
jd_jq_audit,C:\Users\catkin\Documents\baseline_zhou\baseline_zhou-main\baseline_zhou-main\zhou_icf_mpc_constraint_audit_v1,results\coarse_scan\20260715_104605\cases\A_C03_031\metrics.csv,2566,2026-07-15T10:47:06.000,288ba455acb81203bf69c0dc8af9d6d88cfdec2b08c043e1809b078eb0e6e511
jd_jq_audit,C:\Users\catkin\Documents\baseline_zhou\baseline_zhou-main\baseline_zhou-main\zhou_icf_mpc_constraint_audit_v1,results\coarse_scan\20260715_104605\cases\A_C03_032\configuration.csv,410,2026-07-15T10:47:06.000,c1e37e632538fbe5e85ae5a528e716366e6a1dbbec138efb57ef026da2c53833
jd_jq_audit,C:\Users\catkin\Documents\baseline_zhou\baseline_zhou-main\baseline_zhou-main\zhou_icf_mpc_constraint_audit_v1,results\coarse_scan\20260715_104605\cases\A_C03_032\metrics.csv,2542,2026-07-15T10:47:07.000,0175893d14ef8e23348ab88833ec9a1340d639152fb6a08e8be8b062fceee7ac
jd_jq_audit,C:\Users\catkin\Documents\baseline_zhou\baseline_zhou-main\baseline_zhou-main\zhou_icf_mpc_constraint_audit_v1,results\coarse_scan\20260715_104605\cases\A_C03_033\configuration.csv,407,2026-07-15T10:47:07.000,66a07cd4ca51f2ae5e0cc58466ce5b5aeb49cc3ca0b30e609803b6749f8e7bcf
jd_jq_audit,C:\Users\catkin\Documents\baseline_zhou\baseline_zhou-main\baseline_zhou-main\zhou_icf_mpc_constraint_audit_v1,results\coarse_scan\20260715_104605\cases\A_C03_033\metrics.csv,2538,2026-07-15T10:47:07.000,77f2f716004d67d2436a7d82b494546716dc426d2674589537a364648083ae2c
jd_jq_audit,C:\Users\catkin\Documents\baseline_zhou\baseline_zhou-main\baseline_zhou-main\zhou_icf_mpc_constraint_audit_v1,results\coarse_scan\20260715_104605\cases\A_C03_034\configuration.csv,407,2026-07-15T10:47:07.000,81e464064337c59a0cce9c25249cc5b7d572e741075f7ba6185396e69ae6a225
jd_jq_audit,C:\Users\catkin\Documents\baseline_zhou\baseline_zhou-main\baseline_zhou-main\zhou_icf_mpc_constraint_audit_v1,results\coarse_scan\20260715_104605\cases\A_C03_034\metrics.csv,2537,2026-07-15T10:47:07.000,39d1cd91498699e40758f66132d0b3a9ab552fb1e128d5c66387b8e124f9213b
jd_jq_audit,C:\Users\catkin\Documents\baseline_zhou\baseline_zhou-main\baseline_zhou-main\zhou_icf_mpc_constraint_audit_v1,results\coarse_scan\20260715_104605\cases\A_C03_035\configuration.csv,407,2026-07-15T10:47:07.000,adccfee80c97dcbe88600a0dd9c36a46afabfc4157970b8716f2f582855edbf2
jd_jq_audit,C:\Users\catkin\Documents\baseline_zhou\baseline_zhou-main\baseline_zhou-main\zhou_icf_mpc_constraint_audit_v1,results\coarse_scan\20260715_104605\cases\A_C03_035\metrics.csv,2524,2026-07-15T10:47:07.000,563f67f293e0fd84ccddb85915445103b1c3520c3b459a8e14b4f9469312de2e
jd_jq_audit,C:\Users\catkin\Documents\baseline_zhou\baseline_zhou-main\baseline_zhou-main\zhou_icf_mpc_constraint_audit_v1,results\coarse_scan\20260715_104605\cases\A_C03_036\configuration.csv,402,2026-07-15T10:47:07.000,6ff225181bdad3723f673f5745bb5bb149b2e74c52104dc69e6d5e0a739a3e6b
jd_jq_audit,C:\Users\catkin\Documents\baseline_zhou\baseline_zhou-main\baseline_zhou-main\zhou_icf_mpc_constraint_audit_v1,results\coarse_scan\20260715_104605\cases\A_C03_036\metrics.csv,2512,2026-07-15T10:47:07.000,5af4b78af29f54396ab6c1ad5d7c0e0346c61687cbd4a95db1b87e17722c032a
jd_jq_audit,C:\Users\catkin\Documents\baseline_zhou\baseline_zhou-main\baseline_zhou-main\zhou_icf_mpc_constraint_audit_v1,results\coarse_scan\20260715_104605\cases\A_C04_001\configuration.csv,408,2026-07-15T10:47:07.000,c8c5495b98bae0664d31a3b4abd5268035b33f74d63959f750fca3f7b5505825
jd_jq_audit,C:\Users\catkin\Documents\baseline_zhou\baseline_zhou-main\baseline_zhou-main\zhou_icf_mpc_constraint_audit_v1,results\coarse_scan\20260715_104605\cases\A_C04_001\metrics.csv,2589,2026-07-15T10:47:08.000,3174d25dafeb6aa7629257f51971490c37c1710084956c5d9ddae73338bf1aad
jd_jq_audit,C:\Users\catkin\Documents\baseline_zhou\baseline_zhou-main\baseline_zhou-main\zhou_icf_mpc_constraint_audit_v1,results\coarse_scan\20260715_104605\cases\A_C04_002\configuration.csv,416,2026-07-15T10:47:08.000,05f9696380f7bf7fa6c732b5e6bd027700e44ac1d96f95a8857530675e787b54
jd_jq_audit,C:\Users\catkin\Documents\baseline_zhou\baseline_zhou-main\baseline_zhou-main\zhou_icf_mpc_constraint_audit_v1,results\coarse_scan\20260715_104605\cases\A_C04_002\metrics.csv,2562,2026-07-15T10:47:08.000,4f6cb214d51ab9a6f5b9354f3d0b10933af27ea7742a396512551e4bd1d2e674
jd_jq_audit,C:\Users\catkin\Documents\baseline_zhou\baseline_zhou-main\baseline_zhou-main\zhou_icf_mpc_constraint_audit_v1,results\coarse_scan\20260715_104605\cases\A_C04_003\configuration.csv,413,2026-07-15T10:47:08.000,51889cc7e5f7dee24268cd2c1d273e4197a451f2da4ad4da20342597a3c70f52
jd_jq_audit,C:\Users\catkin\Documents\baseline_zhou\baseline_zhou-main\baseline_zhou-main\zhou_icf_mpc_constraint_audit_v1,results\coarse_scan\20260715_104605\cases\A_C04_003\metrics.csv,2556,2026-07-15T10:47:08.000,c934ddbb19c3bc8f526563a544857418ec9cf5110b8a189cdfdee41cf9d014e2
jd_jq_audit,C:\Users\catkin\Documents\baseline_zhou\baseline_zhou-main\baseline_zhou-main\zhou_icf_mpc_constraint_audit_v1,results\coarse_scan\20260715_104605\cases\A_C04_004\configuration.csv,413,2026-07-15T10:47:08.000,6a02c10018d7a76179e172a6d39ec94a3f7189e3a7ac372c2474d474f73d6536
jd_jq_audit,C:\Users\catkin\Documents\baseline_zhou\baseline_zhou-main\baseline_zhou-main\zhou_icf_mpc_constraint_audit_v1,results\coarse_scan\20260715_104605\cases\A_C04_004\metrics.csv,2540,2026-07-15T10:47:08.000,2277d3be41bb9347bc9a2c6517780d1d1a334a91268a0b78e6f98b497c5177d6
jd_jq_audit,C:\Users\catkin\Documents\baseline_zhou\baseline_zhou-main\baseline_zhou-main\zhou_icf_mpc_constraint_audit_v1,results\coarse_scan\20260715_104605\cases\A_C04_005\configuration.csv,413,2026-07-15T10:47:08.000,c9e75b77ee42d3fa9b7a97e961d1d9c16beaaa6c195975fa5fabfe80e6ecf798
jd_jq_audit,C:\Users\catkin\Documents\baseline_zhou\baseline_zhou-main\baseline_zhou-main\zhou_icf_mpc_constraint_audit_v1,results\coarse_scan\20260715_104605\cases\A_C04_005\metrics.csv,2552,2026-07-15T10:47:08.000,dcf85c48d877d1205fea99551cc78598eb67da37b81e114353df714b0e0691de
jd_jq_audit,C:\Users\catkin\Documents\baseline_zhou\baseline_zhou-main\baseline_zhou-main\zhou_icf_mpc_constraint_audit_v1,results\coarse_scan\20260715_104605\cases\A_C04_006\configuration.csv,408,2026-07-15T10:47:08.000,7b6bc344fe9ccfff2f25bf26a518f1d8490d46d3fa0f09eb85f78411d1103542
jd_jq_audit,C:\Users\catkin\Documents\baseline_zhou\baseline_zhou-main\baseline_zhou-main\zhou_icf_mpc_constraint_audit_v1,results\coarse_scan\20260715_104605\cases\A_C04_006\metrics.csv,2559,2026-07-15T10:47:08.000,83c51e75030aff2bce165180b94b8623c69f8f1f1d7038fd8d312c5ccdd6bda6
jd_jq_audit,C:\Users\catkin\Documents\baseline_zhou\baseline_zhou-main\baseline_zhou-main\zhou_icf_mpc_constraint_audit_v1,results\coarse_scan\20260715_104605\cases\A_C04_007\configuration.csv,408,2026-07-15T10:47:08.000,d041b567f1643a9e151e6aa4977b969213e205868f92d31f97ed0dd5c9dee737
jd_jq_audit,C:\Users\catkin\Documents\baseline_zhou\baseline_zhou-main\baseline_zhou-main\zhou_icf_mpc_constraint_audit_v1,results\coarse_scan\20260715_104605\cases\A_C04_007\metrics.csv,2592,2026-07-15T10:47:09.000,45102dd162a822ea83fc75ac6ee1a9a47ac690bdf6ef39b7f4ffb54488e377e2
jd_jq_audit,C:\Users\catkin\Documents\baseline_zhou\baseline_zhou-main\baseline_zhou-main\zhou_icf_mpc_constraint_audit_v1,results\coarse_scan\20260715_104605\cases\A_C04_008\configuration.csv,416,2026-07-15T10:47:09.000,466682a3247eff7c2bde81b21d191a82881405f59b780e28b8212df915849430
jd_jq_audit,C:\Users\catkin\Documents\baseline_zhou\baseline_zhou-main\baseline_zhou-main\zhou_icf_mpc_constraint_audit_v1,results\coarse_scan\20260715_104605\cases\A_C04_008\metrics.csv,2549,2026-07-15T10:47:09.000,c72e16570bffbc81bd8dac4f6d47c1fbb0e047f170cb26978e6cf496d721db83
jd_jq_audit,C:\Users\catkin\Documents\baseline_zhou\baseline_zhou-main\baseline_zhou-main\zhou_icf_mpc_constraint_audit_v1,results\coarse_scan\20260715_104605\cases\A_C04_009\configuration.csv,413,2026-07-15T10:47:09.000,5cc22b4af1006443fcd61868b6600f0184843eff4f536d5c558b86d24a74d2b3
jd_jq_audit,C:\Users\catkin\Documents\baseline_zhou\baseline_zhou-main\baseline_zhou-main\zhou_icf_mpc_constraint_audit_v1,results\coarse_scan\20260715_104605\cases\A_C04_009\metrics.csv,2541,2026-07-15T10:47:09.000,c6fce255ce1190842c62ee6a6f9053e3f9f1605e41e3557f5992067e7bbb6e35
jd_jq_audit,C:\Users\catkin\Documents\baseline_zhou\baseline_zhou-main\baseline_zhou-main\zhou_icf_mpc_constraint_audit_v1,results\coarse_scan\20260715_104605\cases\A_C04_010\configuration.csv,413,2026-07-15T10:47:09.000,a4c7b31f0dd204d1ff40337c754be656194c5c75a4ecb07022ebef86ac955bb3
jd_jq_audit,C:\Users\catkin\Documents\baseline_zhou\baseline_zhou-main\baseline_zhou-main\zhou_icf_mpc_constraint_audit_v1,results\coarse_scan\20260715_104605\cases\A_C04_010\metrics.csv,2539,2026-07-15T10:47:09.000,db7e0525e6932636eead5df437ff893a654fd3b5a72fcc7fdb416a96cc432b51
jd_jq_audit,C:\Users\catkin\Documents\baseline_zhou\baseline_zhou-main\baseline_zhou-main\zhou_icf_mpc_constraint_audit_v1,results\coarse_scan\20260715_104605\cases\A_C04_011\configuration.csv,413,2026-07-15T10:47:09.000,797f73bf79caa6317c272d89807b86f94a17cbcabae6d7265ed6513614dc521e
jd_jq_audit,C:\Users\catkin\Documents\baseline_zhou\baseline_zhou-main\baseline_zhou-main\zhou_icf_mpc_constraint_audit_v1,results\coarse_scan\20260715_104605\cases\A_C04_011\metrics.csv,2559,2026-07-15T10:47:09.000,089d18de371e58fae6884606eed7a66b9a7f5ab9d977a159599fd932a2d8f1c0
jd_jq_audit,C:\Users\catkin\Documents\baseline_zhou\baseline_zhou-main\baseline_zhou-main\zhou_icf_mpc_constraint_audit_v1,results\coarse_scan\20260715_104605\cases\A_C04_012\configuration.csv,408,2026-07-15T10:47:09.000,6f4b70c5fc7ba6535d5a0f9bb8335b029dc46b935a9988a38d610a9be1708ab2
jd_jq_audit,C:\Users\catkin\Documents\baseline_zhou\baseline_zhou-main\baseline_zhou-main\zhou_icf_mpc_constraint_audit_v1,results\coarse_scan\20260715_104605\cases\A_C04_012\metrics.csv,2556,2026-07-15T10:47:10.000,788e475ccb3e14e0f4f10bceda5d029fe71e006a3104485b2499fbfee0852f30
jd_jq_audit,C:\Users\catkin\Documents\baseline_zhou\baseline_zhou-main\baseline_zhou-main\zhou_icf_mpc_constraint_audit_v1,results\coarse_scan\20260715_104605\cases\A_C04_013\configuration.csv,408,2026-07-15T10:47:10.000,9a88d271bd022fc6e07b8c27c8ff389e656b5b3c931c814e2e4e331e51c906f5
jd_jq_audit,C:\Users\catkin\Documents\baseline_zhou\baseline_zhou-main\baseline_zhou-main\zhou_icf_mpc_constraint_audit_v1,results\coarse_scan\20260715_104605\cases\A_C04_013\metrics.csv,2581,2026-07-15T10:47:10.000,45099c070d3d3d099a011b4af77d807d78917830f9d334188ec36a62a1c3be8c
jd_jq_audit,C:\Users\catkin\Documents\baseline_zhou\baseline_zhou-main\baseline_zhou-main\zhou_icf_mpc_constraint_audit_v1,results\coarse_scan\20260715_104605\cases\A_C04_014\configuration.csv,416,2026-07-15T10:47:10.000,7f7ca1e65c417346de5bd9afa593a2636e0c74ab345aaee951dfb29c39d91144
jd_jq_audit,C:\Users\catkin\Documents\baseline_zhou\baseline_zhou-main\baseline_zhou-main\zhou_icf_mpc_constraint_audit_v1,results\coarse_scan\20260715_104605\cases\A_C04_014\metrics.csv,2541,2026-07-15T10:47:10.000,1fa21ed778076191461159b856cb177977168f3404427c8aaa0a03a632bbdf6a
jd_jq_audit,C:\Users\catkin\Documents\baseline_zhou\baseline_zhou-main\baseline_zhou-main\zhou_icf_mpc_constraint_audit_v1,results\coarse_scan\20260715_104605\cases\A_C04_015\configuration.csv,413,2026-07-15T10:47:10.000,71858e2eae65b82c06e0819723c2ba50439cc181dab04ccca21d22ecb189daa1
jd_jq_audit,C:\Users\catkin\Documents\baseline_zhou\baseline_zhou-main\baseline_zhou-main\zhou_icf_mpc_constraint_audit_v1,results\coarse_scan\20260715_104605\cases\A_C04_015\metrics.csv,2537,2026-07-15T10:47:10.000,312a28865ed01c930d3703745d703f76b82696e20d86c75068de92e6b16111a4
jd_jq_audit,C:\Users\catkin\Documents\baseline_zhou\baseline_zhou-main\baseline_zhou-main\zhou_icf_mpc_constraint_audit_v1,results\coarse_scan\20260715_104605\cases\A_C04_016\configuration.csv,413,2026-07-15T10:47:10.000,ed43c38b5d11c78a0077b8105d95b37707dc3fda283ac5f092f70b461b0ac1f2
jd_jq_audit,C:\Users\catkin\Documents\baseline_zhou\baseline_zhou-main\baseline_zhou-main\zhou_icf_mpc_constraint_audit_v1,results\coarse_scan\20260715_104605\cases\A_C04_016\metrics.csv,2548,2026-07-15T10:47:10.000,7da9704a2c6ad9ad851b9f94aac2553614c7426ce8779131a7dbd9e87743de28
jd_jq_audit,C:\Users\catkin\Documents\baseline_zhou\baseline_zhou-main\baseline_zhou-main\zhou_icf_mpc_constraint_audit_v1,results\coarse_scan\20260715_104605\cases\A_C04_017\configuration.csv,413,2026-07-15T10:47:10.000,0db68a3f4770f88b559d3730c2530f1071679b4149234625804243abd8122829
jd_jq_audit,C:\Users\catkin\Documents\baseline_zhou\baseline_zhou-main\baseline_zhou-main\zhou_icf_mpc_constraint_audit_v1,results\coarse_scan\20260715_104605\cases\A_C04_017\metrics.csv,2546,2026-07-15T10:47:10.000,c0be7867155b3c2645a419094de1745240733a2217d75dfa3cde0fc76337c478
jd_jq_audit,C:\Users\catkin\Documents\baseline_zhou\baseline_zhou-main\baseline_zhou-main\zhou_icf_mpc_constraint_audit_v1,results\coarse_scan\20260715_104605\cases\A_C04_018\configuration.csv,408,2026-07-15T10:47:10.000,0d6360d8069d650cc72ee9d26b71e3433265d04b9c05858af279dcfd3f65ddb9
jd_jq_audit,C:\Users\catkin\Documents\baseline_zhou\baseline_zhou-main\baseline_zhou-main\zhou_icf_mpc_constraint_audit_v1,results\coarse_scan\20260715_104605\cases\A_C04_018\metrics.csv,2551,2026-07-15T10:47:11.000,070977ccbbd60689f31281fd8dcc54433bd32cb5917fa0dac80c4e0b56cf2f2e
jd_jq_audit,C:\Users\catkin\Documents\baseline_zhou\baseline_zhou-main\baseline_zhou-main\zhou_icf_mpc_constraint_audit_v1,results\coarse_scan\20260715_104605\cases\A_C04_019\configuration.csv,408,2026-07-15T10:47:11.000,4b664b3eda96e4ead9758cd3368dfb916f30efa427a43e6267325d8ab00faa81
jd_jq_audit,C:\Users\catkin\Documents\baseline_zhou\baseline_zhou-main\baseline_zhou-main\zhou_icf_mpc_constraint_audit_v1,results\coarse_scan\20260715_104605\cases\A_C04_019\metrics.csv,2575,2026-07-15T10:47:11.000,570f413b22dd6a974df3510dbbb23690347cb8ca8ff2fa33b1c6269de2d892e5
jd_jq_audit,C:\Users\catkin\Documents\baseline_zhou\baseline_zhou-main\baseline_zhou-main\zhou_icf_mpc_constraint_audit_v1,results\coarse_scan\20260715_104605\cases\A_C04_020\configuration.csv,416,2026-07-15T10:47:11.000,6ee04a3a34d9795676053b877101ba93eb9e09b9df9ed5f0bd7972de0d963163
jd_jq_audit,C:\Users\catkin\Documents\baseline_zhou\baseline_zhou-main\baseline_zhou-main\zhou_icf_mpc_constraint_audit_v1,results\coarse_scan\20260715_104605\cases\A_C04_020\metrics.csv,2551,2026-07-15T10:47:11.000,6958cb321a934b87abe727ed593238f22d63c13551cb1821db96a84914ec3feb
jd_jq_audit,C:\Users\catkin\Documents\baseline_zhou\baseline_zhou-main\baseline_zhou-main\zhou_icf_mpc_constraint_audit_v1,results\coarse_scan\20260715_104605\cases\A_C04_021\configuration.csv,413,2026-07-15T10:47:11.000,3552955fadb159ee6a163bae5cb8a236879b9629cc24aad6092fd3739650e9c5
jd_jq_audit,C:\Users\catkin\Documents\baseline_zhou\baseline_zhou-main\baseline_zhou-main\zhou_icf_mpc_constraint_audit_v1,results\coarse_scan\20260715_104605\cases\A_C04_021\metrics.csv,2547,2026-07-15T10:47:11.000,9a7a1d61d4243eb2a68195adcd81ce3a813fe77658d34608e9e65fd0fe00c063
jd_jq_audit,C:\Users\catkin\Documents\baseline_zhou\baseline_zhou-main\baseline_zhou-main\zhou_icf_mpc_constraint_audit_v1,results\coarse_scan\20260715_104605\cases\A_C04_022\configuration.csv,413,2026-07-15T10:47:11.000,130f721864174f3c684926972bd86adb7b6062f99994081f8d248f956f117e5c
jd_jq_audit,C:\Users\catkin\Documents\baseline_zhou\baseline_zhou-main\baseline_zhou-main\zhou_icf_mpc_constraint_audit_v1,results\coarse_scan\20260715_104605\cases\A_C04_022\metrics.csv,2564,2026-07-15T10:47:11.000,ff2c192abdf6ce1d7c25968b9e087545f77fd66c6d835f1cfd72793e0ef7a6b6
jd_jq_audit,C:\Users\catkin\Documents\baseline_zhou\baseline_zhou-main\baseline_zhou-main\zhou_icf_mpc_constraint_audit_v1,results\coarse_scan\20260715_104605\cases\A_C04_023\configuration.csv,413,2026-07-15T10:47:11.000,3d037bd80850ac99da0793e8419430419e74a6e144e19aadefd1d6654ef9a712
jd_jq_audit,C:\Users\catkin\Documents\baseline_zhou\baseline_zhou-main\baseline_zhou-main\zhou_icf_mpc_constraint_audit_v1,results\coarse_scan\20260715_104605\cases\A_C04_023\metrics.csv,2545,2026-07-15T10:47:11.000,12797998e17aba038c198bea285dcfd1a3e7f757ec814c46a12d703d4bfe70bb
jd_jq_audit,C:\Users\catkin\Documents\baseline_zhou\baseline_zhou-main\baseline_zhou-main\zhou_icf_mpc_constraint_audit_v1,results\coarse_scan\20260715_104605\cases\A_C04_024\configuration.csv,408,2026-07-15T10:47:11.000,2275e71d19f0f90be13139cdb163f6f3f3eb47544d3f8700431e64784260f3a1
jd_jq_audit,C:\Users\catkin\Documents\baseline_zhou\baseline_zhou-main\baseline_zhou-main\zhou_icf_mpc_constraint_audit_v1,results\coarse_scan\20260715_104605\cases\A_C04_024\metrics.csv,2551,2026-07-15T10:47:12.000,a2162ca1a1c2af5c1b8c8fceb9660c586f0ab3698f709ba8cbeffcb76acf6e23
jd_jq_audit,C:\Users\catkin\Documents\baseline_zhou\baseline_zhou-main\baseline_zhou-main\zhou_icf_mpc_constraint_audit_v1,results\coarse_scan\20260715_104605\cases\A_C04_025\configuration.csv,408,2026-07-15T10:47:12.000,a31447b698b5e1f362e4bb5f190d2d7502f5e50356f8e731b5bd866f3f3ec5bf
jd_jq_audit,C:\Users\catkin\Documents\baseline_zhou\baseline_zhou-main\baseline_zhou-main\zhou_icf_mpc_constraint_audit_v1,results\coarse_scan\20260715_104605\cases\A_C04_025\metrics.csv,2580,2026-07-15T10:47:12.000,ee20db89b20f3567bf78de9882d8f28d96c70b8fbcb6c46fa581a8b05723684b
jd_jq_audit,C:\Users\catkin\Documents\baseline_zhou\baseline_zhou-main\baseline_zhou-main\zhou_icf_mpc_constraint_audit_v1,results\coarse_scan\20260715_104605\cases\A_C04_026\configuration.csv,416,2026-07-15T10:47:12.000,c60184c962ae3a063ff435127518a22200cc6e7faf3efecb0954b41f7d20d84d
jd_jq_audit,C:\Users\catkin\Documents\baseline_zhou\baseline_zhou-main\baseline_zhou-main\zhou_icf_mpc_constraint_audit_v1,results\coarse_scan\20260715_104605\cases\A_C04_026\metrics.csv,2547,2026-07-15T10:47:12.000,848b9d337cf39bcefda723bd5a3b8008478923f85ec53acd0b568a52dc7baefe
jd_jq_audit,C:\Users\catkin\Documents\baseline_zhou\baseline_zhou-main\baseline_zhou-main\zhou_icf_mpc_constraint_audit_v1,results\coarse_scan\20260715_104605\cases\A_C04_027\configuration.csv,413,2026-07-15T10:47:12.000,607d5ee4c7959ba5496b01aa654d99d08b4cbe38901857cd6a2b46a5c2d44d9a
jd_jq_audit,C:\Users\catkin\Documents\baseline_zhou\baseline_zhou-main\baseline_zhou-main\zhou_icf_mpc_constraint_audit_v1,results\coarse_scan\20260715_104605\cases\A_C04_027\metrics.csv,2547,2026-07-15T10:47:12.000,21a52b8649793d8d6543e6cf93349048ece00226821488fcfd00a8f21deb9cdf
jd_jq_audit,C:\Users\catkin\Documents\baseline_zhou\baseline_zhou-main\baseline_zhou-main\zhou_icf_mpc_constraint_audit_v1,results\coarse_scan\20260715_104605\cases\A_C04_028\configuration.csv,413,2026-07-15T10:47:12.000,c6542613fa9ce64d621cf784d6d98d7d312629eb6ddb0eca53f8a658e41d90dd
jd_jq_audit,C:\Users\catkin\Documents\baseline_zhou\baseline_zhou-main\baseline_zhou-main\zhou_icf_mpc_constraint_audit_v1,results\coarse_scan\20260715_104605\cases\A_C04_028\metrics.csv,2547,2026-07-15T10:47:12.000,a698e3592df4b317a9a0b3b73f6530eeae472f52479d1b304aa7d671697ac1bc
jd_jq_audit,C:\Users\catkin\Documents\baseline_zhou\baseline_zhou-main\baseline_zhou-main\zhou_icf_mpc_constraint_audit_v1,results\coarse_scan\20260715_104605\cases\A_C04_029\configuration.csv,413,2026-07-15T10:47:12.000,f27461cd3f08049f3b48e82e76ecb8a9d11551eb9e9ba586233a55635cd9d214
jd_jq_audit,C:\Users\catkin\Documents\baseline_zhou\baseline_zhou-main\baseline_zhou-main\zhou_icf_mpc_constraint_audit_v1,results\coarse_scan\20260715_104605\cases\A_C04_029\metrics.csv,2550,2026-07-15T10:47:13.000,72b0ad9e7d70d2805c8b9330b8e38bc2d04a1bc1d25bce671b3caf02d2ef81d8
jd_jq_audit,C:\Users\catkin\Documents\baseline_zhou\baseline_zhou-main\baseline_zhou-main\zhou_icf_mpc_constraint_audit_v1,results\coarse_scan\20260715_104605\cases\A_C04_030\configuration.csv,408,2026-07-15T10:47:13.000,9c17006ec710d6f60a833e4219760ddd336235eb5b945c17279cd6cd51374dec
jd_jq_audit,C:\Users\catkin\Documents\baseline_zhou\baseline_zhou-main\baseline_zhou-main\zhou_icf_mpc_constraint_audit_v1,results\coarse_scan\20260715_104605\cases\A_C04_030\metrics.csv,2535,2026-07-15T10:47:13.000,0b35b2e221f8e2988ffd9cf9eca1208f34ddefd5ce5383fef3b589ec9e42f1cc
jd_jq_audit,C:\Users\catkin\Documents\baseline_zhou\baseline_zhou-main\baseline_zhou-main\zhou_icf_mpc_constraint_audit_v1,results\coarse_scan\20260715_104605\cases\A_C04_031\configuration.csv,403,2026-07-15T10:47:13.000,c4338c379bd1ab20f6b35912ac96ca80d998c8fc29cfb8fe591ecf8f4994eb18
jd_jq_audit,C:\Users\catkin\Documents\baseline_zhou\baseline_zhou-main\baseline_zhou-main\zhou_icf_mpc_constraint_audit_v1,results\coarse_scan\20260715_104605\cases\A_C04_031\metrics.csv,2571,2026-07-15T10:47:13.000,3b1cfe850c290fc4b4e8b4ecf3ae4c58c5bbc8d6277efd7b3619f26724f35241
jd_jq_audit,C:\Users\catkin\Documents\baseline_zhou\baseline_zhou-main\baseline_zhou-main\zhou_icf_mpc_constraint_audit_v1,results\coarse_scan\20260715_104605\cases\A_C04_032\configuration.csv,411,2026-07-15T10:47:13.000,f2365a2c29aaa46b9b9bf5dfe1ef312c71fd91430c8fbc6a01c090be4caa3cbc
jd_jq_audit,C:\Users\catkin\Documents\baseline_zhou\baseline_zhou-main\baseline_zhou-main\zhou_icf_mpc_constraint_audit_v1,results\coarse_scan\20260715_104605\cases\A_C04_032\metrics.csv,2543,2026-07-15T10:47:13.000,de5342483a2b31f2e49980b61b7d9caf3ef979b2b57543f2291bd7a3e0eef639
jd_jq_audit,C:\Users\catkin\Documents\baseline_zhou\baseline_zhou-main\baseline_zhou-main\zhou_icf_mpc_constraint_audit_v1,results\coarse_scan\20260715_104605\cases\A_C04_033\configuration.csv,408,2026-07-15T10:47:13.000,f14a23d87cfc787582473224c6618c86ada80d382492a8c6c205b53da2c98985
jd_jq_audit,C:\Users\catkin\Documents\baseline_zhou\baseline_zhou-main\baseline_zhou-main\zhou_icf_mpc_constraint_audit_v1,results\coarse_scan\20260715_104605\cases\A_C04_033\metrics.csv,2537,2026-07-15T10:47:13.000,7f036bddb68c18c3325bf06f7e72d5c549028b7b3feb0ba77abe0002fd079f39
jd_jq_audit,C:\Users\catkin\Documents\baseline_zhou\baseline_zhou-main\baseline_zhou-main\zhou_icf_mpc_constraint_audit_v1,results\coarse_scan\20260715_104605\cases\A_C04_034\configuration.csv,408,2026-07-15T10:47:13.000,02b8a2785c25677e3b7c5555466eab4112b83f9eebce17ffa943f794c663ca61
jd_jq_audit,C:\Users\catkin\Documents\baseline_zhou\baseline_zhou-main\baseline_zhou-main\zhou_icf_mpc_constraint_audit_v1,results\coarse_scan\20260715_104605\cases\A_C04_034\metrics.csv,2557,2026-07-15T10:47:14.000,c5386a42a30535858e3193c9e5847c88fba1228c5c5592dbe5a966eefdcc53de
jd_jq_audit,C:\Users\catkin\Documents\baseline_zhou\baseline_zhou-main\baseline_zhou-main\zhou_icf_mpc_constraint_audit_v1,results\coarse_scan\20260715_104605\cases\A_C04_035\configuration.csv,408,2026-07-15T10:47:14.000,76166d0111474b13d6f318970fdc627b91cc95d61a748bf78109a8f551d79b5f
jd_jq_audit,C:\Users\catkin\Documents\baseline_zhou\baseline_zhou-main\baseline_zhou-main\zhou_icf_mpc_constraint_audit_v1,results\coarse_scan\20260715_104605\cases\A_C04_035\metrics.csv,2533,2026-07-15T10:47:14.000,00051593b11a9ac7733d5df4dd91c745a731eb81ef8eac70c3a4fff6096e1e9c
jd_jq_audit,C:\Users\catkin\Documents\baseline_zhou\baseline_zhou-main\baseline_zhou-main\zhou_icf_mpc_constraint_audit_v1,results\coarse_scan\20260715_104605\cases\A_C04_036\configuration.csv,403,2026-07-15T10:47:14.000,4c2e2d201888ca5f91d5851985d64b96b0ccf1a56aadb5dd504eb9cb6e4c7ac0
jd_jq_audit,C:\Users\catkin\Documents\baseline_zhou\baseline_zhou-main\baseline_zhou-main\zhou_icf_mpc_constraint_audit_v1,results\coarse_scan\20260715_104605\cases\A_C04_036\metrics.csv,2511,2026-07-15T10:47:14.000,edb29e827b446b386d60f7b75f72145d67d4997b3a930d7606f5d74dedb9d8da
jd_jq_audit,C:\Users\catkin\Documents\baseline_zhou\baseline_zhou-main\baseline_zhou-main\zhou_icf_mpc_constraint_audit_v1,results\coarse_scan\20260715_104605\cases\A_C05_001\configuration.csv,415,2026-07-15T10:47:14.000,6faed4c429341ec69b4302eaf24ffe468b2f4b69ff5d2ff06309fdb19fb0df33
jd_jq_audit,C:\Users\catkin\Documents\baseline_zhou\baseline_zhou-main\baseline_zhou-main\zhou_icf_mpc_constraint_audit_v1,results\coarse_scan\20260715_104605\cases\A_C05_001\metrics.csv,2511,2026-07-15T10:47:14.000,2097628b378995076fcff18cf6a92a6e34502f15dbac60262800f873e60acb8b
jd_jq_audit,C:\Users\catkin\Documents\baseline_zhou\baseline_zhou-main\baseline_zhou-main\zhou_icf_mpc_constraint_audit_v1,results\coarse_scan\20260715_104605\cases\A_C05_002\configuration.csv,423,2026-07-15T10:47:14.000,d0ac83c31fc0c7395d9db9f44e50a8f66b41e196a70ec3287998fcdcfe1eea77
jd_jq_audit,C:\Users\catkin\Documents\baseline_zhou\baseline_zhou-main\baseline_zhou-main\zhou_icf_mpc_constraint_audit_v1,results\coarse_scan\20260715_104605\cases\A_C05_002\metrics.csv,2532,2026-07-15T10:47:14.000,121e1d9423df8f6b16c9ba49f5e6d6743c182b78ef4532a88fd6ce16a03d6eee
jd_jq_audit,C:\Users\catkin\Documents\baseline_zhou\baseline_zhou-main\baseline_zhou-main\zhou_icf_mpc_constraint_audit_v1,results\coarse_scan\20260715_104605\cases\A_C05_003\configuration.csv,420,2026-07-15T10:47:14.000,b32de012306f9434c88b78894919e3b7f642f518fc2821fe48ae88034bafb6d2
jd_jq_audit,C:\Users\catkin\Documents\baseline_zhou\baseline_zhou-main\baseline_zhou-main\zhou_icf_mpc_constraint_audit_v1,results\coarse_scan\20260715_104605\cases\A_C05_003\metrics.csv,2525,2026-07-15T10:47:14.000,83a1f7c4b93c6a360628540f02c56dc5f60e45369fe1f8fb57d247b51b2ce9d6
jd_jq_audit,C:\Users\catkin\Documents\baseline_zhou\baseline_zhou-main\baseline_zhou-main\zhou_icf_mpc_constraint_audit_v1,results\coarse_scan\20260715_104605\cases\A_C05_004\configuration.csv,420,2026-07-15T10:47:14.000,633dbeadfb88c6dbc02ffd9eaee8736a0f10a5188d6ba3bdb9dacceaf3b14f9d
jd_jq_audit,C:\Users\catkin\Documents\baseline_zhou\baseline_zhou-main\baseline_zhou-main\zhou_icf_mpc_constraint_audit_v1,results\coarse_scan\20260715_104605\cases\A_C05_004\metrics.csv,2501,2026-07-15T10:47:14.000,c1a5df66134032aea3d6eb2778e5553ca41d8cd3b86eb0fb828ca9dfbc17c1fa
jd_jq_audit,C:\Users\catkin\Documents\baseline_zhou\baseline_zhou-main\baseline_zhou-main\zhou_icf_mpc_constraint_audit_v1,results\coarse_scan\20260715_104605\cases\A_C05_005\configuration.csv,420,2026-07-15T10:47:14.000,b6b3c869070e0841c1883bc44af8647f910c8af0776cdf364d83a44532bde90d
jd_jq_audit,C:\Users\catkin\Documents\baseline_zhou\baseline_zhou-main\baseline_zhou-main\zhou_icf_mpc_constraint_audit_v1,results\coarse_scan\20260715_104605\cases\A_C05_005\metrics.csv,2515,2026-07-15T10:47:15.000,c3caf9c834ac9e9c93320872dce690315fbda3d552e5a2c9c099df6bf3db7d36
jd_jq_audit,C:\Users\catkin\Documents\baseline_zhou\baseline_zhou-main\baseline_zhou-main\zhou_icf_mpc_constraint_audit_v1,results\coarse_scan\20260715_104605\cases\A_C05_006\configuration.csv,415,2026-07-15T10:47:15.000,54291c5cc342e96e188b40cd8d759a2b32561b5a612e230fb60b2533265990d2
jd_jq_audit,C:\Users\catkin\Documents\baseline_zhou\baseline_zhou-main\baseline_zhou-main\zhou_icf_mpc_constraint_audit_v1,results\coarse_scan\20260715_104605\cases\A_C05_006\metrics.csv,2485,2026-07-15T10:47:15.000,89d67d210b68d3045da3be32091309b0c327824844628dc21802f688f5144334
jd_jq_audit,C:\Users\catkin\Documents\baseline_zhou\baseline_zhou-main\baseline_zhou-main\zhou_icf_mpc_constraint_audit_v1,results\coarse_scan\20260715_104605\cases\A_C05_007\configuration.csv,415,2026-07-15T10:47:15.000,b95363f9871e4014483a923186127960d3ce7595f5b2218f9314fe30bd67b9f6
jd_jq_audit,C:\Users\catkin\Documents\baseline_zhou\baseline_zhou-main\baseline_zhou-main\zhou_icf_mpc_constraint_audit_v1,results\coarse_scan\20260715_104605\cases\A_C05_007\metrics.csv,2514,2026-07-15T10:47:15.000,02266e420640215435d06f6fb33a44affa2df51d61db4745c65e0b8ecce2b95c
jd_jq_audit,C:\Users\catkin\Documents\baseline_zhou\baseline_zhou-main\baseline_zhou-main\zhou_icf_mpc_constraint_audit_v1,results\coarse_scan\20260715_104605\cases\A_C05_008\configuration.csv,423,2026-07-15T10:47:15.000,ea96962b731c9929985d00429bf3596a76c37b0a0b65668e5171a75659f5701d
jd_jq_audit,C:\Users\catkin\Documents\baseline_zhou\baseline_zhou-main\baseline_zhou-main\zhou_icf_mpc_constraint_audit_v1,results\coarse_scan\20260715_104605\cases\A_C05_008\metrics.csv,2522,2026-07-15T10:47:15.000,9779807c6cda7d9d064c7d7cf74acc2959f3fbcdeaa16d45600f17f5e72f482d
jd_jq_audit,C:\Users\catkin\Documents\baseline_zhou\baseline_zhou-main\baseline_zhou-main\zhou_icf_mpc_constraint_audit_v1,results\coarse_scan\20260715_104605\cases\A_C05_009\configuration.csv,420,2026-07-15T10:47:15.000,3b8d5a55f3ae609b9efeb269b55d0b23e2d1ca508ff8b714042225757c597901
jd_jq_audit,C:\Users\catkin\Documents\baseline_zhou\baseline_zhou-main\baseline_zhou-main\zhou_icf_mpc_constraint_audit_v1,results\coarse_scan\20260715_104605\cases\A_C05_009\metrics.csv,2501,2026-07-15T10:47:15.000,37bc294c67c86f4ad31cb68c0ff022dadf2091aee1368f2cb98ebbd7d0170e10
jd_jq_audit,C:\Users\catkin\Documents\baseline_zhou\baseline_zhou-main\baseline_zhou-main\zhou_icf_mpc_constraint_audit_v1,results\coarse_scan\20260715_104605\cases\A_C05_010\configuration.csv,420,2026-07-15T10:47:15.000,a49172536048446616b3dc514311c4ee78211e31355e766751c2cd8f25d9b39c
jd_jq_audit,C:\Users\catkin\Documents\baseline_zhou\baseline_zhou-main\baseline_zhou-main\zhou_icf_mpc_constraint_audit_v1,results\coarse_scan\20260715_104605\cases\A_C05_010\metrics.csv,2518,2026-07-15T10:47:15.000,7ec03b6d0b5aa5555eab07faf2d8e9931e5cf13f5def21c9a75ea14eb073c99e
jd_jq_audit,C:\Users\catkin\Documents\baseline_zhou\baseline_zhou-main\baseline_zhou-main\zhou_icf_mpc_constraint_audit_v1,results\coarse_scan\20260715_104605\cases\A_C05_011\configuration.csv,420,2026-07-15T10:47:15.000,f18a408eeeb637944156628b5b0c6a876143a4e79e75edc9bb8a5fcd3dbb870d
jd_jq_audit,C:\Users\catkin\Documents\baseline_zhou\baseline_zhou-main\baseline_zhou-main\zhou_icf_mpc_constraint_audit_v1,results\coarse_scan\20260715_104605\cases\A_C05_011\metrics.csv,2514,2026-07-15T10:47:15.000,f560ca011301f2d7fc81b2dbf5d2f7ad4dbf9e989b6b2eecdcf602b40958d5d6
jd_jq_audit,C:\Users\catkin\Documents\baseline_zhou\baseline_zhou-main\baseline_zhou-main\zhou_icf_mpc_constraint_audit_v1,results\coarse_scan\20260715_104605\cases\A_C05_012\configuration.csv,415,2026-07-15T10:47:15.000,8346a63ac7c3ca0784df2cf57df81c9a65c97c81b172e66d8f465307ebfceb23
jd_jq_audit,C:\Users\catkin\Documents\baseline_zhou\baseline_zhou-main\baseline_zhou-main\zhou_icf_mpc_constraint_audit_v1,results\coarse_scan\20260715_104605\cases\A_C05_012\metrics.csv,2500,2026-07-15T10:47:15.000,d331a05ace70df04542a9ade4479a7be4d4d11781126e4b2f9cbeb6de24c3663
jd_jq_audit,C:\Users\catkin\Documents\baseline_zhou\baseline_zhou-main\baseline_zhou-main\zhou_icf_mpc_constraint_audit_v1,results\coarse_scan\20260715_104605\cases\A_C05_013\configuration.csv,415,2026-07-15T10:47:15.000,59439d138694907f9afcadbafb7195bb85e2f1e52f90363668be20215e223a4b
jd_jq_audit,C:\Users\catkin\Documents\baseline_zhou\baseline_zhou-main\baseline_zhou-main\zhou_icf_mpc_constraint_audit_v1,results\coarse_scan\20260715_104605\cases\A_C05_013\metrics.csv,2490,2026-07-15T10:47:15.000,c2f8f3b120239963df394a910934998007fc95d0278c656fa8ede5f24f0d9938
jd_jq_audit,C:\Users\catkin\Documents\baseline_zhou\baseline_zhou-main\baseline_zhou-main\zhou_icf_mpc_constraint_audit_v1,results\coarse_scan\20260715_104605\cases\A_C05_014\configuration.csv,423,2026-07-15T10:47:15.000,80c4a34d6f7c140870dedf21ca5502f689d6c8c92193cb3c01bf539835c649b2
jd_jq_audit,C:\Users\catkin\Documents\baseline_zhou\baseline_zhou-main\baseline_zhou-main\zhou_icf_mpc_constraint_audit_v1,results\coarse_scan\20260715_104605\cases\A_C05_014\metrics.csv,2512,2026-07-15T10:47:16.000,18e399a65abaa7bf125086e703a475e5dbb5aa0cf296c5078f46ee1fb836454e
jd_jq_audit,C:\Users\catkin\Documents\baseline_zhou\baseline_zhou-main\baseline_zhou-main\zhou_icf_mpc_constraint_audit_v1,results\coarse_scan\20260715_104605\cases\A_C05_015\configuration.csv,420,2026-07-15T10:47:16.000,1ce2a87e9cf4045e6a8cd50931312a71a53640553555f4ffc51b2d82ceda8e74
jd_jq_audit,C:\Users\catkin\Documents\baseline_zhou\baseline_zhou-main\baseline_zhou-main\zhou_icf_mpc_constraint_audit_v1,results\coarse_scan\20260715_104605\cases\A_C05_015\metrics.csv,2519,2026-07-15T10:47:16.000,31b51642569b9928d70d901d0d3c1fd5cb1272f8532919771732a0935ba9b23b
jd_jq_audit,C:\Users\catkin\Documents\baseline_zhou\baseline_zhou-main\baseline_zhou-main\zhou_icf_mpc_constraint_audit_v1,results\coarse_scan\20260715_104605\cases\A_C05_016\configuration.csv,420,2026-07-15T10:47:16.000,0105c637337b1eb15c9a0cb2a1277cae63d1ce318d2973134f19f86b052bf6d6
jd_jq_audit,C:\Users\catkin\Documents\baseline_zhou\baseline_zhou-main\baseline_zhou-main\zhou_icf_mpc_constraint_audit_v1,results\coarse_scan\20260715_104605\cases\A_C05_016\metrics.csv,2514,2026-07-15T10:47:16.000,8f250ec6908c0325b638280ace4cc27dacf879e41060108ebf8a3914f4faf059
jd_jq_audit,C:\Users\catkin\Documents\baseline_zhou\baseline_zhou-main\baseline_zhou-main\zhou_icf_mpc_constraint_audit_v1,results\coarse_scan\20260715_104605\cases\A_C05_017\configuration.csv,420,2026-07-15T10:47:16.000,d458333b6f683c84d5d8e0e58f2b82aa99505f60d23d2cb8faf82a0189fbbc42
jd_jq_audit,C:\Users\catkin\Documents\baseline_zhou\baseline_zhou-main\baseline_zhou-main\zhou_icf_mpc_constraint_audit_v1,results\coarse_scan\20260715_104605\cases\A_C05_017\metrics.csv,2497,2026-07-15T10:47:16.000,36adf0e5982cc23a2089496e8a9a0738e7f7bdd6e530920135e920aa12e70d15
jd_jq_audit,C:\Users\catkin\Documents\baseline_zhou\baseline_zhou-main\baseline_zhou-main\zhou_icf_mpc_constraint_audit_v1,results\coarse_scan\20260715_104605\cases\A_C05_018\configuration.csv,415,2026-07-15T10:47:16.000,7c5f10279309635e3b2704d09531cc69512994eb7f366f2b079209eeffad7947
jd_jq_audit,C:\Users\catkin\Documents\baseline_zhou\baseline_zhou-main\baseline_zhou-main\zhou_icf_mpc_constraint_audit_v1,results\coarse_scan\20260715_104605\cases\A_C05_018\metrics.csv,2495,2026-07-15T10:47:16.000,f2d02d67f7ac59b3aef7bac796d03c751bfd59eab1219c3f32ab867cdccf9529
jd_jq_audit,C:\Users\catkin\Documents\baseline_zhou\baseline_zhou-main\baseline_zhou-main\zhou_icf_mpc_constraint_audit_v1,results\coarse_scan\20260715_104605\cases\A_C05_019\configuration.csv,415,2026-07-15T10:47:16.000,b9f4418fd2bd10234c890b8d05af28fda7084a56acc4679b40ba011e0e97b380
jd_jq_audit,C:\Users\catkin\Documents\baseline_zhou\baseline_zhou-main\baseline_zhou-main\zhou_icf_mpc_constraint_audit_v1,results\coarse_scan\20260715_104605\cases\A_C05_019\metrics.csv,2504,2026-07-15T10:47:16.000,da24c9a0d94f32910aa8513c864b2b98e381c621b0de9fd813c88e62c302519e
jd_jq_audit,C:\Users\catkin\Documents\baseline_zhou\baseline_zhou-main\baseline_zhou-main\zhou_icf_mpc_constraint_audit_v1,results\coarse_scan\20260715_104605\cases\A_C05_020\configuration.csv,423,2026-07-15T10:47:16.000,deff12ba28084e5bb4e2c60096606b23c10f6ccfc5d106d1e3df1df9896c3551
jd_jq_audit,C:\Users\catkin\Documents\baseline_zhou\baseline_zhou-main\baseline_zhou-main\zhou_icf_mpc_constraint_audit_v1,results\coarse_scan\20260715_104605\cases\A_C05_020\metrics.csv,2507,2026-07-15T10:47:16.000,28edfd523c97d22929d5f22f103e936f5974188c47304ef51d6f39a744ab1dc7
jd_jq_audit,C:\Users\catkin\Documents\baseline_zhou\baseline_zhou-main\baseline_zhou-main\zhou_icf_mpc_constraint_audit_v1,results\coarse_scan\20260715_104605\cases\A_C05_021\configuration.csv,420,2026-07-15T10:47:16.000,b7607d8f7f3e3bbfc1a14c197bf8c2af5f6df0a0e9a1b79670156c98f4c3e5c2
jd_jq_audit,C:\Users\catkin\Documents\baseline_zhou\baseline_zhou-main\baseline_zhou-main\zhou_icf_mpc_constraint_audit_v1,results\coarse_scan\20260715_104605\cases\A_C05_021\metrics.csv,2514,2026-07-15T10:47:16.000,25090a86c02f3e8a969b44298ce9eb363c19ba8fdf2c172be994e428504d074e
jd_jq_audit,C:\Users\catkin\Documents\baseline_zhou\baseline_zhou-main\baseline_zhou-main\zhou_icf_mpc_constraint_audit_v1,results\coarse_scan\20260715_104605\cases\A_C05_022\configuration.csv,420,2026-07-15T10:47:16.000,0371e540b5a1dcb5d8dfe52b9f4cacc31ec6b7a73f504a0916ba9408eca46f51
jd_jq_audit,C:\Users\catkin\Documents\baseline_zhou\baseline_zhou-main\baseline_zhou-main\zhou_icf_mpc_constraint_audit_v1,results\coarse_scan\20260715_104605\cases\A_C05_022\metrics.csv,2500,2026-07-15T10:47:17.000,2862a9c6db4f7d1707d83829dd6688eb52961bc94132d7d44308e08e68b19b94
jd_jq_audit,C:\Users\catkin\Documents\baseline_zhou\baseline_zhou-main\baseline_zhou-main\zhou_icf_mpc_constraint_audit_v1,results\coarse_scan\20260715_104605\cases\A_C05_023\configuration.csv,420,2026-07-15T10:47:17.000,5d3b9384507c35bb65b4325ac403f7a2f3315304eff7b6ec95e7b8713c791291
jd_jq_audit,C:\Users\catkin\Documents\baseline_zhou\baseline_zhou-main\baseline_zhou-main\zhou_icf_mpc_constraint_audit_v1,results\coarse_scan\20260715_104605\cases\A_C05_023\metrics.csv,2498,2026-07-15T10:47:17.000,03baf9059a5fe5636c227b9bc199979b1079a242b68ffb1549e2adeac468aaf3
jd_jq_audit,C:\Users\catkin\Documents\baseline_zhou\baseline_zhou-main\baseline_zhou-main\zhou_icf_mpc_constraint_audit_v1,results\coarse_scan\20260715_104605\cases\A_C05_024\configuration.csv,415,2026-07-15T10:47:17.000,3acdbffb617a128d04ba6f34c0ce3705f2a0ac9616330d710dc7c589b1c02a8b
jd_jq_audit,C:\Users\catkin\Documents\baseline_zhou\baseline_zhou-main\baseline_zhou-main\zhou_icf_mpc_constraint_audit_v1,results\coarse_scan\20260715_104605\cases\A_C05_024\metrics.csv,2491,2026-07-15T10:47:17.000,1b2a09e702ad667a28559e92b9badb9015d79ef41dc7b41664ea77951bfa1199
jd_jq_audit,C:\Users\catkin\Documents\baseline_zhou\baseline_zhou-main\baseline_zhou-main\zhou_icf_mpc_constraint_audit_v1,results\coarse_scan\20260715_104605\cases\A_C05_025\configuration.csv,415,2026-07-15T10:47:17.000,c2a018d4b52655fdc8998e4808edc3694915db14d219adb84ede74deb3edb943
jd_jq_audit,C:\Users\catkin\Documents\baseline_zhou\baseline_zhou-main\baseline_zhou-main\zhou_icf_mpc_constraint_audit_v1,results\coarse_scan\20260715_104605\cases\A_C05_025\metrics.csv,2491,2026-07-15T10:47:17.000,783410c5b09f475deca976fdc6a20aa398a4d991dcc48d5a8a27abbabe62d07f
jd_jq_audit,C:\Users\catkin\Documents\baseline_zhou\baseline_zhou-main\baseline_zhou-main\zhou_icf_mpc_constraint_audit_v1,results\coarse_scan\20260715_104605\cases\A_C05_026\configuration.csv,423,2026-07-15T10:47:17.000,217296a2a836c8ea292c4c9883c7ffedf088ab4fc8603c87fac8303db77d7228
jd_jq_audit,C:\Users\catkin\Documents\baseline_zhou\baseline_zhou-main\baseline_zhou-main\zhou_icf_mpc_constraint_audit_v1,results\coarse_scan\20260715_104605\cases\A_C05_026\metrics.csv,2519,2026-07-15T10:47:17.000,c7cd847aa65ebe23abd205866b86463d81db09f8503761e62cad67d7c82eb96c
jd_jq_audit,C:\Users\catkin\Documents\baseline_zhou\baseline_zhou-main\baseline_zhou-main\zhou_icf_mpc_constraint_audit_v1,results\coarse_scan\20260715_104605\cases\A_C05_027\configuration.csv,420,2026-07-15T10:47:17.000,2c40e9ff7f2d5d065d09c5699a0e098b68ac8753af545faf45c63128f4b6c944
jd_jq_audit,C:\Users\catkin\Documents\baseline_zhou\baseline_zhou-main\baseline_zhou-main\zhou_icf_mpc_constraint_audit_v1,results\coarse_scan\20260715_104605\cases\A_C05_027\metrics.csv,2513,2026-07-15T10:47:17.000,311f55ba77ef045856fb5ba6ed7185ad80b995bdb27150bf64779c3259d7e1e9
jd_jq_audit,C:\Users\catkin\Documents\baseline_zhou\baseline_zhou-main\baseline_zhou-main\zhou_icf_mpc_constraint_audit_v1,results\coarse_scan\20260715_104605\cases\A_C05_028\configuration.csv,420,2026-07-15T10:47:17.000,79dfe73fbd5c85b3ad8f09301a09fa1040a75418bd712e1d19f9c896adea9a34
jd_jq_audit,C:\Users\catkin\Documents\baseline_zhou\baseline_zhou-main\baseline_zhou-main\zhou_icf_mpc_constraint_audit_v1,results\coarse_scan\20260715_104605\cases\A_C05_028\metrics.csv,2502,2026-07-15T10:47:17.000,aaab2526a77bd6d1de4d842b2ef6d1709ad7aa332981f831dcadcd5d2935bd41
jd_jq_audit,C:\Users\catkin\Documents\baseline_zhou\baseline_zhou-main\baseline_zhou-main\zhou_icf_mpc_constraint_audit_v1,results\coarse_scan\20260715_104605\cases\A_C05_029\configuration.csv,420,2026-07-15T10:47:17.000,5025f4d291fae4d642c98ddd4fb6c22e86a820319fd94fc4d73ddfbd1e268bb6
jd_jq_audit,C:\Users\catkin\Documents\baseline_zhou\baseline_zhou-main\baseline_zhou-main\zhou_icf_mpc_constraint_audit_v1,results\coarse_scan\20260715_104605\cases\A_C05_029\metrics.csv,2509,2026-07-15T10:47:17.000,062b0ae02a5fad0adf081c047d0fe986d507921a2d40c66638b3bfe1ac693616
jd_jq_audit,C:\Users\catkin\Documents\baseline_zhou\baseline_zhou-main\baseline_zhou-main\zhou_icf_mpc_constraint_audit_v1,results\coarse_scan\20260715_104605\cases\A_C05_030\configuration.csv,415,2026-07-15T10:47:17.000,a42998d5c956b5ecd7f54e69fbbb3753b58b41b0423e83d96819fd2f3a2e98ee
jd_jq_audit,C:\Users\catkin\Documents\baseline_zhou\baseline_zhou-main\baseline_zhou-main\zhou_icf_mpc_constraint_audit_v1,results\coarse_scan\20260715_104605\cases\A_C05_030\metrics.csv,2494,2026-07-15T10:47:18.000,bcfa724bb34276f5bc6e78fee98be04b0d3d8055b34c39dbfdf5d42f8c585de3
jd_jq_audit,C:\Users\catkin\Documents\baseline_zhou\baseline_zhou-main\baseline_zhou-main\zhou_icf_mpc_constraint_audit_v1,results\coarse_scan\20260715_104605\cases\A_C05_031\configuration.csv,410,2026-07-15T10:47:18.000,2b72a7ac97ade907dfd65daeb6c90ecae552211a01c456f684fa8a04561d2d03
jd_jq_audit,C:\Users\catkin\Documents\baseline_zhou\baseline_zhou-main\baseline_zhou-main\zhou_icf_mpc_constraint_audit_v1,results\coarse_scan\20260715_104605\cases\A_C05_031\metrics.csv,2489,2026-07-15T10:47:18.000,31b1c006fcfaddedaf730b6fab5abb49340b362dad53f9220a926cec6346709c
jd_jq_audit,C:\Users\catkin\Documents\baseline_zhou\baseline_zhou-main\baseline_zhou-main\zhou_icf_mpc_constraint_audit_v1,results\coarse_scan\20260715_104605\cases\A_C05_032\configuration.csv,418,2026-07-15T10:47:18.000,4a0b06fa59f74a62cbb74a96b69f6d2568e455bed65af09c5a9705c2bf6300c4
jd_jq_audit,C:\Users\catkin\Documents\baseline_zhou\baseline_zhou-main\baseline_zhou-main\zhou_icf_mpc_constraint_audit_v1,results\coarse_scan\20260715_104605\cases\A_C05_032\metrics.csv,2497,2026-07-15T10:47:18.000,6bc0b137ca5ceeb2a5dabd0b02d399e1ea1bbcfee57c6f0da9f93e674787a541
jd_jq_audit,C:\Users\catkin\Documents\baseline_zhou\baseline_zhou-main\baseline_zhou-main\zhou_icf_mpc_constraint_audit_v1,results\coarse_scan\20260715_104605\cases\A_C05_033\configuration.csv,415,2026-07-15T10:47:18.000,a4e788e972120c1e8865768366714eb95369691f2143280c529f854817047302
jd_jq_audit,C:\Users\catkin\Documents\baseline_zhou\baseline_zhou-main\baseline_zhou-main\zhou_icf_mpc_constraint_audit_v1,results\coarse_scan\20260715_104605\cases\A_C05_033\metrics.csv,2487,2026-07-15T10:47:18.000,4ce97a4dd1dbdce48ba2db4e73b20b9fa60a591e57b4302afc3ae2cf6410890c
jd_jq_audit,C:\Users\catkin\Documents\baseline_zhou\baseline_zhou-main\baseline_zhou-main\zhou_icf_mpc_constraint_audit_v1,results\coarse_scan\20260715_104605\cases\A_C05_034\configuration.csv,415,2026-07-15T10:47:18.000,cbff3e43eb84acb1aa769c03614c5df5ffc088225462c6a279382a9e004e5372
jd_jq_audit,C:\Users\catkin\Documents\baseline_zhou\baseline_zhou-main\baseline_zhou-main\zhou_icf_mpc_constraint_audit_v1,results\coarse_scan\20260715_104605\cases\A_C05_034\metrics.csv,2494,2026-07-15T10:47:18.000,27cafc1f57bfa3c6f701894bccdaec595fd6d92f63cf1d39e08c02cfdfa1308f
jd_jq_audit,C:\Users\catkin\Documents\baseline_zhou\baseline_zhou-main\baseline_zhou-main\zhou_icf_mpc_constraint_audit_v1,results\coarse_scan\20260715_104605\cases\A_C05_035\configuration.csv,415,2026-07-15T10:47:18.000,f14eb5e25aa03c5fee4ecfa423018b4fe2f68b71596e1a8b156317bacdb1e322
jd_jq_audit,C:\Users\catkin\Documents\baseline_zhou\baseline_zhou-main\baseline_zhou-main\zhou_icf_mpc_constraint_audit_v1,results\coarse_scan\20260715_104605\cases\A_C05_035\metrics.csv,2492,2026-07-15T10:47:18.000,cebdf14087ab9595e20134d6c67a30b33dd06961fb8d6d1dd937b8a531d8aa9e
jd_jq_audit,C:\Users\catkin\Documents\baseline_zhou\baseline_zhou-main\baseline_zhou-main\zhou_icf_mpc_constraint_audit_v1,results\coarse_scan\20260715_104605\cases\A_C05_036\configuration.csv,410,2026-07-15T10:47:18.000,49e1145efa548194810ec042f9a25d10e558114aacec0c07d4c574dcf3df1096
jd_jq_audit,C:\Users\catkin\Documents\baseline_zhou\baseline_zhou-main\baseline_zhou-main\zhou_icf_mpc_constraint_audit_v1,results\coarse_scan\20260715_104605\cases\A_C05_036\metrics.csv,2486,2026-07-15T10:47:18.000,018bd04d213aab2b691e882bc6f4530897f5643c4d1bec3b0f1ab21b273e508b
jd_jq_audit,C:\Users\catkin\Documents\baseline_zhou\baseline_zhou-main\baseline_zhou-main\zhou_icf_mpc_constraint_audit_v1,results\coarse_scan\20260715_104605\cases\A_C06_001\configuration.csv,397,2026-07-15T10:47:18.000,28231f7b0ff25d332f1fd1244a7bac4c5af710ef73038c19e295b320758e6d2a
jd_jq_audit,C:\Users\catkin\Documents\baseline_zhou\baseline_zhou-main\baseline_zhou-main\zhou_icf_mpc_constraint_audit_v1,results\coarse_scan\20260715_104605\cases\A_C06_001\metrics.csv,2488,2026-07-15T10:47:18.000,66c23857f6982d52b5dc46ed3115c6db11f8089a4e223d994130b6dc472238b9
jd_jq_audit,C:\Users\catkin\Documents\baseline_zhou\baseline_zhou-main\baseline_zhou-main\zhou_icf_mpc_constraint_audit_v1,results\coarse_scan\20260715_104605\cases\A_C06_002\configuration.csv,405,2026-07-15T10:47:18.000,593230d9ec5a10cd9708a13e9266fe71577946467ee2898104b9e5baec22e041
jd_jq_audit,C:\Users\catkin\Documents\baseline_zhou\baseline_zhou-main\baseline_zhou-main\zhou_icf_mpc_constraint_audit_v1,results\coarse_scan\20260715_104605\cases\A_C06_002\metrics.csv,2511,2026-07-15T10:47:18.000,8e6b9fa17278b9bfe52909621345885cebeaaf1fad0dd546293d2d898ecf7b47
jd_jq_audit,C:\Users\catkin\Documents\baseline_zhou\baseline_zhou-main\baseline_zhou-main\zhou_icf_mpc_constraint_audit_v1,results\coarse_scan\20260715_104605\cases\A_C06_003\configuration.csv,402,2026-07-15T10:47:18.000,ac5444c7510dedba02b076bf8ae59936d86cf44d5fc458a79a758b99ae152f8d
jd_jq_audit,C:\Users\catkin\Documents\baseline_zhou\baseline_zhou-main\baseline_zhou-main\zhou_icf_mpc_constraint_audit_v1,results\coarse_scan\20260715_104605\cases\A_C06_003\metrics.csv,2508,2026-07-15T10:47:19.000,ad48def983f4dd45baeb6319dc1c7c2d9c4890800cc501bf5fa30f72ed9d92d4
jd_jq_audit,C:\Users\catkin\Documents\baseline_zhou\baseline_zhou-main\baseline_zhou-main\zhou_icf_mpc_constraint_audit_v1,results\coarse_scan\20260715_104605\cases\A_C06_004\configuration.csv,402,2026-07-15T10:47:19.000,4961c6b2eebb0c0ccf9ec8a7d8642220d63ff338e22e018d6c619148074ee203
jd_jq_audit,C:\Users\catkin\Documents\baseline_zhou\baseline_zhou-main\baseline_zhou-main\zhou_icf_mpc_constraint_audit_v1,results\coarse_scan\20260715_104605\cases\A_C06_004\metrics.csv,2495,2026-07-15T10:47:19.000,5ce242e66f7a6fc39e38c9804f46b9b709cf4ddf7909f6ba5206b4ac4654a03c
jd_jq_audit,C:\Users\catkin\Documents\baseline_zhou\baseline_zhou-main\baseline_zhou-main\zhou_icf_mpc_constraint_audit_v1,results\coarse_scan\20260715_104605\cases\A_C06_005\configuration.csv,402,2026-07-15T10:47:19.000,2f2059b9d82a363a4bbc6f500fa05b849ec318f99070b4c3f1978226d39b4bbe
jd_jq_audit,C:\Users\catkin\Documents\baseline_zhou\baseline_zhou-main\baseline_zhou-main\zhou_icf_mpc_constraint_audit_v1,results\coarse_scan\20260715_104605\cases\A_C06_005\metrics.csv,2493,2026-07-15T10:47:19.000,94168de5197ca525c989b743d314fba9232c31851b8ad9866417b39039c7bdec
jd_jq_audit,C:\Users\catkin\Documents\baseline_zhou\baseline_zhou-main\baseline_zhou-main\zhou_icf_mpc_constraint_audit_v1,results\coarse_scan\20260715_104605\cases\A_C06_006\configuration.csv,397,2026-07-15T10:47:19.000,d8c458e83086cc4eef10b1eae1e080c36f7899caec4d1b5a2418ffd661440d3d
jd_jq_audit,C:\Users\catkin\Documents\baseline_zhou\baseline_zhou-main\baseline_zhou-main\zhou_icf_mpc_constraint_audit_v1,results\coarse_scan\20260715_104605\cases\A_C06_006\metrics.csv,2498,2026-07-15T10:47:19.000,a5e6de583cab71e2ad61ba1b59f544b8b27f84653595764fa33959f28e10368d
jd_jq_audit,C:\Users\catkin\Documents\baseline_zhou\baseline_zhou-main\baseline_zhou-main\zhou_icf_mpc_constraint_audit_v1,results\coarse_scan\20260715_104605\cases\A_C06_007\configuration.csv,397,2026-07-15T10:47:19.000,8de4c4d23b3c9e2b95e1c8bd22ca5ba135b7068af8cf4e81dfc6be28d91388d2
jd_jq_audit,C:\Users\catkin\Documents\baseline_zhou\baseline_zhou-main\baseline_zhou-main\zhou_icf_mpc_constraint_audit_v1,results\coarse_scan\20260715_104605\cases\A_C06_007\metrics.csv,2497,2026-07-15T10:47:19.000,25d9f076b4849eacb251a8acd38158db1b2af3a71665c7cd797015f254125968
jd_jq_audit,C:\Users\catkin\Documents\baseline_zhou\baseline_zhou-main\baseline_zhou-main\zhou_icf_mpc_constraint_audit_v1,results\coarse_scan\20260715_104605\cases\A_C06_008\configuration.csv,405,2026-07-15T10:47:19.000,8dfd278b5d714e8157402fbc39bae7f065965015b2ae2ad9caa7f89e0c9db421
jd_jq_audit,C:\Users\catkin\Documents\baseline_zhou\baseline_zhou-main\baseline_zhou-main\zhou_icf_mpc_constraint_audit_v1,results\coarse_scan\20260715_104605\cases\A_C06_008\metrics.csv,2505,2026-07-15T10:47:19.000,7aad87f3eb4d10c88b2dd31e9ad1908410a55ccefd61badf58f83df7b69ac11f
jd_jq_audit,C:\Users\catkin\Documents\baseline_zhou\baseline_zhou-main\baseline_zhou-main\zhou_icf_mpc_constraint_audit_v1,results\coarse_scan\20260715_104605\cases\A_C06_009\configuration.csv,402,2026-07-15T10:47:19.000,a3417f1b2732ccc3a2c326d5dd7076d07f0e073035eaf9565dc324a9266c453c
jd_jq_audit,C:\Users\catkin\Documents\baseline_zhou\baseline_zhou-main\baseline_zhou-main\zhou_icf_mpc_constraint_audit_v1,results\coarse_scan\20260715_104605\cases\A_C06_009\metrics.csv,2498,2026-07-15T10:47:19.000,3a9d4b2d08f6e523ac2e4600aa0cfe3990b3f8460078d790f084d08e9f059713
jd_jq_audit,C:\Users\catkin\Documents\baseline_zhou\baseline_zhou-main\baseline_zhou-main\zhou_icf_mpc_constraint_audit_v1,results\coarse_scan\20260715_104605\cases\A_C06_010\configuration.csv,402,2026-07-15T10:47:19.000,e8ecaa661ddc8a0fb11815056a6898c126cbe9913edbf9fe896094d55a6d12e9
jd_jq_audit,C:\Users\catkin\Documents\baseline_zhou\baseline_zhou-main\baseline_zhou-main\zhou_icf_mpc_constraint_audit_v1,results\coarse_scan\20260715_104605\cases\A_C06_010\metrics.csv,2493,2026-07-15T10:47:19.000,7b0f9a4b7d8f9cc8dabdc3f960651bc33039a9a0b2729d723fe4368bae39c3ea
jd_jq_audit,C:\Users\catkin\Documents\baseline_zhou\baseline_zhou-main\baseline_zhou-main\zhou_icf_mpc_constraint_audit_v1,results\coarse_scan\20260715_104605\cases\A_C06_011\configuration.csv,402,2026-07-15T10:47:19.000,a09c550795ad9471dfe8378f67f44e9936ad4ef5a7135838659debbf4f97e2e5
jd_jq_audit,C:\Users\catkin\Documents\baseline_zhou\baseline_zhou-main\baseline_zhou-main\zhou_icf_mpc_constraint_audit_v1,results\coarse_scan\20260715_104605\cases\A_C06_011\metrics.csv,2504,2026-07-15T10:47:19.000,240159d951391df32df6603ecd9ec9a86c418f388221a418326adeec8c8ff0ab
jd_jq_audit,C:\Users\catkin\Documents\baseline_zhou\baseline_zhou-main\baseline_zhou-main\zhou_icf_mpc_constraint_audit_v1,results\coarse_scan\20260715_104605\cases\A_C06_012\configuration.csv,397,2026-07-15T10:47:19.000,dc38be927629a7a2e20387f1463565f83928c9cf5bbe8f529b0f61632cbf1f4b
jd_jq_audit,C:\Users\catkin\Documents\baseline_zhou\baseline_zhou-main\baseline_zhou-main\zhou_icf_mpc_constraint_audit_v1,results\coarse_scan\20260715_104605\cases\A_C06_012\metrics.csv,2481,2026-07-15T10:47:20.000,51da023828a83b3d8a2e8b6a93a7ad3683a472804c86f1ec0ce5851883bb7b78
jd_jq_audit,C:\Users\catkin\Documents\baseline_zhou\baseline_zhou-main\baseline_zhou-main\zhou_icf_mpc_constraint_audit_v1,results\coarse_scan\20260715_104605\cases\A_C06_013\configuration.csv,397,2026-07-15T10:47:20.000,32626cfef5bffe6f802a7d3d46f26d4fb2375d9d3e6ccc23ce06f548c18c0912
jd_jq_audit,C:\Users\catkin\Documents\baseline_zhou\baseline_zhou-main\baseline_zhou-main\zhou_icf_mpc_constraint_audit_v1,results\coarse_scan\20260715_104605\cases\A_C06_013\metrics.csv,2493,2026-07-15T10:47:20.000,eb000b86f2fb5576f0039a09208daffae1a642e5ffdea38ab6828fb6f4917f8e
jd_jq_audit,C:\Users\catkin\Documents\baseline_zhou\baseline_zhou-main\baseline_zhou-main\zhou_icf_mpc_constraint_audit_v1,results\coarse_scan\20260715_104605\cases\A_C06_014\configuration.csv,405,2026-07-15T10:47:20.000,5c1a10783d5185f33870fe67c865a7c6471b57fdcaa16f6d2de36fe2f73e646a
jd_jq_audit,C:\Users\catkin\Documents\baseline_zhou\baseline_zhou-main\baseline_zhou-main\zhou_icf_mpc_constraint_audit_v1,results\coarse_scan\20260715_104605\cases\A_C06_014\metrics.csv,2500,2026-07-15T10:47:20.000,11006bd47747bcfc9d6c5133920c8f43d4300ee2177270aa059d0901a49c1d43
jd_jq_audit,C:\Users\catkin\Documents\baseline_zhou\baseline_zhou-main\baseline_zhou-main\zhou_icf_mpc_constraint_audit_v1,results\coarse_scan\20260715_104605\cases\A_C06_015\configuration.csv,402,2026-07-15T10:47:20.000,1da26b8c54eaa85bffea9fb8653df6c0255485dcc4d773cfbc3cfc715052a325
jd_jq_audit,C:\Users\catkin\Documents\baseline_zhou\baseline_zhou-main\baseline_zhou-main\zhou_icf_mpc_constraint_audit_v1,results\coarse_scan\20260715_104605\cases\A_C06_015\metrics.csv,2492,2026-07-15T10:47:20.000,9353e6079337caad1cd78c6cfe4b4c4d00145d88e71be453c183d724d4da9a3f
jd_jq_audit,C:\Users\catkin\Documents\baseline_zhou\baseline_zhou-main\baseline_zhou-main\zhou_icf_mpc_constraint_audit_v1,results\coarse_scan\20260715_104605\cases\A_C06_016\configuration.csv,402,2026-07-15T10:47:20.000,9151afb38f3767b7343a2eaa8afdb0f419e84169c952cc80d0052a260dc5192d
jd_jq_audit,C:\Users\catkin\Documents\baseline_zhou\baseline_zhou-main\baseline_zhou-main\zhou_icf_mpc_constraint_audit_v1,results\coarse_scan\20260715_104605\cases\A_C06_016\metrics.csv,2501,2026-07-15T10:47:20.000,8c512965f03c5dcd7450673596076b72123488768184f623147e5ccf9ed76935
jd_jq_audit,C:\Users\catkin\Documents\baseline_zhou\baseline_zhou-main\baseline_zhou-main\zhou_icf_mpc_constraint_audit_v1,results\coarse_scan\20260715_104605\cases\A_C06_017\configuration.csv,402,2026-07-15T10:47:20.000,c5004d2d55df42192bbf77aee4830bed8b93f5db0a5398f0012adb3f80827e31
jd_jq_audit,C:\Users\catkin\Documents\baseline_zhou\baseline_zhou-main\baseline_zhou-main\zhou_icf_mpc_constraint_audit_v1,results\coarse_scan\20260715_104605\cases\A_C06_017\metrics.csv,2488,2026-07-15T10:47:20.000,2a0fb1270de1d375241cdab010d4873c0ae3f9ec1fd956704259bc413fc063e5
jd_jq_audit,C:\Users\catkin\Documents\baseline_zhou\baseline_zhou-main\baseline_zhou-main\zhou_icf_mpc_constraint_audit_v1,results\coarse_scan\20260715_104605\cases\A_C06_018\configuration.csv,397,2026-07-15T10:47:20.000,9761749bf55a8f59c214fbb9dfdcf6c17a72b91243674c0169b74627479a6a53
jd_jq_audit,C:\Users\catkin\Documents\baseline_zhou\baseline_zhou-main\baseline_zhou-main\zhou_icf_mpc_constraint_audit_v1,results\coarse_scan\20260715_104605\cases\A_C06_018\metrics.csv,2480,2026-07-15T10:47:20.000,c873eaec1ee3cb02b8cc20e87ee6f5590e7a4a0aa7e0fdf55ada938bd4423c22
jd_jq_audit,C:\Users\catkin\Documents\baseline_zhou\baseline_zhou-main\baseline_zhou-main\zhou_icf_mpc_constraint_audit_v1,results\coarse_scan\20260715_104605\cases\A_C06_019\configuration.csv,397,2026-07-15T10:47:20.000,d17a5d0417d006b217b4b8b6b221979e59d8c082f07a0d94813ade899a3afbd2
jd_jq_audit,C:\Users\catkin\Documents\baseline_zhou\baseline_zhou-main\baseline_zhou-main\zhou_icf_mpc_constraint_audit_v1,results\coarse_scan\20260715_104605\cases\A_C06_019\metrics.csv,2490,2026-07-15T10:47:20.000,93164bbcac3e7e66bcdf4ee9d55e3677e10bd2fb83163b7de2606029b03b6cb2
jd_jq_audit,C:\Users\catkin\Documents\baseline_zhou\baseline_zhou-main\baseline_zhou-main\zhou_icf_mpc_constraint_audit_v1,results\coarse_scan\20260715_104605\cases\A_C06_020\configuration.csv,405,2026-07-15T10:47:20.000,c49dee340368c062db41f1fc7c702d0278447255b50a734e457b40de7a301523
jd_jq_audit,C:\Users\catkin\Documents\baseline_zhou\baseline_zhou-main\baseline_zhou-main\zhou_icf_mpc_constraint_audit_v1,results\coarse_scan\20260715_104605\cases\A_C06_020\metrics.csv,2489,2026-07-15T10:47:20.000,5d1b3e0079e3318896a32dc21e9c058a44492e4ae4618767ab63397b2e37186a
jd_jq_audit,C:\Users\catkin\Documents\baseline_zhou\baseline_zhou-main\baseline_zhou-main\zhou_icf_mpc_constraint_audit_v1,results\coarse_scan\20260715_104605\cases\A_C06_021\configuration.csv,402,2026-07-15T10:47:20.000,ea0552e8dd2a2f209572a5de2ae494f51bf36f20ce0c6ddc1f399e639b4f38a8
jd_jq_audit,C:\Users\catkin\Documents\baseline_zhou\baseline_zhou-main\baseline_zhou-main\zhou_icf_mpc_constraint_audit_v1,results\coarse_scan\20260715_104605\cases\A_C06_021\metrics.csv,2506,2026-07-15T10:47:21.000,ac3e97dc7b4dd77fb8f713f339866a35cd7745bdfe93d2e998b09693a3421475
jd_jq_audit,C:\Users\catkin\Documents\baseline_zhou\baseline_zhou-main\baseline_zhou-main\zhou_icf_mpc_constraint_audit_v1,results\coarse_scan\20260715_104605\cases\A_C06_022\configuration.csv,402,2026-07-15T10:47:21.000,bf1c831fcd0498b42d71a2059f85d12745694f68cdc64e89e31e01c2d5b9d1c5
jd_jq_audit,C:\Users\catkin\Documents\baseline_zhou\baseline_zhou-main\baseline_zhou-main\zhou_icf_mpc_constraint_audit_v1,results\coarse_scan\20260715_104605\cases\A_C06_022\metrics.csv,2500,2026-07-15T10:47:21.000,fbfd8ecb720c6dbe0fd48b763f0e0417d0223d9973a94fbdd7aa91da2c34ceb3
jd_jq_audit,C:\Users\catkin\Documents\baseline_zhou\baseline_zhou-main\baseline_zhou-main\zhou_icf_mpc_constraint_audit_v1,results\coarse_scan\20260715_104605\cases\A_C06_023\configuration.csv,402,2026-07-15T10:47:21.000,260766b6dacbd395bace744e3c6f5b26923600a924e232d17f0ec726fe6a9e28
jd_jq_audit,C:\Users\catkin\Documents\baseline_zhou\baseline_zhou-main\baseline_zhou-main\zhou_icf_mpc_constraint_audit_v1,results\coarse_scan\20260715_104605\cases\A_C06_023\metrics.csv,2488,2026-07-15T10:47:21.000,513ba96883b7235ff26c9692e4940e2d998f4d613a1de4e0ac8519aadd9f8f7d
jd_jq_audit,C:\Users\catkin\Documents\baseline_zhou\baseline_zhou-main\baseline_zhou-main\zhou_icf_mpc_constraint_audit_v1,results\coarse_scan\20260715_104605\cases\A_C06_024\configuration.csv,397,2026-07-15T10:47:21.000,5408ffb4b0c0722b9b7a610cdd73135f48c7750eb9c0ee280ac668a1af3c709c
jd_jq_audit,C:\Users\catkin\Documents\baseline_zhou\baseline_zhou-main\baseline_zhou-main\zhou_icf_mpc_constraint_audit_v1,results\coarse_scan\20260715_104605\cases\A_C06_024\metrics.csv,2480,2026-07-15T10:47:21.000,39d8b1094edb9a0c0d937ee79ad80c4127d73ef5c6b0010012f4a0f50cbd307d
jd_jq_audit,C:\Users\catkin\Documents\baseline_zhou\baseline_zhou-main\baseline_zhou-main\zhou_icf_mpc_constraint_audit_v1,results\coarse_scan\20260715_104605\cases\A_C06_025\configuration.csv,397,2026-07-15T10:47:21.000,914a92733a2a98527e38296d6b205352b8eed3ac89507de06fc5fcc2d26906e6
jd_jq_audit,C:\Users\catkin\Documents\baseline_zhou\baseline_zhou-main\baseline_zhou-main\zhou_icf_mpc_constraint_audit_v1,results\coarse_scan\20260715_104605\cases\A_C06_025\metrics.csv,2491,2026-07-15T10:47:21.000,e09562edf502536b351cdae3628afc3781332bbd16b1eee35e6424cec999b226
jd_jq_audit,C:\Users\catkin\Documents\baseline_zhou\baseline_zhou-main\baseline_zhou-main\zhou_icf_mpc_constraint_audit_v1,results\coarse_scan\20260715_104605\cases\A_C06_026\configuration.csv,405,2026-07-15T10:47:21.000,fcc7d870a5425b629975a79e4c7f51c165d6023feb7e1ec3986b0fcd7990e753
jd_jq_audit,C:\Users\catkin\Documents\baseline_zhou\baseline_zhou-main\baseline_zhou-main\zhou_icf_mpc_constraint_audit_v1,results\coarse_scan\20260715_104605\cases\A_C06_026\metrics.csv,2504,2026-07-15T10:47:21.000,b59c0ac60b44c07b08dbf70c55636a2cdc3f8ea84e9e15ebeb5a776b8d989ebc
jd_jq_audit,C:\Users\catkin\Documents\baseline_zhou\baseline_zhou-main\baseline_zhou-main\zhou_icf_mpc_constraint_audit_v1,results\coarse_scan\20260715_104605\cases\A_C06_027\configuration.csv,402,2026-07-15T10:47:21.000,503a88807406947f5337a730ae4b99558d464f5f1368cd0158a6a2025afb89a7
jd_jq_audit,C:\Users\catkin\Documents\baseline_zhou\baseline_zhou-main\baseline_zhou-main\zhou_icf_mpc_constraint_audit_v1,results\coarse_scan\20260715_104605\cases\A_C06_027\metrics.csv,2505,2026-07-15T10:47:21.000,e06f3d93fe225c8b933dabef8c766621ae730368936b9ae042cb00c926c96bdd
jd_jq_audit,C:\Users\catkin\Documents\baseline_zhou\baseline_zhou-main\baseline_zhou-main\zhou_icf_mpc_constraint_audit_v1,results\coarse_scan\20260715_104605\cases\A_C06_028\configuration.csv,402,2026-07-15T10:47:21.000,751e3179e2bd94483a351d2c092c1083ada6a9e8bfa11696aa9c9436d17350cf
jd_jq_audit,C:\Users\catkin\Documents\baseline_zhou\baseline_zhou-main\baseline_zhou-main\zhou_icf_mpc_constraint_audit_v1,results\coarse_scan\20260715_104605\cases\A_C06_028\metrics.csv,2478,2026-07-15T10:47:21.000,9d679f9b19c8db0873ed77fa5bb45c77b0fb880e705431c8ac099b683795f9a0
jd_jq_audit,C:\Users\catkin\Documents\baseline_zhou\baseline_zhou-main\baseline_zhou-main\zhou_icf_mpc_constraint_audit_v1,results\coarse_scan\20260715_104605\cases\A_C06_029\configuration.csv,402,2026-07-15T10:47:21.000,61644302551a60d1a884dfe7bc6877a0fd8f60e6180f64131f8d77b8234ff33d
jd_jq_audit,C:\Users\catkin\Documents\baseline_zhou\baseline_zhou-main\baseline_zhou-main\zhou_icf_mpc_constraint_audit_v1,results\coarse_scan\20260715_104605\cases\A_C06_029\metrics.csv,2479,2026-07-15T10:47:22.000,096defa463cfc335c53482d51b613382c93eba992f94f77127b68a4bec7afde5
jd_jq_audit,C:\Users\catkin\Documents\baseline_zhou\baseline_zhou-main\baseline_zhou-main\zhou_icf_mpc_constraint_audit_v1,results\coarse_scan\20260715_104605\cases\A_C06_030\configuration.csv,397,2026-07-15T10:47:22.000,90323cc92caadefd33e3a22ebde52c4dabe178b0ee456e3bd31378182e6c5612
jd_jq_audit,C:\Users\catkin\Documents\baseline_zhou\baseline_zhou-main\baseline_zhou-main\zhou_icf_mpc_constraint_audit_v1,results\coarse_scan\20260715_104605\cases\A_C06_030\metrics.csv,2478,2026-07-15T10:47:22.000,08f7a6967e7ff686349e8f170cb92d9f2a3027790ec564e69b5cf877bbb2f777
jd_jq_audit,C:\Users\catkin\Documents\baseline_zhou\baseline_zhou-main\baseline_zhou-main\zhou_icf_mpc_constraint_audit_v1,results\coarse_scan\20260715_104605\cases\A_C06_031\configuration.csv,392,2026-07-15T10:47:22.000,82581ed11ac730e185141e298d6e00c101f13f74c4e0536528a9503363dad8c9
jd_jq_audit,C:\Users\catkin\Documents\baseline_zhou\baseline_zhou-main\baseline_zhou-main\zhou_icf_mpc_constraint_audit_v1,results\coarse_scan\20260715_104605\cases\A_C06_031\metrics.csv,2476,2026-07-15T10:47:22.000,1a7c54bbce98df1d0c72c8229a953ac5550aa2da17b0310789c2d485959b3c9f
jd_jq_audit,C:\Users\catkin\Documents\baseline_zhou\baseline_zhou-main\baseline_zhou-main\zhou_icf_mpc_constraint_audit_v1,results\coarse_scan\20260715_104605\cases\A_C06_032\configuration.csv,400,2026-07-15T10:47:22.000,47e8159ed4d24e6ee7392065e353b4e5cc4aed1caa13600c80f7e888cf279ebe
jd_jq_audit,C:\Users\catkin\Documents\baseline_zhou\baseline_zhou-main\baseline_zhou-main\zhou_icf_mpc_constraint_audit_v1,results\coarse_scan\20260715_104605\cases\A_C06_032\metrics.csv,2492,2026-07-15T10:47:22.000,03f8671db45e87b344b3a5914c602ac5550ce59507f23d3e084b3e8197b2db19
jd_jq_audit,C:\Users\catkin\Documents\baseline_zhou\baseline_zhou-main\baseline_zhou-main\zhou_icf_mpc_constraint_audit_v1,results\coarse_scan\20260715_104605\cases\A_C06_033\configuration.csv,397,2026-07-15T10:47:22.000,74f1e962ff94b8c80d50860ca81ca20bdc224cfbc1b56dd236bd111a0ca258c3
jd_jq_audit,C:\Users\catkin\Documents\baseline_zhou\baseline_zhou-main\baseline_zhou-main\zhou_icf_mpc_constraint_audit_v1,results\coarse_scan\20260715_104605\cases\A_C06_033\metrics.csv,2485,2026-07-15T10:47:22.000,9fcbcf3fae3a029d325bd850954902f8cb5e79402385f56d58be0b1a11333bca
jd_jq_audit,C:\Users\catkin\Documents\baseline_zhou\baseline_zhou-main\baseline_zhou-main\zhou_icf_mpc_constraint_audit_v1,results\coarse_scan\20260715_104605\cases\A_C06_034\configuration.csv,397,2026-07-15T10:47:22.000,0b04d5551637eda65254192002b4d46de3b02d559b14c02f8c9341066c830be8
jd_jq_audit,C:\Users\catkin\Documents\baseline_zhou\baseline_zhou-main\baseline_zhou-main\zhou_icf_mpc_constraint_audit_v1,results\coarse_scan\20260715_104605\cases\A_C06_034\metrics.csv,2481,2026-07-15T10:47:22.000,afd24d763546f575061a2c27c7bd3ab146ef180340062a6c3084140c13b18a1f
jd_jq_audit,C:\Users\catkin\Documents\baseline_zhou\baseline_zhou-main\baseline_zhou-main\zhou_icf_mpc_constraint_audit_v1,results\coarse_scan\20260715_104605\cases\A_C06_035\configuration.csv,397,2026-07-15T10:47:22.000,c54cf4bb02118cad570210ce87514a4e4363060f4f73d678881494631fefb46f
jd_jq_audit,C:\Users\catkin\Documents\baseline_zhou\baseline_zhou-main\baseline_zhou-main\zhou_icf_mpc_constraint_audit_v1,results\coarse_scan\20260715_104605\cases\A_C06_035\metrics.csv,2466,2026-07-15T10:47:22.000,770098a2254fbf56fe87bd7a8f2ea2ce1b4764bc47ae3cc9fc95d48f868c9991
jd_jq_audit,C:\Users\catkin\Documents\baseline_zhou\baseline_zhou-main\baseline_zhou-main\zhou_icf_mpc_constraint_audit_v1,results\coarse_scan\20260715_104605\cases\A_C06_036\configuration.csv,392,2026-07-15T10:47:22.000,c21f4d25a8fe065646ed37f4370fa69efc0c058312dfa7788e8cdc0d02727433
jd_jq_audit,C:\Users\catkin\Documents\baseline_zhou\baseline_zhou-main\baseline_zhou-main\zhou_icf_mpc_constraint_audit_v1,results\coarse_scan\20260715_104605\cases\A_C06_036\metrics.csv,2476,2026-07-15T10:47:23.000,0d93ae5b9f5851a72a1fb72a187e019bc7e2d01f4b15f28230c5602c2b75e80e
jd_jq_audit,C:\Users\catkin\Documents\baseline_zhou\baseline_zhou-main\baseline_zhou-main\zhou_icf_mpc_constraint_audit_v1,results\coarse_scan\20260715_104605\cases\A_C07_001\configuration.csv,401,2026-07-15T10:47:23.000,c30963485519bc2ff03352c65dde29154d6bbbd4e2b6af3d1fdbc847fafbe103
jd_jq_audit,C:\Users\catkin\Documents\baseline_zhou\baseline_zhou-main\baseline_zhou-main\zhou_icf_mpc_constraint_audit_v1,results\coarse_scan\20260715_104605\cases\A_C07_001\metrics.csv,2592,2026-07-15T10:47:23.000,77de3f14d76cca84a020c293df4f30361872a537501e72dead54d7ae400f7218
jd_jq_audit,C:\Users\catkin\Documents\baseline_zhou\baseline_zhou-main\baseline_zhou-main\zhou_icf_mpc_constraint_audit_v1,results\coarse_scan\20260715_104605\cases\A_C07_002\configuration.csv,409,2026-07-15T10:47:23.000,b16fecb48cb77776cb42e6a8f03e6f6d356ecf1739956b775c66444d51902352
jd_jq_audit,C:\Users\catkin\Documents\baseline_zhou\baseline_zhou-main\baseline_zhou-main\zhou_icf_mpc_constraint_audit_v1,results\coarse_scan\20260715_104605\cases\A_C07_002\metrics.csv,2553,2026-07-15T10:47:23.000,1cccb54d23e445f6ebdfc741153b4c95ebdf206d0e99d42ef39a0cc320a6d238
jd_jq_audit,C:\Users\catkin\Documents\baseline_zhou\baseline_zhou-main\baseline_zhou-main\zhou_icf_mpc_constraint_audit_v1,results\coarse_scan\20260715_104605\cases\A_C07_003\configuration.csv,406,2026-07-15T10:47:23.000,5e79440ce334472544a0618cd034dfea1630a377a5f9ae054dc439f5b81124af
jd_jq_audit,C:\Users\catkin\Documents\baseline_zhou\baseline_zhou-main\baseline_zhou-main\zhou_icf_mpc_constraint_audit_v1,results\coarse_scan\20260715_104605\cases\A_C07_003\metrics.csv,2552,2026-07-15T10:47:24.000,6fd7d9bbab6a11f9f54dd6b6a0fc87cbe6f39051a418cec753712ae77d4ed789
jd_jq_audit,C:\Users\catkin\Documents\baseline_zhou\baseline_zhou-main\baseline_zhou-main\zhou_icf_mpc_constraint_audit_v1,results\coarse_scan\20260715_104605\cases\A_C07_004\configuration.csv,406,2026-07-15T10:47:24.000,8c814a071bc0411e3c7c726485676ef2fb5af91e9ed3c83d55773d7f8853b5fb
jd_jq_audit,C:\Users\catkin\Documents\baseline_zhou\baseline_zhou-main\baseline_zhou-main\zhou_icf_mpc_constraint_audit_v1,results\coarse_scan\20260715_104605\cases\A_C07_004\metrics.csv,2544,2026-07-15T10:47:24.000,32556781bf4951458ea095c6cddba5a45ef823d254c53bdd8fef7022b61851b3
jd_jq_audit,C:\Users\catkin\Documents\baseline_zhou\baseline_zhou-main\baseline_zhou-main\zhou_icf_mpc_constraint_audit_v1,results\coarse_scan\20260715_104605\cases\A_C07_005\configuration.csv,406,2026-07-15T10:47:24.000,58afcd95725defbd5a74c1a3ba3f3b214a336b1c6bd41d0271f7b39be3d30fd7
jd_jq_audit,C:\Users\catkin\Documents\baseline_zhou\baseline_zhou-main\baseline_zhou-main\zhou_icf_mpc_constraint_audit_v1,results\coarse_scan\20260715_104605\cases\A_C07_005\metrics.csv,2538,2026-07-15T10:47:24.000,73126d3694f6e9050cdbaf7fabc9305700c0de397e2b4a1e9637dc21a911a078
jd_jq_audit,C:\Users\catkin\Documents\baseline_zhou\baseline_zhou-main\baseline_zhou-main\zhou_icf_mpc_constraint_audit_v1,results\coarse_scan\20260715_104605\cases\A_C07_006\configuration.csv,401,2026-07-15T10:47:24.000,4457b90815fa81918a513da54bc9529c56b5299d2205a4892c4a62953d8724e8
jd_jq_audit,C:\Users\catkin\Documents\baseline_zhou\baseline_zhou-main\baseline_zhou-main\zhou_icf_mpc_constraint_audit_v1,results\coarse_scan\20260715_104605\cases\A_C07_006\metrics.csv,2551,2026-07-15T10:47:24.000,4b34b9ad8c533aa4f1f10e50f1fd442dda75a453d9864c68985a52b50b680e83
jd_jq_audit,C:\Users\catkin\Documents\baseline_zhou\baseline_zhou-main\baseline_zhou-main\zhou_icf_mpc_constraint_audit_v1,results\coarse_scan\20260715_104605\cases\A_C07_007\configuration.csv,401,2026-07-15T10:47:24.000,4a003a44a981f332ceb88e20c387c1b99bdab3876f7f2ccc8b4a57aed15e7409
jd_jq_audit,C:\Users\catkin\Documents\baseline_zhou\baseline_zhou-main\baseline_zhou-main\zhou_icf_mpc_constraint_audit_v1,results\coarse_scan\20260715_104605\cases\A_C07_007\metrics.csv,2592,2026-07-15T10:47:25.000,6ac040bf71311b170dc0cffe08fbf48a73479884eaa2b5128945a7e13aa58544
jd_jq_audit,C:\Users\catkin\Documents\baseline_zhou\baseline_zhou-main\baseline_zhou-main\zhou_icf_mpc_constraint_audit_v1,results\coarse_scan\20260715_104605\cases\A_C07_008\configuration.csv,409,2026-07-15T10:47:25.000,99ae0988f5a49122a6bc7eb2c506dacf68a3b949275634545594ed3758de2363
jd_jq_audit,C:\Users\catkin\Documents\baseline_zhou\baseline_zhou-main\baseline_zhou-main\zhou_icf_mpc_constraint_audit_v1,results\coarse_scan\20260715_104605\cases\A_C07_008\metrics.csv,2540,2026-07-15T10:47:25.000,ea59fcacf502bca9048257e448679045a1df91ac1d9901c7e04101692afb020d
jd_jq_audit,C:\Users\catkin\Documents\baseline_zhou\baseline_zhou-main\baseline_zhou-main\zhou_icf_mpc_constraint_audit_v1,results\coarse_scan\20260715_104605\cases\A_C07_009\configuration.csv,406,2026-07-15T10:47:25.000,4eacb72530a9d24c6c80ec66aca57d7936cdac4d62b477dddc5ccfe8a18b13bf
jd_jq_audit,C:\Users\catkin\Documents\baseline_zhou\baseline_zhou-main\baseline_zhou-main\zhou_icf_mpc_constraint_audit_v1,results\coarse_scan\20260715_104605\cases\A_C07_009\metrics.csv,2546,2026-07-15T10:47:25.000,0e30bdd90dc6c8f4ab219d9448b3a66f38ddefbddd20809a957f80c3e24c6059
jd_jq_audit,C:\Users\catkin\Documents\baseline_zhou\baseline_zhou-main\baseline_zhou-main\zhou_icf_mpc_constraint_audit_v1,results\coarse_scan\20260715_104605\cases\A_C07_010\configuration.csv,406,2026-07-15T10:47:25.000,c06f67189734d2fd7e23511fdcc2f6a1127e777c2d0728212d28254914a35c4f
jd_jq_audit,C:\Users\catkin\Documents\baseline_zhou\baseline_zhou-main\baseline_zhou-main\zhou_icf_mpc_constraint_audit_v1,results\coarse_scan\20260715_104605\cases\A_C07_010\metrics.csv,2544,2026-07-15T10:47:26.000,a17193f3d4f54d602639822b769a9b66d59532ad86a0ca03fdaf76766d3e74fe
jd_jq_audit,C:\Users\catkin\Documents\baseline_zhou\baseline_zhou-main\baseline_zhou-main\zhou_icf_mpc_constraint_audit_v1,results\coarse_scan\20260715_104605\cases\A_C07_011\configuration.csv,406,2026-07-15T10:47:26.000,c2c25d188bb0947caa2f6ac9d4bd60f97bfc11f08d2c1603e7404b2511321bd2
jd_jq_audit,C:\Users\catkin\Documents\baseline_zhou\baseline_zhou-main\baseline_zhou-main\zhou_icf_mpc_constraint_audit_v1,results\coarse_scan\20260715_104605\cases\A_C07_011\metrics.csv,2543,2026-07-15T10:47:26.000,68a3b098d8ad5e7f93786feec39eead67aa24ea1b6bf1413292179fbba57cdb4
jd_jq_audit,C:\Users\catkin\Documents\baseline_zhou\baseline_zhou-main\baseline_zhou-main\zhou_icf_mpc_constraint_audit_v1,results\coarse_scan\20260715_104605\cases\A_C07_012\configuration.csv,401,2026-07-15T10:47:26.000,6c2c1765eace495e7c4de500e15cd73ae9924fbefdeb9566bc0fa6dfed28e088
jd_jq_audit,C:\Users\catkin\Documents\baseline_zhou\baseline_zhou-main\baseline_zhou-main\zhou_icf_mpc_constraint_audit_v1,results\coarse_scan\20260715_104605\cases\A_C07_012\metrics.csv,2550,2026-07-15T10:47:27.000,addf58f8213dd9cec2b31cfac3b42643633b77bf37f8d093adbd0b47c731d0c0
jd_jq_audit,C:\Users\catkin\Documents\baseline_zhou\baseline_zhou-main\baseline_zhou-main\zhou_icf_mpc_constraint_audit_v1,results\coarse_scan\20260715_104605\cases\A_C07_013\configuration.csv,401,2026-07-15T10:47:27.000,61617edaebf8cd211431d3632fcebd5ad5f60bfdd9e56a5b2b6eba6edd3cc644
jd_jq_audit,C:\Users\catkin\Documents\baseline_zhou\baseline_zhou-main\baseline_zhou-main\zhou_icf_mpc_constraint_audit_v1,results\coarse_scan\20260715_104605\cases\A_C07_013\metrics.csv,2579,2026-07-15T10:47:27.000,7b03d777a095aab718fe244b3417ecd3a6e456d6ae8c77b25690a9886b8d4aaa
jd_jq_audit,C:\Users\catkin\Documents\baseline_zhou\baseline_zhou-main\baseline_zhou-main\zhou_icf_mpc_constraint_audit_v1,results\coarse_scan\20260715_104605\cases\A_C07_014\configuration.csv,409,2026-07-15T10:47:27.000,3df94b32d7068e8ccf92aac7ceb39d1f0b84979bccf4fab5c05963aafb866a36
jd_jq_audit,C:\Users\catkin\Documents\baseline_zhou\baseline_zhou-main\baseline_zhou-main\zhou_icf_mpc_constraint_audit_v1,results\coarse_scan\20260715_104605\cases\A_C07_014\metrics.csv,2540,2026-07-15T10:47:27.000,933d21838884086c1982a5bf31941319cf9aec76a8705c59d77f50c56e66096e
jd_jq_audit,C:\Users\catkin\Documents\baseline_zhou\baseline_zhou-main\baseline_zhou-main\zhou_icf_mpc_constraint_audit_v1,results\coarse_scan\20260715_104605\cases\A_C07_015\configuration.csv,406,2026-07-15T10:47:27.000,80a1c23044afa79e2f30d254fa2ccd5f6c06a329f988dd9ab19a9674191ef5aa
jd_jq_audit,C:\Users\catkin\Documents\baseline_zhou\baseline_zhou-main\baseline_zhou-main\zhou_icf_mpc_constraint_audit_v1,results\coarse_scan\20260715_104605\cases\A_C07_015\metrics.csv,2545,2026-07-15T10:47:27.000,fc90e642f8694e3ad0952f0317f21d99777d278f0ded3befaa826901c8e4c465
jd_jq_audit,C:\Users\catkin\Documents\baseline_zhou\baseline_zhou-main\baseline_zhou-main\zhou_icf_mpc_constraint_audit_v1,results\coarse_scan\20260715_104605\cases\A_C07_016\configuration.csv,406,2026-07-15T10:47:27.000,27971d7da4c4ef9a8072d11a78872c1fb73246b69d4c1a8cf972a34234b9f66b
jd_jq_audit,C:\Users\catkin\Documents\baseline_zhou\baseline_zhou-main\baseline_zhou-main\zhou_icf_mpc_constraint_audit_v1,results\coarse_scan\20260715_104605\cases\A_C07_016\metrics.csv,2539,2026-07-15T10:47:28.000,794009c6c0c1f13460bfb82878f1f8fb701f21ce3016ad3b3f724eb5589e1a9a
jd_jq_audit,C:\Users\catkin\Documents\baseline_zhou\baseline_zhou-main\baseline_zhou-main\zhou_icf_mpc_constraint_audit_v1,results\coarse_scan\20260715_104605\cases\A_C07_017\configuration.csv,406,2026-07-15T10:47:28.000,1b6a86231566f761ee8592b5d85f00b5ca6a4feaa55ef892da7d889f8f59d995
jd_jq_audit,C:\Users\catkin\Documents\baseline_zhou\baseline_zhou-main\baseline_zhou-main\zhou_icf_mpc_constraint_audit_v1,results\coarse_scan\20260715_104605\cases\A_C07_017\metrics.csv,2535,2026-07-15T10:47:28.000,2b04c9e8c53f078ce5a2854a5308e15a5b3b219effeaf35eb32f9bf8401303a0
jd_jq_audit,C:\Users\catkin\Documents\baseline_zhou\baseline_zhou-main\baseline_zhou-main\zhou_icf_mpc_constraint_audit_v1,results\coarse_scan\20260715_104605\cases\A_C07_018\configuration.csv,401,2026-07-15T10:47:28.000,a113d8a580bd197c25a6b4136c31257a578fe47398d3b7c348df58d6057d3715
jd_jq_audit,C:\Users\catkin\Documents\baseline_zhou\baseline_zhou-main\baseline_zhou-main\zhou_icf_mpc_constraint_audit_v1,results\coarse_scan\20260715_104605\cases\A_C07_018\metrics.csv,2529,2026-07-15T10:47:28.000,382387a4a7a7fe6a24a76792fb81bd7861c902c56ae50ab5f3a4f7f40a04e107
jd_jq_audit,C:\Users\catkin\Documents\baseline_zhou\baseline_zhou-main\baseline_zhou-main\zhou_icf_mpc_constraint_audit_v1,results\coarse_scan\20260715_104605\cases\A_C07_019\configuration.csv,401,2026-07-15T10:47:29.000,0944eceb19554030e5644da77e64de83d0dd3ead2691f4c650c684ecd6505049
jd_jq_audit,C:\Users\catkin\Documents\baseline_zhou\baseline_zhou-main\baseline_zhou-main\zhou_icf_mpc_constraint_audit_v1,results\coarse_scan\20260715_104605\cases\A_C07_019\metrics.csv,2579,2026-07-15T10:47:29.000,72ebd867be49355587a762ad648f1a85a9cd543f467ccc9502aafc0ab5d5b51b
jd_jq_audit,C:\Users\catkin\Documents\baseline_zhou\baseline_zhou-main\baseline_zhou-main\zhou_icf_mpc_constraint_audit_v1,results\coarse_scan\20260715_104605\cases\A_C07_020\configuration.csv,409,2026-07-15T10:47:29.000,80a321f878dc67308fc07d1efa9e3418c7c1914e4f5c6db4aa1fa8f5daa5d835
jd_jq_audit,C:\Users\catkin\Documents\baseline_zhou\baseline_zhou-main\baseline_zhou-main\zhou_icf_mpc_constraint_audit_v1,results\coarse_scan\20260715_104605\cases\A_C07_020\metrics.csv,2549,2026-07-15T10:47:29.000,1216743390b6a47e1bb18cc3bd309b0001d27ea9ba590e9feaf3c7f44ca733d8
jd_jq_audit,C:\Users\catkin\Documents\baseline_zhou\baseline_zhou-main\baseline_zhou-main\zhou_icf_mpc_constraint_audit_v1,results\coarse_scan\20260715_104605\cases\A_C07_021\configuration.csv,406,2026-07-15T10:47:29.000,0b0d5185308e197a0a07f0124929b1e5b13fa3c0bbf11f7fe312c60387cf0333
jd_jq_audit,C:\Users\catkin\Documents\baseline_zhou\baseline_zhou-main\baseline_zhou-main\zhou_icf_mpc_constraint_audit_v1,results\coarse_scan\20260715_104605\cases\A_C07_021\metrics.csv,2545,2026-07-15T10:47:29.000,aaafbd120363790ae3fee85cd2cbd5bf67482d43b4af4fa94fd5443dcec23248
jd_jq_audit,C:\Users\catkin\Documents\baseline_zhou\baseline_zhou-main\baseline_zhou-main\zhou_icf_mpc_constraint_audit_v1,results\coarse_scan\20260715_104605\cases\A_C07_022\configuration.csv,406,2026-07-15T10:47:29.000,532d90a1960641cb796835837b3f302fb4726b2709a62a9ad0ca5da8dfa4c61a
jd_jq_audit,C:\Users\catkin\Documents\baseline_zhou\baseline_zhou-main\baseline_zhou-main\zhou_icf_mpc_constraint_audit_v1,results\coarse_scan\20260715_104605\cases\A_C07_022\metrics.csv,2518,2026-07-15T10:47:30.000,3f9a98fbf43d6ef227a2dfcc86865ceddc700a736fdf5375c769cd2264ba800b
jd_jq_audit,C:\Users\catkin\Documents\baseline_zhou\baseline_zhou-main\baseline_zhou-main\zhou_icf_mpc_constraint_audit_v1,results\coarse_scan\20260715_104605\cases\A_C07_023\configuration.csv,406,2026-07-15T10:47:30.000,28dac387b05ac426ea8560048b6c1816a662367c390fd655878c717b4ed6f570
jd_jq_audit,C:\Users\catkin\Documents\baseline_zhou\baseline_zhou-main\baseline_zhou-main\zhou_icf_mpc_constraint_audit_v1,results\coarse_scan\20260715_104605\cases\A_C07_023\metrics.csv,2500,2026-07-15T10:47:30.000,1c2a84159e26d600868e06d0f99e2aed62c1977c619e40b564d3fdb4149d6553
jd_jq_audit,C:\Users\catkin\Documents\baseline_zhou\baseline_zhou-main\baseline_zhou-main\zhou_icf_mpc_constraint_audit_v1,results\coarse_scan\20260715_104605\cases\A_C07_024\configuration.csv,401,2026-07-15T10:47:30.000,b5a165ae6fb1eb3600acc50ad1c8d9f5a19a8ecd327c207296a69657d75f8868
jd_jq_audit,C:\Users\catkin\Documents\baseline_zhou\baseline_zhou-main\baseline_zhou-main\zhou_icf_mpc_constraint_audit_v1,results\coarse_scan\20260715_104605\cases\A_C07_024\metrics.csv,2525,2026-07-15T10:47:30.000,4d7149ca0f086d0340f518dad826917af98c0bc50529b480f1f21568dc052fd1
jd_jq_audit,C:\Users\catkin\Documents\baseline_zhou\baseline_zhou-main\baseline_zhou-main\zhou_icf_mpc_constraint_audit_v1,results\coarse_scan\20260715_104605\cases\A_C07_025\configuration.csv,401,2026-07-15T10:47:30.000,ad9c7bfb0b013a9dbc78864ed610ac53b85c97f4c6f5e84c1440bd1e8ef08b2c
jd_jq_audit,C:\Users\catkin\Documents\baseline_zhou\baseline_zhou-main\baseline_zhou-main\zhou_icf_mpc_constraint_audit_v1,results\coarse_scan\20260715_104605\cases\A_C07_025\metrics.csv,2529,2026-07-15T10:47:31.000,479819ed6cdbc6a63b5c8f081a4f586142c7a25ffb73be005fdfeb9f02c3d96c
jd_jq_audit,C:\Users\catkin\Documents\baseline_zhou\baseline_zhou-main\baseline_zhou-main\zhou_icf_mpc_constraint_audit_v1,results\coarse_scan\20260715_104605\cases\A_C07_026\configuration.csv,409,2026-07-15T10:47:31.000,3a2c870b42fd98b263544bcc31f368ad00e16970720909243998929461bfcd00
jd_jq_audit,C:\Users\catkin\Documents\baseline_zhou\baseline_zhou-main\baseline_zhou-main\zhou_icf_mpc_constraint_audit_v1,results\coarse_scan\20260715_104605\cases\A_C07_026\metrics.csv,2529,2026-07-15T10:47:31.000,aab8bb41e04952a3ee61993ecc8713d0479ea23a50a8ae6aeefe4fb2f7b784ef
jd_jq_audit,C:\Users\catkin\Documents\baseline_zhou\baseline_zhou-main\baseline_zhou-main\zhou_icf_mpc_constraint_audit_v1,results\coarse_scan\20260715_104605\cases\A_C07_027\configuration.csv,406,2026-07-15T10:47:31.000,bd4e238f8ce4e6c1fb15f9d53fded0d9af323c637d6a0ecf0d0480eeda2cf87c
jd_jq_audit,C:\Users\catkin\Documents\baseline_zhou\baseline_zhou-main\baseline_zhou-main\zhou_icf_mpc_constraint_audit_v1,results\coarse_scan\20260715_104605\cases\A_C07_027\metrics.csv,2528,2026-07-15T10:47:31.000,fe082d5225035c489ec440375263c6447e271481e3afe8fae0fe9e152ca83af5
jd_jq_audit,C:\Users\catkin\Documents\baseline_zhou\baseline_zhou-main\baseline_zhou-main\zhou_icf_mpc_constraint_audit_v1,results\coarse_scan\20260715_104605\cases\A_C07_028\configuration.csv,406,2026-07-15T10:47:31.000,75862247fa92b003c1457fa0b79cf78ee6bac414a8b930113c6e216abc13446f
jd_jq_audit,C:\Users\catkin\Documents\baseline_zhou\baseline_zhou-main\baseline_zhou-main\zhou_icf_mpc_constraint_audit_v1,results\coarse_scan\20260715_104605\cases\A_C07_028\metrics.csv,2514,2026-07-15T10:47:32.000,a0fddd08c8cd14dfb280759eb324df7cac05fae999de825d2001b2e5645f1d00
jd_jq_audit,C:\Users\catkin\Documents\baseline_zhou\baseline_zhou-main\baseline_zhou-main\zhou_icf_mpc_constraint_audit_v1,results\coarse_scan\20260715_104605\cases\A_C07_029\configuration.csv,406,2026-07-15T10:47:32.000,5033e917465091ad2bfa897d81154d8c7f9d846a03b3d650a163cfa97b779bad
jd_jq_audit,C:\Users\catkin\Documents\baseline_zhou\baseline_zhou-main\baseline_zhou-main\zhou_icf_mpc_constraint_audit_v1,results\coarse_scan\20260715_104605\cases\A_C07_029\metrics.csv,2516,2026-07-15T10:47:32.000,a91a77ef6bc0d03dc78d18fbe6b081400c83a04987fecd8ab5425500ad7c0c59
jd_jq_audit,C:\Users\catkin\Documents\baseline_zhou\baseline_zhou-main\baseline_zhou-main\zhou_icf_mpc_constraint_audit_v1,results\coarse_scan\20260715_104605\cases\A_C07_030\configuration.csv,401,2026-07-15T10:47:32.000,2377889546fab86d82175ab50b2983dea3ba30e5d1ac6106a3c7c9dc3c6f2b42
jd_jq_audit,C:\Users\catkin\Documents\baseline_zhou\baseline_zhou-main\baseline_zhou-main\zhou_icf_mpc_constraint_audit_v1,results\coarse_scan\20260715_104605\cases\A_C07_030\metrics.csv,2528,2026-07-15T10:47:32.000,cf677b60b9fddc342da4a76b5087ec1c7b5b4ea550aceefcc58243a13d930662
jd_jq_audit,C:\Users\catkin\Documents\baseline_zhou\baseline_zhou-main\baseline_zhou-main\zhou_icf_mpc_constraint_audit_v1,results\coarse_scan\20260715_104605\cases\A_C07_031\configuration.csv,396,2026-07-15T10:47:32.000,d0424c94045b2ce86e70ae6488cb77767b1f73440cde0ce4bc8de6d30b5e2e93
jd_jq_audit,C:\Users\catkin\Documents\baseline_zhou\baseline_zhou-main\baseline_zhou-main\zhou_icf_mpc_constraint_audit_v1,results\coarse_scan\20260715_104605\cases\A_C07_031\metrics.csv,2522,2026-07-15T10:47:33.000,c606746374f2a7984a2ad4bbe41f6f8e5adb22c1adc130ce325a829de561668e
jd_jq_audit,C:\Users\catkin\Documents\baseline_zhou\baseline_zhou-main\baseline_zhou-main\zhou_icf_mpc_constraint_audit_v1,results\coarse_scan\20260715_104605\cases\A_C07_032\configuration.csv,404,2026-07-15T10:47:33.000,eed40acbbddce9e9caf6a24622f69e080f11ef9567c8fd75dde0074151e2e296
jd_jq_audit,C:\Users\catkin\Documents\baseline_zhou\baseline_zhou-main\baseline_zhou-main\zhou_icf_mpc_constraint_audit_v1,results\coarse_scan\20260715_104605\cases\A_C07_032\metrics.csv,2526,2026-07-15T10:47:33.000,6b765c555759f9933dfce4f9c8d194e62b5b145e7cb2c1544f1345836bc28830
jd_jq_audit,C:\Users\catkin\Documents\baseline_zhou\baseline_zhou-main\baseline_zhou-main\zhou_icf_mpc_constraint_audit_v1,results\coarse_scan\20260715_104605\cases\A_C07_033\configuration.csv,401,2026-07-15T10:47:33.000,30c1b7c130d154621853544181fe003545e1ccaec58cea77723bbcfa7ece48ee
jd_jq_audit,C:\Users\catkin\Documents\baseline_zhou\baseline_zhou-main\baseline_zhou-main\zhou_icf_mpc_constraint_audit_v1,results\coarse_scan\20260715_104605\cases\A_C07_033\metrics.csv,2520,2026-07-15T10:47:33.000,2ba24c26633b3dffc5ec70c36aceab87ea73a93d2390d0c0fc6fdacb7d98a0b8
jd_jq_audit,C:\Users\catkin\Documents\baseline_zhou\baseline_zhou-main\baseline_zhou-main\zhou_icf_mpc_constraint_audit_v1,results\coarse_scan\20260715_104605\cases\A_C07_034\configuration.csv,401,2026-07-15T10:47:33.000,2df1b493979ff55cdec6459ef31e2fc8a3d9f17b3f8387559084eb952bd5366e
jd_jq_audit,C:\Users\catkin\Documents\baseline_zhou\baseline_zhou-main\baseline_zhou-main\zhou_icf_mpc_constraint_audit_v1,results\coarse_scan\20260715_104605\cases\A_C07_034\metrics.csv,2511,2026-07-15T10:47:34.000,9f891fa6248182580f4fe66cbf3ecde6105370c44d1e22220817a215baa088db
jd_jq_audit,C:\Users\catkin\Documents\baseline_zhou\baseline_zhou-main\baseline_zhou-main\zhou_icf_mpc_constraint_audit_v1,results\coarse_scan\20260715_104605\cases\A_C07_035\configuration.csv,401,2026-07-15T10:47:34.000,97743d7e00696487fab885177e74551400926d9cb4a2cbd1a2ae7a693b9f0b8c
jd_jq_audit,C:\Users\catkin\Documents\baseline_zhou\baseline_zhou-main\baseline_zhou-main\zhou_icf_mpc_constraint_audit_v1,results\coarse_scan\20260715_104605\cases\A_C07_035\metrics.csv,2528,2026-07-15T10:47:34.000,b374e444708530d81de5afd6283b067169faceb419aa56a0b8106276b6f22274
jd_jq_audit,C:\Users\catkin\Documents\baseline_zhou\baseline_zhou-main\baseline_zhou-main\zhou_icf_mpc_constraint_audit_v1,results\coarse_scan\20260715_104605\cases\A_C07_036\configuration.csv,396,2026-07-15T10:47:34.000,2bd31bda354cf691e318566b874d872695a824185c79923adf4ccd19b3e4776c
jd_jq_audit,C:\Users\catkin\Documents\baseline_zhou\baseline_zhou-main\baseline_zhou-main\zhou_icf_mpc_constraint_audit_v1,results\coarse_scan\20260715_104605\cases\A_C07_036\metrics.csv,2507,2026-07-15T10:47:34.000,a4f8c59632925266aef19b6d333924c317c087fbe206eb3d7376c666265b26d2
jd_jq_audit,C:\Users\catkin\Documents\baseline_zhou\baseline_zhou-main\baseline_zhou-main\zhou_icf_mpc_constraint_audit_v1,results\coarse_scan\20260715_104605\cases\A_C08_001\configuration.csv,396,2026-07-15T10:47:34.000,b85a526d81ba9730ba71e08b353f25c4abee85dff77d138f1123a1eeb4fffd30
jd_jq_audit,C:\Users\catkin\Documents\baseline_zhou\baseline_zhou-main\baseline_zhou-main\zhou_icf_mpc_constraint_audit_v1,results\coarse_scan\20260715_104605\cases\A_C08_001\metrics.csv,2579,2026-07-15T10:47:34.000,386e7db0af9dc94895fb86de9dd4a39d0094cbd841f3f01c847c85391a533217
jd_jq_audit,C:\Users\catkin\Documents\baseline_zhou\baseline_zhou-main\baseline_zhou-main\zhou_icf_mpc_constraint_audit_v1,results\coarse_scan\20260715_104605\cases\A_C08_002\configuration.csv,404,2026-07-15T10:47:34.000,dfbbd986733e731867bf59846f9226d89ffa610aa324de047b83e6e5783da826
jd_jq_audit,C:\Users\catkin\Documents\baseline_zhou\baseline_zhou-main\baseline_zhou-main\zhou_icf_mpc_constraint_audit_v1,results\coarse_scan\20260715_104605\cases\A_C08_002\metrics.csv,2549,2026-07-15T10:47:34.000,74dc642a30456c16e3de43a913dba028c72be8b7611b3ab62d329caa33f75863
jd_jq_audit,C:\Users\catkin\Documents\baseline_zhou\baseline_zhou-main\baseline_zhou-main\zhou_icf_mpc_constraint_audit_v1,results\coarse_scan\20260715_104605\cases\A_C08_003\configuration.csv,401,2026-07-15T10:47:34.000,78996d21e03090ec8524d172b62d9df73501030dd1c3e35b53565be54f97a0ba
jd_jq_audit,C:\Users\catkin\Documents\baseline_zhou\baseline_zhou-main\baseline_zhou-main\zhou_icf_mpc_constraint_audit_v1,results\coarse_scan\20260715_104605\cases\A_C08_003\metrics.csv,2544,2026-07-15T10:47:35.000,becc3558fd86562c72c36d4b84c24ff6df85b0851ca2efeedf70e6651d3e9b06
jd_jq_audit,C:\Users\catkin\Documents\baseline_zhou\baseline_zhou-main\baseline_zhou-main\zhou_icf_mpc_constraint_audit_v1,results\coarse_scan\20260715_104605\cases\A_C08_004\configuration.csv,401,2026-07-15T10:47:35.000,6f6ebe72ca8d284a3695b6056c2c9823c4175b537551641514ef615f428ead0f
jd_jq_audit,C:\Users\catkin\Documents\baseline_zhou\baseline_zhou-main\baseline_zhou-main\zhou_icf_mpc_constraint_audit_v1,results\coarse_scan\20260715_104605\cases\A_C08_004\metrics.csv,2529,2026-07-15T10:47:35.000,6aa1d0443ebc9c8e96e42fe0ae14c9727afbb37b858738e3b63a1737f63456db
jd_jq_audit,C:\Users\catkin\Documents\baseline_zhou\baseline_zhou-main\baseline_zhou-main\zhou_icf_mpc_constraint_audit_v1,results\coarse_scan\20260715_104605\cases\A_C08_005\configuration.csv,401,2026-07-15T10:47:35.000,05af49017c07400c5dbbe513a7fbef722d0cfe2e7934755d3db0c9d5db780f38
jd_jq_audit,C:\Users\catkin\Documents\baseline_zhou\baseline_zhou-main\baseline_zhou-main\zhou_icf_mpc_constraint_audit_v1,results\coarse_scan\20260715_104605\cases\A_C08_005\metrics.csv,2540,2026-07-15T10:47:35.000,222baff295313e574351ba62e5be2d9b24985730a17a179a0ccf1e8a5e5ba170
jd_jq_audit,C:\Users\catkin\Documents\baseline_zhou\baseline_zhou-main\baseline_zhou-main\zhou_icf_mpc_constraint_audit_v1,results\coarse_scan\20260715_104605\cases\A_C08_006\configuration.csv,396,2026-07-15T10:47:35.000,052ea93c98113b1f916c81e3af34d0ace5e594fbba86071f26261bf6e0d3ddef
jd_jq_audit,C:\Users\catkin\Documents\baseline_zhou\baseline_zhou-main\baseline_zhou-main\zhou_icf_mpc_constraint_audit_v1,results\coarse_scan\20260715_104605\cases\A_C08_006\metrics.csv,2548,2026-07-15T10:47:35.000,7eaccf071ba966e29cabc7b61255e0dc42c23592d8a18319afbad74ec1667cd8
jd_jq_audit,C:\Users\catkin\Documents\baseline_zhou\baseline_zhou-main\baseline_zhou-main\zhou_icf_mpc_constraint_audit_v1,results\coarse_scan\20260715_104605\cases\A_C08_007\configuration.csv,396,2026-07-15T10:47:35.000,9cdae5285ba4ab05cb9ab3ff9bc43ddd6ba748486905b9e91f9dcf8a6a2bd8f8
jd_jq_audit,C:\Users\catkin\Documents\baseline_zhou\baseline_zhou-main\baseline_zhou-main\zhou_icf_mpc_constraint_audit_v1,results\coarse_scan\20260715_104605\cases\A_C08_007\metrics.csv,2580,2026-07-15T10:47:35.000,7b3592e5870b4e398caa875be23e8ccd2624b30c310bdacf21b274cc8883395a
jd_jq_audit,C:\Users\catkin\Documents\baseline_zhou\baseline_zhou-main\baseline_zhou-main\zhou_icf_mpc_constraint_audit_v1,results\coarse_scan\20260715_104605\cases\A_C08_008\configuration.csv,404,2026-07-15T10:47:35.000,46a0bdbfe3141155278b4041bf2ae68a0599329240a870e69cb35fcd8200ea92
jd_jq_audit,C:\Users\catkin\Documents\baseline_zhou\baseline_zhou-main\baseline_zhou-main\zhou_icf_mpc_constraint_audit_v1,results\coarse_scan\20260715_104605\cases\A_C08_008\metrics.csv,2531,2026-07-15T10:47:35.000,4a433a45da5bfae2ceee57e1de2f5899f9336cc6098e32f64e98cacf50b93ca5
jd_jq_audit,C:\Users\catkin\Documents\baseline_zhou\baseline_zhou-main\baseline_zhou-main\zhou_icf_mpc_constraint_audit_v1,results\coarse_scan\20260715_104605\cases\A_C08_009\configuration.csv,401,2026-07-15T10:47:35.000,73b9a1b3411774e849fb6a69f14ae4f5a011bd301142abd525247849bbb31e06
jd_jq_audit,C:\Users\catkin\Documents\baseline_zhou\baseline_zhou-main\baseline_zhou-main\zhou_icf_mpc_constraint_audit_v1,results\coarse_scan\20260715_104605\cases\A_C08_009\metrics.csv,2530,2026-07-15T10:47:36.000,4c2c3d668c97db2cf5617a5b33d7633cf4da4bcee360ad9181e5c0f14502e114
jd_jq_audit,C:\Users\catkin\Documents\baseline_zhou\baseline_zhou-main\baseline_zhou-main\zhou_icf_mpc_constraint_audit_v1,results\coarse_scan\20260715_104605\cases\A_C08_010\configuration.csv,401,2026-07-15T10:47:36.000,1fcb533fb4c64055d1b4fcc559e8a3c8d8e16f3480ff5857690bb96dc2d69b4c
jd_jq_audit,C:\Users\catkin\Documents\baseline_zhou\baseline_zhou-main\baseline_zhou-main\zhou_icf_mpc_constraint_audit_v1,results\coarse_scan\20260715_104605\cases\A_C08_010\metrics.csv,2525,2026-07-15T10:47:36.000,2ba9fc035ec7a1746d59c6fd9703b7e5e0bb9724919ec1aaffb44a86c2be4e92
jd_jq_audit,C:\Users\catkin\Documents\baseline_zhou\baseline_zhou-main\baseline_zhou-main\zhou_icf_mpc_constraint_audit_v1,results\coarse_scan\20260715_104605\cases\A_C08_011\configuration.csv,401,2026-07-15T10:47:36.000,104bb32f3eecef404b626923a575a45b70a0f1a3fe2622bd13727d77aaa97d6b
jd_jq_audit,C:\Users\catkin\Documents\baseline_zhou\baseline_zhou-main\baseline_zhou-main\zhou_icf_mpc_constraint_audit_v1,results\coarse_scan\20260715_104605\cases\A_C08_011\metrics.csv,2550,2026-07-15T10:47:36.000,7d34f994cf968d29257e4a196d79ac1fc6fd10cb91a8a1567a9380efd582a334
jd_jq_audit,C:\Users\catkin\Documents\baseline_zhou\baseline_zhou-main\baseline_zhou-main\zhou_icf_mpc_constraint_audit_v1,results\coarse_scan\20260715_104605\cases\A_C08_012\configuration.csv,396,2026-07-15T10:47:36.000,e53d8b0882c02a9c786031e94199777d0f5ec2e06c1918ac295306385f342829
jd_jq_audit,C:\Users\catkin\Documents\baseline_zhou\baseline_zhou-main\baseline_zhou-main\zhou_icf_mpc_constraint_audit_v1,results\coarse_scan\20260715_104605\cases\A_C08_012\metrics.csv,2543,2026-07-15T10:47:36.000,1765ca2c27db77cd62f7ebc9ea9ce69c7671217c56715fc217919c7017183337
jd_jq_audit,C:\Users\catkin\Documents\baseline_zhou\baseline_zhou-main\baseline_zhou-main\zhou_icf_mpc_constraint_audit_v1,results\coarse_scan\20260715_104605\cases\A_C08_013\configuration.csv,396,2026-07-15T10:47:36.000,c468ef40edd29772cd516f2848c11c53b52d3e0e5675900403123572e134c5ff
jd_jq_audit,C:\Users\catkin\Documents\baseline_zhou\baseline_zhou-main\baseline_zhou-main\zhou_icf_mpc_constraint_audit_v1,results\coarse_scan\20260715_104605\cases\A_C08_013\metrics.csv,2569,2026-07-15T10:47:36.000,5f77505b7e7e890675a9710103fd1b91ac817391e64a4df2e6cdc64573368c1a
jd_jq_audit,C:\Users\catkin\Documents\baseline_zhou\baseline_zhou-main\baseline_zhou-main\zhou_icf_mpc_constraint_audit_v1,results\coarse_scan\20260715_104605\cases\A_C08_014\configuration.csv,404,2026-07-15T10:47:36.000,4229b4aa46d75a70157898481b521aad6ba77e9cc3b68e178c03a7004be74bea
jd_jq_audit,C:\Users\catkin\Documents\baseline_zhou\baseline_zhou-main\baseline_zhou-main\zhou_icf_mpc_constraint_audit_v1,results\coarse_scan\20260715_104605\cases\A_C08_014\metrics.csv,2530,2026-07-15T10:47:36.000,d9ba534e8a0329b28db65d18d63f705ab4547d6228efa5324db7913850c21a6d
jd_jq_audit,C:\Users\catkin\Documents\baseline_zhou\baseline_zhou-main\baseline_zhou-main\zhou_icf_mpc_constraint_audit_v1,results\coarse_scan\20260715_104605\cases\A_C08_015\configuration.csv,401,2026-07-15T10:47:37.000,1dc27765670ee06258168ff11cb2735f4308f0f1188e7629971bc89e74569ec1
jd_jq_audit,C:\Users\catkin\Documents\baseline_zhou\baseline_zhou-main\baseline_zhou-main\zhou_icf_mpc_constraint_audit_v1,results\coarse_scan\20260715_104605\cases\A_C08_015\metrics.csv,2526,2026-07-15T10:47:37.000,cf972a6f805f914c73cca9ef62a42003358a4d2d473292bfea968f2bde0279f6
jd_jq_audit,C:\Users\catkin\Documents\baseline_zhou\baseline_zhou-main\baseline_zhou-main\zhou_icf_mpc_constraint_audit_v1,results\coarse_scan\20260715_104605\cases\A_C08_016\configuration.csv,401,2026-07-15T10:47:37.000,e83a2aa0a99bc1a14db5811142f54ce7194853cac7721bbed40c7c304766b8a9
jd_jq_audit,C:\Users\catkin\Documents\baseline_zhou\baseline_zhou-main\baseline_zhou-main\zhou_icf_mpc_constraint_audit_v1,results\coarse_scan\20260715_104605\cases\A_C08_016\metrics.csv,2536,2026-07-15T10:47:37.000,e5e15f1876db3abd942e100f6fe484c95f42d410ae4fcc56fe252fa31649a818
jd_jq_audit,C:\Users\catkin\Documents\baseline_zhou\baseline_zhou-main\baseline_zhou-main\zhou_icf_mpc_constraint_audit_v1,results\coarse_scan\20260715_104605\cases\A_C08_017\configuration.csv,401,2026-07-15T10:47:37.000,182d7ea7036de9a8c4ea218df30b6b249e06d629d4d526009cd42082d357d68c
jd_jq_audit,C:\Users\catkin\Documents\baseline_zhou\baseline_zhou-main\baseline_zhou-main\zhou_icf_mpc_constraint_audit_v1,results\coarse_scan\20260715_104605\cases\A_C08_017\metrics.csv,2533,2026-07-15T10:47:37.000,6393ba2bc3b9cf0b4db8ee448e2548730c3714e368e3e1e98c2271a5f4a26a2a
jd_jq_audit,C:\Users\catkin\Documents\baseline_zhou\baseline_zhou-main\baseline_zhou-main\zhou_icf_mpc_constraint_audit_v1,results\coarse_scan\20260715_104605\cases\A_C08_018\configuration.csv,396,2026-07-15T10:47:37.000,fed9fb919f4fb4e7c24df345b0b367de9718a19af2665f19819c6ffb86737478
jd_jq_audit,C:\Users\catkin\Documents\baseline_zhou\baseline_zhou-main\baseline_zhou-main\zhou_icf_mpc_constraint_audit_v1,results\coarse_scan\20260715_104605\cases\A_C08_018\metrics.csv,2542,2026-07-15T10:47:37.000,ac385611d9ae17e4b7eaf8e5bf7f89f17dcb73020cd356ff2f7c7a4c74858d8b
jd_jq_audit,C:\Users\catkin\Documents\baseline_zhou\baseline_zhou-main\baseline_zhou-main\zhou_icf_mpc_constraint_audit_v1,results\coarse_scan\20260715_104605\cases\A_C08_019\configuration.csv,396,2026-07-15T10:47:37.000,4880d94d99eac0ec6ad38afca36f60a286a6c2a98b5fe02e797d3f5d08c09ff7
jd_jq_audit,C:\Users\catkin\Documents\baseline_zhou\baseline_zhou-main\baseline_zhou-main\zhou_icf_mpc_constraint_audit_v1,results\coarse_scan\20260715_104605\cases\A_C08_019\metrics.csv,2569,2026-07-15T10:47:37.000,25c3f413d6da8df4e3484b15993b65b604e09ef990981111f6d01f9a408ebe43
jd_jq_audit,C:\Users\catkin\Documents\baseline_zhou\baseline_zhou-main\baseline_zhou-main\zhou_icf_mpc_constraint_audit_v1,results\coarse_scan\20260715_104605\cases\A_C08_020\configuration.csv,404,2026-07-15T10:47:37.000,2106f9a8f32ade1dd28b83d13bab6cafb1347e8b254b30db6855156ce0f84c8d
jd_jq_audit,C:\Users\catkin\Documents\baseline_zhou\baseline_zhou-main\baseline_zhou-main\zhou_icf_mpc_constraint_audit_v1,results\coarse_scan\20260715_104605\cases\A_C08_020\metrics.csv,2538,2026-07-15T10:47:38.000,021b090b37729061c015aa738a78022e24fe99d6961950a05ed1597718d9d503
jd_jq_audit,C:\Users\catkin\Documents\baseline_zhou\baseline_zhou-main\baseline_zhou-main\zhou_icf_mpc_constraint_audit_v1,results\coarse_scan\20260715_104605\cases\A_C08_021\configuration.csv,401,2026-07-15T10:47:38.000,b7a5ca19e70971f99e29346bf0bc3ae9f5e102b141c58c659eff33818d173b1b
jd_jq_audit,C:\Users\catkin\Documents\baseline_zhou\baseline_zhou-main\baseline_zhou-main\zhou_icf_mpc_constraint_audit_v1,results\coarse_scan\20260715_104605\cases\A_C08_021\metrics.csv,2535,2026-07-15T10:47:38.000,40cc23182b723c9cbd506b69fab38f02cc10ba916023844836a741cd0458d8f9
jd_jq_audit,C:\Users\catkin\Documents\baseline_zhou\baseline_zhou-main\baseline_zhou-main\zhou_icf_mpc_constraint_audit_v1,results\coarse_scan\20260715_104605\cases\A_C08_022\configuration.csv,401,2026-07-15T10:47:38.000,31bc0507ade75e47fcccb7c2f3314402bb0f86f2cb829361dfa1aa6b0fb38010
jd_jq_audit,C:\Users\catkin\Documents\baseline_zhou\baseline_zhou-main\baseline_zhou-main\zhou_icf_mpc_constraint_audit_v1,results\coarse_scan\20260715_104605\cases\A_C08_022\metrics.csv,2537,2026-07-15T10:47:38.000,d8c10f6e25400b2f5edc529ba1a4ef4d01cfeaec04e6d7e64c47d0706d7cec85
jd_jq_audit,C:\Users\catkin\Documents\baseline_zhou\baseline_zhou-main\baseline_zhou-main\zhou_icf_mpc_constraint_audit_v1,results\coarse_scan\20260715_104605\cases\A_C08_023\configuration.csv,401,2026-07-15T10:47:38.000,905e756d498e7dc744186e4d477fb1bd5175fb7f2310d0df07e2f46d86b97384
jd_jq_audit,C:\Users\catkin\Documents\baseline_zhou\baseline_zhou-main\baseline_zhou-main\zhou_icf_mpc_constraint_audit_v1,results\coarse_scan\20260715_104605\cases\A_C08_023\metrics.csv,2532,2026-07-15T10:47:38.000,abe271ab3f5294fdefec114404131dd2902bf52e13c13f1c10f378700bf1e4f0
jd_jq_audit,C:\Users\catkin\Documents\baseline_zhou\baseline_zhou-main\baseline_zhou-main\zhou_icf_mpc_constraint_audit_v1,results\coarse_scan\20260715_104605\cases\A_C08_024\configuration.csv,396,2026-07-15T10:47:38.000,91eb8749629e8b0e00ee3e46b32f27d5288a67a6e3c2c818e5cd2ce95d35d1ba
jd_jq_audit,C:\Users\catkin\Documents\baseline_zhou\baseline_zhou-main\baseline_zhou-main\zhou_icf_mpc_constraint_audit_v1,results\coarse_scan\20260715_104605\cases\A_C08_024\metrics.csv,2539,2026-07-15T10:47:39.000,ddab720423c96f248ee8cc3dd67d1d22a96884e4952c29d6b4ee2bb067e10e2e
jd_jq_audit,C:\Users\catkin\Documents\baseline_zhou\baseline_zhou-main\baseline_zhou-main\zhou_icf_mpc_constraint_audit_v1,results\coarse_scan\20260715_104605\cases\A_C08_025\configuration.csv,396,2026-07-15T10:47:39.000,40d0dfda85b68f2bb6ff3fa4f7f1d2176c56c8614d9f56e65f4315d5554c67dc
jd_jq_audit,C:\Users\catkin\Documents\baseline_zhou\baseline_zhou-main\baseline_zhou-main\zhou_icf_mpc_constraint_audit_v1,results\coarse_scan\20260715_104605\cases\A_C08_025\metrics.csv,2568,2026-07-15T10:47:39.000,67bd6e41e27064956eb28dfd07902a3b5aeb6a9ff4cd232ccf8db3760b4e76bb
jd_jq_audit,C:\Users\catkin\Documents\baseline_zhou\baseline_zhou-main\baseline_zhou-main\zhou_icf_mpc_constraint_audit_v1,results\coarse_scan\20260715_104605\cases\A_C08_026\configuration.csv,404,2026-07-15T10:47:39.000,2b72153540a37471dc04427bbb2f15753dd791a300e1a20ddc933672fe60d81c
jd_jq_audit,C:\Users\catkin\Documents\baseline_zhou\baseline_zhou-main\baseline_zhou-main\zhou_icf_mpc_constraint_audit_v1,results\coarse_scan\20260715_104605\cases\A_C08_026\metrics.csv,2536,2026-07-15T10:47:39.000,ffca637df89676451e1ea397277c8666ed62964eb3c68e57d5e997a5604222e9
jd_jq_audit,C:\Users\catkin\Documents\baseline_zhou\baseline_zhou-main\baseline_zhou-main\zhou_icf_mpc_constraint_audit_v1,results\coarse_scan\20260715_104605\cases\A_C08_027\configuration.csv,401,2026-07-15T10:47:39.000,a6d5237f5a6caeda0ef52a990d43a63b31c884a9344c252f5fee4452cea06fcc
jd_jq_audit,C:\Users\catkin\Documents\baseline_zhou\baseline_zhou-main\baseline_zhou-main\zhou_icf_mpc_constraint_audit_v1,results\coarse_scan\20260715_104605\cases\A_C08_027\metrics.csv,2539,2026-07-15T10:47:39.000,3d71c18665175b16a204c4b7ecdbd7890885541091727c8a30514cc0486054cc
jd_jq_audit,C:\Users\catkin\Documents\baseline_zhou\baseline_zhou-main\baseline_zhou-main\zhou_icf_mpc_constraint_audit_v1,results\coarse_scan\20260715_104605\cases\A_C08_028\configuration.csv,401,2026-07-15T10:47:39.000,c7eedce3be5ca27aaec25df4b82bbc61f94cee4ec8156e1cb117803a42f5b885
jd_jq_audit,C:\Users\catkin\Documents\baseline_zhou\baseline_zhou-main\baseline_zhou-main\zhou_icf_mpc_constraint_audit_v1,results\coarse_scan\20260715_104605\cases\A_C08_028\metrics.csv,2542,2026-07-15T10:47:39.000,33012b9f59b75a9e9e9b25ed40072e44f10c148da3e84f4c92f87648a83dc3dc
jd_jq_audit,C:\Users\catkin\Documents\baseline_zhou\baseline_zhou-main\baseline_zhou-main\zhou_icf_mpc_constraint_audit_v1,results\coarse_scan\20260715_104605\cases\A_C08_029\configuration.csv,401,2026-07-15T10:47:39.000,e49decf87231e7ceac92238a460d5b7fcf6329190194cef37b94a66a3fbebbe1
jd_jq_audit,C:\Users\catkin\Documents\baseline_zhou\baseline_zhou-main\baseline_zhou-main\zhou_icf_mpc_constraint_audit_v1,results\coarse_scan\20260715_104605\cases\A_C08_029\metrics.csv,2515,2026-07-15T10:47:39.000,d0bafcb2f58a49de654a7e33dcaeb12882dc884ea3f2884a3fa5b9d4ab79906f
jd_jq_audit,C:\Users\catkin\Documents\baseline_zhou\baseline_zhou-main\baseline_zhou-main\zhou_icf_mpc_constraint_audit_v1,results\coarse_scan\20260715_104605\cases\A_C08_030\configuration.csv,396,2026-07-15T10:47:39.000,893884102faee7b35c66ebab64fb1a4b2ea34032a3da2093f73c1287e209d1f9
jd_jq_audit,C:\Users\catkin\Documents\baseline_zhou\baseline_zhou-main\baseline_zhou-main\zhou_icf_mpc_constraint_audit_v1,results\coarse_scan\20260715_104605\cases\A_C08_030\metrics.csv,2521,2026-07-15T10:47:40.000,7f2962a6726f9dfc44604b88cae92346e2207752cd5217b51213709418d7e7f7
jd_jq_audit,C:\Users\catkin\Documents\baseline_zhou\baseline_zhou-main\baseline_zhou-main\zhou_icf_mpc_constraint_audit_v1,results\coarse_scan\20260715_104605\cases\A_C08_031\configuration.csv,391,2026-07-15T10:47:40.000,295fa527f17a91b23b716168b23398e535d7420b7c2c1c1ec69119638b773449
jd_jq_audit,C:\Users\catkin\Documents\baseline_zhou\baseline_zhou-main\baseline_zhou-main\zhou_icf_mpc_constraint_audit_v1,results\coarse_scan\20260715_104605\cases\A_C08_031\metrics.csv,2561,2026-07-15T10:47:40.000,586174246f47ab7218db484cfc8581e80b265a0b5990ef703a10df165571cdc6
jd_jq_audit,C:\Users\catkin\Documents\baseline_zhou\baseline_zhou-main\baseline_zhou-main\zhou_icf_mpc_constraint_audit_v1,results\coarse_scan\20260715_104605\cases\A_C08_032\configuration.csv,399,2026-07-15T10:47:40.000,44051e277f44114832ffcddb934f771ff5cc8be4dd4249ec473746a1077b61aa
jd_jq_audit,C:\Users\catkin\Documents\baseline_zhou\baseline_zhou-main\baseline_zhou-main\zhou_icf_mpc_constraint_audit_v1,results\coarse_scan\20260715_104605\cases\A_C08_032\metrics.csv,2533,2026-07-15T10:47:40.000,6e971f7af0d55ff9e39ed13df559415922d133b80e92544b49c4daa0aea99378
jd_jq_audit,C:\Users\catkin\Documents\baseline_zhou\baseline_zhou-main\baseline_zhou-main\zhou_icf_mpc_constraint_audit_v1,results\coarse_scan\20260715_104605\cases\A_C08_033\configuration.csv,396,2026-07-15T10:47:40.000,a1a5b1402539e7bc8d201ef3f10438e5a60595f7934383d35440410919dfcdbc
jd_jq_audit,C:\Users\catkin\Documents\baseline_zhou\baseline_zhou-main\baseline_zhou-main\zhou_icf_mpc_constraint_audit_v1,results\coarse_scan\20260715_104605\cases\A_C08_033\metrics.csv,2527,2026-07-15T10:47:40.000,87a1fcbdcb6b706bfca4727c98c0743728f50fb96fd254c8543f5f9522a55a4f
jd_jq_audit,C:\Users\catkin\Documents\baseline_zhou\baseline_zhou-main\baseline_zhou-main\zhou_icf_mpc_constraint_audit_v1,results\coarse_scan\20260715_104605\cases\A_C08_034\configuration.csv,396,2026-07-15T10:47:40.000,200ec2fcb736103ba64c201340910aa1241972cc0d2c4e68dcc4027d54a2b3c3
jd_jq_audit,C:\Users\catkin\Documents\baseline_zhou\baseline_zhou-main\baseline_zhou-main\zhou_icf_mpc_constraint_audit_v1,results\coarse_scan\20260715_104605\cases\A_C08_034\metrics.csv,2544,2026-07-15T10:47:40.000,14948291fee2f762d9c42b85f0c8a4781f81af09edd9b242c01bd88cff03c82c
jd_jq_audit,C:\Users\catkin\Documents\baseline_zhou\baseline_zhou-main\baseline_zhou-main\zhou_icf_mpc_constraint_audit_v1,results\coarse_scan\20260715_104605\cases\A_C08_035\configuration.csv,396,2026-07-15T10:47:40.000,c1018795797bd6e049fc96d3a7a4f7142b27b02eba3d2a47e653d2a2a8b0df09
jd_jq_audit,C:\Users\catkin\Documents\baseline_zhou\baseline_zhou-main\baseline_zhou-main\zhou_icf_mpc_constraint_audit_v1,results\coarse_scan\20260715_104605\cases\A_C08_035\metrics.csv,2517,2026-07-15T10:47:40.000,c5a3df72e14442c6710f9c74c91f0119d281fee27e972d455f63d414fcc90365
jd_jq_audit,C:\Users\catkin\Documents\baseline_zhou\baseline_zhou-main\baseline_zhou-main\zhou_icf_mpc_constraint_audit_v1,results\coarse_scan\20260715_104605\cases\A_C08_036\configuration.csv,391,2026-07-15T10:47:40.000,0ad80a500f62f67b099fb9770ae37aac0bdd6561442bece9a1932525d42cd775
jd_jq_audit,C:\Users\catkin\Documents\baseline_zhou\baseline_zhou-main\baseline_zhou-main\zhou_icf_mpc_constraint_audit_v1,results\coarse_scan\20260715_104605\cases\A_C08_036\metrics.csv,2499,2026-07-15T10:47:40.000,c1ca7ed4ddecdd4eec0b0d6ae7ec8ef9bb22d46169d304d20b0f8b6fa1ffe712
jd_jq_audit,C:\Users\catkin\Documents\baseline_zhou\baseline_zhou-main\baseline_zhou-main\zhou_icf_mpc_constraint_audit_v1,results\coarse_scan\20260715_104605\cases\A_C09_001\configuration.csv,398,2026-07-15T10:47:40.000,2ca5207ff3eaea7d355ded13dacd1725f5382b405b0426e68569b49079ebb86b
jd_jq_audit,C:\Users\catkin\Documents\baseline_zhou\baseline_zhou-main\baseline_zhou-main\zhou_icf_mpc_constraint_audit_v1,results\coarse_scan\20260715_104605\cases\A_C09_001\metrics.csv,2591,2026-07-15T10:47:41.000,6ec5a7fc68a11dc70ad741a00b82b9ec49c2a7d6d5be662aa43b4f1a730cd93f
jd_jq_audit,C:\Users\catkin\Documents\baseline_zhou\baseline_zhou-main\baseline_zhou-main\zhou_icf_mpc_constraint_audit_v1,results\coarse_scan\20260715_104605\cases\A_C09_002\configuration.csv,406,2026-07-15T10:47:41.000,b328c99e25f5051574808e36f05cdba2595ec450619754ba90239e799d87c4da
jd_jq_audit,C:\Users\catkin\Documents\baseline_zhou\baseline_zhou-main\baseline_zhou-main\zhou_icf_mpc_constraint_audit_v1,results\coarse_scan\20260715_104605\cases\A_C09_002\metrics.csv,2556,2026-07-15T10:47:41.000,6c15547bc44c30cbcd4376572bb1047d6275f2a91f7456a0d0494081861bb3e9
jd_jq_audit,C:\Users\catkin\Documents\baseline_zhou\baseline_zhou-main\baseline_zhou-main\zhou_icf_mpc_constraint_audit_v1,results\coarse_scan\20260715_104605\cases\A_C09_003\configuration.csv,403,2026-07-15T10:47:41.000,e3fa72dd9787a052e1037bc1a0997a4cc5c50b03ce2ab32be1b164985f0f9c3a
jd_jq_audit,C:\Users\catkin\Documents\baseline_zhou\baseline_zhou-main\baseline_zhou-main\zhou_icf_mpc_constraint_audit_v1,results\coarse_scan\20260715_104605\cases\A_C09_003\metrics.csv,2547,2026-07-15T10:47:41.000,209fb1f8d8e1816913b6e10cf146fb79249c556634be7201d226d005d99ab517
jd_jq_audit,C:\Users\catkin\Documents\baseline_zhou\baseline_zhou-main\baseline_zhou-main\zhou_icf_mpc_constraint_audit_v1,results\coarse_scan\20260715_104605\cases\A_C09_004\configuration.csv,403,2026-07-15T10:47:41.000,4b1544fb6f29366a16280e187e3295e557b7bf1d35ebd53043f58521dd73faac
jd_jq_audit,C:\Users\catkin\Documents\baseline_zhou\baseline_zhou-main\baseline_zhou-main\zhou_icf_mpc_constraint_audit_v1,results\coarse_scan\20260715_104605\cases\A_C09_004\metrics.csv,2545,2026-07-15T10:47:42.000,ee6913e970ddc1f358e0155c01bda9249756aefb5cb54b2fc6b3fab124c4ee4a
jd_jq_audit,C:\Users\catkin\Documents\baseline_zhou\baseline_zhou-main\baseline_zhou-main\zhou_icf_mpc_constraint_audit_v1,results\coarse_scan\20260715_104605\cases\A_C09_005\configuration.csv,403,2026-07-15T10:47:42.000,5f58e3a0ec30a5a7f17e6ad310ab11517c48adcf4c96dcdc9739974d963b4085
jd_jq_audit,C:\Users\catkin\Documents\baseline_zhou\baseline_zhou-main\baseline_zhou-main\zhou_icf_mpc_constraint_audit_v1,results\coarse_scan\20260715_104605\cases\A_C09_005\metrics.csv,2556,2026-07-15T10:47:42.000,d1e854cd068241e66a0fcef59d6e49517b5d476dc68cf455ac564bf5c0ad19ca
jd_jq_audit,C:\Users\catkin\Documents\baseline_zhou\baseline_zhou-main\baseline_zhou-main\zhou_icf_mpc_constraint_audit_v1,results\coarse_scan\20260715_104605\cases\A_C09_006\configuration.csv,398,2026-07-15T10:47:42.000,0c8e1b2e7c07d9748c5fd7a0ac3a932eb3eda5d96cf2566428c806715fe8e082
jd_jq_audit,C:\Users\catkin\Documents\baseline_zhou\baseline_zhou-main\baseline_zhou-main\zhou_icf_mpc_constraint_audit_v1,results\coarse_scan\20260715_104605\cases\A_C09_006\metrics.csv,2550,2026-07-15T10:47:42.000,196805cf769826f943b95e23cc1392d0b44f1e1888b04c32977ca75bdfe68340
jd_jq_audit,C:\Users\catkin\Documents\baseline_zhou\baseline_zhou-main\baseline_zhou-main\zhou_icf_mpc_constraint_audit_v1,results\coarse_scan\20260715_104605\cases\A_C09_007\configuration.csv,398,2026-07-15T10:47:42.000,ae0a83d48a3814e987ca3b5fa8f15572949b3f6a2d244bcd3984c82909a9d433
jd_jq_audit,C:\Users\catkin\Documents\baseline_zhou\baseline_zhou-main\baseline_zhou-main\zhou_icf_mpc_constraint_audit_v1,results\coarse_scan\20260715_104605\cases\A_C09_007\metrics.csv,2586,2026-07-15T10:47:43.000,e5566492e82f75ad7294f80ca451e18598e738a7b6f2c43c522beaf14897e6d6
jd_jq_audit,C:\Users\catkin\Documents\baseline_zhou\baseline_zhou-main\baseline_zhou-main\zhou_icf_mpc_constraint_audit_v1,results\coarse_scan\20260715_104605\cases\A_C09_008\configuration.csv,406,2026-07-15T10:47:43.000,d905c3640f9cf4d466e36440b8859083eebf35a2323503f99ae91eee15de7d21
jd_jq_audit,C:\Users\catkin\Documents\baseline_zhou\baseline_zhou-main\baseline_zhou-main\zhou_icf_mpc_constraint_audit_v1,results\coarse_scan\20260715_104605\cases\A_C09_008\metrics.csv,2536,2026-07-15T10:47:43.000,7d511689a89e2f982d66eab3c044a3c1e03f5a4a5cf34a6dd1a7a4e42bb1de36
jd_jq_audit,C:\Users\catkin\Documents\baseline_zhou\baseline_zhou-main\baseline_zhou-main\zhou_icf_mpc_constraint_audit_v1,results\coarse_scan\20260715_104605\cases\A_C09_009\configuration.csv,403,2026-07-15T10:47:43.000,b922da3f7b8522204ea601657db5565405c61f7cf6c69db4d28e773ce7751ff2
jd_jq_audit,C:\Users\catkin\Documents\baseline_zhou\baseline_zhou-main\baseline_zhou-main\zhou_icf_mpc_constraint_audit_v1,results\coarse_scan\20260715_104605\cases\A_C09_009\metrics.csv,2540,2026-07-15T10:47:43.000,ae15fbe0dbaf72ddfd810c8a66e0173d9511ec9e931838428d1d891f4c2aaf03
jd_jq_audit,C:\Users\catkin\Documents\baseline_zhou\baseline_zhou-main\baseline_zhou-main\zhou_icf_mpc_constraint_audit_v1,results\coarse_scan\20260715_104605\cases\A_C09_010\configuration.csv,403,2026-07-15T10:47:43.000,48cc1b739a67b2f1f16d52c28ee0e1bb0aedeb28b9ef85933c795ce62035fd7d
jd_jq_audit,C:\Users\catkin\Documents\baseline_zhou\baseline_zhou-main\baseline_zhou-main\zhou_icf_mpc_constraint_audit_v1,results\coarse_scan\20260715_104605\cases\A_C09_010\metrics.csv,2537,2026-07-15T10:47:44.000,0971020b91de24ac1b90630044d0273ff31315a307501a9922cde415b903e86b
jd_jq_audit,C:\Users\catkin\Documents\baseline_zhou\baseline_zhou-main\baseline_zhou-main\zhou_icf_mpc_constraint_audit_v1,results\coarse_scan\20260715_104605\cases\A_C09_011\configuration.csv,403,2026-07-15T10:47:44.000,fce19d45fc1949d5bc2f0ff263e8535e351b61697abc950b1abd7cb1b3dd874c
jd_jq_audit,C:\Users\catkin\Documents\baseline_zhou\baseline_zhou-main\baseline_zhou-main\zhou_icf_mpc_constraint_audit_v1,results\coarse_scan\20260715_104605\cases\A_C09_011\metrics.csv,2548,2026-07-15T10:47:44.000,b869a7cf1700a8e49032026fbe5c010128c19b08c9dd868ea3fb7bd8c1c18a6d
jd_jq_audit,C:\Users\catkin\Documents\baseline_zhou\baseline_zhou-main\baseline_zhou-main\zhou_icf_mpc_constraint_audit_v1,results\coarse_scan\20260715_104605\cases\A_C09_012\configuration.csv,398,2026-07-15T10:47:44.000,21bee679ce0c40e27766cacfef90e317f4e37af3e6728edecdc4f3011fd9fc02
jd_jq_audit,C:\Users\catkin\Documents\baseline_zhou\baseline_zhou-main\baseline_zhou-main\zhou_icf_mpc_constraint_audit_v1,results\coarse_scan\20260715_104605\cases\A_C09_012\metrics.csv,2541,2026-07-15T10:47:44.000,e7aef2f248ddf24b7ab69c5af703de7d8ac1cf2f489a0c0a9bc7594b25e0114a
jd_jq_audit,C:\Users\catkin\Documents\baseline_zhou\baseline_zhou-main\baseline_zhou-main\zhou_icf_mpc_constraint_audit_v1,results\coarse_scan\20260715_104605\cases\A_C09_013\configuration.csv,398,2026-07-15T10:47:44.000,bf3f42ca3f96d19e813b95679f9adc7ead4c4e612b1bff7a2de7ce1ec46f22f6
jd_jq_audit,C:\Users\catkin\Documents\baseline_zhou\baseline_zhou-main\baseline_zhou-main\zhou_icf_mpc_constraint_audit_v1,results\coarse_scan\20260715_104605\cases\A_C09_013\metrics.csv,2576,2026-07-15T10:47:45.000,b0e031ff3f5d47a5de4c0101ac1b2530ca77d09833da753b7402828e8a757c1c
jd_jq_audit,C:\Users\catkin\Documents\baseline_zhou\baseline_zhou-main\baseline_zhou-main\zhou_icf_mpc_constraint_audit_v1,results\coarse_scan\20260715_104605\cases\A_C09_014\configuration.csv,406,2026-07-15T10:47:45.000,3d12beb25fa950e8981e5008f2bf9730a88dceaf1691f500ef5260b2193106af
jd_jq_audit,C:\Users\catkin\Documents\baseline_zhou\baseline_zhou-main\baseline_zhou-main\zhou_icf_mpc_constraint_audit_v1,results\coarse_scan\20260715_104605\cases\A_C09_014\metrics.csv,2539,2026-07-15T10:47:45.000,c523ebe10057bbdd8b35e985cc5cddbf676a51771b4349a124c312f065bb1f80
jd_jq_audit,C:\Users\catkin\Documents\baseline_zhou\baseline_zhou-main\baseline_zhou-main\zhou_icf_mpc_constraint_audit_v1,results\coarse_scan\20260715_104605\cases\A_C09_015\configuration.csv,403,2026-07-15T10:47:45.000,4a327abc175f628fd871cbd7b485058b1f90da8492c20e24d251bfe528e4f18f
jd_jq_audit,C:\Users\catkin\Documents\baseline_zhou\baseline_zhou-main\baseline_zhou-main\zhou_icf_mpc_constraint_audit_v1,results\coarse_scan\20260715_104605\cases\A_C09_015\metrics.csv,2545,2026-07-15T10:47:46.000,623e484a74721550fdecf1bf06948c9a1dcdbc51b01ef738fc3835fd5055e868
jd_jq_audit,C:\Users\catkin\Documents\baseline_zhou\baseline_zhou-main\baseline_zhou-main\zhou_icf_mpc_constraint_audit_v1,results\coarse_scan\20260715_104605\cases\A_C09_016\configuration.csv,403,2026-07-15T10:47:46.000,9d99f98c8cfed7192b790722f6c0e48ff244e116708eb7ed25c92c8796e5acec
jd_jq_audit,C:\Users\catkin\Documents\baseline_zhou\baseline_zhou-main\baseline_zhou-main\zhou_icf_mpc_constraint_audit_v1,results\coarse_scan\20260715_104605\cases\A_C09_016\metrics.csv,2531,2026-07-15T10:47:46.000,87b1355803b121c7ab87e2a363f33e2199648fbf427d37227f8e0ed595a4bcd3
jd_jq_audit,C:\Users\catkin\Documents\baseline_zhou\baseline_zhou-main\baseline_zhou-main\zhou_icf_mpc_constraint_audit_v1,results\coarse_scan\20260715_104605\cases\A_C09_017\configuration.csv,403,2026-07-15T10:47:46.000,d194889e552ecdaed7b048b5b7971804b3dade44ae12dde873f13aeb43b4d329
jd_jq_audit,C:\Users\catkin\Documents\baseline_zhou\baseline_zhou-main\baseline_zhou-main\zhou_icf_mpc_constraint_audit_v1,results\coarse_scan\20260715_104605\cases\A_C09_017\metrics.csv,2553,2026-07-15T10:47:46.000,75982561fcdaf199fc7b43f0dd1ae5b88fda6405586c5b934d02e433f5cc1d1a
jd_jq_audit,C:\Users\catkin\Documents\baseline_zhou\baseline_zhou-main\baseline_zhou-main\zhou_icf_mpc_constraint_audit_v1,results\coarse_scan\20260715_104605\cases\A_C09_018\configuration.csv,398,2026-07-15T10:47:46.000,1b2c49557c4c14c5ce01c121591929226870e1052e394cbdf84e7fa3fe238f06
jd_jq_audit,C:\Users\catkin\Documents\baseline_zhou\baseline_zhou-main\baseline_zhou-main\zhou_icf_mpc_constraint_audit_v1,results\coarse_scan\20260715_104605\cases\A_C09_018\metrics.csv,2545,2026-07-15T10:47:46.000,97debaf2009fec6a86908697ff0fc48b9ab5aa4e6b77c929cb756187331829e7
jd_jq_audit,C:\Users\catkin\Documents\baseline_zhou\baseline_zhou-main\baseline_zhou-main\zhou_icf_mpc_constraint_audit_v1,results\coarse_scan\20260715_104605\cases\A_C09_019\configuration.csv,398,2026-07-15T10:47:46.000,d892b60b4a57f6f9b02460f1c473c59ada44699bf618957d229f1e0f0a29d612
jd_jq_audit,C:\Users\catkin\Documents\baseline_zhou\baseline_zhou-main\baseline_zhou-main\zhou_icf_mpc_constraint_audit_v1,results\coarse_scan\20260715_104605\cases\A_C09_019\metrics.csv,2575,2026-07-15T10:47:47.000,2e54a8795e3b7b305572cac6962b071a38b1964e1a120ec1789d9358d1833c73
jd_jq_audit,C:\Users\catkin\Documents\baseline_zhou\baseline_zhou-main\baseline_zhou-main\zhou_icf_mpc_constraint_audit_v1,results\coarse_scan\20260715_104605\cases\A_C09_020\configuration.csv,406,2026-07-15T10:47:47.000,ea8169a215184fc22e755ef8110569f7060b90935e0feffb0cb4bd888f3f3f53
jd_jq_audit,C:\Users\catkin\Documents\baseline_zhou\baseline_zhou-main\baseline_zhou-main\zhou_icf_mpc_constraint_audit_v1,results\coarse_scan\20260715_104605\cases\A_C09_020\metrics.csv,2549,2026-07-15T10:47:47.000,8929023069881cac5e9848ad863089e8a6c87f6ad693158ff139e878cbabf644
jd_jq_audit,C:\Users\catkin\Documents\baseline_zhou\baseline_zhou-main\baseline_zhou-main\zhou_icf_mpc_constraint_audit_v1,results\coarse_scan\20260715_104605\cases\A_C09_021\configuration.csv,403,2026-07-15T10:47:47.000,81e066f766d1666ea1f4320717378e54e4b80c956631eb3f9d88a2d17f75950d
jd_jq_audit,C:\Users\catkin\Documents\baseline_zhou\baseline_zhou-main\baseline_zhou-main\zhou_icf_mpc_constraint_audit_v1,results\coarse_scan\20260715_104605\cases\A_C09_021\metrics.csv,2542,2026-07-15T10:47:47.000,0176c305420f1c98a9f9e96fd12a4dbbbab1d6653b209dc9ee9bb9970a093750
jd_jq_audit,C:\Users\catkin\Documents\baseline_zhou\baseline_zhou-main\baseline_zhou-main\zhou_icf_mpc_constraint_audit_v1,results\coarse_scan\20260715_104605\cases\A_C09_022\configuration.csv,403,2026-07-15T10:47:47.000,0917e95d4d32889e6dc652c19d558130b44c25934452bcac07c8fbce99b85eb4
jd_jq_audit,C:\Users\catkin\Documents\baseline_zhou\baseline_zhou-main\baseline_zhou-main\zhou_icf_mpc_constraint_audit_v1,results\coarse_scan\20260715_104605\cases\A_C09_022\metrics.csv,2513,2026-07-15T10:47:48.000,d79297470687f67d8a7b0d7216f845a90624d1bcaeda1f1939415b849854cb9b
jd_jq_audit,C:\Users\catkin\Documents\baseline_zhou\baseline_zhou-main\baseline_zhou-main\zhou_icf_mpc_constraint_audit_v1,results\coarse_scan\20260715_104605\cases\A_C09_023\configuration.csv,403,2026-07-15T10:47:48.000,841548622ccafeb55ac642d7397e017d965d31c52b7dafcf32fd82d54a0ea6b7
jd_jq_audit,C:\Users\catkin\Documents\baseline_zhou\baseline_zhou-main\baseline_zhou-main\zhou_icf_mpc_constraint_audit_v1,results\coarse_scan\20260715_104605\cases\A_C09_023\metrics.csv,2520,2026-07-15T10:47:48.000,7d9e93b14c54a0c4010ae101dfe326f6fba17be95a46c2cb5cee391edd926fca
jd_jq_audit,C:\Users\catkin\Documents\baseline_zhou\baseline_zhou-main\baseline_zhou-main\zhou_icf_mpc_constraint_audit_v1,results\coarse_scan\20260715_104605\cases\A_C09_024\configuration.csv,398,2026-07-15T10:47:48.000,372f26de39ce93fd5bc0877d1f2e67f8c01127fdddd3bbad171941aadc8ac4c1
jd_jq_audit,C:\Users\catkin\Documents\baseline_zhou\baseline_zhou-main\baseline_zhou-main\zhou_icf_mpc_constraint_audit_v1,results\coarse_scan\20260715_104605\cases\A_C09_024\metrics.csv,2526,2026-07-15T10:47:48.000,998dbf9aabac579fe0bc2243615171d53ac2c9915205d7d1353ea7980ad7f359
jd_jq_audit,C:\Users\catkin\Documents\baseline_zhou\baseline_zhou-main\baseline_zhou-main\zhou_icf_mpc_constraint_audit_v1,results\coarse_scan\20260715_104605\cases\A_C09_025\configuration.csv,398,2026-07-15T10:47:48.000,9158dac4ef5ec7ee94fb31254fb727cbce17f3323344f42227f4c47fb1d7d186
jd_jq_audit,C:\Users\catkin\Documents\baseline_zhou\baseline_zhou-main\baseline_zhou-main\zhou_icf_mpc_constraint_audit_v1,results\coarse_scan\20260715_104605\cases\A_C09_025\metrics.csv,2574,2026-07-15T10:47:49.000,73d175b079548de6cbb99cb99a932b54653798882107cf8b475451afba0a6a76
jd_jq_audit,C:\Users\catkin\Documents\baseline_zhou\baseline_zhou-main\baseline_zhou-main\zhou_icf_mpc_constraint_audit_v1,results\coarse_scan\20260715_104605\cases\A_C09_026\configuration.csv,406,2026-07-15T10:47:49.000,788070de3a8d56d82a234c686889dbadb083324ae579f60b07ca4836bff4c4fb
jd_jq_audit,C:\Users\catkin\Documents\baseline_zhou\baseline_zhou-main\baseline_zhou-main\zhou_icf_mpc_constraint_audit_v1,results\coarse_scan\20260715_104605\cases\A_C09_026\metrics.csv,2529,2026-07-15T10:47:49.000,b319183c36fa614b8c925d25adf507ec5a9d2d9dc512aa73c89c57f2eaa779bc
jd_jq_audit,C:\Users\catkin\Documents\baseline_zhou\baseline_zhou-main\baseline_zhou-main\zhou_icf_mpc_constraint_audit_v1,results\coarse_scan\20260715_104605\cases\A_C09_027\configuration.csv,403,2026-07-15T10:47:49.000,f8179d18d1ba5f160ff2a97b34f09231bc0094e734293f7325410884ae702dcb
jd_jq_audit,C:\Users\catkin\Documents\baseline_zhou\baseline_zhou-main\baseline_zhou-main\zhou_icf_mpc_constraint_audit_v1,results\coarse_scan\20260715_104605\cases\A_C09_027\metrics.csv,2522,2026-07-15T10:47:49.000,4e3c743851a99d2ac121bc8e528308b97d8b493a6902b0f4a200b2e6f25ef440
jd_jq_audit,C:\Users\catkin\Documents\baseline_zhou\baseline_zhou-main\baseline_zhou-main\zhou_icf_mpc_constraint_audit_v1,results\coarse_scan\20260715_104605\cases\A_C09_028\configuration.csv,403,2026-07-15T10:47:49.000,8386e901b7c5f692b495ab8975010533c31b72664c3b01b0b76cb0e1dfb0afb5
jd_jq_audit,C:\Users\catkin\Documents\baseline_zhou\baseline_zhou-main\baseline_zhou-main\zhou_icf_mpc_constraint_audit_v1,results\coarse_scan\20260715_104605\cases\A_C09_028\metrics.csv,2517,2026-07-15T10:47:50.000,7d6c7465b73cf461b829319e11274e5008718f4513819ffd4d6f145ebfb9bd89
jd_jq_audit,C:\Users\catkin\Documents\baseline_zhou\baseline_zhou-main\baseline_zhou-main\zhou_icf_mpc_constraint_audit_v1,results\coarse_scan\20260715_104605\cases\A_C09_029\configuration.csv,403,2026-07-15T10:47:50.000,a764cdc3fb8623344eaa4569546a5f3d1255e003ca72965fe664a67ee3bb16cf
jd_jq_audit,C:\Users\catkin\Documents\baseline_zhou\baseline_zhou-main\baseline_zhou-main\zhou_icf_mpc_constraint_audit_v1,results\coarse_scan\20260715_104605\cases\A_C09_029\metrics.csv,2531,2026-07-15T10:47:50.000,7e5886ca2daca1d5e469d3c3c0dbec2a12b096f7575dcf72ed48d71dce37413b
jd_jq_audit,C:\Users\catkin\Documents\baseline_zhou\baseline_zhou-main\baseline_zhou-main\zhou_icf_mpc_constraint_audit_v1,results\coarse_scan\20260715_104605\cases\A_C09_030\configuration.csv,398,2026-07-15T10:47:50.000,a92bcb9d5ddc1c74d758cb1b6ecb92944a4fa5b9f76e437545f8ddebfb2b89e7
jd_jq_audit,C:\Users\catkin\Documents\baseline_zhou\baseline_zhou-main\baseline_zhou-main\zhou_icf_mpc_constraint_audit_v1,results\coarse_scan\20260715_104605\cases\A_C09_030\metrics.csv,2521,2026-07-15T10:47:50.000,a321da66b78dcc07686093d6e799d777d61e8970f8adabe5aba129e5d582d92f
jd_jq_audit,C:\Users\catkin\Documents\baseline_zhou\baseline_zhou-main\baseline_zhou-main\zhou_icf_mpc_constraint_audit_v1,results\coarse_scan\20260715_104605\cases\A_C09_031\configuration.csv,393,2026-07-15T10:47:50.000,1cfd7cdd16c6bdafe32fc8922065e660fd33c1f146ef8d8515f523fcbc669369
jd_jq_audit,C:\Users\catkin\Documents\baseline_zhou\baseline_zhou-main\baseline_zhou-main\zhou_icf_mpc_constraint_audit_v1,results\coarse_scan\20260715_104605\cases\A_C09_031\metrics.csv,2464,2026-07-15T10:47:51.000,731068372369e4fd926e0bdd5da4480a8fff209253dc4b92334ae7078682a42a
jd_jq_audit,C:\Users\catkin\Documents\baseline_zhou\baseline_zhou-main\baseline_zhou-main\zhou_icf_mpc_constraint_audit_v1,results\coarse_scan\20260715_104605\cases\A_C09_032\configuration.csv,401,2026-07-15T10:47:51.000,148b80d1efcef9f222f0db1c1fd64e4a2347622dceae72afb06c69da9a57747c
jd_jq_audit,C:\Users\catkin\Documents\baseline_zhou\baseline_zhou-main\baseline_zhou-main\zhou_icf_mpc_constraint_audit_v1,results\coarse_scan\20260715_104605\cases\A_C09_032\metrics.csv,2522,2026-07-15T10:47:51.000,5b00cb6e503c5026022456f9f2502a01ba0fe0724c7b8303644a02490edd8c48
jd_jq_audit,C:\Users\catkin\Documents\baseline_zhou\baseline_zhou-main\baseline_zhou-main\zhou_icf_mpc_constraint_audit_v1,results\coarse_scan\20260715_104605\cases\A_C09_033\configuration.csv,398,2026-07-15T10:47:51.000,e7b5b38ac26254970629475d46803699e670162d82ce2c4e86edcca4083de75e
jd_jq_audit,C:\Users\catkin\Documents\baseline_zhou\baseline_zhou-main\baseline_zhou-main\zhou_icf_mpc_constraint_audit_v1,results\coarse_scan\20260715_104605\cases\A_C09_033\metrics.csv,2520,2026-07-15T10:47:51.000,c60eac79265f810f20c212d4697614a4407f0aad0a00526fd296ed335616b8e6
jd_jq_audit,C:\Users\catkin\Documents\baseline_zhou\baseline_zhou-main\baseline_zhou-main\zhou_icf_mpc_constraint_audit_v1,results\coarse_scan\20260715_104605\cases\A_C09_034\configuration.csv,398,2026-07-15T10:47:51.000,ba05d2bd838c1c04e8d6ccc8f952425552120b6a1f4e0b28b548ce1a9535411d
jd_jq_audit,C:\Users\catkin\Documents\baseline_zhou\baseline_zhou-main\baseline_zhou-main\zhou_icf_mpc_constraint_audit_v1,results\coarse_scan\20260715_104605\cases\A_C09_034\metrics.csv,2513,2026-07-15T10:47:52.000,e9cfb92e14133537635688ea19a744ef30dae59d55fa9b5c7aee3ddead07e00d
jd_jq_audit,C:\Users\catkin\Documents\baseline_zhou\baseline_zhou-main\baseline_zhou-main\zhou_icf_mpc_constraint_audit_v1,results\coarse_scan\20260715_104605\cases\A_C09_035\configuration.csv,398,2026-07-15T10:47:52.000,54fa11049c8685811ad449ed3d31278cccb8f8fb32fbac752ae410d4f6ce0b04
jd_jq_audit,C:\Users\catkin\Documents\baseline_zhou\baseline_zhou-main\baseline_zhou-main\zhou_icf_mpc_constraint_audit_v1,results\coarse_scan\20260715_104605\cases\A_C09_035\metrics.csv,2525,2026-07-15T10:47:52.000,00624c3e2d1c49b6281c75d65631661fa91116e98f95526d0dd6b74e8b1718de
jd_jq_audit,C:\Users\catkin\Documents\baseline_zhou\baseline_zhou-main\baseline_zhou-main\zhou_icf_mpc_constraint_audit_v1,results\coarse_scan\20260715_104605\cases\A_C09_036\configuration.csv,393,2026-07-15T10:47:52.000,51868a2c01851eba15d44555ad3808d9fc2fe98284157c83f48443e91d8b1ffd
jd_jq_audit,C:\Users\catkin\Documents\baseline_zhou\baseline_zhou-main\baseline_zhou-main\zhou_icf_mpc_constraint_audit_v1,results\coarse_scan\20260715_104605\cases\A_C09_036\metrics.csv,2502,2026-07-15T10:47:52.000,43712d4f30528f2dde57805037fa83173002e43d23ff7fb67e256c332a1fcf38
jd_jq_audit,C:\Users\catkin\Documents\baseline_zhou\baseline_zhou-main\baseline_zhou-main\zhou_icf_mpc_constraint_audit_v1,results\coarse_scan\20260715_104605\cases\A_C10_001\configuration.csv,387,2026-07-15T10:47:52.000,f474b5a1a9a199aafecd5a0f2b38204b4310531c6cb821afa0fbc24b6dce313a
jd_jq_audit,C:\Users\catkin\Documents\baseline_zhou\baseline_zhou-main\baseline_zhou-main\zhou_icf_mpc_constraint_audit_v1,results\coarse_scan\20260715_104605\cases\A_C10_001\metrics.csv,2572,2026-07-15T10:47:52.000,5d82149a3ad0df44a3ac77a9f9c7a43d741b45947710ec525d524a35a481b534
jd_jq_audit,C:\Users\catkin\Documents\baseline_zhou\baseline_zhou-main\baseline_zhou-main\zhou_icf_mpc_constraint_audit_v1,results\coarse_scan\20260715_104605\cases\A_C10_002\configuration.csv,395,2026-07-15T10:47:52.000,a6a933a8166fb4e46d02af2573c4d82040999e2fb11ee6682f26e231e7af1903
jd_jq_audit,C:\Users\catkin\Documents\baseline_zhou\baseline_zhou-main\baseline_zhou-main\zhou_icf_mpc_constraint_audit_v1,results\coarse_scan\20260715_104605\cases\A_C10_002\metrics.csv,2541,2026-07-15T10:47:52.000,3df73fb9e2860816eb6e7e0140cdd33cb40a79d74a3486c9a9902be947cbbc1d
jd_jq_audit,C:\Users\catkin\Documents\baseline_zhou\baseline_zhou-main\baseline_zhou-main\zhou_icf_mpc_constraint_audit_v1,results\coarse_scan\20260715_104605\cases\A_C10_003\configuration.csv,392,2026-07-15T10:47:52.000,c713b23dd47856f8c7bf7b3f71081e64826175601a94a9f4ccb7cb8d033a4188
jd_jq_audit,C:\Users\catkin\Documents\baseline_zhou\baseline_zhou-main\baseline_zhou-main\zhou_icf_mpc_constraint_audit_v1,results\coarse_scan\20260715_104605\cases\A_C10_003\metrics.csv,2552,2026-07-15T10:47:53.000,9cfcdc33ed3e62e41a3fb2ad19f6e4514bb41ec032071eec6891125aae959b71
jd_jq_audit,C:\Users\catkin\Documents\baseline_zhou\baseline_zhou-main\baseline_zhou-main\zhou_icf_mpc_constraint_audit_v1,results\coarse_scan\20260715_104605\cases\A_C10_004\configuration.csv,392,2026-07-15T10:47:53.000,991d3b46bd10c37b442e2b2ed47b761f187530e5b44c46c5bdd3e05f5952cd8c
jd_jq_audit,C:\Users\catkin\Documents\baseline_zhou\baseline_zhou-main\baseline_zhou-main\zhou_icf_mpc_constraint_audit_v1,results\coarse_scan\20260715_104605\cases\A_C10_004\metrics.csv,2529,2026-07-15T10:47:53.000,b9078904b743fbd8e6b26a7a24e5ba080013c23aa770a2e4f8347f0c2478d7e3
jd_jq_audit,C:\Users\catkin\Documents\baseline_zhou\baseline_zhou-main\baseline_zhou-main\zhou_icf_mpc_constraint_audit_v1,results\coarse_scan\20260715_104605\cases\A_C10_005\configuration.csv,392,2026-07-15T10:47:53.000,682bdb40e464ed8da7a57e8188789745f027d21d43465273b4cba4cec3f3afde
jd_jq_audit,C:\Users\catkin\Documents\baseline_zhou\baseline_zhou-main\baseline_zhou-main\zhou_icf_mpc_constraint_audit_v1,results\coarse_scan\20260715_104605\cases\A_C10_005\metrics.csv,2530,2026-07-15T10:47:53.000,8f5f0ffcefc3c1089910a5f9909634aa8e46abca88687412821cd0915e7d7f22
jd_jq_audit,C:\Users\catkin\Documents\baseline_zhou\baseline_zhou-main\baseline_zhou-main\zhou_icf_mpc_constraint_audit_v1,results\coarse_scan\20260715_104605\cases\A_C10_006\configuration.csv,387,2026-07-15T10:47:53.000,f5365d4b3e1f87759478bae8ab7c5c1455aee20d837e12ba43b35fb5f9b2c666
jd_jq_audit,C:\Users\catkin\Documents\baseline_zhou\baseline_zhou-main\baseline_zhou-main\zhou_icf_mpc_constraint_audit_v1,results\coarse_scan\20260715_104605\cases\A_C10_006\metrics.csv,2535,2026-07-15T10:47:53.000,53078f93f980f83b5a4c341faf7625a1f26f30019092b6802f87aae6589a0292
jd_jq_audit,C:\Users\catkin\Documents\baseline_zhou\baseline_zhou-main\baseline_zhou-main\zhou_icf_mpc_constraint_audit_v1,results\coarse_scan\20260715_104605\cases\A_C10_007\configuration.csv,387,2026-07-15T10:47:53.000,b55abed1461abab99837f8eb68371fdde245d447ed9dede64570f4087da4734c
jd_jq_audit,C:\Users\catkin\Documents\baseline_zhou\baseline_zhou-main\baseline_zhou-main\zhou_icf_mpc_constraint_audit_v1,results\coarse_scan\20260715_104605\cases\A_C10_007\metrics.csv,2571,2026-07-15T10:47:53.000,ca53d8ec1152e72c00b607a465e96ac023845082f883c5589f5d0ac447736592
jd_jq_audit,C:\Users\catkin\Documents\baseline_zhou\baseline_zhou-main\baseline_zhou-main\zhou_icf_mpc_constraint_audit_v1,results\coarse_scan\20260715_104605\cases\A_C10_008\configuration.csv,395,2026-07-15T10:47:53.000,65fe57c8b44faf3bb8d4ec691864abb2f03d70dc9c6a6c5a1965171c6af3016f
jd_jq_audit,C:\Users\catkin\Documents\baseline_zhou\baseline_zhou-main\baseline_zhou-main\zhou_icf_mpc_constraint_audit_v1,results\coarse_scan\20260715_104605\cases\A_C10_008\metrics.csv,2529,2026-07-15T10:47:53.000,0327ff08c1ee533e455a3be8100e2bfabb4a1af00f4a5bf605a2ce69be5478bd
jd_jq_audit,C:\Users\catkin\Documents\baseline_zhou\baseline_zhou-main\baseline_zhou-main\zhou_icf_mpc_constraint_audit_v1,results\coarse_scan\20260715_104605\cases\A_C10_009\configuration.csv,392,2026-07-15T10:47:53.000,dd9c846db3035f95a9bc91631964e607d1e2af3a6426b251d942a20528f64918
jd_jq_audit,C:\Users\catkin\Documents\baseline_zhou\baseline_zhou-main\baseline_zhou-main\zhou_icf_mpc_constraint_audit_v1,results\coarse_scan\20260715_104605\cases\A_C10_009\metrics.csv,2537,2026-07-15T10:47:54.000,ebb10c17de3269d27a088b3903f9741da0bb0da50baff53b6553d1564123dc12
jd_jq_audit,C:\Users\catkin\Documents\baseline_zhou\baseline_zhou-main\baseline_zhou-main\zhou_icf_mpc_constraint_audit_v1,results\coarse_scan\20260715_104605\cases\A_C10_010\configuration.csv,392,2026-07-15T10:47:54.000,1760a522839a59c57335e92284782cf73a25cfadd3ca0dd9d6c9532c1e789344
jd_jq_audit,C:\Users\catkin\Documents\baseline_zhou\baseline_zhou-main\baseline_zhou-main\zhou_icf_mpc_constraint_audit_v1,results\coarse_scan\20260715_104605\cases\A_C10_010\metrics.csv,2534,2026-07-15T10:47:54.000,937ec5651e672f803f416da6cc1b0e27926f2458317da8230098c255524207b7
jd_jq_audit,C:\Users\catkin\Documents\baseline_zhou\baseline_zhou-main\baseline_zhou-main\zhou_icf_mpc_constraint_audit_v1,results\coarse_scan\20260715_104605\cases\A_C10_011\configuration.csv,392,2026-07-15T10:47:54.000,085e9950bf12f3183a35707f2ab121938ced914339efe8e07417bb50b074b17a
jd_jq_audit,C:\Users\catkin\Documents\baseline_zhou\baseline_zhou-main\baseline_zhou-main\zhou_icf_mpc_constraint_audit_v1,results\coarse_scan\20260715_104605\cases\A_C10_011\metrics.csv,2540,2026-07-15T10:47:54.000,960876bf90b4f22f8b3a0bff67580e199b098867ccdefd64419465b2729f40e2
jd_jq_audit,C:\Users\catkin\Documents\baseline_zhou\baseline_zhou-main\baseline_zhou-main\zhou_icf_mpc_constraint_audit_v1,results\coarse_scan\20260715_104605\cases\A_C10_012\configuration.csv,387,2026-07-15T10:47:54.000,7fbe35c3185a41bf84f3c3d6a6c4c4277455ca8d28516f47535c18521f7cc62b
jd_jq_audit,C:\Users\catkin\Documents\baseline_zhou\baseline_zhou-main\baseline_zhou-main\zhou_icf_mpc_constraint_audit_v1,results\coarse_scan\20260715_104605\cases\A_C10_012\metrics.csv,2535,2026-07-15T10:47:54.000,6a20288bc9c29a149551f0fe6ef281ed5329b8bbd896e05011429f22f018df6e
jd_jq_audit,C:\Users\catkin\Documents\baseline_zhou\baseline_zhou-main\baseline_zhou-main\zhou_icf_mpc_constraint_audit_v1,results\coarse_scan\20260715_104605\cases\A_C10_013\configuration.csv,387,2026-07-15T10:47:54.000,7bf1c3ff567fbdcd9c374cea3b022835c01f650ab38d71721ae79b7800cb716d
jd_jq_audit,C:\Users\catkin\Documents\baseline_zhou\baseline_zhou-main\baseline_zhou-main\zhou_icf_mpc_constraint_audit_v1,results\coarse_scan\20260715_104605\cases\A_C10_013\metrics.csv,2556,2026-07-15T10:47:55.000,e0f89a36150f95fbe429014c0df88bab1dff36b75c2eb363a27680a2246fa1eb
jd_jq_audit,C:\Users\catkin\Documents\baseline_zhou\baseline_zhou-main\baseline_zhou-main\zhou_icf_mpc_constraint_audit_v1,results\coarse_scan\20260715_104605\cases\A_C10_014\configuration.csv,395,2026-07-15T10:47:55.000,537c5749e0f0936ef22edb9b5f80d042da4a95781151df46fcef480464d31539
jd_jq_audit,C:\Users\catkin\Documents\baseline_zhou\baseline_zhou-main\baseline_zhou-main\zhou_icf_mpc_constraint_audit_v1,results\coarse_scan\20260715_104605\cases\A_C10_014\metrics.csv,2518,2026-07-15T10:47:55.000,3ab019a439c97505b0df66546abce6e12c19a5d9644de1a27a86aef01c390ede
jd_jq_audit,C:\Users\catkin\Documents\baseline_zhou\baseline_zhou-main\baseline_zhou-main\zhou_icf_mpc_constraint_audit_v1,results\coarse_scan\20260715_104605\cases\A_C10_015\configuration.csv,392,2026-07-15T10:47:55.000,0eb8b2d6d54ef4f3a3d5cbeb6694b1826ca98cabf46e60d87d8423c3962520dc
jd_jq_audit,C:\Users\catkin\Documents\baseline_zhou\baseline_zhou-main\baseline_zhou-main\zhou_icf_mpc_constraint_audit_v1,results\coarse_scan\20260715_104605\cases\A_C10_015\metrics.csv,2535,2026-07-15T10:47:55.000,f87f1a438742632e841bb7d618fdd338080ed695d0cd3ffccd464f875ee1aa2d
jd_jq_audit,C:\Users\catkin\Documents\baseline_zhou\baseline_zhou-main\baseline_zhou-main\zhou_icf_mpc_constraint_audit_v1,results\coarse_scan\20260715_104605\cases\A_C10_016\configuration.csv,392,2026-07-15T10:47:55.000,d49a0899fb429521a2057f5602b26420a447748e91fc36ae49d84bed962f4506
jd_jq_audit,C:\Users\catkin\Documents\baseline_zhou\baseline_zhou-main\baseline_zhou-main\zhou_icf_mpc_constraint_audit_v1,results\coarse_scan\20260715_104605\cases\A_C10_016\metrics.csv,2540,2026-07-15T10:47:55.000,8e725957454b211d8ba8d21e25df0f0d8a2c160d01f9a2745c0d9b1c1bc2bd59
jd_jq_audit,C:\Users\catkin\Documents\baseline_zhou\baseline_zhou-main\baseline_zhou-main\zhou_icf_mpc_constraint_audit_v1,results\coarse_scan\20260715_104605\cases\A_C10_017\configuration.csv,392,2026-07-15T10:47:55.000,d13a9a4ab670c120d53d0bc5d13028d14c1cfecf63acff7ca5713aab5b8bc1a6
jd_jq_audit,C:\Users\catkin\Documents\baseline_zhou\baseline_zhou-main\baseline_zhou-main\zhou_icf_mpc_constraint_audit_v1,results\coarse_scan\20260715_104605\cases\A_C10_017\metrics.csv,2524,2026-07-15T10:47:55.000,0a6f5b27d9bd53fe86a86ee8196920c06f2ad5d3a17acd6a7515df91aec984ac
jd_jq_audit,C:\Users\catkin\Documents\baseline_zhou\baseline_zhou-main\baseline_zhou-main\zhou_icf_mpc_constraint_audit_v1,results\coarse_scan\20260715_104605\cases\A_C10_018\configuration.csv,387,2026-07-15T10:47:55.000,8235ba41d56f90a1159c7c5fa8578501f062e2b53996845b6a38bd18bfb41396
jd_jq_audit,C:\Users\catkin\Documents\baseline_zhou\baseline_zhou-main\baseline_zhou-main\zhou_icf_mpc_constraint_audit_v1,results\coarse_scan\20260715_104605\cases\A_C10_018\metrics.csv,2528,2026-07-15T10:47:55.000,b15a4b6cf9c52a818f65506ddc9e27131f46e054c3f5e5e25907ed9210ef9af0
jd_jq_audit,C:\Users\catkin\Documents\baseline_zhou\baseline_zhou-main\baseline_zhou-main\zhou_icf_mpc_constraint_audit_v1,results\coarse_scan\20260715_104605\cases\A_C10_019\configuration.csv,387,2026-07-15T10:47:55.000,80448a9618bdf5fb676630e0e3c5130f8c202759a2a68339f8208accc631479b
jd_jq_audit,C:\Users\catkin\Documents\baseline_zhou\baseline_zhou-main\baseline_zhou-main\zhou_icf_mpc_constraint_audit_v1,results\coarse_scan\20260715_104605\cases\A_C10_019\metrics.csv,2556,2026-07-15T10:47:56.000,5ac96df721ab1049deddc01cc1d79762d9bb72a2a18fd56d99299e16cf4d83b5
jd_jq_audit,C:\Users\catkin\Documents\baseline_zhou\baseline_zhou-main\baseline_zhou-main\zhou_icf_mpc_constraint_audit_v1,results\coarse_scan\20260715_104605\cases\A_C10_020\configuration.csv,395,2026-07-15T10:47:56.000,88a7ebc12a402b14467976777d25bb7c7b97d6d6ce526dda2c15c580ef52f2d9
jd_jq_audit,C:\Users\catkin\Documents\baseline_zhou\baseline_zhou-main\baseline_zhou-main\zhou_icf_mpc_constraint_audit_v1,results\coarse_scan\20260715_104605\cases\A_C10_020\metrics.csv,2532,2026-07-15T10:47:56.000,187ee41be044747507f1562189f612a12d50abb8de90a6df686ec27c84783d44
jd_jq_audit,C:\Users\catkin\Documents\baseline_zhou\baseline_zhou-main\baseline_zhou-main\zhou_icf_mpc_constraint_audit_v1,results\coarse_scan\20260715_104605\cases\A_C10_021\configuration.csv,392,2026-07-15T10:47:56.000,af5ac13f6bfa79e607e2b799ec8ca7358cf765d6ff0d2d6b57b1ee12c9f02f32
jd_jq_audit,C:\Users\catkin\Documents\baseline_zhou\baseline_zhou-main\baseline_zhou-main\zhou_icf_mpc_constraint_audit_v1,results\coarse_scan\20260715_104605\cases\A_C10_021\metrics.csv,2545,2026-07-15T10:47:56.000,34cc82628154f5f1e3c1e5e4033a21178e23c9ecde5bbf07d62d679d2e438c72
jd_jq_audit,C:\Users\catkin\Documents\baseline_zhou\baseline_zhou-main\baseline_zhou-main\zhou_icf_mpc_constraint_audit_v1,results\coarse_scan\20260715_104605\cases\A_C10_022\configuration.csv,392,2026-07-15T10:47:56.000,6b2486ebaeca0dd518e08dae01d16e8e28aefec674b2034bfbd9ab19f953e600
jd_jq_audit,C:\Users\catkin\Documents\baseline_zhou\baseline_zhou-main\baseline_zhou-main\zhou_icf_mpc_constraint_audit_v1,results\coarse_scan\20260715_104605\cases\A_C10_022\metrics.csv,2539,2026-07-15T10:47:56.000,86ba374cf1cda4ec94fcf83fac9943a45df837742ce99070a07d7d85a4874d28
jd_jq_audit,C:\Users\catkin\Documents\baseline_zhou\baseline_zhou-main\baseline_zhou-main\zhou_icf_mpc_constraint_audit_v1,results\coarse_scan\20260715_104605\cases\A_C10_023\configuration.csv,392,2026-07-15T10:47:56.000,f159dbc7331bd3ef68a9ebe6748e741ef5305f796b3804ed2fc15c81c5f6083c
jd_jq_audit,C:\Users\catkin\Documents\baseline_zhou\baseline_zhou-main\baseline_zhou-main\zhou_icf_mpc_constraint_audit_v1,results\coarse_scan\20260715_104605\cases\A_C10_023\metrics.csv,2522,2026-07-15T10:47:56.000,89fb1886aea540ddaffd8c6db1d9db9cd608a1b2c7a388f491e54cec21b3f872
jd_jq_audit,C:\Users\catkin\Documents\baseline_zhou\baseline_zhou-main\baseline_zhou-main\zhou_icf_mpc_constraint_audit_v1,results\coarse_scan\20260715_104605\cases\A_C10_024\configuration.csv,387,2026-07-15T10:47:56.000,3a0139eb7bcca04823ebe361618e0222e0c8fb4e5e6492f246a873af4f782f8d
jd_jq_audit,C:\Users\catkin\Documents\baseline_zhou\baseline_zhou-main\baseline_zhou-main\zhou_icf_mpc_constraint_audit_v1,results\coarse_scan\20260715_104605\cases\A_C10_024\metrics.csv,2529,2026-07-15T10:47:57.000,26140997d111cb80ebbefee32a02629e6e8da2161f936666de422706c5206a75
jd_jq_audit,C:\Users\catkin\Documents\baseline_zhou\baseline_zhou-main\baseline_zhou-main\zhou_icf_mpc_constraint_audit_v1,results\coarse_scan\20260715_104605\cases\A_C10_025\configuration.csv,387,2026-07-15T10:47:57.000,77aa7848ce821efd6b70a8469cc0631c10633a93842873de4f300cbc8b3ef9d1
jd_jq_audit,C:\Users\catkin\Documents\baseline_zhou\baseline_zhou-main\baseline_zhou-main\zhou_icf_mpc_constraint_audit_v1,results\coarse_scan\20260715_104605\cases\A_C10_025\metrics.csv,2560,2026-07-15T10:47:57.000,e136e1e55b76d03859a3c0854a03c69c162de27588ae6f76d9779dde633dc380
jd_jq_audit,C:\Users\catkin\Documents\baseline_zhou\baseline_zhou-main\baseline_zhou-main\zhou_icf_mpc_constraint_audit_v1,results\coarse_scan\20260715_104605\cases\A_C10_026\configuration.csv,395,2026-07-15T10:47:57.000,c4980625836f6ea088a0b6f2c9890173699ef7c40c3dd7fb101478a650f43bb7
jd_jq_audit,C:\Users\catkin\Documents\baseline_zhou\baseline_zhou-main\baseline_zhou-main\zhou_icf_mpc_constraint_audit_v1,results\coarse_scan\20260715_104605\cases\A_C10_026\metrics.csv,2527,2026-07-15T10:47:57.000,71e6800ff97de888260667d5711e7e1d0f4b8eed2102412b9d8a4b159acd7e26
jd_jq_audit,C:\Users\catkin\Documents\baseline_zhou\baseline_zhou-main\baseline_zhou-main\zhou_icf_mpc_constraint_audit_v1,results\coarse_scan\20260715_104605\cases\A_C10_027\configuration.csv,392,2026-07-15T10:47:57.000,ab8b2bdf7413fc3e38cbfa2cb03e7dc4a6a5adcf5a45f016a82e849aa18bd41f
jd_jq_audit,C:\Users\catkin\Documents\baseline_zhou\baseline_zhou-main\baseline_zhou-main\zhou_icf_mpc_constraint_audit_v1,results\coarse_scan\20260715_104605\cases\A_C10_027\metrics.csv,2542,2026-07-15T10:47:57.000,ceeb6b8e5b56f781119ef82b54615d22cf5a077279fd18ceec18af382f3240c5
jd_jq_audit,C:\Users\catkin\Documents\baseline_zhou\baseline_zhou-main\baseline_zhou-main\zhou_icf_mpc_constraint_audit_v1,results\coarse_scan\20260715_104605\cases\A_C10_028\configuration.csv,392,2026-07-15T10:47:57.000,5bb7ea23a262eb1300ab66f2bb73f006e65bbe49ddbf900a0be2f2319f0935be
jd_jq_audit,C:\Users\catkin\Documents\baseline_zhou\baseline_zhou-main\baseline_zhou-main\zhou_icf_mpc_constraint_audit_v1,results\coarse_scan\20260715_104605\cases\A_C10_028\metrics.csv,2533,2026-07-15T10:47:57.000,73c5861d4625162c12d61fbcf3438ca5c84cdd1f29a438256f1e78d98c8e0770
jd_jq_audit,C:\Users\catkin\Documents\baseline_zhou\baseline_zhou-main\baseline_zhou-main\zhou_icf_mpc_constraint_audit_v1,results\coarse_scan\20260715_104605\cases\A_C10_029\configuration.csv,392,2026-07-15T10:47:57.000,18fea931c3751686ca8a570d39428247713da1e8295facdc5e1e7c630e76181f
jd_jq_audit,C:\Users\catkin\Documents\baseline_zhou\baseline_zhou-main\baseline_zhou-main\zhou_icf_mpc_constraint_audit_v1,results\coarse_scan\20260715_104605\cases\A_C10_029\metrics.csv,2522,2026-07-15T10:47:57.000,0b1f8db1e0132fb9593d1569e49b567c7f5c6cc1cb78c663c8da67a729b3f344
jd_jq_audit,C:\Users\catkin\Documents\baseline_zhou\baseline_zhou-main\baseline_zhou-main\zhou_icf_mpc_constraint_audit_v1,results\coarse_scan\20260715_104605\cases\A_C10_030\configuration.csv,387,2026-07-15T10:47:57.000,1e47422b8fb85c7679ce45d7b9b12b49f866a6b2bd29f479097b67b3710477b3
jd_jq_audit,C:\Users\catkin\Documents\baseline_zhou\baseline_zhou-main\baseline_zhou-main\zhou_icf_mpc_constraint_audit_v1,results\coarse_scan\20260715_104605\cases\A_C10_030\metrics.csv,2509,2026-07-15T10:47:58.000,9ffc0cc2d4fc1f60cd579e86e6c524ccc29b43105d7b65a5df22a37a03b3297f
jd_jq_audit,C:\Users\catkin\Documents\baseline_zhou\baseline_zhou-main\baseline_zhou-main\zhou_icf_mpc_constraint_audit_v1,results\coarse_scan\20260715_104605\cases\A_C10_031\configuration.csv,382,2026-07-15T10:47:58.000,5568b30824c02a4dad96af4bc2842b84d638db5ffa9e9de86a9edddf1ac93997
jd_jq_audit,C:\Users\catkin\Documents\baseline_zhou\baseline_zhou-main\baseline_zhou-main\zhou_icf_mpc_constraint_audit_v1,results\coarse_scan\20260715_104605\cases\A_C10_031\metrics.csv,2552,2026-07-15T10:47:58.000,ae784bece5c2330f98dfb26ca72d8523d769118279bf31d5cb152c72257ef1cd
jd_jq_audit,C:\Users\catkin\Documents\baseline_zhou\baseline_zhou-main\baseline_zhou-main\zhou_icf_mpc_constraint_audit_v1,results\coarse_scan\20260715_104605\cases\A_C10_032\configuration.csv,390,2026-07-15T10:47:58.000,629396da7a338d88775d3dfab2473db5c9cb17999473a678faa50f8fcee3edca
jd_jq_audit,C:\Users\catkin\Documents\baseline_zhou\baseline_zhou-main\baseline_zhou-main\zhou_icf_mpc_constraint_audit_v1,results\coarse_scan\20260715_104605\cases\A_C10_032\metrics.csv,2545,2026-07-15T10:47:58.000,a971110da53f18120e4d34073ff745c9cf55b374d0b6e0fa603388241e44d4a2
jd_jq_audit,C:\Users\catkin\Documents\baseline_zhou\baseline_zhou-main\baseline_zhou-main\zhou_icf_mpc_constraint_audit_v1,results\coarse_scan\20260715_104605\cases\A_C10_033\configuration.csv,387,2026-07-15T10:47:58.000,f3e66109efd972b012d7720d8a64d505b3606534318dc8e5bc68b5131e6cc8c3
jd_jq_audit,C:\Users\catkin\Documents\baseline_zhou\baseline_zhou-main\baseline_zhou-main\zhou_icf_mpc_constraint_audit_v1,results\coarse_scan\20260715_104605\cases\A_C10_033\metrics.csv,2539,2026-07-15T10:47:59.000,758e7f0f979f3afd2d70afb290d73d612fcef66fbcccf1796ff35d0fe54a67f2
jd_jq_audit,C:\Users\catkin\Documents\baseline_zhou\baseline_zhou-main\baseline_zhou-main\zhou_icf_mpc_constraint_audit_v1,results\coarse_scan\20260715_104605\cases\A_C10_034\configuration.csv,387,2026-07-15T10:47:59.000,4bea9559831972680ff5f33648b255f10a42f9b5cd338a3760f69aa527f07b71
jd_jq_audit,C:\Users\catkin\Documents\baseline_zhou\baseline_zhou-main\baseline_zhou-main\zhou_icf_mpc_constraint_audit_v1,results\coarse_scan\20260715_104605\cases\A_C10_034\metrics.csv,2533,2026-07-15T10:47:59.000,bcfc0f3fca22888721183890befffb4215ec7846668cd6233da77acaf839730e
jd_jq_audit,C:\Users\catkin\Documents\baseline_zhou\baseline_zhou-main\baseline_zhou-main\zhou_icf_mpc_constraint_audit_v1,results\coarse_scan\20260715_104605\cases\A_C10_035\configuration.csv,387,2026-07-15T10:47:59.000,a149345695300c1d9fb8cd050b833da556c31a315a8a5df18cd79a5bc7ddddaf
jd_jq_audit,C:\Users\catkin\Documents\baseline_zhou\baseline_zhou-main\baseline_zhou-main\zhou_icf_mpc_constraint_audit_v1,results\coarse_scan\20260715_104605\cases\A_C10_035\metrics.csv,2509,2026-07-15T10:47:59.000,64754d56eab1fbfeb7714239b0102fc2c23a0d5fbc1c4ba4847e2a742c0b5b4c
jd_jq_audit,C:\Users\catkin\Documents\baseline_zhou\baseline_zhou-main\baseline_zhou-main\zhou_icf_mpc_constraint_audit_v1,results\coarse_scan\20260715_104605\cases\A_C10_036\configuration.csv,382,2026-07-15T10:47:59.000,edf3e7882b1ff85a20ad0033055bb2c8847ca21560ae337b324941cfc1585f14
jd_jq_audit,C:\Users\catkin\Documents\baseline_zhou\baseline_zhou-main\baseline_zhou-main\zhou_icf_mpc_constraint_audit_v1,results\coarse_scan\20260715_104605\cases\A_C10_036\metrics.csv,2491,2026-07-15T10:47:59.000,6f144b3eee1a03843734eeae615574f87addd9b6c6b3e79062aee108b602cebf
jd_jq_audit,C:\Users\catkin\Documents\baseline_zhou\baseline_zhou-main\baseline_zhou-main\zhou_icf_mpc_constraint_audit_v1,results\coarse_scan\20260715_104605\cases\A_C11_001\configuration.csv,400,2026-07-15T10:47:59.000,d49ab2e1b4598a39960946b87f34c84d6066bbab9bdd71ab4478955151167eed
jd_jq_audit,C:\Users\catkin\Documents\baseline_zhou\baseline_zhou-main\baseline_zhou-main\zhou_icf_mpc_constraint_audit_v1,results\coarse_scan\20260715_104605\cases\A_C11_001\metrics.csv,2590,2026-07-15T10:47:59.000,faf3aa918f0292583dbe0ccb49b529815631c17118604ad9faade77dabff8a9c
jd_jq_audit,C:\Users\catkin\Documents\baseline_zhou\baseline_zhou-main\baseline_zhou-main\zhou_icf_mpc_constraint_audit_v1,results\coarse_scan\20260715_104605\cases\A_C11_002\configuration.csv,408,2026-07-15T10:47:59.000,8ab57522ae0d272591d20ed49cd4dc93f7e2da0c7f11ba49a883340baf4182d1
jd_jq_audit,C:\Users\catkin\Documents\baseline_zhou\baseline_zhou-main\baseline_zhou-main\zhou_icf_mpc_constraint_audit_v1,results\coarse_scan\20260715_104605\cases\A_C11_002\metrics.csv,2554,2026-07-15T10:48:00.000,86c4b02f176a41005febc6c8047e499d06be53b9c0a24bbc5ddfa375ddb47da8
jd_jq_audit,C:\Users\catkin\Documents\baseline_zhou\baseline_zhou-main\baseline_zhou-main\zhou_icf_mpc_constraint_audit_v1,results\coarse_scan\20260715_104605\cases\A_C11_003\configuration.csv,405,2026-07-15T10:48:00.000,9132632cf30ad627d3b27208bb8170bcc09452b3481385e220f884e6354cd77a
jd_jq_audit,C:\Users\catkin\Documents\baseline_zhou\baseline_zhou-main\baseline_zhou-main\zhou_icf_mpc_constraint_audit_v1,results\coarse_scan\20260715_104605\cases\A_C11_003\metrics.csv,2547,2026-07-15T10:48:00.000,987da423d750fabd7c635d9e97800239966186da70567e40448db234d6f98135
jd_jq_audit,C:\Users\catkin\Documents\baseline_zhou\baseline_zhou-main\baseline_zhou-main\zhou_icf_mpc_constraint_audit_v1,results\coarse_scan\20260715_104605\cases\A_C11_004\configuration.csv,405,2026-07-15T10:48:00.000,8e5e77373aec72b2a1df80ba532aa8808264e5a4145f8ae668f0387ee0d1d276
jd_jq_audit,C:\Users\catkin\Documents\baseline_zhou\baseline_zhou-main\baseline_zhou-main\zhou_icf_mpc_constraint_audit_v1,results\coarse_scan\20260715_104605\cases\A_C11_004\metrics.csv,2533,2026-07-15T10:48:00.000,991661b7333f7fb88113dcfd5dbdaefeb9a883cbb71de90a602f968814d4661b
jd_jq_audit,C:\Users\catkin\Documents\baseline_zhou\baseline_zhou-main\baseline_zhou-main\zhou_icf_mpc_constraint_audit_v1,results\coarse_scan\20260715_104605\cases\A_C11_005\configuration.csv,405,2026-07-15T10:48:00.000,a8b1e6609385cf71183d7d36adc8241950abf9d79d362a0d22dda54ff7372caf
jd_jq_audit,C:\Users\catkin\Documents\baseline_zhou\baseline_zhou-main\baseline_zhou-main\zhou_icf_mpc_constraint_audit_v1,results\coarse_scan\20260715_104605\cases\A_C11_005\metrics.csv,2560,2026-07-15T10:48:01.000,e0b92452741dfb4ef87928e197556a19db587e97c1ac1791b71b0c256ed0f879
jd_jq_audit,C:\Users\catkin\Documents\baseline_zhou\baseline_zhou-main\baseline_zhou-main\zhou_icf_mpc_constraint_audit_v1,results\coarse_scan\20260715_104605\cases\A_C11_006\configuration.csv,400,2026-07-15T10:48:01.000,87ecb2674a5fab3eabe5cb08526133dd7ee658c412c6de5c8da69fe992b91d85
jd_jq_audit,C:\Users\catkin\Documents\baseline_zhou\baseline_zhou-main\baseline_zhou-main\zhou_icf_mpc_constraint_audit_v1,results\coarse_scan\20260715_104605\cases\A_C11_006\metrics.csv,2553,2026-07-15T10:48:01.000,53e03d580fee4507a0c8146d3f79854ffe4b52ddef86b71147f0d08bb00d645d
jd_jq_audit,C:\Users\catkin\Documents\baseline_zhou\baseline_zhou-main\baseline_zhou-main\zhou_icf_mpc_constraint_audit_v1,results\coarse_scan\20260715_104605\cases\A_C11_007\configuration.csv,400,2026-07-15T10:48:01.000,1edd49e24f27a4f1b9e0019fd1bf81d0fb48fb4f6dbeb3546b55b0c0bf1a18b7
jd_jq_audit,C:\Users\catkin\Documents\baseline_zhou\baseline_zhou-main\baseline_zhou-main\zhou_icf_mpc_constraint_audit_v1,results\coarse_scan\20260715_104605\cases\A_C11_007\metrics.csv,2591,2026-07-15T10:48:01.000,e3a6e5c88cd75aa4bf1626aa938d0ffd4cc04cb2f2da50fdb58529e4c01fc697
jd_jq_audit,C:\Users\catkin\Documents\baseline_zhou\baseline_zhou-main\baseline_zhou-main\zhou_icf_mpc_constraint_audit_v1,results\coarse_scan\20260715_104605\cases\A_C11_008\configuration.csv,408,2026-07-15T10:48:01.000,5600af1f1fb25ee1fae67855d7e51e959db83292e462a31cd32a965efe893c53
jd_jq_audit,C:\Users\catkin\Documents\baseline_zhou\baseline_zhou-main\baseline_zhou-main\zhou_icf_mpc_constraint_audit_v1,results\coarse_scan\20260715_104605\cases\A_C11_008\metrics.csv,2549,2026-07-15T10:48:02.000,2bc46c0e2a3dc0e1090265f2a47ad4be3d58aa9e386eb97a81686c28d2c6deae
jd_jq_audit,C:\Users\catkin\Documents\baseline_zhou\baseline_zhou-main\baseline_zhou-main\zhou_icf_mpc_constraint_audit_v1,results\coarse_scan\20260715_104605\cases\A_C11_009\configuration.csv,405,2026-07-15T10:48:02.000,5f80bf7da0856771bfd97d90347534629492d121b3049bee2a3c83aa01663327
jd_jq_audit,C:\Users\catkin\Documents\baseline_zhou\baseline_zhou-main\baseline_zhou-main\zhou_icf_mpc_constraint_audit_v1,results\coarse_scan\20260715_104605\cases\A_C11_009\metrics.csv,2532,2026-07-15T10:48:02.000,6b01a72fd93ef39f2a82eef80f68cf38553dd04d4aa999d93a2b18e61c5215c3
jd_jq_audit,C:\Users\catkin\Documents\baseline_zhou\baseline_zhou-main\baseline_zhou-main\zhou_icf_mpc_constraint_audit_v1,results\coarse_scan\20260715_104605\cases\A_C11_010\configuration.csv,405,2026-07-15T10:48:02.000,86e8bc65ca6ca11c6ad8120ab4fb31aedb5d6248f93abdb0e58e972153111251
jd_jq_audit,C:\Users\catkin\Documents\baseline_zhou\baseline_zhou-main\baseline_zhou-main\zhou_icf_mpc_constraint_audit_v1,results\coarse_scan\20260715_104605\cases\A_C11_010\metrics.csv,2534,2026-07-15T10:48:02.000,4d20377fd0a6d9dd872560829fa407537023ed726c7c7dbc2745b12f67701f0a
jd_jq_audit,C:\Users\catkin\Documents\baseline_zhou\baseline_zhou-main\baseline_zhou-main\zhou_icf_mpc_constraint_audit_v1,results\coarse_scan\20260715_104605\cases\A_C11_011\configuration.csv,405,2026-07-15T10:48:02.000,bbfccdd997fce157df950f9e406625ad8e10925a6705b0faa8c945ea4efa120b
jd_jq_audit,C:\Users\catkin\Documents\baseline_zhou\baseline_zhou-main\baseline_zhou-main\zhou_icf_mpc_constraint_audit_v1,results\coarse_scan\20260715_104605\cases\A_C11_011\metrics.csv,2553,2026-07-15T10:48:03.000,d1d78904aa70f79208949fd0cd223d4119000c7864c1e8bed142047b3d31a8d8
jd_jq_audit,C:\Users\catkin\Documents\baseline_zhou\baseline_zhou-main\baseline_zhou-main\zhou_icf_mpc_constraint_audit_v1,results\coarse_scan\20260715_104605\cases\A_C11_012\configuration.csv,400,2026-07-15T10:48:03.000,10d70306d19ccbaa6ee7a5d145490deaec7006cffbd702c9121ea23ab3cc1298
jd_jq_audit,C:\Users\catkin\Documents\baseline_zhou\baseline_zhou-main\baseline_zhou-main\zhou_icf_mpc_constraint_audit_v1,results\coarse_scan\20260715_104605\cases\A_C11_012\metrics.csv,2542,2026-07-15T10:48:03.000,1c50bde5a10b787110a45d645b38d54a4a2b121bb596385c64569f3026cc1d22
jd_jq_audit,C:\Users\catkin\Documents\baseline_zhou\baseline_zhou-main\baseline_zhou-main\zhou_icf_mpc_constraint_audit_v1,results\coarse_scan\20260715_104605\cases\A_C11_013\configuration.csv,400,2026-07-15T10:48:03.000,d6714cd814b5dfb0d714a9da8a69979794d5438096f75e85387c678f8dee4a7b
jd_jq_audit,C:\Users\catkin\Documents\baseline_zhou\baseline_zhou-main\baseline_zhou-main\zhou_icf_mpc_constraint_audit_v1,results\coarse_scan\20260715_104605\cases\A_C11_013\metrics.csv,2582,2026-07-15T10:48:03.000,96d84541a599cec6f518d14e896014fbd2cf9065fd544bc8cb24e0cd61ebee33
jd_jq_audit,C:\Users\catkin\Documents\baseline_zhou\baseline_zhou-main\baseline_zhou-main\zhou_icf_mpc_constraint_audit_v1,results\coarse_scan\20260715_104605\cases\A_C11_014\configuration.csv,408,2026-07-15T10:48:03.000,37e7953426ac6b861f31d6e7c1150a5f2d0fa8db711c340ad33000e2490c4c5e
jd_jq_audit,C:\Users\catkin\Documents\baseline_zhou\baseline_zhou-main\baseline_zhou-main\zhou_icf_mpc_constraint_audit_v1,results\coarse_scan\20260715_104605\cases\A_C11_014\metrics.csv,2553,2026-07-15T10:48:04.000,01b7363f7f9a25360f9a8d00afbb8a1054f998d6a29d78978574df992749c5a0
jd_jq_audit,C:\Users\catkin\Documents\baseline_zhou\baseline_zhou-main\baseline_zhou-main\zhou_icf_mpc_constraint_audit_v1,results\coarse_scan\20260715_104605\cases\A_C11_015\configuration.csv,405,2026-07-15T10:48:04.000,096f61df7073c7485e105a5c105a85d8e836a34ae0beff5baa4d608f7cbe77f3
jd_jq_audit,C:\Users\catkin\Documents\baseline_zhou\baseline_zhou-main\baseline_zhou-main\zhou_icf_mpc_constraint_audit_v1,results\coarse_scan\20260715_104605\cases\A_C11_015\metrics.csv,2546,2026-07-15T10:48:04.000,65bc26222114d8f09666ed8623525eed856677a69a404c6a3079f17b5a1a53e6
jd_jq_audit,C:\Users\catkin\Documents\baseline_zhou\baseline_zhou-main\baseline_zhou-main\zhou_icf_mpc_constraint_audit_v1,results\coarse_scan\20260715_104605\cases\A_C11_016\configuration.csv,405,2026-07-15T10:48:04.000,671d217ec9d872641002ce02e4ecd560a8de82110ea48aeff0b3d6f4218c0a8e
jd_jq_audit,C:\Users\catkin\Documents\baseline_zhou\baseline_zhou-main\baseline_zhou-main\zhou_icf_mpc_constraint_audit_v1,results\coarse_scan\20260715_104605\cases\A_C11_016\metrics.csv,2537,2026-07-15T10:48:04.000,34be4728eee69d5edc5ff2d8c39a76df9852833ae5b2b44c243b4e3b1b4474b6
jd_jq_audit,C:\Users\catkin\Documents\baseline_zhou\baseline_zhou-main\baseline_zhou-main\zhou_icf_mpc_constraint_audit_v1,results\coarse_scan\20260715_104605\cases\A_C11_017\configuration.csv,405,2026-07-15T10:48:04.000,96df67a91bedbbdcfcd8b059a4e470ea9291342678ceba81d8ad76345bd55715
jd_jq_audit,C:\Users\catkin\Documents\baseline_zhou\baseline_zhou-main\baseline_zhou-main\zhou_icf_mpc_constraint_audit_v1,results\coarse_scan\20260715_104605\cases\A_C11_017\metrics.csv,2544,2026-07-15T10:48:05.000,dbd435a4544a5d823c98b77eb75fd0cc0e3987381c409bc8464f1415399d9b3e
jd_jq_audit,C:\Users\catkin\Documents\baseline_zhou\baseline_zhou-main\baseline_zhou-main\zhou_icf_mpc_constraint_audit_v1,results\coarse_scan\20260715_104605\cases\A_C11_018\configuration.csv,400,2026-07-15T10:48:05.000,006f400b0bb1cba0d80a371cbca7e35514a5a6ab6c9a02f69cc6f261e1c0f4e1
jd_jq_audit,C:\Users\catkin\Documents\baseline_zhou\baseline_zhou-main\baseline_zhou-main\zhou_icf_mpc_constraint_audit_v1,results\coarse_scan\20260715_104605\cases\A_C11_018\metrics.csv,2540,2026-07-15T10:48:05.000,e5be8c766c8b1d3eb57962780ebd2e03440888d4b3f238957feb8ecc8215096c
jd_jq_audit,C:\Users\catkin\Documents\baseline_zhou\baseline_zhou-main\baseline_zhou-main\zhou_icf_mpc_constraint_audit_v1,results\coarse_scan\20260715_104605\cases\A_C11_019\configuration.csv,400,2026-07-15T10:48:05.000,9a3d83781d51817a4bb74dbdd1e0810dc9f8326062bad00f98035f64b7d5376d
jd_jq_audit,C:\Users\catkin\Documents\baseline_zhou\baseline_zhou-main\baseline_zhou-main\zhou_icf_mpc_constraint_audit_v1,results\coarse_scan\20260715_104605\cases\A_C11_019\metrics.csv,2580,2026-07-15T10:48:05.000,8dee0a1188bfb3de359887efc565433bb7db1cd3050796946a9f720b2e53b11c
jd_jq_audit,C:\Users\catkin\Documents\baseline_zhou\baseline_zhou-main\baseline_zhou-main\zhou_icf_mpc_constraint_audit_v1,results\coarse_scan\20260715_104605\cases\A_C11_020\configuration.csv,408,2026-07-15T10:48:05.000,2919ce55fe85936ff9d3ae70b17cf077517c3d33f7493cef8b516a1bb24f2f53
jd_jq_audit,C:\Users\catkin\Documents\baseline_zhou\baseline_zhou-main\baseline_zhou-main\zhou_icf_mpc_constraint_audit_v1,results\coarse_scan\20260715_104605\cases\A_C11_020\metrics.csv,2550,2026-07-15T10:48:06.000,95045f02971d0bbca13caf362cea349fea7ccd7cfe813a3869b1b3c3d246c5e5
jd_jq_audit,C:\Users\catkin\Documents\baseline_zhou\baseline_zhou-main\baseline_zhou-main\zhou_icf_mpc_constraint_audit_v1,results\coarse_scan\20260715_104605\cases\A_C11_021\configuration.csv,405,2026-07-15T10:48:06.000,d516752d449215ef8907e702ecda78e1579de9e8da1a97b15d81942fbb3984b5
jd_jq_audit,C:\Users\catkin\Documents\baseline_zhou\baseline_zhou-main\baseline_zhou-main\zhou_icf_mpc_constraint_audit_v1,results\coarse_scan\20260715_104605\cases\A_C11_021\metrics.csv,2542,2026-07-15T10:48:06.000,70557115d9e0ea3948ea6d0f801723d57a2d9f39e35035270a316088e72de8aa
jd_jq_audit,C:\Users\catkin\Documents\baseline_zhou\baseline_zhou-main\baseline_zhou-main\zhou_icf_mpc_constraint_audit_v1,results\coarse_scan\20260715_104605\cases\A_C11_022\configuration.csv,405,2026-07-15T10:48:06.000,9ede1985ce708bf8a8d1106dce5de504582d0f6697c9eb29823c8192919962f2
jd_jq_audit,C:\Users\catkin\Documents\baseline_zhou\baseline_zhou-main\baseline_zhou-main\zhou_icf_mpc_constraint_audit_v1,results\coarse_scan\20260715_104605\cases\A_C11_022\metrics.csv,2510,2026-07-15T10:48:06.000,63af2a91336b3cd6ce4f1b6e0419a72823b134d49527efcc12d6a6e873c2c596
jd_jq_audit,C:\Users\catkin\Documents\baseline_zhou\baseline_zhou-main\baseline_zhou-main\zhou_icf_mpc_constraint_audit_v1,results\coarse_scan\20260715_104605\cases\A_C11_023\configuration.csv,405,2026-07-15T10:48:06.000,947fb0d8b68cb296d768805c8de6cb81ce798fee02559709aae07aa6735cfc09
jd_jq_audit,C:\Users\catkin\Documents\baseline_zhou\baseline_zhou-main\baseline_zhou-main\zhou_icf_mpc_constraint_audit_v1,results\coarse_scan\20260715_104605\cases\A_C11_023\metrics.csv,2554,2026-07-15T10:48:06.000,18127f16441b4f4076adfb0612b03623a8a0d877669bfeed130da5f67c9567df
jd_jq_audit,C:\Users\catkin\Documents\baseline_zhou\baseline_zhou-main\baseline_zhou-main\zhou_icf_mpc_constraint_audit_v1,results\coarse_scan\20260715_104605\cases\A_C11_024\configuration.csv,400,2026-07-15T10:48:06.000,b526321bf27e77d625a66f6b378188f6ae2369e0c295b120350000c9c60896c2
jd_jq_audit,C:\Users\catkin\Documents\baseline_zhou\baseline_zhou-main\baseline_zhou-main\zhou_icf_mpc_constraint_audit_v1,results\coarse_scan\20260715_104605\cases\A_C11_024\metrics.csv,2545,2026-07-15T10:48:07.000,a56b419da81424591284768a304b9cee9265a6dc34f0b27966e68732216b1bbe
jd_jq_audit,C:\Users\catkin\Documents\baseline_zhou\baseline_zhou-main\baseline_zhou-main\zhou_icf_mpc_constraint_audit_v1,results\coarse_scan\20260715_104605\cases\A_C11_025\configuration.csv,400,2026-07-15T10:48:07.000,818ff6ed4576a8101a62a622767dfcb150a90709542930f7d4ff4f767d24c419
jd_jq_audit,C:\Users\catkin\Documents\baseline_zhou\baseline_zhou-main\baseline_zhou-main\zhou_icf_mpc_constraint_audit_v1,results\coarse_scan\20260715_104605\cases\A_C11_025\metrics.csv,2579,2026-07-15T10:48:07.000,2e73d8fa61e649451300499751fe3ac0aa51aa456b1569e75958901d918cd395
jd_jq_audit,C:\Users\catkin\Documents\baseline_zhou\baseline_zhou-main\baseline_zhou-main\zhou_icf_mpc_constraint_audit_v1,results\coarse_scan\20260715_104605\cases\A_C11_026\configuration.csv,408,2026-07-15T10:48:07.000,51693368417c6732eef6f49ef32c327c8ee51cf1182edf871356ad601092c821
jd_jq_audit,C:\Users\catkin\Documents\baseline_zhou\baseline_zhou-main\baseline_zhou-main\zhou_icf_mpc_constraint_audit_v1,results\coarse_scan\20260715_104605\cases\A_C11_026\metrics.csv,2529,2026-07-15T10:48:07.000,95ee3216b10280f7b6ffebfc913e86df0708b7ad2ff273591a2569a104a036e4
jd_jq_audit,C:\Users\catkin\Documents\baseline_zhou\baseline_zhou-main\baseline_zhou-main\zhou_icf_mpc_constraint_audit_v1,results\coarse_scan\20260715_104605\cases\A_C11_027\configuration.csv,405,2026-07-15T10:48:07.000,d1f9219e7a6309d28460e400957bde262c13350db9e368adc96e7d4a75980565
jd_jq_audit,C:\Users\catkin\Documents\baseline_zhou\baseline_zhou-main\baseline_zhou-main\zhou_icf_mpc_constraint_audit_v1,results\coarse_scan\20260715_104605\cases\A_C11_027\metrics.csv,2526,2026-07-15T10:48:08.000,6424f7efaf98fe1cb1619e03d996f18d09cab763e3b4a3c240b09004591afc9f
jd_jq_audit,C:\Users\catkin\Documents\baseline_zhou\baseline_zhou-main\baseline_zhou-main\zhou_icf_mpc_constraint_audit_v1,results\coarse_scan\20260715_104605\cases\A_C11_028\configuration.csv,405,2026-07-15T10:48:08.000,e54d5dd9031079a4d80d8fd0c0eddd266786ac690fe9967c3159039d39bd85f3
jd_jq_audit,C:\Users\catkin\Documents\baseline_zhou\baseline_zhou-main\baseline_zhou-main\zhou_icf_mpc_constraint_audit_v1,results\coarse_scan\20260715_104605\cases\A_C11_028\metrics.csv,2508,2026-07-15T10:48:08.000,241cfe05ffdab77e33c5e54fb3793f236ba4d49fcfc48fd0690cf21be3190d1a
jd_jq_audit,C:\Users\catkin\Documents\baseline_zhou\baseline_zhou-main\baseline_zhou-main\zhou_icf_mpc_constraint_audit_v1,results\coarse_scan\20260715_104605\cases\A_C11_029\configuration.csv,405,2026-07-15T10:48:08.000,d7cee94052563509d54c09fdbed70fc6c2a72b8ca802d26c05a8c01c856504c7
jd_jq_audit,C:\Users\catkin\Documents\baseline_zhou\baseline_zhou-main\baseline_zhou-main\zhou_icf_mpc_constraint_audit_v1,results\coarse_scan\20260715_104605\cases\A_C11_029\metrics.csv,2551,2026-07-15T10:48:08.000,0f8e88f72f2e9f2be0fcf632869a908d98e8bc5ed34b7038d1a66d68e650bde0
jd_jq_audit,C:\Users\catkin\Documents\baseline_zhou\baseline_zhou-main\baseline_zhou-main\zhou_icf_mpc_constraint_audit_v1,results\coarse_scan\20260715_104605\cases\A_C11_030\configuration.csv,400,2026-07-15T10:48:08.000,6ace64ef86533312afc4f52e2ccc511bfe191e4fde99d92b0beaf133ffb4e297
jd_jq_audit,C:\Users\catkin\Documents\baseline_zhou\baseline_zhou-main\baseline_zhou-main\zhou_icf_mpc_constraint_audit_v1,results\coarse_scan\20260715_104605\cases\A_C11_030\metrics.csv,2544,2026-07-15T10:48:09.000,330dc2989c0661f94ae28e9ac4b93365cb35a0256b0762cc7f0a7e3294d5b3a7
jd_jq_audit,C:\Users\catkin\Documents\baseline_zhou\baseline_zhou-main\baseline_zhou-main\zhou_icf_mpc_constraint_audit_v1,results\coarse_scan\20260715_104605\cases\A_C11_031\configuration.csv,395,2026-07-15T10:48:09.000,2f6d413f5e5738f0e11d7a3fc6c8570299246b730564c241f4893d058ff8f27e
jd_jq_audit,C:\Users\catkin\Documents\baseline_zhou\baseline_zhou-main\baseline_zhou-main\zhou_icf_mpc_constraint_audit_v1,results\coarse_scan\20260715_104605\cases\A_C11_031\metrics.csv,2467,2026-07-15T10:48:09.000,6f818ab0805b8a8ae693fcf6ba99c0a9a54fb8dad420f90f828756b71c35c3f5
jd_jq_audit,C:\Users\catkin\Documents\baseline_zhou\baseline_zhou-main\baseline_zhou-main\zhou_icf_mpc_constraint_audit_v1,results\coarse_scan\20260715_104605\cases\A_C11_032\configuration.csv,403,2026-07-15T10:48:09.000,14825b22408b61f8cddc4d558e3ee13b4f51a3e2df43974347f4b2aec35bbd5e
jd_jq_audit,C:\Users\catkin\Documents\baseline_zhou\baseline_zhou-main\baseline_zhou-main\zhou_icf_mpc_constraint_audit_v1,results\coarse_scan\20260715_104605\cases\A_C11_032\metrics.csv,2520,2026-07-15T10:48:09.000,f2b10d37e40a910df4ea8d6ce32d9fe12f9398d7a2f0512569150fdeff59d92e
jd_jq_audit,C:\Users\catkin\Documents\baseline_zhou\baseline_zhou-main\baseline_zhou-main\zhou_icf_mpc_constraint_audit_v1,results\coarse_scan\20260715_104605\cases\A_C11_033\configuration.csv,400,2026-07-15T10:48:09.000,2c186f3183101a35152e8f2085c13719c5a991403ee8368bbd0b7619d404b75b
jd_jq_audit,C:\Users\catkin\Documents\baseline_zhou\baseline_zhou-main\baseline_zhou-main\zhou_icf_mpc_constraint_audit_v1,results\coarse_scan\20260715_104605\cases\A_C11_033\metrics.csv,2520,2026-07-15T10:48:10.000,fac46056e4725e1558617318cf7ef220aff52218394f8ced5b749aec201bb0f7
jd_jq_audit,C:\Users\catkin\Documents\baseline_zhou\baseline_zhou-main\baseline_zhou-main\zhou_icf_mpc_constraint_audit_v1,results\coarse_scan\20260715_104605\cases\A_C11_034\configuration.csv,400,2026-07-15T10:48:10.000,7aa83ff803fe1519565bbb22224b4655da2a594b7717dd592446725533bab050
jd_jq_audit,C:\Users\catkin\Documents\baseline_zhou\baseline_zhou-main\baseline_zhou-main\zhou_icf_mpc_constraint_audit_v1,results\coarse_scan\20260715_104605\cases\A_C11_034\metrics.csv,2511,2026-07-15T10:48:10.000,b8130f9d5033b22333c91af56097911a07df20cc3a0196334704c1335a66056f
jd_jq_audit,C:\Users\catkin\Documents\baseline_zhou\baseline_zhou-main\baseline_zhou-main\zhou_icf_mpc_constraint_audit_v1,results\coarse_scan\20260715_104605\cases\A_C11_035\configuration.csv,400,2026-07-15T10:48:10.000,088f013bc366d2772348fda02350e5f9690b95207bb3c4bf5e8b0579ba9ee8b9
jd_jq_audit,C:\Users\catkin\Documents\baseline_zhou\baseline_zhou-main\baseline_zhou-main\zhou_icf_mpc_constraint_audit_v1,results\coarse_scan\20260715_104605\cases\A_C11_035\metrics.csv,2541,2026-07-15T10:48:11.000,5b5ef38b53588a5a5acc440617ad0ea417d5547802f8d2285560b7f09ff18869
jd_jq_audit,C:\Users\catkin\Documents\baseline_zhou\baseline_zhou-main\baseline_zhou-main\zhou_icf_mpc_constraint_audit_v1,results\coarse_scan\20260715_104605\cases\A_C11_036\configuration.csv,395,2026-07-15T10:48:11.000,6f750749b15131023bdbcd6a6ec83535e006dc8a418ba38ac6111314b7365406
jd_jq_audit,C:\Users\catkin\Documents\baseline_zhou\baseline_zhou-main\baseline_zhou-main\zhou_icf_mpc_constraint_audit_v1,results\coarse_scan\20260715_104605\cases\A_C11_036\metrics.csv,2519,2026-07-15T10:48:11.000,3781e6a873119c66114b992da86e1a8eaef7ed48744fdd6b351410d3801f54d2
jd_jq_audit,C:\Users\catkin\Documents\baseline_zhou\baseline_zhou-main\baseline_zhou-main\zhou_icf_mpc_constraint_audit_v1,results\coarse_scan\20260715_104605\cases\A_C12_001\configuration.csv,384,2026-07-15T10:48:11.000,ce544f8b0519797536c13fcab3a70698307b7b3460f23d0ea8caccf0a7f9ffea
jd_jq_audit,C:\Users\catkin\Documents\baseline_zhou\baseline_zhou-main\baseline_zhou-main\zhou_icf_mpc_constraint_audit_v1,results\coarse_scan\20260715_104605\cases\A_C12_001\metrics.csv,2474,2026-07-15T10:48:11.000,1a3f36d4daf0ddf7b28969ca47388df3f34b3a511a27812a509018f2ab43b409
jd_jq_audit,C:\Users\catkin\Documents\baseline_zhou\baseline_zhou-main\baseline_zhou-main\zhou_icf_mpc_constraint_audit_v1,results\coarse_scan\20260715_104605\cases\A_C12_002\configuration.csv,392,2026-07-15T10:48:11.000,4252fe52f9a0d2f73ae96e73b2ccd773800e8657f90dfe4b3d87b267fb19f632
jd_jq_audit,C:\Users\catkin\Documents\baseline_zhou\baseline_zhou-main\baseline_zhou-main\zhou_icf_mpc_constraint_audit_v1,results\coarse_scan\20260715_104605\cases\A_C12_002\metrics.csv,2502,2026-07-15T10:48:11.000,eec5451bdf339493c3be48bb497ebf682bb256f295bfcb7a0b556f3c257604c2
jd_jq_audit,C:\Users\catkin\Documents\baseline_zhou\baseline_zhou-main\baseline_zhou-main\zhou_icf_mpc_constraint_audit_v1,results\coarse_scan\20260715_104605\cases\A_C12_003\configuration.csv,389,2026-07-15T10:48:11.000,261719774cd4d9f88fb5cdcc02897aa8331bb9790733e616db956c94a6f7c016
jd_jq_audit,C:\Users\catkin\Documents\baseline_zhou\baseline_zhou-main\baseline_zhou-main\zhou_icf_mpc_constraint_audit_v1,results\coarse_scan\20260715_104605\cases\A_C12_003\metrics.csv,2498,2026-07-15T10:48:11.000,c4cd65a6eacc74239eb544dbaae434947409fd0bd0598fdcf41e4cbce969e283
jd_jq_audit,C:\Users\catkin\Documents\baseline_zhou\baseline_zhou-main\baseline_zhou-main\zhou_icf_mpc_constraint_audit_v1,results\coarse_scan\20260715_104605\cases\A_C12_004\configuration.csv,389,2026-07-15T10:48:11.000,4daa6d1f7300c56960b0a7e39a18f7c48c91e6c3100ad55b79923c18550acfeb
jd_jq_audit,C:\Users\catkin\Documents\baseline_zhou\baseline_zhou-main\baseline_zhou-main\zhou_icf_mpc_constraint_audit_v1,results\coarse_scan\20260715_104605\cases\A_C12_004\metrics.csv,2473,2026-07-15T10:48:11.000,6087783c3d400e742734a37fb63cc5340e8b4d138f34ba1fe32e073c515f9a38
jd_jq_audit,C:\Users\catkin\Documents\baseline_zhou\baseline_zhou-main\baseline_zhou-main\zhou_icf_mpc_constraint_audit_v1,results\coarse_scan\20260715_104605\cases\A_C12_005\configuration.csv,389,2026-07-15T10:48:11.000,dcd26ecf0139ac4eaddb2a9df6e5f6366970d61d1a71f3f6dfb1307d91f90745
jd_jq_audit,C:\Users\catkin\Documents\baseline_zhou\baseline_zhou-main\baseline_zhou-main\zhou_icf_mpc_constraint_audit_v1,results\coarse_scan\20260715_104605\cases\A_C12_005\metrics.csv,2479,2026-07-15T10:48:11.000,309485e34347c56ce5813e70bc6e05de8f6f50479068f630098eb47b5b7f8d47
jd_jq_audit,C:\Users\catkin\Documents\baseline_zhou\baseline_zhou-main\baseline_zhou-main\zhou_icf_mpc_constraint_audit_v1,results\coarse_scan\20260715_104605\cases\A_C12_006\configuration.csv,384,2026-07-15T10:48:11.000,964fd27642681978aad76dfd72fd22f9a3821d5179dfcd0759258cb35d60bcda
jd_jq_audit,C:\Users\catkin\Documents\baseline_zhou\baseline_zhou-main\baseline_zhou-main\zhou_icf_mpc_constraint_audit_v1,results\coarse_scan\20260715_104605\cases\A_C12_006\metrics.csv,2488,2026-07-15T10:48:11.000,90bebdf20c8c25680a5dbd7fec08e3936038a458b0f1659a6de199baac58a9ad
jd_jq_audit,C:\Users\catkin\Documents\baseline_zhou\baseline_zhou-main\baseline_zhou-main\zhou_icf_mpc_constraint_audit_v1,results\coarse_scan\20260715_104605\cases\A_C12_007\configuration.csv,384,2026-07-15T10:48:11.000,722515582222a5651d861ab8ae5c7ec963f6ff4b7d807c4a8ed78d9e1c91f7a0
jd_jq_audit,C:\Users\catkin\Documents\baseline_zhou\baseline_zhou-main\baseline_zhou-main\zhou_icf_mpc_constraint_audit_v1,results\coarse_scan\20260715_104605\cases\A_C12_007\metrics.csv,2486,2026-07-15T10:48:12.000,196f9c25a2899f6e94e276fe539e3589b766f14ed6822b5ad338992256c150c9
jd_jq_audit,C:\Users\catkin\Documents\baseline_zhou\baseline_zhou-main\baseline_zhou-main\zhou_icf_mpc_constraint_audit_v1,results\coarse_scan\20260715_104605\cases\A_C12_008\configuration.csv,392,2026-07-15T10:48:12.000,8feca14619d15327cd614772fb2979ce39db37fbeffa32dfca3885094be3fa9f
jd_jq_audit,C:\Users\catkin\Documents\baseline_zhou\baseline_zhou-main\baseline_zhou-main\zhou_icf_mpc_constraint_audit_v1,results\coarse_scan\20260715_104605\cases\A_C12_008\metrics.csv,2489,2026-07-15T10:48:12.000,428784eb40d211c81f87c14afd903c8f2ee22a20809542eae7aff0731fa36825
jd_jq_audit,C:\Users\catkin\Documents\baseline_zhou\baseline_zhou-main\baseline_zhou-main\zhou_icf_mpc_constraint_audit_v1,results\coarse_scan\20260715_104605\cases\A_C12_009\configuration.csv,389,2026-07-15T10:48:12.000,4df63c038ac7778b99705faa9912842566e30142c58a43b92c1bc5036a01ee14
jd_jq_audit,C:\Users\catkin\Documents\baseline_zhou\baseline_zhou-main\baseline_zhou-main\zhou_icf_mpc_constraint_audit_v1,results\coarse_scan\20260715_104605\cases\A_C12_009\metrics.csv,2473,2026-07-15T10:48:12.000,307b71972ffada5bcb3d565090c922ab980e74914ff44a20c6b541be7651d508
jd_jq_audit,C:\Users\catkin\Documents\baseline_zhou\baseline_zhou-main\baseline_zhou-main\zhou_icf_mpc_constraint_audit_v1,results\coarse_scan\20260715_104605\cases\A_C12_010\configuration.csv,389,2026-07-15T10:48:12.000,b735d833fc1c9294b10bbb9782af34cb0fc10cac105315fd5850d57822c6ad31
jd_jq_audit,C:\Users\catkin\Documents\baseline_zhou\baseline_zhou-main\baseline_zhou-main\zhou_icf_mpc_constraint_audit_v1,results\coarse_scan\20260715_104605\cases\A_C12_010\metrics.csv,2471,2026-07-15T10:48:12.000,c8c4783f80cb5bb42a53f8949c30a16f2b972ef44ce51cb1a0ad1d45e5849206
jd_jq_audit,C:\Users\catkin\Documents\baseline_zhou\baseline_zhou-main\baseline_zhou-main\zhou_icf_mpc_constraint_audit_v1,results\coarse_scan\20260715_104605\cases\A_C12_011\configuration.csv,389,2026-07-15T10:48:12.000,9f7e2fdeefb15c5d1c016f5be61ae93142d52b983736451ff69a4ecce9bae5eb
jd_jq_audit,C:\Users\catkin\Documents\baseline_zhou\baseline_zhou-main\baseline_zhou-main\zhou_icf_mpc_constraint_audit_v1,results\coarse_scan\20260715_104605\cases\A_C12_011\metrics.csv,2487,2026-07-15T10:48:12.000,e16417246f79f28bdda9d508ea358e157dac9cf9fc2a930c9e5e0f02f8ab8893
jd_jq_audit,C:\Users\catkin\Documents\baseline_zhou\baseline_zhou-main\baseline_zhou-main\zhou_icf_mpc_constraint_audit_v1,results\coarse_scan\20260715_104605\cases\A_C12_012\configuration.csv,384,2026-07-15T10:48:12.000,8a86b0a653d9930a5bc3dae141a48c02165f97578d7c5b1bb046af4b20918596
jd_jq_audit,C:\Users\catkin\Documents\baseline_zhou\baseline_zhou-main\baseline_zhou-main\zhou_icf_mpc_constraint_audit_v1,results\coarse_scan\20260715_104605\cases\A_C12_012\metrics.csv,2472,2026-07-15T10:48:12.000,0d2415a8742818059ea8f59a7c171fb3d0d61145472d4f8d10e37856799d7bec
jd_jq_audit,C:\Users\catkin\Documents\baseline_zhou\baseline_zhou-main\baseline_zhou-main\zhou_icf_mpc_constraint_audit_v1,results\coarse_scan\20260715_104605\cases\A_C12_013\configuration.csv,384,2026-07-15T10:48:12.000,da52a40a93988a12a3ba854419aab9c6a327ce2693e67a694d3d2815a8f6c0a1
jd_jq_audit,C:\Users\catkin\Documents\baseline_zhou\baseline_zhou-main\baseline_zhou-main\zhou_icf_mpc_constraint_audit_v1,results\coarse_scan\20260715_104605\cases\A_C12_013\metrics.csv,2479,2026-07-15T10:48:12.000,f535b8fb7c4a2f84e31fd1fd17e6663ba45428cd06550987ca330f9a104fb0d3
jd_jq_audit,C:\Users\catkin\Documents\baseline_zhou\baseline_zhou-main\baseline_zhou-main\zhou_icf_mpc_constraint_audit_v1,results\coarse_scan\20260715_104605\cases\A_C12_014\configuration.csv,392,2026-07-15T10:48:12.000,b0510ba2a61141e3791efc0306c916125a237cbe417129e544844e68bf03b916
jd_jq_audit,C:\Users\catkin\Documents\baseline_zhou\baseline_zhou-main\baseline_zhou-main\zhou_icf_mpc_constraint_audit_v1,results\coarse_scan\20260715_104605\cases\A_C12_014\metrics.csv,2483,2026-07-15T10:48:12.000,2c19813041247673091a9d10548f9ea6e6c6dcd9a7a1f3383168a165c02f58b1
jd_jq_audit,C:\Users\catkin\Documents\baseline_zhou\baseline_zhou-main\baseline_zhou-main\zhou_icf_mpc_constraint_audit_v1,results\coarse_scan\20260715_104605\cases\A_C12_015\configuration.csv,389,2026-07-15T10:48:12.000,ed0eed907616c818cefe2a0b41bed77f16b32325bcb459cac4a5f10b37a03ea5
jd_jq_audit,C:\Users\catkin\Documents\baseline_zhou\baseline_zhou-main\baseline_zhou-main\zhou_icf_mpc_constraint_audit_v1,results\coarse_scan\20260715_104605\cases\A_C12_015\metrics.csv,2473,2026-07-15T10:48:12.000,877ff2212cf26bdf4760da007051041d67ba79bf0473f3de6e40604025ae7c85
jd_jq_audit,C:\Users\catkin\Documents\baseline_zhou\baseline_zhou-main\baseline_zhou-main\zhou_icf_mpc_constraint_audit_v1,results\coarse_scan\20260715_104605\cases\A_C12_016\configuration.csv,389,2026-07-15T10:48:12.000,95d3e7f69015eaef1dd5ed7495b0d4cb9e2b9747997d6b0e0c17f857fa321126
jd_jq_audit,C:\Users\catkin\Documents\baseline_zhou\baseline_zhou-main\baseline_zhou-main\zhou_icf_mpc_constraint_audit_v1,results\coarse_scan\20260715_104605\cases\A_C12_016\metrics.csv,2489,2026-07-15T10:48:12.000,ac989ffaf4f3c71f3202bfe45a5ea1d674db527bec184e47219cf13539d96d49
jd_jq_audit,C:\Users\catkin\Documents\baseline_zhou\baseline_zhou-main\baseline_zhou-main\zhou_icf_mpc_constraint_audit_v1,results\coarse_scan\20260715_104605\cases\A_C12_017\configuration.csv,389,2026-07-15T10:48:12.000,540403ade2492dcf14050c8792b2394dfba13c561af702986b221a2e11b9b08b
jd_jq_audit,C:\Users\catkin\Documents\baseline_zhou\baseline_zhou-main\baseline_zhou-main\zhou_icf_mpc_constraint_audit_v1,results\coarse_scan\20260715_104605\cases\A_C12_017\metrics.csv,2467,2026-07-15T10:48:13.000,01e2deda52f5c3c0397cd060ff05f105d9cb6d65d4c84ef7720100da8faec9a1
jd_jq_audit,C:\Users\catkin\Documents\baseline_zhou\baseline_zhou-main\baseline_zhou-main\zhou_icf_mpc_constraint_audit_v1,results\coarse_scan\20260715_104605\cases\A_C12_018\configuration.csv,384,2026-07-15T10:48:13.000,51fff9527c8780715f3a18a74c869a8dcc5221d717eac6d8ee1269b903c97925
jd_jq_audit,C:\Users\catkin\Documents\baseline_zhou\baseline_zhou-main\baseline_zhou-main\zhou_icf_mpc_constraint_audit_v1,results\coarse_scan\20260715_104605\cases\A_C12_018\metrics.csv,2487,2026-07-15T10:48:13.000,ccbf9564e04c5215a825dc97c16d6c483bcd20679ab7461e9e6ae23bb968bac6
jd_jq_audit,C:\Users\catkin\Documents\baseline_zhou\baseline_zhou-main\baseline_zhou-main\zhou_icf_mpc_constraint_audit_v1,results\coarse_scan\20260715_104605\cases\A_C12_019\configuration.csv,384,2026-07-15T10:48:13.000,3c77c006b26640ee1d2a417ad21b06c6d8bf581c7ae1e94b8a2ebcea890eacc0
jd_jq_audit,C:\Users\catkin\Documents\baseline_zhou\baseline_zhou-main\baseline_zhou-main\zhou_icf_mpc_constraint_audit_v1,results\coarse_scan\20260715_104605\cases\A_C12_019\metrics.csv,2478,2026-07-15T10:48:13.000,caedfcb1f235b7a00b827fe5ff827b64e20aca7b0fec85ef9f53cc8bd1371a0c
jd_jq_audit,C:\Users\catkin\Documents\baseline_zhou\baseline_zhou-main\baseline_zhou-main\zhou_icf_mpc_constraint_audit_v1,results\coarse_scan\20260715_104605\cases\A_C12_020\configuration.csv,392,2026-07-15T10:48:13.000,6c31cb538ee738ada6698457c36c66da9001cb0a8613d4cc3fc540ebb6cc08da
jd_jq_audit,C:\Users\catkin\Documents\baseline_zhou\baseline_zhou-main\baseline_zhou-main\zhou_icf_mpc_constraint_audit_v1,results\coarse_scan\20260715_104605\cases\A_C12_020\metrics.csv,2486,2026-07-15T10:48:13.000,d81dbcb587a2ded1a25cab60f10bacbadd74a6a4bc720b140290e47c42cbc55c
jd_jq_audit,C:\Users\catkin\Documents\baseline_zhou\baseline_zhou-main\baseline_zhou-main\zhou_icf_mpc_constraint_audit_v1,results\coarse_scan\20260715_104605\cases\A_C12_021\configuration.csv,389,2026-07-15T10:48:13.000,fe72a8012b2d19c605e8d130c2c48b3f300e8320af8af683048ffe2447babd24
jd_jq_audit,C:\Users\catkin\Documents\baseline_zhou\baseline_zhou-main\baseline_zhou-main\zhou_icf_mpc_constraint_audit_v1,results\coarse_scan\20260715_104605\cases\A_C12_021\metrics.csv,2477,2026-07-15T10:48:13.000,c41d89da802ba36f21a51b2cfb51a19b05f318c82372704174c87235c1d82a7f
jd_jq_audit,C:\Users\catkin\Documents\baseline_zhou\baseline_zhou-main\baseline_zhou-main\zhou_icf_mpc_constraint_audit_v1,results\coarse_scan\20260715_104605\cases\A_C12_022\configuration.csv,389,2026-07-15T10:48:13.000,98ade41bf7bb49713370b8b67560bdb3990a4794887c1de4a33f3af8af11f82e
jd_jq_audit,C:\Users\catkin\Documents\baseline_zhou\baseline_zhou-main\baseline_zhou-main\zhou_icf_mpc_constraint_audit_v1,results\coarse_scan\20260715_104605\cases\A_C12_022\metrics.csv,2482,2026-07-15T10:48:13.000,2f4db901e4a1e6e7236528148a52bbfdc2456973a55d6c2b6e516dd2d3f48d5d
jd_jq_audit,C:\Users\catkin\Documents\baseline_zhou\baseline_zhou-main\baseline_zhou-main\zhou_icf_mpc_constraint_audit_v1,results\coarse_scan\20260715_104605\cases\A_C12_023\configuration.csv,389,2026-07-15T10:48:13.000,f0354f431419003c4aa60c43967656bb7b04fbc6021a6be1896083c7e336f1f9
jd_jq_audit,C:\Users\catkin\Documents\baseline_zhou\baseline_zhou-main\baseline_zhou-main\zhou_icf_mpc_constraint_audit_v1,results\coarse_scan\20260715_104605\cases\A_C12_023\metrics.csv,2472,2026-07-15T10:48:13.000,60b45185e3295d15bd9f4e33fc6f469953d5ba1aac6ca4917a69dd392af03e33
jd_jq_audit,C:\Users\catkin\Documents\baseline_zhou\baseline_zhou-main\baseline_zhou-main\zhou_icf_mpc_constraint_audit_v1,results\coarse_scan\20260715_104605\cases\A_C12_024\configuration.csv,384,2026-07-15T10:48:13.000,623b86cd1f1e7e02ef528c138203bb5e1f8a5a55af06bbf2afdfce173bae6373
jd_jq_audit,C:\Users\catkin\Documents\baseline_zhou\baseline_zhou-main\baseline_zhou-main\zhou_icf_mpc_constraint_audit_v1,results\coarse_scan\20260715_104605\cases\A_C12_024\metrics.csv,2472,2026-07-15T10:48:13.000,bfd8325febdfc91dcd4bfca591ba48d688319962bc060d2c6cd5a3f421b8fcdb
jd_jq_audit,C:\Users\catkin\Documents\baseline_zhou\baseline_zhou-main\baseline_zhou-main\zhou_icf_mpc_constraint_audit_v1,results\coarse_scan\20260715_104605\cases\A_C12_025\configuration.csv,384,2026-07-15T10:48:13.000,4a5b1ca3d598ad4e9b9b97d2f0def16ce7c6a81f7754801a0e929c7b395c881f
jd_jq_audit,C:\Users\catkin\Documents\baseline_zhou\baseline_zhou-main\baseline_zhou-main\zhou_icf_mpc_constraint_audit_v1,results\coarse_scan\20260715_104605\cases\A_C12_025\metrics.csv,2479,2026-07-15T10:48:13.000,3d3960d87ecb7eb920fecf844bd5ca33289b5786d964de91fe8e08db63657739
jd_jq_audit,C:\Users\catkin\Documents\baseline_zhou\baseline_zhou-main\baseline_zhou-main\zhou_icf_mpc_constraint_audit_v1,results\coarse_scan\20260715_104605\cases\A_C12_026\configuration.csv,392,2026-07-15T10:48:13.000,554ad535abd302b4f68e7a22f65c25ad3a50488bf6d2f1f5c344295d7945d1a4
jd_jq_audit,C:\Users\catkin\Documents\baseline_zhou\baseline_zhou-main\baseline_zhou-main\zhou_icf_mpc_constraint_audit_v1,results\coarse_scan\20260715_104605\cases\A_C12_026\metrics.csv,2483,2026-07-15T10:48:14.000,a2021f773528eaafedbef31f724018e4dd4aa3dd4978c3b24ee24bfdff5ca1fe
jd_jq_audit,C:\Users\catkin\Documents\baseline_zhou\baseline_zhou-main\baseline_zhou-main\zhou_icf_mpc_constraint_audit_v1,results\coarse_scan\20260715_104605\cases\A_C12_027\configuration.csv,389,2026-07-15T10:48:14.000,50b3da3c3bf968c8ea1790fa255e4be187fd7e113b23a36f7d8f3ccd3a793f85
jd_jq_audit,C:\Users\catkin\Documents\baseline_zhou\baseline_zhou-main\baseline_zhou-main\zhou_icf_mpc_constraint_audit_v1,results\coarse_scan\20260715_104605\cases\A_C12_027\metrics.csv,2480,2026-07-15T10:48:14.000,fa558b7eff29dadd3f2e90ea0fe101004d02a908a1047800e414b195ac88f12c
jd_jq_audit,C:\Users\catkin\Documents\baseline_zhou\baseline_zhou-main\baseline_zhou-main\zhou_icf_mpc_constraint_audit_v1,results\coarse_scan\20260715_104605\cases\A_C12_028\configuration.csv,389,2026-07-15T10:48:14.000,2c3fd7a029783da8c91ca041263a7d9b38f6b2a01c2828c73110b88880461e1d
jd_jq_audit,C:\Users\catkin\Documents\baseline_zhou\baseline_zhou-main\baseline_zhou-main\zhou_icf_mpc_constraint_audit_v1,results\coarse_scan\20260715_104605\cases\A_C12_028\metrics.csv,2480,2026-07-15T10:48:14.000,8527ba177ad64d7563fde995833e00d115b1702a4f05a635ff1bafa22c198239
jd_jq_audit,C:\Users\catkin\Documents\baseline_zhou\baseline_zhou-main\baseline_zhou-main\zhou_icf_mpc_constraint_audit_v1,results\coarse_scan\20260715_104605\cases\A_C12_029\configuration.csv,389,2026-07-15T10:48:14.000,e738b05e3a2624c5dea4f0951bbef67bda460ecef79b85ce9d3953a7a4ead9b5
jd_jq_audit,C:\Users\catkin\Documents\baseline_zhou\baseline_zhou-main\baseline_zhou-main\zhou_icf_mpc_constraint_audit_v1,results\coarse_scan\20260715_104605\cases\A_C12_029\metrics.csv,2474,2026-07-15T10:48:14.000,9368f09b743a6b1ca4604c0a448420e77bba12757c7c585c0d7cb6d4e5408041
jd_jq_audit,C:\Users\catkin\Documents\baseline_zhou\baseline_zhou-main\baseline_zhou-main\zhou_icf_mpc_constraint_audit_v1,results\coarse_scan\20260715_104605\cases\A_C12_030\configuration.csv,384,2026-07-15T10:48:14.000,33940af516d8e5c6c6b9e9ede1a890f95099d5ac5e65c3eb484f49affd55f08e
jd_jq_audit,C:\Users\catkin\Documents\baseline_zhou\baseline_zhou-main\baseline_zhou-main\zhou_icf_mpc_constraint_audit_v1,results\coarse_scan\20260715_104605\cases\A_C12_030\metrics.csv,2472,2026-07-15T10:48:14.000,e912c5aa4d6b11c7fc97d573666849b5cf04ed7f6a7e0c3e515eb2f1b7425d4c
jd_jq_audit,C:\Users\catkin\Documents\baseline_zhou\baseline_zhou-main\baseline_zhou-main\zhou_icf_mpc_constraint_audit_v1,results\coarse_scan\20260715_104605\cases\A_C12_031\configuration.csv,379,2026-07-15T10:48:14.000,27d0dc19b8d955b180235875ab76afc501663d8b0a4279b1c4a8a68d32de25ce
jd_jq_audit,C:\Users\catkin\Documents\baseline_zhou\baseline_zhou-main\baseline_zhou-main\zhou_icf_mpc_constraint_audit_v1,results\coarse_scan\20260715_104605\cases\A_C12_031\metrics.csv,2447,2026-07-15T10:48:14.000,bb579fe2afe84e68b8cf636ef20637262da251d1460ce9780beb2f7e58370256
jd_jq_audit,C:\Users\catkin\Documents\baseline_zhou\baseline_zhou-main\baseline_zhou-main\zhou_icf_mpc_constraint_audit_v1,results\coarse_scan\20260715_104605\cases\A_C12_032\configuration.csv,387,2026-07-15T10:48:14.000,2f198b458944f8b4e91b00655c6bd5aad1f02895f210b18ec3a539e37b430a71
jd_jq_audit,C:\Users\catkin\Documents\baseline_zhou\baseline_zhou-main\baseline_zhou-main\zhou_icf_mpc_constraint_audit_v1,results\coarse_scan\20260715_104605\cases\A_C12_032\metrics.csv,2489,2026-07-15T10:48:14.000,44101ead3d357382a08c51331bd75444fe242459172323ea5caecf0fb057587e
jd_jq_audit,C:\Users\catkin\Documents\baseline_zhou\baseline_zhou-main\baseline_zhou-main\zhou_icf_mpc_constraint_audit_v1,results\coarse_scan\20260715_104605\cases\A_C12_033\configuration.csv,384,2026-07-15T10:48:14.000,fbb99f25fae5a2225ae56bff1a41cccb6d380eab98cc53dafbd738b86cb47048
jd_jq_audit,C:\Users\catkin\Documents\baseline_zhou\baseline_zhou-main\baseline_zhou-main\zhou_icf_mpc_constraint_audit_v1,results\coarse_scan\20260715_104605\cases\A_C12_033\metrics.csv,2476,2026-07-15T10:48:15.000,f36df339f997f5f8077c1ee830fcfe119e04a6d964d8556dfa4a891418ffb9a3
jd_jq_audit,C:\Users\catkin\Documents\baseline_zhou\baseline_zhou-main\baseline_zhou-main\zhou_icf_mpc_constraint_audit_v1,results\coarse_scan\20260715_104605\cases\A_C12_034\configuration.csv,384,2026-07-15T10:48:15.000,b12311b0242c58939d10423e5dd504ddc834960f8f67760cf1485ab5150a0acd
jd_jq_audit,C:\Users\catkin\Documents\baseline_zhou\baseline_zhou-main\baseline_zhou-main\zhou_icf_mpc_constraint_audit_v1,results\coarse_scan\20260715_104605\cases\A_C12_034\metrics.csv,2472,2026-07-15T10:48:15.000,5ad78432faec928decd8119a1a8e405196a678ea2ba7efc3056f78c29f8cde74
jd_jq_audit,C:\Users\catkin\Documents\baseline_zhou\baseline_zhou-main\baseline_zhou-main\zhou_icf_mpc_constraint_audit_v1,results\coarse_scan\20260715_104605\cases\A_C12_035\configuration.csv,384,2026-07-15T10:48:15.000,2c8e8e599b7bab9d15390b08b5d38cde974ac7e3f5379021802c92013e83e629
jd_jq_audit,C:\Users\catkin\Documents\baseline_zhou\baseline_zhou-main\baseline_zhou-main\zhou_icf_mpc_constraint_audit_v1,results\coarse_scan\20260715_104605\cases\A_C12_035\metrics.csv,2462,2026-07-15T10:48:15.000,7470f0130f85067c8659c80eaf1e97bd01bdb043bfac53e2d96a1b3957688d2d
jd_jq_audit,C:\Users\catkin\Documents\baseline_zhou\baseline_zhou-main\baseline_zhou-main\zhou_icf_mpc_constraint_audit_v1,results\coarse_scan\20260715_104605\cases\A_C12_036\configuration.csv,379,2026-07-15T10:48:15.000,0f5e621cefac76f5f8d9f4e723787ce06181fe33f0ba5a22a03ac27855bfa0d5
jd_jq_audit,C:\Users\catkin\Documents\baseline_zhou\baseline_zhou-main\baseline_zhou-main\zhou_icf_mpc_constraint_audit_v1,results\coarse_scan\20260715_104605\cases\A_C12_036\metrics.csv,2460,2026-07-15T10:48:15.000,7f622fc46fe6e247aa062bd83d0babc9447dbecd6d99292af1671a84a5841e95
jd_jq_audit,C:\Users\catkin\Documents\baseline_zhou\baseline_zhou-main\baseline_zhou-main\zhou_icf_mpc_constraint_audit_v1,results\coarse_scan\20260715_104605\coarse_analysis.mat,1284856,2026-07-15T10:55:07.000,992c60097de1fb1223afbd8935685cd29fd4881a5bd633b0528ed1f915d77174
jd_jq_audit,C:\Users\catkin\Documents\baseline_zhou\baseline_zhou-main\baseline_zhou-main\zhou_icf_mpc_constraint_audit_v1,results\coarse_scan\20260715_104605\coarse_pareto.csv,155168,2026-07-15T10:55:07.000,0f816422c20ad1f109c983d93cc2b1c599160ed7372c766f726f09f69642a2a3
jd_jq_audit,C:\Users\catkin\Documents\baseline_zhou\baseline_zhou-main\baseline_zhou-main\zhou_icf_mpc_constraint_audit_v1,results\coarse_scan\20260715_104605\failed_cases.csv,50,2026-07-15T10:55:06.000,f1e9df54cd51918e924628a3b30d29da274e34675731f753862a431e2a567cdf
jd_jq_audit,C:\Users\catkin\Documents\baseline_zhou\baseline_zhou-main\baseline_zhou-main\zhou_icf_mpc_constraint_audit_v1,results\coarse_scan\20260715_104605\metrics.csv,455295,2026-07-15T10:55:06.000,13d450a7a25b3b33c6306983ec010acba7ca2f0db6717fb784f927b30c38d24c
jd_jq_audit,C:\Users\catkin\Documents\baseline_zhou\baseline_zhou-main\baseline_zhou-main\zhou_icf_mpc_constraint_audit_v1,results\focused_scan\20260715_104605\case_manifest.csv,38138,2026-07-15T10:55:07.000,f58604f4d06e9f19e3a9fa7d76b18fcdde490de4cdb746a66535f2259537a3dd
jd_jq_audit,C:\Users\catkin\Documents\baseline_zhou\baseline_zhou-main\baseline_zhou-main\zhou_icf_mpc_constraint_audit_v1,results\focused_scan\20260715_104605\cases\B_C01_001\configuration.csv,424,2026-07-15T10:55:07.000,d7fa25dbaa5cf4042adbc87d7068942fb0cc1777162c5c042bf882caf712e279
jd_jq_audit,C:\Users\catkin\Documents\baseline_zhou\baseline_zhou-main\baseline_zhou-main\zhou_icf_mpc_constraint_audit_v1,results\focused_scan\20260715_104605\cases\B_C01_001\metrics.csv,2564,2026-07-15T10:55:08.000,4b9186cdeaeceb074246ce646709ec00318df80a568e0bb500bd1db439a01d22
jd_jq_audit,C:\Users\catkin\Documents\baseline_zhou\baseline_zhou-main\baseline_zhou-main\zhou_icf_mpc_constraint_audit_v1,results\focused_scan\20260715_104605\cases\B_C01_002\configuration.csv,417,2026-07-15T10:55:08.000,4f675d386998a85fb4f1cb0e8027e2568a56343e5ba1dc558e56b9f51e411609
jd_jq_audit,C:\Users\catkin\Documents\baseline_zhou\baseline_zhou-main\baseline_zhou-main\zhou_icf_mpc_constraint_audit_v1,results\focused_scan\20260715_104605\cases\B_C01_002\metrics.csv,2557,2026-07-15T10:55:09.000,d1441a608125ae9128f9c229d891c5389c65639b9855895b179db9b24b4233d5
jd_jq_audit,C:\Users\catkin\Documents\baseline_zhou\baseline_zhou-main\baseline_zhou-main\zhou_icf_mpc_constraint_audit_v1,results\focused_scan\20260715_104605\cases\B_C01_003\configuration.csv,439,2026-07-15T10:55:09.000,f664062de32d28fe8dbcd29412cea18da90ccc7f8c1718de83dc0ffdfac33f1d
jd_jq_audit,C:\Users\catkin\Documents\baseline_zhou\baseline_zhou-main\baseline_zhou-main\zhou_icf_mpc_constraint_audit_v1,results\focused_scan\20260715_104605\cases\B_C01_003\metrics.csv,2582,2026-07-15T10:55:09.000,73a77c84f6cd784a7dcfbc20587b278a55460b4ca9fefb8736d359127b02d1f4
jd_jq_audit,C:\Users\catkin\Documents\baseline_zhou\baseline_zhou-main\baseline_zhou-main\zhou_icf_mpc_constraint_audit_v1,results\focused_scan\20260715_104605\cases\B_C01_004\configuration.csv,428,2026-07-15T10:55:09.000,f29e2d891eaf440c78fcc5133a20cb04d3f83cd1cab50f7f2fbe1a8d53273d93
jd_jq_audit,C:\Users\catkin\Documents\baseline_zhou\baseline_zhou-main\baseline_zhou-main\zhou_icf_mpc_constraint_audit_v1,results\focused_scan\20260715_104605\cases\B_C01_004\metrics.csv,2564,2026-07-15T10:55:10.000,34cf799b25ad42febdb791fb5365c47fabe3e9aa60d49f8dfe1d43f6428293fe
jd_jq_audit,C:\Users\catkin\Documents\baseline_zhou\baseline_zhou-main\baseline_zhou-main\zhou_icf_mpc_constraint_audit_v1,results\focused_scan\20260715_104605\cases\B_C01_005\configuration.csv,415,2026-07-15T10:55:10.000,dc204a7a4f40fc0ce8cd312519437c6975e47c263310549e91b4c3bd806d7951
jd_jq_audit,C:\Users\catkin\Documents\baseline_zhou\baseline_zhou-main\baseline_zhou-main\zhou_icf_mpc_constraint_audit_v1,results\focused_scan\20260715_104605\cases\B_C01_005\metrics.csv,2551,2026-07-15T10:55:11.000,9891c8fffad060af2a5b93c028fa801c5177c81f998b53f8c55bd0d5a5e814aa
jd_jq_audit,C:\Users\catkin\Documents\baseline_zhou\baseline_zhou-main\baseline_zhou-main\zhou_icf_mpc_constraint_audit_v1,results\focused_scan\20260715_104605\cases\B_C01_006\configuration.csv,428,2026-07-15T10:55:11.000,113891addf3c6cf6ab28210fca50e6899c2af786bb421ba0b1e7343e8b10f4ec
jd_jq_audit,C:\Users\catkin\Documents\baseline_zhou\baseline_zhou-main\baseline_zhou-main\zhou_icf_mpc_constraint_audit_v1,results\focused_scan\20260715_104605\cases\B_C01_006\metrics.csv,2555,2026-07-15T10:55:11.000,337bf8c472e4b92b4f8d4517cd0932af858d666045ec5ed81211d94f0f5c97d4
jd_jq_audit,C:\Users\catkin\Documents\baseline_zhou\baseline_zhou-main\baseline_zhou-main\zhou_icf_mpc_constraint_audit_v1,results\focused_scan\20260715_104605\cases\B_C01_007\configuration.csv,415,2026-07-15T10:55:11.000,07dbb1d1610234be7d7ffc2f1be1ec02a2a920b824297c34bf0b5c5bdb10f721
jd_jq_audit,C:\Users\catkin\Documents\baseline_zhou\baseline_zhou-main\baseline_zhou-main\zhou_icf_mpc_constraint_audit_v1,results\focused_scan\20260715_104605\cases\B_C01_007\metrics.csv,2548,2026-07-15T10:55:12.000,042691bdefb7ac7e27f320c8aa4f228e13137dd1b6f28aa7c017b8a4c8deb95b
jd_jq_audit,C:\Users\catkin\Documents\baseline_zhou\baseline_zhou-main\baseline_zhou-main\zhou_icf_mpc_constraint_audit_v1,results\focused_scan\20260715_104605\cases\B_C01_008\configuration.csv,415,2026-07-15T10:55:12.000,2a72ec0b78896c80baa8da28853a7c99175798cf5648444b38daed85058e60ec
jd_jq_audit,C:\Users\catkin\Documents\baseline_zhou\baseline_zhou-main\baseline_zhou-main\zhou_icf_mpc_constraint_audit_v1,results\focused_scan\20260715_104605\cases\B_C01_008\metrics.csv,2527,2026-07-15T10:55:12.000,ce5e8870e3f43e99cb0fe7a493874aba6ff5e694bbd565cd2ceda01715d17351
jd_jq_audit,C:\Users\catkin\Documents\baseline_zhou\baseline_zhou-main\baseline_zhou-main\zhou_icf_mpc_constraint_audit_v1,results\focused_scan\20260715_104605\cases\B_C01_009\configuration.csv,429,2026-07-15T10:55:12.000,47c3046ccf5571e8805e32d6eefebb22a99001dafcad4e88835d750a51bdf71c
jd_jq_audit,C:\Users\catkin\Documents\baseline_zhou\baseline_zhou-main\baseline_zhou-main\zhou_icf_mpc_constraint_audit_v1,results\focused_scan\20260715_104605\cases\B_C01_009\metrics.csv,2541,2026-07-15T10:55:12.000,674c370128809838013fbaee73a0d3bb70ce21bc0d440b937b5ba53c02713afd
jd_jq_audit,C:\Users\catkin\Documents\baseline_zhou\baseline_zhou-main\baseline_zhou-main\zhou_icf_mpc_constraint_audit_v1,results\focused_scan\20260715_104605\cases\B_C01_010\configuration.csv,416,2026-07-15T10:55:12.000,d59fdf9d8cbfefb5a98878b96526650fe464b314802a9043c7d13186bdcf2208
jd_jq_audit,C:\Users\catkin\Documents\baseline_zhou\baseline_zhou-main\baseline_zhou-main\zhou_icf_mpc_constraint_audit_v1,results\focused_scan\20260715_104605\cases\B_C01_010\metrics.csv,2527,2026-07-15T10:55:13.000,69a29a5ffefb24cfc15af748170bb2c3dae508bc3775f561bcb92003213794bc
jd_jq_audit,C:\Users\catkin\Documents\baseline_zhou\baseline_zhou-main\baseline_zhou-main\zhou_icf_mpc_constraint_audit_v1,results\focused_scan\20260715_104605\cases\B_C01_011\configuration.csv,429,2026-07-15T10:55:13.000,9f91d634732814208cde7c352c1c686ead0a64e85e49aa79fd44b04c83ca7d7e
jd_jq_audit,C:\Users\catkin\Documents\baseline_zhou\baseline_zhou-main\baseline_zhou-main\zhou_icf_mpc_constraint_audit_v1,results\focused_scan\20260715_104605\cases\B_C01_011\metrics.csv,2535,2026-07-15T10:55:13.000,5f9f07e873167fff9efdc94bb403a0792987991576504df14b3734a2afbe9f05
jd_jq_audit,C:\Users\catkin\Documents\baseline_zhou\baseline_zhou-main\baseline_zhou-main\zhou_icf_mpc_constraint_audit_v1,results\focused_scan\20260715_104605\cases\B_C01_012\configuration.csv,432,2026-07-15T10:55:13.000,7aefba74efbba95295e6424ae829b79a48ddc6d7dbacce961948eda7a38c7bf3
jd_jq_audit,C:\Users\catkin\Documents\baseline_zhou\baseline_zhou-main\baseline_zhou-main\zhou_icf_mpc_constraint_audit_v1,results\focused_scan\20260715_104605\cases\B_C01_012\metrics.csv,2563,2026-07-15T10:55:13.000,8a73d6c3e9862140c04aa15d8191c442b16058a9778c1aedebbde03352dca6fd
jd_jq_audit,C:\Users\catkin\Documents\baseline_zhou\baseline_zhou-main\baseline_zhou-main\zhou_icf_mpc_constraint_audit_v1,results\focused_scan\20260715_104605\cases\B_C01_013\configuration.csv,413,2026-07-15T10:55:13.000,57cb4347b0d709191f9fbda59cb4cb1793f29e50074583fc1202e8672acf2f42
jd_jq_audit,C:\Users\catkin\Documents\baseline_zhou\baseline_zhou-main\baseline_zhou-main\zhou_icf_mpc_constraint_audit_v1,results\focused_scan\20260715_104605\cases\B_C01_013\metrics.csv,2540,2026-07-15T10:55:14.000,80d80481c606cd21ed20e4c9a18eb97338637bbe6794ca571c200f410f88a44f
jd_jq_audit,C:\Users\catkin\Documents\baseline_zhou\baseline_zhou-main\baseline_zhou-main\zhou_icf_mpc_constraint_audit_v1,results\focused_scan\20260715_104605\cases\B_C01_014\configuration.csv,419,2026-07-15T10:55:14.000,4921d13af6703435f8a4780975e0828c5849dce4dbf28506ecfc2a43b980a5a9
jd_jq_audit,C:\Users\catkin\Documents\baseline_zhou\baseline_zhou-main\baseline_zhou-main\zhou_icf_mpc_constraint_audit_v1,results\focused_scan\20260715_104605\cases\B_C01_014\metrics.csv,2542,2026-07-15T10:55:14.000,da74e757ed0759bf2c034a3e0b383fa3a056ba1fa1cd6a9117e24a59fb987056
jd_jq_audit,C:\Users\catkin\Documents\baseline_zhou\baseline_zhou-main\baseline_zhou-main\zhou_icf_mpc_constraint_audit_v1,results\focused_scan\20260715_104605\cases\B_C01_015\configuration.csv,482,2026-07-15T10:55:14.000,e3a250d8204a8e214772a48477ae063cc772e9bfeb667785ef9f30994bfca5f8
jd_jq_audit,C:\Users\catkin\Documents\baseline_zhou\baseline_zhou-main\baseline_zhou-main\zhou_icf_mpc_constraint_audit_v1,results\focused_scan\20260715_104605\cases\B_C01_015\metrics.csv,2608,2026-07-15T10:55:15.000,712e9bf9b75b131b124f324a9aaea1d9975f7f67f0f3290c5268db907e062a36
jd_jq_audit,C:\Users\catkin\Documents\baseline_zhou\baseline_zhou-main\baseline_zhou-main\zhou_icf_mpc_constraint_audit_v1,results\focused_scan\20260715_104605\cases\B_C01_016\configuration.csv,463,2026-07-15T10:55:15.000,f17d1289d2696aa4873ce796f0783ecf886ab7e6b1e19bc329b8812a2b578682
jd_jq_audit,C:\Users\catkin\Documents\baseline_zhou\baseline_zhou-main\baseline_zhou-main\zhou_icf_mpc_constraint_audit_v1,results\focused_scan\20260715_104605\cases\B_C01_016\metrics.csv,2586,2026-07-15T10:55:15.000,19ac904fc0a2a003c81d6f1eb05bb8c45a2f7c1083eb4014312b3c5b64282e7c
jd_jq_audit,C:\Users\catkin\Documents\baseline_zhou\baseline_zhou-main\baseline_zhou-main\zhou_icf_mpc_constraint_audit_v1,results\focused_scan\20260715_104605\cases\B_C01_017\configuration.csv,437,2026-07-15T10:55:15.000,4ad1fcdffd0d168d700fb9824518a6421eb1bc967e7166036059bdb7535ee546
jd_jq_audit,C:\Users\catkin\Documents\baseline_zhou\baseline_zhou-main\baseline_zhou-main\zhou_icf_mpc_constraint_audit_v1,results\focused_scan\20260715_104605\cases\B_C01_017\metrics.csv,2560,2026-07-15T10:55:15.000,183cbf787c88a0a324565cff451eefed7b703e880da9fecf1143b6ae290e344d
jd_jq_audit,C:\Users\catkin\Documents\baseline_zhou\baseline_zhou-main\baseline_zhou-main\zhou_icf_mpc_constraint_audit_v1,results\focused_scan\20260715_104605\cases\B_C02_001\configuration.csv,416,2026-07-15T10:55:15.000,a8cb1df698a65744f3d20c3483e02077a7b76f7b8ce469b9ceee0681aa35d1a8
jd_jq_audit,C:\Users\catkin\Documents\baseline_zhou\baseline_zhou-main\baseline_zhou-main\zhou_icf_mpc_constraint_audit_v1,results\focused_scan\20260715_104605\cases\B_C02_001\metrics.csv,2565,2026-07-15T10:55:15.000,1b5f9a889e284614ea13c59a05ee99a5d00ba76c0f8e106bb5074ba2061ca033
jd_jq_audit,C:\Users\catkin\Documents\baseline_zhou\baseline_zhou-main\baseline_zhou-main\zhou_icf_mpc_constraint_audit_v1,results\focused_scan\20260715_104605\cases\B_C02_002\configuration.csv,409,2026-07-15T10:55:15.000,036de8ad60ba8774723414ad46f1d8b54a50e211dd8cf899861676dd126a3e08
jd_jq_audit,C:\Users\catkin\Documents\baseline_zhou\baseline_zhou-main\baseline_zhou-main\zhou_icf_mpc_constraint_audit_v1,results\focused_scan\20260715_104605\cases\B_C02_002\metrics.csv,2594,2026-07-15T10:55:16.000,4da9b21de0d33dae624b9bfb27f5cad4ebaed2ebe6daf7a15ab4165c0a89cbce
jd_jq_audit,C:\Users\catkin\Documents\baseline_zhou\baseline_zhou-main\baseline_zhou-main\zhou_icf_mpc_constraint_audit_v1,results\focused_scan\20260715_104605\cases\B_C02_003\configuration.csv,431,2026-07-15T10:55:16.000,d673964bcac4e16972b4d7a5c2077d4a017057024cca80466db9a4a440fa3eea
jd_jq_audit,C:\Users\catkin\Documents\baseline_zhou\baseline_zhou-main\baseline_zhou-main\zhou_icf_mpc_constraint_audit_v1,results\focused_scan\20260715_104605\cases\B_C02_003\metrics.csv,2577,2026-07-15T10:55:16.000,3ac240928fee7fbf01a13bbcf28cc18071b311b0040cf4924d9b26bcfbd97281
jd_jq_audit,C:\Users\catkin\Documents\baseline_zhou\baseline_zhou-main\baseline_zhou-main\zhou_icf_mpc_constraint_audit_v1,results\focused_scan\20260715_104605\cases\B_C02_004\configuration.csv,420,2026-07-15T10:55:16.000,27ee314f7865f6938f43fbd4832eed6f9fd718e88b741c811bd9b79db8ae79de
jd_jq_audit,C:\Users\catkin\Documents\baseline_zhou\baseline_zhou-main\baseline_zhou-main\zhou_icf_mpc_constraint_audit_v1,results\focused_scan\20260715_104605\cases\B_C02_004\metrics.csv,2553,2026-07-15T10:55:16.000,68e0b7e9abb5ceaf2e8204c3913ebc39715dce6d8ed6fdd49979ba0a4a774c45
jd_jq_audit,C:\Users\catkin\Documents\baseline_zhou\baseline_zhou-main\baseline_zhou-main\zhou_icf_mpc_constraint_audit_v1,results\focused_scan\20260715_104605\cases\B_C02_005\configuration.csv,407,2026-07-15T10:55:16.000,c8f26b768d493497ec21b9df7da1d95ab1aa99616774f1d901d36ff4cc40e1eb
jd_jq_audit,C:\Users\catkin\Documents\baseline_zhou\baseline_zhou-main\baseline_zhou-main\zhou_icf_mpc_constraint_audit_v1,results\focused_scan\20260715_104605\cases\B_C02_005\metrics.csv,2537,2026-07-15T10:55:17.000,773d1a642641c857620b8d3a2c79cf5c566564c18d3b94a71f50818f8bad1afc
jd_jq_audit,C:\Users\catkin\Documents\baseline_zhou\baseline_zhou-main\baseline_zhou-main\zhou_icf_mpc_constraint_audit_v1,results\focused_scan\20260715_104605\cases\B_C02_006\configuration.csv,420,2026-07-15T10:55:17.000,4561035c38946bf8770d6e6b34512bdbbf916540baecb9126c0da94ca1cf0949
jd_jq_audit,C:\Users\catkin\Documents\baseline_zhou\baseline_zhou-main\baseline_zhou-main\zhou_icf_mpc_constraint_audit_v1,results\focused_scan\20260715_104605\cases\B_C02_006\metrics.csv,2550,2026-07-15T10:55:17.000,ebd711ec41d3f09b56fec5abedb3c51abc44eef15eece8689eb7177535a2d295
jd_jq_audit,C:\Users\catkin\Documents\baseline_zhou\baseline_zhou-main\baseline_zhou-main\zhou_icf_mpc_constraint_audit_v1,results\focused_scan\20260715_104605\cases\B_C02_007\configuration.csv,407,2026-07-15T10:55:17.000,4ee2d582a647c1338538a661b226a52309ffb6b4adff3f7bdfada62a89efe56f
jd_jq_audit,C:\Users\catkin\Documents\baseline_zhou\baseline_zhou-main\baseline_zhou-main\zhou_icf_mpc_constraint_audit_v1,results\focused_scan\20260715_104605\cases\B_C02_007\metrics.csv,2545,2026-07-15T10:55:17.000,b7bf57058ec9fd1d945c58333ffe699efef3fb479c752570e007d33a5e88c1d4
jd_jq_audit,C:\Users\catkin\Documents\baseline_zhou\baseline_zhou-main\baseline_zhou-main\zhou_icf_mpc_constraint_audit_v1,results\focused_scan\20260715_104605\cases\B_C02_008\configuration.csv,407,2026-07-15T10:55:17.000,139a6357d4026746d104a071a972ffd4d32ca91cde78bff5d7e21438703007f0
jd_jq_audit,C:\Users\catkin\Documents\baseline_zhou\baseline_zhou-main\baseline_zhou-main\zhou_icf_mpc_constraint_audit_v1,results\focused_scan\20260715_104605\cases\B_C02_008\metrics.csv,2541,2026-07-15T10:55:18.000,04e7273ea298a18b4220652e0c7e67c509b91de60ad3616382720e95ccc0e09d
jd_jq_audit,C:\Users\catkin\Documents\baseline_zhou\baseline_zhou-main\baseline_zhou-main\zhou_icf_mpc_constraint_audit_v1,results\focused_scan\20260715_104605\cases\B_C02_009\configuration.csv,421,2026-07-15T10:55:18.000,9650c749a4e4ec3ba52885ccaa9fcd18dc09ead31e4e3c2b4e91e139b3ecdc31
jd_jq_audit,C:\Users\catkin\Documents\baseline_zhou\baseline_zhou-main\baseline_zhou-main\zhou_icf_mpc_constraint_audit_v1,results\focused_scan\20260715_104605\cases\B_C02_009\metrics.csv,2556,2026-07-15T10:55:18.000,fc5cfbdf707b82621bd0e48451d2c9fa68ffb88f6e98b0585165753da9440106
jd_jq_audit,C:\Users\catkin\Documents\baseline_zhou\baseline_zhou-main\baseline_zhou-main\zhou_icf_mpc_constraint_audit_v1,results\focused_scan\20260715_104605\cases\B_C02_010\configuration.csv,408,2026-07-15T10:55:18.000,91d7e83d513b11d31b7bde72010a882feec77ac36490c0a1dec511e68ceba860
jd_jq_audit,C:\Users\catkin\Documents\baseline_zhou\baseline_zhou-main\baseline_zhou-main\zhou_icf_mpc_constraint_audit_v1,results\focused_scan\20260715_104605\cases\B_C02_010\metrics.csv,2541,2026-07-15T10:55:18.000,74c5cb90d3f98af1b6bceb6a3bd347a8f45f9e51a5d5bf31425281badbc18403
jd_jq_audit,C:\Users\catkin\Documents\baseline_zhou\baseline_zhou-main\baseline_zhou-main\zhou_icf_mpc_constraint_audit_v1,results\focused_scan\20260715_104605\cases\B_C02_011\configuration.csv,421,2026-07-15T10:55:18.000,80854f650c38a14060e8ad8799e5d9ad3597b04f305c056ed0e61d392157ab76
jd_jq_audit,C:\Users\catkin\Documents\baseline_zhou\baseline_zhou-main\baseline_zhou-main\zhou_icf_mpc_constraint_audit_v1,results\focused_scan\20260715_104605\cases\B_C02_011\metrics.csv,2551,2026-07-15T10:55:19.000,d920a5cb6711c4cdfc0c036fc1506b9cfee47fb5dc73b6e9c4efbccaeb223cd6
jd_jq_audit,C:\Users\catkin\Documents\baseline_zhou\baseline_zhou-main\baseline_zhou-main\zhou_icf_mpc_constraint_audit_v1,results\focused_scan\20260715_104605\cases\B_C02_012\configuration.csv,447,2026-07-15T10:55:19.000,9ad0a38d996cad46faa17934ea35072d13a91d0405cf5209fc526ba219402230
jd_jq_audit,C:\Users\catkin\Documents\baseline_zhou\baseline_zhou-main\baseline_zhou-main\zhou_icf_mpc_constraint_audit_v1,results\focused_scan\20260715_104605\cases\B_C02_012\metrics.csv,2554,2026-07-15T10:55:19.000,fafaf1f091dfe2527681fa8f833f76b81d0d409b4839b4ba84821c217c8f6b3c
jd_jq_audit,C:\Users\catkin\Documents\baseline_zhou\baseline_zhou-main\baseline_zhou-main\zhou_icf_mpc_constraint_audit_v1,results\focused_scan\20260715_104605\cases\B_C02_013\configuration.csv,434,2026-07-15T10:55:19.000,deeb48c8b884b973c43d5ee25de89c40bf6007b2f6fe0700ac095712db92994e
jd_jq_audit,C:\Users\catkin\Documents\baseline_zhou\baseline_zhou-main\baseline_zhou-main\zhou_icf_mpc_constraint_audit_v1,results\focused_scan\20260715_104605\cases\B_C02_013\metrics.csv,2560,2026-07-15T10:55:19.000,eef5725efcef0c267ba93b0bf26346fbbe3fe5132dd6ddf94d6feb263f04767f
jd_jq_audit,C:\Users\catkin\Documents\baseline_zhou\baseline_zhou-main\baseline_zhou-main\zhou_icf_mpc_constraint_audit_v1,results\focused_scan\20260715_104605\cases\B_C02_014\configuration.csv,474,2026-07-15T10:55:19.000,3b47a9f0b514071c2f93d53d03da94b26db4a48fcd2e3018446c5a035c99ef7e
jd_jq_audit,C:\Users\catkin\Documents\baseline_zhou\baseline_zhou-main\baseline_zhou-main\zhou_icf_mpc_constraint_audit_v1,results\focused_scan\20260715_104605\cases\B_C02_014\metrics.csv,2595,2026-07-15T10:55:20.000,80d392b59b68621f7f77736b8480072669c4a91337fd9c707ec9627105def28d
jd_jq_audit,C:\Users\catkin\Documents\baseline_zhou\baseline_zhou-main\baseline_zhou-main\zhou_icf_mpc_constraint_audit_v1,results\focused_scan\20260715_104605\cases\B_C02_015\configuration.csv,406,2026-07-15T10:55:20.000,ea9e5490dfee7b6ba20fcecaa95c14403e23daae20f820d88d4cbfd3e8386e9b
jd_jq_audit,C:\Users\catkin\Documents\baseline_zhou\baseline_zhou-main\baseline_zhou-main\zhou_icf_mpc_constraint_audit_v1,results\focused_scan\20260715_104605\cases\B_C02_015\metrics.csv,2533,2026-07-15T10:55:20.000,7c2236b03735e1e08b7b952a56e2f3e6d8d7a61040a770052d19f2235158a909
jd_jq_audit,C:\Users\catkin\Documents\baseline_zhou\baseline_zhou-main\baseline_zhou-main\zhou_icf_mpc_constraint_audit_v1,results\focused_scan\20260715_104605\cases\B_C02_016\configuration.csv,428,2026-07-15T10:55:20.000,b52561e0dd6f1ec237a8c031ad4bb0016c9e7c31e65a4d06f8e66e966ca0faa3
jd_jq_audit,C:\Users\catkin\Documents\baseline_zhou\baseline_zhou-main\baseline_zhou-main\zhou_icf_mpc_constraint_audit_v1,results\focused_scan\20260715_104605\cases\B_C02_016\metrics.csv,2536,2026-07-15T10:55:20.000,b56748e62ce374ff7e9a1a2c1db0c404076158660057bd0e864ee11f0cd941c8
jd_jq_audit,C:\Users\catkin\Documents\baseline_zhou\baseline_zhou-main\baseline_zhou-main\zhou_icf_mpc_constraint_audit_v1,results\focused_scan\20260715_104605\cases\B_C02_017\configuration.csv,455,2026-07-15T10:55:20.000,78abea645c1bfa1d72ba7e3aee557ed7b637cf1b76728dcee7484ec13f9dab6e
jd_jq_audit,C:\Users\catkin\Documents\baseline_zhou\baseline_zhou-main\baseline_zhou-main\zhou_icf_mpc_constraint_audit_v1,results\focused_scan\20260715_104605\cases\B_C02_017\metrics.csv,2576,2026-07-15T10:55:21.000,b0318190ca92fc1290fa62cb6efe9af032cf338e46aa0dae8c34a8b6df6433d5
jd_jq_audit,C:\Users\catkin\Documents\baseline_zhou\baseline_zhou-main\baseline_zhou-main\zhou_icf_mpc_constraint_audit_v1,results\focused_scan\20260715_104605\cases\B_C03_001\configuration.csv,434,2026-07-15T10:55:21.000,0a15ffed2039cd000679a7086b6abe464a027c6d12ca527badedf9f82858de47
jd_jq_audit,C:\Users\catkin\Documents\baseline_zhou\baseline_zhou-main\baseline_zhou-main\zhou_icf_mpc_constraint_audit_v1,results\focused_scan\20260715_104605\cases\B_C03_001\metrics.csv,2578,2026-07-15T10:55:21.000,073f9e3ef70d70717c396b2721415146832656ad909d24124181b84a993696e8
jd_jq_audit,C:\Users\catkin\Documents\baseline_zhou\baseline_zhou-main\baseline_zhou-main\zhou_icf_mpc_constraint_audit_v1,results\focused_scan\20260715_104605\cases\B_C03_002\configuration.csv,427,2026-07-15T10:55:21.000,34896649edaf40741b929284ab8b445b0a5a750cebc6e8bbdb9164bc30ca8b41
jd_jq_audit,C:\Users\catkin\Documents\baseline_zhou\baseline_zhou-main\baseline_zhou-main\zhou_icf_mpc_constraint_audit_v1,results\focused_scan\20260715_104605\cases\B_C03_002\metrics.csv,2609,2026-07-15T10:55:21.000,0a97bd970dd978fc2d112e6f10bf92ee8617914b0c059e26351ea21fef6396c1
jd_jq_audit,C:\Users\catkin\Documents\baseline_zhou\baseline_zhou-main\baseline_zhou-main\zhou_icf_mpc_constraint_audit_v1,results\focused_scan\20260715_104605\cases\B_C03_003\configuration.csv,449,2026-07-15T10:55:21.000,40b0a067b9acd6b9e831cf7be8a4edf6f07d91defed7abaf851459f7d2fbb54f
jd_jq_audit,C:\Users\catkin\Documents\baseline_zhou\baseline_zhou-main\baseline_zhou-main\zhou_icf_mpc_constraint_audit_v1,results\focused_scan\20260715_104605\cases\B_C03_003\metrics.csv,2595,2026-07-15T10:55:21.000,e3705e614cb1c18a04450d58041e2969fd9496b3993842046537c545bf718335
jd_jq_audit,C:\Users\catkin\Documents\baseline_zhou\baseline_zhou-main\baseline_zhou-main\zhou_icf_mpc_constraint_audit_v1,results\focused_scan\20260715_104605\cases\B_C03_004\configuration.csv,438,2026-07-15T10:55:21.000,5a9bc9783756a2f73f3bb815e3cd2a45f7837f7e5c0c7c34928c13d2f5a7bfc1
jd_jq_audit,C:\Users\catkin\Documents\baseline_zhou\baseline_zhou-main\baseline_zhou-main\zhou_icf_mpc_constraint_audit_v1,results\focused_scan\20260715_104605\cases\B_C03_004\metrics.csv,2570,2026-07-15T10:55:21.000,d0e881e998115b746c5235808039d1e525c32879a6600b0de007046e41e27acf
jd_jq_audit,C:\Users\catkin\Documents\baseline_zhou\baseline_zhou-main\baseline_zhou-main\zhou_icf_mpc_constraint_audit_v1,results\focused_scan\20260715_104605\cases\B_C03_005\configuration.csv,425,2026-07-15T10:55:21.000,6620a9a4dc88575e24080cb4ae7cc018ccf521b7f8cf704646f7875c5a4d95b0
jd_jq_audit,C:\Users\catkin\Documents\baseline_zhou\baseline_zhou-main\baseline_zhou-main\zhou_icf_mpc_constraint_audit_v1,results\focused_scan\20260715_104605\cases\B_C03_005\metrics.csv,2554,2026-07-15T10:55:21.000,3fe38d1c6405b0f3a5432ce452b579a2ab46b9d218851132ef60b9cf63c5582e
jd_jq_audit,C:\Users\catkin\Documents\baseline_zhou\baseline_zhou-main\baseline_zhou-main\zhou_icf_mpc_constraint_audit_v1,results\focused_scan\20260715_104605\cases\B_C03_006\configuration.csv,438,2026-07-15T10:55:21.000,378521b4db70ab046a5374f4423007b7283ed2137aab0d0a5a1af0f50a0f3fdc
jd_jq_audit,C:\Users\catkin\Documents\baseline_zhou\baseline_zhou-main\baseline_zhou-main\zhou_icf_mpc_constraint_audit_v1,results\focused_scan\20260715_104605\cases\B_C03_006\metrics.csv,2581,2026-07-15T10:55:22.000,554c8db218c4fb8801522a28fbc3d49893662eb1b6f1e7ce7d8a2e9b3cf7daa1
jd_jq_audit,C:\Users\catkin\Documents\baseline_zhou\baseline_zhou-main\baseline_zhou-main\zhou_icf_mpc_constraint_audit_v1,results\focused_scan\20260715_104605\cases\B_C03_007\configuration.csv,442,2026-07-15T10:55:22.000,98de9993ea13cb83fafebfc5410025e9a923e7c336ff5f4b274e7e7c95f03338
jd_jq_audit,C:\Users\catkin\Documents\baseline_zhou\baseline_zhou-main\baseline_zhou-main\zhou_icf_mpc_constraint_audit_v1,results\focused_scan\20260715_104605\cases\B_C03_007\metrics.csv,2587,2026-07-15T10:55:22.000,5fc82a75214983bfdf7ef3b92e030b2b89490c9192d83fd854d1319278aa54d7
jd_jq_audit,C:\Users\catkin\Documents\baseline_zhou\baseline_zhou-main\baseline_zhou-main\zhou_icf_mpc_constraint_audit_v1,results\focused_scan\20260715_104605\cases\B_C03_008\configuration.csv,423,2026-07-15T10:55:22.000,a2f3aa5274df3533d764a82aeb6db61ecafbb8fcb4352e462bedf820f6280f0c
jd_jq_audit,C:\Users\catkin\Documents\baseline_zhou\baseline_zhou-main\baseline_zhou-main\zhou_icf_mpc_constraint_audit_v1,results\focused_scan\20260715_104605\cases\B_C03_008\metrics.csv,2566,2026-07-15T10:55:22.000,e19d21a0b8546efd1662aa27b423842a1c3ae1ae5debb80a31c21d647dd1035b
jd_jq_audit,C:\Users\catkin\Documents\baseline_zhou\baseline_zhou-main\baseline_zhou-main\zhou_icf_mpc_constraint_audit_v1,results\focused_scan\20260715_104605\cases\B_C03_009\configuration.csv,425,2026-07-15T10:55:22.000,4292030123a87d2d4558e8cf3bddcc313bb10be1d2ec3d34d4d4f50a859eb9ea
jd_jq_audit,C:\Users\catkin\Documents\baseline_zhou\baseline_zhou-main\baseline_zhou-main\zhou_icf_mpc_constraint_audit_v1,results\focused_scan\20260715_104605\cases\B_C03_009\metrics.csv,2556,2026-07-15T10:55:22.000,a4c91093517628c9c7c991a119eee034fc1c7f43e920df5a6fe1e99f8febf89c
jd_jq_audit,C:\Users\catkin\Documents\baseline_zhou\baseline_zhou-main\baseline_zhou-main\zhou_icf_mpc_constraint_audit_v1,results\focused_scan\20260715_104605\cases\B_C03_010\configuration.csv,425,2026-07-15T10:55:22.000,04335381c6fa0943b8cc6f9c8640fd1bd38816b092848aa6f6a5acdd01f94b3d
jd_jq_audit,C:\Users\catkin\Documents\baseline_zhou\baseline_zhou-main\baseline_zhou-main\zhou_icf_mpc_constraint_audit_v1,results\focused_scan\20260715_104605\cases\B_C03_010\metrics.csv,2565,2026-07-15T10:55:22.000,2c18e4c68548fa98cc50bae3263b1a549d76890fb9c41b774de7360f5ef04515
jd_jq_audit,C:\Users\catkin\Documents\baseline_zhou\baseline_zhou-main\baseline_zhou-main\zhou_icf_mpc_constraint_audit_v1,results\focused_scan\20260715_104605\cases\B_C03_011\configuration.csv,429,2026-07-15T10:55:22.000,637bee2fcc53f911b8d76550c6d93408ed30c5aa5d9248127715aed29bc16df1
jd_jq_audit,C:\Users\catkin\Documents\baseline_zhou\baseline_zhou-main\baseline_zhou-main\zhou_icf_mpc_constraint_audit_v1,results\focused_scan\20260715_104605\cases\B_C03_011\metrics.csv,2571,2026-07-15T10:55:22.000,9cdfbc9de9cd9d247526916c5f57a0bb0482fb726f04dd00b7eb51e32fbb5c78
jd_jq_audit,C:\Users\catkin\Documents\baseline_zhou\baseline_zhou-main\baseline_zhou-main\zhou_icf_mpc_constraint_audit_v1,results\focused_scan\20260715_104605\cases\B_C03_012\configuration.csv,439,2026-07-15T10:55:22.000,bdd238d01e4f9414153ffdd1e5189b40040b8a013a1d234df402b884c631aed6
jd_jq_audit,C:\Users\catkin\Documents\baseline_zhou\baseline_zhou-main\baseline_zhou-main\zhou_icf_mpc_constraint_audit_v1,results\focused_scan\20260715_104605\cases\B_C03_012\metrics.csv,2568,2026-07-15T10:55:23.000,32248d1f327552ac80546d55db16911ae287c0136ddee18aa62220c693bee86b
jd_jq_audit,C:\Users\catkin\Documents\baseline_zhou\baseline_zhou-main\baseline_zhou-main\zhou_icf_mpc_constraint_audit_v1,results\focused_scan\20260715_104605\cases\B_C03_013\configuration.csv,426,2026-07-15T10:55:23.000,3ef6409c7285deddc4c9426f64e114da5f8577e9c80182cf41d5fc3d6f6cdf56
jd_jq_audit,C:\Users\catkin\Documents\baseline_zhou\baseline_zhou-main\baseline_zhou-main\zhou_icf_mpc_constraint_audit_v1,results\focused_scan\20260715_104605\cases\B_C03_013\metrics.csv,2550,2026-07-15T10:55:23.000,2c1c596fe3b7ebc4bcd52cb0606cc78f6561ec58e7a6f8ef43b2cb1b8e617027
jd_jq_audit,C:\Users\catkin\Documents\baseline_zhou\baseline_zhou-main\baseline_zhou-main\zhou_icf_mpc_constraint_audit_v1,results\focused_scan\20260715_104605\cases\B_C03_014\configuration.csv,439,2026-07-15T10:55:23.000,7207860b965642910ab7666b340ac79fdb6b9fa73dcfa179b415f128dec9a7f5
jd_jq_audit,C:\Users\catkin\Documents\baseline_zhou\baseline_zhou-main\baseline_zhou-main\zhou_icf_mpc_constraint_audit_v1,results\focused_scan\20260715_104605\cases\B_C03_014\metrics.csv,2577,2026-07-15T10:55:23.000,aeddfbb95131b75695762e14d2054da3c18808d839461340e7ec67f6ba4ee518
jd_jq_audit,C:\Users\catkin\Documents\baseline_zhou\baseline_zhou-main\baseline_zhou-main\zhou_icf_mpc_constraint_audit_v1,results\focused_scan\20260715_104605\cases\B_C03_015\configuration.csv,443,2026-07-15T10:55:23.000,f992ef8845bbac94bdd7ce312e283aaf7dd0e15d131950c13385538460bb8a84
jd_jq_audit,C:\Users\catkin\Documents\baseline_zhou\baseline_zhou-main\baseline_zhou-main\zhou_icf_mpc_constraint_audit_v1,results\focused_scan\20260715_104605\cases\B_C03_015\metrics.csv,2587,2026-07-15T10:55:23.000,fea70a5bb215af97727735cc5cc724fc98687b11dfa4f80b004e9afb15e01589
jd_jq_audit,C:\Users\catkin\Documents\baseline_zhou\baseline_zhou-main\baseline_zhou-main\zhou_icf_mpc_constraint_audit_v1,results\focused_scan\20260715_104605\cases\B_C03_016\configuration.csv,424,2026-07-15T10:55:23.000,6e150033213772bb3652dc527c20201bbaf94dbb05c127805162e6c4451f9274
jd_jq_audit,C:\Users\catkin\Documents\baseline_zhou\baseline_zhou-main\baseline_zhou-main\zhou_icf_mpc_constraint_audit_v1,results\focused_scan\20260715_104605\cases\B_C03_016\metrics.csv,2568,2026-07-15T10:55:23.000,11a3d0c3532791c7a2d2d6bc473a3ede59a8c63c935ed26cca9eac1d920e2aa0
jd_jq_audit,C:\Users\catkin\Documents\baseline_zhou\baseline_zhou-main\baseline_zhou-main\zhou_icf_mpc_constraint_audit_v1,results\focused_scan\20260715_104605\cases\B_C03_017\configuration.csv,442,2026-07-15T10:55:23.000,df83af26e849b7b6ff70ad4156e06ae55af37b87bb3be09581476e826e6e2b65
jd_jq_audit,C:\Users\catkin\Documents\baseline_zhou\baseline_zhou-main\baseline_zhou-main\zhou_icf_mpc_constraint_audit_v1,results\focused_scan\20260715_104605\cases\B_C03_017\metrics.csv,2562,2026-07-15T10:55:23.000,1147c4871526a7affc5b624aa4c50ce43305b519666c83dd95c29a36d4bd3ddb
jd_jq_audit,C:\Users\catkin\Documents\baseline_zhou\baseline_zhou-main\baseline_zhou-main\zhou_icf_mpc_constraint_audit_v1,results\focused_scan\20260715_104605\cases\B_C03_018\configuration.csv,429,2026-07-15T10:55:23.000,06792192b9db366c7458d09ea564aa06a6ab06b6347d48740dc93f902b818e31
jd_jq_audit,C:\Users\catkin\Documents\baseline_zhou\baseline_zhou-main\baseline_zhou-main\zhou_icf_mpc_constraint_audit_v1,results\focused_scan\20260715_104605\cases\B_C03_018\metrics.csv,2549,2026-07-15T10:55:23.000,d1f205cec764e65e8d198e483bd978c54129467902d69e0c9424856f16ae3714
jd_jq_audit,C:\Users\catkin\Documents\baseline_zhou\baseline_zhou-main\baseline_zhou-main\zhou_icf_mpc_constraint_audit_v1,results\focused_scan\20260715_104605\cases\B_C03_019\configuration.csv,466,2026-07-15T10:55:23.000,34b4626a6fd46e8e3126acc2b2a7fee561e870be0fa9ac712f27c1f15db19234
jd_jq_audit,C:\Users\catkin\Documents\baseline_zhou\baseline_zhou-main\baseline_zhou-main\zhou_icf_mpc_constraint_audit_v1,results\focused_scan\20260715_104605\cases\B_C03_019\metrics.csv,2589,2026-07-15T10:55:24.000,add93cc3fed4ba76b063d9d96b36e2b430ac24f2d7ed54824e707adfe6bc8699
jd_jq_audit,C:\Users\catkin\Documents\baseline_zhou\baseline_zhou-main\baseline_zhou-main\zhou_icf_mpc_constraint_audit_v1,results\focused_scan\20260715_104605\cases\B_C03_020\configuration.csv,421,2026-07-15T10:55:24.000,4f2b5e4a0690efdb283d4a1023dc4a6b111cc982c08a09317cd52450fd1b91ce
jd_jq_audit,C:\Users\catkin\Documents\baseline_zhou\baseline_zhou-main\baseline_zhou-main\zhou_icf_mpc_constraint_audit_v1,results\focused_scan\20260715_104605\cases\B_C03_020\metrics.csv,2545,2026-07-15T10:55:24.000,e3e36be05af42acf1b827a57e5f0bd4021a75b08328c8071030eea883e80e4c8
jd_jq_audit,C:\Users\catkin\Documents\baseline_zhou\baseline_zhou-main\baseline_zhou-main\zhou_icf_mpc_constraint_audit_v1,results\focused_scan\20260715_104605\cases\B_C03_021\configuration.csv,423,2026-07-15T10:55:24.000,e2a40e10e5f7e84e4b145421db61bb90b5d0bd398ee708e7be757c2246fd6d3f
jd_jq_audit,C:\Users\catkin\Documents\baseline_zhou\baseline_zhou-main\baseline_zhou-main\zhou_icf_mpc_constraint_audit_v1,results\focused_scan\20260715_104605\cases\B_C03_021\metrics.csv,2544,2026-07-15T10:55:24.000,422c0ad085f6d4699027520bb34d7e6050d86e451e5c31027aa1a5c97f4347d9
jd_jq_audit,C:\Users\catkin\Documents\baseline_zhou\baseline_zhou-main\baseline_zhou-main\zhou_icf_mpc_constraint_audit_v1,results\focused_scan\20260715_104605\cases\B_C03_022\configuration.csv,447,2026-07-15T10:55:24.000,19ce4d9f07ca15cca101e09c617143d1f5dcbaa41723588f5bcb086539ec3626
jd_jq_audit,C:\Users\catkin\Documents\baseline_zhou\baseline_zhou-main\baseline_zhou-main\zhou_icf_mpc_constraint_audit_v1,results\focused_scan\20260715_104605\cases\B_C03_022\metrics.csv,2569,2026-07-15T10:55:24.000,19bd31f1d882a800340b975e6b0f47b5b82147dd8cdb7e3bb5df37b07e12c079
jd_jq_audit,C:\Users\catkin\Documents\baseline_zhou\baseline_zhou-main\baseline_zhou-main\zhou_icf_mpc_constraint_audit_v1,results\focused_scan\20260715_104605\cases\B_C04_001\configuration.csv,435,2026-07-15T10:55:24.000,985ef406ebe73ae556065dccb5024d9525ec61b127c3c32e13142a7e12563226
jd_jq_audit,C:\Users\catkin\Documents\baseline_zhou\baseline_zhou-main\baseline_zhou-main\zhou_icf_mpc_constraint_audit_v1,results\focused_scan\20260715_104605\cases\B_C04_001\metrics.csv,2581,2026-07-15T10:55:24.000,0ce1ffd13b0251634ef6ae32386d2bee37d666d45d664095105bc268583600d9
jd_jq_audit,C:\Users\catkin\Documents\baseline_zhou\baseline_zhou-main\baseline_zhou-main\zhou_icf_mpc_constraint_audit_v1,results\focused_scan\20260715_104605\cases\B_C04_002\configuration.csv,428,2026-07-15T10:55:24.000,b83f3639a0bb9238dcab249c1d7bcb500661e0c6d086b83e31368496b4b590eb
jd_jq_audit,C:\Users\catkin\Documents\baseline_zhou\baseline_zhou-main\baseline_zhou-main\zhou_icf_mpc_constraint_audit_v1,results\focused_scan\20260715_104605\cases\B_C04_002\metrics.csv,2609,2026-07-15T10:55:25.000,3216f62a1f29837ea4a6009cb22ac9bac780907b07ec066c4cb3cb8012b5250d
jd_jq_audit,C:\Users\catkin\Documents\baseline_zhou\baseline_zhou-main\baseline_zhou-main\zhou_icf_mpc_constraint_audit_v1,results\focused_scan\20260715_104605\cases\B_C04_003\configuration.csv,450,2026-07-15T10:55:25.000,f99f902bc39c9c5293c30ec65696c547a9caa15067581d4f21c9a7e2d0cd4113
jd_jq_audit,C:\Users\catkin\Documents\baseline_zhou\baseline_zhou-main\baseline_zhou-main\zhou_icf_mpc_constraint_audit_v1,results\focused_scan\20260715_104605\cases\B_C04_003\metrics.csv,2595,2026-07-15T10:55:25.000,4eb7a21dced731fab6fd220995db1d6f5b1f732d732530024516b7b0de28ac7d
jd_jq_audit,C:\Users\catkin\Documents\baseline_zhou\baseline_zhou-main\baseline_zhou-main\zhou_icf_mpc_constraint_audit_v1,results\focused_scan\20260715_104605\cases\B_C04_004\configuration.csv,439,2026-07-15T10:55:25.000,4503cc828461f1b38413a20b221255ee16b556a18f06e2e8c0c8934334981cc5
jd_jq_audit,C:\Users\catkin\Documents\baseline_zhou\baseline_zhou-main\baseline_zhou-main\zhou_icf_mpc_constraint_audit_v1,results\focused_scan\20260715_104605\cases\B_C04_004\metrics.csv,2571,2026-07-15T10:55:25.000,af9a004cb0838d8630439e680f5a23c28688c34c7a527022b318757df6b4c2eb
jd_jq_audit,C:\Users\catkin\Documents\baseline_zhou\baseline_zhou-main\baseline_zhou-main\zhou_icf_mpc_constraint_audit_v1,results\focused_scan\20260715_104605\cases\B_C04_005\configuration.csv,426,2026-07-15T10:55:25.000,737ab5fc4fc485f59812ea7ca043e8100e133dda8bccae98dfcc4e8fd49bb758
jd_jq_audit,C:\Users\catkin\Documents\baseline_zhou\baseline_zhou-main\baseline_zhou-main\zhou_icf_mpc_constraint_audit_v1,results\focused_scan\20260715_104605\cases\B_C04_005\metrics.csv,2556,2026-07-15T10:55:25.000,3b1c94278131b7b5f83f7a41e4939ebc73a901694a1abf2f10bb39ea9fd07500
jd_jq_audit,C:\Users\catkin\Documents\baseline_zhou\baseline_zhou-main\baseline_zhou-main\zhou_icf_mpc_constraint_audit_v1,results\focused_scan\20260715_104605\cases\B_C04_006\configuration.csv,439,2026-07-15T10:55:25.000,d82caf73552cec149929a3e1dbd9040ac933fc00e7ef3a02b837c88a290fbf0b
jd_jq_audit,C:\Users\catkin\Documents\baseline_zhou\baseline_zhou-main\baseline_zhou-main\zhou_icf_mpc_constraint_audit_v1,results\focused_scan\20260715_104605\cases\B_C04_006\metrics.csv,2585,2026-07-15T10:55:25.000,1b377364869164126316b35a9a192bd922292e7d16fe1de1616f829127342c1c
jd_jq_audit,C:\Users\catkin\Documents\baseline_zhou\baseline_zhou-main\baseline_zhou-main\zhou_icf_mpc_constraint_audit_v1,results\focused_scan\20260715_104605\cases\B_C04_007\configuration.csv,426,2026-07-15T10:55:25.000,b99a0cfd0ffee029853d2973bb3151f7167857a7739e2345ea0539265fd19e10
jd_jq_audit,C:\Users\catkin\Documents\baseline_zhou\baseline_zhou-main\baseline_zhou-main\zhou_icf_mpc_constraint_audit_v1,results\focused_scan\20260715_104605\cases\B_C04_007\metrics.csv,2559,2026-07-15T10:55:25.000,9dcec939e11a582572b69f6845031737afae4f1bbaf72858005f5f018d62d3f9
jd_jq_audit,C:\Users\catkin\Documents\baseline_zhou\baseline_zhou-main\baseline_zhou-main\zhou_icf_mpc_constraint_audit_v1,results\focused_scan\20260715_104605\cases\B_C04_008\configuration.csv,426,2026-07-15T10:55:25.000,cf1cdf1e17e8ef8b5af6847d437e5f66270b9db052b71cd3f9c9613e1eccf6e6
jd_jq_audit,C:\Users\catkin\Documents\baseline_zhou\baseline_zhou-main\baseline_zhou-main\zhou_icf_mpc_constraint_audit_v1,results\focused_scan\20260715_104605\cases\B_C04_008\metrics.csv,2574,2026-07-15T10:55:26.000,02f99d2ae2fdb524fef5b8462cb8ee6d8c787bc3dfd02831a2742f8a32a6e338
jd_jq_audit,C:\Users\catkin\Documents\baseline_zhou\baseline_zhou-main\baseline_zhou-main\zhou_icf_mpc_constraint_audit_v1,results\focused_scan\20260715_104605\cases\B_C04_009\configuration.csv,440,2026-07-15T10:55:26.000,4cd709a2832baafbcc09fb60b37ae41d1f74f1cd4909689dc37618bd0e4c1715
jd_jq_audit,C:\Users\catkin\Documents\baseline_zhou\baseline_zhou-main\baseline_zhou-main\zhou_icf_mpc_constraint_audit_v1,results\focused_scan\20260715_104605\cases\B_C04_009\metrics.csv,2576,2026-07-15T10:55:26.000,e1982528d8910bfddd0c8d5637c9da8204b336757bcbea8d9e29674949478b50
jd_jq_audit,C:\Users\catkin\Documents\baseline_zhou\baseline_zhou-main\baseline_zhou-main\zhou_icf_mpc_constraint_audit_v1,results\focused_scan\20260715_104605\cases\B_C04_010\configuration.csv,427,2026-07-15T10:55:26.000,ba031975cbf966288f66ae22f00aaee24a4d62dbeec177ccad533dde6086388e
jd_jq_audit,C:\Users\catkin\Documents\baseline_zhou\baseline_zhou-main\baseline_zhou-main\zhou_icf_mpc_constraint_audit_v1,results\focused_scan\20260715_104605\cases\B_C04_010\metrics.csv,2560,2026-07-15T10:55:26.000,8f724e16369cfc935a8f89ff42752104ae9152ab3f80e64c666a9a85ebe7932f
jd_jq_audit,C:\Users\catkin\Documents\baseline_zhou\baseline_zhou-main\baseline_zhou-main\zhou_icf_mpc_constraint_audit_v1,results\focused_scan\20260715_104605\cases\B_C04_011\configuration.csv,440,2026-07-15T10:55:26.000,6a4923a355520942df6fa11f28297f1219648c95707c2e23623f63f3c3f406ac
jd_jq_audit,C:\Users\catkin\Documents\baseline_zhou\baseline_zhou-main\baseline_zhou-main\zhou_icf_mpc_constraint_audit_v1,results\focused_scan\20260715_104605\cases\B_C04_011\metrics.csv,2583,2026-07-15T10:55:26.000,02ba25a514e3c75f0d712d7ea158aa04b44a09c8ac4ca18e89ff3c0a40080fe4
jd_jq_audit,C:\Users\catkin\Documents\baseline_zhou\baseline_zhou-main\baseline_zhou-main\zhou_icf_mpc_constraint_audit_v1,results\focused_scan\20260715_104605\cases\B_C04_012\configuration.csv,444,2026-07-15T10:55:26.000,cfdbe8b33ced5a33c24f73e279cf57270b7a59db97f37b03e638d1ea3bd34146
jd_jq_audit,C:\Users\catkin\Documents\baseline_zhou\baseline_zhou-main\baseline_zhou-main\zhou_icf_mpc_constraint_audit_v1,results\focused_scan\20260715_104605\cases\B_C04_012\metrics.csv,2584,2026-07-15T10:55:26.000,4a6d0c77b065c505615e5e5726dfdaedb985152767cb239c07c92702144693f8
jd_jq_audit,C:\Users\catkin\Documents\baseline_zhou\baseline_zhou-main\baseline_zhou-main\zhou_icf_mpc_constraint_audit_v1,results\focused_scan\20260715_104605\cases\B_C04_013\configuration.csv,425,2026-07-15T10:55:26.000,f70797542fbdfa0899705d8057946ea699811506332c41933b8d89f14fedf60f
jd_jq_audit,C:\Users\catkin\Documents\baseline_zhou\baseline_zhou-main\baseline_zhou-main\zhou_icf_mpc_constraint_audit_v1,results\focused_scan\20260715_104605\cases\B_C04_013\metrics.csv,2565,2026-07-15T10:55:26.000,e91ed6d317d507c4fe3b2a92ab9dc794d089b13880609f9fe35dff101233f4d3
jd_jq_audit,C:\Users\catkin\Documents\baseline_zhou\baseline_zhou-main\baseline_zhou-main\zhou_icf_mpc_constraint_audit_v1,results\focused_scan\20260715_104605\cases\B_C04_014\configuration.csv,430,2026-07-15T10:55:26.000,09f3539ea5424c5e2ffd1832a41761d9679627ee0f27bcaccc3065287171eeb6
jd_jq_audit,C:\Users\catkin\Documents\baseline_zhou\baseline_zhou-main\baseline_zhou-main\zhou_icf_mpc_constraint_audit_v1,results\focused_scan\20260715_104605\cases\B_C04_014\metrics.csv,2571,2026-07-15T10:55:27.000,d94859559ce0bf4451ecaaa27a7d05d08f0b44436ff8e322ae242c4864b4859d
jd_jq_audit,C:\Users\catkin\Documents\baseline_zhou\baseline_zhou-main\baseline_zhou-main\zhou_icf_mpc_constraint_audit_v1,results\focused_scan\20260715_104605\cases\B_C04_015\configuration.csv,443,2026-07-15T10:55:27.000,0956d5c79a993e98585cf388d7114044c4e2539a289db2e8b504bec02e0b6180
jd_jq_audit,C:\Users\catkin\Documents\baseline_zhou\baseline_zhou-main\baseline_zhou-main\zhou_icf_mpc_constraint_audit_v1,results\focused_scan\20260715_104605\cases\B_C04_015\metrics.csv,2586,2026-07-15T10:55:27.000,338aaa89e1ed0c1cc70832696ed696b8bee0e5fff81855b5737adce895f15ee4
jd_jq_audit,C:\Users\catkin\Documents\baseline_zhou\baseline_zhou-main\baseline_zhou-main\zhou_icf_mpc_constraint_audit_v1,results\focused_scan\20260715_104605\cases\B_C04_016\configuration.csv,424,2026-07-15T10:55:27.000,d6e06bc9e4a06c14c4430db970d8e4cf5e1cc880177960516e99c01fe588a1ec
jd_jq_audit,C:\Users\catkin\Documents\baseline_zhou\baseline_zhou-main\baseline_zhou-main\zhou_icf_mpc_constraint_audit_v1,results\focused_scan\20260715_104605\cases\B_C04_016\metrics.csv,2548,2026-07-15T10:55:27.000,e6cb579fd1b33e15809d60a2b4c7e0da1d69a5d811600faae3fab52cb2433357
jd_jq_audit,C:\Users\catkin\Documents\baseline_zhou\baseline_zhou-main\baseline_zhou-main\zhou_icf_mpc_constraint_audit_v1,results\focused_scan\20260715_104605\cases\B_C04_017\configuration.csv,443,2026-07-15T10:55:27.000,dcc73efd8a7c2931800ac9291047b6f5dacdd7329bf0e193c64db2392c5934e8
jd_jq_audit,C:\Users\catkin\Documents\baseline_zhou\baseline_zhou-main\baseline_zhou-main\zhou_icf_mpc_constraint_audit_v1,results\focused_scan\20260715_104605\cases\B_C04_017\metrics.csv,2584,2026-07-15T10:55:27.000,d10e70345b1bd1be084733ee6f1f7bdb75750082fb11d9490a03cc9615817cfa
jd_jq_audit,C:\Users\catkin\Documents\baseline_zhou\baseline_zhou-main\baseline_zhou-main\zhou_icf_mpc_constraint_audit_v1,results\focused_scan\20260715_104605\cases\B_C04_018\configuration.csv,430,2026-07-15T10:55:27.000,20423ab0bacb54928e6dc57794dc570d3c4247cce6ddf3beadf90af8efcfddc5
jd_jq_audit,C:\Users\catkin\Documents\baseline_zhou\baseline_zhou-main\baseline_zhou-main\zhou_icf_mpc_constraint_audit_v1,results\focused_scan\20260715_104605\cases\B_C04_018\metrics.csv,2553,2026-07-15T10:55:27.000,eb9b280179f5d2616c4bac1b2c0a428dd5c452e0ded6048d384b258804ab35de
jd_jq_audit,C:\Users\catkin\Documents\baseline_zhou\baseline_zhou-main\baseline_zhou-main\zhou_icf_mpc_constraint_audit_v1,results\focused_scan\20260715_104605\cases\B_C04_019\configuration.csv,467,2026-07-15T10:55:27.000,d0c047c7018c5540dc5c8de5de4fb1b498083722236bbe2c0024e7497f66665f
jd_jq_audit,C:\Users\catkin\Documents\baseline_zhou\baseline_zhou-main\baseline_zhou-main\zhou_icf_mpc_constraint_audit_v1,results\focused_scan\20260715_104605\cases\B_C04_019\metrics.csv,2591,2026-07-15T10:55:27.000,64a871afff0a6efd0742487a8152b15acf0ad7b8ce749a0d17ccf74e10297184
jd_jq_audit,C:\Users\catkin\Documents\baseline_zhou\baseline_zhou-main\baseline_zhou-main\zhou_icf_mpc_constraint_audit_v1,results\focused_scan\20260715_104605\cases\B_C04_020\configuration.csv,422,2026-07-15T10:55:27.000,13421c6135024438b3c2266d02573373ae71a556f2db83bb614730adb06b83e5
jd_jq_audit,C:\Users\catkin\Documents\baseline_zhou\baseline_zhou-main\baseline_zhou-main\zhou_icf_mpc_constraint_audit_v1,results\focused_scan\20260715_104605\cases\B_C04_020\metrics.csv,2545,2026-07-15T10:55:28.000,8d7042b2e14d0199efa3178d4e53a8bf5577e6ccd00f6f5b162710d370c9698c
jd_jq_audit,C:\Users\catkin\Documents\baseline_zhou\baseline_zhou-main\baseline_zhou-main\zhou_icf_mpc_constraint_audit_v1,results\focused_scan\20260715_104605\cases\B_C04_021\configuration.csv,424,2026-07-15T10:55:28.000,754ea1b938370e4e00e4572ece2cdc11d705303bb3c45203d19e224eb77dfb6f
jd_jq_audit,C:\Users\catkin\Documents\baseline_zhou\baseline_zhou-main\baseline_zhou-main\zhou_icf_mpc_constraint_audit_v1,results\focused_scan\20260715_104605\cases\B_C04_021\metrics.csv,2543,2026-07-15T10:55:28.000,27b130770b5cf1861ffbfb994badfffc0dcc88d812106c7f778ac9fda4485ee6
jd_jq_audit,C:\Users\catkin\Documents\baseline_zhou\baseline_zhou-main\baseline_zhou-main\zhou_icf_mpc_constraint_audit_v1,results\focused_scan\20260715_104605\cases\B_C04_022\configuration.csv,448,2026-07-15T10:55:28.000,540ffb0eece94a8104046e080ab7a5351b284069633c7c38edfe1e38116d9148
jd_jq_audit,C:\Users\catkin\Documents\baseline_zhou\baseline_zhou-main\baseline_zhou-main\zhou_icf_mpc_constraint_audit_v1,results\focused_scan\20260715_104605\cases\B_C04_022\metrics.csv,2570,2026-07-15T10:55:28.000,88e00d8e4d9265d9822735ed675ff43ab47c2259ff08db8554edd6147fb41181
jd_jq_audit,C:\Users\catkin\Documents\baseline_zhou\baseline_zhou-main\baseline_zhou-main\zhou_icf_mpc_constraint_audit_v1,results\focused_scan\20260715_104605\cases\B_C07_001\configuration.csv,428,2026-07-15T10:55:28.000,f1e440c7a8c76604c0605851828d89baf19506944e07fe08128851ac63245521
jd_jq_audit,C:\Users\catkin\Documents\baseline_zhou\baseline_zhou-main\baseline_zhou-main\zhou_icf_mpc_constraint_audit_v1,results\focused_scan\20260715_104605\cases\B_C07_001\metrics.csv,2575,2026-07-15T10:55:28.000,b1b1bde869c39c67a99d86ad2a5b331fb315cfbcaeacdcb816758d3d264336e3
jd_jq_audit,C:\Users\catkin\Documents\baseline_zhou\baseline_zhou-main\baseline_zhou-main\zhou_icf_mpc_constraint_audit_v1,results\focused_scan\20260715_104605\cases\B_C07_002\configuration.csv,421,2026-07-15T10:55:28.000,685ac57c033699c638c541f2d4964676436c4155e52cab663173822f2c049f99
jd_jq_audit,C:\Users\catkin\Documents\baseline_zhou\baseline_zhou-main\baseline_zhou-main\zhou_icf_mpc_constraint_audit_v1,results\focused_scan\20260715_104605\cases\B_C07_002\metrics.csv,2611,2026-07-15T10:55:29.000,57e8e3df847ab6d41f5fbbd13b8cafffa3810cd33d341c741846a99b074ba93d
jd_jq_audit,C:\Users\catkin\Documents\baseline_zhou\baseline_zhou-main\baseline_zhou-main\zhou_icf_mpc_constraint_audit_v1,results\focused_scan\20260715_104605\cases\B_C07_003\configuration.csv,443,2026-07-15T10:55:29.000,146b490a7868b5492f6231d9c8d53523630869d85156fceb513137e46ac29995
jd_jq_audit,C:\Users\catkin\Documents\baseline_zhou\baseline_zhou-main\baseline_zhou-main\zhou_icf_mpc_constraint_audit_v1,results\focused_scan\20260715_104605\cases\B_C07_003\metrics.csv,2589,2026-07-15T10:55:29.000,5941c60f35d1681770399f22e4226d92c9305f1009c3cc28f472e2ea5f734389
jd_jq_audit,C:\Users\catkin\Documents\baseline_zhou\baseline_zhou-main\baseline_zhou-main\zhou_icf_mpc_constraint_audit_v1,results\focused_scan\20260715_104605\cases\B_C07_004\configuration.csv,432,2026-07-15T10:55:29.000,fbb5ead4400626a99d702a87350738292a8bddecbbe9c6bbcd301c06aebc40df
jd_jq_audit,C:\Users\catkin\Documents\baseline_zhou\baseline_zhou-main\baseline_zhou-main\zhou_icf_mpc_constraint_audit_v1,results\focused_scan\20260715_104605\cases\B_C07_004\metrics.csv,2569,2026-07-15T10:55:29.000,3b35eedb9952d31cc2da292dedfa3996a6cdf556c99eb80ca25e9c5a0d638730
jd_jq_audit,C:\Users\catkin\Documents\baseline_zhou\baseline_zhou-main\baseline_zhou-main\zhou_icf_mpc_constraint_audit_v1,results\focused_scan\20260715_104605\cases\B_C07_005\configuration.csv,419,2026-07-15T10:55:29.000,953c8cb13c2a1cc842bc63fbe6339ee16f72f72f3ea95b1b30887fd62175b871
jd_jq_audit,C:\Users\catkin\Documents\baseline_zhou\baseline_zhou-main\baseline_zhou-main\zhou_icf_mpc_constraint_audit_v1,results\focused_scan\20260715_104605\cases\B_C07_005\metrics.csv,2546,2026-07-15T10:55:30.000,34fb911bc22f42f9088ff18abd49245e9246e33da9519af7b396a55c6b8bb06b
jd_jq_audit,C:\Users\catkin\Documents\baseline_zhou\baseline_zhou-main\baseline_zhou-main\zhou_icf_mpc_constraint_audit_v1,results\focused_scan\20260715_104605\cases\B_C07_006\configuration.csv,432,2026-07-15T10:55:30.000,16a53a50c5b56577fca6045eac7ca67abb7f282973360c5733c2fb8f267b584d
jd_jq_audit,C:\Users\catkin\Documents\baseline_zhou\baseline_zhou-main\baseline_zhou-main\zhou_icf_mpc_constraint_audit_v1,results\focused_scan\20260715_104605\cases\B_C07_006\metrics.csv,2564,2026-07-15T10:55:30.000,dd759c8a34fdece94f3f0b75a6bf39c4b366d4cda3a62a9e9fc1c1a41a415f72
jd_jq_audit,C:\Users\catkin\Documents\baseline_zhou\baseline_zhou-main\baseline_zhou-main\zhou_icf_mpc_constraint_audit_v1,results\focused_scan\20260715_104605\cases\B_C07_007\configuration.csv,419,2026-07-15T10:55:30.000,9ac899f53994b7ec3874831e1cd340b99594e424697518f7fb6e51a9d6460c18
jd_jq_audit,C:\Users\catkin\Documents\baseline_zhou\baseline_zhou-main\baseline_zhou-main\zhou_icf_mpc_constraint_audit_v1,results\focused_scan\20260715_104605\cases\B_C07_007\metrics.csv,2557,2026-07-15T10:55:30.000,a18e15697ca8b2929e10bc3e3bf24efa7e7c14bf70160ebd713cae8c786be99c
jd_jq_audit,C:\Users\catkin\Documents\baseline_zhou\baseline_zhou-main\baseline_zhou-main\zhou_icf_mpc_constraint_audit_v1,results\focused_scan\20260715_104605\cases\B_C07_008\configuration.csv,419,2026-07-15T10:55:30.000,250375fc7c87a1cd7004667012ab01d48baed289d6132198725cee2ba3f7caa5
jd_jq_audit,C:\Users\catkin\Documents\baseline_zhou\baseline_zhou-main\baseline_zhou-main\zhou_icf_mpc_constraint_audit_v1,results\focused_scan\20260715_104605\cases\B_C07_008\metrics.csv,2551,2026-07-15T10:55:31.000,645edf2aff78f7a4ff90ecc9ba5735c770dbdc4cb215b78547ecb869e5c25f80
jd_jq_audit,C:\Users\catkin\Documents\baseline_zhou\baseline_zhou-main\baseline_zhou-main\zhou_icf_mpc_constraint_audit_v1,results\focused_scan\20260715_104605\cases\B_C07_009\configuration.csv,433,2026-07-15T10:55:31.000,9bf7adb2dc3002c025cecdf9dd17d27edc2ef9e313fb99dcfeb280ceb8eaedb8
jd_jq_audit,C:\Users\catkin\Documents\baseline_zhou\baseline_zhou-main\baseline_zhou-main\zhou_icf_mpc_constraint_audit_v1,results\focused_scan\20260715_104605\cases\B_C07_009\metrics.csv,2570,2026-07-15T10:55:31.000,d8e34357642010471c8b75b35ba67eed9cdd8bd09d72a20668e4f593c94134a4
jd_jq_audit,C:\Users\catkin\Documents\baseline_zhou\baseline_zhou-main\baseline_zhou-main\zhou_icf_mpc_constraint_audit_v1,results\focused_scan\20260715_104605\cases\B_C07_010\configuration.csv,420,2026-07-15T10:55:31.000,4744450e162c7e85755443809192eab1ae69f9058cd8521ac46062d714eb53b4
jd_jq_audit,C:\Users\catkin\Documents\baseline_zhou\baseline_zhou-main\baseline_zhou-main\zhou_icf_mpc_constraint_audit_v1,results\focused_scan\20260715_104605\cases\B_C07_010\metrics.csv,2554,2026-07-15T10:55:31.000,e0f9a42be08e3cfe6af616e91e4d6dd2da8618ce1bf09251d41e37048ca77bb5
jd_jq_audit,C:\Users\catkin\Documents\baseline_zhou\baseline_zhou-main\baseline_zhou-main\zhou_icf_mpc_constraint_audit_v1,results\focused_scan\20260715_104605\cases\B_C07_011\configuration.csv,433,2026-07-15T10:55:31.000,4f7375a7af7850e09be49c65bd562aa0f91f2034bbb137ea92b1372e26fe4132
jd_jq_audit,C:\Users\catkin\Documents\baseline_zhou\baseline_zhou-main\baseline_zhou-main\zhou_icf_mpc_constraint_audit_v1,results\focused_scan\20260715_104605\cases\B_C07_011\metrics.csv,2561,2026-07-15T10:55:32.000,cff1863d9efff7936e440779df5865c5a785b49e5ee397a426cda15d30e8a145
jd_jq_audit,C:\Users\catkin\Documents\baseline_zhou\baseline_zhou-main\baseline_zhou-main\zhou_icf_mpc_constraint_audit_v1,results\focused_scan\20260715_104605\cases\B_C07_012\configuration.csv,437,2026-07-15T10:55:32.000,db9fccc03550256dd6813d6acd7c0a671cbfb1935444dd6ea1e642259d0db0c9
jd_jq_audit,C:\Users\catkin\Documents\baseline_zhou\baseline_zhou-main\baseline_zhou-main\zhou_icf_mpc_constraint_audit_v1,results\focused_scan\20260715_104605\cases\B_C07_012\metrics.csv,2586,2026-07-15T10:55:32.000,98be081d305cf82944b36e89243789605ccc06d183fe4c5009e39fd5c8307641
jd_jq_audit,C:\Users\catkin\Documents\baseline_zhou\baseline_zhou-main\baseline_zhou-main\zhou_icf_mpc_constraint_audit_v1,results\focused_scan\20260715_104605\cases\B_C07_013\configuration.csv,418,2026-07-15T10:55:32.000,86730fa1ef4eaf4aa8cba145401b9db48567131045680454a17e7097614daabf
jd_jq_audit,C:\Users\catkin\Documents\baseline_zhou\baseline_zhou-main\baseline_zhou-main\zhou_icf_mpc_constraint_audit_v1,results\focused_scan\20260715_104605\cases\B_C07_013\metrics.csv,2545,2026-07-15T10:55:33.000,fc799dc2a621ef2af006038f787fedf713e6a2f01f8146aa1172dd5c7ee9279e
jd_jq_audit,C:\Users\catkin\Documents\baseline_zhou\baseline_zhou-main\baseline_zhou-main\zhou_icf_mpc_constraint_audit_v1,results\focused_scan\20260715_104605\cases\B_C07_014\configuration.csv,423,2026-07-15T10:55:33.000,daaac3ffab7e26a968c6bff17e63acd335088ab67ced81348a90bf2417eb4b4b
jd_jq_audit,C:\Users\catkin\Documents\baseline_zhou\baseline_zhou-main\baseline_zhou-main\zhou_icf_mpc_constraint_audit_v1,results\focused_scan\20260715_104605\cases\B_C07_014\metrics.csv,2550,2026-07-15T10:55:33.000,126847ea0d2e95357619aa31d53f34b981283eb508555e1d04f8208a75de76a6
jd_jq_audit,C:\Users\catkin\Documents\baseline_zhou\baseline_zhou-main\baseline_zhou-main\zhou_icf_mpc_constraint_audit_v1,results\focused_scan\20260715_104605\cases\B_C07_015\configuration.csv,436,2026-07-15T10:55:33.000,2646c01a5ef3704d68d36dc6365ec182169d4d9076a9a84a1b3b019f1c160489
jd_jq_audit,C:\Users\catkin\Documents\baseline_zhou\baseline_zhou-main\baseline_zhou-main\zhou_icf_mpc_constraint_audit_v1,results\focused_scan\20260715_104605\cases\B_C07_015\metrics.csv,2561,2026-07-15T10:55:33.000,389945816a273c90b603e07ae305292139b5492e589f343bc473c75bb593cb22
jd_jq_audit,C:\Users\catkin\Documents\baseline_zhou\baseline_zhou-main\baseline_zhou-main\zhou_icf_mpc_constraint_audit_v1,results\focused_scan\20260715_104605\cases\B_C07_016\configuration.csv,417,2026-07-15T10:55:33.000,0ef5c8ff390f2c81bd144b206fce5494c36898ebcdb19af83984da5950173af1
jd_jq_audit,C:\Users\catkin\Documents\baseline_zhou\baseline_zhou-main\baseline_zhou-main\zhou_icf_mpc_constraint_audit_v1,results\focused_scan\20260715_104605\cases\B_C07_016\metrics.csv,2541,2026-07-15T10:55:34.000,4dac3c323cd42934f3e3daa03c88baa32cd8f8a70095bb2f58738bfe90fa9b9e
jd_jq_audit,C:\Users\catkin\Documents\baseline_zhou\baseline_zhou-main\baseline_zhou-main\zhou_icf_mpc_constraint_audit_v1,results\focused_scan\20260715_104605\cases\B_C07_017\configuration.csv,436,2026-07-15T10:55:34.000,c514ae6b16ff05a43c273c8725316575b54f80065fbf2bc67f767d7feabc4203
jd_jq_audit,C:\Users\catkin\Documents\baseline_zhou\baseline_zhou-main\baseline_zhou-main\zhou_icf_mpc_constraint_audit_v1,results\focused_scan\20260715_104605\cases\B_C07_017\metrics.csv,2547,2026-07-15T10:55:34.000,8b6a201965b50b29e09005ed030ca59923216811a15186c25a9d48eb6618223b
jd_jq_audit,C:\Users\catkin\Documents\baseline_zhou\baseline_zhou-main\baseline_zhou-main\zhou_icf_mpc_constraint_audit_v1,results\focused_scan\20260715_104605\cases\B_C07_018\configuration.csv,423,2026-07-15T10:55:34.000,3d6407be5a565f31cb0785b677e4d5780853fd282be263be089208890f80cc63
jd_jq_audit,C:\Users\catkin\Documents\baseline_zhou\baseline_zhou-main\baseline_zhou-main\zhou_icf_mpc_constraint_audit_v1,results\focused_scan\20260715_104605\cases\B_C07_018\metrics.csv,2545,2026-07-15T10:55:35.000,50170fa4987311c0599a9fd8a55f86ee81c74bb58c6caee63ec6a985e66a5552
jd_jq_audit,C:\Users\catkin\Documents\baseline_zhou\baseline_zhou-main\baseline_zhou-main\zhou_icf_mpc_constraint_audit_v1,results\focused_scan\20260715_104605\cases\B_C07_019\configuration.csv,460,2026-07-15T10:55:35.000,b6d2956b58f8f1a988e29c9fe2a7ed712d2924fedab850b7948f71aa5ef72939
jd_jq_audit,C:\Users\catkin\Documents\baseline_zhou\baseline_zhou-main\baseline_zhou-main\zhou_icf_mpc_constraint_audit_v1,results\focused_scan\20260715_104605\cases\B_C07_019\metrics.csv,2582,2026-07-15T10:55:35.000,68325f387b1cab3db34a623745ff50d8a19538337dec4fcb352144883d4f5d88
jd_jq_audit,C:\Users\catkin\Documents\baseline_zhou\baseline_zhou-main\baseline_zhou-main\zhou_icf_mpc_constraint_audit_v1,results\focused_scan\20260715_104605\cases\B_C07_020\configuration.csv,415,2026-07-15T10:55:35.000,9cb704fa5d78adade02ef0d6478cd9efdc99f5087d6188e67145951d21e25afe
jd_jq_audit,C:\Users\catkin\Documents\baseline_zhou\baseline_zhou-main\baseline_zhou-main\zhou_icf_mpc_constraint_audit_v1,results\focused_scan\20260715_104605\cases\B_C07_020\metrics.csv,2542,2026-07-15T10:55:35.000,d1527b29a212808c47cb0d27e2c4537656e74b4f3b49db8db85153cbbfdbf9fe
jd_jq_audit,C:\Users\catkin\Documents\baseline_zhou\baseline_zhou-main\baseline_zhou-main\zhou_icf_mpc_constraint_audit_v1,results\focused_scan\20260715_104605\cases\B_C07_021\configuration.csv,417,2026-07-15T10:55:35.000,13c4588730f8a1ba512bdca4fa9e95a03c6afc5ca3f8922a130a4cb5137b3241
jd_jq_audit,C:\Users\catkin\Documents\baseline_zhou\baseline_zhou-main\baseline_zhou-main\zhou_icf_mpc_constraint_audit_v1,results\focused_scan\20260715_104605\cases\B_C07_021\metrics.csv,2522,2026-07-15T10:55:36.000,e5a13063205e1befe46446ca2053665b1de01f789ed473280bfa42813eff494e
jd_jq_audit,C:\Users\catkin\Documents\baseline_zhou\baseline_zhou-main\baseline_zhou-main\zhou_icf_mpc_constraint_audit_v1,results\focused_scan\20260715_104605\cases\B_C07_022\configuration.csv,441,2026-07-15T10:55:36.000,265c12ecc16131d1ab0f9eea3cddb249e9a16a41ac34d8654fc7e885b0deb2f4
jd_jq_audit,C:\Users\catkin\Documents\baseline_zhou\baseline_zhou-main\baseline_zhou-main\zhou_icf_mpc_constraint_audit_v1,results\focused_scan\20260715_104605\cases\B_C07_022\metrics.csv,2568,2026-07-15T10:55:36.000,f187c9060795a4973a783c1b870a984b73aef2bf4a7e3c94a8c69af85cd616d3
jd_jq_audit,C:\Users\catkin\Documents\baseline_zhou\baseline_zhou-main\baseline_zhou-main\zhou_icf_mpc_constraint_audit_v1,results\focused_scan\20260715_104605\cases\B_C08_001\configuration.csv,423,2026-07-15T10:55:36.000,de66a0316713558515e48a13097b5f2fe09465098c38cf2f1112d33d252ac5c8
jd_jq_audit,C:\Users\catkin\Documents\baseline_zhou\baseline_zhou-main\baseline_zhou-main\zhou_icf_mpc_constraint_audit_v1,results\focused_scan\20260715_104605\cases\B_C08_001\metrics.csv,2568,2026-07-15T10:55:36.000,b0ec2f1a92415fc007fcd14e8cb6d0d63520a384a1452e140643042b29140534
jd_jq_audit,C:\Users\catkin\Documents\baseline_zhou\baseline_zhou-main\baseline_zhou-main\zhou_icf_mpc_constraint_audit_v1,results\focused_scan\20260715_104605\cases\B_C08_002\configuration.csv,416,2026-07-15T10:55:36.000,100399ae2bd3ff764b57717bbc7e573cf4ffb43421b077e92864ec2f1cc53634
jd_jq_audit,C:\Users\catkin\Documents\baseline_zhou\baseline_zhou-main\baseline_zhou-main\zhou_icf_mpc_constraint_audit_v1,results\focused_scan\20260715_104605\cases\B_C08_002\metrics.csv,2600,2026-07-15T10:55:36.000,50f500bdb4893d8df1b597a1d6b0f6f99aa4fba4f61a1512a6afd05caa9d5a64
jd_jq_audit,C:\Users\catkin\Documents\baseline_zhou\baseline_zhou-main\baseline_zhou-main\zhou_icf_mpc_constraint_audit_v1,results\focused_scan\20260715_104605\cases\B_C08_003\configuration.csv,438,2026-07-15T10:55:36.000,d4fc3c433652559c491798149f49f6e2c87c5767df43ea6d5ebb6a825df16ed3
jd_jq_audit,C:\Users\catkin\Documents\baseline_zhou\baseline_zhou-main\baseline_zhou-main\zhou_icf_mpc_constraint_audit_v1,results\focused_scan\20260715_104605\cases\B_C08_003\metrics.csv,2584,2026-07-15T10:55:36.000,348aa308d30cd715e9a2067f0a1042bd282ac27cebb9c7c46e0b8745bbc36b2a
jd_jq_audit,C:\Users\catkin\Documents\baseline_zhou\baseline_zhou-main\baseline_zhou-main\zhou_icf_mpc_constraint_audit_v1,results\focused_scan\20260715_104605\cases\B_C08_004\configuration.csv,427,2026-07-15T10:55:36.000,9ccf28aa0bcdf634dd6867c949ece38f94c7c58a8bc968408bdd8a685083946d
jd_jq_audit,C:\Users\catkin\Documents\baseline_zhou\baseline_zhou-main\baseline_zhou-main\zhou_icf_mpc_constraint_audit_v1,results\focused_scan\20260715_104605\cases\B_C08_004\metrics.csv,2556,2026-07-15T10:55:37.000,2305dbde4a28c9975d12e245173529d5f79ff139cef4ccb544de428736342899
jd_jq_audit,C:\Users\catkin\Documents\baseline_zhou\baseline_zhou-main\baseline_zhou-main\zhou_icf_mpc_constraint_audit_v1,results\focused_scan\20260715_104605\cases\B_C08_005\configuration.csv,414,2026-07-15T10:55:37.000,5584617d01c3f78dd26815b21d224658e7bf41bb9ccb49a1c7dfc25be76880d3
jd_jq_audit,C:\Users\catkin\Documents\baseline_zhou\baseline_zhou-main\baseline_zhou-main\zhou_icf_mpc_constraint_audit_v1,results\focused_scan\20260715_104605\cases\B_C08_005\metrics.csv,2544,2026-07-15T10:55:37.000,b5d51c2387e69fffaa25e36e9c52bf89ee17b330c7d55c176f8bb97bd020cf14
jd_jq_audit,C:\Users\catkin\Documents\baseline_zhou\baseline_zhou-main\baseline_zhou-main\zhou_icf_mpc_constraint_audit_v1,results\focused_scan\20260715_104605\cases\B_C08_006\configuration.csv,427,2026-07-15T10:55:37.000,63517e111b9232a868e4869dc67149ac00a01562ced2bc0512fff65516653a44
jd_jq_audit,C:\Users\catkin\Documents\baseline_zhou\baseline_zhou-main\baseline_zhou-main\zhou_icf_mpc_constraint_audit_v1,results\focused_scan\20260715_104605\cases\B_C08_006\metrics.csv,2573,2026-07-15T10:55:37.000,f56b1a50237927465205a91c7b83c9ec0df5b937b8455a10a2d008a923515806
jd_jq_audit,C:\Users\catkin\Documents\baseline_zhou\baseline_zhou-main\baseline_zhou-main\zhou_icf_mpc_constraint_audit_v1,results\focused_scan\20260715_104605\cases\B_C08_007\configuration.csv,414,2026-07-15T10:55:37.000,1f428f1298bdea9c025ecbaa085b6e673a40f3ce9348a5cda08992e18c895e1a
jd_jq_audit,C:\Users\catkin\Documents\baseline_zhou\baseline_zhou-main\baseline_zhou-main\zhou_icf_mpc_constraint_audit_v1,results\focused_scan\20260715_104605\cases\B_C08_007\metrics.csv,2547,2026-07-15T10:55:37.000,dbb9caa21a9c565f36c90eeb210af3af8e93e9914b846de518886fa4d0da8a2c
jd_jq_audit,C:\Users\catkin\Documents\baseline_zhou\baseline_zhou-main\baseline_zhou-main\zhou_icf_mpc_constraint_audit_v1,results\focused_scan\20260715_104605\cases\B_C08_008\configuration.csv,414,2026-07-15T10:55:37.000,3ac9056ff3cb432b1fff6b906d90c55e303aaa3ec79c9d404e5c2b9fca0cfb6d
jd_jq_audit,C:\Users\catkin\Documents\baseline_zhou\baseline_zhou-main\baseline_zhou-main\zhou_icf_mpc_constraint_audit_v1,results\focused_scan\20260715_104605\cases\B_C08_008\metrics.csv,2561,2026-07-15T10:55:37.000,94977aabcd20091f81f47e9dd998cabcb8c4df626bf7b39a9aae091e0b066a71
jd_jq_audit,C:\Users\catkin\Documents\baseline_zhou\baseline_zhou-main\baseline_zhou-main\zhou_icf_mpc_constraint_audit_v1,results\focused_scan\20260715_104605\cases\B_C08_009\configuration.csv,428,2026-07-15T10:55:37.000,3c6f9cbb8ba17d19df2b0fb2c265a9ed620d7058c4ab430ea4d4d6b6cb5cae82
jd_jq_audit,C:\Users\catkin\Documents\baseline_zhou\baseline_zhou-main\baseline_zhou-main\zhou_icf_mpc_constraint_audit_v1,results\focused_scan\20260715_104605\cases\B_C08_009\metrics.csv,2562,2026-07-15T10:55:38.000,a103d8bbe10ab12880585942c3893473c5c751f9cff32afd6e6f5facf3bf84a4
jd_jq_audit,C:\Users\catkin\Documents\baseline_zhou\baseline_zhou-main\baseline_zhou-main\zhou_icf_mpc_constraint_audit_v1,results\focused_scan\20260715_104605\cases\B_C08_010\configuration.csv,415,2026-07-15T10:55:38.000,ef8b378504ff4d28f43ff716aacc77050729a2d0a98be0e2b6a4a28a606caf55
jd_jq_audit,C:\Users\catkin\Documents\baseline_zhou\baseline_zhou-main\baseline_zhou-main\zhou_icf_mpc_constraint_audit_v1,results\focused_scan\20260715_104605\cases\B_C08_010\metrics.csv,2543,2026-07-15T10:55:38.000,20a2facdd2c611c2ea8b71e1f2ee1dd22d27330ef990e302dd864191e9d94227
jd_jq_audit,C:\Users\catkin\Documents\baseline_zhou\baseline_zhou-main\baseline_zhou-main\zhou_icf_mpc_constraint_audit_v1,results\focused_scan\20260715_104605\cases\B_C08_011\configuration.csv,428,2026-07-15T10:55:38.000,98a373a830ea0b85870f605f65374c790fb0fe1f38ee45d22562051665ce94b7
jd_jq_audit,C:\Users\catkin\Documents\baseline_zhou\baseline_zhou-main\baseline_zhou-main\zhou_icf_mpc_constraint_audit_v1,results\focused_scan\20260715_104605\cases\B_C08_011\metrics.csv,2569,2026-07-15T10:55:38.000,1ffad0e91b4206e30871ecf912ecefe02ee5b4d8a22926690cb9114cc2379f9b
jd_jq_audit,C:\Users\catkin\Documents\baseline_zhou\baseline_zhou-main\baseline_zhou-main\zhou_icf_mpc_constraint_audit_v1,results\focused_scan\20260715_104605\cases\B_C08_012\configuration.csv,431,2026-07-15T10:55:38.000,bc1afaf19555700af88be6223c7cd9d1022f31a481bb5184088375b9ed3dc728
jd_jq_audit,C:\Users\catkin\Documents\baseline_zhou\baseline_zhou-main\baseline_zhou-main\zhou_icf_mpc_constraint_audit_v1,results\focused_scan\20260715_104605\cases\B_C08_012\metrics.csv,2556,2026-07-15T10:55:38.000,ccb51cc4d5e46f73643faccd769404d030f9e6f6687c4392bbd3491cfc1e67d8
jd_jq_audit,C:\Users\catkin\Documents\baseline_zhou\baseline_zhou-main\baseline_zhou-main\zhou_icf_mpc_constraint_audit_v1,results\focused_scan\20260715_104605\cases\B_C08_013\configuration.csv,412,2026-07-15T10:55:38.000,39b2d62c3cd8e1f003193c35e760edd404d0dea125c05acd93f45bbe622d1a0e
jd_jq_audit,C:\Users\catkin\Documents\baseline_zhou\baseline_zhou-main\baseline_zhou-main\zhou_icf_mpc_constraint_audit_v1,results\focused_scan\20260715_104605\cases\B_C08_013\metrics.csv,2536,2026-07-15T10:55:38.000,0a61b94dfa1ca472a58374759edcd92d6c230460303371aa2a33898ac5d09dc6
jd_jq_audit,C:\Users\catkin\Documents\baseline_zhou\baseline_zhou-main\baseline_zhou-main\zhou_icf_mpc_constraint_audit_v1,results\focused_scan\20260715_104605\cases\B_C08_014\configuration.csv,418,2026-07-15T10:55:38.000,ac678745706e10b398ad982f4c8f2e17e502e7047fe29b4d6bef244ee23a8b16
jd_jq_audit,C:\Users\catkin\Documents\baseline_zhou\baseline_zhou-main\baseline_zhou-main\zhou_icf_mpc_constraint_audit_v1,results\focused_scan\20260715_104605\cases\B_C08_014\metrics.csv,2545,2026-07-15T10:55:39.000,ad3f2f01a731cc8496d3d504f40162422178755c58fc7ba57c16b6af3af24b85
jd_jq_audit,C:\Users\catkin\Documents\baseline_zhou\baseline_zhou-main\baseline_zhou-main\zhou_icf_mpc_constraint_audit_v1,results\focused_scan\20260715_104605\cases\B_C08_015\configuration.csv,431,2026-07-15T10:55:39.000,1534af109a78e3436ecf2169e5b6905efd4db5ac0477136f6c6caabb34da686d
jd_jq_audit,C:\Users\catkin\Documents\baseline_zhou\baseline_zhou-main\baseline_zhou-main\zhou_icf_mpc_constraint_audit_v1,results\focused_scan\20260715_104605\cases\B_C08_015\metrics.csv,2552,2026-07-15T10:55:39.000,f81f29d546abd961ccb73dd9bf1f52158c7bafa8eacf8bdc4c1f178a431aa76d
jd_jq_audit,C:\Users\catkin\Documents\baseline_zhou\baseline_zhou-main\baseline_zhou-main\zhou_icf_mpc_constraint_audit_v1,results\focused_scan\20260715_104605\cases\B_C08_016\configuration.csv,418,2026-07-15T10:55:39.000,629438b01ff0a1cc6eeeb9855af4721125a6c30d9c1ea3640df3e0293886c989
jd_jq_audit,C:\Users\catkin\Documents\baseline_zhou\baseline_zhou-main\baseline_zhou-main\zhou_icf_mpc_constraint_audit_v1,results\focused_scan\20260715_104605\cases\B_C08_016\metrics.csv,2541,2026-07-15T10:55:39.000,39a07af3b47d53c971503f21d69f8b507ea4743a3938fc983568ff4801f8108f
jd_jq_audit,C:\Users\catkin\Documents\baseline_zhou\baseline_zhou-main\baseline_zhou-main\zhou_icf_mpc_constraint_audit_v1,results\focused_scan\20260715_104605\cases\B_C08_017\configuration.csv,481,2026-07-15T10:55:39.000,921f76df75938bb15a5579e714e79427d90958cc77768d72ec6fdff8da9cef47
jd_jq_audit,C:\Users\catkin\Documents\baseline_zhou\baseline_zhou-main\baseline_zhou-main\zhou_icf_mpc_constraint_audit_v1,results\focused_scan\20260715_104605\cases\B_C08_017\metrics.csv,2601,2026-07-15T10:55:39.000,6388e3958c81260e2c5b1fc2f6655251a73cec86916a63585b94f87dbbe82694
jd_jq_audit,C:\Users\catkin\Documents\baseline_zhou\baseline_zhou-main\baseline_zhou-main\zhou_icf_mpc_constraint_audit_v1,results\focused_scan\20260715_104605\cases\B_C08_018\configuration.csv,436,2026-07-15T10:55:39.000,c1f547973e8b7bc34d2ecf1d4bae4a197cfa5beae03468789c23bccd3bea6d73
jd_jq_audit,C:\Users\catkin\Documents\baseline_zhou\baseline_zhou-main\baseline_zhou-main\zhou_icf_mpc_constraint_audit_v1,results\focused_scan\20260715_104605\cases\B_C08_018\metrics.csv,2558,2026-07-15T10:55:40.000,eda11faf357a92d76f21913fe4a82713da81be5e8a19e57118459eca4daf6353
jd_jq_audit,C:\Users\catkin\Documents\baseline_zhou\baseline_zhou-main\baseline_zhou-main\zhou_icf_mpc_constraint_audit_v1,results\focused_scan\20260715_104605\cases\B_C08_019\configuration.csv,412,2026-07-15T10:55:40.000,0bde6ac5b73bf67c8000292b7acd8beaaab9117eea49e927104f8937fc3d39d8
jd_jq_audit,C:\Users\catkin\Documents\baseline_zhou\baseline_zhou-main\baseline_zhou-main\zhou_icf_mpc_constraint_audit_v1,results\focused_scan\20260715_104605\cases\B_C08_019\metrics.csv,2534,2026-07-15T10:55:40.000,d540f624a7204635d4974746a87ee2cde3aded0cbd441d75d2930552e29d5884
jd_jq_audit,C:\Users\catkin\Documents\baseline_zhou\baseline_zhou-main\baseline_zhou-main\zhou_icf_mpc_constraint_audit_v1,results\focused_scan\20260715_104605\cases\B_C08_020\configuration.csv,436,2026-07-15T10:55:40.000,b4ba33b72e9450d597320fa62e41464fc0eb29fa955800a84c19783108d6196a
jd_jq_audit,C:\Users\catkin\Documents\baseline_zhou\baseline_zhou-main\baseline_zhou-main\zhou_icf_mpc_constraint_audit_v1,results\focused_scan\20260715_104605\cases\B_C08_020\metrics.csv,2557,2026-07-15T10:55:40.000,bfa90860b7c10727b0e1699b3012be727d4c413d22782ce3c3b3bbe0ae2740ea
jd_jq_audit,C:\Users\catkin\Documents\baseline_zhou\baseline_zhou-main\baseline_zhou-main\zhou_icf_mpc_constraint_audit_v1,results\focused_scan\20260715_104605\cases\B_C09_001\configuration.csv,425,2026-07-15T10:55:40.000,af1e916176cf5a7488a32083fcbfa07f0b870743fbd589ea60fb08fc971a50dc
jd_jq_audit,C:\Users\catkin\Documents\baseline_zhou\baseline_zhou-main\baseline_zhou-main\zhou_icf_mpc_constraint_audit_v1,results\focused_scan\20260715_104605\cases\B_C09_001\metrics.csv,2576,2026-07-15T10:55:40.000,399df6704998193658432396a64aded1ab05d86552a0ce5ac93df22ff8b09f9c
jd_jq_audit,C:\Users\catkin\Documents\baseline_zhou\baseline_zhou-main\baseline_zhou-main\zhou_icf_mpc_constraint_audit_v1,results\focused_scan\20260715_104605\cases\B_C09_002\configuration.csv,418,2026-07-15T10:55:40.000,a8606edacb91ad0a6b55c686587d3556be62910b67f8ca9d33e837c3a0be321e
jd_jq_audit,C:\Users\catkin\Documents\baseline_zhou\baseline_zhou-main\baseline_zhou-main\zhou_icf_mpc_constraint_audit_v1,results\focused_scan\20260715_104605\cases\B_C09_002\metrics.csv,2605,2026-07-15T10:55:41.000,23b1250a1de74b052ec12a733e90cc0de13d0cc4e90fbf9fec1718f6f337639a
jd_jq_audit,C:\Users\catkin\Documents\baseline_zhou\baseline_zhou-main\baseline_zhou-main\zhou_icf_mpc_constraint_audit_v1,results\focused_scan\20260715_104605\cases\B_C09_003\configuration.csv,440,2026-07-15T10:55:41.000,465f121765b257ca3655b71e1dd3b10766ff312c6984555756ae39e508492e2f
jd_jq_audit,C:\Users\catkin\Documents\baseline_zhou\baseline_zhou-main\baseline_zhou-main\zhou_icf_mpc_constraint_audit_v1,results\focused_scan\20260715_104605\cases\B_C09_003\metrics.csv,2581,2026-07-15T10:55:41.000,4e11925bb6f9ce7d95dcbb58ae57185a30ea2d4ed182760f853e7f5f32c6b9ad
jd_jq_audit,C:\Users\catkin\Documents\baseline_zhou\baseline_zhou-main\baseline_zhou-main\zhou_icf_mpc_constraint_audit_v1,results\focused_scan\20260715_104605\cases\B_C09_004\configuration.csv,429,2026-07-15T10:55:41.000,1af9442c6b58f97cd747502bc8b4721f4b1660953e91b704d8294b76df3c418f
jd_jq_audit,C:\Users\catkin\Documents\baseline_zhou\baseline_zhou-main\baseline_zhou-main\zhou_icf_mpc_constraint_audit_v1,results\focused_scan\20260715_104605\cases\B_C09_004\metrics.csv,2569,2026-07-15T10:55:41.000,f2333ed7fc46d1df6a3068b07f1edbc02b5ee0b4e48b1eb5b93e503e52af91bb
jd_jq_audit,C:\Users\catkin\Documents\baseline_zhou\baseline_zhou-main\baseline_zhou-main\zhou_icf_mpc_constraint_audit_v1,results\focused_scan\20260715_104605\cases\B_C09_005\configuration.csv,416,2026-07-15T10:55:41.000,d84e2b7c74fc0af5100839fb23e54db5683931e7ad127a78de817ebf978cc9a2
jd_jq_audit,C:\Users\catkin\Documents\baseline_zhou\baseline_zhou-main\baseline_zhou-main\zhou_icf_mpc_constraint_audit_v1,results\focused_scan\20260715_104605\cases\B_C09_005\metrics.csv,2550,2026-07-15T10:55:42.000,88bb11a91a5a595b23de3c2696dcbb24d3ce7850bd4c1b2358f83d11b247b585
jd_jq_audit,C:\Users\catkin\Documents\baseline_zhou\baseline_zhou-main\baseline_zhou-main\zhou_icf_mpc_constraint_audit_v1,results\focused_scan\20260715_104605\cases\B_C09_006\configuration.csv,429,2026-07-15T10:55:42.000,4d0bbaf8f6fc445dc145e5b50e6ee5ed4eb97e5dac910febe1718137bcf0884f
jd_jq_audit,C:\Users\catkin\Documents\baseline_zhou\baseline_zhou-main\baseline_zhou-main\zhou_icf_mpc_constraint_audit_v1,results\focused_scan\20260715_104605\cases\B_C09_006\metrics.csv,2559,2026-07-15T10:55:42.000,869273a3fce00d1ec63a3d4feb3e2e11951ee3196a0c4b7b48ea02bbea2539c5
jd_jq_audit,C:\Users\catkin\Documents\baseline_zhou\baseline_zhou-main\baseline_zhou-main\zhou_icf_mpc_constraint_audit_v1,results\focused_scan\20260715_104605\cases\B_C09_007\configuration.csv,416,2026-07-15T10:55:42.000,3f34e56bbfafbf9d6f44cb81f63aaa720fd400db66bb58ba3d2a560d5cdd898f
jd_jq_audit,C:\Users\catkin\Documents\baseline_zhou\baseline_zhou-main\baseline_zhou-main\zhou_icf_mpc_constraint_audit_v1,results\focused_scan\20260715_104605\cases\B_C09_007\metrics.csv,2554,2026-07-15T10:55:42.000,5933edba108ca9cbac8ca2039ed1806276c382ff87822a228765a680b3814790
jd_jq_audit,C:\Users\catkin\Documents\baseline_zhou\baseline_zhou-main\baseline_zhou-main\zhou_icf_mpc_constraint_audit_v1,results\focused_scan\20260715_104605\cases\B_C09_008\configuration.csv,416,2026-07-15T10:55:42.000,517d2213c852c57b26ca14569d6a0c658810e5a8be7efcdd6b472020f4254442
jd_jq_audit,C:\Users\catkin\Documents\baseline_zhou\baseline_zhou-main\baseline_zhou-main\zhou_icf_mpc_constraint_audit_v1,results\focused_scan\20260715_104605\cases\B_C09_008\metrics.csv,2547,2026-07-15T10:55:43.000,06d7cbdf63c9bfc1f9eb61da09a74ed8e97548969df9096e250a81fc2c64bc43
jd_jq_audit,C:\Users\catkin\Documents\baseline_zhou\baseline_zhou-main\baseline_zhou-main\zhou_icf_mpc_constraint_audit_v1,results\focused_scan\20260715_104605\cases\B_C09_009\configuration.csv,430,2026-07-15T10:55:43.000,34d07f2986080af2f2b2d37b9af480b05a8aca239a0c497f4588b525ee8ae1f8
jd_jq_audit,C:\Users\catkin\Documents\baseline_zhou\baseline_zhou-main\baseline_zhou-main\zhou_icf_mpc_constraint_audit_v1,results\focused_scan\20260715_104605\cases\B_C09_009\metrics.csv,2568,2026-07-15T10:55:43.000,eb7be500c5f101002743022ae2c0cd31c9fedb78cce84dd51f9cd99a750f11dc
jd_jq_audit,C:\Users\catkin\Documents\baseline_zhou\baseline_zhou-main\baseline_zhou-main\zhou_icf_mpc_constraint_audit_v1,results\focused_scan\20260715_104605\cases\B_C09_010\configuration.csv,417,2026-07-15T10:55:43.000,a90444c70c2fde8f73f86645d830e25cf7ce6883871dba24acdddd38ad9432be
jd_jq_audit,C:\Users\catkin\Documents\baseline_zhou\baseline_zhou-main\baseline_zhou-main\zhou_icf_mpc_constraint_audit_v1,results\focused_scan\20260715_104605\cases\B_C09_010\metrics.csv,2554,2026-07-15T10:55:43.000,55c147231a06d1e96303522a26eb90be0f3d7b2772a7c7560df10b2c28ae76bc
jd_jq_audit,C:\Users\catkin\Documents\baseline_zhou\baseline_zhou-main\baseline_zhou-main\zhou_icf_mpc_constraint_audit_v1,results\focused_scan\20260715_104605\cases\B_C09_011\configuration.csv,430,2026-07-15T10:55:43.000,7e3f63afff8bcfbbf00c27807f60423e9f98501ecb590b6213d988ca6e011633
jd_jq_audit,C:\Users\catkin\Documents\baseline_zhou\baseline_zhou-main\baseline_zhou-main\zhou_icf_mpc_constraint_audit_v1,results\focused_scan\20260715_104605\cases\B_C09_011\metrics.csv,2561,2026-07-15T10:55:44.000,bf1e06becbe661eed179af66b09b3c358e92b099db6d0dc40771d29741a95737
jd_jq_audit,C:\Users\catkin\Documents\baseline_zhou\baseline_zhou-main\baseline_zhou-main\zhou_icf_mpc_constraint_audit_v1,results\focused_scan\20260715_104605\cases\B_C09_012\configuration.csv,456,2026-07-15T10:55:44.000,986e5471bae78d3f81d9eb43e858e963a008eed458918d5803963f2463febfda
jd_jq_audit,C:\Users\catkin\Documents\baseline_zhou\baseline_zhou-main\baseline_zhou-main\zhou_icf_mpc_constraint_audit_v1,results\focused_scan\20260715_104605\cases\B_C09_012\metrics.csv,2580,2026-07-15T10:55:44.000,36baef3f087b88ced4c45d4422f00c290b90f1a5f1f898edd5852b4fd7b6ea94
jd_jq_audit,C:\Users\catkin\Documents\baseline_zhou\baseline_zhou-main\baseline_zhou-main\zhou_icf_mpc_constraint_audit_v1,results\focused_scan\20260715_104605\cases\B_C09_013\configuration.csv,443,2026-07-15T10:55:44.000,8a7fe17ca1b3d67bca4ed68cbbbbae1763417ffa172409c60c4f602bf53985f6
jd_jq_audit,C:\Users\catkin\Documents\baseline_zhou\baseline_zhou-main\baseline_zhou-main\zhou_icf_mpc_constraint_audit_v1,results\focused_scan\20260715_104605\cases\B_C09_013\metrics.csv,2566,2026-07-15T10:55:45.000,5e1e0cc6462ad0c0dde36b4230b1b967b83fa8cf5173f1d31b286e1cda288149
jd_jq_audit,C:\Users\catkin\Documents\baseline_zhou\baseline_zhou-main\baseline_zhou-main\zhou_icf_mpc_constraint_audit_v1,results\focused_scan\20260715_104605\cases\B_C09_014\configuration.csv,483,2026-07-15T10:55:45.000,b45bc4abc3269b22078d995e0a18915bfe829c0be79ad7a695adfbbc0d640434
jd_jq_audit,C:\Users\catkin\Documents\baseline_zhou\baseline_zhou-main\baseline_zhou-main\zhou_icf_mpc_constraint_audit_v1,results\focused_scan\20260715_104605\cases\B_C09_014\metrics.csv,2607,2026-07-15T10:55:45.000,373a8db03fc928976b202a971c56c30b60ff300bc0fdda25c08062c18cf5226c
jd_jq_audit,C:\Users\catkin\Documents\baseline_zhou\baseline_zhou-main\baseline_zhou-main\zhou_icf_mpc_constraint_audit_v1,results\focused_scan\20260715_104605\cases\B_C09_015\configuration.csv,415,2026-07-15T10:55:45.000,ed7892edfed81c7611847bcf514f7e88e7604384e5b1cd232d78f73d431fcce7
jd_jq_audit,C:\Users\catkin\Documents\baseline_zhou\baseline_zhou-main\baseline_zhou-main\zhou_icf_mpc_constraint_audit_v1,results\focused_scan\20260715_104605\cases\B_C09_015\metrics.csv,2541,2026-07-15T10:55:45.000,95747a349d0a11188981d7398a281d3864d4ae464561077c66704e7efeb00bd2
jd_jq_audit,C:\Users\catkin\Documents\baseline_zhou\baseline_zhou-main\baseline_zhou-main\zhou_icf_mpc_constraint_audit_v1,results\focused_scan\20260715_104605\cases\B_C09_016\configuration.csv,437,2026-07-15T10:55:45.000,5023998f0af6159dda058bc97803292d9ce675e93c20b497daaaec4fdad36f1f
jd_jq_audit,C:\Users\catkin\Documents\baseline_zhou\baseline_zhou-main\baseline_zhou-main\zhou_icf_mpc_constraint_audit_v1,results\focused_scan\20260715_104605\cases\B_C09_016\metrics.csv,2563,2026-07-15T10:55:46.000,51360a836325ca2408acf3a24bcd2b9f26238294fb2adcebcfc1d9bfd080bbc4
jd_jq_audit,C:\Users\catkin\Documents\baseline_zhou\baseline_zhou-main\baseline_zhou-main\zhou_icf_mpc_constraint_audit_v1,results\focused_scan\20260715_104605\cases\B_C09_017\configuration.csv,464,2026-07-15T10:55:46.000,656dfb43c76ac6e853865658d67861f04c1f3daf0bab3c8d8d6a9d0f61e5d8af
jd_jq_audit,C:\Users\catkin\Documents\baseline_zhou\baseline_zhou-main\baseline_zhou-main\zhou_icf_mpc_constraint_audit_v1,results\focused_scan\20260715_104605\cases\B_C09_017\metrics.csv,2587,2026-07-15T10:55:46.000,b4a130b09b55c86eda5ea6143de1022de5b08707a5508febfb1b2735ab478b95
jd_jq_audit,C:\Users\catkin\Documents\baseline_zhou\baseline_zhou-main\baseline_zhou-main\zhou_icf_mpc_constraint_audit_v1,results\focused_scan\20260715_104605\cases\B_C10_001\configuration.csv,414,2026-07-15T10:55:46.000,2a751815047cddb06a29d834053ca32efd99f662e3d8d8f112ce8bd54166b3f8
jd_jq_audit,C:\Users\catkin\Documents\baseline_zhou\baseline_zhou-main\baseline_zhou-main\zhou_icf_mpc_constraint_audit_v1,results\focused_scan\20260715_104605\cases\B_C10_001\metrics.csv,2561,2026-07-15T10:55:46.000,e395db831e5163aa176d5109a432ee3038e5f49f7854f006fa8054bc6e8d61b3
jd_jq_audit,C:\Users\catkin\Documents\baseline_zhou\baseline_zhou-main\baseline_zhou-main\zhou_icf_mpc_constraint_audit_v1,results\focused_scan\20260715_104605\cases\B_C10_002\configuration.csv,407,2026-07-15T10:55:46.000,4c751928c0831daaf3f882247413accef9ed21be2a9c09381c4448480e4d82ed
jd_jq_audit,C:\Users\catkin\Documents\baseline_zhou\baseline_zhou-main\baseline_zhou-main\zhou_icf_mpc_constraint_audit_v1,results\focused_scan\20260715_104605\cases\B_C10_002\metrics.csv,2591,2026-07-15T10:55:46.000,121b11b89e3359ef8e671271e32a19b1ea9b0c25d69246f773ebb2a44dc5e5ef
jd_jq_audit,C:\Users\catkin\Documents\baseline_zhou\baseline_zhou-main\baseline_zhou-main\zhou_icf_mpc_constraint_audit_v1,results\focused_scan\20260715_104605\cases\B_C10_003\configuration.csv,429,2026-07-15T10:55:46.000,f9ed617f88c8b637ec792ef51c46bdd229a7a9e814df8b44b0167f25328f3765
jd_jq_audit,C:\Users\catkin\Documents\baseline_zhou\baseline_zhou-main\baseline_zhou-main\zhou_icf_mpc_constraint_audit_v1,results\focused_scan\20260715_104605\cases\B_C10_003\metrics.csv,2575,2026-07-15T10:55:47.000,c4551b34d92f328f401b37e4c9c3878b7f2e7e4db5669aefb0535d787cbb7764
jd_jq_audit,C:\Users\catkin\Documents\baseline_zhou\baseline_zhou-main\baseline_zhou-main\zhou_icf_mpc_constraint_audit_v1,results\focused_scan\20260715_104605\cases\B_C10_004\configuration.csv,418,2026-07-15T10:55:47.000,149723563f8ec2ed60cce0d4fbf26c3a7a8c9099cea77655fafc512ce52a9c05
jd_jq_audit,C:\Users\catkin\Documents\baseline_zhou\baseline_zhou-main\baseline_zhou-main\zhou_icf_mpc_constraint_audit_v1,results\focused_scan\20260715_104605\cases\B_C10_004\metrics.csv,2570,2026-07-15T10:55:47.000,6c73125d116fb1d178efdd9c4c2d46873181bccee2b22a91a686d54ddc6affd8
jd_jq_audit,C:\Users\catkin\Documents\baseline_zhou\baseline_zhou-main\baseline_zhou-main\zhou_icf_mpc_constraint_audit_v1,results\focused_scan\20260715_104605\cases\B_C10_005\configuration.csv,405,2026-07-15T10:55:47.000,06cd5085529bfbd9c2cc569c8e94fd37efa8c4ffbc8128cb7e215ed1ec046245
jd_jq_audit,C:\Users\catkin\Documents\baseline_zhou\baseline_zhou-main\baseline_zhou-main\zhou_icf_mpc_constraint_audit_v1,results\focused_scan\20260715_104605\cases\B_C10_005\metrics.csv,2553,2026-07-15T10:55:47.000,59012bf6e406094fae8311289977292afe4343af17ac0fc14145405560a6b998
jd_jq_audit,C:\Users\catkin\Documents\baseline_zhou\baseline_zhou-main\baseline_zhou-main\zhou_icf_mpc_constraint_audit_v1,results\focused_scan\20260715_104605\cases\B_C10_006\configuration.csv,418,2026-07-15T10:55:47.000,2cfb5904019b7f6397c7d212c56d9278343c9fded3dc6d07147b59f01aba125f
jd_jq_audit,C:\Users\catkin\Documents\baseline_zhou\baseline_zhou-main\baseline_zhou-main\zhou_icf_mpc_constraint_audit_v1,results\focused_scan\20260715_104605\cases\B_C10_006\metrics.csv,2564,2026-07-15T10:55:47.000,485fac3da3f4f168af8e4ca93a9743bca73de065bdf5175e3630c826da7312a9
jd_jq_audit,C:\Users\catkin\Documents\baseline_zhou\baseline_zhou-main\baseline_zhou-main\zhou_icf_mpc_constraint_audit_v1,results\focused_scan\20260715_104605\cases\B_C10_007\configuration.csv,405,2026-07-15T10:55:47.000,6f95b9690ab34a69984bf39d432ca1dd96662e10e0ceebf871ed72d372512361
jd_jq_audit,C:\Users\catkin\Documents\baseline_zhou\baseline_zhou-main\baseline_zhou-main\zhou_icf_mpc_constraint_audit_v1,results\focused_scan\20260715_104605\cases\B_C10_007\metrics.csv,2556,2026-07-15T10:55:47.000,9cb6403ebf21267e446ef69bfe4b63b3d6a5985b66ebdd0d7859e1aef3e20be6
jd_jq_audit,C:\Users\catkin\Documents\baseline_zhou\baseline_zhou-main\baseline_zhou-main\zhou_icf_mpc_constraint_audit_v1,results\focused_scan\20260715_104605\cases\B_C10_008\configuration.csv,405,2026-07-15T10:55:47.000,10c4c59ad6158635ef5b17d0254ae4a26f077bdefed751501c5314282611aef2
jd_jq_audit,C:\Users\catkin\Documents\baseline_zhou\baseline_zhou-main\baseline_zhou-main\zhou_icf_mpc_constraint_audit_v1,results\focused_scan\20260715_104605\cases\B_C10_008\metrics.csv,2548,2026-07-15T10:55:47.000,d047fcb49d0b0627e804aeefd28e3b9695ec29449c0c24838d6f236570318cd9
jd_jq_audit,C:\Users\catkin\Documents\baseline_zhou\baseline_zhou-main\baseline_zhou-main\zhou_icf_mpc_constraint_audit_v1,results\focused_scan\20260715_104605\cases\B_C10_009\configuration.csv,419,2026-07-15T10:55:47.000,00897e00fef1466b1929f3a23f7cae8c96ff6b55d34be972a908d03fca695fb8
jd_jq_audit,C:\Users\catkin\Documents\baseline_zhou\baseline_zhou-main\baseline_zhou-main\zhou_icf_mpc_constraint_audit_v1,results\focused_scan\20260715_104605\cases\B_C10_009\metrics.csv,2569,2026-07-15T10:55:48.000,cfdff61e77365515f84d97a64ef385a22fb3fb9e77b897b1394ae68ae7408652
jd_jq_audit,C:\Users\catkin\Documents\baseline_zhou\baseline_zhou-main\baseline_zhou-main\zhou_icf_mpc_constraint_audit_v1,results\focused_scan\20260715_104605\cases\B_C10_010\configuration.csv,406,2026-07-15T10:55:48.000,2e57027fefbff978e784622a4334ff418240205bbde210bd4ad61c978de5ec60
jd_jq_audit,C:\Users\catkin\Documents\baseline_zhou\baseline_zhou-main\baseline_zhou-main\zhou_icf_mpc_constraint_audit_v1,results\focused_scan\20260715_104605\cases\B_C10_010\metrics.csv,2555,2026-07-15T10:55:48.000,1b217f7d11a0123edaa0ab6ca49a1a3664f8c6535a6891aaa09fd0a184d4b26e
jd_jq_audit,C:\Users\catkin\Documents\baseline_zhou\baseline_zhou-main\baseline_zhou-main\zhou_icf_mpc_constraint_audit_v1,results\focused_scan\20260715_104605\cases\B_C10_011\configuration.csv,419,2026-07-15T10:55:48.000,0f3e6030557fca9c3e94d5479a5b84ff684a79c3bea6aaf0cb12901ee2b2e453
jd_jq_audit,C:\Users\catkin\Documents\baseline_zhou\baseline_zhou-main\baseline_zhou-main\zhou_icf_mpc_constraint_audit_v1,results\focused_scan\20260715_104605\cases\B_C10_011\metrics.csv,2563,2026-07-15T10:55:48.000,7592e9ecd5a5c7f1cf6cd3b750f02b9bbf8dcd50d69404acfa974d657d89e596
jd_jq_audit,C:\Users\catkin\Documents\baseline_zhou\baseline_zhou-main\baseline_zhou-main\zhou_icf_mpc_constraint_audit_v1,results\focused_scan\20260715_104605\cases\B_C10_012\configuration.csv,423,2026-07-15T10:55:48.000,11e52f47e3d7714c75cd5d6b12addb6d7e93b801db15b1cae2308270668df210
jd_jq_audit,C:\Users\catkin\Documents\baseline_zhou\baseline_zhou-main\baseline_zhou-main\zhou_icf_mpc_constraint_audit_v1,results\focused_scan\20260715_104605\cases\B_C10_012\metrics.csv,2566,2026-07-15T10:55:48.000,3652e220dd5cfc8d84e80da9350cf0e85be839aaa0a2178a2b9b9a68a81449b0
jd_jq_audit,C:\Users\catkin\Documents\baseline_zhou\baseline_zhou-main\baseline_zhou-main\zhou_icf_mpc_constraint_audit_v1,results\focused_scan\20260715_104605\cases\B_C10_013\configuration.csv,404,2026-07-15T10:55:48.000,fb2c3437f4a24d5a635c82cb67af1b3007e1f5786432ef1c3f103c01d255c582
jd_jq_audit,C:\Users\catkin\Documents\baseline_zhou\baseline_zhou-main\baseline_zhou-main\zhou_icf_mpc_constraint_audit_v1,results\focused_scan\20260715_104605\cases\B_C10_013\metrics.csv,2608,2026-07-15T10:55:48.000,8f227e7871bc96c3483afc9710d411ece33ee267f06354ece3d27262e442653d
jd_jq_audit,C:\Users\catkin\Documents\baseline_zhou\baseline_zhou-main\baseline_zhou-main\zhou_icf_mpc_constraint_audit_v1,results\focused_scan\20260715_104605\cases\B_C10_014\configuration.csv,409,2026-07-15T10:55:48.000,56c291c012f38700f75bace820113a77644de99fc37b75a5f44899428ba7b592
jd_jq_audit,C:\Users\catkin\Documents\baseline_zhou\baseline_zhou-main\baseline_zhou-main\zhou_icf_mpc_constraint_audit_v1,results\focused_scan\20260715_104605\cases\B_C10_014\metrics.csv,2550,2026-07-15T10:55:49.000,8ecb770ded6b28028036019a86d82c46bb401f20b1d09f4328fde76f40a95222
jd_jq_audit,C:\Users\catkin\Documents\baseline_zhou\baseline_zhou-main\baseline_zhou-main\zhou_icf_mpc_constraint_audit_v1,results\focused_scan\20260715_104605\cases\B_C10_015\configuration.csv,422,2026-07-15T10:55:49.000,5e5394640030b2a9f12d01a205d910b00aa19fab7f94e0b5a72d2405cf7072af
jd_jq_audit,C:\Users\catkin\Documents\baseline_zhou\baseline_zhou-main\baseline_zhou-main\zhou_icf_mpc_constraint_audit_v1,results\focused_scan\20260715_104605\cases\B_C10_015\metrics.csv,2563,2026-07-15T10:55:49.000,f677b0ce8ac4f1ce336ce0b5c04851a4cb07745fb432bc30ff65726c0988265b
jd_jq_audit,C:\Users\catkin\Documents\baseline_zhou\baseline_zhou-main\baseline_zhou-main\zhou_icf_mpc_constraint_audit_v1,results\focused_scan\20260715_104605\cases\B_C10_016\configuration.csv,403,2026-07-15T10:55:49.000,7ef0f29dc639e685f2a667bc8907f3dc1c2013ab3226cbf6db02bc24d950847c
jd_jq_audit,C:\Users\catkin\Documents\baseline_zhou\baseline_zhou-main\baseline_zhou-main\zhou_icf_mpc_constraint_audit_v1,results\focused_scan\20260715_104605\cases\B_C10_016\metrics.csv,2540,2026-07-15T10:55:49.000,5fc7d83bb5c841cc308e94d00ca6d3d729e72474ea54f902c32fbf2c973b5b8b
jd_jq_audit,C:\Users\catkin\Documents\baseline_zhou\baseline_zhou-main\baseline_zhou-main\zhou_icf_mpc_constraint_audit_v1,results\focused_scan\20260715_104605\cases\B_C10_017\configuration.csv,422,2026-07-15T10:55:49.000,3c227d9531680302ca5bbcd54ab15910355af50edc63e364d49621b4eda49f9c
jd_jq_audit,C:\Users\catkin\Documents\baseline_zhou\baseline_zhou-main\baseline_zhou-main\zhou_icf_mpc_constraint_audit_v1,results\focused_scan\20260715_104605\cases\B_C10_017\metrics.csv,2567,2026-07-15T10:55:49.000,94a4a2ae6f93b2b68bd4d666ad0731c7cd25da996c98f4db475b87091018fac5
jd_jq_audit,C:\Users\catkin\Documents\baseline_zhou\baseline_zhou-main\baseline_zhou-main\zhou_icf_mpc_constraint_audit_v1,results\focused_scan\20260715_104605\cases\B_C10_018\configuration.csv,409,2026-07-15T10:55:49.000,58f782f4533c8202c5b81bf6179c9b529728933b381fca9cf785af7ad9c41906
jd_jq_audit,C:\Users\catkin\Documents\baseline_zhou\baseline_zhou-main\baseline_zhou-main\zhou_icf_mpc_constraint_audit_v1,results\focused_scan\20260715_104605\cases\B_C10_018\metrics.csv,2534,2026-07-15T10:55:49.000,5170292bbde57f637d98bb3c578bb3cd833f6b24c69247f16f5c02e98cef2a90
jd_jq_audit,C:\Users\catkin\Documents\baseline_zhou\baseline_zhou-main\baseline_zhou-main\zhou_icf_mpc_constraint_audit_v1,results\focused_scan\20260715_104605\cases\B_C10_019\configuration.csv,446,2026-07-15T10:55:49.000,038964504e3d82873df9d8b431112ae3f08bd2d4a3c37bc9586a976c36cea1f5
jd_jq_audit,C:\Users\catkin\Documents\baseline_zhou\baseline_zhou-main\baseline_zhou-main\zhou_icf_mpc_constraint_audit_v1,results\focused_scan\20260715_104605\cases\B_C10_019\metrics.csv,2570,2026-07-15T10:55:49.000,d9976cd60fd42e8dd0f8b487736434efc29792f1cc2872909f9d19c22feda8ba
jd_jq_audit,C:\Users\catkin\Documents\baseline_zhou\baseline_zhou-main\baseline_zhou-main\zhou_icf_mpc_constraint_audit_v1,results\focused_scan\20260715_104605\cases\B_C10_020\configuration.csv,401,2026-07-15T10:55:49.000,a1dd25710f36fc81ce6c2394aaeeec5fd6df32367994d43be177a4e331bcb011
jd_jq_audit,C:\Users\catkin\Documents\baseline_zhou\baseline_zhou-main\baseline_zhou-main\zhou_icf_mpc_constraint_audit_v1,results\focused_scan\20260715_104605\cases\B_C10_020\metrics.csv,2526,2026-07-15T10:55:50.000,99b1c015a9a6812cee74b1b07f6b839efc9b24ca68365b6cab15ea2f5c98750b
jd_jq_audit,C:\Users\catkin\Documents\baseline_zhou\baseline_zhou-main\baseline_zhou-main\zhou_icf_mpc_constraint_audit_v1,results\focused_scan\20260715_104605\cases\B_C10_021\configuration.csv,403,2026-07-15T10:55:50.000,2a45448ae45e16aef437dae87c96d586738dddbeedaefa5e0543c943d52ab7d6
jd_jq_audit,C:\Users\catkin\Documents\baseline_zhou\baseline_zhou-main\baseline_zhou-main\zhou_icf_mpc_constraint_audit_v1,results\focused_scan\20260715_104605\cases\B_C10_021\metrics.csv,2528,2026-07-15T10:55:50.000,330362f0e45c187583ef20f65fb85830d1b2e5f7dac6de7280452d37f4a2ef59
jd_jq_audit,C:\Users\catkin\Documents\baseline_zhou\baseline_zhou-main\baseline_zhou-main\zhou_icf_mpc_constraint_audit_v1,results\focused_scan\20260715_104605\cases\B_C10_022\configuration.csv,427,2026-07-15T10:55:50.000,c1b041e532dada1cc936d75996b87a650c0c6490c125254feda5c271e02a685b
jd_jq_audit,C:\Users\catkin\Documents\baseline_zhou\baseline_zhou-main\baseline_zhou-main\zhou_icf_mpc_constraint_audit_v1,results\focused_scan\20260715_104605\cases\B_C10_022\metrics.csv,2550,2026-07-15T10:55:50.000,1294a500b182585445cd87b84a22f9d918c15790bb3f20a31d0c989f9b16c2c1
jd_jq_audit,C:\Users\catkin\Documents\baseline_zhou\baseline_zhou-main\baseline_zhou-main\zhou_icf_mpc_constraint_audit_v1,results\focused_scan\20260715_104605\cases\B_C11_001\configuration.csv,427,2026-07-15T10:55:50.000,eddccabd981915187dfdfb395967a39dc2484606d3cd2943bbb752750a10d1dc
jd_jq_audit,C:\Users\catkin\Documents\baseline_zhou\baseline_zhou-main\baseline_zhou-main\zhou_icf_mpc_constraint_audit_v1,results\focused_scan\20260715_104605\cases\B_C11_001\metrics.csv,2577,2026-07-15T10:55:50.000,9f88ce8ad66ed783ef2e0a9e5ca0b016330565cd293c96fb2a700a41a57f1e6c
jd_jq_audit,C:\Users\catkin\Documents\baseline_zhou\baseline_zhou-main\baseline_zhou-main\zhou_icf_mpc_constraint_audit_v1,results\focused_scan\20260715_104605\cases\B_C11_002\configuration.csv,420,2026-07-15T10:55:50.000,e8d95a433ae3247742b7359e0d4ad47dc7991a22a61a2fbb4050cf4cda333d9a
jd_jq_audit,C:\Users\catkin\Documents\baseline_zhou\baseline_zhou-main\baseline_zhou-main\zhou_icf_mpc_constraint_audit_v1,results\focused_scan\20260715_104605\cases\B_C11_002\metrics.csv,2610,2026-07-15T10:55:51.000,75a13341855728f8e37e8a3f538130f72c5619dad41895914e7689c63ad3a4b7
jd_jq_audit,C:\Users\catkin\Documents\baseline_zhou\baseline_zhou-main\baseline_zhou-main\zhou_icf_mpc_constraint_audit_v1,results\focused_scan\20260715_104605\cases\B_C11_003\configuration.csv,442,2026-07-15T10:55:51.000,32ca1d5e9fcb2800e4beb7abecd61c795439fcf5b1d6fe2f59bde8d45aace761
jd_jq_audit,C:\Users\catkin\Documents\baseline_zhou\baseline_zhou-main\baseline_zhou-main\zhou_icf_mpc_constraint_audit_v1,results\focused_scan\20260715_104605\cases\B_C11_003\metrics.csv,2588,2026-07-15T10:55:51.000,e39b014d2a3035a2c2f2d43eb5de81cdd9b614b1ff3e6ddb5f0bd88c1d8bd18a
jd_jq_audit,C:\Users\catkin\Documents\baseline_zhou\baseline_zhou-main\baseline_zhou-main\zhou_icf_mpc_constraint_audit_v1,results\focused_scan\20260715_104605\cases\B_C11_004\configuration.csv,431,2026-07-15T10:55:51.000,09f8e3242511ef13b29d9781e4adf35f115d07c510132be47183e0aed05b41f2
jd_jq_audit,C:\Users\catkin\Documents\baseline_zhou\baseline_zhou-main\baseline_zhou-main\zhou_icf_mpc_constraint_audit_v1,results\focused_scan\20260715_104605\cases\B_C11_004\metrics.csv,2569,2026-07-15T10:55:51.000,268511de7aa9658c9887feca61541aeab9031c276ac1e6b51c79bceee36bf9b9
jd_jq_audit,C:\Users\catkin\Documents\baseline_zhou\baseline_zhou-main\baseline_zhou-main\zhou_icf_mpc_constraint_audit_v1,results\focused_scan\20260715_104605\cases\B_C11_005\configuration.csv,418,2026-07-15T10:55:51.000,66a6b27ee7418f7451d751af9134c8c5ff58c6130128552bc83a8f104e13294e
jd_jq_audit,C:\Users\catkin\Documents\baseline_zhou\baseline_zhou-main\baseline_zhou-main\zhou_icf_mpc_constraint_audit_v1,results\focused_scan\20260715_104605\cases\B_C11_005\metrics.csv,2550,2026-07-15T10:55:52.000,f2b46716af018642198942ca4061b182da9f9dccdd9f0c3543d6f5f303c50777
jd_jq_audit,C:\Users\catkin\Documents\baseline_zhou\baseline_zhou-main\baseline_zhou-main\zhou_icf_mpc_constraint_audit_v1,results\focused_scan\20260715_104605\cases\B_C11_006\configuration.csv,431,2026-07-15T10:55:52.000,96789d0a1b9b90eae58c108e65a9040e271cf0d7cd79332f57b086e9e6477b3d
jd_jq_audit,C:\Users\catkin\Documents\baseline_zhou\baseline_zhou-main\baseline_zhou-main\zhou_icf_mpc_constraint_audit_v1,results\focused_scan\20260715_104605\cases\B_C11_006\metrics.csv,2562,2026-07-15T10:55:52.000,058fe5c87b15de7a6a8b9c6716aaef30bbc019f29de42bbab4087ca9444a8049
jd_jq_audit,C:\Users\catkin\Documents\baseline_zhou\baseline_zhou-main\baseline_zhou-main\zhou_icf_mpc_constraint_audit_v1,results\focused_scan\20260715_104605\cases\B_C11_007\configuration.csv,418,2026-07-15T10:55:52.000,c720b0d347c9761c4d0322520bbafce6a017da0cfe97ca903695898d73d46519
jd_jq_audit,C:\Users\catkin\Documents\baseline_zhou\baseline_zhou-main\baseline_zhou-main\zhou_icf_mpc_constraint_audit_v1,results\focused_scan\20260715_104605\cases\B_C11_007\metrics.csv,2549,2026-07-15T10:55:52.000,0cc0ddb6dc9535eee46522dc94a8b30a305d7f267d9d67a9485bc586f35be6bc
jd_jq_audit,C:\Users\catkin\Documents\baseline_zhou\baseline_zhou-main\baseline_zhou-main\zhou_icf_mpc_constraint_audit_v1,results\focused_scan\20260715_104605\cases\B_C11_008\configuration.csv,418,2026-07-15T10:55:52.000,a1fa9633d358eb42f720ef392a5908372cae08325d6390158fbfd89dc6e29d55
jd_jq_audit,C:\Users\catkin\Documents\baseline_zhou\baseline_zhou-main\baseline_zhou-main\zhou_icf_mpc_constraint_audit_v1,results\focused_scan\20260715_104605\cases\B_C11_008\metrics.csv,2543,2026-07-15T10:55:53.000,e694b0dcde4f0a6dc42b43bf9cee2a43d9898bbdfe5ec3243ea298f5f365b11d
jd_jq_audit,C:\Users\catkin\Documents\baseline_zhou\baseline_zhou-main\baseline_zhou-main\zhou_icf_mpc_constraint_audit_v1,results\focused_scan\20260715_104605\cases\B_C11_009\configuration.csv,432,2026-07-15T10:55:53.000,d6f982a016e0ab6e9feebafa63518d99a46f1c7bb0e3632fd829429fe8032818
jd_jq_audit,C:\Users\catkin\Documents\baseline_zhou\baseline_zhou-main\baseline_zhou-main\zhou_icf_mpc_constraint_audit_v1,results\focused_scan\20260715_104605\cases\B_C11_009\metrics.csv,2563,2026-07-15T10:55:53.000,df5eaedbd01a30d487718b35f229eab3370a55714efaa97d3b7a628aca61a488
jd_jq_audit,C:\Users\catkin\Documents\baseline_zhou\baseline_zhou-main\baseline_zhou-main\zhou_icf_mpc_constraint_audit_v1,results\focused_scan\20260715_104605\cases\B_C11_010\configuration.csv,419,2026-07-15T10:55:53.000,e366c3512241c0f94de2962dbbaef50cb669be50a0b352ab25deeb12e45221b5
jd_jq_audit,C:\Users\catkin\Documents\baseline_zhou\baseline_zhou-main\baseline_zhou-main\zhou_icf_mpc_constraint_audit_v1,results\focused_scan\20260715_104605\cases\B_C11_010\metrics.csv,2553,2026-07-15T10:55:53.000,5b443500ca975c99a772ed011b2adbca688d8f250209990498df3eb1827b8ab7
jd_jq_audit,C:\Users\catkin\Documents\baseline_zhou\baseline_zhou-main\baseline_zhou-main\zhou_icf_mpc_constraint_audit_v1,results\focused_scan\20260715_104605\cases\B_C11_011\configuration.csv,432,2026-07-15T10:55:53.000,832312ebd5e2ecf4c20aefe617c757a2aa3fb1f78b984a28c761af39e15cc5c0
jd_jq_audit,C:\Users\catkin\Documents\baseline_zhou\baseline_zhou-main\baseline_zhou-main\zhou_icf_mpc_constraint_audit_v1,results\focused_scan\20260715_104605\cases\B_C11_011\metrics.csv,2556,2026-07-15T10:55:54.000,33285cfaf8076b1bdd7d05629b8833934ac64f14be450b1238716abfdc6d4e4d
jd_jq_audit,C:\Users\catkin\Documents\baseline_zhou\baseline_zhou-main\baseline_zhou-main\zhou_icf_mpc_constraint_audit_v1,results\focused_scan\20260715_104605\cases\B_C11_012\configuration.csv,435,2026-07-15T10:55:54.000,0ae63e2050502d4af8e0649525822211156f6eb0770a43622e750de389caf4aa
jd_jq_audit,C:\Users\catkin\Documents\baseline_zhou\baseline_zhou-main\baseline_zhou-main\zhou_icf_mpc_constraint_audit_v1,results\focused_scan\20260715_104605\cases\B_C11_012\metrics.csv,2560,2026-07-15T10:55:54.000,72b59f61a429c961b6e0109e5b25c92fcd36bd6bba5651a172d745dce9bb77b7
jd_jq_audit,C:\Users\catkin\Documents\baseline_zhou\baseline_zhou-main\baseline_zhou-main\zhou_icf_mpc_constraint_audit_v1,results\focused_scan\20260715_104605\cases\B_C11_013\configuration.csv,422,2026-07-15T10:55:54.000,e793f1e89828b8bd1a9424a46f30ca2d446f45f94378fc4b54cbadb409d8bacb
jd_jq_audit,C:\Users\catkin\Documents\baseline_zhou\baseline_zhou-main\baseline_zhou-main\zhou_icf_mpc_constraint_audit_v1,results\focused_scan\20260715_104605\cases\B_C11_013\metrics.csv,2566,2026-07-15T10:55:54.000,58eb758c3b1c0884b666c4a9b7e0fe8164ff0940102a5bcdc382221ce4b4da28
jd_jq_audit,C:\Users\catkin\Documents\baseline_zhou\baseline_zhou-main\baseline_zhou-main\zhou_icf_mpc_constraint_audit_v1,results\focused_scan\20260715_104605\cases\B_C11_014\configuration.csv,485,2026-07-15T10:55:54.000,03b2595e1a467328a92331f4c57bab433f0f3a0c8185f980b1c4f6a1e4042b4d
jd_jq_audit,C:\Users\catkin\Documents\baseline_zhou\baseline_zhou-main\baseline_zhou-main\zhou_icf_mpc_constraint_audit_v1,results\focused_scan\20260715_104605\cases\B_C11_014\metrics.csv,2609,2026-07-15T10:55:55.000,c17b1c5afe9642cb7e686c07db2879d1757078bae473ee532f7b28ced4c23c87
jd_jq_audit,C:\Users\catkin\Documents\baseline_zhou\baseline_zhou-main\baseline_zhou-main\zhou_icf_mpc_constraint_audit_v1,results\focused_scan\20260715_104605\cases\B_C11_015\configuration.csv,440,2026-07-15T10:55:55.000,768030f2c7dfbeb37d0dc7de879b106d269faf2821885435667df59593125f53
jd_jq_audit,C:\Users\catkin\Documents\baseline_zhou\baseline_zhou-main\baseline_zhou-main\zhou_icf_mpc_constraint_audit_v1,results\focused_scan\20260715_104605\cases\B_C11_015\metrics.csv,2566,2026-07-15T10:55:55.000,ffde19535160df08f499f76789df9c03a8b3493eb8be59916c12ac3bfaf3ebe2
jd_jq_audit,C:\Users\catkin\Documents\baseline_zhou\baseline_zhou-main\baseline_zhou-main\zhou_icf_mpc_constraint_audit_v1,results\focused_scan\20260715_104605\cases\B_C11_016\configuration.csv,416,2026-07-15T10:55:55.000,2549f2e1520c6a1eea17a6e33f1e11d46848dc6e7745944a254505eb91a5e218
jd_jq_audit,C:\Users\catkin\Documents\baseline_zhou\baseline_zhou-main\baseline_zhou-main\zhou_icf_mpc_constraint_audit_v1,results\focused_scan\20260715_104605\cases\B_C11_016\metrics.csv,2535,2026-07-15T10:55:55.000,8b6777f953428d2eef171cfbb32242e55d3651cbc31dbde47ba7e0a1a1d822ec
jd_jq_audit,C:\Users\catkin\Documents\baseline_zhou\baseline_zhou-main\baseline_zhou-main\zhou_icf_mpc_constraint_audit_v1,results\focused_scan\20260715_104605\cases\B_C11_017\configuration.csv,466,2026-07-15T10:55:55.000,7c22c6292a73305915d6d8d6782ea81b9fdfabe8796c256faf6e7a99c9c7e72e
jd_jq_audit,C:\Users\catkin\Documents\baseline_zhou\baseline_zhou-main\baseline_zhou-main\zhou_icf_mpc_constraint_audit_v1,results\focused_scan\20260715_104605\cases\B_C11_017\metrics.csv,2589,2026-07-15T10:55:56.000,49f17437afbaa7f779eacb73c21b964b3b4535b49629ce575237ff3329afeb4b
jd_jq_audit,C:\Users\catkin\Documents\baseline_zhou\baseline_zhou-main\baseline_zhou-main\zhou_icf_mpc_constraint_audit_v1,results\focused_scan\20260715_104605\failed_cases.csv,50,2026-07-15T10:55:56.000,f1e9df54cd51918e924628a3b30d29da274e34675731f753862a431e2a567cdf
jd_jq_audit,C:\Users\catkin\Documents\baseline_zhou\baseline_zhou-main\baseline_zhou-main\zhou_icf_mpc_constraint_audit_v1,results\focused_scan\20260715_104605\metrics.csv,191486,2026-07-15T10:55:56.000,dadba52316583980eacc2e3641ed9ccc21e8932b5f2194ef09c4ddc1c27f9947
jd_jq_audit,C:\Users\catkin\Documents\baseline_zhou\baseline_zhou-main\baseline_zhou-main\zhou_icf_mpc_constraint_audit_v1,results\negative_id\20260715_101606_constraint_baseline\config_snapshot\configuration.mat,2141,2026-07-15T10:16:24.000,36163bd1d13668acc0d880b9eeb4b2ff6bfe37003e7a870b7a4a5995bc4a7b96
jd_jq_audit,C:\Users\catkin\Documents\baseline_zhou\baseline_zhou-main\baseline_zhou-main\zhou_icf_mpc_constraint_audit_v1,results\negative_id\20260715_101606_constraint_baseline\metrics.csv,1331,2026-07-15T10:16:24.000,20ac6ae0bdc700a90c6dec37b69e658659c918515d315193599bf9df5c2ceb0c
jd_jq_audit,C:\Users\catkin\Documents\baseline_zhou\baseline_zhou-main\baseline_zhou-main\zhou_icf_mpc_constraint_audit_v1,results\negative_id\20260715_102327_constraint_baseline\config_snapshot\configuration.mat,2141,2026-07-15T10:23:52.000,3fa3de1264d86788691650f85421faa7231e34c6fc8a14439441f4b28f2f14a2
jd_jq_audit,C:\Users\catkin\Documents\baseline_zhou\baseline_zhou-main\baseline_zhou-main\zhou_icf_mpc_constraint_audit_v1,results\negative_id\20260715_102327_constraint_baseline\metrics.csv,1331,2026-07-15T10:23:52.000,20ac6ae0bdc700a90c6dec37b69e658659c918515d315193599bf9df5c2ceb0c
jd_jq_audit,C:\Users\catkin\Documents\baseline_zhou\baseline_zhou-main\baseline_zhou-main\zhou_icf_mpc_constraint_audit_v1,results\regression\20260715_101606_constraint_baseline\config_snapshot\configuration.mat,2118,2026-07-15T10:16:17.000,a476caf7c353468f247320720a240aa01d1009f9bd3cd3e3fb0563c7f71e6840
jd_jq_audit,C:\Users\catkin\Documents\baseline_zhou\baseline_zhou-main\baseline_zhou-main\zhou_icf_mpc_constraint_audit_v1,results\regression\20260715_101606_constraint_baseline\metrics.csv,774,2026-07-15T10:16:17.000,68330168f51609bd9737a213c512664cddb3055b0bd06f834b6db69161a81d9a
jd_jq_audit,C:\Users\catkin\Documents\baseline_zhou\baseline_zhou-main\baseline_zhou-main\zhou_icf_mpc_constraint_audit_v1,results\regression\20260715_102327_constraint_baseline\config_snapshot\configuration.mat,2118,2026-07-15T10:23:41.000,9621c37b1691736463c85cbe41f947672e8c1e49af352a9d40d6408c8cf1880c
jd_jq_audit,C:\Users\catkin\Documents\baseline_zhou\baseline_zhou-main\baseline_zhou-main\zhou_icf_mpc_constraint_audit_v1,results\regression\20260715_102327_constraint_baseline\metrics.csv,774,2026-07-15T10:23:42.000,68330168f51609bd9737a213c512664cddb3055b0bd06f834b6db69161a81d9a
jd_jq_audit,C:\Users\catkin\Documents\baseline_zhou\baseline_zhou-main\baseline_zhou-main\zhou_icf_mpc_constraint_audit_v1,results\saliency\20260715_101606_constraint_baseline\config_snapshot\configuration.mat,2121,2026-07-15T10:16:22.000,00fdd9fa7101a6d031f2f90225faa3f8fcc494642c71f14a653d76f002e9099c
jd_jq_audit,C:\Users\catkin\Documents\baseline_zhou\baseline_zhou-main\baseline_zhou-main\zhou_icf_mpc_constraint_audit_v1,results\saliency\20260715_101606_constraint_baseline\metrics.csv,685,2026-07-15T10:16:22.000,3876d6033a7170abdbe18f352351d53225048da73559c726e48ded21bf69b56b
jd_jq_audit,C:\Users\catkin\Documents\baseline_zhou\baseline_zhou-main\baseline_zhou-main\zhou_icf_mpc_constraint_audit_v1,results\saliency\20260715_102327_constraint_baseline\config_snapshot\configuration.mat,2121,2026-07-15T10:23:49.000,2bca1e458f639c9644c8ecbdc4c8a4245e4801f0b7918e31820c53e19809dc09
jd_jq_audit,C:\Users\catkin\Documents\baseline_zhou\baseline_zhou-main\baseline_zhou-main\zhou_icf_mpc_constraint_audit_v1,results\saliency\20260715_102327_constraint_baseline\metrics.csv,685,2026-07-15T10:23:49.000,3876d6033a7170abdbe18f352351d53225048da73559c726e48ded21bf69b56b
jd_jq_audit,C:\Users\catkin\Documents\baseline_zhou\baseline_zhou-main\baseline_zhou-main\zhou_icf_mpc_constraint_audit_v1,results\summary\01_jd_jq_id_rmse_heatmaps_data.csv,470834,2026-07-15T11:04:10.000,94f20a3e5612814236013f420f638839a7a23ab6fffe9811201ba27642468e84
jd_jq_audit,C:\Users\catkin\Documents\baseline_zhou\baseline_zhou-main\baseline_zhou-main\zhou_icf_mpc_constraint_audit_v1,results\summary\02_jd_jq_iq_rmse_heatmaps_data.csv,470834,2026-07-15T11:04:15.000,94f20a3e5612814236013f420f638839a7a23ab6fffe9811201ba27642468e84
jd_jq_audit,C:\Users\catkin\Documents\baseline_zhou\baseline_zhou-main\baseline_zhou-main\zhou_icf_mpc_constraint_audit_v1,results\summary\03_jd_jq_torque_ripple_heatmaps_data.csv,470834,2026-07-15T11:04:17.000,94f20a3e5612814236013f420f638839a7a23ab6fffe9811201ba27642468e84
jd_jq_audit,C:\Users\catkin\Documents\baseline_zhou\baseline_zhou-main\baseline_zhou-main\zhou_icf_mpc_constraint_audit_v1,results\summary\04_jd_jq_switching_heatmaps_data.csv,470834,2026-07-15T11:04:19.000,94f20a3e5612814236013f420f638839a7a23ab6fffe9811201ba27642468e84
jd_jq_audit,C:\Users\catkin\Documents\baseline_zhou\baseline_zhou-main\baseline_zhou-main\zhou_icf_mpc_constraint_audit_v1,results\summary\05_jd_jq_constraint_satisfaction_heatmaps_data.csv,470834,2026-07-15T11:04:21.000,94f20a3e5612814236013f420f638839a7a23ab6fffe9811201ba27642468e84
jd_jq_audit,C:\Users\catkin\Documents\baseline_zhou\baseline_zhou-main\baseline_zhou-main\zhou_icf_mpc_constraint_audit_v1,results\summary\06_pareto_fronts_data.csv,669078,2026-07-15T11:04:23.000,cdfd03b1aaa0817ff1de5cead31a967b84bbdf3292e1fdc17099617de0197231
jd_jq_audit,C:\Users\catkin\Documents\baseline_zhou\baseline_zhou-main\baseline_zhou-main\zhou_icf_mpc_constraint_audit_v1,results\summary\07_default_on_pareto_data.csv,669078,2026-07-15T11:04:25.000,cdfd03b1aaa0817ff1de5cead31a967b84bbdf3292e1fdc17099617de0197231
jd_jq_audit,C:\Users\catkin\Documents\baseline_zhou\baseline_zhou-main\baseline_zhou-main\zhou_icf_mpc_constraint_audit_v1,results\summary\08_best_threshold_distribution_data.csv,4614,2026-07-15T11:04:26.000,887ee8bb09392b4e4825b69787255b3c324398d69af9f07d206e7ab2ae5ece48
jd_jq_audit,C:\Users\catkin\Documents\baseline_zhou\baseline_zhou-main\baseline_zhou-main\zhou_icf_mpc_constraint_audit_v1,results\summary\09_best_threshold_vs_speed_data.csv,4670,2026-07-15T11:04:26.000,5c8dae6644bbf4ac469f3413729d33f189daf646c1f29d7d450c570d80aef487
jd_jq_audit,C:\Users\catkin\Documents\baseline_zhou\baseline_zhou-main\baseline_zhou-main\zhou_icf_mpc_constraint_audit_v1,results\summary\10_best_threshold_vs_load_data.csv,4661,2026-07-15T11:04:27.000,4bafe4901d0755bb0722b8bcbe019ea33b930aba12c299a8617a6e9789647c0a
jd_jq_audit,C:\Users\catkin\Documents\baseline_zhou\baseline_zhou-main\baseline_zhou-main\zhou_icf_mpc_constraint_audit_v1,results\summary\11_cross_condition_transfer_loss_data.csv,60366,2026-07-15T11:04:28.000,7b9aa602dcb0a50ca27fdfe7bd8953171bd871e2e83fc82f8ffb4741ced1bb39
jd_jq_audit,C:\Users\catkin\Documents\baseline_zhou\baseline_zhou-main\baseline_zhou-main\zhou_icf_mpc_constraint_audit_v1,results\summary\12_default_vs_local_time_domain_default_data.csv,357048,2026-07-15T11:04:29.000,7e58c424ab816d6a8ee6efed3134158c4be45a98732dfe6b378d93f8677e08ff
jd_jq_audit,C:\Users\catkin\Documents\baseline_zhou\baseline_zhou-main\baseline_zhou-main\zhou_icf_mpc_constraint_audit_v1,results\summary\12_default_vs_local_time_domain_local_data.csv,362509,2026-07-15T11:04:29.000,99f57da8bf965eb78ab5635d25937a5e28d66fb935a44ac17d4c793032836970
jd_jq_audit,C:\Users\catkin\Documents\baseline_zhou\baseline_zhou-main\baseline_zhou-main\zhou_icf_mpc_constraint_audit_v1,results\summary\13_vector_mode_distribution_data.csv,1764,2026-07-15T11:04:30.000,95c1cc67bbbfef9aae0492830eb13c970f45fea8c3810b72789f11e6e64df600
jd_jq_audit,C:\Users\catkin\Documents\baseline_zhou\baseline_zhou-main\baseline_zhou-main\zhou_icf_mpc_constraint_audit_v1,results\summary\14_current_ripple_switching_tradeoff_data.csv,669078,2026-07-15T11:04:32.000,cdfd03b1aaa0817ff1de5cead31a967b84bbdf3292e1fdc17099617de0197231
jd_jq_audit,C:\Users\catkin\Documents\baseline_zhou\baseline_zhou-main\baseline_zhou-main\zhou_icf_mpc_constraint_audit_v1,results\summary\20260715_104605\all_constraint_cases.csv,669078,2026-07-15T11:04:10.000,cdfd03b1aaa0817ff1de5cead31a967b84bbdf3292e1fdc17099617de0197231
jd_jq_audit,C:\Users\catkin\Documents\baseline_zhou\baseline_zhou-main\baseline_zhou-main\zhou_icf_mpc_constraint_audit_v1,results\summary\20260715_104605\best_constraint_by_condition.csv,4614,2026-07-15T11:04:10.000,887ee8bb09392b4e4825b69787255b3c324398d69af9f07d206e7ab2ae5ece48
jd_jq_audit,C:\Users\catkin\Documents\baseline_zhou\baseline_zhou-main\baseline_zhou-main\zhou_icf_mpc_constraint_audit_v1,results\summary\20260715_104605\constraint_audit_decision.csv,596,2026-07-15T11:04:10.000,7693049a6c27ce0be87936757ba071205e076aded89fef99ad7acc29abc9d9ab
jd_jq_audit,C:\Users\catkin\Documents\baseline_zhou\baseline_zhou-main\baseline_zhou-main\zhou_icf_mpc_constraint_audit_v1,results\summary\20260715_104605\constraint_violation_summary.csv,116640,2026-07-15T11:04:10.000,dccb0db68b823b074dfcc72f82f32f9551d79773cf7b5dfb4eae7b00b3777305
jd_jq_audit,C:\Users\catkin\Documents\baseline_zhou\baseline_zhou-main\baseline_zhou-main\zhou_icf_mpc_constraint_audit_v1,results\summary\20260715_104605\cross_condition_transfer_matrix.csv,60366,2026-07-15T11:04:10.000,7b9aa602dcb0a50ca27fdfe7bd8953171bd871e2e83fc82f8ffb4741ced1bb39
jd_jq_audit,C:\Users\catkin\Documents\baseline_zhou\baseline_zhou-main\baseline_zhou-main\zhou_icf_mpc_constraint_audit_v1,results\summary\20260715_104605\default_constraint_performance.csv,14512,2026-07-15T11:04:10.000,d98aae290b94e6cef17c6dd04990115a7e812cc401006720dd4fcc779ad38888
jd_jq_audit,C:\Users\catkin\Documents\baseline_zhou\baseline_zhou-main\baseline_zhou-main\zhou_icf_mpc_constraint_audit_v1,results\summary\20260715_104605\effective_constraint_region_by_condition.csv,1445,2026-07-15T11:04:10.000,3ad83260fca9e8353d449004313ba791e3e503b879aebf0310a63e522710f289
jd_jq_audit,C:\Users\catkin\Documents\baseline_zhou\baseline_zhou-main\baseline_zhou-main\zhou_icf_mpc_constraint_audit_v1,results\summary\20260715_104605\failed_cases.csv,50,2026-07-15T11:04:10.000,f1e9df54cd51918e924628a3b30d29da274e34675731f753862a431e2a567cdf
jd_jq_audit,C:\Users\catkin\Documents\baseline_zhou\baseline_zhou-main\baseline_zhou-main\zhou_icf_mpc_constraint_audit_v1,results\summary\20260715_104605\hypothesis_summary.csv,1404,2026-07-15T11:04:10.000,4f13b340c73a005b85f552d71b5db3c112e9564eba43adc812fd7f792ae66a78
jd_jq_audit,C:\Users\catkin\Documents\baseline_zhou\baseline_zhou-main\baseline_zhou-main\zhou_icf_mpc_constraint_audit_v1,results\summary\20260715_104605\jd_jq_pareto_summary.csv,210351,2026-07-15T11:04:10.000,bba19fdc196db5834f4025ed57b38f3aba2e70dd4475858dd9a9a991bfef81f5
jd_jq_audit,C:\Users\catkin\Documents\baseline_zhou\baseline_zhou-main\baseline_zhou-main\zhou_icf_mpc_constraint_audit_v1,results\summary\20260715_104605\operating_condition_manifest.csv,2438,2026-07-15T11:04:10.000,b23ea1a2b6c65e3441cf9ad9eddb4e2e421fb7e49508cbb4989522892300474d
jd_jq_audit,C:\Users\catkin\Documents\baseline_zhou\baseline_zhou-main\baseline_zhou-main\zhou_icf_mpc_constraint_audit_v1,results\summary\20260715_104605\vector_mode_distribution.csv,98113,2026-07-15T11:04:10.000,174228ffb51ed3b371097b8fa16e1176641f1cca39d6fa262488299766b6a57e
jd_jq_audit,C:\Users\catkin\Documents\baseline_zhou\baseline_zhou-main\baseline_zhou-main\zhou_icf_mpc_constraint_audit_v1,results\summary\all_constraint_cases.csv,669078,2026-07-15T11:04:10.000,cdfd03b1aaa0817ff1de5cead31a967b84bbdf3292e1fdc17099617de0197231
jd_jq_audit,C:\Users\catkin\Documents\baseline_zhou\baseline_zhou-main\baseline_zhou-main\zhou_icf_mpc_constraint_audit_v1,results\summary\alpha_mode_comparison.csv,1909,2026-07-15T10:23:55.000,8133a9b4c245ad3f3c0ed4a22d44315941fbbf3785ba1ce281523d2261df29da
jd_jq_audit,C:\Users\catkin\Documents\baseline_zhou\baseline_zhou-main\baseline_zhou-main\zhou_icf_mpc_constraint_audit_v1,results\summary\best_constraint_by_condition.csv,4614,2026-07-15T11:04:10.000,887ee8bb09392b4e4825b69787255b3c324398d69af9f07d206e7ab2ae5ece48
jd_jq_audit,C:\Users\catkin\Documents\baseline_zhou\baseline_zhou-main\baseline_zhou-main\zhou_icf_mpc_constraint_audit_v1,results\summary\constraint_audit_decision.csv,596,2026-07-15T11:04:10.000,7693049a6c27ce0be87936757ba071205e076aded89fef99ad7acc29abc9d9ab
jd_jq_audit,C:\Users\catkin\Documents\baseline_zhou\baseline_zhou-main\baseline_zhou-main\zhou_icf_mpc_constraint_audit_v1,results\summary\constraint_violation_summary.csv,116640,2026-07-15T11:04:10.000,dccb0db68b823b074dfcc72f82f32f9551d79773cf7b5dfb4eae7b00b3777305
jd_jq_audit,C:\Users\catkin\Documents\baseline_zhou\baseline_zhou-main\baseline_zhou-main\zhou_icf_mpc_constraint_audit_v1,results\summary\cross_condition_transfer_matrix.csv,60366,2026-07-15T11:04:10.000,7b9aa602dcb0a50ca27fdfe7bd8953171bd871e2e83fc82f8ffb4741ced1bb39
jd_jq_audit,C:\Users\catkin\Documents\baseline_zhou\baseline_zhou-main\baseline_zhou-main\zhou_icf_mpc_constraint_audit_v1,results\summary\default_constraint_performance.csv,14512,2026-07-15T11:04:10.000,d98aae290b94e6cef17c6dd04990115a7e812cc401006720dd4fcc779ad38888
jd_jq_audit,C:\Users\catkin\Documents\baseline_zhou\baseline_zhou-main\baseline_zhou-main\zhou_icf_mpc_constraint_audit_v1,results\summary\effective_constraint_region_by_condition.csv,1445,2026-07-15T11:04:10.000,3ad83260fca9e8353d449004313ba791e3e503b879aebf0310a63e522710f289
jd_jq_audit,C:\Users\catkin\Documents\baseline_zhou\baseline_zhou-main\baseline_zhou-main\zhou_icf_mpc_constraint_audit_v1,results\summary\failed_cases.csv,50,2026-07-15T11:04:10.000,f1e9df54cd51918e924628a3b30d29da274e34675731f753862a431e2a567cdf
jd_jq_audit,C:\Users\catkin\Documents\baseline_zhou\baseline_zhou-main\baseline_zhou-main\zhou_icf_mpc_constraint_audit_v1,results\summary\hypothesis_summary.csv,1404,2026-07-15T11:04:10.000,4f13b340c73a005b85f552d71b5db3c112e9564eba43adc812fd7f792ae66a78
jd_jq_audit,C:\Users\catkin\Documents\baseline_zhou\baseline_zhou-main\baseline_zhou-main\zhou_icf_mpc_constraint_audit_v1,results\summary\ipmsm_probe_summary.csv,1229,2026-07-15T10:23:49.000,0488fe4803e5b6a2cee2df81b3e262f78e716256c9aa48832903c3d92000a3e5
jd_jq_audit,C:\Users\catkin\Documents\baseline_zhou\baseline_zhou-main\baseline_zhou-main\zhou_icf_mpc_constraint_audit_v1,results\summary\jd_jq_pareto_summary.csv,210351,2026-07-15T11:04:10.000,bba19fdc196db5834f4025ed57b38f3aba2e70dd4475858dd9a9a991bfef81f5
jd_jq_audit,C:\Users\catkin\Documents\baseline_zhou\baseline_zhou-main\baseline_zhou-main\zhou_icf_mpc_constraint_audit_v1,results\summary\negative_id_sweep.csv,3211,2026-07-15T10:23:52.000,875ec517261d8742e81d334d74a882367fe89435afd7bbf95d844c6b75277ac5
jd_jq_audit,C:\Users\catkin\Documents\baseline_zhou\baseline_zhou-main\baseline_zhou-main\zhou_icf_mpc_constraint_audit_v1,results\summary\operating_condition_manifest.csv,2438,2026-07-15T11:04:10.000,b23ea1a2b6c65e3441cf9ad9eddb4e2e421fb7e49508cbb4989522892300474d
jd_jq_audit,C:\Users\catkin\Documents\baseline_zhou\baseline_zhou-main\baseline_zhou-main\zhou_icf_mpc_constraint_audit_v1,results\summary\plot_artifact_index.csv,2501,2026-07-15T11:04:32.000,a658431a74fb6f2f3f9c7e538d1f12ae4311623d6dd9ccf82772117325cf19b8
jd_jq_audit,C:\Users\catkin\Documents\baseline_zhou\baseline_zhou-main\baseline_zhou-main\zhou_icf_mpc_constraint_audit_v1,results\summary\regression_summary.csv,1294,2026-07-15T10:23:42.000,49c86fbd41d4484a4cef38356391159f14c8376fef9c67c51110f718f51ffa6f
jd_jq_audit,C:\Users\catkin\Documents\baseline_zhou\baseline_zhou-main\baseline_zhou-main\zhou_icf_mpc_constraint_audit_v1,results\summary\vector_mode_distribution.csv,98113,2026-07-15T11:04:10.000,174228ffb51ed3b371097b8fa16e1176641f1cca39d6fa262488299766b6a57e
jd_jq_audit,C:\Users\catkin\Documents\baseline_zhou\baseline_zhou-main\baseline_zhou-main\zhou_icf_mpc_constraint_audit_v1,run_constraint_audit.m,7362,2026-07-15T10:43:56.000,e2f703cb2b8c2d88ba9af7ddb7ea2f4bb11874e91e5ece0b7cdf1f60d992cf5d
jd_jq_audit,C:\Users\catkin\Documents\baseline_zhou\baseline_zhou-main\baseline_zhou-main\zhou_icf_mpc_constraint_audit_v1,src\+zhou_constraint\analyze_results.m,27945,2026-07-15T10:59:28.000,3607325e3d95fa64a7002f756947eb3d238c0a1743d0bd919e4fc2a99e5e03da
jd_jq_audit,C:\Users\catkin\Documents\baseline_zhou\baseline_zhou-main\baseline_zhou-main\zhou_icf_mpc_constraint_audit_v1,src\+zhou_constraint\build_coarse_cases.m,2310,2026-07-15T10:34:11.000,e0d7f9458519b851db0dbcdfdfc084f1c693a0c39118845b258642f3121a3b72
jd_jq_audit,C:\Users\catkin\Documents\baseline_zhou\baseline_zhou-main\baseline_zhou-main\zhou_icf_mpc_constraint_audit_v1,src\+zhou_constraint\build_focused_cases.m,5045,2026-07-15T10:34:49.000,769d1bd6bf55837c6583ed9ed1f2b0daa333e00ebfecd6208f16d2884570df9f
jd_jq_audit,C:\Users\catkin\Documents\baseline_zhou\baseline_zhou-main\baseline_zhou-main\zhou_icf_mpc_constraint_audit_v1,src\+zhou_constraint\build_operating_conditions.m,3239,2026-07-15T10:34:11.000,f1af3eadc6c3adf68a91ec94694cf16d3c6158907463d8753bba861c1bcd24ef
jd_jq_audit,C:\Users\catkin\Documents\baseline_zhou\baseline_zhou-main\baseline_zhou-main\zhou_icf_mpc_constraint_audit_v1,src\+zhou_constraint\compare_inventory_snapshots.m,889,2026-07-15T10:10:57.000,287254d0197ff63649e9ef9fdb0a7aa4231dc8a3438bc380fd0b5b1268c56d97
jd_jq_audit,C:\Users\catkin\Documents\baseline_zhou\baseline_zhou-main\baseline_zhou-main\zhou_icf_mpc_constraint_audit_v1,src\+zhou_constraint\finalize_existing_run.m,2090,2026-07-15T10:58:02.000,1d7f8ff09c83336d26afb417b010004d32a487cdc83bc294f249452f19c69417
jd_jq_audit,C:\Users\catkin\Documents\baseline_zhou\baseline_zhou-main\baseline_zhou-main\zhou_icf_mpc_constraint_audit_v1,src\+zhou_constraint\generate_baseline_failure_report.m,1160,2026-07-15T10:10:57.000,87091c11457b23eb7b97ac31b0b9e09f8cb93ae39b3141c7ae942c0f335d586d
jd_jq_audit,C:\Users\catkin\Documents\baseline_zhou\baseline_zhou-main\baseline_zhou-main\zhou_icf_mpc_constraint_audit_v1,src\+zhou_constraint\generate_final_reports.m,13702,2026-07-15T10:59:40.000,cc5647810c38570cc561f2f281fc21ad17d2876a242125e59bd8bb4aada84308
jd_jq_audit,C:\Users\catkin\Documents\baseline_zhou\baseline_zhou-main\baseline_zhou-main\zhou_icf_mpc_constraint_audit_v1,src\+zhou_constraint\generate_phase1_reports.m,8954,2026-07-15T10:25:04.000,7028d54a3f03c64d5ea369bc9f54111bf9b89f4db9653a6198870f8812f4d684
jd_jq_audit,C:\Users\catkin\Documents\baseline_zhou\baseline_zhou-main\baseline_zhou-main\zhou_icf_mpc_constraint_audit_v1,src\+zhou_constraint\generate_plots.m,9862,2026-07-15T11:03:56.000,04f27bcf0cda33d4e0f04abe8ade4d9e404ef3cbe858cd481f88680ec2c27bcc
jd_jq_audit,C:\Users\catkin\Documents\baseline_zhou\baseline_zhou-main\baseline_zhou-main\zhou_icf_mpc_constraint_audit_v1,src\+zhou_constraint\generate_source_manifests.m,2302,2026-07-15T10:22:12.000,5c657332380b2a66628a343452b1f2c7f6c763011523cd25e37ffb01853a021f
jd_jq_audit,C:\Users\catkin\Documents\baseline_zhou\baseline_zhou-main\baseline_zhou-main\zhou_icf_mpc_constraint_audit_v1,src\+zhou_constraint\prepare_context.m,1495,2026-07-15T09:59:25.000,9eacc0a0cd3ecf8fad1bfb4001d940eb9d09ac77f735cf73f767567c6585ff7b
jd_jq_audit,C:\Users\catkin\Documents\baseline_zhou\baseline_zhou-main\baseline_zhou-main\zhou_icf_mpc_constraint_audit_v1,src\+zhou_constraint\run_baseline_gate.m,8119,2026-07-15T10:19:49.000,b336a50a613ceb91c58875f3655940c9fe502aa4ad29d6620f89ea23bbc6263a
jd_jq_audit,C:\Users\catkin\Documents\baseline_zhou\baseline_zhou-main\baseline_zhou-main\zhou_icf_mpc_constraint_audit_v1,src\+zhou_constraint\run_batch.m,2292,2026-07-15T10:34:11.000,115b9f8f49a564cbc58a994718859f46857f1223e6808be6d9724ea5193fa7ab
jd_jq_audit,C:\Users\catkin\Documents\baseline_zhou\baseline_zhou-main\baseline_zhou-main\zhou_icf_mpc_constraint_audit_v1,src\+zhou_constraint\run_constraint_case.m,9816,2026-07-15T10:34:11.000,272c0984c27797ad9dd5092fda39ef82056ede53cccd2b12f391442f82aed35c
jd_jq_audit,C:\Users\catkin\Documents\baseline_zhou\baseline_zhou-main\baseline_zhou-main\zhou_icf_mpc_constraint_audit_v1,src\+zhou_constraint\sha256_file.m,512,2026-07-15T10:22:12.000,4213ec029ea3d428c27a1f115151bc8d71fdae88a449a7bc758407a885b2f34b
jd_jq_audit,C:\Users\catkin\Documents\baseline_zhou\baseline_zhou-main\baseline_zhou-main\zhou_icf_mpc_constraint_audit_v1,src\+zhou_constraint\source_metric_comparison.m,2709,2026-07-15T10:18:20.000,cc5dca7b2b96c724369b06e55c1f6cc191ff4a3484e6bcf8ddc9bf2b6b5bf375
jd_jq_audit,C:\Users\catkin\Documents\baseline_zhou\baseline_zhou-main\baseline_zhou-main\zhou_icf_mpc_constraint_audit_v1,src\+zhou_constraint\thd_metric.m,1493,2026-07-15T09:59:25.000,044567c7ebafc2c4a99d997658d22f60dfd60776fe5879b0dabe7f552343c6a4
jd_jq_audit,C:\Users\catkin\Documents\baseline_zhou\baseline_zhou-main\baseline_zhou-main\zhou_icf_mpc_constraint_audit_v1,src\+zhou_constraint\validate_phase1_record.m,3026,2026-07-15T10:35:07.000,96d2f6acfb5da95a6648e00f2431ccd12691ac10eddb274712d1b724abb6721f
jd_jq_audit,C:\Users\catkin\Documents\baseline_zhou\baseline_zhou-main\baseline_zhou-main\zhou_icf_mpc_constraint_audit_v1,src\+zhou_ipmsm\+controller\build_current_reference.m,56,2026-07-12T21:27:11.000,0cdb151cb63c236efa6de3da6b111ea766af53dc2dfaa3ac5e0f94149edff09b
jd_jq_audit,C:\Users\catkin\Documents\baseline_zhou\baseline_zhou-main\baseline_zhou-main\zhou_icf_mpc_constraint_audit_v1,src\+zhou_ipmsm\+controller\estimate_ultralocal_F.m,116,2026-07-12T21:27:11.000,52979e7449c4faeaf5c84c50a193e3411898a2fca95be1e2746b0bad186da657
jd_jq_audit,C:\Users\catkin\Documents\baseline_zhou\baseline_zhou-main\baseline_zhou-main\zhou_icf_mpc_constraint_audit_v1,src\+zhou_ipmsm\+controller\icf_mpc_step.m,6301,2026-07-12T21:27:11.000,4268a27c6474d1ecd547db2c815234740957a50712d1e7c39c4def27b6d1a1ac
jd_jq_audit,C:\Users\catkin\Documents\baseline_zhou\baseline_zhou-main\baseline_zhou-main\zhou_icf_mpc_constraint_audit_v1,src\+zhou_ipmsm\+controller\predict_current.m,70,2026-07-12T21:27:11.000,4392bc8918fc5c5e4d8a11dee3870e837e28e934bf128099eb3f98c1aacb164b
jd_jq_audit,C:\Users\catkin\Documents\baseline_zhou\baseline_zhou-main\baseline_zhou-main\zhou_icf_mpc_constraint_audit_v1,src\+zhou_ipmsm\+controller\sequence_equivalent_dq_voltage.m,385,2026-07-12T21:27:11.000,002434f10ab7caddd54e18b4d7759c1f200bbb54a918124075e973d52b34b6e1
jd_jq_audit,C:\Users\catkin\Documents\baseline_zhou\baseline_zhou-main\baseline_zhou-main\zhou_icf_mpc_constraint_audit_v1,src\+zhou_ipmsm\+geometry\build_voltage_rectangle.m,1477,2026-07-12T21:27:11.000,2a66996e754d644437ddd15fb4a91ea04eb88c2f40cf13f8bce04fcec364827a
jd_jq_audit,C:\Users\catkin\Documents\baseline_zhou\baseline_zhou-main\baseline_zhou-main\zhou_icf_mpc_constraint_audit_v1,src\+zhou_ipmsm\+geometry\calculate_intersections.m,1695,2026-07-12T21:27:11.000,023bb40df2bad3b362d0e641d6a85c5388a49a07488e69dd3a37378208630436
jd_jq_audit,C:\Users\catkin\Documents\baseline_zhou\baseline_zhou-main\baseline_zhou-main\zhou_icf_mpc_constraint_audit_v1,src\+zhou_ipmsm\+geometry\classify_case.m,969,2026-07-12T21:27:11.000,adca4bb85bae1dad5fe8bdb0a04cb0fb420f7d4daf7baf509f4b860697eff8e3
jd_jq_audit,C:\Users\catkin\Documents\baseline_zhou\baseline_zhou-main\baseline_zhou-main\zhou_icf_mpc_constraint_audit_v1,src\+zhou_ipmsm\+geometry\validate_candidate_geometry.m,556,2026-07-12T21:27:11.000,75b74af1b672a1b220fb3d8d47e66fb6f62c210af036618e034dc73b64f4b364
jd_jq_audit,C:\Users\catkin\Documents\baseline_zhou\baseline_zhou-main\baseline_zhou-main\zhou_icf_mpc_constraint_audit_v1,src\+zhou_ipmsm\+inverter\count_switching_actions.m,115,2026-07-12T21:27:11.000,c9c8332d0396272d0919ab8a7e2946ce5b802c4de87d50f122ecddc7a13c45ca
jd_jq_audit,C:\Users\catkin\Documents\baseline_zhou\baseline_zhou-main\baseline_zhou-main\zhou_icf_mpc_constraint_audit_v1,src\+zhou_ipmsm\+inverter\park.m,67,2026-07-12T21:27:11.000,fb31d6b82b70b8f0ddf1a8b39bcb1193fb1d4ea77cb372ec1f2407eed76da8e5
jd_jq_audit,C:\Users\catkin\Documents\baseline_zhou\baseline_zhou-main\baseline_zhou-main\zhou_icf_mpc_constraint_audit_v1,src\+zhou_ipmsm\+inverter\switching_state_to_alphabeta.m,107,2026-07-12T21:27:11.000,f4cc978bedb2f8e2b400362f9cde156a0882905bcbed27025591ca4819e5e3c1
jd_jq_audit,C:\Users\catkin\Documents\baseline_zhou\baseline_zhou-main\baseline_zhou-main\zhou_icf_mpc_constraint_audit_v1,src\+zhou_ipmsm\+inverter\voltage_vectors.m,155,2026-07-12T21:27:11.000,9af4a6e4814038af37e8cab14a015038a4c2b25e5225b9068b7aaa25c3a42d0f
jd_jq_audit,C:\Users\catkin\Documents\baseline_zhou\baseline_zhou-main\baseline_zhou-main\zhou_icf_mpc_constraint_audit_v1,src\+zhou_ipmsm\+io\append_summary_rows.m,1429,2026-07-12T21:27:11.000,dbf6075d5bf30d9f563f91d0c42cc5a9069a74248219d54a10258364c9565385
jd_jq_audit,C:\Users\catkin\Documents\baseline_zhou\baseline_zhou-main\baseline_zhou-main\zhou_icf_mpc_constraint_audit_v1,src\+zhou_ipmsm\+io\create_run_directory.m,312,2026-07-12T21:27:11.000,f795241925eb9aaff7938e7d8c9518ec0b171e64daeda91481b1c75b0d0b431e
jd_jq_audit,C:\Users\catkin\Documents\baseline_zhou\baseline_zhou-main\baseline_zhou-main\zhou_icf_mpc_constraint_audit_v1,src\+zhou_ipmsm\+io\export_trace_plot.m,1055,2026-07-12T21:27:11.000,6f1f270df84592316a7e4afba8b7406998c48f3aee4dbd9da3aa87c16a13cb80
jd_jq_audit,C:\Users\catkin\Documents\baseline_zhou\baseline_zhou-main\baseline_zhou-main\zhou_icf_mpc_constraint_audit_v1,src\+zhou_ipmsm\+io\generate_source_manifest.m,1607,2026-07-12T21:27:11.000,f0d952b71c43bf6183776d69e31f2a6621e1be475d5b27628e4c1dc82535cece
jd_jq_audit,C:\Users\catkin\Documents\baseline_zhou\baseline_zhou-main\baseline_zhou-main\zhou_icf_mpc_constraint_audit_v1,src\+zhou_ipmsm\+io\save_configuration_snapshot.m,92,2026-07-12T21:27:11.000,bef1756e377059179d9c0380c0d7d0873756a10121663672d8a9ee8c47b07cea
jd_jq_audit,C:\Users\catkin\Documents\baseline_zhou\baseline_zhou-main\baseline_zhou-main\zhou_icf_mpc_constraint_audit_v1,src\+zhou_ipmsm\+io\save_experiment_result.m,763,2026-07-12T21:27:11.000,dc4debc76dfc9c9bc2223d352a82a30c668ee289b9498a1c55f7fb35d74e463e
jd_jq_audit,C:\Users\catkin\Documents\baseline_zhou\baseline_zhou-main\baseline_zhou-main\zhou_icf_mpc_constraint_audit_v1,src\+zhou_ipmsm\+io\write_result_table.m,2200,2026-07-12T21:27:11.000,a86420e0697bf282476995b7fc30d39edb110332987e07c0deb9cb460c01745d
jd_jq_audit,C:\Users\catkin\Documents\baseline_zhou\baseline_zhou-main\baseline_zhou-main\zhou_icf_mpc_constraint_audit_v1,src\+zhou_ipmsm\+metrics\calculate_constraint_metrics.m,132,2026-07-12T21:27:11.000,7da74fbad61ada3620988f4d1427c28b1abc2c0d4ad505992e0f73b4cb2c0a43
jd_jq_audit,C:\Users\catkin\Documents\baseline_zhou\baseline_zhou-main\baseline_zhou-main\zhou_icf_mpc_constraint_audit_v1,src\+zhou_ipmsm\+metrics\calculate_switching_metrics.m,107,2026-07-12T21:27:11.000,2cb4aaa7b8535233f3360130b87af9b55dd8cd1e35eef7f77d4b62fbc9a15d47
jd_jq_audit,C:\Users\catkin\Documents\baseline_zhou\baseline_zhou-main\baseline_zhou-main\zhou_icf_mpc_constraint_audit_v1,src\+zhou_ipmsm\+metrics\calculate_thd.m,620,2026-07-12T21:27:11.000,37de467c19eacc983a5c14ebb580981373792fd5c31c5a8aa0e4676400c38b6b
jd_jq_audit,C:\Users\catkin\Documents\baseline_zhou\baseline_zhou-main\baseline_zhou-main\zhou_icf_mpc_constraint_audit_v1,src\+zhou_ipmsm\+metrics\calculate_tracking_metrics.m,142,2026-07-12T21:27:11.000,0cf9597cb76d2ac5165e83d27ddad810bc4133afaa8c59983a5253e67944298e
jd_jq_audit,C:\Users\catkin\Documents\baseline_zhou\baseline_zhou-main\baseline_zhou-main\zhou_icf_mpc_constraint_audit_v1,src\+zhou_ipmsm\+model\calculate_ipmsm_torque.m,207,2026-07-12T21:27:11.000,ee1c4253d6a58c2c17acba87e283721bb55f0e1f387383d93ce4ddd16ffa6787
jd_jq_audit,C:\Users\catkin\Documents\baseline_zhou\baseline_zhou-main\baseline_zhou-main\zhou_icf_mpc_constraint_audit_v1,src\+zhou_ipmsm\+model\calculate_torque_components.m,169,2026-07-12T21:27:11.000,0d7d2688dbfe2ce152691f174f26a474e3ca32e19b6d5e4b854a290732bf1904
jd_jq_audit,C:\Users\catkin\Documents\baseline_zhou\baseline_zhou-main\baseline_zhou-main\zhou_icf_mpc_constraint_audit_v1,src\+zhou_ipmsm\+model\integrate_ipmsm_sequence_rk4.m,1487,2026-07-12T21:27:11.000,13cb451ef7b457d74babeb28515e75d8d214e67492864ac271daa84d739a3a51
jd_jq_audit,C:\Users\catkin\Documents\baseline_zhou\baseline_zhou-main\baseline_zhou-main\zhou_icf_mpc_constraint_audit_v1,src\+zhou_ipmsm\+model\ipmsm_dq_dynamics.m,145,2026-07-12T21:27:11.000,4adcc6adce1067a8e8501a54800ad86fb5184b2db5b68856eafdeda3b74b70c5
jd_jq_audit,C:\Users\catkin\Documents\baseline_zhou\baseline_zhou-main\baseline_zhou-main\zhou_icf_mpc_constraint_audit_v1,src\+zhou_ipmsm\+modulation\calculate_durations.m,63,2026-07-12T21:27:11.000,86416479812b1a8271949edea4cd55a30a1815edff8838cab6b6a21347b34de4
jd_jq_audit,C:\Users\catkin\Documents\baseline_zhou\baseline_zhou-main\baseline_zhou-main\zhou_icf_mpc_constraint_audit_v1,src\+zhou_ipmsm\+modulation\generate_case_sequence.m,4504,2026-07-12T21:27:11.000,44a74b73e66d05a4981fc868476d4d358c8c4a8a5be705c8a784545e57b26de4
jd_jq_audit,C:\Users\catkin\Documents\baseline_zhou\baseline_zhou-main\baseline_zhou-main\zhou_icf_mpc_constraint_audit_v1,src\+zhou_ipmsm\+modulation\validate_durations.m,108,2026-07-12T21:27:11.000,72093520c876bdf016277f655d21fafaa35edd641e8cec1a0c17c54df98f6b44
jd_jq_audit,C:\Users\catkin\Documents\baseline_zhou\baseline_zhou-main\baseline_zhou-main\zhou_icf_mpc_constraint_audit_v1,src\+zhou_ipmsm\+reference\constant_id_reference.m,58,2026-07-12T21:27:11.000,75946a129da49161a9bd9c9cd9577c6860f9a6ea7c6d012c8425d5831b4b24ff
jd_jq_audit,C:\Users\catkin\Documents\baseline_zhou\baseline_zhou-main\baseline_zhou-main\zhou_icf_mpc_constraint_audit_v1,src\+zhou_ipmsm\+reference\constant_iq_reference.m,58,2026-07-12T21:27:11.000,0e389e458f2a6aa8e13775a9bfb8b2ad86091f13309742b24e2a76b7aa287f7d
jd_jq_audit,C:\Users\catkin\Documents\baseline_zhou\baseline_zhou-main\baseline_zhou-main\zhou_icf_mpc_constraint_audit_v1,src\+zhou_ipmsm\run_probe_case.m,6700,2026-07-12T21:27:11.000,46b290588c0f60e71f17738a7d5c490739aab4af63fa140bcbebbb40a1c88c2b
jd_jq_audit,C:\Users\catkin\Documents\baseline_zhou\baseline_zhou-main\baseline_zhou-main\zhou_icf_mpc_constraint_audit_v1,tests\run_unit_tests.m,2087,2026-07-12T21:27:11.000,42d023767f90a1b7d02165ebb296309aa5f33701629d8693125a38fbbd259766
jd_jq_audit,C:\Users\catkin\Documents\baseline_zhou\baseline_zhou-main\baseline_zhou-main\zhou_icf_mpc_constraint_audit_v1,tests\test_sha256_file.m,589,2026-07-15T10:22:12.000,eea750ee908fa6332ce628ea557e3c950a6fa4db7a551d7807161b795bea21bd
jd_jq_audit,C:\Users\catkin\Documents\baseline_zhou\baseline_zhou-main\baseline_zhou-main\zhou_icf_mpc_constraint_audit_v1,tests\test_thd_metric.m,1015,2026-07-15T09:59:25.000,27220d5e56d441227360b05a73835475e386a98573e850c10eccde2672643df1
jd_jq_audit,C:\Users\catkin\Documents\baseline_zhou\baseline_zhou-main\baseline_zhou-main\zhou_icf_mpc_constraint_audit_v1,tests\unit\test_alpha_d_alpha_q_usage.m,972,2026-07-12T21:27:11.000,52f02be3836d1b21e5457f6aa5beb57bebec08c3af2975001496926fff6bad77
jd_jq_audit,C:\Users\catkin\Documents\baseline_zhou\baseline_zhou-main\baseline_zhou-main\zhou_icf_mpc_constraint_audit_v1,tests\unit\test_frame_angle_patch_preserved.m,2049,2026-07-12T21:27:11.000,0f0a8e12f084f1a952702322ec3d9a68c4aac252834b8ebed19f29c3b79dba47
jd_jq_audit,C:\Users\catkin\Documents\baseline_zhou\baseline_zhou-main\baseline_zhou-main\zhou_icf_mpc_constraint_audit_v1,tests\unit\test_ipmsm_dq_equation_signs.m,633,2026-07-12T21:27:11.000,68dc5d8bade4608b95d231770acdc0465d84ba2d73341052caf7605fea4d4fee
jd_jq_audit,C:\Users\catkin\Documents\baseline_zhou\baseline_zhou-main\baseline_zhou-main\zhou_icf_mpc_constraint_audit_v1,tests\unit\test_ipmsm_reduces_to_smpmsm.m,630,2026-07-12T21:27:11.000,04e7be9f8c590fb16dfd3513152cf11120577a5a0d47a080766a14a347e9b1eb
jd_jq_audit,C:\Users\catkin\Documents\baseline_zhou\baseline_zhou-main\baseline_zhou-main\zhou_icf_mpc_constraint_audit_v1,tests\unit\test_ipmsm_torque_equation.m,759,2026-07-12T21:27:11.000,7d65c7976f630566ddef8c84066ca7892e144039116f4e7f9e6de44f136c7690
jd_jq_audit,C:\Users\catkin\Documents\baseline_zhou\baseline_zhou-main\baseline_zhou-main\zhou_icf_mpc_constraint_audit_v1,tests\unit\test_no_illegal_command_ipmsm.m,1859,2026-07-12T21:27:11.000,c08e1f3125a82f0e4e916c594f129832b66632ddca602a1b6dfe1deb40f43967
jd_jq_audit,C:\Users\catkin\Documents\baseline_zhou\baseline_zhou-main\baseline_zhou-main\zhou_icf_mpc_constraint_audit_v1,tests\unit\test_no_negative_duration_ipmsm.m,1361,2026-07-12T21:27:11.000,0709f89206f33d7c07afe32efb0fa2e146b0a1204e77dacc72eabb7314a30a11
jd_jq_audit,C:\Users\catkin\Documents\baseline_zhou\baseline_zhou-main\baseline_zhou-main\zhou_icf_mpc_constraint_audit_v1,tests\unit\test_nonzero_id_reference_path.m,879,2026-07-12T21:27:11.000,c45883f439704c8e61ceea291ae63cd27e6f17440364b07e6a8cf2ce664de0aa
jd_jq_audit,C:\Users\catkin\Documents\baseline_zhou\baseline_zhou-main\baseline_zhou-main\zhou_icf_mpc_constraint_audit_v1,tests\unit\test_project_isolation.m,1032,2026-07-12T21:27:11.000,5fbddf08f8c67ab52bfb0f82d9cd01fdd0a787ac957d57b0847eebbc60bec770
robust_residual,C:\Users\catkin\Documents\baseline_zhou\zhou_icf_mpc_ipmsm_robust_constraint_iter01,BASELINE_COMPARISON.csv,15157,2026-07-13T12:28:17.000,a7a2366b9b5059053d6e0e86f4430929829ebdcc8883449bfc7c4873722e1c14
robust_residual,C:\Users\catkin\Documents\baseline_zhou\zhou_icf_mpc_ipmsm_robust_constraint_iter01,BOUND_COMPARISON.csv,2148,2026-07-13T12:22:58.000,1846a91d17a4a2a0325bf63f5f79b87cf2dd889531c3445a60397b0c0413019d
robust_residual,C:\Users\catkin\Documents\baseline_zhou\zhou_icf_mpc_ipmsm_robust_constraint_iter01,BOUND_IDENTIFICATION_FAILURE_REPORT.md,240,2026-07-13T12:22:59.000,bf76c572c0b238750cbdefd23373d50bf01ab1e951fce3f07093ebbb103712d9
robust_residual,C:\Users\catkin\Documents\baseline_zhou\zhou_icf_mpc_ipmsm_robust_constraint_iter01,BOUND_IDENTIFICATION_REPORT.md,285,2026-07-13T12:22:59.000,1cdf1b960223a38a88ccbd9b52d0ad156c06776c13dd75668acf311af1e54e9a
robust_residual,C:\Users\catkin\Documents\baseline_zhou\zhou_icf_mpc_ipmsm_robust_constraint_iter01,CALIBRATION_SCENARIOS.csv,3402,2026-07-13T12:20:38.000,387a6a12fad05ed5cc2f22aac517707c15023ebb646f4aa505db30d84c2b99f7
robust_residual,C:\Users\catkin\Documents\baseline_zhou\zhou_icf_mpc_ipmsm_robust_constraint_iter01,CHANGELOG.md,1774,2026-07-13T12:35:41.000,c3d792eb3d690f29685f8547d86b22a47d9cf7f6722a25569093b1ab592e88dc
robust_residual,C:\Users\catkin\Documents\baseline_zhou\zhou_icf_mpc_ipmsm_robust_constraint_iter01,COVERAGE_REPORT.md,4751,2026-07-13T12:32:52.000,4c02f226ffd1a078b8a37ee8a9cd2ae48d3c2f1939e86aac9cda644f2f82b360
robust_residual,C:\Users\catkin\Documents\baseline_zhou\zhou_icf_mpc_ipmsm_robust_constraint_iter01,DATA_SPLIT.md,479,2026-07-13T12:20:38.000,bdd3703430f2be227f34c0a946e5fee672795c68a10bbc12299ca0c21c5b80a0
robust_residual,C:\Users\catkin\Documents\baseline_zhou\zhou_icf_mpc_ipmsm_robust_constraint_iter01,EXECUTION_TIME_REPORT.md,2606,2026-07-13T12:34:11.000,d956b472ada626cfc794ae29e24afaaf9dcd90ffc39a7f63b0cc860db6a9979c
robust_residual,C:\Users\catkin\Documents\baseline_zhou\zhou_icf_mpc_ipmsm_robust_constraint_iter01,EXPERIMENT_HANDOFF.md,3436,2026-07-13T12:35:41.000,59d0b7de787d17209971c5d050cf7b828aeb68c3998a2929d1005bfa9cc171dd
robust_residual,C:\Users\catkin\Documents\baseline_zhou\zhou_icf_mpc_ipmsm_robust_constraint_iter01,FINAL_ROBUST_CONSTRAINT_REPORT.md,8090,2026-07-13T12:35:41.000,9b422e977af61320d90827e9e2e79643b13e6a13b8b8771f1ef2e0e2fb6385fa
robust_residual,C:\Users\catkin\Documents\baseline_zhou\zhou_icf_mpc_ipmsm_robust_constraint_iter01,PATH_ISOLATION_AUDIT.md,163616,2026-07-13T12:40:40.000,8972c999770c415cf53cf1ce497374fca8dd66a9f69a78c919e5be5d15776340
robust_residual,C:\Users\catkin\Documents\baseline_zhou\zhou_icf_mpc_ipmsm_robust_constraint_iter01,README.md,3382,2026-07-13T12:32:52.000,355d769615971cadd74f55caba4ed5e59e775f83cb68228bc3aba4f49e89da97
robust_residual,C:\Users\catkin\Documents\baseline_zhou\zhou_icf_mpc_ipmsm_robust_constraint_iter01,RESIDUAL_ALIGNMENT_AUDIT.md,555,2026-07-13T12:22:59.000,514a3def240710495904426554ccf6ed9fb8fa7d9bed7bc56aa758cf2e16e027
robust_residual,C:\Users\catkin\Documents\baseline_zhou\zhou_icf_mpc_ipmsm_robust_constraint_iter01,RESIDUAL_ASSOCIATION_REPORT.md,514,2026-07-13T12:22:59.000,cde6324eb951324dbdf4cdf60915b69ec7d013ec6fa04feacbf3c0bb2ea1fd09
robust_residual,C:\Users\catkin\Documents\baseline_zhou\zhou_icf_mpc_ipmsm_robust_constraint_iter01,RESIDUAL_CONDITION_MATRIX.csv,16233,2026-07-13T12:22:59.000,1c86f56e9af855777d7fd799cfbf30cb5fae8552b0837358ac359ce16a549c94
robust_residual,C:\Users\catkin\Documents\baseline_zhou\zhou_icf_mpc_ipmsm_robust_constraint_iter01,RESIDUAL_DATASET_SCHEMA.md,393,2026-07-13T12:22:59.000,9b44f17e80816e7c54f956209415187e36d54d740e901161b7a58e0f44d69fb1
robust_residual,C:\Users\catkin\Documents\baseline_zhou\zhou_icf_mpc_ipmsm_robust_constraint_iter01,RESIDUAL_STATISTICS.csv,1488,2026-07-13T12:22:59.000,a7415139d71a4a7c11fb80f9746350fa92b1a141ef2abc6b132edefdf424fbde
robust_residual,C:\Users\catkin\Documents\baseline_zhou\zhou_icf_mpc_ipmsm_robust_constraint_iter01,RESULT_MANIFEST.sha256,5145,2026-07-13T12:40:41.000,6f2cd8ee82aeb0387d3dc1f1ebce4cc9aae4f89ef8f7cdfc9c7f93e706abe172
robust_residual,C:\Users\catkin\Documents\baseline_zhou\zhou_icf_mpc_ipmsm_robust_constraint_iter01,ROBUST_CONSTRAINT_DECISION.md,2207,2026-07-13T12:32:52.000,4fbdf6eb9f3baa237059a5d10ffd22bcfa63b58f7072034f225da5ef550191a3
robust_residual,C:\Users\catkin\Documents\baseline_zhou\zhou_icf_mpc_ipmsm_robust_constraint_iter01,ROBUST_CONTROL_COMPARISON.csv,2095,2026-07-13T12:34:11.000,6222ea65d0f5596d9cf05c86d77fbea374e11f946391a73c0c2d37d70b4ef4cc
robust_residual,C:\Users\catkin\Documents\baseline_zhou\zhou_icf_mpc_ipmsm_robust_constraint_iter01,ROBUST_TIGHTENING_DERIVATION.md,4624,2026-07-13T12:32:52.000,710c272cd2e1cf83375e1728990675ab4f3f3327a379c3a5e2ed72ab413748b9
robust_residual,C:\Users\catkin\Documents\baseline_zhou\zhou_icf_mpc_ipmsm_robust_constraint_iter01,SCENARIO_COVERAGE_MATRIX.csv,34971,2026-07-13T12:22:58.000,c63cb752744e52705b29d29a068340c22a6e188496d95d785af59c3835f8abb0
robust_residual,C:\Users\catkin\Documents\baseline_zhou\zhou_icf_mpc_ipmsm_robust_constraint_iter01,SOURCE_COPY_AUDIT.csv,20847,2026-07-13T12:40:41.000,4584dda82d49baede3a2728a5e077c3390a94872b9925e7211f7d1ae84da30dd
robust_residual,C:\Users\catkin\Documents\baseline_zhou\zhou_icf_mpc_ipmsm_robust_constraint_iter01,SOURCE_COPY_REPORT.md,418,2026-07-13T12:40:41.000,79be0262a8ab96d213f541fcf88db8523028f7602f4e680e4ea3ac3b320b9088
robust_residual,C:\Users\catkin\Documents\baseline_zhou\zhou_icf_mpc_ipmsm_robust_constraint_iter01,SOURCE_MANIFEST.sha256,15410,2026-07-13T12:40:41.000,a244036f30131bc3aa62e049af5a793f50ca994e7a95966ef55a1b461100d2d0
robust_residual,C:\Users\catkin\Documents\baseline_zhou\zhou_icf_mpc_ipmsm_robust_constraint_iter01,STRESS_TEST_REPORT.md,3753,2026-07-13T12:34:11.000,5106d32ab9ada2ae5579a4f8f5bbf6f501b7b5b2b34dfb334509d70364399d8d
robust_residual,C:\Users\catkin\Documents\baseline_zhou\zhou_icf_mpc_ipmsm_robust_constraint_iter01,TEST_REPORT.md,4347,2026-07-13T12:40:24.000,4dd865301da93bcda9087e4fb577611396fe9ab040ccc26d3fc54a65811c5abf
robust_residual,C:\Users\catkin\Documents\baseline_zhou\zhou_icf_mpc_ipmsm_robust_constraint_iter01,TEST_SCENARIOS.csv,6405,2026-07-13T12:20:38.000,24c9c3f148bcf51fdccfd8234c64151b7e2db57231f541afa4770d3c098f3937
robust_residual,C:\Users\catkin\Documents\baseline_zhou\zhou_icf_mpc_ipmsm_robust_constraint_iter01,VALIDATION_SCENARIOS.csv,4592,2026-07-13T12:20:38.000,10d703ae4e44d80c928423ee69c17fd07ff74befd543a11b719f50e03380198f
robust_residual,C:\Users\catkin\Documents\baseline_zhou\zhou_icf_mpc_ipmsm_robust_constraint_iter01,WORST_CASE_SUMMARY.csv,6199,2026-07-13T12:36:28.000,fdf3b6682f67746a3b4c2900247b54830243c2f9c67144b9ad1c5b57637c23b7
robust_residual,C:\Users\catkin\Documents\baseline_zhou\zhou_icf_mpc_ipmsm_robust_constraint_iter01,WORST_RESIDUAL_TRACES.csv,70836,2026-07-13T12:22:59.000,c679650ec13ee46d1055d977861c2876078a1aa8172fa5cd488567a32e503c7a
robust_residual,C:\Users\catkin\Documents\baseline_zhou\zhou_icf_mpc_ipmsm_robust_constraint_iter01,config\acceptance_thresholds.m,714,2026-07-13T11:37:22.000,bad30f48339e85a2c047ba3600b7238afe667b108210eb39b64ce4e61036f0e3
robust_residual,C:\Users\catkin\Documents\baseline_zhou\zhou_icf_mpc_ipmsm_robust_constraint_iter01,config\base_parameters.m,477,2026-07-13T11:37:22.000,c605ab586d625adcd2c6c5a0db006c1a1be42717a465b3a857099413fee5e4bc
robust_residual,C:\Users\catkin\Documents\baseline_zhou\zhou_icf_mpc_ipmsm_robust_constraint_iter01,config\control_scenario.m,787,2026-07-13T10:33:28.000,325482f030c78cd5328305e5c12c2d78b572c1cadd356788a3052844b191dc43
robust_residual,C:\Users\catkin\Documents\baseline_zhou\zhou_icf_mpc_ipmsm_robust_constraint_iter01,config\implementation_assumptions.m,2025,2026-07-13T11:41:41.000,ff97f107e57861483252a37be3e150c182767c82188bcdf2731a3df551e1a85f
robust_residual,C:\Users\catkin\Documents\baseline_zhou\zhou_icf_mpc_ipmsm_robust_constraint_iter01,config\ipmsm_parameters.m,614,2026-07-13T10:33:28.000,410cfe82a3369486e85e7790930c1f1f75ecc997b2f681bd0d91d5dbbbeb39da
robust_residual,C:\Users\catkin\Documents\baseline_zhou\zhou_icf_mpc_ipmsm_robust_constraint_iter01,config\robust_scenario_splits.m,3919,2026-07-13T12:19:23.000,c492f55dbfd21ed7d33a2386eeff2efe031bbedf289cf3e97a08fb45e08538e8
robust_residual,C:\Users\catkin\Documents\baseline_zhou\zhou_icf_mpc_ipmsm_robust_constraint_iter01,config\six_condition_matrix.m,392,2026-07-13T10:33:28.000,e05100a644fde9a9b9ca8bd3553bdb04f60b5148888228eafceab2ade1746189
robust_residual,C:\Users\catkin\Documents\baseline_zhou\zhou_icf_mpc_ipmsm_robust_constraint_iter01,estimators\algebraic_F_iter11.m,1583,2026-07-13T01:59:54.000,15aa91326d3211a2a7eed7c941816e0a277cb3f39a410b5cc75e34b259fc7bd3
robust_residual,C:\Users\catkin\Documents\baseline_zhou\zhou_icf_mpc_ipmsm_robust_constraint_iter01,finalize_audit.m,6363,2026-07-13T12:31:09.000,2f78c6a0cc52e01815598ec60dbc09322780d141db396709fa37611cfe0885ea
robust_residual,C:\Users\catkin\Documents\baseline_zhou\zhou_icf_mpc_ipmsm_robust_constraint_iter01,initialize_project.m,3459,2026-07-13T11:37:22.000,07a37f202f491a45bf44f2234fe0db74282eab64ca49362b1baa1d6e697f6a1d
robust_residual,C:\Users\catkin\Documents\baseline_zhou\zhou_icf_mpc_ipmsm_robust_constraint_iter01,plots\01_d_axis_residual_timeseries.png,89149,2026-07-13T12:39:05.000,e3314f9596a5f7eb850b472e67e0771c62aad0f9ec61a3a36608f56f19258f64
robust_residual,C:\Users\catkin\Documents\baseline_zhou\zhou_icf_mpc_ipmsm_robust_constraint_iter01,plots\02_q_axis_residual_timeseries.png,129416,2026-07-13T12:39:06.000,2f413799f1bb034818bc606aebc5739f82948f9e48676156b8a9229b39be9700
robust_residual,C:\Users\catkin\Documents\baseline_zhou\zhou_icf_mpc_ipmsm_robust_constraint_iter01,plots\03_residual_vs_speed.png,125834,2026-07-13T12:39:07.000,de6eb88c32778eca33476b8f10a75c0e1cba72cac9de7c74868c3ccb23e8232f
robust_residual,C:\Users\catkin\Documents\baseline_zhou\zhou_icf_mpc_ipmsm_robust_constraint_iter01,plots\04_residual_vs_voltage_utilization.png,78801,2026-07-13T12:39:08.000,eb739721ae4eb43428ec3d50e7cee3d5711d42e9e464cdb3298d6834b975aeaf
robust_residual,C:\Users\catkin\Documents\baseline_zhou\zhou_icf_mpc_ipmsm_robust_constraint_iter01,plots\05_transition_residual_comparison.png,41759,2026-07-13T12:39:09.000,6bace1b99b18e5703875bf2c26aa87128f2e639b12bbeac69be6544e63cc454b
robust_residual,C:\Users\catkin\Documents\baseline_zhou\zhou_icf_mpc_ipmsm_robust_constraint_iter01,plots\06_E1_E2_bound_coverage.png,58117,2026-07-13T12:39:10.000,6d6900a6276d3dd285360689a6b4296a61140e269d716baee373947fb9b36aa1
robust_residual,C:\Users\catkin\Documents\baseline_zhou\zhou_icf_mpc_ipmsm_robust_constraint_iter01,plots\07_E1_E2_bound_width.png,54428,2026-07-13T12:39:11.000,4e42e2cc39d28427399dbfcc2f76e06096ecfb74d919ae0373fef50fa50df84c
robust_residual,C:\Users\catkin\Documents\baseline_zhou\zhou_icf_mpc_ipmsm_robust_constraint_iter01,plots\08_heldout_scenario_coverage.png,58118,2026-07-13T12:39:11.000,cb996d3efe710bfdafac1af91203818b67bc1c505bd43bf3898e9e0aa50dba1f
robust_residual,C:\Users\catkin\Documents\baseline_zhou\zhou_icf_mpc_ipmsm_robust_constraint_iter01,plots\09_C0_C1_C2_d_violation_rate.png,37774,2026-07-13T12:39:12.000,424cc1145db909461ed1177a4ace4e5ca2172e09019b1d96a34bbdbaba44c0b6
robust_residual,C:\Users\catkin\Documents\baseline_zhou\zhou_icf_mpc_ipmsm_robust_constraint_iter01,plots\10_C0_C1_C2_q_violation_rate.png,37662,2026-07-13T12:39:12.000,85f19ccf071ffd4d03af976fc69b3da697da98753ee55943d28a44b3ccdce31c
robust_residual,C:\Users\catkin\Documents\baseline_zhou\zhou_icf_mpc_ipmsm_robust_constraint_iter01,plots\11_C0_C1_C2_joint_violation_rate.png,36600,2026-07-13T12:39:12.000,429de159f2509893de2104d3a84caa2e694a70fe7119aff1a81f7f51c8c30fd5
robust_residual,C:\Users\catkin\Documents\baseline_zhou\zhou_icf_mpc_ipmsm_robust_constraint_iter01,plots\12_tightened_rectangle_area_ratio.png,27742,2026-07-13T12:39:13.000,da38c4368f22a52695c1135caee9dfd339bc38775d49c756282d53f0e6119126
robust_residual,C:\Users\catkin\Documents\baseline_zhou\zhou_icf_mpc_ipmsm_robust_constraint_iter01,plots\13_S2_S3_activation_rate.png,30833,2026-07-13T12:39:13.000,d164ddf64bf404eb0f4fd804b5c36400a7f17c69193ed4a78dea180dcb17a8d3
robust_residual,C:\Users\catkin\Documents\baseline_zhou\zhou_icf_mpc_ipmsm_robust_constraint_iter01,plots\14_THD_comparison.png,37892,2026-07-13T12:39:13.000,0f94832794d3bfd61eac9b3803c945e9112090442380cfa950935b215d06d314
robust_residual,C:\Users\catkin\Documents\baseline_zhou\zhou_icf_mpc_ipmsm_robust_constraint_iter01,plots\15_torque_ripple_comparison.png,38356,2026-07-13T12:39:13.000,1ec90dc1e5acf7e418ce1be0bbe9c9c72579e1f40d2ac3dc17489606d4c0d8bb
robust_residual,C:\Users\catkin\Documents\baseline_zhou\zhou_icf_mpc_ipmsm_robust_constraint_iter01,plots\16_switching_actions_comparison.png,39112,2026-07-13T12:39:14.000,f314fd87f2b2b11dc7e4f31772008a001e2549243418bc12441880c9fe29774c
robust_residual,C:\Users\catkin\Documents\baseline_zhou\zhou_icf_mpc_ipmsm_robust_constraint_iter01,plots\17_execution_time_comparison.png,37844,2026-07-13T12:39:14.000,83d98da28356bcbe7a051853e70e6cb37b86c97b0c828d89b83050c273de09d8
robust_residual,C:\Users\catkin\Documents\baseline_zhou\zhou_icf_mpc_ipmsm_robust_constraint_iter01,plots\18_worst_scenario_current_trajectory.png,152600,2026-07-13T12:39:15.000,08c5044f0f4366aec86ada3e25c4a25d9c596e3e3a57cc832e5fc08637346b47
robust_residual,C:\Users\catkin\Documents\baseline_zhou\zhou_icf_mpc_ipmsm_robust_constraint_iter01,plots\19_original_tightened_rectangle_hexagon.png,33173,2026-07-13T12:39:15.000,7878ca3eefb26a862d79582003d442bc51712a64b5beef9f527ee477b06d3a22
robust_residual,C:\Users\catkin\Documents\baseline_zhou\zhou_icf_mpc_ipmsm_robust_constraint_iter01,plots\20_epsilon_d_q_timeseries.png,83005,2026-07-13T12:39:15.000,a9ee07c2813861259ccbc7696a3d2232bb0750e577e0423c5901f884d29bef8d
robust_residual,C:\Users\catkin\Documents\baseline_zhou\zhou_icf_mpc_ipmsm_robust_constraint_iter01,plots\21_certification_vs_actual_violation.png,31524,2026-07-13T12:39:16.000,e4ea7d9030796bd068e8eaba7f957854b9e6aaab94d24a48595a81f368657d35
robust_residual,C:\Users\catkin\Documents\baseline_zhou\zhou_icf_mpc_ipmsm_robust_constraint_iter01,plots\22_offline_oracle_online_bound_gap.png,73437,2026-07-13T12:39:16.000,f8f6115037d6d8cedc2b2b2cb417e2c0c51467fca9886082f70216c1dc03856d
robust_residual,C:\Users\catkin\Documents\baseline_zhou\zhou_icf_mpc_ipmsm_robust_constraint_iter01,plots\PLOT_MANIFEST.csv,6988,2026-07-13T12:39:17.000,5b88ed5e53586eeff0e84396c2178e3e292c95593be07c64c2e9df5b8df62577
robust_residual,C:\Users\catkin\Documents\baseline_zhou\zhou_icf_mpc_ipmsm_robust_constraint_iter01,reference\feasibility_control_formal\A1_proposed_trace.csv,2532554,2026-07-13T11:03:43.000,18e33333e79f1e7be035f7f5bdf18b7acf341500df5586cfdb1a2aa6b45fdf61
robust_residual,C:\Users\catkin\Documents\baseline_zhou\zhou_icf_mpc_ipmsm_robust_constraint_iter01,reference\feasibility_control_formal\BASELINE_COMPARISON.csv,2825,2026-07-13T11:03:43.000,b44f75e96d8e12dc91a1e6124b7c67f8c8a48c5aa1a058a9d87a57cf3796ac06
robust_residual,C:\Users\catkin\Documents\baseline_zhou\zhou_icf_mpc_ipmsm_robust_constraint_iter01,reference\feasibility_control_formal\EXECUTION_TIME_COMPARISON.csv,28832,2026-07-13T11:07:28.000,d06e867f02f30db697ea7a200cc0f9acab73f594163107087ce4ac56386bbea5
robust_residual,C:\Users\catkin\Documents\baseline_zhou\zhou_icf_mpc_ipmsm_robust_constraint_iter01,reference\feasibility_control_formal\FEASIBILITY_CONTROL_DECISION.md,732,2026-07-13T11:14:36.000,580d82c66bca64767ee515b12f1ec8f72dbb263fa9b2c3c1d6e5fab12106da5f
robust_residual,C:\Users\catkin\Documents\baseline_zhou\zhou_icf_mpc_ipmsm_robust_constraint_iter01,reference\feasibility_control_formal\NEGATIVE_ID_ADMISSION.csv,15199,2026-07-13T11:07:28.000,17b05c394d7e838a87be92ff9b9a20d34a51990c6a768a12128b10f6af8d7112
robust_residual,C:\Users\catkin\Documents\baseline_zhou\zhou_icf_mpc_ipmsm_robust_constraint_iter01,reference\feasibility_control_formal\RESULT_MANIFEST.sha256,20955,2026-07-13T11:16:40.000,962ceb639bb5848dbbff69aae61bd7396f665cdbfe9c91d7dfc7f4bcc528cf29
robust_residual,C:\Users\catkin\Documents\baseline_zhou\zhou_icf_mpc_ipmsm_robust_constraint_iter01,reference\feasibility_control_formal\SIX_CONDITION_COMPARISON.csv,21727,2026-07-13T11:04:51.000,f684e21689226a50303e69c0111683da2624c49a20eb3e1a25271b8ce13306a8
robust_residual,C:\Users\catkin\Documents\baseline_zhou\zhou_icf_mpc_ipmsm_robust_constraint_iter01,reference\feasibility_control_formal\SOURCE_MANIFEST.sha256,24174,2026-07-13T11:16:40.000,829b6624c01c3902732a062700021cd7ccd5069ab913958e9a79b5ed913ddfa0
robust_residual,C:\Users\catkin\Documents\baseline_zhou\zhou_icf_mpc_ipmsm_robust_constraint_iter01,results\stageA\20260713_122037_robust_constraint\A0_C0_summary.csv,2466,2026-07-13T12:28:17.000,6703efb45c21bd4256484ab842e2e593fcdb7235a50c67114a546b532bad584f
robust_residual,C:\Users\catkin\Documents\baseline_zhou\zhou_icf_mpc_ipmsm_robust_constraint_iter01,results\stageA\20260713_122037_robust_constraint\A0_C0_trace.csv,3267930,2026-07-13T12:28:16.000,a1b4e594d465a2745305f495b5913d9cf71ce0c848e3201c4ede3eb7d47af913
robust_residual,C:\Users\catkin\Documents\baseline_zhou\zhou_icf_mpc_ipmsm_robust_constraint_iter01,results\stageA\20260713_122037_robust_constraint\C0_scenario_runs.csv,53245,2026-07-13T12:22:56.000,ed6a27cf4c9648e584fa2f6a09c4eed6bad7cf134d7c2812ceed3280865a2111
robust_residual,C:\Users\catkin\Documents\baseline_zhou\zhou_icf_mpc_ipmsm_robust_constraint_iter01,results\stageA\20260713_122037_robust_constraint\bound_models.mat,2619,2026-07-13T12:22:58.000,3905b87ab8277ecff8512536e79d10712586a672f5f1685bf1de7ff9351b74f8
robust_residual,C:\Users\catkin\Documents\baseline_zhou\zhou_icf_mpc_ipmsm_robust_constraint_iter01,results\stageA\20260713_122037_robust_constraint\residual_datasets.mat,23557143,2026-07-13T12:22:56.000,81b546ed87b661bd5ce7caaf4d3e720217ef6c490dac1ba309b028405d506650
robust_residual,C:\Users\catkin\Documents\baseline_zhou\zhou_icf_mpc_ipmsm_robust_constraint_iter01,results\stageA\20260713_122037_robust_constraint\residual_feature_schema.csv,1927,2026-07-13T12:22:59.000,ebfbaf2f3af6bcf3d1db63dc91a977723fc4386c3de5ca76d69c472a9bd02e5e
robust_residual,C:\Users\catkin\Documents\baseline_zhou\zhou_icf_mpc_ipmsm_robust_constraint_iter01,results\stageA\20260713_122037_robust_constraint\stageA_data.mat,31876781,2026-07-13T12:23:00.000,d5814be4d68c952599a74a2d4b1c4a02af97cb977d607a1a1956304d2bed11f2
robust_residual,C:\Users\catkin\Documents\baseline_zhou\zhou_icf_mpc_ipmsm_robust_constraint_iter01,results\stageB\20260713_122037_robust_constraint\STAGE_B_NOT_RUN.md,488,2026-07-13T12:30:06.000,73a8f26ca39aef27296599166f4a46b7b2791678be93adf8bcf3985bb96edb27
robust_residual,C:\Users\catkin\Documents\baseline_zhou\zhou_icf_mpc_ipmsm_robust_constraint_iter01,results\stageB\20260713_122037_robust_constraint\STAGE_B_STATUS.csv,362,2026-07-13T12:30:06.000,91ded38d9c35eab8d61b797e25f063759ff62d14bc9d0f77cb4a359ef64109df
robust_residual,C:\Users\catkin\Documents\baseline_zhou\zhou_icf_mpc_ipmsm_robust_constraint_iter01,results\summary\20260713_122037_robust_constraint\config_snapshot\configuration.mat,7154,2026-07-13T12:40:40.000,1c34495bb02f334dfe821fce26cdd87c16918af7060fde9150fdaa5f3608da43
robust_residual,C:\Users\catkin\Documents\baseline_zhou\zhou_icf_mpc_ipmsm_robust_constraint_iter01,run_baseline_regression.m,5644,2026-07-13T12:28:01.000,1132e6b1c0df607062814438a6db6aca0262da02d2fca16bb48ec8d8e50bc3e3
robust_residual,C:\Users\catkin\Documents\baseline_zhou\zhou_icf_mpc_ipmsm_robust_constraint_iter01,scripts\generate_plots.m,20767,2026-07-13T12:38:51.000,8d102883f6d7d14340050ff2de1b1dd0460d41e48f42a25f83e23b5d837a82b9
robust_residual,C:\Users\catkin\Documents\baseline_zhou\zhou_icf_mpc_ipmsm_robust_constraint_iter01,scripts\write_plot_manifest.ps1,808,2026-07-13T12:29:28.000,f2162279bebc917aca7e4cf1c4728dcec583ec6a9bd74c1354a5fada692e3b9e
robust_residual,C:\Users\catkin\Documents\baseline_zhou\zhou_icf_mpc_ipmsm_robust_constraint_iter01,src\+zhou_feasibility\apply_feasibility_layer.m,6165,2026-07-13T10:54:56.000,64bfb177ad96e8cd7325e28d108b25836a2b48603191cb96b38462d130395461
robust_residual,C:\Users\catkin\Documents\baseline_zhou\zhou_icf_mpc_ipmsm_robust_constraint_iter01,src\+zhou_feasibility\audit_original_illegal_cycles.m,4204,2026-07-13T10:40:08.000,5881f3fd4f97f282e5bb69de625064baf22373da8f2422feb154bab5eaedf904
robust_residual,C:\Users\catkin\Documents\baseline_zhou\zhou_icf_mpc_ipmsm_robust_constraint_iter01,src\+zhou_feasibility\compare_pointwise_runs.m,6063,2026-07-13T02:00:48.000,8aed1b040b4bcc3bee422b50f5842f8075556bd649b5da8f7c1e30d9277d1fd0
robust_residual,C:\Users\catkin\Documents\baseline_zhou\zhou_icf_mpc_ipmsm_robust_constraint_iter01,src\+zhou_feasibility\generate_manifests.m,3146,2026-07-13T10:57:50.000,2770554c846607632d15f08a7a5b937780f68f269436eaaf867b2c6200b6bb67
robust_residual,C:\Users\catkin\Documents\baseline_zhou\zhou_icf_mpc_ipmsm_robust_constraint_iter01,src\+zhou_feasibility\generate_plots.m,21238,2026-07-13T11:00:29.000,2cd3726c80cda2443015deca1930b3e7a416ae326b638013ac96bb489188e12a
robust_residual,C:\Users\catkin\Documents\baseline_zhou\zhou_icf_mpc_ipmsm_robust_constraint_iter01,src\+zhou_feasibility\generate_reports.m,15161,2026-07-13T11:14:12.000,dd4aa9a53a68b49526d27f803af101d01a83ef4df2ca23a45490df35ef0631c6
robust_residual,C:\Users\catkin\Documents\baseline_zhou\zhou_icf_mpc_ipmsm_robust_constraint_iter01,src\+zhou_feasibility\minimum_normalized_constraint_violation_in_hexagon.m,2389,2026-07-13T10:36:45.000,091ab6d9bf3d06ca5771ce212a10ffd06fdef7050a0d96b8a2d56866a311db3a
robust_residual,C:\Users\catkin\Documents\baseline_zhou\zhou_icf_mpc_ipmsm_robust_constraint_iter01,src\+zhou_feasibility\nearest_point_in_rectangle_hexagon_intersection.m,1817,2026-07-13T10:36:45.000,1a04cbec6c237274648797eb0e61e556ff7042fadff5fe1a0154bb8cc3e8a155
robust_residual,C:\Users\catkin\Documents\baseline_zhou\zhou_icf_mpc_ipmsm_robust_constraint_iter01,src\+zhou_feasibility\point_in_hexagon.m,1883,2026-07-13T10:36:45.000,817b81489e98402c0bf18159fe58a9aab68ee4b6733b0c976cdcb7ec6ba8e8ec
robust_residual,C:\Users\catkin\Documents\baseline_zhou\zhou_icf_mpc_ipmsm_robust_constraint_iter01,src\+zhou_feasibility\project_point_to_polygon.m,2411,2026-07-13T10:36:45.000,39f289bf9c6610f34328b74754c1432667e0522161f60abeb9a94fe194381783
robust_residual,C:\Users\catkin\Documents\baseline_zhou\zhou_icf_mpc_ipmsm_robust_constraint_iter01,src\+zhou_feasibility\rectangle_hexagon_intersection.m,4046,2026-07-13T10:37:29.000,a7704ddf48a876fa0664cdee1ff9c3edf82e845fb72fb6c5970e1f9198806040
robust_residual,C:\Users\catkin\Documents\baseline_zhou\zhou_icf_mpc_ipmsm_robust_constraint_iter01,src\+zhou_feasibility\run_campaign.m,7304,2026-07-13T10:53:43.000,1ac76f91f7ce0640bd393d4df2910e7f8d68b07cfbd53c235e541ebd399c7846
robust_residual,C:\Users\catkin\Documents\baseline_zhou\zhou_icf_mpc_ipmsm_robust_constraint_iter01,src\+zhou_feasibility\run_control_case.m,20087,2026-07-13T10:59:35.000,446481c4849a6cdd7f902f9fa7e617f39faf4f304bee77342b949bc794c8ea09
robust_residual,C:\Users\catkin\Documents\baseline_zhou\zhou_icf_mpc_ipmsm_robust_constraint_iter01,src\+zhou_feasibility\run_p0_strict_regression.m,2370,2026-07-13T10:38:37.000,a416c691042453560daf3572c1691d58d6bd423b0d3d046cb4b57fecdf4d6007
robust_residual,C:\Users\catkin\Documents\baseline_zhou\zhou_icf_mpc_ipmsm_robust_constraint_iter01,src\+zhou_feasibility\synthesize_feasible_three_vector_command.m,2679,2026-07-13T10:36:45.000,322d095008b1ac6cc4380d24fcde40e274cf2b8568550377cbccbe76c375bf25
robust_residual,C:\Users\catkin\Documents\baseline_zhou\zhou_icf_mpc_ipmsm_robust_constraint_iter01,src\+zhou_feasibility\voltage_feasibility.m,8181,2026-07-13T09:50:25.000,fe8edd8e62ea46a9e6c0abb0ef9f2cfdb974c5d0a7c86ec537bc6e6e86859f44
robust_residual,C:\Users\catkin\Documents\baseline_zhou\zhou_icf_mpc_ipmsm_robust_constraint_iter01,src\+zhou_ipmsm\+baseline\fcs_mpcc_step.m,3354,2026-07-12T21:51:35.000,3ce8f12ed4744282483a65aa86ebf59962071812e5dc2b05d9bf67c9f6740af5
robust_residual,C:\Users\catkin\Documents\baseline_zhou\zhou_icf_mpc_ipmsm_robust_constraint_iter01,src\+zhou_ipmsm\+controller\compute_V_terms.m,194,2026-07-12T21:51:35.000,dd060c641e39132c2d7dac528dbabb2bef65d010decd9f78d088fbfa1d1c9209
robust_residual,C:\Users\catkin\Documents\baseline_zhou\zhou_icf_mpc_ipmsm_robust_constraint_iter01,src\+zhou_ipmsm\+controller\costs_from_voltage.m,276,2026-07-12T21:51:35.000,aa1113be43cd2e91b11fee3a1183a42c5ac4f1a3002c5c23b82171830b5933c1
robust_residual,C:\Users\catkin\Documents\baseline_zhou\zhou_icf_mpc_ipmsm_robust_constraint_iter01,src\+zhou_ipmsm\+controller\estimate_F.m,777,2026-07-12T21:51:35.000,1e01d613f54e53e9a6f1cc91bb5996e74ee23d9efc881b6c89a6870b45af5332
robust_residual,C:\Users\catkin\Documents\baseline_zhou\zhou_icf_mpc_ipmsm_robust_constraint_iter01,src\+zhou_ipmsm\+controller\estimate_F_algebraic.m,1090,2026-07-12T21:51:35.000,9db774e2f535254c0b369237e0a7f862f1a114e5865111c01c59c9a8a55fca37
robust_residual,C:\Users\catkin\Documents\baseline_zhou\zhou_icf_mpc_ipmsm_robust_constraint_iter01,src\+zhou_ipmsm\+controller\icf_mpc_step.m,3402,2026-07-13T01:50:54.000,c88fdc47b49327eff8058aeaa7929b85aae7da6dd30bc4c98a90fb03f05fb2ba
robust_residual,C:\Users\catkin\Documents\baseline_zhou\zhou_icf_mpc_ipmsm_robust_constraint_iter01,src\+zhou_ipmsm\+controller\independent_costs.m,197,2026-07-12T21:51:35.000,cbabe47925f93c0a82e738ef906afc34111e130c534f9c9b7e9ce7bf8eaedc43
robust_residual,C:\Users\catkin\Documents\baseline_zhou\zhou_icf_mpc_ipmsm_robust_constraint_iter01,src\+zhou_ipmsm\+controller\predict_k1.m,251,2026-07-12T21:51:35.000,eaf4f7a03d736828d00503c93fef60ae8a7d21c7d3f9d3fdc5df258131737f62
robust_residual,C:\Users\catkin\Documents\baseline_zhou\zhou_icf_mpc_ipmsm_robust_constraint_iter01,src\+zhou_ipmsm\+controller\predict_k2.m,223,2026-07-12T21:51:35.000,1b331a04db899a1d79a5e706b79de909368b99e622afa35c27fdab3e35199f00
robust_residual,C:\Users\catkin\Documents\baseline_zhou\zhou_icf_mpc_ipmsm_robust_constraint_iter01,src\+zhou_ipmsm\+controller\sequence_equivalent_dq_voltage.m,639,2026-07-12T21:51:35.000,7704a6a289746af8b07849098b27b4728d6b0537d3ef67092ff9ff352dce5580
robust_residual,C:\Users\catkin\Documents\baseline_zhou\zhou_icf_mpc_ipmsm_robust_constraint_iter01,src\+zhou_ipmsm\+geometry\active_lines.m,299,2026-07-12T21:51:35.000,0b24b5c92b9646da7e3cc27b4a1b9016710f35000c340b32d27f38424151d0d2
robust_residual,C:\Users\catkin\Documents\baseline_zhou\zhou_icf_mpc_ipmsm_robust_constraint_iter01,src\+zhou_ipmsm\+geometry\analyze_rectangle.m,2927,2026-07-12T21:51:35.000,12014527a857c48bc1e695924d34ea57527b1dc985535091aee5caf21444f95f
robust_residual,C:\Users\catkin\Documents\baseline_zhou\zhou_icf_mpc_ipmsm_robust_constraint_iter01,src\+zhou_ipmsm\+geometry\build_rectangle.m,3142,2026-07-12T21:51:35.000,6958df981109def4d01962425350285a48aa08edc537fca674c6e218ed42cf9f
robust_residual,C:\Users\catkin\Documents\baseline_zhou\zhou_icf_mpc_ipmsm_robust_constraint_iter01,src\+zhou_ipmsm\+geometry\case2_midpoint.m,4110,2026-07-12T21:51:35.000,487bd01617334af89902a3843682105db5c9f6712c192ea3616a4b9237c0f733
robust_residual,C:\Users\catkin\Documents\baseline_zhou\zhou_icf_mpc_ipmsm_robust_constraint_iter01,src\+zhou_ipmsm\+geometry\classify_case.m,1205,2026-07-12T21:51:35.000,7ae89fe19b4e2235d9b49d872161d727d500ccaa568c00555d68426f913fa744
robust_residual,C:\Users\catkin\Documents\baseline_zhou\zhou_icf_mpc_ipmsm_robust_constraint_iter01,src\+zhou_ipmsm\+geometry\line_rectangle_intersections.m,2508,2026-07-12T21:51:35.000,c9b185702588f8663a221257c115c24ea8bda39a199aa97f494b117f38260594
robust_residual,C:\Users\catkin\Documents\baseline_zhou\zhou_icf_mpc_ipmsm_robust_constraint_iter01,src\+zhou_ipmsm\+geometry\line_side_signature.m,852,2026-07-12T21:51:35.000,319c102e427e9e7568765a6912a82ab9d52495a3fea95834025d3e2fe16aecb5
robust_residual,C:\Users\catkin\Documents\baseline_zhou\zhou_icf_mpc_ipmsm_robust_constraint_iter01,src\+zhou_ipmsm\+geometry\point_in_rectangle.m,467,2026-07-12T21:51:35.000,60b01e2aea45803d1f71a6ca4bb1b5f0bde7e98651cd54d166379b652abe8218
robust_residual,C:\Users\catkin\Documents\baseline_zhou\zhou_icf_mpc_ipmsm_robust_constraint_iter01,src\+zhou_ipmsm\+geometry\sector_of_point.m,702,2026-07-12T21:51:35.000,cc4b6b23cebae4193655bde73ea1cd736ce7011f1a49ef38c9f177a2fcd8693b
robust_residual,C:\Users\catkin\Documents\baseline_zhou\zhou_icf_mpc_ipmsm_robust_constraint_iter01,src\+zhou_ipmsm\+geometry\select_savv.m,3193,2026-07-12T21:51:35.000,0ef107490d3ac634ab2144f2e59087d225b56aebaf72c83a670bc96b38b61e72
robust_residual,C:\Users\catkin\Documents\baseline_zhou\zhou_icf_mpc_ipmsm_robust_constraint_iter01,src\+zhou_ipmsm\+inverter\count_sequence_transitions.m,346,2026-07-12T21:51:35.000,dca4634a4ac20d76660e3f2eec252fc8f1f69652ca05dfb6c08aac3a3cb810eb
robust_residual,C:\Users\catkin\Documents\baseline_zhou\zhou_icf_mpc_ipmsm_robust_constraint_iter01,src\+zhou_ipmsm\+inverter\deadtime_voltage_error.m,2085,2026-07-12T21:51:35.000,3d3466602f27879071dd93beef8e48b234794f8dcd7f318e9298d5bf8f0e22a4
robust_residual,C:\Users\catkin\Documents\baseline_zhou\zhou_icf_mpc_ipmsm_robust_constraint_iter01,src\+zhou_ipmsm\+inverter\voltage_vectors.m,783,2026-07-12T21:51:35.000,3e5567c0790a8d06adcda9e6e63e6e939abfc2829f52c194f6745710776e7f88
robust_residual,C:\Users\catkin\Documents\baseline_zhou\zhou_icf_mpc_ipmsm_robust_constraint_iter01,src\+zhou_ipmsm\+io\append_standard_tables.m,836,2026-07-12T21:51:35.000,53755356b1c074c80e057532c4203f89d369394bd69a42ad89a655ebba9e566c
robust_residual,C:\Users\catkin\Documents\baseline_zhou\zhou_icf_mpc_ipmsm_robust_constraint_iter01,src\+zhou_ipmsm\+io\append_text.m,410,2026-07-12T21:51:35.000,1a3dd71fc20d24bb3eb6ac5e20b73aa574e05d7e3c0da018126385a68c2a7d7b
robust_residual,C:\Users\catkin\Documents\baseline_zhou\zhou_icf_mpc_ipmsm_robust_constraint_iter01,src\+zhou_ipmsm\+io\create_run_context.m,2214,2026-07-12T21:51:35.000,f2af610e6ef9f884e7ffaadaa51f0f221937db735534111378bad51399076517
robust_residual,C:\Users\catkin\Documents\baseline_zhou\zhou_icf_mpc_ipmsm_robust_constraint_iter01,src\+zhou_ipmsm\+io\file_sha256.m,503,2026-07-12T21:51:35.000,b7b7ec8761d93aea16ea198c585bfc6ba8bac5fda80a3cd6321ad6ff1a0c69b4
robust_residual,C:\Users\catkin\Documents\baseline_zhou\zhou_icf_mpc_ipmsm_robust_constraint_iter01,src\+zhou_ipmsm\+io\write_code_manifest.m,1382,2026-07-12T21:51:35.000,1086740d2c44054665b23a08b80df92b5f894e41f1c3a0569653ce89b0ae4505
robust_residual,C:\Users\catkin\Documents\baseline_zhou\zhou_icf_mpc_ipmsm_robust_constraint_iter01,src\+zhou_ipmsm\+io\write_or_append_table.m,764,2026-07-12T21:51:35.000,d1cd89497fabeff504515e420752d0b028ba16d15db8f4dba69b62f75384cc5e
robust_residual,C:\Users\catkin\Documents\baseline_zhou\zhou_icf_mpc_ipmsm_robust_constraint_iter01,src\+zhou_ipmsm\+io\write_text_new.m,425,2026-07-12T21:51:35.000,6f02a340d13307db188973ebf3e0aa92f1fa8e18cbe90909435f9ecd944793e5
robust_residual,C:\Users\catkin\Documents\baseline_zhou\zhou_icf_mpc_ipmsm_robust_constraint_iter01,src\+zhou_ipmsm\+math\inv_park.m,182,2026-07-12T21:51:35.000,9aba0e5069d057e46a4505db9cbfcdda1fb4915f9e42d4a8dba849811cba6624
robust_residual,C:\Users\catkin\Documents\baseline_zhou\zhou_icf_mpc_ipmsm_robust_constraint_iter01,src\+zhou_ipmsm\+math\park.m,180,2026-07-12T21:51:35.000,dcb18e96c63efa8f4741f93ad4e203c1c1fceb4f0e5e91c864203161bdcc2c14
robust_residual,C:\Users\catkin\Documents\baseline_zhou\zhou_icf_mpc_ipmsm_robust_constraint_iter01,src\+zhou_ipmsm\+metrics\case_statistics_table.m,559,2026-07-12T21:51:35.000,9ed4200f5ed837bc968ce47635ad3179af416dc1e5842ca517e6eb313b50ac16
robust_residual,C:\Users\catkin\Documents\baseline_zhou\zhou_icf_mpc_ipmsm_robust_constraint_iter01,src\+zhou_ipmsm\+metrics\constraint_violations_table.m,1331,2026-07-12T21:51:35.000,42fa7c9e356b5a6daa2147fd848beb7e176ea4c87032cb0bc64e817a21251636
robust_residual,C:\Users\catkin\Documents\baseline_zhou\zhou_icf_mpc_ipmsm_robust_constraint_iter01,src\+zhou_ipmsm\+metrics\phase_thd.m,687,2026-07-12T21:51:35.000,5e43604055e7238b6c841301e71bf462bca80ddc7facf48370ed8ce6f485b638
robust_residual,C:\Users\catkin\Documents\baseline_zhou\zhou_icf_mpc_ipmsm_robust_constraint_iter01,src\+zhou_ipmsm\+metrics\phase_thd_total_rms.m,838,2026-07-12T21:51:35.000,160d74ef7333bd6d2915f11816ff495428c5fd32481873b99c8f5eadaac59b01
robust_residual,C:\Users\catkin\Documents\baseline_zhou\zhou_icf_mpc_ipmsm_robust_constraint_iter01,src\+zhou_ipmsm\+metrics\summarize_simulation.m,4194,2026-07-12T21:51:35.000,6a03b268a2b0082409d7a8874ad071f4059446963d58ebdef3a1f291125a3e63
robust_residual,C:\Users\catkin\Documents\baseline_zhou\zhou_icf_mpc_ipmsm_robust_constraint_iter01,src\+zhou_ipmsm\+metrics\summary_to_long_table.m,2141,2026-07-12T21:51:35.000,fe7d4f860976f61e77fdfc721a0fbfab0f209bd5b5ea23f089ce4a93a4b42cd0
robust_residual,C:\Users\catkin\Documents\baseline_zhou\zhou_icf_mpc_ipmsm_robust_constraint_iter01,src\+zhou_ipmsm\+model\electromagnetic_torque.m,666,2026-07-12T21:55:11.000,95ac234dfe63cfa064a863de845c3d6258fb87879acc9883fe40bcf85e887ed0
robust_residual,C:\Users\catkin\Documents\baseline_zhou\zhou_icf_mpc_ipmsm_robust_constraint_iter01,src\+zhou_ipmsm\+model\integrate_command.m,2561,2026-07-12T21:55:11.000,e7c8364b36845d5367c9c3ad701d845e7069c9fd170c7c24f321f16510e7c6cd
robust_residual,C:\Users\catkin\Documents\baseline_zhou\zhou_icf_mpc_ipmsm_robust_constraint_iter01,src\+zhou_ipmsm\+model\phase_currents.m,355,2026-07-12T21:51:35.000,bc263f05bfbb0820a01de930044c4262636f9ccf03003ff291eb3bf05904e256
robust_residual,C:\Users\catkin\Documents\baseline_zhou\zhou_icf_mpc_ipmsm_robust_constraint_iter01,src\+zhou_ipmsm\+model\pmsm_derivative.m,1310,2026-07-12T21:55:11.000,2cb48bef4e266a0a667c9adae3ac813d9ddb5b807403e837d7fbf4317ac6dd90
robust_residual,C:\Users\catkin\Documents\baseline_zhou\zhou_icf_mpc_ipmsm_robust_constraint_iter01,src\+zhou_ipmsm\+model\sample_command_waveform.m,3011,2026-07-12T21:51:35.000,80006bd04039b9aba53ef4b799b1ba632965ddb42692a4e09396056eee8f1ebf
robust_residual,C:\Users\catkin\Documents\baseline_zhou\zhou_icf_mpc_ipmsm_robust_constraint_iter01,src\+zhou_ipmsm\+model\torque_components.m,564,2026-07-12T21:55:11.000,84c241a755f47a1f450185b8b16411e7d74a863479f1f7127b22f6d76dd97996
robust_residual,C:\Users\catkin\Documents\baseline_zhou\zhou_icf_mpc_ipmsm_robust_constraint_iter01,src\+zhou_ipmsm\+modulation\case1_command.m,619,2026-07-12T21:51:35.000,5b047ffe7e63b29d02e0c81bfed76e49e22d0a675d664c209cd039486fa12bac
robust_residual,C:\Users\catkin\Documents\baseline_zhou\zhou_icf_mpc_ipmsm_robust_constraint_iter01,src\+zhou_ipmsm\+modulation\case2_command.m,1772,2026-07-12T21:51:35.000,e4bc191b2b8ab749ce618666fc095246435e69462fb6b88aa8793aa470e3ca93
robust_residual,C:\Users\catkin\Documents\baseline_zhou\zhou_icf_mpc_ipmsm_robust_constraint_iter01,src\+zhou_ipmsm\+modulation\case3_command.m,2008,2026-07-12T21:51:35.000,b26516623a953dcf0b2b4ab28830d65948fccdf3de7d12efbfb3009abe80ac69
robust_residual,C:\Users\catkin\Documents\baseline_zhou\zhou_icf_mpc_ipmsm_robust_constraint_iter01,src\+zhou_ipmsm\+reference\build_current_reference.m,213,2026-07-13T08:46:12.000,b43d0e9d913311f026d3255161f0648ba13945481aa793fdc20a430be2fbbd2d
robust_residual,C:\Users\catkin\Documents\baseline_zhou\zhou_icf_mpc_ipmsm_robust_constraint_iter01,src\+zhou_ipmsm\+sim\run_closed_loop.m,17971,2026-07-13T01:57:16.000,0273f4cbcb7a9425f88c2ef4e7a2307a6aa3ba3085708bad1419cf2a4662cb6d
robust_residual,C:\Users\catkin\Documents\baseline_zhou\zhou_icf_mpc_ipmsm_robust_constraint_iter01,src\+zhou_iter11_ref\+baseline\fcs_mpcc_step.m,3394,2026-07-12T21:51:34.000,18e41c6fd318ac697b48d1b03875ee57e19c4b76ac2bd31653df29e4f4112520
robust_residual,C:\Users\catkin\Documents\baseline_zhou\zhou_icf_mpc_ipmsm_robust_constraint_iter01,src\+zhou_iter11_ref\+controller\compute_V_terms.m,194,2026-07-12T21:51:34.000,dd060c641e39132c2d7dac528dbabb2bef65d010decd9f78d088fbfa1d1c9209
robust_residual,C:\Users\catkin\Documents\baseline_zhou\zhou_icf_mpc_ipmsm_robust_constraint_iter01,src\+zhou_iter11_ref\+controller\costs_from_voltage.m,281,2026-07-12T21:51:34.000,0c9817a3afb3ab06553daa2d55d596bddb2850686af68b5fbb7ce6921eaa1eef
robust_residual,C:\Users\catkin\Documents\baseline_zhou\zhou_icf_mpc_ipmsm_robust_constraint_iter01,src\+zhou_iter11_ref\+controller\estimate_F.m,777,2026-07-12T21:51:34.000,1e01d613f54e53e9a6f1cc91bb5996e74ee23d9efc881b6c89a6870b45af5332
robust_residual,C:\Users\catkin\Documents\baseline_zhou\zhou_icf_mpc_ipmsm_robust_constraint_iter01,src\+zhou_iter11_ref\+controller\estimate_F_algebraic.m,1094,2026-07-12T21:51:34.000,117e376087651cdee280061d00364583fba05e3ecc7398a513b4d565403ee46a
robust_residual,C:\Users\catkin\Documents\baseline_zhou\zhou_icf_mpc_ipmsm_robust_constraint_iter01,src\+zhou_iter11_ref\+controller\icf_mpc_step.m,3389,2026-07-12T21:51:34.000,eadea63d0c1bb678310e48e1109afde9d3c549af68daae59921f99fb7738b4f5
robust_residual,C:\Users\catkin\Documents\baseline_zhou\zhou_icf_mpc_ipmsm_robust_constraint_iter01,src\+zhou_iter11_ref\+controller\independent_costs.m,197,2026-07-12T21:51:34.000,cbabe47925f93c0a82e738ef906afc34111e130c534f9c9b7e9ce7bf8eaedc43
robust_residual,C:\Users\catkin\Documents\baseline_zhou\zhou_icf_mpc_ipmsm_robust_constraint_iter01,src\+zhou_iter11_ref\+controller\predict_k1.m,251,2026-07-12T21:51:35.000,eaf4f7a03d736828d00503c93fef60ae8a7d21c7d3f9d3fdc5df258131737f62
robust_residual,C:\Users\catkin\Documents\baseline_zhou\zhou_icf_mpc_ipmsm_robust_constraint_iter01,src\+zhou_iter11_ref\+controller\predict_k2.m,223,2026-07-12T21:51:35.000,1b331a04db899a1d79a5e706b79de909368b99e622afa35c27fdab3e35199f00
robust_residual,C:\Users\catkin\Documents\baseline_zhou\zhou_icf_mpc_ipmsm_robust_constraint_iter01,src\+zhou_iter11_ref\+controller\sequence_equivalent_dq_voltage.m,649,2026-07-12T21:51:35.000,b41d0cb1ecc5de5a5c29ec80f1fc7a52bce0fd830f3a91d1344034d143ed0f5e
robust_residual,C:\Users\catkin\Documents\baseline_zhou\zhou_icf_mpc_ipmsm_robust_constraint_iter01,src\+zhou_iter11_ref\+geometry\active_lines.m,299,2026-07-12T21:51:35.000,0b24b5c92b9646da7e3cc27b4a1b9016710f35000c340b32d27f38424151d0d2
robust_residual,C:\Users\catkin\Documents\baseline_zhou\zhou_icf_mpc_ipmsm_robust_constraint_iter01,src\+zhou_iter11_ref\+geometry\analyze_rectangle.m,2972,2026-07-12T21:51:35.000,5171a18aa30ebb0a016f50695a64d51d09bbbdc1174b0725de8ccbc931bfe906
robust_residual,C:\Users\catkin\Documents\baseline_zhou\zhou_icf_mpc_ipmsm_robust_constraint_iter01,src\+zhou_iter11_ref\+geometry\build_rectangle.m,3142,2026-07-12T21:51:35.000,6958df981109def4d01962425350285a48aa08edc537fca674c6e218ed42cf9f
robust_residual,C:\Users\catkin\Documents\baseline_zhou\zhou_icf_mpc_ipmsm_robust_constraint_iter01,src\+zhou_iter11_ref\+geometry\case2_midpoint.m,4119,2026-07-12T21:51:35.000,6f05566ca872b6677c43611ac6619cd821d2f345fa2aeaa8f097f645347811f3
robust_residual,C:\Users\catkin\Documents\baseline_zhou\zhou_icf_mpc_ipmsm_robust_constraint_iter01,src\+zhou_iter11_ref\+geometry\classify_case.m,1220,2026-07-12T21:51:35.000,5f2b25ba2d45d229f053ab206fa6911274f95d254677940db898d5d44da1d658
robust_residual,C:\Users\catkin\Documents\baseline_zhou\zhou_icf_mpc_ipmsm_robust_constraint_iter01,src\+zhou_iter11_ref\+geometry\line_rectangle_intersections.m,2517,2026-07-12T21:51:35.000,5e6c04de6218045d7171382a9049c2d7923b78026ca7dc763463e4955859ae57
robust_residual,C:\Users\catkin\Documents\baseline_zhou\zhou_icf_mpc_ipmsm_robust_constraint_iter01,src\+zhou_iter11_ref\+geometry\line_side_signature.m,861,2026-07-12T21:51:35.000,800a83a4095a7b6f243735abacf2c7a5c24690c2c03d5e1ae2d71abc3b4b3468
robust_residual,C:\Users\catkin\Documents\baseline_zhou\zhou_icf_mpc_ipmsm_robust_constraint_iter01,src\+zhou_iter11_ref\+geometry\point_in_rectangle.m,472,2026-07-12T21:51:35.000,219275c5d58bfd4641fc0534500bd8aae7a4cf85e7b3bef816c03ea97b3476a2
robust_residual,C:\Users\catkin\Documents\baseline_zhou\zhou_icf_mpc_ipmsm_robust_constraint_iter01,src\+zhou_iter11_ref\+geometry\sector_of_point.m,702,2026-07-12T21:51:35.000,cc4b6b23cebae4193655bde73ea1cd736ce7011f1a49ef38c9f177a2fcd8693b
robust_residual,C:\Users\catkin\Documents\baseline_zhou\zhou_icf_mpc_ipmsm_robust_constraint_iter01,src\+zhou_iter11_ref\+geometry\select_savv.m,3202,2026-07-12T21:51:35.000,450814bff6067a497ef8df2ba5611bf106d14f344a2c4eef0c3e703423f8cdd0
robust_residual,C:\Users\catkin\Documents\baseline_zhou\zhou_icf_mpc_ipmsm_robust_constraint_iter01,src\+zhou_iter11_ref\+inverter\count_sequence_transitions.m,350,2026-07-12T21:51:35.000,0f498d541e59f0f0389b67edacc1bd3c6c7c958ae4e41bcb6b177f0bf59bad12
robust_residual,C:\Users\catkin\Documents\baseline_zhou\zhou_icf_mpc_ipmsm_robust_constraint_iter01,src\+zhou_iter11_ref\+inverter\deadtime_voltage_error.m,2090,2026-07-12T21:51:35.000,7e706179b5f4217bf81900dec13410151b662ac4d53d3d6d54a7357fdafd1452
robust_residual,C:\Users\catkin\Documents\baseline_zhou\zhou_icf_mpc_ipmsm_robust_constraint_iter01,src\+zhou_iter11_ref\+inverter\voltage_vectors.m,783,2026-07-12T21:51:35.000,3e5567c0790a8d06adcda9e6e63e6e939abfc2829f52c194f6745710776e7f88
robust_residual,C:\Users\catkin\Documents\baseline_zhou\zhou_icf_mpc_ipmsm_robust_constraint_iter01,src\+zhou_iter11_ref\+io\append_standard_tables.m,866,2026-07-12T21:51:35.000,a5c8f68f5e9d767beb7c9d986e0e738738dd35c4f0932be5a428c561c55a0b2d
robust_residual,C:\Users\catkin\Documents\baseline_zhou\zhou_icf_mpc_ipmsm_robust_constraint_iter01,src\+zhou_iter11_ref\+io\append_text.m,414,2026-07-12T21:51:35.000,3d7270aa180228ca10f59bacc57bab904f863775951ada403af95c0946331064
robust_residual,C:\Users\catkin\Documents\baseline_zhou\zhou_icf_mpc_ipmsm_robust_constraint_iter01,src\+zhou_iter11_ref\+io\create_run_context.m,2223,2026-07-12T21:51:35.000,ecb9dd6aac8eb90a72ffdfd420e62ecbce54d0bf1189f68c1d455d9c5beb9e1d
robust_residual,C:\Users\catkin\Documents\baseline_zhou\zhou_icf_mpc_ipmsm_robust_constraint_iter01,src\+zhou_iter11_ref\+io\file_sha256.m,507,2026-07-12T21:51:35.000,7153a4601b550bdcb9191eefc730f9e71d52d267992b1b58d192fa89059b2323
robust_residual,C:\Users\catkin\Documents\baseline_zhou\zhou_icf_mpc_ipmsm_robust_constraint_iter01,src\+zhou_iter11_ref\+io\write_code_manifest.m,1387,2026-07-12T21:51:35.000,c067626da6c366d39d5b8b35d609b457e7251e647cec1f52c6dc3b5dfadbcf4b
robust_residual,C:\Users\catkin\Documents\baseline_zhou\zhou_icf_mpc_ipmsm_robust_constraint_iter01,src\+zhou_iter11_ref\+io\write_or_append_table.m,772,2026-07-12T21:51:35.000,fb295dc68e40277a665e98e8d6f2652e8e49dc07a647808e9d78cb173751eb2c
robust_residual,C:\Users\catkin\Documents\baseline_zhou\zhou_icf_mpc_ipmsm_robust_constraint_iter01,src\+zhou_iter11_ref\+io\write_text_new.m,433,2026-07-12T21:51:35.000,6fa3013d26ff630018dde86c7b62c50ee086ce6bd827aa0e43aaf43615c1a1d5
robust_residual,C:\Users\catkin\Documents\baseline_zhou\zhou_icf_mpc_ipmsm_robust_constraint_iter01,src\+zhou_iter11_ref\+math\inv_park.m,182,2026-07-12T21:51:35.000,9aba0e5069d057e46a4505db9cbfcdda1fb4915f9e42d4a8dba849811cba6624
robust_residual,C:\Users\catkin\Documents\baseline_zhou\zhou_icf_mpc_ipmsm_robust_constraint_iter01,src\+zhou_iter11_ref\+math\park.m,180,2026-07-12T21:51:35.000,dcb18e96c63efa8f4741f93ad4e203c1c1fceb4f0e5e91c864203161bdcc2c14
robust_residual,C:\Users\catkin\Documents\baseline_zhou\zhou_icf_mpc_ipmsm_robust_constraint_iter01,src\+zhou_iter11_ref\+metrics\case_statistics_table.m,559,2026-07-12T21:51:35.000,9ed4200f5ed837bc968ce47635ad3179af416dc1e5842ca517e6eb313b50ac16
robust_residual,C:\Users\catkin\Documents\baseline_zhou\zhou_icf_mpc_ipmsm_robust_constraint_iter01,src\+zhou_iter11_ref\+metrics\constraint_violations_table.m,1331,2026-07-12T21:51:35.000,42fa7c9e356b5a6daa2147fd848beb7e176ea4c87032cb0bc64e817a21251636
robust_residual,C:\Users\catkin\Documents\baseline_zhou\zhou_icf_mpc_ipmsm_robust_constraint_iter01,src\+zhou_iter11_ref\+metrics\phase_thd.m,687,2026-07-12T21:51:35.000,5e43604055e7238b6c841301e71bf462bca80ddc7facf48370ed8ce6f485b638
robust_residual,C:\Users\catkin\Documents\baseline_zhou\zhou_icf_mpc_ipmsm_robust_constraint_iter01,src\+zhou_iter11_ref\+metrics\phase_thd_total_rms.m,842,2026-07-12T21:51:35.000,a34d013d31ec5fb0f245a60f1564bb72624e43818400f8aff5fde6eba297269e
robust_residual,C:\Users\catkin\Documents\baseline_zhou\zhou_icf_mpc_ipmsm_robust_constraint_iter01,src\+zhou_iter11_ref\+metrics\summarize_simulation.m,4213,2026-07-12T21:51:35.000,aba32d53c3cfd8398034c37687fcfcda3cd2aebb9ab9caab3898bbeef287f12c
robust_residual,C:\Users\catkin\Documents\baseline_zhou\zhou_icf_mpc_ipmsm_robust_constraint_iter01,src\+zhou_iter11_ref\+metrics\summary_to_long_table.m,2141,2026-07-12T21:51:35.000,fe7d4f860976f61e77fdfc721a0fbfab0f209bd5b5ea23f089ce4a93a4b42cd0
robust_residual,C:\Users\catkin\Documents\baseline_zhou\zhou_icf_mpc_ipmsm_robust_constraint_iter01,src\+zhou_iter11_ref\+model\electromagnetic_torque.m,201,2026-07-12T21:51:35.000,4e183f9fc1eab7ef6d8ff83e3a232b7c96457922be8a098bbb42b7e9a465382f
robust_residual,C:\Users\catkin\Documents\baseline_zhou\zhou_icf_mpc_ipmsm_robust_constraint_iter01,src\+zhou_iter11_ref\+model\integrate_command.m,2323,2026-07-12T21:51:35.000,86250ce6ec0d43fda18f6a100512fbe11eac7c296fdf982b2e0cda0db4eec5a1
robust_residual,C:\Users\catkin\Documents\baseline_zhou\zhou_icf_mpc_ipmsm_robust_constraint_iter01,src\+zhou_iter11_ref\+model\phase_currents.m,360,2026-07-12T21:51:35.000,c41351d67d29b7e9b503f228efd4649828f1b094ae2009dc4940181dd8655af9
robust_residual,C:\Users\catkin\Documents\baseline_zhou\zhou_icf_mpc_ipmsm_robust_constraint_iter01,src\+zhou_iter11_ref\+model\pmsm_derivative.m,749,2026-07-12T21:51:35.000,acc0930f67fd088e77dfd8991f74450174106b3ef08ff655a0ab55e40aa0c220
robust_residual,C:\Users\catkin\Documents\baseline_zhou\zhou_icf_mpc_ipmsm_robust_constraint_iter01,src\+zhou_iter11_ref\+model\sample_command_waveform.m,3047,2026-07-12T21:51:35.000,c09ac0a85a5a8e2f3931ad3e07dc3c7896c13e3ff296dbf64b26137e40b61d8f
robust_residual,C:\Users\catkin\Documents\baseline_zhou\zhou_icf_mpc_ipmsm_robust_constraint_iter01,src\+zhou_iter11_ref\+modulation\case1_command.m,619,2026-07-12T21:51:35.000,5b047ffe7e63b29d02e0c81bfed76e49e22d0a675d664c209cd039486fa12bac
robust_residual,C:\Users\catkin\Documents\baseline_zhou\zhou_icf_mpc_ipmsm_robust_constraint_iter01,src\+zhou_iter11_ref\+modulation\case2_command.m,1777,2026-07-12T21:51:35.000,67245a7bd324e694ceccea6c05a2f505a94048b3a6cc1bc5e27e385bf594f006
robust_residual,C:\Users\catkin\Documents\baseline_zhou\zhou_icf_mpc_ipmsm_robust_constraint_iter01,src\+zhou_iter11_ref\+modulation\case3_command.m,2022,2026-07-12T21:51:35.000,9ba8d715c9ea8a197156d01bb388ad5dee659ead5418a68047d6fd994beb8b03
robust_residual,C:\Users\catkin\Documents\baseline_zhou\zhou_icf_mpc_ipmsm_robust_constraint_iter01,src\+zhou_iter11_ref\+sim\run_closed_loop.m,15636,2026-07-13T01:53:46.000,ee923419f4a8b8f80fabe7693da41aec903d14262637ad5a93b4aa83e8952c6d
robust_residual,C:\Users\catkin\Documents\baseline_zhou\zhou_icf_mpc_ipmsm_robust_constraint_iter01,src\+zhou_robust\audit_no_future_features.m,2676,2026-07-13T11:40:45.000,a83d2c26f50f439868ed7fe832b98eb0f8d0bee7c357ed58cd848ae2a6c6cfdf
robust_residual,C:\Users\catkin\Documents\baseline_zhou\zhou_icf_mpc_ipmsm_robust_constraint_iter01,src\+zhou_robust\build_residual_dataset.m,12395,2026-07-13T11:46:34.000,ec4aefcca1c2b5f97e8c944cda20762dc3bcf49de87c7f949a7fc0122e50e3a6
robust_residual,C:\Users\catkin\Documents\baseline_zhou\zhou_icf_mpc_ipmsm_robust_constraint_iter01,src\+zhou_robust\evaluate_bound_coverage.m,6820,2026-07-13T11:42:48.000,b9329c1933b5d3409711aaa5b78070263861394d207a711ec6d1b61490e27273
robust_residual,C:\Users\catkin\Documents\baseline_zhou\zhou_icf_mpc_ipmsm_robust_constraint_iter01,src\+zhou_robust\fit_global_axis_bound.m,1910,2026-07-13T11:40:45.000,7f3748cfab0233fbbe1afd1a9bbe8b0f4e5c919dc53b951ae0423dafd4613d24
robust_residual,C:\Users\catkin\Documents\baseline_zhou\zhou_icf_mpc_ipmsm_robust_constraint_iter01,src\+zhou_robust\fit_scheduled_axis_envelope.m,6145,2026-07-13T11:45:41.000,8ae10f6109893548b55352fa54a110996d4f4d3bed8e4cf414143c9163d2dd54
robust_residual,C:\Users\catkin\Documents\baseline_zhou\zhou_icf_mpc_ipmsm_robust_constraint_iter01,src\+zhou_robust\freeze_data_split.m,1142,2026-07-13T11:37:22.000,7267d6ed6eff70d90571712982926974a71553c4ed64701a4955e8e302830c68
robust_residual,C:\Users\catkin\Documents\baseline_zhou\zhou_icf_mpc_ipmsm_robust_constraint_iter01,src\+zhou_robust\predict_residual_bound.m,1784,2026-07-13T11:40:45.000,fe762983c33115f6f1bd9496590072ce5dd238a96065e3db3d722f81c5a86ca2
robust_residual,C:\Users\catkin\Documents\baseline_zhou\zhou_icf_mpc_ipmsm_robust_constraint_iter01,src\+zhou_robust\residual_feature_schema.m,2045,2026-07-13T11:38:49.000,b8ccf039a103dbd1dca761feb11814b87c9ba9a1893e41633286a1fd65e7e37c
robust_residual,C:\Users\catkin\Documents\baseline_zhou\zhou_icf_mpc_ipmsm_robust_constraint_iter01,src\+zhou_robust\robust_limits.m,2169,2026-07-13T12:29:29.000,84100d1131c9aca2f6cef045051db96abca823b27d1265c8539fc1c62e0fd938
robust_residual,C:\Users\catkin\Documents\baseline_zhou\zhou_icf_mpc_ipmsm_robust_constraint_iter01,src\+zhou_robust\run_robust_case.m,31156,2026-07-13T12:02:33.000,209dffa773a367aac56d28a59450dfdc1dd76b60f0ee8cc41d5f49c9a993aa69
robust_residual,C:\Users\catkin\Documents\baseline_zhou\zhou_icf_mpc_ipmsm_robust_constraint_iter01,src\+zhou_robust\run_stageA.m,10199,2026-07-13T12:19:31.000,cc67f223102e8889989cb911085af0aea2509a31366cee20f8278fc5c58aa4b6
robust_residual,C:\Users\catkin\Documents\baseline_zhou\zhou_icf_mpc_ipmsm_robust_constraint_iter01,src\+zhou_robust\triangle_inequality_certificate.m,2152,2026-07-13T12:29:29.000,cb81fb2858103358f9382e74362478674c6fc065381058f13b6333d04c556c21
robust_residual,C:\Users\catkin\Documents\baseline_zhou\zhou_icf_mpc_ipmsm_robust_constraint_iter01,tests\TEST_REPORT.md,4347,2026-07-13T12:40:24.000,4dd865301da93bcda9087e4fb577611396fe9ab040ccc26d3fc54a65811c5abf
robust_residual,C:\Users\catkin\Documents\baseline_zhou\zhou_icf_mpc_ipmsm_robust_constraint_iter01,tests\failed_scenarios_plot_contract.csv,229,2026-07-13T12:40:24.000,d8363cfeb6acbc723610dd86617f3e6a298071bdce1316a1f359c4b1e553a53a
robust_residual,C:\Users\catkin\Documents\baseline_zhou\zhou_icf_mpc_ipmsm_robust_constraint_iter01,tests\run_robust_constraint_tests.m,26763,2026-07-13T12:40:08.000,8ba3840fc2cc3f50723e1fb0a839190870fff290c2d2a6d0dddca9e753e5c4a5
robust_residual,C:\Users\catkin\Documents\baseline_zhou\zhou_icf_mpc_ipmsm_robust_constraint_iter01,tests\stageB_not_run_record.csv,280,2026-07-13T12:40:20.000,45403a6cadd085f96ad83cf2ff9c0b855b6b489a14573a4fe240e483c531880d
robust_residual,C:\Users\catkin\Documents\baseline_zhou\zhou_icf_mpc_ipmsm_robust_constraint_iter01,tests\test_results.csv,3351,2026-07-13T12:40:24.000,c66de9ff83473f59eadda1c8f045f223f3b28ab272267ec7399493a3b8f4c28a
robust_residual,C:\Users\catkin\Documents\baseline_zhou\zhou_icf_mpc_ipmsm_robust_constraint_iter01,tests\unit\test_residual_pipeline.m,4065,2026-07-13T11:46:30.000,6f50d53a39b50e18ebdc4401dec637d0d957c505425ecf7f86b3311a6eca0a77
s2_feasibility,C:\Users\catkin\Documents\baseline_zhou\zhou_icf_mpc_ipmsm_feasibility_control_iter01,ALGORITHM_DERIVATION.md,1628,2026-07-13T11:14:36.000,0cbe31ca1620d9e2ec91dc8f2ff82b07244523d02fb7c10df24a7f059a4f3079
s2_feasibility,C:\Users\catkin\Documents\baseline_zhou\zhou_icf_mpc_ipmsm_feasibility_control_iter01,BASELINE_COMPARISON.csv,2825,2026-07-13T11:03:43.000,b44f75e96d8e12dc91a1e6124b7c67f8c8a48c5aa1a058a9d87a57cf3796ac06
s2_feasibility,C:\Users\catkin\Documents\baseline_zhou\zhou_icf_mpc_ipmsm_feasibility_control_iter01,CHANGELOG.md,438,2026-07-13T11:14:36.000,27396259fb3137228db529fd7a9b4760c5d06fb2d10047121948e639ab14bb4c
s2_feasibility,C:\Users\catkin\Documents\baseline_zhou\zhou_icf_mpc_ipmsm_feasibility_control_iter01,EXECUTION_TIME_COMPARISON.csv,28832,2026-07-13T11:07:28.000,d06e867f02f30db697ea7a200cc0f9acab73f594163107087ce4ac56386bbea5
s2_feasibility,C:\Users\catkin\Documents\baseline_zhou\zhou_icf_mpc_ipmsm_feasibility_control_iter01,EXPERIMENT_HANDOFF.md,469,2026-07-13T11:14:36.000,ab3e7683739944540735e3af7fb0e2846a61a5783cd63b41014892e3a5378513
s2_feasibility,C:\Users\catkin\Documents\baseline_zhou\zhou_icf_mpc_ipmsm_feasibility_control_iter01,FEASIBILITY_CONTROL_DECISION.md,732,2026-07-13T11:14:36.000,580d82c66bca64767ee515b12f1ec8f72dbb263fa9b2c3c1d6e5fab12106da5f
s2_feasibility,C:\Users\catkin\Documents\baseline_zhou\zhou_icf_mpc_ipmsm_feasibility_control_iter01,FINAL_FEASIBILITY_CONTROL_REPORT.md,2419,2026-07-13T11:14:36.000,7525efcb366c34e12f640af4b78815c976e8a0f5d8d10bacc07dabfb672bad0c
s2_feasibility,C:\Users\catkin\Documents\baseline_zhou\zhou_icf_mpc_ipmsm_feasibility_control_iter01,INTERSECTION_AUDIT.md,701,2026-07-13T11:14:36.000,9f78339605a9e369e4e169a53f9c497dac94b56388530987fe4089865392237d
s2_feasibility,C:\Users\catkin\Documents\baseline_zhou\zhou_icf_mpc_ipmsm_feasibility_control_iter01,NEGATIVE_ID_ADMISSION.csv,15199,2026-07-13T11:07:28.000,17b05c394d7e838a87be92ff9b9a20d34a51990c6a768a12128b10f6af8d7112
s2_feasibility,C:\Users\catkin\Documents\baseline_zhou\zhou_icf_mpc_ipmsm_feasibility_control_iter01,PATH_ISOLATION_AUDIT.md,163632,2026-07-13T11:03:20.000,9b94f1220111cbea7d8ab17a06156776c99c5575bfc98d1cd3fc0bea1ced635c
s2_feasibility,C:\Users\catkin\Documents\baseline_zhou\zhou_icf_mpc_ipmsm_feasibility_control_iter01,README.md,506,2026-07-13T11:14:36.000,df89cea902359fa6ffc2976ea1ccf969d43b148eecb81c4ea8d05408b26ec8cd
s2_feasibility,C:\Users\catkin\Documents\baseline_zhou\zhou_icf_mpc_ipmsm_feasibility_control_iter01,RESULT_MANIFEST.sha256,20955,2026-07-13T11:16:40.000,962ceb639bb5848dbbff69aae61bd7396f665cdbfe9c91d7dfc7f4bcc528cf29
s2_feasibility,C:\Users\catkin\Documents\baseline_zhou\zhou_icf_mpc_ipmsm_feasibility_control_iter01,SIX_CONDITION_COMPARISON.csv,21727,2026-07-13T11:04:51.000,f684e21689226a50303e69c0111683da2624c49a20eb3e1a25271b8ce13306a8
s2_feasibility,C:\Users\catkin\Documents\baseline_zhou\zhou_icf_mpc_ipmsm_feasibility_control_iter01,SOURCE_COPY_REPORT.md,21255,2026-07-13T11:16:40.000,a0324ca8dbe46bc4939708ead9856ee6f8d43a821984ec35c0894d369be9d5e8
s2_feasibility,C:\Users\catkin\Documents\baseline_zhou\zhou_icf_mpc_ipmsm_feasibility_control_iter01,SOURCE_MANIFEST.sha256,24174,2026-07-13T11:16:40.000,829b6624c01c3902732a062700021cd7ccd5069ab913958e9a79b5ed913ddfa0
s2_feasibility,C:\Users\catkin\Documents\baseline_zhou\zhou_icf_mpc_ipmsm_feasibility_control_iter01,TEST_REPORT.md,1672,2026-07-13T11:14:36.000,b10623cf77ea52e9d6b987154ef839379e66684d2cbee772583e4cc99140299a
s2_feasibility,C:\Users\catkin\Documents\baseline_zhou\zhou_icf_mpc_ipmsm_feasibility_control_iter01,config\acceptance_thresholds.m,358,2026-07-13T10:36:28.000,4f1b62ebbbdfc45607b8742c6d8d1a5d4764a9720d5fd92d04b90080d0530fb8
s2_feasibility,C:\Users\catkin\Documents\baseline_zhou\zhou_icf_mpc_ipmsm_feasibility_control_iter01,config\base_parameters.m,479,2026-07-13T10:33:28.000,9a6f2efd97a17aa05131a1f93440dcd836bce0dc2d1a122180942eb2420cbb1f
s2_feasibility,C:\Users\catkin\Documents\baseline_zhou\zhou_icf_mpc_ipmsm_feasibility_control_iter01,config\control_scenario.m,787,2026-07-13T10:33:28.000,325482f030c78cd5328305e5c12c2d78b572c1cadd356788a3052844b191dc43
s2_feasibility,C:\Users\catkin\Documents\baseline_zhou\zhou_icf_mpc_ipmsm_feasibility_control_iter01,config\implementation_assumptions.m,1686,2026-07-13T10:46:23.000,d85a72e1ebd6aefe571c46f26ebfb228e96df6c0c5156898fc4e642e9b05280f
s2_feasibility,C:\Users\catkin\Documents\baseline_zhou\zhou_icf_mpc_ipmsm_feasibility_control_iter01,config\ipmsm_parameters.m,614,2026-07-13T10:33:28.000,410cfe82a3369486e85e7790930c1f1f75ecc997b2f681bd0d91d5dbbbeb39da
s2_feasibility,C:\Users\catkin\Documents\baseline_zhou\zhou_icf_mpc_ipmsm_feasibility_control_iter01,config\six_condition_matrix.m,392,2026-07-13T10:33:28.000,e05100a644fde9a9b9ca8bd3553bdb04f60b5148888228eafceab2ade1746189
s2_feasibility,C:\Users\catkin\Documents\baseline_zhou\zhou_icf_mpc_ipmsm_feasibility_control_iter01,diagnostics\FROZEN_INPUT_STATE_AUDIT.md,665,2026-07-13T11:16:26.000,6d202930f6273328b54631b75e2039b8239f63701c8e75f7e8c2ec376463476c
s2_feasibility,C:\Users\catkin\Documents\baseline_zhou\zhou_icf_mpc_ipmsm_feasibility_control_iter01,diagnostics\resolved\20260713_110320_test_regex_false_positive.md,609,2026-07-13T11:15:46.000,f84b5ef69c2ec32ca0d65fda73c8b5761c9d572b354f0cb741e0be5c0f323800
s2_feasibility,C:\Users\catkin\Documents\baseline_zhou\zhou_icf_mpc_ipmsm_feasibility_control_iter01,diagnostics\resolved\20260713_110320_test_regex_false_positive_stack.txt,576,2026-07-13T11:07:59.000,234b54e9415d3682248f1fa48e9da05f1b243a6d0f879cd163eb9ff56c877f26
s2_feasibility,C:\Users\catkin\Documents\baseline_zhou\zhou_icf_mpc_ipmsm_feasibility_control_iter01,estimators\algebraic_F_iter11.m,1583,2026-07-13T01:59:54.000,15aa91326d3211a2a7eed7c941816e0a277cb3f39a410b5cc75e34b259fc7bd3
s2_feasibility,C:\Users\catkin\Documents\baseline_zhou\zhou_icf_mpc_ipmsm_feasibility_control_iter01,initialize_project.m,3895,2026-07-13T10:36:28.000,144eb150dc4b3ab76e5997fb9d6b71ce9fac2657d11c48bf4e4fd2aab10de7cc
s2_feasibility,C:\Users\catkin\Documents\baseline_zhou\zhou_icf_mpc_ipmsm_feasibility_control_iter01,logs\formal_retest_completion.txt,112,2026-07-13T11:16:26.000,f24bff163573e0f8927b56f055b9fa26cf96d10d708f010f41a79600b4b88e89
s2_feasibility,C:\Users\catkin\Documents\baseline_zhou\zhou_icf_mpc_ipmsm_feasibility_control_iter01,logs\matlab_execution_log.txt,12185,2026-07-13T11:07:59.000,1929a80b395d03ce8962318a61a97b39eb374d469423485397cef06445edf5c9
s2_feasibility,C:\Users\catkin\Documents\baseline_zhou\zhou_icf_mpc_ipmsm_feasibility_control_iter01,logs\run_ledger.csv,208,2026-07-13T11:16:26.000,dda81e046a6f8efef5a06adced804cfb6e8c640fbc72e974a4609835824d4161
s2_feasibility,C:\Users\catkin\Documents\baseline_zhou\zhou_icf_mpc_ipmsm_feasibility_control_iter01,plots\A0_frozen_regression\A0_01_failure_duties.png,107596,2026-07-13T11:07:32.000,b189409862a1d3cc973cde737e824af7eacc07f49ba2350ccd15044c92c40437
s2_feasibility,C:\Users\catkin\Documents\baseline_zhou\zhou_icf_mpc_ipmsm_feasibility_control_iter01,plots\A0_frozen_regression\A0_02_failure_voltage_utilization.png,68745,2026-07-13T11:07:33.000,e5edaefd2406bcabf5c263912bda286d09e5966ccc035606f2050e15a5c250bd
s2_feasibility,C:\Users\catkin\Documents\baseline_zhou\zhou_icf_mpc_ipmsm_feasibility_control_iter01,plots\A0_frozen_regression\A0_03_failure_R_H_S2_radial_geometry.png,75943,2026-07-13T11:07:35.000,2574d0b46feff956d33acee812a0fe18783b0254d962361ddde1026b124658cc
s2_feasibility,C:\Users\catkin\Documents\baseline_zhou\zhou_icf_mpc_ipmsm_feasibility_control_iter01,plots\A1_original_failure\A1_01_three_strategy_currents.png,95321,2026-07-13T11:07:36.000,f6d5bb5cd3d835c385f83dd2ec8b9815ae2339bc730c86a4869ca85cbc8fd7f7
s2_feasibility,C:\Users\catkin\Documents\baseline_zhou\zhou_icf_mpc_ipmsm_feasibility_control_iter01,plots\A1_original_failure\A1_02_fallback_activity.png,53537,2026-07-13T11:07:37.000,ea99163dff70905d192666e601b9850786f04fef38ce3e92568f3ea8757ca961
s2_feasibility,C:\Users\catkin\Documents\baseline_zhou\zhou_icf_mpc_ipmsm_feasibility_control_iter01,plots\A1_original_failure\A1_03_phase_current_THD.png,49680,2026-07-13T11:07:38.000,4a67af2b7ee7f185f1301942197e19d8616535fb5cec9d29b8c1fb1478df7172
s2_feasibility,C:\Users\catkin\Documents\baseline_zhou\zhou_icf_mpc_ipmsm_feasibility_control_iter01,plots\A1_original_failure\A1_04_torque_ripple.png,50590,2026-07-13T11:07:38.000,2499adf567efa68f08eeb33863db84e35389ac1723d24746f86a3e5a8e66f622
s2_feasibility,C:\Users\catkin\Documents\baseline_zhou\zhou_icf_mpc_ipmsm_feasibility_control_iter01,plots\A1_original_failure\A1_05_switching_actions.png,53269,2026-07-13T11:07:39.000,a47dcd3c126f410ffdd9929f8f276409778cf053bf59237793735fcee78b88e3
s2_feasibility,C:\Users\catkin\Documents\baseline_zhou\zhou_icf_mpc_ipmsm_feasibility_control_iter01,plots\A1_original_failure\A1_06_execution_time.png,56354,2026-07-13T11:07:40.000,d311931c15228ca28dbdd18d4500b8125fc500480bbb66ecc476448d3e828123
s2_feasibility,C:\Users\catkin\Documents\baseline_zhou\zhou_icf_mpc_ipmsm_feasibility_control_iter01,plots\A2_six_condition\A2_01_all_condition_success_matrix.png,91485,2026-07-13T11:07:40.000,e54f1ddb1df152262639faa0d1525415ed40bc0cb2cd09ac286e9eaefd6f3d92
s2_feasibility,C:\Users\catkin\Documents\baseline_zhou\zhou_icf_mpc_ipmsm_feasibility_control_iter01,plots\A3_boundary\A3_01_modified_command_fraction.png,43182,2026-07-13T11:07:41.000,76f560835d68f02e21d79222ba0f4eccb5e8b98198c458664ef8310f83a1aaba
s2_feasibility,C:\Users\catkin\Documents\baseline_zhou\zhou_icf_mpc_ipmsm_feasibility_control_iter01,plots\A3_boundary\A3_02_Vdc_ramp_legality.png,53428,2026-07-13T11:07:42.000,53987bdcad0a290e8dcd8872dab31813658504720b37a4b7c3f6ddc574c1f148
s2_feasibility,C:\Users\catkin\Documents\baseline_zhou\zhou_icf_mpc_ipmsm_feasibility_control_iter01,plots\A4_negative_id\A4_01_negative_id_admission.png,44720,2026-07-13T11:07:43.000,b47bbf035006ba36b7257fd54c0544ca94dbe22b96bd0a8e3ca962ce05d7a1b2
s2_feasibility,C:\Users\catkin\Documents\baseline_zhou\zhou_icf_mpc_ipmsm_feasibility_control_iter01,plots\A4_negative_id\A4_02_negative_id_fallback_fraction.png,39900,2026-07-13T11:07:44.000,91b985c2c8275f4ba1cbf25793b863668d33cf9c9a61242db12ba543b04747a3
s2_feasibility,C:\Users\catkin\Documents\baseline_zhou\zhou_icf_mpc_ipmsm_feasibility_control_iter01,reference\voltage_feasibility_run\A0_original_failure_summary.csv,991,2026-07-13T10:18:36.000,2b2e4dfdb618ae8d6b527afa5c819d5cefe365f1b85dc27a83115ad046b82dd7
s2_feasibility,C:\Users\catkin\Documents\baseline_zhou\zhou_icf_mpc_ipmsm_feasibility_control_iter01,reference\voltage_feasibility_run\A0_original_failure_trace.csv,40722,2026-07-13T10:18:36.000,f9e5c35ae0566e77a8f8b7868cedf0bd5ea1152cd6edab61cdd7ecad68d26f39
s2_feasibility,C:\Users\catkin\Documents\baseline_zhou\zhou_icf_mpc_ipmsm_feasibility_control_iter01,reference\voltage_feasibility_run\A6_geometry_consistency.csv,15691962,2026-07-13T10:19:25.000,82c93e82580643e346b4bfca4e8d22c666170cf2d174bdfd53ef3741fc9be423
s2_feasibility,C:\Users\catkin\Documents\baseline_zhou\zhou_icf_mpc_ipmsm_feasibility_control_iter01,reference\voltage_feasibility_run\VOLTAGE_FEASIBILITY_DECISION.md,633,2026-07-13T10:19:45.000,d7b7d5dbc61e17c3d3849d67e82b15afa14dd1d7fd963609cc36ad4ec7f31a04
s2_feasibility,C:\Users\catkin\Documents\baseline_zhou\zhou_icf_mpc_ipmsm_feasibility_control_iter01,results\A0_frozen_regression\20260713_110320_feasibility_control\P0_strict_regression_pointwise.csv,1621632,2026-07-13T11:03:38.000,eff945da7702d869e499047f050ecf6b104f4519a1842e118b2d859c39f51dc7
s2_feasibility,C:\Users\catkin\Documents\baseline_zhou\zhou_icf_mpc_ipmsm_feasibility_control_iter01,results\A0_frozen_regression\20260713_110320_feasibility_control\P0_strict_regression_summary.csv,949,2026-07-13T11:03:38.000,ea3edfaa7fa99708f1b96eefd625a05a7f6b1544859ea6c361242ba5755463c1
s2_feasibility,C:\Users\catkin\Documents\baseline_zhou\zhou_icf_mpc_ipmsm_feasibility_control_iter01,results\A0_frozen_regression\20260713_110320_feasibility_control\P1_failure_summary.csv,1629,2026-07-13T11:03:38.000,d3e2eeee9fa01cdd31ba90b4246858a315df6a08c2c38067846c6af10619f410
s2_feasibility,C:\Users\catkin\Documents\baseline_zhou\zhou_icf_mpc_ipmsm_feasibility_control_iter01,results\A0_frozen_regression\20260713_110320_feasibility_control\P1_failure_trace.csv,59609,2026-07-13T11:03:38.000,2cbbb40140bd34e94ab6eabf99ca6c8982450ef5ae3a9b5d83f416b28289f60e
s2_feasibility,C:\Users\catkin\Documents\baseline_zhou\zhou_icf_mpc_ipmsm_feasibility_control_iter01,results\A1_original_failure\20260713_110320_feasibility_control\original_zhou_trace.csv,59609,2026-07-13T11:03:43.000,2cbbb40140bd34e94ab6eabf99ca6c8982450ef5ae3a9b5d83f416b28289f60e
s2_feasibility,C:\Users\catkin\Documents\baseline_zhou\zhou_icf_mpc_ipmsm_feasibility_control_iter01,results\A1_original_failure\20260713_110320_feasibility_control\proposed_feasibility_aware_trace.csv,2532554,2026-07-13T11:03:43.000,18e33333e79f1e7be035f7f5bdf18b7acf341500df5586cfdb1a2aa6b45fdf61
s2_feasibility,C:\Users\catkin\Documents\baseline_zhou\zhou_icf_mpc_ipmsm_feasibility_control_iter01,results\A1_original_failure\20260713_110320_feasibility_control\radial_hex_projection_trace.csv,2524617,2026-07-13T11:03:43.000,61990486f42dedded6bec4cb2ef1a006d070fde4beb509e9312ef3c345d40af8
s2_feasibility,C:\Users\catkin\Documents\baseline_zhou\zhou_icf_mpc_ipmsm_feasibility_control_iter01,results\A1_original_failure\20260713_110320_feasibility_control\strategy_summary.csv,2825,2026-07-13T11:03:43.000,b44f75e96d8e12dc91a1e6124b7c67f8c8a48c5aa1a058a9d87a57cf3796ac06
s2_feasibility,C:\Users\catkin\Documents\baseline_zhou\zhou_icf_mpc_ipmsm_feasibility_control_iter01,results\A2_six_condition\20260713_110320_feasibility_control\500rpm_20A_P1_original_zhou_trace.csv,59609,2026-07-13T11:04:48.000,aaf2d2fffcf71248c6d50c807a9cecd0ac6338cb523de69aa058fe7f41775cd4
s2_feasibility,C:\Users\catkin\Documents\baseline_zhou\zhou_icf_mpc_ipmsm_feasibility_control_iter01,results\A2_six_condition\20260713_110320_feasibility_control\500rpm_20A_P1_proposed_feasibility_aware_trace.csv,2532564,2026-07-13T11:04:51.000,f90c09016bb0d22592eb99a40c6d391f3133fc2495c7d6c154697e5622dc3e88
s2_feasibility,C:\Users\catkin\Documents\baseline_zhou\zhou_icf_mpc_ipmsm_feasibility_control_iter01,results\A2_six_condition\20260713_110320_feasibility_control\500rpm_20A_P1_radial_hex_projection_trace.csv,2524182,2026-07-13T11:04:49.000,33b13785b2f723394b58e6f49fe86673295957350d5c9c91d2f4d54f6bf13cdd
s2_feasibility,C:\Users\catkin\Documents\baseline_zhou\zhou_icf_mpc_ipmsm_feasibility_control_iter01,results\A2_six_condition\20260713_110320_feasibility_control\six_condition_summary.csv,21727,2026-07-13T11:04:51.000,f684e21689226a50303e69c0111683da2624c49a20eb3e1a25271b8ce13306a8
s2_feasibility,C:\Users\catkin\Documents\baseline_zhou\zhou_icf_mpc_ipmsm_feasibility_control_iter01,results\A3_boundary\20260713_110320_feasibility_control\Vdc_ramp_boundary_comparison.csv,43374,2026-07-13T11:06:50.000,1a183b2e398d3ee33e5763fcffc9fd45adc59c4d46d76cbb62a35d7c64d04fde
s2_feasibility,C:\Users\catkin\Documents\baseline_zhou\zhou_icf_mpc_ipmsm_feasibility_control_iter01,results\A4_negative_id\20260713_110320_feasibility_control\negative_id_admission.csv,15199,2026-07-13T11:07:28.000,17b05c394d7e838a87be92ff9b9a20d34a51990c6a768a12128b10f6af8d7112
s2_feasibility,C:\Users\catkin\Documents\baseline_zhou\zhou_icf_mpc_ipmsm_feasibility_control_iter01,results\intersection_audit\20260713_110320_feasibility_control\illegal_cycle_intersection_audit.csv,975,2026-07-13T11:03:38.000,a1197a334291cacc4e74a450ff65c720e9335f34fbd7142ad5672dcc63ecceee
s2_feasibility,C:\Users\catkin\Documents\baseline_zhou\zhou_icf_mpc_ipmsm_feasibility_control_iter01,results\intersection_audit\20260713_110320_feasibility_control\intersection_audit_summary.csv,202,2026-07-13T11:03:38.000,b875783f084d0f6181b6b74b4eca8083468fa4fe3796593fcea49999124be1bf
s2_feasibility,C:\Users\catkin\Documents\baseline_zhou\zhou_icf_mpc_ipmsm_feasibility_control_iter01,results\summary\20260713_110320_feasibility_control\campaign_data.mat,3291331,2026-07-13T11:07:28.000,820f8997a84f82d210bd7767b11ed82c88fe98a07ac1061a851654d32cae60cb
s2_feasibility,C:\Users\catkin\Documents\baseline_zhou\zhou_icf_mpc_ipmsm_feasibility_control_iter01,results\summary\20260713_110320_feasibility_control\config_snapshot\configuration.mat,6183,2026-07-13T11:03:20.000,c22f457d526caede46533577480bae4d5c4798289ef4faf2348f0b902dbd3646
s2_feasibility,C:\Users\catkin\Documents\baseline_zhou\zhou_icf_mpc_ipmsm_feasibility_control_iter01,run_all_feasibility_control.m,2077,2026-07-13T11:00:41.000,94c4c3b8aa3d1d60f5bda3fea62edbf0a3837f3be78ce553cfbba62c402e9f94
s2_feasibility,C:\Users\catkin\Documents\baseline_zhou\zhou_icf_mpc_ipmsm_feasibility_control_iter01,src\+zhou_feasibility\apply_feasibility_layer.m,6165,2026-07-13T10:54:56.000,64bfb177ad96e8cd7325e28d108b25836a2b48603191cb96b38462d130395461
s2_feasibility,C:\Users\catkin\Documents\baseline_zhou\zhou_icf_mpc_ipmsm_feasibility_control_iter01,src\+zhou_feasibility\audit_original_illegal_cycles.m,4204,2026-07-13T10:40:08.000,5881f3fd4f97f282e5bb69de625064baf22373da8f2422feb154bab5eaedf904
s2_feasibility,C:\Users\catkin\Documents\baseline_zhou\zhou_icf_mpc_ipmsm_feasibility_control_iter01,src\+zhou_feasibility\compare_pointwise_runs.m,6063,2026-07-13T02:00:48.000,8aed1b040b4bcc3bee422b50f5842f8075556bd649b5da8f7c1e30d9277d1fd0
s2_feasibility,C:\Users\catkin\Documents\baseline_zhou\zhou_icf_mpc_ipmsm_feasibility_control_iter01,src\+zhou_feasibility\generate_manifests.m,3146,2026-07-13T10:57:50.000,2770554c846607632d15f08a7a5b937780f68f269436eaaf867b2c6200b6bb67
s2_feasibility,C:\Users\catkin\Documents\baseline_zhou\zhou_icf_mpc_ipmsm_feasibility_control_iter01,src\+zhou_feasibility\generate_plots.m,21238,2026-07-13T11:00:29.000,2cd3726c80cda2443015deca1930b3e7a416ae326b638013ac96bb489188e12a
s2_feasibility,C:\Users\catkin\Documents\baseline_zhou\zhou_icf_mpc_ipmsm_feasibility_control_iter01,src\+zhou_feasibility\generate_reports.m,15161,2026-07-13T11:14:12.000,dd4aa9a53a68b49526d27f803af101d01a83ef4df2ca23a45490df35ef0631c6
s2_feasibility,C:\Users\catkin\Documents\baseline_zhou\zhou_icf_mpc_ipmsm_feasibility_control_iter01,src\+zhou_feasibility\minimum_normalized_constraint_violation_in_hexagon.m,2389,2026-07-13T10:36:45.000,091ab6d9bf3d06ca5771ce212a10ffd06fdef7050a0d96b8a2d56866a311db3a
s2_feasibility,C:\Users\catkin\Documents\baseline_zhou\zhou_icf_mpc_ipmsm_feasibility_control_iter01,src\+zhou_feasibility\nearest_point_in_rectangle_hexagon_intersection.m,1817,2026-07-13T10:36:45.000,1a04cbec6c237274648797eb0e61e556ff7042fadff5fe1a0154bb8cc3e8a155
s2_feasibility,C:\Users\catkin\Documents\baseline_zhou\zhou_icf_mpc_ipmsm_feasibility_control_iter01,src\+zhou_feasibility\point_in_hexagon.m,1883,2026-07-13T10:36:45.000,817b81489e98402c0bf18159fe58a9aab68ee4b6733b0c976cdcb7ec6ba8e8ec
s2_feasibility,C:\Users\catkin\Documents\baseline_zhou\zhou_icf_mpc_ipmsm_feasibility_control_iter01,src\+zhou_feasibility\project_point_to_polygon.m,2411,2026-07-13T10:36:45.000,39f289bf9c6610f34328b74754c1432667e0522161f60abeb9a94fe194381783
s2_feasibility,C:\Users\catkin\Documents\baseline_zhou\zhou_icf_mpc_ipmsm_feasibility_control_iter01,src\+zhou_feasibility\rectangle_hexagon_intersection.m,4046,2026-07-13T10:37:29.000,a7704ddf48a876fa0664cdee1ff9c3edf82e845fb72fb6c5970e1f9198806040
s2_feasibility,C:\Users\catkin\Documents\baseline_zhou\zhou_icf_mpc_ipmsm_feasibility_control_iter01,src\+zhou_feasibility\run_campaign.m,7304,2026-07-13T10:53:43.000,1ac76f91f7ce0640bd393d4df2910e7f8d68b07cfbd53c235e541ebd399c7846
s2_feasibility,C:\Users\catkin\Documents\baseline_zhou\zhou_icf_mpc_ipmsm_feasibility_control_iter01,src\+zhou_feasibility\run_control_case.m,20087,2026-07-13T10:59:35.000,446481c4849a6cdd7f902f9fa7e617f39faf4f304bee77342b949bc794c8ea09
s2_feasibility,C:\Users\catkin\Documents\baseline_zhou\zhou_icf_mpc_ipmsm_feasibility_control_iter01,src\+zhou_feasibility\run_p0_strict_regression.m,2370,2026-07-13T10:38:37.000,a416c691042453560daf3572c1691d58d6bd423b0d3d046cb4b57fecdf4d6007
s2_feasibility,C:\Users\catkin\Documents\baseline_zhou\zhou_icf_mpc_ipmsm_feasibility_control_iter01,src\+zhou_feasibility\synthesize_feasible_three_vector_command.m,2679,2026-07-13T10:36:45.000,322d095008b1ac6cc4380d24fcde40e274cf2b8568550377cbccbe76c375bf25
s2_feasibility,C:\Users\catkin\Documents\baseline_zhou\zhou_icf_mpc_ipmsm_feasibility_control_iter01,src\+zhou_feasibility\voltage_feasibility.m,8181,2026-07-13T09:50:25.000,fe8edd8e62ea46a9e6c0abb0ef9f2cfdb974c5d0a7c86ec537bc6e6e86859f44
s2_feasibility,C:\Users\catkin\Documents\baseline_zhou\zhou_icf_mpc_ipmsm_feasibility_control_iter01,src\+zhou_ipmsm\+baseline\fcs_mpcc_step.m,3354,2026-07-12T21:51:35.000,3ce8f12ed4744282483a65aa86ebf59962071812e5dc2b05d9bf67c9f6740af5
s2_feasibility,C:\Users\catkin\Documents\baseline_zhou\zhou_icf_mpc_ipmsm_feasibility_control_iter01,src\+zhou_ipmsm\+controller\compute_V_terms.m,194,2026-07-12T21:51:35.000,dd060c641e39132c2d7dac528dbabb2bef65d010decd9f78d088fbfa1d1c9209
s2_feasibility,C:\Users\catkin\Documents\baseline_zhou\zhou_icf_mpc_ipmsm_feasibility_control_iter01,src\+zhou_ipmsm\+controller\costs_from_voltage.m,276,2026-07-12T21:51:35.000,aa1113be43cd2e91b11fee3a1183a42c5ac4f1a3002c5c23b82171830b5933c1
s2_feasibility,C:\Users\catkin\Documents\baseline_zhou\zhou_icf_mpc_ipmsm_feasibility_control_iter01,src\+zhou_ipmsm\+controller\estimate_F.m,777,2026-07-12T21:51:35.000,1e01d613f54e53e9a6f1cc91bb5996e74ee23d9efc881b6c89a6870b45af5332
s2_feasibility,C:\Users\catkin\Documents\baseline_zhou\zhou_icf_mpc_ipmsm_feasibility_control_iter01,src\+zhou_ipmsm\+controller\estimate_F_algebraic.m,1090,2026-07-12T21:51:35.000,9db774e2f535254c0b369237e0a7f862f1a114e5865111c01c59c9a8a55fca37
s2_feasibility,C:\Users\catkin\Documents\baseline_zhou\zhou_icf_mpc_ipmsm_feasibility_control_iter01,src\+zhou_ipmsm\+controller\icf_mpc_step.m,3402,2026-07-13T01:50:54.000,c88fdc47b49327eff8058aeaa7929b85aae7da6dd30bc4c98a90fb03f05fb2ba
s2_feasibility,C:\Users\catkin\Documents\baseline_zhou\zhou_icf_mpc_ipmsm_feasibility_control_iter01,src\+zhou_ipmsm\+controller\independent_costs.m,197,2026-07-12T21:51:35.000,cbabe47925f93c0a82e738ef906afc34111e130c534f9c9b7e9ce7bf8eaedc43
s2_feasibility,C:\Users\catkin\Documents\baseline_zhou\zhou_icf_mpc_ipmsm_feasibility_control_iter01,src\+zhou_ipmsm\+controller\predict_k1.m,251,2026-07-12T21:51:35.000,eaf4f7a03d736828d00503c93fef60ae8a7d21c7d3f9d3fdc5df258131737f62
s2_feasibility,C:\Users\catkin\Documents\baseline_zhou\zhou_icf_mpc_ipmsm_feasibility_control_iter01,src\+zhou_ipmsm\+controller\predict_k2.m,223,2026-07-12T21:51:35.000,1b331a04db899a1d79a5e706b79de909368b99e622afa35c27fdab3e35199f00
s2_feasibility,C:\Users\catkin\Documents\baseline_zhou\zhou_icf_mpc_ipmsm_feasibility_control_iter01,src\+zhou_ipmsm\+controller\sequence_equivalent_dq_voltage.m,639,2026-07-12T21:51:35.000,7704a6a289746af8b07849098b27b4728d6b0537d3ef67092ff9ff352dce5580
s2_feasibility,C:\Users\catkin\Documents\baseline_zhou\zhou_icf_mpc_ipmsm_feasibility_control_iter01,src\+zhou_ipmsm\+geometry\active_lines.m,299,2026-07-12T21:51:35.000,0b24b5c92b9646da7e3cc27b4a1b9016710f35000c340b32d27f38424151d0d2
s2_feasibility,C:\Users\catkin\Documents\baseline_zhou\zhou_icf_mpc_ipmsm_feasibility_control_iter01,src\+zhou_ipmsm\+geometry\analyze_rectangle.m,2927,2026-07-12T21:51:35.000,12014527a857c48bc1e695924d34ea57527b1dc985535091aee5caf21444f95f
s2_feasibility,C:\Users\catkin\Documents\baseline_zhou\zhou_icf_mpc_ipmsm_feasibility_control_iter01,src\+zhou_ipmsm\+geometry\build_rectangle.m,3142,2026-07-12T21:51:35.000,6958df981109def4d01962425350285a48aa08edc537fca674c6e218ed42cf9f
s2_feasibility,C:\Users\catkin\Documents\baseline_zhou\zhou_icf_mpc_ipmsm_feasibility_control_iter01,src\+zhou_ipmsm\+geometry\case2_midpoint.m,4110,2026-07-12T21:51:35.000,487bd01617334af89902a3843682105db5c9f6712c192ea3616a4b9237c0f733
s2_feasibility,C:\Users\catkin\Documents\baseline_zhou\zhou_icf_mpc_ipmsm_feasibility_control_iter01,src\+zhou_ipmsm\+geometry\classify_case.m,1205,2026-07-12T21:51:35.000,7ae89fe19b4e2235d9b49d872161d727d500ccaa568c00555d68426f913fa744
s2_feasibility,C:\Users\catkin\Documents\baseline_zhou\zhou_icf_mpc_ipmsm_feasibility_control_iter01,src\+zhou_ipmsm\+geometry\line_rectangle_intersections.m,2508,2026-07-12T21:51:35.000,c9b185702588f8663a221257c115c24ea8bda39a199aa97f494b117f38260594
s2_feasibility,C:\Users\catkin\Documents\baseline_zhou\zhou_icf_mpc_ipmsm_feasibility_control_iter01,src\+zhou_ipmsm\+geometry\line_side_signature.m,852,2026-07-12T21:51:35.000,319c102e427e9e7568765a6912a82ab9d52495a3fea95834025d3e2fe16aecb5
s2_feasibility,C:\Users\catkin\Documents\baseline_zhou\zhou_icf_mpc_ipmsm_feasibility_control_iter01,src\+zhou_ipmsm\+geometry\point_in_rectangle.m,467,2026-07-12T21:51:35.000,60b01e2aea45803d1f71a6ca4bb1b5f0bde7e98651cd54d166379b652abe8218
s2_feasibility,C:\Users\catkin\Documents\baseline_zhou\zhou_icf_mpc_ipmsm_feasibility_control_iter01,src\+zhou_ipmsm\+geometry\sector_of_point.m,702,2026-07-12T21:51:35.000,cc4b6b23cebae4193655bde73ea1cd736ce7011f1a49ef38c9f177a2fcd8693b
s2_feasibility,C:\Users\catkin\Documents\baseline_zhou\zhou_icf_mpc_ipmsm_feasibility_control_iter01,src\+zhou_ipmsm\+geometry\select_savv.m,3193,2026-07-12T21:51:35.000,0ef107490d3ac634ab2144f2e59087d225b56aebaf72c83a670bc96b38b61e72
s2_feasibility,C:\Users\catkin\Documents\baseline_zhou\zhou_icf_mpc_ipmsm_feasibility_control_iter01,src\+zhou_ipmsm\+inverter\count_sequence_transitions.m,346,2026-07-12T21:51:35.000,dca4634a4ac20d76660e3f2eec252fc8f1f69652ca05dfb6c08aac3a3cb810eb
s2_feasibility,C:\Users\catkin\Documents\baseline_zhou\zhou_icf_mpc_ipmsm_feasibility_control_iter01,src\+zhou_ipmsm\+inverter\deadtime_voltage_error.m,2085,2026-07-12T21:51:35.000,3d3466602f27879071dd93beef8e48b234794f8dcd7f318e9298d5bf8f0e22a4
s2_feasibility,C:\Users\catkin\Documents\baseline_zhou\zhou_icf_mpc_ipmsm_feasibility_control_iter01,src\+zhou_ipmsm\+inverter\voltage_vectors.m,783,2026-07-12T21:51:35.000,3e5567c0790a8d06adcda9e6e63e6e939abfc2829f52c194f6745710776e7f88
s2_feasibility,C:\Users\catkin\Documents\baseline_zhou\zhou_icf_mpc_ipmsm_feasibility_control_iter01,src\+zhou_ipmsm\+io\append_standard_tables.m,836,2026-07-12T21:51:35.000,53755356b1c074c80e057532c4203f89d369394bd69a42ad89a655ebba9e566c
s2_feasibility,C:\Users\catkin\Documents\baseline_zhou\zhou_icf_mpc_ipmsm_feasibility_control_iter01,src\+zhou_ipmsm\+io\append_text.m,410,2026-07-12T21:51:35.000,1a3dd71fc20d24bb3eb6ac5e20b73aa574e05d7e3c0da018126385a68c2a7d7b
s2_feasibility,C:\Users\catkin\Documents\baseline_zhou\zhou_icf_mpc_ipmsm_feasibility_control_iter01,src\+zhou_ipmsm\+io\create_run_context.m,2214,2026-07-12T21:51:35.000,f2af610e6ef9f884e7ffaadaa51f0f221937db735534111378bad51399076517
s2_feasibility,C:\Users\catkin\Documents\baseline_zhou\zhou_icf_mpc_ipmsm_feasibility_control_iter01,src\+zhou_ipmsm\+io\file_sha256.m,503,2026-07-12T21:51:35.000,b7b7ec8761d93aea16ea198c585bfc6ba8bac5fda80a3cd6321ad6ff1a0c69b4
s2_feasibility,C:\Users\catkin\Documents\baseline_zhou\zhou_icf_mpc_ipmsm_feasibility_control_iter01,src\+zhou_ipmsm\+io\write_code_manifest.m,1382,2026-07-12T21:51:35.000,1086740d2c44054665b23a08b80df92b5f894e41f1c3a0569653ce89b0ae4505
s2_feasibility,C:\Users\catkin\Documents\baseline_zhou\zhou_icf_mpc_ipmsm_feasibility_control_iter01,src\+zhou_ipmsm\+io\write_or_append_table.m,764,2026-07-12T21:51:35.000,d1cd89497fabeff504515e420752d0b028ba16d15db8f4dba69b62f75384cc5e
s2_feasibility,C:\Users\catkin\Documents\baseline_zhou\zhou_icf_mpc_ipmsm_feasibility_control_iter01,src\+zhou_ipmsm\+io\write_text_new.m,425,2026-07-12T21:51:35.000,6f02a340d13307db188973ebf3e0aa92f1fa8e18cbe90909435f9ecd944793e5
s2_feasibility,C:\Users\catkin\Documents\baseline_zhou\zhou_icf_mpc_ipmsm_feasibility_control_iter01,src\+zhou_ipmsm\+math\inv_park.m,182,2026-07-12T21:51:35.000,9aba0e5069d057e46a4505db9cbfcdda1fb4915f9e42d4a8dba849811cba6624
s2_feasibility,C:\Users\catkin\Documents\baseline_zhou\zhou_icf_mpc_ipmsm_feasibility_control_iter01,src\+zhou_ipmsm\+math\park.m,180,2026-07-12T21:51:35.000,dcb18e96c63efa8f4741f93ad4e203c1c1fceb4f0e5e91c864203161bdcc2c14
s2_feasibility,C:\Users\catkin\Documents\baseline_zhou\zhou_icf_mpc_ipmsm_feasibility_control_iter01,src\+zhou_ipmsm\+metrics\case_statistics_table.m,559,2026-07-12T21:51:35.000,9ed4200f5ed837bc968ce47635ad3179af416dc1e5842ca517e6eb313b50ac16
s2_feasibility,C:\Users\catkin\Documents\baseline_zhou\zhou_icf_mpc_ipmsm_feasibility_control_iter01,src\+zhou_ipmsm\+metrics\constraint_violations_table.m,1331,2026-07-12T21:51:35.000,42fa7c9e356b5a6daa2147fd848beb7e176ea4c87032cb0bc64e817a21251636
s2_feasibility,C:\Users\catkin\Documents\baseline_zhou\zhou_icf_mpc_ipmsm_feasibility_control_iter01,src\+zhou_ipmsm\+metrics\phase_thd.m,687,2026-07-12T21:51:35.000,5e43604055e7238b6c841301e71bf462bca80ddc7facf48370ed8ce6f485b638
s2_feasibility,C:\Users\catkin\Documents\baseline_zhou\zhou_icf_mpc_ipmsm_feasibility_control_iter01,src\+zhou_ipmsm\+metrics\phase_thd_total_rms.m,838,2026-07-12T21:51:35.000,160d74ef7333bd6d2915f11816ff495428c5fd32481873b99c8f5eadaac59b01
s2_feasibility,C:\Users\catkin\Documents\baseline_zhou\zhou_icf_mpc_ipmsm_feasibility_control_iter01,src\+zhou_ipmsm\+metrics\summarize_simulation.m,4194,2026-07-12T21:51:35.000,6a03b268a2b0082409d7a8874ad071f4059446963d58ebdef3a1f291125a3e63
s2_feasibility,C:\Users\catkin\Documents\baseline_zhou\zhou_icf_mpc_ipmsm_feasibility_control_iter01,src\+zhou_ipmsm\+metrics\summary_to_long_table.m,2141,2026-07-12T21:51:35.000,fe7d4f860976f61e77fdfc721a0fbfab0f209bd5b5ea23f089ce4a93a4b42cd0
s2_feasibility,C:\Users\catkin\Documents\baseline_zhou\zhou_icf_mpc_ipmsm_feasibility_control_iter01,src\+zhou_ipmsm\+model\electromagnetic_torque.m,666,2026-07-12T21:55:11.000,95ac234dfe63cfa064a863de845c3d6258fb87879acc9883fe40bcf85e887ed0
s2_feasibility,C:\Users\catkin\Documents\baseline_zhou\zhou_icf_mpc_ipmsm_feasibility_control_iter01,src\+zhou_ipmsm\+model\integrate_command.m,2561,2026-07-12T21:55:11.000,e7c8364b36845d5367c9c3ad701d845e7069c9fd170c7c24f321f16510e7c6cd
s2_feasibility,C:\Users\catkin\Documents\baseline_zhou\zhou_icf_mpc_ipmsm_feasibility_control_iter01,src\+zhou_ipmsm\+model\phase_currents.m,355,2026-07-12T21:51:35.000,bc263f05bfbb0820a01de930044c4262636f9ccf03003ff291eb3bf05904e256
s2_feasibility,C:\Users\catkin\Documents\baseline_zhou\zhou_icf_mpc_ipmsm_feasibility_control_iter01,src\+zhou_ipmsm\+model\pmsm_derivative.m,1310,2026-07-12T21:55:11.000,2cb48bef4e266a0a667c9adae3ac813d9ddb5b807403e837d7fbf4317ac6dd90
s2_feasibility,C:\Users\catkin\Documents\baseline_zhou\zhou_icf_mpc_ipmsm_feasibility_control_iter01,src\+zhou_ipmsm\+model\sample_command_waveform.m,3011,2026-07-12T21:51:35.000,80006bd04039b9aba53ef4b799b1ba632965ddb42692a4e09396056eee8f1ebf
s2_feasibility,C:\Users\catkin\Documents\baseline_zhou\zhou_icf_mpc_ipmsm_feasibility_control_iter01,src\+zhou_ipmsm\+model\torque_components.m,564,2026-07-12T21:55:11.000,84c241a755f47a1f450185b8b16411e7d74a863479f1f7127b22f6d76dd97996
s2_feasibility,C:\Users\catkin\Documents\baseline_zhou\zhou_icf_mpc_ipmsm_feasibility_control_iter01,src\+zhou_ipmsm\+modulation\case1_command.m,619,2026-07-12T21:51:35.000,5b047ffe7e63b29d02e0c81bfed76e49e22d0a675d664c209cd039486fa12bac
s2_feasibility,C:\Users\catkin\Documents\baseline_zhou\zhou_icf_mpc_ipmsm_feasibility_control_iter01,src\+zhou_ipmsm\+modulation\case2_command.m,1772,2026-07-12T21:51:35.000,e4bc191b2b8ab749ce618666fc095246435e69462fb6b88aa8793aa470e3ca93
s2_feasibility,C:\Users\catkin\Documents\baseline_zhou\zhou_icf_mpc_ipmsm_feasibility_control_iter01,src\+zhou_ipmsm\+modulation\case3_command.m,2008,2026-07-12T21:51:35.000,b26516623a953dcf0b2b4ab28830d65948fccdf3de7d12efbfb3009abe80ac69
s2_feasibility,C:\Users\catkin\Documents\baseline_zhou\zhou_icf_mpc_ipmsm_feasibility_control_iter01,src\+zhou_ipmsm\+reference\build_current_reference.m,213,2026-07-13T08:46:12.000,b43d0e9d913311f026d3255161f0648ba13945481aa793fdc20a430be2fbbd2d
s2_feasibility,C:\Users\catkin\Documents\baseline_zhou\zhou_icf_mpc_ipmsm_feasibility_control_iter01,src\+zhou_ipmsm\+sim\run_closed_loop.m,17971,2026-07-13T01:57:16.000,0273f4cbcb7a9425f88c2ef4e7a2307a6aa3ba3085708bad1419cf2a4662cb6d
s2_feasibility,C:\Users\catkin\Documents\baseline_zhou\zhou_icf_mpc_ipmsm_feasibility_control_iter01,src\+zhou_iter11_ref\+baseline\fcs_mpcc_step.m,3394,2026-07-12T21:51:34.000,18e41c6fd318ac697b48d1b03875ee57e19c4b76ac2bd31653df29e4f4112520
s2_feasibility,C:\Users\catkin\Documents\baseline_zhou\zhou_icf_mpc_ipmsm_feasibility_control_iter01,src\+zhou_iter11_ref\+controller\compute_V_terms.m,194,2026-07-12T21:51:34.000,dd060c641e39132c2d7dac528dbabb2bef65d010decd9f78d088fbfa1d1c9209
s2_feasibility,C:\Users\catkin\Documents\baseline_zhou\zhou_icf_mpc_ipmsm_feasibility_control_iter01,src\+zhou_iter11_ref\+controller\costs_from_voltage.m,281,2026-07-12T21:51:34.000,0c9817a3afb3ab06553daa2d55d596bddb2850686af68b5fbb7ce6921eaa1eef
s2_feasibility,C:\Users\catkin\Documents\baseline_zhou\zhou_icf_mpc_ipmsm_feasibility_control_iter01,src\+zhou_iter11_ref\+controller\estimate_F.m,777,2026-07-12T21:51:34.000,1e01d613f54e53e9a6f1cc91bb5996e74ee23d9efc881b6c89a6870b45af5332
s2_feasibility,C:\Users\catkin\Documents\baseline_zhou\zhou_icf_mpc_ipmsm_feasibility_control_iter01,src\+zhou_iter11_ref\+controller\estimate_F_algebraic.m,1094,2026-07-12T21:51:34.000,117e376087651cdee280061d00364583fba05e3ecc7398a513b4d565403ee46a
s2_feasibility,C:\Users\catkin\Documents\baseline_zhou\zhou_icf_mpc_ipmsm_feasibility_control_iter01,src\+zhou_iter11_ref\+controller\icf_mpc_step.m,3389,2026-07-12T21:51:34.000,eadea63d0c1bb678310e48e1109afde9d3c549af68daae59921f99fb7738b4f5
s2_feasibility,C:\Users\catkin\Documents\baseline_zhou\zhou_icf_mpc_ipmsm_feasibility_control_iter01,src\+zhou_iter11_ref\+controller\independent_costs.m,197,2026-07-12T21:51:34.000,cbabe47925f93c0a82e738ef906afc34111e130c534f9c9b7e9ce7bf8eaedc43
s2_feasibility,C:\Users\catkin\Documents\baseline_zhou\zhou_icf_mpc_ipmsm_feasibility_control_iter01,src\+zhou_iter11_ref\+controller\predict_k1.m,251,2026-07-12T21:51:35.000,eaf4f7a03d736828d00503c93fef60ae8a7d21c7d3f9d3fdc5df258131737f62
s2_feasibility,C:\Users\catkin\Documents\baseline_zhou\zhou_icf_mpc_ipmsm_feasibility_control_iter01,src\+zhou_iter11_ref\+controller\predict_k2.m,223,2026-07-12T21:51:35.000,1b331a04db899a1d79a5e706b79de909368b99e622afa35c27fdab3e35199f00
s2_feasibility,C:\Users\catkin\Documents\baseline_zhou\zhou_icf_mpc_ipmsm_feasibility_control_iter01,src\+zhou_iter11_ref\+controller\sequence_equivalent_dq_voltage.m,649,2026-07-12T21:51:35.000,b41d0cb1ecc5de5a5c29ec80f1fc7a52bce0fd830f3a91d1344034d143ed0f5e
s2_feasibility,C:\Users\catkin\Documents\baseline_zhou\zhou_icf_mpc_ipmsm_feasibility_control_iter01,src\+zhou_iter11_ref\+geometry\active_lines.m,299,2026-07-12T21:51:35.000,0b24b5c92b9646da7e3cc27b4a1b9016710f35000c340b32d27f38424151d0d2
s2_feasibility,C:\Users\catkin\Documents\baseline_zhou\zhou_icf_mpc_ipmsm_feasibility_control_iter01,src\+zhou_iter11_ref\+geometry\analyze_rectangle.m,2972,2026-07-12T21:51:35.000,5171a18aa30ebb0a016f50695a64d51d09bbbdc1174b0725de8ccbc931bfe906
s2_feasibility,C:\Users\catkin\Documents\baseline_zhou\zhou_icf_mpc_ipmsm_feasibility_control_iter01,src\+zhou_iter11_ref\+geometry\build_rectangle.m,3142,2026-07-12T21:51:35.000,6958df981109def4d01962425350285a48aa08edc537fca674c6e218ed42cf9f
s2_feasibility,C:\Users\catkin\Documents\baseline_zhou\zhou_icf_mpc_ipmsm_feasibility_control_iter01,src\+zhou_iter11_ref\+geometry\case2_midpoint.m,4119,2026-07-12T21:51:35.000,6f05566ca872b6677c43611ac6619cd821d2f345fa2aeaa8f097f645347811f3
s2_feasibility,C:\Users\catkin\Documents\baseline_zhou\zhou_icf_mpc_ipmsm_feasibility_control_iter01,src\+zhou_iter11_ref\+geometry\classify_case.m,1220,2026-07-12T21:51:35.000,5f2b25ba2d45d229f053ab206fa6911274f95d254677940db898d5d44da1d658
s2_feasibility,C:\Users\catkin\Documents\baseline_zhou\zhou_icf_mpc_ipmsm_feasibility_control_iter01,src\+zhou_iter11_ref\+geometry\line_rectangle_intersections.m,2517,2026-07-12T21:51:35.000,5e6c04de6218045d7171382a9049c2d7923b78026ca7dc763463e4955859ae57
s2_feasibility,C:\Users\catkin\Documents\baseline_zhou\zhou_icf_mpc_ipmsm_feasibility_control_iter01,src\+zhou_iter11_ref\+geometry\line_side_signature.m,861,2026-07-12T21:51:35.000,800a83a4095a7b6f243735abacf2c7a5c24690c2c03d5e1ae2d71abc3b4b3468
s2_feasibility,C:\Users\catkin\Documents\baseline_zhou\zhou_icf_mpc_ipmsm_feasibility_control_iter01,src\+zhou_iter11_ref\+geometry\point_in_rectangle.m,472,2026-07-12T21:51:35.000,219275c5d58bfd4641fc0534500bd8aae7a4cf85e7b3bef816c03ea97b3476a2
s2_feasibility,C:\Users\catkin\Documents\baseline_zhou\zhou_icf_mpc_ipmsm_feasibility_control_iter01,src\+zhou_iter11_ref\+geometry\sector_of_point.m,702,2026-07-12T21:51:35.000,cc4b6b23cebae4193655bde73ea1cd736ce7011f1a49ef38c9f177a2fcd8693b
s2_feasibility,C:\Users\catkin\Documents\baseline_zhou\zhou_icf_mpc_ipmsm_feasibility_control_iter01,src\+zhou_iter11_ref\+geometry\select_savv.m,3202,2026-07-12T21:51:35.000,450814bff6067a497ef8df2ba5611bf106d14f344a2c4eef0c3e703423f8cdd0
s2_feasibility,C:\Users\catkin\Documents\baseline_zhou\zhou_icf_mpc_ipmsm_feasibility_control_iter01,src\+zhou_iter11_ref\+inverter\count_sequence_transitions.m,350,2026-07-12T21:51:35.000,0f498d541e59f0f0389b67edacc1bd3c6c7c958ae4e41bcb6b177f0bf59bad12
s2_feasibility,C:\Users\catkin\Documents\baseline_zhou\zhou_icf_mpc_ipmsm_feasibility_control_iter01,src\+zhou_iter11_ref\+inverter\deadtime_voltage_error.m,2090,2026-07-12T21:51:35.000,7e706179b5f4217bf81900dec13410151b662ac4d53d3d6d54a7357fdafd1452
s2_feasibility,C:\Users\catkin\Documents\baseline_zhou\zhou_icf_mpc_ipmsm_feasibility_control_iter01,src\+zhou_iter11_ref\+inverter\voltage_vectors.m,783,2026-07-12T21:51:35.000,3e5567c0790a8d06adcda9e6e63e6e939abfc2829f52c194f6745710776e7f88
s2_feasibility,C:\Users\catkin\Documents\baseline_zhou\zhou_icf_mpc_ipmsm_feasibility_control_iter01,src\+zhou_iter11_ref\+io\append_standard_tables.m,866,2026-07-12T21:51:35.000,a5c8f68f5e9d767beb7c9d986e0e738738dd35c4f0932be5a428c561c55a0b2d
s2_feasibility,C:\Users\catkin\Documents\baseline_zhou\zhou_icf_mpc_ipmsm_feasibility_control_iter01,src\+zhou_iter11_ref\+io\append_text.m,414,2026-07-12T21:51:35.000,3d7270aa180228ca10f59bacc57bab904f863775951ada403af95c0946331064
s2_feasibility,C:\Users\catkin\Documents\baseline_zhou\zhou_icf_mpc_ipmsm_feasibility_control_iter01,src\+zhou_iter11_ref\+io\create_run_context.m,2223,2026-07-12T21:51:35.000,ecb9dd6aac8eb90a72ffdfd420e62ecbce54d0bf1189f68c1d455d9c5beb9e1d
s2_feasibility,C:\Users\catkin\Documents\baseline_zhou\zhou_icf_mpc_ipmsm_feasibility_control_iter01,src\+zhou_iter11_ref\+io\file_sha256.m,507,2026-07-12T21:51:35.000,7153a4601b550bdcb9191eefc730f9e71d52d267992b1b58d192fa89059b2323
s2_feasibility,C:\Users\catkin\Documents\baseline_zhou\zhou_icf_mpc_ipmsm_feasibility_control_iter01,src\+zhou_iter11_ref\+io\write_code_manifest.m,1387,2026-07-12T21:51:35.000,c067626da6c366d39d5b8b35d609b457e7251e647cec1f52c6dc3b5dfadbcf4b
s2_feasibility,C:\Users\catkin\Documents\baseline_zhou\zhou_icf_mpc_ipmsm_feasibility_control_iter01,src\+zhou_iter11_ref\+io\write_or_append_table.m,772,2026-07-12T21:51:35.000,fb295dc68e40277a665e98e8d6f2652e8e49dc07a647808e9d78cb173751eb2c
s2_feasibility,C:\Users\catkin\Documents\baseline_zhou\zhou_icf_mpc_ipmsm_feasibility_control_iter01,src\+zhou_iter11_ref\+io\write_text_new.m,433,2026-07-12T21:51:35.000,6fa3013d26ff630018dde86c7b62c50ee086ce6bd827aa0e43aaf43615c1a1d5
s2_feasibility,C:\Users\catkin\Documents\baseline_zhou\zhou_icf_mpc_ipmsm_feasibility_control_iter01,src\+zhou_iter11_ref\+math\inv_park.m,182,2026-07-12T21:51:35.000,9aba0e5069d057e46a4505db9cbfcdda1fb4915f9e42d4a8dba849811cba6624
s2_feasibility,C:\Users\catkin\Documents\baseline_zhou\zhou_icf_mpc_ipmsm_feasibility_control_iter01,src\+zhou_iter11_ref\+math\park.m,180,2026-07-12T21:51:35.000,dcb18e96c63efa8f4741f93ad4e203c1c1fceb4f0e5e91c864203161bdcc2c14
s2_feasibility,C:\Users\catkin\Documents\baseline_zhou\zhou_icf_mpc_ipmsm_feasibility_control_iter01,src\+zhou_iter11_ref\+metrics\case_statistics_table.m,559,2026-07-12T21:51:35.000,9ed4200f5ed837bc968ce47635ad3179af416dc1e5842ca517e6eb313b50ac16
s2_feasibility,C:\Users\catkin\Documents\baseline_zhou\zhou_icf_mpc_ipmsm_feasibility_control_iter01,src\+zhou_iter11_ref\+metrics\constraint_violations_table.m,1331,2026-07-12T21:51:35.000,42fa7c9e356b5a6daa2147fd848beb7e176ea4c87032cb0bc64e817a21251636
s2_feasibility,C:\Users\catkin\Documents\baseline_zhou\zhou_icf_mpc_ipmsm_feasibility_control_iter01,src\+zhou_iter11_ref\+metrics\phase_thd.m,687,2026-07-12T21:51:35.000,5e43604055e7238b6c841301e71bf462bca80ddc7facf48370ed8ce6f485b638
s2_feasibility,C:\Users\catkin\Documents\baseline_zhou\zhou_icf_mpc_ipmsm_feasibility_control_iter01,src\+zhou_iter11_ref\+metrics\phase_thd_total_rms.m,842,2026-07-12T21:51:35.000,a34d013d31ec5fb0f245a60f1564bb72624e43818400f8aff5fde6eba297269e
s2_feasibility,C:\Users\catkin\Documents\baseline_zhou\zhou_icf_mpc_ipmsm_feasibility_control_iter01,src\+zhou_iter11_ref\+metrics\summarize_simulation.m,4213,2026-07-12T21:51:35.000,aba32d53c3cfd8398034c37687fcfcda3cd2aebb9ab9caab3898bbeef287f12c
s2_feasibility,C:\Users\catkin\Documents\baseline_zhou\zhou_icf_mpc_ipmsm_feasibility_control_iter01,src\+zhou_iter11_ref\+metrics\summary_to_long_table.m,2141,2026-07-12T21:51:35.000,fe7d4f860976f61e77fdfc721a0fbfab0f209bd5b5ea23f089ce4a93a4b42cd0
s2_feasibility,C:\Users\catkin\Documents\baseline_zhou\zhou_icf_mpc_ipmsm_feasibility_control_iter01,src\+zhou_iter11_ref\+model\electromagnetic_torque.m,201,2026-07-12T21:51:35.000,4e183f9fc1eab7ef6d8ff83e3a232b7c96457922be8a098bbb42b7e9a465382f
s2_feasibility,C:\Users\catkin\Documents\baseline_zhou\zhou_icf_mpc_ipmsm_feasibility_control_iter01,src\+zhou_iter11_ref\+model\integrate_command.m,2323,2026-07-12T21:51:35.000,86250ce6ec0d43fda18f6a100512fbe11eac7c296fdf982b2e0cda0db4eec5a1
s2_feasibility,C:\Users\catkin\Documents\baseline_zhou\zhou_icf_mpc_ipmsm_feasibility_control_iter01,src\+zhou_iter11_ref\+model\phase_currents.m,360,2026-07-12T21:51:35.000,c41351d67d29b7e9b503f228efd4649828f1b094ae2009dc4940181dd8655af9
s2_feasibility,C:\Users\catkin\Documents\baseline_zhou\zhou_icf_mpc_ipmsm_feasibility_control_iter01,src\+zhou_iter11_ref\+model\pmsm_derivative.m,749,2026-07-12T21:51:35.000,acc0930f67fd088e77dfd8991f74450174106b3ef08ff655a0ab55e40aa0c220
s2_feasibility,C:\Users\catkin\Documents\baseline_zhou\zhou_icf_mpc_ipmsm_feasibility_control_iter01,src\+zhou_iter11_ref\+model\sample_command_waveform.m,3047,2026-07-12T21:51:35.000,c09ac0a85a5a8e2f3931ad3e07dc3c7896c13e3ff296dbf64b26137e40b61d8f
s2_feasibility,C:\Users\catkin\Documents\baseline_zhou\zhou_icf_mpc_ipmsm_feasibility_control_iter01,src\+zhou_iter11_ref\+modulation\case1_command.m,619,2026-07-12T21:51:35.000,5b047ffe7e63b29d02e0c81bfed76e49e22d0a675d664c209cd039486fa12bac
s2_feasibility,C:\Users\catkin\Documents\baseline_zhou\zhou_icf_mpc_ipmsm_feasibility_control_iter01,src\+zhou_iter11_ref\+modulation\case2_command.m,1777,2026-07-12T21:51:35.000,67245a7bd324e694ceccea6c05a2f505a94048b3a6cc1bc5e27e385bf594f006
s2_feasibility,C:\Users\catkin\Documents\baseline_zhou\zhou_icf_mpc_ipmsm_feasibility_control_iter01,src\+zhou_iter11_ref\+modulation\case3_command.m,2022,2026-07-12T21:51:35.000,9ba8d715c9ea8a197156d01bb388ad5dee659ead5418a68047d6fd994beb8b03
s2_feasibility,C:\Users\catkin\Documents\baseline_zhou\zhou_icf_mpc_ipmsm_feasibility_control_iter01,src\+zhou_iter11_ref\+sim\run_closed_loop.m,15636,2026-07-13T01:53:46.000,ee923419f4a8b8f80fabe7693da41aec903d14262637ad5a93b4aa83e8952c6d
s2_feasibility,C:\Users\catkin\Documents\baseline_zhou\zhou_icf_mpc_ipmsm_feasibility_control_iter01,tests\run_feasibility_control_tests.m,1482,2026-07-13T11:00:19.000,4602bc11e46ce12c23606668567ab8d2ea491388cad851fc0868062135365d11
s2_feasibility,C:\Users\catkin\Documents\baseline_zhou\zhou_icf_mpc_ipmsm_feasibility_control_iter01,tests\test_results.csv,2033,2026-07-13T11:14:36.000,8a17b19ebee55c0dbeed4553471a597ff2cd7a8dfbebe656c2e5200b523287ac
s2_feasibility,C:\Users\catkin\Documents\baseline_zhou\zhou_icf_mpc_ipmsm_feasibility_control_iter01,tests\unit\test_feasibility_control.m,8158,2026-07-13T11:08:19.000,cfb825243ddafa7a98326a3e7635023ec4fb0412e9463af619a609560e7d513f
sequence_decomposition,C:\Users\catkin\Documents\baseline_zhou\zhou_icf_mpc_sequence_decomposition_iter01,CHANGELOG.md,1932,2026-07-15T13:10:52.000,01e2281b3d80a8f0d96bb494d2b01a3194eed564406c4742fefb1fe18d0ee9c8
sequence_decomposition,C:\Users\catkin\Documents\baseline_zhou\zhou_icf_mpc_sequence_decomposition_iter01,COPIED_FILE_PROVENANCE.csv,73165,2026-07-15T13:11:57.000,5cdaa24d82e3642c637b9c9790179a9013a040bce853f01a679f0b277057f7ac
sequence_decomposition,C:\Users\catkin\Documents\baseline_zhou\zhou_icf_mpc_sequence_decomposition_iter01,FROZEN_UPSTREAM_VALIDATION.csv,420773,2026-07-15T13:16:58.000,664aa0476faeed352a27132de4c57325ce33fe6792f2373ebc9cbdd43959b21e
sequence_decomposition,C:\Users\catkin\Documents\baseline_zhou\zhou_icf_mpc_sequence_decomposition_iter01,HANDOFF.md,7480,2026-07-15T13:10:52.000,80a6fdd7840d1e9d0c26bc73693f91a7a0020e2d0d50b488d504d3e8e2d18110
sequence_decomposition,C:\Users\catkin\Documents\baseline_zhou\zhou_icf_mpc_sequence_decomposition_iter01,README.md,4449,2026-07-15T13:10:52.000,daaab6dc7d2242291dad698302872d2f0ea7e047076ca9a2fabb9f5409fa80e7
sequence_decomposition,C:\Users\catkin\Documents\baseline_zhou\zhou_icf_mpc_sequence_decomposition_iter01,RUN_AND_REPRODUCE.md,5310,2026-07-15T12:44:42.000,6706d9db6b59036524f9755d930c361b9147087ac52b24bc7ba2638235be0949
sequence_decomposition,C:\Users\catkin\Documents\baseline_zhou\zhou_icf_mpc_sequence_decomposition_iter01,SOURCE_PROJECTS.csv,869,2026-07-15T13:11:57.000,8dc1cd5fb6c366877c6011d36970762593e5534a17e273e8b0f2aae1db248e38
sequence_decomposition,C:\Users\catkin\Documents\baseline_zhou\zhou_icf_mpc_sequence_decomposition_iter01,SOURCE_SHA256_AFTER.csv,532546,2026-07-15T13:16:57.000,874611016596ddaa8d166d07b42d39e95722d91003fcb6ca0c08e2b5ff83fe6f
sequence_decomposition,C:\Users\catkin\Documents\baseline_zhou\zhou_icf_mpc_sequence_decomposition_iter01,SOURCE_SHA256_BEFORE.csv,532546,2026-07-15T13:11:57.000,874611016596ddaa8d166d07b42d39e95722d91003fcb6ca0c08e2b5ff83fe6f
sequence_decomposition,C:\Users\catkin\Documents\baseline_zhou\zhou_icf_mpc_sequence_decomposition_iter01,config\acceptance_thresholds.m,714,2026-07-13T11:37:22.000,bad30f48339e85a2c047ba3600b7238afe667b108210eb39b64ce4e61036f0e3
sequence_decomposition,C:\Users\catkin\Documents\baseline_zhou\zhou_icf_mpc_sequence_decomposition_iter01,config\base_parameters.m,477,2026-07-13T11:37:22.000,c605ab586d625adcd2c6c5a0db006c1a1be42717a465b3a857099413fee5e4bc
sequence_decomposition,C:\Users\catkin\Documents\baseline_zhou\zhou_icf_mpc_sequence_decomposition_iter01,config\control_scenario.m,787,2026-07-13T10:33:28.000,325482f030c78cd5328305e5c12c2d78b572c1cadd356788a3052844b191dc43
sequence_decomposition,C:\Users\catkin\Documents\baseline_zhou\zhou_icf_mpc_sequence_decomposition_iter01,config\implementation_assumptions.m,2025,2026-07-13T11:41:41.000,ff97f107e57861483252a37be3e150c182767c82188bcdf2731a3df551e1a85f
sequence_decomposition,C:\Users\catkin\Documents\baseline_zhou\zhou_icf_mpc_sequence_decomposition_iter01,config\ipmsm_parameters.m,614,2026-07-13T10:33:28.000,410cfe82a3369486e85e7790930c1f1f75ecc997b2f681bd0d91d5dbbbeb39da
sequence_decomposition,C:\Users\catkin\Documents\baseline_zhou\zhou_icf_mpc_sequence_decomposition_iter01,config\sequence_parameters.m,554,2026-07-15T12:42:16.000,ba2f065e4c9c41de759a6aa0b9bca7ded357e8b469df5cec2f2cac2ec0fee4b7
sequence_decomposition,C:\Users\catkin\Documents\baseline_zhou\zhou_icf_mpc_sequence_decomposition_iter01,config\sequence_scenarios.m,3357,2026-07-15T12:59:01.000,cb94bda6dd04d02cf5750f92d9dae81039470d4708674caf5db30091b3448546
sequence_decomposition,C:\Users\catkin\Documents\baseline_zhou\zhou_icf_mpc_sequence_decomposition_iter01,config\six_condition_matrix.m,392,2026-07-13T10:33:28.000,e05100a644fde9a9b9ca8bd3553bdb04f60b5148888228eafceab2ade1746189
sequence_decomposition,C:\Users\catkin\Documents\baseline_zhou\zhou_icf_mpc_sequence_decomposition_iter01,docs\BASELINE_REPRODUCTION_REPORT.md,1073,2026-07-15T13:12:06.000,86c83771ff823ea1fe9f5e27de6c6b474252ca80b57b67e9f3b7f1a5c872365f
sequence_decomposition,C:\Users\catkin\Documents\baseline_zhou\zhou_icf_mpc_sequence_decomposition_iter01,docs\CONTROLLER_DATAFLOW_MAP.md,3458,2026-07-15T12:48:28.000,7318039d7a663ec7eecdebd9c95e193d63c56c54e70f4d98669ceb0b7e473033
sequence_decomposition,C:\Users\catkin\Documents\baseline_zhou\zhou_icf_mpc_sequence_decomposition_iter01,docs\DECISION_AND_NEXT_STEP.md,442,2026-07-15T13:16:54.000,c7f7f1be343be6551b3a5ed5689be2d3c21aefecb99b07130bddf99e2fb030e1
sequence_decomposition,C:\Users\catkin\Documents\baseline_zhou\zhou_icf_mpc_sequence_decomposition_iter01,docs\DUPLICATE_WORK_CHECK.md,3549,2026-07-15T13:11:57.000,56d96b3dee603437ab11baf42a293b2a9bc72fc676e9aa63a8e1d4e1e90d6e8f
sequence_decomposition,C:\Users\catkin\Documents\baseline_zhou\zhou_icf_mpc_sequence_decomposition_iter01,docs\EXPERIMENT_PROTOCOL.md,6508,2026-07-15T12:54:57.000,4a37c3475609023b03169f8d372f960ac948e4e299b71ffa15a3ac56bff7f787
sequence_decomposition,C:\Users\catkin\Documents\baseline_zhou\zhou_icf_mpc_sequence_decomposition_iter01,docs\FINAL_ACCEPTANCE_REPORT.md,967,2026-07-15T13:18:43.000,d608c7064afe8eb159914ac46f8ad2b245721068d26437202629adf93d565d63
sequence_decomposition,C:\Users\catkin\Documents\baseline_zhou\zhou_icf_mpc_sequence_decomposition_iter01,docs\KNOWN_LIMITATIONS.md,4780,2026-07-15T13:10:52.000,f0b6c32fef53595bc1fa1ce9c6a63740f31609e4641e23eb58c631648cc90f44
sequence_decomposition,C:\Users\catkin\Documents\baseline_zhou\zhou_icf_mpc_sequence_decomposition_iter01,docs\METRIC_DEFINITIONS.md,6275,2026-07-15T12:54:57.000,2e9255085d23b5817aafc19f154382f58fa7d78c47ebea8a58f0e4675c193aca
sequence_decomposition,C:\Users\catkin\Documents\baseline_zhou\zhou_icf_mpc_sequence_decomposition_iter01,docs\OFFLINE_CANDIDATE_BANK.md,9829,2026-07-15T12:57:06.000,3efd3ab86300a0a9833cd58b9b7dddc830f52f33886d6b2ad9a6e9e5bed3ac63
sequence_decomposition,C:\Users\catkin\Documents\baseline_zhou\zhou_icf_mpc_sequence_decomposition_iter01,docs\PATH_CONFLICT_REPORT.md,2990,2026-07-15T13:11:54.000,f178c4e04782d172d209655874ca98d6358c92298d8e2a28a4858a3e7ddc6573
sequence_decomposition,C:\Users\catkin\Documents\baseline_zhou\zhou_icf_mpc_sequence_decomposition_iter01,docs\PREDICTION_LAYER_DEFINITION.md,4617,2026-07-15T12:48:28.000,04be4bcf1a68e33aa5088ad8aa219787955c623ab35b9a6faf3878d987f47d1f
sequence_decomposition,C:\Users\catkin\Documents\baseline_zhou\zhou_icf_mpc_sequence_decomposition_iter01,docs\PREVIOUS_WORK_INVENTORY.md,5316,2026-07-15T12:45:54.000,2a3eb9d542aecf4bdc63f57311a41e68d400a34db81a9b02b47a8a3d0a6af865
sequence_decomposition,C:\Users\catkin\Documents\baseline_zhou\zhou_icf_mpc_sequence_decomposition_iter01,docs\PROJECT_SCOPE.md,2765,2026-07-15T12:45:54.000,8e9df656fbadfa973e59031858a7829711a227021431c202e6cd8396544e8832
sequence_decomposition,C:\Users\catkin\Documents\baseline_zhou\zhou_icf_mpc_sequence_decomposition_iter01,docs\PROTOTYPE_GATE_REPORT.md,395,2026-07-15T13:16:58.000,be92aa692e04fc84d894358b6894c6d71dde79dabf07118f2e7a9cf1655c57c1
sequence_decomposition,C:\Users\catkin\Documents\baseline_zhou\zhou_icf_mpc_sequence_decomposition_iter01,docs\SEQUENCE_DECOMPOSITION_REPORT.md,1133,2026-07-15T13:16:54.000,fbdf69f0f7456f2743195f1e3834f405af55100c891c1a3db45bc26996b6efc4
sequence_decomposition,C:\Users\catkin\Documents\baseline_zhou\zhou_icf_mpc_sequence_decomposition_iter01,docs\SOURCE_PROJECT_INVENTORY.md,3213,2026-07-15T13:11:31.000,88fd6d53153b426ffba4a8a582532559dcbd7a62f21e1e031ee2a3ba89c0c0dd
sequence_decomposition,C:\Users\catkin\Documents\baseline_zhou\zhou_icf_mpc_sequence_decomposition_iter01,docs\TIMING_ALIGNMENT_AUDIT.md,3876,2026-07-15T13:11:31.000,0ad34e9819cd61f7ee292305cf2276ea77ba46ea0eb4a2d597db5c79860999ce
sequence_decomposition,C:\Users\catkin\Documents\baseline_zhou\zhou_icf_mpc_sequence_decomposition_iter01,initialize_project.m,2043,2026-07-15T12:42:16.000,ae1789b90e1c8b6a9f4005070a745fca276cfac0831079b0878e6ed6d67b4551
sequence_decomposition,C:\Users\catkin\Documents\baseline_zhou\zhou_icf_mpc_sequence_decomposition_iter01,reference\upstream_snapshots\feasibility_control\BASELINE_COMPARISON.csv,2825,2026-07-13T11:03:43.000,b44f75e96d8e12dc91a1e6124b7c67f8c8a48c5aa1a058a9d87a57cf3796ac06
sequence_decomposition,C:\Users\catkin\Documents\baseline_zhou\zhou_icf_mpc_sequence_decomposition_iter01,reference\upstream_snapshots\feasibility_control\FEASIBILITY_CONTROL_DECISION.md,732,2026-07-13T11:14:36.000,580d82c66bca64767ee515b12f1ec8f72dbb263fa9b2c3c1d6e5fab12106da5f
sequence_decomposition,C:\Users\catkin\Documents\baseline_zhou\zhou_icf_mpc_sequence_decomposition_iter01,reference\upstream_snapshots\feasibility_control\FINAL_FEASIBILITY_CONTROL_REPORT.md,2419,2026-07-13T11:14:36.000,7525efcb366c34e12f640af4b78815c976e8a0f5d8d10bacc07dabfb672bad0c
sequence_decomposition,C:\Users\catkin\Documents\baseline_zhou\zhou_icf_mpc_sequence_decomposition_iter01,reference\upstream_snapshots\feasibility_control\NEGATIVE_ID_ADMISSION.csv,15199,2026-07-13T11:07:28.000,17b05c394d7e838a87be92ff9b9a20d34a51990c6a768a12128b10f6af8d7112
sequence_decomposition,C:\Users\catkin\Documents\baseline_zhou\zhou_icf_mpc_sequence_decomposition_iter01,reference\upstream_snapshots\feasibility_control\PATH_ISOLATION_AUDIT.md,163632,2026-07-13T11:03:20.000,9b94f1220111cbea7d8ab17a06156776c99c5575bfc98d1cd3fc0bea1ced635c
sequence_decomposition,C:\Users\catkin\Documents\baseline_zhou\zhou_icf_mpc_sequence_decomposition_iter01,reference\upstream_snapshots\feasibility_control\SIX_CONDITION_COMPARISON.csv,21727,2026-07-13T11:04:51.000,f684e21689226a50303e69c0111683da2624c49a20eb3e1a25271b8ce13306a8
sequence_decomposition,C:\Users\catkin\Documents\baseline_zhou\zhou_icf_mpc_sequence_decomposition_iter01,reference\upstream_snapshots\feasibility_control\TEST_REPORT.md,1672,2026-07-13T11:14:36.000,b10623cf77ea52e9d6b987154ef839379e66684d2cbee772583e4cc99140299a
sequence_decomposition,C:\Users\catkin\Documents\baseline_zhou\zhou_icf_mpc_sequence_decomposition_iter01,reference\upstream_snapshots\ipmsm_probe\CHANGELOG_IPMSM.md,7381,2026-07-12T20:58:43.000,5ca6da4e16ff5d1d05755710261fb0c43a4d6da77e3517f8bc7965ae5adac7d3
sequence_decomposition,C:\Users\catkin\Documents\baseline_zhou\zhou_icf_mpc_sequence_decomposition_iter01,reference\upstream_snapshots\ipmsm_probe\FINAL_IPMSM_PROBE_REPORT.md,3010,2026-07-12T21:15:20.000,784f992a37c792d02ecfbb39f82ca09092263487f3a9967d1c5ea0430093d745
sequence_decomposition,C:\Users\catkin\Documents\baseline_zhou\zhou_icf_mpc_sequence_decomposition_iter01,reference\upstream_snapshots\ipmsm_probe\README.md,2514,2026-07-12T20:56:58.000,d62bea57b4d83a6d60cfeb191009d7aa36c1e38e2228cdcbedbac09ae1a02325
sequence_decomposition,C:\Users\catkin\Documents\baseline_zhou\zhou_icf_mpc_sequence_decomposition_iter01,reference\upstream_snapshots\jd_jq_audit\README.md,1332,2026-07-15T10:43:56.000,3029cdab50c8d2e57e25e129c463ef689a1386018af9ff7cd917b88e76a2b8a3
sequence_decomposition,C:\Users\catkin\Documents\baseline_zhou\zhou_icf_mpc_sequence_decomposition_iter01,reference\upstream_snapshots\jd_jq_audit\vector_mode_distribution.csv,98113,2026-07-15T11:04:10.000,174228ffb51ed3b371097b8fa16e1176641f1cca39d6fa262488299766b6a57e
sequence_decomposition,C:\Users\catkin\Documents\baseline_zhou\zhou_icf_mpc_sequence_decomposition_iter01,reference\upstream_snapshots\robust_constraint\BOUND_IDENTIFICATION_FAILURE_REPORT.md,240,2026-07-13T12:22:59.000,bf76c572c0b238750cbdefd23373d50bf01ab1e951fce3f07093ebbb103712d9
sequence_decomposition,C:\Users\catkin\Documents\baseline_zhou\zhou_icf_mpc_sequence_decomposition_iter01,reference\upstream_snapshots\robust_constraint\C0_scenario_runs.csv,53245,2026-07-13T12:22:56.000,ed6a27cf4c9648e584fa2f6a09c4eed6bad7cf134d7c2812ceed3280865a2111
sequence_decomposition,C:\Users\catkin\Documents\baseline_zhou\zhou_icf_mpc_sequence_decomposition_iter01,reference\upstream_snapshots\robust_constraint\CALIBRATION_SCENARIOS.csv,3402,2026-07-13T12:20:38.000,387a6a12fad05ed5cc2f22aac517707c15023ebb646f4aa505db30d84c2b99f7
sequence_decomposition,C:\Users\catkin\Documents\baseline_zhou\zhou_icf_mpc_sequence_decomposition_iter01,reference\upstream_snapshots\robust_constraint\COVERAGE_REPORT.md,4751,2026-07-13T12:32:52.000,4c02f226ffd1a078b8a37ee8a9cd2ae48d3c2f1939e86aac9cda644f2f82b360
sequence_decomposition,C:\Users\catkin\Documents\baseline_zhou\zhou_icf_mpc_sequence_decomposition_iter01,reference\upstream_snapshots\robust_constraint\DATA_SPLIT.md,479,2026-07-13T12:20:38.000,bdd3703430f2be227f34c0a946e5fee672795c68a10bbc12299ca0c21c5b80a0
sequence_decomposition,C:\Users\catkin\Documents\baseline_zhou\zhou_icf_mpc_sequence_decomposition_iter01,reference\upstream_snapshots\robust_constraint\EXPERIMENT_HANDOFF.md,3436,2026-07-13T12:35:41.000,59d0b7de787d17209971c5d050cf7b828aeb68c3998a2929d1005bfa9cc171dd
sequence_decomposition,C:\Users\catkin\Documents\baseline_zhou\zhou_icf_mpc_sequence_decomposition_iter01,reference\upstream_snapshots\robust_constraint\FINAL_ROBUST_CONSTRAINT_REPORT.md,8090,2026-07-13T12:35:41.000,9b422e977af61320d90827e9e2e79643b13e6a13b8b8771f1ef2e0e2fb6385fa
sequence_decomposition,C:\Users\catkin\Documents\baseline_zhou\zhou_icf_mpc_sequence_decomposition_iter01,reference\upstream_snapshots\robust_constraint\README.md,3382,2026-07-13T12:32:52.000,355d769615971cadd74f55caba4ed5e59e775f83cb68228bc3aba4f49e89da97
sequence_decomposition,C:\Users\catkin\Documents\baseline_zhou\zhou_icf_mpc_sequence_decomposition_iter01,reference\upstream_snapshots\robust_constraint\RESIDUAL_ALIGNMENT_AUDIT.md,555,2026-07-13T12:22:59.000,514a3def240710495904426554ccf6ed9fb8fa7d9bed7bc56aa758cf2e16e027
sequence_decomposition,C:\Users\catkin\Documents\baseline_zhou\zhou_icf_mpc_sequence_decomposition_iter01,reference\upstream_snapshots\robust_constraint\RESIDUAL_DATASET_SCHEMA.md,393,2026-07-13T12:22:59.000,9b44f17e80816e7c54f956209415187e36d54d740e901161b7a58e0f44d69fb1
sequence_decomposition,C:\Users\catkin\Documents\baseline_zhou\zhou_icf_mpc_sequence_decomposition_iter01,reference\upstream_snapshots\robust_constraint\TEST_SCENARIOS.csv,6405,2026-07-13T12:20:38.000,24c9c3f148bcf51fdccfd8234c64151b7e2db57231f541afa4770d3c098f3937
sequence_decomposition,C:\Users\catkin\Documents\baseline_zhou\zhou_icf_mpc_sequence_decomposition_iter01,reference\upstream_snapshots\robust_constraint\VALIDATION_SCENARIOS.csv,4592,2026-07-13T12:20:38.000,10d703ae4e44d80c928423ee69c17fd07ff74befd543a11b719f50e03380198f
sequence_decomposition,C:\Users\catkin\Documents\baseline_zhou\zhou_icf_mpc_sequence_decomposition_iter01,reference\upstream_snapshots\robust_constraint\robust_scenario_splits.m,3919,2026-07-13T12:19:23.000,c492f55dbfd21ed7d33a2386eeff2efe031bbedf289cf3e97a08fb45e08538e8
sequence_decomposition,C:\Users\catkin\Documents\baseline_zhou\zhou_icf_mpc_sequence_decomposition_iter01,results\figures\01_error_decomposition_time.png,90252,2026-07-15T13:16:43.000,a63f67775c4b290c4168325445c0f87a9799b3be2237ffb1504433bfd21d645d
sequence_decomposition,C:\Users\catkin\Documents\baseline_zhou\zhou_icf_mpc_sequence_decomposition_iter01,results\figures\02_three_predictions_vs_actual.png,97432,2026-07-15T13:16:44.000,a441e83a1124bb1cc3a36522c6183d4020c32b489eff17e71d9672648888e5fd
sequence_decomposition,C:\Users\catkin\Documents\baseline_zhou\zhou_icf_mpc_sequence_decomposition_iter01,results\figures\03_residual_by_vector_mode.png,58153,2026-07-15T13:16:45.000,d5008d5994e309dd6754dafd7b172ccbfe32549f5e39a67b87fb66a515fad409
sequence_decomposition,C:\Users\catkin\Documents\baseline_zhou\zhou_icf_mpc_sequence_decomposition_iter01,results\figures\04_sequence_order_heatmap.png,72677,2026-07-15T13:16:46.000,6f9064e626fa6b8e54c505eaf2240cf79202b5d9328840aa54c1c97ab67a776d
sequence_decomposition,C:\Users\catkin\Documents\baseline_zhou\zhou_icf_mpc_sequence_decomposition_iter01,results\figures\05_residual_vs_duty_imbalance.png,160236,2026-07-15T13:16:47.000,5ac3a671bd3eedb2b8f8a12675df8d2fb97b4f5909f8ea6501fb6bcdf2763ae7
sequence_decomposition,C:\Users\catkin\Documents\baseline_zhou\zhou_icf_mpc_sequence_decomposition_iter01,results\figures\06_residual_vs_electrical_angle.png,225303,2026-07-15T13:16:48.000,748aa0969f345925a1c5fda2334705e129cdaa865851b8be15caeb014bcaf003
sequence_decomposition,C:\Users\catkin\Documents\baseline_zhou\zhou_icf_mpc_sequence_decomposition_iter01,results\figures\07_residual_vs_speed.png,48923,2026-07-15T13:16:48.000,c491b1ee9c7407c637193ad6d37c83bb3ecb92357d32a3dbab5f91d58aba3aa6
sequence_decomposition,C:\Users\catkin\Documents\baseline_zhou\zhou_icf_mpc_sequence_decomposition_iter01,results\figures\08_residual_vs_inductance_mismatch.png,65898,2026-07-15T13:16:49.000,f70286bad75bc38b20fc02e8532c708b45ab1e1a54cb30138720b1dd60307d09
sequence_decomposition,C:\Users\catkin\Documents\baseline_zhou\zhou_icf_mpc_sequence_decomposition_iter01,results\figures\09_false_safe_distribution.png,97877,2026-07-15T13:16:50.000,26a3dcae250074a2641d8ca954706cc65c3114024d32b7fc57e26a92119939a5
sequence_decomposition,C:\Users\catkin\Documents\baseline_zhou\zhou_icf_mpc_sequence_decomposition_iter01,results\figures\10_candidate_ranking_flips.png,102938,2026-07-15T13:16:51.000,dd5363a5968b4338b57b33dfcebeb4d9e79478ecc55be36f58781cec8316fb0e
sequence_decomposition,C:\Users\catkin\Documents\baseline_zhou\zhou_icf_mpc_sequence_decomposition_iter01,results\figures\11_constraint_confusion_matrices.png,39762,2026-07-15T13:16:52.000,1190ef7b9384962e809a27cce08ccf9d0cf6b450aab1cb3bbfd4a2f112576c93
sequence_decomposition,C:\Users\catkin\Documents\baseline_zhou\zhou_icf_mpc_sequence_decomposition_iter01,results\figures\12_s2_trigger_vs_residual.png,39780,2026-07-15T13:16:53.000,660d4316ae0e07bf11a8029199c70f5b8f63cb986126517f5b6bcca25f9aeda3
sequence_decomposition,C:\Users\catkin\Documents\baseline_zhou\zhou_icf_mpc_sequence_decomposition_iter01,results\figures\13_sequence_to_total_ratio.png,95184,2026-07-15T13:16:53.000,e209455792707c48770829d375500e439dc8924647612f6f0ea5462ec5208a2f
sequence_decomposition,C:\Users\catkin\Documents\baseline_zhou\zhou_icf_mpc_sequence_decomposition_iter01,results\figures\14_model_to_total_ratio.png,89061,2026-07-15T13:16:54.000,a9fc0128eecedfb865390138d90f7f3122fa3583fbdc16ee0fe6826afe37985f
sequence_decomposition,C:\Users\catkin\Documents\baseline_zhou\zhou_icf_mpc_sequence_decomposition_iter01,results\raw\candidate_revaluation_detail.csv,142440891,2026-07-15T13:16:38.000,a25b83534166cd10f0aa1aba84efa420913f12e1eb6a66c075a3acf772b08ac0
sequence_decomposition,C:\Users\catkin\Documents\baseline_zhou\zhou_icf_mpc_sequence_decomposition_iter01,results\raw\mat\B01_500rpm_20A_48V_fast.mat,612088,2026-07-15T13:16:29.000,045591b68d0a72d962dac33f84495610688841e551ccbe4b2e6a5062d2c9f013
sequence_decomposition,C:\Users\catkin\Documents\baseline_zhou\zhou_icf_mpc_sequence_decomposition_iter01,results\raw\mat\B02_500rpm_negid_48V.mat,2061721,2026-07-15T13:16:34.000,e41554636da5bdb6225bda17497308a88672735422ba28f359e703c5e64126ef
sequence_decomposition,C:\Users\catkin\Documents\baseline_zhou\zhou_icf_mpc_sequence_decomposition_iter01,results\raw\mat\C01_nominal_100rpm_10A.mat,3977274,2026-07-15T13:12:21.000,59145cd4b79a71aed8e7b2960c1516c63aa0b90af584504d7fc2046dab405211
sequence_decomposition,C:\Users\catkin\Documents\baseline_zhou\zhou_icf_mpc_sequence_decomposition_iter01,results\raw\mat\C02_light_100rpm_4A.mat,3977348,2026-07-15T13:12:35.000,56a7886b98c143c4c2cc0d7866d1e3ed00ae576569d27c7a8ad664e02f5c9b68
sequence_decomposition,C:\Users\catkin\Documents\baseline_zhou\zhou_icf_mpc_sequence_decomposition_iter01,results\raw\mat\C03_light_200rpm_6A.mat,3971245,2026-07-15T13:12:47.000,19f237c65aac00666efc385b9bdb3f2675353f94e29dc1c016c54b53250c4641
sequence_decomposition,C:\Users\catkin\Documents\baseline_zhou\zhou_icf_mpc_sequence_decomposition_iter01,results\raw\mat\C04_high_200rpm_18A.mat,4017686,2026-07-15T13:13:00.000,c3b7851f114bf83c6024e811b832196e8970e7f78f5fa7d6bafc6222af3c7c9d
sequence_decomposition,C:\Users\catkin\Documents\baseline_zhou\zhou_icf_mpc_sequence_decomposition_iter01,results\raw\mat\C05_negative_id.mat,4110640,2026-07-15T13:13:14.000,15e756982a881853f2d77ce8830de83212a590ed28b10d6eb8524d8f9695ccc7
sequence_decomposition,C:\Users\catkin\Documents\baseline_zhou\zhou_icf_mpc_sequence_decomposition_iter01,results\raw\mat\C06_low_bus_43p2V.mat,4144481,2026-07-15T13:13:27.000,8c8619b9da38e8a35e7dd246e8159e267839df42f0bdc3cd22f5e4aec24fbcba
sequence_decomposition,C:\Users\catkin\Documents\baseline_zhou\zhou_icf_mpc_sequence_decomposition_iter01,results\raw\mat\C07_known_false_safe.mat,805769,2026-07-15T13:13:27.000,74651c1ef5a334a61c65eb1b38973dded2630b27a4f71b41bdfbfa37976d959d
sequence_decomposition,C:\Users\catkin\Documents\baseline_zhou\zhou_icf_mpc_sequence_decomposition_iter01,results\raw\mat\C08_S2_nontrigger.mat,3962925,2026-07-15T13:13:40.000,e9c6478e7a9d64becf5a93a2838fca0afc50a735c8806cf233fb080c0e381ca9
sequence_decomposition,C:\Users\catkin\Documents\baseline_zhou\zhou_icf_mpc_sequence_decomposition_iter01,results\raw\mat\C09_S2_boundary.mat,4092702,2026-07-15T13:13:54.000,cd0ad6a9e68c1877dbff90725bf59c17c8c01bf880a18599d927ade06904f904
sequence_decomposition,C:\Users\catkin\Documents\baseline_zhou\zhou_icf_mpc_sequence_decomposition_iter01,results\raw\mat\D01_iq_step.mat,2148629,2026-07-15T13:13:59.000,4eaf3175a6e3cc0ba2dd1fcbd89c10378d9de528a29eed232155b01e787a3936
sequence_decomposition,C:\Users\catkin\Documents\baseline_zhou\zhou_icf_mpc_sequence_decomposition_iter01,results\raw\mat\D02_id_step.mat,4102171,2026-07-15T13:14:12.000,1fd390b97192d68ba31308e158bd0a755deb35e5b88dbadce8e9a6e73b30aec6
sequence_decomposition,C:\Users\catkin\Documents\baseline_zhou\zhou_icf_mpc_sequence_decomposition_iter01,results\raw\mat\D03_id_iq_step.mat,4167885,2026-07-15T13:14:26.000,12f11fd268165ca46c7f2314613b73f0e05d302aeed0d4940bea176aa2049af7
sequence_decomposition,C:\Users\catkin\Documents\baseline_zhou\zhou_icf_mpc_sequence_decomposition_iter01,results\raw\mat\D04_torque_ramp.mat,4101913,2026-07-15T13:14:38.000,66fc3b87169190a4e931a4c489fb6eaf3e280513e531566e96f98ef78fa81539
sequence_decomposition,C:\Users\catkin\Documents\baseline_zhou\zhou_icf_mpc_sequence_decomposition_iter01,results\raw\mat\D05_torque_step.mat,2086130,2026-07-15T13:14:43.000,34f3f5de90db4f1d8d25fb2a8bdd84d568d91f71d3c6ef9cb6f13bbbdca0c355
sequence_decomposition,C:\Users\catkin\Documents\baseline_zhou\zhou_icf_mpc_sequence_decomposition_iter01,results\raw\mat\P01_Ld_minus10.mat,4154054,2026-07-15T13:14:57.000,bf50c247071c3b8dcd9c615531c1597e4bdf7c648a7f2ffa8100f2d0c8e3035d
sequence_decomposition,C:\Users\catkin\Documents\baseline_zhou\zhou_icf_mpc_sequence_decomposition_iter01,results\raw\mat\P02_Ld_plus10.mat,4142835,2026-07-15T13:15:09.000,9b08eb930160b21f97b3426060c2ddd16300a598b8781544a5186aaed31a9089
sequence_decomposition,C:\Users\catkin\Documents\baseline_zhou\zhou_icf_mpc_sequence_decomposition_iter01,results\raw\mat\P03_Lq_minus10.mat,4146550,2026-07-15T13:15:22.000,122706b7e3924591724e9bac281bbf868f9525eb56d71e9b9a2305d3e32cc23f
sequence_decomposition,C:\Users\catkin\Documents\baseline_zhou\zhou_icf_mpc_sequence_decomposition_iter01,results\raw\mat\P04_Lq_plus10.mat,4159612,2026-07-15T13:15:35.000,102d7b352623d6d04e1852a14118e9aeaa1e08c93baf6d998bdd726a14aa93db
sequence_decomposition,C:\Users\catkin\Documents\baseline_zhou\zhou_icf_mpc_sequence_decomposition_iter01,results\raw\mat\P05_cross_mismatch.mat,4099318,2026-07-15T13:15:49.000,2c0aeeb0e911f90d8bcc61ce1a4b208cb9dba6ae6b77c6e93d5a0c95af6675f1
sequence_decomposition,C:\Users\catkin\Documents\baseline_zhou\zhou_icf_mpc_sequence_decomposition_iter01,results\raw\mat\P06_controller_high_L.mat,4076108,2026-07-15T13:16:02.000,26ae06a3e159285ac5d3cb3a06d5808f79835704615851d53e402219ca893438
sequence_decomposition,C:\Users\catkin\Documents\baseline_zhou\zhou_icf_mpc_sequence_decomposition_iter01,results\raw\mat\P07_controller_low_L.mat,4095672,2026-07-15T13:16:15.000,736ba0c34ba22490fec96ef185ffcfaa5b548e68ecc080eee73580b96bb28e13
sequence_decomposition,C:\Users\catkin\Documents\baseline_zhou\zhou_icf_mpc_sequence_decomposition_iter01,results\raw\mat\P08_opposed_20pct.mat,4063114,2026-07-15T13:16:29.000,6df3d4d183a1dd57094e09eec01648d9a55f3240bcdfe6ef8fb4a1a8c79d217a
sequence_decomposition,C:\Users\catkin\Documents\baseline_zhou\zhou_icf_mpc_sequence_decomposition_iter01,results\raw\mat\baseline_gate_runs.mat,9593443,2026-07-15T13:12:06.000,480f88d2bca16407e2e4a0c186d5ec135b0eb40e5b452de6cb688ac8f57e2050
sequence_decomposition,C:\Users\catkin\Documents\baseline_zhou\zhou_icf_mpc_sequence_decomposition_iter01,results\raw\sample_decomposition.csv,32804926,2026-07-15T13:16:35.000,68bfdec2e70feaea8b4bdb0d6387524dcec208caeeb04ec6c49c128d639963e4
sequence_decomposition,C:\Users\catkin\Documents\baseline_zhou\zhou_icf_mpc_sequence_decomposition_iter01,results\summary\audit_result.mat,539800,2026-07-15T13:16:54.000,3d3ce1b921badba1b9e082d5d4f9de9765d1330685a7f4f0438e354d676f9d62
sequence_decomposition,C:\Users\catkin\Documents\baseline_zhou\zhou_icf_mpc_sequence_decomposition_iter01,results\summary\baseline_comparison.csv,804,2026-07-15T13:12:06.000,6ef4a80bb85d6d17bef701325d68d957937ec14d8596ea6fc52e56e6e4b1df12
sequence_decomposition,C:\Users\catkin\Documents\baseline_zhou\zhou_icf_mpc_sequence_decomposition_iter01,results\summary\campaign_case_inventory.csv,1014,2026-07-15T13:16:39.000,292a609ad7d197fc683811f6663b49c8f7bff0cd9a356fab5be77c498e3e4860
sequence_decomposition,C:\Users\catkin\Documents\baseline_zhou\zhou_icf_mpc_sequence_decomposition_iter01,results\summary\candidate_decision_comparison.csv,20698,2026-07-15T13:16:38.000,c26e6116556ce7a254686cc1cb90be27f0017cc852e70f6a741791b1a6d48f13
sequence_decomposition,C:\Users\catkin\Documents\baseline_zhou\zhou_icf_mpc_sequence_decomposition_iter01,results\summary\case_metrics.csv,24424,2026-07-15T13:16:39.000,1982e4832b6ce118d662401c019fbf62757b04feaa9f723f71bef0e0ea833142
sequence_decomposition,C:\Users\catkin\Documents\baseline_zhou\zhou_icf_mpc_sequence_decomposition_iter01,results\summary\constraint_confusion_matrix.csv,4346,2026-07-15T13:16:39.000,19390c06614cb73522c4b21d9ba4c48a6c353d1df223fea1f80ed783b2d0cae0
sequence_decomposition,C:\Users\catkin\Documents\baseline_zhou\zhou_icf_mpc_sequence_decomposition_iter01,results\summary\final_acceptance_check.csv,951,2026-07-15T13:18:43.000,0b963a1c8da1d5da4b9295a3c897c831079cd9e6a2a127b2a98fec1a78dea5df
sequence_decomposition,C:\Users\catkin\Documents\baseline_zhou\zhou_icf_mpc_sequence_decomposition_iter01,results\summary\final_decision.csv,506,2026-07-15T13:16:54.000,c62b5a43f47bc8e1ef868ce2cd19312f8d40ad596ffd943c94e0d23ad2239eb3
sequence_decomposition,C:\Users\catkin\Documents\baseline_zhou\zhou_icf_mpc_sequence_decomposition_iter01,results\summary\last_run_outcome.mat,14783,2026-07-15T13:16:58.000,16983231b6cac3f891eec40639697d73eb6ce56d89b549413d6f82e0f3fc67da
sequence_decomposition,C:\Users\catkin\Documents\baseline_zhou\zhou_icf_mpc_sequence_decomposition_iter01,results\summary\overall_metrics.csv,2392,2026-07-15T13:16:39.000,42a70f927bcb0f590bfefebb9496e1fddded23cd876c26f74e24c49e4acbee95
sequence_decomposition,C:\Users\catkin\Documents\baseline_zhou\zhou_icf_mpc_sequence_decomposition_iter01,results\summary\path_resolution.csv,2600,2026-07-15T13:11:54.000,480047d18759dc86245a51282e277a6d21dbdb64f70d527d225a7a8921f9e69c
sequence_decomposition,C:\Users\catkin\Documents\baseline_zhou\zhou_icf_mpc_sequence_decomposition_iter01,results\summary\repeatability_check.csv,133,2026-07-15T13:12:06.000,57cec0d595490a8c54cc1d4e6b8ae22b58507a766bb9009268a54d410390043c
sequence_decomposition,C:\Users\catkin\Documents\baseline_zhou\zhou_icf_mpc_sequence_decomposition_iter01,results\summary\residual_decomposition.csv,4396,2026-07-15T13:16:39.000,a2783aa730450f07f0c96bebb673e0c6f3eebcba3fc4473aad2f672746479b3a
sequence_decomposition,C:\Users\catkin\Documents\baseline_zhou\zhou_icf_mpc_sequence_decomposition_iter01,results\summary\s2_residual_relationship.csv,312,2026-07-15T13:16:39.000,27c349fddb0dd14607a8bb45ac3c727a2d80ab5f5d11f8c596caadc5b2cb5bd0
sequence_decomposition,C:\Users\catkin\Documents\baseline_zhou\zhou_icf_mpc_sequence_decomposition_iter01,results\summary\sequence_mode_residual_summary.csv,428,2026-07-15T13:16:39.000,884be32dfbf82d09e2094e9c180f0add1f6979b72e7b8e2e9d66d2287109abeb
sequence_decomposition,C:\Users\catkin\Documents\baseline_zhou\zhou_icf_mpc_sequence_decomposition_iter01,results\summary\sequence_pattern_statistics.csv,18497,2026-07-15T13:16:39.000,c65cfb94005415f95d525fa766a9d31d63f150eb6c676616546e77c4d14f3fbf
sequence_decomposition,C:\Users\catkin\Documents\baseline_zhou\zhou_icf_mpc_sequence_decomposition_iter01,results\summary\simulation_case_summary.csv,19999,2026-07-15T13:16:38.000,17dea88e85017f09b036553235dabbbd33c05d9b4b82cedfd2865a73b264aef1
sequence_decomposition,C:\Users\catkin\Documents\baseline_zhou\zhou_icf_mpc_sequence_decomposition_iter01,run_sequence_decomposition.m,2014,2026-07-15T12:55:23.000,8339118930e26c57b81a26fe9aefa994a9dc551d97a7d1e87cf53f96ebaabc8f
sequence_decomposition,C:\Users\catkin\Documents\baseline_zhou\zhou_icf_mpc_sequence_decomposition_iter01,src\+zhou_feasibility\apply_feasibility_layer.m,6165,2026-07-13T10:54:56.000,64bfb177ad96e8cd7325e28d108b25836a2b48603191cb96b38462d130395461
sequence_decomposition,C:\Users\catkin\Documents\baseline_zhou\zhou_icf_mpc_sequence_decomposition_iter01,src\+zhou_feasibility\audit_original_illegal_cycles.m,4204,2026-07-13T10:40:08.000,5881f3fd4f97f282e5bb69de625064baf22373da8f2422feb154bab5eaedf904
sequence_decomposition,C:\Users\catkin\Documents\baseline_zhou\zhou_icf_mpc_sequence_decomposition_iter01,src\+zhou_feasibility\compare_pointwise_runs.m,6063,2026-07-13T02:00:48.000,8aed1b040b4bcc3bee422b50f5842f8075556bd649b5da8f7c1e30d9277d1fd0
sequence_decomposition,C:\Users\catkin\Documents\baseline_zhou\zhou_icf_mpc_sequence_decomposition_iter01,src\+zhou_feasibility\generate_manifests.m,3146,2026-07-13T10:57:50.000,2770554c846607632d15f08a7a5b937780f68f269436eaaf867b2c6200b6bb67
sequence_decomposition,C:\Users\catkin\Documents\baseline_zhou\zhou_icf_mpc_sequence_decomposition_iter01,src\+zhou_feasibility\generate_plots.m,21238,2026-07-13T11:00:29.000,2cd3726c80cda2443015deca1930b3e7a416ae326b638013ac96bb489188e12a
sequence_decomposition,C:\Users\catkin\Documents\baseline_zhou\zhou_icf_mpc_sequence_decomposition_iter01,src\+zhou_feasibility\generate_reports.m,15161,2026-07-13T11:14:12.000,dd4aa9a53a68b49526d27f803af101d01a83ef4df2ca23a45490df35ef0631c6
sequence_decomposition,C:\Users\catkin\Documents\baseline_zhou\zhou_icf_mpc_sequence_decomposition_iter01,src\+zhou_feasibility\minimum_normalized_constraint_violation_in_hexagon.m,2389,2026-07-13T10:36:45.000,091ab6d9bf3d06ca5771ce212a10ffd06fdef7050a0d96b8a2d56866a311db3a
sequence_decomposition,C:\Users\catkin\Documents\baseline_zhou\zhou_icf_mpc_sequence_decomposition_iter01,src\+zhou_feasibility\nearest_point_in_rectangle_hexagon_intersection.m,1817,2026-07-13T10:36:45.000,1a04cbec6c237274648797eb0e61e556ff7042fadff5fe1a0154bb8cc3e8a155
sequence_decomposition,C:\Users\catkin\Documents\baseline_zhou\zhou_icf_mpc_sequence_decomposition_iter01,src\+zhou_feasibility\point_in_hexagon.m,1883,2026-07-13T10:36:45.000,817b81489e98402c0bf18159fe58a9aab68ee4b6733b0c976cdcb7ec6ba8e8ec
sequence_decomposition,C:\Users\catkin\Documents\baseline_zhou\zhou_icf_mpc_sequence_decomposition_iter01,src\+zhou_feasibility\project_point_to_polygon.m,2411,2026-07-13T10:36:45.000,39f289bf9c6610f34328b74754c1432667e0522161f60abeb9a94fe194381783
sequence_decomposition,C:\Users\catkin\Documents\baseline_zhou\zhou_icf_mpc_sequence_decomposition_iter01,src\+zhou_feasibility\rectangle_hexagon_intersection.m,4046,2026-07-13T10:37:29.000,a7704ddf48a876fa0664cdee1ff9c3edf82e845fb72fb6c5970e1f9198806040
sequence_decomposition,C:\Users\catkin\Documents\baseline_zhou\zhou_icf_mpc_sequence_decomposition_iter01,src\+zhou_feasibility\run_campaign.m,7304,2026-07-13T10:53:43.000,1ac76f91f7ce0640bd393d4df2910e7f8d68b07cfbd53c235e541ebd399c7846
sequence_decomposition,C:\Users\catkin\Documents\baseline_zhou\zhou_icf_mpc_sequence_decomposition_iter01,src\+zhou_feasibility\run_control_case.m,20087,2026-07-13T10:59:35.000,446481c4849a6cdd7f902f9fa7e617f39faf4f304bee77342b949bc794c8ea09
sequence_decomposition,C:\Users\catkin\Documents\baseline_zhou\zhou_icf_mpc_sequence_decomposition_iter01,src\+zhou_feasibility\run_p0_strict_regression.m,2370,2026-07-13T10:38:37.000,a416c691042453560daf3572c1691d58d6bd423b0d3d046cb4b57fecdf4d6007
sequence_decomposition,C:\Users\catkin\Documents\baseline_zhou\zhou_icf_mpc_sequence_decomposition_iter01,src\+zhou_feasibility\synthesize_feasible_three_vector_command.m,2679,2026-07-13T10:36:45.000,322d095008b1ac6cc4380d24fcde40e274cf2b8568550377cbccbe76c375bf25
sequence_decomposition,C:\Users\catkin\Documents\baseline_zhou\zhou_icf_mpc_sequence_decomposition_iter01,src\+zhou_feasibility\voltage_feasibility.m,8181,2026-07-13T09:50:25.000,fe8edd8e62ea46a9e6c0abb0ef9f2cfdb974c5d0a7c86ec537bc6e6e86859f44
sequence_decomposition,C:\Users\catkin\Documents\baseline_zhou\zhou_icf_mpc_sequence_decomposition_iter01,src\+zhou_ipmsm\+baseline\fcs_mpcc_step.m,3354,2026-07-12T21:51:35.000,3ce8f12ed4744282483a65aa86ebf59962071812e5dc2b05d9bf67c9f6740af5
sequence_decomposition,C:\Users\catkin\Documents\baseline_zhou\zhou_icf_mpc_sequence_decomposition_iter01,src\+zhou_ipmsm\+controller\compute_V_terms.m,194,2026-07-12T21:51:35.000,dd060c641e39132c2d7dac528dbabb2bef65d010decd9f78d088fbfa1d1c9209
sequence_decomposition,C:\Users\catkin\Documents\baseline_zhou\zhou_icf_mpc_sequence_decomposition_iter01,src\+zhou_ipmsm\+controller\costs_from_voltage.m,276,2026-07-12T21:51:35.000,aa1113be43cd2e91b11fee3a1183a42c5ac4f1a3002c5c23b82171830b5933c1
sequence_decomposition,C:\Users\catkin\Documents\baseline_zhou\zhou_icf_mpc_sequence_decomposition_iter01,src\+zhou_ipmsm\+controller\estimate_F.m,777,2026-07-12T21:51:35.000,1e01d613f54e53e9a6f1cc91bb5996e74ee23d9efc881b6c89a6870b45af5332
sequence_decomposition,C:\Users\catkin\Documents\baseline_zhou\zhou_icf_mpc_sequence_decomposition_iter01,src\+zhou_ipmsm\+controller\estimate_F_algebraic.m,1090,2026-07-12T21:51:35.000,9db774e2f535254c0b369237e0a7f862f1a114e5865111c01c59c9a8a55fca37
sequence_decomposition,C:\Users\catkin\Documents\baseline_zhou\zhou_icf_mpc_sequence_decomposition_iter01,src\+zhou_ipmsm\+controller\icf_mpc_step.m,3402,2026-07-13T01:50:54.000,c88fdc47b49327eff8058aeaa7929b85aae7da6dd30bc4c98a90fb03f05fb2ba
sequence_decomposition,C:\Users\catkin\Documents\baseline_zhou\zhou_icf_mpc_sequence_decomposition_iter01,src\+zhou_ipmsm\+controller\independent_costs.m,197,2026-07-12T21:51:35.000,cbabe47925f93c0a82e738ef906afc34111e130c534f9c9b7e9ce7bf8eaedc43
sequence_decomposition,C:\Users\catkin\Documents\baseline_zhou\zhou_icf_mpc_sequence_decomposition_iter01,src\+zhou_ipmsm\+controller\predict_k1.m,251,2026-07-12T21:51:35.000,eaf4f7a03d736828d00503c93fef60ae8a7d21c7d3f9d3fdc5df258131737f62
sequence_decomposition,C:\Users\catkin\Documents\baseline_zhou\zhou_icf_mpc_sequence_decomposition_iter01,src\+zhou_ipmsm\+controller\predict_k2.m,223,2026-07-12T21:51:35.000,1b331a04db899a1d79a5e706b79de909368b99e622afa35c27fdab3e35199f00
sequence_decomposition,C:\Users\catkin\Documents\baseline_zhou\zhou_icf_mpc_sequence_decomposition_iter01,src\+zhou_ipmsm\+controller\sequence_equivalent_dq_voltage.m,639,2026-07-12T21:51:35.000,7704a6a289746af8b07849098b27b4728d6b0537d3ef67092ff9ff352dce5580
sequence_decomposition,C:\Users\catkin\Documents\baseline_zhou\zhou_icf_mpc_sequence_decomposition_iter01,src\+zhou_ipmsm\+geometry\active_lines.m,299,2026-07-12T21:51:35.000,0b24b5c92b9646da7e3cc27b4a1b9016710f35000c340b32d27f38424151d0d2
sequence_decomposition,C:\Users\catkin\Documents\baseline_zhou\zhou_icf_mpc_sequence_decomposition_iter01,src\+zhou_ipmsm\+geometry\analyze_rectangle.m,2927,2026-07-12T21:51:35.000,12014527a857c48bc1e695924d34ea57527b1dc985535091aee5caf21444f95f
sequence_decomposition,C:\Users\catkin\Documents\baseline_zhou\zhou_icf_mpc_sequence_decomposition_iter01,src\+zhou_ipmsm\+geometry\build_rectangle.m,3142,2026-07-12T21:51:35.000,6958df981109def4d01962425350285a48aa08edc537fca674c6e218ed42cf9f
sequence_decomposition,C:\Users\catkin\Documents\baseline_zhou\zhou_icf_mpc_sequence_decomposition_iter01,src\+zhou_ipmsm\+geometry\case2_midpoint.m,4110,2026-07-12T21:51:35.000,487bd01617334af89902a3843682105db5c9f6712c192ea3616a4b9237c0f733
sequence_decomposition,C:\Users\catkin\Documents\baseline_zhou\zhou_icf_mpc_sequence_decomposition_iter01,src\+zhou_ipmsm\+geometry\classify_case.m,1205,2026-07-12T21:51:35.000,7ae89fe19b4e2235d9b49d872161d727d500ccaa568c00555d68426f913fa744
sequence_decomposition,C:\Users\catkin\Documents\baseline_zhou\zhou_icf_mpc_sequence_decomposition_iter01,src\+zhou_ipmsm\+geometry\line_rectangle_intersections.m,2508,2026-07-12T21:51:35.000,c9b185702588f8663a221257c115c24ea8bda39a199aa97f494b117f38260594
sequence_decomposition,C:\Users\catkin\Documents\baseline_zhou\zhou_icf_mpc_sequence_decomposition_iter01,src\+zhou_ipmsm\+geometry\line_side_signature.m,852,2026-07-12T21:51:35.000,319c102e427e9e7568765a6912a82ab9d52495a3fea95834025d3e2fe16aecb5
sequence_decomposition,C:\Users\catkin\Documents\baseline_zhou\zhou_icf_mpc_sequence_decomposition_iter01,src\+zhou_ipmsm\+geometry\point_in_rectangle.m,467,2026-07-12T21:51:35.000,60b01e2aea45803d1f71a6ca4bb1b5f0bde7e98651cd54d166379b652abe8218
sequence_decomposition,C:\Users\catkin\Documents\baseline_zhou\zhou_icf_mpc_sequence_decomposition_iter01,src\+zhou_ipmsm\+geometry\sector_of_point.m,702,2026-07-12T21:51:35.000,cc4b6b23cebae4193655bde73ea1cd736ce7011f1a49ef38c9f177a2fcd8693b
sequence_decomposition,C:\Users\catkin\Documents\baseline_zhou\zhou_icf_mpc_sequence_decomposition_iter01,src\+zhou_ipmsm\+geometry\select_savv.m,3193,2026-07-12T21:51:35.000,0ef107490d3ac634ab2144f2e59087d225b56aebaf72c83a670bc96b38b61e72
sequence_decomposition,C:\Users\catkin\Documents\baseline_zhou\zhou_icf_mpc_sequence_decomposition_iter01,src\+zhou_ipmsm\+inverter\count_sequence_transitions.m,346,2026-07-12T21:51:35.000,dca4634a4ac20d76660e3f2eec252fc8f1f69652ca05dfb6c08aac3a3cb810eb
sequence_decomposition,C:\Users\catkin\Documents\baseline_zhou\zhou_icf_mpc_sequence_decomposition_iter01,src\+zhou_ipmsm\+inverter\deadtime_voltage_error.m,2085,2026-07-12T21:51:35.000,3d3466602f27879071dd93beef8e48b234794f8dcd7f318e9298d5bf8f0e22a4
sequence_decomposition,C:\Users\catkin\Documents\baseline_zhou\zhou_icf_mpc_sequence_decomposition_iter01,src\+zhou_ipmsm\+inverter\voltage_vectors.m,783,2026-07-12T21:51:35.000,3e5567c0790a8d06adcda9e6e63e6e939abfc2829f52c194f6745710776e7f88
sequence_decomposition,C:\Users\catkin\Documents\baseline_zhou\zhou_icf_mpc_sequence_decomposition_iter01,src\+zhou_ipmsm\+io\append_standard_tables.m,836,2026-07-12T21:51:35.000,53755356b1c074c80e057532c4203f89d369394bd69a42ad89a655ebba9e566c
sequence_decomposition,C:\Users\catkin\Documents\baseline_zhou\zhou_icf_mpc_sequence_decomposition_iter01,src\+zhou_ipmsm\+io\append_text.m,410,2026-07-12T21:51:35.000,1a3dd71fc20d24bb3eb6ac5e20b73aa574e05d7e3c0da018126385a68c2a7d7b
sequence_decomposition,C:\Users\catkin\Documents\baseline_zhou\zhou_icf_mpc_sequence_decomposition_iter01,src\+zhou_ipmsm\+io\create_run_context.m,2214,2026-07-12T21:51:35.000,f2af610e6ef9f884e7ffaadaa51f0f221937db735534111378bad51399076517
sequence_decomposition,C:\Users\catkin\Documents\baseline_zhou\zhou_icf_mpc_sequence_decomposition_iter01,src\+zhou_ipmsm\+io\file_sha256.m,503,2026-07-12T21:51:35.000,b7b7ec8761d93aea16ea198c585bfc6ba8bac5fda80a3cd6321ad6ff1a0c69b4
sequence_decomposition,C:\Users\catkin\Documents\baseline_zhou\zhou_icf_mpc_sequence_decomposition_iter01,src\+zhou_ipmsm\+io\write_code_manifest.m,1382,2026-07-12T21:51:35.000,1086740d2c44054665b23a08b80df92b5f894e41f1c3a0569653ce89b0ae4505
sequence_decomposition,C:\Users\catkin\Documents\baseline_zhou\zhou_icf_mpc_sequence_decomposition_iter01,src\+zhou_ipmsm\+io\write_or_append_table.m,764,2026-07-12T21:51:35.000,d1cd89497fabeff504515e420752d0b028ba16d15db8f4dba69b62f75384cc5e
sequence_decomposition,C:\Users\catkin\Documents\baseline_zhou\zhou_icf_mpc_sequence_decomposition_iter01,src\+zhou_ipmsm\+io\write_text_new.m,425,2026-07-12T21:51:35.000,6f02a340d13307db188973ebf3e0aa92f1fa8e18cbe90909435f9ecd944793e5
sequence_decomposition,C:\Users\catkin\Documents\baseline_zhou\zhou_icf_mpc_sequence_decomposition_iter01,src\+zhou_ipmsm\+math\inv_park.m,182,2026-07-12T21:51:35.000,9aba0e5069d057e46a4505db9cbfcdda1fb4915f9e42d4a8dba849811cba6624
sequence_decomposition,C:\Users\catkin\Documents\baseline_zhou\zhou_icf_mpc_sequence_decomposition_iter01,src\+zhou_ipmsm\+math\park.m,180,2026-07-12T21:51:35.000,dcb18e96c63efa8f4741f93ad4e203c1c1fceb4f0e5e91c864203161bdcc2c14
sequence_decomposition,C:\Users\catkin\Documents\baseline_zhou\zhou_icf_mpc_sequence_decomposition_iter01,src\+zhou_ipmsm\+metrics\case_statistics_table.m,559,2026-07-12T21:51:35.000,9ed4200f5ed837bc968ce47635ad3179af416dc1e5842ca517e6eb313b50ac16
sequence_decomposition,C:\Users\catkin\Documents\baseline_zhou\zhou_icf_mpc_sequence_decomposition_iter01,src\+zhou_ipmsm\+metrics\constraint_violations_table.m,1331,2026-07-12T21:51:35.000,42fa7c9e356b5a6daa2147fd848beb7e176ea4c87032cb0bc64e817a21251636
sequence_decomposition,C:\Users\catkin\Documents\baseline_zhou\zhou_icf_mpc_sequence_decomposition_iter01,src\+zhou_ipmsm\+metrics\phase_thd.m,687,2026-07-12T21:51:35.000,5e43604055e7238b6c841301e71bf462bca80ddc7facf48370ed8ce6f485b638
sequence_decomposition,C:\Users\catkin\Documents\baseline_zhou\zhou_icf_mpc_sequence_decomposition_iter01,src\+zhou_ipmsm\+metrics\phase_thd_total_rms.m,838,2026-07-12T21:51:35.000,160d74ef7333bd6d2915f11816ff495428c5fd32481873b99c8f5eadaac59b01
sequence_decomposition,C:\Users\catkin\Documents\baseline_zhou\zhou_icf_mpc_sequence_decomposition_iter01,src\+zhou_ipmsm\+metrics\summarize_simulation.m,4194,2026-07-12T21:51:35.000,6a03b268a2b0082409d7a8874ad071f4059446963d58ebdef3a1f291125a3e63
sequence_decomposition,C:\Users\catkin\Documents\baseline_zhou\zhou_icf_mpc_sequence_decomposition_iter01,src\+zhou_ipmsm\+metrics\summary_to_long_table.m,2141,2026-07-12T21:51:35.000,fe7d4f860976f61e77fdfc721a0fbfab0f209bd5b5ea23f089ce4a93a4b42cd0
sequence_decomposition,C:\Users\catkin\Documents\baseline_zhou\zhou_icf_mpc_sequence_decomposition_iter01,src\+zhou_ipmsm\+model\electromagnetic_torque.m,666,2026-07-12T21:55:11.000,95ac234dfe63cfa064a863de845c3d6258fb87879acc9883fe40bcf85e887ed0
sequence_decomposition,C:\Users\catkin\Documents\baseline_zhou\zhou_icf_mpc_sequence_decomposition_iter01,src\+zhou_ipmsm\+model\integrate_command.m,2561,2026-07-12T21:55:11.000,e7c8364b36845d5367c9c3ad701d845e7069c9fd170c7c24f321f16510e7c6cd
sequence_decomposition,C:\Users\catkin\Documents\baseline_zhou\zhou_icf_mpc_sequence_decomposition_iter01,src\+zhou_ipmsm\+model\phase_currents.m,355,2026-07-12T21:51:35.000,bc263f05bfbb0820a01de930044c4262636f9ccf03003ff291eb3bf05904e256
sequence_decomposition,C:\Users\catkin\Documents\baseline_zhou\zhou_icf_mpc_sequence_decomposition_iter01,src\+zhou_ipmsm\+model\pmsm_derivative.m,1310,2026-07-12T21:55:11.000,2cb48bef4e266a0a667c9adae3ac813d9ddb5b807403e837d7fbf4317ac6dd90
sequence_decomposition,C:\Users\catkin\Documents\baseline_zhou\zhou_icf_mpc_sequence_decomposition_iter01,src\+zhou_ipmsm\+model\sample_command_waveform.m,3011,2026-07-12T21:51:35.000,80006bd04039b9aba53ef4b799b1ba632965ddb42692a4e09396056eee8f1ebf
sequence_decomposition,C:\Users\catkin\Documents\baseline_zhou\zhou_icf_mpc_sequence_decomposition_iter01,src\+zhou_ipmsm\+model\torque_components.m,564,2026-07-12T21:55:11.000,84c241a755f47a1f450185b8b16411e7d74a863479f1f7127b22f6d76dd97996
sequence_decomposition,C:\Users\catkin\Documents\baseline_zhou\zhou_icf_mpc_sequence_decomposition_iter01,src\+zhou_ipmsm\+modulation\case1_command.m,619,2026-07-12T21:51:35.000,5b047ffe7e63b29d02e0c81bfed76e49e22d0a675d664c209cd039486fa12bac
sequence_decomposition,C:\Users\catkin\Documents\baseline_zhou\zhou_icf_mpc_sequence_decomposition_iter01,src\+zhou_ipmsm\+modulation\case2_command.m,1772,2026-07-12T21:51:35.000,e4bc191b2b8ab749ce618666fc095246435e69462fb6b88aa8793aa470e3ca93
sequence_decomposition,C:\Users\catkin\Documents\baseline_zhou\zhou_icf_mpc_sequence_decomposition_iter01,src\+zhou_ipmsm\+modulation\case3_command.m,2008,2026-07-12T21:51:35.000,b26516623a953dcf0b2b4ab28830d65948fccdf3de7d12efbfb3009abe80ac69
sequence_decomposition,C:\Users\catkin\Documents\baseline_zhou\zhou_icf_mpc_sequence_decomposition_iter01,src\+zhou_ipmsm\+reference\build_current_reference.m,213,2026-07-13T08:46:12.000,b43d0e9d913311f026d3255161f0648ba13945481aa793fdc20a430be2fbbd2d
sequence_decomposition,C:\Users\catkin\Documents\baseline_zhou\zhou_icf_mpc_sequence_decomposition_iter01,src\+zhou_ipmsm\+sim\run_closed_loop.m,17971,2026-07-13T01:57:16.000,0273f4cbcb7a9425f88c2ef4e7a2307a6aa3ba3085708bad1419cf2a4662cb6d
sequence_decomposition,C:\Users\catkin\Documents\baseline_zhou\zhou_icf_mpc_sequence_decomposition_iter01,src\+zhou_iter11_ref\+baseline\fcs_mpcc_step.m,3394,2026-07-12T21:51:34.000,18e41c6fd318ac697b48d1b03875ee57e19c4b76ac2bd31653df29e4f4112520
sequence_decomposition,C:\Users\catkin\Documents\baseline_zhou\zhou_icf_mpc_sequence_decomposition_iter01,src\+zhou_iter11_ref\+controller\compute_V_terms.m,194,2026-07-12T21:51:34.000,dd060c641e39132c2d7dac528dbabb2bef65d010decd9f78d088fbfa1d1c9209
sequence_decomposition,C:\Users\catkin\Documents\baseline_zhou\zhou_icf_mpc_sequence_decomposition_iter01,src\+zhou_iter11_ref\+controller\costs_from_voltage.m,281,2026-07-12T21:51:34.000,0c9817a3afb3ab06553daa2d55d596bddb2850686af68b5fbb7ce6921eaa1eef
sequence_decomposition,C:\Users\catkin\Documents\baseline_zhou\zhou_icf_mpc_sequence_decomposition_iter01,src\+zhou_iter11_ref\+controller\estimate_F.m,777,2026-07-12T21:51:34.000,1e01d613f54e53e9a6f1cc91bb5996e74ee23d9efc881b6c89a6870b45af5332
sequence_decomposition,C:\Users\catkin\Documents\baseline_zhou\zhou_icf_mpc_sequence_decomposition_iter01,src\+zhou_iter11_ref\+controller\estimate_F_algebraic.m,1094,2026-07-12T21:51:34.000,117e376087651cdee280061d00364583fba05e3ecc7398a513b4d565403ee46a
sequence_decomposition,C:\Users\catkin\Documents\baseline_zhou\zhou_icf_mpc_sequence_decomposition_iter01,src\+zhou_iter11_ref\+controller\icf_mpc_step.m,3389,2026-07-12T21:51:34.000,eadea63d0c1bb678310e48e1109afde9d3c549af68daae59921f99fb7738b4f5
sequence_decomposition,C:\Users\catkin\Documents\baseline_zhou\zhou_icf_mpc_sequence_decomposition_iter01,src\+zhou_iter11_ref\+controller\independent_costs.m,197,2026-07-12T21:51:34.000,cbabe47925f93c0a82e738ef906afc34111e130c534f9c9b7e9ce7bf8eaedc43
sequence_decomposition,C:\Users\catkin\Documents\baseline_zhou\zhou_icf_mpc_sequence_decomposition_iter01,src\+zhou_iter11_ref\+controller\predict_k1.m,251,2026-07-12T21:51:35.000,eaf4f7a03d736828d00503c93fef60ae8a7d21c7d3f9d3fdc5df258131737f62
sequence_decomposition,C:\Users\catkin\Documents\baseline_zhou\zhou_icf_mpc_sequence_decomposition_iter01,src\+zhou_iter11_ref\+controller\predict_k2.m,223,2026-07-12T21:51:35.000,1b331a04db899a1d79a5e706b79de909368b99e622afa35c27fdab3e35199f00
sequence_decomposition,C:\Users\catkin\Documents\baseline_zhou\zhou_icf_mpc_sequence_decomposition_iter01,src\+zhou_iter11_ref\+controller\sequence_equivalent_dq_voltage.m,649,2026-07-12T21:51:35.000,b41d0cb1ecc5de5a5c29ec80f1fc7a52bce0fd830f3a91d1344034d143ed0f5e
sequence_decomposition,C:\Users\catkin\Documents\baseline_zhou\zhou_icf_mpc_sequence_decomposition_iter01,src\+zhou_iter11_ref\+geometry\active_lines.m,299,2026-07-12T21:51:35.000,0b24b5c92b9646da7e3cc27b4a1b9016710f35000c340b32d27f38424151d0d2
sequence_decomposition,C:\Users\catkin\Documents\baseline_zhou\zhou_icf_mpc_sequence_decomposition_iter01,src\+zhou_iter11_ref\+geometry\analyze_rectangle.m,2972,2026-07-12T21:51:35.000,5171a18aa30ebb0a016f50695a64d51d09bbbdc1174b0725de8ccbc931bfe906
sequence_decomposition,C:\Users\catkin\Documents\baseline_zhou\zhou_icf_mpc_sequence_decomposition_iter01,src\+zhou_iter11_ref\+geometry\build_rectangle.m,3142,2026-07-12T21:51:35.000,6958df981109def4d01962425350285a48aa08edc537fca674c6e218ed42cf9f
sequence_decomposition,C:\Users\catkin\Documents\baseline_zhou\zhou_icf_mpc_sequence_decomposition_iter01,src\+zhou_iter11_ref\+geometry\case2_midpoint.m,4119,2026-07-12T21:51:35.000,6f05566ca872b6677c43611ac6619cd821d2f345fa2aeaa8f097f645347811f3
sequence_decomposition,C:\Users\catkin\Documents\baseline_zhou\zhou_icf_mpc_sequence_decomposition_iter01,src\+zhou_iter11_ref\+geometry\classify_case.m,1220,2026-07-12T21:51:35.000,5f2b25ba2d45d229f053ab206fa6911274f95d254677940db898d5d44da1d658
sequence_decomposition,C:\Users\catkin\Documents\baseline_zhou\zhou_icf_mpc_sequence_decomposition_iter01,src\+zhou_iter11_ref\+geometry\line_rectangle_intersections.m,2517,2026-07-12T21:51:35.000,5e6c04de6218045d7171382a9049c2d7923b78026ca7dc763463e4955859ae57
sequence_decomposition,C:\Users\catkin\Documents\baseline_zhou\zhou_icf_mpc_sequence_decomposition_iter01,src\+zhou_iter11_ref\+geometry\line_side_signature.m,861,2026-07-12T21:51:35.000,800a83a4095a7b6f243735abacf2c7a5c24690c2c03d5e1ae2d71abc3b4b3468
sequence_decomposition,C:\Users\catkin\Documents\baseline_zhou\zhou_icf_mpc_sequence_decomposition_iter01,src\+zhou_iter11_ref\+geometry\point_in_rectangle.m,472,2026-07-12T21:51:35.000,219275c5d58bfd4641fc0534500bd8aae7a4cf85e7b3bef816c03ea97b3476a2
sequence_decomposition,C:\Users\catkin\Documents\baseline_zhou\zhou_icf_mpc_sequence_decomposition_iter01,src\+zhou_iter11_ref\+geometry\sector_of_point.m,702,2026-07-12T21:51:35.000,cc4b6b23cebae4193655bde73ea1cd736ce7011f1a49ef38c9f177a2fcd8693b
sequence_decomposition,C:\Users\catkin\Documents\baseline_zhou\zhou_icf_mpc_sequence_decomposition_iter01,src\+zhou_iter11_ref\+geometry\select_savv.m,3202,2026-07-12T21:51:35.000,450814bff6067a497ef8df2ba5611bf106d14f344a2c4eef0c3e703423f8cdd0
sequence_decomposition,C:\Users\catkin\Documents\baseline_zhou\zhou_icf_mpc_sequence_decomposition_iter01,src\+zhou_iter11_ref\+inverter\count_sequence_transitions.m,350,2026-07-12T21:51:35.000,0f498d541e59f0f0389b67edacc1bd3c6c7c958ae4e41bcb6b177f0bf59bad12
sequence_decomposition,C:\Users\catkin\Documents\baseline_zhou\zhou_icf_mpc_sequence_decomposition_iter01,src\+zhou_iter11_ref\+inverter\deadtime_voltage_error.m,2090,2026-07-12T21:51:35.000,7e706179b5f4217bf81900dec13410151b662ac4d53d3d6d54a7357fdafd1452
sequence_decomposition,C:\Users\catkin\Documents\baseline_zhou\zhou_icf_mpc_sequence_decomposition_iter01,src\+zhou_iter11_ref\+inverter\voltage_vectors.m,783,2026-07-12T21:51:35.000,3e5567c0790a8d06adcda9e6e63e6e939abfc2829f52c194f6745710776e7f88
sequence_decomposition,C:\Users\catkin\Documents\baseline_zhou\zhou_icf_mpc_sequence_decomposition_iter01,src\+zhou_iter11_ref\+io\append_standard_tables.m,866,2026-07-12T21:51:35.000,a5c8f68f5e9d767beb7c9d986e0e738738dd35c4f0932be5a428c561c55a0b2d
sequence_decomposition,C:\Users\catkin\Documents\baseline_zhou\zhou_icf_mpc_sequence_decomposition_iter01,src\+zhou_iter11_ref\+io\append_text.m,414,2026-07-12T21:51:35.000,3d7270aa180228ca10f59bacc57bab904f863775951ada403af95c0946331064
sequence_decomposition,C:\Users\catkin\Documents\baseline_zhou\zhou_icf_mpc_sequence_decomposition_iter01,src\+zhou_iter11_ref\+io\create_run_context.m,2223,2026-07-12T21:51:35.000,ecb9dd6aac8eb90a72ffdfd420e62ecbce54d0bf1189f68c1d455d9c5beb9e1d
sequence_decomposition,C:\Users\catkin\Documents\baseline_zhou\zhou_icf_mpc_sequence_decomposition_iter01,src\+zhou_iter11_ref\+io\file_sha256.m,507,2026-07-12T21:51:35.000,7153a4601b550bdcb9191eefc730f9e71d52d267992b1b58d192fa89059b2323
sequence_decomposition,C:\Users\catkin\Documents\baseline_zhou\zhou_icf_mpc_sequence_decomposition_iter01,src\+zhou_iter11_ref\+io\write_code_manifest.m,1387,2026-07-12T21:51:35.000,c067626da6c366d39d5b8b35d609b457e7251e647cec1f52c6dc3b5dfadbcf4b
sequence_decomposition,C:\Users\catkin\Documents\baseline_zhou\zhou_icf_mpc_sequence_decomposition_iter01,src\+zhou_iter11_ref\+io\write_or_append_table.m,772,2026-07-12T21:51:35.000,fb295dc68e40277a665e98e8d6f2652e8e49dc07a647808e9d78cb173751eb2c
sequence_decomposition,C:\Users\catkin\Documents\baseline_zhou\zhou_icf_mpc_sequence_decomposition_iter01,src\+zhou_iter11_ref\+io\write_text_new.m,433,2026-07-12T21:51:35.000,6fa3013d26ff630018dde86c7b62c50ee086ce6bd827aa0e43aaf43615c1a1d5
sequence_decomposition,C:\Users\catkin\Documents\baseline_zhou\zhou_icf_mpc_sequence_decomposition_iter01,src\+zhou_iter11_ref\+math\inv_park.m,182,2026-07-12T21:51:35.000,9aba0e5069d057e46a4505db9cbfcdda1fb4915f9e42d4a8dba849811cba6624
sequence_decomposition,C:\Users\catkin\Documents\baseline_zhou\zhou_icf_mpc_sequence_decomposition_iter01,src\+zhou_iter11_ref\+math\park.m,180,2026-07-12T21:51:35.000,dcb18e96c63efa8f4741f93ad4e203c1c1fceb4f0e5e91c864203161bdcc2c14
sequence_decomposition,C:\Users\catkin\Documents\baseline_zhou\zhou_icf_mpc_sequence_decomposition_iter01,src\+zhou_iter11_ref\+metrics\case_statistics_table.m,559,2026-07-12T21:51:35.000,9ed4200f5ed837bc968ce47635ad3179af416dc1e5842ca517e6eb313b50ac16
sequence_decomposition,C:\Users\catkin\Documents\baseline_zhou\zhou_icf_mpc_sequence_decomposition_iter01,src\+zhou_iter11_ref\+metrics\constraint_violations_table.m,1331,2026-07-12T21:51:35.000,42fa7c9e356b5a6daa2147fd848beb7e176ea4c87032cb0bc64e817a21251636
sequence_decomposition,C:\Users\catkin\Documents\baseline_zhou\zhou_icf_mpc_sequence_decomposition_iter01,src\+zhou_iter11_ref\+metrics\phase_thd.m,687,2026-07-12T21:51:35.000,5e43604055e7238b6c841301e71bf462bca80ddc7facf48370ed8ce6f485b638
sequence_decomposition,C:\Users\catkin\Documents\baseline_zhou\zhou_icf_mpc_sequence_decomposition_iter01,src\+zhou_iter11_ref\+metrics\phase_thd_total_rms.m,842,2026-07-12T21:51:35.000,a34d013d31ec5fb0f245a60f1564bb72624e43818400f8aff5fde6eba297269e
sequence_decomposition,C:\Users\catkin\Documents\baseline_zhou\zhou_icf_mpc_sequence_decomposition_iter01,src\+zhou_iter11_ref\+metrics\summarize_simulation.m,4213,2026-07-12T21:51:35.000,aba32d53c3cfd8398034c37687fcfcda3cd2aebb9ab9caab3898bbeef287f12c
sequence_decomposition,C:\Users\catkin\Documents\baseline_zhou\zhou_icf_mpc_sequence_decomposition_iter01,src\+zhou_iter11_ref\+metrics\summary_to_long_table.m,2141,2026-07-12T21:51:35.000,fe7d4f860976f61e77fdfc721a0fbfab0f209bd5b5ea23f089ce4a93a4b42cd0
sequence_decomposition,C:\Users\catkin\Documents\baseline_zhou\zhou_icf_mpc_sequence_decomposition_iter01,src\+zhou_iter11_ref\+model\electromagnetic_torque.m,201,2026-07-12T21:51:35.000,4e183f9fc1eab7ef6d8ff83e3a232b7c96457922be8a098bbb42b7e9a465382f
sequence_decomposition,C:\Users\catkin\Documents\baseline_zhou\zhou_icf_mpc_sequence_decomposition_iter01,src\+zhou_iter11_ref\+model\integrate_command.m,2323,2026-07-12T21:51:35.000,86250ce6ec0d43fda18f6a100512fbe11eac7c296fdf982b2e0cda0db4eec5a1
sequence_decomposition,C:\Users\catkin\Documents\baseline_zhou\zhou_icf_mpc_sequence_decomposition_iter01,src\+zhou_iter11_ref\+model\phase_currents.m,360,2026-07-12T21:51:35.000,c41351d67d29b7e9b503f228efd4649828f1b094ae2009dc4940181dd8655af9
sequence_decomposition,C:\Users\catkin\Documents\baseline_zhou\zhou_icf_mpc_sequence_decomposition_iter01,src\+zhou_iter11_ref\+model\pmsm_derivative.m,749,2026-07-12T21:51:35.000,acc0930f67fd088e77dfd8991f74450174106b3ef08ff655a0ab55e40aa0c220
sequence_decomposition,C:\Users\catkin\Documents\baseline_zhou\zhou_icf_mpc_sequence_decomposition_iter01,src\+zhou_iter11_ref\+model\sample_command_waveform.m,3047,2026-07-12T21:51:35.000,c09ac0a85a5a8e2f3931ad3e07dc3c7896c13e3ff296dbf64b26137e40b61d8f
sequence_decomposition,C:\Users\catkin\Documents\baseline_zhou\zhou_icf_mpc_sequence_decomposition_iter01,src\+zhou_iter11_ref\+modulation\case1_command.m,619,2026-07-12T21:51:35.000,5b047ffe7e63b29d02e0c81bfed76e49e22d0a675d664c209cd039486fa12bac
sequence_decomposition,C:\Users\catkin\Documents\baseline_zhou\zhou_icf_mpc_sequence_decomposition_iter01,src\+zhou_iter11_ref\+modulation\case2_command.m,1777,2026-07-12T21:51:35.000,67245a7bd324e694ceccea6c05a2f505a94048b3a6cc1bc5e27e385bf594f006
sequence_decomposition,C:\Users\catkin\Documents\baseline_zhou\zhou_icf_mpc_sequence_decomposition_iter01,src\+zhou_iter11_ref\+modulation\case3_command.m,2022,2026-07-12T21:51:35.000,9ba8d715c9ea8a197156d01bb388ad5dee659ead5418a68047d6fd994beb8b03
sequence_decomposition,C:\Users\catkin\Documents\baseline_zhou\zhou_icf_mpc_sequence_decomposition_iter01,src\+zhou_iter11_ref\+sim\run_closed_loop.m,15636,2026-07-13T01:53:46.000,ee923419f4a8b8f80fabe7693da41aec903d14262637ad5a93b4aa83e8952c6d
sequence_decomposition,C:\Users\catkin\Documents\baseline_zhou\zhou_icf_mpc_sequence_decomposition_iter01,src\+zhou_robust\run_robust_case.m,31156,2026-07-13T12:02:33.000,209dffa773a367aac56d28a59450dfdc1dd76b60f0ee8cc41d5f49c9a993aa69
sequence_decomposition,C:\Users\catkin\Documents\baseline_zhou\zhou_icf_mpc_sequence_decomposition_iter01,src\+zhou_sequence\build_summaries.m,8835,2026-07-15T13:07:47.000,46c7744d470ec41f840ef670338c5ea1652c871a5a0ee5c20d3c16835fce1143
sequence_decomposition,C:\Users\catkin\Documents\baseline_zhou\zhou_icf_mpc_sequence_decomposition_iter01,src\+zhou_sequence\copy_provenance.m,2107,2026-07-15T12:43:28.000,c59e2cb30c4bc07bfeca8fd0371667e986ac299328023b0201587f2ccd573656
sequence_decomposition,C:\Users\catkin\Documents\baseline_zhou\zhou_icf_mpc_sequence_decomposition_iter01,src\+zhou_sequence\decompose_simulation.m,8868,2026-07-15T12:47:11.000,8bbbe4437cfe6cd287bcb26d08b54024011435d1ff0b8780cc0e41b0051c097f
sequence_decomposition,C:\Users\catkin\Documents\baseline_zhou\zhou_icf_mpc_sequence_decomposition_iter01,src\+zhou_sequence\discover_upstreams.m,1551,2026-07-15T12:43:28.000,abc498d7a7c8a82b80f82a797b30530b940f67206e32b36dc092de1e6bd6f8ce
sequence_decomposition,C:\Users\catkin\Documents\baseline_zhou\zhou_icf_mpc_sequence_decomposition_iter01,src\+zhou_sequence\finalize_freeze.m,1622,2026-07-15T12:46:16.000,7f01c1f4257f1428f2d0542ca44c72834dd5362f51837498d90dbc9957d0a052
sequence_decomposition,C:\Users\catkin\Documents\baseline_zhou\zhou_icf_mpc_sequence_decomposition_iter01,src\+zhou_sequence\generate_decision_reports.m,4834,2026-07-15T12:48:21.000,abc639742ccc4804ad73d77b98b24eacc2e770cd1e5aca93e338a4c7e9286b48
sequence_decomposition,C:\Users\catkin\Documents\baseline_zhou\zhou_icf_mpc_sequence_decomposition_iter01,src\+zhou_sequence\generate_figures.m,6669,2026-07-15T13:05:52.000,5fab5c9773325d8b1465443fdc5286e93f0f306e06fea321a6e31093fd3538f6
sequence_decomposition,C:\Users\catkin\Documents\baseline_zhou\zhou_icf_mpc_sequence_decomposition_iter01,src\+zhou_sequence\inventory.m,1269,2026-07-15T12:43:28.000,e705c06634c07ab4aa8c569dc11c2311015c64f756fe933d5ed611106eb8d0e1
sequence_decomposition,C:\Users\catkin\Documents\baseline_zhou\zhou_icf_mpc_sequence_decomposition_iter01,src\+zhou_sequence\offline_candidate_audit.m,36077,2026-07-15T12:57:06.000,bba782e87949151f830b8d3d86b5be5b088a029c17d6004b3304120b3c8933ed
sequence_decomposition,C:\Users\catkin\Documents\baseline_zhou\zhou_icf_mpc_sequence_decomposition_iter01,src\+zhou_sequence\path_audit.m,2517,2026-07-15T12:43:28.000,950affc168461d935573af71ab201aed782b8cdef0b89a81aa215e259f275e10
sequence_decomposition,C:\Users\catkin\Documents\baseline_zhou\zhou_icf_mpc_sequence_decomposition_iter01,src\+zhou_sequence\prototype_gate.m,1134,2026-07-15T12:46:16.000,b2fb564d299e72059fb13435ae3eee523e709110a3a8dbb40b967513c484dd07
sequence_decomposition,C:\Users\catkin\Documents\baseline_zhou\zhou_icf_mpc_sequence_decomposition_iter01,src\+zhou_sequence\run_audit.m,2228,2026-07-15T12:48:21.000,9bc1fc957a6d1b192cec692fe102d1e2fe975a456533771f7828bc8f8f2f8903
sequence_decomposition,C:\Users\catkin\Documents\baseline_zhou\zhou_icf_mpc_sequence_decomposition_iter01,src\+zhou_sequence\run_baseline_gate.m,6100,2026-07-15T12:47:11.000,ab331e94ffc1cd11b47284434353ca1e756d6789d965d7c30d7c70ae31025292
sequence_decomposition,C:\Users\catkin\Documents\baseline_zhou\zhou_icf_mpc_sequence_decomposition_iter01,src\+zhou_sequence\snapshot_upstreams.m,1350,2026-07-15T12:43:28.000,e0d3ed655d45295440ac3e01e7be4a7e8946ffa87790a8ab3893bca96c7572b4
