"project_id","project_root","relative_path","bytes","last_write_utc","sha256"
"model_error_decomposition","C:\Users\catkin\Documents\baseline_zhou\zhou_icf_mpc_model_error_decomposition_iter01","audit\path_resolution.csv","2579","2026-07-15T08:01:46.9272685Z","7ec51b798ccb013f4e081e19f9e8d39ee428447707f82b40f62f9e78562ff2dd"
"model_error_decomposition","C:\Users\catkin\Documents\baseline_zhou\zhou_icf_mpc_model_error_decomposition_iter01","CHANGELOG.md","835","2026-07-15T08:01:46.9190300Z","0afe8e8747a05f17e76dee35fee0c765f66c385935deacd02a060c48f6456a65"
"model_error_decomposition","C:\Users\catkin\Documents\baseline_zhou\zhou_icf_mpc_model_error_decomposition_iter01","config\acceptance_thresholds.m","731","2026-07-15T08:01:46.9272685Z","1c576aed717bac5a88c7829ae2c25f50a3d9c0c0ff044615cb555653aea525b0"
"model_error_decomposition","C:\Users\catkin\Documents\baseline_zhou\zhou_icf_mpc_model_error_decomposition_iter01","config\base_parameters.m","496","2026-07-15T08:01:46.9272685Z","aa0e79005afca47ae82a8e9e3b546ebb872e81652ef4c9f5f3513a5ab689b3e6"
"model_error_decomposition","C:\Users\catkin\Documents\baseline_zhou\zhou_icf_mpc_model_error_decomposition_iter01","config\control_scenario.m","800","2026-07-15T08:01:46.9284864Z","0bb5c3ceb301307b4e1b3f08a9720011a8ab693e29fa5199c89b7ba064e54dea"
"model_error_decomposition","C:\Users\catkin\Documents\baseline_zhou\zhou_icf_mpc_model_error_decomposition_iter01","config\implementation_assumptions.m","2059","2026-07-15T08:01:46.9318017Z","c163dba1171db50c114b1d9df3615239c9ec93e6a20807f45cff9a4553d58e06"
"model_error_decomposition","C:\Users\catkin\Documents\baseline_zhou\zhou_icf_mpc_model_error_decomposition_iter01","config\ipmsm_parameters.m","624","2026-07-15T08:01:46.9328122Z","d000a18f90cc24f419e3056634991c9abb84090f70f1137db48f64d92896d89f"
"model_error_decomposition","C:\Users\catkin\Documents\baseline_zhou\zhou_icf_mpc_model_error_decomposition_iter01","config\model_error_parameters.m","676","2026-07-15T08:01:46.9328122Z","7f33f9508b95357c2c88805d0b88cd2c956344ced3c01a78c853c603bd872690"
"model_error_decomposition","C:\Users\catkin\Documents\baseline_zhou\zhou_icf_mpc_model_error_decomposition_iter01","config\sequence_parameters.m","571","2026-07-15T08:01:46.9328122Z","53980a84e7641bf22806ebcddd1eb1e00593a69f872e508ea9d73454a26f10a6"
"model_error_decomposition","C:\Users\catkin\Documents\baseline_zhou\zhou_icf_mpc_model_error_decomposition_iter01","config\sequence_scenarios.m","3409","2026-07-15T08:01:46.9328122Z","77724727d04080f506848cd7f1b45f3c92e092dd4e9229082ded6d0904ae15cb"
"model_error_decomposition","C:\Users\catkin\Documents\baseline_zhou\zhou_icf_mpc_model_error_decomposition_iter01","config\six_condition_matrix.m","401","2026-07-15T08:01:46.9338202Z","8c1d0d5a4c8d91a6614a5a9575639f45a0da7c0b23cfec104f0b542778486af2"
"model_error_decomposition","C:\Users\catkin\Documents\baseline_zhou\zhou_icf_mpc_model_error_decomposition_iter01","COPIED_FILE_PROVENANCE.csv","79433","2026-07-15T08:01:46.9190300Z","7fabb5c4f70b4d4ed18f2c1ffe04731bd993e3151ce1eb0e04f449fc9aa33e8b"
"model_error_decomposition","C:\Users\catkin\Documents\baseline_zhou\zhou_icf_mpc_model_error_decomposition_iter01","docs\BASELINE_REPRODUCTION_REPORT.md","1370","2026-07-15T08:01:46.9338202Z","9746d4b97891dd5c7d896d9eadbf45c6bc181eac48962b5e25689e4378f21d99"
"model_error_decomposition","C:\Users\catkin\Documents\baseline_zhou\zhou_icf_mpc_model_error_decomposition_iter01","docs\DECISION_AND_NEXT_STEP.md","1887","2026-07-15T08:01:46.9338202Z","90bb37e08c8f0dbf17b7e8b0387d379c2135ad908201cdaea4d849cdb428bede"
"model_error_decomposition","C:\Users\catkin\Documents\baseline_zhou\zhou_icf_mpc_model_error_decomposition_iter01","docs\DUPLICATE_WORK_CHECK.md","1495","2026-07-15T08:01:46.9368708Z","97ebe498fd4eb5b54ce01e824d0493c6cac6270972b6b2a25dd7a22ab87f0ae6"
"model_error_decomposition","C:\Users\catkin\Documents\baseline_zhou\zhou_icf_mpc_model_error_decomposition_iter01","docs\EXPERIMENT_PROTOCOL.md","5316","2026-07-15T08:01:46.9368708Z","de53b272e1dbeda95d970bf7cc3eea268b107fb2dae19336a52901cf99c8e042"
"model_error_decomposition","C:\Users\catkin\Documents\baseline_zhou\zhou_icf_mpc_model_error_decomposition_iter01","docs\KNOWN_LIMITATIONS.md","1905","2026-07-15T08:01:46.9378840Z","cff8693bf12dd6f7a69fff088dcdcbef81d053ad96993cab752642acd235f0ea"
"model_error_decomposition","C:\Users\catkin\Documents\baseline_zhou\zhou_icf_mpc_model_error_decomposition_iter01","docs\METRIC_DEFINITIONS.md","2252","2026-07-15T08:01:46.9378840Z","c886b52bcc9aba6b0458fd32b96d51414917c922a0719a67a9af7e668d6fe99c"
"model_error_decomposition","C:\Users\catkin\Documents\baseline_zhou\zhou_icf_mpc_model_error_decomposition_iter01","docs\MODEL_ERROR_DECOMPOSITION_REPORT.md","16658","2026-07-15T08:01:46.9378840Z","e0fcbb958972a637790ed542756e04fb013175f8ba19b759f7498b5f183d7536"
"model_error_decomposition","C:\Users\catkin\Documents\baseline_zhou\zhou_icf_mpc_model_error_decomposition_iter01","docs\ORACLE_PREDICTOR_DEFINITION.md","3063","2026-07-15T08:01:46.9378840Z","6efaede2f1ff1b5428f93609db6bab328170b4e33751ff758658c4607890a21f"
"model_error_decomposition","C:\Users\catkin\Documents\baseline_zhou\zhou_icf_mpc_model_error_decomposition_iter01","docs\ORIGINAL_PREDICTOR_DEFINITION.md","2209","2026-07-15T08:01:46.9388900Z","1f7bf54ce51d24055b561c08c082b76e2d3f7a37cf2359a6f197193988a87733"
"model_error_decomposition","C:\Users\catkin\Documents\baseline_zhou\zhou_icf_mpc_model_error_decomposition_iter01","docs\PATH_CONFLICT_REPORT.md","775","2026-07-15T08:01:46.9388900Z","9b25d80e697e61e6b1939d2521cf5d73c795d1fa0dc42b65ba371662cb2dbcd1"
"model_error_decomposition","C:\Users\catkin\Documents\baseline_zhou\zhou_icf_mpc_model_error_decomposition_iter01","docs\PREVIOUS_WORK_INVENTORY.md","2985","2026-07-15T08:01:46.9388900Z","80bd643e09f0d28416c38f2323331dba1807cb151cd09908d40c4c5fd3941f09"
"model_error_decomposition","C:\Users\catkin\Documents\baseline_zhou\zhou_icf_mpc_model_error_decomposition_iter01","docs\PROJECT_SCOPE.md","1273","2026-07-15T08:01:46.9388900Z","147ae801a9ec47f347d70abf57af03e0817a20b178978aed19e25378eb7bfa0b"
"model_error_decomposition","C:\Users\catkin\Documents\baseline_zhou\zhou_icf_mpc_model_error_decomposition_iter01","docs\PROTOTYPE_GATE_REPORT.md","389","2026-07-15T08:01:46.9398920Z","a453fe5f2184da9914b30b9eb58418d53b214474e23922184bfce154fa33fe49"
"model_error_decomposition","C:\Users\catkin\Documents\baseline_zhou\zhou_icf_mpc_model_error_decomposition_iter01","docs\SOURCE_PROJECT_INVENTORY.md","2335","2026-07-15T08:01:46.9398920Z","e3f502d0785d60ca34e69d666b00501d8e632bf40131fe8e2b1920cd336c0e03"
"model_error_decomposition","C:\Users\catkin\Documents\baseline_zhou\zhou_icf_mpc_model_error_decomposition_iter01","docs\TIMING_ALIGNMENT_AUDIT.md","4184","2026-07-15T08:01:46.9398920Z","bb2290d10afef3bec8ee9927d3d16cea887b19b47040e39ba0c6a4b2dd86a771"
"model_error_decomposition","C:\Users\catkin\Documents\baseline_zhou\zhou_icf_mpc_model_error_decomposition_iter01","FROZEN_UPSTREAM_VALIDATION.csv","472121","2026-07-15T08:01:46.9212400Z","4d7f1128a3dfe13c41e90ff691bb2b78f4cd9ab92d8d8f9cb784f493979aae1f"
"model_error_decomposition","C:\Users\catkin\Documents\baseline_zhou\zhou_icf_mpc_model_error_decomposition_iter01","HANDOFF.md","11932","2026-07-15T08:01:46.9212400Z","971e34f50b31ec7ad9b25abc724f77e6eb26850a0cc6e268cf707e0f7ed4af19"
"model_error_decomposition","C:\Users\catkin\Documents\baseline_zhou\zhou_icf_mpc_model_error_decomposition_iter01","initialize_project.m","2396","2026-07-15T08:01:46.9398920Z","5c79913ca53deb39c042ad00bd03ac19e1e7d19b6e3c27a10a7590994c880ee4"
"model_error_decomposition","C:\Users\catkin\Documents\baseline_zhou\zhou_icf_mpc_model_error_decomposition_iter01","README.md","4003","2026-07-15T08:01:46.9222461Z","99f44bdc920fad4b72cf3816553a5ea65ae0800472523c6062c5413a021de854"
"model_error_decomposition","C:\Users\catkin\Documents\baseline_zhou\zhou_icf_mpc_model_error_decomposition_iter01","reference\upstream_snapshots\ipmsm_probe\FINAL_IPMSM_PROBE_REPORT.md","3067","2026-07-15T08:01:46.9409007Z","8c13f34fd68580ab787162443fbe6b2253aebfd6fb1bd3e3018a1f42880ddabe"
"model_error_decomposition","C:\Users\catkin\Documents\baseline_zhou\zhou_icf_mpc_model_error_decomposition_iter01","reference\upstream_snapshots\ipmsm_probe\README.md","2556","2026-07-15T08:01:46.9409007Z","b63e025d4ee5ba3b023a524f418fdad9da356c1e152eb50e7fcfcb4e70fdb301"
"model_error_decomposition","C:\Users\catkin\Documents\baseline_zhou\zhou_icf_mpc_model_error_decomposition_iter01","reference\upstream_snapshots\jd_jq_audit\all_constraint_cases.csv","669078","2026-07-15T08:01:46.9443066Z","cdfd03b1aaa0817ff1de5cead31a967b84bbdf3292e1fdc17099617de0197231"
"model_error_decomposition","C:\Users\catkin\Documents\baseline_zhou\zhou_icf_mpc_model_error_decomposition_iter01","reference\upstream_snapshots\jd_jq_audit\README.md","1350","2026-07-15T08:01:46.9419101Z","14a66670c8691fcc6ba9c8b2356a85fb925f736c42ac686f455cc9a0f8bc922e"
"model_error_decomposition","C:\Users\catkin\Documents\baseline_zhou\zhou_icf_mpc_model_error_decomposition_iter01","reference\upstream_snapshots\jd_jq_audit\vector_mode_distribution.csv","98113","2026-07-15T08:01:46.9455155Z","174228ffb51ed3b371097b8fa16e1176641f1cca39d6fa262488299766b6a57e"
"model_error_decomposition","C:\Users\catkin\Documents\baseline_zhou\zhou_icf_mpc_model_error_decomposition_iter01","reference\upstream_snapshots\robust_residual\CALIBRATION_SCENARIOS.csv","3402","2026-07-15T08:01:46.9466962Z","387a6a12fad05ed5cc2f22aac517707c15023ebb646f4aa505db30d84c2b99f7"
"model_error_decomposition","C:\Users\catkin\Documents\baseline_zhou\zhou_icf_mpc_model_error_decomposition_iter01","reference\upstream_snapshots\robust_residual\DATA_SPLIT.md","490","2026-07-15T08:01:46.9466962Z","6b398775cccce09f67bbe14f885d1a0846847972199519c5a828d40228700f42"
"model_error_decomposition","C:\Users\catkin\Documents\baseline_zhou\zhou_icf_mpc_model_error_decomposition_iter01","reference\upstream_snapshots\robust_residual\EXPERIMENT_HANDOFF.md","3515","2026-07-15T08:01:46.9510213Z","32cea93f5a728ea4ad600046d06b67c5a539e08e77270b124a08caf2c8a63ad0"
"model_error_decomposition","C:\Users\catkin\Documents\baseline_zhou\zhou_icf_mpc_model_error_decomposition_iter01","reference\upstream_snapshots\robust_residual\FINAL_ROBUST_CONSTRAINT_REPORT.md","8275","2026-07-15T08:01:46.9520704Z","f92968da977ea19074bd3f74571a5a6db7bbad1c78ea9dfd9dd849c3d86ee716"
"model_error_decomposition","C:\Users\catkin\Documents\baseline_zhou\zhou_icf_mpc_model_error_decomposition_iter01","reference\upstream_snapshots\robust_residual\README.md","3439","2026-07-15T08:01:46.9520704Z","e1eb950e41cbce05b61f4c9b3e56a9f37d71f330af6d7d1c8c1d095a463cd59e"
"model_error_decomposition","C:\Users\catkin\Documents\baseline_zhou\zhou_icf_mpc_model_error_decomposition_iter01","reference\upstream_snapshots\robust_residual\RESIDUAL_ALIGNMENT_AUDIT.md","567","2026-07-15T08:01:46.9520704Z","59fb9fb430186788d52f81c23618ea724a9ddffc4841d500c3b1511914855ac9"
"model_error_decomposition","C:\Users\catkin\Documents\baseline_zhou\zhou_icf_mpc_model_error_decomposition_iter01","reference\upstream_snapshots\robust_residual\RESIDUAL_DATASET_SCHEMA.md","398","2026-07-15T08:01:46.9520704Z","bb5ed9d73e4b465a8313a334faf4c895e1ffc910141fc10850a308d5d8129838"
"model_error_decomposition","C:\Users\catkin\Documents\baseline_zhou\zhou_icf_mpc_model_error_decomposition_iter01","reference\upstream_snapshots\robust_residual\robust_scenario_splits.m","3965","2026-07-15T08:01:46.9530722Z","ff1253c24b0c70748a0c3c5e9f1fd5069996d33dee22a6b0ac25bc7882e32257"
"model_error_decomposition","C:\Users\catkin\Documents\baseline_zhou\zhou_icf_mpc_model_error_decomposition_iter01","reference\upstream_snapshots\robust_residual\TEST_SCENARIOS.csv","6405","2026-07-15T08:01:46.9530722Z","24c9c3f148bcf51fdccfd8234c64151b7e2db57231f541afa4770d3c098f3937"
"model_error_decomposition","C:\Users\catkin\Documents\baseline_zhou\zhou_icf_mpc_model_error_decomposition_iter01","reference\upstream_snapshots\robust_residual\VALIDATION_SCENARIOS.csv","4592","2026-07-15T08:01:46.9530722Z","10d703ae4e44d80c928423ee69c17fd07ff74befd543a11b719f50e03380198f"
"model_error_decomposition","C:\Users\catkin\Documents\baseline_zhou\zhou_icf_mpc_model_error_decomposition_iter01","reference\upstream_snapshots\s2_feasibility\BASELINE_COMPARISON.csv","2825","2026-07-15T08:01:46.9540739Z","b44f75e96d8e12dc91a1e6124b7c67f8c8a48c5aa1a058a9d87a57cf3796ac06"
"model_error_decomposition","C:\Users\catkin\Documents\baseline_zhou\zhou_icf_mpc_model_error_decomposition_iter01","reference\upstream_snapshots\s2_feasibility\FEASIBILITY_CONTROL_DECISION.md","747","2026-07-15T08:01:46.9540739Z","a160e2b88abe09fd5c469815a4402ce96559054b947ca7f3becef321944ea982"
"model_error_decomposition","C:\Users\catkin\Documents\baseline_zhou\zhou_icf_mpc_model_error_decomposition_iter01","reference\upstream_snapshots\s2_feasibility\FINAL_FEASIBILITY_CONTROL_REPORT.md","2462","2026-07-15T08:01:46.9570972Z","76f056cf74375086d15c125e911efcbb2ffb43aa0d9da728857e50ca88582a21"
"model_error_decomposition","C:\Users\catkin\Documents\baseline_zhou\zhou_icf_mpc_model_error_decomposition_iter01","reference\upstream_snapshots\s2_feasibility\NEGATIVE_ID_ADMISSION.csv","15199","2026-07-15T08:01:46.9570972Z","17b05c394d7e838a87be92ff9b9a20d34a51990c6a768a12128b10f6af8d7112"
"model_error_decomposition","C:\Users\catkin\Documents\baseline_zhou\zhou_icf_mpc_model_error_decomposition_iter01","reference\upstream_snapshots\s2_feasibility\SIX_CONDITION_COMPARISON.csv","21727","2026-07-15T08:01:46.9570972Z","f684e21689226a50303e69c0111683da2624c49a20eb3e1a25271b8ce13306a8"
"model_error_decomposition","C:\Users\catkin\Documents\baseline_zhou\zhou_icf_mpc_model_error_decomposition_iter01","reference\upstream_snapshots\sequence_decomposition\baseline_comparison.csv","804","2026-07-15T08:01:46.9612016Z","6ef4a80bb85d6d17bef701325d68d957937ec14d8596ea6fc52e56e6e4b1df12"
"model_error_decomposition","C:\Users\catkin\Documents\baseline_zhou\zhou_icf_mpc_model_error_decomposition_iter01","reference\upstream_snapshots\sequence_decomposition\candidate_decision_comparison.csv","20698","2026-07-15T08:01:46.9621997Z","c26e6116556ce7a254686cc1cb90be27f0017cc852e70f6a741791b1a6d48f13"
"model_error_decomposition","C:\Users\catkin\Documents\baseline_zhou\zhou_icf_mpc_model_error_decomposition_iter01","reference\upstream_snapshots\sequence_decomposition\final_decision.csv","506","2026-07-15T08:01:46.9621997Z","c62b5a43f47bc8e1ef868ce2cd19312f8d40ad596ffd943c94e0d23ad2239eb3"
"model_error_decomposition","C:\Users\catkin\Documents\baseline_zhou\zhou_icf_mpc_model_error_decomposition_iter01","reference\upstream_snapshots\sequence_decomposition\HANDOFF.md","7614","2026-07-15T08:01:46.9581131Z","704af78deb0008f87412234076d3699a66e5aa9172361edb11403675c93879bf"
"model_error_decomposition","C:\Users\catkin\Documents\baseline_zhou\zhou_icf_mpc_model_error_decomposition_iter01","reference\upstream_snapshots\sequence_decomposition\overall_metrics.csv","2392","2026-07-15T08:01:46.9621997Z","42a70f927bcb0f590bfefebb9496e1fddded23cd876c26f74e24c49e4acbee95"
"model_error_decomposition","C:\Users\catkin\Documents\baseline_zhou\zhou_icf_mpc_model_error_decomposition_iter01","reference\upstream_snapshots\sequence_decomposition\PREVIOUS_WORK_INVENTORY.md","5410","2026-07-15T08:01:46.9581131Z","1d2fd93b09d6dec68841c728e2ea89d4b50ba44028828edaede3c421966ed872"
"model_error_decomposition","C:\Users\catkin\Documents\baseline_zhou\zhou_icf_mpc_model_error_decomposition_iter01","reference\upstream_snapshots\sequence_decomposition\README.md","4523","2026-07-15T08:01:46.9581131Z","c737d3d5873151742784bd9618abd4850c2f111f5d8e8cd0f5253b4aaf79a4bf"
"model_error_decomposition","C:\Users\catkin\Documents\baseline_zhou\zhou_icf_mpc_model_error_decomposition_iter01","reference\upstream_snapshots\sequence_decomposition\residual_decomposition.csv","4396","2026-07-15T08:01:46.9621997Z","a2783aa730450f07f0c96bebb673e0c6f3eebcba3fc4473aad2f672746479b3a"
"model_error_decomposition","C:\Users\catkin\Documents\baseline_zhou\zhou_icf_mpc_model_error_decomposition_iter01","reference\upstream_snapshots\sequence_decomposition\RUN_AND_REPRODUCE.md","5414","2026-07-15T08:01:46.9601940Z","903001361efc5e9fe6000c414a844b38e7e7d27782fb1d720e5ddd936c1fd76c"
"model_error_decomposition","C:\Users\catkin\Documents\baseline_zhou\zhou_icf_mpc_model_error_decomposition_iter01","reference\upstream_snapshots\sequence_decomposition\SEQUENCE_DECOMPOSITION_REPORT.md","1153","2026-07-15T08:01:46.9601940Z","f31c31a0e0c170e43bf486ed3ec444af3438391368703347057804dbe2ed7c57"
"model_error_decomposition","C:\Users\catkin\Documents\baseline_zhou\zhou_icf_mpc_model_error_decomposition_iter01","reference\upstream_snapshots\sequence_decomposition\simulation_case_summary.csv","19999","2026-07-15T08:01:46.9632626Z","17dea88e85017f09b036553235dabbbd33c05d9b4b82cedfd2865a73b264aef1"
"model_error_decomposition","C:\Users\catkin\Documents\baseline_zhou\zhou_icf_mpc_model_error_decomposition_iter01","reference\upstream_snapshots\sequence_decomposition\TIMING_ALIGNMENT_AUDIT.md","3952","2026-07-15T08:01:46.9612016Z","ab72a924ef10d59452d2edc17cb462786018a2816e6a6539bfdbe532e93c7565"
"model_error_decomposition","C:\Users\catkin\Documents\baseline_zhou\zhou_icf_mpc_model_error_decomposition_iter01","results\figures\01_predictors_vs_actual.png","167303","2026-07-15T08:01:46.9642675Z","61cc07090c1f0fdf89a0e7c8fada53857538f4a4aabf3c80e4915ecf8a86e38d"
"model_error_decomposition","C:\Users\catkin\Documents\baseline_zhou\zhou_icf_mpc_model_error_decomposition_iter01","results\figures\02_residual_rms_by_predictor.png","32070","2026-07-15T08:01:46.9653266Z","9a314e32118eb1a7666b34a322e1603fd2ad09c89e893aaf4d48b249a2ace9be"
"model_error_decomposition","C:\Users\catkin\Documents\baseline_zhou\zhou_icf_mpc_model_error_decomposition_iter01","results\figures\03_false_safe_by_predictor.png","27560","2026-07-15T08:01:46.9663373Z","04c4bd07940ac2164d62389f99e5638da48022821c92f381ac9225f427191408"
"model_error_decomposition","C:\Users\catkin\Documents\baseline_zhou\zhou_icf_mpc_model_error_decomposition_iter01","results\figures\04_F_replacement_time_domain.png","150092","2026-07-15T08:01:46.9673488Z","72619f387c69de284f329c0c0dc69b7a9e063af922d84721b7a860291be325f4"
"model_error_decomposition","C:\Users\catkin\Documents\baseline_zhou\zhou_icf_mpc_model_error_decomposition_iter01","results\figures\05_alpha_replacement_time_domain.png","78730","2026-07-15T08:01:46.9683609Z","02b795aeeb55d4d49540244630b56d0eef9fe46994c7b718a60ba7adf8e92cf0"
"model_error_decomposition","C:\Users\catkin\Documents\baseline_zhou\zhou_icf_mpc_model_error_decomposition_iter01","results\figures\06_P3_P4_P5_error_chain.png","119863","2026-07-15T08:01:46.9693678Z","037c81235b94579c629cf5fd0e6cacd5319ed9ed5755ba9fc7f88535011f9699"
"model_error_decomposition","C:\Users\catkin\Documents\baseline_zhou\zhou_icf_mpc_model_error_decomposition_iter01","results\figures\07_candidate_top1_flip_matrix.png","120073","2026-07-15T08:01:46.9703747Z","f776883264c11bebc2f07b3ae7095934d438140bb7b4641ee4cea73b118b54f7"
"model_error_decomposition","C:\Users\catkin\Documents\baseline_zhou\zhou_icf_mpc_model_error_decomposition_iter01","results\figures\08_candidate_mode_flip_matrix.png","120486","2026-07-15T08:01:46.9713888Z","f585dc167c5ffe1d78f5212327ca32519d58df56212831e0879d28c76c5ff74a"
"model_error_decomposition","C:\Users\catkin\Documents\baseline_zhou\zhou_icf_mpc_model_error_decomposition_iter01","results\figures\09_residual_vs_delta_F.png","127756","2026-07-15T08:01:46.9723952Z","8deb47ee6c21d96eca1d7a2727d3b048bd55cf774c434d4d1e634d85f257bcb5"
"model_error_decomposition","C:\Users\catkin\Documents\baseline_zhou\zhou_icf_mpc_model_error_decomposition_iter01","results\figures\10_residual_vs_alpha_error.png","82947","2026-07-15T08:01:46.9733977Z","5997450210d1b5a5e5af6f6eb6ed14713f53bf7e34013cb0c9f6e7f380d776ac"
"model_error_decomposition","C:\Users\catkin\Documents\baseline_zhou\zhou_icf_mpc_model_error_decomposition_iter01","results\figures\11_residual_vs_state.png","92309","2026-07-15T08:01:46.9744730Z","684207738c3b78a22fa8c6d8f525c80d72b55d2f7730da17980a32bb8cf7f2d2"
"model_error_decomposition","C:\Users\catkin\Documents\baseline_zhou\zhou_icf_mpc_model_error_decomposition_iter01","results\figures\12_residual_spectrum.png","72426","2026-07-15T08:01:46.9744730Z","35f46152ac57faaa1c531a0d38d8b1cffa5a3dbce9b08c018b0fc794a3451331"
"model_error_decomposition","C:\Users\catkin\Documents\baseline_zhou\zhou_icf_mpc_model_error_decomposition_iter01","results\figures\13_S2_residual_comparison.png","36610","2026-07-15T08:01:46.9759478Z","939ddf3d328e3d9db7562c839fcb7da3eaf2c155c078e0057aaf7b1782715fd8"
"model_error_decomposition","C:\Users\catkin\Documents\baseline_zhou\zhou_icf_mpc_model_error_decomposition_iter01","results\figures\14_parameter_over_under_asymmetry.png","38775","2026-07-15T08:01:46.9759478Z","0da686f62f5f24e85b94734dfc5f280dd85bb3a1af3f3f4e178761d79cfa6bff"
"model_error_decomposition","C:\Users\catkin\Documents\baseline_zhou\zhou_icf_mpc_model_error_decomposition_iter01","results\figures\15_case_error_source_share.png","92986","2026-07-15T08:01:46.9769542Z","bf707d3474a933776f29fa3f2a3d6a4aa4c5a6479bb7acf18a25d667cfa58c6f"
"model_error_decomposition","C:\Users\catkin\Documents\baseline_zhou\zhou_icf_mpc_model_error_decomposition_iter01","results\figures\figure_manifest.csv","604","2026-07-15T08:01:46.9779607Z","f27f2843aaee5ae2166310979dd3b37b5b69116b51fe737c298b56bb410943bb"
"model_error_decomposition","C:\Users\catkin\Documents\baseline_zhou\zhou_icf_mpc_model_error_decomposition_iter01","results\raw\mat\B01_500rpm_20A_48V_fast_model_error.mat","615224","2026-07-15T08:01:46.9936048Z","bc6f18113aa9f3090e406ec540c7bcb9e17574cf616282920e0ac8d03560d8d8"
"model_error_decomposition","C:\Users\catkin\Documents\baseline_zhou\zhou_icf_mpc_model_error_decomposition_iter01","results\raw\mat\B02_500rpm_negid_48V_model_error.mat","2070208","2026-07-15T08:01:47.0011533Z","4d5e086f7836c3bd02211ec476a13092aba8e2878c521e9eb505ae888c7a9d9a"
"model_error_decomposition","C:\Users\catkin\Documents\baseline_zhou\zhou_icf_mpc_model_error_decomposition_iter01","results\raw\mat\C01_nominal_100rpm_10A_model_error.mat","3968982","2026-07-15T08:01:47.0153646Z","571defbddb8b3eaa766092a59c8576b71628aae1472221f3fbe5fcba3a2427ce"
"model_error_decomposition","C:\Users\catkin\Documents\baseline_zhou\zhou_icf_mpc_model_error_decomposition_iter01","results\raw\mat\C02_light_100rpm_4A_model_error.mat","3931308","2026-07-15T08:01:47.0307117Z","3a97749d80b2bca664d41d91508f13be2663f220d7a9f911dbc3ce08d20e6e10"
"model_error_decomposition","C:\Users\catkin\Documents\baseline_zhou\zhou_icf_mpc_model_error_decomposition_iter01","results\raw\mat\C03_light_200rpm_6A_model_error.mat","4008984","2026-07-15T08:01:47.0449852Z","11bc9f81b9df0ecbf5426db05f8babf458b85b68ec7bba5fa1089f499949c8fe"
"model_error_decomposition","C:\Users\catkin\Documents\baseline_zhou\zhou_icf_mpc_model_error_decomposition_iter01","results\raw\mat\C04_high_200rpm_18A_model_error.mat","4057017","2026-07-15T08:01:47.0616160Z","88bf49bc01a5d9a69362ace12187e0c96c78e3089b37fc1adf2bf1b159d1e989"
"model_error_decomposition","C:\Users\catkin\Documents\baseline_zhou\zhou_icf_mpc_model_error_decomposition_iter01","results\raw\mat\C05_negative_id_model_error.mat","4134611","2026-07-15T08:01:47.0776612Z","38d702d892de44b16de7ef69dbeb9b43b7432d400c57c63bf0b56f4c911b93c1"
"model_error_decomposition","C:\Users\catkin\Documents\baseline_zhou\zhou_icf_mpc_model_error_decomposition_iter01","results\raw\mat\C06_low_bus_43p2V_model_error.mat","4168336","2026-07-15T08:01:47.0955004Z","294340344dd2fb711dc8d766052058a4e70792e215e3d5891cf142d293b5c0ac"
"model_error_decomposition","C:\Users\catkin\Documents\baseline_zhou\zhou_icf_mpc_model_error_decomposition_iter01","results\raw\mat\C07_known_false_safe_model_error.mat","800611","2026-07-15T08:01:47.0979960Z","f196845b716e33745a9b089971249f8facdcfd09d2a0cf7e5037d255c442e46c"
"model_error_decomposition","C:\Users\catkin\Documents\baseline_zhou\zhou_icf_mpc_model_error_decomposition_iter01","results\raw\mat\C08_S2_nontrigger_model_error.mat","3966976","2026-07-15T08:01:47.1199780Z","1408f9222ccb5159a656b39194761f64c028a911637ca3917f02c0ecdf74f81d"
"model_error_decomposition","C:\Users\catkin\Documents\baseline_zhou\zhou_icf_mpc_model_error_decomposition_iter01","results\raw\mat\C09_S2_boundary_model_error.mat","4139433","2026-07-15T08:01:47.1358060Z","9cf59e0604f5f3a9bf950892bb1b075c75651be2f43dbaf2d61524b4985c1609"
"model_error_decomposition","C:\Users\catkin\Documents\baseline_zhou\zhou_icf_mpc_model_error_decomposition_iter01","results\raw\mat\combined_model_error_data.mat","27217758","2026-07-15T08:01:47.4797057Z","9201cf4b715a91c92976c1d69058d6c424a66ea891651a41e7020c24e65a404f"
"model_error_decomposition","C:\Users\catkin\Documents\baseline_zhou\zhou_icf_mpc_model_error_decomposition_iter01","results\raw\mat\D01_iq_step_model_error.mat","2120235","2026-07-15T08:01:47.1401464Z","006c5be136b3cffe31b825fc8dc167e98fae9e2b5b727fc23094525f2db9a524"
"model_error_decomposition","C:\Users\catkin\Documents\baseline_zhou\zhou_icf_mpc_model_error_decomposition_iter01","results\raw\mat\D02_id_step_model_error.mat","4056468","2026-07-15T08:01:47.1554084Z","771414bd3e1b449ed5958071a9fc26021f904d6ec5e35622b9adbcff3617227e"
"model_error_decomposition","C:\Users\catkin\Documents\baseline_zhou\zhou_icf_mpc_model_error_decomposition_iter01","results\raw\mat\D03_id_iq_step_model_error.mat","4135719","2026-07-15T08:01:47.1653482Z","de60703106b198e46bdcea4fd15023250f6f956a43e6c30339287995e6cdab74"
"model_error_decomposition","C:\Users\catkin\Documents\baseline_zhou\zhou_icf_mpc_model_error_decomposition_iter01","results\raw\mat\D04_torque_ramp_model_error.mat","4178407","2026-07-15T08:01:47.1816116Z","893f86131e55f551037f2f8504e808d55ba5ac483c494a979107788eff3c7033"
"model_error_decomposition","C:\Users\catkin\Documents\baseline_zhou\zhou_icf_mpc_model_error_decomposition_iter01","results\raw\mat\D05_torque_step_model_error.mat","2084119","2026-07-15T08:01:47.1960954Z","13356c0c53e817f83887bde742cf52edb1c4bda5900b9bd45acc0ff1e65f0845"
"model_error_decomposition","C:\Users\catkin\Documents\baseline_zhou\zhou_icf_mpc_model_error_decomposition_iter01","results\raw\mat\P01_Ld_minus10_model_error.mat","4267721","2026-07-15T08:01:47.2124273Z","96451740e20ae5cdd001235a5433dc728f632d85b847b3f7ebad3fa96605f9ed"
"model_error_decomposition","C:\Users\catkin\Documents\baseline_zhou\zhou_icf_mpc_model_error_decomposition_iter01","results\raw\mat\P02_Ld_plus10_model_error.mat","4255735","2026-07-15T08:01:47.2281569Z","122a503730ea3843b359c219d1001c10e0e3d9fa5374adf2e0fd25211ac73709"
"model_error_decomposition","C:\Users\catkin\Documents\baseline_zhou\zhou_icf_mpc_model_error_decomposition_iter01","results\raw\mat\P03_Lq_minus10_model_error.mat","4244711","2026-07-15T08:01:47.2464454Z","4a9a657d38bad1d1a38b50cc23535f52ab4f0a1f03b0bdd222556b9793bfac80"
"model_error_decomposition","C:\Users\catkin\Documents\baseline_zhou\zhou_icf_mpc_model_error_decomposition_iter01","results\raw\mat\P04_Lq_plus10_model_error.mat","4263747","2026-07-15T08:01:47.2628159Z","7c6844d7a3b2ad0feffcf40f1fa2867529d3bd1bda46ebaf34326104b064a5e8"
"model_error_decomposition","C:\Users\catkin\Documents\baseline_zhou\zhou_icf_mpc_model_error_decomposition_iter01","results\raw\mat\P05_cross_mismatch_model_error.mat","4286295","2026-07-15T08:01:47.2796917Z","441577bb0311684bfbe8656f5cd44015c61f8bee54edcd87dd63056fe1d9ab6b"
"model_error_decomposition","C:\Users\catkin\Documents\baseline_zhou\zhou_icf_mpc_model_error_decomposition_iter01","results\raw\mat\P06_controller_high_L_model_error.mat","4288083","2026-07-15T08:01:47.2955686Z","efa8dde92b4aea0e36b6748a7f3c14637c9e7c83cd8d633eb6bd4df8302a014d"
"model_error_decomposition","C:\Users\catkin\Documents\baseline_zhou\zhou_icf_mpc_model_error_decomposition_iter01","results\raw\mat\P07_controller_low_L_model_error.mat","4304190","2026-07-15T08:01:47.3120047Z","b01465b9937477a3647519476e36881b8fe5fa847d452062c2aedb5522d5f54f"
"model_error_decomposition","C:\Users\catkin\Documents\baseline_zhou\zhou_icf_mpc_model_error_decomposition_iter01","results\raw\mat\P08_opposed_20pct_model_error.mat","4308613","2026-07-15T08:01:47.3319762Z","a586ed0bf1b402f592c3c2f9703b523e0be0a335a74e156d8b08db2a9f46f090"
"model_error_decomposition","C:\Users\catkin\Documents\baseline_zhou\zhou_icf_mpc_model_error_decomposition_iter01","results\raw\model_error_samples.csv","57435751","2026-07-15T08:01:47.6689972Z","4bb73a94e42669d40f3776a722f3c43c3861647f02c6fb8c477c62110051c592"
"model_error_decomposition","C:\Users\catkin\Documents\baseline_zhou\zhou_icf_mpc_model_error_decomposition_iter01","results\summary\audit_outcome.mat","71544","2026-07-15T08:01:47.6710145Z","4da25f05834900e2a955f7d2b1ae3e948e9db0046d72af0ef358b853cc78839d"
"model_error_decomposition","C:\Users\catkin\Documents\baseline_zhou\zhou_icf_mpc_model_error_decomposition_iter01","results\summary\baseline_comparison.csv","827","2026-07-15T08:01:47.6720247Z","80cfa8222d358df1bb41ba7c2053fdf6c68b13deea9e6818038176fdcb1711a7"
"model_error_decomposition","C:\Users\catkin\Documents\baseline_zhou\zhou_icf_mpc_model_error_decomposition_iter01","results\summary\candidate_convergence_audit.csv","1896","2026-07-15T08:01:47.6762116Z","97e211ee1bd608b970d51a6a5df1c5c7286478de910e993722d91fe43296ddd6"
"model_error_decomposition","C:\Users\catkin\Documents\baseline_zhou\zhou_icf_mpc_model_error_decomposition_iter01","results\summary\case_classification.csv","3501","2026-07-15T08:01:47.6772217Z","f99dd72d1038b2f67f5210484e02a4907b1a0d4ec1f2aa47a97e73aca4e83d49"
"model_error_decomposition","C:\Users\catkin\Documents\baseline_zhou\zhou_icf_mpc_model_error_decomposition_iter01","results\summary\constraint_confusion_by_predictor.csv","43272","2026-07-15T08:01:47.6772217Z","e252385e83fe92c25457a415a76791593a3afe69e62fe7bdaca4c2764e238ab6"
"model_error_decomposition","C:\Users\catkin\Documents\baseline_zhou\zhou_icf_mpc_model_error_decomposition_iter01","results\summary\error_source_contribution.csv","18869","2026-07-15T08:01:47.6772217Z","60e5f5d15ee743207fe60489bb71c303044077c71bafceee07d7245f3b4a8174"
"model_error_decomposition","C:\Users\catkin\Documents\baseline_zhou\zhou_icf_mpc_model_error_decomposition_iter01","results\summary\final_decision.csv","1336","2026-07-15T08:01:47.6782273Z","223ae671d377113d8ea8839efec6f9fd51487c38718bcd2d281059fb344acbc3"
"model_error_decomposition","C:\Users\catkin\Documents\baseline_zhou\zhou_icf_mpc_model_error_decomposition_iter01","results\summary\last_run_outcome.mat","6931","2026-07-15T08:01:47.6782273Z","9f23220fc37c579c8bd82f2a48a0e2647675f5851cb24214999c55303ccaef83"
"model_error_decomposition","C:\Users\catkin\Documents\baseline_zhou\zhou_icf_mpc_model_error_decomposition_iter01","results\summary\predictor_assertion_audit.csv","2895","2026-07-15T08:01:47.6782273Z","1ec64b9263bb7ed4c387949e9776031979426ca790dd87bb80787eb29c3217a1"
"model_error_decomposition","C:\Users\catkin\Documents\baseline_zhou\zhou_icf_mpc_model_error_decomposition_iter01","results\summary\predictor_candidate_comparison.csv","88080","2026-07-15T08:01:47.6782273Z","f054805eab8ddedb4f26f36200f64062f326ad8a9ca7589f79b215a082a46ad4"
"model_error_decomposition","C:\Users\catkin\Documents\baseline_zhou\zhou_icf_mpc_model_error_decomposition_iter01","results\summary\predictor_metrics.csv","125224","2026-07-15T08:01:47.6796266Z","725cca63b7db2fe5f744cd38a8a5299fbc247ba9b6516a0acaf18bdef4b76dcd"
"model_error_decomposition","C:\Users\catkin\Documents\baseline_zhou\zhou_icf_mpc_model_error_decomposition_iter01","results\summary\repeatability_check.csv","369","2026-07-15T08:01:47.6796266Z","20e2241db930f73806580be515074cf581eb6b2514600c244ae55f90ff628633"
"model_error_decomposition","C:\Users\catkin\Documents\baseline_zhou\zhou_icf_mpc_model_error_decomposition_iter01","results\summary\residual_spectrum.csv","105812","2026-07-15T08:01:47.6806359Z","5ac25182e3fe28e9661276a15237a2bd87e6ed97a7287bb0e55ce79f7bbf5e65"
"model_error_decomposition","C:\Users\catkin\Documents\baseline_zhou\zhou_icf_mpc_model_error_decomposition_iter01","results\summary\residual_state_correlations.csv","614091","2026-07-15T08:01:47.6826505Z","8755e4c52a7e91d677582135ff3920e6e7ad675a93479510e9875e94acfd49c3"
"model_error_decomposition","C:\Users\catkin\Documents\baseline_zhou\zhou_icf_mpc_model_error_decomposition_iter01","results\summary\simulation_case_summary.csv","3501","2026-07-15T08:01:47.6826505Z","f99dd72d1038b2f67f5210484e02a4907b1a0d4ec1f2aa47a97e73aca4e83d49"
"model_error_decomposition","C:\Users\catkin\Documents\baseline_zhou\zhou_icf_mpc_model_error_decomposition_iter01","RUN_AND_REPRODUCE.md","2063","2026-07-15T08:01:46.9222461Z","179633a29940a2059e023a6a39a0ec73b96db4d1311ceb2183e8dcaf709550af"
"model_error_decomposition","C:\Users\catkin\Documents\baseline_zhou\zhou_icf_mpc_model_error_decomposition_iter01","run_model_error_decomposition.m","1849","2026-07-15T08:01:47.6826505Z","51f3b2af3a153aa23592a4892cc09036d6200b0ea01004eb4aa45bbcb9737a4d"
"model_error_decomposition","C:\Users\catkin\Documents\baseline_zhou\zhou_icf_mpc_model_error_decomposition_iter01","SOURCE_PROJECTS.csv","980","2026-07-15T08:01:46.9222461Z","afa11ab53b9c2299f7ce997e13152c897a21edd08d03a363a4db8ff687be8dc2"
"model_error_decomposition","C:\Users\catkin\Documents\baseline_zhou\zhou_icf_mpc_model_error_decomposition_iter01","SOURCE_SHA256_AFTER.csv","593046","2026-07-15T08:01:46.9242531Z","c33085deb5b37fec99b0e58400ef9523d9d19341b1acb678a819f0c095ba4b89"
"model_error_decomposition","C:\Users\catkin\Documents\baseline_zhou\zhou_icf_mpc_model_error_decomposition_iter01","SOURCE_SHA256_BEFORE.csv","593046","2026-07-15T08:01:46.9262669Z","c33085deb5b37fec99b0e58400ef9523d9d19341b1acb678a819f0c095ba4b89"
"model_error_decomposition","C:\Users\catkin\Documents\baseline_zhou\zhou_icf_mpc_model_error_decomposition_iter01","src\+zhou_feasibility\apply_feasibility_layer.m","6291","2026-07-15T08:01:47.6837265Z","ee32529a7ff3c0d93d9795eb5e90ddc377124c16f75c057286b0e694859dbe44"
"model_error_decomposition","C:\Users\catkin\Documents\baseline_zhou\zhou_icf_mpc_model_error_decomposition_iter01","src\+zhou_feasibility\audit_original_illegal_cycles.m","4268","2026-07-15T08:01:47.6847521Z","0536d1a906b1e2b428e1fab637d8e0337b0ca4eaf6f00045e94ff40807c9341b"
"model_error_decomposition","C:\Users\catkin\Documents\baseline_zhou\zhou_icf_mpc_model_error_decomposition_iter01","src\+zhou_feasibility\compare_pointwise_runs.m","6173","2026-07-15T08:01:47.6847521Z","787d7f9419f1b6d23d2ad22cbb5f2e4e7ed90e5018086f753801f305224efff3"
"model_error_decomposition","C:\Users\catkin\Documents\baseline_zhou\zhou_icf_mpc_model_error_decomposition_iter01","src\+zhou_feasibility\generate_manifests.m","3186","2026-07-15T08:01:47.6847521Z","4060ade6d4c347dc153d26ec4016366b46e132f2488518085cbd8408f5370444"
"model_error_decomposition","C:\Users\catkin\Documents\baseline_zhou\zhou_icf_mpc_model_error_decomposition_iter01","src\+zhou_feasibility\generate_plots.m","21737","2026-07-15T08:01:47.6847521Z","e661a6d08013e929af692bbbcbadffa8dd00fcc573bad63dbebdb457a0781301"
"model_error_decomposition","C:\Users\catkin\Documents\baseline_zhou\zhou_icf_mpc_model_error_decomposition_iter01","src\+zhou_feasibility\generate_reports.m","15345","2026-07-15T08:01:47.6857608Z","c892d6a827da7539250113e930b11fe2412ca2e7abc3a5c9afc47bc85798680c"
"model_error_decomposition","C:\Users\catkin\Documents\baseline_zhou\zhou_icf_mpc_model_error_decomposition_iter01","src\+zhou_feasibility\minimum_normalized_constraint_violation_in_hexagon.m","2452","2026-07-15T08:01:47.6857608Z","c8861a78ee061e110b7e1468e11d255ca702f2c85870acb7ad220a859de60af6"
"model_error_decomposition","C:\Users\catkin\Documents\baseline_zhou\zhou_icf_mpc_model_error_decomposition_iter01","src\+zhou_feasibility\nearest_point_in_rectangle_hexagon_intersection.m","1860","2026-07-15T08:01:47.6857608Z","0cc04e191aa6ca56362975fafc9843f42404f91a00a3544824ef79f6f228f0e6"
"model_error_decomposition","C:\Users\catkin\Documents\baseline_zhou\zhou_icf_mpc_model_error_decomposition_iter01","src\+zhou_feasibility\point_in_hexagon.m","1935","2026-07-15T08:01:47.6857608Z","16b38f68b40858e8c440d964a5fc89a1f59313950fb6f8eee76a04fc93a8b6a3"
"model_error_decomposition","C:\Users\catkin\Documents\baseline_zhou\zhou_icf_mpc_model_error_decomposition_iter01","src\+zhou_feasibility\project_point_to_polygon.m","2488","2026-07-15T08:01:47.6867696Z","a358e2d2e94f9347699f2c1f7eeb19aafd0ee3a884d6074db80bad885168a06e"
"model_error_decomposition","C:\Users\catkin\Documents\baseline_zhou\zhou_icf_mpc_model_error_decomposition_iter01","src\+zhou_feasibility\rectangle_hexagon_intersection.m","4168","2026-07-15T08:01:47.6867696Z","856630c7d9ea73df97c41536d4941faddcc8964996b430a8325b52026cf54982"
"model_error_decomposition","C:\Users\catkin\Documents\baseline_zhou\zhou_icf_mpc_model_error_decomposition_iter01","src\+zhou_feasibility\run_campaign.m","7436","2026-07-15T08:01:47.6867696Z","8f80044f8a23d0d40bbed8ce91eeb12637aff79229596f159538c2b6b8f2344d"
"model_error_decomposition","C:\Users\catkin\Documents\baseline_zhou\zhou_icf_mpc_model_error_decomposition_iter01","src\+zhou_feasibility\run_control_case.m","20436","2026-07-15T08:01:47.6867696Z","462d15f088a3546cf715ff03bc825bee0eb1a58ac83d1327276745fdcabf27e9"
"model_error_decomposition","C:\Users\catkin\Documents\baseline_zhou\zhou_icf_mpc_model_error_decomposition_iter01","src\+zhou_feasibility\run_p0_strict_regression.m","2410","2026-07-15T08:01:47.6877783Z","3becb442afbda5a14e99b660536c1d9a6f7e1ee04306c290b21f3442001a70ac"
"model_error_decomposition","C:\Users\catkin\Documents\baseline_zhou\zhou_icf_mpc_model_error_decomposition_iter01","src\+zhou_feasibility\synthesize_feasible_three_vector_command.m","2742","2026-07-15T08:01:47.6877783Z","efeda7963650f65298a9ce875bea2205a14487527a8938bf3b2da098c6a62b7c"
"model_error_decomposition","C:\Users\catkin\Documents\baseline_zhou\zhou_icf_mpc_model_error_decomposition_iter01","src\+zhou_feasibility\voltage_feasibility.m","8385","2026-07-15T08:01:47.6877783Z","b0d780e13c8e2387970d9643620c7b2ef749a3100831f63a0fdc3b3056b944f4"
"model_error_decomposition","C:\Users\catkin\Documents\baseline_zhou\zhou_icf_mpc_model_error_decomposition_iter01","src\+zhou_ipmsm\+baseline\fcs_mpcc_step.m","3427","2026-07-15T08:01:47.6887834Z","50b3bbd7a876df2b06b95963243f81d0e8f40d30e8f46126395e2d17ffa17142"
"model_error_decomposition","C:\Users\catkin\Documents\baseline_zhou\zhou_icf_mpc_model_error_decomposition_iter01","src\+zhou_ipmsm\+controller\compute_V_terms.m","200","2026-07-15T08:01:47.6887834Z","7ad68159a48c0c5e1637e5adbdcb585619ffd288709e40d6579c9e8771a01be0"
"model_error_decomposition","C:\Users\catkin\Documents\baseline_zhou\zhou_icf_mpc_model_error_decomposition_iter01","src\+zhou_ipmsm\+controller\costs_from_voltage.m","285","2026-07-15T08:01:47.6887834Z","4d2339a4d1a94a99ff77bbbed360e1899ea01bdbb22e2f49095850caa18c8422"
"model_error_decomposition","C:\Users\catkin\Documents\baseline_zhou\zhou_icf_mpc_model_error_decomposition_iter01","src\+zhou_ipmsm\+controller\estimate_F.m","800","2026-07-15T08:01:47.6898223Z","dcd0e71be0a20b55abea40bedf57928656404048754f2594336bc75b0673b809"
"model_error_decomposition","C:\Users\catkin\Documents\baseline_zhou\zhou_icf_mpc_model_error_decomposition_iter01","src\+zhou_ipmsm\+controller\estimate_F_algebraic.m","1117","2026-07-15T08:01:47.6898223Z","9748477077f783ea155e4567315783c7891c80e8cd718ea63752f38e0d67a137"
"model_error_decomposition","C:\Users\catkin\Documents\baseline_zhou\zhou_icf_mpc_model_error_decomposition_iter01","src\+zhou_ipmsm\+controller\icf_mpc_step.m","3474","2026-07-15T08:01:47.6898223Z","d04ae3ba06a20d2f12a125ddfcc55bdbf2fb12a7c06158b68a2f1401e385a219"
"model_error_decomposition","C:\Users\catkin\Documents\baseline_zhou\zhou_icf_mpc_model_error_decomposition_iter01","src\+zhou_ipmsm\+controller\independent_costs.m","205","2026-07-15T08:01:47.6898223Z","8cb1f8490e2f45717b279881065fd69d631673761c1115044a7df24ce55953b8"
"model_error_decomposition","C:\Users\catkin\Documents\baseline_zhou\zhou_icf_mpc_model_error_decomposition_iter01","src\+zhou_ipmsm\+controller\predict_k1.m","258","2026-07-15T08:01:47.6898223Z","b7cbcf472d17a43ffc7f3b68ff2fb600b897eb85a16a5dcd75c060352998e10a"
"model_error_decomposition","C:\Users\catkin\Documents\baseline_zhou\zhou_icf_mpc_model_error_decomposition_iter01","src\+zhou_ipmsm\+controller\predict_k2.m","230","2026-07-15T08:01:47.6909028Z","dfbf9d72607feb3dfe5c92163f1cb8a2559722a94c599d42acb70c49123b9e6c"
"model_error_decomposition","C:\Users\catkin\Documents\baseline_zhou\zhou_icf_mpc_model_error_decomposition_iter01","src\+zhou_ipmsm\+controller\sequence_equivalent_dq_voltage.m","649","2026-07-15T08:01:47.6909028Z","99c065843fe85b52bc0774c8f5dd5edd8e54f605dd8a89e615cbdc251b180189"
"model_error_decomposition","C:\Users\catkin\Documents\baseline_zhou\zhou_icf_mpc_model_error_decomposition_iter01","src\+zhou_ipmsm\+geometry\active_lines.m","308","2026-07-15T08:01:47.6909028Z","7743083d48974f78e1224355029b9a91b3ce558774d202e82f5d3465079229e1"
"model_error_decomposition","C:\Users\catkin\Documents\baseline_zhou\zhou_icf_mpc_model_error_decomposition_iter01","src\+zhou_ipmsm\+geometry\analyze_rectangle.m","2992","2026-07-15T08:01:47.6909028Z","6356974cf88eabc765266c7e6152f8e5bedc3caf3eb770005dd6846ae1969a65"
"model_error_decomposition","C:\Users\catkin\Documents\baseline_zhou\zhou_icf_mpc_model_error_decomposition_iter01","src\+zhou_ipmsm\+geometry\build_rectangle.m","3231","2026-07-15T08:01:47.6949365Z","5fd8ded2eef91766d45a4ba981666b907f97f173aed12ddc598a653b727371a6"
"model_error_decomposition","C:\Users\catkin\Documents\baseline_zhou\zhou_icf_mpc_model_error_decomposition_iter01","src\+zhou_ipmsm\+geometry\case2_midpoint.m","4228","2026-07-15T08:01:47.6959898Z","7bfe0d53a4dc9b9a78baa222a25e646b66e61168d058f1d30c6274a69651c9fc"
"model_error_decomposition","C:\Users\catkin\Documents\baseline_zhou\zhou_icf_mpc_model_error_decomposition_iter01","src\+zhou_ipmsm\+geometry\classify_case.m","1244","2026-07-15T08:01:47.6959898Z","a5803066f0dddd99cd6579132a93555ba86aea254544eb8fa9fcb280636c9584"
"model_error_decomposition","C:\Users\catkin\Documents\baseline_zhou\zhou_icf_mpc_model_error_decomposition_iter01","src\+zhou_ipmsm\+geometry\line_rectangle_intersections.m","2591","2026-07-15T08:01:47.6959898Z","43d3578151690eba60bb832b66ebc0525a9569757bc24528b83900e98c46cdec"
"model_error_decomposition","C:\Users\catkin\Documents\baseline_zhou\zhou_icf_mpc_model_error_decomposition_iter01","src\+zhou_ipmsm\+geometry\line_side_signature.m","881","2026-07-15T08:01:47.6969915Z","4ca4e716f7f56704f38d04f37d6e8289445117071b19ac7e6f283403fba2e6b0"
"model_error_decomposition","C:\Users\catkin\Documents\baseline_zhou\zhou_icf_mpc_model_error_decomposition_iter01","src\+zhou_ipmsm\+geometry\point_in_rectangle.m","482","2026-07-15T08:01:47.6969915Z","55ca18580ab8834a329e4cce0a37b5b45ae93023f3a347c8131a1aac626dda1a"
"model_error_decomposition","C:\Users\catkin\Documents\baseline_zhou\zhou_icf_mpc_model_error_decomposition_iter01","src\+zhou_ipmsm\+geometry\sector_of_point.m","727","2026-07-15T08:01:47.6969915Z","e5b95ccf541732e28cbda8e4c9cb8d367be6a24e6bd18b17f502086db9e3668f"
"model_error_decomposition","C:\Users\catkin\Documents\baseline_zhou\zhou_icf_mpc_model_error_decomposition_iter01","src\+zhou_ipmsm\+geometry\select_savv.m","3292","2026-07-15T08:01:47.6969915Z","406ec353b3d3bb0622b2bfec6295a822f3568676b418002273fcb09b98dfb629"
"model_error_decomposition","C:\Users\catkin\Documents\baseline_zhou\zhou_icf_mpc_model_error_decomposition_iter01","src\+zhou_ipmsm\+inverter\count_sequence_transitions.m","358","2026-07-15T08:01:47.6969915Z","9b3f690901a85f8c6a47aa4af7b849b1f7a3c833e5e63520e475f90ed2cd44ae"
"model_error_decomposition","C:\Users\catkin\Documents\baseline_zhou\zhou_icf_mpc_model_error_decomposition_iter01","src\+zhou_ipmsm\+inverter\deadtime_voltage_error.m","2135","2026-07-15T08:01:47.6984968Z","133a67ebc066eda3f9faf0655d6af37e17897556a9282d2fc662424f03554ee9"
"model_error_decomposition","C:\Users\catkin\Documents\baseline_zhou\zhou_icf_mpc_model_error_decomposition_iter01","src\+zhou_ipmsm\+inverter\voltage_vectors.m","806","2026-07-15T08:01:47.6984968Z","2e5aa4ca358ce59f137e2241b9ec4e5015660ff1554cbeddc24a113466b0a8ec"
"model_error_decomposition","C:\Users\catkin\Documents\baseline_zhou\zhou_icf_mpc_model_error_decomposition_iter01","src\+zhou_ipmsm\+io\append_standard_tables.m","853","2026-07-15T08:01:47.6995164Z","f3c4942ee85e3cf13c73976a34344023687e0a36fbe8348012c646754ff508ce"
"model_error_decomposition","C:\Users\catkin\Documents\baseline_zhou\zhou_icf_mpc_model_error_decomposition_iter01","src\+zhou_ipmsm\+io\append_text.m","422","2026-07-15T08:01:47.6995164Z","fd20f633eb0e4bf0d02e98c7e3c7f8dd8f42cc5719e7f431f35aa368ba4df0c5"
"model_error_decomposition","C:\Users\catkin\Documents\baseline_zhou\zhou_icf_mpc_model_error_decomposition_iter01","src\+zhou_ipmsm\+io\create_run_context.m","2277","2026-07-15T08:01:47.6995164Z","7cdfea19e54cb38e12a4f5f8dab67684c1a11690cf565ba93a6b622efe190812"
"model_error_decomposition","C:\Users\catkin\Documents\baseline_zhou\zhou_icf_mpc_model_error_decomposition_iter01","src\+zhou_ipmsm\+io\file_sha256.m","520","2026-07-15T08:01:47.6995164Z","85c98a0918c6e4292047de9feb8a8ebad71bb38fb42e9ae4239121f933786f15"
"model_error_decomposition","C:\Users\catkin\Documents\baseline_zhou\zhou_icf_mpc_model_error_decomposition_iter01","src\+zhou_ipmsm\+io\write_code_manifest.m","1421","2026-07-15T08:01:47.7005276Z","61e5f3b6b82bbd0f3de4d0ed5a02c9ba9a9ae73d0340664127b0343a10e76f25"
"model_error_decomposition","C:\Users\catkin\Documents\baseline_zhou\zhou_icf_mpc_model_error_decomposition_iter01","src\+zhou_ipmsm\+io\write_or_append_table.m","786","2026-07-15T08:01:47.7005276Z","ed39228e60c546f4904d72ea71576522962f9650e0a200009534e712d13788cb"
"model_error_decomposition","C:\Users\catkin\Documents\baseline_zhou\zhou_icf_mpc_model_error_decomposition_iter01","src\+zhou_ipmsm\+io\write_text_new.m","436","2026-07-15T08:01:47.7005276Z","fafb82f05b30ff77d7d57832126a22641443fd735a4d4eff836fac0b5d4d32ed"
"model_error_decomposition","C:\Users\catkin\Documents\baseline_zhou\zhou_icf_mpc_model_error_decomposition_iter01","src\+zhou_ipmsm\+math\inv_park.m","189","2026-07-15T08:01:47.7015381Z","bbf722e017f6480537cd7cb4fde649323d5344428911d6a2bbfb933644e56854"
"model_error_decomposition","C:\Users\catkin\Documents\baseline_zhou\zhou_icf_mpc_model_error_decomposition_iter01","src\+zhou_ipmsm\+math\park.m","187","2026-07-15T08:01:47.7015381Z","36d1e543a6df50691c4b262bcf3e50d92a7f8426a1acab5706cdc49428d366ae"
"model_error_decomposition","C:\Users\catkin\Documents\baseline_zhou\zhou_icf_mpc_model_error_decomposition_iter01","src\+zhou_ipmsm\+metrics\case_statistics_table.m","570","2026-07-15T08:01:47.7015381Z","ee946f50ef046891a07cf76aa8e079934e9e8fcb559986a7dc7aebcac346ee58"
"model_error_decomposition","C:\Users\catkin\Documents\baseline_zhou\zhou_icf_mpc_model_error_decomposition_iter01","src\+zhou_ipmsm\+metrics\constraint_violations_table.m","1354","2026-07-15T08:01:47.7025470Z","730dc8fa332498aa45214b1572f4abbeccaaf008e3e82a7406a60cf0257dffcf"
"model_error_decomposition","C:\Users\catkin\Documents\baseline_zhou\zhou_icf_mpc_model_error_decomposition_iter01","src\+zhou_ipmsm\+metrics\phase_thd.m","708","2026-07-15T08:01:47.7025470Z","19e430b6a50eff55663f694583f9079f60bb63ea24195fceedc5a57e5fa4b8a1"
"model_error_decomposition","C:\Users\catkin\Documents\baseline_zhou\zhou_icf_mpc_model_error_decomposition_iter01","src\+zhou_ipmsm\+metrics\phase_thd_total_rms.m","859","2026-07-15T08:01:47.7035530Z","92bfdafc59020226c3d54f65304d9e2a6184c1ddccf9705b1356ba5e940791de"
"model_error_decomposition","C:\Users\catkin\Documents\baseline_zhou\zhou_icf_mpc_model_error_decomposition_iter01","src\+zhou_ipmsm\+metrics\summarize_simulation.m","4271","2026-07-15T08:01:47.7035530Z","01490265c80b717b1ed95d4b1d2f16215d11039a91622bd8d6238d7706d6c3e2"
"model_error_decomposition","C:\Users\catkin\Documents\baseline_zhou\zhou_icf_mpc_model_error_decomposition_iter01","src\+zhou_ipmsm\+metrics\summary_to_long_table.m","2181","2026-07-15T08:01:47.7035530Z","0c800cdd6ae6571dbd47c4486c9b2f4abb83315a7d7aa4d816604184656b9fd2"
"model_error_decomposition","C:\Users\catkin\Documents\baseline_zhou\zhou_icf_mpc_model_error_decomposition_iter01","src\+zhou_ipmsm\+model\electromagnetic_torque.m","685","2026-07-15T08:01:47.7045554Z","a12504a93bf09a578b3dd8e0f66e2f47c1760765acaeea4911ac4c679269e492"
"model_error_decomposition","C:\Users\catkin\Documents\baseline_zhou\zhou_icf_mpc_model_error_decomposition_iter01","src\+zhou_ipmsm\+model\integrate_command.m","2625","2026-07-15T08:01:47.7045554Z","e2259788708a365c91c27b0af1d17fda8888337b30fe7f99d6e441734d6c37f1"
"model_error_decomposition","C:\Users\catkin\Documents\baseline_zhou\zhou_icf_mpc_model_error_decomposition_iter01","src\+zhou_ipmsm\+model\phase_currents.m","365","2026-07-15T08:01:47.7045554Z","1941618d326081ea5c43e4292e1cf3c9e587aa7829cb2a9c87bf68038684ba55"
"model_error_decomposition","C:\Users\catkin\Documents\baseline_zhou\zhou_icf_mpc_model_error_decomposition_iter01","src\+zhou_ipmsm\+model\pmsm_derivative.m","1346","2026-07-15T08:01:47.7055618Z","9ed8bcb8bb0ff84e5c71a9cdb4c0e3815354278092dc14bbc1ff8a6e1bde5542"
"model_error_decomposition","C:\Users\catkin\Documents\baseline_zhou\zhou_icf_mpc_model_error_decomposition_iter01","src\+zhou_ipmsm\+model\sample_command_waveform.m","3086","2026-07-15T08:01:47.7055618Z","440312b750bcc2e1b385e8d07f50f0ce8e9e8fd01f85f556bc3ba0a19dd37770"
"model_error_decomposition","C:\Users\catkin\Documents\baseline_zhou\zhou_icf_mpc_model_error_decomposition_iter01","src\+zhou_ipmsm\+model\torque_components.m","579","2026-07-15T08:01:47.7055618Z","363029a7444c6dcd4898b797015ce9aa9c6f8e3da847dd2bef342f741a9d5caa"
"model_error_decomposition","C:\Users\catkin\Documents\baseline_zhou\zhou_icf_mpc_model_error_decomposition_iter01","src\+zhou_ipmsm\+modulation\case1_command.m","638","2026-07-15T08:01:47.7067040Z","c7a7903fa4728e38f92e269ffaf45127b5f934ff72ae164b200d17d2d572dde4"
"model_error_decomposition","C:\Users\catkin\Documents\baseline_zhou\zhou_icf_mpc_model_error_decomposition_iter01","src\+zhou_ipmsm\+modulation\case2_command.m","1815","2026-07-15T08:01:47.7067040Z","76e6368dcef006866ef81d188494fbe744ba59c482ffff63c18ac8f3ef366762"
"model_error_decomposition","C:\Users\catkin\Documents\baseline_zhou\zhou_icf_mpc_model_error_decomposition_iter01","src\+zhou_ipmsm\+modulation\case3_command.m","2059","2026-07-15T08:01:47.7067040Z","297f4b1f250f51d899d2a5884fb469842034a3d473aa3c00245fbeaa3a2da1b2"
"model_error_decomposition","C:\Users\catkin\Documents\baseline_zhou\zhou_icf_mpc_model_error_decomposition_iter01","src\+zhou_ipmsm\+reference\build_current_reference.m","218","2026-07-15T08:01:47.7077102Z","ff844c4755c3e4913e0b2af3157264ae47ed0e3ca0f997e0e5eeb5fb48695b50"
"model_error_decomposition","C:\Users\catkin\Documents\baseline_zhou\zhou_icf_mpc_model_error_decomposition_iter01","src\+zhou_ipmsm\+sim\run_closed_loop.m","18327","2026-07-15T08:01:47.7077102Z","31cbdb65931ec3efa94562d537cdd3778561c3602e15bb0575dd280e6fd1cc0d"
"model_error_decomposition","C:\Users\catkin\Documents\baseline_zhou\zhou_icf_mpc_model_error_decomposition_iter01","src\+zhou_iter11_ref\+baseline\fcs_mpcc_step.m","3467","2026-07-15T08:01:47.7087122Z","ea032e04da58fda719252f849f17f973df6baf7fb14f0aa6d58f88e1e19f7c38"
"model_error_decomposition","C:\Users\catkin\Documents\baseline_zhou\zhou_icf_mpc_model_error_decomposition_iter01","src\+zhou_iter11_ref\+controller\compute_V_terms.m","200","2026-07-15T08:01:47.7087122Z","7ad68159a48c0c5e1637e5adbdcb585619ffd288709e40d6579c9e8771a01be0"
"model_error_decomposition","C:\Users\catkin\Documents\baseline_zhou\zhou_icf_mpc_model_error_decomposition_iter01","src\+zhou_iter11_ref\+controller\costs_from_voltage.m","290","2026-07-15T08:01:47.7087122Z","f44fd681c831e11789518c26343e698a5e3d791bac94a0f821f6560efd8dc66c"
"model_error_decomposition","C:\Users\catkin\Documents\baseline_zhou\zhou_icf_mpc_model_error_decomposition_iter01","src\+zhou_iter11_ref\+controller\estimate_F.m","800","2026-07-15T08:01:47.7087122Z","dcd0e71be0a20b55abea40bedf57928656404048754f2594336bc75b0673b809"
"model_error_decomposition","C:\Users\catkin\Documents\baseline_zhou\zhou_icf_mpc_model_error_decomposition_iter01","src\+zhou_iter11_ref\+controller\estimate_F_algebraic.m","1121","2026-07-15T08:01:47.7097180Z","db3e08f69c9c2d2f4d7e31fcc6db23bf9e5e8031b3a160f873afa4c7ab1b606d"
"model_error_decomposition","C:\Users\catkin\Documents\baseline_zhou\zhou_icf_mpc_model_error_decomposition_iter01","src\+zhou_iter11_ref\+controller\icf_mpc_step.m","3459","2026-07-15T08:01:47.7097180Z","9407412b37118db6d30ea85104cbc715d01d33c859d82578d16b381a3b8563ca"
"model_error_decomposition","C:\Users\catkin\Documents\baseline_zhou\zhou_icf_mpc_model_error_decomposition_iter01","src\+zhou_iter11_ref\+controller\independent_costs.m","205","2026-07-15T08:01:47.7097180Z","8cb1f8490e2f45717b279881065fd69d631673761c1115044a7df24ce55953b8"
"model_error_decomposition","C:\Users\catkin\Documents\baseline_zhou\zhou_icf_mpc_model_error_decomposition_iter01","src\+zhou_iter11_ref\+controller\predict_k1.m","258","2026-07-15T08:01:47.7097180Z","b7cbcf472d17a43ffc7f3b68ff2fb600b897eb85a16a5dcd75c060352998e10a"
"model_error_decomposition","C:\Users\catkin\Documents\baseline_zhou\zhou_icf_mpc_model_error_decomposition_iter01","src\+zhou_iter11_ref\+controller\predict_k2.m","230","2026-07-15T08:01:47.7097180Z","dfbf9d72607feb3dfe5c92163f1cb8a2559722a94c599d42acb70c49123b9e6c"
"model_error_decomposition","C:\Users\catkin\Documents\baseline_zhou\zhou_icf_mpc_model_error_decomposition_iter01","src\+zhou_iter11_ref\+controller\sequence_equivalent_dq_voltage.m","659","2026-07-15T08:01:47.7107256Z","b4af47c395da3c421550fbf0f3f1524e837c5f25c2399afb468d7db44dcbabd5"
"model_error_decomposition","C:\Users\catkin\Documents\baseline_zhou\zhou_icf_mpc_model_error_decomposition_iter01","src\+zhou_iter11_ref\+geometry\active_lines.m","308","2026-07-15T08:01:47.7107256Z","7743083d48974f78e1224355029b9a91b3ce558774d202e82f5d3465079229e1"
"model_error_decomposition","C:\Users\catkin\Documents\baseline_zhou\zhou_icf_mpc_model_error_decomposition_iter01","src\+zhou_iter11_ref\+geometry\analyze_rectangle.m","3037","2026-07-15T08:01:47.7107256Z","b9f4c801ca5b635d0ddbf7b6452b9f9bb366d7e17d869cf421b48baaa27eaba0"
"model_error_decomposition","C:\Users\catkin\Documents\baseline_zhou\zhou_icf_mpc_model_error_decomposition_iter01","src\+zhou_iter11_ref\+geometry\build_rectangle.m","3231","2026-07-15T08:01:47.7117345Z","5fd8ded2eef91766d45a4ba981666b907f97f173aed12ddc598a653b727371a6"
"model_error_decomposition","C:\Users\catkin\Documents\baseline_zhou\zhou_icf_mpc_model_error_decomposition_iter01","src\+zhou_iter11_ref\+geometry\case2_midpoint.m","4237","2026-07-15T08:01:47.7117345Z","41d83005f57d319576dfa626474a41c63b2dbeeb4e6c2de3632daa9864e8f688"
"model_error_decomposition","C:\Users\catkin\Documents\baseline_zhou\zhou_icf_mpc_model_error_decomposition_iter01","src\+zhou_iter11_ref\+geometry\classify_case.m","1259","2026-07-15T08:01:47.7117345Z","ef35cf0a6cda08e7a5c285fe1403d1dd4dfd1ac9c78cfb46823615bb1be7b2ca"
"model_error_decomposition","C:\Users\catkin\Documents\baseline_zhou\zhou_icf_mpc_model_error_decomposition_iter01","src\+zhou_iter11_ref\+geometry\line_rectangle_intersections.m","2600","2026-07-15T08:01:47.7117345Z","212e36edb24959aa03846001225152b31058db579609793a64cb935e93774ac6"
"model_error_decomposition","C:\Users\catkin\Documents\baseline_zhou\zhou_icf_mpc_model_error_decomposition_iter01","src\+zhou_iter11_ref\+geometry\line_side_signature.m","890","2026-07-15T08:01:47.7127346Z","40d7262d84489d51b53614705860b311472196c0042dd6ed3f06a06bdebbce25"
"model_error_decomposition","C:\Users\catkin\Documents\baseline_zhou\zhou_icf_mpc_model_error_decomposition_iter01","src\+zhou_iter11_ref\+geometry\point_in_rectangle.m","487","2026-07-15T08:01:47.7127346Z","5e6d122d58b56d3cf6b22940734181bf24371219f93a353f14fc2d7d9c963d7f"
"model_error_decomposition","C:\Users\catkin\Documents\baseline_zhou\zhou_icf_mpc_model_error_decomposition_iter01","src\+zhou_iter11_ref\+geometry\sector_of_point.m","727","2026-07-15T08:01:47.7127346Z","e5b95ccf541732e28cbda8e4c9cb8d367be6a24e6bd18b17f502086db9e3668f"
"model_error_decomposition","C:\Users\catkin\Documents\baseline_zhou\zhou_icf_mpc_model_error_decomposition_iter01","src\+zhou_iter11_ref\+geometry\select_savv.m","3301","2026-07-15T08:01:47.7127346Z","521ff058cea0f3b5147d8000eb9e73e411e7a36b503d9e67c09de5d3787aabfa"
"model_error_decomposition","C:\Users\catkin\Documents\baseline_zhou\zhou_icf_mpc_model_error_decomposition_iter01","src\+zhou_iter11_ref\+inverter\count_sequence_transitions.m","362","2026-07-15T08:01:47.7137346Z","2c04f5cee036a6f8b95ec9aebcde98e3ac418a24280b94aa3ad85103d3a3da2f"
"model_error_decomposition","C:\Users\catkin\Documents\baseline_zhou\zhou_icf_mpc_model_error_decomposition_iter01","src\+zhou_iter11_ref\+inverter\deadtime_voltage_error.m","2140","2026-07-15T08:01:47.7137346Z","e5881fdafdd8663efbba207ec32dd60842b245470cbea68b9406bdfceac4d9d5"
"model_error_decomposition","C:\Users\catkin\Documents\baseline_zhou\zhou_icf_mpc_model_error_decomposition_iter01","src\+zhou_iter11_ref\+inverter\voltage_vectors.m","806","2026-07-15T08:01:47.7157540Z","2e5aa4ca358ce59f137e2241b9ec4e5015660ff1554cbeddc24a113466b0a8ec"
"model_error_decomposition","C:\Users\catkin\Documents\baseline_zhou\zhou_icf_mpc_model_error_decomposition_iter01","src\+zhou_iter11_ref\+io\append_standard_tables.m","883","2026-07-15T08:01:47.7167595Z","69945d57663975fbb6cae98dd9e804666e9573eb0a0fb3e414964939f324582f"
"model_error_decomposition","C:\Users\catkin\Documents\baseline_zhou\zhou_icf_mpc_model_error_decomposition_iter01","src\+zhou_iter11_ref\+io\append_text.m","426","2026-07-15T08:01:47.7167595Z","04baa1ead7f3cad85b3f644707e8c210cbe3027654b9667372ddc32482599a0c"
"model_error_decomposition","C:\Users\catkin\Documents\baseline_zhou\zhou_icf_mpc_model_error_decomposition_iter01","src\+zhou_iter11_ref\+io\create_run_context.m","2286","2026-07-15T08:01:47.7167595Z","d75d634e8173bed7d548c6300804bca8c097efc0cee59e1f08005f5ce277021f"
"model_error_decomposition","C:\Users\catkin\Documents\baseline_zhou\zhou_icf_mpc_model_error_decomposition_iter01","src\+zhou_iter11_ref\+io\file_sha256.m","524","2026-07-15T08:01:47.7177650Z","e4bee0917bb98986dcd745375853f2067baa35290020db6b940bb94dd0464bd3"
"model_error_decomposition","C:\Users\catkin\Documents\baseline_zhou\zhou_icf_mpc_model_error_decomposition_iter01","src\+zhou_iter11_ref\+io\write_code_manifest.m","1426","2026-07-15T08:01:47.7177650Z","c062ed091151d1a6c7ccf5d3c1a347c9c4ace5eca885b1a74721b9cfa9b0a287"
"model_error_decomposition","C:\Users\catkin\Documents\baseline_zhou\zhou_icf_mpc_model_error_decomposition_iter01","src\+zhou_iter11_ref\+io\write_or_append_table.m","794","2026-07-15T08:01:47.7177650Z","d35bff4317b1a2c2dde88cf128a3901d63bcacb3614c8681c6d2841e59e79bd5"
"model_error_decomposition","C:\Users\catkin\Documents\baseline_zhou\zhou_icf_mpc_model_error_decomposition_iter01","src\+zhou_iter11_ref\+io\write_text_new.m","444","2026-07-15T08:01:47.7177650Z","533baaceb12879b916e7c0dbe8cbfb1fefbe658e3a6eeae51ce89917aeb5191e"
"model_error_decomposition","C:\Users\catkin\Documents\baseline_zhou\zhou_icf_mpc_model_error_decomposition_iter01","src\+zhou_iter11_ref\+math\inv_park.m","189","2026-07-15T08:01:47.7177650Z","bbf722e017f6480537cd7cb4fde649323d5344428911d6a2bbfb933644e56854"
"model_error_decomposition","C:\Users\catkin\Documents\baseline_zhou\zhou_icf_mpc_model_error_decomposition_iter01","src\+zhou_iter11_ref\+math\park.m","187","2026-07-15T08:01:47.7190566Z","36d1e543a6df50691c4b262bcf3e50d92a7f8426a1acab5706cdc49428d366ae"
"model_error_decomposition","C:\Users\catkin\Documents\baseline_zhou\zhou_icf_mpc_model_error_decomposition_iter01","src\+zhou_iter11_ref\+metrics\case_statistics_table.m","570","2026-07-15T08:01:47.7190566Z","ee946f50ef046891a07cf76aa8e079934e9e8fcb559986a7dc7aebcac346ee58"
"model_error_decomposition","C:\Users\catkin\Documents\baseline_zhou\zhou_icf_mpc_model_error_decomposition_iter01","src\+zhou_iter11_ref\+metrics\constraint_violations_table.m","1354","2026-07-15T08:01:47.7190566Z","730dc8fa332498aa45214b1572f4abbeccaaf008e3e82a7406a60cf0257dffcf"
"model_error_decomposition","C:\Users\catkin\Documents\baseline_zhou\zhou_icf_mpc_model_error_decomposition_iter01","src\+zhou_iter11_ref\+metrics\phase_thd.m","708","2026-07-15T08:01:47.7204050Z","19e430b6a50eff55663f694583f9079f60bb63ea24195fceedc5a57e5fa4b8a1"
"model_error_decomposition","C:\Users\catkin\Documents\baseline_zhou\zhou_icf_mpc_model_error_decomposition_iter01","src\+zhou_iter11_ref\+metrics\phase_thd_total_rms.m","863","2026-07-15T08:01:47.7204050Z","44d14dc5ef58bfc6087512b33f2fe704faf5b62f9cf9e6d82640c3c679281803"
"model_error_decomposition","C:\Users\catkin\Documents\baseline_zhou\zhou_icf_mpc_model_error_decomposition_iter01","src\+zhou_iter11_ref\+metrics\summarize_simulation.m","4290","2026-07-15T08:01:47.7204050Z","eb2917a7d2cd279ecb655ea9bc7051cc811f9253ac9ae32dd0fbcd4605168f6f"
"model_error_decomposition","C:\Users\catkin\Documents\baseline_zhou\zhou_icf_mpc_model_error_decomposition_iter01","src\+zhou_iter11_ref\+metrics\summary_to_long_table.m","2181","2026-07-15T08:01:47.7204050Z","0c800cdd6ae6571dbd47c4486c9b2f4abb83315a7d7aa4d816604184656b9fd2"
"model_error_decomposition","C:\Users\catkin\Documents\baseline_zhou\zhou_icf_mpc_model_error_decomposition_iter01","src\+zhou_iter11_ref\+model\electromagnetic_torque.m","207","2026-07-15T08:01:47.7214109Z","12d50829da03ea25256358199bba0e0f086dffcea4b788b509d48b813c0c3e87"
"model_error_decomposition","C:\Users\catkin\Documents\baseline_zhou\zhou_icf_mpc_model_error_decomposition_iter01","src\+zhou_iter11_ref\+model\integrate_command.m","2379","2026-07-15T08:01:47.7214109Z","425b41d68e1dab504d44b956553dc511ffeaf24567961f5848fff5a493498ec6"
"model_error_decomposition","C:\Users\catkin\Documents\baseline_zhou\zhou_icf_mpc_model_error_decomposition_iter01","src\+zhou_iter11_ref\+model\phase_currents.m","370","2026-07-15T08:01:47.7214109Z","8de0550955257ad92006e20470a7fa03141f6bb78aab3cb6045bc1f1108d2a37"
"model_error_decomposition","C:\Users\catkin\Documents\baseline_zhou\zhou_icf_mpc_model_error_decomposition_iter01","src\+zhou_iter11_ref\+model\pmsm_derivative.m","773","2026-07-15T08:01:47.7214109Z","955986f509c77349edb832f0f1ef2e5904dd1921338e61d8fabfde1483a0ad38"
"model_error_decomposition","C:\Users\catkin\Documents\baseline_zhou\zhou_icf_mpc_model_error_decomposition_iter01","src\+zhou_iter11_ref\+model\sample_command_waveform.m","3122","2026-07-15T08:01:47.7225355Z","f017d4b238410c197024ac4baae9473ba0c434bfa9ff83d5fbc14cb7839739be"
"model_error_decomposition","C:\Users\catkin\Documents\baseline_zhou\zhou_icf_mpc_model_error_decomposition_iter01","src\+zhou_iter11_ref\+modulation\case1_command.m","638","2026-07-15T08:01:47.7225355Z","c7a7903fa4728e38f92e269ffaf45127b5f934ff72ae164b200d17d2d572dde4"
"model_error_decomposition","C:\Users\catkin\Documents\baseline_zhou\zhou_icf_mpc_model_error_decomposition_iter01","src\+zhou_iter11_ref\+modulation\case2_command.m","1820","2026-07-15T08:01:47.7225355Z","0afe24058e92b4797f46d3f52283e53faa99eb10a2432cf379502612ea5916bc"
"model_error_decomposition","C:\Users\catkin\Documents\baseline_zhou\zhou_icf_mpc_model_error_decomposition_iter01","src\+zhou_iter11_ref\+modulation\case3_command.m","2073","2026-07-15T08:01:47.7235451Z","3e4f828ae2af8831a4aff3889ff6fab3d2aadf75e9f503174bd325321425a6a4"
"model_error_decomposition","C:\Users\catkin\Documents\baseline_zhou\zhou_icf_mpc_model_error_decomposition_iter01","src\+zhou_iter11_ref\+sim\run_closed_loop.m","15944","2026-07-15T08:01:47.7235451Z","70ff1595f820842a215216f31f0bc7ec2f065e6da061a09d498d53582b0ebc40"
"model_error_decomposition","C:\Users\catkin\Documents\baseline_zhou\zhou_icf_mpc_model_error_decomposition_iter01","src\+zhou_model_error\build_summaries.m","11528","2026-07-15T08:01:47.7265872Z","e28f5d7acc49c0219112dd2fd261b9d1cd6217d8dc7a1fc9de61cca699466ac6"
"model_error_decomposition","C:\Users\catkin\Documents\baseline_zhou\zhou_icf_mpc_model_error_decomposition_iter01","src\+zhou_model_error\copy_provenance.m","1976","2026-07-15T08:01:47.7276024Z","b60898e4f8b8dc8fadc4a7dfaa35e3314e4c235d6d0676b3af8eb5611811125c"
"model_error_decomposition","C:\Users\catkin\Documents\baseline_zhou\zhou_icf_mpc_model_error_decomposition_iter01","src\+zhou_model_error\decompose_simulation.m","12471","2026-07-15T08:01:47.7276024Z","1521b9eeaa8cd38591176a679f04a2242fa22a7222567a2cd3f56e9737f6205a"
"model_error_decomposition","C:\Users\catkin\Documents\baseline_zhou\zhou_icf_mpc_model_error_decomposition_iter01","src\+zhou_model_error\discover_upstreams.m","1358","2026-07-15T08:01:47.7286159Z","e83bc05385945438eaea058180c3bea1758d630b8ae4507686f2b40682700b1d"
"model_error_decomposition","C:\Users\catkin\Documents\baseline_zhou\zhou_icf_mpc_model_error_decomposition_iter01","src\+zhou_model_error\finalize_freeze.m","1396","2026-07-15T08:01:47.7286159Z","82f388a999d68a8ee4979306119a027a4219ac3ee3527ab55d0972a6081486ba"
"model_error_decomposition","C:\Users\catkin\Documents\baseline_zhou\zhou_icf_mpc_model_error_decomposition_iter01","src\+zhou_model_error\generate_documentation.m","59278","2026-07-15T08:01:47.7296142Z","7c90b9dd2a07e7433aaa860057faedc6cbdbe8d4187e07dbb1e3195d83787254"
"model_error_decomposition","C:\Users\catkin\Documents\baseline_zhou\zhou_icf_mpc_model_error_decomposition_iter01","src\+zhou_model_error\generate_figures.m","8741","2026-07-15T08:01:47.7296142Z","0007dd66615cb8f96551c137bbb26612be6ed63aaf9b1b3262be9e0ced35425c"
"model_error_decomposition","C:\Users\catkin\Documents\baseline_zhou\zhou_icf_mpc_model_error_decomposition_iter01","src\+zhou_model_error\inventory.m","816","2026-07-15T08:01:47.7296142Z","bbbe3aaa5cb90da8d943d84e0302d8ac57efa2316764ef5add7a1c8a388ccd5b"
"model_error_decomposition","C:\Users\catkin\Documents\baseline_zhou\zhou_icf_mpc_model_error_decomposition_iter01","src\+zhou_model_error\make_decision.m","5010","2026-07-15T08:01:47.7296142Z","fa6840cba9f722cbaa0b27e21cbfa08add82bffab48f1d5f9f2460266f0d1fa4"
"model_error_decomposition","C:\Users\catkin\Documents\baseline_zhou\zhou_icf_mpc_model_error_decomposition_iter01","src\+zhou_model_error\offline_candidate_audit.m","15569","2026-07-15T08:01:47.7307944Z","4de519812e1f194d31a6a9c38a6d4e2b8cc2aea650aa8399bd52f24e326df60b"
"model_error_decomposition","C:\Users\catkin\Documents\baseline_zhou\zhou_icf_mpc_model_error_decomposition_iter01","src\+zhou_model_error\path_audit.m","3697","2026-07-15T08:01:47.7307944Z","2b818d628b3e12657da05856f3997f9cef713afb16780923cd027cfc4bbafcfe"
"model_error_decomposition","C:\Users\catkin\Documents\baseline_zhou\zhou_icf_mpc_model_error_decomposition_iter01","src\+zhou_model_error\prototype_gate.m","921","2026-07-15T08:01:47.7307944Z","f55558fa0dec28383a5eb02590c2d6d1d61213c4eb53384d71a6418e63e72127"
"model_error_decomposition","C:\Users\catkin\Documents\baseline_zhou\zhou_icf_mpc_model_error_decomposition_iter01","src\+zhou_model_error\residual_correlations.m","5236","2026-07-15T08:01:47.7307944Z","085ca2b1110c798731f983a5ab3ba52efe92a9b0f945dd0a5cc58ce0cce3e6cd"
"model_error_decomposition","C:\Users\catkin\Documents\baseline_zhou\zhou_icf_mpc_model_error_decomposition_iter01","src\+zhou_model_error\residual_spectrum.m","4303","2026-07-15T08:01:47.7318021Z","56427e9ad3634fb610d685ef0354c4f3844d973e20a6b6e81ae6db5dd637e4d8"
"model_error_decomposition","C:\Users\catkin\Documents\baseline_zhou\zhou_icf_mpc_model_error_decomposition_iter01","src\+zhou_model_error\run_audit.m","6094","2026-07-15T08:01:47.7318021Z","0a952ab4f03b15909b795805cca6a63aa2cfe5fcd58190ecaf72d6de9bd88290"
"model_error_decomposition","C:\Users\catkin\Documents\baseline_zhou\zhou_icf_mpc_model_error_decomposition_iter01","src\+zhou_model_error\run_baseline_gate.m","5483","2026-07-15T08:01:47.7318021Z","3c84c93e46d24162e25e20009a3b4206652f3e2a17a265efd96f61b5d4268a84"
"model_error_decomposition","C:\Users\catkin\Documents\baseline_zhou\zhou_icf_mpc_model_error_decomposition_iter01","src\+zhou_model_error\snapshot_upstreams.m","1144","2026-07-15T08:01:47.7318021Z","7b49f551a771d8cef1b36bdcc07ed1c126f1628d06073246b9ab2eb97151d25d"
"model_error_decomposition","C:\Users\catkin\Documents\baseline_zhou\zhou_icf_mpc_model_error_decomposition_iter01","src\+zhou_robust\run_robust_case.m","31678","2026-07-15T08:01:47.7328077Z","ca3634266831940e808a22cb98d95bc0c63e2c163192488ef6657a82a586a5b0"
"model_error_decomposition","C:\Users\catkin\Documents\baseline_zhou\zhou_icf_mpc_model_error_decomposition_iter01","src\+zhou_sequence\decompose_simulation.m","8989","2026-07-15T08:01:47.7328077Z","5f37752c7797694c97467962c0d9f54e4cbadb819d0ecf04493a7344daf3a1a1"
"ipmsm_probe","C:\Users\catkin\Documents\baseline_zhou\zhou_icf_mpc_ipmsm_probe_iter01","CHANGELOG_IPMSM.md","7381","2026-07-12T12:58:43.8822426Z","5ca6da4e16ff5d1d05755710261fb0c43a4d6da77e3517f8bc7965ae5adac7d3"
"ipmsm_probe","C:\Users\catkin\Documents\baseline_zhou\zhou_icf_mpc_ipmsm_probe_iter01","config\acceptance_thresholds.m","554","2026-07-12T08:16:21.1820438Z","c6bab5aa1476ec5b15973deeb191b3a43845e81b125b0855f5041d6873a62ff8"
"ipmsm_probe","C:\Users\catkin\Documents\baseline_zhou\zhou_icf_mpc_ipmsm_probe_iter01","config\base_parameters.m","463","2026-07-12T12:55:36.6208758Z","86feb34250f21d4756d133ade3f62033febfa96a540dfb1a02391d0aa2bb1d01"
"ipmsm_probe","C:\Users\catkin\Documents\baseline_zhou\zhou_icf_mpc_ipmsm_probe_iter01","config\experiment_definitions.m","319","2026-07-12T12:55:56.0317754Z","8a243fe8e9fc6e0a022f83b283a895c18209c20ffb46b2d27a740d399b2e53e2"
"ipmsm_probe","C:\Users\catkin\Documents\baseline_zhou\zhou_icf_mpc_ipmsm_probe_iter01","config\implementation_assumptions.m","444","2026-07-12T12:55:56.0322816Z","5d311689d7ca99ed8332df1f014bd874407ed19b5253357dc802dd2f39965961"
"ipmsm_probe","C:\Users\catkin\Documents\baseline_zhou\zhou_icf_mpc_ipmsm_probe_iter01","config\ipmsm_parameters.m","258","2026-07-12T12:55:56.0297880Z","48fde7d4313f467c8e7b0c71a849fd3370a61d89c2006dcba5f2d9221e41407c"
"ipmsm_probe","C:\Users\catkin\Documents\baseline_zhou\zhou_icf_mpc_ipmsm_probe_iter01","diagnostics\frame_patch_inheritance_audit.md","1007","2026-07-12T12:57:57.5714741Z","89b6765136170731111bed303732f4615e3191e702f7a543adee66cd393ff768"
"ipmsm_probe","C:\Users\catkin\Documents\baseline_zhou\zhou_icf_mpc_ipmsm_probe_iter01","diagnostics\migration_code_audit.md","1079","2026-07-12T12:57:57.5705556Z","52465df2623bf46967f745ee67125de35dd225e1f0d441921a75eac14d919e05"
"ipmsm_probe","C:\Users\catkin\Documents\baseline_zhou\zhou_icf_mpc_ipmsm_probe_iter01","diagnostics\path_isolation_audit.md","152521","2026-07-12T13:15:07.4159293Z","edb999dbba5588dda4e5b118b6605268b2cae8d7c769cf7efc14b208dbb14159"
"ipmsm_probe","C:\Users\catkin\Documents\baseline_zhou\zhou_icf_mpc_ipmsm_probe_iter01","diagnostics\regression_failure_diagnosis.md","895","2026-07-12T12:57:57.5733462Z","ee26994e584ae5c4d21bc898688c432e4219c3014c86e8d56f2a7508b1c97f42"
"ipmsm_probe","C:\Users\catkin\Documents\baseline_zhou\zhou_icf_mpc_ipmsm_probe_iter01","diagnostics\runtime_errors\20260712_153430_044_ipmsm_probe.txt","879","2026-07-12T07:34:37.1425492Z","d62bbc1958e6986467663050397ea2457d1f94d79ba964238a0090a9bec2a324"
"ipmsm_probe","C:\Users\catkin\Documents\baseline_zhou\zhou_icf_mpc_ipmsm_probe_iter01","docs\assumptions_and_limitations.md","1139","2026-07-12T12:56:58.8565381Z","9efbd0770545143bc387166fe1818f6068a851302cf23cb36ed763912c6c51ef"
"ipmsm_probe","C:\Users\catkin\Documents\baseline_zhou\zhou_icf_mpc_ipmsm_probe_iter01","docs\iter11_inheritance_mapping.md","4918","2026-07-12T12:57:32.3695415Z","0afac57bcbdedabdc06dc7b4a13cb9fea58486c90856ae6b506494b9b8fd0c69"
"ipmsm_probe","C:\Users\catkin\Documents\baseline_zhou\zhou_icf_mpc_ipmsm_probe_iter01","docs\migration_plan.md","1087","2026-07-12T12:56:58.8520510Z","381136c47649e24a1d7e4c7f1a7d3da8b097391622f51d8fd0da97b5b11c63e1"
"ipmsm_probe","C:\Users\catkin\Documents\baseline_zhou\zhou_icf_mpc_ipmsm_probe_iter01","docs\model_equation_mapping.md","973","2026-07-12T12:56:58.8530513Z","cb496d9820fb03424873036e2ab5df5f802a180772ca86898ee75ccd861dd2b2"
"ipmsm_probe","C:\Users\catkin\Documents\baseline_zhou\zhou_icf_mpc_ipmsm_probe_iter01","docs\parameter_sources.md","1160","2026-07-12T12:56:58.8545386Z","7987662bedd086beefaa643595d1feb1d89a18ed3a3473d25b7853e66ad561a6"
"ipmsm_probe","C:\Users\catkin\Documents\baseline_zhou\zhou_icf_mpc_ipmsm_probe_iter01","docs\project_structure.md","851","2026-07-12T12:56:58.8508141Z","156ac722c481edeabfb5461a46fcc47ee75af0a584fe596033a85e933d5a03f4"
"ipmsm_probe","C:\Users\catkin\Documents\baseline_zhou\zhou_icf_mpc_ipmsm_probe_iter01","docs\test_and_acceptance_plan.md","1302","2026-07-12T12:56:58.8575541Z","bd199a42554e6fa2c3065124e4ab50578b68007b50c6afe06bab8855d8f838b4"
"ipmsm_probe","C:\Users\catkin\Documents\baseline_zhou\zhou_icf_mpc_ipmsm_probe_iter01","experiments\experiment_alpha_mode_comparison.m","2771","2026-07-12T13:07:05.2930875Z","b4c331d026931c7805ac75a14eb047fe1715c3426c69dab48c99652b278fe813"
"ipmsm_probe","C:\Users\catkin\Documents\baseline_zhou\zhou_icf_mpc_ipmsm_probe_iter01","experiments\experiment_negative_id_sweep.m","2676","2026-07-12T12:59:24.9214946Z","80d3613a29f4cca98018730d71eed26f80a5faf0dd480e088e31e744e967c8e8"
"ipmsm_probe","C:\Users\catkin\Documents\baseline_zhou\zhou_icf_mpc_ipmsm_probe_iter01","experiments\experiment_P0_degenerate_regression.m","3109","2026-07-12T12:55:36.6228756Z","efd2424ca7651d9c04c08545226a480f00446d3310db8f7a18b927af1011e790"
"ipmsm_probe","C:\Users\catkin\Documents\baseline_zhou\zhou_icf_mpc_ipmsm_probe_iter01","experiments\experiment_P1_saliency_probe.m","1540","2026-07-12T12:50:28.7948539Z","21301b7285f63d03823107caba1ef07e8e27c2940f4ad6a5922c1d685d001f05"
"ipmsm_probe","C:\Users\catkin\Documents\baseline_zhou\zhou_icf_mpc_ipmsm_probe_iter01","FINAL_IPMSM_PROBE_REPORT.md","3010","2026-07-12T13:15:20.4043359Z","784f992a37c792d02ecfbb39f82ca09092263487f3a9967d1c5ea0430093d745"
"ipmsm_probe","C:\Users\catkin\Documents\baseline_zhou\zhou_icf_mpc_ipmsm_probe_iter01","initialize_project.m","3737","2026-07-12T13:07:05.2909297Z","ecbe5361cbb4556b5bb2cf4b50376187807d64fb1e5acfb8d6c79959614eccc6"
"ipmsm_probe","C:\Users\catkin\Documents\baseline_zhou\zhou_icf_mpc_ipmsm_probe_iter01","logs\matlab_execution_log.txt","3546","2026-07-12T13:15:20.4861028Z","1f1931f7bd3dc375e19f696dc4aceed507175250d384379e2f2a9d8e9b9311c2"
"ipmsm_probe","C:\Users\catkin\Documents\baseline_zhou\zhou_icf_mpc_ipmsm_probe_iter01","logs\run_ledger.csv","392","2026-07-12T13:15:20.3279986Z","a401fc3cb2aac443f8e1931fcccc423205c7960b2021c8e1548224fbc5276195"
"ipmsm_probe","C:\Users\catkin\Documents\baseline_zhou\zhou_icf_mpc_ipmsm_probe_iter01","logs\unit_test_log.txt","1054","2026-07-12T13:15:11.3669302Z","b5a6556832a343ad2c1dd09388754be466642e4a33a563af1d9c0fb4402d690f"
"ipmsm_probe","C:\Users\catkin\Documents\baseline_zhou\zhou_icf_mpc_ipmsm_probe_iter01","plots\alpha_comparison\20260712_155604_970_ipmsm_probe\trace.png","51315","2026-07-12T07:56:15.9206791Z","f510c7b7ccce632850067f4e5c4a67f04d3d8ebd1e3b6675fb9a581209f0b294"
"ipmsm_probe","C:\Users\catkin\Documents\baseline_zhou\zhou_icf_mpc_ipmsm_probe_iter01","plots\alpha_comparison\20260712_210214_171_ipmsm_probe\alpha_mode_comparison.png","38959","2026-07-12T13:02:36.7990882Z","e8b21be0b0e159725720a31178ab5e7ac8b7f69608d87551909a4f7d6d71f390"
"ipmsm_probe","C:\Users\catkin\Documents\baseline_zhou\zhou_icf_mpc_ipmsm_probe_iter01","plots\alpha_comparison\20260712_210805_549_ipmsm_probe\alpha_mode_comparison.png","38582","2026-07-12T13:08:28.0001339Z","d32a41745a8cde2536866f175387221fd1dc191f61378368eeaa1ef9aca613a9"
"ipmsm_probe","C:\Users\catkin\Documents\baseline_zhou\zhou_icf_mpc_ipmsm_probe_iter01","plots\alpha_comparison\20260712_211507_428_ipmsm_probe\alpha_mode_comparison.png","38582","2026-07-12T13:15:18.9283929Z","6bc2118b1b400d35bbaaf8a97bb1a47875e536910654c1f84036a4c225566509"
"ipmsm_probe","C:\Users\catkin\Documents\baseline_zhou\zhou_icf_mpc_ipmsm_probe_iter01","plots\negative_id\20260712_155604_970_ipmsm_probe\trace.png","45915","2026-07-12T07:56:16.7564900Z","1bb6c2e5b2d7958010af792241d508d11dd03250f273f447159ecca2f1b2bc0d"
"ipmsm_probe","C:\Users\catkin\Documents\baseline_zhou\zhou_icf_mpc_ipmsm_probe_iter01","plots\negative_id\20260712_210214_171_ipmsm_probe\negative_id_sweep.png","45784","2026-07-12T13:02:39.7719138Z","45e8cdc29ac8a8f86f5e92b5d9b4b717a1e99d381dd281dc826e4b45dfbdfd83"
"ipmsm_probe","C:\Users\catkin\Documents\baseline_zhou\zhou_icf_mpc_ipmsm_probe_iter01","plots\negative_id\20260712_210805_549_ipmsm_probe\negative_id_sweep.png","45784","2026-07-12T13:08:30.8555458Z","6161f6521583801dcb2dc20615c9412d48fbf3fd9367a54feba1ba51af66cd50"
"ipmsm_probe","C:\Users\catkin\Documents\baseline_zhou\zhou_icf_mpc_ipmsm_probe_iter01","plots\negative_id\20260712_211507_428_ipmsm_probe\negative_id_sweep.png","45789","2026-07-12T13:15:20.1961934Z","742a818c20a007b0fa818a1763e58edb68b02f361779bc6a95113d654a739710"
"ipmsm_probe","C:\Users\catkin\Documents\baseline_zhou\zhou_icf_mpc_ipmsm_probe_iter01","plots\regression\20260712_155419_954_ipmsm_probe\trace.png","48880","2026-07-12T07:54:28.3271979Z","c24bbb5354884e9406e2562ba78599affef61c08d83965b9805e2180348e1983"
"ipmsm_probe","C:\Users\catkin\Documents\baseline_zhou\zhou_icf_mpc_ipmsm_probe_iter01","plots\regression\20260712_155604_970_ipmsm_probe\trace.png","48880","2026-07-12T07:56:13.3483276Z","58cb187cc2188aba8efd451761d707bf9dd5c1791fd64bd2d7eafba5d724f505"
"ipmsm_probe","C:\Users\catkin\Documents\baseline_zhou\zhou_icf_mpc_ipmsm_probe_iter01","plots\regression\20260712_210214_171_ipmsm_probe\trace.png","76089","2026-07-12T13:02:30.6741863Z","197d9d824aa8cb0f3743c7cbd15ab98258692c1009b713a5d4b7fd3e3f6477ab"
"ipmsm_probe","C:\Users\catkin\Documents\baseline_zhou\zhou_icf_mpc_ipmsm_probe_iter01","plots\regression\20260712_210805_549_ipmsm_probe\trace.png","76089","2026-07-12T13:08:21.9148029Z","d1d5f3aa8099aa7df3a64b99dff33675d4d1991d09f413fa35e18fdde241b2fd"
"ipmsm_probe","C:\Users\catkin\Documents\baseline_zhou\zhou_icf_mpc_ipmsm_probe_iter01","plots\regression\20260712_211507_428_ipmsm_probe\trace.png","76129","2026-07-12T13:15:15.7852953Z","d33475dcded15c533fd23650570e410e08d16389065ed67ed546f11b8fe06c34"
"ipmsm_probe","C:\Users\catkin\Documents\baseline_zhou\zhou_icf_mpc_ipmsm_probe_iter01","plots\saliency\20260712_155604_970_ipmsm_probe\trace.png","46148","2026-07-12T07:56:14.6558212Z","418aecd4ae8604bfcc083436210bfbb880963652d320237d82231600e9384718"
"ipmsm_probe","C:\Users\catkin\Documents\baseline_zhou\zhou_icf_mpc_ipmsm_probe_iter01","plots\saliency\20260712_210214_171_ipmsm_probe\trace.png","85200","2026-07-12T13:02:33.7950829Z","7c9821d062c44aaea5f16d0d73911b44d13e77d563efe6b058d3930a3e374fd0"
"ipmsm_probe","C:\Users\catkin\Documents\baseline_zhou\zhou_icf_mpc_ipmsm_probe_iter01","plots\saliency\20260712_210805_549_ipmsm_probe\trace.png","85200","2026-07-12T13:08:24.9475411Z","07764ccdebc3147dc834164e95a37736df3627b44175c323a5a8b6e8a2845bf7"
"ipmsm_probe","C:\Users\catkin\Documents\baseline_zhou\zhou_icf_mpc_ipmsm_probe_iter01","plots\saliency\20260712_211507_428_ipmsm_probe\trace.png","85248","2026-07-12T13:15:17.3342763Z","f6e0fb85963a9302d20b07cf0d6252cf58533e9e1d799a811b4e2f0675ad6bb8"
"ipmsm_probe","C:\Users\catkin\Documents\baseline_zhou\zhou_icf_mpc_ipmsm_probe_iter01","README.md","2514","2026-07-12T12:56:58.8481467Z","d62bea57b4d83a6d60cfeb191009d7aa36c1e38e2228cdcbedbac09ae1a02325"
"ipmsm_probe","C:\Users\catkin\Documents\baseline_zhou\zhou_icf_mpc_ipmsm_probe_iter01","reference\iter11_regression_targets.csv","472","2026-07-12T08:08:47.6048112Z","e3e3cc58200d06f58971c5fae116ae267dbe9d5a652a6b370de339b152906562"
"ipmsm_probe","C:\Users\catkin\Documents\baseline_zhou\zhou_icf_mpc_ipmsm_probe_iter01","reference\iter11_source_manifest.sha256","5764","2026-07-12T07:34:10.1434766Z","bbef10d8fe9ef759e995dd49a7002e4f0fc43a288c8d16a7de96032fdcec2a14"
"ipmsm_probe","C:\Users\catkin\Documents\baseline_zhou\zhou_icf_mpc_ipmsm_probe_iter01","reference\source_paper\zhou_2025_icf_mpc.pdf","2486013","2026-07-08T09:43:45.8643974Z","cdce796661012e0b682b8d9a98f6f36fa7eef6a5093be1415eece5b56187b04c"
"ipmsm_probe","C:\Users\catkin\Documents\baseline_zhou\zhou_icf_mpc_ipmsm_probe_iter01","results\alpha_comparison\20260712_155604_970_ipmsm_probe\config_snapshot\configuration.mat","958","2026-07-12T07:56:14.9995211Z","6d826319de71ee9ecf72a3c70cb31227bc480b9b3d37f899dfa63556325dd835"
"ipmsm_probe","C:\Users\catkin\Documents\baseline_zhou\zhou_icf_mpc_ipmsm_probe_iter01","results\alpha_comparison\20260712_155604_970_ipmsm_probe\metrics.csv","297","2026-07-12T07:56:15.0462263Z","834b34fb75b602e1489cdb64392f337fcd7b2f9c4f54d88b37efd9350fecf31f"
"ipmsm_probe","C:\Users\catkin\Documents\baseline_zhou\zhou_icf_mpc_ipmsm_probe_iter01","results\alpha_comparison\20260712_210214_171_ipmsm_probe\config_snapshot\configuration.mat","1116","2026-07-12T13:02:34.6470360Z","87e3caf4ca4243e54028e4fc949b42eec3eec4d5ff99304aa7d63b592c050c49"
"ipmsm_probe","C:\Users\catkin\Documents\baseline_zhou\zhou_icf_mpc_ipmsm_probe_iter01","results\alpha_comparison\20260712_210214_171_ipmsm_probe\metrics.csv","930","2026-07-12T13:02:34.7122638Z","a181be3b00ba9fe553461d5f00e68ba755e9c8ba733106099ef2274106f0ba59"
"ipmsm_probe","C:\Users\catkin\Documents\baseline_zhou\zhou_icf_mpc_ipmsm_probe_iter01","results\alpha_comparison\20260712_210805_549_ipmsm_probe\config_snapshot\configuration.mat","1116","2026-07-12T13:08:25.7862210Z","3c59f4d842b065e8bbb6b4199758a813a0ad0f38de90050e9618f15ce01428c3"
"ipmsm_probe","C:\Users\catkin\Documents\baseline_zhou\zhou_icf_mpc_ipmsm_probe_iter01","results\alpha_comparison\20260712_210805_549_ipmsm_probe\metrics.csv","930","2026-07-12T13:08:25.8574876Z","a181be3b00ba9fe553461d5f00e68ba755e9c8ba733106099ef2274106f0ba59"
"ipmsm_probe","C:\Users\catkin\Documents\baseline_zhou\zhou_icf_mpc_ipmsm_probe_iter01","results\alpha_comparison\20260712_211507_428_ipmsm_probe\config_snapshot\configuration.mat","1116","2026-07-12T13:15:17.7293987Z","3633a3c821fec913eb6fb5c26ccbfd5c65597548997345af92db12187f879d8c"
"ipmsm_probe","C:\Users\catkin\Documents\baseline_zhou\zhou_icf_mpc_ipmsm_probe_iter01","results\alpha_comparison\20260712_211507_428_ipmsm_probe\metrics.csv","930","2026-07-12T13:15:17.7618143Z","a181be3b00ba9fe553461d5f00e68ba755e9c8ba733106099ef2274106f0ba59"
"ipmsm_probe","C:\Users\catkin\Documents\baseline_zhou\zhou_icf_mpc_ipmsm_probe_iter01","results\negative_id\20260712_155604_970_ipmsm_probe\config_snapshot\configuration.mat","963","2026-07-12T07:56:16.2042038Z","6d480bb3e8ffdeaab4ea67e98ce78bf5f4b4428c6c126eb1a55221386a559b4e"
"ipmsm_probe","C:\Users\catkin\Documents\baseline_zhou\zhou_icf_mpc_ipmsm_probe_iter01","results\negative_id\20260712_155604_970_ipmsm_probe\metrics.csv","444","2026-07-12T07:56:16.2124205Z","007abae226da7ec9ba3bac8494ccfc783ca6238c803232737541762ac350c280"
"ipmsm_probe","C:\Users\catkin\Documents\baseline_zhou\zhou_icf_mpc_ipmsm_probe_iter01","results\negative_id\20260712_210214_171_ipmsm_probe\config_snapshot\configuration.mat","1128","2026-07-12T13:02:38.3871355Z","8bbc84dcbba6a092e6494800b30b54f7868837d7e869927cdd055c9b6cf87ba1"
"ipmsm_probe","C:\Users\catkin\Documents\baseline_zhou\zhou_icf_mpc_ipmsm_probe_iter01","results\negative_id\20260712_210214_171_ipmsm_probe\metrics.csv","1331","2026-07-12T13:02:38.4171437Z","20ac6ae0bdc700a90c6dec37b69e658659c918515d315193599bf9df5c2ceb0c"
"ipmsm_probe","C:\Users\catkin\Documents\baseline_zhou\zhou_icf_mpc_ipmsm_probe_iter01","results\negative_id\20260712_210805_549_ipmsm_probe\config_snapshot\configuration.mat","1128","2026-07-12T13:08:29.5948826Z","7538bb3b8d197bc6c3ef90bf2d892d795b47cda36ef42fb04680a8398253468f"
"ipmsm_probe","C:\Users\catkin\Documents\baseline_zhou\zhou_icf_mpc_ipmsm_probe_iter01","results\negative_id\20260712_210805_549_ipmsm_probe\metrics.csv","1331","2026-07-12T13:08:29.6240817Z","20ac6ae0bdc700a90c6dec37b69e658659c918515d315193599bf9df5c2ceb0c"
"ipmsm_probe","C:\Users\catkin\Documents\baseline_zhou\zhou_icf_mpc_ipmsm_probe_iter01","results\negative_id\20260712_211507_428_ipmsm_probe\config_snapshot\configuration.mat","1128","2026-07-12T13:15:19.4447413Z","9e98218286fe3d6fd815ed7ac8d209fb7a38b03442b7b9040e64ae18cf0eb768"
"ipmsm_probe","C:\Users\catkin\Documents\baseline_zhou\zhou_icf_mpc_ipmsm_probe_iter01","results\negative_id\20260712_211507_428_ipmsm_probe\metrics.csv","1331","2026-07-12T13:15:19.4604438Z","20ac6ae0bdc700a90c6dec37b69e658659c918515d315193599bf9df5c2ceb0c"
"ipmsm_probe","C:\Users\catkin\Documents\baseline_zhou\zhou_icf_mpc_ipmsm_probe_iter01","results\regression\20260712_155419_954_ipmsm_probe\config_snapshot\configuration.mat","956","2026-07-12T07:54:24.5805238Z","85fcf311337aef05d3907f00b9287d586ae3aaf261553065d8be13e707a5ae8e"
"ipmsm_probe","C:\Users\catkin\Documents\baseline_zhou\zhou_icf_mpc_ipmsm_probe_iter01","results\regression\20260712_155419_954_ipmsm_probe\metrics.csv","190","2026-07-12T07:54:24.7687752Z","4b19a7d20470980e1b26d8bda158d6ae901d4e724ad333ebfb14c33af7d600de"
"ipmsm_probe","C:\Users\catkin\Documents\baseline_zhou\zhou_icf_mpc_ipmsm_probe_iter01","results\regression\20260712_155604_970_ipmsm_probe\config_snapshot\configuration.mat","956","2026-07-12T07:56:09.5442387Z","e740f0a787c63ff4e2d098c11de4f8796e54f246fcf9f840915e14c6101d4a4e"
"ipmsm_probe","C:\Users\catkin\Documents\baseline_zhou\zhou_icf_mpc_ipmsm_probe_iter01","results\regression\20260712_155604_970_ipmsm_probe\metrics.csv","189","2026-07-12T07:56:09.7361559Z","b343e41d56c79ccb6fa03d5c920cc7eb28cbe4f1e50a0df6f9bd7816f4656a97"
"ipmsm_probe","C:\Users\catkin\Documents\baseline_zhou\zhou_icf_mpc_ipmsm_probe_iter01","results\regression\20260712_210214_171_ipmsm_probe\config_snapshot\configuration.mat","1108","2026-07-12T13:02:24.2712849Z","c4d6cae4c88c8801b704cbcfe09cee200f4dd95b69a056b656b1271cb26d1950"
"ipmsm_probe","C:\Users\catkin\Documents\baseline_zhou\zhou_icf_mpc_ipmsm_probe_iter01","results\regression\20260712_210214_171_ipmsm_probe\metrics.csv","774","2026-07-12T13:02:24.4731796Z","68330168f51609bd9737a213c512664cddb3055b0bd06f834b6db69161a81d9a"
"ipmsm_probe","C:\Users\catkin\Documents\baseline_zhou\zhou_icf_mpc_ipmsm_probe_iter01","results\regression\20260712_210805_549_ipmsm_probe\config_snapshot\configuration.mat","1108","2026-07-12T13:08:15.5797197Z","14a2d7219793a5d0e57d2cb4ec749f7373527eadaacde977828fa5f53c3cf5ae"
"ipmsm_probe","C:\Users\catkin\Documents\baseline_zhou\zhou_icf_mpc_ipmsm_probe_iter01","results\regression\20260712_210805_549_ipmsm_probe\metrics.csv","774","2026-07-12T13:08:15.7525494Z","68330168f51609bd9737a213c512664cddb3055b0bd06f834b6db69161a81d9a"
"ipmsm_probe","C:\Users\catkin\Documents\baseline_zhou\zhou_icf_mpc_ipmsm_probe_iter01","results\regression\20260712_211507_428_ipmsm_probe\config_snapshot\configuration.mat","1108","2026-07-12T13:15:12.4760869Z","68391c4f960e699962fee913fd0d32de229d922d010155d5d1483de3467b94d7"
"ipmsm_probe","C:\Users\catkin\Documents\baseline_zhou\zhou_icf_mpc_ipmsm_probe_iter01","results\regression\20260712_211507_428_ipmsm_probe\metrics.csv","774","2026-07-12T13:15:12.5718602Z","68330168f51609bd9737a213c512664cddb3055b0bd06f834b6db69161a81d9a"
"ipmsm_probe","C:\Users\catkin\Documents\baseline_zhou\zhou_icf_mpc_ipmsm_probe_iter01","results\saliency\20260712_155604_970_ipmsm_probe\config_snapshot\configuration.mat","957","2026-07-12T07:56:13.7103111Z","1889ea90cd9a1d656948c38dd812b121335f5076b5df0809e1df0aafc8a11c21"
"ipmsm_probe","C:\Users\catkin\Documents\baseline_zhou\zhou_icf_mpc_ipmsm_probe_iter01","results\saliency\20260712_155604_970_ipmsm_probe\metrics.csv","189","2026-07-12T07:56:13.7515141Z","4a44a36e741be280b8926b3330c7ad50bb855bffe12c99ca788a5029ac34f821"
"ipmsm_probe","C:\Users\catkin\Documents\baseline_zhou\zhou_icf_mpc_ipmsm_probe_iter01","results\saliency\20260712_210214_171_ipmsm_probe\config_snapshot\configuration.mat","1110","2026-07-12T13:02:31.8076281Z","22c837525bb82a820e84937ce508549d74841a15ba50652f56294fec57d57c89"
"ipmsm_probe","C:\Users\catkin\Documents\baseline_zhou\zhou_icf_mpc_ipmsm_probe_iter01","results\saliency\20260712_210214_171_ipmsm_probe\metrics.csv","685","2026-07-12T13:02:31.8622932Z","3876d6033a7170abdbe18f352351d53225048da73559c726e48ded21bf69b56b"
"ipmsm_probe","C:\Users\catkin\Documents\baseline_zhou\zhou_icf_mpc_ipmsm_probe_iter01","results\saliency\20260712_210805_549_ipmsm_probe\config_snapshot\configuration.mat","1110","2026-07-12T13:08:23.0595124Z","e64d45a92a5dc8a25fe2d4da61fbdd11ad8e107538ef20644da9076e6ddc567d"
"ipmsm_probe","C:\Users\catkin\Documents\baseline_zhou\zhou_icf_mpc_ipmsm_probe_iter01","results\saliency\20260712_210805_549_ipmsm_probe\metrics.csv","685","2026-07-12T13:08:23.1071073Z","3876d6033a7170abdbe18f352351d53225048da73559c726e48ded21bf69b56b"
"ipmsm_probe","C:\Users\catkin\Documents\baseline_zhou\zhou_icf_mpc_ipmsm_probe_iter01","results\saliency\20260712_211507_428_ipmsm_probe\config_snapshot\configuration.mat","1110","2026-07-12T13:15:16.2644704Z","065a1d40e771f47c3d9ac6aeb6df8e45f323e32c196bf478eada3018228192b8"
"ipmsm_probe","C:\Users\catkin\Documents\baseline_zhou\zhou_icf_mpc_ipmsm_probe_iter01","results\saliency\20260712_211507_428_ipmsm_probe\metrics.csv","685","2026-07-12T13:15:16.2861569Z","3876d6033a7170abdbe18f352351d53225048da73559c726e48ded21bf69b56b"
"ipmsm_probe","C:\Users\catkin\Documents\baseline_zhou\zhou_icf_mpc_ipmsm_probe_iter01","results\summary\alpha_mode_comparison.csv","2948","2026-07-12T13:15:17.8490180Z","83998f856852e6ce7601861661430b6e62884247544e14b7993b1c3a72749945"
"ipmsm_probe","C:\Users\catkin\Documents\baseline_zhou\zhou_icf_mpc_ipmsm_probe_iter01","results\summary\ipmsm_probe_summary.csv","1738","2026-07-12T13:15:16.4319497Z","f0e4c751eeff903ba29123cc827e967e275f37768e387634e8134c53ed2824a4"
"ipmsm_probe","C:\Users\catkin\Documents\baseline_zhou\zhou_icf_mpc_ipmsm_probe_iter01","results\summary\negative_id_sweep.csv","5262","2026-07-12T13:15:19.6241046Z","c64cbe6dee4f5dc36ab5a63d6e966fd8b7adb780fe4ae3aee82aaab713815f01"
"ipmsm_probe","C:\Users\catkin\Documents\baseline_zhou\zhou_icf_mpc_ipmsm_probe_iter01","results\summary\regression_summary.csv","2051","2026-07-12T13:15:12.8218262Z","dccc4d1271af147c9d738ea2c4edc3cd6895ed448da10de7dd21568b26affaf3"
"ipmsm_probe","C:\Users\catkin\Documents\baseline_zhou\zhou_icf_mpc_ipmsm_probe_iter01","run_ipmsm_probe.m","7627","2026-07-12T13:00:00.0075137Z","931c9ebf05c24c7bf0b94e9f72021df01c9a6cce9afa9365c227d4b1fefc1dad"
"ipmsm_probe","C:\Users\catkin\Documents\baseline_zhou\zhou_icf_mpc_ipmsm_probe_iter01","SOURCE_MANIFEST.sha256","7296","2026-07-12T13:15:20.4763412Z","e0792a9841713dc559bc813e9cdde6e3be5376dd99ff55c33558c660d8c720bd"
"ipmsm_probe","C:\Users\catkin\Documents\baseline_zhou\zhou_icf_mpc_ipmsm_probe_iter01","src\+zhou_ipmsm\+controller\build_current_reference.m","56","2026-07-12T07:32:21.8830655Z","0cdb151cb63c236efa6de3da6b111ea766af53dc2dfaa3ac5e0f94149edff09b"
"ipmsm_probe","C:\Users\catkin\Documents\baseline_zhou\zhou_icf_mpc_ipmsm_probe_iter01","src\+zhou_ipmsm\+controller\estimate_ultralocal_F.m","116","2026-07-12T07:32:21.8810656Z","52979e7449c4faeaf5c84c50a193e3411898a2fca95be1e2746b0bad186da657"
"ipmsm_probe","C:\Users\catkin\Documents\baseline_zhou\zhou_icf_mpc_ipmsm_probe_iter01","src\+zhou_ipmsm\+controller\icf_mpc_step.m","6301","2026-07-12T08:12:09.0059402Z","4268a27c6474d1ecd547db2c815234740957a50712d1e7c39c4def27b6d1a1ac"
"ipmsm_probe","C:\Users\catkin\Documents\baseline_zhou\zhou_icf_mpc_ipmsm_probe_iter01","src\+zhou_ipmsm\+controller\predict_current.m","70","2026-07-12T07:32:21.8810656Z","4392bc8918fc5c5e4d8a11dee3870e837e28e934bf128099eb3f98c1aacb164b"
"ipmsm_probe","C:\Users\catkin\Documents\baseline_zhou\zhou_icf_mpc_ipmsm_probe_iter01","src\+zhou_ipmsm\+controller\sequence_equivalent_dq_voltage.m","385","2026-07-12T07:32:21.8820654Z","002434f10ab7caddd54e18b4d7759c1f200bbb54a918124075e973d52b34b6e1"
"ipmsm_probe","C:\Users\catkin\Documents\baseline_zhou\zhou_icf_mpc_ipmsm_probe_iter01","src\+zhou_ipmsm\+geometry\build_voltage_rectangle.m","1477","2026-07-12T07:59:54.9565334Z","2a66996e754d644437ddd15fb4a91ea04eb88c2f40cf13f8bce04fcec364827a"
"ipmsm_probe","C:\Users\catkin\Documents\baseline_zhou\zhou_icf_mpc_ipmsm_probe_iter01","src\+zhou_ipmsm\+geometry\calculate_intersections.m","1695","2026-07-12T07:59:54.9580767Z","023bb40df2bad3b362d0e641d6a85c5388a49a07488e69dd3a37378208630436"
"ipmsm_probe","C:\Users\catkin\Documents\baseline_zhou\zhou_icf_mpc_ipmsm_probe_iter01","src\+zhou_ipmsm\+geometry\classify_case.m","969","2026-07-12T07:59:54.9591535Z","adca4bb85bae1dad5fe8bdb0a04cb0fb420f7d4daf7baf509f4b860697eff8e3"
"ipmsm_probe","C:\Users\catkin\Documents\baseline_zhou\zhou_icf_mpc_ipmsm_probe_iter01","src\+zhou_ipmsm\+geometry\validate_candidate_geometry.m","556","2026-07-12T07:59:54.9607217Z","75b74af1b672a1b220fb3d8d47e66fb6f62c210af036618e034dc73b64f4b364"
"ipmsm_probe","C:\Users\catkin\Documents\baseline_zhou\zhou_icf_mpc_ipmsm_probe_iter01","src\+zhou_ipmsm\+inverter\count_switching_actions.m","115","2026-07-12T07:32:21.8800659Z","c9c8332d0396272d0919ab8a7e2946ce5b802c4de87d50f122ecddc7a13c45ca"
"ipmsm_probe","C:\Users\catkin\Documents\baseline_zhou\zhou_icf_mpc_ipmsm_probe_iter01","src\+zhou_ipmsm\+inverter\park.m","67","2026-07-12T07:32:21.8800659Z","fb31d6b82b70b8f0ddf1a8b39bcb1193fb1d4ea77cb372ec1f2407eed76da8e5"
"ipmsm_probe","C:\Users\catkin\Documents\baseline_zhou\zhou_icf_mpc_ipmsm_probe_iter01","src\+zhou_ipmsm\+inverter\switching_state_to_alphabeta.m","107","2026-07-12T07:32:21.8800659Z","f4cc978bedb2f8e2b400362f9cde156a0882905bcbed27025591ca4819e5e3c1"
"ipmsm_probe","C:\Users\catkin\Documents\baseline_zhou\zhou_icf_mpc_ipmsm_probe_iter01","src\+zhou_ipmsm\+inverter\voltage_vectors.m","155","2026-07-12T07:32:21.8790658Z","9af4a6e4814038af37e8cab14a015038a4c2b25e5225b9068b7aaa25c3a42d0f"
"ipmsm_probe","C:\Users\catkin\Documents\baseline_zhou\zhou_icf_mpc_ipmsm_probe_iter01","src\+zhou_ipmsm\+io\append_summary_rows.m","1429","2026-07-12T12:50:28.7908164Z","dbf6075d5bf30d9f563f91d0c42cc5a9069a74248219d54a10258364c9565385"
"ipmsm_probe","C:\Users\catkin\Documents\baseline_zhou\zhou_icf_mpc_ipmsm_probe_iter01","src\+zhou_ipmsm\+io\create_run_directory.m","312","2026-07-12T07:32:21.8862710Z","f795241925eb9aaff7938e7d8c9518ec0b171e64daeda91481b1c75b0d0b431e"
"ipmsm_probe","C:\Users\catkin\Documents\baseline_zhou\zhou_icf_mpc_ipmsm_probe_iter01","src\+zhou_ipmsm\+io\export_trace_plot.m","1055","2026-07-12T12:50:28.7908164Z","6f1f270df84592316a7e4afba8b7406998c48f3aee4dbd9da3aa87c16a13cb80"
"ipmsm_probe","C:\Users\catkin\Documents\baseline_zhou\zhou_icf_mpc_ipmsm_probe_iter01","src\+zhou_ipmsm\+io\generate_source_manifest.m","1607","2026-07-12T08:10:18.0556830Z","f0d952b71c43bf6183776d69e31f2a6621e1be475d5b27628e4c1dc82535cece"
"ipmsm_probe","C:\Users\catkin\Documents\baseline_zhou\zhou_icf_mpc_ipmsm_probe_iter01","src\+zhou_ipmsm\+io\save_configuration_snapshot.m","92","2026-07-12T07:32:21.8872737Z","bef1756e377059179d9c0380c0d7d0873756a10121663672d8a9ee8c47b07cea"
"ipmsm_probe","C:\Users\catkin\Documents\baseline_zhou\zhou_icf_mpc_ipmsm_probe_iter01","src\+zhou_ipmsm\+io\save_experiment_result.m","763","2026-07-12T12:50:28.7918235Z","dc4debc76dfc9c9bc2223d352a82a30c668ee289b9498a1c55f7fb35d74e463e"
"ipmsm_probe","C:\Users\catkin\Documents\baseline_zhou\zhou_icf_mpc_ipmsm_probe_iter01","src\+zhou_ipmsm\+io\write_result_table.m","2200","2026-07-12T13:00:59.7996582Z","a86420e0697bf282476995b7fc30d39edb110332987e07c0deb9cb460c01745d"
"ipmsm_probe","C:\Users\catkin\Documents\baseline_zhou\zhou_icf_mpc_ipmsm_probe_iter01","src\+zhou_ipmsm\+metrics\calculate_constraint_metrics.m","132","2026-07-12T07:32:21.8852586Z","7da74fbad61ada3620988f4d1427c28b1abc2c0d4ad505992e0f73b4cb2c0a43"
"ipmsm_probe","C:\Users\catkin\Documents\baseline_zhou\zhou_icf_mpc_ipmsm_probe_iter01","src\+zhou_ipmsm\+metrics\calculate_switching_metrics.m","107","2026-07-12T07:32:21.8862710Z","2cb4aaa7b8535233f3360130b87af9b55dd8cd1e35eef7f77d4b62fbc9a15d47"
"ipmsm_probe","C:\Users\catkin\Documents\baseline_zhou\zhou_icf_mpc_ipmsm_probe_iter01","src\+zhou_ipmsm\+metrics\calculate_thd.m","620","2026-07-12T08:13:12.9346152Z","37de467c19eacc983a5c14ebb580981373792fd5c31c5a8aa0e4676400c38b6b"
"ipmsm_probe","C:\Users\catkin\Documents\baseline_zhou\zhou_icf_mpc_ipmsm_probe_iter01","src\+zhou_ipmsm\+metrics\calculate_tracking_metrics.m","142","2026-07-12T07:32:21.8852586Z","0cf9597cb76d2ac5165e83d27ddad810bc4133afaa8c59983a5253e67944298e"
"ipmsm_probe","C:\Users\catkin\Documents\baseline_zhou\zhou_icf_mpc_ipmsm_probe_iter01","src\+zhou_ipmsm\+model\calculate_ipmsm_torque.m","207","2026-07-12T07:53:47.4568343Z","ee1c4253d6a58c2c17acba87e283721bb55f0e1f387383d93ce4ddd16ffa6787"
"ipmsm_probe","C:\Users\catkin\Documents\baseline_zhou\zhou_icf_mpc_ipmsm_probe_iter01","src\+zhou_ipmsm\+model\calculate_torque_components.m","169","2026-07-12T07:32:21.8780650Z","0d7d2688dbfe2ce152691f174f26a474e3ca32e19b6d5e4b854a290732bf1904"
"ipmsm_probe","C:\Users\catkin\Documents\baseline_zhou\zhou_icf_mpc_ipmsm_probe_iter01","src\+zhou_ipmsm\+model\integrate_ipmsm_sequence_rk4.m","1487","2026-07-12T08:13:54.1568986Z","13cb451ef7b457d74babeb28515e75d8d214e67492864ac271daa84d739a3a51"
"ipmsm_probe","C:\Users\catkin\Documents\baseline_zhou\zhou_icf_mpc_ipmsm_probe_iter01","src\+zhou_ipmsm\+model\ipmsm_dq_dynamics.m","145","2026-07-12T07:32:21.8770652Z","4adcc6adce1067a8e8501a54800ad86fb5184b2db5b68856eafdeda3b74b70c5"
"ipmsm_probe","C:\Users\catkin\Documents\baseline_zhou\zhou_icf_mpc_ipmsm_probe_iter01","src\+zhou_ipmsm\+modulation\calculate_durations.m","63","2026-07-12T07:32:21.8840646Z","86416479812b1a8271949edea4cd55a30a1815edff8838cab6b6a21347b34de4"
"ipmsm_probe","C:\Users\catkin\Documents\baseline_zhou\zhou_icf_mpc_ipmsm_probe_iter01","src\+zhou_ipmsm\+modulation\generate_case_sequence.m","4504","2026-07-12T12:51:04.3229364Z","44a74b73e66d05a4981fc868476d4d358c8c4a8a5be705c8a784545e57b26de4"
"ipmsm_probe","C:\Users\catkin\Documents\baseline_zhou\zhou_icf_mpc_ipmsm_probe_iter01","src\+zhou_ipmsm\+modulation\validate_durations.m","108","2026-07-12T07:32:21.8840646Z","72093520c876bdf016277f655d21fafaa35edd641e8cec1a0c17c54df98f6b44"
"ipmsm_probe","C:\Users\catkin\Documents\baseline_zhou\zhou_icf_mpc_ipmsm_probe_iter01","src\+zhou_ipmsm\+reference\constant_id_reference.m","58","2026-07-12T07:33:08.5209739Z","75946a129da49161a9bd9c9cd9577c6860f9a6ea7c6d012c8425d5831b4b24ff"
"ipmsm_probe","C:\Users\catkin\Documents\baseline_zhou\zhou_icf_mpc_ipmsm_probe_iter01","src\+zhou_ipmsm\+reference\constant_iq_reference.m","58","2026-07-12T07:33:08.5221843Z","0e389e458f2a6aa8e13775a9bfb8b2ad86091f13309742b24e2a76b7aa287f7d"
"ipmsm_probe","C:\Users\catkin\Documents\baseline_zhou\zhou_icf_mpc_ipmsm_probe_iter01","src\+zhou_ipmsm\run_probe_case.m","6700","2026-07-12T12:55:36.6218759Z","46b290588c0f60e71f17738a7d5c490739aab4af63fa140bcbebbb40a1c88c2b"
"ipmsm_probe","C:\Users\catkin\Documents\baseline_zhou\zhou_icf_mpc_ipmsm_probe_iter01","tests\run_unit_tests.m","2087","2026-07-12T12:51:25.7273594Z","42d023767f90a1b7d02165ebb296309aa5f33701629d8693125a38fbbd259766"
"ipmsm_probe","C:\Users\catkin\Documents\baseline_zhou\zhou_icf_mpc_ipmsm_probe_iter01","tests\unit\test_alpha_d_alpha_q_usage.m","972","2026-07-12T12:51:43.8540205Z","52f02be3836d1b21e5457f6aa5beb57bebec08c3af2975001496926fff6bad77"
"ipmsm_probe","C:\Users\catkin\Documents\baseline_zhou\zhou_icf_mpc_ipmsm_probe_iter01","tests\unit\test_frame_angle_patch_preserved.m","2049","2026-07-12T12:52:03.4957517Z","0f0a8e12f084f1a952702322ec3d9a68c4aac252834b8ebed19f29c3b79dba47"
"ipmsm_probe","C:\Users\catkin\Documents\baseline_zhou\zhou_icf_mpc_ipmsm_probe_iter01","tests\unit\test_ipmsm_dq_equation_signs.m","633","2026-07-12T12:53:22.3824837Z","68dc5d8bade4608b95d231770acdc0465d84ba2d73341052caf7605fea4d4fee"
"ipmsm_probe","C:\Users\catkin\Documents\baseline_zhou\zhou_icf_mpc_ipmsm_probe_iter01","tests\unit\test_ipmsm_reduces_to_smpmsm.m","630","2026-07-12T12:53:43.9446467Z","04e7be9f8c590fb16dfd3513152cf11120577a5a0d47a080766a14a347e9b1eb"
"ipmsm_probe","C:\Users\catkin\Documents\baseline_zhou\zhou_icf_mpc_ipmsm_probe_iter01","tests\unit\test_ipmsm_torque_equation.m","759","2026-07-12T12:51:43.8530184Z","7d65c7976f630566ddef8c84066ca7892e144039116f4e7f9e6de44f136c7690"
"ipmsm_probe","C:\Users\catkin\Documents\baseline_zhou\zhou_icf_mpc_ipmsm_probe_iter01","tests\unit\test_no_illegal_command_ipmsm.m","1859","2026-07-12T12:52:59.2008281Z","c08e1f3125a82f0e4e916c594f129832b66632ddca602a1b6dfe1deb40f43967"
"ipmsm_probe","C:\Users\catkin\Documents\baseline_zhou\zhou_icf_mpc_ipmsm_probe_iter01","tests\unit\test_no_negative_duration_ipmsm.m","1361","2026-07-12T12:52:36.1116889Z","0709f89206f33d7c07afe32efb0fa2e146b0a1204e77dacc72eabb7314a30a11"
"ipmsm_probe","C:\Users\catkin\Documents\baseline_zhou\zhou_icf_mpc_ipmsm_probe_iter01","tests\unit\test_nonzero_id_reference_path.m","879","2026-07-12T12:52:19.6648918Z","c45883f439704c8e61ceea291ae63cd27e6f17440364b07e6a8cf2ce664de0aa"
"ipmsm_probe","C:\Users\catkin\Documents\baseline_zhou\zhou_icf_mpc_ipmsm_probe_iter01","tests\unit\test_project_isolation.m","1032","2026-07-12T13:07:05.2919340Z","5fbddf08f8c67ab52bfb0f82d9cd01fdd0a787ac957d57b0847eebbc60bec770"
