case_id,stage,condition_id,condition_label,range_class,rationale,speed_rpm,iq_ref_A,id_ref_A,Vdc_V,controller_Lq_factor,steps,Jd_limit_A2,Jq_limit_A2,Jd_error_limit_A,Jq_error_limit_A,refinement_basis,is_default,completed_steps,id_steady_bias_A,iq_steady_bias_A,rmse_d_A,rmse_q_A,id_ripple_pp_A,iq_ripple_pp_A,id_peak_error_A,iq_peak_error_A,phase_a_thd,phase_b_thd,phase_c_thd,three_phase_thd_mean,thd_valid,thd_status,thd_window_cycles,thd_window_samples,thd_fundamental_rms_A,source_phase_a_thd,mean_torque_Nm,mean_torque_full_Nm,torque_peak_to_peak_Nm,torque_std_Nm,torque_std_full_Nm,torque_ripple_ratio,torque_ripple_status,total_switching_actions,average_switching_frequency_Hz,single_vector_ratio,double_vector_ratio,three_vector_ratio,zero_vector_dwell_ratio,mean_control_compute_time_s,max_control_compute_time_s,compute_deadline_miss_count,actual_Jd_mean_A2,actual_Jq_mean_A2,actual_Jd_max_A2,actual_Jq_max_A2,Jd_violation_ratio,Jq_violation_ratio,Jd_satisfaction_ratio,Jq_satisfaction_ratio,both_constraints_satisfied_ratio,mean_rectangle_area_V2,min_rectangle_corner_hex_margin_V,mean_rectangle_corner_inside_fraction,mean_voltage_utilization,max_voltage_utilization,voltage_saturation_ratio,illegal_command_count,mean_voltage_realization_error_V,max_voltage_realization_error_V,negative_duration_count,duration_sum_anomaly_count,nan_count,inf_count,current_limit_exceed_count,early_termination,diverged,simulation_stable,case_success,failure_identifier,failure_message,current_ripple_norm_A,numerically_feasible,unsaturated_feasible,core_feasible,pareto,pareto_three_objective,mode_change_L1_vs_default
A_C01_001,coarse_scan,C01,low_speed_light_load,reasonable_extension_range,"100 rpm paper/source speed; interpolated light load",100,2.5,0,48,1,1551,0.01,0,0.1,0,coarse amplitude grid,0,1551,-0.0052848014634881,-3.58273422745749e-05,0.0370062937624129,0.0259222999490619,0.196517509450034,0.0516398448786743,0.0994120972841036,0.66094209764132,0.0144662559733583,0.0148065238323476,0.0144078429755656,0.0145602075937572,1,a=valid known-frequency integer-cycle FFT; b=valid known-frequency integer-cycle FFT; c=valid known-frequency integer-cycle FFT,3,1500,1.76639488369821,0.206428913045657,1.21507773167379,1.19326661083552,0.0267386804757888,0.000949479636864764,0.136046871141302,0.0220057365704132,valid,5732,12318.9340210617,0.000644745325596389,0.286911669890393,0.71244358478401,0.873869205803864,0.000242905415860735,0.0408181,1312,0.00137331872648567,5.22574371887289e-16,0.00999223300387192,1.54489162411517e-15,0,0,1,1,1,0,16.9529732785257,1,0.126130794196137,0.387355519119456,0,0,2.72471950597001e-16,1.83102671940889e-15,0,0,0,0,0,0,0,1,1,,,0.203189087058183,1,1,1,1,1,1.42359767891683
A_C01_002,coarse_scan,C01,low_speed_light_load,reasonable_extension_range,"100 rpm paper/source speed; interpolated light load",100,2.5,0,48,1,1551,0.01,0.0225,0.1,0.15,coarse amplitude grid,0,1551,-0.00733712702568323,-0.0305461177002773,0.0508172281304555,0.0674804312668782,0.200711359512824,0.283494969855249,0.100983238338846,0.66094209764132,0.0286536264111587,0.0287540510804069,0.029902264202086,0.0291033138978839,1,a=valid known-frequency integer-cycle FFT; b=valid known-frequency integer-cycle FFT; c=valid known-frequency integer-cycle FFT,3,1500,1.74576123189081,0.207882808974396,1.20027791649586,1.17846507341698,0.136695413100576,0.0251936760814065,0.138146643983426,0.113886468476943,valid,5428,11665.592091124,0.000644745325596389,0.477756286266925,0.521598968407479,0.873895518907907,0.000228590135396518,0.0085027,1466,0.00257309038964039,0.00369149071140896,0.00999100190223933,0.0224675142939576,0,0,1,1,1,5.76000000000001,15.1538614698674,1,0.126104481092093,0.387355519119456,0,0,3.27213191264915e-16,1.98602732259782e-15,0,0,0,0,0,0,0,1,1,,,0.347353491087559,1,1,1,0,0,1.04190844616376
A_C01_003,coarse_scan,C01,low_speed_light_load,reasonable_extension_range,"100 rpm paper/source speed; interpolated light load",100,2.5,0,48,1,1551,0.01,0.04,0.1,0.2,coarse amplitude grid,0,1551,-0.0146700693834867,-0.0686120765097752,0.057898243854696,0.1072056049701,0.201300855646083,0.202462293255315,0.101442529065352,0.66094209764132,0.0391248877227124,0.0398141628303345,0.0396245674207027,0.0395212059912499,1,a=valid known-frequency integer-cycle FFT; b=valid known-frequency integer-cycle FFT; c=valid known-frequency integer-cycle FFT,3,1500,1.71890900567548,0.210465431240773,1.18190345910999,1.16042560075271,0.0997537577984771,0.0371237452069128,0.14019744222312,0.0844009356513727,valid,5194,11162.6907371588,0.000644745325596389,0.607350096711799,0.392005157962605,0.874266836584589,0.000201609735654417,0.0009824,1489,0.00339033888905989,0.0106207010905104,0.00997882930688782,0.0399215917707815,0,0,1,1,1,7.67999999999996,14.5541575336479,1,0.125733163415411,0.387355519119456,0,0,3.47547940161887e-16,1.83102671940889e-15,0,0,0,0,0,0,0,1,1,,,0.285504841769884,1,1,1,1,1,0.782720825274016
A_C01_004,coarse_scan,C01,low_speed_light_load,reasonable_extension_range,"100 rpm paper/source speed; interpolated light load",100,2.5,0,48,1,1551,0.01,0.16,0.1,0.4,coarse amplitude grid,0,1551,0.00368990137691183,-0.183587878812303,0.0467198928213079,0.244187722008194,0.205569463269995,0.711836405091635,0.102824039575307,0.66094209764132,0.0715714684153873,0.0687022690073005,0.0695996319273708,0.0699577897833529,1,a=valid known-frequency integer-cycle FFT; b=valid known-frequency integer-cycle FFT; c=valid known-frequency integer-cycle FFT,3,1500,1.63670980767415,0.219753386963354,1.1257124767413,1.10398802096643,0.344035479903247,0.0752784296838977,0.154015882990676,0.305615765136722,valid,3404,7315.7102944337,0.372018052869117,0.295938104448743,0.332043842682141,0.874272133131983,0.000257436428110896,0.0022598,1484,0.00209073243472579,0.0575843715415006,0.00996122196914239,0.159690901104573,0,0,1,1,1,15.3599999999999,12.1553417887702,1,0.125727866868017,0.387355519119456,0,0,2.88897906431932e-16,3.5527136788005e-15,0,0,0,0,0,0,0,1,1,,,0.740925010944357,1,1,1,0,0,0.74661508704062
A_C01_005,coarse_scan,C01,low_speed_light_load,reasonable_extension_range,"100 rpm paper/source speed; interpolated light load",100,2.5,0,48,1,1551,0.01,0.64,0.1,0.8,coarse amplitude grid,0,1551,0.0165282240455358,-0.429943803261168,0.0592318842583966,0.522908814562002,0.2244962021058,1.33140310702889,0.114673914878083,0.883387653823327,0.130694702732339,0.136124478089112,0.138331395052491,0.135050191957981,1,a=valid known-frequency integer-cycle FFT; b=valid known-frequency integer-cycle FFT; c=valid known-frequency integer-cycle FFT,3,1500,1.45998933221096,0.256279023156066,1.00577447142763,0.984432862043749,0.643531385000557,0.142421369549436,0.193682886986654,0.639836666451779,valid,2868,6163.76531270148,0.429400386847195,0.392649903288201,0.177949709864603,0.874362640711788,0.000166446228239845,0.000791,1357,0.00305729361119533,0.271719628313497,0.00988930108535987,0.638968316079607,0,0,1,1,1,30.7199999999998,4.68154131838502,1,0.125637359288212,0.483725018218744,0,0,3.64415012408798e-16,5.32907051820075e-15,0,0,0,0,0,0,0,1,1,,,1.35019731082761,1,1,1,0,0,0.553191489361702
A_C01_006,coarse_scan,C01,low_speed_light_load,reasonable_extension_range,"100 rpm paper/source speed; interpolated light load",100,2.5,0,48,1,1551,0.01,1,0.1,1,coarse amplitude grid,0,1551,0.0232728306792117,-0.523410638483256,0.0544706675456643,0.636289536453739,0.221859125284081,1.96555897048388,0.116662986069205,1.08839518925559,0.177615658438036,0.18930212292362,0.180210654022179,0.182376145127945,1,a=valid known-frequency integer-cycle FFT; b=valid known-frequency integer-cycle FFT; c=valid known-frequency integer-cycle FFT,3,1500,1.39189909537525,0.276245778695739,0.96028136681087,0.938718528705317,0.952488355968415,0.173596117589572,0.217080771488795,0.991884658901239,valid,2648,5690.9520739308,0.453900709219858,0.379754996776273,0.166344294003868,0.871444147023243,0.000164576918117344,0.0008519,1377,0.00274900529020462,0.403614175835962,0.00990060295840622,0.997297276158393,0,0,1,1,1,38.3999999999997,-0.105652477085872,0.999838813668601,0.128555852976757,0.703425593416201,0,0,3.54468917253659e-16,6.46603649670442e-15,0,0,0,0,0,0,0,1,1,,,1.97804032767825,1,1,1,0,0,0.578981302385558
A_C01_007,coarse_scan,C01,low_speed_light_load,reasonable_extension_range,"100 rpm paper/source speed; interpolated light load",100,2.5,0,48,1,1551,0.04,0,0.2,0,coarse amplitude grid,0,1551,-0.00586756479523677,-3.64112656766752e-05,0.092555202029502,0.0259367390179281,0.3972398578979,0.0550430008975971,0.199215863549224,0.66094209764132,0.0367769039916587,0.0367252884413689,0.0370374912809027,0.0368465612379768,1,a=valid known-frequency integer-cycle FFT; b=valid known-frequency integer-cycle FFT; c=valid known-frequency integer-cycle FFT,3,1500,1.76494233112527,0.208821107402457,1.21508799159908,1.1932748554619,0.0296035665947958,0.00187488805230798,0.136033794514447,0.0243633109696335,valid,5288,11364.710939179,0.000644745325596389,0.568020631850419,0.431334622823985,0.87404934270629,0.000139443907156673,0.0010026,1151,0.00859373436113901,4.08486053842428e-16,0.0399395509565641,2.31769801733973e-15,0,0,1,1,1,0,16.9278446712632,1,0.12595065729371,0.387355519119456,0,0,4.30813349944147e-16,2.22044604925031e-15,0,0,0,0,0,0,0,1,1,,,0.401035206248225,1,1,1,0,1,0.861379754996776
A_C01_008,coarse_scan,C01,low_speed_light_load,reasonable_extension_range,"100 rpm paper/source speed; interpolated light load",100,2.5,0,48,1,1551,0.04,0.0225,0.2,0.15,coarse amplitude grid,0,1551,-0.00677717047856627,-0.0443167351520633,0.122519891138535,0.0749734575337592,0.39928355473467,0.205661131333529,0.200396520574143,0.66094209764132,0.0487689766999366,0.0470357786957121,0.0474947300984354,0.0477664951646947,1,a=valid known-frequency integer-cycle FFT; b=valid known-frequency integer-cycle FFT; c=valid known-frequency integer-cycle FFT,3,1500,1.73569462979483,0.213611428206482,1.19357678846293,1.17189082717547,0.0994006925842699,0.0254361537118674,0.138311109906712,0.0832796796528494,valid,4556,9791.53234472383,0.000644745325596389,0.973565441650548,0.0257898130238556,0.873946088270073,0.000130973243068988,0.0006234,1538,0.0149583479085981,0.00471171220844053,0.0399832056446189,0.0224840204501358,0,0,1,1,1,11.52,15.1287328626049,1,0.126053911729927,0.387355519119456,0,0,6.45302807789743e-16,2.80866677486136e-15,0,0,0,0,0,0,0,1,1,,,0.449136792105636,1,1,1,1,1,0.65892972275951
A_C01_009,coarse_scan,C01,low_speed_light_load,reasonable_extension_range,"100 rpm paper/source speed; interpolated light load",100,2.5,0,48,1,1551,0.04,0.04,0.2,0.2,coarse amplitude grid,0,1551,-0.0104179984201258,-0.0800609632399876,0.127427426976301,0.112737502786743,0.403747177888101,0.378171086698353,0.20360946696675,0.66094209764132,0.055474282988744,0.0542124955644886,0.0518945334034002,0.0538604373188776,1,a=valid known-frequency integer-cycle FFT; b=valid known-frequency integer-cycle FFT; c=valid known-frequency integer-cycle FFT,3,1500,1.70935304801284,0.216160530108015,1.1762683157253,1.15486360374439,0.177368206976749,0.0356975799858001,0.139591443974757,0.150788901312353,valid,4426,9512.14270363206,0.000644745325596389,0.966473243068988,0.0328820116054159,0.873336573689752,0.000143593423597679,0.0006169,1545,0.0162554398947042,0.0117988821760006,0.0399004269745852,0.0399162688550399,0,0,1,1,1,15.3599999999999,14.5290289263854,1,0.126663426310248,0.387355519119456,0,0,6.53858962641174e-16,2.84355838317334e-15,0,0,0,0,0,0,0,1,1,,,0.553195403512375,1,1,1,1,1,0.65892972275951
A_C01_010,coarse_scan,C01,low_speed_light_load,reasonable_extension_range,"100 rpm paper/source speed; interpolated light load",100,2.5,0,48,1,1551,0.04,0.16,0.2,0.4,coarse amplitude grid,0,1551,0.00607371790543141,-0.243205435802014,0.118552123144264,0.278911607136669,0.397791745758451,0.403616861408397,0.202165599495675,0.66094209764132,0.0786285774783332,0.0803384043692963,0.0813417418023893,0.0801029078833396,1,a=valid known-frequency integer-cycle FFT; b=valid known-frequency integer-cycle FFT; c=valid known-frequency integer-cycle FFT,3,1500,1.59421504332858,0.221672287996751,1.0967084032485,1.07545724824724,0.195549495025245,0.0630862481940896,0.147909009338438,0.178305823540713,valid,3724,8003.43864173651,0.193423597678917,0.752417794970986,0.0541586073500967,0.874757528103463,0.000133728562217924,0.0009451,1491,0.0140451276746946,0.0758786928816343,0.0395359995746153,0.15948842804563,0,0,1,1,1,30.7199999999998,12.1302131815077,1,0.125242471896537,0.387355519119456,0,0,6.20476603083431e-16,3.66205343881779e-15,0,0,0,0,0,0,0,1,1,,,0.566696430028213,1,1,1,1,1,0.273372018052868
A_C01_011,coarse_scan,C01,low_speed_light_load,reasonable_extension_range,"100 rpm paper/source speed; interpolated light load",100,2.5,0,48,1,1551,0.04,0.64,0.2,0.8,coarse amplitude grid,0,1551,-0.000809147515703296,-0.573841412617996,0.117521963278721,0.618641192110086,0.411542396215093,0.807645178116695,0.215194284407195,0.885113826063815,0.129583098973398,0.131497762210306,0.134772720291975,0.131951193825226,1,a=valid known-frequency integer-cycle FFT; b=valid known-frequency integer-cycle FFT; c=valid known-frequency integer-cycle FFT,3,1500,1.35854025230327,0.251341414316815,0.936124824953049,0.915565068309175,0.396050649815947,0.110116090545298,0.17167277372419,0.423074614900647,valid,3438,7388.78143133462,0.242424242424242,0.725338491295938,0.0322372662798195,0.875339583934794,0.000132778272082527,0.000776,1479,0.0136731162166302,0.380995930968461,0.0399198608432207,0.639959161852554,0,0,1,1,1,61.4399999999997,4.58511425268511,1,0.124660416065206,0.483673088366071,0,0,6.28523719642834e-16,5.61733354972272e-15,0,0,0,0,0,0,0,1,1,,,0.906453461363356,1,1,1,0,0,0.175370728562218
A_C01_012,coarse_scan,C01,low_speed_light_load,reasonable_extension_range,"100 rpm paper/source speed; interpolated light load",100,2.5,0,48,1,1551,0.04,1,0.2,1,coarse amplitude grid,0,1551,0.0162902386215569,-0.726208338822948,0.114502537867106,0.783249008881944,0.418494493844473,1.00512247240148,0.214672336519208,1.09428202327927,0.155150851341443,0.155326061260151,0.157118459260101,0.155865123953898,1,a=valid known-frequency integer-cycle FFT; b=valid known-frequency integer-cycle FFT; c=valid known-frequency integer-cycle FFT,3,1500,1.25335839428784,0.278612849430193,0.861846263521719,0.841795651647462,0.491176347584557,0.141399798111147,0.193813267670177,0.569911790970106,valid,3144,6756.93101225016,0.313346228239845,0.638942617666022,0.0477111540941328,0.875839663511451,0.000177835783365571,0.0006468,1462,0.0131144324721666,0.613265189882586,0.0399175902261458,0.99933980959793,0,0,1,1,1,76.7999999999995,-0.283913671463186,0.999516441005803,0.124160336488549,0.564166591631515,0,0,5.92176067534234e-16,6.21724893790088e-15,0,0,0,0,0,0,0,1,1,,,1.08876481661771,1,1,1,0,0,0.0941328175370724
A_C01_013,coarse_scan,C01,low_speed_light_load,reasonable_extension_range,"100 rpm paper/source speed; interpolated light load",100,2.5,0,48,1,1551,0.16,0,0.4,0,coarse amplitude grid,0,1551,0.000866787584448654,-3.2698294389968e-05,0.204750489104468,0.0260301820667053,0.797873135027738,0.06296532274109,0.399336662967427,0.66094209764132,0.0557419028314248,0.0561931941881563,0.0568137187987022,0.0562496052727611,1,a=valid known-frequency integer-cycle FFT; b=valid known-frequency integer-cycle FFT; c=valid known-frequency integer-cycle FFT,3,1500,1.76628665278624,0.22504397846648,1.21496972366354,1.19314326842138,0.0433324011252694,0.00428248878566992,0.136103916346819,0.0356654164143346,valid,4606,9898.9898989899,0.000644745325596389,0.998065764023211,0.00128949065119278,0.873729157267181,0.000194436363636364,0.005581,1551,0.0426916921490718,9.20337722757847e-34,0.159994085112752,1.97215226305253e-31,0,0,1,1,1,0,16.8775874567382,1,0.126270842732819,0.387355519119456,0,0,7.12337245131695e-16,2.80866677486136e-15,0,0,0,0,0,0,0,1,1,,,0.800353778942088,1,1,1,0,1,0.65892972275951
A_C01_014,coarse_scan,C01,low_speed_light_load,reasonable_extension_range,"100 rpm paper/source speed; interpolated light load",100,2.5,0,48,1,1551,0.16,0.0225,0.4,0.15,coarse amplitude grid,0,1551,-0.013203213698381,-0.0336019633966151,0.245625420386834,0.0668165148611689,0.80217575393467,0.184035633939992,0.404898280389277,0.66094209764132,0.101099643213338,0.102292823970676,0.0990483285108012,0.100813598564939,1,a=valid known-frequency integer-cycle FFT; b=valid known-frequency integer-cycle FFT; c=valid known-frequency integer-cycle FFT,3,1500,1.74173253321,0.23742818833254,1.1989043783209,1.17746653491051,0.0892132507571963,0.0256553511114247,0.136711568753875,0.0744123154193015,valid,4132,8880.2922845476,0.000644745325596389,0.994842037395229,0.00451321727917473,0.866824198622386,0.000134191553836235,0.0007238,1551,0.0613757656364024,0.00383921233744769,0.159485642009484,0.0224217600168249,0,0,1,1,1,23.04,15.0784756480799,1,0.133175801377614,0.387355519119456,0,0,7.08866259749204e-16,3.23301824835221e-15,0,0,0,0,0,0,0,1,1,,,0.823015828985294,1,1,1,0,1,0.65892972275951
A_C01_015,coarse_scan,C01,low_speed_light_load,reasonable_extension_range,"100 rpm paper/source speed; interpolated light load",100,2.5,0,48,1,1551,0.16,0.04,0.4,0.2,coarse amplitude grid,0,1551,-0.00307234579449144,-0.0465695124696072,0.231950564024451,0.0860669794254661,0.802619882662852,0.324477983671394,0.403566901525639,0.66094209764132,0.0954300213842972,0.0975689646753915,0.0969408946897001,0.0966466269164629,1,a=valid known-frequency integer-cycle FFT; b=valid known-frequency integer-cycle FFT; c=valid known-frequency integer-cycle FFT,3,1500,1.72541225997534,0.234384164266637,1.19241741233626,1.17091602582193,0.15678200172966,0.0326459877083642,0.138719115772548,0.131482482650502,valid,4106,8824.41435632925,0.000644745325596389,0.998710509348807,0.000644745325596389,0.868536162230076,0.000175088781431335,0.0011883,1551,0.0544835121540746,0.00667496865977222,0.159671054332329,0.0398646403516351,0,0,1,1,1,30.7199999999998,14.4787717118604,1,0.131463837769924,0.387355519119456,0,0,6.96963777552523e-16,3.5527136788005e-15,0,0,0,0,0,0,0,1,1,,,0.865727808224493,1,1,1,0,1,0.65892972275951
A_C01_016,coarse_scan,C01,low_speed_light_load,reasonable_extension_range,"100 rpm paper/source speed; interpolated light load",100,2.5,0,48,1,1551,0.16,0.16,0.4,0.4,coarse amplitude grid,1,1551,-0.00180898416363437,-0.205043518628511,0.22047744492149,0.255656557721068,0.796660568722289,0.416311280565706,0.398528852448327,0.66094209764132,0.111547025552891,0.111298708840198,0.111349992955749,0.111398575782946,1,a=valid known-frequency integer-cycle FFT; b=valid known-frequency integer-cycle FFT; c=valid known-frequency integer-cycle FFT,3,1500,1.61732134529072,0.24060675620854,1.11538211667233,1.09392214937655,0.212753847053416,0.0714800103217925,0.152124939529048,0.190745255704971,valid,2834,6090.69417580056,0.330109606705351,0.669245647969052,0.000644745325596389,0.87109349269686,0.000174716763378465,0.0007408,1495,0.0486443745670001,0.063386144040839,0.159952150662573,0.159964120474151,0,0,1,1,1,61.4399999999997,12.0799559669827,1,0.12890650730314,0.387355519119456,0,0,6.99794582442267e-16,3.66205343881779e-15,0,0,0,0,0,0,0,1,1,,,0.898878826140197,1,1,1,1,1,0
A_C01_017,coarse_scan,C01,low_speed_light_load,reasonable_extension_range,"100 rpm paper/source speed; interpolated light load",100,2.5,0,48,1,1551,0.16,0.64,0.4,0.8,coarse amplitude grid,0,1551,-0.000861601449210974,-0.481557184099538,0.197545216999976,0.541644345877408,0.798979537175238,0.807979392447931,0.403374371030724,0.89709024751706,0.128895890865275,0.132743189859559,0.139018245592432,0.133552442105755,1,a=valid known-frequency integer-cycle FFT; b=valid known-frequency integer-cycle FFT; c=valid known-frequency integer-cycle FFT,3,1500,1.42545744181159,0.259594690643976,0.980964791407275,0.959482645823063,0.399398203520605,0.116884824755098,0.179516592787244,0.407148357432518,valid,2528,5433.05394369224,0.409413281753707,0.590586718246293,0,0.875550001458961,0.000160588007736944,0.0007725,1501,0.0389763558355803,0.290000490308752,0.159839302645734,0.639561437739404,0,0,1,1,1,122.879999999999,4.15483588611872,1,0.124449998541039,0.418594601825059,0,0,6.92543307256329e-16,6.40474566797875e-15,0,0,0,0,0,0,0,1,1,,,1.13630937664233,1,1,1,0,0,0.158607350096711
A_C01_018,coarse_scan,C01,low_speed_light_load,reasonable_extension_range,"100 rpm paper/source speed; interpolated light load",100,2.5,0,48,1,1551,0.16,1,0.4,1,coarse amplitude grid,0,1551,0.0105457360299719,-0.665157438627303,0.206866080251257,0.727516366212953,0.805759803768715,1.27155532641581,0.406170094637311,1.0863630731791,0.178126380955756,0.186588752521344,0.187647302108319,0.184120811861806,1,a=valid known-frequency integer-cycle FFT; b=valid known-frequency integer-cycle FFT; c=valid known-frequency integer-cycle FFT,3,1500,1.29372203401036,0.285624026416213,0.891562062678716,0.870546158638331,0.611934664771404,0.140538438805614,0.194487292490005,0.686362386184125,valid,2420,5200.94562647754,0.431334622823985,0.568665377176016,0,0.87581013595261,0.000134494326241135,0.0008723,1360,0.0423521312293516,0.527578136568308,0.15982737392419,0.999720815239911,0,0,1,1,1,153.599999999999,-0.686927310144902,0.995003223726628,0.124189864047389,0.499031039951929,0,0,6.97323879018422e-16,7.105427357601e-15,0,0,0,0,0,0,0,1,1,,,1.50535770151344,1,1,1,0,0,0.202450032237266
A_C01_019,coarse_scan,C01,low_speed_light_load,reasonable_extension_range,"100 rpm paper/source speed; interpolated light load",100,2.5,0,48,1,1551,0.36,0,0.6,0,coarse amplitude grid,0,1551,-0.016897504205907,-4.21310367122582e-05,0.348185244039417,0.02603040422155,1.20748790213354,0.064486671603412,0.609381143282875,0.66094209764132,0.131469994391845,0.132852984033277,0.127297514282635,0.130540164235919,1,a=valid known-frequency integer-cycle FFT; b=valid known-frequency integer-cycle FFT; c=valid known-frequency integer-cycle FFT,3,1500,1.75745717002208,0.251809102524516,1.21528457106509,1.19354275224109,0.0444093431450079,0.00657077817973126,0.135953895325983,0.0365423409482496,valid,4404,9464.861379755,0.000644745325596389,0.998710509348807,0.000644745325596389,0.868131825762015,0.000146482527401676,0.0009373,1550,0.121538196474774,2.76101316827354e-33,0.359914025600705,1.97215226305253e-31,0,0,1,1,1,0,16.8273302422132,1,0.131868174237985,0.387355519119456,0,0,7.71498304149782e-16,3.66205343881779e-15,0,0,0,0,0,0,0,1,1,,,1.20920865222398,1,1,1,0,1,0.65892972275951
A_C01_020,coarse_scan,C01,low_speed_light_load,reasonable_extension_range,"100 rpm paper/source speed; interpolated light load",100,2.5,0,48,1,1551,0.36,0.0225,0.6,0.15,coarse amplitude grid,0,1551,-0.00163231339912099,-0.0257920282656548,0.359541427580549,0.0565802957845826,1.1940463213492,0.163524376673885,0.599341270253744,0.66094209764132,0.148233712555376,0.143387351418943,0.149089243384392,0.146903435786237,1,a=valid known-frequency integer-cycle FFT; b=valid known-frequency integer-cycle FFT; c=valid known-frequency integer-cycle FFT,3,1500,1.74302475989418,0.263331539186947,1.20250273553131,1.18099679092059,0.094602582894652,0.0223514128536835,0.136625029387995,0.0786714076395452,valid,4028,8656.78057167419,0.000644745325596389,0.998710509348807,0.000644745325596389,0.859942687991945,0.000183533913604126,0.0014597,1551,0.131243938317687,0.00253884290348244,0.359340770750518,0.0222720896433857,0,0,1,1,1,34.5599999999999,15.0282184335549,1,0.140057312008055,0.387355519119456,0,0,7.5123035098431e-16,3.66205343881779e-15,0,0,0,0,0,0,0,1,1,,,1.20519161932621,1,1,1,0,1,0.65892972275951
A_C01_021,coarse_scan,C01,low_speed_light_load,reasonable_extension_range,"100 rpm paper/source speed; interpolated light load",100,2.5,0,48,1,1551,0.36,0.04,0.6,0.2,coarse amplitude grid,0,1551,0.0106081890741378,-0.0312406338371508,0.339306493935828,0.0680880057814394,1.18824900921093,0.204912903241312,0.594422729034559,0.66094209764132,0.138157761139681,0.138910052803709,0.139747082905311,0.138938298949567,1,a=valid known-frequency integer-cycle FFT; b=valid known-frequency integer-cycle FFT; c=valid known-frequency integer-cycle FFT,3,1500,1.74056216928276,0.249331932662361,1.19963338892615,1.17807876758707,0.112421053524647,0.0270600884246299,0.138181507433599,0.0937128414083907,valid,4196,9017.83795400817,0.000644745325596389,0.999355254674404,0,0.864598894391971,0.000165133010960671,0.000791,1551,0.1159942607144,0.00389151108129467,0.357021196328132,0.0383070133487333,0,0,1,1,1,46.0800000000001,14.4285144973354,1,0.135401105608029,0.304440609204869,0,0,7.49017106718749e-16,4.09430021321672e-15,0,0,0,0,0,0,0,1,1,,,1.20578812641589,1,1,1,0,0,0.660219213410703
A_C01_022,coarse_scan,C01,low_speed_light_load,reasonable_extension_range,"100 rpm paper/source speed; interpolated light load",100,2.5,0,48,1,1551,0.36,0.16,0.6,0.4,coarse amplitude grid,0,1551,-0.022033571256292,-0.207967252189593,0.339503264718359,0.25615379065816,1.19195013172546,0.417839909866167,0.59609989798134,0.66094209764132,0.146312688522835,0.143162796168395,0.15116567995043,0.146880388213886,1,a=valid known-frequency integer-cycle FFT; b=valid known-frequency integer-cycle FFT; c=valid known-frequency integer-cycle FFT,3,1500,1.61508589792554,0.274670963840232,1.11431408588314,1.09308584392815,0.216650788316234,0.0707651912293406,0.150416694185692,0.194425244247478,valid,2616,5622.17923920052,0.323017408123791,0.676982591876209,0,0.858897480135205,0.00024453552546744,0.0031181,1522,0.117563483998208,0.0639847606100359,0.35967323549186,0.159869782188045,0,0,1,1,1,92.1600000000002,11.211116319609,1,0.141102519864795,0.318173292994944,0,0,7.49836826342773e-16,4.78298716822545e-15,0,0,0,0,0,0,0,1,1,,,1.26306583628776,1,1,1,0,1,0.0154738878143135
A_C01_023,coarse_scan,C01,low_speed_light_load,reasonable_extension_range,"100 rpm paper/source speed; interpolated light load",100,2.5,0,48,1,1551,0.36,0.64,0.6,0.8,coarse amplitude grid,0,1551,-0.0211945359518706,-0.439229750773234,0.301484419883509,0.507453727861186,1.18355846159469,0.808712600901845,0.596931429088352,0.882331885016579,0.17858566571163,0.186557922671541,0.180695603883065,0.181946397422079,1,a=valid known-frequency integer-cycle FFT; b=valid known-frequency integer-cycle FFT; c=valid known-frequency integer-cycle FFT,3,1500,1.44642129268248,0.283840929037883,1.00185216656734,0.980023759121159,0.405767010672955,0.119851267131281,0.181182046174809,0.405016852000472,valid,2120,4556.20030088115,0.499032882011605,0.500967117988395,0,0.87530483316136,0.000187045776918117,0.0007211,1451,0.0908571754367882,0.253568654201512,0.359093954873478,0.638570590964072,0,0,1,1,1,184.32,3.19195849059777,1,0.12469516683864,0.424498538108217,0,0,6.69093420169746e-16,6.40474566797875e-15,0,0,0,0,0,0,0,1,1,,,1.43346667309352,1,1,1,1,1,0.337846550612507
A_C01_024,coarse_scan,C01,low_speed_light_load,reasonable_extension_range,"100 rpm paper/source speed; interpolated light load",100,2.5,0,48,1,1551,0.36,1,0.6,1,coarse amplitude grid,0,1551,-0.0068630297270386,-0.680172945095416,0.33189940071201,0.733661663382653,1.18525662515251,1.00944044799658,0.599914223758748,1.09262089657509,0.223038824214171,0.2249617213707,0.218581081805319,0.22219387579673,1,a=valid known-frequency integer-cycle FFT; b=valid known-frequency integer-cycle FFT; c=valid known-frequency integer-cycle FFT,3,1500,1.27845547165672,0.317367786215039,0.884510445143119,0.865640536494607,0.501128132420635,0.135249532240231,0.186424100441344,0.566559880861045,valid,2166,4655.06125080593,0.435203094777563,0.564796905222437,0,0.862505911161098,0.000144048484848485,0.0006862,1390,0.111442931208361,0.541612204845625,0.357512365151101,0.99567338386007,0,0,1,1,1,230.399999999999,-1.74677937109931,0.978239845261122,0.137494088838902,0.486410266321262,0,0,7.74240496248111e-16,7.105427357601e-15,0,0,0,0,0,0,0,1,1,,,1.55685686096039,1,1,1,0,0,0.210186976144423
A_C01_025,coarse_scan,C01,low_speed_light_load,reasonable_extension_range,"100 rpm paper/source speed; interpolated light load",100,2.5,0,48,1,1551,0.64,0,0.8,0,coarse amplitude grid,0,1551,-0.0157413205388151,-4.05921169742921e-05,0.505487183277308,0.0261082546827445,1.60058863897252,0.0659499704398394,0.803493992704923,0.66094209764132,0.192827536950197,0.186188440718721,0.188381350541333,0.18913244273675,1,a=valid known-frequency integer-cycle FFT; b=valid known-frequency integer-cycle FFT; c=valid known-frequency integer-cycle FFT,3,1500,1.76610141773647,0.299021891227897,1.21526454922744,1.19354914731308,0.0494569850182001,0.00939516533582452,0.135999952488463,0.0406964763759795,valid,4096,8802.92284547604,0.000644745325596389,0.999355254674404,0,0.857533277677806,0.000148657769181173,0.0006397,1551,0.257535896732548,4.07578134364189e-33,0.639192945343443,1.97215226305253e-31,0,0,1,1,1,0,14.0554205308032,1,0.142466722322194,0.402862625779675,0,0,8.47652307770388e-16,5.32907051820075e-15,0,0,0,0,0,0,0,1,1,,,1.60194674999168,1,1,1,0,1,0.660219213410703
A_C01_026,coarse_scan,C01,low_speed_light_load,reasonable_extension_range,"100 rpm paper/source speed; interpolated light load",100,2.5,0,48,1,1551,0.64,0.0225,0.8,0.15,coarse amplitude grid,0,1551,-0.0245762735101875,-0.0150070376915832,0.483110938740193,0.0478349374529095,1.5980007548444,0.164744576694571,0.800011227687142,0.66094209764132,0.193766188621566,0.195503161361614,0.194459739362074,0.194576363115085,1,a=valid known-frequency integer-cycle FFT; b=valid known-frequency integer-cycle FFT; c=valid known-frequency integer-cycle FFT,3,1500,1.75390574029989,0.291219750981259,1.20815259103449,1.18652391133716,0.0995608090081164,0.020332357043381,0.136967129651525,0.0824074787795362,valid,4282,9202.6649473458,0.000644745325596389,0.999355254674404,0,0.866265807627666,0.000158786009026435,0.000823,1551,0.235697303363511,0.00160616138635674,0.639999567988005,0.0224998326086681,0,0,1,1,1,46.0800000000001,12.7068418648583,1,0.133734192372334,0.367982630776348,0,0,7.63046927522317e-16,3.99680288865056e-15,0,0,0,0,0,0,0,1,1,,,1.60647041305887,1,1,1,0,0,0.660219213410703
A_C01_027,coarse_scan,C01,low_speed_light_load,reasonable_extension_range,"100 rpm paper/source speed; interpolated light load",100,2.5,0,48,1,1551,0.64,0.04,0.8,0.2,coarse amplitude grid,0,1551,0.0138257131816144,-0.0146495070474074,0.390516207696016,0.0494891459428944,1.58950021756809,0.203351552173754,0.798014247424901,0.66094209764132,0.154584910560024,0.157728429196375,0.15500793173479,0.15577375716373,1,a=valid known-frequency integer-cycle FFT; b=valid known-frequency integer-cycle FFT; c=valid known-frequency integer-cycle FFT,3,1500,1.756024229032,0.262232849371513,1.20763580255546,1.18585034133267,0.119513734702532,0.0198379265368778,0.137683609578725,0.0989650476158713,valid,4454,9572.31893402106,0.000644745325596389,0.999355254674404,0,0.870613435375083,0.000140384397163121,0.0008813,1551,0.150066394609236,0.0016788239036213,0.634136369763691,0.0367493050852185,0,0,1,1,1,61.4399999999997,12.1917637552084,1,0.129386564624917,0.357344978128973,0,0,7.49546248789263e-16,3.5527136788005e-15,0,0,0,0,0,0,0,1,1,,,1.60245523975569,1,1,1,0,0,0.660219213410703
A_C01_028,coarse_scan,C01,low_speed_light_load,reasonable_extension_range,"100 rpm paper/source speed; interpolated light load",100,2.5,0,48,1,1551,0.64,0.16,0.8,0.4,coarse amplitude grid,0,1551,-0.00495052347410515,-0.183436292390032,0.418753518159646,0.239088277770814,1.59163967895756,0.414454233537079,0.798143991384063,0.66094209764132,0.184254639365091,0.192010363420782,0.188103323272296,0.188122775352723,1,a=valid known-frequency integer-cycle FFT; b=valid known-frequency integer-cycle FFT; c=valid known-frequency integer-cycle FFT,3,1500,1.62539102763399,0.286000255327075,1.12594938646815,1.10428932712094,0.221981654656421,0.071992800247583,0.152779086986052,0.19715065110762,valid,2520,5415.86073500967,0.386847195357834,0.613152804642166,0,0.865626172169646,0.000137808510638298,0.0008022,1460,0.178596345393975,0.0552849382768982,0.639315250254853,0.159745465784464,0,0,1,1,1,122.879999999999,9.07897316504956,1,0.134373827830354,0.4018548482122,0,0,7.09542918701322e-16,5.61733354972272e-15,0,0,0,0,0,0,0,1,1,,,1.64471553143057,1,1,1,0,1,0.113475177304965
A_C01_029,coarse_scan,C01,low_speed_light_load,reasonable_extension_range,"100 rpm paper/source speed; interpolated light load",100,2.5,0,48,1,1551,0.64,0.64,0.8,0.8,coarse amplitude grid,0,1551,-0.0269338233443776,-0.40415902972016,0.388764402826942,0.482878333102385,1.58063303701745,0.810469814071082,0.799156389002504,0.883203428868299,0.197503657756327,0.197124907631989,0.200907883994556,0.198512149794291,1,a=valid known-frequency integer-cycle FFT; b=valid known-frequency integer-cycle FFT; c=valid known-frequency integer-cycle FFT,3,1500,1.47253961076291,0.30816199534974,1.01906092509277,0.997588822516572,0.411318214336128,0.126319037826618,0.184772176282985,0.403624753150734,valid,1866,4010.31592520954,0.553836234687298,0.446163765312701,0,0.872246226913383,0.00016093023855577,0.0009808,1438,0.152461277087811,0.230520636104368,0.638065831945464,0.639056900130417,0,0,1,1,1,245.759999999999,2.02382290834379,1,0.127753773086617,0.460543134717755,0,0,6.96211574340148e-16,6.40474566797875e-15,0,0,0,0,0,0,0,1,1,,,1.77630574992917,1,1,1,1,1,0.447453255963894
A_C01_030,coarse_scan,C01,low_speed_light_load,reasonable_extension_range,"100 rpm paper/source speed; interpolated light load",100,2.5,0,48,1,1551,0.64,1,0.8,1,coarse amplitude grid,0,1551,0.000319829275878735,-0.577004676378726,0.377709983102259,0.657423852014224,1.57855328836412,1.01492460194166,0.79101177758364,1.07672263123149,0.25760663806596,0.247910129818757,0.257063555121133,0.25419344100195,1,a=valid known-frequency integer-cycle FFT; b=valid known-frequency integer-cycle FFT; c=valid known-frequency integer-cycle FFT,3,1500,1.35712796731884,0.338521551747093,0.934600723032885,0.914564092629311,0.510104886142277,0.153093497956886,0.202111476191087,0.545799798321286,valid,1700,3653.55684504621,0.585428755641522,0.414571244358478,0,0.871712508205689,0.000141519277885235,0.0006038,1310,0.1431595814725,0.432984991524165,0.638686349483016,0.997527579338873,0,0,1,1,1,307.199999999998,-2.5637294677067,0.974854932301741,0.128287491794311,0.5204378623139,0,0,6.88517237745957e-16,7.105427357601e-15,0,0,0,0,0,0,0,1,1,,,1.87667323523079,1,1,1,1,1,0.510638297872341
A_C01_031,coarse_scan,C01,low_speed_light_load,reasonable_extension_range,"100 rpm paper/source speed; interpolated light load",100,2.5,0,48,1,1551,1,0,1,0,coarse amplitude grid,0,1551,-0.0607925182902385,-3.18154538742563e-05,0.651523302993965,0.0262117220822981,1.9974573312825,0.0722818549364024,0.99971405380877,0.66094209764132,0.257682387529483,0.251762329810318,0.249988691960858,0.253144469766886,1,a=valid known-frequency integer-cycle FFT; b=valid known-frequency integer-cycle FFT; c=valid known-frequency integer-cycle FFT,3,1500,1.76262668547803,0.344011261305922,1.21608118518223,1.1943398070247,0.0543946556116042,0.0121215783963679,0.136226136613711,0.0447294607254802,valid,4034,8669.67547818612,0.000644745325596389,0.999355254674404,0,0.856003258345665,0.000146453513862025,0.0006737,1551,0.427388956394825,5.25907270147341e-33,0.999540467699026,1.97215226305253e-31,0,0,1,1,1,0,10.9193531535002,1,0.143996741654336,0.515614164082145,0,0,8.43282115865701e-16,7.32410687763558e-15,0,0,0,0,0,0,0,1,1,,,1.99876473274051,1,1,1,0,1,0.660219213410703
A_C01_032,coarse_scan,C01,low_speed_light_load,reasonable_extension_range,"100 rpm paper/source speed; interpolated light load",100,2.5,0,48,1,1551,1,0.0225,1,0.15,coarse amplitude grid,0,1551,-0.0433688403535656,-0.0110905454866391,0.541686655959361,0.0426853292374854,1.98884393415207,0.164612118034778,0.998269127468073,0.66094209764132,0.214590664435525,0.205042296796394,0.22124794924639,0.213626970159437,1,a=valid known-frequency integer-cycle FFT; b=valid known-frequency integer-cycle FFT; c=valid known-frequency integer-cycle FFT,3,1500,1.73256607549774,0.311322743761755,1.21039075040877,1.18867663010872,0.101473317934575,0.0182725258485426,0.13681693079915,0.0838351729805482,valid,4412,9482.05458843757,0.000644745325596389,0.999355254674404,0,0.867552301772116,0.00015979219858156,0.0007511,1551,0.28864942742494,0.00113292006135716,0.996552817637868,0.0222372962266045,0,0,1,1,1,57.5999999999998,9.99077480985466,1,0.132447698227883,0.442372272146658,0,0,7.74692194711252e-16,5.32907051820075e-15,0,0,0,0,0,0,0,1,1,,,1.99564459356304,1,1,1,0,0,0.660219213410703
A_C01_033,coarse_scan,C01,low_speed_light_load,reasonable_extension_range,"100 rpm paper/source speed; interpolated light load",100,2.5,0,48,1,1551,1,0.04,1,0.2,coarse amplitude grid,0,1551,-0.0215206262938587,-0.0139045787948846,0.475301497721027,0.0495758824420699,1.99194348321012,0.217389851349921,1.00218232700194,0.66094209764132,0.184541754534959,0.191159621625542,0.195755753630531,0.190485709930344,1,a=valid known-frequency integer-cycle FFT; b=valid known-frequency integer-cycle FFT; c=valid known-frequency integer-cycle FFT,3,1500,1.75389856745453,0.284454777776061,1.20861244904993,1.18685245702181,0.122028918996541,0.0199316794944335,0.137422952177362,0.100966127804216,valid,4414,9486.35289060821,0.000644745325596389,0.999355254674404,0,0.863540624304028,0.000139428691166989,0.0004994,1551,0.225569650484494,0.00176221094313849,0.999322867975792,0.0395970429808161,0,0,1,1,1,76.7999999999995,9.51848074775479,1,0.136459375695972,0.418599827660018,0,0,8.04143347862642e-16,7.105427357601e-15,0,0,0,0,0,0,0,1,1,,,2.00377074231889,1,1,1,0,0,0.660219213410703
A_C01_034,coarse_scan,C01,low_speed_light_load,reasonable_extension_range,"100 rpm paper/source speed; interpolated light load",100,2.5,0,48,1,1551,1,0.16,1,0.4,coarse amplitude grid,0,1551,-0.0188966226895881,-0.173482583083521,0.529947198222584,0.231714936857258,1.9733180071445,0.42085974004182,0.993053019997554,0.66094209764132,0.234586985965038,0.229125446928507,0.229524933069861,0.231079121987802,1,a=valid known-frequency integer-cycle FFT; b=valid known-frequency integer-cycle FFT; c=valid known-frequency integer-cycle FFT,3,1500,1.64109288532163,0.327775765611136,1.13104610382292,1.10933778540757,0.223933164152982,0.0727192547234189,0.153364464695348,0.197987653550188,valid,2472,5312.70148291425,0.411992263056093,0.588007736943907,0,0.867798436551376,0.00015296221792392,0.0009972,1410,0.283739989706074,0.0516920540702387,0.990099397829007,0.159560781732681,0,0,1,1,1,153.599999999999,6.95214962184887,1,0.132201563448624,0.430511791607373,0,0,7.29998593246945e-16,5.32907051820075e-15,0,0,0,0,0,0,0,1,1,,,2.01769841108844,1,1,1,0,1,0.163765312701483
A_C01_035,coarse_scan,C01,low_speed_light_load,reasonable_extension_range,"100 rpm paper/source speed; interpolated light load",100,2.5,0,48,1,1551,1,0.64,1,0.8,coarse amplitude grid,0,1551,0.0324058313768378,-0.362904235891886,0.436502063073375,0.445594930257261,1.99001007216165,0.809201375691679,1.00240581237546,0.862578216660887,0.228112365460363,0.224772027377664,0.217210713260803,0.223365035366276,1,a=valid known-frequency integer-cycle FFT; b=valid known-frequency integer-cycle FFT; c=valid known-frequency integer-cycle FFT,3,1500,1.50421204238014,0.320207084531554,1.03822454694753,1.01664759089733,0.413194073428321,0.123688439965772,0.182964673278609,0.397981414177837,valid,1744,3748.11949280034,0.602836879432624,0.397163120567376,0,0.876313844258593,0.0001276944551902,0.0006464,1258,0.194818840213491,0.195276076539719,0.99805229677961,0.639032182263076,0,0,1,1,1,307.199999999998,0.835969270416854,1,0.123686155741407,0.477513514708579,0,0,6.73842121922245e-16,7.1607233460989e-15,0,0,0,0,0,0,0,1,1,,,2.1482427594958,1,1,1,0,1,0.545454545454545
A_C01_036,coarse_scan,C01,low_speed_light_load,reasonable_extension_range,"100 rpm paper/source speed; interpolated light load",100,2.5,0,48,1,1551,1,1,1,1,coarse amplitude grid,0,1551,0.0184791116288705,-0.541506661825511,0.432625931015665,0.629563912093252,1.97780738220655,1.00164725488378,0.996982245732519,1.05091763619829,0.273602438724078,0.276298734198253,0.271715299189057,0.273872157370463,1,a=valid known-frequency integer-cycle FFT; b=valid known-frequency integer-cycle FFT; c=valid known-frequency integer-cycle FFT,3,1500,1.36870134219501,0.353276933291603,0.951616751266097,0.931519982925763,0.500942466507879,0.156370109267633,0.203536754134295,0.526411988693337,valid,1552,3335.48248441865,0.629271437782076,0.370728562217924,0,0.874291964037993,0.000125991038039974,0.0005476,1164,0.191341625621448,0.398438957996792,0.996547097293085,0.99754309145633,0,0,1,1,1,384,-3.18666993240847,0.969535783365571,0.125708035962007,0.529247759367122,0,0,6.89791176714171e-16,7.1607233460989e-15,0,0,0,0,0,0,0,1,1,,,2.21698427245818,1,1,1,1,1,0.598323662153449
A_C02_001,coarse_scan,C02,low_speed_high_load_nominal,engineering_nominal_range,"Exact migrated-IPMSM nominal condition",100,10,0,48,1,1551,0.01,0,0.1,0,coarse amplitude grid,0,1551,-0.000588793296454293,-0.00014336435007977,0.0284500340346437,0.076439803030043,0.195062926348915,0.20563407846692,0.10066944140029,0.96094209764132,0.00283872398274181,0.00284173991631367,0.00281417015766661,0.00283154468557403,1,a=valid known-frequency integer-cycle FFT; b=valid known-frequency integer-cycle FFT; c=valid known-frequency integer-cycle FFT,3,1500,7.07050563873613,0.206039277714167,4.85997274140151,4.77352781853919,0.107807595047202,0.00331163699073014,0.536299681257679,0.0221827571436363,valid,5854,12581.1304534709,0.000644745325596389,0.212765957446809,0.786589297227595,0.839590623436957,0.000116332624113475,0.0006262,722,0.00079795681803569,2.00106784818861e-15,0.00988971637022486,6.59522517439386e-15,0,0.000644745325596389,1,0.999355254674404,0.999355254674404,0,15.1538614698674,1,0.160409376563043,0.4522753745589,0,0,2.79090782661096e-16,2.26441954680147e-15,0,0,0,0,0,0,0,1,1,,,0.283434153663142,1,1,1,1,1,1.55899419729207
A_C02_002,coarse_scan,C02,low_speed_high_load_nominal,engineering_nominal_range,"Exact migrated-IPMSM nominal condition",100,10,0,48,1,1551,0.01,0.0225,0.1,0.15,coarse amplitude grid,0,1551,-0.00803320178841824,-0.0177365324179216,0.0415563400655619,0.0982802045993003,0.199686922313792,0.347008752254363,0.109080376886618,0.96094209764132,0.00714484120213017,0.00715115434009893,0.00697358655657606,0.00708986069960172,1,a=valid known-frequency integer-cycle FFT; b=valid known-frequency integer-cycle FFT; c=valid known-frequency integer-cycle FFT,3,1500,7.05807343428968,0.206327704734636,4.85194123960182,4.76561489114445,0.162311728170829,0.0254232397055127,0.536484448864168,0.0334529459767632,valid,5550,11927.7885235332,0.000644745325596389,0.407479045776918,0.591876208897485,0.83968985248754,0.000116815796260477,0.0013017,868,0.00173366790608789,0.00365715865225799,0.0099701279847477,0.0224669506120403,0,0,1,1,1,5.76000000000001,13.3547496612091,1,0.16031014751246,0.4522753745589,0,0,4.01012654032391e-16,2.66453525910038e-15,0,0,0,0,0,0,0,1,1,,,0.400362262312876,1,1,1,1,1,1.16956802063185
A_C02_003,coarse_scan,C02,low_speed_high_load_nominal,engineering_nominal_range,"Exact migrated-IPMSM nominal condition",100,10,0,48,1,1551,0.01,0.04,0.1,0.2,coarse amplitude grid,0,1551,-0.018167393226263,-0.0566851249584846,0.0450808463497488,0.130615463532708,0.203269607022948,0.386935701576608,0.102031607817118,0.96094209764132,0.00979434330799035,0.00960004819723595,0.0098165997169706,0.00973699707406563,1,a=valid known-frequency integer-cycle FFT; b=valid known-frequency integer-cycle FFT; c=valid known-frequency integer-cycle FFT,3,1500,7.03013272495966,0.206471836126562,4.83372774996978,4.74779016241645,0.181676538615341,0.0399079935807706,0.535478288637231,0.0375851822884474,valid,5348,11493.6600042983,0.000644745325596389,0.538362346872985,0.460992907801418,0.84018948144174,0.00015930251450677,0.0007722,1201,0.00203627063803425,0.0108731936423009,0.00999214225499786,0.0399911450043605,0,0,1,1,1,7.67999999999996,12.7550457249896,1,0.15981051855826,0.4522753745589,0,0,4.76959428655003e-16,3.23301824835221e-15,0,0,0,0,0,0,0,1,1,,,0.43707867746419,1,1,1,1,1,0.907801418439715
A_C02_004,coarse_scan,C02,low_speed_high_load_nominal,engineering_nominal_range,"Exact migrated-IPMSM nominal condition",100,10,0,48,1,1551,0.01,0.16,0.1,0.4,coarse amplitude grid,0,1551,-0.00240048391618312,-0.15976561166153,0.0404402427435348,0.266005652977197,0.213101090447579,0.790152963073831,0.117440421749935,0.96094209764132,0.0210629765443735,0.0209965019103076,0.0204646292408966,0.0208413692318592,1,a=valid known-frequency integer-cycle FFT; b=valid known-frequency integer-cycle FFT; c=valid known-frequency integer-cycle FFT,3,1500,6.95605494283338,0.207136137827494,4.78250033615904,4.69712618734343,0.38172963008542,0.0933423843101733,0.541507028579979,0.0798180038168064,valid,4440,9542.23081882656,0.000644745325596389,0.711154094132817,0.288201160541586,0.832458635182585,0.000136578787878788,0.0007105,1324,0.00156920011348233,0.0634751158095976,0.00991955141185798,0.159448351007625,0,0,1,1,1,15.3599999999999,10.3562299801119,1,0.167541364817415,0.4522753745589,0,0,5.31276835603807e-16,5.61733354972272e-15,0,0,0,0,0,0,0,1,1,,,0.818384860444218,1,1,1,1,1,0.562217923920051
A_C02_005,coarse_scan,C02,low_speed_high_load_nominal,engineering_nominal_range,"Exact migrated-IPMSM nominal condition",100,10,0,48,1,1551,0.01,0.64,0.1,0.8,coarse amplitude grid,0,1551,0.00132597323552865,-0.289970088864881,0.0355275733305314,0.471792395113988,0.212326081659885,1.60620375676362,0.107595104548434,1.1901478506059,0.0360729103527225,0.0373210924763032,0.0367321407840906,0.0367087145377054,1,a=valid known-frequency integer-cycle FFT; b=valid known-frequency integer-cycle FFT; c=valid known-frequency integer-cycle FFT,3,1500,6.85857137294751,0.21091327225658,4.71895751442225,4.63234639990866,0.773991182797303,0.171444697342728,0.563972209775552,0.164017408597514,valid,4554,9787.23404255319,0.00644745325596389,0.817537072856222,0.176015473887814,0.821065754786772,0.00013705718891038,0.0005594,1413,0.00108573209654365,0.210159236857577,0.00988737205724029,0.638779255347456,0,0,1,1,1,30.7199999999998,2.74770276903005,1,0.178934245213228,0.553468154380192,0,0,6.90455687371858e-16,5.61733354972272e-15,0,0,0,0,0,0,0,1,1,,,1.62017680306645,1,1,1,0,0,0.392005157962605
A_C02_006,coarse_scan,C02,low_speed_high_load_nominal,engineering_nominal_range,"Exact migrated-IPMSM nominal condition",100,10,0,48,1,1551,0.01,1,0.1,1,coarse amplitude grid,0,1551,0.00224910982421461,-0.285558360177095,0.0351904460110342,0.549712412170191,0.22869264575207,1.99241972486871,0.126698911879262,1.39555947752417,0.0454238943692023,0.0446465502288396,0.0459247185079967,0.0453317210353462,1,a=valid known-frequency integer-cycle FFT; b=valid known-frequency integer-cycle FFT; c=valid known-frequency integer-cycle FFT,3,1500,6.86441059109717,0.2132388520659,4.72103813106484,4.63342571193771,0.96446231253207,0.2191329129324,0.58771479114239,0.204290303479191,valid,4610,9907.58650333118,0.00838168923275306,0.822695035460993,0.168923275306254,0.804184278894334,0.000150802450032237,0.0006746,1420,0.00100576433471806,0.286703699361088,0.00991697451787988,0.999523313391423,0,0,1,1,1,38.3999999999997,-1.74220546692181,0.979206963249516,0.195815721105666,0.6304098688254,0,0,8.09077985006603e-16,7.32410687763558e-15,0,0,0,0,0,0,0,1,1,,,2.00550160465331,1,1,1,0,0,0.388136686009027
A_C02_007,coarse_scan,C02,low_speed_high_load_nominal,engineering_nominal_range,"Exact migrated-IPMSM nominal condition",100,10,0,48,1,1551,0.04,0,0.2,0,coarse amplitude grid,0,1551,-0.00733650628459107,-0.000143338495843558,0.0865183270875069,0.0764417491660251,0.396432815694541,0.206406897471746,0.199705017171825,0.96094209764132,0.00891539302484481,0.00844359823887316,0.00860976240795502,0.008656251223891,1,a=valid known-frequency integer-cycle FFT; b=valid known-frequency integer-cycle FFT; c=valid known-frequency integer-cycle FFT,3,1500,7.06908733475422,0.206230773587701,4.86045862810374,4.77398445265286,0.11488461849167,0.00680096573968643,0.53638640477359,0.0236365798542948,valid,5520,11863.3139909736,0.000644745325596389,0.422952933591231,0.576402321083172,0.839949579938848,0.000174504835589942,0.0006928,1352,0.00757039659671892,1.93391790352715e-15,0.0399150120431854,1.11973167288024e-14,0,0.000644745325596389,1,0.999355254674404,0.999355254674404,0,15.1287328626049,1,0.160050420061152,0.4522753745589,0,0,4.25232920117044e-16,2.66453525910038e-15,0,0,0,0,0,0,0,1,1,,,0.446948302025429,1,1,1,0,1,1.13862024500322
A_C02_008,coarse_scan,C02,low_speed_high_load_nominal,engineering_nominal_range,"Exact migrated-IPMSM nominal condition",100,10,0,48,1,1551,0.04,0.0225,0.2,0.15,coarse amplitude grid,0,1551,-0.0201635116341151,-0.0369948090026938,0.116036074599932,0.105243960746605,0.399434680771601,0.346916315675484,0.204620522308239,0.96094209764132,0.0128712041576859,0.01304845573579,0.0131258877639491,0.013015182552475,1,a=valid known-frequency integer-cycle FFT; b=valid known-frequency integer-cycle FFT; c=valid known-frequency integer-cycle FFT,3,1500,7.04045203781027,0.206383334956715,4.84343813067594,4.75731496516283,0.154841152780525,0.0255254591922936,0.535666548170858,0.0319692641059742,valid,5092,10943.477326456,0.000644745325596389,0.696324951644101,0.303030303030303,0.840015269403203,0.000242770341715022,0.0011648,1483,0.0136712298568951,0.00501593508300352,0.0399902629500131,0.022492639033662,0,0,1,1,1,11.52,13.3296210539466,1,0.159984730596797,0.4522753745589,0,0,6.18916719519234e-16,2.80866677486136e-15,0,0,0,0,0,0,0,1,1,,,0.529054812174469,1,1,1,1,1,0.591876208897484
A_C02_009,coarse_scan,C02,low_speed_high_load_nominal,engineering_nominal_range,"Exact migrated-IPMSM nominal condition",100,10,0,48,1,1551,0.04,0.04,0.2,0.2,coarse amplitude grid,0,1551,-0.0225682722566953,-0.0667032418452254,0.121128436206691,0.134478061878922,0.402419277459613,0.401537537458958,0.2086738324234,0.96094209764132,0.0144402404973373,0.0143473911188517,0.0142990855542986,0.0143622390568292,1,a=valid known-frequency integer-cycle FFT; b=valid known-frequency integer-cycle FFT; c=valid known-frequency integer-cycle FFT,3,1500,7.02234059428637,0.206486387013308,4.82915620621117,4.7432503000888,0.191711542686043,0.0375274391369445,0.53555411206997,0.0396987660990272,valid,4836,10393.2946486138,0.000644745325596389,0.860090264345583,0.13926499032882,0.840156006909004,0.000201464216634429,0.0008364,1487,0.0148703945811305,0.0117478619865859,0.0398894000783661,0.0398097733367277,0,0,1,1,1,15.3599999999999,12.7299171177271,1,0.159843993090996,0.4522753745589,0,0,7.38703345908e-16,3.10862446895044e-15,0,0,0,0,0,0,0,1,1,,,0.568483657513319,1,1,1,1,1,0.403610573823339
A_C02_010,coarse_scan,C02,low_speed_high_load_nominal,engineering_nominal_range,"Exact migrated-IPMSM nominal condition",100,10,0,48,1,1551,0.04,0.16,0.2,0.4,coarse amplitude grid,0,1551,0.0216038107666695,-0.198521791958003,0.130051972074552,0.283513619488267,0.398349737699471,0.759649438495787,0.202959021105399,0.96094209764132,0.0222814954782248,0.0230582412455616,0.0229450697707113,0.0227616021648326,1,a=valid known-frequency integer-cycle FFT; b=valid known-frequency integer-cycle FFT; c=valid known-frequency integer-cycle FFT,3,1500,6.92489678424338,0.206864264396028,4.76197616854938,4.67694196875953,0.367150534885138,0.0880966296739147,0.536268327093987,0.0771004561740554,valid,3936,8459.05867182463,0.194068343004513,0.631205673758865,0.174725983236622,0.839538067863523,0.000138290844616377,0.0006906,1400,0.0169330389191456,0.0726631241962168,0.0390893231895816,0.159371914205045,0,0,1,1,1,30.7199999999998,10.3311013728494,1,0.160461932136477,0.4522753745589,0,0,6.41363082279217e-16,5.61733354972272e-15,0,0,0,0,0,0,0,1,1,,,0.857758580797768,1,1,1,1,1,0.335267569310123
A_C02_011,coarse_scan,C02,low_speed_high_load_nominal,engineering_nominal_range,"Exact migrated-IPMSM nominal condition",100,10,0,48,1,1551,0.04,0.64,0.2,0.8,coarse amplitude grid,0,1551,0.0410387792006251,-0.385513837258044,0.125462647957254,0.535140377999462,0.423580278830276,1.56465065031575,0.213562235506683,1.19501730323561,0.0358684965694137,0.0373064674709332,0.0372512821325401,0.0368087487242957,1,a=valid known-frequency integer-cycle FFT; b=valid known-frequency integer-cycle FFT; c=valid known-frequency integer-cycle FFT,3,1500,6.7950780811806,0.209829018432178,4.66973836351093,4.58432500732713,0.757363488813356,0.170645272179381,0.55868062601141,0.162185422363564,valid,3326,7148.07650977864,0.266279819471309,0.604126370083817,0.129593810444874,0.831573259765615,0.000155405609284333,0.0009659,1431,0.0151575037542099,0.274468094538484,0.0397378654750116,0.638221919256554,0,0,1,1,1,61.4399999999997,2.56864521656001,1,0.168426740234386,0.637305974454403,0,0,6.63678109614851e-16,7.32410687763558e-15,0,0,0,0,0,0,0,1,1,,,1.6209725198619,1,1,1,0,0,0.372662798194713
A_C02_012,coarse_scan,C02,low_speed_high_load_nominal,engineering_nominal_range,"Exact migrated-IPMSM nominal condition",100,10,0,48,1,1551,0.04,1,0.2,1,coarse amplitude grid,0,1551,0.035333928693386,-0.498242889263766,0.126989710023649,0.691401325964881,0.407980392740938,2.09383657402354,0.210457183006157,1.40244696820591,0.0500665545295822,0.0489301302535825,0.0503556621656425,0.0497841156496024,1,a=valid known-frequency integer-cycle FFT; b=valid known-frequency integer-cycle FFT; c=valid known-frequency integer-cycle FFT,3,1500,6.71197539851184,0.213527223133988,4.61532526288082,4.52848898543582,1.00033101698976,0.220915628905676,0.579718537593602,0.21674117424291,valid,3452,7418.86954652912,0.236621534493875,0.689877498388137,0.0735009671179884,0.834609114809214,0.000185209477756286,0.0040702,1498,0.0159427272934962,0.459932044963233,0.0399245399068733,0.997799045371992,0,0,1,1,1,76.7999999999995,-2.22668896935343,0.96969696969697,0.165390885190786,0.839979232498926,0,0,7.53352561418387e-16,1.24344978758018e-14,0,0,0,0,0,0,0,1,1,,,2.1332134444494,1,1,1,0,0,0.201160541586073
A_C02_013,coarse_scan,C02,low_speed_high_load_nominal,engineering_nominal_range,"Exact migrated-IPMSM nominal condition",100,10,0,48,1,1551,0.16,0,0.4,0,coarse amplitude grid,0,1551,0.0393264721157817,-0.000139549575844525,0.207455165729628,0.0764857466646045,0.792477476454522,0.212098979020864,0.397394420367086,0.96094209764132,0.019310131641987,0.0192559321315472,0.0179220777613311,0.0188293805116218,1,a=valid known-frequency integer-cycle FFT; b=valid known-frequency integer-cycle FFT; c=valid known-frequency integer-cycle FFT,3,1500,7.06787390210146,0.206589495881813,4.85710134339566,4.77075412797716,0.129587365691722,0.0151329019849992,0.535798515705738,0.0266799797924591,valid,4712,10126.799914034,0.000644745325596389,0.932301740812379,0.0670535138620245,0.839838736427383,0.000131304513217279,0.0006316,1498,0.04329006023614,6.2173052777979e-16,0.158878401948123,2.38634942463896e-14,0,0.000644745325596389,1,0.999355254674404,0.999355254674404,0,15.0784756480799,1,0.160161263572616,0.4522753745589,0,0,8.22303782174488e-16,3.5527136788005e-15,0,0,0,0,0,0,0,1,1,,,0.820369750532905,1,1,1,0,1,0.40361057382334
A_C02_014,coarse_scan,C02,low_speed_high_load_nominal,engineering_nominal_range,"Exact migrated-IPMSM nominal condition",100,10,0,48,1,1551,0.16,0.0225,0.4,0.15,coarse amplitude grid,0,1551,-0.00596403913484221,-0.0266176605532034,0.231492153904868,0.0964016006303712,0.795825471881704,0.430119931260004,0.398836293239954,0.96094209764132,0.0240870176364409,0.0235437593870791,0.0235458623664893,0.0237255464633364,1,a=valid known-frequency integer-cycle FFT; b=valid known-frequency integer-cycle FFT; c=valid known-frequency integer-cycle FFT,3,1500,7.04879109338683,0.20867112446795,4.84746588639784,4.76122604656293,0.160860907978491,0.0245606393173162,0.535934096941771,0.0331845363636024,valid,4416,9490.65119277885,0.000644745325596389,0.989039329464861,0.0103159252095422,0.8378328767372,0.000139570406189555,0.0010796,1549,0.0540109631143801,0.00311788603832516,0.159385952962304,0.0221866080569379,0,0,1,1,1,23.04,13.2793638394216,1,0.1621671232628,0.4522753745589,0,0,8.68676932448544e-16,3.23301824835221e-15,0,0,0,0,0,0,0,1,1,,,0.904622206759732,1,1,1,0,1,0.403610573823339
A_C02_015,coarse_scan,C02,low_speed_high_load_nominal,engineering_nominal_range,"Exact migrated-IPMSM nominal condition",100,10,0,48,1,1551,0.16,0.04,0.4,0.2,coarse amplitude grid,0,1551,0.0107334008166598,-0.0435710003796795,0.233706234000411,0.116795689976168,0.803032520154982,0.534250444293333,0.401735010862187,0.96094209764132,0.0253715881555368,0.0237241224541007,0.0246744572882941,0.0245900559659772,1,a=valid known-frequency integer-cycle FFT; b=valid known-frequency integer-cycle FFT; c=valid known-frequency integer-cycle FFT,3,1500,7.03342598781239,0.209028415183142,4.83802156151691,4.75193664039684,0.257794636342919,0.0347790785382054,0.535967945139016,0.0532851358897398,valid,4300,9241.34966688158,0.000644745325596389,0.99097356544165,0.00838168923275306,0.83649881240174,0.000154566344294004,0.0006327,1551,0.0550966134853093,0.00718755356378586,0.159866924197057,0.0399220632985137,0,0,1,1,1,30.7199999999998,12.6796599032021,1,0.163501187598261,0.4522753745589,0,0,8.84596126979963e-16,3.66205343881779e-15,0,0,0,0,0,0,0,1,1,,,0.964512708912685,1,1,1,0,1,0.403610573823339
A_C02_016,coarse_scan,C02,low_speed_high_load_nominal,engineering_nominal_range,"Exact migrated-IPMSM nominal condition",100,10,0,48,1,1551,0.16,0.16,0.4,0.4,coarse amplitude grid,1,1551,0.0183148868428423,-0.186635042022478,0.230578348175124,0.257942022879919,0.804333566182262,0.896606345476716,0.402554279065664,0.96094209764132,0.028002764634011,0.0284063046000386,0.027815443007044,0.0280748374136979,1,a=valid known-frequency integer-cycle FFT; b=valid known-frequency integer-cycle FFT; c=valid known-frequency integer-cycle FFT,3,1500,6.92918021614387,0.207718423216782,4.7679618109807,4.68307452670577,0.388803060890854,0.0752245746134728,0.535314536997326,0.0815449192557361,valid,3446,7405.97464001719,0.202450032237266,0.790457769181173,0.00709219858156028,0.839348354520303,0.000165220502901354,0.0009724,1545,0.0531638509025853,0.0592115588461692,0.158948282685887,0.15847050643673,0,0,1,1,1,61.4399999999997,10.2808441583244,1,0.160651645479697,0.4522753745589,0,0,8.68289888292418e-16,4.44089209850063e-15,0,0,0,0,0,0,0,1,1,,,1.20451460117202,1,1,1,1,1,0
A_C02_017,coarse_scan,C02,low_speed_high_load_nominal,engineering_nominal_range,"Exact migrated-IPMSM nominal condition",100,10,0,48,1,1551,0.16,0.64,0.4,0.8,coarse amplitude grid,0,1551,0.0396291972640175,-0.450109837121677,0.225638173098842,0.547755161476841,0.81718717868021,1.41848856598074,0.410246067601797,1.18476779548603,0.0379962551817571,0.0373983337496187,0.0368157940587649,0.0374034609967136,1,a=valid known-frequency integer-cycle FFT; b=valid known-frequency integer-cycle FFT; c=valid known-frequency integer-cycle FFT,3,1500,6.74707464850051,0.209817477476959,4.63842096904701,4.55207679851345,0.681300952535241,0.134461731402653,0.553520596985332,0.146882087046795,valid,3092,6645.17515581345,0.273372018052869,0.725983236621535,0.000644745325596389,0.838584354168524,0.000130187491940683,0.0005715,1464,0.050418929715274,0.283081964589149,0.159156563343355,0.639142716032473,0,0,1,1,1,122.879999999999,1.35020212368018,1,0.161415645831476,0.587636129999959,0,0,9.01420990699069e-16,8.88178419700125e-15,0,0,0,0,0,0,0,1,1,,,1.63704144627356,1,1,1,0,0,0.141843971631205
A_C02_018,coarse_scan,C02,low_speed_high_load_nominal,engineering_nominal_range,"Exact migrated-IPMSM nominal condition",100,10,0,48,1,1551,0.16,1,0.4,1,coarse amplitude grid,0,1551,0.0343036688663836,-0.622340107664932,0.219550462853653,0.718921470384415,0.818917317377604,1.8588103947542,0.410612516084742,1.38737556165097,0.0402318845966524,0.0398186729716595,0.0420650110927351,0.0407051895536823,1,a=valid known-frequency integer-cycle FFT; b=valid known-frequency integer-cycle FFT; c=valid known-frequency integer-cycle FFT,3,1500,6.62577944801144,0.212011069656492,4.55507998545502,4.4691963824873,0.885014107420675,0.156966570167623,0.55873019156217,0.194291672209191,valid,3066,6589.2972275951,0.276595744680851,0.722759509993553,0.000644745325596389,0.837822821243445,0.000136289039329465,0.0005942,1484,0.0477730157725518,0.497489853184239,0.159099543569386,0.998446500605195,0,0,1,1,1,153.599999999999,-2.54251126965308,0.974049000644745,0.162177178756555,0.644159075156715,0,0,8.94885902756555e-16,8.88178419700125e-15,0,0,0,0,0,0,0,1,1,,,2.03120694572148,1,1,1,0,0,0.148291424887169
A_C02_019,coarse_scan,C02,low_speed_high_load_nominal,engineering_nominal_range,"Exact migrated-IPMSM nominal condition",100,10,0,48,1,1551,0.36,0,0.6,0,coarse amplitude grid,0,1551,0.0189370249231125,-0.000144304442487686,0.336543425385614,0.0765000026947147,1.20351989171101,0.207835663231034,0.603476468784415,0.96094209764132,0.0321137302167946,0.0311512641361211,0.0305978549143598,0.0312876164224252,1,a=valid known-frequency integer-cycle FFT; b=valid known-frequency integer-cycle FFT; c=valid known-frequency integer-cycle FFT,3,1500,7.06498202393132,0.212285441961624,4.85856772989195,4.77200818434307,0.12368999668169,0.0246606632342626,0.536882448450292,0.0254581192561538,valid,4554,9787.23404255319,0.000644745325596389,0.986460348162476,0.0128949065119278,0.837733858265798,0.000133495551257253,0.0006511,1550,0.114205969575751,1.43305813167684e-16,0.35983955506385,3.18738551043942e-14,0,0.000644745325596389,1,0.999355254674404,0.999355254674404,0,15.0282184335549,1,0.162266141734202,0.4522753745589,0,0,9.32306810031835e-16,4.44089209850063e-15,0,0,0,0,0,0,0,1,1,,,1.22133361234954,1,1,1,0,1,0.40361057382334
A_C02_020,coarse_scan,C02,low_speed_high_load_nominal,engineering_nominal_range,"Exact migrated-IPMSM nominal condition",100,10,0,48,1,1551,0.36,0.0225,0.6,0.15,coarse amplitude grid,0,1551,0.00493271174819594,-0.0320380037022142,0.383101835823729,0.0970958436453827,1.19394485953951,0.286711455309328,0.60237923429003,0.96094209764132,0.0380068927184632,0.0350136621528097,0.0365950637377158,0.0365385395363296,1,a=valid known-frequency integer-cycle FFT; b=valid known-frequency integer-cycle FFT; c=valid known-frequency integer-cycle FFT,3,1500,7.04591181033439,0.21339434749967,4.84406215474947,4.75801577260419,0.152486497571108,0.0347814564635752,0.535320962932853,0.0314790547065131,valid,4060,8725.55340640447,0.000644745325596389,0.998710509348807,0.000644745325596389,0.82238049252648,0.000160512894906512,0.0008442,1551,0.149348653064515,0.00346482875435688,0.35863778150427,0.022212671861545,0,0,1,1,1,34.5599999999999,13.2291066248966,1,0.17761950747352,0.4522753745589,0,0,9.83042489536666e-16,4.78298716822545e-15,0,0,0,0,0,0,0,1,1,,,1.22788752995802,1,1,1,0,1,0.416505480335267
A_C02_021,coarse_scan,C02,low_speed_high_load_nominal,engineering_nominal_range,"Exact migrated-IPMSM nominal condition",100,10,0,48,1,1551,0.36,0.04,0.6,0.2,coarse amplitude grid,0,1551,0.037735639338647,-0.0498326868354451,0.375096802645503,0.117725106740339,1.19870985242753,0.353324712747812,0.607037126354743,0.96094209764132,0.0384733294190554,0.0383546038923367,0.0386222248616456,0.0384833860576792,1,a=valid known-frequency integer-cycle FFT; b=valid known-frequency integer-cycle FFT; c=valid known-frequency integer-cycle FFT,3,1500,7.03092644677428,0.212142895176074,4.83305044112307,4.74707832625143,0.170639896365205,0.0405857450360269,0.535482834558062,0.0353068726354018,valid,3944,8476.2518805072,0.000644745325596389,0.998710509348807,0.000644745325596389,0.818289121167729,0.000141489748549323,0.000596,1551,0.141539329529725,0.00759723875680302,0.35956832470691,0.0399526309879266,0,0,1,1,1,46.0800000000001,12.6294026886771,1,0.181710878832271,0.4522753745589,0,0,9.91365095157941e-16,5.32907051820075e-15,0,0,0,0,0,0,0,1,1,,,1.24969742855827,1,1,1,0,1,0.416505480335267
A_C02_022,coarse_scan,C02,low_speed_high_load_nominal,engineering_nominal_range,"Exact migrated-IPMSM nominal condition",100,10,0,48,1,1551,0.36,0.16,0.6,0.4,coarse amplitude grid,0,1551,0.0578593390456133,-0.201129936035791,0.334548187026886,0.274380663348217,1.19558391555442,0.763906610246799,0.600238635581239,0.96094209764132,0.0353420301736202,0.0328272691148822,0.0332602119694646,0.033809837085989,1,a=valid known-frequency integer-cycle FFT; b=valid known-frequency integer-cycle FFT; c=valid known-frequency integer-cycle FFT,3,1500,6.92244356949163,0.210729223068788,4.75819451170222,4.67376267248726,0.367265201799418,0.0865094165283497,0.533958944900551,0.077185831915062,valid,2912,6258.32796045562,0.295293359123146,0.704706640876854,0,0.829129898077149,0.000146076273372018,0.000915,1494,0.112287875153432,0.0687980189161603,0.357704772078163,0.159231819391845,0,0,1,1,1,92.1600000000002,8.57518831974129,1,0.17087010192285,0.397242408060934,0,0,9.06760079423279e-16,5.61733354972272e-15,0,0,0,0,0,0,0,1,1,,,1.41879322253498,1,1,1,1,1,0.185686653771759
A_C02_023,coarse_scan,C02,low_speed_high_load_nominal,engineering_nominal_range,"Exact migrated-IPMSM nominal condition",100,10,0,48,1,1551,0.36,0.64,0.6,0.8,coarse amplitude grid,0,1551,0.0889646869711475,-0.463549305946656,0.341984360913974,0.557844139376084,1.20639032725194,1.53673608600284,0.608384211426098,1.19394925440261,0.0423166506097514,0.04316981760979,0.0411792922336857,0.0422219201510757,1,a=valid known-frequency integer-cycle FFT; b=valid known-frequency integer-cycle FFT; c=valid known-frequency integer-cycle FFT,3,1500,6.74032305629574,0.212784291233399,4.62856953896392,4.54353184999658,0.739644504773244,0.140163820348551,0.548801537147683,0.159799803923613,valid,2504,5381.47431764453,0.365570599613153,0.634429400386847,0,0.824436500198197,0.000141333139909736,0.0007487,1423,0.117243911614121,0.298572234428914,0.35851382929534,0.638892420828722,0,0,1,1,1,184.32,1.76394456680545,1,0.175563499801803,0.568196530396968,0,0,9.74840814054708e-16,9.05767818720588e-15,0,0,0,0,0,0,0,1,1,,,1.95369788342783,1,1,1,0,0,0.326241134751773
A_C02_024,coarse_scan,C02,low_speed_high_load_nominal,engineering_nominal_range,"Exact migrated-IPMSM nominal condition",100,10,0,48,1,1551,0.36,1,0.6,1,coarse amplitude grid,0,1551,0.0944103625482531,-0.638535771656585,0.339278807858031,0.721274605356569,1.19221427172272,1.56349283327857,0.602246472042782,1.37586960322059,0.0461465027232393,0.0452841933675296,0.0442684762103845,0.0452330574337178,1,a=valid known-frequency integer-cycle FFT; b=valid known-frequency integer-cycle FFT; c=valid known-frequency integer-cycle FFT,3,1500,6.61705441017736,0.213509472279704,4.54323435187388,4.45912423486267,0.754979756083721,0.151321664547556,0.548492725688459,0.166176714122688,valid,2510,5394.36922415646,0.344294003868472,0.655705996131528,0,0.81959692464129,0.000136762604771115,0.000573,1506,0.115686503029647,0.507027793659071,0.357815334368309,0.999157442911634,0,0,1,1,1,230.399999999999,-3.14093786371899,0.945196647324307,0.18040307535871,0.664121560693439,0,0,9.73558732071789e-16,7.32410687763558e-15,0,0,0,0,0,0,0,1,1,,,1.96618531919369,1,1,1,0,0,0.283687943262411
A_C02_025,coarse_scan,C02,low_speed_high_load_nominal,engineering_nominal_range,"Exact migrated-IPMSM nominal condition",100,10,0,48,1,1551,0.64,0,0.8,0,coarse amplitude grid,0,1551,0.0544176210258628,-0.000145655458529973,0.482047474860887,0.0765473848130256,1.59447872021973,0.22007831702132,0.800452303483069,0.96094209764132,0.0465654775363044,0.0459062608203071,0.0461449032544767,0.0462055472036961,1,a=valid known-frequency integer-cycle FFT; b=valid known-frequency integer-cycle FFT; c=valid known-frequency integer-cycle FFT,3,1500,7.06536103160839,0.211688573551923,4.85601293914958,4.76987505574868,0.13405142961928,0.0350009538550459,0.535705757984877,0.0276052455582534,valid,4260,9155.38362346873,0.000644745325596389,0.996131528046422,0.00322372662798195,0.826359867689186,0.00014606196002579,0.0007689,1551,0.234968996372768,4.05004690418739e-17,0.639296156626715,1.69153647395627e-14,0,0.000644745325596389,1,0.999355254674404,0.999355254674404,0,12.8658900936142,1,0.173640132310814,0.4522753745589,0,0,9.93242613750556e-16,5.32907051820075e-15,0,0,0,0,0,0,0,1,1,,,1.60959524566162,1,1,1,0,1,0.411347517730497
A_C02_026,coarse_scan,C02,low_speed_high_load_nominal,engineering_nominal_range,"Exact migrated-IPMSM nominal condition",100,10,0,48,1,1551,0.64,0.0225,0.8,0.15,coarse amplitude grid,0,1551,0.0335516436173812,-0.0220826550335291,0.514754480806302,0.0914312856068478,1.60356843917577,0.267689627844707,0.80527825446689,0.96094209764132,0.0505847793290197,0.0528537170038587,0.051538395819067,0.0516589640506484,1,a=valid known-frequency integer-cycle FFT; b=valid known-frequency integer-cycle FFT; c=valid known-frequency integer-cycle FFT,3,1500,7.05391751330317,0.212512282384705,4.8468491031182,4.76092057818614,0.208010080692969,0.0411722156758754,0.535670258693979,0.0429165580086137,valid,3986,8566.51622609069,0.000644745325596389,0.999355254674404,0,0.819088618001277,0.000151652224371373,0.0007467,1551,0.266209379805234,0.00224498868837178,0.639200802216712,0.0223477802981068,0,0,1,1,1,46.0800000000001,11.4075418424889,1,0.180911381998723,0.434907058794881,0,0,1.00703889180634e-15,5.61733354972272e-15,0,0,0,0,0,0,0,1,1,,,1.62575812345387,1,1,1,0,0,0.417794970986461
A_C02_027,coarse_scan,C02,low_speed_high_load_nominal,engineering_nominal_range,"Exact migrated-IPMSM nominal condition",100,10,0,48,1,1551,0.64,0.04,0.8,0.2,coarse amplitude grid,0,1551,0.0277049411673221,-0.0307719413537202,0.482636469660235,0.100856058609684,1.58667264423102,0.374764072590894,0.793535392643142,0.96094209764132,0.0487219290869128,0.0494601483650715,0.0489836080717771,0.0490552285079205,1,a=valid known-frequency integer-cycle FFT; b=valid known-frequency integer-cycle FFT; c=valid known-frequency integer-cycle FFT,3,1500,7.04854923657182,0.214482648708834,4.84304753250142,4.7570249743443,0.202143736923326,0.0431259210390333,0.535967007233762,0.0417389537407492,valid,4046,8695.46529120997,0.000644745325596389,0.999355254674404,0,0.822613501856269,0.000144371631205674,0.0005096,1551,0.23587715548026,0.00412991573383488,0.638902043696859,0.0395377499104427,0,0,1,1,1,61.4399999999997,10.8519796965734,1,0.177386498143731,0.391467038714368,0,0,9.81512061073954e-16,6.21724893790088e-15,0,0,0,0,0,0,0,1,1,,,1.63033069959931,1,1,1,0,0,0.417794970986461
A_C02_028,coarse_scan,C02,low_speed_high_load_nominal,engineering_nominal_range,"Exact migrated-IPMSM nominal condition",100,10,0,48,1,1551,0.64,0.16,0.8,0.4,coarse amplitude grid,0,1551,0.0917694115282294,-0.201811381331066,0.446624942435574,0.268020783574974,1.59816223338961,0.672246512146142,0.800961451477281,0.96094209764132,0.0419774253596215,0.041494494141831,0.0381549062502176,0.0405422752505567,1,a=valid known-frequency integer-cycle FFT; b=valid known-frequency integer-cycle FFT; c=valid known-frequency integer-cycle FFT,3,1500,6.9182353852699,0.213505273924551,4.7554783750166,4.67159111395825,0.322902742622492,0.0859485167755937,0.531203609015869,0.0679012114362447,valid,2818,6056.30775843542,0.307543520309478,0.692456479690522,0,0.824824789251335,0.000130615087040619,0.000697,1440,0.201354337429847,0.0668390530583989,0.63974224205956,0.159805968502235,0,0,1,1,1,122.879999999999,7.9106137270475,1,0.175175210748665,0.447339717934153,0,0,9.36599697381987e-16,6.21724893790088e-15,0,0,0,0,0,0,0,1,1,,,1.73379292227345,1,1,1,1,1,0.210186976144423
A_C02_029,coarse_scan,C02,low_speed_high_load_nominal,engineering_nominal_range,"Exact migrated-IPMSM nominal condition",100,10,0,48,1,1551,0.64,0.64,0.8,0.8,coarse amplitude grid,0,1551,0.138794124554356,-0.442185743500777,0.404322254938457,0.529662911724509,1.60087648340333,0.901619733875684,0.813791818605849,1.19722746829428,0.04159648631399,0.043295856442009,0.0421913514746542,0.0423612314102177,1,a=valid known-frequency integer-cycle FFT; b=valid known-frequency integer-cycle FFT; c=valid known-frequency integer-cycle FFT,3,1500,6.75305710888048,0.211306464454875,4.63561981427542,4.55133682593242,0.46218878369812,0.136583791858807,0.543948827463456,0.0997037725731535,valid,2196,4719.53578336557,0.459058671824629,0.540941328175371,0,0.828556306750228,0.000395074597034172,0.0668417,1551,0.164136925860081,0.268430944980228,0.63797191811168,0.639481643702018,0,0,1,1,1,245.759999999999,0.561257489789117,1,0.171443693249772,0.507465139592943,0,0,9.42444139698381e-16,7.105427357601e-15,0,0,0,0,0,0,0,1,1,,,1.83731425173482,1,1,1,1,1,0.513217279174725
A_C02_030,coarse_scan,C02,low_speed_high_load_nominal,engineering_nominal_range,"Exact migrated-IPMSM nominal condition",100,10,0,48,1,1551,0.64,1,0.8,1,coarse amplitude grid,0,1551,0.147040084795223,-0.560681042769111,0.423926236639759,0.65383237984717,1.56880049015223,1.54710771927642,0.785955419174053,1.40138281259728,0.0521327024426632,0.0528440965878793,0.0535818812647742,0.0528528934317722,1,a=valid known-frequency integer-cycle FFT; b=valid known-frequency integer-cycle FFT; c=valid known-frequency integer-cycle FFT,3,1500,6.66929499222597,0.213762076251365,4.5774453980474,4.49347122670081,0.737435040994512,0.153644528365726,0.54962993473859,0.161101876017807,valid,2222,4775.41371158392,0.44100580270793,0.55899419729207,0,0.828395695657471,0.000216236299161831,0.0054404,1551,0.182017059690108,0.414490104407719,0.629797267484854,0.994758930724314,0,0,1,1,1,307.199999999998,-3.75580617149994,0.941972920696325,0.171604304342529,0.613899931444587,0,0,9.29628509133645e-16,6.46603649670442e-15,0,0,0,0,0,0,0,1,1,,,2.20333321877254,1,1,1,0,0,0.477111540941327
A_C02_031,coarse_scan,C02,low_speed_high_load_nominal,engineering_nominal_range,"Exact migrated-IPMSM nominal condition",100,10,0,48,1,1551,1,0,1,0,coarse amplitude grid,0,1551,0.0804894024595439,-0.000143507495922326,0.635712361999403,0.0765880221271367,1.99221221139453,0.230719660999142,1.00139276129603,0.96094209764132,0.0646454547594079,0.0625377625335319,0.0623253184391844,0.0631695119107081,1,a=valid known-frequency integer-cycle FFT; b=valid known-frequency integer-cycle FFT; c=valid known-frequency integer-cycle FFT,3,1500,7.06080063256524,0.218931877187413,4.85413835219574,4.76804608663207,0.242044371775294,0.0461759346648277,0.536081931218029,0.0498635090748509,valid,4076,8759.93982376961,0.000644745325596389,0.999355254674404,0,0.819528436301782,0.000223212314635719,0.002133,1551,0.41033639323008,0,0.99966864469243,0,0,0,1,1,1,0,9.72261815004929,1,0.180471563698218,0.527410859001655,0,0,1.02753901213268e-15,7.105427357601e-15,0,0,0,0,0,0,0,1,1,,,2.00552762563896,1,1,1,0,0,0.417794970986461
A_C02_032,coarse_scan,C02,low_speed_high_load_nominal,engineering_nominal_range,"Exact migrated-IPMSM nominal condition",100,10,0,48,1,1551,1,0.0225,1,0.15,coarse amplitude grid,0,1551,0.0131400289171664,-0.016492073007008,0.619361918340092,0.0873109118463082,1.99471627255403,0.231522644152689,0.999882303566365,0.96094209764132,0.0632747327996597,0.0614412176825644,0.0584733863113049,0.0610631122645097,1,a=valid known-frequency integer-cycle FFT; b=valid known-frequency integer-cycle FFT; c=valid known-frequency integer-cycle FFT,3,1500,7.05775141481509,0.217897585873397,4.85102230083988,4.76513649863145,0.211782288720926,0.0461290184355635,0.535613593553496,0.0436572490471254,valid,4162,8944.76681710724,0.000644745325596389,0.999355254674404,0,0.822421139574712,0.000168106318504191,0.0008148,1551,0.383367359417924,0.00166311311700782,0.993784167148512,0.0218782312844229,0,0,1,1,1,57.5999999999998,8.59686737217734,1,0.177578860425288,0.510547651346942,0,0,9.90055016670513e-16,6.21724893790088e-15,0,0,0,0,0,0,0,1,1,,,2.00810750278647,1,1,1,0,0,0.417794970986461
A_C02_033,coarse_scan,C02,low_speed_high_load_nominal,engineering_nominal_range,"Exact migrated-IPMSM nominal condition",100,10,0,48,1,1551,1,0.04,1,0.2,coarse amplitude grid,0,1551,-0.0262166798957179,-0.0214795091636443,0.553155917359391,0.0941753629093707,2.00248449281576,0.230956209183931,1.00167173058328,0.96094209764132,0.0546613004282648,0.0540108171298181,0.0561350483942383,0.0549357219841071,1,a=valid known-frequency integer-cycle FFT; b=valid known-frequency integer-cycle FFT; c=valid known-frequency integer-cycle FFT,3,1500,7.04925588718487,0.215975384366424,4.85144589873759,4.76530369899163,0.232423097095096,0.0463691104297958,0.536605926445199,0.0479080055608939,valid,4290,9219.85815602837,0.000644745325596389,0.999355254674404,0,0.825222967058507,0.000188380077369439,0.0007401,1551,0.306864407055776,0.00285017661995554,0.999202045342857,0.0397930098981522,0,0,1,1,1,76.7999999999995,8.05176121402792,1,0.174777032941493,0.491558042692462,0,0,9.89951937782874e-16,7.32410687763558e-15,0,0,0,0,0,0,0,1,1,,,2.01575914100078,1,1,1,0,0,0.417794970986461
A_C02_034,coarse_scan,C02,low_speed_high_load_nominal,engineering_nominal_range,"Exact migrated-IPMSM nominal condition",100,10,0,48,1,1551,1,0.16,1,0.4,coarse amplitude grid,0,1551,0.0653527762322877,-0.198439862808959,0.565384696533534,0.266140536437608,1.99082931948201,0.602004749160169,0.999758286076296,0.96094209764132,0.0542140876021767,0.0585198332968841,0.0578005149917044,0.0568448119635884,1,a=valid known-frequency integer-cycle FFT; b=valid known-frequency integer-cycle FFT; c=valid known-frequency integer-cycle FFT,3,1500,6.91737493322174,0.214887342178397,4.75897509243797,4.67523843337893,0.309760632565086,0.0898977887778461,0.531518437038903,0.0650897780610991,valid,2756,5923.0603911455,0.325596389426177,0.674403610573823,0,0.825293617602904,0.000217939007092199,0.0008251,1551,0.324018926897666,0.065880844708026,0.996601989664485,0.159415036327477,0,0,1,1,1,153.599999999999,5.43231060862399,1,0.174706382397096,0.52826893850581,0,0,9.31019718600872e-16,7.32410687763558e-15,0,0,0,0,0,0,0,1,1,,,2.07985843203825,1,1,1,0,1,0.246292714377821
A_C02_035,coarse_scan,C02,low_speed_high_load_nominal,engineering_nominal_range,"Exact migrated-IPMSM nominal condition",100,10,0,48,1,1551,1,0.64,1,0.8,coarse amplitude grid,0,1551,0.145291982421072,-0.410135156690256,0.497958135660028,0.509238847905463,1.98677415532206,1.40000624137311,0.999001943107472,1.17507653321612,0.0551921817203711,0.0543887908267904,0.0552361203239774,0.0549390309570463,1,a=valid known-frequency integer-cycle FFT; b=valid known-frequency integer-cycle FFT; c=valid known-frequency integer-cycle FFT,3,1500,6.77675810100391,0.213614445653178,4.65070838645602,4.56630939597632,0.671194245854466,0.142970592677082,0.546010086902624,0.144320862561313,valid,1982,4259.61745110681,0.522243713733075,0.477756286266925,0,0.831174861470256,0.000134536299161831,0.0007007,1170,0.249991980297859,0.247801053621038,0.997079113982705,0.638680069568,0,0,1,1,1,307.199999999998,-0.883639470500842,0.995809155383623,0.168825138529744,0.638178032943646,0,0,8.95040966462368e-16,7.105427357601e-15,0,0,0,0,0,0,0,1,1,,,2.43049151822,1,1,1,0,1,0.639587362991617
A_C02_036,coarse_scan,C02,low_speed_high_load_nominal,engineering_nominal_range,"Exact migrated-IPMSM nominal condition",100,10,0,48,1,1551,1,1,1,1,coarse amplitude grid,0,1551,0.184033279084955,-0.478159311431291,0.494129920712706,0.585820813742786,1.98502050708987,1.36079081614069,0.997134880022291,1.40862111101031,0.0466259233596187,0.0483547633472199,0.0446325278211085,0.0465377381759824,1,a=valid known-frequency integer-cycle FFT; b=valid known-frequency integer-cycle FFT; c=valid known-frequency integer-cycle FFT,3,1500,6.72793431152976,0.210375264198968,4.61490033561302,4.53003496849123,0.689648431118243,0.154046909262263,0.551386397144902,0.149439507023857,valid,2010,4319.79368149581,0.528691166989039,0.471308833010961,0,0.839652504893917,0.000182684397163121,0.0024393,1350,0.247833648011986,0.329820549131372,0.995809633040868,0.993076482181601,0,0,1,1,1,384,-4.74701583787995,0.950193423597679,0.160347495106083,0.585672191551193,0,0,8.78128536475601e-16,7.105427357601e-15,0,0,0,0,0,0,0,1,1,,,2.40666949514473,1,1,1,0,0,0.652482269503545
A_C03_001,coarse_scan,C03,mid_speed_light_load,reasonable_extension_range,"Below paper 400 rpm experiment; current remains source-bounded",200,2.5,0,48,1,801,0.01,0,0.1,0,coarse amplitude grid,0,801,-0.00295417478100644,-7.19706850254589e-05,0.0238007539432995,0.0543370055033889,0.191717217257892,0.0528224293746291,0.0998903873545358,1.22153200523258,0.00989367308700996,0.00944924048800837,0.00939582948921439,0.00957958102141091,1,a=valid known-frequency integer-cycle FFT; b=valid known-frequency integer-cycle FFT; c=valid known-frequency integer-cycle FFT,3,750,1.76689135293548,0.434499041395469,1.21501823381006,1.17226718564575,0.0270088217515958,0.0010836932824676,0.191205916081426,0.0222291493246989,valid,3060,12734.0823970037,0.00124843945068664,0.16354556803995,0.835205992509363,0.755550278700525,0.000123550062421973,0.0102658,312,0.00058823382729408,4.49004843451134e-13,0.00999243716224731,9.34161112199973e-13,0,0.0287141073657928,1,0.971285892634207,0.971285892634207,0,6.8133835967822,1,0.244449721299475,0.752330590476461,0,0,3.98259347120723e-16,3.20237283398938e-15,0,0,0,0,0,0,0,1,1,,,0.198861007837503,1,1,1,1,1,1.61048689138577
A_C03_002,coarse_scan,C03,mid_speed_light_load,reasonable_extension_range,"Below paper 400 rpm experiment; current remains source-bounded",200,2.5,0,48,1,801,0.01,0.0225,0.1,0.15,coarse amplitude grid,0,801,-0.0085841027581599,-0.00875192955263804,0.0325947352904835,0.0629336213468231,0.201145564219262,0.282544438839611,0.100637745616783,1.22153200523258,0.0167300967764177,0.0175348501622559,0.0167638311306831,0.0170095926897855,1,a=valid known-frequency integer-cycle FFT; b=valid known-frequency integer-cycle FFT; c=valid known-frequency integer-cycle FFT,3,750,1.7602453951403,0.434958923935659,1.21089500324144,1.16826834364656,0.133701719988105,0.0142429344846029,0.191410636982809,0.110415617894367,valid,3026,12592.5925925926,0.00124843945068664,0.203495630461923,0.795255930087391,0.755740187070051,0.000154893632958801,0.0007599,442,0.00109951770972096,0.00102655614599497,0.00992658345100826,0.0214760285803855,0,0,1,1,1,5.75999999999999,5.01693548561131,1,0.244259812929949,0.752330590476461,0,0,4.63847918512967e-16,3.66205343881779e-15,0,0,0,0,0,0,0,1,1,,,0.346829782349031,1,1,1,0,0,1.53058676654182
A_C03_003,coarse_scan,C03,mid_speed_light_load,reasonable_extension_range,"Below paper 400 rpm experiment; current remains source-bounded",200,2.5,0,48,1,801,0.01,0.04,0.1,0.2,coarse amplitude grid,0,801,-0.00904128144342892,-0.0132849173868509,0.0325203375813018,0.0714311112594875,0.197161110598183,0.249327264265903,0.101528423138107,1.22153200523258,0.0219670592172458,0.019934080588333,0.0202673442126542,0.0207228280060776,1,a=valid known-frequency integer-cycle FFT; b=valid known-frequency integer-cycle FFT; c=valid known-frequency integer-cycle FFT,3,750,1.75720524087687,0.435386360100818,1.20869763961538,1.16602341145149,0.117728184094478,0.020555674361943,0.192270344719871,0.0974008554628603,valid,3010,12526.0091552226,0.00124843945068664,0.222222222222222,0.776529338327091,0.75568575149987,0.000143443820224719,0.0005953,463,0.00106080233389193,0.00204803540258864,0.00962920655518591,0.0384999933923707,0,0,1,1,1,7.68000000000001,4.41811944855435,1,0.24431424850013,0.752330590476461,0,0,4.57206022937934e-16,3.99680288865056e-15,0,0,0,0,0,0,0,1,1,,,0.317862530409969,1,1,1,0,0,1.49313358302122
A_C03_004,coarse_scan,C03,mid_speed_light_load,reasonable_extension_range,"Below paper 400 rpm experiment; current remains source-bounded",200,2.5,0,48,1,801,0.01,0.16,0.1,0.4,coarse amplitude grid,0,801,-0.0194884881706408,-0.0978625144172341,0.043510739471226,0.188803302025843,0.201529018634367,0.402306943738884,0.109115609004064,1.22153200523258,0.0676910339983907,0.0648980488418165,0.062890037267014,0.0651597067024071,1,a=valid known-frequency integer-cycle FFT; b=valid known-frequency integer-cycle FFT; c=valid known-frequency integer-cycle FFT,3,750,1.69541225642828,0.441464765618425,1.16774594187995,1.12519403783622,0.194173224789146,0.0715831797359656,0.203809791429003,0.166280367865418,valid,2876,11968.3728672493,0.00124843945068664,0.388264669163546,0.610486891385768,0.756169505526005,0.00015332759051186,0.0005784,568,0.00182068704663631,0.0314958721491001,0.0099453757928974,0.159366802754267,0,0,1,1,1,15.36,2.02285530032649,1,0.243830494473995,0.752330590476461,0,0,5.19425407030328e-16,3.66205343881779e-15,0,0,0,0,0,0,0,1,1,,,0.449960912004868,1,1,1,0,0,1.16104868913858
A_C03_005,coarse_scan,C03,mid_speed_light_load,reasonable_extension_range,"Below paper 400 rpm experiment; current remains source-bounded",200,2.5,0,48,1,801,0.01,0.64,0.1,0.8,coarse amplitude grid,0,801,0.0187435352312641,-0.339155183764721,0.0598009347006193,0.475050051578702,0.217250549635763,1.29741648819749,0.112989145864103,1.22153200523258,0.147650710168064,0.163644224842965,0.160750495862407,0.157348476957812,1,a=valid known-frequency integer-cycle FFT; b=valid known-frequency integer-cycle FFT; c=valid known-frequency integer-cycle FFT,3,750,1.51668515703835,0.472452061878262,1.04989337119906,1.00746520015968,0.626800616081749,0.156883394305641,0.243795836655513,0.597013595167186,valid,1734,7215.98002496879,0.395755305867665,0.224719101123595,0.379525593008739,0.75653944947857,0.000166827965043695,0.0007422,609,0.00307686989837755,0.218847220463649,0.00870822742984967,0.616189929364439,0,0,1,1,1,30.72,-2.76767299612921,0.999375780274657,0.24346055052143,0.752330590476461,0,0,4.96173781733827e-16,9.05767818720588e-15,0,0,0,0,0,0,0,1,1,,,1.31547989158472,1,1,1,0,0,1.48813982521848
A_C03_006,coarse_scan,C03,mid_speed_light_load,reasonable_extension_range,"Below paper 400 rpm experiment; current remains source-bounded",200,2.5,0,48,1,801,0.01,1,0.1,1,coarse amplitude grid,0,801,0.00190031411524162,-0.467476132529488,0.0567385571778943,0.605834371157649,0.259198072533851,1.87716006053312,0.141795256742227,1.22153200523258,0.192066483934176,0.18596348939063,0.182184306595918,0.186738093306908,1,a=valid known-frequency integer-cycle FFT; b=valid known-frequency integer-cycle FFT; c=valid known-frequency integer-cycle FFT,3,750,1.43252201350189,0.493127056597254,0.98775101000571,0.947166622314681,0.909549047777126,0.184609850534532,0.257948505016552,0.920828263968941,valid,1836,7640.44943820225,0.322097378277154,0.377028714107366,0.300873907615481,0.757183817122718,0.000156362297128589,0.0007938,698,0.00214077132674607,0.360685646006119,0.00993985983201072,0.997866971254018,0,0,1,1,1,38.3999999999999,-5.16293714435706,0.896067415730337,0.242816182877282,0.752330590476461,0,0,5.26012984561066e-16,7.105427357601e-15,0,0,0,0,0,0,0,1,1,,,1.89497058912954,1,1,1,0,0,1.18352059925094
A_C03_007,coarse_scan,C03,mid_speed_light_load,reasonable_extension_range,"Below paper 400 rpm experiment; current remains source-bounded",200,2.5,0,48,1,801,0.04,0,0.2,0,coarse amplitude grid,0,801,-0.00781752295523903,-7.19280475329847e-05,0.0694194668934933,0.0543488071745285,0.391594371520599,0.0544026973794849,0.195896053490125,1.22153200523258,0.0258271631440905,0.02701557114368,0.0277222090380544,0.0268549811086083,1,a=valid known-frequency integer-cycle FFT; b=valid known-frequency integer-cycle FFT; c=valid known-frequency integer-cycle FFT,3,750,1.7642685069387,0.433569722962082,1.215105937766,1.17235276552507,0.0298233840322777,0.00179725604122572,0.191210604840191,0.0245438550708663,valid,2952,12284.6441947566,0.00124843945068664,0.290886392009988,0.707865168539326,0.755768368536619,0.00014927290886392,0.0005979,468,0.0049699970637631,4.35583689532118e-13,0.0393801419568391,1.27689412522637e-12,0,0.0624219725343321,1,0.937578027465668,0.937578027465668,0,6.76315118115875,1,0.244231631463381,0.752330590476461,0,0,5.18824275512629e-16,3.23301824835221e-15,0,0,0,0,0,0,0,1,1,,,0.395355289946621,1,1,1,1,1,1.35580524344569
A_C03_008,coarse_scan,C03,mid_speed_light_load,reasonable_extension_range,"Below paper 400 rpm experiment; current remains source-bounded",200,2.5,0,48,1,801,0.04,0.0225,0.2,0.15,coarse amplitude grid,0,801,-0.0139345968474867,-0.0148553805851087,0.0874249535358144,0.0690947849182184,0.398071521843683,0.153592263969134,0.199827693674687,1.22153200523258,0.0403791389222377,0.0370153178857559,0.0385235869721673,0.0386393479267203,1,a=valid known-frequency integer-cycle FFT; b=valid known-frequency integer-cycle FFT; c=valid known-frequency integer-cycle FFT,3,750,1.75617097841889,0.436389743370724,1.20802173470983,1.1654101233194,0.0795271031127649,0.0184897862986792,0.191576978694719,0.0658325101508767,valid,2882,11993.341656263,0.00124843945068664,0.378277153558052,0.620474406991261,0.75586419406311,0.000132913233458177,0.0011333,494,0.00786298655829981,0.00173986026368144,0.0399360261515995,0.0223112039853227,0,0,1,1,1,11.52,4.96670306998786,1,0.24413580593689,0.752330590476461,0,0,5.86420432274193e-16,3.23301824835221e-15,0,0,0,0,0,0,0,1,1,,,0.426674958316175,1,1,1,1,1,1.18102372034956
A_C03_009,coarse_scan,C03,mid_speed_light_load,reasonable_extension_range,"Below paper 400 rpm experiment; current remains source-bounded",200,2.5,0,48,1,801,0.04,0.04,0.2,0.2,coarse amplitude grid,0,801,-0.0234143879383306,-0.0245718954753194,0.0930900896186679,0.0834715924200888,0.39319597904869,0.201697566926754,0.201919977637253,1.22153200523258,0.045238790494786,0.0427733739653067,0.0424673599945823,0.043493174818225,1,a=valid known-frequency integer-cycle FFT; b=valid known-frequency integer-cycle FFT; c=valid known-frequency integer-cycle FFT,3,750,1.74855122513151,0.436970172535574,1.20346265351923,1.16069816184733,0.0959879252406302,0.0265676847690948,0.192897205769821,0.0797597872771015,valid,2848,11851.8518518519,0.00124843945068664,0.419475655430712,0.579275905118602,0.756249644722554,0.000184657802746567,0.0008131,638,0.0088689710366609,0.00370407247525762,0.039755522446223,0.0396786161575975,0,0,1,1,1,15.36,4.3678870329309,1,0.243750355277446,0.752330590476461,0,0,6.31733832732208e-16,3.23301824835221e-15,0,0,0,0,0,0,0,1,1,,,0.441910609110293,1,1,1,1,1,1.09862671660424
A_C03_010,coarse_scan,C03,mid_speed_light_load,reasonable_extension_range,"Below paper 400 rpm experiment; current remains source-bounded",200,2.5,0,48,1,801,0.04,0.16,0.2,0.4,coarse amplitude grid,0,801,-0.0350672729335591,-0.150646234034357,0.118428484460663,0.228893445441808,0.40609873975125,0.414413508621323,0.207810905317969,1.22153200523258,0.0877746569907212,0.0849767798199547,0.082693664547756,0.0851483671194773,1,a=valid known-frequency integer-cycle FFT; b=valid known-frequency integer-cycle FFT; c=valid known-frequency integer-cycle FFT,3,750,1.65493265710211,0.445673255922557,1.14232614773197,1.10051758989828,0.200628394529365,0.077427773304691,0.201653873573111,0.17563144722521,valid,2618,10894.7149396588,0.00124843945068664,0.65792759051186,0.340823970037453,0.756837084536865,0.000156419600499376,0.0008231,649,0.0142003408550186,0.0488236467643654,0.0394479173924818,0.159008658965008,0,0,1,1,1,30.72,1.97262288470304,1,0.243162915463135,0.752330590476461,0,0,7.3382515524284e-16,4.78298716822545e-15,0,0,0,0,0,0,0,1,1,,,0.58021956409224,1,1,1,1,1,0.621722846441948
A_C03_011,coarse_scan,C03,mid_speed_light_load,reasonable_extension_range,"Below paper 400 rpm experiment; current remains source-bounded",200,2.5,0,48,1,801,0.04,0.64,0.2,0.8,coarse amplitude grid,0,801,0.00683498455502121,-0.366678120777975,0.0898536150345794,0.488095434390317,0.436142493163684,1.44921676651957,0.218776555132422,1.22153200523258,0.147914160637157,0.160003009528244,0.156110887430619,0.154676019198673,1,a=valid known-frequency integer-cycle FFT; b=valid known-frequency integer-cycle FFT; c=valid known-frequency integer-cycle FFT,3,750,1.50799866495842,0.472640509240232,1.03667460759937,0.994579515297075,0.699539199265617,0.15136865050937,0.23998285818905,0.674791486294375,valid,1716,7141.07365792759,0.378277153558052,0.31210986267166,0.309612983770287,0.756686450122283,0.000116368789013733,0.0005214,505,0.00721537307909589,0.230232027996568,0.0394532503802515,0.634314613323506,0,0,1,1,1,61.4400000000001,-2.81790541175266,0.999375780274657,0.243313549877717,0.752330590476461,0,0,6.28608851966851e-16,7.32410687763558e-15,0,0,0,0,0,0,0,1,1,,,1.5134231102717,1,1,1,0,0,1.31335830212235
A_C03_012,coarse_scan,C03,mid_speed_light_load,reasonable_extension_range,"Below paper 400 rpm experiment; current remains source-bounded",200,2.5,0,48,1,801,0.04,1,0.2,1,coarse amplitude grid,0,801,-0.00709355089095755,-0.49907080506455,0.0997790040862495,0.626040502355423,0.410624006069836,1.26699228462558,0.224535625446104,1.22153200523258,0.185334486446183,0.186055364842768,0.189392756998064,0.186927536095672,1,a=valid known-frequency integer-cycle FFT; b=valid known-frequency integer-cycle FFT; c=valid known-frequency integer-cycle FFT,3,750,1.4124369774103,0.494984324091277,0.972486183527029,0.931142437209295,0.609870605775086,0.179074738489844,0.256343154195794,0.627125213813524,valid,1796,7473.99084477736,0.31210986267166,0.454431960049938,0.233458177278402,0.756698406461972,0.000120865293383271,0.0004376,633,0.00848100444334769,0.382663166758676,0.0399115126375419,0.999822961441853,0,0,1,1,1,76.7999999999997,-5.21316955998051,0.873595505617977,0.243301593538028,0.752330590476461,0,0,6.43996467955557e-16,7.32410687763558e-15,0,0,0,0,0,0,0,1,1,,,1.3318714366115,1,1,1,0,0,1.02871410736579
A_C03_013,coarse_scan,C03,mid_speed_light_load,reasonable_extension_range,"Below paper 400 rpm experiment; current remains source-bounded",200,2.5,0,48,1,801,0.16,0,0.4,0,coarse amplitude grid,0,801,-0.0214739389971496,-7.6183327305935e-05,0.210452681451406,0.0544826094659756,0.799351467338875,0.063417753796835,0.403082787829442,1.22153200523258,0.0844993268502775,0.0841848673146192,0.0818866699672915,0.0835236213773961,1,a=valid known-frequency integer-cycle FFT; b=valid known-frequency integer-cycle FFT; c=valid known-frequency integer-cycle FFT,3,750,1.75412670233276,0.439556491226531,1.21535044569686,1.1725904343246,0.037377289999287,0.00463576080103554,0.191279183266348,0.0307543310916019,valid,2642,10994.5900957137,0.00124843945068664,0.66916354556804,0.329588014981273,0.756922188418414,0.000126095505617978,0.0005885,633,0.0442744046329978,2.69708246242424e-13,0.158488445836858,1.99747224284133e-12,0,0.0724094881398252,1,0.927590511860175,0.927590511860175,0,6.66268634991184,1,0.243077811581586,0.752330590476461,0,0,9.36859805825309e-16,4.44089209850063e-15,0,0,0,0,0,0,0,1,1,,,0.801863192716469,1,1,1,0,1,0.599250936329587
A_C03_014,coarse_scan,C03,mid_speed_light_load,reasonable_extension_range,"Below paper 400 rpm experiment; current remains source-bounded",200,2.5,0,48,1,801,0.16,0.0225,0.4,0.15,coarse amplitude grid,0,801,-0.0310712033218436,-0.0277335527366749,0.24722336719245,0.0786534772429619,0.797531842232067,0.168446730932374,0.403043179878175,1.22153200523258,0.0868302551490737,0.0878646467834064,0.095203474684993,0.0899661255391577,1,a=valid known-frequency integer-cycle FFT; b=valid known-frequency integer-cycle FFT; c=valid known-frequency integer-cycle FFT,3,750,1.74584189248097,0.443369927834975,1.2020603924965,1.1592746416418,0.0919697004767501,0.0218897434759548,0.192093768571838,0.0765100497868853,valid,2448,10187.265917603,0.00124843945068664,0.911360799001248,0.0873907615480649,0.756715467868476,0.00013069163545568,0.0005667,769,0.0611215986184977,0.0029509143637718,0.159692201114104,0.0222119520798225,0,0,1,1,1,23.04,4.86623823874096,1,0.243284532131525,0.752330590476461,0,0,1.17738867129975e-15,4.52883909360294e-15,0,0,0,0,0,0,0,1,1,,,0.815126579456147,1,1,1,0,1,0.114856429463171
A_C03_015,coarse_scan,C03,mid_speed_light_load,reasonable_extension_range,"Below paper 400 rpm experiment; current remains source-bounded",200,2.5,0,48,1,801,0.16,0.04,0.4,0.2,coarse amplitude grid,0,801,0.00586908890589477,-0.0430222538502578,0.241852350097666,0.0982363348469758,0.799983490152722,0.221097257788062,0.406975914265073,1.22153200523258,0.104725747693635,0.101642573235642,0.100531541524411,0.102299954151229,1,a=valid known-frequency integer-cycle FFT; b=valid known-frequency integer-cycle FFT; c=valid known-frequency integer-cycle FFT,3,750,1.73431922821404,0.445178560882943,1.19397101480613,1.15124828861666,0.117268480800292,0.0315931686192476,0.192788587988616,0.098217192332206,valid,2394,9962.5468164794,0.00124843945068664,0.952559300873908,0.0461922596754057,0.755845192041151,0.000130640199750312,0.0005836,791,0.0582484380726739,0.00617124170011303,0.159577373678062,0.0398549678913028,0,0,1,1,1,30.72,4.267422201684,1,0.244154807958849,0.752330590476461,0,0,1.2508750369277e-15,4.78298716822545e-15,0,0,0,0,0,0,0,1,1,,,0.829974446545393,1,1,1,0,1,0.0324594257178522
A_C03_016,coarse_scan,C03,mid_speed_light_load,reasonable_extension_range,"Below paper 400 rpm experiment; current remains source-bounded",200,2.5,0,48,1,801,0.16,0.16,0.4,0.4,coarse amplitude grid,1,801,-0.0211406750005624,-0.158729418972402,0.249452083005205,0.225042930593413,0.811984267194028,0.412974857035884,0.406747386923789,1.22153200523258,0.123986544925329,0.120872675752456,0.12814757012496,0.124335596934248,1,a=valid known-frequency integer-cycle FFT; b=valid known-frequency integer-cycle FFT; c=valid known-frequency integer-cycle FFT,3,750,1.65028282853417,0.460118460139,1.13820340234437,1.09595292041464,0.210028128400914,0.0705839147748602,0.199476969434409,0.18452600648383,valid,2256,9388.26466916355,0.00124843945068664,0.968789013732834,0.0299625468164794,0.754143306070142,0.000156962671660424,0.0008437,801,0.0626060771279899,0.0464132721706681,0.158505087515219,0.158990388204042,0,0,1,1,1,61.4400000000001,1.87215805345614,1,0.245856693929858,0.752330590476461,0,0,1.21739460612224e-15,5.61733354972272e-15,0,0,0,0,0,0,0,1,1,,,0.910970187610128,1,1,1,1,1,0
A_C03_017,coarse_scan,C03,mid_speed_light_load,reasonable_extension_range,"Below paper 400 rpm experiment; current remains source-bounded",200,2.5,0,48,1,801,0.16,0.64,0.4,0.8,coarse amplitude grid,0,801,0.0123753065379828,-0.479569019031672,0.232375294085813,0.554106922674446,0.801790630968026,0.819463848745077,0.409529755540641,1.22153200523258,0.177165995235578,0.175339970938685,0.175333609637722,0.175946525270662,1,a=valid known-frequency integer-cycle FFT; b=valid known-frequency integer-cycle FFT; c=valid known-frequency integer-cycle FFT,3,750,1.41893427671123,0.48330422576155,0.981783396421251,0.939251600299728,0.39948908034482,0.126687866585747,0.223589969260248,0.406901442620662,valid,1880,7823.55389096962,0.200998751560549,0.747815230961298,0.0511860174781523,0.757099987107876,0.000134858926342072,0.0005205,760,0.0536520617390826,0.297638851408267,0.158726812259046,0.637561183715962,0,0,1,1,1,122.88,-2.91837024299956,0.999375780274657,0.242900012892124,0.752330590476461,0,0,1.21200431409725e-15,7.105427357601e-15,0,0,0,0,0,0,0,1,1,,,1.14646814840544,1,1,1,0,0,0.441947565543071
A_C03_018,coarse_scan,C03,mid_speed_light_load,reasonable_extension_range,"Below paper 400 rpm experiment; current remains source-bounded",200,2.5,0,48,1,801,0.16,1,0.4,1,coarse amplitude grid,0,801,-0.0250686743507648,-0.639816274218404,0.234035973332928,0.714520303280064,0.80464096095087,1.01468006074167,0.432184795276625,1.22153200523258,0.200292703073579,0.201569099514348,0.19821058589801,0.200024129495312,1,a=valid known-frequency integer-cycle FFT; b=valid known-frequency integer-cycle FFT; c=valid known-frequency integer-cycle FFT,3,750,1.31065184177003,0.502271610251288,0.90441865705349,0.862739441281852,0.504027610768034,0.147749715965017,0.231244893064904,0.55729457462776,valid,1852,7707.0328755722,0.193508114856429,0.771535580524345,0.034956304619226,0.758144275710432,0.000135839700374532,0.0005943,782,0.0541374483715486,0.501274882583088,0.15639631131841,0.994357862148116,0,0,1,1,1,153.599999999999,-5.31363439122741,0.779650436953808,0.241855724289568,0.752330590476461,0,0,1.2046921964958e-15,7.105427357601e-15,0,0,0,0,0,0,0,1,1,,,1.29499911262775,1,1,1,0,0,0.394506866416978
A_C03_019,coarse_scan,C03,mid_speed_light_load,reasonable_extension_range,"Below paper 400 rpm experiment; current remains source-bounded",200,2.5,0,48,1,801,0.36,0,0.6,0,coarse amplitude grid,0,801,0.0487551688322786,-0.000102878565732835,0.323833596866004,0.0548922132505126,1.19635094906029,0.0914422869026166,0.599367682482502,1.22153200523258,0.0946012933669849,0.113099950334129,0.0968436285605088,0.101514957420541,1,a=valid known-frequency integer-cycle FFT; b=valid known-frequency integer-cycle FFT; c=valid known-frequency integer-cycle FFT,3,750,1.759418001455,0.456794052009859,1.21407783070909,1.17139187485404,0.0545091530976138,0.00792819249458376,0.191194692197055,0.0448975771724433,valid,2408,10020.8073241781,0.00124843945068664,0.966292134831461,0.0324594257178527,0.754541698821667,0.000135195505617978,0.0004836,799,0.107031636091483,5.48341564646029e-14,0.359518204768149,3.29492040334676e-12,0,0.0187265917602996,1,0.9812734082397,0.9812734082397,0,6.56222151866494,1,0.245458301178334,0.752330590476461,0,0,1.27875204910011e-15,4.78298716822545e-15,0,0,0,0,0,0,0,1,1,,,1.19984052488297,1,1,1,0,1,0.00499375780274626
A_C03_020,coarse_scan,C03,mid_speed_light_load,reasonable_extension_range,"Below paper 400 rpm experiment; current remains source-bounded",200,2.5,0,48,1,801,0.36,0.0225,0.6,0.15,coarse amplitude grid,0,801,0.0157001976181349,-0.0174236790791539,0.330204935939086,0.0704910029373193,1.19450701897066,0.184453441371494,0.604010453413262,1.22153200523258,0.127936379217076,0.118859562397301,0.123593007148855,0.123462982921077,1,a=valid known-frequency integer-cycle FFT; b=valid known-frequency integer-cycle FFT; c=valid known-frequency integer-cycle FFT,3,750,1.74784412433984,0.459838788756229,1.20624157250547,1.16368753826939,0.108010844248906,0.0200364253572872,0.191253299862683,0.089543294403755,valid,2338,9729.50478568456,0.00124843945068664,0.997503121098627,0.00124843945068664,0.754708284247525,0.000124267915106117,0.0005073,801,0.111954603051645,0.00189399996516249,0.357025624983038,0.0220686574758983,0,0,1,1,1,34.5600000000001,4.76577340749406,1,0.245291715752475,0.752330590476461,0,0,1.26621806575247e-15,5.02429586778808e-15,0,0,0,0,0,0,0,1,1,,,1.20866458970384,1,1,1,0,1,0.0574282147315858
A_C03_021,coarse_scan,C03,mid_speed_light_load,reasonable_extension_range,"Below paper 400 rpm experiment; current remains source-bounded",200,2.5,0,48,1,801,0.36,0.04,0.6,0.2,coarse amplitude grid,0,801,-0.000491733239307085,-0.0284161288823484,0.311514657910981,0.0863655030490264,1.1806364465232,0.229508614166479,0.599132541170075,1.22153200523258,0.129056745597743,0.125419124673371,0.126694762341637,0.127056877537584,1,a=valid known-frequency integer-cycle FFT; b=valid known-frequency integer-cycle FFT; c=valid known-frequency integer-cycle FFT,3,750,1.74375821412908,0.464438240376877,1.20118274263991,1.15838366151324,0.128042472021934,0.0281089441657226,0.192351212308507,0.10659699600789,valid,2312,9621.30669995838,0.00124843945068664,0.997503121098627,0.00124843945068664,0.755907393649022,0.000136135205992509,0.0005765,801,0.0981299554814857,0.00413643540356504,0.359674756276454,0.0397926729521339,0,0,1,1,1,46.0799999999999,4.1669573704371,1,0.244092606350977,0.752330590476461,0,0,1.29814062017431e-15,5.32907051820075e-15,0,0,0,0,0,0,0,1,1,,,1.20273713787991,1,1,1,0,1,0.0574282147315858
A_C03_022,coarse_scan,C03,mid_speed_light_load,reasonable_extension_range,"Below paper 400 rpm experiment; current remains source-bounded",200,2.5,0,48,1,801,0.36,0.16,0.6,0.4,coarse amplitude grid,0,801,-0.00167218716580405,-0.115679182881259,0.357971577954959,0.194487766853053,1.20901149534483,0.72290722089956,0.606230837120672,1.22153200523258,0.15247573161117,0.145754415368535,0.160587563616559,0.152939236865421,1,a=valid known-frequency integer-cycle FFT; b=valid known-frequency integer-cycle FFT; c=valid known-frequency integer-cycle FFT,3,750,1.67689936868995,0.475603094280128,1.15878448699427,1.11685645167561,0.347374518680313,0.0704525519282763,0.199627433710354,0.299774912918757,valid,2126,8847.27424053267,0.00124843945068664,0.993757802746567,0.00499375780274657,0.7486734646742,0.000146749937578027,0.0006477,801,0.130693122723035,0.0346353134324065,0.358693728756307,0.158600315746722,0,0,1,1,1,92.1599999999999,1.77169322220924,1,0.251326535325801,0.752330590476461,0,0,1.30670968608417e-15,6.40474566797875e-15,0,0,0,0,0,0,0,1,1,,,1.40865313186202,1,1,1,0,0,0.0499375780274658
A_C03_023,coarse_scan,C03,mid_speed_light_load,reasonable_extension_range,"Below paper 400 rpm experiment; current remains source-bounded",200,2.5,0,48,1,801,0.36,0.64,0.6,0.8,coarse amplitude grid,0,801,0.015159413765657,-0.420982831098676,0.328272737037688,0.508562184479814,1.19167636796904,0.862605838012565,0.601331586930403,1.22153200523258,0.19888330423698,0.205811179613548,0.202101032522872,0.202265172124466,1,a=valid known-frequency integer-cycle FFT; b=valid known-frequency integer-cycle FFT; c=valid known-frequency integer-cycle FFT,3,750,1.46763217022969,0.493107836911208,1.01019147852828,0.968349050237116,0.420891880754151,0.133075719962565,0.226517924620038,0.416645645603084,valid,1634,6799.83354140658,0.272159800249688,0.724094881398252,0.00374531835205993,0.755621257726675,0.000139012484394507,0.0006809,798,0.108041220581168,0.251188166571954,0.357286973516749,0.637529225939602,0,0,1,1,1,184.32,-3.01883507424646,0.998439450686642,0.244378742273325,0.752330590476461,0,0,1.31622586249529e-15,7.32410687763558e-15,0,0,0,0,0,0,0,1,1,,,1.47111569828795,1,1,1,1,1,0.541822721598003
A_C03_024,coarse_scan,C03,mid_speed_light_load,reasonable_extension_range,"Below paper 400 rpm experiment; current remains source-bounded",200,2.5,0,48,1,801,0.36,1,0.6,1,coarse amplitude grid,0,801,0.00319865564089299,-0.554245961680342,0.320745972518239,0.650451540584805,1.21752099581589,1.01688019764216,0.635974808744603,1.22153200523258,0.221653779943982,0.229825134284723,0.230823721250065,0.227434211826257,1,a=valid known-frequency integer-cycle FFT; b=valid known-frequency integer-cycle FFT; c=valid known-frequency integer-cycle FFT,3,750,1.35945421712362,0.514834278212377,0.945651643758206,0.902511053986866,0.504500977457432,0.15764187343256,0.244867974219025,0.533495585596875,valid,1604,6674.98959633791,0.272159800249688,0.726591760299625,0.00124843945068664,0.757638022516803,0.000134948189762797,0.0006226,755,0.100733089989987,0.410621684895569,0.359174325774452,0.997849853100286,0,0,1,1,1,230.400000000001,-5.41409922247432,0.849250936329588,0.242361977483197,0.693813281249114,0,0,1.26743912322467e-15,7.32410687763558e-15,0,0,0,0,0,0,0,1,1,,,1.5863173426554,1,1,1,1,1,0.541822721598003
A_C03_025,coarse_scan,C03,mid_speed_light_load,reasonable_extension_range,"Below paper 400 rpm experiment; current remains source-bounded",200,2.5,0,48,1,801,0.64,0,0.8,0,coarse amplitude grid,0,801,-0.0260318226653447,-6.68012470013976e-05,0.411362857670277,0.0550221416604199,1.58960128995737,0.0901460250070603,0.797115498413281,1.22153200523258,0.137305249632118,0.1293273574923,0.137909545784884,0.134847384303101,1,a=valid known-frequency integer-cycle FFT; b=valid known-frequency integer-cycle FFT; c=valid known-frequency integer-cycle FFT,3,750,1.75004043518708,0.494742680597991,1.21544350030794,1.17258073308836,0.0574703298220147,0.00954569654487028,0.191588264305142,0.0472834235465936,valid,2364,9837.70287141074,0.00124843945068664,0.99625468164794,0.00249687890137328,0.756063456459819,0.000125920973782772,0.0006237,801,0.174027402655621,2.10825495854918e-15,0.633165641581759,1.58119121891189e-12,0,0.00249687890137328,1,0.997503121098627,0.997503121098627,0,6.46175668741804,1,0.243936543540181,0.752330590476461,0,0,1.37485029992211e-15,5.32907051820075e-15,0,0,0,0,0,0,0,1,1,,,1.59215532121044,1,1,1,0,1,0.0549313358302121
A_C03_026,coarse_scan,C03,mid_speed_light_load,reasonable_extension_range,"Below paper 400 rpm experiment; current remains source-bounded",200,2.5,0,48,1,801,0.64,0.0225,0.8,0.15,coarse amplitude grid,0,801,0.0142199330063538,-0.0194947741070923,0.45607436024524,0.0724807810813113,1.61020093698454,0.182888168966973,0.810567220538198,1.22153200523258,0.16510063395246,0.165082577659897,0.173384600032556,0.167855937214971,1,a=valid known-frequency integer-cycle FFT; b=valid known-frequency integer-cycle FFT; c=valid known-frequency integer-cycle FFT,3,750,1.74952034354106,0.48636180869961,1.2052621199083,1.16259949807887,0.110189794679332,0.0217237457867536,0.191867865523899,0.0914239258491887,valid,2278,9479.81689554723,0.00124843945068664,0.997503121098627,0.00124843945068664,0.747954891382505,0.00013605493133583,0.0005319,801,0.207978085877154,0.0021814447972884,0.639489347009002,0.0223899211288368,0,0,1,1,1,46.0799999999999,4.66530857624715,1,0.252045108617495,0.752330590476461,0,0,1.3345018080426e-15,6.21724893790088e-15,0,0,0,0,0,0,0,1,1,,,1.62055396078439,1,1,1,0,1,0.0574282147315858
A_C03_027,coarse_scan,C03,mid_speed_light_load,reasonable_extension_range,"Below paper 400 rpm experiment; current remains source-bounded",200,2.5,0,48,1,801,0.64,0.04,0.8,0.2,coarse amplitude grid,0,801,-0.0340779834016571,-0.0291385967206476,0.456884508497128,0.0879699740383351,1.58375765936389,0.227853682860373,0.798918942096888,1.22153200523258,0.184157242516839,0.187418902285428,0.179888907583782,0.183821684128683,1,a=valid known-frequency integer-cycle FFT; b=valid known-frequency integer-cycle FFT; c=valid known-frequency integer-cycle FFT,3,750,1.73566705402515,0.488144536920652,1.20142153233922,1.15858772341696,0.126863738930634,0.0295688640763223,0.192700767482326,0.105594693882026,valid,2248,9354.97295047857,0.00124843945068664,0.997503121098627,0.00124843945068664,0.749798998977627,0.000140335830212235,0.0005228,801,0.20854787948178,0.00448751395122851,0.63630557657506,0.0395169253594846,0,0,1,1,1,61.4400000000001,4.06649253919019,1,0.250201001022373,0.752330590476461,0,0,1.33148362927367e-15,5.61733354972272e-15,0,0,0,0,0,0,0,1,1,,,1.60006425633061,1,1,1,0,1,0.0574282147315858
A_C03_028,coarse_scan,C03,mid_speed_light_load,reasonable_extension_range,"Below paper 400 rpm experiment; current remains source-bounded",200,2.5,0,48,1,801,0.64,0.16,0.8,0.4,coarse amplitude grid,0,801,0.0198280517527342,-0.0816069373983893,0.415777765545323,0.158424727170029,1.59744563751525,0.42779839484365,0.805737612818461,1.22153200523258,0.178538996898563,0.181431134047775,0.170723124520466,0.176897751822268,1,a=valid known-frequency integer-cycle FFT; b=valid known-frequency integer-cycle FFT; c=valid known-frequency integer-cycle FFT,3,750,1.70092566757705,0.476633753897017,1.17497905090545,1.13308457469828,0.224856408818815,0.0604215174557558,0.195762689277369,0.191370568390593,valid,2162,8997.08697461506,0.00124843945068664,0.997503121098627,0.00124843945068664,0.748840828095606,0.000141324594257179,0.000521,801,0.1735016725175,0.0221361532138899,0.638720296328236,0.159713991046322,0,0,1,1,1,122.88,1.67122839096234,1,0.251159171904394,0.752330590476461,0,0,1.31192429775412e-15,6.40474566797875e-15,0,0,0,0,0,0,0,1,1,,,1.65373638511321,1,1,1,0,1,0.0574282147315858
A_C03_029,coarse_scan,C03,mid_speed_light_load,reasonable_extension_range,"Below paper 400 rpm experiment; current remains source-bounded",200,2.5,0,48,1,801,0.64,0.64,0.8,0.8,coarse amplitude grid,0,801,-0.0697364892317996,-0.411315531146431,0.455821671958205,0.50918715602457,1.58934125050221,0.850742958524699,0.805719945796967,1.22153200523258,0.262258472117717,0.252510031931223,0.254353858546322,0.256374120865087,1,a=valid known-frequency integer-cycle FFT; b=valid known-frequency integer-cycle FFT; c=valid known-frequency integer-cycle FFT,3,750,1.46746376007794,0.534832462050821,1.01616904013167,0.974446888409254,0.427261104774397,0.141316484942933,0.232598772512274,0.420462627673675,valid,1466,6100.70744902206,0.310861423220974,0.689138576779026,0,0.747895396665206,0.000173987390761548,0.0006704,797,0.212301411615243,0.252537936632583,0.639886452534791,0.639936300010807,0,0,1,1,1,245.76,-3.11929990549336,0.979088639200999,0.252104603334794,0.536343880242961,0,0,1.35104597386261e-15,7.32410687763558e-15,0,0,0,0,0,0,0,1,1,,,1.80271162198153,1,1,1,1,1,0.619225967540575
A_C03_030,coarse_scan,C03,mid_speed_light_load,reasonable_extension_range,"Below paper 400 rpm experiment; current remains source-bounded",200,2.5,0,48,1,801,0.64,1,0.8,1,coarse amplitude grid,0,801,-0.013048322530255,-0.469346001249583,0.382308230905546,0.573044886795556,1.55329751014055,1.02789808928527,0.79489847964885,1.22153200523258,0.187994316145614,0.178522636614384,0.188136141945794,0.184884364901931,1,a=valid known-frequency integer-cycle FFT; b=valid known-frequency integer-cycle FFT; c=valid known-frequency integer-cycle FFT,3,750,1.42741791639521,0.530671963397358,0.987051315460555,0.944331080760857,0.508124794352771,0.152510273868787,0.240390549883763,0.514790656163283,valid,1482,6167.29088639201,0.33458177278402,0.66541822721598,0,0.758986734105674,0.000140052184769039,0.0005324,720,0.143731821965042,0.319302111791981,0.634944110776244,0.995721572450325,0,0,1,1,1,307.199999999999,-5.51456405372121,0.886392009987516,0.241013265894326,0.611040227363365,0,0,1.32505021516313e-15,7.53644380168212e-15,0,0,0,0,0,0,0,1,1,,,1.86260775177307,1,1,1,0,0,0.666666666666667
A_C03_031,coarse_scan,C03,mid_speed_light_load,reasonable_extension_range,"Below paper 400 rpm experiment; current remains source-bounded",200,2.5,0,48,1,801,1,0,1,0,coarse amplitude grid,0,801,-0.0217340305502286,-8.34299025485468e-05,0.520220620012547,0.0550254655119327,2.00135188845484,0.0856064535293974,1.00392177195075,1.22153200523258,0.177276283377573,0.180393708370732,0.185230047386947,0.180966679711751,1,a=valid known-frequency integer-cycle FFT; b=valid known-frequency integer-cycle FFT; c=valid known-frequency integer-cycle FFT,3,750,1.7638653557465,0.488588667583133,1.21535686326005,1.1723898668519,0.0615210469632856,0.01096911988455,0.191819608720665,0.0506197387969348,valid,2338,9729.50478568456,0.00124843945068664,0.997503121098627,0.00124843945068664,0.752962666755,0.000123411985018727,0.000689,799,0.272318679669431,2.97137607633248e-32,0.99812814988656,1.97215226305253e-31,0,0.00124843945068664,1,0.998751560549313,0.998751560549313,0,6.36129185617114,1,0.247037333245,0.752330590476461,0,0,1.37988273853884e-15,5.61733354972272e-15,0,0,0,0,0,0,0,1,1,,,2.00318193040663,1,1,1,0,1,0.0574282147315858
A_C03_032,coarse_scan,C03,mid_speed_light_load,reasonable_extension_range,"Below paper 400 rpm experiment; current remains source-bounded",200,2.5,0,48,1,801,1,0.0225,1,0.15,coarse amplitude grid,0,801,0.00539940917344451,-0.0182007228840769,0.599660270993075,0.0702096903902426,1.99770560990243,0.186129079680874,1.00280116215952,1.22153200523258,0.225814427869074,0.227896748856721,0.229332441375674,0.227681206033823,1,a=valid known-frequency integer-cycle FFT; b=valid known-frequency integer-cycle FFT; c=valid known-frequency integer-cycle FFT,3,750,1.74486217021817,0.496878325229039,1.2060457958442,1.16341286251812,0.111006296027831,0.0211659575341787,0.191166390361741,0.0920415264580643,valid,2190,9113.60799001248,0.00124843945068664,0.997503121098627,0.00124843945068664,0.735798827055172,0.000144070661672909,0.0008141,801,0.357836490915222,0.00187961310280952,0.99760786609918,0.0219490655656043,0,0,1,1,1,57.6000000000002,4.56484374500025,1,0.264201172944828,0.752330590476461,0,0,1.39994215506679e-15,7.32410687763558e-15,0,0,0,0,0,0,0,1,1,,,2.00635782903711,1,1,1,0,1,0.0574282147315858
A_C03_033,coarse_scan,C03,mid_speed_light_load,reasonable_extension_range,"Below paper 400 rpm experiment; current remains source-bounded",200,2.5,0,48,1,801,1,0.04,1,0.2,coarse amplitude grid,0,801,0.045032934636399,-0.0431851349550318,0.64629799533604,0.0953046417978415,1.99090283771101,0.235541995044386,0.995471998889507,1.22153200523258,0.264187366639276,0.265693507428038,0.269312324172304,0.266397732746539,1,a=valid known-frequency integer-cycle FFT; b=valid known-frequency integer-cycle FFT; c=valid known-frequency integer-cycle FFT,3,750,1.73449406670751,0.511584461127332,1.19321488661616,1.15122714705706,0.133889502362872,0.0337875607925316,0.190129090903683,0.112209044543996,valid,2062,8580.94049105285,0.00124843945068664,0.997503121098627,0.00124843945068664,0.721487844859995,0.000148804244694132,0.0006279,801,0.421481375345971,0.00619423494191701,0.999531228609925,0.0399796917900538,0,0,1,1,1,76.7999999999997,3.96602770794329,1,0.278512155140004,0.752330590476461,0,0,1.47046898621334e-15,7.32410687763558e-15,0,0,0,0,0,0,0,1,1,,,2.00478780439109,1,1,1,0,1,0.0574282147315858
A_C03_034,coarse_scan,C03,mid_speed_light_load,reasonable_extension_range,"Below paper 400 rpm experiment; current remains source-bounded",200,2.5,0,48,1,801,1,0.16,1,0.4,coarse amplitude grid,0,801,-0.016702704563075,-0.0674063322266688,0.545446428759741,0.146616226212139,1.98654885323731,0.433618201029532,0.994743857722323,1.22153200523258,0.208505122356026,0.219789849978878,0.222561223509616,0.216952065281507,1,a=valid known-frequency integer-cycle FFT; b=valid known-frequency integer-cycle FFT; c=valid known-frequency integer-cycle FFT,3,750,1.69851630240895,0.502139428907063,1.18255573688578,1.14011306294251,0.231261180168767,0.0581192231186471,0.197020455045609,0.195560490685865,valid,2176,9055.34748231377,0.00124843945068664,0.997503121098627,0.00124843945068664,0.746208095011132,0.000174721223470662,0.0007472,801,0.301044996629079,0.0183070169102617,0.991269868518072,0.155817925021027,0,0,1,1,1,153.599999999999,1.57076355971544,1,0.253791904988868,0.752330590476461,0,0,1.39526176153848e-15,7.32410687763558e-15,0,0,0,0,0,0,0,1,1,,,2.03332267251476,1,1,1,0,0,0.0574282147315858
A_C03_035,coarse_scan,C03,mid_speed_light_load,reasonable_extension_range,"Below paper 400 rpm experiment; current remains source-bounded",200,2.5,0,48,1,801,1,0.64,1,0.8,coarse amplitude grid,0,801,0.0715766356481247,-0.425749372081991,0.55057444121885,0.518233700874644,1.9776425397217,0.840800503226808,1.0162432619199,1.22153200523258,0.302518010033608,0.301053562019302,0.298009397599978,0.300526989884296,1,a=valid known-frequency integer-cycle FFT; b=valid known-frequency integer-cycle FFT; c=valid known-frequency integer-cycle FFT,3,750,1.46176628502799,0.562673089507798,1.00707877130026,0.965835867240728,0.420461907001812,0.139562315994527,0.22919402890054,0.417506474154893,valid,1412,5875.98834789846,0.299625468164794,0.700374531835206,0,0.727519987652647,0.00014977240948814,0.0005967,781,0.305694573005687,0.26348995971995,0.999975791507786,0.63995590479067,0,0,1,1,1,307.199999999999,-3.21976473674026,0.957553058676654,0.272480012347353,0.575700804557588,0,0,1.41249187063749e-15,7.32410687763558e-15,0,0,0,0,0,0,0,1,1,,,2.1489568402235,1,1,1,0,0,0.596754057428215
A_C03_036,coarse_scan,C03,mid_speed_light_load,reasonable_extension_range,"Below paper 400 rpm experiment; current remains source-bounded",200,2.5,0,48,1,801,1,1,1,1,coarse amplitude grid,0,801,0.00517741415252243,-0.463947284655476,0.516481864973082,0.574223778011022,1.95803658148941,1.03910342278943,0.996843919027006,1.22153200523258,0.271615887243703,0.25983710628232,0.293179014500573,0.274877336008865,1,a=valid known-frequency integer-cycle FFT; b=valid known-frequency integer-cycle FFT; c=valid known-frequency integer-cycle FFT,3,750,1.4161325982524,0.561034735082349,0.989496266848477,0.946744319097614,0.512435525727767,0.158172484839121,0.244927431611612,0.517875148089101,valid,1400,5826.05076987099,0.352059925093633,0.647940074906367,0,0.752588835672515,0.000151413108614232,0.0006516,772,0.268390046202369,0.319918652754043,0.994130295112415,0.989072913104028,0,0,1,1,1,384,-6.6753857018182,0.867977528089888,0.247411164327485,0.661166929069558,0,0,1.28162359678952e-15,9.56597433645091e-15,0,0,0,0,0,0,0,1,1,,,2.21667389972081,1,1,1,0,0,0.701622971285893
A_C04_001,coarse_scan,C04,mid_speed_high_load,paper_experimental_range,"Paper covers 200 rpm/10 A; migrated-IPMSM transfer remains explicit",200,10,0,48,1,801,0.01,0,0.1,0,coarse amplitude grid,0,801,-0.00119111821383843,-0.000286280091767819,0.019386050608708,0.1161672794659,0.18471986250755,0.204349155046506,0.0928005346283967,1.52153200523258,0.00193648977475633,0.00183598581670191,0.0018439546015877,0.00187214339768198,1,a=valid known-frequency integer-cycle FFT; b=valid known-frequency integer-cycle FFT; c=valid known-frequency integer-cycle FFT,3,750,7.0699628699515,0.434125480956554,4.85994650144256,4.69201042159666,0.100399786390511,0.0036881390151929,0.740967569238024,0.0206586196701363,valid,3098,12892.2180607574,0.00124843945068664,0.122347066167291,0.876404494382023,0.710439468601349,0.000201102871410737,0.0007798,684,0.000331245402644601,1.10337469286449e-12,0.00871683473594492,2.67593156947993e-12,0,0.570536828963795,1,0.429463171036205,0.429463171036205,0,5.01693548561131,1,0.289560531398651,0.817154328012068,0,0,4.15682220585564e-16,3.66205343881779e-15,0,0,0,0,0,0,0,1,1,,,0.275463254850859,1,1,1,1,1,1.50312109862672
A_C04_002,coarse_scan,C04,mid_speed_high_load,paper_experimental_range,"Paper covers 200 rpm/10 A; migrated-IPMSM transfer remains explicit",200,10,0,48,1,801,0.01,0.0225,0.1,0.15,coarse amplitude grid,0,801,-0.00703258094908622,-0.0119045222170643,0.0336619694120103,0.126866477860947,0.195979597096414,0.412805673480394,0.106398613590025,1.52153200523258,0.00584797959407751,0.00581304737486086,0.00545641221723158,0.00570581306205665,1,a=valid known-frequency integer-cycle FFT; b=valid known-frequency integer-cycle FFT; c=valid known-frequency integer-cycle FFT,3,750,7.05911183240926,0.434034466486222,4.8547091285008,4.68691512532121,0.191001472082236,0.0209741794914736,0.740595629968652,0.0393435460346971,valid,3010,12526.0091552226,0.00124843945068664,0.230961298377029,0.767790262172285,0.710819689156647,0.000137076903870162,0.0007497,435,0.00110625567900848,0.00234629239754759,0.00997727345506895,0.0224426033007022,0,0,1,1,1,5.75999999999999,3.22048737444042,1,0.289180310843353,0.817154328012068,0,0,5.29415177259884e-16,4.44089209850063e-15,0,0,0,0,0,0,0,1,1,,,0.456964469664409,1,1,1,0,0,1.28589263420724
A_C04_003,coarse_scan,C04,mid_speed_high_load,paper_experimental_range,"Paper covers 200 rpm/10 A; migrated-IPMSM transfer remains explicit",200,10,0,48,1,801,0.01,0.04,0.1,0.2,coarse amplitude grid,0,801,-0.00696697266030506,-0.0184731743824798,0.0335528685379336,0.137669632730426,0.209636986129136,0.385903734993757,0.1066397238152,1.52153200523258,0.0075381324739408,0.00767018343300921,0.00745386674729067,0.00755406088474689,1,a=valid known-frequency integer-cycle FFT; b=valid known-frequency integer-cycle FFT; c=valid known-frequency integer-cycle FFT,3,750,7.05537313347874,0.434037866658323,4.85150710564632,4.68369922232405,0.181699806032929,0.0308620003229514,0.740472264880005,0.0374522394951173,valid,2986,12426.1339991677,0.00124843945068664,0.259675405742821,0.739076154806492,0.710767675426247,0.000115963920099875,0.0006719,380,0.00106199860109668,0.0049857102844986,0.00997027932184562,0.0399444631753006,0,0,1,1,1,7.68000000000001,2.62167133738346,1,0.289232324573753,0.817154328012068,0,0,5.93937929764414e-16,4.52883909360294e-15,0,0,0,0,0,0,0,1,1,,,0.439168940882025,1,1,1,1,1,1.22846441947566
A_C04_004,coarse_scan,C04,mid_speed_high_load,paper_experimental_range,"Paper covers 200 rpm/10 A; migrated-IPMSM transfer remains explicit",200,10,0,48,1,801,0.01,0.16,0.1,0.4,coarse amplitude grid,0,801,-0.0118026666808857,-0.11589605116553,0.0389088278413764,0.256979915555465,0.223226882660089,0.789462629738599,0.116707647785911,1.52153200523258,0.0194941385310034,0.0205784633315152,0.0203090139570374,0.0201272052731853,1,a=valid known-frequency integer-cycle FFT; b=valid known-frequency integer-cycle FFT; c=valid known-frequency integer-cycle FFT,3,750,6.98293171239586,0.43430939038931,4.80447367383294,4.63773923021084,0.370684300507283,0.0912004987651841,0.741420198281264,0.0771539872361412,valid,2768,11518.9346650021,0.00124843945068664,0.528089887640449,0.470661672908864,0.711877504893137,0.000127305867665418,0.0008543,588,0.00134518580279186,0.0503256388964669,0.00992479267407668,0.159844852223833,0,0,1,1,1,15.36,0.226407189155605,1,0.288122495106864,0.817154328012068,0,0,8.15976413164027e-16,6.21724893790088e-15,0,0,0,0,0,0,0,1,1,,,0.820415434335511,1,1,1,1,1,0.6916354556804
A_C04_005,coarse_scan,C04,mid_speed_high_load,paper_experimental_range,"Paper covers 200 rpm/10 A; migrated-IPMSM transfer remains explicit",200,10,0,48,1,801,0.01,0.64,0.1,0.8,coarse amplitude grid,0,801,-0.00354190468296909,-0.301620844896424,0.0331987221896631,0.513196345456953,0.232097912681286,1.73744427799901,0.142334432111088,1.52153200523258,0.0388576207003443,0.0394865789347867,0.038530882419883,0.0389583606850047,1,a=valid known-frequency integer-cycle FFT; b=valid known-frequency integer-cycle FFT; c=valid known-frequency integer-cycle FFT,3,750,6.84620879292239,0.438050385986493,4.71361497522865,4.54513111625237,0.831736061728963,0.182272321679112,0.762052449560155,0.17645396709319,valid,2296,9554.72326258843,0.00998751560549313,0.701622971285893,0.288389513108614,0.695260204961135,0.00013441897627965,0.0006606,668,0.000570448609625846,0.231890159715643,0.00946389729682347,0.629429539021495,0,0,1,1,1,30.72,-4.5641211073001,0.996566791510612,0.304739795038865,0.817154328012068,0,0,9.61948787844857e-16,8.88178419700125e-15,0,0,0,0,0,0,0,1,1,,,1.75287822173205,1,1,1,0,0,0.344569288389512
A_C04_006,coarse_scan,C04,mid_speed_high_load,paper_experimental_range,"Paper covers 200 rpm/10 A; migrated-IPMSM transfer remains explicit",200,10,0,48,1,801,0.01,1,0.1,1,coarse amplitude grid,0,801,-0.00521877267457916,-0.392793762487845,0.0370313667576032,0.610559966040681,0.26587779195492,1.92738641081875,0.147033551167747,1.52153200523258,0.0451757649611083,0.0448130983258511,0.0439672315793017,0.044652031622087,1,a=valid known-frequency integer-cycle FFT; b=valid known-frequency integer-cycle FFT; c=valid known-frequency integer-cycle FFT,3,750,6.78586734105451,0.440157833972748,4.66940899313186,4.50070615042247,0.926959706544156,0.207196897539716,0.769379070861031,0.19851756569356,valid,2288,9521.43154390345,0.00998751560549313,0.755305867665418,0.234706616729089,0.698304832183443,0.000135723220973783,0.0012783,685,0.000506201015620627,0.339936653029641,0.00985765510176424,0.998302233787946,0,0,1,1,1,38.3999999999999,-6.95938525552795,0.848002496878901,0.301695167816558,0.817154328012068,0,0,1.02377622776667e-15,7.94410929039127e-15,0,0,0,0,0,0,0,1,1,,,1.94563855247155,1,1,1,0,0,0.237203495630463
A_C04_007,coarse_scan,C04,mid_speed_high_load,paper_experimental_range,"Paper covers 200 rpm/10 A; migrated-IPMSM transfer remains explicit",200,10,0,48,1,801,0.04,0,0.2,0,coarse amplitude grid,0,801,-0.00529539102699413,-0.000286679439908591,0.0610102914427234,0.116157283025224,0.391254462006826,0.205979100608014,0.196909039248776,1.52153200523258,0.00636479645941448,0.00595957305511061,0.00573159656301291,0.00601865535917933,1,a=valid known-frequency integer-cycle FFT; b=valid known-frequency integer-cycle FFT; c=valid known-frequency integer-cycle FFT,3,750,7.06944254982692,0.433937953269687,4.8602421416485,4.69233820434592,0.115203417354157,0.00587239997257845,0.740962984111917,0.0237032258880587,valid,2994,12459.4257178527,0.00124843945068664,0.248439450686642,0.750312109862672,0.710871796221729,0.000124157927590512,0.0005611,439,0.00376930796562901,1.07251704423634e-12,0.0392457101909088,4.14194059609236e-12,0,0.506866416978777,1,0.493133583021223,0.493133583021223,0,4.96670306998786,1,0.289128203778271,0.817154328012068,0,0,5.85861255821126e-16,3.66205343881779e-15,0,0,0,0,0,0,0,1,1,,,0.442162237111603,1,1,1,0,1,1.25093632958801
A_C04_008,coarse_scan,C04,mid_speed_high_load,paper_experimental_range,"Paper covers 200 rpm/10 A; migrated-IPMSM transfer remains explicit",200,10,0,48,1,801,0.04,0.0225,0.2,0.15,coarse amplitude grid,0,801,-0.0115056319559859,-0.00977931670666212,0.0760817024353763,0.125322220877628,0.389470235551591,0.375157369742741,0.216508995689187,1.52153200523258,0.00877156559805701,0.00839377571311116,0.00860344949335097,0.00858959693483972,1,a=valid known-frequency integer-cycle FFT; b=valid known-frequency integer-cycle FFT; c=valid known-frequency integer-cycle FFT,3,750,7.06103008769622,0.433961814118841,4.85605544636662,4.68811068401323,0.158500789258552,0.015617657528191,0.74098809702676,0.0326398227963284,valid,2930,12193.0919683729,0.00124843945068664,0.328339575530587,0.670411985018727,0.710856603439458,0.000119387765293383,0.0006772,422,0.00579951419475397,0.00172400024597787,0.0395080480004441,0.0219730271643413,0,0,1,1,1,11.52,3.17025495881697,1,0.289143396560542,0.817154328012068,0,0,6.67559523983079e-16,3.76822190084106e-15,0,0,0,0,0,0,0,1,1,,,0.540768080098024,1,1,1,1,1,1.09113607990012
A_C04_009,coarse_scan,C04,mid_speed_high_load,paper_experimental_range,"Paper covers 200 rpm/10 A; migrated-IPMSM transfer remains explicit",200,10,0,48,1,801,0.04,0.04,0.2,0.2,coarse amplitude grid,0,801,-0.014728846931248,-0.0161559209231193,0.0790419319721145,0.136432087238029,0.397354790456373,0.379092269294487,0.202264459790021,1.52153200523258,0.010596032664046,0.00965930672930328,0.00995254950295968,0.0100692962987697,1,a=valid known-frequency integer-cycle FFT; b=valid known-frequency integer-cycle FFT; c=valid known-frequency integer-cycle FFT,3,750,7.05873209179606,0.434243185817028,4.85317436561285,4.68510417257164,0.169597093217223,0.0255708983632552,0.74152236480581,0.0349456006400476,valid,2902,12076.5709529754,0.00124843945068664,0.364544319600499,0.634207240948814,0.710879938762899,0.00012318202247191,0.0006403,477,0.00632800459294746,0.00422780576364341,0.0398894521131247,0.0399146059117016,0,0,1,1,1,15.36,2.57143892176001,1,0.289120061237101,0.817154328012068,0,0,6.91889583758822e-16,4.44089209850063e-15,0,0,0,0,0,0,0,1,1,,,0.549182827606137,1,1,1,1,1,1.0187265917603
A_C04_010,coarse_scan,C04,mid_speed_high_load,paper_experimental_range,"Paper covers 200 rpm/10 A; migrated-IPMSM transfer remains explicit",200,10,0,48,1,801,0.04,0.16,0.2,0.4,coarse amplitude grid,0,801,-0.0274657557709474,-0.111387649829291,0.0874228256697809,0.251104866108377,0.419402590517584,0.795742452549872,0.216730983822288,1.52153200523258,0.0195617729187009,0.0200494264390056,0.0216176441514124,0.0204096145030396,1,a=valid known-frequency integer-cycle FFT; b=valid known-frequency integer-cycle FFT; c=valid known-frequency integer-cycle FFT,3,750,6.98693608817666,0.434287752252717,4.80772039341798,4.64056949824864,0.364612173931031,0.08446611689235,0.741897557313384,0.0758388891396853,valid,2698,11227.6321265085,0.00124843945068664,0.616729088639201,0.382022471910112,0.711474067729546,0.000162792634207241,0.0007936,660,0.00742629258472998,0.0464169249542663,0.0389618473542367,0.158688448447012,0,0,1,1,1,30.72,0.176174773532153,1,0.288525932270454,0.817154328012068,0,0,8.97151298598731e-16,5.61733354972272e-15,0,0,0,0,0,0,0,1,1,,,0.899502408958945,1,1,1,0,0,0.514357053682896
A_C04_011,coarse_scan,C04,mid_speed_high_load,paper_experimental_range,"Paper covers 200 rpm/10 A; migrated-IPMSM transfer remains explicit",200,10,0,48,1,801,0.04,0.64,0.2,0.8,coarse amplitude grid,0,801,-0.010467724720137,-0.294065605028338,0.0703980917273898,0.505670101236828,0.439226260722257,1.52682715713297,0.230311462701923,1.52153200523258,0.0403370742966737,0.0387324712447083,0.0375180853266226,0.0388625436226682,1,a=valid known-frequency integer-cycle FFT; b=valid known-frequency integer-cycle FFT; c=valid known-frequency integer-cycle FFT,3,750,6.84929424832546,0.438449471313442,4.71770813096754,4.5474882079939,0.724079208607291,0.175485277683018,0.765661280400063,0.153481137134016,valid,2304,9588.01498127341,0.0112359550561798,0.730337078651685,0.258426966292135,0.697019012587384,0.000153986017478152,0.0010897,714,0.00399473323040316,0.221184855709161,0.0394383220828597,0.63802784275691,0,0,1,1,1,61.4400000000001,-4.61435352292355,0.99438202247191,0.302980987412616,0.817154328012068,0,0,9.92731645071253e-16,7.94410929039127e-15,0,0,0,0,0,0,0,1,1,,,1.5887482103426,1,1,1,0,0,0.287141073657928
A_C04_012,coarse_scan,C04,mid_speed_high_load,paper_experimental_range,"Paper covers 200 rpm/10 A; migrated-IPMSM transfer remains explicit",200,10,0,48,1,801,0.04,1,0.2,1,coarse amplitude grid,0,801,-0.0099756182124242,-0.354271214702177,0.0712955905680374,0.609497997867508,0.457238065177032,1.98463303035369,0.247858836564979,1.52153200523258,0.0457566095724152,0.0469239350832103,0.0492324967356154,0.0473043471304136,1,a=valid known-frequency integer-cycle FFT; b=valid known-frequency integer-cycle FFT; c=valid known-frequency integer-cycle FFT,3,750,6.81159616930154,0.440122951832169,4.68837351471554,4.51856072446315,0.950751621533217,0.220864424306502,0.776137850376245,0.202789222861417,valid,2292,9538.07740324594,0.0149812734082397,0.776529338327091,0.208489388264669,0.698791679995947,0.00014994581772784,0.0006631,730,0.00341460307625797,0.338210210633452,0.0395994842002845,0.997949498948393,0,0,1,1,1,76.7999999999997,-7.0096176711514,0.859238451935081,0.301208320004053,0.819845392991801,0,0,1.06630588102401e-15,1.13742335326934e-14,0,0,0,0,0,0,0,1,1,,,2.03662340981776,1,1,1,0,0,0.194756554307116
A_C04_013,coarse_scan,C04,mid_speed_high_load,paper_experimental_range,"Paper covers 200 rpm/10 A; migrated-IPMSM transfer remains explicit",200,10,0,48,1,801,0.16,0,0.4,0,coarse amplitude grid,0,801,0.00605051679758784,-0.000293581145740961,0.172305853898692,0.116195653883602,0.794278922872675,0.219292149482262,0.41666299830744,1.52153200523258,0.0170252525873672,0.0177855664520567,0.0176410935655027,0.0174839708683089,1,a=valid known-frequency integer-cycle FFT; b=valid known-frequency integer-cycle FFT; c=valid known-frequency integer-cycle FFT,3,750,7.06507685413186,0.43400335052621,4.85942235177171,4.69159370682622,0.128392678256438,0.0133540076175735,0.740921323829164,0.026421386939052,valid,2812,11702.0391177695,0.00124843945068664,0.469413233458177,0.529338327091136,0.711177166801252,0.000114740199750312,0.0004164,490,0.0302897684631376,1.04021559865525e-12,0.159156993292984,6.82492345138618e-12,0,0.424469413233458,1,0.575530586766542,0.575530586766542,0,4.86623823874096,1,0.288822833198748,0.817154328012068,0,0,8.57900699932139e-16,4.78298716822545e-15,0,0,0,0,0,0,0,1,1,,,0.823995178471529,1,1,1,0,1,0.808988764044944
A_C04_014,coarse_scan,C04,mid_speed_high_load,paper_experimental_range,"Paper covers 200 rpm/10 A; migrated-IPMSM transfer remains explicit",200,10,0,48,1,801,0.16,0.0225,0.4,0.15,coarse amplitude grid,0,801,-0.0447489270531638,-0.0225664851880474,0.228113818941565,0.130330217460716,0.798214772935218,0.27157612065588,0.414847313841917,1.52153200523258,0.0234892111619229,0.0223233756102485,0.0235860362548106,0.0231328743423273,1,a=valid known-frequency integer-cycle FFT; b=valid known-frequency integer-cycle FFT; c=valid known-frequency integer-cycle FFT,3,750,7.04665827745521,0.434310898071798,4.85220070387005,4.68437656653829,0.116714463907246,0.0183788644386595,0.741007443425975,0.0240539233701022,valid,2710,11277.569704536,0.00124843945068664,0.595505617977528,0.403245942571785,0.712402827001298,0.000138039076154806,0.0005182,603,0.0533446870709599,0.00281644995263776,0.159793796536182,0.0219734040623289,0,0,1,1,1,23.04,3.06979012757007,1,0.287597172998702,0.817154328012068,0,0,9.94123090095328e-16,5.02429586778808e-15,0,0,0,0,0,0,0,1,1,,,0.843149104869666,1,1,1,1,1,0.556803995006242
A_C04_015,coarse_scan,C04,mid_speed_high_load,paper_experimental_range,"Paper covers 200 rpm/10 A; migrated-IPMSM transfer remains explicit",200,10,0,48,1,801,0.16,0.04,0.4,0.2,coarse amplitude grid,0,801,0.00131919714217339,-0.0350461189640336,0.226078089001246,0.143645113471355,0.804857378290064,0.372157423981241,0.407093947491365,1.52153200523258,0.0239014108721788,0.0248347891106798,0.0237937762895967,0.0241766587574851,1,a=valid known-frequency integer-cycle FFT; b=valid known-frequency integer-cycle FFT; c=valid known-frequency integer-cycle FFT,3,750,7.04431441094163,0.433686050336026,4.8428263001329,4.67538784225426,0.153081571318582,0.0309551054576917,0.739940328906794,0.031609965303604,valid,2662,11077.8193924261,0.00124843945068664,0.65792759051186,0.340823970037453,0.711101120582605,0.000115893632958801,0.0004074,599,0.0519109679489405,0.00615370945966427,0.159891003437368,0.0399184243019985,0,0,1,1,1,30.72,2.47097409051311,1,0.288898879417395,0.817154328012068,0,0,1.10023825027071e-15,5.40257841157141e-15,0,0,0,0,0,0,0,1,1,,,0.88673363960792,1,1,1,1,1,0.431960049937578
A_C04_016,coarse_scan,C04,mid_speed_high_load,paper_experimental_range,"Paper covers 200 rpm/10 A; migrated-IPMSM transfer remains explicit",200,10,0,48,1,801,0.16,0.16,0.4,0.4,coarse amplitude grid,1,801,-0.0671318738861613,-0.140573229506521,0.235845122434404,0.257277286228271,0.81523473236104,0.931980467012409,0.413264491479964,1.52153200523258,0.0271392853518022,0.0272671684776863,0.0280845330914497,0.0274969956403127,1,a=valid known-frequency integer-cycle FFT; b=valid known-frequency integer-cycle FFT; c=valid known-frequency integer-cycle FFT,3,750,6.96252146737027,0.434961959373025,4.79629199046723,4.62816034689394,0.398526931989596,0.0696277037888244,0.742857024206164,0.0830906318426152,valid,2478,10312.1098626717,0.00124843945068664,0.873907615480649,0.124843945068664,0.713111137279054,0.000136475530586767,0.0005717,754,0.054872209000649,0.0452518908610399,0.159773447773816,0.159560541671278,0,0,1,1,1,61.4400000000001,0.0757099422852505,1,0.286888862720946,0.817154328012068,0,0,1.28306228588818e-15,5.61733354972272e-15,0,0,0,0,0,0,0,1,1,,,1.23822262123596,1,1,1,0,0,0
A_C04_017,coarse_scan,C04,mid_speed_high_load,paper_experimental_range,"Paper covers 200 rpm/10 A; migrated-IPMSM transfer remains explicit",200,10,0,48,1,801,0.16,0.64,0.4,0.8,coarse amplitude grid,0,801,0.00411243847089741,-0.427441865492539,0.253350967935542,0.570780938370871,0.815268406059466,1.35708184995593,0.417454814114159,1.52153200523258,0.0403130775692566,0.036422095027873,0.0399986243259675,0.0389112656410324,1,a=valid known-frequency integer-cycle FFT; b=valid known-frequency integer-cycle FFT; c=valid known-frequency integer-cycle FFT,3,750,6.74519638505857,0.439375197226622,4.65184631286488,4.48438048589713,0.656035203353785,0.157317612087783,0.752402670783119,0.141026843801673,valid,2064,8589.26342072409,0.15230961298377,0.729088639200999,0.118601747815231,0.712278483102385,0.000133120099875156,0.0005576,737,0.0639828741670044,0.292000824935891,0.159805544751007,0.639430502810111,0,0,1,1,1,122.88,-4.71481835417045,0.99063670411985,0.287721516897615,0.817154328012068,0,0,1.22934774575719e-15,1.12346670994454e-14,0,0,0,0,0,0,0,1,1,,,1.5831404616769,1,1,1,1,1,0.302122347066166
A_C04_018,coarse_scan,C04,mid_speed_high_load,paper_experimental_range,"Paper covers 200 rpm/10 A; migrated-IPMSM transfer remains explicit",200,10,0,48,1,801,0.16,1,0.4,1,coarse amplitude grid,0,801,0.0469042937307728,-0.542050022466056,0.244736644369641,0.705794202748822,0.828627386279733,1.80254949725217,0.420936214093092,1.52153200523258,0.0482592768712641,0.0498872096395266,0.0487122983871909,0.0489529282993272,1,a=valid known-frequency integer-cycle FFT; b=valid known-frequency integer-cycle FFT; c=valid known-frequency integer-cycle FFT,3,750,6.68580595746615,0.438337370610552,4.59324655098126,4.4266453665645,0.870384180405086,0.196691213000696,0.757620368065453,0.189492153478926,valid,2018,8397.83603828548,0.161048689138577,0.766541822721598,0.0724094881398252,0.709907594274926,0.00012511897627965,0.0005004,732,0.0600559813080633,0.463660304994053,0.159706952027123,0.997243160675424,0,0,1,1,1,153.599999999999,-7.1100825023983,0.774656679151061,0.290092405725074,0.818681497478592,0,0,1.37004998536907e-15,1.12346670994454e-14,0,0,0,0,0,0,0,1,1,,,1.98388710246748,1,1,1,0,0,0.31960049937578
A_C04_019,coarse_scan,C04,mid_speed_high_load,paper_experimental_range,"Paper covers 200 rpm/10 A; migrated-IPMSM transfer remains explicit",200,10,0,48,1,801,0.36,0,0.6,0,coarse amplitude grid,0,801,0.0590052937754877,-0.000295298617878129,0.318968532174511,0.116312026175607,1.183128863808,0.217561398787584,0.612980317665647,1.52153200523258,0.0308939734149523,0.0318313567121481,0.0299482533074743,0.0308911944781915,1,a=valid known-frequency integer-cycle FFT; b=valid known-frequency integer-cycle FFT; c=valid known-frequency integer-cycle FFT,3,750,7.0431777311128,0.434020436488647,4.85561079409209,4.688047468455,0.119959760014549,0.0236562183793975,0.740389422722281,0.0247053903415212,valid,2484,10337.0786516854,0.00124843945068664,0.873907615480649,0.124843945068664,0.711806094144362,0.000135923595505618,0.000623,765,0.102377863348081,4.99038238738301e-13,0.359874310482839,1.19111771558132e-11,0,0.121098626716604,1,0.878901373283396,0.878901373283396,0,4.76577340749406,1,0.288193905855638,0.817154328012068,0,0,1.36986739869826e-15,5.61733354972272e-15,0,0,0,0,0,0,0,1,1,,,1.20296586427796,1,1,1,0,1,0
A_C04_020,coarse_scan,C04,mid_speed_high_load,paper_experimental_range,"Paper covers 200 rpm/10 A; migrated-IPMSM transfer remains explicit",200,10,0,48,1,801,0.36,0.0225,0.6,0.15,coarse amplitude grid,0,801,0.00231840078768966,-0.0132823229810863,0.336302705332182,0.126863124654596,1.19947712365945,0.342504961732768,0.602689966406905,1.52153200523258,0.0328380132812157,0.028364183010383,0.0322697878590237,0.0311573280502074,1,a=valid known-frequency integer-cycle FFT; b=valid known-frequency integer-cycle FFT; c=valid known-frequency integer-cycle FFT,3,750,7.04842082196615,0.436594564481885,4.85333697120276,4.6853298442944,0.137702931834716,0.0232164769776174,0.741308832751354,0.0283728355669049,valid,2398,9979.19267582189,0.00124843945068664,0.953807740324594,0.0449438202247191,0.711849290269374,0.000152623595505618,0.0014046,795,0.113538235710738,0.00159064187806994,0.358389488674904,0.0222200972652277,0,0,1,1,1,34.5600000000001,2.96932529632317,1,0.288150709730626,0.817154328012068,0,0,1.53171340058962e-15,6.21724893790088e-15,0,0,0,0,0,0,0,1,1,,,1.24741934368275,1,1,1,0,1,0.15980024968789
A_C04_021,coarse_scan,C04,mid_speed_high_load,paper_experimental_range,"Paper covers 200 rpm/10 A; migrated-IPMSM transfer remains explicit",200,10,0,48,1,801,0.36,0.04,0.6,0.2,coarse amplitude grid,0,801,0.00708880959814361,-0.027479024368699,0.343980839344998,0.139034524233718,1.18637213962879,0.355330617924409,0.610272532853598,1.52153200523258,0.0324026907250452,0.0320417406729193,0.0337384900021118,0.0327276404666921,1,a=valid known-frequency integer-cycle FFT; b=valid known-frequency integer-cycle FFT; c=valid known-frequency integer-cycle FFT,3,750,7.02885429310441,0.433805941896248,4.84604753773469,4.67805896432307,0.175792649037608,0.0250306922372243,0.740894558449051,0.0362754693734976,valid,2382,9912.60923845193,0.00124843945068664,0.961298377028714,0.0374531835205993,0.711149859955819,0.0001413911360799,0.0007429,798,0.119655552169392,0.00438896726328889,0.357006606134249,0.0390381351432723,0,0,1,1,1,46.0799999999999,2.37050925926621,1,0.288850140044181,0.817154328012068,0,0,1.48975992307446e-15,6.40474566797875e-15,0,0,0,0,0,0,0,1,1,,,1.23844204617008,1,1,1,0,1,0.17478152309613
A_C04_022,coarse_scan,C04,mid_speed_high_load,paper_experimental_range,"Paper covers 200 rpm/10 A; migrated-IPMSM transfer remains explicit",200,10,0,48,1,801,0.36,0.16,0.6,0.4,coarse amplitude grid,0,801,0.053625756631421,-0.0968986810848219,0.333566901945356,0.221188198977086,1.20281318134057,0.779935007611703,0.615308897535996,1.52153200523258,0.0331013275155395,0.0320795111187209,0.0355508961819871,0.0335772449387491,1,a=valid known-frequency integer-cycle FFT; b=valid known-frequency integer-cycle FFT; c=valid known-frequency integer-cycle FFT,3,750,6.99820826430897,0.435072779658361,4.80893873051582,4.64116175600883,0.374381678024504,0.0650457790656288,0.741501634252485,0.0778512056410306,valid,2268,9438.20224719101,0.00124843945068664,0.995006242197253,0.00374531835205993,0.708282893622121,0.000131644694132335,0.0005086,801,0.11108376341406,0.0314776549262348,0.357805444153192,0.155616864852114,0,0,1,1,1,92.1599999999999,-0.0247548889616489,0.999687890137328,0.29171710637788,0.817154328012068,0,0,1.56438270162361e-15,6.46603649670442e-15,0,0,0,0,0,0,0,1,1,,,1.43354740601938,1,1,1,1,1,0.242197253433208
A_C04_023,coarse_scan,C04,mid_speed_high_load,paper_experimental_range,"Paper covers 200 rpm/10 A; migrated-IPMSM transfer remains explicit",200,10,0,48,1,801,0.36,0.64,0.6,0.8,coarse amplitude grid,0,801,0.0652512412520267,-0.38913248147805,0.339782840642968,0.528011588561821,1.21252256435746,1.42891226617411,0.615613536206217,1.52153200523258,0.0450801493215915,0.0456761138183346,0.0451741974186075,0.0453101535195112,1,a=valid known-frequency integer-cycle FFT; b=valid known-frequency integer-cycle FFT; c=valid known-frequency integer-cycle FFT,3,750,6.78584215709009,0.441131983145805,4.66631484650108,4.49813227379052,0.680338580435873,0.147852066818286,0.754939052049571,0.145797830368435,valid,1822,7582.18893050354,0.188514357053683,0.795255930087391,0.0162297128589263,0.710607979088496,0.000138081897627965,0.0005375,788,0.11374845516421,0.244608694257552,0.357093931550552,0.637292363873967,0,0,1,1,1,184.32,-4.81528318541735,0.989076154806492,0.289392020911504,0.817154328012068,0,0,1.50659410691683e-15,8.88178419700125e-15,0,0,0,0,0,0,0,1,1,,,1.8740334131223,1,1,1,1,1,0.374531835205992
A_C04_024,coarse_scan,C04,mid_speed_high_load,paper_experimental_range,"Paper covers 200 rpm/10 A; migrated-IPMSM transfer remains explicit",200,10,0,48,1,801,0.36,1,0.6,1,coarse amplitude grid,0,801,0.0784522569856166,-0.516648630942349,0.335294092508963,0.668605512489204,1.20511873965751,1.76878548145614,0.634522237932548,1.52153200523258,0.0445115996926654,0.0461330899957901,0.0458239301828317,0.0454895399570957,1,a=valid known-frequency integer-cycle FFT; b=valid known-frequency integer-cycle FFT; c=valid known-frequency integer-cycle FFT,3,750,6.69572781589708,0.439669753284851,4.60339730050122,4.43485229024429,0.841700252497612,0.177776602067642,0.75780097096827,0.182843278029895,valid,1818,7565.54307116105,0.181023720349563,0.808988764044944,0.00998751560549313,0.706909849691056,0.000132219475655431,0.0004544,786,0.111482681532416,0.405945398536359,0.358232777262163,0.998455731170329,0,0,1,1,1,230.400000000001,-7.21054733364521,0.800561797752809,0.293090150308944,0.83927700508533,0,0,1.56705473935423e-15,1.06581410364015e-14,0,0,0,0,0,0,0,1,1,,,2.14030681353953,1,1,1,0,0,0.359550561797752
A_C04_025,coarse_scan,C04,mid_speed_high_load,paper_experimental_range,"Paper covers 200 rpm/10 A; migrated-IPMSM transfer remains explicit",200,10,0,48,1,801,0.64,0,0.8,0,coarse amplitude grid,0,801,0.0369571931179226,-0.000341802550408706,0.405760415220998,0.116380657915204,1.57284733108433,0.227925872470671,0.816609767010125,1.52153200523258,0.0351445608352957,0.0367146125778802,0.0383163686403262,0.0367251806845007,1,a=valid known-frequency integer-cycle FFT; b=valid known-frequency integer-cycle FFT; c=valid known-frequency integer-cycle FFT,3,750,7.06055677970118,0.436345992492968,4.85717604447873,4.68949160118238,0.123811809584581,0.0298092450123154,0.74132868911225,0.0254904925106269,valid,2412,10037.4531835206,0.00124843945068664,0.953807740324594,0.0449438202247191,0.711514231788359,0.000130342197253433,0.0007103,788,0.161154129971845,2.74313955530821e-13,0.636506863463356,1.42703336275108e-11,0,0.0449438202247191,1,0.955056179775281,0.955056179775281,0,4.66530857624715,1,0.288485768211641,0.817154328012068,0,0,1.52232155906998e-15,7.105427357601e-15,0,0,0,0,0,0,0,1,1,,,1.5892762284262,1,1,1,0,1,0.15980024968789
A_C04_026,coarse_scan,C04,mid_speed_high_load,paper_experimental_range,"Paper covers 200 rpm/10 A; migrated-IPMSM transfer remains explicit",200,10,0,48,1,801,0.64,0.0225,0.8,0.15,coarse amplitude grid,0,801,0.007883962804659,-0.012824428004014,0.452086847543943,0.126148915784365,1.58420670639966,0.332943488290775,0.797906865472656,1.52153200523258,0.0450556213746634,0.0450195144241965,0.0456967964453937,0.0452573107480846,1,a=valid known-frequency integer-cycle FFT; b=valid known-frequency integer-cycle FFT; c=valid known-frequency integer-cycle FFT,3,750,7.05454347549654,0.439691605694336,4.85316019260822,4.68491652761185,0.180045599723262,0.0322120230614538,0.741822836992784,0.0370986311141114,valid,2352,9787.76529338327,0.00124843945068664,0.9812734082397,0.017478152309613,0.710696783373308,0.000162702122347066,0.0007064,801,0.204114692689401,0.00163774070649634,0.637932318849375,0.0211134139684243,0,0,1,1,1,46.0799999999999,2.86886046507626,1,0.289303216626691,0.817154328012068,0,0,1.54705247779504e-15,5.61733354972272e-15,0,0,0,0,0,0,0,1,1,,,1.61881507745539,1,1,1,0,1,0.214731585518102
A_C04_027,coarse_scan,C04,mid_speed_high_load,paper_experimental_range,"Paper covers 200 rpm/10 A; migrated-IPMSM transfer remains explicit",200,10,0,48,1,801,0.64,0.04,0.8,0.2,coarse amplitude grid,0,801,-0.0545299571888836,-0.0241362892351687,0.45468559330035,0.134491571424084,1.60168017179577,0.329640992738847,0.801458463907298,1.52153200523258,0.0411824476937871,0.0400674430347693,0.0428988064242734,0.0413828990509433,1,a=valid known-frequency integer-cycle FFT; b=valid known-frequency integer-cycle FFT; c=valid known-frequency integer-cycle FFT,3,750,7.03675930908381,0.441906634428274,4.85211413188226,4.68388456988072,0.20025485251982,0.0325298546958095,0.742528548881996,0.0412716698488162,valid,2326,9679.5672076571,0.00124843945068664,0.990012484394507,0.00873907615480649,0.710394479312548,0.000220955805243446,0.0008192,801,0.206533466308749,0.00352145447027299,0.638913578876449,0.0396838139950842,0,0,1,1,1,61.4400000000001,2.2700444280193,1,0.289605520687452,0.817154328012068,0,0,1.53503430778874e-15,6.40474566797875e-15,0,0,0,0,0,0,0,1,1,,,1.63524999826252,1,1,1,0,1,0.232209737827715
A_C04_028,coarse_scan,C04,mid_speed_high_load,paper_experimental_range,"Paper covers 200 rpm/10 A; migrated-IPMSM transfer remains explicit",200,10,0,48,1,801,0.64,0.16,0.8,0.4,coarse amplitude grid,0,801,0.050155738532825,-0.0876899046397546,0.45312597004452,0.207673478053024,1.60511789128033,0.685269383862037,0.804324229793295,1.52153200523258,0.0461551767452092,0.0472198413593204,0.0482656769612726,0.0472135650219341,1,a=valid known-frequency integer-cycle FFT; b=valid known-frequency integer-cycle FFT; c=valid known-frequency integer-cycle FFT,3,750,6.97757065072986,0.434478434029515,4.8136579335832,4.64683687025864,0.33160071216164,0.066223915402959,0.738264424451148,0.0688874691008221,valid,2210,9196.83728672493,0.00124843945068664,0.997503121098627,0.00124843945068664,0.704806763115575,0.000230621473158552,0.0008334,801,0.206471134309086,0.028192086347501,0.636742603257217,0.156066688164412,0,0,1,1,1,122.88,-0.125219720208552,0.999687890137328,0.295193236884425,0.817154328012068,0,0,1.6099730604536e-15,7.105427357601e-15,0,0,0,0,0,0,0,1,1,,,1.74527865206874,1,1,1,0,1,0.247191011235955
A_C04_029,coarse_scan,C04,mid_speed_high_load,paper_experimental_range,"Paper covers 200 rpm/10 A; migrated-IPMSM transfer remains explicit",200,10,0,48,1,801,0.64,0.64,0.8,0.8,coarse amplitude grid,0,801,0.000247519879791201,-0.386388907595387,0.445729839603845,0.516170090441967,1.62252185437805,1.57906639153594,0.813241651377394,1.52153200523258,0.0557188967621632,0.0579026993137419,0.0553266676544043,0.0563160879101031,1,a=valid known-frequency integer-cycle FFT; b=valid known-frequency integer-cycle FFT; c=valid known-frequency integer-cycle FFT,3,750,6.77427364735482,0.439113212978086,4.67205904660004,4.50717849948914,0.756009152553755,0.148536830845458,0.747754601592627,0.161814982433478,valid,1664,6924.67748647524,0.273408239700375,0.725343320848939,0.00124843945068664,0.712092751784414,0.000170188139825219,0.0008677,791,0.200642318293374,0.243766731629871,0.638188929328911,0.638428650318454,0,0,1,1,1,245.76,-4.91574801666425,0.968789013732834,0.287907248215586,0.817154328012068,0,0,1.50822011278838e-15,8.88178419700125e-15,0,0,0,0,0,0,0,1,1,,,2.26407328432909,1,1,1,0,0,0.544319600499376
A_C04_030,coarse_scan,C04,mid_speed_high_load,paper_experimental_range,"Paper covers 200 rpm/10 A; migrated-IPMSM transfer remains explicit",200,10,0,48,1,801,0.64,1,0.8,1,coarse amplitude grid,0,801,0.00585580915545129,-0.507143823947313,0.439226010278355,0.643924187262503,1.63273926176614,1.87227958720845,0.819697357646193,1.52153200523258,0.0599260927315091,0.0565033712575916,0.0598022352025875,0.0587438997305627,1,a=valid known-frequency integer-cycle FFT; b=valid known-frequency integer-cycle FFT; c=valid known-frequency integer-cycle FFT,3,750,6.67830816193025,0.445051857991503,4.61291243209481,4.44517562217969,0.876995061806753,0.164898055565582,0.756312375190828,0.190117431171026,valid,1616,6724.92717436538,0.262172284644195,0.737827715355805,0,0.707524552354117,0.000141134207240949,0.0005699,720,0.190581904454025,0.377125560481425,0.629079400657202,0.991544971437642,0,0,1,1,1,307.199999999999,-7.3110121648921,0.806491885143571,0.292475447645882,0.792733785462422,0,0,1.52456122765212e-15,9.56597433645091e-15,0,0,0,0,0,0,0,1,1,,,2.4842037657145,1,1,1,0,0,0.521847690387016
A_C04_031,coarse_scan,C04,mid_speed_high_load,paper_experimental_range,"Paper covers 200 rpm/10 A; migrated-IPMSM transfer remains explicit",200,10,0,48,1,801,1,0,1,0,coarse amplitude grid,0,801,0.085271253575446,-0.000306856286847029,0.535497858149175,0.116749673500922,1.99178507673742,0.236710260653375,1.00170188168623,1.52153200523258,0.0505364405276335,0.0494108786778778,0.0504320950208187,0.0501264714087767,1,a=valid known-frequency integer-cycle FFT; b=valid known-frequency integer-cycle FFT; c=valid known-frequency integer-cycle FFT,3,750,7.05567018210689,0.43566487822837,4.85372177047885,4.68585902295556,0.199253030034916,0.0397893399897489,0.740214900001654,0.041051596992396,valid,2358,9812.734082397,0.00124843945068664,0.973782771535581,0.0249687890137328,0.707822107122144,0.000137220474406991,0.0008287,797,0.28956317398158,1.63828630045986e-13,0.998525920777423,1.66127833641862e-11,0,0.0249687890137328,1,0.975031210986267,0.975031210986267,0,4.56484374500025,1,0.292177892877856,0.817154328012068,0,0,1.57367493317517e-15,7.53644380168212e-15,0,0,0,0,0,0,0,1,1,,,2.00580147058787,1,1,1,0,0,0.199750312109863
A_C04_032,coarse_scan,C04,mid_speed_high_load,paper_experimental_range,"Paper covers 200 rpm/10 A; migrated-IPMSM transfer remains explicit",200,10,0,48,1,801,1,0.0225,1,0.15,coarse amplitude grid,0,801,-0.00649937282352372,-0.0174504866768505,0.609179190577079,0.125120858995364,1.99280248253241,0.333707332889109,0.997800903960513,1.52153200523258,0.0602776894686328,0.056919418418039,0.0572737722587478,0.0581569600484732,1,a=valid known-frequency integer-cycle FFT; b=valid known-frequency integer-cycle FFT; c=valid known-frequency integer-cycle FFT,3,750,7.04743376883414,0.442951188685824,4.85195811567882,4.68386026710756,0.211375518199818,0.0455625945857095,0.741372215515243,0.0435649923515973,valid,2220,9238.45193508115,0.00124843945068664,0.997503121098627,0.00124843945068664,0.6940915700321,0.000155456429463171,0.0007305,801,0.3810649046049,0.00194149182149562,0.998705018245555,0.0223698503865572,0,0,1,1,1,57.6000000000002,2.76839563382936,1,0.3059084299679,0.817154328012068,0,0,1.66016843917656e-15,9.05767818720588e-15,0,0,0,0,0,0,0,1,1,,,2.02055000393737,1,1,1,0,1,0.247191011235955
A_C04_033,coarse_scan,C04,mid_speed_high_load,paper_experimental_range,"Paper covers 200 rpm/10 A; migrated-IPMSM transfer remains explicit",200,10,0,48,1,801,1,0.04,1,0.2,coarse amplitude grid,0,801,0.0354251317475018,-0.0328487059582755,0.612269547176077,0.134860104371933,1.99288508978595,0.286171365973928,0.997876486149129,1.52153200523258,0.062360849451156,0.0639792084536084,0.0602074370814459,0.0621824983287368,1,a=valid known-frequency integer-cycle FFT; b=valid known-frequency integer-cycle FFT; c=valid known-frequency integer-cycle FFT,3,750,7.03648582550277,0.43957574098805,4.84144589855503,4.6740005880436,0.229004687282435,0.0483180529620795,0.739454240029712,0.0473008873962185,valid,2196,9138.57677902622,0.00124843945068664,0.997503121098627,0.00124843945068664,0.692223458977004,0.00019789950062422,0.0009061,801,0.386890471340327,0.004683463792487,0.99864360355085,0.0397127852307483,0,0,1,1,1,76.7999999999997,2.1695795967724,1,0.307776541022996,0.817154328012068,0,0,1.70284458139751e-15,1.06581410364015e-14,0,0,0,0,0,0,0,1,1,,,2.01332685667145,1,1,1,0,1,0.247191011235955
A_C04_034,coarse_scan,C04,mid_speed_high_load,paper_experimental_range,"Paper covers 200 rpm/10 A; migrated-IPMSM transfer remains explicit",200,10,0,48,1,801,1,0.16,1,0.4,coarse amplitude grid,0,801,0.117929625362142,-0.0903349726840584,0.580579653224071,0.206385279758449,1.99750543125603,0.675825545814057,1.00325425667129,1.52153200523258,0.0585971057417679,0.0555053077110363,0.0567325115587795,0.0569449750038612,1,a=valid known-frequency integer-cycle FFT; b=valid known-frequency integer-cycle FFT; c=valid known-frequency integer-cycle FFT,3,750,7.00186591980897,0.440877202484753,4.80752283522859,4.64106735550231,0.32362274329325,0.0695414567630286,0.736971649970581,0.0673159035089352,valid,2136,8888.88888888889,0.00124843945068664,0.997503121098627,0.00124843945068664,0.690802877394167,0.000140012359550562,0.0005044,801,0.34560275231855,0.0288455194956936,0.991108589483105,0.158021445376297,0,0,1,1,1,153.599999999999,-0.225684551455451,0.999687890137328,0.309197122605833,0.817154328012068,0,0,1.71512742156401e-15,8.88178419700125e-15,0,0,0,0,0,0,0,1,1,,,2.10873614192772,1,1,1,0,1,0.247191011235955
A_C04_035,coarse_scan,C04,mid_speed_high_load,paper_experimental_range,"Paper covers 200 rpm/10 A; migrated-IPMSM transfer remains explicit",200,10,0,48,1,801,1,0.64,1,0.8,coarse amplitude grid,0,801,0.0826482771987501,-0.406337545525398,0.579156038445402,0.533142264495641,1.99094032427994,1.38647408167232,1.00721197914727,1.52153200523258,0.0652481130579102,0.0707107980682543,0.0676242840533266,0.0678610650598303,1,a=valid known-frequency integer-cycle FFT; b=valid known-frequency integer-cycle FFT; c=valid known-frequency integer-cycle FFT,3,750,6.75028952221208,0.442174370186471,4.65675327969795,4.49281902733817,0.662850696824641,0.15452498647662,0.746455703814329,0.142341811346217,valid,1546,6433.62463587183,0.284644194756554,0.715355805243446,0,0.696482010555663,0.000200626092384519,0.0047504,774,0.338169891047085,0.262698506722484,0.994998829085837,0.634900772764021,0,0,1,1,1,307.199999999999,-5.34142330481631,0.933208489388265,0.303517989444337,0.706611460078788,0,0,1.59268925726138e-15,9.05767818720588e-15,0,0,0,0,0,0,0,1,1,,,2.42613968146787,1,1,1,0,1,0.566791510611734
A_C04_036,coarse_scan,C04,mid_speed_high_load,paper_experimental_range,"Paper covers 200 rpm/10 A; migrated-IPMSM transfer remains explicit",200,10,0,48,1,801,1,1,1,1,coarse amplitude grid,0,801,0.11185782793673,-0.539707830587163,0.594347406419388,0.672065270744274,2.02238601735769,1.61085015054718,1.02026186406404,1.52153200523258,0.0511126415025721,0.0542055398164691,0.0576668820406085,0.0543283544532166,1,a=valid known-frequency integer-cycle FFT; b=valid known-frequency integer-cycle FFT; c=valid known-frequency integer-cycle FFT,3,750,6.65181797524902,0.4449738569619,4.58999301004881,4.42459356502415,0.707965021247852,0.175189441471831,0.751665074298787,0.154240980258121,valid,1496,6225.55139409072,0.279650436953808,0.720349563046192,0,0.690569681084263,0.000135974656679151,0.0008281,783,0.356747020935337,0.420010847261206,0.996037401764448,0.998811448121342,0,0,1,1,1,384,-9.0633372517279,0.768414481897628,0.309430318915737,0.691717945972507,0,0,1.62639694725252e-15,1.06581410364015e-14,0,0,0,0,0,0,0,1,1,,,2.58551414823469,1,1,1,1,1,0.556803995006242
A_C05_001,coarse_scan,C05,high_speed_light_load,stress_test_range,"Paper SMPMSM experiment speed, but migrated IPMSM/48 V is not rated evidence",400,2.5,0,48,1,500,0.01,0,0.1,0,coarse amplitude grid,0,500,-0.0020806669706479,-1.81231569119452e-05,0.0249068404577275,0.13230143354544,0.176676737688817,0.00968825456088673,0.213293000099232,2.34024774218615,0.0410783512836018,0.0982727212523658,0.0901456007721873,0.0764988911027183,1,a=valid known-frequency integer-cycle FFT; b=valid known-frequency integer-cycle FFT; c=valid known-frequency integer-cycle FFT,4,500,1.62105413296018,0.159560968049751,1.21502870468001,1.14374998718012,0.00612581541464396,0.0007589496837107,0.256638066901166,0.00504170427500907,valid,1936,12906.6666666667,0.002,0.11,0.888,0.519410882411602,0.0001500456,0.0011107,232,0.00036856784889,4.2256286923869e-10,0.00921167181464596,8.5670154577967e-10,0,0.888,1,0.112,0.112,0,-13.3265529262398,0.998,0.481543642585701,1.47726249865156,0.002,1,0.0265879706607206,13.29398533036,0,0,0,0,0,0,0,1,1,,,0.176942171109093,0,0,0,0,0,0.636
A_C05_002,coarse_scan,C05,high_speed_light_load,stress_test_range,"Paper SMPMSM experiment speed, but migrated IPMSM/48 V is not rated evidence",400,2.5,0,48,1,500,0.01,0.0225,0.1,0.15,coarse amplitude grid,0,500,-0.00517133246882476,-0.00546629049690057,0.030980532792837,0.134232129329093,0.19900154376582,0.148673545225253,0.213293000099232,2.34024774218615,0.0422195887561313,0.0982900724935009,0.090494863928482,0.0770015083927047,1,a=valid known-frequency integer-cycle FFT; b=valid known-frequency integer-cycle FFT; c=valid known-frequency integer-cycle FFT,4,500,1.61652711154614,0.159615584944006,1.21243288360834,1.14141398524754,0.0714044328226735,0.0111436277669732,0.256199875702195,0.0588935138497444,valid,1928,12853.3333333333,0.002,0.134,0.864,0.519787843095125,0.000113312,0.0006526,186,0.000662062738461119,0.000616944109617531,0.00981816302112439,0.0213702436248753,0,0.002,1,0.998,0.998,5.75999999999999,-15.1123593886059,0.997,0.481166681902178,1.47726249865156,0.002,1,0.0265879706607207,13.29398533036,0,0,0,0,0,0,0,1,1,,,0.248405791943394,0,0,0,0,0,0.588
A_C05_003,coarse_scan,C05,high_speed_light_load,stress_test_range,"Paper SMPMSM experiment speed, but migrated IPMSM/48 V is not rated evidence",400,2.5,0,48,1,500,0.01,0.04,0.1,0.2,coarse amplitude grid,0,500,-0.0045012605330305,-0.00716267690616418,0.0318819609136294,0.136953645882376,0.220497306976518,0.330885481780212,0.213293000099232,2.34024774218615,0.0427454569326703,0.0990998616845211,0.0914716152799555,0.077772311299049,1,a=valid known-frequency integer-cycle FFT; b=valid known-frequency integer-cycle FFT; c=valid known-frequency integer-cycle FFT,4,500,1.61533360319528,0.15967477897018,1.21159366332331,1.14047860029502,0.15691309033319,0.0168763341904652,0.256276348934674,0.12950966572637,valid,1928,12853.3333333333,0.002,0.134,0.864,0.519685801782997,0.0001257192,0.0005342,221,0.000658856621961533,0.00137646183759441,0.00959513217832341,0.0373122985778075,0,0.002,1,0.998,0.998,7.67999999999998,-15.7076282093946,0.997,0.481268723214306,1.47726249865156,0.002,1,0.0265879706607207,13.29398533036,0,0,0,0,0,0,0,1,1,,,0.397623269486105,0,0,0,0,0,0.588
A_C05_004,coarse_scan,C05,high_speed_light_load,stress_test_range,"Paper SMPMSM experiment speed, but migrated IPMSM/48 V is not rated evidence",400,2.5,0,48,1,500,0.01,0.16,0.1,0.4,coarse amplitude grid,0,500,-0.00557137951286832,-0.0232019130193397,0.031514195791456,0.1574846224328,0.196052904007252,0.417747639191621,0.213293000099232,2.34024774218615,0.0510239592631301,0.106847724542027,0.0974344363487779,0.0851020400513116,1,a=valid known-frequency integer-cycle FFT; b=valid known-frequency integer-cycle FFT; c=valid known-frequency integer-cycle FFT,4,500,1.60304845049471,0.164306396927682,1.20381001611249,1.13299209887084,0.19979515722278,0.0387919931558628,0.259862861193036,0.165969010515452,valid,1914,12760,0.002,0.152,0.846,0.519550347608292,0.0001258404,0.0004431,254,0.000607924881083632,0.00709207574159573,0.00956282545379589,0.155361719928285,0,0.002,1,0.998,0.998,15.36,-18.0887034925493,0.997,0.481404177389011,1.47726249865156,0.002,1,0.0265879706607207,13.29398533036,0,0,0,0,0,0,0,1,1,,,0.461464875391237,0,0,0,0,0,0.552
A_C05_005,coarse_scan,C05,high_speed_light_load,stress_test_range,"Paper SMPMSM experiment speed, but migrated IPMSM/48 V is not rated evidence",400,2.5,0,48,1,500,0.01,0.64,0.1,0.8,coarse amplitude grid,0,500,-0.00967635226892731,-0.139598761413679,0.0478950026833126,0.350933808953377,0.291119511768192,1.32106061053121,0.213293000099232,2.34024774218615,0.128995783155008,0.164234604377088,0.153353954790018,0.148861447440705,1,a=valid known-frequency integer-cycle FFT; b=valid known-frequency integer-cycle FFT; c=valid known-frequency integer-cycle FFT,4,500,1.52322557181886,0.215354460965835,1.1472611646754,1.07542384975817,0.637301452470718,0.140360624681917,0.287969964229709,0.555498148192818,valid,1832,12213.3333333333,0.002,0.31,0.688,0.520413799937988,0.0001272356,0.0008665,285,0.00107329891031552,0.103006908909779,0.00978712782525266,0.637904713492317,0,0.002,1,0.998,0.998,30.7199999999999,-22.8508540588588,0.92,0.480540725059315,1.47726249865156,0.002,1,0.0265879706607208,13.29398533036,0,0,0,0,0,0,0,1,1,,,1.35275707605957,0,0,0,0,0,0.236
A_C05_006,coarse_scan,C05,high_speed_light_load,stress_test_range,"Paper SMPMSM experiment speed, but migrated IPMSM/48 V is not rated evidence",400,2.5,0,48,1,500,0.01,1,0.1,1,coarse amplitude grid,0,500,-0.0169612093788815,-0.375061568148359,0.0602595969534016,0.59316443077879,0.341143210714068,1.61347187751877,0.213293000099232,2.34024774218615,0.214044134029694,0.231839582185994,0.232492329930661,0.22612534871545,1,a=valid known-frequency integer-cycle FFT; b=valid known-frequency integer-cycle FFT; c=valid known-frequency integer-cycle FFT,4,500,1.37695034640165,0.291602185940955,1.03289526956664,0.966906031114765,0.780285846616674,0.215396515488533,0.320671501884135,0.755435589267485,valid,1740,11600,0.002,0.5,0.498,0.520597037251145,0.000134099,0.0006043,362,0.00144276398769086,0.337163436602422,0.00923962758587706,0.995764376591658,0,0.002,1,0.998,0.998,38.4,-25.2319293420136,0.786,0.480357487746158,1.47726249865156,0.002,1,0.0265879706607209,13.29398533036,0,0,0,0,0,0,0,1,1,,,1.64914225880009,0,0,0,0,0,0.144
A_C05_007,coarse_scan,C05,high_speed_light_load,stress_test_range,"Paper SMPMSM experiment speed, but migrated IPMSM/48 V is not rated evidence",400,2.5,0,48,1,500,0.04,0,0.2,0,coarse amplitude grid,0,500,-0.00840656671732719,-1.76242539145228e-05,0.0533980642748744,0.132324135037676,0.373869743560003,0.0191100211965503,0.213293000099232,2.34024774218615,0.0425141971018025,0.0991173910224822,0.0914802749865125,0.0777039543702657,1,a=valid known-frequency integer-cycle FFT; b=valid known-frequency integer-cycle FFT; c=valid known-frequency integer-cycle FFT,4,500,1.62042380649099,0.158750393574727,1.21514345017884,1.14383929084146,0.0158681461708357,0.00215909174409426,0.256661036673756,0.0130586608260122,valid,1910,12733.3333333333,0.002,0.172,0.826,0.519831024628259,0.0001066826,0.0004084,173,0.0027210683889696,4.15965192264805e-10,0.036988522261384,8.57467741960878e-10,0,0.826,1,0.174,0.174,0,-13.4268195130913,0.998,0.481123500369044,1.47726249865156,0.002,1,0.0265879706607207,13.29398533036,0,0,0,0,0,0,0,1,1,,,0.374357820887657,0,0,0,0,0,0.512
A_C05_008,coarse_scan,C05,high_speed_light_load,stress_test_range,"Paper SMPMSM experiment speed, but migrated IPMSM/48 V is not rated evidence",400,2.5,0,48,1,500,0.04,0.0225,0.2,0.15,coarse amplitude grid,0,500,-0.00493460588419518,-0.00410783735997048,0.0539581071338411,0.134556890071957,0.391500757883635,0.141001634644007,0.213293000099232,2.34024774218615,0.0450194841505476,0.0996044973539617,0.0935013087423324,0.0793750967489472,1,a=valid known-frequency integer-cycle FFT; b=valid known-frequency integer-cycle FFT; c=valid known-frequency integer-cycle FFT,4,500,1.61680029636124,0.161264910076478,1.21308728490669,1.14170625188126,0.0652676082469523,0.00886195581893676,0.25708393669838,0.0538028953555247,valid,1900,12666.6666666667,0.002,0.18,0.818,0.519468469762104,0.0001107204,0.0004593,178,0.00240765413057638,0.000415457366799434,0.0381433168838228,0.0187798719192903,0,0.002,1,0.998,0.998,11.52,-15.2126259754573,0.997,0.481486055235199,1.47726249865156,0.002,1,0.0265879706607207,13.29398533036,0,0,0,0,0,0,0,1,1,,,0.416118137547191,0,0,0,0,0,0.496
A_C05_009,coarse_scan,C05,high_speed_light_load,stress_test_range,"Paper SMPMSM experiment speed, but migrated IPMSM/48 V is not rated evidence",400,2.5,0,48,1,500,0.04,0.04,0.2,0.2,coarse amplitude grid,0,500,-0.00757406166726388,-0.00726377337817306,0.0594694522847756,0.137331947418533,0.399352972158089,0.200421485689906,0.213293000099232,2.34024774218615,0.0481139176730993,0.101601761328605,0.0942368293253771,0.0813175027756938,1,a=valid known-frequency integer-cycle FFT; b=valid known-frequency integer-cycle FFT; c=valid known-frequency integer-cycle FFT,4,500,1.61429539959804,0.162508068700495,1.2115966564111,1.1402130220456,0.0942162557731427,0.0151032028313135,0.25721734016385,0.0777620632036265,valid,1884,12560,0.002,0.21,0.788,0.519857552535939,0.0001076536,0.000543,193,0.00317893921792348,0.00114383108678714,0.0393616663964179,0.0384343009567447,0,0.002,1,0.998,0.998,15.36,-15.807894796246,0.997,0.481096972461364,1.47726249865156,0.002,1,0.0265879706607208,13.29398533036,0,0,0,0,0,0,0,1,1,,,0.446823867197858,0,0,0,0,0,0.436
A_C05_010,coarse_scan,C05,high_speed_light_load,stress_test_range,"Paper SMPMSM experiment speed, but migrated IPMSM/48 V is not rated evidence",400,2.5,0,48,1,500,0.04,0.16,0.2,0.4,coarse amplitude grid,0,500,-0.0220961566012046,-0.0380136548941638,0.0770882537254473,0.17723172608269,0.419958903320091,0.632644095040875,0.217582969372408,2.34024774218615,0.0655257865463266,0.114890310998026,0.106408747698487,0.0956082817476132,1,a=valid known-frequency integer-cycle FFT; b=valid known-frequency integer-cycle FFT; c=valid known-frequency integer-cycle FFT,4,500,1.59833133013563,0.172671910287077,1.19686932568088,1.12549027630589,0.30024528972929,0.0504823503258046,0.261859451658526,0.250858872632971,valid,1870,12466.6666666667,0.002,0.256,0.742,0.520705666147009,0.000107989,0.0004712,218,0.0052539119570282,0.0128814353353303,0.0396696766347095,0.158717909252973,0,0.002,1,0.998,0.998,30.7199999999999,-18.1889700794008,0.997,0.480248858850294,1.47726249865156,0.002,1,0.0265879706607209,13.29398533036,0,0,0,0,0,0,0,1,1,,,0.759344474838595,0,0,0,0,0,0.344
A_C05_011,coarse_scan,C05,high_speed_light_load,stress_test_range,"Paper SMPMSM experiment speed, but migrated IPMSM/48 V is not rated evidence",400,2.5,0,48,1,500,0.04,0.64,0.2,0.8,coarse amplitude grid,0,500,-0.0485725123200747,-0.215587076643134,0.102430580531212,0.398482156294452,0.455127359455913,0.807033338951971,0.245773219186972,2.34024774218615,0.13942790723507,0.174043588026567,0.173393293428368,0.162288262896668,1,a=valid known-frequency integer-cycle FFT; b=valid known-frequency integer-cycle FFT; c=valid known-frequency integer-cycle FFT,4,500,1.47317555928346,0.230752248087275,1.11086080694245,1.04092787680209,0.390862651881224,0.146511251095416,0.288447121822168,0.351855650535587,valid,1778,11853.3333333333,0.002,0.438,0.56,0.523039578194039,0.0001343636,0.0008584,364,0.00849077214450091,0.139398787535022,0.0393990861443293,0.637807359723705,0,0.002,1,0.998,0.998,61.4399999999998,-22.9511206457102,0.8855,0.477914946803264,1.47726249865156,0.002,1,0.026587970660721,13.29398533036,0,0,0,0,0,0,0,1,1,,,0.926522381545788,0,0,0,0,0,0.0199999999999999
A_C05_012,coarse_scan,C05,high_speed_light_load,stress_test_range,"Paper SMPMSM experiment speed, but migrated IPMSM/48 V is not rated evidence",400,2.5,0,48,1,500,0.04,1,0.2,1,coarse amplitude grid,0,500,-0.0442097258022445,-0.421577801359839,0.0957261014180567,0.606778885995959,0.440371211294905,1.02323488611893,0.221833866920599,2.34024774218615,0.202811465338869,0.225702706454453,0.226462563245284,0.218325578346202,1,a=valid known-frequency integer-cycle FFT; b=valid known-frequency integer-cycle FFT; c=valid known-frequency integer-cycle FFT,4,500,1.33551066096727,0.286912929475241,1.01063489914582,0.943481749128564,0.496834874463679,0.202566389280878,0.313402000692566,0.491606686928778,valid,1648,10986.6666666667,0.002,0.612,0.386,0.523221140323444,0.0001552062,0.0008378,408,0.00839082214477062,0.352470605175325,0.0380364797315946,0.992750100769659,0,0.002,1,0.998,0.998,76.8,-25.332195928865,0.7515,0.477733384673859,1.47726249865156,0.002,1,0.0265879706607211,13.29398533036,0,0,0,0,0,0,0,1,1,,,1.11397326534714,0,0,0,0,0,0.368
A_C05_013,coarse_scan,C05,high_speed_light_load,stress_test_range,"Paper SMPMSM experiment speed, but migrated IPMSM/48 V is not rated evidence",400,2.5,0,48,1,500,0.16,0,0.4,0,coarse amplitude grid,0,500,-0.0301535406743456,-1.55863004957908e-05,0.13654020225184,0.132423438157914,0.779961493674191,0.0294505755213454,0.396975193641256,2.34024774218615,0.070528399613811,0.112318879473682,0.10417500053223,0.0956740932065742,1,a=valid known-frequency integer-cycle FFT; b=valid known-frequency integer-cycle FFT; c=valid known-frequency integer-cycle FFT,4,500,1.61874762840282,0.170345783871515,1.21553740055041,1.14425395767924,0.0253649858991993,0.00449618440617411,0.256770648509474,0.020867301892738,valid,1824,12160,0.002,0.332,0.666,0.521883953686863,0.000123525,0.00049,270,0.0188160720292543,3.87653783912496e-10,0.155597300894536,1.19698940573736e-09,0,0.666,1,0.334,0.334,0,-13.6273526867941,0.998,0.47907057131044,1.47726249865156,0.002,1,0.026587970660721,13.29398533036,0,0,0,0,0,0,0,1,1,,,0.780517307952241,0,0,0,0,0,0.192
A_C05_014,coarse_scan,C05,high_speed_light_load,stress_test_range,"Paper SMPMSM experiment speed, but migrated IPMSM/48 V is not rated evidence",400,2.5,0,48,1,500,0.16,0.0225,0.4,0.15,coarse amplitude grid,0,500,-0.0281487948057905,-0.0106283011641177,0.172210401989144,0.137921778997407,0.794578908564616,0.165917379166603,0.402368535559113,2.34024774218615,0.0771105472622986,0.11525078519185,0.111309561758383,0.101223631404177,1,a=valid known-frequency integer-cycle FFT; b=valid known-frequency integer-cycle FFT; c=valid known-frequency integer-cycle FFT,4,500,1.61401898438902,0.176484908239261,1.21032955124131,1.13859633295841,0.0932783704632509,0.0153879227122018,0.257047219290014,0.0770685722476039,valid,1808,12053.3333333333,0.002,0.364,0.634,0.520768652960281,0.000132134,0.0009603,295,0.0299223145707851,0.00119968380190381,0.159418045348827,0.0221291939966381,0,0.002,1,0.998,0.998,23.04,-15.4131591491602,0.997,0.480185872037022,1.47726249865156,0.002,1,0.0265879706607212,13.29398533036,0,0,0,0,0,0,0,1,1,,,0.8117168340285,0,0,0,0,0,0.128
A_C05_015,coarse_scan,C05,high_speed_light_load,stress_test_range,"Paper SMPMSM experiment speed, but migrated IPMSM/48 V is not rated evidence",400,2.5,0,48,1,500,0.16,0.04,0.4,0.2,coarse amplitude grid,0,500,-0.0161323187270462,-0.013830368467597,0.163312612036262,0.141229561697561,0.784566185943114,0.212642729633012,0.403402901545132,2.34024774218615,0.078751026106426,0.117611363546686,0.112014958556764,0.102792449403292,1,a=valid known-frequency integer-cycle FFT; b=valid known-frequency integer-cycle FFT; c=valid known-frequency integer-cycle FFT,4,500,1.60916374840941,0.177079259416494,1.20854340703638,1.13695389899241,0.0969433324875868,0.0199107800580725,0.257303869965681,0.0802150191074343,valid,1816,12106.6666666667,0.002,0.356,0.642,0.519868975980197,0.0001308908,0.0010165,282,0.026093400628756,0.00214423827759014,0.159986556963738,0.0399793465563516,0,0.002,1,0.998,0.998,30.7199999999999,-16.0084279699489,0.997,0.481085549017106,1.47726249865156,0.002,1,0.0265879706607212,13.29398533036,0,0,0,0,0,0,0,1,1,,,0.81287208747201,0,0,0,0,0,0.144
A_C05_016,coarse_scan,C05,high_speed_light_load,stress_test_range,"Paper SMPMSM experiment speed, but migrated IPMSM/48 V is not rated evidence",400,2.5,0,48,1,500,0.16,0.16,0.4,0.4,coarse amplitude grid,1,500,-0.0521511874683716,-0.0658498094484722,0.196952245701166,0.194865813385985,0.802838858438632,0.408850169604031,0.42125519945333,2.34024774218615,0.101069841131515,0.134692783417576,0.138640413561104,0.124801012703398,1,a=valid known-frequency integer-cycle FFT; b=valid known-frequency integer-cycle FFT; c=valid known-frequency integer-cycle FFT,4,500,1.57458770610365,0.191226434919703,1.18381873157428,1.11348801338913,0.20275787063706,0.0592518705219498,0.260439882470459,0.171274423380195,valid,1774,11826.6666666667,0.002,0.428,0.57,0.521460407108407,0.0001938712,0.0006464,397,0.0393527144294499,0.0204728653433006,0.159976973362641,0.159970636360886,0,0.002,1,0.998,0.998,61.4399999999998,-18.3895032531036,0.997,0.479494117888896,1.47726249865156,0.002,1,0.0265879706607212,13.29398533036,0,0,0,0,0,0,0,1,1,,,0.900948774239851,0,0,0,0,0,0
A_C05_017,coarse_scan,C05,high_speed_light_load,stress_test_range,"Paper SMPMSM experiment speed, but migrated IPMSM/48 V is not rated evidence",400,2.5,0,48,1,500,0.16,0.64,0.4,0.8,coarse amplitude grid,0,500,-0.0868669293496521,-0.298933449109456,0.236108481203407,0.454372495890742,0.823470965434479,0.824545109629752,0.429751835539865,2.34024774218615,0.167246497617788,0.207617656101711,0.194960279577385,0.189941477765628,1,a=valid known-frequency integer-cycle FFT; b=valid known-frequency integer-cycle FFT; c=valid known-frequency integer-cycle FFT,4,500,1.4160610544074,0.2589017363354,1.07087781636634,1.00193867029252,0.395383613244216,0.15113560943648,0.286463768818533,0.36921449599714,valid,1604,10693.3333333333,0.002,0.678,0.32,0.523756112909863,0.000130634,0.0005895,410,0.0554957307564775,0.188453481021297,0.157215781899252,0.628714102942496,0,0.002,1,0.998,0.998,122.88,-23.1516538194131,0.8075,0.47719841208744,1.47726249865156,0.002,1,0.0265879706607214,13.29398533036,0,0,0,0,0,0,0,1,1,,,1.16532358970714,0,0,0,0,0,0.5
A_C05_018,coarse_scan,C05,high_speed_light_load,stress_test_range,"Paper SMPMSM experiment speed, but migrated IPMSM/48 V is not rated evidence",400,2.5,0,48,1,500,0.16,1,0.4,1,coarse amplitude grid,0,500,-0.0357261580592168,-0.416553056425715,0.228271017576301,0.597660522778003,0.865439231461959,1.03049389859468,0.480673550768063,2.34024774218615,0.201008468831968,0.190606815595345,0.18660873929095,0.192741341239421,1,a=valid known-frequency integer-cycle FFT; b=valid known-frequency integer-cycle FFT; c=valid known-frequency integer-cycle FFT,4,500,1.35137194725085,0.313601526903424,1.01306985720228,0.94573610485637,0.510930765936511,0.195107933577473,0.314219032411665,0.504339125583609,valid,1490,9933.33333333333,0.002,0.686,0.312,0.520877857733491,0.000157202,0.0007786,435,0.0507019787229692,0.334635355766832,0.154638321001981,0.989149980246997,0,0.002,1,0.998,0.998,153.6,-25.5327291025679,0.738,0.480135326285313,1.47726249865156,0.004,2,0.0284650593487531,13.29398533036,0,0,0,0,0,0,0,1,1,,,1.34569786296714,0,0,0,0,0,0.516
A_C05_019,coarse_scan,C05,high_speed_light_load,stress_test_range,"Paper SMPMSM experiment speed, but migrated IPMSM/48 V is not rated evidence",400,2.5,0,48,1,500,0.36,0,0.6,0,coarse amplitude grid,0,500,-0.0158626522033824,-1.41532310498036e-05,0.245184972539812,0.132651401433085,1.16562955709906,0.0429477422529083,0.58671926158704,2.34024774218615,0.108673587393527,0.138455503299661,0.134162736461066,0.127097275718085,1,a=valid known-frequency integer-cycle FFT; b=valid known-frequency integer-cycle FFT; c=valid known-frequency integer-cycle FFT,4,500,1.61821975307842,0.190009908691576,1.21528273436192,1.14400377468277,0.0366931398471939,0.00723858839214592,0.256758790525923,0.0301930890727742,valid,1766,11773.3333333333,0.002,0.446,0.552,0.520902641770157,0.0001298356,0.0004966,307,0.060879557079883,3.75882438353277e-10,0.346250325784368,1.53262045681767e-09,0,0.552,1,0.448,0.448,0,-13.827885860497,0.997,0.480051883227146,1.47726249865156,0.002,1,0.0265879706607213,13.29398533036,0,0,0,0,0,0,0,1,1,,,1.16642049576796,0,0,0,0,0,0.0359999999999999
A_C05_020,coarse_scan,C05,high_speed_light_load,stress_test_range,"Paper SMPMSM experiment speed, but migrated IPMSM/48 V is not rated evidence",400,2.5,0,48,1,500,0.36,0.0225,0.6,0.15,coarse amplitude grid,0,500,-0.090394246574896,-0.0108364137330117,0.305371173513034,0.137604838914553,1.19318318196515,0.196502464876264,0.600942529285731,2.34024774218615,0.127705391741095,0.148042401550102,0.153490139035987,0.143079310775728,1,a=valid known-frequency integer-cycle FFT; b=valid known-frequency integer-cycle FFT; c=valid known-frequency integer-cycle FFT,4,500,1.61129922417918,0.208091069845128,1.2113498843546,1.14023134957142,0.114257652846451,0.0173192781210241,0.257337738703285,0.0943225853423237,valid,1738,11586.6666666667,0.002,0.522,0.476,0.524655487541373,0.0001350086,0.000592,395,0.0970651160940275,0.00129276646823032,0.358939827112439,0.0218441351821572,0,0.002,1,0.998,0.998,34.56,-15.6136923228631,0.997,0.47629903745593,1.47726249865156,0.002,1,0.0265879706607214,13.29398533036,0,0,0,0,0,0,0,1,1,,,1.20925569026031,0,0,0,0,0,0.188
A_C05_021,coarse_scan,C05,high_speed_light_load,stress_test_range,"Paper SMPMSM experiment speed, but migrated IPMSM/48 V is not rated evidence",400,2.5,0,48,1,500,0.36,0.04,0.6,0.2,coarse amplitude grid,0,500,-0.0721847895990864,-0.0158841513451998,0.304242882907864,0.140840823658195,1.17361437589192,0.22667723986646,0.597672171618858,2.34024774218615,0.131635601692188,0.149960321460775,0.153721200126471,0.145105707759811,1,a=valid known-frequency integer-cycle FFT; b=valid known-frequency integer-cycle FFT; c=valid known-frequency integer-cycle FFT,4,500,1.60934344185407,0.208120407143165,1.20855544644523,1.13767515542411,0.128549623147617,0.0212306370215698,0.25720844078834,0.106366342997109,valid,1736,11573.3333333333,0.002,0.52,0.478,0.523563331625405,0.0001438454,0.000443,433,0.0954687267184849,0.00224008853438285,0.354293860164549,0.0372376165270549,0,0.002,1,0.998,0.998,46.0799999999999,-16.2089611436518,0.997,0.477391193371898,1.47726249865156,0.002,1,0.0265879706607214,13.29398533036,0,0,0,0,0,0,0,1,1,,,1.19530467847058,0,0,0,0,0,0.184
A_C05_022,coarse_scan,C05,high_speed_light_load,stress_test_range,"Paper SMPMSM experiment speed, but migrated IPMSM/48 V is not rated evidence",400,2.5,0,48,1,500,0.36,0.16,0.6,0.4,coarse amplitude grid,0,500,-0.0770819130327503,-0.103885170707116,0.369816232034621,0.215977984368189,1.21201120861538,0.430468033915568,0.61858138078065,2.34024774218615,0.144695880840036,0.152669968718946,0.161234846432703,0.152866898663895,1,a=valid known-frequency integer-cycle FFT; b=valid known-frequency integer-cycle FFT; c=valid known-frequency integer-cycle FFT,4,500,1.54597277476487,0.238320012919734,1.16581033248507,1.09738198295629,0.21941678507048,0.0660235605979406,0.260054468120911,0.188209676099512,valid,1620,10800,0.002,0.732,0.266,0.524117379088974,0.0001466668,0.0006995,452,0.146485551411991,0.0303328047026891,0.354532465036224,0.15732017280326,0,0.002,1,0.998,0.998,92.1599999999999,-18.5900364268065,0.997,0.476837145908329,1.47726249865156,0.002,1,0.0265879706607219,13.29398533036,0,0,0,0,0,0,0,1,1,,,1.28618579452288,0,0,0,0,0,0.608
A_C05_023,coarse_scan,C05,high_speed_light_load,stress_test_range,"Paper SMPMSM experiment speed, but migrated IPMSM/48 V is not rated evidence",400,2.5,0,48,1,500,0.36,0.64,0.6,0.8,coarse amplitude grid,0,500,-0.0645251725171376,-0.345450790471313,0.387919897746589,0.492001404241446,1.28779198518702,0.83764905332221,0.645710607769136,2.34024774218615,0.23968304290069,0.25371771155836,0.238844335720407,0.244081696726486,1,a=valid known-frequency integer-cycle FFT; b=valid known-frequency integer-cycle FFT; c=valid known-frequency integer-cycle FFT,4,500,1.38187448280772,0.313388879691852,1.04808481009691,0.97880501570151,0.417266871501348,0.155501679885951,0.288149824464217,0.398123193353758,valid,1484,9893.33333333333,0.002,0.89,0.108,0.522434087862272,0.0001399306,0.0005379,483,0.153984813607414,0.221721789944443,0.358867712999207,0.639401591136121,0,0.002,1,0.998,0.998,184.32,-23.352186993116,0.7485,0.478520437135031,1.47726249865156,0.002,1,0.0265879706607222,13.29398533036,0,0,0,0,0,0,0,1,1,,,1.53625002315493,0,0,0,0,0,0.924
A_C05_024,coarse_scan,C05,high_speed_light_load,stress_test_range,"Paper SMPMSM experiment speed, but migrated IPMSM/48 V is not rated evidence",400,2.5,0,48,1,500,0.36,1,0.6,1,coarse amplitude grid,0,500,0.0005236777490639,-0.462195421680339,0.369771623745151,0.624760931392513,1.21067817335723,1.03529613742982,0.61852794402169,2.34024774218615,0.265789310627023,0.269376766600503,0.277133909206904,0.27076666214481,1,a=valid known-frequency integer-cycle FFT; b=valid known-frequency integer-cycle FFT; c=valid known-frequency integer-cycle FFT,4,500,1.28789234876081,0.34385341226122,0.990409219187565,0.921561555665583,0.508921521784829,0.191709607418519,0.304329468611895,0.513849742031176,valid,1448,9653.33333333333,0.002,0.888,0.11,0.523209985674387,0.000144559,0.0005873,482,0.138750095471083,0.369899378482344,0.35958890383324,0.999280164096175,0,0.002,1,0.998,0.998,230.4,-25.7332622762708,0.6985,0.477744539322916,1.47726249865156,0.002,1,0.0265879706607221,13.29398533036,0,0,0,0,0,0,0,1,1,,,1.59297825836409,0,0,0,0,0,0.92
A_C05_025,coarse_scan,C05,high_speed_light_load,stress_test_range,"Paper SMPMSM experiment speed, but migrated IPMSM/48 V is not rated evidence",400,2.5,0,48,1,500,0.64,0,0.8,0,coarse amplitude grid,0,500,-0.0534599758704643,-6.51406200419894e-06,0.44166214223956,0.133527527233714,1.56643038171277,0.0883049089003225,0.786074372431332,2.34024774218615,0.175477459203293,0.184195340696586,0.204111525320589,0.187928108406823,1,a=valid known-frequency integer-cycle FFT; b=valid known-frequency integer-cycle FFT; c=valid known-frequency integer-cycle FFT,4,500,1.61936406886363,0.245056679239741,1.21598146659812,1.14473458366832,0.0668441395447485,0.0143509091885257,0.257154502231537,0.0549713473279775,valid,1608,10720,0.002,0.76,0.238,0.525137085213209,0.0001389612,0.0008361,439,0.197656563875709,1.81801634845555e-10,0.637507090687755,1.66768953752046e-09,0,0.238,1,0.762,0.762,0,-14.0284190341999,0.997,0.475817439784094,1.47726249865156,0.002,1,0.026587970660722,13.29398533036,0,0,0,0,0,0,0,1,1,,,1.56891742857574,0,0,0,0,0,0.664
A_C05_026,coarse_scan,C05,high_speed_light_load,stress_test_range,"Paper SMPMSM experiment speed, but migrated IPMSM/48 V is not rated evidence",400,2.5,0,48,1,500,0.64,0.0225,0.8,0.15,coarse amplitude grid,0,500,-0.102576381899521,-0.0138711837615075,0.468943937379672,0.138243095216607,1.57981000995633,0.191974237614991,0.790114411375934,2.34024774218615,0.194008257165987,0.220978048391679,0.193193946632483,0.20272675073005,1,a=valid known-frequency integer-cycle FFT; b=valid known-frequency integer-cycle FFT; c=valid known-frequency integer-cycle FFT,4,500,1.61137524322241,0.253420102145414,1.21008464692749,1.13889289142832,0.116362455427459,0.0185363204589673,0.256707525784777,0.0961605915114391,valid,1582,10546.6666666667,0.002,0.836,0.162,0.524849810441547,0.0001667174,0.0006896,490,0.228612176537047,0.00141965310823999,0.623680851847316,0.0186260386520516,0,0.002,1,0.998,0.998,46.0799999999999,-15.814225496566,0.9975,0.476104714555756,1.47726249865156,0.002,1,0.0265879706607221,13.29398533036,0,0,0,0,0,0,0,1,1,,,1.59143136058897,0,0,0,0,0,0.816
A_C05_027,coarse_scan,C05,high_speed_light_load,stress_test_range,"Paper SMPMSM experiment speed, but migrated IPMSM/48 V is not rated evidence",400,2.5,0,48,1,500,0.64,0.04,0.8,0.2,coarse amplitude grid,0,500,-0.0167619626566179,-0.0232499823295989,0.460031939220634,0.145997582541756,1.6017210386085,0.254482889496248,0.805036767709456,2.34024774218615,0.185655785093312,0.194364618018738,0.204308867717839,0.194776423609963,1,a=valid known-frequency integer-cycle FFT; b=valid known-frequency integer-cycle FFT; c=valid known-frequency integer-cycle FFT,4,500,1.60323718446878,0.248020261083683,1.20401107618171,1.13315088825036,0.137426214152404,0.0289939113980703,0.256432960821134,0.114140323848369,valid,1534,10226.6666666667,0.002,0.908,0.09,0.524845179413977,0.000147809,0.0005772,485,0.215639183621049,0.00372918824884652,0.63932454394626,0.0398592670433159,0,0.002,1,0.998,0.998,61.4399999999998,-16.4094943173547,0.997,0.476109345583326,1.47726249865156,0.002,1,0.0265879706607222,13.29398533036,0,0,0,0,0,0,0,1,1,,,1.62181127957832,0,0,0,0,0,0.96
A_C05_028,coarse_scan,C05,high_speed_light_load,stress_test_range,"Paper SMPMSM experiment speed, but migrated IPMSM/48 V is not rated evidence",400,2.5,0,48,1,500,0.64,0.16,0.8,0.4,coarse amplitude grid,0,500,-0.0112914993765377,-0.0819355171417013,0.458091138806872,0.203368544482881,1.56390615366115,0.44455742849508,0.867008337943041,2.34024774218615,0.175856764662385,0.199389807370743,0.196637781467155,0.190628117833427,1,a=valid known-frequency integer-cycle FFT; b=valid known-frequency integer-cycle FFT; c=valid known-frequency integer-cycle FFT,4,500,1.57788069525617,0.268518064571972,1.17530531913682,1.10511571356893,0.230712547907622,0.0610252244638064,0.261116334163905,0.196300096792776,valid,1496,9973.33333333333,0.002,0.966,0.032,0.522237292981953,0.0001420184,0.0010836,499,0.213756792645638,0.0231557978984016,0.619492347561267,0.14644383479646,0,0.002,1,0.998,0.998,122.88,-18.7905696005094,0.997,0.47871723201535,1.47726249865156,0.002,1,0.0265879706607224,13.29398533036,0,0,0,0,0,0,0,1,1,,,1.62586400559499,0,0,0,0,0,1.076
A_C05_029,coarse_scan,C05,high_speed_light_load,stress_test_range,"Paper SMPMSM experiment speed, but migrated IPMSM/48 V is not rated evidence",400,2.5,0,48,1,500,0.64,0.64,0.8,0.8,coarse amplitude grid,0,500,-0.0423887583892043,-0.338401152298577,0.515615072643796,0.467847797354586,1.60191039703263,0.875240986818612,0.811870308176591,2.34024774218615,0.272769824684945,0.303533128209887,0.291042577199267,0.289115176698033,1,a=valid known-frequency integer-cycle FFT; b=valid known-frequency integer-cycle FFT; c=valid known-frequency integer-cycle FFT,4,500,1.38955117542767,0.338463949586617,1.05122699843611,0.982874144003198,0.438703104255482,0.142073746899735,0.2772055380059,0.41732480701897,valid,1382,9213.33333333333,0.002,0.962,0.036,0.514675764712033,0.0001596538,0.0007356,500,0.272873855202053,0.201135526116368,0.639704352338948,0.639375723819396,0,0.002,1,0.998,0.998,245.759999999999,-23.5527201668189,0.747,0.48627876028527,1.47726249865156,0.002,1,0.0265879706607224,13.29398533036,0,0,0,0,0,0,0,1,1,,,1.82542151437098,0,0,0,0,0,1.068
A_C05_030,coarse_scan,C05,high_speed_light_load,stress_test_range,"Paper SMPMSM experiment speed, but migrated IPMSM/48 V is not rated evidence",400,2.5,0,48,1,500,0.64,1,0.8,1,coarse amplitude grid,0,500,-0.0254987680725302,-0.411522439706057,0.45900206873034,0.552293621305812,1.58131201331042,1.03115240197921,0.845097356415966,2.34024774218615,0.271092308176052,0.304162209064306,0.276353281501496,0.283869266247285,1,a=valid known-frequency integer-cycle FFT; b=valid known-frequency integer-cycle FFT; c=valid known-frequency integer-cycle FFT,4,500,1.35659012159333,0.344750326186213,1.01541317214115,0.948854233457379,0.492100197959172,0.16802607990479,0.290080916312179,0.484630504567424,valid,1420,9466.66666666667,0.002,0.982,0.016,0.523578487979855,0.0002155528,0.0007488,500,0.217841688863848,0.290023496176077,0.634562321559673,0.99096798056197,0,0.002,1,0.998,0.998,307.2,-25.9337954499737,0.6845,0.477376037017448,1.47726249865156,0.002,1,0.0265879706607224,13.29398533036,0,0,0,0,0,0,0,1,1,,,1.88780903683274,0,0,0,0,0,1.108
A_C05_031,coarse_scan,C05,high_speed_light_load,stress_test_range,"Paper SMPMSM experiment speed, but migrated IPMSM/48 V is not rated evidence",400,2.5,0,48,1,500,1,0,1,0,coarse amplitude grid,0,500,-0.070188839898495,-2.09054718225588e-06,0.5127251300584,0.134553800375236,1.88819181310469,0.117495472133404,0.976188017751389,2.34024774218615,0.186139014608298,0.221807109236856,0.215435958974511,0.207794027606555,1,a=valid known-frequency integer-cycle FFT; b=valid known-frequency integer-cycle FFT; c=valid known-frequency integer-cycle FFT,4,500,1.63169647307917,0.262541174072158,1.21628761683022,1.14481422444818,0.071545919871685,0.017043241663761,0.257215829448853,0.0588231918846149,valid,1528,10186.6666666667,0.002,0.918,0.08,0.525615157977974,0.0001788946,0.0009436,491,0.26876799856288,6.24104054059573e-11,0.957684129800074,1.39253404289758e-09,0,0.08,1,0.92,0.92,0,-14.2289522079028,0.997,0.475339367019329,1.47726249865156,0.002,1,0.0265879706607224,13.29398533036,0,0,0,0,0,0,0,1,1,,,1.89184394415803,0,0,0,0,0,0.98
A_C05_032,coarse_scan,C05,high_speed_light_load,stress_test_range,"Paper SMPMSM experiment speed, but migrated IPMSM/48 V is not rated evidence",400,2.5,0,48,1,500,1,0.0225,1,0.15,coarse amplitude grid,0,500,0.0302067097850505,-0.0107018711254131,0.584678872787461,0.13946346821477,1.98654717233436,0.214857110912254,0.994485190276354,2.34024774218615,0.200333064574246,0.228229638881711,0.218548666316,0.215703789923986,1,a=valid known-frequency integer-cycle FFT; b=valid known-frequency integer-cycle FFT; c=valid known-frequency integer-cycle FFT,4,500,1.60368317706128,0.300657489587432,1.20928183149713,1.13799780377782,0.133692261008617,0.0240329819106095,0.25709009078928,0.110555089414601,valid,1506,10040,0.002,0.964,0.034,0.520636860945806,0.000143225,0.000575,500,0.350312592306679,0.00109800907996699,0.990696920356128,0.0210997793386915,0,0.002,1,0.998,0.998,57.6000000000001,-16.0147586702689,0.9975,0.480317664051497,1.47726249865156,0.002,1,0.0265879706607224,13.29398533036,0,0,0,0,0,0,0,1,1,,,1.9981324395593,0,0,0,0,0,1.072
A_C05_033,coarse_scan,C05,high_speed_light_load,stress_test_range,"Paper SMPMSM experiment speed, but migrated IPMSM/48 V is not rated evidence",400,2.5,0,48,1,500,1,0.04,1,0.2,coarse amplitude grid,0,500,0.0667247966409917,-0.0144099584679423,0.569854469374793,0.143262282674757,1.96073836225066,0.295164458375618,0.987725640570335,2.34024774218615,0.187886501448415,0.215774640827587,0.213282278269269,0.205647806848424,1,a=valid known-frequency integer-cycle FFT; b=valid known-frequency integer-cycle FFT; c=valid known-frequency integer-cycle FFT,4,500,1.58726846126611,0.290679526078636,1.2068152915121,1.13554914403715,0.165031290492505,0.0268561802675103,0.257511155414979,0.136749419445726,valid,1512,10080,0.002,0.966,0.032,0.517986451841201,0.0001428032,0.0006284,498,0.325973401503678,0.00185646878198628,0.996462236884852,0.0364663356445052,0,0.002,1,0.998,0.998,76.8,-16.6100274910575,0.997,0.482968073156102,1.47726249865156,0.002,1,0.0265879706607224,13.29398533036,0,0,0,0,0,0,0,1,1,,,1.98283054815321,0,0,0,0,0,1.076
A_C05_034,coarse_scan,C05,high_speed_light_load,stress_test_range,"Paper SMPMSM experiment speed, but migrated IPMSM/48 V is not rated evidence",400,2.5,0,48,1,500,1,0.16,1,0.4,coarse amplitude grid,0,500,-0.075668469872665,-0.0617538603634009,0.556328930051259,0.190157803715567,1.97446091009381,0.464513078371491,1.02394118682588,2.34024774218615,0.208063465522206,0.240979149878624,0.26031606080521,0.23645289206868,1,a=valid known-frequency integer-cycle FFT; b=valid known-frequency integer-cycle FFT; c=valid known-frequency integer-cycle FFT,4,500,1.56603899965027,0.303234217873576,1.18621708644879,1.11456858321708,0.231053912354721,0.0547556217600808,0.262710733691937,0.194782148220806,valid,1450,9666.66666666667,0.002,0.994,0.004,0.523407726336889,0.0001293084,0.0007145,500,0.305428038613847,0.0164963548176143,0.989221399680613,0.14740300116516,0,0.002,1,0.998,0.998,153.6,-18.9911027742123,0.996,0.477546798660414,1.47726249865156,0.002,1,0.0265879706607226,13.29398533036,0,0,0,0,0,0,0,1,1,,,2.02836591508205,0,0,0,0,0,1.132
A_C05_035,coarse_scan,C05,high_speed_light_load,stress_test_range,"Paper SMPMSM experiment speed, but migrated IPMSM/48 V is not rated evidence",400,2.5,0,48,1,500,1,0.64,1,0.8,coarse amplitude grid,0,500,-0.0134784343424851,-0.237683442199885,0.590449674507429,0.389818405397834,1.98663914084184,1.10802035338283,1.0186506588403,2.34024774218615,0.271739648417029,0.278524195855502,0.300540027116118,0.283601290462883,1,a=valid known-frequency integer-cycle FFT; b=valid known-frequency integer-cycle FFT; c=valid known-frequency integer-cycle FFT,4,500,1.42484018192609,0.361984062443042,1.09969813970982,1.02761325928046,0.532777738009707,0.130089037632045,0.284688831006647,0.484476347436846,valid,1346,8973.33333333333,0.002,0.994,0.004,0.512443316555951,0.0001373206,0.0005848,500,0.350046897792362,0.129078102069658,0.989563172369254,0.635026797833179,0,0.002,1,0.998,0.998,307.2,-23.7532533405218,0.82,0.488511208441352,1.47726249865156,0.002,1,0.0265879706607225,13.29398533036,0,0,0,0,0,0,0,1,1,,,2.27474046419265,0,0,0,0,0,1.132
A_C05_036,coarse_scan,C05,high_speed_light_load,stress_test_range,"Paper SMPMSM experiment speed, but migrated IPMSM/48 V is not rated evidence",400,2.5,0,48,1,500,1,1,1,1,coarse amplitude grid,0,500,-0.0187672040451249,-0.326653188460013,0.563371888462141,0.491266844763031,2.04521365147116,1.09923897525601,1.04250643739744,2.34024774218615,0.289757565503034,0.319916205814268,0.310848157805645,0.306840643040982,1,a=valid known-frequency integer-cycle FFT; b=valid known-frequency integer-cycle FFT; c=valid known-frequency integer-cycle FFT,4,500,1.35213290537973,0.367146691003756,1.05631777760225,0.985878949302177,0.544561196399671,0.160354004511465,0.295950080713638,0.515527815536511,valid,1400,9333.33333333333,0.002,0.988,0.01,0.52288859494279,0.000147226,0.0005528,500,0.317799469870439,0.219140436259883,0.990834431306646,0.974996626905706,0,0.002,1,0.998,0.998,384,-26.1343286236765,0.6855,0.478065930054513,1.47726249865156,0.002,1,0.0265879706607224,13.29398533036,0,0,0,0,0,0,0,1,1,,,2.32190120480736,0,0,0,0,0,1.12
A_C06_001,coarse_scan,C06,high_speed_high_load,stress_test_range,"Paper boundary speed combined with migrated IPMSM nominal load",400,10,0,48,1,500,0.01,0,0.1,0,coarse amplitude grid,0,500,-0.000487255697589838,-2.44938270269633e-05,0.027044356726031,0.197139157331624,0.167667506473157,0.009717052637221,0.235113985375143,2.64024774218615,0.0404125408429529,0.0847335811039367,0.0754967038452697,0.0668809419307198,1,a=valid known-frequency integer-cycle FFT; b=valid known-frequency integer-cycle FFT; c=valid known-frequency integer-cycle FFT,4,500,6.5134313002426,0.1585988076373,4.86002321159566,4.58756800139401,0.0132991503583222,0.00138119437454338,0.940428362595338,0.00273643762165403,valid,1932,12880,0.002,0.096,0.902,0.453899087784096,0.0001083328,0.0004231,178,0.000269765356727462,8.02677761673551e-10,0.00749935248328186,1.97339278343898e-09,0,0.902,1,0.098,0.098,0,-15.1123593886059,0.996,0.547391092905912,1.54170223876204,0.004,2,0.0359336196401297,15.0905230362817,0,0,0,0,0,0,0,1,1,,,0.167948842922125,0,0,0,0,0,0.648
A_C06_002,coarse_scan,C06,high_speed_high_load,stress_test_range,"Paper boundary speed combined with migrated IPMSM nominal load",400,10,0,48,1,500,0.01,0.0225,0.1,0.15,coarse amplitude grid,0,500,-0.0036556510491822,-0.00614652524669996,0.0359275058277159,0.201819261319052,0.220481457833422,0.285253199090667,0.235113985375143,2.64024774218615,0.040757573511483,0.084903967821558,0.0759608348132369,0.067207458715426,1,a=valid known-frequency integer-cycle FFT; b=valid known-frequency integer-cycle FFT; c=valid known-frequency integer-cycle FFT,4,500,6.50792288426746,0.159051863918727,4.85726812921265,4.58458447280089,0.123198984997583,0.0160628829685086,0.94052729394281,0.0253638427445745,valid,1904,12693.3333333333,0.002,0.156,0.842,0.454550980741307,0.0001204146,0.0006051,256,0.000717965410047907,0.00151961665229002,0.00968413034946803,0.0215265004028942,0,0.004,1,0.996,0.996,5.75999999999999,-16.8981658509719,0.996,0.5467391999487,1.54170223876204,0.004,2,0.0359336196401297,15.0905230362817,0,0,0,0,0,0,0,1,1,,,0.360529417440257,0,0,0,0,0,0.528
A_C06_003,coarse_scan,C06,high_speed_high_load,stress_test_range,"Paper boundary speed combined with migrated IPMSM nominal load",400,10,0,48,1,500,0.01,0.04,0.1,0.2,coarse amplitude grid,0,500,-0.00475782403984586,-0.0110086712574823,0.0342821375784171,0.205104291701761,0.196226075200697,0.320487807661289,0.235113985375143,2.64024774218615,0.0407565821636437,0.084918431034392,0.0759923550675881,0.0672224560885413,1,a=valid known-frequency integer-cycle FFT; b=valid known-frequency integer-cycle FFT; c=valid known-frequency integer-cycle FFT,4,500,6.50323242638888,0.159141436504058,4.8549831434697,4.58223699637524,0.14252951069768,0.0216189902250569,0.940268623463827,0.029357364688154,valid,1910,12733.3333333333,0.002,0.16,0.838,0.454745692641974,0.000154445,0.0007375,298,0.000536613927842888,0.00255429742094174,0.00909164712593504,0.0372934950572669,0,0.004,1,0.996,0.996,7.67999999999998,-17.4934346717606,0.996,0.546544488048034,1.54170223876204,0.004,2,0.0359336196401298,15.0905230362817,0,0,0,0,0,0,0,1,1,,,0.375788647311503,0,0,0,0,0,0.52
A_C06_004,coarse_scan,C06,high_speed_high_load,stress_test_range,"Paper boundary speed combined with migrated IPMSM nominal load",400,10,0,48,1,500,0.01,0.16,0.1,0.4,coarse amplitude grid,0,500,-0.00721259425831694,-0.0543406975927276,0.0435216124195101,0.251975176641169,0.26937828225529,0.771201232368476,0.235113985375143,2.64024774218615,0.0435256666834003,0.0878676762661957,0.080181394509958,0.070524912486518,1,a=valid known-frequency integer-cycle FFT; b=valid known-frequency integer-cycle FFT; c=valid known-frequency integer-cycle FFT,4,500,6.47588640848118,0.158874090535326,4.83407163228803,4.5647533748017,0.356783499770325,0.0711498651369604,0.938373423079236,0.0738060018364797,valid,1846,12306.6666666667,0.002,0.274,0.724,0.456505584518577,0.0001420752,0.0005715,326,0.000862228251432332,0.0261413697427887,0.00971322625327327,0.158172792884407,0,0.002,1,0.998,0.998,15.36,-19.8745099549154,0.997,0.544784596171431,1.54170223876204,0.004,2,0.03593361964013,15.0905230362817,0,0,0,0,0,0,0,1,1,,,0.816894117837475,0,0,0,0,0,0.292
A_C06_005,coarse_scan,C06,high_speed_high_load,stress_test_range,"Paper boundary speed combined with migrated IPMSM nominal load",400,10,0,48,1,500,0.01,0.64,0.1,0.8,coarse amplitude grid,0,500,-0.00876942323336624,-0.260193263404361,0.0517567039658884,0.480378644222091,0.296888391616721,1.57224092287399,0.235113985375143,2.64024774218615,0.0534370868636539,0.0890966713556962,0.0821246191161283,0.0748861257784928,1,a=valid known-frequency integer-cycle FFT; b=valid known-frequency integer-cycle FFT; c=valid known-frequency integer-cycle FFT,4,500,6.3487637391762,0.162516071256772,4.73409335211074,4.46829617856448,0.742975807341494,0.168827360773538,0.935343205548482,0.156941520177297,valid,1734,11560,0.002,0.514,0.484,0.459161457544147,0.0001567616,0.0008102,457,0.00077048954697134,0.191892804638473,0.00989357390696475,0.639586573909736,0,0.002,1,0.998,0.998,30.7199999999999,-24.6366605212249,0.805,0.54212872314586,1.54170223876204,0.004,2,0.0359336196401304,15.0905230362817,0,0,0,0,0,0,0,1,1,,,1.60002632373234,0,0,0,0,0,0.188
A_C06_006,coarse_scan,C06,high_speed_high_load,stress_test_range,"Paper boundary speed combined with migrated IPMSM nominal load",400,10,0,48,1,500,0.01,1,0.1,1,coarse amplitude grid,0,500,-0.000749778122209281,-0.343391313113351,0.0561409467655149,0.601140120491845,0.310762237489986,1.91863280888377,0.235113985375143,2.64024774218615,0.0617134498598287,0.0969050462392187,0.08669559079835,0.0817713622991325,1,a=valid known-frequency integer-cycle FFT; b=valid known-frequency integer-cycle FFT; c=valid known-frequency integer-cycle FFT,4,500,6.28867321229074,0.168139945738912,4.69308849315469,4.42752680897292,0.913889292121858,0.214582418637816,0.942166147703935,0.194730888508676,valid,1618,10786.6666666667,0.002,0.646,0.352,0.453678138890032,0.0001401028,0.0006145,415,0.000787417937844558,0.316918480861995,0.0376358615882197,0.988645658636675,0.016,0.002,0.984,0.998,0.982,38.4,-27.0177358043796,0.7195,0.549637607355554,1.54170223876204,0.026,13,0.0999580218406971,15.0905230362817,0,0,0,0,0,0,0,1,1,,,1.94363706066102,0,0,0,0,0,0.452
A_C06_007,coarse_scan,C06,high_speed_high_load,stress_test_range,"Paper boundary speed combined with migrated IPMSM nominal load",400,10,0,48,1,500,0.04,0,0.2,0,coarse amplitude grid,0,500,-0.00589450907172802,-2.40678711259648e-05,0.0501338170833827,0.1971684906675,0.36870247387487,0.0175560980616911,0.235113985375143,2.64024774218615,0.0409791303938999,0.0849569585618074,0.0758146043915417,0.0672502311157497,1,a=valid known-frequency integer-cycle FFT; b=valid known-frequency integer-cycle FFT; c=valid known-frequency integer-cycle FFT,4,500,6.5128777271919,0.158784579276828,4.86041323276249,4.58791394332739,0.0324010124312641,0.00425726056753038,0.940492019002496,0.00666630816755647,valid,1918,12786.6666666667,0.002,0.142,0.856,0.454204988214684,0.0001044448,0.0005151,151,0.00222822685491377,7.97610514610086e-10,0.0381525259308907,1.97332266368095e-09,0,0.856,1,0.144,0.144,0,-15.2126259754573,0.996,0.547085192475324,1.54170223876204,0.004,2,0.0359336196401297,15.0905230362817,0,0,0,0,0,0,0,1,1,,,0.369120211883068,0,0,0,0,0,0.556
A_C06_008,coarse_scan,C06,high_speed_high_load,stress_test_range,"Paper boundary speed combined with migrated IPMSM nominal load",400,10,0,48,1,500,0.04,0.0225,0.2,0.15,coarse amplitude grid,0,500,-0.00421598410685997,-0.00406306059377823,0.0542514134852496,0.201031474001101,0.377492758542882,0.240582773426413,0.235113985375143,2.64024774218615,0.040639163176308,0.0846382326983238,0.0761658001008262,0.0671477319918193,1,a=valid known-frequency integer-cycle FFT; b=valid known-frequency integer-cycle FFT; c=valid known-frequency integer-cycle FFT,4,500,6.51090810021581,0.158938330542222,4.85832081416824,4.58569244086796,0.0897982967140543,0.00994294464105823,0.940814967722908,0.0184834020125178,valid,1900,12666.6666666667,0.002,0.178,0.82,0.454084230058162,0.0001205286,0.0006601,242,0.00236561796216127,0.00074932379534812,0.0365496762164992,0.0196026388094307,0,0.004,1,0.996,0.996,11.52,-16.9984324378234,0.996,0.547205950631846,1.54170223876204,0.004,2,0.0359336196401298,15.0905230362817,0,0,0,0,0,0,0,1,1,,,0.447639200273903,0,0,0,0,0,0.484
A_C06_009,coarse_scan,C06,high_speed_high_load,stress_test_range,"Paper boundary speed combined with migrated IPMSM nominal load",400,10,0,48,1,500,0.04,0.04,0.2,0.2,coarse amplitude grid,0,500,-0.0100632723176658,-0.00822471939074661,0.0576092279513789,0.203711260473452,0.380849331725608,0.322939356156352,0.235113985375143,2.64024774218615,0.0411611046042535,0.085243832046518,0.0767662129995756,0.0677237165501157,1,a=valid known-frequency integer-cycle FFT; b=valid known-frequency integer-cycle FFT; c=valid known-frequency integer-cycle FFT,4,500,6.51033859436961,0.159304258324796,4.85671264942105,4.58408626764825,0.129632833159426,0.0163472063198065,0.940653248821329,0.0266914768315311,valid,1886,12573.3333333333,0.002,0.21,0.788,0.454657730054418,0.0001008214,0.0004945,144,0.00289881639230859,0.00177797431626368,0.0380825624123432,0.0379497047754821,0,0.004,1,0.996,0.996,15.36,-17.5937012586121,0.996,0.54663245063559,1.54170223876204,0.004,2,0.0359336196401298,15.0905230362817,0,0,0,0,0,0,0,1,1,,,0.499335599802899,0,0,0,0,0,0.42
A_C06_010,coarse_scan,C06,high_speed_high_load,stress_test_range,"Paper boundary speed combined with migrated IPMSM nominal load",400,10,0,48,1,500,0.04,0.16,0.2,0.4,coarse amplitude grid,0,500,-0.0168866446056915,-0.0467131459807882,0.0694449123155815,0.244328396843788,0.412750421188276,0.6863712129025,0.267221597347429,2.64024774218615,0.0423079618749896,0.0860602760168813,0.0772906568921722,0.0685529649280144,1,a=valid known-frequency integer-cycle FFT; b=valid known-frequency integer-cycle FFT; c=valid known-frequency integer-cycle FFT,4,500,6.47695196384346,0.159931530854366,4.83845289913747,4.56596805713533,0.305408015572082,0.0576396579324119,0.939449433694402,0.0631210062262931,valid,1836,12240,0.002,0.286,0.712,0.455674868515345,0.0001194964,0.0004418,274,0.00362921302147048,0.0186033340753924,0.038288490781158,0.154884747944049,0,0.002,1,0.998,0.998,30.7199999999999,-19.9747765417668,0.997,0.545615312174663,1.54170223876204,0.004,2,0.03593361964013,15.0905230362817,0,0,0,0,0,0,0,1,1,,,0.800917194279376,0,0,0,0,0,0.268
A_C06_011,coarse_scan,C06,high_speed_high_load,stress_test_range,"Paper boundary speed combined with migrated IPMSM nominal load",400,10,0,48,1,500,0.04,0.64,0.2,0.8,coarse amplitude grid,0,500,-0.0159502596740617,-0.203831440498742,0.0822688317681493,0.486252951075037,0.462017640282911,1.54579127461091,0.240218513502302,2.64024774218615,0.0576639739854106,0.0918683184103432,0.0838557104011434,0.0777960009322991,1,a=valid known-frequency integer-cycle FFT; b=valid known-frequency integer-cycle FFT; c=valid known-frequency integer-cycle FFT,4,500,6.38010007829137,0.166895795296899,4.76190835493496,4.49062118021425,0.725142209113351,0.183980969012408,0.948117001917498,0.152279749013199,valid,1696,11306.6666666667,0.002,0.568,0.43,0.455168642275403,0.0001419064,0.0007972,390,0.00450340411014294,0.191195669120495,0.0397906488139242,0.639635364879607,0,0.002,1,0.998,0.998,61.4399999999998,-24.7369271080763,0.8245,0.546121538414605,1.54170223876204,0.004,2,0.0359336196401305,15.0905230362817,0,0,0,0,0,0,0,1,1,,,1.61336014720701,0,0,0,0,0,0.296
A_C06_012,coarse_scan,C06,high_speed_high_load,stress_test_range,"Paper boundary speed combined with migrated IPMSM nominal load",400,10,0,48,1,500,0.04,1,0.2,1,coarse amplitude grid,0,500,-0.000765965009670334,-0.334650363929376,0.0719207006409562,0.60311484089486,0.521892153502828,1.88534024577212,0.308341374107766,2.64024774218615,0.0587837226257184,0.0927876946943478,0.0853987384096961,0.0789900519099208,1,a=valid known-frequency integer-cycle FFT; b=valid known-frequency integer-cycle FFT; c=valid known-frequency integer-cycle FFT,4,500,6.29750570572228,0.169002110173241,4.69730799043361,4.42895674829923,0.903335990963831,0.216490600565576,0.945334696911938,0.192309295622841,valid,1590,10600,0.002,0.658,0.34,0.452219634823891,0.000194294,0.000582,482,0.00239775917787615,0.315359773270715,0.0818600061991108,0.96084319521018,0.006,0.002,0.994,0.998,0.992,76.8,-27.1180023912311,0.725,0.550211961939525,1.54170223876204,0.03,15,0.0719176650385517,15.0905230362817,0,0,0,0,0,0,0,1,1,,,1.95624110533847,0,0,0,0,0,0.476
A_C06_013,coarse_scan,C06,high_speed_high_load,stress_test_range,"Paper boundary speed combined with migrated IPMSM nominal load",400,10,0,48,1,500,0.16,0,0.4,0,coarse amplitude grid,0,500,-0.00197164025589706,-2.24103789040887e-05,0.118563572369624,0.197231621790226,0.792010565873221,0.027895119559469,0.396155390889023,2.64024774218615,0.0425742133597677,0.0850541557815352,0.077312014485483,0.0683134612089286,1,a=valid known-frequency integer-cycle FFT; b=valid known-frequency integer-cycle FFT; c=valid known-frequency integer-cycle FFT,4,500,6.51132931991535,0.15827679369906,4.86013269476021,4.58775621113183,0.0655212746265956,0.00990822988104231,0.940341015673676,0.0134813756622808,valid,1852,12346.6666666667,0.002,0.27,0.728,0.454895169664875,0.0001262408,0.0004965,298,0.0144876960882322,7.76550381032466e-10,0.158721987361666,3.24924577687946e-09,0,0.728,1,0.272,0.272,0,-15.4131591491602,0.996,0.546395011025133,1.54170223876204,0.004,2,0.0359336196401299,15.0905230362817,0,0,0,0,0,0,0,1,1,,,0.792501655613448,0,0,0,0,0,0.3
A_C06_014,coarse_scan,C06,high_speed_high_load,stress_test_range,"Paper boundary speed combined with migrated IPMSM nominal load",400,10,0,48,1,500,0.16,0.0225,0.4,0.15,coarse amplitude grid,0,500,-0.0592920967305117,-0.00994978186367055,0.168882580584316,0.201535203711855,0.802334587145246,0.25462012676609,0.407583911206492,2.64024774218615,0.0447919396801134,0.0860656797347555,0.0779086877981807,0.0695887690710165,1,a=valid known-frequency integer-cycle FFT; b=valid known-frequency integer-cycle FFT; c=valid known-frequency integer-cycle FFT,4,500,6.50761322372679,0.159835432277282,4.85939893465874,4.58663332175751,0.0666753460971865,0.0121291961759761,0.940408575672151,0.0137209039623475,valid,1814,12093.3333333333,0.002,0.348,0.65,0.457978993999103,0.0001125154,0.0005889,236,0.0295365311265996,0.00158647911408401,0.159100805876945,0.0220028070963019,0,0.004,1,0.996,0.996,23.04,-17.1989656115263,0.996,0.543311186690904,1.54170223876204,0.004,2,0.0359336196401302,15.0905230362817,0,0,0,0,0,0,0,1,1,,,0.841767306732634,0,0,0,0,0,0.144
A_C06_015,coarse_scan,C06,high_speed_high_load,stress_test_range,"Paper boundary speed combined with migrated IPMSM nominal load",400,10,0,48,1,500,0.16,0.04,0.4,0.2,coarse amplitude grid,0,500,-0.0420398778417821,-0.0152345882204788,0.172340584916573,0.207566080492696,0.80312253920995,0.371956157420847,0.403209621706231,2.64024774218615,0.0454552347026,0.0868929432454708,0.0766218278222841,0.0696566685901183,1,a=valid known-frequency integer-cycle FFT; b=valid known-frequency integer-cycle FFT; c=valid known-frequency integer-cycle FFT,4,500,6.50243261781057,0.159465301066053,4.85555787833275,4.58306255675527,0.122979642582401,0.0186323181563394,0.940209819652572,0.0253276030610571,valid,1812,12080,0.002,0.352,0.646,0.456984037603484,0.0001145024,0.0004539,265,0.0301908393392955,0.00383137895700648,0.15955071627798,0.0394090324696418,0,0.004,1,0.996,0.996,30.7199999999999,-17.794234432315,0.9965,0.544306143086524,1.54170223876204,0.004,2,0.0359336196401302,15.0905230362817,0,0,0,0,0,0,0,1,1,,,0.885074683871547,0,0,0,0,0,0.136
A_C06_016,coarse_scan,C06,high_speed_high_load,stress_test_range,"Paper boundary speed combined with migrated IPMSM nominal load",400,10,0,48,1,500,0.16,0.16,0.4,0.4,coarse amplitude grid,1,500,-0.0705635831926683,-0.0691500424079395,0.184190504018171,0.25779638140669,0.821987212786044,0.70627909012509,0.452299467748534,2.64024774218615,0.0461686590610672,0.0866241838542646,0.0787311381689592,0.0705079936947637,1,a=valid known-frequency integer-cycle FFT; b=valid known-frequency integer-cycle FFT; c=valid known-frequency integer-cycle FFT,4,500,6.46438826787486,0.160425822121653,4.83127154779569,4.56027207373174,0.28638543453388,0.0576892794431982,0.938805972513747,0.0592774452234104,valid,1778,11853.3333333333,0.002,0.42,0.578,0.458344318614628,0.0001164162,0.0005816,284,0.0337389179270364,0.0259976510854728,0.158993138370126,0.15929084323121,0,0.002,1,0.998,0.998,61.4399999999998,-20.1753097154697,0.997,0.542945862075379,1.54170223876204,0.004,2,0.0359336196401303,15.0905230362817,0,0,0,0,0,0,0,1,1,,,1.08374034303965,0,0,0,0,0,0
A_C06_017,coarse_scan,C06,high_speed_high_load,stress_test_range,"Paper boundary speed combined with migrated IPMSM nominal load",400,10,0,48,1,500,0.16,0.64,0.4,0.8,coarse amplitude grid,0,500,-0.0453949161202443,-0.227275736450672,0.171343367542816,0.47822366593576,0.828047376519373,1.52323366736105,0.439109925796174,2.64024774218615,0.0584844151499196,0.0931779653138159,0.0831236665843127,0.0782620156826827,1,a=valid known-frequency integer-cycle FFT; b=valid known-frequency integer-cycle FFT; c=valid known-frequency integer-cycle FFT,4,500,6.36804117692207,0.167568288622457,4.75237087348316,4.48220115788491,0.688574111061396,0.165344860381694,0.945873795093424,0.14489065129648,valid,1654,11026.6666666667,0.002,0.668,0.33,0.458109519006043,0.0001211274,0.0006029,386,0.0255930304986864,0.182407733952259,0.150821892741825,0.620382936439839,0,0.002,1,0.998,0.998,122.88,-24.9374602817792,0.826,0.543180661683965,1.54170223876204,0.004,2,0.0359336196401307,15.0905230362817,0,0,0,0,0,0,0,1,1,,,1.73375409534998,0,0,0,0,0,0.496
A_C06_018,coarse_scan,C06,high_speed_high_load,stress_test_range,"Paper boundary speed combined with migrated IPMSM nominal load",400,10,0,48,1,500,0.16,1,0.4,1,coarse amplitude grid,0,500,-0.0307773105793695,-0.381978965264675,0.153758922433902,0.615530036715312,0.811477714852535,1.76069926516434,0.44255508484643,2.64024774218615,0.0611568815461159,0.0956318508413761,0.0852098624617288,0.0806661982830736,1,a=valid known-frequency integer-cycle FFT; b=valid known-frequency integer-cycle FFT; c=valid known-frequency integer-cycle FFT,4,500,6.24454104512144,0.170504171486814,4.67622195228934,4.40700037955304,0.845450008172505,0.198695940944116,0.947526467471362,0.180797664610123,valid,1578,10520,0.002,0.718,0.28,0.456003249594794,0.0001250816,0.0005385,412,0.0186833909064065,0.324866187284206,0.178852569468554,0.938853926319561,0.006,0.002,0.994,0.998,0.992,153.6,-27.3185355649339,0.673,0.546481274114631,1.54170223876204,0.016,8,0.0738884229572714,15.0905230362817,0,0,0,0,0,0,0,1,1,,,1.93870007583755,0,0,0,0,0,0.596
A_C06_019,coarse_scan,C06,high_speed_high_load,stress_test_range,"Paper boundary speed combined with migrated IPMSM nominal load",400,10,0,48,1,500,0.36,0,0.6,0,coarse amplitude grid,0,500,-0.0510239848714738,-1.97272440512961e-05,0.239121057417754,0.197469191619685,1.13106954798243,0.0467874391145582,0.623594916832111,2.64024774218615,0.046726058786637,0.0863004943313498,0.0785557456508578,0.0705274329229482,1,a=valid known-frequency integer-cycle FFT; b=valid known-frequency integer-cycle FFT; c=valid known-frequency integer-cycle FFT,4,500,6.51617611938502,0.159933001359955,4.86367081765236,4.59085938183117,0.101911249600505,0.0194529988761177,0.941312431433532,0.0209535664359983,valid,1784,11893.3333333333,0.002,0.414,0.584,0.458422885894034,0.000113742,0.0004386,283,0.058925346830265,7.32766912176381e-10,0.332901906420844,3.80006480915802e-09,0,0.584,1,0.416,0.416,0,-15.6136923228631,0.996,0.542867294795974,1.54170223876204,0.004,2,0.0359336196401303,15.0905230362817,0,0,0,0,0,0,0,1,1,,,1.13203683104044,0,0,0,0,0,0.012
A_C06_020,coarse_scan,C06,high_speed_high_load,stress_test_range,"Paper boundary speed combined with migrated IPMSM nominal load",400,10,0,48,1,500,0.36,0.0225,0.6,0.15,coarse amplitude grid,0,500,-0.0308547594387206,-0.00825471313426849,0.243662457251196,0.202020270476427,1.18412353019705,0.246399949172257,0.594024201857246,2.64024774218615,0.0487013533190505,0.0873544596006614,0.0788531255930347,0.0716363128375822,1,a=valid known-frequency integer-cycle FFT; b=valid known-frequency integer-cycle FFT; c=valid known-frequency integer-cycle FFT,4,500,6.50851670446188,0.161810456865207,4.85817177425054,4.58554466807719,0.0756750765340461,0.0144640417646711,0.940974802436919,0.0155768630774115,valid,1782,11880,0.002,0.404,0.594,0.45525248714413,0.0001256482,0.0007286,304,0.0598118030975841,0.00123323927986458,0.351983946819077,0.0207280113931932,0,0.004,1,0.996,0.996,34.56,-17.3994987852292,0.996,0.546037693545877,1.54170223876204,0.004,2,0.0359336196401303,15.0905230362817,0,0,0,0,0,0,0,1,1,,,1.20948810234678,0,0,0,0,0,0.032
A_C06_021,coarse_scan,C06,high_speed_high_load,stress_test_range,"Paper boundary speed combined with migrated IPMSM nominal load",400,10,0,48,1,500,0.36,0.04,0.6,0.2,coarse amplitude grid,0,500,-0.0563045161349056,-0.0117556798530617,0.266353000073783,0.204924254899734,1.17892494452234,0.317077984434514,0.597738823351208,2.64024774218615,0.0504994563753609,0.0889820282750749,0.0798513059187014,0.0731109301897124,1,a=valid known-frequency integer-cycle FFT; b=valid known-frequency integer-cycle FFT; c=valid known-frequency integer-cycle FFT,4,500,6.50730763328842,0.162037272825558,4.85828686637725,4.58566329122733,0.090081171084158,0.0188242440562573,0.941540433036639,0.0185417562942985,valid,1766,11773.3333333333,0.002,0.452,0.546,0.457332200443924,0.0001329776,0.0005903,368,0.072743493312835,0.00227972598167426,0.352916427335817,0.038233144818809,0,0.004,1,0.996,0.996,46.0799999999999,-17.9947676060178,0.9965,0.543957980246084,1.54170223876204,0.004,2,0.0359336196401304,15.0905230362817,0,0,0,0,0,0,0,1,1,,,1.22082040981876,0,0,0,0,0,0.0639999999999999
A_C06_022,coarse_scan,C06,high_speed_high_load,stress_test_range,"Paper boundary speed combined with migrated IPMSM nominal load",400,10,0,48,1,500,0.36,0.16,0.6,0.4,coarse amplitude grid,0,500,-0.0598303639684238,-0.0492839393977202,0.282804243017695,0.250450744801245,1.19272409834204,0.666996215201163,0.6197976624561,2.64024774218615,0.0518645629425373,0.0890382150432771,0.0792557601368006,0.073386179374205,1,a=valid known-frequency integer-cycle FFT; b=valid known-frequency integer-cycle FFT; c=valid known-frequency integer-cycle FFT,4,500,6.48446356945351,0.163803022040944,4.84011220767898,4.56712236466612,0.238753187257364,0.047866277130927,0.942281260957822,0.0493280273293201,valid,1720,11466.6666666667,0.002,0.518,0.48,0.456458499509173,0.0001253806,0.0008631,331,0.0812431877395413,0.0201794512870084,0.351326959131409,0.156497915679176,0,0.002,1,0.998,0.998,92.1599999999999,-20.3758428891726,0.997,0.544831681180834,1.54170223876204,0.004,2,0.0359336196401306,15.0905230362817,0,0,0,0,0,0,0,1,1,,,1.36655578951556,0,0,0,0,0,0.196
A_C06_023,coarse_scan,C06,high_speed_high_load,stress_test_range,"Paper boundary speed combined with migrated IPMSM nominal load",400,10,0,48,1,500,0.36,0.64,0.6,0.8,coarse amplitude grid,0,500,-0.122195583539044,-0.298341064089236,0.319010932234619,0.489699900585559,1.28572614605238,1.33937628690101,0.661907690605292,2.64024774218615,0.0591368854985196,0.0936617507602247,0.0897463721904492,0.0808483361497312,1,a=valid known-frequency integer-cycle FFT; b=valid known-frequency integer-cycle FFT; c=valid known-frequency integer-cycle FFT,4,500,6.33055278264493,0.169368108720432,4.72305308508949,4.45484835398745,0.580734312128862,0.139691415618484,0.939074973283181,0.122957396765711,valid,1570,10466.6666666667,0.002,0.804,0.194,0.461570507635825,0.000155144,0.0005634,458,0.0980788592848586,0.190264405420576,0.358543811687899,0.638870658381879,0,0.002,1,0.998,0.998,184.32,-25.1379934554821,0.763,0.539719673054183,1.54170223876204,0.004,2,0.0359336196401311,15.0905230362817,0,0,0,0,0,0,0,1,1,,,1.85661535072708,0,0,0,0,0,0.768
A_C06_024,coarse_scan,C06,high_speed_high_load,stress_test_range,"Paper boundary speed combined with migrated IPMSM nominal load",400,10,0,48,1,500,0.36,1,0.6,1,coarse amplitude grid,0,500,-0.109710525202376,-0.391723853118783,0.292152146424568,0.620798744241878,1.24583070130481,1.87055500422875,0.677657071138596,2.64024774218615,0.0722492215827465,0.09388666632154,0.078833832012132,0.0816565733054728,1,a=valid known-frequency integer-cycle FFT; b=valid known-frequency integer-cycle FFT; c=valid known-frequency integer-cycle FFT,4,500,6.25378721663344,0.175570426915818,4.67662698131731,4.40367348495879,0.873678663860088,0.188429401335558,0.943144030953148,0.186818120699032,valid,1576,10506.6666666667,0.002,0.78,0.218,0.459410814873385,0.0001218488,0.0006187,428,0.0793281200838888,0.326952841902564,0.352451336703614,0.990965791655058,0,0.002,1,0.998,0.998,230.4,-27.5190687386368,0.6505,0.541913502903724,1.54170223876204,0.006,3,0.0368809107377841,15.0905230362817,0,0,0,0,0,0,0,1,1,,,2.24745860032145,0,0,0,0,0,0.72
A_C06_025,coarse_scan,C06,high_speed_high_load,stress_test_range,"Paper boundary speed combined with migrated IPMSM nominal load",400,10,0,48,1,500,0.64,0,0.8,0,coarse amplitude grid,0,500,-0.00273245337870054,-1.65274885738379e-05,0.380933535121496,0.197943529570279,1.58696467492273,0.0860257366755608,0.834115323703575,2.64024774218615,0.0564636167695088,0.0906408297184535,0.0864721805099661,0.0778588756659761,1,a=valid known-frequency integer-cycle FFT; b=valid known-frequency integer-cycle FFT; c=valid known-frequency integer-cycle FFT,4,500,6.49746486421272,0.162977222003286,4.86020477103524,4.58799186480618,0.136185052771584,0.0314083022866205,0.940841396810892,0.0280204351847866,valid,1714,11426.6666666667,0.002,0.552,0.446,0.457999544242398,0.0001252136,0.0004626,356,0.148391300460547,6.87127497190932e-10,0.639836337874718,5.0366778640794e-09,0,0.446,1,0.554,0.554,0,-15.814225496566,0.996,0.543290636447609,1.54170223876204,0.004,2,0.0359336196401306,15.0905230362817,0,0,0,0,0,0,0,1,1,,,1.58929459409613,0,0,0,0,0,0.264
A_C06_026,coarse_scan,C06,high_speed_high_load,stress_test_range,"Paper boundary speed combined with migrated IPMSM nominal load",400,10,0,48,1,500,0.64,0.0225,0.8,0.15,coarse amplitude grid,0,500,-0.016684798998765,-0.014069112344485,0.422613111173753,0.202741270454995,1.58510200840787,0.193113591022659,0.831422398038999,2.64024774218615,0.0582397658864674,0.090906763328077,0.083439100337153,0.0775285431838991,1,a=valid known-frequency integer-cycle FFT; b=valid known-frequency integer-cycle FFT; c=valid known-frequency integer-cycle FFT,4,500,6.50467386500793,0.161583240434311,4.85432872405949,4.5821436268912,0.194901005203322,0.0295579048717545,0.940017884868438,0.0401499396275606,valid,1676,11173.3333333333,0.002,0.626,0.372,0.458541279372433,0.0001107762,0.0004498,343,0.181924342220723,0.00156021071270713,0.639503225038265,0.0204322296646971,0,0.004,1,0.996,0.996,46.0799999999999,-17.600031958932,0.9965,0.542748901317575,1.54170223876204,0.004,2,0.0359336196401309,15.0905230362817,0,0,0,0,0,0,0,1,1,,,1.59682223058684,0,0,0,0,0,0.412
A_C06_027,coarse_scan,C06,high_speed_high_load,stress_test_range,"Paper boundary speed combined with migrated IPMSM nominal load",400,10,0,48,1,500,0.64,0.04,0.8,0.2,coarse amplitude grid,0,500,-0.00542488352719559,-0.0179299109726216,0.426063259562105,0.206439377531659,1.59697141301161,0.276597789965694,0.804239718143268,2.64024774218615,0.0557773939379051,0.0908319595264424,0.081759335567027,0.0761228963437915,1,a=valid known-frequency integer-cycle FFT; b=valid known-frequency integer-cycle FFT; c=valid known-frequency integer-cycle FFT,4,500,6.48811237019855,0.162712509640874,4.85160875588306,4.58022562822981,0.173578515814872,0.0294115526247064,0.939788816602785,0.0357775172213527,valid,1654,11026.6666666667,0.002,0.678,0.32,0.458347599290641,0.000155949,0.0006791,432,0.184196444123999,0.00317223191757506,0.639671800839419,0.0399450823511494,0,0.004,1,0.996,0.996,61.4399999999998,-18.1953007797207,0.9965,0.542942581399367,1.54170223876204,0.004,2,0.0359336196401311,15.0905230362817,0,0,0,0,0,0,0,1,1,,,1.62074798515692,0,0,0,0,0,0.516
A_C06_028,coarse_scan,C06,high_speed_high_load,stress_test_range,"Paper boundary speed combined with migrated IPMSM nominal load",400,10,0,48,1,500,0.64,0.16,0.8,0.4,coarse amplitude grid,0,500,-0.147483015543839,-0.110537040521513,0.516208765344332,0.272932367426516,1.57730346524724,0.722582700873934,0.811204070719342,2.64024774218615,0.0640992706788695,0.0980804056933972,0.0885298096381772,0.083569828670148,1,a=valid known-frequency integer-cycle FFT; b=valid known-frequency integer-cycle FFT; c=valid known-frequency integer-cycle FFT,4,500,6.43704669264484,0.169542044541471,4.81655862507014,4.54484274999843,0.347368063697485,0.0620028216406029,0.937299772159286,0.072119554797784,valid,1560,10400,0.002,0.854,0.144,0.463518394175414,0.0001507132,0.0006285,479,0.281007411611568,0.0345622110190948,0.637854505588826,0.15516860722405,0,0.002,1,0.998,0.998,122.88,-20.5763760628755,0.994,0.537771786514593,1.54170223876204,0.004,2,0.0359336196401314,15.0905230362817,0,0,0,0,0,0,0,1,1,,,1.73493861017709,0,0,0,0,0,0.868
A_C06_029,coarse_scan,C06,high_speed_high_load,stress_test_range,"Paper boundary speed combined with migrated IPMSM nominal load",400,10,0,48,1,500,0.64,0.64,0.8,0.8,coarse amplitude grid,0,500,-0.0786716798446787,-0.287771750077514,0.4507632481141,0.484110615023244,1.5926761622105,1.26678511596601,0.852557133628305,2.64024774218615,0.0708837879925943,0.0984935961862775,0.0849863779769545,0.0847879207186087,1,a=valid known-frequency integer-cycle FFT; b=valid known-frequency integer-cycle FFT; c=valid known-frequency integer-cycle FFT,4,500,6.32477422812525,0.176238417463213,4.72514703359346,4.45177459055313,0.614310762088724,0.134248953585663,0.93999819070008,0.130008814058331,valid,1536,10240,0.002,0.9,0.098,0.45987144514921,0.000270611,0.0037776,498,0.202383669401089,0.178822213256102,0.635688270849439,0.632835838699866,0,0.002,1,0.998,0.998,245.759999999999,-25.338526629185,0.728,0.541418735540798,1.54170223876204,0.004,2,0.0359336196401314,15.0905230362817,0,0,0,0,0,0,0,1,1,,,2.03503363306521,0,0,0,0,0,0.96
A_C06_030,coarse_scan,C06,high_speed_high_load,stress_test_range,"Paper boundary speed combined with migrated IPMSM nominal load",400,10,0,48,1,500,0.64,1,0.8,1,coarse amplitude grid,0,500,-0.0417591357927999,-0.410404255324343,0.471267892561895,0.641971787673142,1.6328382290039,1.92082550358328,0.836446514516974,2.64024774218615,0.0797575469190792,0.09662808327485,0.0847433365817282,0.0870429889252192,1,a=valid known-frequency integer-cycle FFT; b=valid known-frequency integer-cycle FFT; c=valid known-frequency integer-cycle FFT,4,500,6.2065837496661,0.181125559176978,4.66296580990445,4.38477533783288,0.920584592290584,0.192236351052303,0.946143649689926,0.197424692742804,valid,1474,9826.66666666667,0.002,0.91,0.088,0.455791093050604,0.0001333776,0.0006062,477,0.222882893278746,0.34200546079481,0.639744872163059,0.999363885962093,0,0.002,1,0.998,0.998,307.2,-27.7196019123397,0.6345,0.545726321878695,1.54170223876204,0.018,9,0.0423602935340948,15.0905230362817,0,0,0,0,0,0,0,1,1,,,2.52105757516812,0,0,0,0,0,0.98
A_C06_031,coarse_scan,C06,high_speed_high_load,stress_test_range,"Paper boundary speed combined with migrated IPMSM nominal load",400,10,0,48,1,500,1,0,1,0,coarse amplitude grid,0,500,0.197772795692252,-8.17878609648422e-06,0.569452476389955,0.198739652806589,1.95247220879203,0.141571427711657,1.03495774632194,2.64024774218615,0.0671058582911861,0.102009891398323,0.0927825603856496,0.0872994366917196,1,a=valid known-frequency integer-cycle FFT; b=valid known-frequency integer-cycle FFT; c=valid known-frequency integer-cycle FFT,4,500,6.4951611521335,0.164246813573003,4.84578094063321,4.57509124387884,0.194048830232679,0.0439615208561856,0.937605495284728,0.0400449035171041,valid,1576,10506.6666666667,0.002,0.818,0.18,0.451141685507319,0.0001539272,0.0008052,471,0.340725976372107,4.39493231190825e-10,0.997011930884315,7.1599354815398e-09,0,0.18,1,0.82,0.82,0,-16.0147586702689,0.996,0.550148495182689,1.54170223876204,0.004,2,0.0359336196401312,15.0905230362817,0,0,0,0,0,0,0,1,1,,,1.95759806784987,0,0,0,0,0,0.796
A_C06_032,coarse_scan,C06,high_speed_high_load,stress_test_range,"Paper boundary speed combined with migrated IPMSM nominal load",400,10,0,48,1,500,1,0.0225,1,0.15,coarse amplitude grid,0,500,0.0795138584188132,-0.00707695730958074,0.568103863948213,0.203151661598462,1.98494350357165,0.278317058798326,1.00012387364196,2.64024774218615,0.0592390738867402,0.0982594808001807,0.0888720367903088,0.0821235304924099,1,a=valid known-frequency integer-cycle FFT; b=valid known-frequency integer-cycle FFT; c=valid known-frequency integer-cycle FFT,4,500,6.50637060866694,0.164607065622553,4.85081506012203,4.57829492563707,0.214646547522448,0.0418542722120865,0.939399346591212,0.0442495838043861,valid,1566,10440,0.002,0.864,0.134,0.45551835943673,0.0001472806,0.0005689,474,0.330244328405007,0.00106265194100902,0.991422061446964,0.0194309136976877,0,0.004,1,0.996,0.996,57.6000000000001,-17.8005651326349,0.9965,0.545771821253277,1.54170223876204,0.004,2,0.0359336196401314,15.0905230362817,0,0,0,0,0,0,0,1,1,,,2.00436052086182,0,0,0,0,0,0.888
A_C06_033,coarse_scan,C06,high_speed_high_load,stress_test_range,"Paper boundary speed combined with migrated IPMSM nominal load",400,10,0,48,1,500,1,0.04,1,0.2,coarse amplitude grid,0,500,0.088748123902056,-0.0111979156604916,0.577564311296805,0.206317419751096,1.99924049508334,0.375166933827877,1.0211190869124,2.64024774218615,0.0662626936267336,0.0920694965014431,0.0976228535102942,0.0853183478794903,1,a=valid known-frequency integer-cycle FFT; b=valid known-frequency integer-cycle FFT; c=valid known-frequency integer-cycle FFT,4,500,6.53036496976124,0.169550307747012,4.84813199748254,4.57520308239984,0.234079628194396,0.0425805592712796,0.939110971826586,0.0482824370945233,valid,1540,10266.6666666667,0.002,0.876,0.122,0.454533326192893,0.0001723058,0.000882,496,0.341968582231223,0.00217000908806297,0.996118698338144,0.0382768962453113,0,0.004,1,0.996,0.996,76.8,-18.3958339534236,0.9925,0.546756854497115,1.54170223876204,0.004,2,0.0359336196401314,15.0905230362817,0,0,0,0,0,0,0,1,1,,,2.03413686496727,0,0,0,0,0,0.912
A_C06_034,coarse_scan,C06,high_speed_high_load,stress_test_range,"Paper boundary speed combined with migrated IPMSM nominal load",400,10,0,48,1,500,1,0.16,1,0.4,coarse amplitude grid,0,500,0.0712750550111057,-0.0547597511024756,0.549368851500152,0.248231100189547,1.96793817660258,0.714597005440075,1.04818911972341,2.64024774218615,0.0638814335295049,0.0998754653009729,0.085223843298142,0.08299358070954,1,a=valid known-frequency integer-cycle FFT; b=valid known-frequency integer-cycle FFT; c=valid known-frequency integer-cycle FFT,4,500,6.47123622474494,0.169678554961954,4.82801384816638,4.55543139858188,0.264166454911217,0.0480459097444881,0.941272530745729,0.0547153473910486,valid,1514,10093.3333333333,0.002,0.94,0.058,0.454691984237266,0.0002369178,0.000887,499,0.299273437124715,0.0182271057196675,0.982322677449292,0.148412791867144,0,0.002,1,0.998,0.998,153.6,-20.7769092365784,0.978,0.546598196452742,1.54170223876204,0.004,2,0.0359336196401316,15.0905230362817,0,0,0,0,0,0,0,1,1,,,2.09366414381911,0,0,0,0,0,1.04
A_C06_035,coarse_scan,C06,high_speed_high_load,stress_test_range,"Paper boundary speed combined with migrated IPMSM nominal load",400,10,0,48,1,500,1,0.64,1,0.8,coarse amplitude grid,0,500,0.103480677223117,-0.251091626971712,0.5870047341845,0.461534413686233,2.01528510332763,1.36427531744984,1.02132451506276,2.64024774218615,0.0876316432490793,0.107753026296791,0.0915140176949263,0.0956328957469321,1,a=valid known-frequency integer-cycle FFT; b=valid known-frequency integer-cycle FFT; c=valid known-frequency integer-cycle FFT,4,500,6.34494533954307,0.179052106773699,4.73023111014281,4.46034008841625,0.655322038522323,0.142592125597053,0.939218003997756,0.138539116432841,valid,1428,9520,0.002,0.982,0.016,0.451499736922457,0.0001796386,0.0008956,500,0.350778341471831,0.164898873457334,0.979140877151513,0.628680050134651,0,0.002,1,0.998,0.998,307.2,-25.5390598028879,0.7285,0.549790443767551,1.54170223876204,0.004,2,0.0359336196401317,15.0905230362817,0,0,0,0,0,0,0,1,1,,,2.43364360363162,0,0,0,0,0,1.124
A_C06_036,coarse_scan,C06,high_speed_high_load,stress_test_range,"Paper boundary speed combined with migrated IPMSM nominal load",400,10,0,48,1,500,1,1,1,1,coarse amplitude grid,0,500,0.0458618962073164,-0.399686187956168,0.602638862851053,0.59936592669768,2.11611642109236,1.46085288274103,1.06045700010205,2.64024774218615,0.0896808289592395,0.105072028756629,0.103003586828777,0.0992521481815487,1,a=valid known-frequency integer-cycle FFT; b=valid known-frequency integer-cycle FFT; c=valid known-frequency integer-cycle FFT,4,500,6.25896355673596,0.185977265172678,4.66222234544682,4.39071046041178,0.708239047959282,0.173613274427208,0.937440604766471,0.151910182630169,valid,1346,8973.33333333333,0.002,0.992,0.006,0.450737993952994,0.0001548464,0.0007645,500,0.359384404857362,0.301376775951637,1.16072666037525,0.999401838725015,0.01,0.002,0.99,0.998,0.988,384,-27.9201350860426,0.594,0.552602990816788,1.54170223876204,0.022,11,0.101559350192926,15.0905230362817,0,0,0,0,0,0,0,1,1,,,2.57138870119426,0,0,0,0,0,1.144
A_C07_001,coarse_scan,C07,negative_id_nominal_speed,reasonable_extension_range,"Exact negative-id value validated in frozen source",100,10,-4,48,1,1551,0.01,0,0.1,0,coarse amplitude grid,0,1551,-0.00069860542342206,-0.000139036180983208,0.040948421436114,0.076115124141217,0.193055183844155,0.203627980140011,0.250445946679727,0.96094209764132,0.00263469069106961,0.00262278947152351,0.00259325156468598,0.0026169105757597,1,a=valid known-frequency integer-cycle FFT; b=valid known-frequency integer-cycle FFT; c=valid known-frequency integer-cycle FFT,3,1500,7.61544202490589,0.227659937002216,5.14797882741149,5.05490729252763,0.118581182810632,0.00352598677226957,0.574629907000917,0.0230345125312524,valid,5858,12589.7270578122,0.000644745325596389,0.211476466795616,0.787878787878788,0.847138855783281,0.000130003159252095,0.0007107,853,0.000788884435193905,1.39047854836587e-15,0.00999677035986808,5.10834046273418e-15,0,0.000644745325596389,1,0.999355254674404,0.999355254674404,0,15.1739643556774,1,0.152861144216719,0.451549974150532,0,0,2.65240258730578e-16,2.22044604925031e-15,0,0,0,0,0,0,0,1,1,,,0.280596967740211,1,1,1,1,1,1.57317859445519
A_C07_002,coarse_scan,C07,negative_id_nominal_speed,reasonable_extension_range,"Exact negative-id value validated in frozen source",100,10,-4,48,1,1551,0.01,0.0225,0.1,0.15,coarse amplitude grid,0,1551,-0.0126895706743374,-0.0296070486853436,0.0514482313285288,0.104006773808404,0.200654466416009,0.345544798924287,0.261637786034965,0.96094209764132,0.00690581077315439,0.00646678526111944,0.00692709432228495,0.00676656345218626,1,a=valid known-frequency integer-cycle FFT; b=valid known-frequency integer-cycle FFT; c=valid known-frequency integer-cycle FFT,3,1500,7.59893026615626,0.22794735703741,5.13365207651055,5.04088677655195,0.177166802329935,0.0299390177540037,0.574324117781663,0.0345108705633902,valid,5418,11644.1005802708,0.000644745325596389,0.493230174081238,0.506125080593166,0.8474965868853,0.000131779754996776,0.0007128,1078,0.00173968360259668,0.00487894124270573,0.0098046372734429,0.0223957137217352,0,0,1,1,1,5.76000000000001,13.3748525470191,1,0.1525034131147,0.451549974150532,0,0,4.39280007281618e-16,2.80866677486136e-15,0,0,0,0,0,0,0,1,1,,,0.399579057204353,1,1,1,1,1,1.00967117988395
A_C07_003,coarse_scan,C07,negative_id_nominal_speed,reasonable_extension_range,"Exact negative-id value validated in frozen source",100,10,-4,48,1,1551,0.01,0.04,0.1,0.2,coarse amplitude grid,0,1551,-0.0113606283647244,-0.0558043617950346,0.0501003485726512,0.133940212548897,0.199761469118859,0.397454581491148,0.265845555761756,0.96094209764132,0.0096340780547025,0.00939857321803007,0.00951108553508254,0.00951457893593837,1,a=valid known-frequency integer-cycle FFT; b=valid known-frequency integer-cycle FFT; c=valid known-frequency integer-cycle FFT,3,1500,7.58098817996548,0.227994342929487,5.12006192048851,5.02764574151298,0.203972440650841,0.0461167250024465,0.574120112413715,0.0398378855213884,valid,5202,11179.8839458414,0.000644745325596389,0.629916183107673,0.369439071566731,0.847564178667775,0.0001353861379755,0.0008192,1200,0.00162680444745308,0.0120172150772688,0.00999160353577695,0.0399799338191318,0,0,1,1,1,7.67999999999996,12.7751486107996,1,0.152435821332225,0.451549974150532,0,0,5.01726013114007e-16,3.23301824835221e-15,0,0,0,0,0,0,0,1,1,,,0.444831191456746,1,1,1,1,1,0.736299161831076
A_C07_004,coarse_scan,C07,negative_id_nominal_speed,reasonable_extension_range,"Exact negative-id value validated in frozen source",100,10,-4,48,1,1551,0.01,0.16,0.1,0.4,coarse amplitude grid,0,1551,-0.0036495100232602,-0.146580181177279,0.0458580930018318,0.261843272643716,0.195752563637606,0.75841750938593,0.260289704448908,0.96094209764132,0.0187968969279326,0.01907400769734,0.0184604705784051,0.0187771250678926,1,a=valid known-frequency integer-cycle FFT; b=valid known-frequency integer-cycle FFT; c=valid known-frequency integer-cycle FFT,3,1500,7.51959558733304,0.229393627647441,5.0727781558054,4.98018039055165,0.387399020098654,0.0993697930913302,0.580437672065078,0.0763682164289613,valid,4434,9529.33591231463,0.000644745325596389,0.761444229529336,0.237911025145068,0.837821155833878,0.000128414635718891,0.0007503,1325,0.00113524298812923,0.0595509061776847,0.00945399026094121,0.158118494722941,0,0,1,1,1,15.3599999999999,10.3763328659219,1,0.162178844166122,0.453898808114951,0,0,5.6993556678949e-16,4.44089209850063e-15,0,0,0,0,0,0,0,1,1,,,0.783272739672365,1,1,1,1,1,0.47324306898775
A_C07_005,coarse_scan,C07,negative_id_nominal_speed,reasonable_extension_range,"Exact negative-id value validated in frozen source",100,10,-4,48,1,1551,0.01,0.64,0.1,0.8,coarse amplitude grid,0,1551,-0.00259971269417292,-0.225412274156092,0.0428304841731613,0.454420513811552,0.20262485089645,1.5775173587702,0.276829333047931,1.16827187398713,0.0331590689547703,0.0345989145146988,0.0361324847169725,0.0346301560621472,1,a=valid known-frequency integer-cycle FFT; b=valid known-frequency integer-cycle FFT; c=valid known-frequency integer-cycle FFT,3,1500,7.4541983181247,0.231863079560823,5.03209824439139,4.9391229587939,0.80800563018674,0.194578334563843,0.607700093816469,0.160570320956535,valid,4360,9370.29873200086,0.00257898130238556,0.8749194068343,0.122501611863314,0.837992628335609,0.00013580805931657,0.0005637,1465,0.000692261253584137,0.196198323771855,0.00953149298575462,0.637098486657643,0,0,1,1,1,30.7199999999998,3.24827630830186,1,0.162007371664391,0.536126773321567,0,0,7.19357656076953e-16,7.32410687763558e-15,0,0,0,0,0,0,0,1,1,,,1.59047723888841,1,1,1,0,0,0.406189555125725
A_C07_006,coarse_scan,C07,negative_id_nominal_speed,reasonable_extension_range,"Exact negative-id value validated in frozen source",100,10,-4,48,1,1551,0.01,1,0.1,1,coarse amplitude grid,0,1551,-0.00446911055013879,-0.348608617775629,0.0430009635444976,0.596582696052598,0.214173820858615,2.13001451803978,0.279513723874018,1.38836935083038,0.044698835138513,0.0444016876114407,0.0449857422077502,0.044695421652568,1,a=valid known-frequency integer-cycle FFT; b=valid known-frequency integer-cycle FFT; c=valid known-frequency integer-cycle FFT,3,1500,7.36542304009886,0.233136935474393,4.96879251251827,4.87603416908051,1.09373885088708,0.24077579962319,0.622334923605421,0.220121658960711,valid,4356,9361.70212765957,0.00193423597678917,0.905222437137331,0.0928433268858801,0.836644844863574,0.00014285693101225,0.000771,1486,0.000725685428779771,0.342768820557545,0.00996235160834462,0.999575714930923,0,0,1,1,1,38.3999999999997,-1.62784639342016,0.995647969052224,0.163355155136426,0.644252373376011,0,0,7.78123278051695e-16,7.105427357601e-15,0,0,0,0,0,0,0,1,1,,,2.14075507067049,1,1,1,0,0,0.407479045776918
A_C07_007,coarse_scan,C07,negative_id_nominal_speed,reasonable_extension_range,"Exact negative-id value validated in frozen source",100,10,-4,48,1,1551,0.04,0,0.2,0,coarse amplitude grid,0,1551,-0.000270070741918315,-0.000139032109330502,0.0874221745774314,0.0761170347305211,0.396188946496504,0.204430755566086,0.369615608508806,0.96094209764132,0.00770163948496105,0.00751022021005668,0.00761926092042587,0.0076103735384812,1,a=valid known-frequency integer-cycle FFT; b=valid known-frequency integer-cycle FFT; c=valid known-frequency integer-cycle FFT,3,1500,7.61452464677796,0.227666545311304,5.14794800897795,5.05485842926816,0.125680255579531,0.00660317945092772,0.574691445589503,0.0244136606197938,valid,5528,11880.5071996561,0.000644745325596389,0.418439716312057,0.580915538362347,0.847359802362127,0.000116506447453256,0.0007176,862,0.0067293657517115,1.40892838046915e-15,0.0395020650324767,9.74627623629586e-15,0,0.000644745325596389,1,0.999355254674404,0.999355254674404,0,15.1488357484149,1,0.152640197637872,0.451549974150532,0,0,4.07800066871571e-16,2.22044604925031e-15,0,0,0,0,0,0,0,1,1,,,0.445822403146511,1,1,1,0,1,1.15925209542231
A_C07_008,coarse_scan,C07,negative_id_nominal_speed,reasonable_extension_range,"Exact negative-id value validated in frozen source",100,10,-4,48,1,1551,0.04,0.0225,0.2,0.15,coarse amplitude grid,0,1551,-0.0221785756667711,-0.0397334906853205,0.121090347720521,0.106625644260673,0.397834492895393,0.335705555133755,0.372744495716608,0.96094209764132,0.0125103931108429,0.0122999413984197,0.0119395329121095,0.0122499558071241,1,a=valid known-frequency integer-cycle FFT; b=valid known-frequency integer-cycle FFT; c=valid known-frequency integer-cycle FFT,3,1500,7.59341061205437,0.227939992729107,5.12910345566289,5.03648169519571,0.16534736522077,0.0276679801863725,0.573840814931948,0.0322370891228982,valid,4920,10573.8233397808,0.000644745325596389,0.808510638297872,0.190844616376531,0.847646751698028,0.000149855190199871,0.0007777,1419,0.0141024461666298,0.00547042352379058,0.0394149465668277,0.0222921762964755,0,0,1,1,1,11.52,13.3497239397566,1,0.152353248301971,0.451549974150532,0,0,6.82218213290107e-16,3.10862446895044e-15,0,0,0,0,0,0,0,1,1,,,0.5205482720027,1,1,1,1,1,0.410058027079303
A_C07_009,coarse_scan,C07,negative_id_nominal_speed,reasonable_extension_range,"Exact negative-id value validated in frozen source",100,10,-4,48,1,1551,0.04,0.04,0.2,0.2,coarse amplitude grid,0,1551,-0.0202175166445795,-0.0593862434754069,0.110647034569575,0.1301382359428,0.400827490922208,0.398249821071923,0.368437396812999,0.96094209764132,0.0124188019605731,0.0122334383659576,0.0124670842283988,0.0123731081849765,1,a=valid known-frequency integer-cycle FFT; b=valid known-frequency integer-cycle FFT; c=valid known-frequency integer-cycle FFT,3,1500,7.57937235446396,0.227904871712444,5.11883007756547,5.02637966818478,0.196905700221317,0.0391626718564722,0.573841250807483,0.0384669342872515,valid,4858,10440.5759724909,0.000644745325596389,0.852353320438427,0.147001934235977,0.847640772480883,0.000159415409413282,0.0007366,1458,0.0115694472632962,0.0108650561824179,0.0397634970353355,0.0397760815756497,0,0,1,1,1,15.3599999999999,12.7500200035371,1,0.152359227519117,0.451549974150532,0,0,6.94855729186026e-16,2.80866677486136e-15,0,0,0,0,0,0,0,1,1,,,0.565035925816059,1,1,1,1,1,0.410058027079304
A_C07_010,coarse_scan,C07,negative_id_nominal_speed,reasonable_extension_range,"Exact negative-id value validated in frozen source",100,10,-4,48,1,1551,0.04,0.16,0.2,0.4,coarse amplitude grid,0,1551,-0.0169091679859062,-0.176707672570157,0.105152150175118,0.266714340986935,0.401648376206559,0.917763394772219,0.371427980741386,0.96094209764132,0.0188460192893962,0.0195483705027278,0.0189727542860495,0.0191223813593912,1,a=valid known-frequency integer-cycle FFT; b=valid known-frequency integer-cycle FFT; c=valid known-frequency integer-cycle FFT,3,1500,7.50082590086154,0.229001406730553,5.05816438827275,4.96594364589224,0.459108107221125,0.0877976868630588,0.577061116152136,0.0907657545265941,valid,4496,9662.58327960456,0.0122501611863314,0.843326885880077,0.144422952933591,0.843109469039818,0.000139584332688588,0.0007432,1440,0.0102142353960922,0.0626011114297462,0.0399777234508741,0.159963002209282,0,0,1,1,1,30.7199999999998,10.3512042586594,1,0.156890530960181,0.464259183732045,0,0,6.60213068572959e-16,4.78298716822545e-15,0,0,0,0,0,0,0,1,1,,,1.00180390640743,1,1,1,0,0,0.386847195357833
A_C07_011,coarse_scan,C07,negative_id_nominal_speed,reasonable_extension_range,"Exact negative-id value validated in frozen source",100,10,-4,48,1,1551,0.04,0.64,0.2,0.8,coarse amplitude grid,0,1551,0.000932221132731915,-0.269635304078294,0.0929859338296058,0.477109694981727,0.417310433207947,1.40666207717628,0.366933801142633,1.15109124227959,0.0360564447319772,0.0369026311436684,0.0360729731359858,0.0363440163372105,1,a=valid known-frequency integer-cycle FFT; b=valid known-frequency integer-cycle FFT; c=valid known-frequency integer-cycle FFT,3,1500,7.42642309326869,0.232320869754546,5.00904024011094,4.91552129945145,0.722049672946115,0.191395492077516,0.609304432562727,0.144149305722112,valid,4528,9731.35611433484,0.00386847195357834,0.920696324951644,0.0754352030947776,0.836660825367096,0.000149586331399097,0.0008359,1520,0.00764204178312536,0.215051635088624,0.039533755807566,0.639096576186806,0,0,1,1,1,61.4399999999997,3.2938778534678,1,0.163339174632904,0.583926533345623,0,0,7.94754348712361e-16,5.32907051820075e-15,0,0,0,0,0,0,0,1,1,,,1.46725805400076,1,1,1,0,0,0.403610573823339
A_C07_012,coarse_scan,C07,negative_id_nominal_speed,reasonable_extension_range,"Exact negative-id value validated in frozen source",100,10,-4,48,1,1551,0.04,1,0.2,1,coarse amplitude grid,0,1551,0.00342094651914805,-0.270894751330155,0.0854181961944843,0.547623225622576,0.438573729500043,1.87647728712932,0.364870681142165,1.38668325720626,0.041866308650212,0.041901911471475,0.0415016537170149,0.0417566246129006,1,a=valid known-frequency integer-cycle FFT; b=valid known-frequency integer-cycle FFT; c=valid known-frequency integer-cycle FFT,3,1500,7.43591311628896,0.234347918872347,5.00821419597875,4.91417815118436,0.963034903273754,0.234730966467892,0.626489480391384,0.19229107733591,valid,4544,9765.74253169998,0.00644745325596389,0.927788523533204,0.0657640232108317,0.831575996145958,0.000193238426821405,0.0011633,1531,0.00585772948904749,0.286334937809254,0.0398502187749395,0.999532734193773,0,0,1,1,1,76.7999999999995,-1.54150938655232,0.994036105738233,0.168424003854041,0.618911083666575,0,0,8.4530852445532e-16,7.105427357601e-15,0,0,0,0,0,0,0,1,1,,,1.92704798210107,1,1,1,0,0,0.398452611218568
A_C07_013,coarse_scan,C07,negative_id_nominal_speed,reasonable_extension_range,"Exact negative-id value validated in frozen source",100,10,-4,48,1,1551,0.16,0,0.4,0,coarse amplitude grid,0,1551,0.0544723127845389,-0.000137333198676984,0.20897176393837,0.0761616003635474,0.8015632012182,0.208622082444117,0.562689377453151,0.96094209764132,0.0178925750791268,0.01850802228737,0.0187825625291986,0.0183943866318985,1,a=valid known-frequency integer-cycle FFT; b=valid known-frequency integer-cycle FFT; c=valid known-frequency integer-cycle FFT,3,1500,7.60019147599903,0.227761300837726,5.14400764313112,5.05100908509853,0.112254864874876,0.0146910918428763,0.574088563089964,0.0218224529710355,valid,4738,10182.6778422523,0.000644745325596389,0.91424887169568,0.0851063829787234,0.847271580170688,0.000123374983881367,0.0006719,1461,0.0425769775747829,7.40030293448475e-16,0.159752675140611,2.79357070288073e-14,0,0.000644745325596389,1,0.999355254674404,0.999355254674404,0,15.0985785338899,1,0.152728419829313,0.451549974150532,0,0,7.68773589031616e-16,3.76822190084106e-15,0,0,0,0,0,0,0,1,1,,,0.828267311216909,1,1,1,0,1,0.410058027079303
A_C07_014,coarse_scan,C07,negative_id_nominal_speed,reasonable_extension_range,"Exact negative-id value validated in frozen source",100,10,-4,48,1,1551,0.16,0.0225,0.4,0.15,coarse amplitude grid,0,1551,0.00764853624405794,-0.0255038820741781,0.228994558873186,0.0987051841096714,0.802724016199063,0.472513798972582,0.564077677991667,0.96094209764132,0.0211857547062289,0.0216457716233317,0.0204739330673548,0.0211018197989718,1,a=valid known-frequency integer-cycle FFT; b=valid known-frequency integer-cycle FFT; c=valid known-frequency integer-cycle FFT,3,1500,7.59395083569092,0.228954408068663,5.13428548135698,5.04137223568119,0.195510670413882,0.0257706402384087,0.574214569500541,0.0380794311348284,valid,4388,9430.47496238986,0.000644745325596389,0.987749838813669,0.011605415860735,0.844354611390363,0.000127004771115409,0.0006757,1545,0.052220595464676,0.00351539487838336,0.159819805749491,0.0224097906587305,0,0,1,1,1,23.04,13.2994667252316,1,0.155645388609637,0.451549974150532,0,0,8.30630838245593e-16,3.66205343881779e-15,0,0,0,0,0,0,0,1,1,,,0.931469342706595,1,1,1,0,0,0.410058027079304
A_C07_015,coarse_scan,C07,negative_id_nominal_speed,reasonable_extension_range,"Exact negative-id value validated in frozen source",100,10,-4,48,1,1551,0.16,0.04,0.4,0.2,coarse amplitude grid,0,1551,0.025948944170389,-0.038670506698754,0.222259520071215,0.115575718011018,0.797185483352631,0.378615183937546,0.558259368876005,0.96094209764132,0.021546102560911,0.0214035332842838,0.0215331076011302,0.0214942478154417,1,a=valid known-frequency integer-cycle FFT; b=valid known-frequency integer-cycle FFT; c=valid known-frequency integer-cycle FFT,3,1500,7.57851141955593,0.228971827978561,5.12618625682303,5.03335193326581,0.19262595985419,0.0344019922504256,0.574245200425838,0.0375768554249861,valid,4330,9305.82419944122,0.000644745325596389,0.994842037395229,0.00451321727917473,0.845082096195285,0.000156516312056738,0.0008403,1551,0.0491451715003757,0.00681624560391098,0.159762817015062,0.0398544901401105,0,0,1,1,1,30.7199999999998,12.6997627890121,1,0.154917903804715,0.451549974150532,0,0,8.48274417571629e-16,3.23301824835221e-15,0,0,0,0,0,0,0,1,1,,,0.882527139739187,1,1,1,1,1,0.410058027079304
A_C07_016,coarse_scan,C07,negative_id_nominal_speed,reasonable_extension_range,"Exact negative-id value validated in frozen source",100,10,-4,48,1,1551,0.16,0.16,0.4,0.4,coarse amplitude grid,1,1551,0.0412719167373457,-0.173423995168249,0.22369511573065,0.249513719644516,0.805873995250309,0.853005587892898,0.548986523058216,0.96094209764132,0.0241344877186545,0.0232604202603661,0.0238773561865848,0.0237574213885351,1,a=valid known-frequency integer-cycle FFT; b=valid known-frequency integer-cycle FFT; c=valid known-frequency integer-cycle FFT,3,1500,7.48872996376579,0.229187693314446,5.05577406208573,4.96416583435538,0.408325707589198,0.0808151895277469,0.573291666422516,0.080764231663617,valid,3414,7337.20180528691,0.205673758865248,0.793036750483559,0.00128949065119278,0.84566133689279,0.000185709284332689,0.0008347,1496,0.0490480537975148,0.0548387599751598,0.159732954528161,0.159812764844732,0,0,1,1,1,61.4399999999997,10.3009470441344,1,0.15433866310721,0.451549974150532,0,0,8.42170904598367e-16,5.32907051820075e-15,0,0,0,0,0,0,0,1,1,,,1.1734783462839,1,1,1,1,1,0
A_C07_017,coarse_scan,C07,negative_id_nominal_speed,reasonable_extension_range,"Exact negative-id value validated in frozen source",100,10,-4,48,1,1551,0.16,0.64,0.4,0.8,coarse amplitude grid,0,1551,0.041463345691414,-0.435036717285364,0.218147356367895,0.544003883455821,0.822855117374113,1.45574940097119,0.542561866219769,1.20424248947147,0.0329176273617649,0.0336587347667552,0.0337877011100456,0.0334546877461886,1,a=valid known-frequency integer-cycle FFT; b=valid known-frequency integer-cycle FFT; c=valid known-frequency integer-cycle FFT,3,1500,7.31425324499583,0.232589469354825,4.92105174627364,4.82896800541802,0.74597108461545,0.151857949978747,0.590493971015305,0.151587734305033,valid,3046,6546.31420588867,0.272082527401676,0.726627981947131,0.00128949065119278,0.84174208232581,0.000138931785944552,0.0007812,1492,0.0462166924584362,0.281806376603779,0.159869962574673,0.639803011218356,0,0,1,1,1,122.879999999999,2.14618682062677,1,0.15825791767419,0.610378656562946,0,0,8.88847236517705e-16,8.88178419700125e-15,0,0,0,0,0,0,0,1,1,,,1.67221316303178,1,1,1,0,0,0.132817537072856
A_C07_018,coarse_scan,C07,negative_id_nominal_speed,reasonable_extension_range,"Exact negative-id value validated in frozen source",100,10,-4,48,1,1551,0.16,1,0.4,1,coarse amplitude grid,0,1551,0.0457943367747774,-0.53525739899083,0.21073115391013,0.678042438370259,0.833018261404031,1.76460407678772,0.550970168485552,1.39162082428908,0.0402764473000965,0.041381324415562,0.042174751196135,0.0412775076372645,1,a=valid known-frequency integer-cycle FFT; b=valid known-frequency integer-cycle FFT; c=valid known-frequency integer-cycle FFT,3,1500,7.24949183325522,0.234270495210121,4.86911283149509,4.77700193587455,0.898179922812547,0.198176011104308,0.605612143369688,0.184464799624854,valid,3104,6670.96496883731,0.254674403610574,0.745325596389426,0,0.842044216414459,0.000140066344294004,0.0007383,1448,0.0430338699788676,0.443487449021889,0.157506299744366,0.998014508357138,0,0,1,1,1,153.599999999999,-1.84510412476994,0.990812379110251,0.157955783585542,0.637835011534073,0,0,8.92584316279119e-16,7.32410687763558e-15,0,0,0,0,0,0,0,1,1,,,1.95134491355281,1,1,1,0,0,0.0980012894906518
A_C07_019,coarse_scan,C07,negative_id_nominal_speed,reasonable_extension_range,"Exact negative-id value validated in frozen source",100,10,-4,48,1,1551,0.36,0,0.6,0,coarse amplitude grid,0,1551,0.0563561309573795,-0.000145999581724465,0.339894134938406,0.0761605256813164,1.24953086674068,0.224444110225507,0.741092752090826,0.96094209764132,0.0275157837463548,0.0272389517610163,0.0272274605689677,0.027327398692113,1,a=valid known-frequency integer-cycle FFT; b=valid known-frequency integer-cycle FFT; c=valid known-frequency integer-cycle FFT,3,1500,7.594638388177,0.230381608894072,5.14386917735799,5.05089782329095,0.199590777781267,0.0247959982837977,0.574460460782567,0.0388016823327885,valid,4522,9718.46120782291,0.000644745325596389,0.970341715022566,0.0290135396518375,0.843215989871247,0.000157123146357189,0.000815,1542,0.116299284230871,4.44236174122794e-16,0.359421010225636,4.30117026847559e-14,0,0.000644745325596389,1,0.999355254674404,0.999355254674404,0,15.0483213193649,1,0.156784010128754,0.451549974150532,0,0,8.77346756078245e-16,5.32907051820075e-15,0,0,0,0,0,0,0,1,1,,,1.26952847370693,1,1,1,0,0,0.410058027079303
A_C07_020,coarse_scan,C07,negative_id_nominal_speed,reasonable_extension_range,"Exact negative-id value validated in frozen source",100,10,-4,48,1,1551,0.36,0.0225,0.6,0.15,coarse amplitude grid,0,1551,0.064298635137545,-0.0290866990987809,0.367911038644193,0.0971013553873433,1.20161163888547,0.332541956387715,0.711514735947203,0.96094209764132,0.0333528422492321,0.0314778764857719,0.0316782131935119,0.032169643976172,1,a=valid known-frequency integer-cycle FFT; b=valid known-frequency integer-cycle FFT; c=valid known-frequency integer-cycle FFT,3,1500,7.57443904196182,0.231647659756291,5.12837737452982,5.03570414847838,0.150885156603165,0.0316303320862878,0.57343676295641,0.0294216173233543,valid,4048,8699.76359338061,0.000644745325596389,0.998710509348807,0.000644745325596389,0.828827682181537,0.000137246872985171,0.0006584,1551,0.136468343543361,0.00335881892879014,0.359445252412433,0.0223031937779603,0,0,1,1,1,34.5599999999999,13.2492095107066,1,0.171172317818463,0.451549974150532,0,0,9.55981169875813e-16,4.78298716822545e-15,0,0,0,0,0,0,0,1,1,,,1.24677772015031,1,1,1,0,1,0.411347517730496
A_C07_021,coarse_scan,C07,negative_id_nominal_speed,reasonable_extension_range,"Exact negative-id value validated in frozen source",100,10,-4,48,1,1551,0.36,0.04,0.6,0.2,coarse amplitude grid,0,1551,0.0536555547628804,-0.043523473663885,0.364366748981863,0.113312363996136,1.19669015121525,0.397710853871171,0.754635259667105,0.96094209764132,0.0334681892645324,0.0313953713761193,0.0316084777989943,0.0321573461465487,1,a=valid known-frequency integer-cycle FFT; b=valid known-frequency integer-cycle FFT; c=valid known-frequency integer-cycle FFT,3,1500,7.57178752483555,0.231667849366671,5.12171096076583,5.02902001430435,0.202796435122258,0.0388040479856811,0.57394243105308,0.0395954470441132,valid,3996,8588.00773694391,0.000644745325596389,0.998710509348807,0.000644745325596389,0.828095337339094,0.000135223017408124,0.0008235,1551,0.13192736432459,0.00654430691951118,0.359966760506599,0.0398591770612568,0,0,1,1,1,46.0800000000001,12.6495055744871,1,0.171904662660906,0.451549974150532,0,0,9.49069542060297e-16,5.32907051820075e-15,0,0,0,0,0,0,0,1,1,,,1.26104767606245,1,1,1,0,1,0.411347517730496
A_C07_022,coarse_scan,C07,negative_id_nominal_speed,reasonable_extension_range,"Exact negative-id value validated in frozen source",100,10,-4,48,1,1551,0.36,0.16,0.6,0.4,coarse amplitude grid,0,1551,0.131260592703673,-0.191057889031508,0.334231768401531,0.260304256188142,1.18994402599209,0.702725470442058,0.762995870195124,0.96094209764132,0.0324989559718653,0.0337711400939723,0.0311043320549882,0.0324581427069419,1,a=valid known-frequency integer-cycle FFT; b=valid known-frequency integer-cycle FFT; c=valid known-frequency integer-cycle FFT,3,1500,7.45409574574537,0.229485928899483,5.04041510524785,4.94976098281602,0.359657939887821,0.08721468257981,0.569343773478789,0.0713548254216923,valid,2904,6241.13475177305,0.297872340425532,0.702127659574468,0,0.83492213453566,0.000141786976144423,0.0006823,1335,0.111119221841727,0.0620154568358064,0.357914220735079,0.158884494480671,0,0,1,1,1,92.1600000000002,9.31764782946945,1,0.16507786546434,0.365925985451957,0,0,8.91346752524705e-16,5.61733354972272e-15,0,0,0,0,0,0,0,1,1,,,1.38195147230367,1,1,1,1,1,0.184397163120568
A_C07_023,coarse_scan,C07,negative_id_nominal_speed,reasonable_extension_range,"Exact negative-id value validated in frozen source",100,10,-4,48,1,1551,0.36,0.64,0.6,0.8,coarse amplitude grid,0,1551,0.141163049313373,-0.439050770994658,0.335035881021577,0.537276931421208,1.21422326063288,1.39345460148052,0.755638212050819,1.16608765468557,0.039196519556122,0.0392827384297454,0.0407748915984604,0.0397513831947759,1,a=valid known-frequency integer-cycle FFT; b=valid known-frequency integer-cycle FFT; c=valid known-frequency integer-cycle FFT,3,1500,7.28586668628891,0.232196565354487,4.91222749426459,4.82125790282199,0.70880809772718,0.148980896783514,0.584334078833109,0.144294639968277,valid,2490,5351.38620245003,0.38039974210187,0.61960025789813,0,0.833756991297923,0.000130074983881367,0.0011536,1270,0.111122857251934,0.276621979539509,0.35923793708059,0.639332212742376,0,0,1,1,1,184.32,1.11662872963668,1,0.166243008702077,0.56226276385888,0,0,9.17562680637579e-16,7.105427357601e-15,0,0,0,0,0,0,0,1,1,,,1.84825697700541,1,1,1,1,1,0.349451966473244
A_C07_024,coarse_scan,C07,negative_id_nominal_speed,reasonable_extension_range,"Exact negative-id value validated in frozen source",100,10,-4,48,1,1551,0.36,1,0.6,1,coarse amplitude grid,0,1551,0.140250996497332,-0.567582893215598,0.331032518772457,0.677870022017613,1.21794437306175,1.47853083324656,0.764261514357495,1.39169504667971,0.0456037394240388,0.0456279907054253,0.0436496383365665,0.0449604561553436,1,a=valid known-frequency integer-cycle FFT; b=valid known-frequency integer-cycle FFT; c=valid known-frequency integer-cycle FFT,3,1500,7.19229415071349,0.233074480324525,4.8462346567481,4.75610736643636,0.757556794594343,0.180871931788746,0.59305742078946,0.15631863668415,valid,2404,5166.5592091124,0.406189555125725,0.593810444874275,0,0.838249080934212,0.000131672018052869,0.0006351,1338,0.108237802802246,0.448044769476908,0.358680682325804,0.998280187288765,0,0,1,1,1,230.399999999999,-2.8903295543758,0.964700193423598,0.161750919065788,0.670482156987349,0,0,8.55646906560813e-16,8.88178419700125e-15,0,0,0,0,0,0,0,1,1,,,1.91557874302612,1,1,1,1,1,0.401031592520954
A_C07_025,coarse_scan,C07,negative_id_nominal_speed,reasonable_extension_range,"Exact negative-id value validated in frozen source",100,10,-4,48,1,1551,0.64,0,0.8,0,coarse amplitude grid,0,1551,0.0726847334614912,-0.000144815329577052,0.493384366466566,0.0762163285950514,1.59314445531398,0.213508072047256,0.942510186714877,0.96094209764132,0.0431145537794442,0.045362412713745,0.0449450879151342,0.0444740181361078,1,a=valid known-frequency integer-cycle FFT; b=valid known-frequency integer-cycle FFT; c=valid known-frequency integer-cycle FFT,3,1500,7.59499109547503,0.232517020440802,5.14269444112541,5.0497896610407,0.171922447283116,0.0358517787844156,0.574599135011664,0.0334304223693082,valid,4156,8931.87191059531,0.000644745325596389,0.984526112185687,0.014829142488717,0.830226373151496,0.000133035138620245,0.0007341,1545,0.247479921211291,1.64066839630506e-16,0.638329799533154,1.34900227635309e-14,0,0,1,1,1,0,12.5984954484631,1,0.169773626848504,0.463037114046449,0,0,9.59737102121347e-16,5.61733354972272e-15,0,0,0,0,0,0,0,1,1,,,1.60738761732415,1,1,1,0,0,0.410058027079304
A_C07_026,coarse_scan,C07,negative_id_nominal_speed,reasonable_extension_range,"Exact negative-id value validated in frozen source",100,10,-4,48,1,1551,0.64,0.0225,0.8,0.15,coarse amplitude grid,0,1551,0.0490960655226286,-0.0163340742389414,0.46894231385016,0.086412860691307,1.5841054986564,0.222891724221741,0.962308753992981,0.96094209764132,0.0426843004452237,0.044892111229914,0.0432376891130469,0.0436047002627282,1,a=valid known-frequency integer-cycle FFT; b=valid known-frequency integer-cycle FFT; c=valid known-frequency integer-cycle FFT,3,1500,7.57801464380332,0.230307846944157,5.13603096997889,5.04330880239855,0.177315595375755,0.0342846588930446,0.573651949406942,0.0345238563420275,valid,4184,8992.04814098431,0.000644745325596389,0.999355254674404,0,0.834450595081866,0.000130055705996131,0.0008639,1551,0.222334349382942,0.00163121887622271,0.631505381800577,0.0222424067329369,0,0,1,1,1,46.0800000000001,11.3162898876746,1,0.165549404918134,0.433466026458223,0,0,9.36708415195176e-16,5.32907051820075e-15,0,0,0,0,0,0,0,1,1,,,1.59970964602955,1,1,1,0,0,0.412637008381689
A_C07_027,coarse_scan,C07,negative_id_nominal_speed,reasonable_extension_range,"Exact negative-id value validated in frozen source",100,10,-4,48,1,1551,0.64,0.04,0.8,0.2,coarse amplitude grid,0,1551,0.0242695359168221,-0.0305603353042722,0.447293074746072,0.0985009375850535,1.59462957592321,0.246248037884996,0.960743035079886,0.96094209764132,0.0412142092445261,0.0399555799464692,0.0371116855736171,0.0394271582548708,1,a=valid known-frequency integer-cycle FFT; b=valid known-frequency integer-cycle FFT; c=valid known-frequency integer-cycle FFT,3,1500,7.5879296490171,0.233166096891985,5.13049857725031,5.03783337527304,0.207159025276733,0.0390313660378588,0.573865817191071,0.0403779519977491,valid,4178,8979.15323447238,0.000644745325596389,0.999355254674404,0,0.834808462522204,0.000145052288845906,0.0008969,1551,0.202220642272439,0.00385031344299772,0.639330975168552,0.0397696149914536,0,0,1,1,1,61.4399999999997,10.6449413824968,1,0.165191537477796,0.41041968364074,0,0,9.41870787423314e-16,5.32907051820075e-15,0,0,0,0,0,0,0,1,1,,,1.61353078079448,1,1,1,0,0,0.412637008381689
A_C07_028,coarse_scan,C07,negative_id_nominal_speed,reasonable_extension_range,"Exact negative-id value validated in frozen source",100,10,-4,48,1,1551,0.64,0.16,0.8,0.4,coarse amplitude grid,0,1551,0.153479978538084,-0.17358449791732,0.420144271333333,0.24421039709149,1.61802927591116,0.749415479336559,0.92867604999047,0.96094209764132,0.0399258958368423,0.040748338549572,0.0381257930456164,0.0396000091440102,1,a=valid known-frequency integer-cycle FFT; b=valid known-frequency integer-cycle FFT; c=valid known-frequency integer-cycle FFT,3,1500,7.45842326247104,0.229801742407269,5.04783462535766,4.95735643746979,0.380907233311075,0.087729585486117,0.56888372093651,0.0754595309833642,valid,2814,6047.71115409413,0.329464861379755,0.670535138620245,0,0.835835580470891,0.000136323210831721,0.001063,1432,0.175744604613096,0.0543851389606274,0.633524231081117,0.159676659445971,0,0,1,1,1,122.879999999999,8.36929971543364,1,0.16416441952911,0.445762825103312,0,0,8.79268348434493e-16,5.61733354972272e-15,0,0,0,0,0,0,0,1,1,,,1.78315515263671,1,1,1,1,1,0.247582205029014
A_C07_029,coarse_scan,C07,negative_id_nominal_speed,reasonable_extension_range,"Exact negative-id value validated in frozen source",100,10,-4,48,1,1551,0.64,0.64,0.8,0.8,coarse amplitude grid,0,1551,0.156564144386996,-0.428568702725993,0.405811606572762,0.518089856105564,1.59733934198803,1.59159517611502,0.93133003851233,1.17591198604057,0.0438010218354316,0.0442244303321061,0.0450188417023806,0.0443480979566394,1,a=valid known-frequency integer-cycle FFT; b=valid known-frequency integer-cycle FFT; c=valid known-frequency integer-cycle FFT,3,1500,7.28490370886862,0.231675519946968,4.9166089505488,4.82565245008544,0.808559188307782,0.141826728996139,0.581199970165716,0.164454646777944,valid,2154,4629.27143778208,0.470664087685364,0.529335912314636,0,0.836559971179319,0.00013925364281109,0.0008129,1300,0.164624789306365,0.257320306081736,0.639104622742959,0.637756165839503,0,0,1,1,1,245.759999999999,0.865635916779347,1,0.163440028820681,0.670115770052259,0,0,8.91348067441085e-16,6.46603649670442e-15,0,0,0,0,0,0,0,1,1,,,2.25492088067306,1,1,1,0,0,0.529980657640232
A_C07_030,coarse_scan,C07,negative_id_nominal_speed,reasonable_extension_range,"Exact negative-id value validated in frozen source",100,10,-4,48,1,1551,0.64,1,0.8,1,coarse amplitude grid,0,1551,0.185821367477226,-0.546015972893094,0.423431717460779,0.652117615846397,1.60290382042147,1.87174973425058,0.953782032837531,1.35145380597413,0.0386858407890414,0.0399694714531983,0.0391105252277682,0.0392552791566693,1,a=valid known-frequency integer-cycle FFT; b=valid known-frequency integer-cycle FFT; c=valid known-frequency integer-cycle FFT,3,1500,7.20124014599076,0.232190447975734,4.85425878301475,4.76378047464713,0.951742472450936,0.175483394021135,0.590107102524253,0.196063398140438,valid,2010,4319.79368149581,0.508059316569955,0.491940683430045,0,0.839600565264974,0.000123584977433914,0.0006607,1111,0.180705372026734,0.413786950883789,0.639094585137563,0.99752038151024,0,0,1,1,1,307.199999999998,-3.38075841782666,0.955512572533849,0.160399434735026,0.69849829811386,0,0,8.79433250893498e-16,1.12346670994454e-14,0,0,0,0,0,0,0,1,1,,,2.46429456948411,1,1,1,0,0,0.604771115409414
A_C07_031,coarse_scan,C07,negative_id_nominal_speed,reasonable_extension_range,"Exact negative-id value validated in frozen source",100,10,-4,48,1,1551,1,0,1,0,coarse amplitude grid,0,1551,0.147170627620303,-0.000144743399478915,0.627366655920423,0.0762687121320616,1.98741458631436,0.221844189660974,1.08828952859823,0.96094209764132,0.0549471677370133,0.0539850428277718,0.0537988364009169,0.0542436823219007,1,a=valid known-frequency integer-cycle FFT; b=valid known-frequency integer-cycle FFT; c=valid known-frequency integer-cycle FFT,3,1500,7.57341123967453,0.231952896337338,5.13733344268013,5.04472892747291,0.235679403011454,0.0446919147365874,0.573280301390091,0.045875823642956,valid,4050,8704.06189555126,0.000644745325596389,0.994842037395229,0.00451321727917473,0.827489950559143,0.000192685815602837,0.0009818,1551,0.397772857508342,7.71001647207547e-17,0.997389376649711,2.02246178410535e-14,0,0,1,1,1,0,9.43834393291806,1,0.172510049440857,0.539104460118024,0,0,1.0103210486111e-15,7.105427357601e-15,0,0,0,0,0,0,0,1,1,,,1.99975788093994,1,1,1,0,0,0.410058027079304
A_C07_032,coarse_scan,C07,negative_id_nominal_speed,reasonable_extension_range,"Exact negative-id value validated in frozen source",100,10,-4,48,1,1551,1,0.0225,1,0.15,coarse amplitude grid,0,1551,0.00383889682947041,-0.0150277245657086,0.572931025522896,0.0861597017214814,1.99893917952889,0.22773880467606,1.06702012214851,0.96094209764132,0.0534283587195321,0.0528093440005336,0.0542365015564097,0.0534914014254918,1,a=valid known-frequency integer-cycle FFT; b=valid known-frequency integer-cycle FFT; c=valid known-frequency integer-cycle FFT,3,1500,7.59710239811692,0.234858385919708,5.13996886374214,5.04700907964994,0.210533879372659,0.0431698636215761,0.575098180444434,0.0409601468323643,valid,4192,9009.24134966688,0.000644745325596389,0.999355254674404,0,0.830295935523302,0.000166159252095422,0.0007806,1551,0.332474142184139,0.0015067219077299,0.999502290026316,0.0224927566205058,0,0,1,1,1,57.5999999999998,8.36776596495199,1,0.169704064476698,0.518549082210637,0,0,9.58336677770086e-16,6.21724893790088e-15,0,0,0,0,0,0,0,1,1,,,2.01187047461086,1,1,1,0,0,0.412637008381689
A_C07_033,coarse_scan,C07,negative_id_nominal_speed,reasonable_extension_range,"Exact negative-id value validated in frozen source",100,10,-4,48,1,1551,1,0.04,1,0.2,coarse amplitude grid,0,1551,0.0191738054743375,-0.0221341838082589,0.508659130167031,0.0952842527459023,1.99952109095874,0.227534028501868,1.09780224191092,0.96094209764132,0.0469638475367137,0.0474362570786238,0.0478997253406634,0.0474332766520003,1,a=valid known-frequency integer-cycle FFT; b=valid known-frequency integer-cycle FFT; c=valid known-frequency integer-cycle FFT,3,1500,7.58712753880826,0.233187152638961,5.13522142882737,5.04227481718463,0.229777206096029,0.0442149622847754,0.575158677490964,0.0447453355771843,valid,4258,9151.08532129809,0.000644745325596389,0.999355254674404,0,0.832265803079909,0.000140928884590587,0.0007884,1551,0.259996477209808,0.00306788428700043,0.999727991574904,0.039935656560621,0,0,1,1,1,76.7999999999995,7.83904425222678,1,0.167734196920091,0.503525837063748,0,0,9.4447469052563e-16,7.105427357601e-15,0,0,0,0,0,0,0,1,1,,,2.01242548366769,1,1,1,0,0,0.412637008381689
A_C07_034,coarse_scan,C07,negative_id_nominal_speed,reasonable_extension_range,"Exact negative-id value validated in frozen source",100,10,-4,48,1,1551,1,0.16,1,0.4,coarse amplitude grid,0,1551,0.186253045349048,-0.168653305540254,0.524610709262931,0.243472183886883,1.97660134894247,0.725679571391991,0.989526816415808,0.96094209764132,0.0502462206191991,0.0483650665404244,0.0479420861282888,0.0488511244293041,1,a=valid known-frequency integer-cycle FFT; b=valid known-frequency integer-cycle FFT; c=valid known-frequency integer-cycle FFT,3,1500,7.44841625032596,0.233219560084536,5.04807372955056,4.957751407296,0.366513120744025,0.09389406690253,0.569186712616203,0.0726045498500784,valid,2684,5768.32151300236,0.36428110896196,0.63571889103804,0,0.836507364166529,0.000136531785944552,0.0007628,1369,0.281130508751206,0.0540288704709767,0.987332950247932,0.159288549374933,0,0,1,1,1,153.599999999999,5.49123466454883,1,0.163492635833471,0.495403089261032,0,0,8.99912716371142e-16,6.40474566797875e-15,0,0,0,0,0,0,0,1,1,,,2.10560293810986,1,1,1,0,1,0.317214700193424
A_C07_035,coarse_scan,C07,negative_id_nominal_speed,reasonable_extension_range,"Exact negative-id value validated in frozen source",100,10,-4,48,1,1551,1,0.64,1,0.8,coarse amplitude grid,0,1551,0.193447929962962,-0.402489678988643,0.515320567827786,0.498623539418697,1.98586431372026,1.59989367869539,1.15997699347623,1.17558631192039,0.042207396160756,0.0401848572604541,0.0395099056861256,0.0406340530357785,1,a=valid known-frequency integer-cycle FFT; b=valid known-frequency integer-cycle FFT; c=valid known-frequency integer-cycle FFT,3,1500,7.29574800563628,0.235884800826033,4.92745789640227,4.83656486316703,0.806642806717269,0.145568144706118,0.581385807764163,0.163703642664553,valid,1996,4289.70556630131,0.511927788523533,0.488072211476467,0,0.836686072112403,0.000129269116698904,0.0009053,1207,0.268669605303582,0.237772419898414,0.999643327609939,0.639313775510376,0,0,1,1,1,307.199999999998,-1.32854149845658,0.995647969052224,0.163313927887597,0.676179385861372,0,0,8.83842538055322e-16,7.94410929039127e-15,0,0,0,0,0,0,0,1,1,,,2.55016016274216,1,1,1,0,0,0.61250805931657
A_C07_036,coarse_scan,C07,negative_id_nominal_speed,reasonable_extension_range,"Exact negative-id value validated in frozen source",100,10,-4,48,1,1551,1,1,1,1,coarse amplitude grid,0,1551,0.214934078646753,-0.521220970918551,0.509324037277236,0.627647768966788,2.01310934415258,1.79595860766422,1.16661088581207,1.39606378833133,0.0535983023428716,0.0531460308420141,0.0516369010702859,0.0527937447517238,1,a=valid known-frequency integer-cycle FFT; b=valid known-frequency integer-cycle FFT; c=valid known-frequency integer-cycle FFT,3,1500,7.20968756620242,0.233738418504665,4.86502227950365,4.77497633875759,0.911090253878526,0.173431577376935,0.588014146115789,0.187273603600327,valid,1848,3971.63120567376,0.551901998710509,0.448098001289491,0,0.83987808984143,0.000124969374597034,0.0006237,1104,0.263708554335441,0.381868261849336,0.997551543002839,0.999552297226471,0,0,1,1,1,384,-5.01575992671686,0.94100580270793,0.16012191015857,0.71945394483106,0,0,9.00045483154865e-16,1.06581410364015e-14,0,0,0,0,0,0,0,1,1,,,2.69779105046288,1,1,1,1,1,0.692456479690522
A_C08_001,coarse_scan,C08,negative_id_mid_speed,reasonable_extension_range,"Validated id combined with bounded speed extension",200,10,-4,48,1,801,0.01,0,0.1,0,coarse amplitude grid,0,801,-2.24925269378679e-05,-0.000267102762212727,0.0496717483207317,0.11535234786084,0.195904169919824,0.201749257755921,0.23868325611584,1.52153200523258,0.00209224428079672,0.00173744713852633,0.00178811221548612,0.00187260121160306,1,a=valid known-frequency integer-cycle FFT; b=valid known-frequency integer-cycle FFT; c=valid known-frequency integer-cycle FFT,3,750,7.61541351148936,0.439378403678236,5.14786433714782,4.96716568321519,0.117403887105309,0.00430190137994889,0.793296358738762,0.022806328880523,valid,3094,12875.5722014149,0.00124843945068664,0.127340823970037,0.871410736579276,0.729785581052405,0.000105224094881398,0.0006088,192,0.00038063475586356,6.77313413894207e-13,0.00930512438344126,1.7336587463986e-12,0,0.300873907615481,1,0.699126092384519,0.699126092384519,0,5.05712141811007,1,0.270214418947595,0.815704243077955,0,0,4.02096426254789e-16,3.23301824835221e-15,0,0,0,0,0,0,0,1,1,,,0.281213809755212,1,1,1,1,1,1.63046192259675
A_C08_002,coarse_scan,C08,negative_id_mid_speed,reasonable_extension_range,"Validated id combined with bounded speed extension",200,10,-4,48,1,801,0.01,0.0225,0.1,0.15,coarse amplitude grid,0,801,-0.0050872886986068,-0.0110686101343235,0.0538553361014555,0.126807722837919,0.206782632066993,0.340853534743072,0.289084180973535,1.52153200523258,0.00524519347735677,0.00536627888222462,0.00497805118124926,0.00519650784694355,1,a=valid known-frequency integer-cycle FFT; b=valid known-frequency integer-cycle FFT; c=valid known-frequency integer-cycle FFT,3,750,7.60880192893959,0.439261844381351,5.14265774120015,4.96201453209894,0.176189514260097,0.022443981416924,0.793414817886759,0.0342604005801442,valid,2984,12417.8110694965,0.00124843945068664,0.263420724094881,0.735330836454432,0.730216816227441,0.000123585268414482,0.0007073,370,0.000944942819631623,0.0023814693943639,0.00931667645012765,0.0216458133882681,0,0,1,1,1,5.75999999999999,3.26067330693918,1,0.269783183772559,0.815704243077955,0,0,5.39924009626264e-16,3.97205464519564e-15,0,0,0,0,0,0,0,1,1,,,0.39867303529509,1,1,1,1,1,1.35830212234707
A_C08_003,coarse_scan,C08,negative_id_mid_speed,reasonable_extension_range,"Validated id combined with bounded speed extension",200,10,-4,48,1,801,0.01,0.04,0.1,0.2,coarse amplitude grid,0,801,-0.00469177740425979,-0.0199879125078081,0.0544127842246966,0.141456536053187,0.294616963646248,0.384264454810232,0.286523343635013,1.52153200523258,0.00773714086656052,0.00739968916781067,0.00744363300203872,0.00752682101213664,1,a=valid known-frequency integer-cycle FFT; b=valid known-frequency integer-cycle FFT; c=valid known-frequency integer-cycle FFT,3,750,7.60261407037176,0.43930466207292,5.13803119093374,4.95731519090623,0.183098557804069,0.0357813332592307,0.793424372569389,0.0356359373853459,valid,2942,12243.0295464003,0.00124843945068664,0.318352059925094,0.68039950062422,0.730379666821931,0.00010981847690387,0.0006119,372,0.00101844415107882,0.00589457238361932,0.00990032475909804,0.0398558478088721,0,0,1,1,1,7.68000000000001,2.66185726988222,1,0.269620333178069,0.815704243077955,0,0,6.1285703397743e-16,3.97205464519564e-15,0,0,0,0,0,0,0,1,1,,,0.484208969866048,1,1,1,1,1,1.24843945068664
A_C08_004,coarse_scan,C08,negative_id_mid_speed,reasonable_extension_range,"Validated id combined with bounded speed extension",200,10,-4,48,1,801,0.01,0.16,0.1,0.4,coarse amplitude grid,0,801,-0.00550989488947369,-0.105261168502313,0.0550727736299761,0.252518218554425,0.31478948511281,0.789477891608666,0.261275616111758,1.52153200523258,0.0184822616363891,0.0182974281627696,0.0186979125858093,0.0184925341283227,1,a=valid known-frequency integer-cycle FFT; b=valid known-frequency integer-cycle FFT; c=valid known-frequency integer-cycle FFT,3,750,7.54653943539049,0.439772992409911,5.09417100039961,4.91473226820654,0.394009407229817,0.097632706029145,0.794276656241934,0.0773451474634261,valid,2688,11186.0174781523,0.00124843945068664,0.631710362047441,0.367041198501873,0.730667409798474,0.000147004744069913,0.0006675,648,0.000979523637819177,0.0482908538555648,0.00978171878306485,0.159700372053812,0,0,1,1,1,15.36,0.266593121654363,1,0.269332590201526,0.815704243077955,0,0,8.5634832769556e-16,6.40474566797875e-15,0,0,0,0,0,0,0,1,1,,,0.849922208955886,1,1,1,1,1,0.621722846441947
A_C08_005,coarse_scan,C08,negative_id_mid_speed,reasonable_extension_range,"Validated id combined with bounded speed extension",200,10,-4,48,1,801,0.01,0.64,0.1,0.8,coarse amplitude grid,0,801,-0.0067019320104513,-0.324430316985683,0.0565642794735462,0.52386382848315,0.251134047285932,1.5852044385703,0.257888728916167,1.52153200523258,0.0351079188937199,0.0356492183324462,0.0363947318995158,0.0357172897085606,1,a=valid known-frequency integer-cycle FFT; b=valid known-frequency integer-cycle FFT; c=valid known-frequency integer-cycle FFT,3,750,7.38707772304772,0.443443343260208,4.98140317570796,4.80113221184889,0.805046972417176,0.19294433022879,0.809313938941887,0.161610482834039,valid,2286,9513.10861423221,0.00249687890137328,0.762796504369538,0.234706616729089,0.714225177594916,0.000136415730337079,0.0005254,718,0.000711200485911868,0.248001515681638,0.00994822683021158,0.639454668825825,0,0,1,1,1,30.72,-4.52393517480133,0.996878901373283,0.285774822405085,0.815704243077955,0,0,1.01412951138321e-15,7.32410687763558e-15,0,0,0,0,0,0,0,1,1,,,1.60497396295678,1,1,1,0,0,0.359550561797753
A_C08_006,coarse_scan,C08,negative_id_mid_speed,reasonable_extension_range,"Validated id combined with bounded speed extension",200,10,-4,48,1,801,0.01,1,0.1,1,coarse amplitude grid,0,801,-0.00424791388933013,-0.361003546980671,0.0565121218754555,0.619044215082757,0.259992557491527,1.97676900942992,0.312603029458224,1.52153200523258,0.0453496450742587,0.0436867917948083,0.0446542712837576,0.0445635693842749,1,a=valid known-frequency integer-cycle FFT; b=valid known-frequency integer-cycle FFT; c=valid known-frequency integer-cycle FFT,3,750,7.3726402963048,0.445696831619604,4.96239126665542,4.77939752526249,1.00704422108448,0.237970399946261,0.830732377141362,0.202935271922484,valid,2280,9488.13982521848,0.00499375780274657,0.806491885143571,0.188514357053683,0.715941944058782,0.000148297627965044,0.0006591,733,0.000511828068926996,0.346474153267308,0.00977856494482994,0.998729831822153,0,0,1,1,1,38.3999999999999,-6.91919932302919,0.887328339575531,0.284058055941219,0.887940328286813,0,0,1.06096891146057e-15,9.56597433645091e-15,0,0,0,0,0,0,0,1,1,,,1.99379333096325,1,1,1,0,0,0.272159800249687
A_C08_007,coarse_scan,C08,negative_id_mid_speed,reasonable_extension_range,"Validated id combined with bounded speed extension",200,10,-4,48,1,801,0.04,0,0.2,0,coarse amplitude grid,0,801,-0.00323722042404406,-0.000277485595554441,0.0750431445968741,0.115348609859194,0.458205879802672,0.208528489775064,0.335376904847766,1.52153200523258,0.00568291756584739,0.00564213554376809,0.00566319616425962,0.00566274975795837,1,a=valid known-frequency integer-cycle FFT; b=valid known-frequency integer-cycle FFT; c=valid known-frequency integer-cycle FFT,3,750,7.61411927413188,0.439294128413513,5.14809088979995,4.96741680762171,0.13889492132273,0.00646885820542078,0.793335505103953,0.0269798891076158,valid,2990,12442.7798585102,0.00124843945068664,0.258426966292135,0.740324594257179,0.730217074969447,0.000126486891385768,0.0008409,379,0.00381287654995381,6.63949332388484e-13,0.0399592174227041,2.92717883243805e-12,0,0.289637952559301,1,0.710362047440699,0.710362047440699,0,5.00688900248662,1,0.269782925030553,0.815704243077955,0,0,5.58608523243414e-16,3.66205343881779e-15,0,0,0,0,0,0,0,1,1,,,0.503425028513293,1,1,1,0,1,1.36828963795256
A_C08_008,coarse_scan,C08,negative_id_mid_speed,reasonable_extension_range,"Validated id combined with bounded speed extension",200,10,-4,48,1,801,0.04,0.0225,0.2,0.15,coarse amplitude grid,0,801,-0.0204717845359988,-0.0128325999672249,0.0938698758062973,0.13035093694235,0.402660829525004,0.340708602923417,0.35598050417836,1.52153200523258,0.0094865969230248,0.00934456397907902,0.00887149474927704,0.00923421855046029,1,a=valid known-frequency integer-cycle FFT; b=valid known-frequency integer-cycle FFT; c=valid known-frequency integer-cycle FFT,3,750,7.61118972338216,0.438952135870806,5.14283767940216,4.96189564528458,0.171851769782287,0.0205433531974477,0.79414762082212,0.0334157483660391,valid,2882,11993.341656263,0.00124843945068664,0.392009987515606,0.606741573033708,0.730922716966646,0.000128791885143571,0.0005369,480,0.00767502640677641,0.00269315760008937,0.03977670732807,0.0223850174514564,0,0,1,1,1,11.52,3.21044089131573,1,0.269077283033354,0.815704243077955,0,0,6.92132770388005e-16,4.44089209850063e-15,0,0,0,0,0,0,0,1,1,,,0.527463833584627,1,1,1,1,1,1.10112359550562
A_C08_009,coarse_scan,C08,negative_id_mid_speed,reasonable_extension_range,"Validated id combined with bounded speed extension",200,10,-4,48,1,801,0.04,0.04,0.2,0.2,coarse amplitude grid,0,801,-0.0253155438961835,-0.0272672217193377,0.0933981242637397,0.141379352078609,0.473896735646381,0.38764607088212,0.355869643349622,1.52153200523258,0.0100146830351432,0.0100811237386898,0.00973027880513049,0.00994202852632117,1,a=valid known-frequency integer-cycle FFT; b=valid known-frequency integer-cycle FFT; c=valid known-frequency integer-cycle FFT,3,750,7.6026441386946,0.438988232058348,5.13574107592042,4.95511054163879,0.170978599760881,0.0306182114679261,0.793543846521228,0.0332919041737785,valid,2856,11885.1435705368,0.00124843945068664,0.424469413233458,0.574282147315855,0.731081818736285,0.000120544069912609,0.000542,494,0.00730356362131696,0.00573244122580266,0.0390065160583147,0.0393527613807651,0,0,1,1,1,15.36,2.61162485425877,1,0.268918181263716,0.815704243077955,0,0,7.10584557440444e-16,4.44089209850063e-15,0,0,0,0,0,0,0,1,1,,,0.612247982705245,1,1,1,1,1,1.03620474406991
A_C08_010,coarse_scan,C08,negative_id_mid_speed,reasonable_extension_range,"Validated id combined with bounded speed extension",200,10,-4,48,1,801,0.04,0.16,0.2,0.4,coarse amplitude grid,0,801,-0.0119023954098133,-0.125480344529095,0.0886252172577656,0.256180828210556,0.412975525929392,0.777251644694831,0.373168895915815,1.52153200523258,0.0195066694254445,0.0188611811327387,0.0187548800089159,0.019040910189033,1,a=valid known-frequency integer-cycle FFT; b=valid known-frequency integer-cycle FFT; c=valid known-frequency integer-cycle FFT,3,750,7.53370644146381,0.439687805574507,5.08416163085882,4.90501773220614,0.375999084041589,0.0903364506915521,0.791691331005491,0.0739549824221609,valid,2600,10819.8085726176,0.00124843945068664,0.746566791510612,0.252184769038702,0.731323351261966,0.000125283645443196,0.0006458,670,0.0060385389359404,0.0499114842101657,0.0389314596887649,0.154922221501178,0,0,1,1,1,30.72,0.216360706030915,1,0.268676648738034,0.815704243077955,0,0,9.852430071209e-16,6.21724893790088e-15,0,0,0,0,0,0,0,1,1,,,0.880152773214672,1,1,1,1,1,0.392009987515605
A_C08_011,coarse_scan,C08,negative_id_mid_speed,reasonable_extension_range,"Validated id combined with bounded speed extension",200,10,-4,48,1,801,0.04,0.64,0.2,0.8,coarse amplitude grid,0,801,-0.00979120802232289,-0.271581543360696,0.0823534077236356,0.506180898655289,0.407374770845331,1.54825200262843,0.38807891699378,1.52153200523258,0.0364966126066279,0.0364317411868535,0.0369421810311106,0.0366235116081973,1,a=valid known-frequency integer-cycle FFT; b=valid known-frequency integer-cycle FFT; c=valid known-frequency integer-cycle FFT,3,750,7.4361334942675,0.444175472380007,5.00876169384405,4.82391549965056,0.772734526547634,0.191787592598229,0.825473279954515,0.154276560511424,valid,2282,9496.46275488972,0.00624219725343321,0.786516853932584,0.207240948813983,0.715005381624843,0.000129070037453184,0.0006964,704,0.00339616836555939,0.216876187227906,0.0393045766865025,0.636869366236092,0,0,1,1,1,61.4400000000001,-4.57416759042479,0.993133583021223,0.284994618375157,0.815704243077955,0,0,1.0800706015844e-15,8.88178419700125e-15,0,0,0,0,0,0,0,1,1,,,1.60094923953392,1,1,1,0,0,0.312109862671661
A_C08_012,coarse_scan,C08,negative_id_mid_speed,reasonable_extension_range,"Validated id combined with bounded speed extension",200,10,-4,48,1,801,0.04,1,0.2,1,coarse amplitude grid,0,801,-0.0133553735084066,-0.311137634652787,0.0857658098438814,0.612218474695267,0.456482694902943,1.97756334166542,0.414337804736305,1.52153200523258,0.0371593922203187,0.0438089722825542,0.0381864814326339,0.0397182819785023,1,a=valid known-frequency integer-cycle FFT; b=valid known-frequency integer-cycle FFT; c=valid known-frequency integer-cycle FFT,3,750,7.38068494600192,0.443940278317173,4.98858645383486,4.805082665211,0.994996050765865,0.250754092821231,0.835677089823997,0.199454506797409,valid,2278,9479.81689554723,0.00873907615480649,0.822721598002497,0.168539325842697,0.717300423893766,0.000132598127340824,0.0005069,723,0.00393345179907949,0.342222183689033,0.0392579577438439,0.995658643719393,0,0,1,1,1,76.7999999999997,-6.96943173865264,0.872659176029963,0.282699576106234,0.815704243077955,0,0,1.13536073015261e-15,7.105427357601e-15,0,0,0,0,0,0,0,1,1,,,2.02956478611666,1,1,1,0,0,0.239700374531835
A_C08_013,coarse_scan,C08,negative_id_mid_speed,reasonable_extension_range,"Validated id combined with bounded speed extension",200,10,-4,48,1,801,0.16,0,0.4,0,coarse amplitude grid,0,801,0.00748398400510781,-0.000293326228532365,0.175902331037151,0.115331080239346,0.774001654694774,0.214938209860858,0.560554435025787,1.52153200523258,0.0158880197957194,0.0161919706870369,0.0162895703898184,0.0161231869575249,1,a=valid known-frequency integer-cycle FFT; b=valid known-frequency integer-cycle FFT; c=valid known-frequency integer-cycle FFT,3,750,7.60842080181205,0.439279619788464,5.14731076107568,4.96684934004803,0.135589377817762,0.0134054248733361,0.79320947318418,0.0263417897444815,valid,2778,11560.5493133583,0.00124843945068664,0.518102372034956,0.480649188514357,0.73109151605262,0.000133512609238452,0.0006042,595,0.0303000987273777,6.39697198902662e-13,0.151783062176642,5.38888924369335e-12,0,0.225967540574282,1,0.774032459425718,0.774032459425718,0,4.90642417123972,1,0.26890848394738,0.815704243077955,0,0,8.45165598915544e-16,4.44089209850063e-15,0,0,0,0,0,0,0,1,1,,,0.803291351583246,1,1,1,1,1,0.848938826466916
A_C08_014,coarse_scan,C08,negative_id_mid_speed,reasonable_extension_range,"Validated id combined with bounded speed extension",200,10,-4,48,1,801,0.16,0.0225,0.4,0.15,coarse amplitude grid,0,801,0.00205143558973455,-0.0181860264802362,0.229381833878116,0.129555721055088,0.796472999448146,0.335513722646606,0.576435830355081,1.52153200523258,0.0204481301613742,0.021345686122722,0.0225198548354363,0.0214378903731775,1,a=valid known-frequency integer-cycle FFT; b=valid known-frequency integer-cycle FFT; c=valid known-frequency integer-cycle FFT,3,750,7.59650657090031,0.439220122314344,5.13845145973666,4.95808843245355,0.155041139870257,0.0236865940990934,0.792679636979336,0.0301727361025228,valid,2622,10911.3607990012,0.00124843945068664,0.711610486891386,0.287141073657928,0.730885013538342,0.000160707865168539,0.0006835,715,0.0535814782471974,0.00299614613936505,0.158440397166021,0.0219095248728169,0,0,1,1,1,23.04,3.10997606006883,1,0.269114986461658,0.815704243077955,0,0,1.05566915744453e-15,5.32907051820075e-15,0,0,0,0,0,0,0,1,1,,,0.864256152384297,1,1,1,1,1,0.461922596754057
A_C08_015,coarse_scan,C08,negative_id_mid_speed,reasonable_extension_range,"Validated id combined with bounded speed extension",200,10,-4,48,1,801,0.16,0.04,0.4,0.2,coarse amplitude grid,0,801,-0.0336535088239403,-0.0452164907865446,0.247853347210472,0.148567824188184,0.798642077717703,0.387972073763102,0.558644290962305,1.52153200523258,0.0220646139668263,0.0207037158080938,0.0236289485552008,0.0221324261100403,1,a=valid known-frequency integer-cycle FFT; b=valid known-frequency integer-cycle FFT; c=valid known-frequency integer-cycle FFT,3,750,7.58975895926764,0.438529657543544,5.12706658434317,4.94703977102503,0.193025630480067,0.033205669923036,0.791588263472588,0.0376483564831244,valid,2534,10545.1518934665,0.00124843945068664,0.826466916354557,0.172284644194757,0.731559444938588,0.000125010986267166,0.000839,688,0.0630160216556842,0.00782790509387014,0.159619119872881,0.0399376251498594,0,0,1,1,1,30.72,2.51116002301187,1,0.268440555061412,0.815704243077955,0,0,1.20593026416226e-15,5.32907051820075e-15,0,0,0,0,0,0,0,1,1,,,0.887891602799177,1,1,1,1,1,0.232209737827715
A_C08_016,coarse_scan,C08,negative_id_mid_speed,reasonable_extension_range,"Validated id combined with bounded speed extension",200,10,-4,48,1,801,0.16,0.16,0.4,0.4,coarse amplitude grid,1,801,-0.0381754600276488,-0.163329664258651,0.232863197836999,0.268733284825002,0.797514006873391,0.703473404312346,0.548494615051343,1.52153200523258,0.0259364379637656,0.0265070064152692,0.026876345780533,0.0264399300531893,1,a=valid known-frequency integer-cycle FFT; b=valid known-frequency integer-cycle FFT; c=valid known-frequency integer-cycle FFT,3,750,7.51642230503202,0.438816230726876,5.06651834476605,4.88681652075442,0.362356298745719,0.0781094546461183,0.789844995643783,0.0715197842163248,valid,2428,10104.0366208906,0.00124843945068664,0.942571785268414,0.0561797752808989,0.732509912721239,0.000129235205992509,0.0004899,784,0.0550491869317965,0.0531013232751183,0.159918051627913,0.159807480210952,0,0,1,1,1,61.4400000000001,0.115895874784012,1,0.26749008727876,0.815704243077955,0,0,1.28791006563551e-15,5.61733354972272e-15,0,0,0,0,0,0,0,1,1,,,1.06343943021408,1,1,1,1,1,0
A_C08_017,coarse_scan,C08,negative_id_mid_speed,reasonable_extension_range,"Validated id combined with bounded speed extension",200,10,-4,48,1,801,0.16,0.64,0.4,0.8,coarse amplitude grid,0,801,0.0140559476815813,-0.383882603713124,0.235571158855243,0.555660478754651,0.826044025369169,1.5802123924818,0.561967162634676,1.52153200523258,0.0401645872150522,0.03814029792081,0.0421827587066245,0.0401625479474956,1,a=valid known-frequency integer-cycle FFT; b=valid known-frequency integer-cycle FFT; c=valid known-frequency integer-cycle FFT,3,750,7.34916904169681,0.442777842942987,4.94919859404063,4.76861027803672,0.809583205559091,0.179974313553986,0.811666582347594,0.163578646153726,valid,2224,9255.09779442364,0.0624219725343321,0.885143570536829,0.052434456928839,0.726315697736544,0.00013908102372035,0.0005467,789,0.0544078153784803,0.276856062581557,0.158534181279526,0.636297419014953,0,0,1,1,1,122.88,-4.67463242167169,0.995318352059925,0.273684302263456,0.815704243077955,0,0,1.33367017690962e-15,8.88178419700125e-15,0,0,0,0,0,0,0,1,1,,,1.78309280106257,1,1,1,0,0,0.12234706616729
A_C08_018,coarse_scan,C08,negative_id_mid_speed,reasonable_extension_range,"Validated id combined with bounded speed extension",200,10,-4,48,1,801,0.16,1,0.4,1,coarse amplitude grid,0,801,0.0184872702436449,-0.487754259094805,0.237559885248555,0.685110245869642,0.827520825348853,1.68791220523923,0.592008617716976,1.52153200523258,0.0470419395526096,0.0459842177998485,0.0463556423125476,0.0464605998883353,1,a=valid known-frequency integer-cycle FFT; b=valid known-frequency integer-cycle FFT; c=valid known-frequency integer-cycle FFT,3,750,7.28497659344057,0.445189717582649,4.89537521311186,4.71553402883739,0.863918397208511,0.223068750499051,0.816902564806775,0.176476441457353,valid,2178,9063.67041198502,0.0749063670411985,0.890137328339575,0.034956304619226,0.726028944049306,0.000138269038701623,0.0005913,782,0.0552115422697786,0.436712728787147,0.159894828113885,0.997870120281575,0,0,1,1,1,153.599999999999,-7.06989656989954,0.806491885143571,0.273971055950694,0.815704243077955,0,0,1.39574163608868e-15,1.12346670994454e-14,0,0,0,0,0,0,0,1,1,,,1.87985061347481,1,1,1,0,0,0.147315855181024
A_C08_019,coarse_scan,C08,negative_id_mid_speed,reasonable_extension_range,"Validated id combined with bounded speed extension",200,10,-4,48,1,801,0.36,0,0.6,0,coarse amplitude grid,0,801,0.0700863275254147,-0.000273290982867984,0.309048451847412,0.115518727527327,1.18360693477231,0.219087070795126,0.737164541828262,1.52153200523258,0.0287668969314176,0.0271840193270799,0.0272145692511077,0.0277218285032017,1,a=valid known-frequency integer-cycle FFT; b=valid known-frequency integer-cycle FFT; c=valid known-frequency integer-cycle FFT,3,750,7.59193947727966,0.439404484777499,5.14281544942221,4.96259645469083,0.170127246601915,0.0227562186540089,0.792163122473711,0.0330805661364007,valid,2484,10337.0786516854,0.00124843945068664,0.868913857677903,0.129837702871411,0.730848039341635,0.000200241323345818,0.0028035,785,0.095867574616957,3.69088612416547e-13,0.35417546458641,9.33337797455422e-12,0,0.0998751560549313,1,0.900124843945069,0.900124843945069,0,4.80595933999281,1,0.269151960658366,0.815704243077955,0,0,1.25756529916283e-15,5.32907051820075e-15,0,0,0,0,0,0,0,1,1,,,1.20371280654095,1,1,1,0,1,0.147315855181023
A_C08_020,coarse_scan,C08,negative_id_mid_speed,reasonable_extension_range,"Validated id combined with bounded speed extension",200,10,-4,48,1,801,0.36,0.0225,0.6,0.15,coarse amplitude grid,0,801,0.0200411628118921,-0.0134973269040253,0.338754358487419,0.12543557657695,1.19571450520992,0.347820183323579,0.755733711859997,1.52153200523258,0.0322888320985626,0.0299702911575259,0.0309149383369755,0.0310580205310213,1,a=valid known-frequency integer-cycle FFT; b=valid known-frequency integer-cycle FFT; c=valid known-frequency integer-cycle FFT,3,750,7.59336053229053,0.442625722853216,5.13956858058399,4.95886645156672,0.168639720965303,0.0242011164593115,0.793303045079846,0.0328120382715355,valid,2400,9987.51560549313,0.00124843945068664,0.941323345817728,0.0574282147315855,0.730782184554794,0.00021075418227216,0.0010465,799,0.112642409673279,0.00177292301667702,0.359729539875105,0.0223509185249232,0,0,1,1,1,34.5600000000001,3.00951122882192,1,0.269217815445206,0.815704243077955,0,0,1.35813260702975e-15,6.21724893790088e-15,0,0,0,0,0,0,0,1,1,,,1.24527589629634,1,1,1,0,1,0.00249687890137257
A_C08_021,coarse_scan,C08,negative_id_mid_speed,reasonable_extension_range,"Validated id combined with bounded speed extension",200,10,-4,48,1,801,0.36,0.04,0.6,0.2,coarse amplitude grid,0,801,0.00312238341078985,-0.0274353547735741,0.356213113396049,0.139206606250045,1.22643936442483,0.378584801579017,0.774048366359587,1.52153200523258,0.032956784826667,0.0333409679561862,0.0332901934337614,0.0331959820722049,1,a=valid known-frequency integer-cycle FFT; b=valid known-frequency integer-cycle FFT; c=valid known-frequency integer-cycle FFT,3,750,7.58481150187889,0.441075701407905,5.13356063806026,4.95275129655343,0.192520684249748,0.0282692616170296,0.79319866366712,0.037502368789101,valid,2362,9829.37994173949,0.00124843945068664,0.968789013732834,0.0299625468164794,0.729247530696197,0.000170934082397004,0.0007606,799,0.124667917420521,0.00491328704615918,0.359476304199299,0.0398043234337427,0,0,1,1,1,46.0799999999999,2.41069519176497,1,0.270752469303803,0.815704243077955,0,0,1.36399148818902e-15,6.40474566797875e-15,0,0,0,0,0,0,0,1,1,,,1.28354196136994,1,1,1,0,1,0.0524344569288395
A_C08_022,coarse_scan,C08,negative_id_mid_speed,reasonable_extension_range,"Validated id combined with bounded speed extension",200,10,-4,48,1,801,0.36,0.16,0.6,0.4,coarse amplitude grid,0,801,0.0733213139233132,-0.0948556520986446,0.327373428235106,0.21949747223286,1.19657691724984,0.753497890964766,0.767345365710558,1.52153200523258,0.0292348302231825,0.0293226907561782,0.0312611851625082,0.0299395687139563,1,a=valid known-frequency integer-cycle FFT; b=valid known-frequency integer-cycle FFT; c=valid known-frequency integer-cycle FFT,3,750,7.53046143389335,0.441592965420098,5.09378182728748,4.91379158173482,0.384711228653082,0.0697432894476072,0.792651534837329,0.0755256588714061,valid,2262,9413.23345817728,0.00124843945068664,0.997503121098627,0.00124843945068664,0.728100744369616,0.000170111985018727,0.0008921,801,0.104409559541814,0.0320522213822949,0.356273889654929,0.158294798997216,0,0,1,1,1,92.1599999999999,0.0154310435371094,1,0.271899255630384,0.815704243077955,0,0,1.46699711132788e-15,6.46603649670442e-15,0,0,0,0,0,0,0,1,1,,,1.41405636046923,1,1,1,1,1,0.109862671660425
A_C08_023,coarse_scan,C08,negative_id_mid_speed,reasonable_extension_range,"Validated id combined with bounded speed extension",200,10,-4,48,1,801,0.36,0.64,0.6,0.8,coarse amplitude grid,0,801,0.0814955127099241,-0.379355680526986,0.348342273009208,0.524719258877142,1.22474493303621,1.28745434224749,0.756879491730514,1.52153200523258,0.0426711725138777,0.0434392272449141,0.0449721321778324,0.043694177312208,1,a=valid known-frequency integer-cycle FFT; b=valid known-frequency integer-cycle FFT; c=valid known-frequency integer-cycle FFT,3,750,7.3333791232029,0.44448401037472,4.94693137519396,4.76557100087154,0.652069509677573,0.155491607411734,0.805868589881717,0.131812928100707,valid,1820,7573.86600083229,0.181023720349563,0.812734082397004,0.00624219725343321,0.726884335024537,0.000212474406991261,0.0010586,798,0.116595354774125,0.238170148257823,0.356458839908311,0.63331569694897,0,0,1,1,1,184.32,-4.77509725291859,0.992821473158552,0.273115664975463,0.815704243077955,0,0,1.44698229377741e-15,8.88178419700125e-15,0,0,0,0,0,0,0,1,1,,,1.77694649170136,1,1,1,1,1,0.359550561797752
A_C08_024,coarse_scan,C08,negative_id_mid_speed,reasonable_extension_range,"Validated id combined with bounded speed extension",200,10,-4,48,1,801,0.36,1,0.6,1,coarse amplitude grid,0,801,0.0683757838498421,-0.547988806119931,0.333460410637115,0.681063022370601,1.2191133878212,1.75004418833391,0.75571551538127,1.52153200523258,0.0463888123090041,0.0482009870512733,0.0450855408276994,0.0465584467293256,1,a=valid known-frequency integer-cycle FFT; b=valid known-frequency integer-cycle FFT; c=valid known-frequency integer-cycle FFT,3,750,7.22522458872664,0.445459117518082,4.86112896509139,4.68112420084533,0.881589461564003,0.178067410989899,0.803463011252496,0.181354880295267,valid,1740,7240.94881398252,0.214731585518102,0.779026217228464,0.00624219725343321,0.728394772613948,0.000159440823970037,0.0006219,740,0.104738833124268,0.424595999435487,0.357547453683508,0.997095268095217,0,0,1,1,1,230.400000000001,-7.17036140114644,0.808676654182272,0.271605227386052,0.815704243077955,0,0,1.44219833961575e-15,1.24344978758018e-14,0,0,0,0,0,0,0,1,1,,,2.13281319235562,1,1,1,0,0,0.426966292134831
A_C08_025,coarse_scan,C08,negative_id_mid_speed,reasonable_extension_range,"Validated id combined with bounded speed extension",200,10,-4,48,1,801,0.64,0,0.8,0,coarse amplitude grid,0,801,0.0732913418885466,-0.000315990746455682,0.422185023168956,0.115570003077563,1.56690461570926,0.231057178780436,0.96695832116309,1.52153200523258,0.0368433932388097,0.0341634819887392,0.0345795614941251,0.0351954789072247,1,a=valid known-frequency integer-cycle FFT; b=valid known-frequency integer-cycle FFT; c=valid known-frequency integer-cycle FFT,3,750,7.58581647593316,0.445228805056171,5.1425641452085,4.96226114333863,0.158919740917206,0.031037370145204,0.793256991097044,0.0309028213221758,valid,2414,10045.7761131918,0.00124843945068664,0.938826466916355,0.0599250936329588,0.730205282984127,0.000152951435705368,0.0007302,798,0.178342629431921,2.54625272736867e-13,0.628619311186802,1.40555135861298e-11,0,0.0549313358302122,1,0.945068664169788,0.945068664169788,0,4.70549450874591,1,0.269794717015873,0.815704243077955,0,0,1.41789924624764e-15,6.21724893790088e-15,0,0,0,0,0,0,0,1,1,,,1.58384894942572,1,1,1,0,1,0.00749063670411895
A_C08_026,coarse_scan,C08,negative_id_mid_speed,reasonable_extension_range,"Validated id combined with bounded speed extension",200,10,-4,48,1,801,0.64,0.0225,0.8,0.15,coarse amplitude grid,0,801,0.0254496988875717,-0.0137641772761425,0.460667229551839,0.12501148901974,1.64677278168027,0.290132289216718,0.974184431463665,1.52153200523258,0.0417356527179921,0.0419365911605875,0.0420332718216383,0.0419018385667393,1,a=valid known-frequency integer-cycle FFT; b=valid known-frequency integer-cycle FFT; c=valid known-frequency integer-cycle FFT,3,750,7.59296739342057,0.443126162484517,5.13903752137722,4.95809873138867,0.20180319337003,0.0321415677098411,0.793281791939633,0.0392686748307587,valid,2342,9746.15064502705,0.00124843945068664,0.971285892634207,0.0274656679151061,0.72675042157728,0.000139969662921348,0.0019101,797,0.209290818441452,0.00185431172547894,0.639412244473369,0.0215029541264121,0,0,1,1,1,46.0799999999999,2.90904639757503,1,0.27324957842272,0.815704243077955,0,0,1.41238098196785e-15,7.32410687763558e-15,0,0,0,0,0,0,0,1,1,,,1.67213556260523,1,1,1,0,1,0.0574282147315857
A_C08_027,coarse_scan,C08,negative_id_mid_speed,reasonable_extension_range,"Validated id combined with bounded speed extension",200,10,-4,48,1,801,0.64,0.04,0.8,0.2,coarse amplitude grid,0,801,-0.00271992477836753,-0.0297313240717151,0.481319803192791,0.138197454742122,1.60478589994596,0.384255408646673,0.936485021633958,1.52153200523258,0.0434443353672231,0.0430761521022081,0.0450771051635062,0.0438658642109791,1,a=valid known-frequency integer-cycle FFT; b=valid known-frequency integer-cycle FFT; c=valid known-frequency integer-cycle FFT,3,750,7.58295897956609,0.443754227712727,5.13280710461521,4.95212831416137,0.211573222295077,0.0376924608009708,0.793632721823977,0.0412197883113198,valid,2288,9521.43154390345,0.00124843945068664,0.986267166042447,0.0124843945068664,0.724242088465354,0.000144976029962547,0.0006541,801,0.228828242174407,0.00507379970195532,0.636331636394173,0.0379362303923983,0,0,1,1,1,61.4400000000001,2.31023036051807,1,0.275757911534646,0.815704243077955,0,0,1.45863869269827e-15,7.32410687763558e-15,0,0,0,0,0,0,0,1,1,,,1.65014847930106,1,1,1,0,1,0.0873907615480655
A_C08_028,coarse_scan,C08,negative_id_mid_speed,reasonable_extension_range,"Validated id combined with bounded speed extension",200,10,-4,48,1,801,0.64,0.16,0.8,0.4,coarse amplitude grid,0,801,0.0620358974415961,-0.0830037770133332,0.438424966060042,0.203922389984642,1.59732355346979,0.749813184480967,0.965595547016007,1.52153200523258,0.0420297232103665,0.0388161402319239,0.0412579141468088,0.0407012591963664,1,a=valid known-frequency integer-cycle FFT; b=valid known-frequency integer-cycle FFT; c=valid known-frequency integer-cycle FFT,3,750,7.53830860747438,0.444720668185091,5.10069687683119,4.92045486486219,0.380672867445385,0.066104487679167,0.793680522078966,0.0746315408732696,valid,2234,9296.71244277986,0.00124843945068664,0.997503121098627,0.00124843945068664,0.725042171005563,0.000135832958801498,0.0008959,801,0.184840671836198,0.0257122496877823,0.635873820881454,0.158836286510786,0,0,1,1,1,122.88,-0.08503378770979,0.999687890137328,0.274957828994437,0.815704243077955,0,0,1.45315517935717e-15,6.46603649670442e-15,0,0,0,0,0,0,0,1,1,,,1.76455726631097,1,1,1,0,1,0.109862671660425
A_C08_029,coarse_scan,C08,negative_id_mid_speed,reasonable_extension_range,"Validated id combined with bounded speed extension",200,10,-4,48,1,801,0.64,0.64,0.8,0.8,coarse amplitude grid,0,801,0.0458572661894518,-0.359778498596509,0.440067617833074,0.502684328804855,1.59521210227885,1.4053377618425,0.94211937476081,1.52153200523258,0.0447851668514323,0.0438127078982923,0.0466484474191523,0.0450821073896256,1,a=valid known-frequency integer-cycle FFT; b=valid known-frequency integer-cycle FFT; c=valid known-frequency integer-cycle FFT,3,750,7.36019236004077,0.446658860449035,4.95944311196109,4.77831895925226,0.714828294965236,0.150792938390604,0.807426866442892,0.144134790706889,valid,1624,6758.21889305035,0.265917602996255,0.734082397003745,0,0.726363776709966,0.000138179151061174,0.000582,754,0.187563807086935,0.217970174550217,0.630570975316383,0.639350941365611,0,0,1,1,1,245.76,-4.87556208416549,0.984082397003745,0.273636223290035,0.744584480518687,0,0,1.46406672105687e-15,1.00485917355762e-14,0,0,0,0,0,0,0,1,1,,,2.12595293365526,1,1,1,1,1,0.529338327091136
A_C08_030,coarse_scan,C08,negative_id_mid_speed,reasonable_extension_range,"Validated id combined with bounded speed extension",200,10,-4,48,1,801,0.64,1,0.8,1,coarse amplitude grid,0,801,0.081970287294421,-0.496089979581608,0.423203134967096,0.631947566444546,1.63311335979435,1.84656847507082,0.841755396065915,1.52153200523258,0.0403060877656592,0.0418638043079823,0.0398428381414845,0.0406709100717087,1,a=valid known-frequency integer-cycle FFT; b=valid known-frequency integer-cycle FFT; c=valid known-frequency integer-cycle FFT,3,750,7.26306588385229,0.439400268982681,4.88676782287155,4.70825129138543,0.939263813779037,0.174829202013739,0.802678526784443,0.192205532946132,valid,1598,6650.02080732418,0.268414481897628,0.731585518102372,0,0.722500463661728,0.000133224594257178,0.0004805,768,0.176264584873192,0.369089413267451,0.639188179580348,0.999841280314086,0,0,1,1,1,307.199999999999,-7.27082623239334,0.830524344569288,0.277499536338272,0.76295867050748,0,0,1.49060293313192e-15,7.94410929039127e-15,0,0,0,0,0,0,0,1,1,,,2.4651317163722,1,1,1,0,0,0.534332084893882
A_C08_031,coarse_scan,C08,negative_id_mid_speed,reasonable_extension_range,"Validated id combined with bounded speed extension",200,10,-4,48,1,801,1,0,1,0,coarse amplitude grid,0,801,0.0854509429156132,-0.00028608571186475,0.571786733769384,0.11579828956868,1.96009717129365,0.244079736678604,1.15278030638113,1.52153200523258,0.0536663908462647,0.0506514953092541,0.0530506449431429,0.0524561770328872,1,a=valid known-frequency integer-cycle FFT; b=valid known-frequency integer-cycle FFT; c=valid known-frequency integer-cycle FFT,3,750,7.58277486053146,0.447303886786666,5.14170975039736,4.96080288576268,0.206722537622756,0.0423114606654596,0.794284725601595,0.0402050188863306,valid,2362,9829.37994173949,0.00124843945068664,0.966292134831461,0.0324594257178527,0.728434109388181,0.000129146317103621,0.0007166,795,0.327540878130076,1.34865137246135e-13,0.968166288819036,1.24275621968744e-11,0,0.0324594257178527,1,0.967540574282147,0.967540574282147,0,4.60502967749901,1,0.271565890611819,0.815704243077955,0,0,1.42824778404493e-15,7.105427357601e-15,0,0,0,0,0,0,0,1,1,,,1.9752356413275,1,1,1,0,0,0.0474406991260932
A_C08_032,coarse_scan,C08,negative_id_mid_speed,reasonable_extension_range,"Validated id combined with bounded speed extension",200,10,-4,48,1,801,1,0.0225,1,0.15,coarse amplitude grid,0,801,0.0563931458161038,-0.0182044769222627,0.603294589855275,0.124803038859576,1.9872951881472,0.337000343415871,1.16669246738264,1.52153200523258,0.0551722189290626,0.0551012250191862,0.0525882000666495,0.0542872146716327,1,a=valid known-frequency integer-cycle FFT; b=valid known-frequency integer-cycle FFT; c=valid known-frequency integer-cycle FFT,3,750,7.58249519973803,0.445673414959734,5.13453650287997,4.95372425667522,0.231776424341114,0.0436116382293878,0.793330010504884,0.045140671258469,valid,2192,9121.93091968373,0.00124843945068664,0.997503121098627,0.00124843945068664,0.707543933125508,0.000132781897627965,0.0006046,801,0.365146574943452,0.00204087301826779,0.993614574161299,0.0222266752063477,0,0,1,1,1,57.6000000000002,2.80858156632812,1,0.292456066874492,0.815704243077955,0,0,1.60553265262794e-15,8.88178419700125e-15,0,0,0,0,0,0,0,1,1,,,2.01566648935171,1,1,1,0,1,0.109862671660425
A_C08_033,coarse_scan,C08,negative_id_mid_speed,reasonable_extension_range,"Validated id combined with bounded speed extension",200,10,-4,48,1,801,1,0.04,1,0.2,coarse amplitude grid,0,801,0.0364844139760558,-0.0327754769755315,0.645317681792631,0.136121775134654,2.00188820885725,0.381429770578826,1.12342716611677,1.52153200523258,0.0621840340184114,0.0582523879789044,0.0610914960094106,0.0605093060022421,1,a=valid known-frequency integer-cycle FFT; b=valid known-frequency integer-cycle FFT; c=valid known-frequency integer-cycle FFT,3,750,7.572051359914,0.448314452686401,5.12843723117254,4.94800221040344,0.234768629429174,0.0494244879638646,0.792386286598171,0.0457778108313704,valid,2150,8947.1493965876,0.00124843945068664,0.997503121098627,0.00124843945068664,0.707064014137583,0.000139574656679151,0.000512,801,0.417894685144145,0.00518818062415827,0.997547350305857,0.0397108204231601,0,0,1,1,1,76.7999999999997,2.20976552927116,1,0.292935985862417,0.815704243077955,0,0,1.5624537879597e-15,7.94410929039127e-15,0,0,0,0,0,0,0,1,1,,,2.03790212489351,1,1,1,0,1,0.109862671660425
A_C08_034,coarse_scan,C08,negative_id_mid_speed,reasonable_extension_range,"Validated id combined with bounded speed extension",200,10,-4,48,1,801,1,0.16,1,0.4,coarse amplitude grid,0,801,0.0845404904245719,-0.110129432445713,0.618503946392161,0.222726267881353,2.00247234981672,0.775425057938588,1.11445796631204,1.52153200523258,0.0585672706540152,0.0571141646570126,0.0547928422197327,0.0568247591769202,1,a=valid known-frequency integer-cycle FFT; b=valid known-frequency integer-cycle FFT; c=valid known-frequency integer-cycle FFT,3,750,7.50750495768139,0.44257511619984,5.0851026318898,4.90686995343833,0.393661871249819,0.0806955860041663,0.787424500100295,0.0774147347156925,valid,2038,8481.06533499792,0.00124843945068664,0.997503121098627,0.00124843945068664,0.695858796782497,0.000148303370786517,0.000657,801,0.389954948008083,0.0373714898265735,0.997921261255096,0.159785337529773,0,0,1,1,1,153.599999999999,-0.185498618956693,0.999687890137328,0.304141203217503,0.815704243077955,0,0,1.66777798573127e-15,1.06581410364015e-14,0,0,0,0,0,0,0,1,1,,,2.14736571926152,1,1,1,0,1,0.109862671660425
A_C08_035,coarse_scan,C08,negative_id_mid_speed,reasonable_extension_range,"Validated id combined with bounded speed extension",200,10,-4,48,1,801,1,0.64,1,0.8,coarse amplitude grid,0,801,0.217070538851702,-0.377392885270031,0.583001705225309,0.523561715215558,1.96357815332065,1.58407180047961,1.1315263996039,1.52153200523258,0.0607505557415803,0.0541254198229572,0.0538212878123471,0.0562324211256282,1,a=valid known-frequency integer-cycle FFT; b=valid known-frequency integer-cycle FFT; c=valid known-frequency integer-cycle FFT,3,750,7.29664632998078,0.447121357391837,4.93865350476435,4.75937874075983,0.781053049845767,0.16512311727288,0.804343358045858,0.15815101203036,valid,1492,6208.90553474823,0.294631710362047,0.705368289637953,0,0.703937360365266,0.000121857927590512,0.000499,674,0.340721413039632,0.240622730974149,0.984570346455997,0.634837648291112,0,0,1,1,1,307.199999999999,-5.51550919080723,0.940699126092384,0.296062639634734,0.668987152985067,0,0,1.55027082596684e-15,8.88178419700125e-15,0,0,0,0,0,0,0,1,1,,,2.52287982933648,1,1,1,1,1,0.58676654182272
A_C08_036,coarse_scan,C08,negative_id_mid_speed,reasonable_extension_range,"Validated id combined with bounded speed extension",200,10,-4,48,1,801,1,1,1,1,coarse amplitude grid,0,801,0.201416014402555,-0.511663786895799,0.585696297364609,0.65822320332094,2.01456650721657,1.94444754499881,1.10098247283799,1.52153200523258,0.0650341523215124,0.0606687341015821,0.0617827746185659,0.0624952203472201,1,a=valid known-frequency integer-cycle FFT; b=valid known-frequency integer-cycle FFT; c=valid known-frequency integer-cycle FFT,3,750,7.22203726281887,0.448264415813807,4.87067917280463,4.69359066794065,0.98439662053781,0.19277728038352,0.802035513386005,0.202106643778587,valid,1462,6084.06158967957,0.274656679151061,0.725343320848939,0,0.692067033851539,0.000118766791510612,0.0005793,676,0.348605577253865,0.405538737247137,0.999841159136731,0.99618486403227,0,0,1,1,1,384,-8.33331225435792,0.802434456928839,0.307932966148461,0.800224293186629,0,0,1.59950330662361e-15,1.06581410364015e-14,0,0,0,0,0,0,0,1,1,,,2.7998847239218,1,1,1,1,1,0.546816479400748
A_C09_001,coarse_scan,C09,low_voltage_nominal_speed,reasonable_extension_range,"0.9 p.u. of source 48 V engineering assumption",100,10,0,43.2,1,1551,0.01,0,0.1,0,coarse amplitude grid,0,1551,-0.000588787004768373,-0.000143373268628166,0.0284500385134573,0.0764398077164888,0.195063001485581,0.20563412565874,0.100669460930042,0.96094209764132,0.00283872446460578,0.00284174040121127,0.00281417061775288,0.00283154516118998,1,a=valid known-frequency integer-cycle FFT; b=valid known-frequency integer-cycle FFT; c=valid known-frequency integer-cycle FFT,3,1500,7.07050563236272,0.206039277931666,4.85997273661379,4.77352781346433,0.107807620103523,0.00331163718057491,0.536299682673057,0.0221827623211399,valid,5854,12581.1304534709,0.000644745325596389,0.212765957446809,0.786589297227595,0.821767361345424,9.98671824629271e-05,0.0006013,485,0.000797957190464913,3.0499429215679e-15,0.00988972269325884,1.00521561752166e-14,0,0.000644745325596389,1,0.999355254674404,0.999355254674404,0,12.3825801777572,1,0.178232638654576,0.502528193954334,0,0,3.22362719773838e-16,1.98602732259782e-15,0,0,0,0,0,0,0,1,1,,,0.283434239611234,1,1,1,1,1,1.55899419729207
A_C09_002,coarse_scan,C09,low_voltage_nominal_speed,reasonable_extension_range,"0.9 p.u. of source 48 V engineering assumption",100,10,0,43.2,1,1551,0.01,0.0225,0.1,0.15,coarse amplitude grid,0,1551,-0.00803319708171305,-0.0177365358613919,0.0415563504549275,0.0982802147253409,0.199686951595624,0.347009041788041,0.109080402102438,0.96094209764132,0.00714484300347162,0.00715115626370855,0.00697358769881181,0.00708986232199733,1,a=valid known-frequency integer-cycle FFT; b=valid known-frequency integer-cycle FFT; c=valid known-frequency integer-cycle FFT,3,1500,7.05807342973386,0.206327704850767,4.85194123758098,4.76561488888077,0.162311746817808,0.0254232444964862,0.536484450613616,0.0334529498338961,valid,5550,11927.7885235332,0.000644745325596389,0.407479045776918,0.591876208897485,0.821877616025549,0.000109174854932302,0.000509,797,0.00173366882248271,0.00365716052074664,0.00997012859206951,0.0224669512842166,0,0,1,1,1,5.76000000000001,10.5834683690989,1,0.178122383974451,0.502528193954334,0,0,4.20383863588751e-16,2.51214793389404e-15,0,0,0,0,0,0,0,1,1,,,0.400362527867191,1,1,1,1,1,1.16956802063185
A_C09_003,coarse_scan,C09,low_voltage_nominal_speed,reasonable_extension_range,"0.9 p.u. of source 48 V engineering assumption",100,10,0,43.2,1,1551,0.01,0.04,0.1,0.2,coarse amplitude grid,0,1551,-0.0181673812085588,-0.0566851091487931,0.0450808609337477,0.130615465449815,0.203269631986441,0.386936088374295,0.102031628917578,0.96094209764132,0.00979434602846596,0.00960005019962024,0.0098166014382696,0.0097369992221186,1,a=valid known-frequency integer-cycle FFT; b=valid known-frequency integer-cycle FFT; c=valid known-frequency integer-cycle FFT,3,1500,7.03013273450001,0.206471836056904,4.83372775677582,4.7477901690265,0.181676586721047,0.039907998463445,0.535478290826378,0.0375851921876189,valid,5348,11493.6600042983,0.000644745325596389,0.538362346872985,0.460992907801418,0.822432759530044,0.000122796131528046,0.0009208,1039,0.0020362719433575,0.0108731955293039,0.00999214303792829,0.0399911458867796,0,0,1,1,1,7.67999999999996,9.98376443287942,1,0.177567240469956,0.502528193954334,0,0,5.07018910025678e-16,3.20237283398938e-15,0,0,0,0,0,0,0,1,1,,,0.43707903149694,1,1,1,1,1,0.907801418439715
A_C09_004,coarse_scan,C09,low_voltage_nominal_speed,reasonable_extension_range,"0.9 p.u. of source 48 V engineering assumption",100,10,0,43.2,1,1551,0.01,0.16,0.1,0.4,coarse amplitude grid,0,1551,-0.00240036139676449,-0.159765548399047,0.0404403248013196,0.266005644770591,0.213101208430279,0.790154011901572,0.117440491321558,0.96094209764132,0.0210629842421793,0.0209965065264265,0.0204646360782803,0.0208413756156287,1,a=valid known-frequency integer-cycle FFT; b=valid known-frequency integer-cycle FFT; c=valid known-frequency integer-cycle FFT,3,1500,6.95605498427586,0.207136137734177,4.78250035840616,4.6971262109835,0.381730241722104,0.0933424187301668,0.541507035364478,0.0798181313360781,valid,4440,9542.23081882656,0.000644745325596389,0.711154094132817,0.288201160541586,0.813842965654466,0.000131341457124436,0.0006912,1262,0.00156920554658927,0.0634751256375119,0.00991952965393468,0.15944822817239,0,0,1,1,1,15.3599999999999,7.58494868800167,1,0.186157034345535,0.502528193954334,0,0,5.63567792559317e-16,4.44089209850063e-15,0,0,0,0,0,0,0,1,1,,,0.818385903812251,1,1,1,1,1,0.562217923920051
A_C09_005,coarse_scan,C09,low_voltage_nominal_speed,reasonable_extension_range,"0.9 p.u. of source 48 V engineering assumption",100,10,0,43.2,1,1551,0.01,0.64,0.1,0.8,coarse amplitude grid,0,1551,0.0013260129552046,-0.289969665484809,0.0355274939476542,0.4717922662636,0.212325988700895,1.60620533982557,0.107595112585324,1.19014847901081,0.0360729330466329,0.0373211039285988,0.0367321469241754,0.036708727966469,1,a=valid known-frequency integer-cycle FFT; b=valid known-frequency integer-cycle FFT; c=valid known-frequency integer-cycle FFT,3,1500,6.85857158120144,0.210913273917627,4.71895771731886,4.63234659672145,0.773991951155062,0.171444774133107,0.563972266996571,0.164017564369027,valid,4554,9787.23404255319,0.00644745325596389,0.817537072856222,0.176015473887814,0.801184179996353,0.000134631463571889,0.0007533,1405,0.00108572782625826,0.210159059691637,0.00988737966743763,0.638778619125287,0,0,1,1,1,30.7199999999998,-0.0235856453648111,0.999838813668601,0.198815820003647,0.614964901537225,0,0,7.08671197419558e-16,7.32410687763558e-15,0,0,0,0,0,0,0,1,1,,,1.62017836029308,1,1,1,0,0,0.392005157962605
A_C09_006,coarse_scan,C09,low_voltage_nominal_speed,reasonable_extension_range,"0.9 p.u. of source 48 V engineering assumption",100,10,0,43.2,1,1551,0.01,1,0.1,1,coarse amplitude grid,0,1551,0.00224916262927916,-0.285557864345747,0.0351903923531399,0.54971243498074,0.22869088179097,1.99242220416493,0.126699182616695,1.39555920248498,0.0454239257775271,0.0446465830885112,0.0459247575198693,0.0453317554619692,1,a=valid known-frequency integer-cycle FFT; b=valid known-frequency integer-cycle FFT; c=valid known-frequency integer-cycle FFT,3,1500,6.86441095516679,0.213238854311006,4.72103836833013,4.63342594429882,0.964463487430001,0.219133082763143,0.587714872748983,0.204290542076475,valid,4610,9907.58650333118,0.00838168923275306,0.822695035460993,0.168923275306254,0.782426970432748,0.000149001160541586,0.0009357,1413,0.00100576093191634,0.286703620920293,0.00991747486380658,0.999526191724986,0,0,1,1,1,38.3999999999997,-4.51348383035503,0.889426176660219,0.217573029567252,0.700455286433727,0,0,8.0966281664735e-16,5.68711676634668e-15,0,0,0,0,0,0,0,1,1,,,2.00550386662897,1,1,1,0,0,0.388136686009027
A_C09_007,coarse_scan,C09,low_voltage_nominal_speed,reasonable_extension_range,"0.9 p.u. of source 48 V engineering assumption",100,10,0,43.2,1,1551,0.04,0,0.2,0,coarse amplitude grid,0,1551,-0.0073364962345913,-0.000143346130247944,0.0865183353326222,0.0764417531326833,0.396432918036669,0.206406944693899,0.199705110802546,0.96094209764132,0.00891539391975957,0.00844359917328198,0.00860976335196221,0.00865625214833458,1,a=valid known-frequency integer-cycle FFT; b=valid known-frequency integer-cycle FFT; c=valid known-frequency integer-cycle FFT,3,1500,7.06908732969263,0.206230773774435,4.86045862366861,4.77398444797956,0.114884641168063,0.0068009659468817,0.5363864060493,0.0236365845413471,valid,5520,11863.3139909736,0.000644745325596389,0.422952933591231,0.576402321083172,0.822166201875951,0.000167902643455835,0.0018909,1079,0.00757039850166393,2.94759536991286e-15,0.0399150733173768,1.7066489857798e-14,0,0.000644745325596389,1,0.999355254674404,0.999355254674404,0,12.3574515704947,1,0.177833798124049,0.502528193954334,0,0,4.35948065810356e-16,2.51214793389404e-15,0,0,0,0,0,0,0,1,1,,,0.446948414608374,1,1,1,0,1,1.13862024500322
A_C09_008,coarse_scan,C09,low_voltage_nominal_speed,reasonable_extension_range,"0.9 p.u. of source 48 V engineering assumption",100,10,0,43.2,1,1551,0.04,0.0225,0.2,0.15,coarse amplitude grid,0,1551,-0.0201635107661557,-0.0369948172032369,0.116036073559866,0.105243966767561,0.399434799893275,0.346916376524316,0.204620597036192,0.96094209764132,0.0128712051133015,0.0130484544678499,0.013125887688625,0.0130151824232588,1,a=valid known-frequency integer-cycle FFT; b=valid known-frequency integer-cycle FFT; c=valid known-frequency integer-cycle FFT,3,1500,7.04045200872885,0.206383335433471,4.84343812662361,4.75731496106019,0.154841180781077,0.0255254602844007,0.535666549073447,0.0319692699138529,valid,5092,10943.477326456,0.000644745325596389,0.696324951644101,0.303030303030303,0.822239190252641,0.000137066150870406,0.0006148,1333,0.0136712304195411,0.00501593559978051,0.0399902636556963,0.0224926395671298,0,0,1,1,1,11.52,10.5583397618364,1,0.177760809747359,0.502528193954334,0,0,6.33224403841651e-16,3.10862446895044e-15,0,0,0,0,0,0,0,1,1,,,0.529054942011264,1,1,1,1,1,0.591876208897484
A_C09_009,coarse_scan,C09,low_voltage_nominal_speed,reasonable_extension_range,"0.9 p.u. of source 48 V engineering assumption",100,10,0,43.2,1,1551,0.04,0.04,0.2,0.2,coarse amplitude grid,0,1551,-0.0225682107708005,-0.0667032146115672,0.121128440426843,0.134478073950007,0.402419295737797,0.401537639499782,0.208673838649688,0.96094209764132,0.0144402445433315,0.0143473974062483,0.0142990893665564,0.0143622437720454,1,a=valid known-frequency integer-cycle FFT; b=valid known-frequency integer-cycle FFT; c=valid known-frequency integer-cycle FFT,3,1500,7.02234061221252,0.206486387959824,4.82915621501432,4.7432503083332,0.191711570340719,0.0375274547969955,0.53555411637536,0.039698771753266,valid,4836,10393.2946486138,0.000644745325596389,0.860090264345583,0.13926499032882,0.822395565458899,0.000181331012250161,0.0008857,1493,0.0148703970296776,0.0117478637861916,0.039889407438285,0.0398097740326551,0,0,1,1,1,15.3599999999999,9.95863582561692,1,0.177604434541101,0.502528193954334,0,0,7.41836322190744e-16,2.84355838317334e-15,0,0,0,0,0,0,0,1,1,,,0.568483742526698,1,1,1,1,1,0.403610573823339
A_C09_010,coarse_scan,C09,low_voltage_nominal_speed,reasonable_extension_range,"0.9 p.u. of source 48 V engineering assumption",100,10,0,43.2,1,1551,0.04,0.16,0.2,0.4,coarse amplitude grid,0,1551,0.0216038970521649,-0.198521710014862,0.130051992428149,0.283513645713002,0.398348563726028,0.759646318403556,0.202957843377283,0.96094209764132,0.0222814984692867,0.0230582600903897,0.0229450816245867,0.0227616133947544,1,a=valid known-frequency integer-cycle FFT; b=valid known-frequency integer-cycle FFT; c=valid known-frequency integer-cycle FFT,3,1500,6.92489688819512,0.206864263328215,4.76197620220645,4.67694200084776,0.367148977676483,0.0880966897163886,0.536268343568903,0.0771001286202073,valid,3936,8459.05867182463,0.194068343004513,0.631205673758865,0.174725983236622,0.821708968421258,0.000160515151515152,0.0008799,1341,0.0169330470225873,0.0726631440308431,0.0390888514360229,0.15937158727761,0,0,1,1,1,30.7199999999998,7.55982008073916,1,0.178291031578742,0.502528193954334,0,0,6.3488141696858e-16,4.44089209850063e-15,0,0,0,0,0,0,0,1,1,,,0.857755272374741,1,1,1,1,1,0.335267569310123
A_C09_011,coarse_scan,C09,low_voltage_nominal_speed,reasonable_extension_range,"0.9 p.u. of source 48 V engineering assumption",100,10,0,43.2,1,1551,0.04,0.64,0.2,0.8,coarse amplitude grid,0,1551,0.0410385901607736,-0.38551406231874,0.125462665972431,0.535140567754214,0.423580952365814,1.5646513254969,0.213562799467773,1.19501718480208,0.0358685160139757,0.0373064757570885,0.0372512811259338,0.0368087576323327,1,a=valid known-frequency integer-cycle FFT; b=valid known-frequency integer-cycle FFT; c=valid known-frequency integer-cycle FFT,3,1500,6.7950779606295,0.209829025771207,4.66973826645757,4.58432491611628,0.757363849605589,0.170645277838914,0.558680611829059,0.162185502996107,valid,3326,7148.07650977864,0.266279819471309,0.604126370083817,0.129593810444874,0.812859122609874,0.000147811218568665,0.0007524,1408,0.0151575038816974,0.274468169318515,0.039737857349129,0.63822186408565,0,0,1,1,1,61.4399999999997,-0.202634580207075,0.999838813668601,0.187140877390126,0.708118494565772,0,0,7.07298664394892e-16,6.40474566797875e-15,0,0,0,0,0,0,0,1,1,,,1.62097334758667,1,1,1,0,0,0.372662798194713
A_C09_012,coarse_scan,C09,low_voltage_nominal_speed,reasonable_extension_range,"0.9 p.u. of source 48 V engineering assumption",100,10,0,43.2,1,1551,0.04,1,0.2,1,coarse amplitude grid,0,1551,0.0353355154342223,-0.498239837103188,0.126989561888425,0.6913983520449,0.407979079980941,2.09383838567461,0.210457117330703,1.40244665205623,0.0500664499558709,0.0489300562410224,0.0503553728824635,0.0497839596931189,1,a=valid known-frequency integer-cycle FFT; b=valid known-frequency integer-cycle FFT; c=valid known-frequency integer-cycle FFT,3,1500,6.71197974367707,0.213527237618304,4.61532663979183,4.52849034334618,1.0003319035761,0.220915099233739,0.579718502582833,0.216741301677669,valid,3452,7418.86954652912,0.236621534493875,0.689877498388137,0.0735009671179884,0.816232334627488,0.000130870599613153,0.0006169,1397,0.015942688839529,0.459927814628839,0.0399247112747403,0.997797649611907,0,0,1,1,1,76.7999999999995,-4.9979687678904,0.807704706640877,0.183767665372512,0.93334172891771,0,0,7.73707261200045e-16,1.28094913359575e-14,0,0,0,0,0,0,0,1,1,,,2.13321497159254,1,1,1,0,0,0.201160541586073
A_C09_013,coarse_scan,C09,low_voltage_nominal_speed,reasonable_extension_range,"0.9 p.u. of source 48 V engineering assumption",100,10,0,43.2,1,1551,0.16,0,0.4,0,coarse amplitude grid,0,1551,0.0393264341722802,-0.000139551129807292,0.207455179992764,0.076485748581405,0.79247757253197,0.212099115247891,0.397394448562232,0.96094209764132,0.0193101332530019,0.0192559339004952,0.0179220799517694,0.0188293823684221,1,a=valid known-frequency integer-cycle FFT; b=valid known-frequency integer-cycle FFT; c=valid known-frequency integer-cycle FFT,3,1500,7.0678738880108,0.206589492994092,4.85710134537356,4.77075412982389,0.129587439026237,0.0151329041327958,0.535798516005491,0.0266799948800061,valid,4712,10126.799914034,0.000644745325596389,0.932301740812379,0.0670535138620245,0.822043042486387,0.000173205415860735,0.0010878,1518,0.0432900604351004,9.47615707367735e-16,0.158878243741995,3.6371731268594e-14,0,0.000644745325596389,1,0.999355254674404,0.999355254674404,0,12.3071943559697,1,0.177956957513613,0.502528193954334,0,0,8.6147802410787e-16,3.97205464519564e-15,0,0,0,0,0,0,0,1,1,,,0.820369878563994,1,1,1,0,1,0.40361057382334
A_C09_014,coarse_scan,C09,low_voltage_nominal_speed,reasonable_extension_range,"0.9 p.u. of source 48 V engineering assumption",100,10,0,43.2,1,1551,0.16,0.0225,0.4,0.15,coarse amplitude grid,0,1551,-0.00596398363854763,-0.0266176496281333,0.231492158235699,0.0964016011135225,0.795825431103092,0.430120468114396,0.398836272187329,0.96094209764132,0.0240870174806511,0.0235437604481699,0.0235458627844259,0.0237255469044156,1,a=valid known-frequency integer-cycle FFT; b=valid known-frequency integer-cycle FFT; c=valid known-frequency integer-cycle FFT,3,1500,7.04879110645032,0.208671123549402,4.84746588771863,4.76122604756903,0.160860842013624,0.0245606393632664,0.535934099894102,0.0331845227464468,valid,4416,9490.65119277885,0.000644745325596389,0.989039329464861,0.0103159252095422,0.819814309616672,0.000153898452611219,0.000684,1547,0.0540109601717959,0.00311788552916056,0.159385954016007,0.0221866085933477,0,0,1,1,1,23.04,10.5080825473114,1,0.180185690383328,0.502528193954334,0,0,8.95622453499541e-16,3.20237283398938e-15,0,0,0,0,0,0,0,1,1,,,0.904622426143288,1,1,1,0,1,0.403610573823339
A_C09_015,coarse_scan,C09,low_voltage_nominal_speed,reasonable_extension_range,"0.9 p.u. of source 48 V engineering assumption",100,10,0,43.2,1,1551,0.16,0.04,0.4,0.2,coarse amplitude grid,0,1551,0.0107334155036978,-0.0435709897719454,0.233706244006292,0.116795683491752,0.803032514606452,0.534250607171414,0.401735005956641,0.96094209764132,0.0253715885716537,0.0237241236947517,0.0246744583961648,0.0245900568875234,1,a=valid known-frequency integer-cycle FFT; b=valid known-frequency integer-cycle FFT; c=valid known-frequency integer-cycle FFT,3,1500,7.03342599868267,0.209028415252696,4.83802156560633,4.75193664478965,0.257794707690715,0.0347790779768076,0.535967942156717,0.0532851505920078,valid,4300,9241.34966688158,0.000644745325596389,0.99097356544165,0.00838168923275306,0.818332015306004,0.000151021276595745,0.0007266,1551,0.0550966131817048,0.00718755285887827,0.159866931011313,0.0399220672882112,0,0,1,1,1,30.7199999999998,9.90837861109192,1,0.181667984693996,0.502528193954334,0,0,9.12363552688387e-16,3.23301824835221e-15,0,0,0,0,0,0,0,1,1,,,0.964512794512435,1,1,1,0,1,0.403610573823339
A_C09_016,coarse_scan,C09,low_voltage_nominal_speed,reasonable_extension_range,"0.9 p.u. of source 48 V engineering assumption",100,10,0,43.2,1,1551,0.16,0.16,0.4,0.4,coarse amplitude grid,1,1551,0.0183149366403343,-0.186635024181422,0.230578349879977,0.25794200891877,0.804333517617818,0.896606632657704,0.402554162058,0.96094209764132,0.028002764577918,0.0284063038746508,0.0278154431499966,0.0280748372008552,1,a=valid known-frequency integer-cycle FFT; b=valid known-frequency integer-cycle FFT; c=valid known-frequency integer-cycle FFT,3,1500,6.92918022650229,0.207718422666057,4.76796181615157,4.6830745320467,0.3888031793931,0.0752245764934447,0.535314534627665,0.0815449440211583,valid,3446,7405.97464001719,0.202450032237266,0.790457769181173,0.00709219858156028,0.821498175515749,0.000126097356544165,0.0007463,1414,0.0531638394425866,0.0592115525616442,0.15894826560212,0.158470420835606,0,0,1,1,1,61.4399999999997,7.50956286621416,1,0.178501824484252,0.502528193954334,0,0,8.74535393398289e-16,4.78298716822545e-15,0,0,0,0,0,0,0,1,1,,,1.20451478251171,1,1,1,1,1,0
A_C09_017,coarse_scan,C09,low_voltage_nominal_speed,reasonable_extension_range,"0.9 p.u. of source 48 V engineering assumption",100,10,0,43.2,1,1551,0.16,0.64,0.4,0.8,coarse amplitude grid,0,1551,0.0396293733000365,-0.450109624375711,0.225638194754471,0.547755095080926,0.817184704942582,1.41848998807433,0.410245236439864,1.18476709742816,0.037996269587724,0.0373983545319658,0.0368158057137427,0.0374034766111442,1,a=valid known-frequency integer-cycle FFT; b=valid known-frequency integer-cycle FFT; c=valid known-frequency integer-cycle FFT,3,1500,6.74707472785285,0.209817481285056,4.63842106003595,4.55207688731646,0.681301734005699,0.134461826614338,0.553520625001569,0.146882252643191,valid,3092,6645.17515581345,0.273372018052869,0.725983236621535,0.000644745325596389,0.820649273168462,0.000126981624758221,0.0005218,1365,0.0504189387455238,0.283081870527082,0.159156712093343,0.639130423272388,0,0,1,1,1,122.879999999999,-1.42111260969842,0.999516441005803,0.179350726831538,0.652930374119767,0,0,9.12445323714042e-16,7.94410929039127e-15,0,0,0,0,0,0,0,1,1,,,1.63704144365963,1,1,1,0,0,0.141843971631205
A_C09_018,coarse_scan,C09,low_voltage_nominal_speed,reasonable_extension_range,"0.9 p.u. of source 48 V engineering assumption",100,10,0,43.2,1,1551,0.16,1,0.4,1,coarse amplitude grid,0,1551,0.0343040195745135,-0.622339524232037,0.21955058217947,0.718921208759792,0.81891745722343,1.85881385554654,0.410612959689539,1.38737547913117,0.0402319209808873,0.039818709135926,0.0420650413332644,0.0407052238166926,1,a=valid known-frequency integer-cycle FFT; b=valid known-frequency integer-cycle FFT; c=valid known-frequency integer-cycle FFT,3,1500,6.62577969258808,0.212011091701643,4.55508024444459,4.46919663425087,0.885016138814507,0.156966807325921,0.558730284890865,0.194292107124541,valid,3066,6589.2972275951,0.276595744680851,0.722759509993553,0.000644745325596389,0.819803139499976,0.000130811347517731,0.0006886,1404,0.0477730651019925,0.497489448372327,0.159099275645023,0.998446037899244,0,0,1,1,1,153.599999999999,-5.31379317545452,0.782720825274017,0.180196860500025,0.715732356208618,0,0,9.34748214465685e-16,8.88178419700125e-15,0,0,0,0,0,0,0,1,1,,,2.03121016916445,1,1,1,0,0,0.148291424887169
A_C09_019,coarse_scan,C09,low_voltage_nominal_speed,reasonable_extension_range,"0.9 p.u. of source 48 V engineering assumption",100,10,0,43.2,1,1551,0.36,0,0.6,0,coarse amplitude grid,0,1551,0.0189368289002174,-0.000144304725706398,0.336543455214052,0.0765000044416354,1.20352011639152,0.207835651177446,0.603476230900048,0.96094209764132,0.0321137334832478,0.0311512671854185,0.0305978586231281,0.0312876197639315,1,a=valid known-frequency integer-cycle FFT; b=valid known-frequency integer-cycle FFT; c=valid known-frequency integer-cycle FFT,3,1500,7.06498201643945,0.212285437528827,4.85856774386451,4.7720081982761,0.123689994457989,0.0246606652079393,0.536882448547364,0.0254581187252535,valid,4554,9787.23404255319,0.000644745325596389,0.986460348162476,0.0128949065119278,0.81970428967224,0.000123583236621534,0.0005862,1510,0.114205979833968,2.1842063756608e-16,0.3598392416273,4.85807863892912e-14,0,0.000644745325596389,1,0.999355254674404,0.999355254674404,0,12.2569371414447,1,0.180295710327759,0.502528193954334,0,0,9.55236033609656e-16,5.02429586778808e-15,0,0,0,0,0,0,0,1,1,,,1.2213338317018,1,1,1,0,1,0.40361057382334
A_C09_020,coarse_scan,C09,low_voltage_nominal_speed,reasonable_extension_range,"0.9 p.u. of source 48 V engineering assumption",100,10,0,43.2,1,1551,0.36,0.0225,0.6,0.15,coarse amplitude grid,0,1551,0.00492443110337861,-0.0320380382642551,0.383097286742711,0.0970963458757556,1.19394484625108,0.286711639558531,0.602379529537315,0.96094209764132,0.0380058939653398,0.0350131879337487,0.0365949740942311,0.0365380186644399,1,a=valid known-frequency integer-cycle FFT; b=valid known-frequency integer-cycle FFT; c=valid known-frequency integer-cycle FFT,3,1500,7.04591768528658,0.213394841977387,4.84406273456402,4.75801633285664,0.152486527981242,0.0347818431466191,0.535321080023236,0.0314790572164144,valid,4060,8725.55340640447,0.000644745325596389,0.998710509348807,0.000644745325596389,0.802644987236581,0.000125032817537073,0.0005743,1551,0.149345072203513,0.00346492423851963,0.358637858991366,0.0222126864683237,0,0,1,1,1,34.5599999999999,10.4578253327863,1,0.19735501276342,0.502528193954334,0,0,9.75750460141221e-16,5.68711676634668e-15,0,0,0,0,0,0,0,1,1,,,1.22788756005909,1,1,1,0,1,0.416505480335267
A_C09_021,coarse_scan,C09,low_voltage_nominal_speed,reasonable_extension_range,"0.9 p.u. of source 48 V engineering assumption",100,10,0,43.2,1,1551,0.36,0.04,0.6,0.2,coarse amplitude grid,0,1551,0.0377357117262105,-0.0498326875587354,0.375096880655553,0.117725124555669,1.19870987508126,0.353324862351604,0.607037265429021,0.96094209764132,0.0384733415957909,0.0383546099595831,0.0386222296069443,0.0384833937207727,1,a=valid known-frequency integer-cycle FFT; b=valid known-frequency integer-cycle FFT; c=valid known-frequency integer-cycle FFT,3,1500,7.03092639287805,0.212142904423755,4.83305043549648,4.74707832141841,0.170639926198533,0.0405857556615369,0.535482830756517,0.0353068788492798,valid,3944,8476.2518805072,0.000644745325596389,0.998710509348807,0.000644745325596389,0.798099027114224,0.0001293861379755,0.0006459,1551,0.141539420698073,0.00759724527874286,0.359568506065147,0.0399526508889786,0,0,1,1,1,46.0800000000001,9.85812139656691,1,0.201900972885776,0.502528193954334,0,0,1.01547790479114e-15,5.02429586778808e-15,0,0,0,0,0,0,0,1,1,,,1.24969749258495,1,1,1,0,1,0.416505480335267
A_C09_022,coarse_scan,C09,low_voltage_nominal_speed,reasonable_extension_range,"0.9 p.u. of source 48 V engineering assumption",100,10,0,43.2,1,1551,0.36,0.16,0.6,0.4,coarse amplitude grid,0,1551,0.057859360730742,-0.201129929751415,0.334548201240331,0.2743806716024,1.19558398417928,0.76390475040618,0.600238699617589,0.96094209764132,0.0353420320721082,0.0328272719164313,0.0332602123782444,0.033809838788928,1,a=valid known-frequency integer-cycle FFT; b=valid known-frequency integer-cycle FFT; c=valid known-frequency integer-cycle FFT,3,1500,6.92244356794325,0.210729224207568,4.7581945132077,4.67376267434852,0.367264303506928,0.0865094248298131,0.53395894150729,0.0771856431021227,valid,2912,6258.32796045562,0.295293359123146,0.704706640876854,0,0.810144335402862,0.000141800128949065,0.0006325,1477,0.112287880600345,0.0687980245198688,0.357704701345566,0.159231858750839,0,0,1,1,1,92.1600000000002,5.80388765931399,1,0.189855664597138,0.441380859787667,0,0,9.45452004407885e-16,5.02429586778808e-15,0,0,0,0,0,0,0,1,1,,,1.41879227898912,1,1,1,1,1,0.185686653771759
A_C09_023,coarse_scan,C09,low_voltage_nominal_speed,reasonable_extension_range,"0.9 p.u. of source 48 V engineering assumption",100,10,0,43.2,1,1551,0.36,0.64,0.6,0.8,coarse amplitude grid,0,1551,0.0889647274250471,-0.463549148230263,0.341984396026735,0.557844098954592,1.20639055832315,1.53673871080253,0.608384531059186,1.19394924592963,0.0423166682883977,0.043169834123398,0.0411793006326863,0.0422219343481607,1,a=valid known-frequency integer-cycle FFT; b=valid known-frequency integer-cycle FFT; c=valid known-frequency integer-cycle FFT,3,1500,6.74032319634412,0.212784297438113,4.6285696124393,4.54353192143671,0.739645745017881,0.140163896352447,0.548801561912866,0.159800069341094,valid,2504,5381.47431764453,0.365570599613153,0.634429400386847,0,0.804929448445778,0.000126654932301741,0.0006439,1350,0.117243948554174,0.298572164337318,0.358513663070019,0.638892296873573,0,0,1,1,1,184.32,-1.00733305855838,0.98742746615087,0.195070551554222,0.631329583808201,0,0,1.00275748401148e-15,6.40474566797875e-15,0,0,0,0,0,0,0,1,1,,,1.9537000907228,1,1,1,0,0,0.326241134751773
A_C09_024,coarse_scan,C09,low_voltage_nominal_speed,reasonable_extension_range,"0.9 p.u. of source 48 V engineering assumption",100,10,0,43.2,1,1551,0.36,1,0.6,1,coarse amplitude grid,0,1551,0.0944106841918287,-0.638535664029422,0.339278955932601,0.721274499149562,1.19221417062749,1.56349369970903,0.6022463907322,1.37586951329202,0.0461465042932254,0.0452842214266944,0.0442684521033844,0.0452330592744347,1,a=valid known-frequency integer-cycle FFT; b=valid known-frequency integer-cycle FFT; c=valid known-frequency integer-cycle FFT,3,1500,6.61705431220371,0.213509477784896,4.54323438137934,4.45912426223427,0.754980210641684,0.151321613087068,0.548492712638108,0.166176813095095,valid,2510,5394.36922415646,0.344294003868472,0.655705996131528,0,0.799552115813479,0.000216287491940683,0.0008661,1519,0.115686615928719,0.507027597038246,0.357815202796799,0.999169457478404,0,0,1,1,1,230.399999999999,-5.91221518926706,0.781592520954223,0.200447884186521,0.737913080074066,0,0,1.00832543056504e-15,7.94410929039127e-15,0,0,0,0,0,0,0,1,1,,,1.96618594687146,1,1,1,0,0,0.283687943262411
A_C09_025,coarse_scan,C09,low_voltage_nominal_speed,reasonable_extension_range,"0.9 p.u. of source 48 V engineering assumption",100,10,0,43.2,1,1551,0.64,0,0.8,0,coarse amplitude grid,0,1551,0.0544170953110203,-0.000145655538423506,0.48204757677074,0.0765473856905341,1.59447880535725,0.220078292337677,0.800452091014471,0.96094209764132,0.0465654934273299,0.0459062745138948,0.0461449316371224,0.0462055665261157,1,a=valid known-frequency integer-cycle FFT; b=valid known-frequency integer-cycle FFT; c=valid known-frequency integer-cycle FFT,3,1500,7.06536100677297,0.211688598796721,4.8560129769522,4.76987509081535,0.13405155377428,0.0350009657768487,0.535705769745098,0.0276052709106259,valid,4260,9155.38362346873,0.000644745325596389,0.996131528046422,0.00322372662798195,0.807066524143587,0.000162088716956802,0.0008877,1550,0.234969106960269,6.1729091754715e-17,0.639295490968,2.57816792469239e-14,0,0.000644745325596389,1,0.999355254674404,0.999355254674404,0,10.0946107223254,1,0.192933475856413,0.502528193954334,0,0,1.01474011171546e-15,5.32907051820075e-15,0,0,0,0,0,0,0,1,1,,,1.6095953266246,1,1,1,0,1,0.411347517730497
A_C09_026,coarse_scan,C09,low_voltage_nominal_speed,reasonable_extension_range,"0.9 p.u. of source 48 V engineering assumption",100,10,0,43.2,1,1551,0.64,0.0225,0.8,0.15,coarse amplitude grid,0,1551,0.0335469168167611,-0.0220826731387859,0.514750512845337,0.0914314705021774,1.60356678034314,0.267689937787953,0.805277108437377,0.96094209764132,0.0505840316681217,0.0528533448811959,0.0515383514321956,0.0516585759938377,1,a=valid known-frequency integer-cycle FFT; b=valid known-frequency integer-cycle FFT; c=valid known-frequency integer-cycle FFT,3,1500,7.0539158241015,0.212512011643072,4.84684943486271,4.76092089910765,0.208010075697261,0.0411721788571128,0.535670306480985,0.0429165540404605,valid,3986,8566.51622609069,0.000644745325596389,0.999355254674404,0,0.798987351683551,0.000148552417794971,0.0007215,1551,0.266205150751413,0.00224502112459106,0.639200778895827,0.0223477758624324,0,0,1,1,1,46.0800000000001,8.63625979052653,1,0.201012648316449,0.483229784036551,0,0,1.00346007618284e-15,5.02429586778808e-15,0,0,0,0,0,0,0,1,1,,,1.62575653829624,1,1,1,0,0,0.417794970986461
A_C09_027,coarse_scan,C09,low_voltage_nominal_speed,reasonable_extension_range,"0.9 p.u. of source 48 V engineering assumption",100,10,0,43.2,1,1551,0.64,0.04,0.8,0.2,coarse amplitude grid,0,1551,0.0277053611372113,-0.0307719404368642,0.482636900939994,0.100856059183108,1.58667267609507,0.374764477159953,0.793535459235558,0.96094209764132,0.0487220096509182,0.0494601872391761,0.0489836137715921,0.0490552702205622,1,a=valid known-frequency integer-cycle FFT; b=valid known-frequency integer-cycle FFT; c=valid known-frequency integer-cycle FFT,3,1500,7.04854939414207,0.214482676063914,4.8430475026575,4.75702494560402,0.202144774295924,0.0431259310799235,0.5359670018234,0.0417391681962653,valid,4046,8695.46529120997,0.000644745325596389,0.999355254674404,0,0.80290389421543,0.000173029529335912,0.0008431,1551,0.235877594600246,0.00412991666346655,0.638902442393878,0.0395377489106963,0,0,1,1,1,61.4399999999997,8.08069850758817,1,0.197096105784569,0.434963337129591,0,0,1.03839270895281e-15,5.68711676634668e-15,0,0,0,0,0,0,0,1,1,,,1.63033082360841,1,1,1,0,0,0.417794970986461
A_C09_028,coarse_scan,C09,low_voltage_nominal_speed,reasonable_extension_range,"0.9 p.u. of source 48 V engineering assumption",100,10,0,43.2,1,1551,0.64,0.16,0.8,0.4,coarse amplitude grid,0,1551,0.0917694262946635,-0.201811381907269,0.446624968758287,0.268020787233919,1.59816222303095,0.672247145072621,0.800961385390123,0.96094209764132,0.041977427108158,0.0414944943500208,0.0381549091205501,0.0405422768595763,1,a=valid known-frequency integer-cycle FFT; b=valid known-frequency integer-cycle FFT; c=valid known-frequency integer-cycle FFT,3,1500,6.91823537970395,0.213505275681307,4.75547837367593,4.67159111302969,0.322903052520484,0.0859485205562421,0.531203606269641,0.0679012766219109,valid,2818,6056.30775843542,0.307543520309478,0.692456479690522,0,0.805360881136915,0.000142139393939394,0.000625,1439,0.201354350012905,0.0668390590097209,0.639742137200446,0.15980588958383,0,0,1,1,1,122.879999999999,5.13933183675672,1,0.194639118863085,0.497044128498493,0,0,9.82609025816334e-16,5.61733354972272e-15,0,0,0,0,0,0,0,1,1,,,1.7337931581309,1,1,1,1,1,0.210186976144423
A_C09_029,coarse_scan,C09,low_voltage_nominal_speed,reasonable_extension_range,"0.9 p.u. of source 48 V engineering assumption",100,10,0,43.2,1,1551,0.64,0.64,0.8,0.8,coarse amplitude grid,0,1551,0.138794203529334,-0.442185625219748,0.404322313000977,0.529662841345035,1.60087643629697,0.901620696234469,0.813791763586377,1.19722735765247,0.0415964896456735,0.0432958593871014,0.0421913549952501,0.0423612346760084,1,a=valid known-frequency integer-cycle FFT; b=valid known-frequency integer-cycle FFT; c=valid known-frequency integer-cycle FFT,3,1500,6.75305720188163,0.211306469047328,4.63561986600923,4.55133687161964,0.462188677525471,0.136583799927554,0.543948832007391,0.0997037485567956,valid,2196,4719.53578336557,0.459058671824629,0.540941328175371,0,0.809507016279031,0.000128418504190845,0.0008835,1203,0.16413696445423,0.268430823145507,0.63797129752878,0.639481553711588,0,0,1,1,1,245.759999999999,-2.21002812954298,0.979690522243714,0.190492983720969,0.563850203124716,0,0,9.6897419389681e-16,7.53644380168212e-15,0,0,0,0,0,0,0,1,1,,,1.83731468294607,1,1,1,1,1,0.513217279174725
A_C09_030,coarse_scan,C09,low_voltage_nominal_speed,reasonable_extension_range,"0.9 p.u. of source 48 V engineering assumption",100,10,0,43.2,1,1551,0.64,1,0.8,1,coarse amplitude grid,0,1551,0.147040129298964,-0.560680794417402,0.423926197413835,0.653832170695944,1.56880072779777,1.54710813052309,0.78595567726752,1.40138269926549,0.0521326987029084,0.0528440859878543,0.0535818788896675,0.0528528878601434,1,a=valid known-frequency integer-cycle FFT; b=valid known-frequency integer-cycle FFT; c=valid known-frequency integer-cycle FFT,3,1500,6.66929517635018,0.213762078952954,4.57744551520513,4.49347134113475,0.737435170190979,0.153644523090378,0.549629939228183,0.161101900119052,valid,2222,4775.41371158392,0.44100580270793,0.55899419729207,0,0.809328551057879,0.00012545190199871,0.000587,1225,0.182017020561363,0.414489786987744,0.629793406116219,0.994757863659096,0,0,1,1,1,307.199999999998,-6.52708123563539,0.821889103803997,0.190671448942121,0.68211104582096,0,0,9.45520225694926e-16,7.53644380168212e-15,0,0,0,0,0,0,0,1,1,,,2.20333367674292,1,1,1,0,0,0.477111540941327
A_C09_031,coarse_scan,C09,low_voltage_nominal_speed,reasonable_extension_range,"0.9 p.u. of source 48 V engineering assumption",100,10,0,43.2,1,1551,1,0,1,0,coarse amplitude grid,0,1551,0.0804893018230628,-0.000143507507753289,0.63571235218928,0.0765880219232786,1.99221286450476,0.230719555788159,1.00139313141081,0.96094209764132,0.0646454552625475,0.0625377585553472,0.0623253254623264,0.063169513093407,1,a=valid known-frequency integer-cycle FFT; b=valid known-frequency integer-cycle FFT; c=valid known-frequency integer-cycle FFT,3,1500,7.06080062916543,0.218931888912878,4.85413835941164,4.76804609294357,0.242044469684512,0.0461759327513204,0.536081934040313,0.0498635291709834,valid,4076,8759.93982376961,0.000644745325596389,0.999355254674404,0,0.799476043882997,0.000149802965828498,0.0011716,1551,0.41033635558895,0,0.999669483154282,0,0,0,1,1,1,0,6.95133854867413,1,0.200523956117003,0.586012063721268,0,0,1.0575979248209e-15,5.61733354972272e-15,0,0,0,0,0,0,0,1,1,,,2.0055282623093,1,1,1,0,0,0.417794970986461
A_C09_032,coarse_scan,C09,low_voltage_nominal_speed,reasonable_extension_range,"0.9 p.u. of source 48 V engineering assumption",100,10,0,43.2,1,1551,1,0.0225,1,0.15,coarse amplitude grid,0,1551,0.0131399981574943,-0.0164920699565364,0.619361952378759,0.0873109071556518,1.9947162549788,0.231522538559512,0.999882310445644,0.96094209764132,0.0632747357450154,0.061441221436853,0.0584733899096607,0.0610631156971764,1,a=valid known-frequency integer-cycle FFT; b=valid known-frequency integer-cycle FFT; c=valid known-frequency integer-cycle FFT,3,1500,7.05775143027431,0.217897587818167,4.85102230453872,4.76513650226574,0.211782295136405,0.0461290201094426,0.535613593349161,0.0436572503363377,valid,4162,8944.76681710724,0.000644745325596389,0.999355254674404,0,0.802690157913665,0.000133453771760155,0.000827,1548,0.383367376223821,0.00166311205562651,0.993784184739988,0.0218782305055178,0,0,1,1,1,57.5999999999998,5.82558649333638,1,0.197309842086335,0.567275170322799,0,0,9.98220726070942e-16,5.02429586778808e-15,0,0,0,0,0,0,0,1,1,,,2.00810747315419,1,1,1,0,0,0.417794970986461
A_C09_033,coarse_scan,C09,low_voltage_nominal_speed,reasonable_extension_range,"0.9 p.u. of source 48 V engineering assumption",100,10,0,43.2,1,1551,1,0.04,1,0.2,coarse amplitude grid,0,1551,-0.0262166795140149,-0.0214795079220704,0.553155936166962,0.0941753591104302,2.00248446534033,0.230956108515802,1.00167172764827,0.96094209764132,0.0546613029147737,0.0540108178543834,0.0561350504814997,0.054935723750219,1,a=valid known-frequency integer-cycle FFT; b=valid known-frequency integer-cycle FFT; c=valid known-frequency integer-cycle FFT,3,1500,7.04925587920914,0.215975386544033,4.85144589930276,4.76530369963373,0.23242307606137,0.0463691099673995,0.536605925145986,0.0479080012197547,valid,4290,9219.85815602837,0.000644745325596389,0.999355254674404,0,0.805803300093459,0.000146023726627982,0.0010249,1551,0.306864408306811,0.00285017594430894,0.999201997642151,0.0397930091464214,0,0,1,1,1,76.7999999999995,5.28048032512514,1,0.194196699906541,0.546175610098819,0,0,1.02096292234702e-15,5.68711676634668e-15,0,0,0,0,0,0,0,1,1,,,2.01575910217221,1,1,1,0,0,0.417794970986461
A_C09_034,coarse_scan,C09,low_voltage_nominal_speed,reasonable_extension_range,"0.9 p.u. of source 48 V engineering assumption",100,10,0,43.2,1,1551,1,0.16,1,0.4,coarse amplitude grid,0,1551,0.0653527995780962,-0.198439867009407,0.565384722769637,0.266140537882637,1.99082941542003,0.602005136985522,0.999758325962071,0.96094209764132,0.0542140900320144,0.0585198339395921,0.0578005168945618,0.0568448136220561,1,a=valid known-frequency integer-cycle FFT; b=valid known-frequency integer-cycle FFT; c=valid known-frequency integer-cycle FFT,3,1500,6.91737492214192,0.214887346895054,4.75897508875604,4.67523843005955,0.309760641024335,0.0898977904583541,0.531518434012065,0.0650897798889937,valid,2756,5923.0603911455,0.325596389426177,0.674403610573823,0,0.805881802716764,0.000124315087040619,0.0004926,1272,0.324018900932672,0.0658808501374989,0.99660207171309,0.159415030196265,0,0,1,1,1,153.599999999999,2.66102870242531,1,0.194118197283236,0.586965477175135,0,0,9.64655942151975e-16,6.40474566797875e-15,0,0,0,0,0,0,0,1,1,,,2.07985863612377,1,1,1,0,1,0.246292714377821
A_C09_035,coarse_scan,C09,low_voltage_nominal_speed,reasonable_extension_range,"0.9 p.u. of source 48 V engineering assumption",100,10,0,43.2,1,1551,1,0.64,1,0.8,coarse amplitude grid,0,1551,0.145292036039915,-0.410135037080988,0.497958078054672,0.509238779614245,1.98677476882955,1.40000992626104,0.999002036888153,1.17507650692935,0.0551921768634387,0.0543887856489988,0.0552361116307795,0.0549390247144057,1,a=valid known-frequency integer-cycle FFT; b=valid known-frequency integer-cycle FFT; c=valid known-frequency integer-cycle FFT,3,1500,6.77675813852069,0.213614452032815,4.65070844063961,4.56630944818055,0.671195958066988,0.142970610918538,0.54601009602483,0.144321229041543,valid,1982,4259.61745110681,0.522243713733075,0.477756286266925,0,0.812416520636139,0.000118901353965184,0.0004544,1045,0.249991877495379,0.247800937446185,0.997079154838823,0.638678610937108,0,0,1,1,1,307.199999999998,-3.65492395972099,0.959058671824629,0.187583479363861,0.709088368441627,0,0,9.3729627064487e-16,7.94410929039127e-15,0,0,0,0,0,0,0,1,1,,,2.43049414228612,1,1,1,0,1,0.639587362991617
A_C09_036,coarse_scan,C09,low_voltage_nominal_speed,reasonable_extension_range,"0.9 p.u. of source 48 V engineering assumption",100,10,0,43.2,1,1551,1,1,1,1,coarse amplitude grid,0,1551,0.184033799713632,-0.478158960586046,0.4941301148409,0.585820418760089,1.98499430681408,1.36079333001137,0.997134491117992,1.40862085756975,0.046625948871709,0.0483547527944898,0.044632508864292,0.0465377368434969,1,a=valid known-frequency integer-cycle FFT; b=valid known-frequency integer-cycle FFT; c=valid known-frequency integer-cycle FFT,3,1500,6.72793431456238,0.210375334415958,4.61490046968831,4.53003509777353,0.689649664179743,0.15404679241506,0.551386376795218,0.14943976987359,valid,2010,4319.79368149581,0.528691166989039,0.471308833010961,0,0.821836113056495,0.000129722243713733,0.0008268,1140,0.24783382266704,0.329820017962516,0.995809750068952,0.993076675407808,0,0,1,1,1,384,-7.51833495544594,0.821889103803997,0.178163886943506,0.650747057656519,0,0,9.09988418402302e-16,6.93689521461019e-15,0,0,0,0,0,0,0,1,1,,,2.4066493066269,1,1,1,0,0,0.652482269503545
A_C10_001,coarse_scan,C10,low_voltage_mid_speed,reasonable_extension_range,"0.9 p.u. Vdc and bounded speed extension",200,10,0,43.2,1,801,0.01,0,0.1,0,coarse amplitude grid,0,801,-0.00119099525883009,-0.00028649344434547,0.0193860608930159,0.116167396478314,0.184719992006298,0.204349258508966,0.0928006580050109,1.52153200523258,0.00193648863349153,0.00183598578691218,0.00184395695855624,0.00187214379298665,1,a=valid known-frequency integer-cycle FFT; b=valid known-frequency integer-cycle FFT; c=valid known-frequency integer-cycle FFT,3,750,7.06996271749725,0.434125486060695,4.85994638889584,4.69201030048969,0.100399850818286,0.00368813556729505,0.74096760232974,0.020658633405439,valid,3098,12892.2180607574,0.00124843945068664,0.122347066167291,0.876404494382023,0.678266081069951,0.000108704619225968,0.0005463,277,0.000331245570070382,1.68171642004105e-12,0.00871682956696987,4.07854037711512e-12,0,0.635455680399501,1,0.364544319600499,0.364544319600499,0,2.24565419350111,1,0.321733918930049,0.907949253346742,0,0,4.74324066097215e-16,3.76822190084106e-15,0,0,0,0,0,0,0,1,1,,,0.275463418442397,1,1,1,1,1,1.50312109862672
A_C10_002,coarse_scan,C10,low_voltage_mid_speed,reasonable_extension_range,"0.9 p.u. Vdc and bounded speed extension",200,10,0,43.2,1,801,0.01,0.0225,0.1,0.15,coarse amplitude grid,0,801,-0.00703248352547535,-0.011904755869354,0.0336620287913972,0.126866631036767,0.195980408192392,0.412805799705446,0.106399179972189,1.52153200523258,0.00584798861130012,0.00581305920717848,0.00545642535770556,0.00570582439206139,1,a=valid known-frequency integer-cycle FFT; b=valid known-frequency integer-cycle FFT; c=valid known-frequency integer-cycle FFT,3,750,7.05911164957391,0.434034471583408,4.85470900787592,4.68691499699491,0.191001495100694,0.0209742094304942,0.740595658419018,0.0393435517537358,valid,3010,12526.0091552226,0.00124843945068664,0.230961298377029,0.767790262172285,0.678688549121813,0.000108325093632959,0.0006873,301,0.00110625995202814,0.0023463026403095,0.00997739791731988,0.0224429176127377,0,0,1,1,1,5.75999999999999,0.449206082330218,1,0.321311450878187,0.907949253346742,0,0,5.95262072034775e-16,3.97205464519564e-15,0,0,0,0,0,0,0,1,1,,,0.456964931549139,1,1,1,0,0,1.28589263420724
A_C10_003,coarse_scan,C10,low_voltage_mid_speed,reasonable_extension_range,"0.9 p.u. Vdc and bounded speed extension",200,10,0,43.2,1,801,0.01,0.04,0.1,0.2,coarse amplitude grid,0,801,-0.0069669034601275,-0.0184734326628297,0.0335529600914276,0.137669803167578,0.20963699111613,0.385904057839168,0.106639537542425,1.52153200523258,0.00753814501962408,0.00767019554360676,0.00745387964392645,0.00755407340238576,1,a=valid known-frequency integer-cycle FFT; b=valid known-frequency integer-cycle FFT; c=valid known-frequency integer-cycle FFT,3,750,7.05537293265443,0.434037871288648,4.85150697504979,4.68369908516418,0.181699986811761,0.0308620358845224,0.740472291405986,0.0374522777656929,valid,2986,12426.1339991677,0.00124843945068664,0.259675405742821,0.739076154806492,0.678630756344638,0.000108152434456929,0.0005387,328,0.00106200545598911,0.00498573446445523,0.00997027970590007,0.03994446389324,0,0,1,1,1,7.68000000000001,-0.149609954726742,0.999375780274657,0.321369243655362,0.907949253346742,0,0,5.9255043473193e-16,5.02429586778808e-15,0,0,0,0,0,0,0,1,1,,,0.439169226951252,1,1,1,1,1,1.22846441947566
A_C10_004,coarse_scan,C10,low_voltage_mid_speed,reasonable_extension_range,"0.9 p.u. Vdc and bounded speed extension",200,10,0,43.2,1,801,0.01,0.16,0.1,0.4,coarse amplitude grid,0,801,-0.0118026863213354,-0.115896359811012,0.038909008594857,0.256980169338359,0.223227256908456,0.78946344275642,0.116707982657763,1.52153200523258,0.019494142557597,0.020578462912957,0.0203090299097177,0.0201272117934239,1,a=valid known-frequency integer-cycle FFT; b=valid known-frequency integer-cycle FFT; c=valid known-frequency integer-cycle FFT,3,750,6.98293150771856,0.434309392439124,4.8044735247344,4.63773906706321,0.370684408509178,0.09120049225465,0.741420220186876,0.0771540121099263,valid,2768,11518.9346650021,0.00124843945068664,0.528089887640449,0.470661672908864,0.679863898183661,0.000121551685393258,0.0007265,538,0.00134519860593364,0.0503257876401909,0.00992479961427096,0.159844866564589,0,0,1,1,1,15.36,-2.5448741029546,0.999375780274657,0.320136101816339,0.907949253346742,0,0,8.77115628811001e-16,6.40474566797875e-15,0,0,0,0,0,0,0,1,1,,,0.820416318508898,1,1,1,1,1,0.6916354556804
A_C10_005,coarse_scan,C10,low_voltage_mid_speed,reasonable_extension_range,"0.9 p.u. Vdc and bounded speed extension",200,10,0,43.2,1,801,0.01,0.64,0.1,0.8,coarse amplitude grid,0,801,-0.00354160085240171,-0.30162157479587,0.0331988901695119,0.513197415615492,0.23208221506724,1.73748017744922,0.142335624527005,1.52153200523258,0.0388575997210278,0.0394866003159054,0.0385309168619128,0.0389583722996153,1,a=valid known-frequency integer-cycle FFT; b=valid known-frequency integer-cycle FFT; c=valid known-frequency integer-cycle FFT,3,750,6.84620876147137,0.438050440983559,4.71361460071375,4.5451306274383,0.831752146350688,0.182272457528608,0.762052810669684,0.176457393488373,valid,2296,9554.72326258843,0.00998751560549313,0.701622971285893,0.288389513108614,0.661400407901976,0.00012870961298377,0.0005485,649,0.000570437252239873,0.231890796174732,0.00946412523927706,0.629429608214198,0,0,1,1,1,30.72,-7.3354023994103,0.882958801498127,0.338599592098024,0.907949253346742,0,0,1.07872389278672e-15,1.12346670994454e-14,0,0,0,0,0,0,0,1,1,,,1.75291172669347,1,1,1,0,0,0.344569288389512
A_C10_006,coarse_scan,C10,low_voltage_mid_speed,reasonable_extension_range,"0.9 p.u. Vdc and bounded speed extension",200,10,0,43.2,1,801,0.01,1,0.1,1,coarse amplitude grid,0,801,-0.00521954717678902,-0.392803483706148,0.0370322398378976,0.6105644930039,0.265897344378349,1.9273923628446,0.14708992253736,1.52153200523258,0.0451755900867461,0.0448130560793678,0.0439669283333154,0.0446518581664764,1,a=valid known-frequency integer-cycle FFT; b=valid known-frequency integer-cycle FFT; c=valid known-frequency integer-cycle FFT,3,750,6.78586242064711,0.440158087201071,4.66940432227942,4.50070160226926,0.926964007757112,0.207195581091752,0.769378247519874,0.1985186854208,valid,2288,9521.43154390345,0.00998751560549313,0.755305867665418,0.234706616729089,0.664783260727427,0.000132068539325843,0.0004342,680,0.000506254071052155,0.339941449160441,0.00985870233220689,0.998314763552884,0,0,1,1,1,38.3999999999999,-9.73066654763815,0.781835205992509,0.335216739272573,0.907949253346742,0,0,1.13376000627978e-15,9.56597433645091e-15,0,0,0,0,0,0,0,1,1,,,1.94564712065142,1,1,1,0,0,0.237203495630463
A_C10_007,coarse_scan,C10,low_voltage_mid_speed,reasonable_extension_range,"0.9 p.u. Vdc and bounded speed extension",200,10,0,43.2,1,801,0.04,0,0.2,0,coarse amplitude grid,0,801,-0.00529527764120816,-0.000286878010436475,0.0610103446225753,0.116157392920897,0.391255219921058,0.205978728100963,0.196909184462595,1.52153200523258,0.00636480505993604,0.00595957644504056,0.00573160218068158,0.00601866122855273,1,a=valid known-frequency integer-cycle FFT; b=valid known-frequency integer-cycle FFT; c=valid known-frequency integer-cycle FFT,3,750,7.06944240131294,0.433937958804133,4.86024203695832,4.69233809147371,0.115203299833294,0.00587238765455496,0.740963015421757,0.0237032022185858,valid,2994,12459.4257178527,0.00124843945068664,0.248439450686642,0.750312109862672,0.678746445097717,0.00014470024968789,0.0007462,489,0.00376931868465175,1.63468369219334e-12,0.0392457046900219,6.31291320226825e-12,0,0.583021223470662,1,0.416978776529338,0.416978776529338,0,2.19542177787766,1,0.321253554902283,0.907949253346742,0,0,5.91492572655381e-16,3.76822190084106e-15,0,0,0,0,0,0,0,1,1,,,0.442162734234315,1,1,1,0,1,1.25093632958801
A_C10_008,coarse_scan,C10,low_voltage_mid_speed,reasonable_extension_range,"0.9 p.u. Vdc and bounded speed extension",200,10,0,43.2,1,801,0.04,0.0225,0.2,0.15,coarse amplitude grid,0,801,-0.0115055251401141,-0.00977951988535827,0.0760817803430404,0.125322404772266,0.389471114964518,0.375162754734085,0.216509107191809,1.52153200523258,0.00877158381440282,0.00839378743039927,0.00860346367836016,0.00858961164105408,1,a=valid known-frequency integer-cycle FFT; b=valid known-frequency integer-cycle FFT; c=valid known-frequency integer-cycle FFT,3,750,7.0610299314666,0.433961819881584,4.85605533977385,4.68811056774237,0.158503302955181,0.0156177162642792,0.740988130543668,0.0326403411544653,valid,2930,12193.0919683729,0.00124843945068664,0.328339575530587,0.670411985018727,0.678729563598113,0.000171143320848939,0.0011056,629,0.00579952940509576,0.00172401414292241,0.0395083138217516,0.021973311100606,0,0,1,1,1,11.52,0.398973666706766,1,0.321270436401887,0.907949253346742,0,0,6.80755392584446e-16,3.97205464519564e-15,0,0,0,0,0,0,0,1,1,,,0.540772449308738,1,1,1,1,1,1.09113607990012
A_C10_009,coarse_scan,C10,low_voltage_mid_speed,reasonable_extension_range,"0.9 p.u. Vdc and bounded speed extension",200,10,0,43.2,1,801,0.04,0.04,0.2,0.2,coarse amplitude grid,0,801,-0.0147287614090711,-0.0161561192480706,0.0790420539537929,0.136432309907706,0.397355228573307,0.379095020604034,0.202264630973869,1.52153200523258,0.0105960515946948,0.00965932449464841,0.00995257193454986,0.0100693160079643,1,a=valid known-frequency integer-cycle FFT; b=valid known-frequency integer-cycle FFT; c=valid known-frequency integer-cycle FFT,3,750,7.0587319498643,0.434243191703475,4.85317426286934,4.68510405772433,0.169598421059116,0.0255709639456422,0.741522400278444,0.0349458749826231,valid,2902,12076.5709529754,0.00124843945068664,0.364544319600499,0.634207240948814,0.67875549090068,0.000174763420724095,0.0009595,668,0.00632802805360284,0.004227836511088,0.0398894573183258,0.0399146099331576,0,0,1,1,1,15.36,-0.199842370350193,0.999687890137328,0.32124450909932,0.907949253346742,0,0,7.30127755079438e-16,4.44089209850063e-15,0,0,0,0,0,0,0,1,1,,,0.549185043788811,1,1,1,1,1,1.0187265917603
A_C10_010,coarse_scan,C10,low_voltage_mid_speed,reasonable_extension_range,"0.9 p.u. Vdc and bounded speed extension",200,10,0,43.2,1,801,0.04,0.16,0.2,0.4,coarse amplitude grid,0,801,-0.0274657520478001,-0.111387698860652,0.0874231625089517,0.251105119704437,0.419402402240784,0.79574213764703,0.216731081976526,1.52153200523258,0.0195617957882725,0.0200494615586828,0.0216176746234129,0.0204096439901228,1,a=valid known-frequency integer-cycle FFT; b=valid known-frequency integer-cycle FFT; c=valid known-frequency integer-cycle FFT,3,750,6.98693592767542,0.434287760233523,4.80772036856156,4.64056944726337,0.364612042630267,0.0844661629367234,0.741897629968556,0.075838862221381,valid,2698,11227.6321265085,0.00124843945068664,0.616729088639201,0.382022471910112,0.679415635133444,0.000134332584269663,0.0005632,638,0.00742634786010464,0.0464170488336025,0.0389619312247272,0.158688463696555,0,0,1,1,1,30.72,-2.59510651857805,0.999375780274657,0.320584364866556,0.907949253346742,0,0,9.64640226198422e-16,5.32907051820075e-15,0,0,0,0,0,0,0,1,1,,,0.899502042594904,1,1,1,0,0,0.514357053682896
A_C10_011,coarse_scan,C10,low_voltage_mid_speed,reasonable_extension_range,"0.9 p.u. Vdc and bounded speed extension",200,10,0,43.2,1,801,0.04,0.64,0.2,0.8,coarse amplitude grid,0,801,-0.0104675791937348,-0.29406987771924,0.0703981184977899,0.505671915236806,0.439211150112626,1.52682748560386,0.230293599440845,1.52153200523258,0.0403369544279376,0.0387324434534609,0.0375178206424458,0.0388624061746148,1,a=valid known-frequency integer-cycle FFT; b=valid known-frequency integer-cycle FFT; c=valid known-frequency integer-cycle FFT,3,750,6.84928981031965,0.438449579356973,4.71770604715707,4.54748611287548,0.724078192093688,0.175484637280588,0.765661122802149,0.153480989458854,valid,2304,9588.01498127341,0.0112359550561798,0.730337078651685,0.258426966292135,0.663354720986029,0.000144502746566792,0.000597,694,0.00399473872669382,0.221186408348374,0.0394383269661072,0.638027994882198,0,0,1,1,1,61.4400000000001,-7.38563481503375,0.879213483146067,0.336645279013971,0.907949253346742,0,0,1.05500504230473e-15,7.94410929039127e-15,0,0,0,0,0,0,0,1,1,,,1.58874434859063,1,1,1,0,0,0.287141073657928
A_C10_012,coarse_scan,C10,low_voltage_mid_speed,reasonable_extension_range,"0.9 p.u. Vdc and bounded speed extension",200,10,0,43.2,1,801,0.04,1,0.2,1,coarse amplitude grid,0,801,-0.00997529080339788,-0.354268722796122,0.0712954802562526,0.609498103518843,0.457282136116223,1.98463730814578,0.247902894130673,1.52153200523258,0.045756791256418,0.0469244318759876,0.0492325874930214,0.047304603541809,1,a=valid known-frequency integer-cycle FFT; b=valid known-frequency integer-cycle FFT; c=valid known-frequency integer-cycle FFT,3,750,6.81159727111293,0.440123030624221,4.68837470084411,4.51856174882317,0.950748371973655,0.220865241225744,0.776138610159215,0.202788478447015,valid,2292,9538.07740324594,0.0149812734082397,0.776529338327091,0.208489388264669,0.665324004379154,0.000233849438202247,0.0008978,774,0.00341456467846177,0.338209386388535,0.0396171267577878,0.998039996002095,0,0,1,1,1,76.7999999999997,-9.7808989632616,0.781835205992509,0.334675995620846,0.910928530824662,0,0,1.09291830201183e-15,1.06581410364015e-14,0,0,0,0,0,0,0,1,1,,,2.03663747311473,1,1,1,0,0,0.194756554307116
A_C10_013,coarse_scan,C10,low_voltage_mid_speed,reasonable_extension_range,"0.9 p.u. Vdc and bounded speed extension",200,10,0,43.2,1,801,0.16,0,0.4,0,coarse amplitude grid,0,801,0.00605072281794444,-0.000293747392468845,0.172306032189677,0.11619574853274,0.794280085920375,0.219293221502772,0.416663422821521,1.52153200523258,0.0170252719192809,0.0177855787906054,0.0176411103030792,0.0174839870043218,1,a=valid known-frequency integer-cycle FFT; b=valid known-frequency integer-cycle FFT; c=valid known-frequency integer-cycle FFT,3,750,7.06507675182308,0.43400335590073,4.85942225606698,4.69159360499657,0.12839329779592,0.0133539917263535,0.740921350368645,0.0264215149518282,valid,2812,11702.0391177695,0.00124843945068664,0.469413233458177,0.529338327091136,0.679085743829923,0.000161188639200999,0.0009408,630,0.0302898486972014,1.58544769279141e-12,0.159159132720341,1.04023506425385e-11,0,0.50936329588015,1,0.49063670411985,0.49063670411985,0,2.09495694663075,1,0.320914256170076,0.907949253346742,0,0,8.6515882552945e-16,4.44089209850063e-15,0,0,0,0,0,0,0,1,1,,,0.823996584875655,1,1,1,0,1,0.808988764044944
A_C10_014,coarse_scan,C10,low_voltage_mid_speed,reasonable_extension_range,"0.9 p.u. Vdc and bounded speed extension",200,10,0,43.2,1,801,0.16,0.0225,0.4,0.15,coarse amplitude grid,0,801,-0.0447487167280107,-0.0225667133982425,0.228113904468047,0.130330459175003,0.798214734413478,0.271575375443962,0.41484761364024,1.52153200523258,0.0234892089318519,0.0223234147888911,0.0235860600075095,0.0231328945760841,1,a=valid known-frequency integer-cycle FFT; b=valid known-frequency integer-cycle FFT; c=valid known-frequency integer-cycle FFT,3,750,7.04665817997397,0.434310907627235,4.85220057808197,4.68437643271106,0.116726827475272,0.018379086971553,0.741007470687059,0.0240564720268455,valid,2710,11277.569704536,0.00124843945068664,0.595505617977528,0.403245942571785,0.680447588037162,0.000142377902621723,0.0008635,624,0.053344751953532,0.00281647709900686,0.159794877576844,0.021973364349771,0,0,1,1,1,23.04,0.298508835459863,1,0.319552411962838,0.907949253346742,0,0,1.02806684522389e-15,4.44089209850063e-15,0,0,0,0,0,0,0,1,1,,,0.843148828370358,1,1,1,1,1,0.556803995006242
A_C10_015,coarse_scan,C10,low_voltage_mid_speed,reasonable_extension_range,"0.9 p.u. Vdc and bounded speed extension",200,10,0,43.2,1,801,0.16,0.04,0.4,0.2,coarse amplitude grid,0,801,0.00131941902546343,-0.0350465019039757,0.226078139098312,0.143645442184869,0.804857546606559,0.372155844637451,0.407094236369918,1.52153200523258,0.0239014058494098,0.0248347964449182,0.0237938148985119,0.0241766723976133,1,a=valid known-frequency integer-cycle FFT; b=valid known-frequency integer-cycle FFT; c=valid known-frequency integer-cycle FFT,3,750,7.04431424025885,0.433686061206321,4.84282609875625,4.67538763552028,0.153081269755335,0.030955331895169,0.739940345609598,0.0316099043479281,valid,2662,11077.8193924261,0.00124843945068664,0.65792759051186,0.340823970037453,0.679001248242647,0.000118660549313358,0.0003801,587,0.0519110193049102,0.00615376143796458,0.159890974313229,0.0399184025121941,0,0,1,1,1,30.72,-0.300307201597096,0.999687890137328,0.320998751757353,0.907949253346742,0,0,1.07577079591365e-15,5.68711676634668e-15,0,0,0,0,0,0,0,1,1,,,0.886733129541997,1,1,1,1,1,0.431960049937578
A_C10_016,coarse_scan,C10,low_voltage_mid_speed,reasonable_extension_range,"0.9 p.u. Vdc and bounded speed extension",200,10,0,43.2,1,801,0.16,0.16,0.4,0.4,coarse amplitude grid,1,801,-0.0671316237173946,-0.14057315262387,0.235845071415921,0.257277288420723,0.815234943610588,0.93198020847896,0.413265538281733,1.52153200523258,0.0271392861224176,0.0272671666199929,0.02808453407717,0.0274969956065268,1,a=valid known-frequency integer-cycle FFT; b=valid known-frequency integer-cycle FFT; c=valid known-frequency integer-cycle FFT,3,750,6.96252154693167,0.434961966160583,4.79629200990393,4.62816035202123,0.398526804282571,0.0696276943781887,0.742857059011985,0.0830906048796961,valid,2478,10312.1098626717,0.00124843945068664,0.873907615480649,0.124843945068664,0.681234598760824,0.000190821722846442,0.0048133,788,0.0548721782447923,0.0452518439501612,0.159773536794613,0.159560421566978,0,0,1,1,1,61.4400000000001,-2.69557134982495,0.999375780274657,0.318765401239176,0.907949253346742,0,0,1.32110564635627e-15,5.68711676634668e-15,0,0,0,0,0,0,0,1,1,,,1.23822256572889,1,1,1,0,0,0
A_C10_017,coarse_scan,C10,low_voltage_mid_speed,reasonable_extension_range,"0.9 p.u. Vdc and bounded speed extension",200,10,0,43.2,1,801,0.16,0.64,0.4,0.8,coarse amplitude grid,0,801,0.00411307874770613,-0.427441942420063,0.253350996480948,0.570781303175276,0.81526773360834,1.35708228762028,0.417454064057446,1.52153200523258,0.0403131105457899,0.0364221163877636,0.0399986679836826,0.0389112983057453,1,a=valid known-frequency integer-cycle FFT; b=valid known-frequency integer-cycle FFT; c=valid known-frequency integer-cycle FFT,3,750,6.74519625737424,0.439375227523439,4.65184623134499,4.48438038194436,0.656036358786888,0.157317815270418,0.75240289102189,0.141027094654676,valid,2064,8589.26342072409,0.15230961298377,0.729088639200999,0.118601747815231,0.680309429690932,0.00015526304619226,0.0006966,773,0.0639828440972549,0.292001085405036,0.159805447019318,0.639430216561939,0,0,1,1,1,122.88,-7.48609964628065,0.841760299625468,0.319690570309068,0.907949253346742,0,0,1.31228572301959e-15,8.88178419700125e-15,0,0,0,0,0,0,0,1,1,,,1.58314049055527,1,1,1,1,1,0.302122347066166
A_C10_018,coarse_scan,C10,low_voltage_mid_speed,reasonable_extension_range,"0.9 p.u. Vdc and bounded speed extension",200,10,0,43.2,1,801,0.16,1,0.4,1,coarse amplitude grid,0,801,0.0469049111518682,-0.542049551282271,0.244736579342317,0.705794373402209,0.828595876270987,1.80255097445922,0.420937131179987,1.52153200523258,0.0482593367083898,0.0498871771428977,0.0487123714799996,0.0489529617770957,1,a=valid known-frequency integer-cycle FFT; b=valid known-frequency integer-cycle FFT; c=valid known-frequency integer-cycle FFT,3,750,6.6858063088771,0.438337350965328,4.59324673644274,4.42664546058759,0.87038440709731,0.196691417129466,0.757620765602315,0.189492195181177,valid,2018,8397.83603828548,0.161048689138577,0.766541822721598,0.0724094881398252,0.67767503258973,0.000124932334581773,0.0004527,747,0.060056029766988,0.463659953038971,0.159708386243122,0.997227659333507,0,0,1,1,1,153.599999999999,-9.88136379450851,0.679775280898876,0.32232496741027,0.909646049371817,0,0,1.45560025743073e-15,8.88178419700125e-15,0,0,0,0,0,0,0,1,1,,,1.98387528380621,1,1,1,0,0,0.31960049937578
A_C10_019,coarse_scan,C10,low_voltage_mid_speed,reasonable_extension_range,"0.9 p.u. Vdc and bounded speed extension",200,10,0,43.2,1,801,0.36,0,0.6,0,coarse amplitude grid,0,801,0.0590073688836992,-0.000295353287974118,0.318968721684902,0.116312076714715,1.18312626885965,0.217561468680213,0.612980326179488,1.52153200523258,0.0308939465360439,0.03183132719224,0.0299482291115039,0.0308911676132626,1,a=valid known-frequency integer-cycle FFT; b=valid known-frequency integer-cycle FFT; c=valid known-frequency integer-cycle FFT,3,750,7.04317771172796,0.434020275073106,4.85561061798684,4.68804729791727,0.119959568611275,0.023656168172417,0.740389399751248,0.0247053518185548,valid,2484,10337.0786516854,0.00124843945068664,0.873907615480649,0.124843945068664,0.679784537658665,0.000122422971285893,0.0005079,743,0.102377955133011,7.60612046084582e-13,0.35987523885238,1.81546080296842e-11,0,0.124843945068664,1,0.875156054931336,0.875156054931336,0,1.99449211538385,1,0.320215462341335,0.907949253346742,0,0,1.45242767359754e-15,5.32907051820075e-15,0,0,0,0,0,0,0,1,1,,,1.202963324761,1,1,1,0,1,0
A_C10_020,coarse_scan,C10,low_voltage_mid_speed,reasonable_extension_range,"0.9 p.u. Vdc and bounded speed extension",200,10,0,43.2,1,801,0.36,0.0225,0.6,0.15,coarse amplitude grid,0,801,0.00231782152576974,-0.0132825390764177,0.336302899837115,0.126863199465439,1.1994795364654,0.342505651700098,0.602689778729964,1.52153200523258,0.0328380442158415,0.0283642133363756,0.0322697979418556,0.0311573518313576,1,a=valid known-frequency integer-cycle FFT; b=valid known-frequency integer-cycle FFT; c=valid known-frequency integer-cycle FFT,3,750,7.04842036275335,0.436594487266271,4.85333690777624,4.68532978101133,0.137703110855013,0.0232165191130542,0.741308833291608,0.0283728728237224,valid,2398,9979.19267582189,0.00124843945068664,0.953807740324594,0.0449438202247191,0.679832544230522,0.000141569288389513,0.0009475,795,0.113538307562811,0.00159065039308048,0.358389791122091,0.0222202676452063,0,0,1,1,1,34.5600000000001,0.198044004212964,1,0.320167455769478,0.907949253346742,0,0,1.52196823085744e-15,5.68711676634668e-15,0,0,0,0,0,0,0,1,1,,,1.24742185320194,1,1,1,0,1,0.15980024968789
A_C10_021,coarse_scan,C10,low_voltage_mid_speed,reasonable_extension_range,"0.9 p.u. Vdc and bounded speed extension",200,10,0,43.2,1,801,0.36,0.04,0.6,0.2,coarse amplitude grid,0,801,0.00708938038078454,-0.0274788212070227,0.343980904081524,0.139034373131654,1.18637232788678,0.355331436990552,0.610272911572292,1.52153200523258,0.0324026816408255,0.0320417386717302,0.0337384864121639,0.0327276355749065,1,a=valid known-frequency integer-cycle FFT; b=valid known-frequency integer-cycle FFT; c=valid known-frequency integer-cycle FFT,3,750,7.02885475748605,0.433805897458204,4.84604759535967,4.67805902078546,0.175792339836844,0.0250305414559428,0.740894539733541,0.03627540513741,valid,2382,9912.60923845193,0.00124843945068664,0.961298377028714,0.0374531835205993,0.679055400063381,0.000156969163545568,0.0007006,795,0.119655548544815,0.00438893388311959,0.357006669171826,0.0390381553179439,0,0,1,1,1,46.0799999999999,-0.400772032843996,0.999687890137328,0.320944599936619,0.907949253346742,0,0,1.53367386331571e-15,6.40474566797875e-15,0,0,0,0,0,0,0,1,1,,,1.2384424615174,1,1,1,0,1,0.17478152309613
A_C10_022,coarse_scan,C10,low_voltage_mid_speed,reasonable_extension_range,"0.9 p.u. Vdc and bounded speed extension",200,10,0,43.2,1,801,0.36,0.16,0.6,0.4,coarse amplitude grid,0,801,0.05362589760341,-0.0968985506300545,0.333566997104948,0.221188286084557,1.20281339431595,0.779935861596064,0.615309120429614,1.52153200523258,0.0331013344187714,0.0320795251364868,0.0355509115138651,0.0335772570230411,1,a=valid known-frequency integer-cycle FFT; b=valid known-frequency integer-cycle FFT; c=valid known-frequency integer-cycle FFT,3,750,6.99820842079703,0.435072780855424,4.80893878354958,4.6411617995187,0.37438205687931,0.0650458426735225,0.741501660634788,0.077851283563849,valid,2268,9438.20224719101,0.00124843945068664,0.995006242197253,0.00374531835205993,0.675869882612301,0.000178743570536829,0.0009991,801,0.111083809407066,0.0314776786254676,0.357805787060851,0.155617546019549,0,0,1,1,1,92.1599999999999,-2.79603618107185,0.999375780274657,0.324130117387699,0.907949253346742,0,0,1.58041551919105e-15,6.40474566797875e-15,0,0,0,0,0,0,0,1,1,,,1.43354804933405,1,1,1,1,1,0.242197253433208
A_C10_023,coarse_scan,C10,low_voltage_mid_speed,reasonable_extension_range,"0.9 p.u. Vdc and bounded speed extension",200,10,0,43.2,1,801,0.36,0.64,0.6,0.8,coarse amplitude grid,0,801,0.0652522500472801,-0.389132090634953,0.339782977844735,0.52801159178648,1.21252343564631,1.42891700512902,0.615613796903785,1.52153200523258,0.0450801630947024,0.0456761304658522,0.0451742177086732,0.0453101704230759,1,a=valid known-frequency integer-cycle FFT; b=valid known-frequency integer-cycle FFT; c=valid known-frequency integer-cycle FFT,3,750,6.78584236829981,0.441131991150732,4.66631496620128,4.49813236674819,0.680341210033417,0.14785221322266,0.754939183232821,0.14579839015609,valid,1822,7582.18893050354,0.188514357053683,0.795255930087391,0.0162297128589263,0.678453304856325,0.000156339450686642,0.0008235,762,0.113748523701549,0.244608505390399,0.357094897078943,0.637293264344921,0,0,1,1,1,184.32,-7.58656447752756,0.881710362047441,0.321546695143675,0.907949253346742,0,0,1.5739327691092e-15,8.88178419700125e-15,0,0,0,0,0,0,0,1,1,,,1.87403759021489,1,1,1,1,1,0.374531835205992
A_C10_024,coarse_scan,C10,low_voltage_mid_speed,reasonable_extension_range,"0.9 p.u. Vdc and bounded speed extension",200,10,0,43.2,1,801,0.36,1,0.6,1,coarse amplitude grid,0,801,0.0784522462253168,-0.516650792002703,0.335293611998574,0.668605810179608,1.20502433175277,1.76879082222372,0.634519354043256,1.52153200523258,0.0445115562779991,0.0461329108594597,0.045823772717685,0.0454894132850479,1,a=valid known-frequency integer-cycle FFT; b=valid known-frequency integer-cycle FFT; c=valid known-frequency integer-cycle FFT,3,750,6.69572703853412,0.439669811232959,4.60339624820192,4.43485126963207,0.841679551605403,0.177775178659995,0.757800589848689,0.182838822952546,valid,1818,7565.54307116105,0.181023720349563,0.808988764044944,0.00998751560549313,0.67434416861617,0.000183202746566792,0.0008082,785,0.111482286995589,0.405945428718073,0.358231140757649,0.998454299918819,0,0,1,1,1,230.400000000001,-9.98182862575541,0.675405742821473,0.325655831383829,0.93253158583853,0,0,1.60422944512469e-15,1.12346670994454e-14,0,0,0,0,0,0,0,1,1,,,2.14025807156499,1,1,1,0,0,0.359550561797752
A_C10_025,coarse_scan,C10,low_voltage_mid_speed,reasonable_extension_range,"0.9 p.u. Vdc and bounded speed extension",200,10,0,43.2,1,801,0.64,0,0.8,0,coarse amplitude grid,0,801,0.036955905539023,-0.000341826768452288,0.405759939668518,0.116380694606854,1.57284557712617,0.227925774388671,0.816581586337354,1.52153200523258,0.0351445638231105,0.0367146123769655,0.0383163678449071,0.0367251813483277,1,a=valid known-frequency integer-cycle FFT; b=valid known-frequency integer-cycle FFT; c=valid known-frequency integer-cycle FFT,3,750,7.06055666365582,0.436345721543145,4.85717612549539,4.6894916811996,0.123811677078137,0.0298092598735036,0.741328683629291,0.0254904648048991,valid,2412,10037.4531835206,0.00124843945068664,0.953807740324594,0.0449438202247191,0.679460275239063,0.000148059425717853,0.0008742,792,0.161153927469842,4.18098745715051e-13,0.636507328005544,2.17502299460838e-11,0,0.0449438202247191,1,0.955056179775281,0.955056179775281,0,1.89402728413695,1,0.320539724760937,0.907949253346742,0,0,1.58103479690937e-15,6.21724893790088e-15,0,0,0,0,0,0,0,1,1,,,1.5892744785329,1,1,1,0,1,0.15980024968789
A_C10_026,coarse_scan,C10,low_voltage_mid_speed,reasonable_extension_range,"0.9 p.u. Vdc and bounded speed extension",200,10,0,43.2,1,801,0.64,0.0225,0.8,0.15,coarse amplitude grid,0,801,0.00788412765226068,-0.0128244274159834,0.452087513397,0.126149363345586,1.58420667586061,0.332943226634187,0.797907313268246,1.52153200523258,0.0450556407019416,0.0450195242630931,0.0456968047079481,0.0452573232243276,1,a=valid known-frequency integer-cycle FFT; b=valid known-frequency integer-cycle FFT; c=valid known-frequency integer-cycle FFT,3,750,7.05454343006901,0.439691575948125,4.85316018092498,4.68491646154205,0.180045559191823,0.0322120194564126,0.741823095104974,0.0370986228518647,valid,2352,9787.76529338327,0.00124843945068664,0.9812734082397,0.017478152309613,0.678551969090614,0.000134303870162297,0.0006875,800,0.20411473171597,0.00163774127794476,0.637932223133921,0.0211133888902221,0,0,1,1,1,46.0799999999999,0.0975791729660607,1,0.321448030909386,0.907949253346742,0,0,1.62726359095431e-15,6.46603649670442e-15,0,0,0,0,0,0,0,1,1,,,1.61881499375404,1,1,1,0,1,0.214731585518102
A_C10_027,coarse_scan,C10,low_voltage_mid_speed,reasonable_extension_range,"0.9 p.u. Vdc and bounded speed extension",200,10,0,43.2,1,801,0.64,0.04,0.8,0.2,coarse amplitude grid,0,801,-0.0545297834684242,-0.0241362415774928,0.454685870721104,0.134492087299124,1.60168208667776,0.329642032983051,0.801458374583436,1.52153200523258,0.0411824299647186,0.040067422987152,0.0428988060029426,0.0413828863182711,1,a=valid known-frequency integer-cycle FFT; b=valid known-frequency integer-cycle FFT; c=valid known-frequency integer-cycle FFT,3,750,7.03675955332664,0.441906644494761,4.85211414261693,4.68388450325022,0.200254981643672,0.0325298427682475,0.742528872943554,0.0412716963693824,valid,2326,9679.5672076571,0.00124843945068664,0.990012484394507,0.00873907615480649,0.678216074506073,0.000125409238451935,0.000585,801,0.20653330723022,0.0035214470921862,0.63891345562437,0.0396837781804411,0,0,1,1,1,61.4400000000001,-0.501236864090899,0.999687890137328,0.321783925493927,0.907949253346742,0,0,1.59323516956211e-15,6.40474566797875e-15,0,0,0,0,0,0,0,1,1,,,1.63525208353135,1,1,1,0,1,0.232209737827715
A_C10_028,coarse_scan,C10,low_voltage_mid_speed,reasonable_extension_range,"0.9 p.u. Vdc and bounded speed extension",200,10,0,43.2,1,801,0.64,0.16,0.8,0.4,coarse amplitude grid,0,801,0.0501560251349767,-0.0876897967777518,0.453126044622962,0.207673399523684,1.60511797803802,0.685270285207009,0.804324617289244,1.52153200523258,0.0461551780598306,0.047219851219984,0.0482656867365789,0.0472135720054645,1,a=valid known-frequency integer-cycle FFT; b=valid known-frequency integer-cycle FFT; c=valid known-frequency integer-cycle FFT,3,750,6.97757074838797,0.434478422903164,4.81365796534683,4.64683691009865,0.331601129129719,0.0662239178112511,0.738264385447385,0.0688875552681331,valid,2210,9196.83728672493,0.00124843945068664,0.997503121098627,0.00124843945068664,0.672007512397356,0.000135197752808989,0.0005322,801,0.206471149467918,0.0281920658740693,0.636742447696412,0.156066501254936,0,0,1,1,1,122.88,-2.89650101231875,0.999375780274657,0.327992487602644,0.907949253346742,0,0,1.62464552060941e-15,6.46603649670442e-15,0,0,0,0,0,0,0,1,1,,,1.74527908576495,1,1,1,0,1,0.247191011235955
A_C10_029,coarse_scan,C10,low_voltage_mid_speed,reasonable_extension_range,"0.9 p.u. Vdc and bounded speed extension",200,10,0,43.2,1,801,0.64,0.64,0.8,0.8,coarse amplitude grid,0,801,0.000248381236944472,-0.386388468093,0.445729980953693,0.516169982642618,1.62252215338195,1.5790806395544,0.813242173363048,1.52153200523258,0.0557189055865594,0.0579027348296964,0.0553267057807315,0.0563161153989958,1,a=valid known-frequency integer-cycle FFT; b=valid known-frequency integer-cycle FFT; c=valid known-frequency integer-cycle FFT,3,750,6.77427399824845,0.439113220095073,4.67205920038566,4.50717863449588,0.756015846880209,0.148536967314136,0.7477547076225,0.161816409949986,valid,1664,6924.67748647524,0.273408239700375,0.725343320848939,0.00124843945068664,0.680103060208508,0.000142215355805243,0.0006808,776,0.200642268403469,0.243766566164377,0.63818837332458,0.638428061137778,0,0,1,1,1,245.76,-7.68702930877445,0.863607990012484,0.319896939791492,0.907949253346742,0,0,1.60031083180114e-15,7.53644380168212e-15,0,0,0,0,0,0,0,1,1,,,2.26408343583684,1,1,1,0,0,0.544319600499376
A_C10_030,coarse_scan,C10,low_voltage_mid_speed,reasonable_extension_range,"0.9 p.u. Vdc and bounded speed extension",200,10,0,43.2,1,801,0.64,1,0.8,1,coarse amplitude grid,0,801,0.00585643012935626,-0.507143517630361,0.439226042629259,0.643924007431224,1.63271745858151,1.87228727946717,0.81969716788821,1.52153200523258,0.0599261326946275,0.0565033664455058,0.0598022326815563,0.0587439106072299,1,a=valid known-frequency integer-cycle FFT; b=valid known-frequency integer-cycle FFT; c=valid known-frequency integer-cycle FFT,3,750,6.67830842472583,0.445051867485204,4.61291253858394,4.44517573897003,0.876998665183168,0.164898160063352,0.756312364934497,0.190118207932116,valid,1616,6724.92717436538,0.262172284644195,0.737827715355805,0,0.67502726919056,0.0002499265917603,0.0009126,801,0.190581745285506,0.377125341230663,0.629077749915929,0.99154439206562,0,0,1,1,1,307.199999999999,-10.0822934570023,0.687578027465668,0.32497273080944,0.880818294511954,0,0,1.62833903491602e-15,1.00485917355762e-14,0,0,0,0,0,0,0,1,1,,,2.48419523315126,1,1,1,0,0,0.521847690387016
A_C10_031,coarse_scan,C10,low_voltage_mid_speed,reasonable_extension_range,"0.9 p.u. Vdc and bounded speed extension",200,10,0,43.2,1,801,1,0,1,0,coarse amplitude grid,0,801,0.0852709287387646,-0.000306871359048491,0.535498378552587,0.116749700688334,1.99178592163325,0.236709948892818,1.00168597763521,1.52153200523258,0.0505364671035828,0.0494109159085662,0.0504321187148923,0.0501265005756804,1,a=valid known-frequency integer-cycle FFT; b=valid known-frequency integer-cycle FFT; c=valid known-frequency integer-cycle FFT,3,750,7.0556701565598,0.435664445064547,4.85372178648092,4.68585907871125,0.199252052470287,0.0397893526498271,0.740214813678646,0.041051395451891,valid,2358,9812.734082397,0.00124843945068664,0.973782771535581,0.0249687890137328,0.675357913145944,0.000177795505617978,0.0007324,801,0.289563358975959,2.49700389385873e-13,0.998526173507745,2.53204864942836e-11,0,0.0249687890137328,1,0.975031210986267,0.975031210986267,0,1.79356245289005,1,0.324642086854056,0.907949253346742,0,0,1.63140225886306e-15,7.32410687763558e-15,0,0,0,0,0,0,0,1,1,,,2.00580227278794,1,1,1,0,0,0.199750312109863
A_C10_032,coarse_scan,C10,low_voltage_mid_speed,reasonable_extension_range,"0.9 p.u. Vdc and bounded speed extension",200,10,0,43.2,1,801,1,0.0225,1,0.15,coarse amplitude grid,0,801,-0.00649931492416522,-0.0174505195094986,0.609179329410161,0.125120800402508,1.99280082784834,0.333707738300424,0.997799197655915,1.52153200523258,0.0602777022003381,0.0569194346557763,0.0572737956532712,0.0581569775031285,1,a=valid known-frequency integer-cycle FFT; b=valid known-frequency integer-cycle FFT; c=valid known-frequency integer-cycle FFT,3,750,7.04743374756667,0.442951028986485,4.85195809527112,4.683860278981,0.211375593596435,0.0455625933810701,0.741372091227217,0.0435650080742552,valid,2220,9238.45193508115,0.00124843945068664,0.997503121098627,0.00124843945068664,0.660101755534486,0.000236429213483146,0.00134,801,0.381065218508668,0.00194150002009509,0.998705137649244,0.0223697870096404,0,0,1,1,1,57.6000000000002,-0.00288565828083875,0.999687890137328,0.339898244465514,0.907949253346742,0,0,1.65688422525007e-15,8.88178419700125e-15,0,0,0,0,0,0,0,1,1,,,2.02054843893301,1,1,1,0,1,0.247191011235955
A_C10_033,coarse_scan,C10,low_voltage_mid_speed,reasonable_extension_range,"0.9 p.u. Vdc and bounded speed extension",200,10,0,43.2,1,801,1,0.04,1,0.2,coarse amplitude grid,0,801,0.0354250821729532,-0.0328487441696116,0.612269638643726,0.134860230898487,1.99288542750131,0.286171875942804,0.997876659589014,1.52153200523258,0.0623608611227685,0.0639792267818895,0.060207459598256,0.0621825158343047,1,a=valid known-frequency integer-cycle FFT; b=valid known-frequency integer-cycle FFT; c=valid known-frequency integer-cycle FFT,3,750,7.03648583420529,0.439576067819145,4.84144588319913,4.67400054033279,0.229003412471782,0.0483180480535971,0.739454349166949,0.0473006242342754,valid,2196,9138.57677902622,0.00124843945068664,0.997503121098627,0.00124843945068664,0.658026061302514,0.00024766279650437,0.001008,801,0.386890790521343,0.00468347461929398,0.998643873099379,0.0397128422237458,0,0,1,1,1,76.7999999999997,-0.601701695337798,0.999687890137328,0.341973938697487,0.907949253346742,0,0,1.75240710875855e-15,7.94410929039127e-15,0,0,0,0,0,0,0,1,1,,,2.0133272634442,1,1,1,0,1,0.247191011235955
A_C10_034,coarse_scan,C10,low_voltage_mid_speed,reasonable_extension_range,"0.9 p.u. Vdc and bounded speed extension",200,10,0,43.2,1,801,1,0.16,1,0.4,coarse amplitude grid,0,801,0.117931321572819,-0.0903346964573029,0.580580799022848,0.206385352338159,1.9975042529671,0.67582815998788,1.0032539688823,1.52153200523258,0.0585971812085599,0.0555053382016703,0.056732703726646,0.0569450743789587,1,a=valid known-frequency integer-cycle FFT; b=valid known-frequency integer-cycle FFT; c=valid known-frequency integer-cycle FFT,3,750,7.00186659862062,0.440877176127818,4.80752284657996,4.64106739989845,0.323623918751726,0.0695416393832662,0.736971521256382,0.0673161478539722,valid,2136,8888.88888888889,0.00124843945068664,0.997503121098627,0.00124843945068664,0.656447655132615,0.000169857428214732,0.0008528,801,0.345604141076558,0.0288456176645125,0.991108015025091,0.158021401612113,0,0,1,1,1,153.599999999999,-2.99696584356565,0.995942571785268,0.343552344867385,0.907949253346742,0,0,1.71725009111045e-15,7.94410929039127e-15,0,0,0,0,0,0,0,1,1,,,2.10873586360508,1,1,1,0,1,0.247191011235955
A_C10_035,coarse_scan,C10,low_voltage_mid_speed,reasonable_extension_range,"0.9 p.u. Vdc and bounded speed extension",200,10,0,43.2,1,801,1,0.64,1,0.8,coarse amplitude grid,0,801,0.0826482464164239,-0.406337241211362,0.579156036039017,0.533142275002336,1.99093792230007,1.38651136309497,1.00721326049033,1.52153200523258,0.0652481179904003,0.0707108429221493,0.0676243076214686,0.0678610895113394,1,a=valid known-frequency integer-cycle FFT; b=valid known-frequency integer-cycle FFT; c=valid known-frequency integer-cycle FFT,3,750,6.75028982005768,0.442174404762206,4.65675342902398,4.49281917074501,0.662868441003525,0.154525173364785,0.74645574545818,0.142345617200191,valid,1546,6433.62463587183,0.284644194756554,0.715355805243446,0,0.662757734838422,0.000162422721598002,0.000811,800,0.338169757719171,0.262698563704222,0.994999756706234,0.634900471660197,0,0,1,1,1,307.199999999999,-8.11271506020472,0.822097378277154,0.337242265161578,0.7851393026161,0,0,1.61889206993557e-15,7.94410929039127e-15,0,0,0,0,0,0,0,1,1,,,2.42615901590229,1,1,1,0,1,0.566791510611734
A_C10_036,coarse_scan,C10,low_voltage_mid_speed,reasonable_extension_range,"0.9 p.u. Vdc and bounded speed extension",200,10,0,43.2,1,801,1,1,1,1,coarse amplitude grid,0,801,0.111857764331549,-0.539707676419798,0.59434741184554,0.67206526773493,2.02238642104713,1.61085384358147,1.02026284081403,1.52153200523258,0.0511126798363846,0.0542055090660606,0.0576669148035561,0.0543283679020005,1,a=valid known-frequency integer-cycle FFT; b=valid known-frequency integer-cycle FFT; c=valid known-frequency integer-cycle FFT,3,750,6.6518180672852,0.444973869605256,4.58999308827778,4.42459364620719,0.707967729080345,0.175189542348826,0.751665081362036,0.154241567571942,valid,1496,6225.55139409072,0.279650436953808,0.720349563046192,0,0.656188510522774,0.000129008739076155,0.0008591,720,0.356746920872054,0.420010861701657,0.996035314578296,0.998812534637987,0,0,1,1,1,384,-11.8346176596217,0.662609238451935,0.343811489477225,0.768574987877604,0,0,1.70382756215696e-15,1.00485917355762e-14,0,0,0,0,0,0,0,1,1,,,2.58551676486868,1,1,1,1,1,0.556803995006242
A_C11_001,coarse_scan,C11,finite_parameter_mismatch,reasonable_extension_range,"Controller Lq +10%; plant remains frozen nominal",100,10,0,48,1.1,1551,0.01,0,0.1,0,coarse amplitude grid,0,1551,-0.00058906051732807,-0.000178802941317318,0.028451178987778,0.0762019068349352,0.195050497339561,0.211539280554945,0.100680472847096,0.96094209764132,0.0028397018572138,0.00284297295102863,0.00281431723489961,0.00283233068104735,1,a=valid known-frequency integer-cycle FFT; b=valid known-frequency integer-cycle FFT; c=valid known-frequency integer-cycle FFT,3,1500,7.07045758148875,0.206041324511656,4.85995553913041,4.77355882481227,0.107605788206778,0.00336713877180939,0.535914915440734,0.0221413112404794,valid,5854,12581.1304534709,0.000644745325596389,0.212765957446809,0.786589297227595,0.83959038883789,0.000109080012894907,0.0004836,671,0.000797942852119466,1.65460572736044e-15,0.00988708216126297,7.59980731156508e-15,0,0.000644745325596389,1,0.999355254674404,0.999355254674404,0,13.9006787404427,1,0.16040961116211,0.497495711194971,0,0,2.94174084713162e-16,2.39149358411273e-15,0,0,0,0,0,0,0,1,1,,,0.287738707389385,1,1,1,1,1,1.54609929078014
A_C11_002,coarse_scan,C11,finite_parameter_mismatch,reasonable_extension_range,"Controller Lq +10%; plant remains frozen nominal",100,10,0,48,1.1,1551,0.01,0.0225,0.1,0.15,coarse amplitude grid,0,1551,-0.0116829923212089,-0.0290601114661881,0.0412502970896517,0.111391750049986,0.201790531245676,0.419097443171601,0.109929486139361,0.96094209764132,0.0076123024505538,0.00873793813177462,0.00815144335718878,0.00816722797983907,1,a=valid known-frequency integer-cycle FFT; b=valid known-frequency integer-cycle FFT; c=valid known-frequency integer-cycle FFT,3,1500,7.04851430684004,0.20631790429148,4.8466984603743,4.76053930033514,0.194155438819727,0.0340574098047352,0.536124619750752,0.0400593188140557,valid,5438,11687.0836019772,0.000644745325596389,0.476466795615732,0.522888459058672,0.839867691173693,0.000142930045132173,0.0007914,1050,0.00172368521424822,0.00453605493705858,0.00993984087525303,0.0224199823628037,0,0,1,1,1,6.33599999999997,11.9216557509186,1,0.160132308826307,0.497495711194971,0,0,4.2618994964449e-16,2.80866677486136e-15,0,0,0,0,0,0,0,1,1,,,0.465147380271442,1,1,1,1,1,1.0186976144423
A_C11_003,coarse_scan,C11,finite_parameter_mismatch,reasonable_extension_range,"Controller Lq +10%; plant remains frozen nominal",100,10,0,48,1.1,1551,0.01,0.04,0.1,0.2,coarse amplitude grid,0,1551,-0.00825984023708176,-0.0553149697099459,0.0395280421168485,0.146125085169904,0.201930084530388,0.583578357661139,0.108194899424621,0.96094209764132,0.0116973191449689,0.0114742450560456,0.0115859360307045,0.011585833410573,1,a=valid known-frequency integer-cycle FFT; b=valid known-frequency integer-cycle FFT; c=valid known-frequency integer-cycle FFT,3,1500,7.03098640144239,0.206544177346443,4.83369101504926,4.74774487299653,0.281749195650235,0.0518337174333296,0.537029869519131,0.058288623491455,valid,5208,11192.7788523533,0.00128949065119278,0.598323662153449,0.400386847195358,0.839244164429094,0.000121771760154739,0.0007466,1086,0.00155279807513461,0.0107236828655147,0.00996601569694729,0.039905867226319,0,0,1,1,1,8.44799999999998,11.2619814210772,1,0.160755835570906,0.497495711194971,0,0,4.69497974013128e-16,3.66205343881779e-15,0,0,0,0,0,0,0,1,1,,,0.617526888944054,1,1,1,0,0,0.773694390715668
A_C11_004,coarse_scan,C11,finite_parameter_mismatch,reasonable_extension_range,"Controller Lq +10%; plant remains frozen nominal",100,10,0,48,1.1,1551,0.01,0.16,0.1,0.4,coarse amplitude grid,0,1551,-0.00462771916364234,-0.148976174499146,0.0340895031148141,0.290421046898525,0.202822082574061,1.08133398271256,0.107624975434724,0.985153849204784,0.0215894205436792,0.022024252841781,0.0229381447707373,0.0221839393853992,1,a=valid known-frequency integer-cycle FFT; b=valid known-frequency integer-cycle FFT; c=valid known-frequency integer-cycle FFT,3,1500,6.96112243657565,0.207854036333246,4.78789372087252,4.70169998511672,0.514747857079633,0.110825569455715,0.546624462103962,0.107510293061774,valid,4580,9843.11197077154,0.00193423597678917,0.777562862669246,0.220502901353965,0.834295678002675,0.000139648033526757,0.0007214,1338,0.00106139010238616,0.060925046700903,0.00994316219015205,0.159621934912682,0,0,1,1,1,16.896,8.36965361109634,1,0.165704321997325,0.505921838240063,0,0,5.6509353958221e-16,5.61733354972272e-15,0,0,0,0,0,0,0,1,1,,,1.10019088314196,1,1,1,0,0,0.413926499032882
A_C11_005,coarse_scan,C11,finite_parameter_mismatch,reasonable_extension_range,"Controller Lq +10%; plant remains frozen nominal",100,10,0,48,1.1,1551,0.01,0.64,0.1,0.8,coarse amplitude grid,0,1551,-0.00048996915325046,-0.211068346090544,0.0276505069918418,0.445619062117412,0.218102174719112,2.10280644047069,0.111643207067949,1.44197800861389,0.0386145489373324,0.0374944190600879,0.0375021523676639,0.0378703734550281,1,a=valid known-frequency integer-cycle FFT; b=valid known-frequency integer-cycle FFT; c=valid known-frequency integer-cycle FFT,3,1500,6.91891031244206,0.211024403220174,4.75742614699114,4.66988894165678,1.01563814485969,0.180258577301605,0.571256182418982,0.213484794819575,valid,4430,9520.73930797335,0.0109606705351386,0.843971631205674,0.145067698259188,0.827036977514753,0.000138451321727917,0.0006681,1420,0.000525608309041365,0.161511675130134,0.00970496901512694,0.638535324940818,0,0,1,1,1,33.7919999999999,-2.48183322652035,0.993713733075435,0.172963022485247,0.727346115812084,0,0,7.24128021479133e-16,7.32410687763558e-15,0,0,0,0,0,0,0,1,1,,,2.11408691512488,1,1,1,0,0,0.350741457124437
A_C11_006,coarse_scan,C11,finite_parameter_mismatch,reasonable_extension_range,"Controller Lq +10%; plant remains frozen nominal",100,10,0,48,1.1,1551,0.01,1,0.1,1,coarse amplitude grid,0,1551,0.000833697584506924,-0.306261951620558,0.0333155344947572,0.589861107226929,0.227372450631752,2.62744775891725,0.117232429564017,1.63338478956129,0.0512014500023325,0.050014573218014,0.0498282667597639,0.0503480966600368,1,a=valid known-frequency integer-cycle FFT; b=valid known-frequency integer-cycle FFT; c=valid known-frequency integer-cycle FFT,3,1500,6.84599862765681,0.215254828203086,4.71107198064435,4.6239494360228,1.2703725307542,0.236728757140539,0.588943062143072,0.269656786390355,valid,4548,9774.33913604126,0.00967117988394584,0.859445519019987,0.130883301096067,0.806469327653525,0.000156576337846551,0.0011108,1456,0.000835915422765792,0.293746011194417,0.00995714297761591,0.994868612804671,0,0,1,1,1,42.2399999999998,-9.24939485196171,0.904416505480335,0.193530672346475,0.883807710170502,0,0,7.95546967525318e-16,7.94410929039127e-15,0,0,0,0,0,0,0,1,1,,,2.63726751717484,1,1,1,0,0,0.353320438426822
A_C11_007,coarse_scan,C11,finite_parameter_mismatch,reasonable_extension_range,"Controller Lq +10%; plant remains frozen nominal",100,10,0,48,1.1,1551,0.04,0,0.2,0,coarse amplitude grid,0,1551,-0.00731995413074677,-0.000178521802295928,0.086546006567989,0.0762040916990392,0.396431593172784,0.211075774335541,0.199703774766509,0.96094209764132,0.00891185108948688,0.00844418741866572,0.00860899243443333,0.00865501031419531,1,a=valid known-frequency integer-cycle FFT; b=valid known-frequency integer-cycle FFT; c=valid known-frequency integer-cycle FFT,3,1500,7.06910572263959,0.206197087508572,4.86044033606823,4.77401459302378,0.114858524466297,0.00682693707421821,0.535998794667293,0.0236313001548353,valid,5518,11859.0156888029,0.000644745325596389,0.423597678916828,0.575757575757576,0.839949087689166,0.000126462991618311,0.0006536,968,0.00756688714189497,1.59862500356795e-15,0.0399145719742696,9.19461785148853e-15,0,0.000644745325596389,1,0.999355254674404,0.999355254674404,0,13.8755501331802,1,0.160050912310834,0.497495711194971,0,0,4.18957591118452e-16,2.39149358411273e-15,0,0,0,0,0,0,0,1,1,,,0.449122467236788,1,1,1,1,1,1.1244358478401
A_C11_008,coarse_scan,C11,finite_parameter_mismatch,reasonable_extension_range,"Controller Lq +10%; plant remains frozen nominal",100,10,0,48,1.1,1551,0.04,0.0225,0.2,0.15,coarse amplitude grid,0,1551,-0.0243504995432858,-0.0461544236183986,0.122281033245435,0.117972584490618,0.405964519299563,0.337639338046509,0.20550208389938,0.96094209764132,0.0144676400399879,0.0136032242495925,0.0144520943040131,0.0141743195311978,1,a=valid known-frequency integer-cycle FFT; b=valid known-frequency integer-cycle FFT; c=valid known-frequency integer-cycle FFT,3,1500,7.03763005771568,0.206377635006882,4.83928704389564,4.75317400164851,0.164017889956331,0.0332514954814963,0.535661475545004,0.0338929863983221,valid,4912,10556.6301310982,0.000644745325596389,0.801418439716312,0.197936814958092,0.840091569318451,0.000134887040618956,0.0007048,1392,0.0151302218957249,0.0057700651692775,0.0399730218447533,0.0224720553656482,0,0,1,1,1,12.6719999999999,11.8965271436561,1,0.159908430681548,0.497495711194971,0,0,6.73108700669891e-16,3.23301824835221e-15,0,0,0,0,0,0,0,1,1,,,0.52802226612768,1,1,1,1,1,0.371373307543521
A_C11_009,coarse_scan,C11,finite_parameter_mismatch,reasonable_extension_range,"Controller Lq +10%; plant remains frozen nominal",100,10,0,48,1.1,1551,0.04,0.04,0.2,0.2,coarse amplitude grid,0,1551,-0.0152711238189979,-0.0624319099932534,0.110456664811683,0.145179164231259,0.409160032349987,0.547004516843515,0.207675263294873,0.96094209764132,0.014868013868629,0.0145581496179051,0.015096177620314,0.0148407803689494,1,a=valid known-frequency integer-cycle FFT; b=valid known-frequency integer-cycle FFT; c=valid known-frequency integer-cycle FFT,3,1500,7.02463035037601,0.206761170592143,4.8307258223363,4.74479498092578,0.254498740819776,0.0488327948480769,0.536224191692842,0.0526833337638467,valid,4874,10474.962389856,0.00128949065119278,0.778852353320438,0.219858156028369,0.840147463650823,0.000124871050934881,0.0009398,1331,0.0123846185184469,0.0100162919750042,0.0398531105242165,0.0397967141101895,0,0,1,1,1,16.896,11.2368528138147,1,0.159852536349177,0.497495711194971,0,0,6.32469767623355e-16,3.66205343881779e-15,0,0,0,0,0,0,0,1,1,,,0.683100192885238,1,1,1,1,1,0.41263700838169
A_C11_010,coarse_scan,C11,finite_parameter_mismatch,reasonable_extension_range,"Controller Lq +10%; plant remains frozen nominal",100,10,0,48,1.1,1551,0.04,0.16,0.2,0.4,coarse amplitude grid,0,1551,0.0273248850271585,-0.183884916535529,0.113857226116594,0.29002153831014,0.416558465579155,1.12117576466145,0.210781140886343,0.96094209764132,0.0240669167000804,0.022598193525477,0.023857637110303,0.0235075824452868,1,a=valid known-frequency integer-cycle FFT; b=valid known-frequency integer-cycle FFT; c=valid known-frequency integer-cycle FFT,3,1500,6.93905335224103,0.2074082607347,4.76869547034597,4.68299799063029,0.542332225887118,0.0985289053943431,0.542043932206861,0.113727586351362,valid,3798,8162.47582205029,0.208252740167634,0.635074145712444,0.156673114119923,0.838540945093091,0.000130768085106383,0.0007235,1350,0.0125775834988577,0.0605312346004329,0.0399997195735192,0.159999346479917,0,0,1,1,1,33.7919999999999,8.59815549444914,1,0.161459054906909,0.497495711194971,0,0,6.43828060604546e-16,6.21724893790088e-15,0,0,0,0,0,0,0,1,1,,,1.19605854811119,1,1,1,0,0,0.330109606705351
A_C11_011,coarse_scan,C11,finite_parameter_mismatch,reasonable_extension_range,"Controller Lq +10%; plant remains frozen nominal",100,10,0,48,1.1,1551,0.04,0.64,0.2,0.8,coarse amplitude grid,0,1551,0.0440398831401116,-0.355094532208322,0.122364430168531,0.524136694399391,0.416732600749835,1.86416114580255,0.208521448328929,1.45326115436216,0.0370246284393067,0.0365211816341462,0.0379265175155919,0.0371574425296816,1,a=valid known-frequency integer-cycle FFT; b=valid known-frequency integer-cycle FFT; c=valid known-frequency integer-cycle FFT,3,1500,6.80173365791059,0.211139449961113,4.68432457093353,4.59755352979408,0.893517656122125,0.175390578886744,0.56303281829435,0.190746316270748,valid,3318,7130.88330109607,0.280464216634429,0.613797549967763,0.105738233397808,0.834491157487065,0.000160712314635719,0.0008694,1496,0.0146789327594532,0.246933481397592,0.0399769477310761,0.638312683860382,0,0,1,1,1,67.5839999999998,-2.60958925829421,0.997743391360413,0.165508842512935,0.721939839477117,0,0,7.11858877892739e-16,7.32410687763558e-15,0,0,0,0,0,0,0,1,1,,,1.91017350993243,1,1,1,0,0,0.372662798194712
A_C11_012,coarse_scan,C11,finite_parameter_mismatch,reasonable_extension_range,"Controller Lq +10%; plant remains frozen nominal",100,10,0,48,1.1,1551,0.04,1,0.2,1,coarse amplitude grid,0,1551,0.048227489679486,-0.484908461484543,0.124335200402086,0.680868556383688,0.430355048376629,2.42471855585445,0.225352112758456,1.46995174236397,0.0456310352524658,0.0461730097603677,0.0447679717256065,0.04552400557948,1,a=valid known-frequency integer-cycle FFT; b=valid known-frequency integer-cycle FFT; c=valid known-frequency integer-cycle FFT,3,1500,6.71869911855997,0.212902299714949,4.6209649450272,4.5363663531262,1.16272521713512,0.224345702056783,0.574312950182239,0.251619571013274,valid,3290,7070.70707070707,0.268214055448098,0.660863958736299,0.0709219858156028,0.833624563364584,0.00012820051579626,0.000574,1357,0.0152399699648565,0.445695347851489,0.0399548833909399,0.998432061377639,0,0,1,1,1,84.4799999999996,-5.25195433301254,0.859284332688588,0.166375436635416,0.903102273262605,0,0,7.54357402292976e-16,1.12346670994454e-14,0,0,0,0,0,0,0,1,1,,,2.46261355936496,1,1,1,0,0,0.27852998065764
A_C11_013,coarse_scan,C11,finite_parameter_mismatch,reasonable_extension_range,"Controller Lq +10%; plant remains frozen nominal",100,10,0,48,1.1,1551,0.16,0,0.4,0,coarse amplitude grid,0,1551,0.0399443018108252,-0.000174408028086917,0.207608759727899,0.0762655673393634,0.80354180887941,0.212737397365416,0.403144678710978,0.96094209764132,0.0193070028714162,0.0194275030429694,0.0179343303338695,0.0188896120827517,1,a=valid known-frequency integer-cycle FFT; b=valid known-frequency integer-cycle FFT; c=valid known-frequency integer-cycle FFT,3,1500,7.06800174451938,0.206469002613038,4.85703977345894,4.7707459770315,0.130725772815303,0.0151523861630095,0.535379884784207,0.0269147009109639,valid,4716,10135.3965183752,0.000644745325596389,0.929722759509994,0.0696324951644101,0.839798834201384,0.000121258865248227,0.0008363,1496,0.0435520213268267,5.17938349688813e-16,0.159111852135643,2.21523837133328e-14,0,0.000644745325596389,1,0.999355254674404,0.999355254674404,0,13.8252929186552,1,0.160201165798615,0.497495711194971,0,0,8.26683777089909e-16,3.76822190084106e-15,0,0,0,0,0,0,0,1,1,,,0.83122598543056,1,1,1,1,1,0.371373307543521
A_C11_014,coarse_scan,C11,finite_parameter_mismatch,reasonable_extension_range,"Controller Lq +10%; plant remains frozen nominal",100,10,0,48,1.1,1551,0.16,0.0225,0.4,0.15,coarse amplitude grid,0,1551,-0.0122854602633256,-0.0247748099721879,0.218792950967493,0.0993648825037863,0.799723315437915,0.347939138217455,0.402541284714768,0.96094209764132,0.0223251386484695,0.0226929443026995,0.0218617643751386,0.0222932824421026,1,a=valid known-frequency integer-cycle FFT; b=valid known-frequency integer-cycle FFT; c=valid known-frequency integer-cycle FFT,3,1500,7.04873557189453,0.208532241270945,4.84881710759774,4.76244948090726,0.154520868578871,0.0269575652113409,0.536504065611688,0.0318677452974557,valid,4454,9572.31893402106,0.000644745325596389,0.994842037395229,0.00451321727917473,0.839809610360495,0.000165065699548678,0.0008365,1550,0.0481841461073908,0.00270684042389788,0.158811259887929,0.0223707342211953,0,0,1,1,1,25.3439999999999,11.8462699291311,1,0.160190389639504,0.497495711194971,0,0,8.74073028565719e-16,3.66205343881779e-15,0,0,0,0,0,0,0,1,1,,,0.872134751720464,1,1,1,1,1,0.38942617666022
A_C11_015,coarse_scan,C11,finite_parameter_mismatch,reasonable_extension_range,"Controller Lq +10%; plant remains frozen nominal",100,10,0,48,1.1,1551,0.16,0.04,0.4,0.2,coarse amplitude grid,0,1551,0.00867705031296209,-0.0432580332848661,0.223772802920158,0.124531355252884,0.799398896347965,0.626050117997748,0.39995517081577,0.96094209764132,0.023856323237338,0.0239146421929873,0.0235295542565903,0.0237668398956385,1,a=valid known-frequency integer-cycle FFT; b=valid known-frequency integer-cycle FFT; c=valid known-frequency integer-cycle FFT,3,1500,7.03394114958156,0.208113181671006,4.83831827593051,4.75206396857861,0.250634760682138,0.0389209344402422,0.537247471726695,0.0518020407894592,valid,4274,9185.47173866323,0.00257898130238556,0.994842037395229,0.00257898130238556,0.836523042228927,0.000185038749194068,0.0010095,1551,0.0498516187441093,0.00696609516036912,0.159962584679586,0.0399757762550267,0,0,1,1,1,33.7919999999999,11.1865955992897,1,0.163476957771073,0.497495711194971,0,0,8.86797540618161e-16,3.66205343881779e-15,0,0,0,0,0,0,0,1,1,,,1.01537054602117,1,1,1,1,1,0.38942617666022
A_C11_016,coarse_scan,C11,finite_parameter_mismatch,reasonable_extension_range,"Controller Lq +10%; plant remains frozen nominal",100,10,0,48,1.1,1551,0.16,0.16,0.4,0.4,coarse amplitude grid,1,1551,0.061633375867927,-0.166438376820489,0.218740833918361,0.264157021631283,0.798124205074125,1.12138136425045,0.399703671037283,0.974043012079621,0.0281564384210401,0.0285282150367777,0.0277020364443708,0.0281288966340628,1,a=valid known-frequency integer-cycle FFT; b=valid known-frequency integer-cycle FFT; c=valid known-frequency integer-cycle FFT,3,1500,6.94660555044026,0.207612269709537,4.77470713408259,4.68905293176142,0.527329579434226,0.086821451947891,0.540268537844041,0.11044228779396,valid,3502,7526.32710079519,0.186331399097357,0.800128949065119,0.0135396518375242,0.835902890386427,0.000168566860090264,0.0011493,1533,0.0479854087542758,0.0494849924050188,0.159947649950509,0.159954956439595,0,0,1,1,1,67.5839999999998,8.45767586522112,1,0.164097109613573,0.497495711194971,0,0,8.56910124746428e-16,5.32907051820075e-15,0,0,0,0,0,0,0,1,1,,,1.37640779233968,1,1,1,0,0,0
A_C11_017,coarse_scan,C11,finite_parameter_mismatch,reasonable_extension_range,"Controller Lq +10%; plant remains frozen nominal",100,10,0,48,1.1,1551,0.16,0.64,0.4,0.8,coarse amplitude grid,0,1551,0.0471813401583851,-0.464437304466757,0.227300757306117,0.567759955257509,0.813316069469877,1.87454244645199,0.407955745517946,1.35889840444015,0.0401379967259945,0.0389674945034959,0.0375022585550684,0.0388692499281862,1,a=valid known-frequency integer-cycle FFT; b=valid known-frequency integer-cycle FFT; c=valid known-frequency integer-cycle FFT,3,1500,6.72741915629208,0.210568685870638,4.63093749754812,4.54486374611432,0.904410030955013,0.141865196034363,0.554479882552812,0.195297395275548,valid,2970,6382.97872340426,0.299806576402321,0.687943262411348,0.0122501611863314,0.835509785509066,0.00014301637653127,0.0006982,1423,0.0512950898404243,0.289637823767119,0.159777976316945,0.639918106785587,0,0,1,1,1,135.168,-3.39987781365946,0.997259832366215,0.164490214490934,0.726746228430984,0,0,8.93054476623345e-16,8.88178419700125e-15,0,0,0,0,0,0,0,1,1,,,2.04337769695378,1,1,1,0,0,0.226950354609928
A_C11_018,coarse_scan,C11,finite_parameter_mismatch,reasonable_extension_range,"Controller Lq +10%; plant remains frozen nominal",100,10,0,48,1.1,1551,0.16,1,0.4,1,coarse amplitude grid,0,1551,0.0394942080163445,-0.623804776805877,0.220089378322076,0.733558777069955,0.79944220660329,2.41556062126466,0.416373027563795,1.61853335484439,0.0409187165730727,0.0451424447884311,0.043010921817811,0.0430240277264383,1,a=valid known-frequency integer-cycle FFT; b=valid known-frequency integer-cycle FFT; c=valid known-frequency integer-cycle FFT,3,1500,6.62353796777076,0.2119032362169,4.55406236603132,4.46827671435366,1.1309338228685,0.171489929033152,0.560809808269035,0.248335163634148,valid,2930,6297.0126799914,0.31076724693746,0.684719535783366,0.00451321727917473,0.83818838550309,0.000150215538362347,0.000877,1423,0.0482037226381025,0.501422897038805,0.158609809859996,0.996743876105529,0,0,1,1,1,168.959999999999,-6.91983520588443,0.826079948420374,0.161811614496909,0.809851566184034,0,0,8.91384909070755e-16,8.88178419700125e-15,0,0,0,0,0,0,0,1,1,,,2.5444136764102,1,1,1,0,0,0.248871695680206
A_C11_019,coarse_scan,C11,finite_parameter_mismatch,reasonable_extension_range,"Controller Lq +10%; plant remains frozen nominal",100,10,0,48,1.1,1551,0.36,0,0.6,0,coarse amplitude grid,0,1551,0.00935720760066219,-0.000182861750883325,0.325663731652922,0.0762710695890019,1.2005440570575,0.221556192025931,0.601147923495879,0.96094209764132,0.030935895785273,0.0307788810018521,0.029664982732946,0.0304599198400237,1,a=valid known-frequency integer-cycle FFT; b=valid known-frequency integer-cycle FFT; c=valid known-frequency integer-cycle FFT,3,1500,7.06024679021311,0.210121781604534,4.85923949451885,4.77294660254111,0.179740556496017,0.0241259147619169,0.535869452093202,0.0369894418043732,valid,4534,9744.25102084676,0.000644745325596389,0.988394584139265,0.0109606705351386,0.837192882497286,0.000126764796905222,0.0008132,1545,0.106892561289839,1.16872530865427e-16,0.358326314050997,2.84885190076667e-14,0,0.000644745325596389,1,0.999355254674404,0.999355254674404,0,13.7750357041302,1,0.162807117502714,0.497495711194971,0,0,9.04719195128688e-16,4.44089209850063e-15,0,0,0,0,0,0,0,1,1,,,1.22081660340983,1,1,1,0,0,0.376531270148292
A_C11_020,coarse_scan,C11,finite_parameter_mismatch,reasonable_extension_range,"Controller Lq +10%; plant remains frozen nominal",100,10,0,48,1.1,1551,0.36,0.0225,0.6,0.15,coarse amplitude grid,0,1551,0.0358605351835476,-0.0291203754479781,0.361167031679652,0.0986784642536225,1.18958225379952,0.354667332264343,0.595214276690566,0.96094209764132,0.0354799176015632,0.0367098709100568,0.0373204973847601,0.0365034286321267,1,a=valid known-frequency integer-cycle FFT; b=valid known-frequency integer-cycle FFT; c=valid known-frequency integer-cycle FFT,3,1500,7.03851631457183,0.210463373234587,4.84325093622364,4.75730535533225,0.184836235728536,0.0342862903438813,0.534637625868719,0.0381636710883817,valid,4170,8961.96002578981,0.000644745325596389,0.998710509348807,0.000644745325596389,0.827568627702083,0.000128641457124436,0.0006148,1551,0.132590013030991,0.00306038684764453,0.359657194021055,0.0221899514979032,0,0,1,1,1,38.0159999999997,11.796012714606,1,0.172431372297917,0.497495711194971,0,0,9.43200104221893e-16,5.32907051820075e-15,0,0,0,0,0,0,0,1,1,,,1.24132785964476,1,1,1,0,1,0.397163120567376
A_C11_021,coarse_scan,C11,finite_parameter_mismatch,reasonable_extension_range,"Controller Lq +10%; plant remains frozen nominal",100,10,0,48,1.1,1551,0.36,0.04,0.6,0.2,coarse amplitude grid,0,1551,0.0283260319979566,-0.0441005916018208,0.362476364030397,0.117364340541766,1.200241632707,0.342223768733987,0.60070729073054,0.96094209764132,0.0364639430449149,0.0369363774314542,0.0374541215312646,0.0369514806692112,1,a=valid known-frequency integer-cycle FFT; b=valid known-frequency integer-cycle FFT; c=valid known-frequency integer-cycle FFT,3,1500,7.03629945506373,0.210738305794244,4.83652035426248,4.75077546871093,0.194319668120916,0.0430328989636745,0.534585171788208,0.0401775768295195,valid,4068,8742.74661508704,0.00128949065119278,0.998065764023211,0.000644745325596389,0.827469465557679,0.000142325467440361,0.0005994,1551,0.132215997000772,0.00590161081600238,0.359757080913154,0.0399720765961081,0,0,1,1,1,50.6879999999998,11.1363383847647,1,0.17253053444232,0.497495711194971,0,0,9.53204797618534e-16,5.32907051820075e-15,0,0,0,0,0,0,0,1,1,,,1.24807735528278,1,1,1,0,1,0.395873629916184
A_C11_022,coarse_scan,C11,finite_parameter_mismatch,reasonable_extension_range,"Controller Lq +10%; plant remains frozen nominal",100,10,0,48,1.1,1551,0.36,0.16,0.6,0.4,coarse amplitude grid,0,1551,0.0440993107099903,-0.172918747747837,0.338945489031381,0.264148437092866,1.18494741090622,0.937459861057784,0.595316029103149,0.96094209764132,0.0392230962176731,0.0366721079447895,0.0376667407197091,0.0378539816273906,1,a=valid known-frequency integer-cycle FFT; b=valid known-frequency integer-cycle FFT; c=valid known-frequency integer-cycle FFT,3,1500,6.94671652875371,0.212654703793322,4.7728130901574,4.68734766353354,0.451523762304366,0.0882692195379805,0.539797607364117,0.0946032777264018,valid,3082,6623.68364496024,0.259187620889749,0.740812379110251,0,0.833225378430665,0.00013262669245648,0.0006387,1458,0.114663797769507,0.0506304284594796,0.354617116483348,0.159618055472299,0,0,1,1,1,101.376,8.03351313609137,1,0.166774621569335,0.39392337479529,0,0,9.19901500519807e-16,5.32907051820075e-15,0,0,0,0,0,0,0,1,1,,,1.51093724479471,1,1,1,1,1,0.145712443584784
A_C11_023,coarse_scan,C11,finite_parameter_mismatch,reasonable_extension_range,"Controller Lq +10%; plant remains frozen nominal",100,10,0,48,1.1,1551,0.36,0.64,0.6,0.8,coarse amplitude grid,0,1551,0.0520352464637042,-0.475405533741388,0.312945540170003,0.570844685916758,1.19810183205746,1.9452091591255,0.613658990040277,1.45718921276846,0.0415248778280748,0.0404670163903991,0.0398701429754309,0.0406206790646349,1,a=valid known-frequency integer-cycle FFT; b=valid known-frequency integer-cycle FFT; c=valid known-frequency integer-cycle FFT,3,1500,6.73130955320388,0.213254640708173,4.62539827325643,4.53975619041731,0.912250554254725,0.141872464322309,0.550551122711844,0.197226379299975,valid,2420,5200.94562647754,0.408123791102515,0.591231463571889,0.000644745325596389,0.828915910190678,0.000122173436492585,0.0008852,1192,0.0972107212607887,0.283155722432428,0.358018665181152,0.639114513799083,0,0,1,1,1,202.751999999999,-4.56916853220905,0.994519664732431,0.171084089809322,0.747871594613465,0,0,9.56675797286904e-16,1.06581410364015e-14,0,0,0,0,0,0,0,1,1,,,2.28457581899248,1,1,1,0,0,0.443584784010316
A_C11_024,coarse_scan,C11,finite_parameter_mismatch,reasonable_extension_range,"Controller Lq +10%; plant remains frozen nominal",100,10,0,48,1.1,1551,0.36,1,0.6,1,coarse amplitude grid,0,1551,0.079964466249456,-0.578905275863302,0.317585100742718,0.688961773323346,1.19717954131813,1.97386484021512,0.601022968605782,1.41900757600283,0.0448085278645749,0.0470727396506258,0.0481642456512473,0.0466818377221493,1,a=valid known-frequency integer-cycle FFT; b=valid known-frequency integer-cycle FFT; c=valid known-frequency integer-cycle FFT,3,1500,6.65780485288301,0.213135831455846,4.57315969026064,4.48762068052197,0.953297014638809,0.168214216346604,0.559719549644885,0.20845478382682,valid,2322,4990.32882011605,0.458413926499033,0.540296582849774,0.00128949065119278,0.838504606877328,0.000135773436492585,0.0006391,1218,0.099413300789754,0.431783055384325,0.35901207889261,0.997862285483882,0,0,1,1,1,253.440000000001,-9.48599019341142,0.847517730496454,0.161495393122672,0.836133495882435,0,0,8.86938899035536e-16,1.06581410364015e-14,0,0,0,0,0,0,0,1,1,,,2.30854526955573,1,1,1,0,0,0.544165054803352
A_C11_025,coarse_scan,C11,finite_parameter_mismatch,reasonable_extension_range,"Controller Lq +10%; plant remains frozen nominal",100,10,0,48,1.1,1551,0.64,0,0.8,0,coarse amplitude grid,0,1551,0.045254895208202,-0.000179669902728885,0.468130415782879,0.0763270929902644,1.59217818661673,0.220296693789942,0.80034348779072,0.96094209764132,0.0461152947384443,0.0481810739177181,0.0452529148579665,0.046516427838043,1,a=valid known-frequency integer-cycle FFT; b=valid known-frequency integer-cycle FFT; c=valid known-frequency integer-cycle FFT,3,1500,7.06425290400044,0.213274393594485,4.8566565999627,4.77041209843049,0.146118159767328,0.0342818967116442,0.535865360189186,0.0300861625193862,valid,4318,9280.03438641736,0.000644745325596389,0.996776273372018,0.00257898130238556,0.828619834893315,0.000124060348162476,0.0008008,1542,0.223521527918645,2.47663516612531e-17,0.639865302377555,1.23861001519654e-14,0,0.000644745325596389,1,0.999355254674404,0.999355254674404,0,12.8520286220487,1,0.171380165106685,0.497495711194971,0,0,1.00863826746618e-15,6.21724893790088e-15,0,0,0,0,0,0,0,1,1,,,1.60734626363858,1,1,1,0,1,0.393294648613798
A_C11_026,coarse_scan,C11,finite_parameter_mismatch,reasonable_extension_range,"Controller Lq +10%; plant remains frozen nominal",100,10,0,48,1.1,1551,0.64,0.0225,0.8,0.15,coarse amplitude grid,0,1551,0.0348528368215277,-0.0205590129965525,0.498841038578655,0.0930080629977865,1.60161433115702,0.355302777215414,0.802544882278455,0.96094209764132,0.049628651611518,0.0498419995435358,0.0500443960823234,0.0498383490791257,1,a=valid known-frequency integer-cycle FFT; b=valid known-frequency integer-cycle FFT; c=valid known-frequency integer-cycle FFT,3,1500,7.04729182349544,0.21519982582834,4.84748054689437,4.76137235968821,0.202801326452121,0.0399184164768999,0.535791049345952,0.0418364394638055,valid,4024,8648.1839673329,0.000644745325596389,0.999355254674404,0,0.820518914129226,0.000193590973565442,0.0013717,1551,0.252898823443757,0.00217885895821609,0.637707264464415,0.0224290104009531,0,0,1,1,1,50.6879999999998,11.2437384563262,1,0.179481085870773,0.429981618334506,0,0,9.87162530794125e-16,5.61733354972272e-15,0,0,0,0,0,0,0,1,1,,,1.64055128821519,1,1,1,0,1,0.39845261121857
A_C11_027,coarse_scan,C11,finite_parameter_mismatch,reasonable_extension_range,"Controller Lq +10%; plant remains frozen nominal",100,10,0,48,1.1,1551,0.64,0.04,0.8,0.2,coarse amplitude grid,0,1551,0.0379707092915943,-0.0301782857449633,0.439614213477724,0.102848704649347,1.59457393979572,0.316983928409304,0.800217426998419,0.96094209764132,0.0444917585488915,0.0444210017495066,0.0435912874974883,0.0441680159319621,1,a=valid known-frequency integer-cycle FFT; b=valid known-frequency integer-cycle FFT; c=valid known-frequency integer-cycle FFT,3,1500,7.04343416889502,0.213158860424229,4.8425922488433,4.75667383718905,0.219851769654827,0.0410254648739907,0.535387563037908,0.0453996038397288,valid,4046,8695.46529120997,0.000644745325596389,0.999355254674404,0,0.821495235779446,0.00013685718891038,0.0006712,1551,0.193705997693687,0.00360265809313825,0.638443062962387,0.0395565545469488,0,0,1,1,1,67.5839999999998,10.6000360790449,1,0.178504764220553,0.407232048066019,0,0,1.02534258256345e-15,5.61733354972272e-15,0,0,0,0,0,0,0,1,1,,,1.62577515676229,1,1,1,0,1,0.39845261121857
A_C11_028,coarse_scan,C11,finite_parameter_mismatch,reasonable_extension_range,"Controller Lq +10%; plant remains frozen nominal",100,10,0,48,1.1,1551,0.64,0.16,0.8,0.4,coarse amplitude grid,0,1551,0.111946709396937,-0.155158773821857,0.437079192166993,0.247235585841099,1.59564365605385,1.09837116727431,0.800598437954028,0.96094209764132,0.0455646598457663,0.0464456773484197,0.0464197942135151,0.0461433771359004,1,a=valid known-frequency integer-cycle FFT; b=valid known-frequency integer-cycle FFT; c=valid known-frequency integer-cycle FFT,3,1500,6.96023921362631,0.21186574642302,4.77658645206778,4.69101716481099,0.497371343746841,0.0828812106826625,0.537322244926976,0.104126942689696,valid,3084,6627.98194713088,0.232753062540297,0.767246937459703,0,0.818534797556376,0.000135551579626048,0.0007563,1507,0.193238966751646,0.045824885935181,0.637703939867609,0.158921811620726,0,0,1,1,1,135.168,6.15987656576394,1,0.181465202443624,0.419458301750942,0,0,9.87027339084192e-16,5.61733354972272e-15,0,0,0,0,0,0,0,1,1,,,1.9371365202805,1,1,1,0,0,0.0928433268858803
A_C11_029,coarse_scan,C11,finite_parameter_mismatch,reasonable_extension_range,"Controller Lq +10%; plant remains frozen nominal",100,10,0,48,1.1,1551,0.64,0.64,0.8,0.8,coarse amplitude grid,0,1551,0.123755005516281,-0.422142453553192,0.417873581368605,0.534080951190281,1.59401139420258,1.34546889198704,0.80953901810712,1.46227600388507,0.051121495151987,0.0510209963621034,0.0515898846743191,0.0512441253961365,1,a=valid known-frequency integer-cycle FFT; b=valid known-frequency integer-cycle FFT; c=valid known-frequency integer-cycle FFT,3,1500,6.76403076050359,0.215589931653864,4.64630180981976,4.56045618996863,0.634843135076023,0.148898199982698,0.552965714942565,0.136634071797555,valid,2190,4706.64087685364,0.435847840103159,0.563507414571244,0.000644745325596389,0.822825800835549,0.000128362346872985,0.0005554,1338,0.175942299677388,0.242000679051115,0.639037679799569,0.639627160357817,0,0,1,1,1,270.335999999999,-6.64763734458099,0.993068987749839,0.177174199164452,0.797493526309567,0,0,9.69166424958235e-16,8.88178419700125e-15,0,0,0,0,0,0,0,1,1,,,2.08594315937719,1,1,1,1,1,0.499032882011605
A_C11_030,coarse_scan,C11,finite_parameter_mismatch,reasonable_extension_range,"Controller Lq +10%; plant remains frozen nominal",100,10,0,48,1.1,1551,0.64,1,0.8,1,coarse amplitude grid,0,1551,0.162078569748336,-0.521096181380537,0.418090723078838,0.655944142406983,1.62679952397247,2.0856602653271,0.814098765505122,1.62286485968799,0.0443795259285531,0.0437598792188577,0.0417410102318303,0.0432934717930803,1,a=valid known-frequency integer-cycle FFT; b=valid known-frequency integer-cycle FFT; c=valid known-frequency integer-cycle FFT,3,1500,6.69561682689297,0.211877284367513,4.59572177465739,4.50920840534118,0.98820569788328,0.181853092035246,0.566650723886214,0.215027311560207,valid,1972,4238.1259402536,0.524177949709865,0.475177304964539,0.000644745325596389,0.834961802444981,0.000197068665377176,0.0007961,1486,0.174299095806437,0.38073660107649,0.639104935181457,0.999784315591222,0,0,1,1,1,337.919999999998,-11.8534111910324,0.838168923275306,0.165038197555019,0.898425905505794,0,0,9.02031629128124e-16,8.88178419700125e-15,0,0,0,0,0,0,0,1,1,,,2.6450813661514,1,1,1,0,0,0.675693101225016
A_C11_031,coarse_scan,C11,finite_parameter_mismatch,reasonable_extension_range,"Controller Lq +10%; plant remains frozen nominal",100,10,0,48,1.1,1551,1,0,1,0,coarse amplitude grid,0,1551,0.0836687283771927,-0.000179522250845678,0.642025284836873,0.0764664691127848,1.98940895048831,0.226166706025861,1.00112469739195,0.96094209764132,0.0626920728208613,0.0634126076259457,0.0628136383191279,0.0629727729219783,1,a=valid known-frequency integer-cycle FFT; b=valid known-frequency integer-cycle FFT; c=valid known-frequency integer-cycle FFT,3,1500,7.06187233841108,0.217979715126583,4.85389181065891,4.7676290517025,0.175966113361158,0.0465632836441697,0.536169789980535,0.0362525825101302,valid,4026,8652.48226950355,0.000644745325596389,0.999355254674404,0,0.817111079208453,0.000153822179239201,0.000821,1551,0.41779276426924,0,0.995602868548621,0,0,0,1,1,1,0,9.83058008697253,1,0.182888920791547,0.535660459659832,0,0,1.04507935873364e-15,6.46603649670442e-15,0,0,0,0,0,0,0,1,1,,,2.00222360169827,1,1,1,0,1,0.39845261121857
A_C11_032,coarse_scan,C11,finite_parameter_mismatch,reasonable_extension_range,"Controller Lq +10%; plant remains frozen nominal",100,10,0,48,1.1,1551,1,0.0225,1,0.15,coarse amplitude grid,0,1551,0.0250864769319725,-0.0155901950941066,0.578652176029647,0.0902169015205049,1.99591674375122,0.277812477154738,0.999307742476741,0.96094209764132,0.0562398497883118,0.0565771092626304,0.058997691594401,0.0572715502151144,1,a=valid known-frequency integer-cycle FFT; b=valid known-frequency integer-cycle FFT; c=valid known-frequency integer-cycle FFT,3,1500,7.05214969744773,0.215146041418509,4.85059452290332,4.76456275411271,0.233464267660914,0.0443214623647018,0.53570647709522,0.0481310624004032,valid,4092,8794.32624113475,0.000644745325596389,0.999355254674404,0,0.8182233849796,0.000148671631205674,0.0006892,1551,0.338362144890915,0.00149431701276632,0.996199553421716,0.0218362591476726,0,0,1,1,1,63.3600000000003,8.4115057219575,1,0.1817766150204,0.489133780845175,0,0,1.00285437031448e-15,6.21724893790088e-15,0,0,0,0,0,0,0,1,1,,,2.01515841075815,1,1,1,0,0,0.39845261121857
A_C11_033,coarse_scan,C11,finite_parameter_mismatch,reasonable_extension_range,"Controller Lq +10%; plant remains frozen nominal",100,10,0,48,1.1,1551,1,0.04,1,0.2,coarse amplitude grid,0,1551,-0.0203352310028302,-0.0226794180569045,0.536963274717245,0.0978641746101995,1.9921686728947,0.312688912900578,1.00271027602401,0.96094209764132,0.0540182762068424,0.0533353935216798,0.0510297623810502,0.0527944773698575,1,a=valid known-frequency integer-cycle FFT; b=valid known-frequency integer-cycle FFT; c=valid known-frequency integer-cycle FFT,3,1500,7.04645122061744,0.214529148730671,4.85040829189329,4.76427138294928,0.232615048730243,0.0433639814883547,0.536224478194703,0.0479578284407569,valid,4204,9035.03116269074,0.00128949065119278,0.998710509348807,0,0.819926459424298,0.0001738221792392,0.0007974,1551,0.289704226708082,0.00276400899929224,0.995224487978216,0.0396037962355538,0,0,1,1,1,84.4799999999996,7.90445752517301,1,0.180073540575702,0.513114980776052,0,0,1.00578358173679e-15,5.61733354972272e-15,0,0,0,0,0,0,0,1,1,,,2.01655904389482,1,1,1,0,0,0.397163120567376
A_C11_034,coarse_scan,C11,finite_parameter_mismatch,reasonable_extension_range,"Controller Lq +10%; plant remains frozen nominal",100,10,0,48,1.1,1551,1,0.16,1,0.4,coarse amplitude grid,0,1551,0.090936259456926,-0.123381748788669,0.467956005908447,0.224625709387568,1.98982098777522,0.635293163867763,1.0006278692315,0.96094209764132,0.0413781273965628,0.0403359540987827,0.0405217729212976,0.0407452848055477,1,a=valid known-frequency integer-cycle FFT; b=valid known-frequency integer-cycle FFT; c=valid known-frequency integer-cycle FFT,3,1500,6.9692052163898,0.217757213121761,4.79357734903391,4.70795891183057,0.400248831407642,0.0874080325155971,0.53954038230902,0.0834968964229413,valid,3066,6589.2972275951,0.283687943262411,0.716312056737589,0,0.829955235914023,0.000140627724049001,0.0008911,1426,0.219630844767746,0.0326826652240452,0.997357619141522,0.159308014171852,0,0,1,1,1,168.959999999999,4.34527570932813,1,0.170044764085977,0.520015861988298,0,0,9.30637955373713e-16,7.32410687763558e-15,0,0,0,0,0,0,0,1,1,,,2.08877594955703,1,1,1,0,1,0.194713088330108
A_C11_035,coarse_scan,C11,finite_parameter_mismatch,reasonable_extension_range,"Controller Lq +10%; plant remains frozen nominal",100,10,0,48,1.1,1551,1,0.64,1,0.8,coarse amplitude grid,0,1551,0.243132669587048,-0.35312926390942,0.498306856075401,0.489429593868596,1.99998507451726,1.59562845299318,1.00707534223976,1.45077723144914,0.043343106488711,0.045830742903591,0.0442816652796148,0.0444851715573056,1,a=valid known-frequency integer-cycle FFT; b=valid known-frequency integer-cycle FFT; c=valid known-frequency integer-cycle FFT,3,1500,6.81301229169444,0.211164080341444,4.67159069735686,4.58505607371906,0.805909999602251,0.155936629402319,0.558022272172821,0.17251297294907,valid,1956,4203.73952288846,0.528691166989039,0.470664087685364,0.000644745325596389,0.830236918626432,0.000155932946486138,0.0010964,1338,0.249933976827433,0.185284389745742,0.994497316815065,0.638969390183787,0,0,1,1,1,337.919999999998,-7.64728331311828,0.970341715022566,0.169763081373568,0.806094760031176,0,0,9.16965619240754e-16,7.105427357601e-15,0,0,0,0,0,0,0,1,1,,,2.55850942118516,1,1,1,1,1,0.684719535783365
A_C11_036,coarse_scan,C11,finite_parameter_mismatch,reasonable_extension_range,"Controller Lq +10%; plant remains frozen nominal",100,10,0,48,1.1,1551,1,1,1,1,coarse amplitude grid,0,1551,0.144312721762383,-0.515329726298974,0.515023819381661,0.645885879760539,1.9871437711087,2.21178156948136,1.02510471602058,1.61247411904786,0.0493295913240238,0.0529684244046841,0.0449299462779711,0.0490759873355596,1,a=valid known-frequency integer-cycle FFT; b=valid known-frequency integer-cycle FFT; c=valid known-frequency integer-cycle FFT,3,1500,6.67467625907842,0.213284767066586,4.59964832879953,4.51425630372137,1.02893050850297,0.178724960560963,0.560928709676305,0.223697647070231,valid,1840,3954.43799699119,0.552546744036106,0.447453255963894,0,0.83342443771307,0.000127330367504836,0.0007685,1058,0.265761466474876,0.371563865670008,0.999854471395813,0.998277048612027,0,0,1,1,1,422.399999999997,-11.1693268611538,0.833816892327531,0.16657556228693,0.796117809730852,0,0,9.00166228478701e-16,9.56597433645091e-15,0,0,0,0,0,0,0,1,1,,,2.97333450492095,1,1,1,1,1,0.732430689877498
A_C12_001,coarse_scan,C12,high_speed_parameter_mismatch,stress_test_range,"Boundary speed plus controller Lq +10%",400,10,0,48,1.1,500,0.01,0,0.1,0,coarse amplitude grid,0,500,-0.000485978928220383,-2.22673072761855e-05,0.0269757868607444,0.198395274197727,0.16766930295333,0.0112538053464863,0.23322901658193,2.64024774218615,0.0404258760332876,0.0848811028112749,0.07561708866625,0.0669746891702708,1,a=valid known-frequency integer-cycle FFT; b=valid known-frequency integer-cycle FFT; c=valid known-frequency integer-cycle FFT,4,500,6.51276100954887,0.158661372480422,4.86002420336374,4.58728062152972,0.0133011945629784,0.0014236766690445,0.941528231939174,0.00273685767938611,valid,1932,12880,0.002,0.096,0.902,0.453890276947657,0.0001007538,0.0008507,116,0.000270057638108421,6.63383300803165e-10,0.00749955614787516,1.62788971105061e-09,0,0.902,1,0.098,0.098,0,-19.372112465435,0.996,0.548122680172418,1.69541283786132,0.004,2,0.0560818547963782,19.3768413427172,0,0,0,0,0,0,0,1,1,,,0.168046550954288,0,0,0,0,0,0.652
A_C12_002,coarse_scan,C12,high_speed_parameter_mismatch,stress_test_range,"Boundary speed plus controller Lq +10%",400,10,0,48,1.1,500,0.01,0.0225,0.1,0.15,coarse amplitude grid,0,500,-0.00417125444198351,-0.00717931195956376,0.0347549121695091,0.203219845620123,0.205486484948212,0.262126256804152,0.23322901658193,2.64024774218615,0.0408233596017911,0.0851051450359855,0.0761832293980866,0.0673705780119544,1,a=valid known-frequency integer-cycle FFT; b=valid known-frequency integer-cycle FFT; c=valid known-frequency integer-cycle FFT,4,500,6.50664275134147,0.1591024214259,4.85680386406206,4.58394884954342,0.112649783276235,0.0168396885843667,0.941402754051754,0.0231942212263888,valid,1910,12733.3333333333,0.002,0.152,0.846,0.454519573975468,0.0001547374,0.0006341,365,0.000635608349232804,0.00143672546416574,0.00998792451491123,0.0224798303904135,0,0.004,1,0.996,0.996,6.33600000000001,-21.3364995740376,0.996,0.547493383144607,1.69541283786132,0.004,2,0.0560818547963782,19.3768413427172,0,0,0,0,0,0,0,1,1,,,0.333068866756603,0,0,0,0,0,0.54
A_C12_003,coarse_scan,C12,high_speed_parameter_mismatch,stress_test_range,"Boundary speed plus controller Lq +10%",400,10,0,48,1.1,500,0.01,0.04,0.1,0.2,coarse amplitude grid,0,500,-0.00356978721599712,-0.00936178143693455,0.0339353371817968,0.207080296105882,0.193457610249678,0.397682052625049,0.23322901658193,2.64024774218615,0.0410771862948826,0.0852067734147406,0.0761378809086409,0.0674739468727547,1,a=valid known-frequency integer-cycle FFT; b=valid known-frequency integer-cycle FFT; c=valid known-frequency integer-cycle FFT,4,500,6.50468030959373,0.159178169227006,4.85569782070254,4.58275685877963,0.179902332959906,0.0234746218657948,0.941514250464478,0.037049738184465,valid,1910,12733.3333333333,0.002,0.16,0.838,0.454453577382913,0.0001362036,0.0010218,261,0.000529607942678472,0.00277469551851125,0.00878933989372763,0.037369521574124,0,0.004,1,0.996,0.996,8.44799999999999,-21.9912952769052,0.996,0.547559379737161,1.69541283786132,0.004,2,0.0560818547963783,19.3768413427172,0,0,0,0,0,0,0,1,1,,,0.442240728499297,0,0,0,0,0,0.524
A_C12_004,coarse_scan,C12,high_speed_parameter_mismatch,stress_test_range,"Boundary speed plus controller Lq +10%",400,10,0,48,1.1,500,0.01,0.16,0.1,0.4,coarse amplitude grid,0,500,-0.00897957862472113,-0.0502265216372424,0.0440218210725464,0.256485465807931,0.250126448768559,0.885758672287045,0.23322901658193,2.64024774218615,0.0445253966854644,0.0868368419992555,0.0782096460214403,0.0698572949020534,1,a=valid known-frequency integer-cycle FFT; b=valid known-frequency integer-cycle FFT; c=valid known-frequency integer-cycle FFT,4,500,6.48084224176714,0.159263526499032,4.83619821765718,4.56560539107595,0.415739304567319,0.073522223303578,0.939967140229665,0.0859640746422337,valid,1872,12480,0.002,0.232,0.766,0.454373373795135,0.00010917,0.0005541,214,0.000922526095309617,0.0240991365987205,0.00942631882681693,0.158080342580793,0,0.004,1,0.996,0.996,16.896,-24.6104780883754,0.996,0.54763958332494,1.69541283786132,0.004,2,0.0560818547963785,19.3768413427172,0,0,0,0,0,0,0,1,1,,,0.920397558615449,0,0,0,0,0,0.38
A_C12_005,coarse_scan,C12,high_speed_parameter_mismatch,stress_test_range,"Boundary speed plus controller Lq +10%",400,10,0,48,1.1,500,0.01,0.64,0.1,0.8,coarse amplitude grid,0,500,-0.00100825154764233,-0.179603243809766,0.0546069913298205,0.507331486980255,0.300602014368464,1.93894617705591,0.23322901658193,2.64024774218615,0.056894837182856,0.092867174923671,0.0858453334048774,0.0785357818371348,1,a=valid known-frequency integer-cycle FFT; b=valid known-frequency integer-cycle FFT; c=valid known-frequency integer-cycle FFT,4,500,6.3910844614244,0.168316292544041,4.77276692812287,4.50169406080057,0.930498021272792,0.205259096623732,0.955305456697158,0.194959870298707,valid,1666,11106.6666666667,0.002,0.572,0.426,0.454472448620403,0.0001187072,0.0007939,340,0.00038276588666183,0.163283430764123,0.00870268796992511,0.631926501247055,0,0.002,1,0.998,0.998,33.792,-29.8488437113158,0.74,0.548103700973293,1.69541283786132,0.026,13,0.0718012927066252,19.3768413427172,0,0,0,0,0,0,0,1,1,,,1.96210954040851,0,0,0,0,0,0.3
A_C12_006,coarse_scan,C12,high_speed_parameter_mismatch,stress_test_range,"Boundary speed plus controller Lq +10%",400,10,0,48,1.1,500,0.01,1,0.1,1,coarse amplitude grid,0,500,0.00116082150185619,-0.321668681160919,0.065975374979956,0.647882001351696,0.315816635238779,2.21768939458705,0.241719309102759,2.64024774218615,0.0657416356598179,0.0993401918043761,0.0920512164783573,0.0857110146475171,1,a=valid known-frequency integer-cycle FFT; b=valid known-frequency integer-cycle FFT; c=valid known-frequency integer-cycle FFT,4,500,6.28858328538854,0.173416920419405,4.70355776764791,4.43307956002989,1.07332128336129,0.250082271130818,0.960649612723352,0.228193494453034,valid,1508,10053.3333333333,0.006,0.594,0.4,0.438990894666231,0.0001228162,0.0004744,363,0.000923532875521265,0.301489875387309,0.0365452729467479,0.98458568775767,0.01,0.002,0.99,0.998,0.988,42.2399999999999,-32.4680265227861,0.634,0.570614967951978,1.69541283786132,0.076,38,0.278759328499762,19.3768413427172,0,0,0,0,0,0,0,1,1,,,2.24006392720329,0,0,0,0,0,0.352
A_C12_007,coarse_scan,C12,high_speed_parameter_mismatch,stress_test_range,"Boundary speed plus controller Lq +10%",400,10,0,48,1.1,500,0.04,0,0.2,0,coarse amplitude grid,0,500,-0.00585589080398363,-2.18821661496852e-05,0.0501320755983621,0.198422159380625,0.369279590223708,0.0188412645837435,0.233795984670809,2.64024774218615,0.0410009022303637,0.0851082717254961,0.0759324023050277,0.0673471920869625,1,a=valid known-frequency integer-cycle FFT; b=valid known-frequency integer-cycle FFT; c=valid known-frequency integer-cycle FFT,4,500,6.51219874349252,0.158846788163777,4.86041155708611,4.58762385407468,0.0330560587037327,0.00437488668704692,0.94159150535028,0.00680108223665535,valid,1918,12786.6666666667,0.002,0.142,0.856,0.454195926088773,0.0001142492,0.000648,155,0.00223452054366023,6.59365706768227e-10,0.0381436528130243,1.64288057601265e-09,0,0.856,1,0.144,0.144,0,-19.4723790522864,0.996,0.547817031031302,1.69541283786132,0.004,2,0.0560818547963782,19.3768413427172,0,0,0,0,0,0,0,1,1,,,0.369759934291027,0,0,0,0,0,0.56
A_C12_008,coarse_scan,C12,high_speed_parameter_mismatch,stress_test_range,"Boundary speed plus controller Lq +10%",400,10,0,48,1.1,500,0.04,0.0225,0.2,0.15,coarse amplitude grid,0,500,-0.00558153105504783,-0.00377157163993558,0.0561349328468947,0.202926217362528,0.382001328949976,0.279359331522844,0.23322901658193,2.64024774218615,0.040511627324176,0.0848781590774744,0.0762230426925869,0.0672042763647458,1,a=valid known-frequency integer-cycle FFT; b=valid known-frequency integer-cycle FFT; c=valid known-frequency integer-cycle FFT,4,500,6.50996648966155,0.158952159336104,4.85855876297549,4.58570723918954,0.108317752611794,0.0140869040895899,0.941629106047972,0.0222942147859209,valid,1900,12666.6666666667,0.002,0.19,0.808,0.454297427940287,0.000110053,0.0005542,179,0.00281917658477789,0.000949684952350956,0.037396337433615,0.0205387528457373,0,0.004,1,0.996,0.996,12.672,-21.4367661608891,0.996,0.547715529179787,1.69541283786132,0.004,2,0.0560818547963783,19.3768413427172,0,0,0,0,0,0,0,1,1,,,0.47325115047767,0,0,0,0,0,0.464
A_C12_009,coarse_scan,C12,high_speed_parameter_mismatch,stress_test_range,"Boundary speed plus controller Lq +10%",400,10,0,48,1.1,500,0.04,0.04,0.2,0.2,coarse amplitude grid,0,500,-0.0136388632247703,-0.0120834726162065,0.058873367032877,0.206182936236734,0.374332909908784,0.356712421150064,0.23322901658193,2.64024774218615,0.0412501192880113,0.0853409376484701,0.0769924701479425,0.067861175694808,1,a=valid known-frequency integer-cycle FFT; b=valid known-frequency integer-cycle FFT; c=valid known-frequency integer-cycle FFT,4,500,6.50351600842376,0.159306283523962,4.85509215214317,4.58236140723724,0.146532353474421,0.0200540806100369,0.941636398943006,0.0301811683244236,valid,1878,12520,0.002,0.218,0.78,0.454893134430669,0.0001043174,0.0004926,166,0.00297177312625323,0.00202945517080103,0.0378443657585425,0.0379400891619929,0,0.004,1,0.996,0.996,16.896,-22.0915618637566,0.996,0.547119822689405,1.69541283786132,0.004,2,0.0560818547963784,19.3768413427172,0,0,0,0,0,0,0,1,1,,,0.517077246495645,0,0,0,0,0,0.408
A_C12_010,coarse_scan,C12,high_speed_parameter_mismatch,stress_test_range,"Boundary speed plus controller Lq +10%",400,10,0,48,1.1,500,0.04,0.16,0.2,0.4,coarse amplitude grid,0,500,-0.021535527457014,-0.0555104840789549,0.0775339128425652,0.260122103193305,0.418737835485441,0.910929415229718,0.267756863500081,2.64024774218615,0.0426374062059134,0.0857095233641307,0.0777924834008224,0.0687131376569555,1,a=valid known-frequency integer-cycle FFT; b=valid known-frequency integer-cycle FFT; c=valid known-frequency integer-cycle FFT,4,500,6.47846471360314,0.160041113825381,4.83448873759325,4.56257942797999,0.414897174838734,0.0698346214431872,0.940749403093149,0.0858202795287268,valid,1830,12200,0.002,0.318,0.68,0.45634768856656,0.0001074834,0.000337,225,0.00499947945508296,0.0256411522252991,0.0386914800159596,0.158039540523543,0,0.004,1,0.996,0.996,33.792,-24.7107446752268,0.996,0.545665268553514,1.69541283786132,0.004,2,0.0560818547963786,19.3768413427172,0,0,0,0,0,0,0,1,1,,,1.00256360117341,0,0,0,0,0,0.208
A_C12_011,coarse_scan,C12,high_speed_parameter_mismatch,stress_test_range,"Boundary speed plus controller Lq +10%",400,10,0,48,1.1,500,0.04,0.64,0.2,0.8,coarse amplitude grid,0,500,-0.00184052183833305,-0.170294139704814,0.088338159747195,0.52820919036113,0.524678258289578,2.28939994429194,0.263077499239469,2.64024774218615,0.0590308065961505,0.0952019153607853,0.0848238538013783,0.0796855252527713,1,a=valid known-frequency integer-cycle FFT; b=valid known-frequency integer-cycle FFT; c=valid known-frequency integer-cycle FFT,4,500,6.39209538867797,0.168375318277045,4.77727095721297,4.5043005528909,1.08588198696419,0.222190596351954,0.959022182461366,0.227301737056524,valid,1618,10786.6666666667,0.002,0.582,0.416,0.445481543272669,0.000120566,0.0005132,354,0.00391874873673653,0.174868209837065,0.0377774039110407,0.618521790594965,0,0.002,1,0.998,0.998,67.5839999999999,-29.9491102981673,0.751,0.557409049082808,1.69541283786132,0.03,15,0.0816141236761573,19.3768413427172,0,0,0,0,0,0,0,1,1,,,2.34875272850203,0,0,0,0,0,0.32
A_C12_012,coarse_scan,C12,high_speed_parameter_mismatch,stress_test_range,"Boundary speed plus controller Lq +10%",400,10,0,48,1.1,500,0.04,1,0.2,1,coarse amplitude grid,0,500,-0.0066088685713974,-0.371761802244995,0.0947548550752687,0.689303146777184,0.574172637630637,2.39786597747365,0.318703198385974,2.64024774218615,0.0692665573495574,0.0967229477193671,0.0903165722773275,0.0854353591154173,1,a=valid known-frequency integer-cycle FFT; b=valid known-frequency integer-cycle FFT; c=valid known-frequency integer-cycle FFT,4,500,6.2697379728525,0.172368461351121,4.67960746897898,4.41076111934025,1.13644885184053,0.255696248007875,0.960855009830645,0.242851320195983,valid,1434,9560,0.01,0.65,0.34,0.4420758906661,0.000136722,0.0007961,399,0.0047339192064564,0.349557856535296,0.0750795246239267,0.999296119630845,0.006,0.002,0.994,0.998,0.992,84.4799999999997,-32.5682931096375,0.619,0.57162428906429,1.69541283786132,0.106,53,0.395238012777999,19.3768413427172,0,0,0,0,0,0,0,1,1,,,2.46565112368506,0,0,0,0,0,0.472
A_C12_013,coarse_scan,C12,high_speed_parameter_mismatch,stress_test_range,"Boundary speed plus controller Lq +10%",400,10,0,48,1.1,500,0.16,0,0.4,0,coarse amplitude grid,0,500,-0.00202137992230323,-2.0368677364407e-05,0.118311756842574,0.198497880173194,0.790341059325376,0.0343659510731182,0.395994270687656,2.64024774218615,0.0425507319198824,0.08520359865434,0.0774677418696926,0.068407357481305,1,a=valid known-frequency integer-cycle FFT; b=valid known-frequency integer-cycle FFT; c=valid known-frequency integer-cycle FFT,4,500,6.51066470748111,0.158229352884877,4.86013688057937,4.58747372776415,0.0645720970615367,0.00982961259476144,0.941431714525199,0.0132860655261708,valid,1852,12346.6666666667,0.002,0.27,0.728,0.454905931895692,0.0001163608,0.0004685,256,0.0144132612853245,6.41627656225368e-10,0.158789034900258,2.67169420611826e-09,0,0.728,1,0.272,0.272,0,-19.6729122259893,0.996,0.547107025224383,1.69541283786132,0.004,2,0.0560818547963785,19.3768413427172,0,0,0,0,0,0,0,1,1,,,0.791087864050965,0,0,0,0,0,0.304
A_C12_014,coarse_scan,C12,high_speed_parameter_mismatch,stress_test_range,"Boundary speed plus controller Lq +10%",400,10,0,48,1.1,500,0.16,0.0225,0.4,0.15,coarse amplitude grid,0,500,-0.0558930731288126,-0.0109555901519337,0.173084472345201,0.204208600133567,0.80408179972638,0.2811351290134,0.404770581098602,2.64024774218615,0.0454863221467654,0.0865291292200252,0.0780518525056607,0.0700224346241504,1,a=valid known-frequency integer-cycle FFT; b=valid known-frequency integer-cycle FFT; c=valid known-frequency integer-cycle FFT,4,500,6.50530500606768,0.159964592946225,4.85866006293914,4.58579842716234,0.0893694896832571,0.0168879568874564,0.941267918539723,0.01839385520402,valid,1814,12093.3333333333,0.002,0.348,0.65,0.457569473726391,0.0001341182,0.0006491,351,0.0314738064876742,0.00181162506224675,0.158655778229165,0.0220842506290323,0,0.004,1,0.996,0.996,25.344,-21.6372993345919,0.996,0.544443483393684,1.69541283786132,0.004,2,0.0560818547963788,19.3768413427172,0,0,0,0,0,0,0,1,1,,,0.851812480195375,0,0,0,0,0,0.148
A_C12_015,coarse_scan,C12,high_speed_parameter_mismatch,stress_test_range,"Boundary speed plus controller Lq +10%",400,10,0,48,1.1,500,0.16,0.04,0.4,0.2,coarse amplitude grid,0,500,-0.0332749246447207,-0.0182405244654989,0.176813414360624,0.212222200472081,0.798239609786779,0.398034049743458,0.402006408280538,2.64024774218615,0.0459409975483099,0.0864669121749391,0.0773013419068314,0.0699030838766935,1,a=valid known-frequency integer-cycle FFT; b=valid known-frequency integer-cycle FFT; c=valid known-frequency integer-cycle FFT,4,500,6.49633062401516,0.159328315407354,4.85345767220234,4.58098394099691,0.137604801330034,0.0256878933238309,0.940651515734138,0.0283519112813429,valid,1812,12080,0.002,0.354,0.644,0.456244660760188,0.0001158474,0.0004328,271,0.032058464404351,0.00428734772255359,0.157422577132962,0.0387905575606706,0,0.004,1,0.996,0.996,33.792,-22.2920950374595,0.996,0.545768296359887,1.69541283786132,0.004,2,0.0560818547963787,19.3768413427172,0,0,0,0,0,0,0,1,1,,,0.891973979097892,0,0,0,0,0,0.136
A_C12_016,coarse_scan,C12,high_speed_parameter_mismatch,stress_test_range,"Boundary speed plus controller Lq +10%",400,10,0,48,1.1,500,0.16,0.16,0.4,0.4,coarse amplitude grid,1,500,-0.0443790059265217,-0.05579785647887,0.188584880288274,0.272677602514659,0.79619661159888,0.877981007043864,0.417753870531553,2.64024774218615,0.0471761431611361,0.087278623964657,0.0792187966150113,0.0712245212469348,1,a=valid known-frequency integer-cycle FFT; b=valid known-frequency integer-cycle FFT; c=valid known-frequency integer-cycle FFT,4,500,6.48974776795265,0.160942810164054,4.83585349397173,4.56404178683089,0.371968709238711,0.0726550811581607,0.941813676083161,0.0769189367921091,valid,1772,11813.3333333333,0.002,0.422,0.576,0.455422943194659,0.0001364828,0.0007688,336,0.0359750850314061,0.0308306018029292,0.157715744195668,0.159427989264776,0,0.004,1,0.996,0.996,67.5839999999999,-24.9112778489297,0.996,0.546590013925416,1.69541283786132,0.004,2,0.0560818547963788,19.3768413427172,0,0,0,0,0,0,0,1,1,,,1.18523402459231,0,0,0,0,0,0
A_C12_017,coarse_scan,C12,high_speed_parameter_mismatch,stress_test_range,"Boundary speed plus controller Lq +10%",400,10,0,48,1.1,500,0.16,0.64,0.4,0.8,coarse amplitude grid,0,500,-0.0412911822198362,-0.251089536775496,0.170429112308244,0.523524441200714,0.814420454850301,1.75994972870923,0.465336368059877,2.64024774218615,0.0607171121200432,0.0959553016463301,0.0886516482466538,0.0817746873376757,1,a=valid known-frequency integer-cycle FFT; b=valid known-frequency integer-cycle FFT; c=valid known-frequency integer-cycle FFT,4,500,6.33688529352231,0.170689903475931,4.74057282850062,4.46924188943792,0.812274190614329,0.181428396771101,0.953517839341644,0.171345155954759,valid,1590,10600,0.002,0.7,0.298,0.458810228173478,0.0001395066,0.0005816,442,0.0251194786607781,0.177182070974944,0.156109874427273,0.635699324638483,0,0.002,1,0.998,0.998,135.168,-30.1496434718702,0.7255,0.544745864741141,1.69541283786132,0.046,23,0.099981655413404,19.3768413427172,0,0,0,0,0,0,0,1,1,,,1.93925339367043,0,0,0,0,0,0.556
A_C12_018,coarse_scan,C12,high_speed_parameter_mismatch,stress_test_range,"Boundary speed plus controller Lq +10%",400,10,0,48,1.1,500,0.16,1,0.4,1,coarse amplitude grid,0,500,-0.0390775229254221,-0.381214920327717,0.186808793977452,0.69432404059182,0.94139862922966,2.44044321055412,0.508652142283513,2.64024774218615,0.0727463379198302,0.0967614741096643,0.0829536702017783,0.0841538274104243,1,a=valid known-frequency integer-cycle FFT; b=valid known-frequency integer-cycle FFT; c=valid known-frequency integer-cycle FFT,4,500,6.25947291382005,0.177843682362097,4.67697474737067,4.40512929763776,1.13369047931066,0.245984760433331,0.965384401552512,0.242398246847068,valid,1426,9506.66666666667,0.012,0.716,0.272,0.447435572265086,0.0001389946,0.0005352,429,0.0318224152565813,0.373599876622309,0.254493882766283,0.994751004758935,0.014,0.002,0.986,0.998,0.984,168.959999999999,-32.7688262833404,0.61,0.568079541806015,1.69541283786132,0.128,64,0.446764339701087,19.3768413427172,0,0,0,0,0,0,0,1,1,,,2.61572063551427,0,0,0,0,0,0.608
A_C12_019,coarse_scan,C12,high_speed_parameter_mismatch,stress_test_range,"Boundary speed plus controller Lq +10%",400,10,0,48,1.1,500,0.36,0,0.6,0,coarse amplitude grid,0,500,-0.0465590852227599,-1.79702049881598e-05,0.24546141453277,0.198726037483407,1.18383316354202,0.0528933487250161,0.624259711842671,2.64024774218615,0.0467185999534021,0.0868650105521948,0.0796504677181408,0.0710780260745792,1,a=valid known-frequency integer-cycle FFT; b=valid known-frequency integer-cycle FFT; c=valid known-frequency integer-cycle FFT,4,500,6.51803173212276,0.159930328296602,4.86334870210947,4.59033006219887,0.102558057780454,0.0197840358775578,0.942334223227651,0.0210879507233298,valid,1784,11893.3333333333,0.002,0.414,0.584,0.457978885130905,0.0001189802,0.0005948,292,0.0630850280861233,6.07787511686366e-10,0.358506001455592,3.13885938501462e-09,0,0.584,1,0.416,0.416,0,-19.8734453996922,0.996,0.54403407198917,1.69541283786132,0.004,2,0.0560818547963788,19.3768413427172,0,0,0,0,0,0,0,1,1,,,1.1850142047424,0,0,0,0,0,0.016
A_C12_020,coarse_scan,C12,high_speed_parameter_mismatch,stress_test_range,"Boundary speed plus controller Lq +10%",400,10,0,48,1.1,500,0.36,0.0225,0.6,0.15,coarse amplitude grid,0,500,-0.0336561121832091,-0.00830898045545897,0.261523111636526,0.204657210824083,1.18594606654474,0.307353312081238,0.620096707101532,2.64024774218615,0.0499581438054562,0.0890337409093952,0.0796099546367544,0.0728672797838686,1,a=valid known-frequency integer-cycle FFT; b=valid known-frequency integer-cycle FFT; c=valid known-frequency integer-cycle FFT,4,500,6.51174917916326,0.161972527227944,4.85833789655463,4.58567171819889,0.0944957075421122,0.019287930292701,0.941918769549062,0.0194502131292937,valid,1774,11826.6666666667,0.002,0.428,0.57,0.455992569814461,0.0001211316,0.0005188,310,0.070647585600139,0.00147635132943356,0.353992949918664,0.0213698998058013,0,0.004,1,0.996,0.996,38.016,-21.8378325082948,0.996,0.546020387305613,1.69541283786132,0.004,2,0.0560818547963788,19.3768413427172,0,0,0,0,0,0,0,1,1,,,1.22512616950265,0,0,0,0,0,0.012
A_C12_021,coarse_scan,C12,high_speed_parameter_mismatch,stress_test_range,"Boundary speed plus controller Lq +10%",400,10,0,48,1.1,500,0.36,0.04,0.6,0.2,coarse amplitude grid,0,500,-0.0725180261541093,-0.0160478662008777,0.28181559624016,0.2084985814021,1.19186441091397,0.348042957650801,0.597543613600143,2.64024774218615,0.050727056004278,0.0890578403228449,0.079239913951034,0.0730082700927189,1,a=valid known-frequency integer-cycle FFT; b=valid known-frequency integer-cycle FFT; c=valid known-frequency integer-cycle FFT,4,500,6.50485809605128,0.161593198000727,4.85735236390193,4.58456938855531,0.114647070717546,0.0225080189917721,0.942550727176972,0.0236027906004023,valid,1752,11680,0.002,0.464,0.534,0.457978697607401,0.000123093,0.0007481,336,0.0832535489127365,0.00272855124021936,0.351491189354581,0.0381025469903692,0,0.004,1,0.996,0.996,50.6880000000001,-22.4926282111624,0.996,0.544034259512674,1.69541283786132,0.004,2,0.0560818547963791,19.3768413427172,0,0,0,0,0,0,0,1,1,,,1.24164192679436,0,0,0,0,0,0.084
A_C12_022,coarse_scan,C12,high_speed_parameter_mismatch,stress_test_range,"Boundary speed plus controller Lq +10%",400,10,0,48,1.1,500,0.36,0.16,0.6,0.4,coarse amplitude grid,0,500,-0.105149626044169,-0.0832341686804415,0.328153854865755,0.282520119378128,1.20033654985406,0.829271071422584,0.609297676380405,2.64024774218615,0.0575932447974121,0.0937880705140308,0.0845596376021252,0.0786469843045227,1,a=valid known-frequency integer-cycle FFT; b=valid known-frequency integer-cycle FFT; c=valid known-frequency integer-cycle FFT,4,500,6.46495213545898,0.166630243381868,4.82674907809151,4.55489622679921,0.325042693735249,0.0685056924427281,0.940506060724119,0.0673419497215236,valid,1682,11213.3333333333,0.002,0.622,0.376,0.459048000376257,0.0001275778,0.0005503,378,0.112599354346729,0.0321317332109731,0.356610840807518,0.157883710326077,0,0.004,1,0.996,0.996,101.376,-25.1118110226326,0.9955,0.542964956743818,1.69541283786132,0.004,2,0.0560818547963791,19.3768413427172,0,0,0,0,0,0,0,1,1,,,1.45893740195181,0,0,0,0,0,0.4
A_C12_023,coarse_scan,C12,high_speed_parameter_mismatch,stress_test_range,"Boundary speed plus controller Lq +10%",400,10,0,48,1.1,500,0.36,0.64,0.6,0.8,coarse amplitude grid,0,500,-0.113746717043205,-0.323312004255535,0.336769155973341,0.54901132471081,1.251927538532,1.43415359078345,0.648419058975101,2.64024774218615,0.0658236424810065,0.0990739922177168,0.0878180420161453,0.0842385589049562,1,a=valid known-frequency integer-cycle FFT; b=valid known-frequency integer-cycle FFT; c=valid known-frequency integer-cycle FFT,4,500,6.27775572022921,0.171967604126778,4.71051248181902,4.43923634508351,0.72966143840576,0.175977776990104,0.949545210590415,0.154900648543445,valid,1522,10146.6666666667,0.002,0.788,0.21,0.460221884475628,0.0001309068,0.0005038,450,0.100174506319972,0.201222428177091,0.348843778027773,0.632032531485006,0,0.002,1,0.998,0.998,202.752,-30.3501766455731,0.696,0.542326153458983,1.69541283786132,0.028,14,0.0709785699843534,19.3768413427172,0,0,0,0,0,0,0,1,1,,,1.90371192245357,0,0,0,0,0,0.732
A_C12_024,coarse_scan,C12,high_speed_parameter_mismatch,stress_test_range,"Boundary speed plus controller Lq +10%",400,10,0,48,1.1,500,0.36,1,0.6,1,coarse amplitude grid,0,500,-0.0852862488197145,-0.439046427209873,0.324475558317144,0.695434638586593,1.32786226364069,2.15266749217718,0.669298765505531,2.64024774218615,0.0747429909073194,0.0979139456476971,0.0891040464489732,0.0872536610013299,1,a=valid known-frequency integer-cycle FFT; b=valid known-frequency integer-cycle FFT; c=valid known-frequency integer-cycle FFT,4,500,6.20697285997189,0.178014979916904,4.65176891196787,4.3818792464034,1.03775078852622,0.225512320036933,0.951717941389565,0.223087347666032,valid,1422,9480,0.006,0.82,0.174,0.456769253068603,0.0001285466,0.0006069,447,0.106979638684829,0.395128245265945,0.554279326838837,0.987416876090702,0.008,0.002,0.992,0.998,0.99,253.439999999999,-32.9693594570433,0.5865,0.55978796054937,1.69541283786132,0.13,65,0.472978852850563,19.3768413427172,0,0,0,0,0,0,0,1,1,,,2.52926778397966,0,0,0,0,0,0.804
A_C12_025,coarse_scan,C12,high_speed_parameter_mismatch,stress_test_range,"Boundary speed plus controller Lq +10%",400,10,0,48,1.1,500,0.64,0,0.8,0,coarse amplitude grid,0,500,-0.000836344062434939,-1.50861698871362e-05,0.380546866982424,0.199355494861657,1.58783522468343,0.104652759449877,0.832927830270018,2.64024774218615,0.0564588331404658,0.0906838259292167,0.0865307287729443,0.0778911292808756,1,a=valid known-frequency integer-cycle FFT; b=valid known-frequency integer-cycle FFT; c=valid known-frequency integer-cycle FFT,4,500,6.49657023904791,0.163020104048445,4.86006867879254,4.58757355754774,0.139820536500594,0.031558298337557,0.941917866362824,0.0287692511652595,valid,1714,11426.6666666667,0.002,0.552,0.446,0.457934028520493,0.0001142814,0.0005292,320,0.148017071579093,5.73107995296986e-10,0.630259865221253,4.39976291073697e-09,0,0.446,1,0.554,0.554,0,-20.0739785733951,0.996,0.544078928599582,1.69541283786132,0.004,2,0.0560818547963792,19.3768413427172,0,0,0,0,0,0,0,1,1,,,1.59128027097867,0,0,0,0,0,0.26
A_C12_026,coarse_scan,C12,high_speed_parameter_mismatch,stress_test_range,"Boundary speed plus controller Lq +10%",400,10,0,48,1.1,500,0.64,0.0225,0.8,0.15,coarse amplitude grid,0,500,-0.00427744497205709,-0.0128068632973549,0.418397357041289,0.204793978620387,1.59778759440761,0.200348954132608,0.803339451817705,2.64024774218615,0.0543222150407209,0.0892605485108598,0.0829984724022827,0.0755270786512878,1,a=valid known-frequency integer-cycle FFT; b=valid known-frequency integer-cycle FFT; c=valid known-frequency integer-cycle FFT,4,500,6.50134251036127,0.160871610122001,4.85403080003193,4.5821927340203,0.170192539153452,0.026930346269479,0.941014248188483,0.0350621053233391,valid,1674,11160,0.002,0.628,0.37,0.458568453454699,0.0001258172,0.0004053,380,0.173100745569894,0.00162542923328488,0.637006927256956,0.0220279256639947,0,0.004,1,0.996,0.996,50.6880000000001,-22.0383656819977,0.996,0.543444503665376,1.69541283786132,0.004,2,0.0560818547963794,19.3768413427172,0,0,0,0,0,0,0,1,1,,,1.61029963058584,0,0,0,0,0,0.412
A_C12_027,coarse_scan,C12,high_speed_parameter_mismatch,stress_test_range,"Boundary speed plus controller Lq +10%",400,10,0,48,1.1,500,0.64,0.04,0.8,0.2,coarse amplitude grid,0,500,-0.0842447910834894,-0.0190148387032859,0.444777596307018,0.211506771669869,1.6037454555144,0.374183752958171,0.810996943591165,2.64024774218615,0.0580943843257901,0.0878853997379135,0.0852126537032294,0.077064145922311,1,a=valid known-frequency integer-cycle FFT; b=valid known-frequency integer-cycle FFT; c=valid known-frequency integer-cycle FFT,4,500,6.48905329264827,0.163449861625254,4.85670787229601,4.58320666086571,0.169949787718103,0.0318859835548996,0.941938043938011,0.0349927959817273,valid,1644,10960,0.002,0.676,0.322,0.460428007950876,0.0001437158,0.0006976,411,0.209899272531326,0.00347737049989248,0.636507382807732,0.0388572357582706,0,0.004,1,0.996,0.996,67.5839999999999,-22.6931613848653,0.996,0.541584949169198,1.69541283786132,0.004,2,0.0560818547963796,19.3768413427172,0,0,0,0,0,0,0,1,1,,,1.64681904502618,0,0,0,0,0,0.508
A_C12_028,coarse_scan,C12,high_speed_parameter_mismatch,stress_test_range,"Boundary speed plus controller Lq +10%",400,10,0,48,1.1,500,0.64,0.16,0.8,0.4,coarse amplitude grid,0,500,0.0087787906676157,-0.0947009222233589,0.491742888001554,0.283310305955691,1.56798242334486,0.718014365277558,0.851472104664676,2.64024774218615,0.0672120069312973,0.0943123718010597,0.0884453385947818,0.0833232391090463,1,a=valid known-frequency integer-cycle FFT; b=valid known-frequency integer-cycle FFT; c=valid known-frequency integer-cycle FFT,4,500,6.42894461597034,0.166215122149942,4.8132495236232,4.54037326123043,0.356730284790357,0.0788380243529603,0.940958280991173,0.0741142305296125,valid,1528,10186.6666666667,0.002,0.902,0.096,0.457877329972845,0.0002561044,0.0008922,500,0.248391527850039,0.0312225647272278,0.630256420103749,0.153626651814262,0,0.004,1,0.996,0.996,135.168,-25.3123441963355,0.982,0.544135627147229,1.69541283786132,0.004,2,0.0560818547963801,19.3768413427172,0,0,0,0,0,0,0,1,1,,,1.72456183091919,0,0,0,0,0,0.96
A_C12_029,coarse_scan,C12,high_speed_parameter_mismatch,stress_test_range,"Boundary speed plus controller Lq +10%",400,10,0,48,1.1,500,0.64,0.64,0.8,0.8,coarse amplitude grid,0,500,-0.0618878317444896,-0.287836963162736,0.464951006045283,0.535414824016325,1.65777452675292,1.84729343879201,0.855798898059147,2.64024774218615,0.0779512331119947,0.0989750353774649,0.093169331230058,0.0900318665731725,1,a=valid known-frequency integer-cycle FFT; b=valid known-frequency integer-cycle FFT; c=valid known-frequency integer-cycle FFT,4,500,6.27075179461739,0.176828071103757,4.72412884953431,4.44984212700252,0.883401421904335,0.179084633587285,0.947764718219409,0.186997740756249,valid,1466,9773.33333333333,0.018,0.868,0.114,0.457387112522617,0.0002550676,0.0007712,500,0.208855285724341,0.180318644850163,0.639903197789284,0.63998174885401,0,0.002,1,0.998,0.998,270.336,-30.5507098192759,0.71,0.545115899126393,1.69541283786132,0.016,8,0.0697197766196839,19.3768413427172,0,0,0,0,0,0,0,1,1,,,2.48207764394164,0,0,0,0,0,0.924
A_C12_030,coarse_scan,C12,high_speed_parameter_mismatch,stress_test_range,"Boundary speed plus controller Lq +10%",400,10,0,48,1.1,500,0.64,1,0.8,1,coarse amplitude grid,0,500,-0.00860025790880959,-0.465760871139048,0.478383375172594,0.687952345197076,1.62107141919169,2.0715898690565,0.818979469346732,2.64024774218615,0.0811276948841909,0.100624626678774,0.0896796327341423,0.0904773180990358,1,a=valid known-frequency integer-cycle FFT; b=valid known-frequency integer-cycle FFT; c=valid known-frequency integer-cycle FFT,4,500,6.2112518280811,0.179124084459495,4.63391239293361,4.36434471803506,0.989694468037944,0.203053030625295,0.95420924617927,0.2135764304796,valid,1368,9120,0.036,0.882,0.082,0.455616160259123,0.000229428,0.0023014,499,0.228361935362337,0.379554787924704,0.670496583391646,0.988565220388183,0.006,0.002,0.994,0.998,0.992,337.919999999999,-33.1698926307462,0.5735,0.549037849398944,1.69541283786132,0.062,31,0.132333959190567,19.3768413427172,0,0,0,0,0,0,0,1,1,,,2.63046709382529,0,0,0,0,0,0.988
A_C12_031,coarse_scan,C12,high_speed_parameter_mismatch,stress_test_range,"Boundary speed plus controller Lq +10%",400,10,0,48,1.1,500,1,0,1,0,coarse amplitude grid,0,500,0.115535529462048,-6.46537318652918e-06,0.53534909503369,0.199988723047681,1.99179239937989,0.11886494199001,1.009721065211,2.64024774218615,0.0606866854767366,0.097679684434868,0.0868760647855287,0.0817474782323778,1,a=valid known-frequency integer-cycle FFT; b=valid known-frequency integer-cycle FFT; c=valid known-frequency integer-cycle FFT,4,500,6.52093760739534,0.161533144808221,4.8516989159456,4.57945468308121,0.166657009669008,0.0424262763445124,0.939907920358714,0.0343502374232813,valid,1572,10480,0.002,0.836,0.162,0.456220080354138,0.0001675578,0.0015034,480,0.296895915292396,3.16402812159709e-10,0.996956297821,5.17994493024851e-09,0,0.162,1,0.838,0.838,0,-20.274511747098,0.996,0.545792876765937,1.69541283786132,0.004,2,0.05608185479638,19.3768413427172,0,0,0,0,0,0,0,1,1,,,1.9953360209904,0,0,0,0,0,0.828
A_C12_032,coarse_scan,C12,high_speed_parameter_mismatch,stress_test_range,"Boundary speed plus controller Lq +10%",400,10,0,48,1.1,500,1,0.0225,1,0.15,coarse amplitude grid,0,500,0.114273740587364,-0.00885807538471172,0.573053898574631,0.206386359048572,1.95353798893154,0.289231227647118,1.10773673052105,2.64024774218615,0.0587026344355229,0.0966496199936733,0.0854453585969284,0.0802658710087082,1,a=valid known-frequency integer-cycle FFT; b=valid known-frequency integer-cycle FFT; c=valid known-frequency integer-cycle FFT,4,500,6.51733306347394,0.167279031703124,4.84744317534866,4.57547074477886,0.236773264148955,0.0430938261914087,0.940802762504871,0.0488449798345342,valid,1558,10386.6666666667,0.002,0.856,0.142,0.452933983426254,0.0001296294,0.0009036,467,0.335697860362247,0.00125584869414111,0.999395338025476,0.0224209671499089,0,0.004,1,0.996,0.996,63.3599999999999,-22.2388988557006,0.9945,0.54907897369382,1.69541283786132,0.004,2,0.0560818547963799,19.3768413427172,0,0,0,0,0,0,0,1,1,,,1.97483299983693,0,0,0,0,0,0.868
A_C12_033,coarse_scan,C12,high_speed_parameter_mismatch,stress_test_range,"Boundary speed plus controller Lq +10%",400,10,0,48,1.1,500,1,0.04,1,0.2,coarse amplitude grid,0,500,0.0594933163398221,-0.0165461698967274,0.604746164217033,0.21434708096144,1.98956483242684,0.429304606696657,1.06449370623038,2.64024774218615,0.0756373454037878,0.094028022620421,0.103608104398918,0.0910911574743756,1,a=valid known-frequency integer-cycle FFT; b=valid known-frequency integer-cycle FFT; c=valid known-frequency integer-cycle FFT,4,500,6.4861632033622,0.175588125440879,4.8476268800253,4.57381911230845,0.26243993940347,0.0470311611945668,0.942630138174689,0.0541378175133192,valid,1520,10133.3333333333,0.002,0.888,0.11,0.454541508128766,0.0001758488,0.0008445,494,0.376591677868777,0.0034082536107685,0.999871706736616,0.0399404905952028,0,0.004,1,0.996,0.996,84.4799999999997,-22.8936945585682,0.991,0.547471448991309,1.69541283786132,0.004,2,0.05608185479638,19.3768413427172,0,0,0,0,0,0,0,1,1,,,2.03535516992996,0,0,0,0,0,0.932
A_C12_034,coarse_scan,C12,high_speed_parameter_mismatch,stress_test_range,"Boundary speed plus controller Lq +10%",400,10,0,48,1.1,500,1,0.16,1,0.4,coarse amplitude grid,0,500,0.0169825131227298,-0.0606386571966095,0.555222441460227,0.264036613641005,1.92702257341008,0.615705674326078,1.00643624187031,2.64024774218615,0.066956587936737,0.0915168490047522,0.0901177749439725,0.0828637372951539,1,a=valid known-frequency integer-cycle FFT; b=valid known-frequency integer-cycle FFT; c=valid known-frequency integer-cycle FFT,4,500,6.46080895685222,0.172617925772462,4.82905640191289,4.55449681103692,0.274766876589917,0.0588253669613696,0.942409997544082,0.0568986679221796,valid,1482,9880,0.002,0.976,0.022,0.456038367254211,0.0001537216,0.0007114,500,0.298120161018402,0.0184133133883468,0.977751543036248,0.157262487528971,0,0.004,1,0.996,0.996,168.959999999999,-25.5128773700384,0.9725,0.545974589865864,1.69541283786132,0.004,2,0.0560818547963803,19.3768413427172,0,0,0,0,0,0,0,1,1,,,2.02299517444539,0,0,0,0,0,1.108
A_C12_035,coarse_scan,C12,high_speed_parameter_mismatch,stress_test_range,"Boundary speed plus controller Lq +10%",400,10,0,48,1.1,500,1,0.64,1,0.8,coarse amplitude grid,0,500,0.112717098234571,-0.269787749324279,0.599996813181194,0.543184521923257,2.17267106125707,1.94297752378953,1.14583080609934,2.64024774218615,0.0780190715258415,0.0975898563883422,0.0924648682605331,0.0893579320582389,1,a=valid known-frequency integer-cycle FFT; b=valid known-frequency integer-cycle FFT; c=valid known-frequency integer-cycle FFT,4,500,6.32435216461364,0.1811430071926,4.72058436750446,4.44868658573523,0.927188171905957,0.191662024055643,0.94977328656557,0.196413854667768,valid,1350,9000,0.03,0.946,0.024,0.448764102327124,0.0001870636,0.0008596,500,0.354148491072147,0.18109427897328,0.998531290030515,0.639576763127162,0,0.002,1,0.998,0.998,337.919999999999,-30.7512429929788,0.696,0.554303981887181,1.69541283786132,0.024,12,0.0865371174166463,19.3768413427172,0,0,0,0,0,0,0,1,1,,,2.91473175410281,0,0,0,0,0,1.104
A_C12_036,coarse_scan,C12,high_speed_parameter_mismatch,stress_test_range,"Boundary speed plus controller Lq +10%",400,10,0,48,1.1,500,1,1,1,1,coarse amplitude grid,0,500,0.0722505131745927,-0.413352250681155,0.582604928666933,0.667461862228926,2.14839921041849,2.03407305216082,1.08824697991814,2.64024774218615,0.0883800564733039,0.101949514266411,0.0924010029244196,0.0942435245547115,1,a=valid known-frequency integer-cycle FFT; b=valid known-frequency integer-cycle FFT; c=valid known-frequency integer-cycle FFT,4,500,6.25555271298362,0.185229466883438,4.65392163204665,4.3827497573056,0.971042397897268,0.216520898680579,0.953059482109541,0.208650354404492,valid,1248,8320,0.058,0.912,0.03,0.451019104638472,0.0001582524,0.0007885,500,0.338443522101302,0.332082673482737,0.976381010301109,0.991645063270437,0,0.002,1,0.998,0.998,422.400000000001,-33.3704258044491,0.5775,0.556491918350669,1.69541283786132,0.066,33,0.217988512391601,19.3768413427172,0,0,0,0,0,0,0,1,1,,,2.95855916771215,0,0,0,0,0,1.092
B_C01_001,focused_scan,C01,low_speed_light_load,reasonable_extension_range,"100 rpm paper/source speed; interpolated light load",100,2.5,0,48,1,1551,0.01,0.01125,0.1,0.106066017177982,pareto_min_current_ripple,0,1551,-0.0110425840071291,-0.0152101020440044,0.047639308169041,0.0431588892344014,0.198158361945228,0.116640231788637,0.100454046251523,0.66094209764132,0.021897003716969,0.0226246684562028,0.0224773334172198,0.0223330018634638,1,a=valid known-frequency integer-cycle FFT; b=valid known-frequency integer-cycle FFT; c=valid known-frequency integer-cycle FFT,3,1500,1.75558681308178,0.207479637135896,1.20780060112302,1.18610638842933,0.0585372304157348,0.0144563255295948,0.136291419617209,0.0484659722484873,valid,5562,11953.5783365571,0.000644745325596389,0.393939393939394,0.60541586073501,0.8739749340822,0.000207760928433269,0.0269376,1436,0.00228491577018755,0.00116045046887521,0.00985074593626057,0.011036490410494,0,0,1,1,1,4.07293505963452,15.6808091185106,1,0.1260250659178,0.387355519119456,0,0,3.14187335425808e-16,1.88411095042053e-15,0,0,0,0,0,0,0,1,1,,,0.229938426715769,1,1,1,1,1,1.20954223081883
B_C01_002,focused_scan,C01,low_speed_light_load,reasonable_extension_range,"100 rpm paper/source speed; interpolated light load",100,2.5,0,48,1,1551,0.025,0,0.158113883008419,0,pareto_min_current_ripple,0,1551,-0.00663076271650433,-3.58253537456594e-05,0.0682715790248069,0.0259259642449699,0.313574249617982,0.0526001457574097,0.157321311549582,0.66094209764132,0.0269079864612223,0.0270373641221702,0.0270364648082083,0.0269939384638669,1,a=valid known-frequency integer-cycle FFT; b=valid known-frequency integer-cycle FFT; c=valid known-frequency integer-cycle FFT,3,1500,1.76609748849863,0.208188154591737,1.21510200713432,1.19328867534493,0.0302008805429854,0.00146054709998118,0.136046911923581,0.0248546050995429,valid,5504,11828.9275736084,0.000644745325596389,0.430689877498388,0.568665377176016,0.873941709749185,0.000266330431979368,0.0072391,1549,0.00469732944360325,4.94328070046163e-16,0.0249512231824455,2.02604427473703e-15,0,0,1,1,1,0,16.9383700690995,1,0.126058290250815,0.387355519119456,0,0,3.56436773764455e-16,1.83102671940889e-15,0,0,0,0,0,0,0,1,1,,,0.317955319749774,1,1,1,0,1,1.13604126370084
B_C01_003,focused_scan,C01,low_speed_light_load,reasonable_extension_range,"100 rpm paper/source speed; interpolated light load",100,2.5,0,48,1,1551,0.025,0.01125,0.158113883008419,0.106066017177982,pareto_min_current_ripple,0,1551,-0.00431582525862816,-0.0253179770569338,0.0968521399830981,0.0517400612692538,0.316695811610455,0.10671611120623,0.159239462074588,0.66094209764132,0.0409753822865946,0.0413707880901977,0.0429724118842255,0.0417728607536726,1,a=valid known-frequency integer-cycle FFT; b=valid known-frequency integer-cycle FFT; c=valid known-frequency integer-cycle FFT,3,1500,1.74718659641189,0.209495756667289,1.20277165609538,1.18109861794172,0.0564942500179262,0.0173791962687732,0.13673285557052,0.0469700543171482,valid,5144,11055.2331828928,0.000644745325596389,0.658284977433914,0.34107027724049,0.873990323657576,0.00027953803997421,0.0012181,1545,0.00949449933500809,0.00192491236414836,0.0249227910301782,0.0112066306459759,0,0,1,1,1,6.43987577519938,15.6662059090844,1,0.126009676342423,0.387355519119456,0,0,4.4673555372268e-16,2.39149358411273e-15,0,0,0,0,0,0,0,1,1,,,0.334192407876937,1,1,1,1,1,0.680851063829786
B_C01_004,focused_scan,C01,low_speed_light_load,reasonable_extension_range,"100 rpm paper/source speed; interpolated light load",100,2.5,0,48,1,1551,0.1,0.1,0.316227766016838,0.316227766016838,default_neighborhood,0,1551,0.00608811991353394,-0.16628671803572,0.173607338166539,0.209686413859558,0.629323868997989,0.324945966478571,0.315584600335995,0.66094209764132,0.0926854392883208,0.0872846032198192,0.0885005491723164,0.0894901972268188,1,a=valid known-frequency integer-cycle FFT; b=valid known-frequency integer-cycle FFT; c=valid known-frequency integer-cycle FFT,3,1500,1.6483076908925,0.225451543977974,1.13408367896108,1.11384250377597,0.164504630381591,0.0618094686137097,0.143891896790995,0.145055107866725,valid,3226,6933.16140124651,0.268858800773694,0.722759509993553,0.00838168923275306,0.874370689090486,0.000312534622823984,0.0023482,1551,0.0302711284284546,0.0437905294178145,0.099463325527597,0.0993461465488255,0,0,1,1,1,38.3999999999997,13.1057775319673,1,0.125629310909514,0.387355519119456,0,0,6.61215726826689e-16,3.66205343881779e-15,0,0,0,0,0,0,0,1,1,,,0.708264366759539,1,1,1,1,1,0.122501611863315
B_C01_005,focused_scan,C01,low_speed_light_load,reasonable_extension_range,"100 rpm paper/source speed; interpolated light load",100,2.5,0,48,1,1551,0.1,0.16,0.316227766016838,0.4,default_neighborhood,0,1551,0.00583620874372096,-0.208965973627185,0.166881244635107,0.255767439239376,0.628185485511894,0.414125618303766,0.316213004760172,0.66094209764132,0.0936243149556465,0.0953956187045591,0.0937592709062763,0.094259734855494,1,a=valid known-frequency integer-cycle FFT; b=valid known-frequency integer-cycle FFT; c=valid known-frequency integer-cycle FFT,3,1500,1.61632071171119,0.230477810234463,1.11334949694805,1.09178024742015,0.209588183728783,0.0686664675797833,0.150871494877479,0.188250126580478,valid,3096,6653.77176015474,0.295938104448743,0.702127659574468,0.00193423597678917,0.874641151018267,0.000241319922630561,0.0012932,1551,0.0277784628341909,0.0633347822333467,0.0994616120024895,0.15923856820339,0,0,1,1,1,48.5725848601866,12.1010067626553,1,0.125358848981733,0.387355519119456,0,0,6.66967160316368e-16,3.76822190084106e-15,0,0,0,0,0,0,0,1,1,,,0.752407490621465,1,1,1,1,1,0.0683430045132168
B_C01_006,focused_scan,C01,low_speed_light_load,reasonable_extension_range,"100 rpm paper/source speed; interpolated light load",100,2.5,0,48,1,1551,0.1,0.4,0.316227766016838,0.632455532033676,default_neighborhood,0,1551,0.014129753449305,-0.403867840591299,0.175781296820846,0.451715837656534,0.638423905673916,0.707195654994601,0.327468127906356,0.727981746896766,0.11262458604087,0.114567649969355,0.114587716989567,0.113926650999931,1,a=valid known-frequency integer-cycle FFT; b=valid known-frequency integer-cycle FFT; c=valid known-frequency integer-cycle FFT,3,1500,1.48003993553092,0.239669280226031,1.0185141666481,0.997506340987404,0.342606817617798,0.0961453337126761,0.16476821488441,0.33637904001405,valid,2884,6198.15173006662,0.332688588007737,0.66602192134107,0.00128949065119278,0.875481701537507,0.000181091038039974,0.0005828,1485,0.0304791416515463,0.202163314330202,0.0999848702704208,0.39984800991287,0,0,1,1,1,76.7999999999995,8.22482213042445,1,0.124518298462494,0.391417595377755,0,0,6.60650278590211e-16,5.32907051820075e-15,0,0,0,0,0,0,0,1,1,,,0.952738567383089,1,1,1,0,0,0.00644745325596436
B_C01_007,focused_scan,C01,low_speed_light_load,reasonable_extension_range,"100 rpm paper/source speed; interpolated light load",100,2.5,0,48,1,1551,0.16,0.1,0.4,0.316227766016838,default_neighborhood,0,1551,0.00243506582546262,-0.162576429396946,0.205564239812869,0.212413648095716,0.794917248810752,0.327176432548901,0.4018727372563,0.66094209764132,0.101437313431247,0.0993757992891336,0.0979651611018004,0.0995927579407271,1,a=valid known-frequency integer-cycle FFT; b=valid known-frequency integer-cycle FFT; c=valid known-frequency integer-cycle FFT,3,1500,1.65132714562763,0.235505318847391,1.13595730395607,1.11595063013584,0.171194921799112,0.067045408070031,0.144303158444518,0.150705419299573,valid,2884,6198.15173006662,0.343649258542876,0.655705996131528,0.000644745325596389,0.87440098295907,0.000197848162475822,0.0009836,1497,0.0430058416980881,0.0452400241007974,0.159837439365357,0.0996771530323699,0,0,1,1,1,48.5725848601866,13.0847267362946,1,0.12559901704093,0.387355519119456,0,0,6.81417599747798e-16,3.99680288865056e-15,0,0,0,0,0,0,0,1,1,,,0.859614943141568,1,1,1,1,1,0.0270793036750489
B_C01_008,focused_scan,C01,low_speed_light_load,reasonable_extension_range,"100 rpm paper/source speed; interpolated light load",100,2.5,0,48,1,1551,0.16,0.4,0.4,0.632455532033676,default_neighborhood,0,1551,0.000845699639989445,-0.371887773774741,0.201685072366132,0.427370775978722,0.789174338960902,0.640518685277594,0.403546818546805,0.731313411742453,0.132714951971476,0.133435457445706,0.132845581210606,0.132998663542596,1,a=valid known-frequency integer-cycle FFT; b=valid known-frequency integer-cycle FFT; c=valid known-frequency integer-cycle FFT,3,1500,1.49860056525777,0.247468624465401,1.03425613339408,1.01323396989666,0.31924957528796,0.100475687495085,0.167041451727583,0.308675544654775,valid,2498,5368.5794111326,0.424887169568021,0.575112830431979,0,0.875542534344972,0.000159868858800774,0.0007842,1466,0.039827076059208,0.180876925433081,0.159726562981758,0.399008104422766,0,0,1,1,1,97.1451697203732,7.84349068424736,1,0.124457465655028,0.364917207259215,0,0,6.60750099006709e-16,5.32907051820075e-15,0,0,0,0,0,0,0,1,1,,,1.01639575140007,1,1,1,1,1,0.189555125725339
B_C01_009,focused_scan,C01,low_speed_light_load,reasonable_extension_range,"100 rpm paper/source speed; interpolated light load",100,2.5,0,48,1,1551,0.26,0.1,0.509901951359279,0.316227766016838,default_neighborhood,0,1551,0.00870157167916985,-0.17108734248847,0.274454295450068,0.217036475556963,1.01144652665932,0.32592026099607,0.507668943524902,0.66094209764132,0.128848669508966,0.132295021994417,0.128525279510399,0.129889657004594,1,a=valid known-frequency integer-cycle FFT; b=valid known-frequency integer-cycle FFT; c=valid known-frequency integer-cycle FFT,3,1500,1.6349694766444,0.246568275307797,1.13173252827404,1.11215048426251,0.170714643521433,0.0664007042330335,0.142561204578009,0.150843630678163,valid,2776,5966.04341285192,0.329464861379755,0.670535138620245,0,0.865904454718294,0.000140601225016119,0.0007979,1336,0.0774138136481096,0.0475877021535809,0.259917561059591,0.0998310187192851,0,0,1,1,1,61.9181395069327,13.0571099065637,1,0.134095545281707,0.286142583869227,0,0,7.27343487403774e-16,3.76822190084106e-15,0,0,0,0,0,0,0,1,1,,,1.06266085503276,1,1,1,0,1,0.00257898130238549
B_C01_010,focused_scan,C01,low_speed_light_load,reasonable_extension_range,"100 rpm paper/source speed; interpolated light load",100,2.5,0,48,1,1551,0.26,0.16,0.509901951359279,0.4,default_neighborhood,0,1551,0.0343712247401329,-0.213249105403156,0.280834277066528,0.260614224087862,1.01441136071556,0.411121478054787,0.507347013059063,0.66094209764132,0.133368110513546,0.138890390675833,0.131465282008897,0.134574594399426,1,a=valid known-frequency integer-cycle FFT; b=valid known-frequency integer-cycle FFT; c=valid known-frequency integer-cycle FFT,3,1500,1.61464783325784,0.247292155821495,1.11081048098419,1.08971636272919,0.210398906938277,0.0709225377141757,0.149970181377967,0.189410264433102,valid,2754,5918.76208897485,0.30174081237911,0.69825918762089,0,0.860336921817029,0.000163703546099291,0.0011023,1512,0.0789481090963475,0.0665196649498465,0.259792671983254,0.159942094989226,0,0,1,1,1,78.3209397287857,12.0523391372518,1,0.139663078182971,0.298066749181842,0,0,7.51194228385117e-16,4.09430021321672e-15,0,0,0,0,0,0,0,1,1,,,1.09455528798994,1,1,1,0,1,0.0580270793036755
B_C01_011,focused_scan,C01,low_speed_light_load,reasonable_extension_range,"100 rpm paper/source speed; interpolated light load",100,2.5,0,48,1,1551,0.26,0.4,0.509901951359279,0.632455532033676,default_neighborhood,0,1551,0.0123898770298563,-0.374384140357548,0.259361667645071,0.433223444814334,1.0077751757771,0.636113736158071,0.508717264144968,0.73696215060232,0.145322781441198,0.14663377905768,0.142135149411285,0.144697236636721,1,a=valid known-frequency integer-cycle FFT; b=valid known-frequency integer-cycle FFT; c=valid known-frequency integer-cycle FFT,3,1500,1.49916327428855,0.260396530908939,1.0328982708545,1.01263804235638,0.320417874192626,0.106020577901063,0.16817337109435,0.310212421914066,valid,2314,4973.13561143348,0.430045132172792,0.569954867827208,0,0.868638881782928,0.000166195422308188,0.0009677,1366,0.0672091116708239,0.187715933892183,0.25903116388747,0.399121084278799,0,0,1,1,1,123.836279013865,7.36076737609394,1,0.131361118217071,0.370599284974925,0,0,6.93955792639977e-16,5.61733354972272e-15,0,0,0,0,0,0,0,1,1,,,1.19174304707078,1,1,1,1,1,0.199871050934881
B_C01_012,focused_scan,C01,low_speed_light_load,reasonable_extension_range,"100 rpm paper/source speed; interpolated light load",100,2.5,0,48,1,1551,0.5,0.82,0.707106781186548,0.905538513813742,pareto_high_Jq_boundary,0,1551,-0.0264298350107276,-0.522570665310839,0.347908307584647,0.595262099971374,1.40243053807789,0.913631085146063,0.715612527576075,0.990375946715425,0.179147192241002,0.175641140128613,0.174584128672934,0.176457487014183,1,a=valid known-frequency integer-cycle FFT; b=valid known-frequency integer-cycle FFT; c=valid known-frequency integer-cycle FFT,3,1500,1.38687327672719,0.320498247177498,0.961391139739994,0.940450790227448,0.457291593058422,0.136650639824058,0.191567891237524,0.475656134278599,valid,1942,4173.65140769396,0.524822695035461,0.475177304964539,0,0.869969231091177,0.000137762088974855,0.0007629,1252,0.122070302706544,0.352533834125847,0.495747498005715,0.819796570985292,0,0,1,1,1,245.87997071742,-0.128286562116902,0.999838813668601,0.130030768908823,0.470201219632779,0,0,7.23218207819597e-16,6.46603649670442e-15,0,0,0,0,0,0,0,1,1,,,1.67377811369327,1,1,1,1,1,0.389426176660219
B_C01_013,focused_scan,C01,low_speed_light_load,reasonable_extension_range,"100 rpm paper/source speed; interpolated light load",100,2.5,0,48,1,1551,0.5,1,0.707106781186548,1,pareto_high_Jq_boundary,0,1551,-0.0213467036978217,-0.602418048111826,0.337627628239978,0.675141114258814,1.40120353192488,1.00795970567505,0.702883899874167,1.09018034984292,0.207660462130433,0.203844861161028,0.196785901938179,0.202763741743213,1,a=valid known-frequency integer-cycle FFT; b=valid known-frequency integer-cycle FFT; c=valid known-frequency integer-cycle FFT,3,1500,1.32837015735863,0.330586082947359,0.922532458747246,0.902170969992046,0.505246125992932,0.147445800175452,0.198468634244145,0.547673007277199,valid,1874,4027.50913389211,0.53384912959381,0.46615087040619,0,0.870480263638811,0.000224168858800774,0.0008366,1520,0.115974718082562,0.456491490824206,0.499864602226275,0.999865428099933,0,0,1,1,1,271.529003975636,-2.03067367924447,0.977433913604126,0.129519736361189,0.504017872926585,0,0,7.08953104746945e-16,7.32410687763558e-15,0,0,0,0,0,0,0,1,1,,,1.72608056189255,1,1,1,1,1,0.407479045776917
B_C01_014,focused_scan,C01,low_speed_light_load,reasonable_extension_range,"100 rpm paper/source speed; interpolated light load",100,2.5,0,48,1,1551,0.64,0.82,0.8,0.905538513813742,pareto_high_Jq_boundary,0,1551,0.0632347526538072,-0.498114836449199,0.390295812755201,0.57668210820857,1.5762467015215,0.91913684287104,0.795213592669144,0.988481125372531,0.23336235038325,0.241811276075808,0.238712141759684,0.237961922739581,1,a=valid known-frequency integer-cycle FFT; b=valid known-frequency integer-cycle FFT; c=valid known-frequency integer-cycle FFT,3,1500,1.40222411549209,0.311142573472089,0.971904569685751,0.951232745894821,0.455661721566857,0.138845535809546,0.192832007306351,0.468833809181685,valid,1872,4023.21083172147,0.54287556415216,0.45712443584784,0,0.868096159866451,0.000175135783365571,0.0009884,1482,0.153113161231223,0.331583615857719,0.635111330426967,0.819497274557674,0,0,1,1,1,278.18143144358,-0.18838159936988,0.999032882011605,0.131903840133549,0.488761472404353,0,0,7.41240110628553e-16,6.46603649670442e-15,0,0,0,0,0,0,0,1,1,,,1.82465509068984,1,1,1,0,0,0.425531914893617
B_C01_015,focused_scan,C01,low_speed_light_load,reasonable_extension_range,"100 rpm paper/source speed; interpolated light load",100,2.5,0,48,1,1551,0.82,0.82,0.905538513813742,0.905538513813742,pareto_min_switching + pareto_high_Jd_boundary + pareto_high_Jq_boundary,0,1551,0.00342371649716652,-0.478343126339716,0.41488547352514,0.564163934940401,1.76575490203684,0.913103603398445,0.906212907062996,0.997813345198708,0.249254518560356,0.245125749848099,0.241525678379527,0.245301982262661,1,a=valid known-frequency integer-cycle FFT; b=valid known-frequency integer-cycle FFT; c=valid known-frequency integer-cycle FFT,3,1500,1.41882758717851,0.336972767846673,0.98238238263197,0.961179906469068,0.462336720259658,0.142611461958081,0.196746167919901,0.470628065439222,valid,1728,3713.7330754352,0.578981302385558,0.421018697614442,0,0.86787963194824,0.000193723275306254,0.00086,1454,0.173942337166569,0.316260341980795,0.819370936922643,0.819348488604799,0,0,1,1,1,314.880000000002,-0.732418989566579,0.997904577691812,0.132120368051759,0.500969586103552,0,0,7.03379402146611e-16,6.46603649670442e-15,0,0,0,0,0,0,0,1,1,,,1.9878753896073,1,1,1,0,1,0.497743391360413
B_C01_016,focused_scan,C01,low_speed_light_load,reasonable_extension_range,"100 rpm paper/source speed; interpolated light load",100,2.5,0,48,1,1551,0.82,1,0.905538513813742,1,pareto_min_switching + pareto_high_Jd_boundary + pareto_high_Jq_boundary,0,1551,-0.059991128972534,-0.545449088481839,0.426581707597186,0.630972079705997,1.78832742198437,1.00554744360701,0.895129494696629,1.07325357021447,0.269055694236691,0.26907803889832,0.263783061343604,0.267305598159538,1,a=valid known-frequency integer-cycle FFT; b=valid known-frequency integer-cycle FFT; c=valid known-frequency integer-cycle FFT,3,1500,1.37945677054215,0.349148112363952,0.950850207795063,0.930647917818686,0.509906651891573,0.154612803105685,0.20327058242803,0.536263911719598,valid,1572,3378.46550612508,0.620889748549323,0.379110251450677,0,0.874807298433854,0.000147421985815603,0.0006855,1287,0.184270259660934,0.39857867948462,0.817242829179926,0.993972433009758,0,0,1,1,1,347.726789304477,-2.28366495923575,0.972920696324952,0.125192701566146,0.531656821968563,0,0,6.82065361856269e-16,7.105427357601e-15,0,0,0,0,0,0,0,1,1,,,2.05164339727104,1,1,1,1,1,0.581560283687943
B_C01_017,focused_scan,C01,low_speed_light_load,reasonable_extension_range,"100 rpm paper/source speed; interpolated light load",100,2.5,0,48,1,1551,1,0.82,1,0.905538513813742,pareto_min_switching + pareto_high_Jd_boundary,0,1551,0.0501919557512692,-0.466492698879046,0.428399087360658,0.555550537038075,1.97649849024077,0.910050535926809,0.997916595249488,0.996741944848477,0.226710198211378,0.240923560715121,0.234610948967474,0.234081569297991,1,a=valid known-frequency integer-cycle FFT; b=valid known-frequency integer-cycle FFT; c=valid known-frequency integer-cycle FFT,3,1500,1.4232595164167,0.332197117510146,0.987473205133824,0.96616567900427,0.456628809545963,0.143793861159362,0.196922709738033,0.462421468422609,valid,1668,3584.78401031592,0.604126370083817,0.395873629916183,0,0.871371866980586,0.000124198001289491,0.0004843,1134,0.18360887906209,0.306223012926884,0.987321901461823,0.819760892582059,0,0,1,1,1,347.726789304477,-1.86170272685387,0.995809155383623,0.128628133019414,0.52217722779689,0,0,7.0085779090472e-16,7.105427357601e-15,0,0,0,0,0,0,0,1,1,,,2.17594537152584,1,1,1,0,1,0.548033526756931
B_C02_001,focused_scan,C02,low_speed_high_load_nominal,engineering_nominal_range,"Exact migrated-IPMSM nominal condition",100,10,0,48,1,1551,0.01,0.01125,0.1,0.106066017177982,pareto_min_current_ripple,0,1551,-0.00665196565319551,-0.0071305966779531,0.0385021382865163,0.0835625970724219,0.198143200116137,0.306502795542853,0.110926187009794,0.96094209764132,0.00494160267022918,0.00498093716542332,0.00505015349651171,0.00499089777738807,1,a=valid known-frequency integer-cycle FFT; b=valid known-frequency integer-cycle FFT; c=valid known-frequency integer-cycle FFT,3,1500,7.06554701557871,0.206254035761008,4.85700510837034,4.77060337952996,0.142636353232056,0.0134369773002038,0.536341368196955,0.0293671408716953,valid,5678,12202.8798624543,0.000644745325596389,0.325596389426177,0.673758865248227,0.839678927119848,0.000111439909735654,0.0006898,788,0.00149383010200489,0.00109079360283358,0.00996633568920193,0.0112182221421016,0,0,1,1,1,4.07293505963452,13.8816973098523,1,0.160321072880152,0.4522753745589,0,0,3.54212529446309e-16,2.80866677486136e-15,0,0,0,0,0,0,0,1,1,,,0.364972178977861,1,1,1,1,1,1.33333333333333
B_C02_002,focused_scan,C02,low_speed_high_load_nominal,engineering_nominal_range,"Exact migrated-IPMSM nominal condition",100,10,0,48,1,1551,0.025,0,0.158113883008419,0,pareto_min_current_ripple,0,1551,-0.000226970865017622,-0.000143361637468618,0.057007453860531,0.0764406927211584,0.311667088646017,0.206057312214019,0.157056522480211,0.96094209764132,0.00580657322141087,0.00572241885195541,0.0056300622579537,0.00571968477710666,1,a=valid known-frequency integer-cycle FFT; b=valid known-frequency integer-cycle FFT; c=valid known-frequency integer-cycle FFT,3,1500,7.070486696847,0.20607241801487,4.85994670696739,4.77348979038998,0.111787082572421,0.00489518429121431,0.536323674227718,0.0230017095479997,valid,5672,12189.9849559424,0.000644745325596389,0.327530625402966,0.671824629271438,0.839625706104202,0.000132230625402966,0.0005919,992,0.00327454425954824,1.98570241292222e-15,0.0246908973282452,9.15591147730033e-15,0,0.000644745325596389,1,0.999355254674404,0.999355254674404,0,15.1392582604412,1,0.160374293895798,0.4522753745589,0,0,3.5286913447105e-16,2.26441954680147e-15,0,0,0,0,0,0,0,1,1,,,0.373625467630286,1,1,1,1,1,1.32946486137975
B_C02_003,focused_scan,C02,low_speed_high_load_nominal,engineering_nominal_range,"Exact migrated-IPMSM nominal condition",100,10,0,48,1,1551,0.025,0.01125,0.158113883008419,0.106066017177982,pareto_min_current_ripple,0,1551,-0.0181525949231069,-0.0108991700277783,0.0746072886493949,0.0843860528072612,0.316198970080851,0.300860565909007,0.158201049084067,0.96094209764132,0.00792567903115581,0.00795322699842652,0.00783230235230514,0.00790373612729583,1,a=valid known-frequency integer-cycle FFT; b=valid known-frequency integer-cycle FFT; c=valid known-frequency integer-cycle FFT,3,1500,7.06256902151642,0.206108592824898,4.85599583457932,4.76956725447196,0.135515955412465,0.0117218823752206,0.536389829463158,0.0279069340314219,valid,5480,11777.3479475607,0.000644745325596389,0.449387491940683,0.54996776273372,0.839936835925864,0.000140198968407479,0.0006951,1038,0.00561508706719937,0.00108678392998838,0.0249864534349842,0.0112393540162867,0,0,1,1,1,6.43987577519938,13.8670941004261,1,0.160063164074136,0.4522753745589,0,0,4.3808928245611e-16,2.66453525910038e-15,0,0,0,0,0,0,0,1,1,,,0.436461760981737,1,1,1,1,1,1.08575112830432
B_C02_004,focused_scan,C02,low_speed_high_load_nominal,engineering_nominal_range,"Exact migrated-IPMSM nominal condition",100,10,0,48,1,1551,0.1,0.1,0.316227766016838,0.316227766016838,default_neighborhood,0,1551,0.0292868658687461,-0.110372563127085,0.172243593349714,0.182963916622231,0.635017671461635,0.750625834149183,0.325490634625063,0.96094209764132,0.020265531127065,0.021037505994686,0.02125220270699,0.0208517466095804,1,a=valid known-frequency integer-cycle FFT; b=valid known-frequency integer-cycle FFT; c=valid known-frequency integer-cycle FFT,3,1500,6.98640468595417,0.207345111968266,4.80423523299217,4.71813102539757,0.363729275276901,0.0533616053555531,0.538309760447661,0.0757101302573737,valid,4366,9383.19363851279,0.000644745325596389,0.99290780141844,0.00644745325596389,0.838757379581963,0.000136532882011605,0.0008476,1549,0.0294466689282532,0.0251079705610976,0.0984766937775637,0.0989936437222741,0,0,1,1,1,38.3999999999997,11.306665723309,1,0.161242620418037,0.4522753745589,0,0,8.6978258176373e-16,3.66205343881779e-15,0,0,0,0,0,0,0,1,1,,,0.983202210107724,1,1,1,0,0,0.404900064474533
B_C02_005,focused_scan,C02,low_speed_high_load_nominal,engineering_nominal_range,"Exact migrated-IPMSM nominal condition",100,10,0,48,1,1551,0.1,0.16,0.316227766016838,0.4,default_neighborhood,0,1551,0.0482937975945327,-0.190458358560887,0.185044958329,0.271718557798247,0.640932567509201,0.898450789719321,0.322601831865516,0.96094209764132,0.0229342094117435,0.0229134509203325,0.0227402485609624,0.0228626362976794,1,a=valid known-frequency integer-cycle FFT; b=valid known-frequency integer-cycle FFT; c=valid known-frequency integer-cycle FFT,3,1500,6.93607718313412,0.206576575551538,4.76400464097558,4.67825197473767,0.406792122482387,0.0809701350011578,0.540042536696222,0.0853886914768168,valid,3650,7844.40146142274,0.168278529980658,0.792392005157963,0.0393294648613798,0.837872391635615,0.000147285880077369,0.0006372,1493,0.0338176122242545,0.0642749505041912,0.099729765316514,0.159835093216633,0,0,1,1,1,48.5725848601866,10.301894953997,1,0.162127608364385,0.4522753745589,0,0,8.33317313810831e-16,5.61733354972272e-15,0,0,0,0,0,0,0,1,1,,,1.1036341683915,1,1,1,1,1,0.0683430045132175
B_C02_006,focused_scan,C02,low_speed_high_load_nominal,engineering_nominal_range,"Exact migrated-IPMSM nominal condition",100,10,0,48,1,1551,0.1,0.4,0.316227766016838,0.632455532033676,default_neighborhood,0,1551,0.013460666903265,-0.369967407006314,0.172751271902253,0.439948630878763,0.644468520981368,0.907378755687871,0.326605458682008,1.02588446525516,0.0272590442403424,0.0283041071807353,0.0275456436194031,0.0277029316801603,1,a=valid known-frequency integer-cycle FFT; b=valid known-frequency integer-cycle FFT; c=valid known-frequency integer-cycle FFT,3,1500,6.80614933313993,0.209333049078523,4.67921960015892,4.59338048963979,0.4416605795572,0.0984481797341682,0.54317193020099,0.0943876580492611,valid,3588,7711.15409413282,0.166344294003868,0.820760799484204,0.0128949065119278,0.838913532259821,0.000156967698259188,0.0007246,1522,0.0296630133232758,0.1790427547224,0.0998061784188251,0.399718873920104,0,0,1,1,1,76.7999999999995,5.87438801338982,1,0.161086467740179,0.503331011308373,0,0,8.45090128804172e-16,5.32907051820075e-15,0,0,0,0,0,0,0,1,1,,,1.11295816669342,1,1,1,1,1,0.0722114764667965
B_C02_007,focused_scan,C02,low_speed_high_load_nominal,engineering_nominal_range,"Exact migrated-IPMSM nominal condition",100,10,0,48,1,1551,0.16,0.1,0.4,0.316227766016838,default_neighborhood,0,1551,0.0441100765087042,-0.0729198586314395,0.202322673978937,0.153690088115379,0.804532232345816,0.617387684395084,0.403450804205209,0.96094209764132,0.0225167307511849,0.0223626921109795,0.0227455558791038,0.0225416595804227,1,a=valid known-frequency integer-cycle FFT; b=valid known-frequency integer-cycle FFT; c=valid known-frequency integer-cycle FFT,3,1500,7.0169360959193,0.206748854752863,4.82134684681284,4.7352385176496,0.281730286967305,0.0467088114941823,0.537498787411578,0.0584339388802825,valid,4378,9408.98345153664,0.000644745325596389,0.996131528046422,0.00322372662798195,0.839000665527322,0.000148010380399742,0.0006977,1551,0.0406564400581634,0.0162644149470584,0.159795665080882,0.0999234560896072,0,0,1,1,1,48.5725848601866,11.2856149276363,1,0.160999334472678,0.4522753745589,0,0,9.01659763291254e-16,3.97205464519564e-15,0,0,0,0,0,0,0,1,1,,,1.0141201436349,1,1,1,0,0,0.411347517730497
B_C02_008,focused_scan,C02,low_speed_high_load_nominal,engineering_nominal_range,"Exact migrated-IPMSM nominal condition",100,10,0,48,1,1551,0.16,0.4,0.4,0.632455532033676,default_neighborhood,0,1551,-0.0042972050537658,-0.351774922208039,0.21739247284051,0.418890732961171,0.795990195459534,1.26537470123423,0.398826614013398,1.03014237292017,0.0289377146501846,0.0287226648981792,0.0289617238140864,0.0288740344541501,1,a=valid known-frequency integer-cycle FFT; b=valid known-frequency integer-cycle FFT; c=valid known-frequency integer-cycle FFT,3,1500,6.81531602638875,0.209574076081036,4.68925299467795,4.60328772854111,0.594623394625366,0.0909562769280834,0.542639083487364,0.126805569096023,valid,3400,7307.11369009241,0.192134107027724,0.806576402321083,0.00128949065119278,0.837286104978313,0.000138262024500322,0.0010958,1486,0.0465723420296494,0.160701938839193,0.158571159990611,0.397991811546704,0,0,1,1,1,97.1451697203732,5.38405358939132,1,0.162713895021687,0.509377639642894,0,0,8.71561045908774e-16,5.32907051820075e-15,0,0,0,0,0,0,0,1,1,,,1.49491589254758,1,1,1,0,0,0.0322372662798194
B_C02_009,focused_scan,C02,low_speed_high_load_nominal,engineering_nominal_range,"Exact migrated-IPMSM nominal condition",100,10,0,48,1,1551,0.26,0.1,0.509901951359279,0.316227766016838,default_neighborhood,0,1551,0.0382604315458292,-0.064133025888411,0.270189142014066,0.149707064237973,1.01647923949588,0.624368042556567,0.511805016521857,0.96094209764132,0.0261083945580205,0.0263217495154605,0.0274388957975719,0.0266230132903509,1,a=valid known-frequency integer-cycle FFT; b=valid known-frequency integer-cycle FFT; c=valid known-frequency integer-cycle FFT,3,1500,7.01826165618871,0.209787669663496,4.8260310134158,4.73963936073629,0.300982884242753,0.0481855593168039,0.53845479572101,0.0623665458025562,valid,4346,9340.21061680636,0.000644745325596389,0.998065764023211,0.00128949065119278,0.838779228743848,0.000147800451321728,0.0006993,1551,0.072483706062728,0.0151148508017421,0.259793723888518,0.0995071648671521,0,0,1,1,1,61.9181395069327,11.2579980979054,1,0.161220771256151,0.4522753745589,0,0,8.94276734397214e-16,4.52883909360294e-15,0,0,0,0,0,0,0,1,1,,,1.19292308926101,1,1,1,0,0,0.415215989684075
B_C02_010,focused_scan,C02,low_speed_high_load_nominal,engineering_nominal_range,"Exact migrated-IPMSM nominal condition",100,10,0,48,1,1551,0.26,0.16,0.509901951359279,0.4,default_neighborhood,0,1551,0.0431566530641548,-0.196200812621538,0.274971794784429,0.27082883193107,1.0152241728822,0.661131086250474,0.508621217705941,0.96094209764132,0.0322717742874468,0.0327847370847324,0.0324670984481495,0.0325078699401096,1,a=valid known-frequency integer-cycle FFT; b=valid known-frequency integer-cycle FFT; c=valid known-frequency integer-cycle FFT,3,1500,6.92522479005809,0.209320335773068,4.76161728876197,4.67687117031843,0.319320098195072,0.0844299190875066,0.535451698688086,0.0670612690668586,valid,2980,6404.47023425747,0.315925209542231,0.683430045132173,0.000644745325596389,0.838501737972029,0.000152795809155384,0.0009542,1494,0.0753661602166553,0.0663821163766378,0.259053730983502,0.159333736113203,0,0,1,1,1,78.3209397287857,10.2532273285935,1,0.161498262027971,0.4522753745589,0,0,8.64725459852158e-16,4.44089209850063e-15,0,0,0,0,0,0,0,1,1,,,1.2115174098671,1,1,1,1,1,0.226950354609929
B_C02_011,focused_scan,C02,low_speed_high_load_nominal,engineering_nominal_range,"Exact migrated-IPMSM nominal condition",100,10,0,48,1,1551,0.26,0.4,0.509901951359279,0.632455532033676,default_neighborhood,0,1551,0.0739984164968556,-0.324300132444889,0.288336649342171,0.410860204449819,1.02009496683331,1.32011468475629,0.513871017657243,1.02310926183222,0.0334647101980569,0.033270131273459,0.0335386781341326,0.0334245065352162,1,a=valid known-frequency integer-cycle FFT; b=valid known-frequency integer-cycle FFT; c=valid known-frequency integer-cycle FFT,3,1500,6.83853236685789,0.211717279351159,4.69719217104288,4.61089498818057,0.5739317162482,0.107435780106658,0.545554500937267,0.122186126381279,valid,2928,6292.71437782076,0.277240490006447,0.722114764667956,0.000644745325596389,0.831508985124146,0.000173999806576402,0.0012543,1513,0.0827382670914097,0.154627708041586,0.259442388170922,0.399663692060244,0,0,1,1,1,123.836279013865,4.82026715766791,1,0.168491014875854,0.511523089745633,0,0,9.09980290541123e-16,6.21724893790088e-15,0,0,0,0,0,0,0,1,1,,,1.66832146850295,1,1,1,0,0,0.149580915538362
B_C02_012,focused_scan,C02,low_speed_high_load_nominal,engineering_nominal_range,"Exact migrated-IPMSM nominal condition",100,10,0,48,1,1551,0.82,0.4,0.905538513813742,0.632455532033676,pareto_min_switching + pareto_high_Jd_boundary,0,1551,0.166751567311364,-0.247817292976817,0.442182968952169,0.345557007170712,1.77991255287572,1.25868704164291,0.90473313820511,1.00508093049125,0.0458906839555011,0.0466997893865898,0.0474587527014205,0.0466830753478371,1,a=valid known-frequency integer-cycle FFT; b=valid known-frequency integer-cycle FFT; c=valid known-frequency integer-cycle FFT,3,1500,6.88944398960881,0.209519229407662,4.72779866697455,4.64123245270881,0.587559791248716,0.102653481843018,0.545039831781799,0.124277667607346,valid,2564,5510.42338276381,0.39651837524178,0.603481624758221,0,0.83437655231076,0.000131873629916183,0.0006095,1377,0.193441321169788,0.105259737827505,0.818201546981381,0.392111188167946,0,0,1,1,1,219.921731531926,1.7857778602299,1,0.16562344768924,0.505494155119043,0,0,9.05144757548269e-16,6.40474566797875e-15,0,0,0,0,0,0,0,1,1,,,2.17999581758414,1,1,1,0,0,0.388136686009026
B_C02_013,focused_scan,C02,low_speed_high_load_nominal,engineering_nominal_range,"Exact migrated-IPMSM nominal condition",100,10,0,48,1,1551,0.82,0.64,0.905538513813742,0.8,pareto_min_switching + pareto_high_Jd_boundary,0,1551,0.153728471634274,-0.413312927289923,0.450284918096725,0.513020969640788,1.80944670937673,1.37676285021194,0.909031247060359,1.17807874603109,0.0474358613989001,0.0480375644972457,0.0473419641052679,0.0476051300004712,1,a=valid known-frequency integer-cycle FFT; b=valid known-frequency integer-cycle FFT; c=valid known-frequency integer-cycle FFT,3,1500,6.77604576714159,0.213215652680232,4.6485417884742,4.56339771607798,0.660877673724118,0.140305415029734,0.547701684692413,0.14216881417797,valid,2124,4564.79690522244,0.488072211476467,0.511927788523533,0,0.831011286784277,0.000133324629271438,0.0005192,1427,0.203307712320523,0.250809636351101,0.819968127323623,0.637441785142842,0,0,1,1,1,278.18143144358,-0.44140910005801,0.999516441005803,0.168988713215723,0.609570170234989,0,0,9.04338703713932e-16,6.46603649670442e-15,0,0,0,0,0,0,0,1,1,,,2.27366957577349,1,1,1,0,0,0.571244358478401
B_C02_014,focused_scan,C02,low_speed_high_load_nominal,engineering_nominal_range,"Exact migrated-IPMSM nominal condition",100,10,0,48,1,1551,0.82,0.82,0.905538513813742,0.905538513813742,pareto_min_switching + pareto_high_Jd_boundary + pareto_high_Jq_boundary,0,1551,0.15931837247995,-0.468148700243058,0.460161307847369,0.567243649204677,1.83585433470977,1.29486650619297,0.919975845094717,1.291332616414,0.0452436315774491,0.0478619131383531,0.0485583275518582,0.0472212907558868,1,a=valid known-frequency integer-cycle FFT; b=valid known-frequency integer-cycle FFT; c=valid known-frequency integer-cycle FFT,3,1500,6.72480231787729,0.210581370873465,4.62149815927623,4.53660193917614,0.623454716111842,0.145161279108268,0.549074443593464,0.134903162270107,valid,2108,4530.4104878573,0.480980012894906,0.519019987105093,0,0.829569778824299,0.000123962604771115,0.00071,1196,0.211202152709699,0.307558708842511,0.819599944642797,0.81968747834964,0,0,1,1,1,314.880000000002,-2.71857777590446,0.986782720825274,0.170430221175701,0.55625553045095,0,0,9.44739224586917e-16,7.32410687763558e-15,0,0,0,0,0,0,0,1,1,,,2.2465619081461,1,1,1,0,0,0.55705996131528
B_C02_015,focused_scan,C02,low_speed_high_load_nominal,engineering_nominal_range,"Exact migrated-IPMSM nominal condition",100,10,0,48,1,1551,0.82,1,0.905538513813742,1,pareto_high_Jq_boundary,0,1551,0.151432072798635,-0.485242612248494,0.432979424125126,0.586421268157861,1.77752040968427,1.41986954106934,0.88891206208627,1.39004916833702,0.0536034412794034,0.0533180208369093,0.0516020664809825,0.0528411761990984,1,a=valid known-frequency integer-cycle FFT; b=valid known-frequency integer-cycle FFT; c=valid known-frequency integer-cycle FFT,3,1500,6.71847820635401,0.209678208190007,4.61383055996568,4.52863827886371,0.679847519109432,0.150635375278212,0.55366920836923,0.147349910291133,valid,1982,4259.61745110681,0.540296582849774,0.459703417150226,0,0.840278395982977,0.000120383816892327,0.0006464,1067,0.187492264262339,0.327907214801199,0.801938012468138,0.989719322242241,0,0,1,1,1,347.726789304477,-4.17058310514517,0.958252740167634,0.159721604017023,0.572482256231805,0,0,8.82222089491652e-16,6.46603649670442e-15,0,0,0,0,0,0,0,1,1,,,2.274996334173,1,1,1,1,1,0.675693101225015
B_C02_016,focused_scan,C02,low_speed_high_load_nominal,engineering_nominal_range,"Exact migrated-IPMSM nominal condition",100,10,0,48,1,1551,1,0.4,1,0.632455532033676,pareto_min_switching + pareto_high_Jd_boundary,0,1551,0.199133746286546,-0.241583935099862,0.492016531206354,0.334969416240863,1.95439039575485,0.762934625447558,0.985098193804347,1.00324715567925,0.0485507031729564,0.0505923310315662,0.0511719411436891,0.0501049917827372,1,a=valid known-frequency integer-cycle FFT; b=valid known-frequency integer-cycle FFT; c=valid known-frequency integer-cycle FFT,3,1500,6.88953379416276,0.212229714899977,4.72858588482633,4.64237243641383,0.402341814474672,0.101631687311556,0.542949873387657,0.0850871326596299,valid,2564,5510.42338276381,0.4107027724049,0.5892972275951,0,0.83845911978752,0.000129113926499033,0.0009871,1351,0.245905018302364,0.0987572037172021,0.99200221223482,0.398575167381742,0,0,1,1,1,242.862924300933,1.37023036099318,1,0.16154088021248,0.489817654733582,0,0,8.64542860819881e-16,5.61733354972272e-15,0,0,0,0,0,0,0,1,1,,,2.09802551503208,1,1,1,0,1,0.416505480335267
B_C02_017,focused_scan,C02,low_speed_high_load_nominal,engineering_nominal_range,"Exact migrated-IPMSM nominal condition",100,10,0,48,1,1551,1,0.82,1,0.905538513813742,pareto_min_switching + pareto_high_Jd_boundary + pareto_high_Jq_boundary,0,1551,0.182033023984516,-0.45473359395048,0.49176613413623,0.551303946913656,1.97254936032273,0.97754040819885,0.993720645603581,1.22773447150476,0.0524619250758759,0.050724613867399,0.0520698901399541,0.051752143027743,1,a=valid known-frequency integer-cycle FFT; b=valid known-frequency integer-cycle FFT; c=valid known-frequency integer-cycle FFT,3,1500,6.74944594485435,0.211822169395431,4.62647580857808,4.54238020303905,0.545746032255599,0.14470891590082,0.546137902343364,0.117961501331903,valid,1998,4294.00386847195,0.52675693101225,0.47324306898775,0,0.835535133916233,0.000126688459058672,0.0007742,1211,0.243781944443306,0.291903267133317,0.999860181986306,0.819984081153994,0,0,1,1,1,347.726789304477,-2.6884108638737,0.981141199226306,0.164464866083767,0.519538371943347,0,0,8.92791130871206e-16,7.32410687763558e-15,0,0,0,0,0,0,0,1,1,,,2.20148500530237,1,1,1,1,1,0.648613797549967
B_C03_001,focused_scan,C03,mid_speed_light_load,reasonable_extension_range,"Below paper 400 rpm experiment; current remains source-bounded",200,2.5,0,48,1,801,0.01,0.01125,0.1,0.106066017177982,pareto_min_current_ripple,0,801,-0.00507790759210979,-0.00347689367872755,0.027653627830715,0.0566303972529677,0.198004774960594,0.103280943636049,0.0997107869214169,1.22153200523258,0.0118631348422687,0.0131240246003974,0.0126853505293385,0.0125575033240015,1,a=valid known-frequency integer-cycle FFT; b=valid known-frequency integer-cycle FFT; c=valid known-frequency integer-cycle FFT,3,750,1.76429668955795,0.434309690005235,1.21339998789857,1.17072062517172,0.0491688990375274,0.00739564677871169,0.191136128688552,0.0405215918311328,valid,3038,12642.5301706201,0.00124843945068664,0.188514357053683,0.81023720349563,0.755578835663617,0.00011060074906367,0.0004651,349,0.00077962163238945,0.000258078264523653,0.00986273568885153,0.0104098800479846,0,0,1,1,1,4.0729350596345,5.5431029553235,1,0.244421164336384,0.752330590476461,0,0,4.29252686225236e-16,3.23301824835221e-15,0,0,0,0,0,0,0,1,1,,,0.223322287794005,1,1,1,1,1,1.5605493133583
B_C03_002,focused_scan,C03,mid_speed_light_load,reasonable_extension_range,"Below paper 400 rpm experiment; current remains source-bounded",200,2.5,0,48,1,801,0.025,0,0.158113883008419,0,pareto_min_current_ripple,0,801,-0.00600535256842165,-7.19448651808043e-05,0.0479417845374198,0.0543423810496676,0.309147336186301,0.053738938156175,0.156670750509233,1.22153200523258,0.0185434888500658,0.018120875555904,0.0191987341266776,0.0186210328442158,1,a=valid known-frequency integer-cycle FFT; b=valid known-frequency integer-cycle FFT; c=valid known-frequency integer-cycle FFT,3,750,1.76622768570241,0.434102586878261,1.21507322936389,1.17231946256044,0.0283809487585285,0.00142677437877276,0.191213899165623,0.0233573977869517,valid,2992,12451.1027881814,0.00124843945068664,0.242197253433208,0.756554307116105,0.755709149295715,0.000125305493133583,0.000489,478,0.00240710105485457,4.39317315566432e-13,0.0246198657995989,1.19871223104583e-12,0,0.0474406991260924,1,0.952559300873908,0.952559300873908,0,6.78419158953448,1,0.244290850704285,0.752330590476461,0,0,4.55627555184198e-16,3.10862446895044e-15,0,0,0,0,0,0,0,1,1,,,0.313783283406301,1,1,1,1,1,1.45318352059925
B_C03_003,focused_scan,C03,mid_speed_light_load,reasonable_extension_range,"Below paper 400 rpm experiment; current remains source-bounded",200,2.5,0,48,1,801,0.025,0.01125,0.158113883008419,0.106066017177982,pareto_min_current_ripple,0,801,-0.0117215585390549,-0.00533889488439438,0.0585988447577831,0.0584002032235127,0.312492506594816,0.156133237402472,0.158123520506223,1.22153200523258,0.0245519978169923,0.0236701771403996,0.0234368891934975,0.0238863547169631,1,a=valid known-frequency integer-cycle FFT; b=valid known-frequency integer-cycle FFT; c=valid known-frequency integer-cycle FFT,3,750,1.76152176729819,0.434381161539174,1.21261249227209,1.16994478495891,0.0747524924128076,0.00963535093285613,0.191224752762729,0.0616458208118432,valid,2958,12309.6129837703,0.00124843945068664,0.284644194756554,0.714107365792759,0.755898922062621,0.000121542197253433,0.0005408,498,0.00349151513186084,0.000429691252989245,0.0246862045104188,0.0108493758413817,0,0,1,1,1,6.43987577519941,5.51391094807578,1,0.244101077937379,0.752330590476461,0,0,5.21680685721352e-16,3.23301824835221e-15,0,0,0,0,0,0,0,1,1,,,0.349326715983315,1,1,1,1,1,1.36828963795256
B_C03_004,focused_scan,C03,mid_speed_light_load,reasonable_extension_range,"Below paper 400 rpm experiment; current remains source-bounded",200,2.5,0,48,1,801,0.1,0.1,0.316227766016838,0.316227766016838,default_neighborhood,0,801,-0.0460231380877021,-0.117627941732917,0.204722390871958,0.178266846605196,0.642911925273711,0.329057993944469,0.327550824648409,1.22153200523258,0.0842130955462721,0.0792710623780506,0.0818523318584982,0.081778829927607,1,a=valid known-frequency integer-cycle FFT; b=valid known-frequency integer-cycle FFT; c=valid known-frequency integer-cycle FFT,3,750,1.6807638929814,0.446528697451144,1.15859154844876,1.11648680792309,0.166689868482812,0.057265838985204,0.195337580912357,0.143872850363869,valid,2474,10295.4640033292,0.00124843945068664,0.870162297128589,0.128589263420724,0.756840702362739,0.000130243071161049,0.0003732,760,0.0423542068961634,0.0278840838415427,0.0998594130626506,0.0997512446355923,0,0,1,1,1,38.3999999999999,2.91752201359173,1,0.243159297637261,0.752330590476461,0,0,1.1028848763186e-15,5.61733354972272e-15,0,0,0,0,0,0,0,1,1,,,0.722229123642842,1,1,1,1,1,0.19725343320849
B_C03_005,focused_scan,C03,mid_speed_light_load,reasonable_extension_range,"Below paper 400 rpm experiment; current remains source-bounded",200,2.5,0,48,1,801,0.1,0.16,0.316227766016838,0.4,default_neighborhood,0,801,-0.0164113605004652,-0.182263687703005,0.206383526701523,0.250319335960986,0.638831570513938,0.418387024145456,0.327766522286533,1.22153200523258,0.113251964209711,0.115010497774835,0.11289220534101,0.113718222441852,1,a=valid known-frequency integer-cycle FFT; b=valid known-frequency integer-cycle FFT; c=valid known-frequency integer-cycle FFT,3,750,1.63773349718819,0.450704376969131,1.12667519033237,1.08520250814954,0.212569076916691,0.0778367887180925,0.198817354956613,0.188669350972379,valid,2346,9762.79650436954,0.00124843945068664,0.912609238451935,0.0861423220973783,0.755707567948951,0.00013729138576779,0.000589,778,0.0429391327410067,0.0590423193347404,0.0998691301409083,0.159317581415243,0,0,1,1,1,48.5725848601863,1.91423887020761,1,0.244292432051049,0.752330590476461,0,0,1.13060213274469e-15,5.68711676634668e-15,0,0,0,0,0,0,0,1,1,,,0.763644863440196,1,1,1,1,1,0.112359550561798
B_C03_006,focused_scan,C03,mid_speed_light_load,reasonable_extension_range,"Below paper 400 rpm experiment; current remains source-bounded",200,2.5,0,48,1,801,0.1,0.4,0.316227766016838,0.632455532033676,default_neighborhood,0,801,0.0185778778273531,-0.341805050760213,0.154597574327287,0.445624153928923,0.641066426382138,0.685882659762228,0.323853146111545,1.22153200523258,0.137084043394843,0.128567311935172,0.123025250625071,0.129558868651695,1,a=valid known-frequency integer-cycle FFT; b=valid known-frequency integer-cycle FFT; c=valid known-frequency integer-cycle FFT,3,750,1.52095312974074,0.474885777119588,1.04866712037772,1.00672748916763,0.334921376257284,0.133709968573487,0.22909127504733,0.319378160856848,valid,1684,7007.90678318768,0.359550561797753,0.392009987515606,0.248439450686642,0.757293957284613,0.000129382147315855,0.0004153,669,0.0243683200592361,0.191410240604498,0.0996593086610726,0.399277247435111,0,0,1,1,1,76.7999999999997,-0.869723139479859,0.999375780274657,0.242706042715386,0.752330590476461,0,0,7.97251480117191e-16,6.40474566797875e-15,0,0,0,0,0,0,0,1,1,,,0.938829689558694,1,1,1,1,1,1.15355805243446
B_C03_007,focused_scan,C03,mid_speed_light_load,reasonable_extension_range,"Below paper 400 rpm experiment; current remains source-bounded",200,2.5,0,48,1,801,0.1,0.82,0.316227766016838,0.905538513813742,pareto_high_Jq_boundary,0,801,0.0221119700823404,-0.580037174536882,0.198144564774759,0.660624540274442,0.656637955587343,0.920737354588795,0.344871017096899,1.22153200523258,0.189609738393268,0.191563645582673,0.189117098614917,0.190096827530286,1,a=valid known-frequency integer-cycle FFT; b=valid known-frequency integer-cycle FFT; c=valid known-frequency integer-cycle FFT,3,750,1.35516920100971,0.490000606262171,0.932819178641392,0.893540982941034,0.452808595651222,0.151528697208925,0.229306825454201,0.485419474662514,valid,1898,7898.46025801082,0.207240948813983,0.711610486891386,0.0811485642946317,0.758173632048202,0.000145477403245943,0.0010156,793,0.0391338758277865,0.433497721906962,0.0997128176317574,0.818580263842293,0,0,1,1,1,109.960865765963,-4.14025251822461,0.90980024968789,0.241826367951798,0.752330590476461,0,0,1.13437194524075e-15,7.32410687763558e-15,0,0,0,0,0,0,0,1,1,,,1.13089817439639,1,1,1,0,0,0.514357053682897
B_C03_008,focused_scan,C03,mid_speed_light_load,reasonable_extension_range,"Below paper 400 rpm experiment; current remains source-bounded",200,2.5,0,48,1,801,0.1,1,0.316227766016838,1,pareto_high_Jq_boundary,0,801,0.00923934581375723,-0.667421902256824,0.198801804049989,0.744015293669694,0.663783054711587,1.00848953729882,0.353829146859031,1.22153200523258,0.21279813864487,0.209253043540554,0.211379883107161,0.211143688430862,1,a=valid known-frequency integer-cycle FFT; b=valid known-frequency integer-cycle FFT; c=valid known-frequency integer-cycle FFT,3,750,1.29343546861384,0.502640215566163,0.890517656418653,0.852861576095241,0.497351067213057,0.160439334587134,0.230394327417677,0.558496581879384,valid,1904,7923.42904702455,0.187265917602996,0.755305867665418,0.0574282147315855,0.758257659305032,0.00013394556803995,0.0009532,779,0.0393492819989677,0.554983819718152,0.0978153877514429,0.99514120022918,0,0,1,1,1,121.431462150466,-5.27155357447594,0.765293383270911,0.241742340694968,0.752330590476461,0,0,1.18900230899113e-15,8.88178419700125e-15,0,0,0,0,0,0,0,1,1,,,1.20733553354626,1,1,1,0,0,0.426966292134831
B_C03_009,focused_scan,C03,mid_speed_light_load,reasonable_extension_range,"Below paper 400 rpm experiment; current remains source-bounded",200,2.5,0,48,1,801,0.16,0.1,0.4,0.316227766016838,default_neighborhood,0,801,-0.01841358440366,-0.0965234783097031,0.240618084808316,0.159768874979361,0.787642867244858,0.359969030033789,0.396241407707665,1.22153200523258,0.109062808421872,0.111408221996092,0.110323125363489,0.110264718593818,1,a=valid known-frequency integer-cycle FFT; b=valid known-frequency integer-cycle FFT; c=valid known-frequency integer-cycle FFT,3,750,1.69503707429417,0.453493695670961,1.16839655607364,1.12572051178079,0.185167176222266,0.0533800764739988,0.196768022069746,0.158479734692573,valid,2322,9662.92134831461,0.00124843945068664,0.978776529338327,0.0199750312109863,0.756483997624895,0.000139997378277154,0.0006412,800,0.0579381365276251,0.0213809907310631,0.158290653449721,0.0989722815419804,0,0,1,1,1,48.5725848601863,2.87544119684026,1,0.243516002375106,0.752330590476461,0,0,1.22165279505304e-15,4.44089209850063e-15,0,0,0,0,0,0,0,1,1,,,0.866001725694105,1,1,1,1,1,0.0199750312109861
B_C03_010,focused_scan,C03,mid_speed_light_load,reasonable_extension_range,"Below paper 400 rpm experiment; current remains source-bounded",200,2.5,0,48,1,801,0.16,0.4,0.4,0.632455532033676,default_neighborhood,0,801,0.00779064615353746,-0.365173067345487,0.22131843416551,0.445784474874293,0.801412789720442,0.642776487924125,0.408850919890458,1.22153200523258,0.150489827677225,0.142348873750064,0.143201672873291,0.145346791433527,1,a=valid known-frequency integer-cycle FFT; b=valid known-frequency integer-cycle FFT; c=valid known-frequency integer-cycle FFT,3,750,1.50812884248218,0.476028972709107,1.03746876063212,0.994659719732776,0.319944702428139,0.117235664819757,0.220568739511154,0.30838972176203,valid,1828,7607.15771951727,0.240948813982522,0.675405742821473,0.083645443196005,0.758041429277689,0.000138094631710362,0.000877,732,0.0485677610565734,0.190728629947975,0.159986503044928,0.399811683921443,0,0,1,1,1,97.1451697203726,-0.911803956231331,0.999375780274657,0.241958570722311,0.752330590476461,0,0,1.11864499884682e-15,7.105427357601e-15,0,0,0,0,0,0,0,1,1,,,1.02733834395275,1,1,1,0,1,0.586766541822722
B_C03_011,focused_scan,C03,mid_speed_light_load,reasonable_extension_range,"Below paper 400 rpm experiment; current remains source-bounded",200,2.5,0,48,1,801,0.16,0.82,0.4,0.905538513813742,pareto_high_Jq_boundary,0,801,0.013597453466099,-0.559714923907705,0.228656614842249,0.635595280162583,0.795533185119326,0.913589693748191,0.413106136862739,1.22153200523258,0.186955141645194,0.199054135237981,0.196984513508793,0.19433126346399,1,a=valid known-frequency integer-cycle FFT; b=valid known-frequency integer-cycle FFT; c=valid known-frequency integer-cycle FFT,3,750,1.36778653795111,0.492296114484688,0.942779520592831,0.900549979330201,0.445040133064878,0.138578015462716,0.227761368302104,0.472051124726417,valid,1896,7890.13732833958,0.187265917602996,0.784019975031211,0.0287141073657928,0.757257207768886,0.00012960074906367,0.0006127,747,0.0513973056332292,0.394447967186017,0.156978184995758,0.813885258567907,0,0,1,1,1,139.090715721791,-4.18233333497609,0.975655430711611,0.242742792231114,0.752330590476461,0,0,1.24065491449989e-15,7.32410687763558e-15,0,0,0,0,0,0,0,1,1,,,1.2114120591892,1,1,1,0,0,0.372034956304619
B_C03_012,focused_scan,C03,mid_speed_light_load,reasonable_extension_range,"Below paper 400 rpm experiment; current remains source-bounded",200,2.5,0,48,1,801,0.26,0.1,0.509901951359279,0.316227766016838,default_neighborhood,0,801,-0.00553193221423049,-0.0739717211588718,0.287271079943204,0.143086603475179,1.00925189495064,0.346735427655779,0.506150838264996,1.22153200523258,0.125249609292921,0.126637277579523,0.126698031498474,0.126194972790306,1,a=valid known-frequency integer-cycle FFT; b=valid known-frequency integer-cycle FFT; c=valid known-frequency integer-cycle FFT,3,750,1.69795887057887,0.457192141720764,1.17912118962626,1.1366507034718,0.182452960814754,0.0517564474546259,0.195873622802578,0.154736393866847,valid,2270,9446.52517686225,0.00124843945068664,0.98876404494382,0.00998751560549313,0.754511788195071,0.000134775905118602,0.000641,801,0.0829695327919181,0.0170274641280763,0.25950471161069,0.0991445211125109,0,0,1,1,1,61.918139506933,2.82023479185518,1,0.245488211804929,0.752330590476461,0,0,1.26783656171996e-15,4.44089209850063e-15,0,0,0,0,0,0,0,1,1,,,1.06715268085363,1,1,1,0,1,0.0399500624219723
B_C03_013,focused_scan,C03,mid_speed_light_load,reasonable_extension_range,"Below paper 400 rpm experiment; current remains source-bounded",200,2.5,0,48,1,801,0.26,0.16,0.509901951359279,0.4,default_neighborhood,0,801,0.0192677116085533,-0.131417474006705,0.303577130596729,0.203159811007922,1.02717233938783,0.419044774424812,0.514080084083239,1.22153200523258,0.141916677661689,0.140925580235326,0.136514497297287,0.139785585064768,1,a=valid known-frequency integer-cycle FFT; b=valid known-frequency integer-cycle FFT; c=valid known-frequency integer-cycle FFT,3,750,1.66915492951206,0.461714715221609,1.15075861831586,1.10895315574103,0.218048359477263,0.0690060015063251,0.198140591176129,0.189482273699048,valid,2182,9080.31627132751,0.00124843945068664,0.98501872659176,0.0137328339575531,0.750653964684966,0.00013615518102372,0.0006082,801,0.0932789412871904,0.037851195914744,0.257930880610195,0.159178058660661,0,0,1,1,1,78.320939728785,1.81695164847106,1,0.249346035315034,0.752330590476461,0,0,1.2461016847926e-15,5.61733354972272e-15,0,0,0,0,0,0,0,1,1,,,1.10936086904857,1,1,1,0,1,0.0324594257178523
B_C03_014,focused_scan,C03,mid_speed_light_load,reasonable_extension_range,"Below paper 400 rpm experiment; current remains source-bounded",200,2.5,0,48,1,801,0.26,0.4,0.509901951359279,0.632455532033676,default_neighborhood,0,801,-0.0082167571444874,-0.334045181365122,0.284193670498817,0.411281460083,1.01255202101506,0.655298287090184,0.521387559702875,1.22153200523258,0.140355351864372,0.142089498797631,0.15025871635713,0.144234522339711,1,a=valid known-frequency integer-cycle FFT; b=valid known-frequency integer-cycle FFT; c=valid known-frequency integer-cycle FFT,3,750,1.52685928599751,0.485664574656643,1.0527860728299,1.00999094662813,0.323822636567225,0.108549715038656,0.218021619464477,0.307586360538363,valid,1804,7507.28256346234,0.215980024968789,0.770287141073658,0.0137328339575531,0.758059722707108,0.000135819975031211,0.0005297,774,0.0814874494670147,0.161640195867395,0.25885917066049,0.399205710376886,0,0,1,1,1,123.836279013866,-0.967010361216406,0.999375780274657,0.241940277292893,0.752330590476461,0,0,1.24438635407915e-15,6.46603649670442e-15,0,0,0,0,0,0,0,1,1,,,1.20610009548338,1,1,1,0,1,0.429463171036205
B_C03_015,focused_scan,C03,mid_speed_light_load,reasonable_extension_range,"Below paper 400 rpm experiment; current remains source-bounded",200,2.5,0,48,1,801,0.26,0.82,0.509901951359279,0.905538513813742,pareto_high_Jq_boundary,0,801,-0.0281601285870307,-0.522314974560039,0.285837836636022,0.599928647107947,1.02309345469352,1.51308903361134,0.524646817260835,1.22153200523258,0.135448617643097,0.146070838590947,0.149572153015526,0.14369720308319,1,a=valid known-frequency integer-cycle FFT; b=valid known-frequency integer-cycle FFT; c=valid known-frequency integer-cycle FFT,3,750,1.39441241720054,0.494986392723814,0.961481322572643,0.919783786501959,0.730242768079881,0.136534470795913,0.226854911636861,0.759497611587467,valid,1780,7407.40740740741,0.212234706616729,0.781523096129838,0.00624219725343321,0.757125918540117,0.000125641323345818,0.0003901,754,0.0821311748209606,0.352297723146116,0.259836137140284,0.818959500252988,0,0,1,1,1,177.306568406249,-4.23753973996116,0.964731585518102,0.242874081459883,0.783950298841865,0,0,1.27920492999664e-15,7.32410687763558e-15,0,0,0,0,0,0,0,1,1,,,1.82651543674605,1,1,1,0,0,0.421972534332085
B_C03_016,focused_scan,C03,mid_speed_light_load,reasonable_extension_range,"Below paper 400 rpm experiment; current remains source-bounded",200,2.5,0,48,1,801,0.26,1,0.509901951359279,1,pareto_high_Jq_boundary,0,801,0.000120864680055972,-0.613853805918994,0.296645222257197,0.68745789486403,1.00292484680416,1.02229480823516,0.512860394887102,1.22153200523258,0.203275419306684,0.21005628468889,0.212316341621435,0.208549348539003,1,a=valid known-frequency integer-cycle FFT; b=valid known-frequency integer-cycle FFT; c=valid known-frequency integer-cycle FFT,3,750,1.32987301979672,0.511475959294289,0.916567443496738,0.876012598457183,0.503571873622777,0.145101288305103,0.228586534290062,0.549410604965011,valid,1774,7382.43861839367,0.204744069912609,0.786516853932584,0.00873907615480649,0.755015269466136,0.000128450062421973,0.0006117,759,0.0872298498380291,0.466423477677588,0.251916826803031,0.994348977045372,0,0,1,1,1,195.802349321963,-5.36884079621248,0.836142322097378,0.244984730533864,0.752330590476461,0,0,1.30632912764451e-15,9.05767818720588e-15,0,0,0,0,0,0,0,1,1,,,1.43211204983469,1,1,1,0,0,0.406991260923845
B_C03_017,focused_scan,C03,mid_speed_light_load,reasonable_extension_range,"Below paper 400 rpm experiment; current remains source-bounded",200,2.5,0,48,1,801,0.82,0.4,0.905538513813742,0.632455532033676,pareto_high_Jd_boundary,0,801,-0.00473668002418137,-0.323442131422237,0.44956543515497,0.423912282986843,1.80397327714289,0.675986177327786,0.916537228880093,1.22153200523258,0.21239114583401,0.197149377928816,0.227658046646217,0.212399523469681,1,a=valid known-frequency integer-cycle FFT; b=valid known-frequency integer-cycle FFT; c=valid known-frequency integer-cycle FFT,3,750,1.5326406402165,0.513904948591768,1.05791815657714,1.01794532363628,0.35062290364381,0.131136093680884,0.224855407399038,0.331427248378305,valid,1460,6075.73866000832,0.35705368289638,0.64294631710362,0,0.755797868369914,0.000141851560549313,0.0008252,738,0.208853258713445,0.176141241572988,0.815897429126331,0.398301479874612,0,0,1,1,1,219.921731531925,-1.16574816362687,0.999375780274657,0.244202131630086,0.534369264289312,0,0,1.33770459440058e-15,7.32410687763558e-15,0,0,0,0,0,0,0,1,1,,,1.92646746574758,1,1,1,1,1,0.711610486891387
B_C03_018,focused_scan,C03,mid_speed_light_load,reasonable_extension_range,"Below paper 400 rpm experiment; current remains source-bounded",200,2.5,0,48,1,801,0.82,0.64,0.905538513813742,0.8,pareto_high_Jd_boundary,0,801,-0.0329964766432776,-0.423533465461661,0.513917928334631,0.522099557458942,1.80215987890919,0.82568498820819,0.90917196864643,1.22153200523258,0.267132028503689,0.24908297506513,0.270636827154867,0.262283943574562,1,a=valid known-frequency integer-cycle FFT; b=valid known-frequency integer-cycle FFT; c=valid known-frequency integer-cycle FFT,3,750,1.45757112907408,0.568609624363722,1.00971548997494,0.967742729347625,0.413069255286648,0.143720885480323,0.234386522932223,0.409094699831631,valid,1398,5817.72784019975,0.32334581772784,0.67665418227216,0,0.739285013904287,0.000128696254681648,0.0005217,738,0.267361992813311,0.266239960443326,0.812809850128987,0.637035607102798,0,0,1,1,1,278.181431443583,-3.1723144503951,0.969101123595506,0.260714986095713,0.591674977361566,0,0,1.38446099841791e-15,7.94410929039127e-15,0,0,0,0,0,0,0,1,1,,,1.98230571025318,1,1,1,1,1,0.644194756554307
B_C03_019,focused_scan,C03,mid_speed_light_load,reasonable_extension_range,"Below paper 400 rpm experiment; current remains source-bounded",200,2.5,0,48,1,801,0.82,0.82,0.905538513813742,0.905538513813742,pareto_min_switching + pareto_high_Jd_boundary,0,801,0.0366985352599702,-0.492552472182993,0.499940735336484,0.58863249300507,1.8013394684651,0.948174418265691,0.901647754082595,1.22153200523258,0.299465948209373,0.293545052094222,0.289608230112604,0.294206410138733,1,a=valid known-frequency integer-cycle FFT; b=valid known-frequency integer-cycle FFT; c=valid known-frequency integer-cycle FFT,3,750,1.41369415403384,0.568825183302649,0.975040182957961,0.933749538706597,0.470264909148625,0.151894689295203,0.237916389626813,0.482303106444281,valid,1426,5934.24885559717,0.298377028714107,0.701622971285893,0,0.731199722815568,0.000138158302122347,0.0006297,760,0.250552776637275,0.341048458383516,0.813668087102665,0.818010976757594,0,0,1,1,1,314.879999999999,-4.57821442570999,0.92103620474407,0.268800277184432,0.626338041406157,0,0,1.41211280458789e-15,7.53644380168212e-15,0,0,0,0,0,0,0,1,1,,,2.03564697531365,1,1,1,0,0,0.594257178526841
B_C03_020,focused_scan,C03,mid_speed_light_load,reasonable_extension_range,"Below paper 400 rpm experiment; current remains source-bounded",200,2.5,0,48,1,801,0.82,1,0.905538513813742,1,pareto_min_switching,0,801,-0.0126666167115702,-0.445696110005407,0.416362963699691,0.561164149094922,1.78987631695519,1.04170802490092,0.919923276944159,1.22153200523258,0.250690467302878,0.250651182924231,0.252987693736223,0.251443114654444,1,a=valid known-frequency integer-cycle FFT; b=valid known-frequency integer-cycle FFT; c=valid known-frequency integer-cycle FFT,3,750,1.44311026327292,0.538419244604743,0.998621890912487,0.954913098073346,0.522357909435215,0.157810502667911,0.24822607404643,0.523078769040314,valid,1402,5834.37369954224,0.370786516853933,0.629213483146067,0,0.758991236990199,0.000148058052434457,0.0007972,797,0.17146538596208,0.304002999434462,0.815795378258848,0.998030946811105,0,0,1,1,1,347.726789304477,-6.74827364079912,0.888888888888889,0.241008763009801,0.660540112302892,0,0,1.28321904266721e-15,7.94410929039127e-15,0,0,0,0,0,0,0,1,1,,,2.07094491455955,1,1,1,0,0,0.739076154806493
B_C03_021,focused_scan,C03,mid_speed_light_load,reasonable_extension_range,"Below paper 400 rpm experiment; current remains source-bounded",200,2.5,0,48,1,801,1,0.4,1,0.632455532033676,pareto_high_Jd_boundary,0,801,0.0225791729507328,-0.340430150303943,0.533279091316739,0.432604368650721,2.00747019421742,0.697786897860443,1.02862678259578,1.22153200523258,0.246943493070786,0.23714561166367,0.232565480687142,0.238884861807199,1,a=valid known-frequency integer-cycle FFT; b=valid known-frequency integer-cycle FFT; c=valid known-frequency integer-cycle FFT,3,750,1.51798524879909,0.550787807438659,1.04929792913756,1.00997796980956,0.346116441940096,0.128806385925329,0.222040606705639,0.329855260673749,valid,1426,5934.24885559717,0.328339575530587,0.671660424469413,0,0.738559064112825,0.000135129588014981,0.0007963,754,0.292031380198859,0.184272349670183,0.993702843008503,0.398459026007073,0,0,1,1,1,242.862924300932,-1.21319844997203,0.999375780274657,0.261440935887175,0.554479539637022,0,0,1.3928340718623e-15,7.32410687763558e-15,0,0,0,0,0,0,0,1,1,,,2.12528660078989,1,1,1,0,1,0.654182272159801
B_C03_022,focused_scan,C03,mid_speed_light_load,reasonable_extension_range,"Below paper 400 rpm experiment; current remains source-bounded",200,2.5,0,48,1,801,1,0.82,1,0.905538513813742,pareto_min_switching + pareto_high_Jd_boundary,0,801,0.0179584756044099,-0.488203841152895,0.569177392116473,0.583229024109633,1.96491768821032,0.940698248746576,1.00570886783951,1.22153200523258,0.322271545260897,0.319190016072186,0.314180694739035,0.318547418690706,1,a=valid known-frequency integer-cycle FFT; b=valid known-frequency integer-cycle FFT; c=valid known-frequency integer-cycle FFT,3,750,1.3965292284863,0.590710968563139,0.977516778021902,0.93650403069483,0.467785255232617,0.151566889439608,0.236353579729823,0.478544476933916,valid,1400,5826.05076987099,0.290886392009988,0.709113607990012,0,0.725697443461525,0.000128470661672909,0.0005066,718,0.32536105232618,0.335201805799799,0.979783303091386,0.815555916660235,0,0,1,1,1,347.726789304477,-4.59753503512795,0.911360799001248,0.274302556538475,0.628602182308271,0,0,1.41339164456174e-15,8.88178419700125e-15,0,0,0,0,0,0,0,1,1,,,2.17848909031849,1,1,1,0,0,0.579275905118603
B_C04_001,focused_scan,C04,mid_speed_high_load,paper_experimental_range,"Paper covers 200 rpm/10 A; migrated-IPMSM transfer remains explicit",200,10,0,48,1,801,0.01,0.01125,0.1,0.106066017177982,pareto_min_current_ripple,0,801,-0.00493063256379763,-0.00388876152381083,0.0295118097450504,0.119488234067083,0.19826348227842,0.360473650588464,0.0996995115987645,1.52153200523258,0.00396155717036922,0.0039209991173675,0.00361750402547042,0.00383335343773571,1,a=valid known-frequency integer-cycle FFT; b=valid known-frequency integer-cycle FFT; c=valid known-frequency integer-cycle FFT,3,750,7.06702101546425,0.43415731955943,4.85846007369066,4.69052497542327,0.164371326326539,0.010868148849543,0.740857993061162,0.0338319804698275,valid,3032,12617.5613816063,0.00124843945068664,0.204744069912609,0.794007490636704,0.710777142965533,0.000127226966292135,0.0005575,481,0.000854584948985262,0.000615808097631309,0.00975229978061036,0.0105858953821194,0,0,1,1,1,4.0729350596345,3.74665484415261,1,0.289222857034467,0.817154328012068,0,0,5.28734115310987e-16,4.44089209850063e-15,0,0,0,0,0,0,0,1,1,,,0.411399636817705,1,1,1,0,0,1.33832709113608
B_C04_002,focused_scan,C04,mid_speed_high_load,paper_experimental_range,"Paper covers 200 rpm/10 A; migrated-IPMSM transfer remains explicit",200,10,0,48,1,801,0.025,0,0.158113883008419,0,pareto_min_current_ripple,0,801,-0.00759545805741459,-0.000291738020601815,0.0512686176452703,0.116166235173245,0.312152170333874,0.208285114878834,0.158026225611073,1.52153200523258,0.00517001983097216,0.00543178660666278,0.00474073994815173,0.00511418212859556,1,a=valid known-frequency integer-cycle FFT; b=valid known-frequency integer-cycle FFT; c=valid known-frequency integer-cycle FFT,3,750,7.06915372619687,0.434141938789879,4.86040509416672,4.69245748481937,0.107395995436943,0.00524833372168397,0.741050590377572,0.0220960996781597,valid,3022,12575.9467332501,0.00124843945068664,0.214731585518102,0.784019975031211,0.710876208756492,0.00013324531835206,0.001161,534,0.00274559212279422,1.07426581085354e-12,0.0248440175676326,3.46150042898581e-12,0,0.524344569288389,1,0.47565543071161,0.47565543071161,0,4.98774347836359,1,0.289123791243508,0.817154328012068,0,0,5.37733233831096e-16,3.66205343881779e-15,0,0,0,0,0,0,0,1,1,,,0.375262130415843,1,1,1,1,1,1.31835205992509
B_C04_003,focused_scan,C04,mid_speed_high_load,paper_experimental_range,"Paper covers 200 rpm/10 A; migrated-IPMSM transfer remains explicit",200,10,0,48,1,801,0.025,0.01125,0.158113883008419,0.106066017177982,pareto_min_current_ripple,0,801,-0.00437608267786008,-0.00489485546569841,0.0557585326745691,0.121191759515157,0.313669010918757,0.404532492733892,0.158326554703209,1.52153200523258,0.00642077736298285,0.00599228901940536,0.0060187623088181,0.00614394289706877,1,a=valid known-frequency integer-cycle FFT; b=valid known-frequency integer-cycle FFT; c=valid known-frequency integer-cycle FFT,3,750,7.06586247615089,0.433923110677389,4.85792599090723,4.68992563343799,0.175581827793093,0.0109683181257462,0.741161337568676,0.0361433723201499,valid,2988,12434.456928839,0.00124843945068664,0.255930087390762,0.742821473158552,0.710551974897672,0.000111628339575531,0.0005174,371,0.0030698845805995,0.000760163234066277,0.0246383363083636,0.0104503316373749,0,0,1,1,1,6.43987577519941,3.71746283690489,1,0.289448025102327,0.817154328012068,0,0,5.55623025828157e-16,4.44089209850063e-15,0,0,0,0,0,0,0,1,1,,,0.511893334678474,1,1,1,0,1,1.23595505617977
B_C04_004,focused_scan,C04,mid_speed_high_load,paper_experimental_range,"Paper covers 200 rpm/10 A; migrated-IPMSM transfer remains explicit",200,10,0,48,1,801,0.1,0.1,0.316227766016838,0.316227766016838,default_neighborhood,0,801,-0.0452077255339281,-0.0726512499638885,0.161488661816616,0.192822602975839,0.641710565937045,0.613775586044056,0.322287685108996,1.52153200523258,0.0211468589185584,0.018718215970117,0.0197880287024494,0.0198843678637083,1,a=valid known-frequency integer-cycle FFT; b=valid known-frequency integer-cycle FFT; c=valid known-frequency integer-cycle FFT,3,750,7.015862281606,0.43464739390843,4.82780322358686,4.66030263382448,0.252270834123248,0.0528896387974597,0.741150714628155,0.0522537523672767,valid,2664,11086.1423220974,0.00124843945068664,0.660424469413233,0.33832709113608,0.711478599172298,0.000140720474406991,0.0010458,689,0.0264526975074112,0.0215403792598379,0.0987795248730496,0.098714186713537,0,0,1,1,1,38.3999999999999,1.12107390242084,1,0.288521400827702,0.817154328012068,0,0,1.03784883683941e-15,6.21724893790088e-15,0,0,0,0,0,0,0,1,1,,,0.887982500085991,1,1,1,0,0,0.426966292134832
B_C04_005,focused_scan,C04,mid_speed_high_load,paper_experimental_range,"Paper covers 200 rpm/10 A; migrated-IPMSM transfer remains explicit",200,10,0,48,1,801,0.1,0.16,0.316227766016838,0.4,default_neighborhood,0,801,-0.0475835192253356,-0.143053457276326,0.17827284567942,0.258966617273944,0.649523891972266,0.819787027286548,0.353078474317443,1.52153200523258,0.021072760516517,0.0194774329314062,0.020911643073848,0.0204872788405904,1,a=valid known-frequency integer-cycle FFT; b=valid known-frequency integer-cycle FFT; c=valid known-frequency integer-cycle FFT,3,750,6.96510916402848,0.434690990059153,4.79370337144053,4.62699625080717,0.371600176000799,0.074981213184604,0.739873437898744,0.0775183917750695,valid,2550,10611.7353308365,0.00124843945068664,0.806491885143571,0.192259675405743,0.71275520421351,0.000151750062421973,0.0007681,748,0.0320536106193491,0.0496118598802947,0.099874480688099,0.159440102921737,0,0,1,1,1,48.5725848601863,0.117790759036723,1,0.28724479578649,0.817154328012068,0,0,1.17481223412341e-15,5.61733354972272e-15,0,0,0,0,0,0,0,1,1,,,1.0459120691292,1,1,1,0,0,0.134831460674157
B_C04_006,focused_scan,C04,mid_speed_high_load,paper_experimental_range,"Paper covers 200 rpm/10 A; migrated-IPMSM transfer remains explicit",200,10,0,48,1,801,0.1,0.4,0.316227766016838,0.632455532033676,default_neighborhood,0,801,-0.0377452822272576,-0.274492682712203,0.146561990585592,0.407897373596477,0.661538320397392,1.22714250060234,0.33572365115248,1.52153200523258,0.029396457714777,0.0297977835555898,0.0311834500546212,0.0301258971083293,1,a=valid known-frequency integer-cycle FFT; b=valid known-frequency integer-cycle FFT; c=valid known-frequency integer-cycle FFT,3,750,6.86784286846079,0.436544498874883,4.72910402351258,4.56272883510179,0.592917128761663,0.12252296478552,0.742783730470728,0.125376207800409,valid,2454,10212.2347066167,0.00124843945068664,0.772784019975031,0.225967540574282,0.708460048838823,0.000143323345817728,0.0006908,747,0.0203239127378397,0.143628900754743,0.0992813624075657,0.399791785392175,0,0,1,1,1,76.7999999999997,-2.66617125065075,0.999375780274657,0.291539951161177,0.817154328012068,0,0,1.06194795340293e-15,7.32410687763558e-15,0,0,0,0,0,0,0,1,1,,,1.3940988724401,1,1,1,0,0,0.202247191011236
B_C04_007,focused_scan,C04,mid_speed_high_load,paper_experimental_range,"Paper covers 200 rpm/10 A; migrated-IPMSM transfer remains explicit",200,10,0,48,1,801,0.16,0.1,0.4,0.316227766016838,default_neighborhood,0,801,-0.0344548744688168,-0.0960223247202013,0.240513538712305,0.204322763525574,0.80387791773298,0.620539482943096,0.405488099527732,1.52153200523258,0.0265590076518668,0.0271214184196403,0.0258990466653727,0.0265264909122933,1,a=valid known-frequency integer-cycle FFT; b=valid known-frequency integer-cycle FFT; c=valid known-frequency integer-cycle FFT,3,750,6.99971715761691,0.433929300597864,4.81567161012701,4.6488818761466,0.299096484607266,0.0561243328273206,0.738244928241388,0.0621089868292281,valid,2488,10353.7245110279,0.00124843945068664,0.873907615480649,0.124843945068664,0.711919466696722,0.000129121972534332,0.0004726,756,0.059131718664225,0.0261467955958459,0.159001724838849,0.097723299455353,0,0,1,1,1,48.5725848601863,1.07899308566937,1,0.288080533303278,0.817154328012068,0,0,1.34398174337428e-15,6.21724893790088e-15,0,0,0,0,0,0,0,1,1,,,1.01552398125795,1,1,1,1,1,0
B_C04_008,focused_scan,C04,mid_speed_high_load,paper_experimental_range,"Paper covers 200 rpm/10 A; migrated-IPMSM transfer remains explicit",200,10,0,48,1,801,0.16,0.4,0.4,0.632455532033676,default_neighborhood,0,801,-0.00692123640996791,-0.334093354986199,0.254985384607285,0.447479095132039,0.808657135673778,1.17455069882068,0.429958095760585,1.52153200523258,0.0374010184602641,0.0372672400626943,0.0349111446743528,0.0365264677324371,1,a=valid known-frequency integer-cycle FFT; b=valid known-frequency integer-cycle FFT; c=valid known-frequency integer-cycle FFT,3,750,6.82206961364413,0.436484965224487,4.69798724426901,4.53185681582782,0.565768908699392,0.117992671832418,0.740803032295313,0.120427936323063,valid,2322,9662.92134831461,0.0399500624219725,0.858926342072409,0.101123595505618,0.711960336281427,0.000135084519350811,0.0006725,769,0.0649521828472939,0.174489344909056,0.159648668157497,0.399795344304565,0,0,1,1,1,97.1451697203726,-2.70825206740222,0.999375780274657,0.288039663718574,0.817154328012068,0,0,1.29383989248684e-15,6.21724893790088e-15,0,0,0,0,0,0,0,1,1,,,1.42600690993286,1,1,1,0,0,0.0774032459425718
B_C04_009,focused_scan,C04,mid_speed_high_load,paper_experimental_range,"Paper covers 200 rpm/10 A; migrated-IPMSM transfer remains explicit",200,10,0,48,1,801,0.26,0.1,0.509901951359279,0.316227766016838,default_neighborhood,0,801,-0.0103302715173441,-0.0862562016886275,0.309464349840334,0.197044943006111,1.00955473232833,0.569153427604704,0.532735342539589,1.52153200523258,0.0320606820474422,0.0295671275049324,0.0328002200984238,0.0314760098835995,1,a=valid known-frequency integer-cycle FFT; b=valid known-frequency integer-cycle FFT; c=valid known-frequency integer-cycle FFT,3,750,7.00142027615256,0.434815090001485,4.81870881210981,4.65086761828753,0.274610992209516,0.0512106339532163,0.741089110738835,0.0569885010522729,valid,2328,9687.89013732834,0.00124843945068664,0.987515605493134,0.0112359550561798,0.711979340219856,0.000131805867665418,0.0008031,801,0.0958990791820761,0.0210415735571076,0.259227271650976,0.0993569621254031,0,0,1,1,1,61.918139506933,1.02378668068429,1,0.288020659780144,0.817154328012068,0,0,1.48875127464636e-15,6.40474566797875e-15,0,0,0,0,0,0,0,1,1,,,1.15893760907165,1,1,1,1,1,0.227215980024969
B_C04_010,focused_scan,C04,mid_speed_high_load,paper_experimental_range,"Paper covers 200 rpm/10 A; migrated-IPMSM transfer remains explicit",200,10,0,48,1,801,0.26,0.16,0.509901951359279,0.4,default_neighborhood,0,801,0.00587321727293807,-0.126144323941266,0.296507005804533,0.237396863301565,1.01968897897144,0.764360537561348,0.517162264404841,1.52153200523258,0.0294582994509562,0.0293404059032687,0.0322510220316574,0.0303499091286274,1,a=valid known-frequency integer-cycle FFT; b=valid known-frequency integer-cycle FFT; c=valid known-frequency integer-cycle FFT,3,750,6.97326637602276,0.433144198495704,4.79821100472801,4.6308306247991,0.367797252598902,0.0697183822857654,0.740872592706745,0.0766529967599353,valid,2300,9571.36912193092,0.00124843945068664,0.98501872659176,0.0137328339575531,0.710689666083089,0.000140357303370786,0.0007124,801,0.0880620613469171,0.0375799558985509,0.254992884959026,0.158710259510484,0,0,1,1,1,78.320939728785,0.0205035373001756,1,0.28931033391691,0.817154328012068,0,0,1.52305248047278e-15,6.40474566797875e-15,0,0,0,0,0,0,0,1,1,,,1.27436754714521,1,1,1,1,1,0.222222222222222
B_C04_011,focused_scan,C04,mid_speed_high_load,paper_experimental_range,"Paper covers 200 rpm/10 A; migrated-IPMSM transfer remains explicit",200,10,0,48,1,801,0.26,0.4,0.509901951359279,0.632455532033676,default_neighborhood,0,801,0.049941596864542,-0.264377133171608,0.294543087712246,0.393547389690685,1.03133746689541,1.27238484312114,0.527190653460562,1.52153200523258,0.0374742683166265,0.0385079513683564,0.0391341666064077,0.0383721287637969,1,a=valid known-frequency integer-cycle FFT; b=valid known-frequency integer-cycle FFT; c=valid known-frequency integer-cycle FFT,3,750,6.87509775782384,0.435612395881497,4.72792938299633,4.56047070617053,0.552765648974917,0.115803200617364,0.743439034838033,0.116914954559791,valid,2228,9271.74365376613,0.00873907615480649,0.976279650436954,0.0149812734082397,0.709141368198996,0.000138376654182272,0.0008437,799,0.08549065953587,0.127424080253559,0.255384923617415,0.394832626091153,0,0,1,1,1,123.836279013866,-2.7634584723873,0.999375780274657,0.290858631801004,0.817154328012068,0,0,1.49735735131619e-15,8.88178419700125e-15,0,0,0,0,0,0,0,1,1,,,1.63787061748682,1,1,1,0,1,0.219725343320849
B_C04_012,focused_scan,C04,mid_speed_high_load,paper_experimental_range,"Paper covers 200 rpm/10 A; migrated-IPMSM transfer remains explicit",200,10,0,48,1,801,0.26,0.82,0.509901951359279,0.905538513813742,pareto_high_Jq_boundary,0,801,0.0700062882121037,-0.488767175341251,0.306892787198674,0.642689432820428,1.05258452864223,1.52144953320401,0.53064473358853,1.52153200523258,0.0465301726911156,0.0490053683307927,0.0461580966069145,0.047231212542941,1,a=valid known-frequency integer-cycle FFT; b=valid known-frequency integer-cycle FFT; c=valid known-frequency integer-cycle FFT,3,750,6.72089647118098,0.44175332088949,4.61752823583797,4.44873032761127,0.73157401040851,0.173202070269181,0.758880628571113,0.158434117355375,valid,1890,7865.16853932584,0.15605493133583,0.811485642946317,0.0324594257178527,0.706166016810869,0.000143677528089888,0.0009769,796,0.0943330988558294,0.369789379053611,0.259682857145818,0.819744203201202,0,0,1,1,1,177.306568406249,-6.03398785113205,0.870786516853933,0.293833983189131,0.817154328012068,0,0,1.49068884239415e-15,1.06581410364015e-14,0,0,0,0,0,0,0,1,1,,,1.850065639923,1,1,1,1,1,0.309612983770287
B_C04_013,focused_scan,C04,mid_speed_high_load,paper_experimental_range,"Paper covers 200 rpm/10 A; migrated-IPMSM transfer remains explicit",200,10,0,48,1,801,0.26,1,0.509901951359279,1,pareto_high_Jq_boundary,0,801,0.0692916068595061,-0.572365677147664,0.308508828093621,0.720148759671347,1.06028679085528,2.13028557372014,0.560337473647797,1.52153200523258,0.0500721728258689,0.0539429486276655,0.050460028827556,0.0514917167603635,1,a=valid known-frequency integer-cycle FFT; b=valid known-frequency integer-cycle FFT; c=valid known-frequency integer-cycle FFT,3,750,6.66049631459028,0.440088165149844,4.57700411129259,4.40931614150109,1.02779198346357,0.184898887130064,0.757381602195178,0.224555617271079,valid,1852,7707.0328755722,0.169787765293383,0.805243445692884,0.0249687890137328,0.707974709778565,0.00012655493133583,0.0004347,770,0.0940052711520437,0.475472410842866,0.257361410358699,0.994710052962585,0,0,1,1,1,195.802349321963,-7.16528890738337,0.758739076154807,0.292025290221435,0.926353261594095,0,0,1.4963571748143e-15,8.88178419700125e-15,0,0,0,0,0,0,0,1,1,,,2.37956397360154,1,1,1,0,0,0.337078651685393
B_C04_014,focused_scan,C04,mid_speed_high_load,paper_experimental_range,"Paper covers 200 rpm/10 A; migrated-IPMSM transfer remains explicit",200,10,0,48,1,801,0.36,0.82,0.6,0.905538513813742,pareto_high_Jq_boundary,0,801,0.0370457635419128,-0.465747245497368,0.341609733788614,0.600140936643799,1.21243467395047,1.75474652591302,0.635163263200972,1.52153200523258,0.0362869008597648,0.0359404084381596,0.0345115143222076,0.0355796078733774,1,a=valid known-frequency integer-cycle FFT; b=valid known-frequency integer-cycle FFT; c=valid known-frequency integer-cycle FFT,3,750,6.74068388452357,0.442699443836744,4.63095242018255,4.46226639978707,0.838376355765581,0.15365354820976,0.755089095294878,0.181037566292364,valid,1870,7781.9392426134,0.161048689138577,0.826466916354557,0.0124843945068664,0.710227133243247,0.000127466416978777,0.000654,778,0.114520581953397,0.320531924564885,0.359623786324598,0.819440443856246,0,0,1,1,1,208.636073582686,-6.07924627739388,0.916666666666667,0.289772866756753,0.879536531474809,0,0,1.54499927464012e-15,8.88178419700125e-15,0,0,0,0,0,0,0,1,1,,,2.1328697121018,1,1,1,0,0,0.31960049937578
B_C04_015,focused_scan,C04,mid_speed_high_load,paper_experimental_range,"Paper covers 200 rpm/10 A; migrated-IPMSM transfer remains explicit",200,10,0,48,1,801,0.5,0.82,0.707106781186548,0.905538513813742,pareto_high_Jq_boundary,0,801,0.0373610529737398,-0.447309711288676,0.378907770710295,0.581714348453217,1.40422464083935,1.53025377041935,0.713681920351956,1.52153200523258,0.0474807780934999,0.0460763458218201,0.0480489981178853,0.0472020406777351,1,a=valid known-frequency integer-cycle FFT; b=valid known-frequency integer-cycle FFT; c=valid known-frequency integer-cycle FFT,3,750,6.74124635995065,0.439047640248441,4.63989957845605,4.47225131533798,0.717550881794041,0.153673939745186,0.752279424239931,0.154647933572909,valid,1710,7116.10486891386,0.247191011235955,0.750312109862672,0.00249687890137328,0.711429560892847,0.000135070661672909,0.0005749,749,0.141526999061516,0.301797521963204,0.488665958254562,0.818916450554095,0,0,1,1,1,245.879970717421,-6.1330486008804,0.906991260923845,0.288570439107153,0.817154328012068,0,0,1.5670559225652e-15,9.05767818720588e-15,0,0,0,0,0,0,0,1,1,,,2.0769023674268,1,1,1,1,1,0.491885143570536
B_C04_016,focused_scan,C04,mid_speed_high_load,paper_experimental_range,"Paper covers 200 rpm/10 A; migrated-IPMSM transfer remains explicit",200,10,0,48,1,801,0.5,1,0.707106781186548,1,pareto_high_Jq_boundary,0,801,0.0241828152123812,-0.509007018394727,0.370811725671691,0.640943606938092,1.42523074485387,1.91671481025297,0.741957039435319,1.52153200523258,0.051313296093267,0.0524859187022898,0.0536223960762924,0.0524738702906164,1,a=valid known-frequency integer-cycle FFT; b=valid known-frequency integer-cycle FFT; c=valid known-frequency integer-cycle FFT,3,750,6.7012369362486,0.440536005496317,4.61084102811122,4.4425568709069,0.893258655770794,0.159454814558504,0.755699372924793,0.193730091825939,valid,1686,7016.22971285893,0.250936329588015,0.749063670411985,0,0.712041155623401,0.000144125093632959,0.0008379,791,0.132672343755605,0.368465322783857,0.498653484581944,0.989722758254711,0,0,1,1,1,271.529003975635,-7.48773758269053,0.823970037453184,0.287958844376599,0.918395747149272,0,0,1.53264549837137e-15,8.88178419700125e-15,0,0,0,0,0,0,0,1,1,,,2.38853058174263,1,1,1,0,0,0.499375780274656
B_C04_017,focused_scan,C04,mid_speed_high_load,paper_experimental_range,"Paper covers 200 rpm/10 A; migrated-IPMSM transfer remains explicit",200,10,0,48,1,801,0.82,0.4,0.905538513813742,0.632455532033676,pareto_high_Jd_boundary,0,801,0.0346290889051887,-0.170520565271951,0.439703124999171,0.323011881877976,1.81181158928977,0.926281150468409,0.931126656055802,1.52153200523258,0.047128132993805,0.045182105272505,0.0493292817486614,0.0472131733383238,1,a=valid known-frequency integer-cycle FFT; b=valid known-frequency integer-cycle FFT; c=valid known-frequency integer-cycle FFT,3,750,6.94080252407114,0.437713274647597,4.77452105705036,4.60715578133325,0.470321491661156,0.112477713171021,0.743011900090186,0.0985065278886245,valid,2116,8805.65959217645,0.0823970037453183,0.916354556803995,0.00124843945068664,0.71058847254253,0.000142059051186017,0.0004571,788,0.18785374349968,0.0839941242005175,0.8112084200401,0.39823551275849,0,0,1,1,1,219.921731531925,-2.96219627479776,0.997191011235955,0.28941152745747,0.817154328012068,0,0,1.56729985670348e-15,7.32410687763558e-15,0,0,0,0,0,0,0,1,1,,,2.03486068437075,1,1,1,0,1,0.247191011235955
B_C04_018,focused_scan,C04,mid_speed_high_load,paper_experimental_range,"Paper covers 200 rpm/10 A; migrated-IPMSM transfer remains explicit",200,10,0,48,1,801,0.82,0.64,0.905538513813742,0.8,pareto_high_Jd_boundary,0,801,0.0250660461573519,-0.37714066753699,0.488597115243062,0.509867005995568,1.82583964778838,1.13356641567225,0.913094907215249,1.52153200523258,0.0411092467346236,0.0386930536193846,0.0402690333224927,0.0400237778921669,1,a=valid known-frequency integer-cycle FFT; b=valid known-frequency integer-cycle FFT; c=valid known-frequency integer-cycle FFT,3,750,6.80350770185228,0.43855167387734,4.67494933327618,4.50940147321476,0.551449301835773,0.150433740366351,0.750682681121783,0.117958348320605,valid,1584,6591.76029962547,0.297128589263421,0.702871410736579,0,0.709754980128423,0.000133310112359551,0.0006534,769,0.24221403275614,0.233708557051113,0.814550489348183,0.63989837327115,0,0,1,1,1,278.181431443583,-4.96876256156598,0.954119850187266,0.290245019871577,0.636807508103186,0,0,1.56997781219895e-15,9.05767818720588e-15,0,0,0,0,0,0,0,1,1,,,2.14910754458124,1,1,1,1,1,0.591760299625468
B_C04_019,focused_scan,C04,mid_speed_high_load,paper_experimental_range,"Paper covers 200 rpm/10 A; migrated-IPMSM transfer remains explicit",200,10,0,48,1,801,0.82,0.82,0.905538513813742,0.905538513813742,pareto_min_switching + pareto_high_Jd_boundary,0,801,0.00305425685029879,-0.445236393316634,0.501941039110447,0.5815046243111,1.81470689380835,1.50616274998817,0.917224271085815,1.52153200523258,0.0634222075373129,0.0625186650838223,0.0634404552874917,0.0631271093028756,1,a=valid known-frequency integer-cycle FFT; b=valid known-frequency integer-cycle FFT; c=valid known-frequency integer-cycle FFT,3,750,6.74594414683551,0.444391572365937,4.64332481511624,4.47653779996624,0.681428102586963,0.160528253062155,0.752728696682492,0.146754347309193,valid,1540,6408.65584685809,0.285892634207241,0.714107365792759,0,0.703845527704704,0.000136524469413233,0.0006569,763,0.253902296907485,0.30419978779323,0.806898288207695,0.812761165235552,0,0,1,1,1,314.879999999999,-7.14331195007047,0.890137328339575,0.296154472295296,0.67478026853058,0,0,1.58076096948829e-15,8.88178419700125e-15,0,0,0,0,0,0,0,1,1,,,2.35832299312191,1,1,1,1,1,0.569288389513108
B_C04_020,focused_scan,C04,mid_speed_high_load,paper_experimental_range,"Paper covers 200 rpm/10 A; migrated-IPMSM transfer remains explicit",200,10,0,48,1,801,0.82,1,0.905538513813742,1,pareto_min_switching,0,801,0.0788519093779374,-0.478673142278914,0.482084909359491,0.631983755426077,1.81256928337207,1.94900748630354,0.915036274299692,1.52153200523258,0.0623420883637645,0.0627453340927208,0.0618652648127966,0.062317562423094,1,a=valid known-frequency integer-cycle FFT; b=valid known-frequency integer-cycle FFT; c=valid known-frequency integer-cycle FFT,3,750,6.72950700186902,0.445204460087181,4.62176100018563,4.45369201642266,0.914247280870262,0.173545379420684,0.759831510458078,0.197813621438569,valid,1528,6358.71826883063,0.300873907615481,0.699126092384519,0,0.702841686540235,0.000149198501872659,0.0013116,785,0.228923378134463,0.361953941048665,0.80904117852583,0.996639140995485,0,0,1,1,1,347.726789304477,-8.724681780317,0.805243445692884,0.297158313459765,0.833661678674911,0,0,1.57003904073759e-15,1.12346670994454e-14,0,0,0,0,0,0,0,1,1,,,2.66158554036709,1,1,1,0,0,0.599250936329588
B_C04_021,focused_scan,C04,mid_speed_high_load,paper_experimental_range,"Paper covers 200 rpm/10 A; migrated-IPMSM transfer remains explicit",200,10,0,48,1,801,1,0.4,1,0.632455532033676,pareto_high_Jd_boundary,0,801,0.060410401373714,-0.169493233461213,0.470601695152875,0.319774201293039,1.97007252032862,1.0789936688601,1.0182837576116,1.52153200523258,0.050366926685886,0.047641179164945,0.0502060107963757,0.0494047055490689,1,a=valid known-frequency integer-cycle FFT; b=valid known-frequency integer-cycle FFT; c=valid known-frequency integer-cycle FFT,3,750,6.94246796101116,0.43497453165814,4.77313034255589,4.60638084241062,0.453012364340156,0.109535308381964,0.741096760835912,0.0949088610259025,valid,2132,8872.2430295464,0.0823970037453183,0.917602996254682,0,0.708114078100544,0.00015505418227216,0.000689,796,0.210301077896246,0.0820090369292457,0.985262500867116,0.39942398595072,0,0,1,1,1,242.862924300932,-3.10194160816699,0.997191011235955,0.291885921899456,0.614376547799739,0,0,1.59736729104984e-15,7.94410929039127e-15,0,0,0,0,0,0,0,1,1,,,2.24619969566246,1,1,1,0,1,0.249687890137329
B_C04_022,focused_scan,C04,mid_speed_high_load,paper_experimental_range,"Paper covers 200 rpm/10 A; migrated-IPMSM transfer remains explicit",200,10,0,48,1,801,1,0.82,1,0.905538513813742,pareto_min_switching + pareto_high_Jd_boundary,0,801,0.0830972385709752,-0.47051273680582,0.588583616163053,0.608733065069358,1.99805479924803,1.70224394290197,1.0121061218132,1.52153200523258,0.0719882199759899,0.0709423198633424,0.0653151032437879,0.0694152143610401,1,a=valid known-frequency integer-cycle FFT; b=valid known-frequency integer-cycle FFT; c=valid known-frequency integer-cycle FFT,3,750,6.70116048451798,0.443598318707569,4.62553330199577,4.45917709234144,0.74728388897167,0.167062545028442,0.752570196265102,0.161556266095682,valid,1468,6109.0303786933,0.303370786516854,0.696629213483146,0,0.692173772758116,0.000172848689138577,0.0007571,780,0.349474534878631,0.336739204019993,0.994613793139267,0.816411812191995,0,0,1,1,1,347.726789304477,-6.94782982046297,0.855805243445693,0.307826227241884,0.733586475512012,0,0,1.61007418513675e-15,8.88178419700125e-15,0,0,0,0,0,0,0,1,1,,,2.62485379058425,1,1,1,1,1,0.604244694132334
B_C07_001,focused_scan,C07,negative_id_nominal_speed,reasonable_extension_range,"Exact negative-id value validated in frozen source",100,10,-4,48,1,1551,0.01,0.01125,0.1,0.106066017177982,pareto_min_current_ripple,0,1551,-0.00697277748458865,-0.0101917216462688,0.0518834791883731,0.0871824484437903,0.19948035787842,0.307547727670531,0.26638047359507,0.96094209764132,0.00559382603391595,0.0053591799779993,0.00524668345517824,0.00539989648903116,1,a=valid known-frequency integer-cycle FFT; b=valid known-frequency integer-cycle FFT; c=valid known-frequency integer-cycle FFT,3,1500,7.60948434095688,0.227799739241375,5.14324302474014,5.05025423732766,0.157707980673105,0.0180906393604504,0.57468475972363,0.0306631399516792,valid,5612,12061.0358908231,0.000644745325596389,0.368149580915538,0.631205673758865,0.847276132753276,0.000111982656350741,0.0011694,770,0.00179665049887544,0.00174221545317216,0.00992688403535113,0.0111104677398914,0,0,1,1,1,4.07293505963452,13.9018001956623,1,0.152723867246724,0.451549974150532,0,0,3.66660008856528e-16,2.39149358411273e-15,0,0,0,0,0,0,0,1,1,,,0.366576073925467,1,1,1,1,1,1.25983236621535
B_C07_002,focused_scan,C07,negative_id_nominal_speed,reasonable_extension_range,"Exact negative-id value validated in frozen source",100,10,-4,48,1,1551,0.025,0,0.158113883008419,0,pareto_min_current_ripple,0,1551,0.00131432083043102,-0.000139034179057266,0.0651012353974299,0.0761160620273147,0.312909724990427,0.204085085363976,0.308157096945805,0.96094209764132,0.00542588708535456,0.00540368768029998,0.0053048528081779,0.00537814252461082,1,a=valid known-frequency integer-cycle FFT; b=valid known-frequency integer-cycle FFT; c=valid known-frequency integer-cycle FFT,3,1500,7.61487838985054,0.227651924730608,5.14783391613445,5.05476019551468,0.122565556714367,0.00509152555881943,0.574634906544567,0.0238091513267783,valid,5676,12198.5815602837,0.000644745325596389,0.326241134751773,0.673114119922631,0.847133291259644,0.000134026241134752,0.0011053,864,0.00335851042514393,1.40629666229722e-15,0.0249056868601887,7.82900278087309e-15,0,0.000644745325596389,1,0.999355254674404,0.999355254674404,0,15.1593611462512,1,0.152866708740356,0.451549974150532,0,0,3.45516791117309e-16,2.22044604925031e-15,0,0,0,0,0,0,0,1,1,,,0.37358160830213,1,1,1,0,1,1.34364925854288
B_C07_003,focused_scan,C07,negative_id_nominal_speed,reasonable_extension_range,"Exact negative-id value validated in frozen source",100,10,-4,48,1,1551,0.025,0.01125,0.158113883008419,0.106066017177982,pareto_min_current_ripple,0,1551,-0.0141906553945642,-0.0118194744730278,0.0821360293872926,0.087646187780476,0.315467123156295,0.308375298215388,0.327915154922786,0.96094209764132,0.00802490219228899,0.0078780696750091,0.00796651412727814,0.00795649533152541,1,a=valid known-frequency integer-cycle FFT; b=valid known-frequency integer-cycle FFT; c=valid known-frequency integer-cycle FFT,3,1500,7.60875298774075,0.227586576869495,5.14291728645031,5.04983811576223,0.153871965655265,0.0153270415069213,0.575188064854267,0.0299191989847203,valid,5400,11605.415860735,0.000644745325596389,0.500322372662798,0.499032882011605,0.847460222547604,0.000122669890393295,0.0007661,1055,0.0061017174412629,0.00161546234290797,0.0249841747540052,0.0111987372584749,0,0,1,1,1,6.43987577519938,13.8871969862361,1,0.152539777452395,0.451549974150532,0,0,4.56292491018259e-16,2.66453525910038e-15,0,0,0,0,0,0,0,1,1,,,0.441151708986759,1,1,1,1,1,0.995486782720825
B_C07_004,focused_scan,C07,negative_id_nominal_speed,reasonable_extension_range,"Exact negative-id value validated in frozen source",100,10,-4,48,1,1551,0.1,0.1,0.316227766016838,0.316227766016838,default_neighborhood,0,1551,0.0312599150857516,-0.10683486805022,0.168642428792051,0.181599070317722,0.632999382368941,0.740226399421219,0.47462766961761,0.96094209764132,0.0188246571313029,0.0190173963185646,0.0186552427302726,0.0188324320600467,1,a=valid known-frequency integer-cycle FFT; b=valid known-frequency integer-cycle FFT; c=valid known-frequency integer-cycle FFT,3,1500,7.53384888120112,0.227982344252097,5.09073476068512,4.99799846672713,0.354741677302192,0.0570276707652332,0.575705769884762,0.0696837871110084,valid,4312,9267.13947990544,0.000644745325596389,0.989684074790458,0.00967117988394584,0.846358634573008,0.000184516054158607,0.0013412,1551,0.0280344851231932,0.0246952954154117,0.0993892923387979,0.099781479468023,0,0,1,1,1,38.3999999999997,11.326768609119,1,0.153641365426992,0.451549974150532,0,0,8.2805605595559e-16,3.66205343881779e-15,0,0,0,0,0,0,0,1,1,,,0.973972967016828,1,1,1,1,1,0.410058027079304
B_C07_005,focused_scan,C07,negative_id_nominal_speed,reasonable_extension_range,"Exact negative-id value validated in frozen source",100,10,-4,48,1,1551,0.1,0.16,0.316227766016838,0.4,default_neighborhood,0,1551,0.0524280691507009,-0.177150348473479,0.184342857043573,0.260787969632328,0.626863428333158,0.761836654332777,0.479632629267331,0.96094209764132,0.0230353594882289,0.022817668556183,0.022907233866113,0.0229200873035083,1,a=valid known-frequency integer-cycle FFT; b=valid known-frequency integer-cycle FFT; c=valid known-frequency integer-cycle FFT,3,1500,7.48389330541232,0.22866130637678,5.05306194700949,4.96113950826102,0.39030130545884,0.0856688796508769,0.57510842566142,0.0772405542524228,valid,3688,7926.06920266495,0.137975499677627,0.85170857511283,0.0103159252095422,0.84513861186589,0.000178535396518375,0.0008145,1522,0.033394346842151,0.0598231506647037,0.0996246043972469,0.159503015797727,0,0,1,1,1,48.5725848601866,10.321997839807,1,0.15486138813411,0.451549974150532,0,0,8.32246374300177e-16,4.44089209850063e-15,0,0,0,0,0,0,0,1,1,,,0.986586461323365,1,1,1,1,1,0.135396518375241
B_C07_006,focused_scan,C07,negative_id_nominal_speed,reasonable_extension_range,"Exact negative-id value validated in frozen source",100,10,-4,48,1,1551,0.1,0.4,0.316227766016838,0.632455532033676,default_neighborhood,0,1551,0.0385473586075463,-0.357465571532387,0.18534906550232,0.439675870196223,0.639645900296308,1.18784616718669,0.478368898082195,1.02406405666468,0.0281856661083912,0.0278705380774195,0.0259389330391384,0.0273317124083164,1,a=valid known-frequency integer-cycle FFT; b=valid known-frequency integer-cycle FFT; c=valid known-frequency integer-cycle FFT,3,1500,7.36875866607369,0.231149222023037,4.96123594950896,4.86925728498201,0.604474387316359,0.115362960338438,0.582339113321356,0.121839475781471,valid,3498,7517.7304964539,0.164410058027079,0.831076724693746,0.00451321727917473,0.843945583826052,0.000151345519019987,0.0008193,1538,0.0325515445865546,0.180219846322341,0.0999446210739573,0.399997454917528,0,0,1,1,1,76.7999999999995,6.31935974246814,1,0.156054416173948,0.542542199331969,0,0,8.39698982391393e-16,6.21724893790088e-15,0,0,0,0,0,0,0,1,1,,,1.34912022987797,1,1,1,0,0,0.082527401676338
B_C07_007,focused_scan,C07,negative_id_nominal_speed,reasonable_extension_range,"Exact negative-id value validated in frozen source",100,10,-4,48,1,1551,0.16,0.1,0.4,0.316227766016838,default_neighborhood,0,1551,0.0541292229770795,-0.070604469078721,0.203369252937708,0.158666701108433,0.79050630127196,0.589400583303641,0.539029063547244,0.96094209764132,0.0204945735358763,0.0211142519298795,0.0204144313049532,0.0206744189235697,1,a=valid known-frequency integer-cycle FFT; b=valid known-frequency integer-cycle FFT; c=valid known-frequency integer-cycle FFT,3,1500,7.55260511844816,0.228319613574209,5.10770889855392,5.01485888092655,0.298116930936348,0.0528543503332693,0.575835964613886,0.0583660770136586,valid,4358,9366.00042983022,0.000644745325596389,0.994842037395229,0.00451321727917473,0.845601641085388,0.000177474790457769,0.0008621,1551,0.040795330219225,0.0177328840812016,0.159652235591616,0.099906581158024,0,0,1,1,1,48.5725848601866,11.3057178134463,1,0.154398358914612,0.451549974150532,0,0,8.66725933694114e-16,4.78298716822545e-15,0,0,0,0,0,0,0,1,1,,,0.986049319227668,1,1,1,0,0,0.410058027079304
B_C07_008,focused_scan,C07,negative_id_nominal_speed,reasonable_extension_range,"Exact negative-id value validated in frozen source",100,10,-4,48,1,1551,0.16,0.4,0.4,0.632455532033676,default_neighborhood,0,1551,0.025065599313452,-0.335702510216711,0.211335170479226,0.410581932466341,0.803079985800463,0.995361098747562,0.567971603522042,1.03561180063822,0.0247667414682776,0.0235540824032914,0.0257559323359947,0.0246922520691879,1,a=valid known-frequency integer-cycle FFT; b=valid known-frequency integer-cycle FFT; c=valid known-frequency integer-cycle FFT,3,1500,7.38416477600536,0.231690691339297,4.97334972075201,4.88144805146487,0.508915834396769,0.10287614116667,0.579998572558847,0.102328583946801,valid,3264,7014.82914248872,0.221792392005158,0.776918117343649,0.00128949065119278,0.844416687044814,0.000169831850419084,0.0009972,1511,0.0427118514876297,0.155495877129678,0.159283935735109,0.399707373581398,0,0,1,1,1,97.1451697203732,5.64027249928971,1,0.155583312955186,0.603962970542587,0,0,8.62738545319551e-16,5.32907051820075e-15,0,0,0,0,0,0,0,1,1,,,1.2789375201679,1,1,1,1,1,0.03223726627982
B_C07_009,focused_scan,C07,negative_id_nominal_speed,reasonable_extension_range,"Exact negative-id value validated in frozen source",100,10,-4,48,1,1551,0.26,0.1,0.509901951359279,0.316227766016838,default_neighborhood,0,1551,0.045599247461687,-0.0731295237139704,0.264307971948911,0.162241065093435,1.06087558475326,0.622014206404264,0.67444747404366,0.96094209764132,0.0262499422563474,0.0262539555856361,0.0266359109860643,0.026379936276016,1,a=valid known-frequency integer-cycle FFT; b=valid known-frequency integer-cycle FFT; c=valid known-frequency integer-cycle FFT,3,1500,7.55163767171861,0.229931175998553,5.10700122608292,5.0141653175661,0.316287459090061,0.0549712722804165,0.575621796957506,0.0619321290691473,valid,4354,9357.40382548893,0.00451321727917473,0.994842037395229,0.000644745325596389,0.843171973326377,0.000146676789168279,0.0012066,1551,0.0685239511995953,0.0191968896262077,0.259362253843554,0.0995413288787984,0,0,1,1,1,61.9181395069327,11.2781009837154,1,0.156828026673623,0.451549974150532,0,0,8.64848800242899e-16,4.44089209850063e-15,0,0,0,0,0,0,0,1,1,,,1.22977993124555,1,1,1,0,0,0.40361057382334
B_C07_010,focused_scan,C07,negative_id_nominal_speed,reasonable_extension_range,"Exact negative-id value validated in frozen source",100,10,-4,48,1,1551,0.26,0.16,0.509901951359279,0.4,default_neighborhood,0,1551,0.0570795647666434,-0.185715520786731,0.281722676475508,0.261417613965705,1.02653435672074,0.786322594521586,0.673251960112472,0.96094209764132,0.0263163576606417,0.0273929738722836,0.0261418842954941,0.0266170719428064,1,a=valid known-frequency integer-cycle FFT; b=valid known-frequency integer-cycle FFT; c=valid known-frequency integer-cycle FFT,3,1500,7.47140187838833,0.228809774751933,5.0483511342483,4.95708925860359,0.399569178708761,0.0860595816914918,0.572251515556015,0.0791484522536599,valid,3030,6511.92778852353,0.290135396518375,0.709219858156028,0.000644745325596389,0.841325507317798,0.000138245519019987,0.000788,1419,0.0787006809136912,0.061355970844052,0.259829533089743,0.159967477813267,0,0,1,1,1,78.3209397287857,9.64514742059222,1,0.158674492682202,0.421872533746935,0,0,8.57132604284281e-16,6.21724893790088e-15,0,0,0,0,0,0,0,1,1,,,1.29308778054053,1,1,1,1,1,0.168923275306254
B_C07_011,focused_scan,C07,negative_id_nominal_speed,reasonable_extension_range,"Exact negative-id value validated in frozen source",100,10,-4,48,1,1551,0.26,0.4,0.509901951359279,0.632455532033676,default_neighborhood,0,1551,0.0743035012505655,-0.309024285073246,0.278904787879306,0.403603729841344,1.02296715596884,1.29971020353173,0.65413451052772,1.02421090878116,0.0343767099822421,0.0320881589395731,0.0333492079076788,0.0332713589431647,1,a=valid known-frequency integer-cycle FFT; b=valid known-frequency integer-cycle FFT; c=valid known-frequency integer-cycle FFT,3,1500,7.38334733573196,0.23085671296635,4.98362480989139,4.89089262040992,0.613144801222957,0.115623615274342,0.584017839332286,0.123031894376559,valid,2942,6322.80249301526,0.279819471308833,0.718891038039974,0.00128949065119278,0.836997820899476,0.000177017408123791,0.0008693,1446,0.0774400250335508,0.148983335868118,0.259993704671017,0.399493792258509,0,0,1,1,1,123.836279013865,5.13152253431514,1,0.163002179100525,0.531767663562086,0,0,8.91085648583305e-16,7.105427357601e-15,0,0,0,0,0,0,0,1,1,,,1.65399770717963,1,1,1,0,0,0.14829142488717
B_C07_012,focused_scan,C07,negative_id_nominal_speed,reasonable_extension_range,"Exact negative-id value validated in frozen source",100,10,-4,48,1,1551,0.26,0.82,0.509901951359279,0.905538513813742,pareto_high_Jq_boundary,0,1551,0.115095383660773,-0.491116763818616,0.277226584613719,0.600480446239846,1.03655025216965,1.64434197011782,0.680110710588809,1.28787458125713,0.0393594724522351,0.039475683076049,0.0396580463612624,0.0394977339631821,1,a=valid known-frequency integer-cycle FFT; b=valid known-frequency integer-cycle FFT; c=valid known-frequency integer-cycle FFT,3,1500,7.26053526464839,0.231637125889021,4.88723765924953,4.79547128100076,0.789521805893064,0.164420608183528,0.592835176266288,0.161547659627075,valid,2612,5613.58263485923,0.373952288845906,0.625402965828498,0.000644745325596389,0.841617719463345,0.000142093165699549,0.0006181,1392,0.0763551860622264,0.345384947070315,0.259563589829067,0.819685503080132,0,0,1,1,1,177.306568406248,-0.589281498149386,0.999516441005803,0.158382280536656,0.639584864765935,0,0,8.80964983491056e-16,8.88178419700125e-15,0,0,0,0,0,0,0,1,1,,,1.94378418039759,1,1,1,0,0,0.336557059961315
B_C07_013,focused_scan,C07,negative_id_nominal_speed,reasonable_extension_range,"Exact negative-id value validated in frozen source",100,10,-4,48,1,1551,0.26,1,0.509901951359279,1,pareto_high_Jq_boundary,0,1551,0.114808466920685,-0.574394101849257,0.290909494679348,0.686736434295696,1.02845019352923,2.07211454938762,0.626814291651823,1.38828280665935,0.0386620856592965,0.0389698697971392,0.0374683798644964,0.0383667784403107,1,a=valid known-frequency integer-cycle FFT; b=valid known-frequency integer-cycle FFT; c=valid known-frequency integer-cycle FFT,3,1500,7.20035238499797,0.231604071498227,4.84441023004206,4.75312403850008,1.00629768696684,0.180196406957231,0.596089526457696,0.207723466672249,valid,2612,5613.58263485923,0.368794326241135,0.631205673758865,0,0.83765370734518,0.000178701031592521,0.0009791,1359,0.0842323194152728,0.456297426287785,0.259879032724974,0.998139464721909,0,0,1,1,1,195.802349321965,-2.80896583594502,0.974049000644745,0.16234629265482,0.672130850651727,0,0,8.92298291495608e-16,8.88178419700125e-15,0,0,0,0,0,0,0,1,1,,,2.31330251077419,1,1,1,0,0,0.326241134751774
B_C07_014,focused_scan,C07,negative_id_nominal_speed,reasonable_extension_range,"Exact negative-id value validated in frozen source",100,10,-4,48,1,1551,0.36,0.82,0.6,0.905538513813742,pareto_high_Jq_boundary,0,1551,0.107372703341793,-0.527909223026117,0.344288073403783,0.625412388163358,1.19318223310897,1.84572937793132,0.757563731868032,1.28350672921912,0.0410684427846475,0.0414961064166133,0.0418536527632992,0.0414727339881867,1,a=valid known-frequency integer-cycle FFT; b=valid known-frequency integer-cycle FFT; c=valid known-frequency integer-cycle FFT,3,1500,7.2329680003851,0.233989774063095,4.86880840189333,4.77842271830257,0.883681928470906,0.161317120439726,0.585106071682207,0.181498604078827,valid,2546,5471.73866322802,0.348807221147647,0.651192778852353,0,0.833530459632746,0.000134742295293359,0.0006383,1382,0.117345300547458,0.37996454736416,0.355966547630354,0.817221075745268,0,0,1,1,1,208.636073582688,-2.22236202754033,0.999677627337202,0.166469540367255,0.738415875112978,0,0,9.25766886829244e-16,1.06581410364015e-14,0,0,0,0,0,0,0,1,1,,,2.19781727583656,1,1,1,0,0,0.286266924564798
B_C07_015,focused_scan,C07,negative_id_nominal_speed,reasonable_extension_range,"Exact negative-id value validated in frozen source",100,10,-4,48,1,1551,0.5,0.82,0.707106781186548,0.905538513813742,pareto_high_Jq_boundary,0,1551,0.138971364904715,-0.514863001832297,0.372666063275206,0.604284685241248,1.30280420534059,1.58010538397101,0.842378785009098,1.28619955481799,0.0419777806324403,0.0440498991383415,0.043682709736053,0.0432367965022783,1,a=valid known-frequency integer-cycle FFT; b=valid known-frequency integer-cycle FFT; c=valid known-frequency integer-cycle FFT,3,1500,7.23421035078338,0.23110678246738,4.87339018179981,4.78221723627532,0.786664295541273,0.149919434376544,0.584434052641526,0.161420339064817,valid,2376,5106.3829787234,0.390070921985816,0.609929078014184,0,0.830673058440919,0.000145895873629916,0.0007909,1339,0.137672602990841,0.350710486122725,0.499906134274113,0.818695656361795,0,0,1,1,1,245.87997071742,-2.97319588455977,0.997582205029014,0.169326941559081,0.609211443073734,0,0,9.67016862158143e-16,8.88178419700125e-15,0,0,0,0,0,0,0,1,1,,,2.04793354919228,1,1,1,1,1,0.368794326241136
B_C07_016,focused_scan,C07,negative_id_nominal_speed,reasonable_extension_range,"Exact negative-id value validated in frozen source",100,10,-4,48,1,1551,0.5,1,0.707106781186548,1,pareto_high_Jq_boundary,0,1551,0.14484078695841,-0.573283281073894,0.383802965478132,0.672098257361066,1.41236893915073,1.81769499466518,0.870034619387922,1.3638356841345,0.0440736075772384,0.0500767623467391,0.0474867546721743,0.0472123748653839,1,a=valid known-frequency integer-cycle FFT; b=valid known-frequency integer-cycle FFT; c=valid known-frequency integer-cycle FFT,3,1500,7.18642876941922,0.230326164160577,4.84291685673804,4.7520142640401,0.927209635677614,0.167242756362284,0.589481506313172,0.191456856086135,valid,2304,4951.64410058027,0.415215989684075,0.584784010315925,0,0.834294217638489,0.000181537911025145,0.000752,1395,0.147006832943651,0.438602712157878,0.499725567766284,0.99749588649112,0,0,1,1,1,271.529003975636,-2.90579035157835,0.963410702772405,0.165705782361511,0.682245076249141,0,0,9.46720250887774e-16,7.53644380168212e-15,0,0,0,0,0,0,0,1,1,,,2.30191249049754,1,1,1,0,0,0.419084461637654
B_C07_017,focused_scan,C07,negative_id_nominal_speed,reasonable_extension_range,"Exact negative-id value validated in frozen source",100,10,-4,48,1,1551,0.82,0.4,0.905538513813742,0.632455532033676,pareto_high_Jd_boundary,0,1551,0.205250823888952,-0.240005089823142,0.462461260997768,0.333204651109714,1.65469411745188,1.06500390316001,1.07518031352777,0.991253092426899,0.0452711693409981,0.0428415003682257,0.0411548499168586,0.0430891732086942,1,a=valid known-frequency integer-cycle FFT; b=valid known-frequency integer-cycle FFT; c=valid known-frequency integer-cycle FFT,3,1500,7.39447236682873,0.23317571842741,5.0099436791277,4.91731166561147,0.512031752669423,0.102962738179705,0.581996745289631,0.102203095576231,valid,2610,5609.28433268859,0.384912959381044,0.615087040618955,0,0.840640054484444,0.000267383687943262,0.0010606,1537,0.212592210676992,0.0978416196701221,0.810603864275235,0.394929065264879,0,0,1,1,1,219.921731531926,2.24723327338568,1,0.159359945515555,0.622388142672488,0,0,8.77736129193331e-16,5.61733354972272e-15,0,0,0,0,0,0,0,1,1,,,1.96780231122842,1,1,1,0,1,0.358478401031593
B_C07_018,focused_scan,C07,negative_id_nominal_speed,reasonable_extension_range,"Exact negative-id value validated in frozen source",100,10,-4,48,1,1551,0.82,0.64,0.905538513813742,0.8,pareto_high_Jd_boundary,0,1551,0.165736534074396,-0.407026234989235,0.456745970765921,0.499017251074214,1.81031651336028,1.42348364334081,1.06286155755282,1.1840477542553,0.0385610905402617,0.0394455036289442,0.0383389306978232,0.038781841622343,1,a=valid known-frequency integer-cycle FFT; b=valid known-frequency integer-cycle FFT; c=valid known-frequency integer-cycle FFT,3,1500,7.30260440096399,0.233925178880838,4.92707690683947,4.83600943633637,0.721609708010498,0.142180035558406,0.582345342934092,0.146457975317739,valid,2048,4401.46142273802,0.493874919406834,0.506125080593166,0,0.83620373396233,0.000189120567375887,0.0012224,1388,0.208282457430254,0.237072988924258,0.81999940499697,0.639153516234093,0,0,1,1,1,278.18143144358,-0.39616893497551,0.999677627337202,0.16379626603767,0.644822076601468,0,0,9.06065189294269e-16,1.06581410364015e-14,0,0,0,0,0,0,0,1,1,,,2.30294410731215,1,1,1,0,0,0.576402321083172
B_C07_019,focused_scan,C07,negative_id_nominal_speed,reasonable_extension_range,"Exact negative-id value validated in frozen source",100,10,-4,48,1,1551,0.82,0.82,0.905538513813742,0.905538513813742,pareto_min_switching + pareto_high_Jd_boundary,0,1551,0.24330474634685,-0.444061319288148,0.459412487461118,0.54900089419697,1.7374069479947,1.72824845703144,0.992805760592523,1.29443904785414,0.0459413928383775,0.0466058425674784,0.0455897313400001,0.046045655581952,1,a=valid known-frequency integer-cycle FFT; b=valid known-frequency integer-cycle FFT; c=valid known-frequency integer-cycle FFT,3,1500,7.25166271837989,0.232874036617294,4.90266995725056,4.81104934898739,0.866990240177797,0.156142815356647,0.588152582573323,0.176840425265748,valid,2010,4319.79368149581,0.49645390070922,0.50354609929078,0,0.833696814262652,0.000188743713733075,0.0009444,1324,0.208838728563851,0.286978984463372,0.814446128233823,0.819701485840416,0,0,1,1,1,314.880000000002,-4.0603227662768,0.990812379110251,0.166303185737348,0.681397460943323,0,0,9.10550332773263e-16,7.32410687763558e-15,0,0,0,0,0,0,0,1,1,,,2.45059699505484,1,1,1,0,0,0.581560283687944
B_C07_020,focused_scan,C07,negative_id_nominal_speed,reasonable_extension_range,"Exact negative-id value validated in frozen source",100,10,-4,48,1,1551,0.82,1,0.905538513813742,1,pareto_min_switching,0,1551,0.240175566479571,-0.514572804962703,0.454505120722407,0.625819226107153,1.78228309942659,1.34168731679937,1.06032618251158,1.39995551884405,0.0489640828251706,0.0497642082680801,0.0476077489654268,0.0487786800195592,1,a=valid known-frequency integer-cycle FFT; b=valid known-frequency integer-cycle FFT; c=valid known-frequency integer-cycle FFT,3,1500,7.20490879393192,0.233924600831986,4.86681842542377,4.77568632310433,0.718721821092737,0.176809118482209,0.592801220153886,0.147677960890878,valid,1858,3993.12271652697,0.562217923920052,0.437782076079948,0,0.842722196819775,0.000136992714377821,0.0008012,1116,0.207569153239194,0.377269124494353,0.818924213264558,0.98712213006061,0,0,1,1,1,347.726789304477,-6.27647769030808,0.943907156673114,0.157277803180225,0.576917067618801,0,0,8.60969526363471e-16,7.32410687763558e-15,0,0,0,0,0,0,0,1,1,,,2.23084241993063,1,1,1,1,1,0.713088330109608
B_C07_021,focused_scan,C07,negative_id_nominal_speed,reasonable_extension_range,"Exact negative-id value validated in frozen source",100,10,-4,48,1,1551,1,0.4,1,0.632455532033676,pareto_high_Jd_boundary,0,1551,0.209082963410703,-0.229073214979767,0.470529496703418,0.323168385086237,1.73086261269062,1.0425167571927,1.13475704604611,1.03185094393528,0.0422690284184569,0.0441825042465876,0.04439326102497,0.0436149312300049,1,a=valid known-frequency integer-cycle FFT; b=valid known-frequency integer-cycle FFT; c=valid known-frequency integer-cycle FFT,3,1500,7.40372599482263,0.23185960658144,5.01535673117512,4.922094650691,0.519539283793638,0.103806550462588,0.58335015568786,0.103589696933065,valid,2528,5433.05394369224,0.417150225660864,0.582849774339136,0,0.843166023855321,0.000131144745325596,0.0009934,1276,0.220446011725606,0.0907018026603933,0.979222955639138,0.395754610213077,0,0,1,1,1,242.862924300933,0.56415444157469,1,0.156833976144679,0.514209491019969,0,0,8.75892594133457e-16,5.61733354972272e-15,0,0,0,0,0,0,0,1,1,,,2.02057580234887,1,1,1,0,1,0.422952933591232
B_C07_022,focused_scan,C07,negative_id_nominal_speed,reasonable_extension_range,"Exact negative-id value validated in frozen source",100,10,-4,48,1,1551,1,0.82,1,0.905538513813742,pareto_min_switching + pareto_high_Jd_boundary,0,1551,0.247675714187642,-0.443636636176068,0.502770130597737,0.540917827651193,2.00964811019899,1.38256576045312,1.11830486660533,1.22916535949387,0.049883940769949,0.0496912254663817,0.0487218272364833,0.0494323311576047,1,a=valid known-frequency integer-cycle FFT; b=valid known-frequency integer-cycle FFT; c=valid known-frequency integer-cycle FFT,3,1500,7.25408656333051,0.233061834401059,4.90258497303812,4.81209652542298,0.729553786332157,0.152736392995671,0.581639359217817,0.148810023761822,valid,1942,4173.65140769396,0.516441005802708,0.483558994197292,0,0.833918873196374,0.000138126756931012,0.0007855,1205,0.253555412981489,0.281744147129605,0.998408701621612,0.814535462136348,0,0,1,1,1,347.726789304477,-4.87999337454523,0.977917472598324,0.166081126803626,0.507572205163068,0,0,8.96247483527236e-16,7.32410687763558e-15,0,0,0,0,0,0,0,1,1,,,2.43929776960577,1,1,1,0,0,0.62153449387492
B_C08_001,focused_scan,C08,negative_id_mid_speed,reasonable_extension_range,"Validated id combined with bounded speed extension",200,10,-4,48,1,801,0.01,0.01125,0.1,0.106066017177982,pareto_min_current_ripple,0,801,-0.00693162663924288,-0.00801560700386454,0.0555516581959701,0.121280716107839,0.207217263303405,0.295543105501858,0.263946388189609,1.52153200523258,0.00422896698247842,0.00424499487256896,0.00452476902195563,0.00433291029233434,1,a=valid known-frequency integer-cycle FFT; b=valid known-frequency integer-cycle FFT; c=valid known-frequency integer-cycle FFT,3,750,7.61089794618859,0.439356273667413,5.1443648485193,4.96368785723418,0.152817804790458,0.0146440737946551,0.792983089964654,0.0297058644342544,valid,3012,12534.3320848939,0.00124843945068664,0.230961298377029,0.767790262172285,0.730252299128033,0.000147892509363296,0.0013374,422,0.00115319673923034,0.0011071639577902,0.00988077596299944,0.0111359350358192,0,0,1,1,1,4.0729350596345,3.78684077665137,1,0.269747700871967,0.815704243077955,0,0,5.08361840470157e-16,3.76822190084106e-15,0,0,0,0,0,0,0,1,1,,,0.360949749162726,1,1,1,1,1,1.42322097378277
B_C08_002,focused_scan,C08,negative_id_mid_speed,reasonable_extension_range,"Validated id combined with bounded speed extension",200,10,-4,48,1,801,0.025,0,0.158113883008419,0,pareto_min_current_ripple,0,801,-0.00679594610413649,-0.000273189288262313,0.0661911945242555,0.115359102663997,0.300339957416992,0.205563553378516,0.310195027006904,1.52153200523258,0.00447077687314805,0.00444091949006756,0.00494454382582033,0.00461874672967864,1,a=valid known-frequency integer-cycle FFT; b=valid known-frequency integer-cycle FFT; c=valid known-frequency integer-cycle FFT,3,750,7.61613073216825,0.439185492013613,5.1483490053817,4.96762882069213,0.123807987119391,0.00558340235513934,0.793369151658504,0.0240480952223657,valid,3020,12567.6238035789,0.00124843945068664,0.217228464419476,0.781523096129838,0.730219715623154,0.000110665667915106,0.0005001,317,0.00255515429622291,6.61783024665912e-13,0.0229154810000925,2.29267628562913e-12,0,0.299625468164794,1,0.700374531835206,0.700374531835206,0,5.02792941086235,1,0.269780284376846,0.815704243077955,0,0,4.95194502633818e-16,3.66205343881779e-15,0,0,0,0,0,0,0,1,1,,,0.363951184225086,1,1,1,0,1,1.45068664169788
B_C08_003,focused_scan,C08,negative_id_mid_speed,reasonable_extension_range,"Validated id combined with bounded speed extension",200,10,-4,48,1,801,0.025,0.01125,0.158113883008419,0.106066017177982,pareto_min_current_ripple,0,801,-0.00978557435638975,-0.00532779389164208,0.0738768944882382,0.120842036885825,0.324665936726409,0.296396104433267,0.335072384192743,1.52153200523258,0.00623785762404817,0.00577962780353089,0.0062910252518031,0.00610283689312738,1,a=valid known-frequency integer-cycle FFT; b=valid known-frequency integer-cycle FFT; c=valid known-frequency integer-cycle FFT,3,750,7.61258310113901,0.439424170122615,5.14594984568141,4.96515533694869,0.148926542589616,0.012477505821705,0.793667496225817,0.0289405351889697,valid,2960,12317.9359134415,0.00124843945068664,0.294631710362047,0.704119850187266,0.730274731253462,0.000122192883895131,0.0006332,413,0.00351121710077814,0.000965569597438151,0.0246732308048572,0.0110719621348999,0,0,1,1,1,6.43987577519941,3.75764876940365,1,0.269725268746538,0.815704243077955,0,0,6.00373943432819e-16,3.97205464519564e-15,0,0,0,0,0,0,0,1,1,,,0.439611898375889,1,1,1,1,1,1.29588014981273
B_C08_004,focused_scan,C08,negative_id_mid_speed,reasonable_extension_range,"Validated id combined with bounded speed extension",200,10,-4,48,1,801,0.1,0.1,0.316227766016838,0.316227766016838,default_neighborhood,0,801,-0.0377460055823748,-0.0801794570203897,0.159606230371214,0.199793175103528,0.631643911688932,0.61993005161068,0.483397067543313,1.52153200523258,0.0195720036351211,0.017880126913549,0.018581905815881,0.0186780121215171,1,a=valid known-frequency integer-cycle FFT; b=valid known-frequency integer-cycle FFT; c=valid known-frequency integer-cycle FFT,3,750,7.5708204951262,0.439299840732474,5.10930445645126,4.929107699048,0.316714393823622,0.0596459343769753,0.791851516286232,0.0619877708449577,valid,2592,10786.5168539326,0.00124843945068664,0.757802746566791,0.240948813982522,0.731388963277573,0.000159638077403246,0.0008001,703,0.02515743721936,0.0240441175692232,0.0998369522581899,0.0985656678467194,0,0,1,1,1,38.3999999999999,1.1612598349196,1,0.268611036722427,0.815704243077955,0,0,1.06238032675849e-15,5.32907051820075e-15,0,0,0,0,0,0,0,1,1,,,0.885035197076204,1,1,1,1,1,0.369538077403246
B_C08_005,focused_scan,C08,negative_id_mid_speed,reasonable_extension_range,"Validated id combined with bounded speed extension",200,10,-4,48,1,801,0.1,0.16,0.316227766016838,0.4,default_neighborhood,0,801,-0.0291103390925537,-0.120195566720518,0.146940725230905,0.25167307046881,0.648060694625675,0.782285948138828,0.48671099478263,1.52153200523258,0.0187521485010774,0.0190119283311591,0.0175126117374473,0.0184255628565612,1,a=valid known-frequency integer-cycle FFT; b=valid known-frequency integer-cycle FFT; c=valid known-frequency integer-cycle FFT,3,750,7.54262365758497,0.438226653184725,5.0880536874219,4.90725121828783,0.39251084338772,0.0806798822976604,0.795957661296421,0.0771436127645508,valid,2554,10628.3811901789,0.00124843945068664,0.799001248439451,0.199750312109863,0.73106851817045,0.000131339950062422,0.000517,708,0.0208373526546822,0.0440876988025453,0.0986352471652495,0.158221700143619,0,0,1,1,1,48.5725848601863,0.157976691535485,1,0.26893148182955,0.815704243077955,0,0,1.08703493814806e-15,6.21724893790088e-15,0,0,0,0,0,0,0,1,1,,,1.01585135161311,1,1,1,0,0,0.287141073657927
B_C08_006,focused_scan,C08,negative_id_mid_speed,reasonable_extension_range,"Validated id combined with bounded speed extension",200,10,-4,48,1,801,0.1,0.4,0.316227766016838,0.632455532033676,default_neighborhood,0,801,0.00336657904621129,-0.240753425595394,0.161972672075035,0.417641839583831,0.649766626444986,1.17768948124438,0.494929610561371,1.52153200523258,0.0311803305056749,0.0302740832244065,0.0303967170628871,0.0306170435976562,1,a=valid known-frequency integer-cycle FFT; b=valid known-frequency integer-cycle FFT; c=valid known-frequency integer-cycle FFT,3,750,7.45514028041344,0.440652665505327,5.02366936831246,4.84429468348129,0.599413301412477,0.15525536833924,0.800837210496962,0.119317824774331,valid,2284,9504.78568456097,0.00374531835205993,0.82521847690387,0.17103620474407,0.719034882474922,0.000133460923845194,0.0006065,716,0.0248024628176635,0.154536315886356,0.0996388289249185,0.397293197263377,0,0,1,1,1,76.7999999999997,-2.62598531815199,0.999375780274657,0.280965117525078,0.815704243077955,0,0,1.09695564685935e-15,8.88178419700125e-15,0,0,0,0,0,0,0,1,1,,,1.34504616391979,1,1,1,0,0,0.234706616729088
B_C08_007,focused_scan,C08,negative_id_mid_speed,reasonable_extension_range,"Validated id combined with bounded speed extension",200,10,-4,48,1,801,0.16,0.1,0.4,0.316227766016838,default_neighborhood,0,801,-0.0129055141951066,-0.100786695872135,0.240452421496931,0.208187654348246,0.79804697778699,0.59434638128675,0.578384076139405,1.52153200523258,0.025067027913264,0.0249951861371153,0.0251219329788876,0.025061382343089,1,a=valid known-frequency integer-cycle FFT; b=valid known-frequency integer-cycle FFT; c=valid known-frequency integer-cycle FFT,3,750,7.54780531316556,0.438696726949286,5.09692554776844,4.91736362950613,0.304459758923068,0.0604088972275105,0.790519166481446,0.0597340016191462,valid,2446,10178.9429879318,0.00124843945068664,0.935081148564295,0.0636704119850187,0.731831979671632,0.000169994132334582,0.0007251,792,0.0592666258656121,0.0274280293334635,0.159814283124697,0.0999529268186768,0,0,1,1,1,48.5725848601863,1.11917901816813,1,0.268168020328368,0.815704243077955,0,0,1.32142484074798e-15,5.32907051820075e-15,0,0,0,0,0,0,0,1,1,,,0.995051053817644,1,1,1,1,1,0.0149812734082388
B_C08_008,focused_scan,C08,negative_id_mid_speed,reasonable_extension_range,"Validated id combined with bounded speed extension",200,10,-4,48,1,801,0.16,0.4,0.4,0.632455532033676,default_neighborhood,0,801,-0.00645572839213231,-0.287657077037324,0.233777664672445,0.424515179404713,0.819659773173759,1.39334953157531,0.567379219925121,1.52153200523258,0.0324080719337792,0.0321782962049398,0.0332779203769771,0.032621429505232,1,a=valid known-frequency integer-cycle FFT; b=valid known-frequency integer-cycle FFT; c=valid known-frequency integer-cycle FFT,3,750,7.42056659606025,0.440622667886245,5.00018628795182,4.82179022746421,0.681113809618132,0.135938532885291,0.793526246180188,0.136217686780852,valid,2310,9612.98377028714,0.0299625468164794,0.897627965043695,0.0724094881398252,0.726526052395129,0.000207508739076155,0.0010474,791,0.0545696178899761,0.158390818753429,0.159925693044791,0.399748223723722,0,0,1,1,1,97.1451697203726,-2.66806613490346,0.999375780274657,0.273473947604871,0.815704243077955,0,0,1.3036356240046e-15,8.88178419700125e-15,0,0,0,0,0,0,0,1,1,,,1.61655963728543,1,1,1,0,0,0.089887640449438
B_C08_009,focused_scan,C08,negative_id_mid_speed,reasonable_extension_range,"Validated id combined with bounded speed extension",200,10,-4,48,1,801,0.26,0.1,0.509901951359279,0.316227766016838,default_neighborhood,0,801,-0.00372828931562859,-0.0808923212184261,0.297027321362309,0.195342571393681,1.02826293406193,0.624279394836226,0.686731174848783,1.52153200523258,0.0297307364107347,0.0296040584542295,0.02896872104783,0.0294345053042647,1,a=valid known-frequency integer-cycle FFT; b=valid known-frequency integer-cycle FFT; c=valid known-frequency integer-cycle FFT,3,750,7.55108690752626,0.438826829689714,5.10652741283846,4.92580293522605,0.318286628485599,0.0560715631415654,0.794829346595164,0.0623293684246923,valid,2310,9612.98377028714,0.00124843945068664,0.98501872659176,0.0137328339575531,0.730265747841204,0.000151284769038702,0.0006777,801,0.0882067993153645,0.0205661659881771,0.259916755872096,0.0999462689106735,0,0,1,1,1,61.918139506933,1.06397261318305,1,0.269734252158796,0.815704243077955,0,0,1.39259208463634e-15,5.68711676634668e-15,0,0,0,0,0,0,0,1,1,,,1.20293367414115,1,1,1,1,1,0.0848938826466918
B_C08_010,focused_scan,C08,negative_id_mid_speed,reasonable_extension_range,"Validated id combined with bounded speed extension",200,10,-4,48,1,801,0.26,0.16,0.509901951359279,0.4,default_neighborhood,0,801,0.0414358742158853,-0.12536896308865,0.293797522847748,0.246019186786383,1.03046725877801,0.758611400576681,0.687727087338687,1.52153200523258,0.0284194043375543,0.0284969624626677,0.0295268158187764,0.0288143942063328,1,a=valid known-frequency integer-cycle FFT; b=valid known-frequency integer-cycle FFT; c=valid known-frequency integer-cycle FFT,3,750,7.51107729809643,0.440307128775002,5.08039588402256,4.89993459590226,0.3893773651953,0.0764833582394243,0.79516604851385,0.0766431148446248,valid,2272,9454.8481065335,0.00124843945068664,0.98876404494382,0.00998751560549313,0.72913927581838,0.000192339325842697,0.0007788,801,0.0855914503101969,0.0413769734648756,0.259255120054339,0.159356954940099,0,0,1,1,1,78.320939728785,0.0606894697989375,1,0.27086072418162,0.815704243077955,0,0,1.42993792486078e-15,5.61733354972272e-15,0,0,0,0,0,0,0,1,1,,,1.27959135215051,1,1,1,1,1,0.0923845193508117
B_C08_011,focused_scan,C08,negative_id_mid_speed,reasonable_extension_range,"Validated id combined with bounded speed extension",200,10,-4,48,1,801,0.26,0.4,0.509901951359279,0.632455532033676,default_neighborhood,0,801,0.0787191392840282,-0.294854401922823,0.309576580803097,0.427736499561252,1.04126804926403,1.08563143134861,0.679947797325345,1.52153200523258,0.0384234188133028,0.0356992143604522,0.0377587418844489,0.037293791686068,1,a=valid known-frequency integer-cycle FFT; b=valid known-frequency integer-cycle FFT; c=valid known-frequency integer-cycle FFT,3,750,7.38977752027698,0.44163598399851,4.99069067001088,4.81193147187449,0.556963763205794,0.138756941982357,0.791338401186881,0.111600537887991,valid,1954,8131.50228880566,0.139825218476904,0.808988764044944,0.0511860174781523,0.729791606655802,0.000140759176029963,0.0008894,774,0.0946925689626123,0.158918141072041,0.257691583021781,0.396200607173562,0,0,1,1,1,123.836279013866,-2.72327253988854,0.999375780274657,0.270208393344198,0.815704243077955,0,0,1.30881518605232e-15,7.105427357601e-15,0,0,0,0,0,0,0,1,1,,,1.5042721679105,1,1,1,1,1,0.277153558052434
B_C08_012,focused_scan,C08,negative_id_mid_speed,reasonable_extension_range,"Validated id combined with bounded speed extension",200,10,-4,48,1,801,0.5,0.82,0.707106781186548,0.905538513813742,pareto_high_Jq_boundary,0,801,0.0627437387864626,-0.445021905857753,0.382440361963315,0.576980892638693,1.41141093719351,1.58191451716902,0.858002194714725,1.52153200523258,0.0438413933712221,0.0439820515096997,0.0461478912612979,0.0446571120474066,1,a=valid known-frequency integer-cycle FFT; b=valid known-frequency integer-cycle FFT; c=valid known-frequency integer-cycle FFT,3,750,7.28837130472547,0.443653799081624,4.91444439245834,4.73411102017627,0.799396104311094,0.159144576661707,0.803681291466176,0.16266255968586,valid,1676,6974.6150645027,0.230961298377029,0.769038701622971,0,0.726658040132835,0.000136004619225968,0.0005354,743,0.141305887087206,0.297624550382295,0.499554197323405,0.819754271828584,0,0,1,1,1,245.879970717421,-6.09286266838165,0.947877652933833,0.273341959867165,0.813746249337268,0,0,1.52097092999057e-15,1.06581410364015e-14,0,0,0,0,0,0,0,1,1,,,2.12003169156962,1,1,1,1,1,0.459425717852684
B_C08_013,focused_scan,C08,negative_id_mid_speed,reasonable_extension_range,"Validated id combined with bounded speed extension",200,10,-4,48,1,801,0.5,1,0.707106781186548,1,pareto_high_Jq_boundary,0,801,0.0253838684100619,-0.529099983596143,0.387156247217433,0.664272704483842,1.44543217024721,1.67645777138227,0.840796364013115,1.52153200523258,0.0490437848705276,0.0446630568349977,0.0492260248290638,0.047644288844863,1,a=valid known-frequency integer-cycle FFT; b=valid known-frequency integer-cycle FFT; c=valid known-frequency integer-cycle FFT,3,750,7.24327091544551,0.443928156222004,4.87365306266443,4.69447551826355,0.857721002931611,0.178836429816639,0.804247567373172,0.175991395346203,valid,1658,6899.70869746151,0.240948813982522,0.759051186017478,0,0.726901696009643,0.000170496254681648,0.0006894,771,0.143267402799157,0.408642978357684,0.49738940149169,0.996848088535533,0,0,1,1,1,271.529003975635,-7.22416372463297,0.82334581772784,0.273098303990357,0.778326946712065,0,0,1.48957176111209e-15,9.05767818720588e-15,0,0,0,0,0,0,0,1,1,,,2.21354575692791,1,1,1,0,0,0.47940074906367
B_C08_014,focused_scan,C08,negative_id_mid_speed,reasonable_extension_range,"Validated id combined with bounded speed extension",200,10,-4,48,1,801,0.64,0.82,0.8,0.905538513813742,pareto_high_Jq_boundary,0,801,0.0409748949763437,-0.435922950139169,0.435109112688021,0.577226345144727,1.61392343368558,1.66443512415794,0.981451010297996,1.52153200523258,0.0502512344439926,0.0507975434446181,0.0523676705001905,0.0511388161296004,1,a=valid known-frequency integer-cycle FFT; b=valid known-frequency integer-cycle FFT; c=valid known-frequency integer-cycle FFT,3,750,7.30373741095348,0.446029704667736,4.92053032883336,4.73984093812965,0.846705563329397,0.162592240429417,0.807569799309927,0.172076078541344,valid,1592,6625.05201831044,0.270911360799001,0.729088639200999,0,0.724584992887641,0.000156203370786517,0.0009322,787,0.183184705589587,0.297240791093995,0.637015179216705,0.817941164760744,0,0,1,1,1,278.181431443582,-6.13952517614202,0.940074906367041,0.275415007112359,0.731602158789323,0,0,1.50377584954198e-15,1.24344978758018e-14,0,0,0,0,0,0,0,1,1,,,2.31842470922178,1,1,1,1,1,0.539325842696628
B_C08_015,focused_scan,C08,negative_id_mid_speed,reasonable_extension_range,"Validated id combined with bounded speed extension",200,10,-4,48,1,801,0.82,0.4,0.905538513813742,0.632455532033676,pareto_high_Jd_boundary,0,801,0.0559843214274696,-0.285621750480267,0.517931776796484,0.41376789794908,1.81379162811691,1.33250833781606,1.0713385854404,1.52153200523258,0.0426016651343471,0.0375186819289939,0.0414235718918685,0.0405146396517365,1,a=valid known-frequency integer-cycle FFT; b=valid known-frequency integer-cycle FFT; c=valid known-frequency integer-cycle FFT,3,750,7.40612132264892,0.445370501571527,4.99703769572468,4.82063802418323,0.617150575756762,0.144470417792322,0.786760498455441,0.123503286013787,valid,1646,6849.77111943404,0.249687890137328,0.750312109862672,0,0.723871537677536,0.000164719350811486,0.0009862,753,0.262705421785809,0.155383174782088,0.819385492494297,0.39971025271814,0,0,1,1,1,219.921731531925,-2.922010342299,0.996566791510612,0.276128462322464,0.634832980540363,0,0,1.43726552918295e-15,7.32410687763558e-15,0,0,0,0,0,0,0,1,1,,,2.25064847112478,1,1,1,0,1,0.496878901373282
B_C08_016,focused_scan,C08,negative_id_mid_speed,reasonable_extension_range,"Validated id combined with bounded speed extension",200,10,-4,48,1,801,0.82,0.64,0.905538513813742,0.8,pareto_high_Jd_boundary,0,801,0.051897213432058,-0.379712083802551,0.515463538592079,0.517429757939528,1.76402650621096,1.63725822315421,1.04627046549517,1.52153200523258,0.0578811802910579,0.0578090050022742,0.055858825161162,0.0571830034848314,1,a=valid known-frequency integer-cycle FFT; b=valid known-frequency integer-cycle FFT; c=valid known-frequency integer-cycle FFT,3,750,7.32801284179078,0.444790736200623,4.94872165266378,4.76925887188475,0.810089308227092,0.153791209897581,0.802777948326544,0.163696680695517,valid,1598,6650.02080732418,0.249687890137328,0.750312109862672,0,0.714320097847102,0.000213625093632959,0.000756,795,0.265590018472747,0.235808613287076,0.811392427993801,0.631000663926594,0,0,1,1,1,278.181431443583,-4.92857662906723,0.965043695380774,0.285679902152898,0.700832115244688,0,0,1.50276603364212e-15,7.94410929039127e-15,0,0,0,0,0,0,0,1,1,,,2.40674136622549,1,1,1,0,0,0.496878901373282
B_C08_017,focused_scan,C08,negative_id_mid_speed,reasonable_extension_range,"Validated id combined with bounded speed extension",200,10,-4,48,1,801,0.82,0.82,0.905538513813742,0.905538513813742,pareto_min_switching + pareto_high_Jd_boundary + pareto_high_Jq_boundary,0,801,0.0491022127434006,-0.43092992152261,0.49149996544699,0.572534195969127,1.83842664235423,1.74752182728564,1.01255940249209,1.52153200523258,0.0505689554505149,0.0510117237993462,0.0547243304591818,0.0521016699030143,1,a=valid known-frequency integer-cycle FFT; b=valid known-frequency integer-cycle FFT; c=valid known-frequency integer-cycle FFT,3,750,7.30361011345449,0.446036147980919,4.92255272494289,4.7431798016439,0.886953122962326,0.166998096251249,0.804092487730156,0.1801815384258,valid,1548,6441.94756554307,0.283395755305868,0.716604244694132,0,0.721212215514461,0.000256157053682896,0.0007605,797,0.239059420136257,0.295197228207972,0.814516003483463,0.816136056111688,0,0,1,1,1,314.879999999999,-6.33028402357676,0.92103620474407,0.278787784485539,0.763326604123223,0,0,1.47577969501504e-15,8.88178419700125e-15,0,0,0,0,0,0,0,1,1,,,2.53646309970352,1,1,1,0,0,0.564294631710362
B_C08_018,focused_scan,C08,negative_id_mid_speed,reasonable_extension_range,"Validated id combined with bounded speed extension",200,10,-4,48,1,801,0.82,1,0.905538513813742,1,pareto_min_switching + pareto_high_Jq_boundary,0,801,0.142335562312116,-0.469633225077258,0.459628160637569,0.60850347830472,1.84136086507725,1.55833164408318,1.09296394858308,1.52153200523258,0.0535739525030376,0.0536715210234131,0.0524281095063556,0.0532245276776021,1,a=valid known-frequency integer-cycle FFT; b=valid known-frequency integer-cycle FFT; c=valid known-frequency integer-cycle FFT,3,750,7.2675258744627,0.445868492868553,4.89641476300642,4.71763477600556,0.799868357681691,0.175733051178319,0.803824339299943,0.163357966266438,valid,1496,6225.55139409072,0.324594257178527,0.675405742821473,0,0.723343529820677,0.000215668039950062,0.0009747,779,0.208248768998056,0.33674078912173,0.816589717852532,0.998791875705295,0,0,1,1,1,347.726789304477,-7.77329283359903,0.829275905118602,0.276656470179322,0.730306991604674,0,0,1.49687284807478e-15,9.56597433645091e-15,0,0,0,0,0,0,0,1,1,,,2.41226187392435,1,1,1,1,1,0.64669163545568
B_C08_019,focused_scan,C08,negative_id_mid_speed,reasonable_extension_range,"Validated id combined with bounded speed extension",200,10,-4,48,1,801,1,0.4,1,0.632455532033676,pareto_high_Jd_boundary,0,801,0.180737571681891,-0.303288397636792,0.576219003340517,0.42622045517455,1.99727683348239,1.22630193924111,1.16112987132504,1.52153200523258,0.0452322957423787,0.0447319680103479,0.0426419707538981,0.0442020781688749,1,a=valid known-frequency integer-cycle FFT; b=valid known-frequency integer-cycle FFT; c=valid known-frequency integer-cycle FFT,3,750,7.35897711351869,0.445082691604308,4.97931632036146,4.80434287679808,0.559010179310894,0.149192641610766,0.783041759642652,0.112266452529835,valid,1558,6483.56221389929,0.283395755305868,0.716604244694132,0,0.715968755207461,0.000204982397003745,0.0007272,774,0.327564391261197,0.168574844308179,0.998699899986157,0.39904155235411,0,0,1,1,1,242.862924300932,-2.96946062864417,0.982209737827715,0.284031244792539,0.61440610853463,0,0,1.53206359797581e-15,8.88178419700125e-15,0,0,0,0,0,0,0,1,1,,,2.34370032123391,1,1,1,1,1,0.564294631710362
B_C08_020,focused_scan,C08,negative_id_mid_speed,reasonable_extension_range,"Validated id combined with bounded speed extension",200,10,-4,48,1,801,1,0.82,1,0.905538513813742,pareto_min_switching + pareto_high_Jd_boundary,0,801,0.176741048645301,-0.467324637803172,0.599010314091825,0.601513909256352,2.00288093643175,1.85658464186573,1.16119890032303,1.52153200523258,0.0634126571250056,0.0614838979678675,0.0598833357968221,0.0615932969632317,1,a=valid known-frequency integer-cycle FFT; b=valid known-frequency integer-cycle FFT; c=valid known-frequency integer-cycle FFT,3,750,7.24638807833709,0.449512661923829,4.89516207060615,4.71758465409651,0.9118682604199,0.173317842144065,0.800504854337173,0.18627948314426,valid,1492,6208.90553474823,0.268414481897628,0.731585518102372,0,0.695355666389789,0.000260886392009988,0.0011034,799,0.36266902541532,0.332506882485147,0.995320540714893,0.817400464069656,0,0,1,1,1,347.726789304477,-6.59262877831152,0.884831460674157,0.304644333610211,0.774691456121867,0,0,1.59990277906608e-15,1.06581410364015e-14,0,0,0,0,0,0,0,1,1,,,2.73101420317314,1,1,1,0,0,0.534332084893882
B_C09_001,focused_scan,C09,low_voltage_nominal_speed,reasonable_extension_range,"0.9 p.u. of source 48 V engineering assumption",100,10,0,43.2,1,1551,0.01,0.01125,0.1,0.106066017177982,pareto_min_current_ripple,0,1551,-0.0066519616332932,-0.00713060458034602,0.0385021436492892,0.0835626034050435,0.198143233785832,0.306502833406094,0.110926205229256,0.96094209764132,0.00494160350866005,0.00498093813810565,0.00505015433930351,0.00499089866202307,1,a=valid known-frequency integer-cycle FFT; b=valid known-frequency integer-cycle FFT; c=valid known-frequency integer-cycle FFT,3,1500,7.0655470101771,0.206254035904234,4.85700510423625,4.77060337521634,0.142636370523076,0.0134369797745862,0.536341369419589,0.0293671444567084,valid,5678,12202.8798624543,0.000644745325596389,0.325596389426177,0.673758865248227,0.821865476597272,0.000133879045776918,0.0007629,1009,0.00149383058306793,0.00109079428956963,0.00996633610494949,0.0112182225346051,0,0,1,1,1,4.07293505963452,11.1104160177421,1,0.178134523402728,0.502528193954334,0,0,3.93122836086612e-16,2.51214793389404e-15,0,0,0,0,0,0,0,1,1,,,0.364972229054583,1,1,1,1,1,1.33333333333333
B_C09_002,focused_scan,C09,low_voltage_nominal_speed,reasonable_extension_range,"0.9 p.u. of source 48 V engineering assumption",100,10,0,43.2,1,1551,0.025,0,0.158113883008419,0,pareto_min_current_ripple,0,1551,-0.000226963067615042,-0.000143369949343828,0.0570074611408215,0.0764406970832004,0.311667143005141,0.206057340487702,0.157056541524027,0.96094209764132,0.00580657393389962,0.0057224196195831,0.00563006297074133,0.00571968550807468,1,a=valid known-frequency integer-cycle FFT; b=valid known-frequency integer-cycle FFT; c=valid known-frequency integer-cycle FFT,3,1500,7.07048669085483,0.206072418195904,4.8599467023657,4.7734897855257,0.11178710500008,0.00489518429424738,0.536323675569361,0.0230017141845743,valid,5672,12189.9849559424,0.000644745325596389,0.327530625402966,0.671824629271438,0.821806342083933,0.000122699806576402,0.0006043,811,0.0032745453131348,3.02652337117003e-15,0.0246909000777282,1.39550628661439e-14,0,0.000644745325596389,1,0.999355254674404,0.999355254674404,0,12.367976968331,1,0.178193657916067,0.502528193954334,0,0,3.91808491044605e-16,2.39149358411273e-15,0,0,0,0,0,0,0,1,1,,,0.37362552856818,1,1,1,1,1,1.32946486137975
B_C09_003,focused_scan,C09,low_voltage_nominal_speed,reasonable_extension_range,"0.9 p.u. of source 48 V engineering assumption",100,10,0,43.2,1,1551,0.025,0.01125,0.158113883008419,0.106066017177982,pareto_min_current_ripple,0,1551,-0.0181525809602751,-0.0108991706984408,0.07460729126437,0.0843860604450241,0.316199062348393,0.30086174906584,0.158201081853125,0.96094209764132,0.00792568087615674,0.00795322758147728,0.0078323033989342,0.00790373728552274,1,a=valid known-frequency integer-cycle FFT; b=valid known-frequency integer-cycle FFT; c=valid known-frequency integer-cycle FFT,3,1500,7.062569016853,0.206108592999891,4.85599583323921,4.76956725291668,0.135516526641996,0.0117218878606348,0.536389830849703,0.0279070516729828,valid,5480,11777.3479475607,0.000644745325596389,0.449387491940683,0.54996776273372,0.822152041914617,0.00015277279174726,0.0007812,1157,0.00561508783834464,0.0010867849089371,0.0249864537138561,0.0112393542354245,0,0,1,1,1,6.43987577519938,11.0958128083159,1,0.177847958085383,0.502528193954334,0,0,4.46136188286641e-16,2.22044604925031e-15,0,0,0,0,0,0,0,1,1,,,0.436462643396843,1,1,1,1,1,1.08575112830432
B_C09_004,focused_scan,C09,low_voltage_nominal_speed,reasonable_extension_range,"0.9 p.u. of source 48 V engineering assumption",100,10,0,43.2,1,1551,0.1,0.1,0.316227766016838,0.316227766016838,default_neighborhood,0,1551,0.0292868810583095,-0.110372561805409,0.172243600606811,0.182963909034211,0.635018126953695,0.750628148854737,0.325489565756096,0.96094209764132,0.0202655320034827,0.0210375074468395,0.021252203522265,0.0208517476575291,1,a=valid known-frequency integer-cycle FFT; b=valid known-frequency integer-cycle FFT; c=valid known-frequency integer-cycle FFT,3,1500,6.98640468736364,0.207345111078344,4.80423523255894,4.71813102692968,0.363730424111019,0.0533616105411288,0.538309756194593,0.0757103693936486,valid,4366,9383.19363851279,0.000644745325596389,0.99290780141844,0.00644745325596389,0.820841535318011,0.000144289232753062,0.0009258,1550,0.0294466713424081,0.0251079705531241,0.0984766902066946,0.0989936362550235,0,0,1,1,1,38.3999999999997,8.53538443119877,1,0.179158464681989,0.502528193954334,0,0,8.80433351376914e-16,3.76822190084106e-15,0,0,0,0,0,0,0,1,1,,,0.983204271457803,1,1,1,0,0,0.404900064474533
B_C09_005,focused_scan,C09,low_voltage_nominal_speed,reasonable_extension_range,"0.9 p.u. of source 48 V engineering assumption",100,10,0,43.2,1,1551,0.1,0.16,0.316227766016838,0.4,default_neighborhood,0,1551,0.0482937983571951,-0.190458375700727,0.185044964977415,0.27171856624166,0.640933210398249,0.89845064705502,0.322602416281844,0.96094209764132,0.0229342130581382,0.0229134476341991,0.0227402497624121,0.0228626368182498,1,a=valid known-frequency integer-cycle FFT; b=valid known-frequency integer-cycle FFT; c=valid known-frequency integer-cycle FFT,3,1500,6.93607716053578,0.206576575790652,4.7640046325916,4.67825196778244,0.406792078187576,0.0809701372530137,0.540042530781642,0.0853886823292785,valid,3650,7844.40146142274,0.168278529980658,0.792392005157963,0.0393294648613798,0.819858217086019,0.000125877304964539,0.0005937,1403,0.0338176107128339,0.0642749590956618,0.0997298991784025,0.159835174938112,0,0,1,1,1,48.5725848601866,7.53061366188681,1,0.180141782913981,0.502528193954334,0,0,8.48193018066311e-16,5.32907051820075e-15,0,0,0,0,0,0,0,1,1,,,1.10363442560704,1,1,1,1,1,0.0683430045132175
B_C09_006,focused_scan,C09,low_voltage_nominal_speed,reasonable_extension_range,"0.9 p.u. of source 48 V engineering assumption",100,10,0,43.2,1,1551,0.1,0.4,0.316227766016838,0.632455532033676,default_neighborhood,0,1551,0.013460757698175,-0.369967414949169,0.172751302299834,0.439948653097999,0.64446823612761,0.907379687134261,0.326604932280165,1.02588442365336,0.0272590480284772,0.0283041102545743,0.0275456461341778,0.0277029348057431,1,a=valid known-frequency integer-cycle FFT; b=valid known-frequency integer-cycle FFT; c=valid known-frequency integer-cycle FFT,3,1500,6.8061493278518,0.209333051403321,4.67921959000352,4.59338047774382,0.441661220924401,0.0984481905175003,0.54317193401628,0.0943877953212426,valid,3588,7711.15409413282,0.166344294003868,0.820760799484204,0.0128949065119278,0.821015044873779,0.000134618568665377,0.0006017,1476,0.02966301976112,0.179042757550443,0.0998059418926799,0.399718530747447,0,0,1,1,1,76.7999999999995,3.10309722941206,1,0.178984955126221,0.559257059796268,0,0,8.67794378938854e-16,5.02429586778808e-15,0,0,0,0,0,0,0,1,1,,,1.11295876114136,1,1,1,1,1,0.0722114764667965
B_C09_007,focused_scan,C09,low_voltage_nominal_speed,reasonable_extension_range,"0.9 p.u. of source 48 V engineering assumption",100,10,0,43.2,1,1551,0.16,0.1,0.4,0.316227766016838,default_neighborhood,0,1551,0.0441101111301553,-0.072919844830928,0.202322678206127,0.153690076031312,0.804532200353285,0.617387837532378,0.403450754461224,0.96094209764132,0.022516730323325,0.0223626918408736,0.0227455553757087,0.0225416591799691,1,a=valid known-frequency integer-cycle FFT; b=valid known-frequency integer-cycle FFT; c=valid known-frequency integer-cycle FFT,3,1500,7.01693610170887,0.206748855135101,4.82134685104053,4.7352385221277,0.281730384664793,0.0467088098713942,0.537498784716418,0.0584339590925699,valid,4378,9408.98345153664,0.000644745325596389,0.996131528046422,0.00322372662798195,0.821111852548361,0.00016957607994842,0.0013275,1551,0.0406564391531191,0.0162644116021799,0.159795602504929,0.0999234326456367,0,0,1,1,1,48.5725848601866,8.51433363552612,1,0.178888147451639,0.502528193954334,0,0,9.22350507574716e-16,3.97205464519564e-15,0,0,0,0,0,0,0,1,1,,,1.01412021148294,1,1,1,0,0,0.411347517730497
B_C09_008,focused_scan,C09,low_voltage_nominal_speed,reasonable_extension_range,"0.9 p.u. of source 48 V engineering assumption",100,10,0,43.2,1,1551,0.16,0.4,0.4,0.632455532033676,default_neighborhood,0,1551,-0.00429692932824955,-0.351775010270721,0.217392614674836,0.418890789402923,0.79599034741229,1.26537567868735,0.398826788184834,1.03014397960329,0.0289377149139001,0.0287226849700928,0.028961730474669,0.0288740434528873,1,a=valid known-frequency integer-cycle FFT; b=valid known-frequency integer-cycle FFT; c=valid known-frequency integer-cycle FFT,3,1500,6.81531591629183,0.209574078361854,4.68925293304486,4.60328766843553,0.594623640558869,0.0909562734945779,0.542639068644716,0.12680562320889,valid,3400,7307.11369009241,0.192134107027724,0.806576402321083,0.00128949065119278,0.819206813937886,0.000134617343649259,0.0009523,1467,0.0465723989290782,0.1607019868624,0.158571216146957,0.397991791660889,0,0,1,1,1,97.1451697203732,2.61276278501705,1,0.180793186062114,0.565975536541287,0,0,8.92319963786555e-16,5.61733354972272e-15,0,0,0,0,0,0,0,1,1,,,1.49491680082438,1,1,1,0,0,0.0322372662798194
B_C09_009,focused_scan,C09,low_voltage_nominal_speed,reasonable_extension_range,"0.9 p.u. of source 48 V engineering assumption",100,10,0,43.2,1,1551,0.26,0.1,0.509901951359279,0.316227766016838,default_neighborhood,0,1551,0.0382604623578676,-0.0641330049259595,0.270189140424428,0.149707044845562,1.01647922428829,0.624368180497072,0.511805146053789,0.96094209764132,0.0261083929741787,0.0263217486878607,0.0274388945363085,0.026623012066116,1,a=valid known-frequency integer-cycle FFT; b=valid known-frequency integer-cycle FFT; c=valid known-frequency integer-cycle FFT,3,1500,7.01826167121374,0.209787669630255,4.82603102139997,4.73963936938578,0.300982966206625,0.0481855550110911,0.538454793191403,0.062366562683079,valid,4346,9340.21061680636,0.000644745325596389,0.998065764023211,0.00128949065119278,0.820865811751345,0.000139130625402966,0.0009754,1551,0.0724836973347604,0.0151148452427839,0.259793729748306,0.099507227825711,0,0,1,1,1,61.9181395069327,8.48671680579522,1,0.179134188248655,0.502528193954334,0,0,9.22048886808697e-16,4.44089209850063e-15,0,0,0,0,0,0,0,1,1,,,1.19292314849991,1,1,1,0,0,0.415215989684075
B_C09_010,focused_scan,C09,low_voltage_nominal_speed,reasonable_extension_range,"0.9 p.u. of source 48 V engineering assumption",100,10,0,43.2,1,1551,0.26,0.16,0.509901951359279,0.4,default_neighborhood,0,1551,0.0431566943277448,-0.196200802679767,0.274971813891286,0.270828823942095,1.01522411469918,0.661131442217494,0.508621130762668,0.96094209764132,0.0322717758187102,0.0327847380458263,0.0324671001767533,0.0325078713470966,1,a=valid known-frequency integer-cycle FFT; b=valid known-frequency integer-cycle FFT; c=valid known-frequency integer-cycle FFT,3,1500,6.92522480018018,0.209320336142799,4.76161729067433,4.67687117336938,0.319320299487713,0.0844299218701816,0.535451695525371,0.0670613113139321,valid,2980,6404.47023425747,0.315925209542231,0.683430045132173,0.000644745325596389,0.820557491237763,0.000137041521598968,0.0007324,1415,0.0753661544443123,0.0663821166216673,0.259053724820464,0.159333731774407,0,0,1,1,1,78.3209397287857,7.48194603648326,1,0.179442508762236,0.502528193954334,0,0,8.91199145787361e-16,5.32907051820075e-15,0,0,0,0,0,0,0,1,1,,,1.21151755536406,1,1,1,1,1,0.226950354609929
B_C09_011,focused_scan,C09,low_voltage_nominal_speed,reasonable_extension_range,"0.9 p.u. of source 48 V engineering assumption",100,10,0,43.2,1,1551,0.26,0.4,0.509901951359279,0.632455532033676,default_neighborhood,0,1551,0.0739984930726351,-0.324300193247804,0.288336666576482,0.41086026272425,1.02009441942396,1.32011059583866,0.513870420702043,1.02310926086687,0.0334647092613151,0.0332701398406879,0.0335386801561022,0.0334245097527017,1,a=valid known-frequency integer-cycle FFT; b=valid known-frequency integer-cycle FFT; c=valid known-frequency integer-cycle FFT,3,1500,6.83853226814682,0.211717279395026,4.69719213646625,4.61089495703894,0.573929711986041,0.107435808237073,0.545554491832335,0.122185700587035,valid,2928,6292.71437782076,0.277240490006447,0.722114764667956,0.000644745325596389,0.812787785569004,0.000168902192134107,0.0008682,1478,0.0827382731788781,0.15462776362308,0.259442521998884,0.399663586719177,0,0,1,1,1,123.836279013865,2.04898910852055,1,0.187212214430996,0.568358335609447,0,0,9.26753023637502e-16,5.61733354972272e-15,0,0,0,0,0,0,0,1,1,,,1.66831789829918,1,1,1,0,0,0.149580915538362
B_C09_012,focused_scan,C09,low_voltage_nominal_speed,reasonable_extension_range,"0.9 p.u. of source 48 V engineering assumption",100,10,0,43.2,1,1551,0.82,0.4,0.905538513813742,0.632455532033676,pareto_min_switching + pareto_high_Jd_boundary,0,1551,0.166751632805454,-0.247817358077021,0.442182982588951,0.345557013836817,1.77991195037705,1.25867844778067,0.904732694071867,1.00508066848274,0.0458906899529444,0.046699785053102,0.0474587475134024,0.0466830741731496,1,a=valid known-frequency integer-cycle FFT; b=valid known-frequency integer-cycle FFT; c=valid known-frequency integer-cycle FFT,3,1500,6.88944399526994,0.209519226776931,4.72779863093823,4.6412324239928,0.587555760700242,0.10265347710514,0.545039799096561,0.124276816033436,valid,2564,5510.42338276381,0.39651837524178,0.603481624758221,0,0.815973957041051,0.000136263313990974,0.0008454,1348,0.19344132472233,0.105259768352981,0.81820239764554,0.392111068330019,0,0,1,1,1,219.921731531926,-0.985498085238678,0.999838813668601,0.184026042958949,0.561656486499664,0,0,9.47117243504065e-16,6.46603649670442e-15,0,0,0,0,0,0,0,1,1,,,2.17999036374076,1,1,1,0,0,0.388136686009026
B_C09_013,focused_scan,C09,low_voltage_nominal_speed,reasonable_extension_range,"0.9 p.u. of source 48 V engineering assumption",100,10,0,43.2,1,1551,0.82,0.64,0.905538513813742,0.8,pareto_min_switching + pareto_high_Jd_boundary,0,1551,0.153728607808623,-0.413312743119991,0.450284975430727,0.513020864752992,1.8094470142018,1.37676722290309,0.909031719569086,1.1780783284831,0.0474358648659681,0.0480375668399308,0.0473419715166044,0.0476051344075011,1,a=valid known-frequency integer-cycle FFT; b=valid known-frequency integer-cycle FFT; c=valid known-frequency integer-cycle FFT,3,1500,6.77604587447634,0.213215655170811,4.64854186804453,4.56339779406694,0.660879719785629,0.140305442753736,0.547701693238438,0.142169251895678,valid,2124,4564.79690522244,0.488072211476467,0.511927788523533,0,0.81223476784815,0.000261239071566731,0.0011085,1462,0.203307741283616,0.250809494338087,0.8199692508405,0.637441434036147,0,0,1,1,1,278.18143144358,-3.21269048465754,0.966634429400387,0.187765232151851,0.677302016005846,0,0,9.58353027072819e-16,6.93689521461019e-15,0,0,0,0,0,0,0,1,1,,,2.27367246613581,1,1,1,0,0,0.571244358478401
B_C09_014,focused_scan,C09,low_voltage_nominal_speed,reasonable_extension_range,"0.9 p.u. of source 48 V engineering assumption",100,10,0,43.2,1,1551,0.82,0.82,0.905538513813742,0.905538513813742,pareto_min_switching + pareto_high_Jd_boundary + pareto_high_Jq_boundary,0,1551,0.160353789530073,-0.470892686657134,0.461524688639283,0.569897319882162,1.83585454047253,1.29487010754137,0.919976207778069,1.29133229505021,0.0452168429399588,0.0480321301392484,0.048593848133951,0.0472809404043861,1,a=valid known-frequency integer-cycle FFT; b=valid known-frequency integer-cycle FFT; c=valid known-frequency integer-cycle FFT,3,1500,6.72247274435335,0.210595925243493,4.62010194592473,4.53525145665538,0.623456608051545,0.145776147200333,0.549023185612136,0.13494434004892,valid,2104,4521.81388351601,0.480980012894906,0.519019987105093,0,0.810576850071164,0.000163657382333978,0.0008738,1475,0.21252383466401,0.310687971997046,0.819600284716277,0.81968847967653,0,0,1,1,1,314.880000000002,-5.49068506424762,0.91247582205029,0.189423149928837,0.618062763804435,0,0,9.49032808037287e-16,6.46603649670442e-15,0,0,0,0,0,0,0,1,1,,,2.24656415202811,1,1,1,0,0,0.55705996131528
B_C09_015,focused_scan,C09,low_voltage_nominal_speed,reasonable_extension_range,"0.9 p.u. of source 48 V engineering assumption",100,10,0,43.2,1,1551,0.82,1,0.905538513813742,1,pareto_high_Jq_boundary,0,1551,0.151432246976725,-0.485242366765232,0.432979476454631,0.586421070007179,1.77751903505979,1.41987276317445,0.888910995514126,1.39004882813828,0.0536034412505037,0.0533180216428465,0.051602063378813,0.0528411754240544,1,a=valid known-frequency integer-cycle FFT; b=valid known-frequency integer-cycle FFT; c=valid known-frequency integer-cycle FFT,3,1500,6.71847838013022,0.209678208251229,4.6138306669406,4.52863838690478,0.679848554635632,0.150635385960264,0.553669198991697,0.147350131314298,valid,1982,4259.61745110681,0.540296582849774,0.459703417150226,0,0.822531556236834,0.000141032301740812,0.0009516,1332,0.187492298333677,0.32790694873852,0.801937441889741,0.989718423148555,0,0,1,1,1,347.726789304477,-6.94184769338223,0.850741457124436,0.177468443763166,0.636092675967918,0,0,8.78102467013692e-16,6.40474566797875e-15,0,0,0,0,0,0,0,1,1,,,2.27499727112024,1,1,1,1,1,0.675693101225015
B_C09_016,focused_scan,C09,low_voltage_nominal_speed,reasonable_extension_range,"0.9 p.u. of source 48 V engineering assumption",100,10,0,43.2,1,1551,1,0.4,1,0.632455532033676,pareto_min_switching + pareto_high_Jd_boundary,0,1551,0.19913379602889,-0.241583889073222,0.492016555972214,0.334969413371368,1.95439046900582,0.762933897506015,0.985098331284911,1.00324705009228,0.0485507024379392,0.0505923354064536,0.0511719434779473,0.0501049937741134,1,a=valid known-frequency integer-cycle FFT; b=valid known-frequency integer-cycle FFT; c=valid known-frequency integer-cycle FFT,3,1500,6.88953383109289,0.212229719005592,4.72858590384404,4.64237245427698,0.402341412473731,0.101631720015149,0.54294988061178,0.0850870473023771,valid,2564,5510.42338276381,0.4107027724049,0.5892972275951,0,0.820510143254626,0.000195157962604771,0.0011444,1537,0.245905021420524,0.0987572052001048,0.992000585217351,0.398574888975306,0,0,1,1,1,242.862924300933,-1.40105504316604,0.999677627337202,0.179489856745374,0.544241038534282,0,0,9.14279642810509e-16,5.68711676634668e-15,0,0,0,0,0,0,0,1,1,,,2.0980253185566,1,1,1,0,1,0.416505480335267
B_C09_017,focused_scan,C09,low_voltage_nominal_speed,reasonable_extension_range,"0.9 p.u. of source 48 V engineering assumption",100,10,0,43.2,1,1551,1,0.82,1,0.905538513813742,pareto_min_switching + pareto_high_Jd_boundary + pareto_high_Jq_boundary,0,1551,0.182033156965062,-0.45473342336308,0.491766134177017,0.551303809713891,1.97254930683201,0.977541505767546,0.993720793450942,1.22773445045569,0.052461918515158,0.0507246056869722,0.0520698857014728,0.0517521366345344,1,a=valid known-frequency integer-cycle FFT; b=valid known-frequency integer-cycle FFT; c=valid known-frequency integer-cycle FFT,3,1500,6.7494460623087,0.21182217047003,4.62647588205591,4.54238027502441,0.545745843650568,0.144708917360726,0.546137901243261,0.117961458691977,valid,1998,4294.00386847195,0.52675693101225,0.47324306898775,0,0.817261267187172,0.000139962927143778,0.0006993,1299,0.243781927015877,0.291903066995024,0.999856430089279,0.819983653972147,0,0,1,1,1,347.726789304477,-5.45972514351903,0.90892972275951,0.182738732812828,0.577264862333652,0,0,9.12180418578506e-16,7.94410929039127e-15,0,0,0,0,0,0,0,1,1,,,2.20148544473538,1,1,1,1,1,0.648613797549967
B_C10_001,focused_scan,C10,low_voltage_mid_speed,reasonable_extension_range,"0.9 p.u. Vdc and bounded speed extension",200,10,0,43.2,1,801,0.01,0.01125,0.1,0.106066017177982,pareto_min_current_ripple,0,801,-0.00493054849775287,-0.00388899576657205,0.0295118427248178,0.119488365852506,0.198263621856926,0.360473796509812,0.0996994710578513,1.52153200523258,0.00396156077988852,0.00392100605210294,0.00361751042394445,0.00383335908531197,1,a=valid known-frequency integer-cycle FFT; b=valid known-frequency integer-cycle FFT; c=valid known-frequency integer-cycle FFT,3,750,7.06702084561969,0.434157324827925,4.8584599537738,4.6905248469682,0.16437135251975,0.0108681632226609,0.740858024405513,0.0338319866961289,valid,3032,12617.5613816063,0.00124843945068664,0.204744069912609,0.794007490636704,0.678641277105286,0.000123288514357054,0.0004797,415,0.000854587170997055,0.00061581067728929,0.00975232646315573,0.0105858935629717,0,0,1,1,1,4.0729350596345,0.975373552042406,1,0.321358722894714,0.907949253346742,0,0,5.76459473779906e-16,4.44089209850063e-15,0,0,0,0,0,0,0,1,1,,,0.411399831942143,1,1,1,0,0,1.33832709113608
B_C10_002,focused_scan,C10,low_voltage_mid_speed,reasonable_extension_range,"0.9 p.u. Vdc and bounded speed extension",200,10,0,43.2,1,801,0.025,0,0.158113883008419,0,pareto_min_current_ripple,0,801,-0.00759533617478819,-0.000291940613403019,0.0512686315700298,0.116166347889581,0.312152264074643,0.208285749986763,0.15802617976848,1.52153200523258,0.00517002172024622,0.00543179026220049,0.00474074158966923,0.00511418452403865,1,a=valid known-frequency integer-cycle FFT; b=valid known-frequency integer-cycle FFT; c=valid known-frequency integer-cycle FFT,3,750,7.06915358025418,0.434141944155734,4.86040498691261,4.69245736938324,0.107396306435878,0.00524833162929502,0.741050622968959,0.0220961641519707,valid,3022,12575.9467332501,0.00124843945068664,0.214731585518102,0.784019975031211,0.678751347679056,0.000123818601747815,0.0006282,388,0.00274559505153415,1.63734966585205e-12,0.0248441502335712,5.27582520651401e-12,0,0.589263420724095,1,0.410736579275905,0.410736579275905,0,2.21646218625339,1,0.321248652320944,0.907949253346742,0,0,5.66644885970832e-16,3.76822190084106e-15,0,0,0,0,0,0,0,1,1,,,0.375262560901663,1,1,1,1,1,1.31835205992509
B_C10_003,focused_scan,C10,low_voltage_mid_speed,reasonable_extension_range,"0.9 p.u. Vdc and bounded speed extension",200,10,0,43.2,1,801,0.025,0.01125,0.158113883008419,0.106066017177982,pareto_min_current_ripple,0,801,-0.00437596259800034,-0.00489505051512939,0.0557585795278869,0.121191893761311,0.313669385539379,0.404535345410652,0.158326739277954,1.52153200523258,0.00642078996158992,0.00599229732770776,0.00601877521574377,0.00614395416834715,1,a=valid known-frequency integer-cycle FFT; b=valid known-frequency integer-cycle FFT; c=valid known-frequency integer-cycle FFT,3,750,7.06586233395632,0.433923115278796,4.85792588738544,4.68992552331309,0.175583178657605,0.0109683759077587,0.741161361615287,0.0361436511646958,valid,2988,12434.456928839,0.00124843945068664,0.255930087390762,0.742821473158552,0.678391087074272,0.000140631960049938,0.0007228,479,0.00306989257093569,0.000760170034786529,0.0246385308196219,0.0104503310702948,0,0,1,1,1,6.43987577519941,0.94618154479469,1,0.321608912925728,0.907949253346742,0,0,6.0911951376981e-16,3.76822190084106e-15,0,0,0,0,0,0,0,1,1,,,0.511895818610747,1,1,1,0,1,1.23595505617977
B_C10_004,focused_scan,C10,low_voltage_mid_speed,reasonable_extension_range,"0.9 p.u. Vdc and bounded speed extension",200,10,0,43.2,1,801,0.1,0.1,0.316227766016838,0.316227766016838,default_neighborhood,0,801,-0.0452072849435298,-0.0726508363259461,0.161488794896196,0.192822991044476,0.641715596250973,0.613807793479465,0.322287678060117,1.52153200523258,0.0211469537913418,0.0187182296276747,0.0197881065991902,0.0198844300060689,1,a=valid known-frequency integer-cycle FFT; b=valid known-frequency integer-cycle FFT; c=valid known-frequency integer-cycle FFT,3,750,7.01586236530421,0.43464740355678,4.82780339218752,4.6603027692032,0.252285925484795,0.0528899043009404,0.741150830952023,0.0522568764695453,valid,2664,11086.1423220974,0.00124843945068664,0.660424469413233,0.33832709113608,0.679420668540755,0.000130797752808989,0.0005514,656,0.0264527456773632,0.0215404811436003,0.0987822605542573,0.0987142039933901,0,0,1,1,1,38.3999999999999,-1.65020738968936,0.999375780274657,0.320579331459244,0.907949253346742,0,0,1.07079410936461e-15,5.02429586778808e-15,0,0,0,0,0,0,0,1,1,,,0.888008397374637,1,1,1,0,0,0.426966292134832
B_C10_005,focused_scan,C10,low_voltage_mid_speed,reasonable_extension_range,"0.9 p.u. Vdc and bounded speed extension",200,10,0,43.2,1,801,0.1,0.16,0.316227766016838,0.4,default_neighborhood,0,801,-0.0475833673723879,-0.143052559509749,0.17827293674441,0.258966791994912,0.649527246002123,0.819795730040815,0.353080419027405,1.52153200523258,0.0210728495566327,0.0194774110768371,0.0209117397052309,0.0204873334462336,1,a=valid known-frequency integer-cycle FFT; b=valid known-frequency integer-cycle FFT; c=valid known-frequency integer-cycle FFT,3,750,6.96511028600308,0.434690983483709,4.7937037953918,4.62699662252164,0.371599682351063,0.07498154498196,0.739873624402857,0.0775182819406328,valid,2550,10611.7353308365,0.00124843945068664,0.806491885143571,0.192259675405743,0.680839116558504,0.000126202122347066,0.0006617,702,0.032053625760114,0.0496118923352902,0.0998725016528981,0.159440029787701,0,0,1,1,1,48.5725848601863,-2.65349053307348,0.999375780274657,0.319160883441497,0.907949253346742,0,0,1.23030052013446e-15,5.61733354972272e-15,0,0,0,0,0,0,0,1,1,,,1.04592097325384,1,1,1,0,0,0.134831460674157
B_C10_006,focused_scan,C10,low_voltage_mid_speed,reasonable_extension_range,"0.9 p.u. Vdc and bounded speed extension",200,10,0,43.2,1,801,0.1,0.4,0.316227766016838,0.632455532033676,default_neighborhood,0,801,-0.037743752595564,-0.274492138387914,0.146561529624629,0.407897081431994,0.661546616803509,1.22714301789983,0.335725943441841,1.52153200523258,0.0293964759267435,0.0297978141061145,0.031183358503601,0.0301258828454863,1,a=valid known-frequency integer-cycle FFT; b=valid known-frequency integer-cycle FFT; c=valid known-frequency integer-cycle FFT,3,750,6.86784374418886,0.436544513928885,4.72910418230068,4.56272895252581,0.59291778697438,0.122522991085827,0.742783855283616,0.125376342774062,valid,2454,10212.2347066167,0.00124843945068664,0.772784019975031,0.225967540574282,0.676066777355273,0.000128665168539326,0.0005536,690,0.0203237052736855,0.143628485203855,0.0992856559900233,0.399793031466517,0,0,1,1,1,76.7999999999997,-5.43745254276095,0.998439450686642,0.323933222644727,0.907949253346742,0,0,1.15802650907292e-15,6.46603649670442e-15,0,0,0,0,0,0,0,1,1,,,1.3941032646775,1,1,1,0,0,0.202247191011236
B_C10_007,focused_scan,C10,low_voltage_mid_speed,reasonable_extension_range,"0.9 p.u. Vdc and bounded speed extension",200,10,0,43.2,1,801,0.16,0.1,0.4,0.316227766016838,default_neighborhood,0,801,-0.0344544669418803,-0.0960223015252079,0.240513547761796,0.20432287532902,0.803879277156284,0.620541194137495,0.405488526240402,1.52153200523258,0.0265590128828497,0.0271214273539356,0.0258990577391912,0.0265264993253255,1,a=valid known-frequency integer-cycle FFT; b=valid known-frequency integer-cycle FFT; c=valid known-frequency integer-cycle FFT,3,750,6.99971714818826,0.433929310866588,4.81567159219499,4.64888184005335,0.299097282284691,0.0561243583633577,0.738244983618139,0.062109152702492,valid,2488,10353.7245110279,0.00124843945068664,0.873907615480649,0.124843945068664,0.679910520978001,0.000197270661672909,0.0008773,784,0.0591317307806378,0.026146782866174,0.159001962259831,0.0977238386524939,0,0,1,1,1,48.5725848601863,-1.69228820644084,0.999375780274657,0.320089479021999,0.907949253346742,0,0,1.38560814515706e-15,5.68711676634668e-15,0,0,0,0,0,0,0,1,1,,,1.01552610299435,1,1,1,1,1,0
B_C10_008,focused_scan,C10,low_voltage_mid_speed,reasonable_extension_range,"0.9 p.u. Vdc and bounded speed extension",200,10,0,43.2,1,801,0.16,0.4,0.4,0.632455532033676,default_neighborhood,0,801,-0.00692114148589581,-0.334093779398895,0.254985221326295,0.447479354916014,0.808656329927964,1.17455063443571,0.429948719758602,1.52153200523258,0.0374009912056685,0.0372672328438995,0.0349111367889395,0.0365264536128358,1,a=valid known-frequency integer-cycle FFT; b=valid known-frequency integer-cycle FFT; c=valid known-frequency integer-cycle FFT,3,750,6.8220695561934,0.436484958337895,4.69798703202491,4.5318566194092,0.565768863605117,0.117992672358858,0.74080299262728,0.120427932165079,valid,2322,9662.92134831461,0.0399500624219725,0.858926342072409,0.101123595505618,0.679955932791029,0.000153917228464419,0.0005607,777,0.0649521574883577,0.174489499236586,0.15964665169096,0.399798003129192,0,0,1,1,1,97.1451697203726,-5.47953335951243,0.998439450686642,0.320044067208971,0.907949253346742,0,0,1.3999383347342e-15,5.68711676634668e-15,0,0,0,0,0,0,0,1,1,,,1.42600639998069,1,1,1,0,0,0.0774032459425718
B_C10_009,focused_scan,C10,low_voltage_mid_speed,reasonable_extension_range,"0.9 p.u. Vdc and bounded speed extension",200,10,0,43.2,1,801,0.26,0.1,0.509901951359279,0.316227766016838,default_neighborhood,0,801,-0.0103299043179192,-0.0862561220729759,0.309464347125258,0.197044904467815,1.00955444268783,0.56915852536283,0.532735316239254,1.52153200523258,0.0320606894311288,0.0295671249222321,0.0328002228680238,0.0314760124071282,1,a=valid known-frequency integer-cycle FFT; b=valid known-frequency integer-cycle FFT; c=valid known-frequency integer-cycle FFT,3,750,7.00142033763367,0.434815076808361,4.81870882454358,4.6508676321285,0.27461337156045,0.0512106385224647,0.741089101715312,0.0569889946787689,valid,2328,9687.89013732834,0.00124843945068664,0.987515605493134,0.0112359550561798,0.679977045383993,0.000175498127340824,0.0007081,801,0.0958990691393086,0.0210415649138865,0.259227184255031,0.0993568894607439,0,0,1,1,1,61.918139506933,-1.74749461142591,0.999375780274657,0.320022954616007,0.907949253346742,0,0,1.53534565616564e-15,6.40474566797875e-15,0,0,0,0,0,0,0,1,1,,,1.15893986027918,1,1,1,1,1,0.227215980024969
B_C10_010,focused_scan,C10,low_voltage_mid_speed,reasonable_extension_range,"0.9 p.u. Vdc and bounded speed extension",200,10,0,43.2,1,801,0.26,0.16,0.509901951359279,0.4,default_neighborhood,0,801,0.00587356787758325,-0.126144224905848,0.296506937628735,0.237396846607653,1.01968829938593,0.764362067520713,0.517162206781543,1.52153200523258,0.0294582909213445,0.0293404010387107,0.0322510254659227,0.0303499058086593,1,a=valid known-frequency integer-cycle FFT; b=valid known-frequency integer-cycle FFT; c=valid known-frequency integer-cycle FFT,3,750,6.97326641581519,0.433144194058767,4.7982110277927,4.63083064840091,0.367797966472386,0.0697184111136883,0.740872581170243,0.0766531451705621,valid,2300,9571.36912193092,0.00124843945068664,0.98501872659176,0.0137328339575531,0.678544075290015,0.000162298252184769,0.0006773,801,0.0880620649618016,0.0375799497435558,0.254993050809019,0.158710138390805,0,0,1,1,1,78.320939728785,-2.75077775481003,0.999375780274657,0.321455924709985,0.907949253346742,0,0,1.57563519783791e-15,5.68711676634668e-15,0,0,0,0,0,0,0,1,1,,,1.27436792103737,1,1,1,1,1,0.222222222222222
B_C10_011,focused_scan,C10,low_voltage_mid_speed,reasonable_extension_range,"0.9 p.u. Vdc and bounded speed extension",200,10,0,43.2,1,801,0.26,0.4,0.509901951359279,0.632455532033676,default_neighborhood,0,801,0.049941621525265,-0.264376926578403,0.294543035878607,0.393547383171515,1.03133805705872,1.27238310532509,0.527191477598342,1.52153200523258,0.0374742890710968,0.0385079251457217,0.0391341922099557,0.0383721354755914,1,a=valid known-frequency integer-cycle FFT; b=valid known-frequency integer-cycle FFT; c=valid known-frequency integer-cycle FFT,3,750,6.87509780748585,0.435612393313382,4.72792948087509,4.56047080268868,0.552765367820613,0.115803260467204,0.743439054510236,0.116914892672702,valid,2228,9271.74365376613,0.00873907615480649,0.976279650436954,0.0149812734082397,0.676823697244928,0.000138649937578027,0.0007478,799,0.0854905844283632,0.12742405451016,0.255384723147345,0.394832401353727,0,0,1,1,1,123.836279013866,-5.5347397644975,0.996878901373283,0.323176302755072,0.907949253346742,0,0,1.55526449518249e-15,7.94410929039127e-15,0,0,0,0,0,0,0,1,1,,,1.63786963909048,1,1,1,0,1,0.219725343320849
B_C10_012,focused_scan,C10,low_voltage_mid_speed,reasonable_extension_range,"0.9 p.u. Vdc and bounded speed extension",200,10,0,43.2,1,801,0.26,0.82,0.509901951359279,0.905538513813742,pareto_high_Jq_boundary,0,801,0.0700073274549329,-0.488766839560933,0.306893058880298,0.642689671336721,1.05258740447547,1.52145590209579,0.530644752109759,1.52153200523258,0.0465302252110762,0.0490054244961621,0.0461581482320749,0.047231265979771,1,a=valid known-frequency integer-cycle FFT; b=valid known-frequency integer-cycle FFT; c=valid known-frequency integer-cycle FFT,3,750,6.72089665679206,0.441753327808416,4.61752832667039,4.44873037274551,0.731577046074233,0.173202343453117,0.758880856805302,0.158434771661002,valid,1890,7865.16853932584,0.15605493133583,0.811485642946317,0.0324594257178527,0.673517790660248,0.000141219350811486,0.0006865,752,0.0943332502090774,0.369789342040731,0.259682806330008,0.819737597843999,0,0,1,1,1,177.306568406249,-8.80526914324225,0.720661672908864,0.326482209339752,0.907949253346742,0,0,1.55226459149954e-15,9.56597433645091e-15,0,0,0,0,0,0,0,1,1,,,1.85007251373629,1,1,1,1,1,0.309612983770287
B_C10_013,focused_scan,C10,low_voltage_mid_speed,reasonable_extension_range,"0.9 p.u. Vdc and bounded speed extension",200,10,0,43.2,1,801,0.26,1,0.509901951359279,1,pareto_high_Jq_boundary,0,801,0.07133225296685,-0.568593903230894,0.308884704392122,0.719572957895144,1.06027627666875,2.06043272252839,0.560325103677216,1.52153200523258,0.048989404386393,0.0524763922525245,0.0497497088046459,0.0504051684811878,1,a=valid known-frequency integer-cycle FFT; b=valid known-frequency integer-cycle FFT; c=valid known-frequency integer-cycle FFT,3,750,6.66516666291676,0.441182370451517,4.57869217184706,4.41089668482859,0.993570134141534,0.186933157886272,0.758199359613265,0.216998674916538,valid,1848,7690.38701622971,0.16729088639201,0.811485642946317,0.0212234706616729,0.674956131329348,0.000131776903870162,0.0006666,778,0.0940025513181411,0.474644572866424,0.265482208699273,0.994708291573786,0.00124843945068664,0,0.998751560549313,1,0.998751560549313,195.802349321963,-9.93657019949358,0.656991260923845,0.325080426743784,1.02928301657793,0.00124843945068664,1,0.00105287250617437,0.843350877444397,0,0,0,0,0,0,0,1,1,,,2.31723300229655,0,0,0,0,0,0.332084893882647
B_C10_014,focused_scan,C10,low_voltage_mid_speed,reasonable_extension_range,"0.9 p.u. Vdc and bounded speed extension",200,10,0,43.2,1,801,0.36,0.82,0.6,0.905538513813742,pareto_high_Jq_boundary,0,801,0.0370466474759626,-0.465746973825074,0.341610010872737,0.600140901917336,1.21242717826199,1.7547506879123,0.635155195129241,1.52153200523258,0.0362869391080681,0.0359404665044431,0.034511536372778,0.0355796473284297,1,a=valid known-frequency integer-cycle FFT; b=valid known-frequency integer-cycle FFT; c=valid known-frequency integer-cycle FFT,3,750,6.74068392706472,0.442699419490023,4.63095249109978,4.46226648709737,0.838381310423795,0.153653729343027,0.755089111800722,0.181038633420464,valid,1870,7781.9392426134,0.161048689138577,0.826466916354557,0.0124843945068664,0.678030150719842,0.000146321223470662,0.0006134,787,0.114520707646607,0.320531804580889,0.359624556981389,0.819441590185661,0,0,1,1,1,208.636073582686,-8.85052756950408,0.758426966292135,0.321969849280158,0.977264289992611,0,0,1.60121548611273e-15,7.94410929039127e-15,0,0,0,0,0,0,0,1,1,,,2.13286887532193,1,1,1,0,0,0.31960049937578
B_C10_015,focused_scan,C10,low_voltage_mid_speed,reasonable_extension_range,"0.9 p.u. Vdc and bounded speed extension",200,10,0,43.2,1,801,0.5,0.82,0.707106781186548,0.905538513813742,pareto_high_Jq_boundary,0,801,0.0373614869316764,-0.447309495226072,0.378907953740523,0.581714386539703,1.40422503291926,1.53026032668951,0.713681174154222,1.52153200523258,0.047480801853708,0.0460763819370262,0.0480490225461077,0.0472020687789473,1,a=valid known-frequency integer-cycle FFT; b=valid known-frequency integer-cycle FFT; c=valid known-frequency integer-cycle FFT,3,750,6.74124668367134,0.439047660802239,4.63989965330539,4.47225136363408,0.71755392315507,0.153674032411494,0.752279562089201,0.154648586558094,valid,1710,7116.10486891386,0.247191011235955,0.750312109862672,0.00249687890137328,0.679366180494604,0.00013884456928839,0.0007874,730,0.141527026310602,0.301797412840926,0.488666878286856,0.818915673006044,0,0,1,1,1,245.879970717421,-8.90432989299061,0.764669163545568,0.320633819505396,0.907949253346742,0,0,1.6080979477263e-15,8.88178419700125e-15,0,0,0,0,0,0,0,1,1,,,2.07690746315694,1,1,1,1,1,0.491885143570536
B_C10_016,focused_scan,C10,low_voltage_mid_speed,reasonable_extension_range,"0.9 p.u. Vdc and bounded speed extension",200,10,0,43.2,1,801,0.5,1,0.707106781186548,1,pareto_high_Jq_boundary,0,801,0.0297759488761875,-0.511039822834153,0.370351462049667,0.641862935214487,1.43386524321974,1.87531085803354,0.741956985183745,1.52153200523258,0.0489797347591604,0.0491200766948324,0.050185702179123,0.0494285045443719,1,a=valid known-frequency integer-cycle FFT; b=valid known-frequency integer-cycle FFT; c=valid known-frequency integer-cycle FFT,3,750,6.70810789456602,0.441052146282616,4.60947723941094,4.44127992436257,0.899970780636643,0.158980889493771,0.755321108209344,0.195243567522562,valid,1688,7024.55264253017,0.240948813982522,0.759051186017478,0,0.678721197338018,0.000127183146067416,0.0005661,758,0.13234770456993,0.369987757594592,0.499528698456749,0.992487073937483,0,0,1,1,1,271.529003975635,-10.258902976289,0.684769038701623,0.321355541428137,1.02048925056327,0.00374531835205993,3,0.00221007646524252,0.590090416222184,0,0,0,0,0,0,0,1,1,,,2.36066947071633,0,0,0,0,0,0.47940074906367
B_C10_017,focused_scan,C10,low_voltage_mid_speed,reasonable_extension_range,"0.9 p.u. Vdc and bounded speed extension",200,10,0,43.2,1,801,0.82,0.4,0.905538513813742,0.632455532033676,pareto_high_Jd_boundary,0,801,0.0346294995090799,-0.170520431872085,0.439703138444472,0.323011804739676,1.81181171328537,0.926282731751442,0.931126523755621,1.52153200523258,0.0471281335469245,0.0451821027144601,0.0493292766005096,0.0472131709539647,1,a=valid known-frequency integer-cycle FFT; b=valid known-frequency integer-cycle FFT; c=valid known-frequency integer-cycle FFT,3,750,6.94080261817486,0.437713286552043,4.7745210926255,4.60715581443086,0.470321415427573,0.1124776898774,0.743011915644514,0.0985065111878989,valid,2116,8805.65959217645,0.0823970037453183,0.916354556803995,0.00124843945068664,0.678431631080488,0.000149129712858926,0.0008132,787,0.187853634959276,0.0839940715630325,0.811206573751728,0.398235825728526,0,0,1,1,1,219.921731531925,-5.73347756690796,0.97752808988764,0.321568368919512,0.907949253346742,0,0,1.64465383416423e-15,8.88178419700125e-15,0,0,0,0,0,0,0,1,1,,,2.03486151458496,1,1,1,0,1,0.247191011235955
B_C10_018,focused_scan,C10,low_voltage_mid_speed,reasonable_extension_range,"0.9 p.u. Vdc and bounded speed extension",200,10,0,43.2,1,801,0.82,0.64,0.905538513813742,0.8,pareto_high_Jd_boundary,0,801,0.0250666456823791,-0.377140344727962,0.488597253279866,0.509866852968597,1.82583969521763,1.13356990497348,0.91309478511677,1.52153200523258,0.0411092440347788,0.0386930706333125,0.0402690504614564,0.0400237883765159,1,a=valid known-frequency integer-cycle FFT; b=valid known-frequency integer-cycle FFT; c=valid known-frequency integer-cycle FFT,3,750,6.80350788587161,0.43855168427625,4.67494944805158,4.50940157879032,0.551450915052986,0.150433776521891,0.750682708501224,0.117958690501524,valid,1584,6591.76029962547,0.297128589263421,0.702871410736579,0,0.677505510643918,0.000173140449438202,0.0009265,717,0.242213944690924,0.233708396774338,0.814551012000566,0.639898051790815,0,0,1,1,1,278.181431443583,-7.74004385367619,0.851123595505618,0.322494489356082,0.707563976133328,0,0,1.58922833620897e-15,9.56597433645091e-15,0,0,0,0,0,0,0,1,1,,,2.14910942534204,1,1,1,1,1,0.591760299625468
B_C10_019,focused_scan,C10,low_voltage_mid_speed,reasonable_extension_range,"0.9 p.u. Vdc and bounded speed extension",200,10,0,43.2,1,801,0.82,0.82,0.905538513813742,0.905538513813742,pareto_min_switching + pareto_high_Jd_boundary,0,801,0.00305460377065141,-0.445235898861101,0.501941029590996,0.581504405422566,1.8147064786459,1.5061731200129,0.917223644683978,1.52153200523258,0.0634222209392124,0.0625186561212481,0.0634404602118336,0.063127112424098,1,a=valid known-frequency integer-cycle FFT; b=valid known-frequency integer-cycle FFT; c=valid known-frequency integer-cycle FFT,3,750,6.74594449233748,0.444391616709526,4.64332503118621,4.47653798650197,0.68143299123658,0.160528339021277,0.752728802938768,0.146755393314023,valid,1540,6408.65584685809,0.285892634207241,0.714107365792759,0,0.670939470730379,0.000162453433208489,0.0006002,735,0.253901967189147,0.304199478252048,0.806896980750521,0.812760441538732,0,0,1,1,1,314.879999999999,-9.91479661099444,0.765917602996255,0.329060529269621,0.749760135871423,0,0,1.64157254184649e-15,1.12346670994454e-14,0,0,0,0,0,0,0,1,1,,,2.35832929657603,1,1,1,1,1,0.569288389513108
B_C10_020,focused_scan,C10,low_voltage_mid_speed,reasonable_extension_range,"0.9 p.u. Vdc and bounded speed extension",200,10,0,43.2,1,801,0.82,1,0.905538513813742,1,pareto_min_switching,0,801,0.0788518616818472,-0.478672697142827,0.48208477542859,0.631983639099068,1.81257126847438,1.94902376361982,0.915039017797899,1.52153200523258,0.0623421299819637,0.0627453405030455,0.0618652684362895,0.0623175796404329,1,a=valid known-frequency integer-cycle FFT; b=valid known-frequency integer-cycle FFT; c=valid known-frequency integer-cycle FFT,3,750,6.72950765232569,0.445204442912891,4.62176121886568,4.45369224801621,0.914254842208868,0.173545606780525,0.759831526058182,0.197815248108653,valid,1528,6358.71826883063,0.300873907615481,0.699126092384519,0,0.669824076484059,0.000132193383270911,0.000503,736,0.228922972794114,0.361953823513326,0.809041054428191,0.996638238211397,0,0,1,1,1,347.726789304477,-11.4956877296431,0.703495630461923,0.330175923515941,0.926297105235732,0,0,1.61834981628406e-15,1.13742335326934e-14,0,0,0,0,0,0,0,1,1,,,2.66159881170202,1,1,1,0,0,0.599250936329588
B_C10_021,focused_scan,C10,low_voltage_mid_speed,reasonable_extension_range,"0.9 p.u. Vdc and bounded speed extension",200,10,0,43.2,1,801,1,0.4,1,0.632455532033676,pareto_high_Jd_boundary,0,801,0.0604107930647014,-0.169493124775777,0.470601760039584,0.319774114979005,1.97007231492625,1.0789951340762,1.01828422183329,1.52153200523258,0.0503669297153584,0.0476411752544035,0.0502060079448924,0.0494047043048848,1,a=valid known-frequency integer-cycle FFT; b=valid known-frequency integer-cycle FFT; c=valid known-frequency integer-cycle FFT,3,750,6.94246803675985,0.434974543003563,4.77313036772856,4.60638086588969,0.453012873679028,0.109535287738318,0.741096757479271,0.094908967234978,valid,2132,8872.2430295464,0.0823970037453183,0.917602996254682,0,0.675682309895238,0.000225468539325843,0.0012679,801,0.21030103277988,0.0820089807852455,0.985260017215042,0.399424053546676,0,0,1,1,1,242.862924300932,-5.87322816759019,0.974406991260924,0.324317690104762,0.682640608666377,0,0,1.66980159237142e-15,7.94410929039127e-15,0,0,0,0,0,0,0,1,1,,,2.246200219348,1,1,1,0,1,0.249687890137329
B_C10_022,focused_scan,C10,low_voltage_mid_speed,reasonable_extension_range,"0.9 p.u. Vdc and bounded speed extension",200,10,0,43.2,1,801,1,0.82,1,0.905538513813742,pareto_min_switching + pareto_high_Jd_boundary,0,801,0.0830974975454043,-0.470512203713038,0.588583714713231,0.608732971621713,1.99805722310514,1.70227873645253,1.01210625980604,1.52153200523258,0.0719882348439496,0.0709423790105023,0.0653151298963678,0.0694152479169399,1,a=valid known-frequency integer-cycle FFT; b=valid known-frequency integer-cycle FFT; c=valid known-frequency integer-cycle FFT,3,750,6.70116083603778,0.443598330341628,4.62553354153404,4.45917732269072,0.747301645583364,0.167062779124471,0.752570266067538,0.161560096553861,valid,1468,6109.0303786933,0.303370786516854,0.696629213483146,0,0.657970853042899,0.000186967540574282,0.0008674,793,0.349474559796578,0.336739140769302,0.994614494543216,0.816409966063433,0,0,1,1,1,347.726789304477,-9.71911195117162,0.723782771535581,0.3420291469571,0.815111419861104,0,0,1.65235800626573e-15,9.56597433645091e-15,0,0,0,0,0,0,0,1,1,,,2.624878199723,1,1,1,1,1,0.604244694132334
B_C11_001,focused_scan,C11,finite_parameter_mismatch,reasonable_extension_range,"Controller Lq +10%; plant remains frozen nominal",100,10,0,48,1.1,1551,0.01,0.01125,0.1,0.106066017177982,pareto_min_current_ripple,0,1551,-0.00864793429293161,-0.00967805306560543,0.0401559159077786,0.0862881059649117,0.200623620781085,0.317102202236528,0.110813705171564,0.96094209764132,0.00521536480939996,0.00575226516830946,0.0053837801263068,0.00545047003467207,1,a=valid known-frequency integer-cycle FFT; b=valid known-frequency integer-cycle FFT; c=valid known-frequency integer-cycle FFT,3,1500,7.06229767459689,0.206253566706659,4.85590912525407,4.76955854414129,0.148048060396044,0.0161216392490133,0.536101557661754,0.0304882271429035,valid,5664,12172.7917472598,0.000644745325596389,0.33397807865893,0.665377176015474,0.839800215546709,0.000125684719535783,0.0008931,928,0.00162491330965173,0.00131935219974895,0.00999947180338134,0.0112495660349033,0,0,1,1,1,4.48022856559799,12.5012981644261,1,0.160199784453291,0.497495711194971,0,0,3.62904015861339e-16,2.66453525910038e-15,0,0,0,0,0,0,0,1,1,,,0.375238116238967,1,1,1,1,1,1.3036750483559
B_C11_002,focused_scan,C11,finite_parameter_mismatch,reasonable_extension_range,"Controller Lq +10%; plant remains frozen nominal",100,10,0,48,1.1,1551,0.025,0,0.158113883008419,0,pareto_min_current_ripple,0,1551,-0.000245229870657372,-0.000178745256060481,0.0570792788728793,0.0762022957527349,0.311409575245674,0.211476870695456,0.157057801228584,0.96094209764132,0.00580641479627344,0.00572387722305904,0.00563066990278265,0.00572032064070504,1,a=valid known-frequency integer-cycle FFT; b=valid known-frequency integer-cycle FFT; c=valid known-frequency integer-cycle FFT,3,1500,7.07044264031145,0.206041022890114,4.85993082902855,4.77352233627634,0.11150094045217,0.00493654723866753,0.535936496441925,0.0229429068796968,valid,5670,12185.6866537718,0.000644745325596389,0.328175370728562,0.671179883945841,0.83962587332622,0.000133303739522888,0.0006199,988,0.0032747780765122,1.64164610529833e-15,0.0246249046816054,7.60291871182435e-15,0,0.000644745325596389,1,0.999355254674404,0.999355254674404,0,13.8860755310165,1,0.160374126673779,0.497495711194971,0,0,3.59541040399294e-16,2.39149358411273e-15,0,0,0,0,0,0,0,1,1,,,0.376428466503045,1,1,1,0,1,1.31528046421663
B_C11_003,focused_scan,C11,finite_parameter_mismatch,reasonable_extension_range,"Controller Lq +10%; plant remains frozen nominal",100,10,0,48,1.1,1551,0.025,0.01125,0.158113883008419,0.106066017177982,pareto_min_current_ripple,0,1551,-0.0144243300081014,-0.0105776451278991,0.0729212363738344,0.0870908611194835,0.315484282673249,0.327611417574259,0.166136810687487,0.96094209764132,0.00794477047012565,0.0081232052356602,0.00819959150054553,0.00808918906877713,1,a=valid known-frequency integer-cycle FFT; b=valid known-frequency integer-cycle FFT; c=valid known-frequency integer-cycle FFT,3,1500,7.0630666001444,0.206015096843402,4.8558824642051,4.76947114063847,0.148557485591196,0.0150171169003732,0.536545938530958,0.0305933034183344,valid,5456,11725.768321513,0.000644745325596389,0.462927143778208,0.536428110896196,0.839821788889762,0.000128186460348163,0.0007489,1076,0.00535578318939092,0.00119411172612187,0.0249156937631192,0.0111252501139648,0,0,1,1,1,7.08386335271932,12.4866949549999,1,0.160178211110238,0.497495711194971,0,0,4.48530279919822e-16,3.20237283398938e-15,0,0,0,0,0,0,0,1,1,,,0.454818176350583,1,1,1,1,1,1.04577691811734
B_C11_004,focused_scan,C11,finite_parameter_mismatch,reasonable_extension_range,"Controller Lq +10%; plant remains frozen nominal",100,10,0,48,1.1,1551,0.1,0.1,0.316227766016838,0.316227766016838,default_neighborhood,0,1551,0.0425112438747265,-0.128501163204826,0.178298758918478,0.215331873826437,0.647492923679193,0.893951434368839,0.325508948643305,0.96094209764132,0.0233480107953172,0.0231443832741324,0.0230256550158077,0.0231726830284191,1,a=valid known-frequency integer-cycle FFT; b=valid known-frequency integer-cycle FFT; c=valid known-frequency integer-cycle FFT,3,1500,6.97956055489384,0.207021440144825,4.79450356078149,4.70891082856464,0.423442846067897,0.0717342377428674,0.537384810580367,0.0883183922380647,valid,3924,8433.26885880077,0.0941328175370729,0.878143133462282,0.0277240490006447,0.836645245038008,0.00015710528691167,0.0007128,1541,0.0318003545606121,0.0310638871567785,0.0999422022506369,0.0999721146684483,0,0,1,1,1,42.2399999999998,9.67419692183995,1,0.163354754961992,0.497495711194971,0,0,8.31539752521127e-16,5.02429586778808e-15,0,0,0,0,0,0,0,1,1,,,1.10380988092367,1,1,1,1,1,0.184397163120568
B_C11_005,focused_scan,C11,finite_parameter_mismatch,reasonable_extension_range,"Controller Lq +10%; plant remains frozen nominal",100,10,0,48,1.1,1551,0.1,0.16,0.316227766016838,0.4,default_neighborhood,0,1551,0.0522472520457173,-0.190008597671205,0.181924986452913,0.27793473647715,0.641284796964348,0.940889975775837,0.3216833348563,0.988879876669447,0.025675314725828,0.0248957985679032,0.0256548288255314,0.0254086473730875,1,a=valid known-frequency integer-cycle FFT; b=valid known-frequency integer-cycle FFT; c=valid known-frequency integer-cycle FFT,3,1500,6.92811482448276,0.208253699592418,4.76393494390391,4.67849147794493,0.451739404577577,0.0854784555099366,0.538387918308729,0.0948248475046113,valid,3812,8192.56393724479,0.120567375886525,0.854932301740812,0.0245003223726628,0.837558554558162,0.00013952192134107,0.0007858,1529,0.0333507646944984,0.0584657388781938,0.0982597965972543,0.159268935388237,0,0,1,1,1,53.429843346205,8.03424414640667,1,0.162441445441838,0.497495711194971,0,0,8.45227113531213e-16,5.32907051820075e-15,0,0,0,0,0,0,0,1,1,,,1.13864838178125,1,1,1,0,0,0.131528046421664
B_C11_006,focused_scan,C11,finite_parameter_mismatch,reasonable_extension_range,"Controller Lq +10%; plant remains frozen nominal",100,10,0,48,1.1,1551,0.1,0.4,0.316227766016838,0.632455532033676,default_neighborhood,0,1551,0.0516850361350871,-0.352400643283515,0.178873493909155,0.451047891448583,0.6477810776289,1.72716731321626,0.326574786597102,1.26822239057066,0.0302298675810676,0.0316495226063939,0.0311811952712541,0.0310201951529052,1,a=valid known-frequency integer-cycle FFT; b=valid known-frequency integer-cycle FFT; c=valid known-frequency integer-cycle FFT,3,1500,6.82175197943832,0.209556121155881,4.68509560464285,4.60023477556532,0.813313245043705,0.124718662092278,0.543707030626767,0.173595869471207,valid,3426,7362.99161831077,0.199226305609284,0.780786589297228,0.0199871050934881,0.836890386825737,0.000139538878143134,0.0007627,1456,0.0322633621839858,0.179493143202786,0.0998178950397144,0.399840276335893,0,0,1,1,1,84.4799999999996,1.53982340630997,1,0.163109613174263,0.642167191962645,0,0,8.40275465284932e-16,7.32410687763558e-15,0,0,0,0,0,0,0,1,1,,,1.84464827335098,1,1,1,0,0,0.0386847195357819
B_C11_007,focused_scan,C11,finite_parameter_mismatch,reasonable_extension_range,"Controller Lq +10%; plant remains frozen nominal",100,10,0,48,1.1,1551,0.16,0.1,0.4,0.316227766016838,default_neighborhood,0,1551,0.0477236218995583,-0.121203354897231,0.223113305381434,0.217627551502884,0.794595892625198,0.814333591212131,0.397774446146292,0.96094209764132,0.0266125989557039,0.0272809507890247,0.027603366456238,0.0271656387336555,1,a=valid known-frequency integer-cycle FFT; b=valid known-frequency integer-cycle FFT; c=valid known-frequency integer-cycle FFT,3,1500,6.98117453351726,0.206924365608828,4.797667104926,4.7120544174844,0.379331078948682,0.076407540668067,0.538548273509212,0.0790657356278855,valid,3610,7758.43541800989,0.168278529980658,0.825274016763378,0.00644745325596389,0.837699428216396,0.000161258800773694,0.0008712,1543,0.0496587164175572,0.030298081166289,0.159684212466499,0.0999043990017015,0,0,1,1,1,53.429843346205,9.65314612616729,1,0.162300571783604,0.497495711194971,0,0,8.66934724635607e-16,4.52883909360294e-15,0,0,0,0,0,0,0,1,1,,,1.13777055259542,1,1,1,1,1,0.0502901353965183
B_C11_008,focused_scan,C11,finite_parameter_mismatch,reasonable_extension_range,"Controller Lq +10%; plant remains frozen nominal",100,10,0,48,1.1,1551,0.16,0.4,0.4,0.632455532033676,default_neighborhood,0,1551,0.0430183930000956,-0.337433718640465,0.229653432147864,0.436026653296189,0.814865152843982,1.42277385866062,0.409446096322747,1.12613266689405,0.0346623450003868,0.034427599873985,0.0353120670543564,0.0348006706429094,1,a=valid known-frequency integer-cycle FFT; b=valid known-frequency integer-cycle FFT; c=valid known-frequency integer-cycle FFT,3,1500,6.81825799038177,0.209811088861962,4.69293163876624,4.6073780894469,0.683379377430379,0.12025163020211,0.547879109567129,0.145618864716733,valid,3146,6761.2293144208,0.259187620889749,0.72856221792392,0.0122501611863314,0.836912222000128,0.000137021212121212,0.0008947,1480,0.0524916484221154,0.162812409787285,0.158910250120571,0.399598909571279,0,0,1,1,1,106.85968669241,2.91956938807622,1,0.163087777999872,0.607169412484349,0,0,8.5315872009077e-16,6.40474566797875e-15,0,0,0,0,0,0,0,1,1,,,1.63960076549368,1,1,1,0,0,0.145712443584784
B_C11_009,focused_scan,C11,finite_parameter_mismatch,reasonable_extension_range,"Controller Lq +10%; plant remains frozen nominal",100,10,0,48,1.1,1551,0.26,0.1,0.509901951359279,0.316227766016838,default_neighborhood,0,1551,0.0799899002398045,-0.125232354426476,0.304281202738676,0.220201108859946,1.02095857921542,0.76679257940388,0.517330107893613,0.96094209764132,0.0335204823612525,0.034044715337581,0.0337306355287411,0.0337652777425249,1,a=valid known-frequency integer-cycle FFT; b=valid known-frequency integer-cycle FFT; c=valid known-frequency integer-cycle FFT,3,1500,6.98196937203637,0.209664114301058,4.79342087239786,4.7078090753471,0.348512016697325,0.0781415100049082,0.537919848109991,0.0727063251850417,valid,3382,7268.42897055663,0.20180528691167,0.794326241134752,0.00386847195357834,0.83299076940299,0.000134315473887814,0.0009014,1472,0.0924902232407124,0.0316890566677466,0.259833658285369,0.0997828047345089,0,0,1,1,1,68.1099534576267,9.62552929643639,1,0.16700923059701,0.497495711194971,0,0,8.85749932715236e-16,5.32907051820075e-15,0,0,0,0,0,0,0,1,1,,,1.27684269990568,1,1,1,1,1,0.0309477756286258
B_C11_010,focused_scan,C11,finite_parameter_mismatch,reasonable_extension_range,"Controller Lq +10%; plant remains frozen nominal",100,10,0,48,1.1,1551,0.26,0.16,0.509901951359279,0.4,default_neighborhood,0,1551,0.0769570084602783,-0.170987754366685,0.28264941675271,0.267437724894924,1.01515737039412,0.934570047966266,0.508077030464729,0.96094209764132,0.033857575570647,0.0332145648873596,0.0320559970029588,0.0330427124869885,1,a=valid known-frequency integer-cycle FFT; b=valid known-frequency integer-cycle FFT; c=valid known-frequency integer-cycle FFT,3,1500,6.94562181151502,0.207965614620316,4.77142218098077,4.68598197717482,0.422853835140996,0.0892312545393291,0.539520576297057,0.0886221799501461,valid,3176,6825.70384698044,0.241779497098646,0.756931012250161,0.00128949065119278,0.833317601118111,0.000142598710509349,0.0006625,1502,0.0796271909194229,0.0519829079872917,0.259249144728341,0.159570297303584,0,0,1,1,1,86.1530337016632,8.33156645007872,1,0.166682398881889,0.497495711194971,0,0,8.66548429501316e-16,5.68711676634668e-15,0,0,0,0,0,0,0,1,1,,,1.37984262190337,1,1,1,1,1,0.110896196002578
B_C11_011,focused_scan,C11,finite_parameter_mismatch,reasonable_extension_range,"Controller Lq +10%; plant remains frozen nominal",100,10,0,48,1.1,1551,0.26,0.4,0.509901951359279,0.632455532033676,default_neighborhood,0,1551,0.0961657883660699,-0.330307236287532,0.290173358977309,0.441811685506213,1.02587994198497,1.52873537755421,0.516595687098892,1.09705287354105,0.0380625749532636,0.038135727575497,0.03800776171993,0.0380686880828969,1,a=valid known-frequency integer-cycle FFT; b=valid known-frequency integer-cycle FFT; c=valid known-frequency integer-cycle FFT,3,1500,6.83349806499826,0.2099711056018,4.69278942537417,4.60778930123258,0.733485258601427,0.134991075871165,0.54815360700043,0.156300484022452,valid,2540,5458.8437567161,0.392649903288201,0.60541586073501,0.00193423597678917,0.834028912787006,0.000135655963894262,0.0007633,1371,0.0843937388789754,0.156204021367684,0.259376257526734,0.399406318150317,0,0,1,1,1,136.219906915253,1.79182370179496,1,0.165971087212994,0.687525673277211,0,0,9.06358738474441e-16,8.88178419700125e-15,0,0,0,0,0,0,0,1,1,,,1.84104902432089,1,1,1,1,1,0.412637008381688
B_C11_012,focused_scan,C11,finite_parameter_mismatch,reasonable_extension_range,"Controller Lq +10%; plant remains frozen nominal",100,10,0,48,1.1,1551,0.82,0.4,0.905538513813742,0.632455532033676,pareto_high_Jd_boundary,0,1551,0.135419268148323,-0.302790061896821,0.455108587389481,0.417590340567413,1.77592506336641,1.2444340539891,0.907879640633929,1.11284768084826,0.0473249911975441,0.0507657619447966,0.050392527911876,0.0494944270180722,1,a=valid known-frequency integer-cycle FFT; b=valid known-frequency integer-cycle FFT; c=valid known-frequency integer-cycle FFT,3,1500,6.85103211406605,0.212996614031401,4.70351583114816,4.61901119695785,0.592918432415442,0.139816811123851,0.545352544917445,0.126058559958266,valid,2116,4547.60369653987,0.49645390070922,0.50354609929078,0,0.832352624492442,0.000163371566731141,0.0008087,1400,0.209846814693933,0.133344216086808,0.812770557269986,0.38840934366027,0,0,1,1,1,241.913904685119,-0.286097643347173,0.999355254674404,0.167647375507558,0.551920574375164,0,0,9.07714851531054e-16,7.32410687763558e-15,0,0,0,0,0,0,0,1,1,,,2.16853082648616,1,1,1,1,1,0.620245003223726
B_C11_013,focused_scan,C11,finite_parameter_mismatch,reasonable_extension_range,"Controller Lq +10%; plant remains frozen nominal",100,10,0,48,1.1,1551,0.82,0.64,0.905538513813742,0.8,pareto_high_Jd_boundary,0,1551,0.128048613565311,-0.395211374327381,0.471369257211196,0.517452151536469,1.79197546657099,1.58941900325448,0.900932530462212,1.43472954098758,0.0576592979606406,0.0526627740147349,0.0580649857146097,0.0561290192299951,1,a=valid known-frequency integer-cycle FFT; b=valid known-frequency integer-cycle FFT; c=valid known-frequency integer-cycle FFT,3,1500,6.76646683981212,0.218804535373263,4.65902748005617,4.57244855519125,0.72234251016696,0.14949730856293,0.557035201665365,0.155041478776221,valid,2114,4543.30539436922,0.476466795615732,0.522888459058672,0.000644745325596389,0.829629762576736,0.000142052353320439,0.0007175,1278,0.222171672999048,0.219124483862715,0.817871948723691,0.637109195607057,0,0,1,1,1,305.999574587941,-6.46659093812579,0.982269503546099,0.170370237423264,0.759431775117393,0,0,9.25509559620736e-16,7.105427357601e-15,0,0,0,0,0,0,0,1,1,,,2.39529305946032,1,1,1,0,0,0.58027079303675
B_C11_014,focused_scan,C11,finite_parameter_mismatch,reasonable_extension_range,"Controller Lq +10%; plant remains frozen nominal",100,10,0,48,1.1,1551,0.82,0.82,0.905538513813742,0.905538513813742,pareto_min_switching + pareto_high_Jq_boundary + pareto_high_Jd_boundary,0,1551,0.159316495399786,-0.421989084594038,0.43110670524814,0.552024582329136,1.82389201443601,1.50435256617093,0.919831286560699,1.51785478462876,0.0527168662855937,0.053540393676766,0.0536438978303823,0.053300385930914,1,a=valid known-frequency integer-cycle FFT; b=valid known-frequency integer-cycle FFT; c=valid known-frequency integer-cycle FFT,3,1500,6.76098422046804,0.209567130090512,4.64398790610759,4.55736680805829,0.714885824803735,0.162908747058182,0.5621664432858,0.153937916992322,valid,2006,4311.19707715452,0.517085751128304,0.482914248871696,0,0.831779251063033,0.000169085428755642,0.0010564,1430,0.184092768805338,0.252589824082194,0.817989409246006,0.814142783842624,0,0,1,1,1,346.368000000001,-6.90597041879311,0.939071566731141,0.168220748936967,0.585545989784642,0,0,9.05832127614661e-16,7.32410687763558e-15,0,0,0,0,0,0,0,1,1,,,2.36424591015159,1,1,1,1,1,0.661508704061894
B_C11_015,focused_scan,C11,finite_parameter_mismatch,reasonable_extension_range,"Controller Lq +10%; plant remains frozen nominal",100,10,0,48,1.1,1551,0.82,1,0.905538513813742,1,pareto_min_switching + pareto_high_Jq_boundary,0,1551,0.186093259515911,-0.518528043962462,0.455034622689839,0.65862238947765,1.82668497879885,2.15908192885665,0.916690255605381,1.61755446248916,0.0590304580241865,0.0586384902241418,0.0596403754315502,0.0591031078932928,1,a=valid known-frequency integer-cycle FFT; b=valid known-frequency integer-cycle FFT; c=valid known-frequency integer-cycle FFT,3,1500,6.69526902192422,0.211272880487383,4.59530741701848,4.50915682689885,1.02143491213416,0.186233557622887,0.567590048117841,0.222277819401446,valid,1852,3980.22781001504,0.557704706640877,0.442295293359123,0,0.833418263215505,0.000158383043197937,0.0010134,1316,0.207739699323536,0.38401495579703,0.816920001558986,0.999372425082457,0,0,1,1,1,382.499468234923,-9.29201484697316,0.830754352030948,0.166581736784495,0.745407875245316,0,0,9.14975119801336e-16,1.06581410364015e-14,0,0,0,0,0,0,0,1,1,,,2.82814652860928,1,1,1,1,1,0.74274661508704
B_C11_016,focused_scan,C11,finite_parameter_mismatch,reasonable_extension_range,"Controller Lq +10%; plant remains frozen nominal",100,10,0,48,1.1,1551,1,0.4,1,0.632455532033676,pareto_high_Jd_boundary,0,1551,0.152888510600704,-0.298767730832526,0.474332264414916,0.417667138108156,1.99778278639753,1.1505820672871,1.00518480714058,1.06251374183219,0.042822097907707,0.0412050489285863,0.0421661405796439,0.0420644291386457,1,a=valid known-frequency integer-cycle FFT; b=valid known-frequency integer-cycle FFT; c=valid known-frequency integer-cycle FFT,3,1500,6.85453924232241,0.213799739723371,4.7042621137155,4.61971132183293,0.58005582575414,0.142518879793763,0.546305641224654,0.123304316752028,valid,2048,4401.46142273802,0.509348807221148,0.490651192778852,0,0.830162133339184,0.000172412443584784,0.000736,1450,0.226835738233043,0.131718041447447,0.995630495672697,0.399237719729,0,0,1,1,1,267.149216731024,-1.37275722278349,0.998388136686009,0.169837866660816,0.528825949740554,0,0,8.9630549014591e-16,7.32410687763558e-15,0,0,0,0,0,0,0,1,1,,,2.30542298834486,1,1,1,1,1,0.646034816247582
B_C11_017,focused_scan,C11,finite_parameter_mismatch,reasonable_extension_range,"Controller Lq +10%; plant remains frozen nominal",100,10,0,48,1.1,1551,1,0.82,1,0.905538513813742,pareto_min_switching + pareto_high_Jq_boundary + pareto_high_Jd_boundary,0,1551,0.211646633863476,-0.373273937644389,0.473583021086373,0.520076750393521,2.0047170861193,2.19243079669326,1.00519903852516,1.52798804072224,0.0442004022892913,0.0435288252891544,0.0417018268237982,0.043143684800748,1,a=valid known-frequency integer-cycle FFT; b=valid known-frequency integer-cycle FFT; c=valid known-frequency integer-cycle FFT,3,1500,6.7968142237826,0.211245773587348,4.66399188686084,4.57709764020069,0.981383762176002,0.165529391093594,0.562440276241885,0.210417124639669,valid,1850,3975.9295078444,0.575112830431979,0.424887169568021,0,0.838916464957469,0.000139376918117344,0.0007456,1241,0.224981923290834,0.212770650577102,0.99761277789655,0.815025770488226,0,0,1,1,1,382.499468234923,-9.21883864068701,0.945357833655706,0.161083535042531,0.767917527880493,0,0,9.00511999981936e-16,1.06581410364015e-14,0,0,0,0,0,0,0,1,1,,,2.97079844379717,1,1,1,1,1,0.777562862669244
