case_id,method,freeze_reason_d,freeze_reason_q,estimator_state_d,estimator_state_q,sample_index,time_s,gate_exc_d,gate_exc_q,gate_s2,gate_decision,alpha_update_d,alpha_update_q
C01_nominal_100rpm_10A,P,startup_no_completed_command,startup_no_completed_command,startup,startup,1,0,0,0,0,0,0,0
C01_nominal_100rpm_10A,P,trusted_post_s2_execution,trusted_post_s2_execution,warmup,warmup,2,0.0001,0,0,1,0,0,0
C01_nominal_100rpm_10A,P,not_slow_tick,not_slow_tick,active,active,3,0.0002,0,0,1,0,0,0
C01_nominal_100rpm_10A,P,not_slow_tick,not_slow_tick,active,active,4,0.0003,0,0,1,0,0,0
C01_nominal_100rpm_10A,P,not_slow_tick,not_slow_tick,active,active,5,0.0004,0,0,1,0,0,0
C01_nominal_100rpm_10A,P,not_slow_tick,not_slow_tick,active,active,6,0.0005,0,0,1,1,0,0
C01_nominal_100rpm_10A,P,not_slow_tick,not_slow_tick,active,active,7,0.0006,0,0,1,0,0,0
C01_nominal_100rpm_10A,P,not_slow_tick,not_slow_tick,active,active,8,0.0007,0,0,1,1,0,0
C01_nominal_100rpm_10A,P,not_slow_tick,not_slow_tick,active,active,9,0.0008,0,0,1,1,0,0
C01_nominal_100rpm_10A,P,not_slow_tick,not_slow_tick,active,active,10,0.0009,0,0,1,0,0,0
C01_nominal_100rpm_10A,P,not_slow_tick,not_slow_tick,active,active,11,0.001,0,0,1,0,0,0
C01_nominal_100rpm_10A,P,not_slow_tick,not_slow_tick,active,active,12,0.0011,0,0,1,0,0,0
C01_nominal_100rpm_10A,P,not_slow_tick,not_slow_tick,active,active,13,0.0012,0,0,1,0,0,0
C01_nominal_100rpm_10A,P,not_slow_tick,not_slow_tick,active,active,14,0.0013,0,0,1,0,0,0
C01_nominal_100rpm_10A,P,not_slow_tick,not_slow_tick,active,active,15,0.0014,0,0,1,1,0,0
C01_nominal_100rpm_10A,P,not_slow_tick,not_slow_tick,active,active,16,0.0015,0,0,1,1,0,0
C01_nominal_100rpm_10A,P,not_slow_tick,not_slow_tick,active,active,17,0.0016,0,0,1,1,0,0
C01_nominal_100rpm_10A,P,not_slow_tick,not_slow_tick,active,active,18,0.0017,0,0,1,0,0,0
C01_nominal_100rpm_10A,P,not_slow_tick,not_slow_tick,active,active,19,0.0018,0,0,1,0,0,0
C01_nominal_100rpm_10A,P,window_incomplete,window_incomplete,frozen_excitation,frozen_excitation,20,0.0019,0,0,1,0,0,0
C01_nominal_100rpm_10A,P,not_slow_tick,not_slow_tick,active,active,21,0.002,0,0,1,0,0,0
C01_nominal_100rpm_10A,P,not_slow_tick,not_slow_tick,active,active,22,0.0021,0,1,1,0,0,0
C01_nominal_100rpm_10A,P,not_slow_tick,not_slow_tick,active,active,23,0.0022,0,1,1,0,0,0
C01_nominal_100rpm_10A,P,not_slow_tick,not_slow_tick,active,active,24,0.0023,0,1,1,0,0,0
C01_nominal_100rpm_10A,P,not_slow_tick,not_slow_tick,active,active,25,0.0024,0,1,1,1,0,0
C01_nominal_100rpm_10A,P,not_slow_tick,not_slow_tick,active,active,26,0.0025,0,1,1,1,0,0
C01_nominal_100rpm_10A,P,not_slow_tick,not_slow_tick,active,active,27,0.0026,0,1,1,1,0,0
C01_nominal_100rpm_10A,P,not_slow_tick,not_slow_tick,active,active,28,0.0027,0,1,1,0,0,0
C01_nominal_100rpm_10A,P,not_slow_tick,not_slow_tick,active,active,29,0.0028,0,1,1,0,0,0
C01_nominal_100rpm_10A,P,not_slow_tick,not_slow_tick,active,active,30,0.0029,0,1,1,1,0,0
C01_nominal_100rpm_10A,P,not_slow_tick,not_slow_tick,active,active,31,0.003,0,1,1,0,0,0
C01_nominal_100rpm_10A,P,not_slow_tick,not_slow_tick,active,active,32,0.0031,1,1,1,1,0,0
C01_nominal_100rpm_10A,P,not_slow_tick,not_slow_tick,active,active,33,0.0032,1,1,1,0,0,0
C01_nominal_100rpm_10A,P,not_slow_tick,not_slow_tick,active,active,34,0.0033,1,1,1,0,0,0
C01_nominal_100rpm_10A,P,not_slow_tick,not_slow_tick,active,active,35,0.0034,1,1,1,0,0,0
C01_nominal_100rpm_10A,P,not_slow_tick,not_slow_tick,active,active,36,0.0035,1,1,1,0,0,0
C01_nominal_100rpm_10A,P,not_slow_tick,not_slow_tick,active,active,37,0.0036,1,1,1,0,0,0
C01_nominal_100rpm_10A,P,not_slow_tick,not_slow_tick,active,active,38,0.0037,1,1,1,0,0,0
C01_nominal_100rpm_10A,P,not_slow_tick,not_slow_tick,active,active,39,0.0038,1,1,1,0,0,0
C01_nominal_100rpm_10A,P,none,none,active,active,40,0.0039,1,1,1,1,1,1
C01_nominal_100rpm_10A,P,not_slow_tick,not_slow_tick,active,active,41,0.004,1,1,1,0,0,0
C01_nominal_100rpm_10A,P,not_slow_tick,not_slow_tick,active,active,42,0.0041,1,0,1,1,0,0
C01_nominal_100rpm_10A,P,not_slow_tick,not_slow_tick,active,active,43,0.0042,1,1,1,0,0,0
C01_nominal_100rpm_10A,P,not_slow_tick,not_slow_tick,active,active,44,0.0043,1,0,1,0,0,0
C01_nominal_100rpm_10A,P,not_slow_tick,not_slow_tick,active,active,45,0.0044,1,1,1,0,0,0
C01_nominal_100rpm_10A,P,not_slow_tick,not_slow_tick,active,active,46,0.0045,1,1,1,0,0,0
C01_nominal_100rpm_10A,P,not_slow_tick,not_slow_tick,active,active,47,0.0046,1,1,1,0,0,0
C01_nominal_100rpm_10A,P,not_slow_tick,not_slow_tick,active,active,48,0.0047,1,1,1,0,0,0
C01_nominal_100rpm_10A,P,not_slow_tick,not_slow_tick,active,active,49,0.0048,1,1,1,0,0,0
C01_nominal_100rpm_10A,P,not_slow_tick,not_slow_tick,active,active,50,0.0049,1,1,1,0,0,0
C01_nominal_100rpm_10A,P,not_slow_tick,not_slow_tick,active,active,51,0.005,1,1,1,0,0,0
C01_nominal_100rpm_10A,P,not_slow_tick,not_slow_tick,active,active,52,0.0051,1,1,1,0,0,0
C01_nominal_100rpm_10A,P,not_slow_tick,not_slow_tick,active,active,53,0.0052,1,1,1,0,0,0
C01_nominal_100rpm_10A,P,not_slow_tick,not_slow_tick,active,active,54,0.0053,1,0,1,0,0,0
C01_nominal_100rpm_10A,P,not_slow_tick,not_slow_tick,active,active,55,0.0054,1,1,1,0,0,0
C01_nominal_100rpm_10A,P,not_slow_tick,not_slow_tick,active,active,56,0.0055,1,1,1,0,0,0
C01_nominal_100rpm_10A,P,not_slow_tick,not_slow_tick,active,active,57,0.0056,1,0,1,0,0,0
C01_nominal_100rpm_10A,P,not_slow_tick,not_slow_tick,active,active,58,0.0057,1,1,1,0,0,0
C01_nominal_100rpm_10A,P,not_slow_tick,not_slow_tick,active,active,59,0.0058,1,0,1,0,0,0
C01_nominal_100rpm_10A,P,none,none,active,active,60,0.0059,1,1,1,1,1,1
C01_nominal_100rpm_10A,P,not_slow_tick,not_slow_tick,active,active,61,0.006,1,0,1,0,0,0
C01_nominal_100rpm_10A,P,not_slow_tick,not_slow_tick,active,active,62,0.0061,1,1,1,1,0,0
C01_nominal_100rpm_10A,P,not_slow_tick,not_slow_tick,active,active,63,0.0062,1,0,1,0,0,0
C01_nominal_100rpm_10A,P,not_slow_tick,not_slow_tick,active,active,64,0.0063,1,1,1,1,0,0
C01_nominal_100rpm_10A,P,not_slow_tick,not_slow_tick,active,active,65,0.0064,1,1,1,0,0,0
C01_nominal_100rpm_10A,P,not_slow_tick,not_slow_tick,active,active,66,0.0065,1,1,1,1,0,0
C01_nominal_100rpm_10A,P,not_slow_tick,not_slow_tick,active,active,67,0.0066,1,1,1,0,0,0
C01_nominal_100rpm_10A,P,not_slow_tick,not_slow_tick,active,active,68,0.0067,1,1,1,1,0,0
C01_nominal_100rpm_10A,P,not_slow_tick,not_slow_tick,active,active,69,0.0068,1,1,1,1,0,0
C01_nominal_100rpm_10A,P,not_slow_tick,not_slow_tick,active,active,70,0.0069,1,1,1,0,0,0
C01_nominal_100rpm_10A,P,not_slow_tick,not_slow_tick,active,active,71,0.007,1,1,1,1,0,0
C01_nominal_100rpm_10A,P,not_slow_tick,not_slow_tick,active,active,72,0.0071,1,1,1,1,0,0
C01_nominal_100rpm_10A,P,not_slow_tick,not_slow_tick,active,active,73,0.0072,1,1,1,0,0,0
C01_nominal_100rpm_10A,P,not_slow_tick,not_slow_tick,active,active,74,0.0073,1,1,1,0,0,0
C01_nominal_100rpm_10A,P,not_slow_tick,not_slow_tick,active,active,75,0.0074,1,1,1,1,0,0
C01_nominal_100rpm_10A,P,not_slow_tick,not_slow_tick,active,active,76,0.0075,1,1,1,1,0,0
C01_nominal_100rpm_10A,P,not_slow_tick,not_slow_tick,active,active,77,0.0076,1,1,1,0,0,0
C01_nominal_100rpm_10A,P,not_slow_tick,not_slow_tick,active,active,78,0.0077,1,1,1,0,0,0
C01_nominal_100rpm_10A,P,not_slow_tick,not_slow_tick,active,active,79,0.0078,1,1,1,0,0,0
C01_nominal_100rpm_10A,P,none,none,active,active,80,0.0079,1,1,1,0,1,1
C01_nominal_100rpm_10A,P,not_slow_tick,not_slow_tick,active,active,81,0.008,1,1,1,0,0,0
C01_nominal_100rpm_10A,P,not_slow_tick,not_slow_tick,active,active,82,0.0081,0,1,1,0,0,0
C01_nominal_100rpm_10A,P,not_slow_tick,not_slow_tick,active,active,83,0.0082,1,1,1,1,0,0
C01_nominal_100rpm_10A,P,not_slow_tick,not_slow_tick,active,active,84,0.0083,1,1,1,0,0,0
C01_nominal_100rpm_10A,P,not_slow_tick,not_slow_tick,active,active,85,0.0084,1,1,1,1,0,0
C01_nominal_100rpm_10A,P,not_slow_tick,not_slow_tick,active,active,86,0.0085,1,1,1,0,0,0
C01_nominal_100rpm_10A,P,not_slow_tick,not_slow_tick,active,active,87,0.0086,1,1,1,1,0,0
C01_nominal_100rpm_10A,P,not_slow_tick,not_slow_tick,active,active,88,0.0087,1,1,1,0,0,0
C01_nominal_100rpm_10A,P,not_slow_tick,not_slow_tick,active,active,89,0.0088,1,1,1,0,0,0
C01_nominal_100rpm_10A,P,not_slow_tick,not_slow_tick,active,active,90,0.0089,1,1,1,0,0,0
C01_nominal_100rpm_10A,P,not_slow_tick,not_slow_tick,active,active,91,0.009,1,1,1,0,0,0
C01_nominal_100rpm_10A,P,not_slow_tick,not_slow_tick,active,active,92,0.0091,1,1,1,1,0,0
C01_nominal_100rpm_10A,P,not_slow_tick,not_slow_tick,active,active,93,0.0092,1,1,1,0,0,0
C01_nominal_100rpm_10A,P,not_slow_tick,not_slow_tick,active,active,94,0.0093,1,1,1,0,0,0
C01_nominal_100rpm_10A,P,not_slow_tick,not_slow_tick,active,active,95,0.0094,0,0,1,0,0,0
C01_nominal_100rpm_10A,P,not_slow_tick,not_slow_tick,active,active,96,0.0095,1,1,1,1,0,0
C01_nominal_100rpm_10A,P,not_slow_tick,not_slow_tick,active,active,97,0.0096,0,1,1,0,0,0
C01_nominal_100rpm_10A,P,not_slow_tick,not_slow_tick,active,active,98,0.0097,1,1,1,0,0,0
C01_nominal_100rpm_10A,P,not_slow_tick,not_slow_tick,active,active,99,0.0098,0,1,1,1,0,0
C01_nominal_100rpm_10A,P,none,none,active,active,100,0.0099,1,1,1,0,1,1
C01_nominal_100rpm_10A,P,not_slow_tick,not_slow_tick,active,active,101,0.01,0,1,1,1,0,0
C01_nominal_100rpm_10A,P,not_slow_tick,not_slow_tick,active,active,102,0.0101,1,1,1,0,0,0
C01_nominal_100rpm_10A,P,not_slow_tick,not_slow_tick,active,active,103,0.0102,1,1,1,0,0,0
C01_nominal_100rpm_10A,P,not_slow_tick,not_slow_tick,active,active,104,0.0103,0,1,1,0,0,0
C01_nominal_100rpm_10A,P,not_slow_tick,not_slow_tick,active,active,105,0.0104,1,1,1,0,0,0
C01_nominal_100rpm_10A,P,not_slow_tick,not_slow_tick,active,active,106,0.0105,1,1,1,0,0,0
C01_nominal_100rpm_10A,P,not_slow_tick,not_slow_tick,active,active,107,0.0106,1,1,1,1,0,0
C01_nominal_100rpm_10A,P,not_slow_tick,not_slow_tick,active,active,108,0.0107,1,1,1,1,0,0
C01_nominal_100rpm_10A,P,not_slow_tick,not_slow_tick,active,active,109,0.0108,1,1,1,0,0,0
C01_nominal_100rpm_10A,P,not_slow_tick,not_slow_tick,active,active,110,0.0109,1,1,1,1,0,0
C01_nominal_100rpm_10A,P,not_slow_tick,not_slow_tick,active,active,111,0.011,1,1,1,0,0,0
C01_nominal_100rpm_10A,P,not_slow_tick,not_slow_tick,active,active,112,0.0111,1,1,1,0,0,0
C01_nominal_100rpm_10A,P,not_slow_tick,not_slow_tick,active,active,113,0.0112,1,1,1,0,0,0
C01_nominal_100rpm_10A,P,not_slow_tick,not_slow_tick,active,active,114,0.0113,1,1,1,0,0,0
C01_nominal_100rpm_10A,P,not_slow_tick,not_slow_tick,active,active,115,0.0114,1,1,1,0,0,0
C01_nominal_100rpm_10A,P,not_slow_tick,not_slow_tick,active,active,116,0.0115,1,1,1,1,0,0
C01_nominal_100rpm_10A,P,not_slow_tick,not_slow_tick,active,active,117,0.0116,1,1,1,0,0,0
C01_nominal_100rpm_10A,P,not_slow_tick,not_slow_tick,active,active,118,0.0117,1,1,1,1,0,0
C01_nominal_100rpm_10A,P,not_slow_tick,not_slow_tick,active,active,119,0.0118,1,0,1,0,0,0
C01_nominal_100rpm_10A,P,none,none,active,active,120,0.0119,1,1,1,0,1,1
C01_nominal_100rpm_10A,P,not_slow_tick,not_slow_tick,active,active,121,0.012,1,1,1,1,0,0
C01_nominal_100rpm_10A,P,not_slow_tick,not_slow_tick,active,active,122,0.0121,1,0,1,1,0,0
C01_nominal_100rpm_10A,P,not_slow_tick,not_slow_tick,active,active,123,0.0122,1,1,1,0,0,0
C01_nominal_100rpm_10A,P,not_slow_tick,not_slow_tick,active,active,124,0.0123,1,1,1,0,0,0
C01_nominal_100rpm_10A,P,not_slow_tick,not_slow_tick,active,active,125,0.0124,1,0,1,1,0,0
C01_nominal_100rpm_10A,P,not_slow_tick,not_slow_tick,active,active,126,0.0125,1,1,1,0,0,0
C01_nominal_100rpm_10A,P,not_slow_tick,not_slow_tick,active,active,127,0.0126,1,1,1,0,0,0
C01_nominal_100rpm_10A,P,not_slow_tick,not_slow_tick,active,active,128,0.0127,1,0,1,0,0,0
C01_nominal_100rpm_10A,P,not_slow_tick,not_slow_tick,active,active,129,0.0128,1,1,1,0,0,0
C01_nominal_100rpm_10A,P,not_slow_tick,not_slow_tick,active,active,130,0.0129,1,1,1,0,0,0
C01_nominal_100rpm_10A,P,not_slow_tick,not_slow_tick,active,active,131,0.013,1,1,1,0,0,0
C01_nominal_100rpm_10A,P,not_slow_tick,not_slow_tick,active,active,132,0.0131,1,1,1,1,0,0
C01_nominal_100rpm_10A,P,not_slow_tick,not_slow_tick,active,active,133,0.0132,1,1,1,0,0,0
C01_nominal_100rpm_10A,P,not_slow_tick,not_slow_tick,active,active,134,0.0133,1,1,1,0,0,0
C01_nominal_100rpm_10A,P,not_slow_tick,not_slow_tick,active,active,135,0.0134,1,1,1,0,0,0
C01_nominal_100rpm_10A,P,not_slow_tick,not_slow_tick,active,active,136,0.0135,1,1,1,1,0,0
C01_nominal_100rpm_10A,P,not_slow_tick,not_slow_tick,active,active,137,0.0136,1,1,1,0,0,0
C01_nominal_100rpm_10A,P,not_slow_tick,not_slow_tick,active,active,138,0.0137,1,1,1,0,0,0
C01_nominal_100rpm_10A,P,not_slow_tick,not_slow_tick,active,active,139,0.0138,1,1,1,0,0,0
C01_nominal_100rpm_10A,P,none,none,active,active,140,0.0139,1,1,1,1,1,1
C01_nominal_100rpm_10A,P,not_slow_tick,not_slow_tick,active,active,141,0.014,1,0,1,0,0,0
C01_nominal_100rpm_10A,P,not_slow_tick,not_slow_tick,active,active,142,0.0141,1,1,1,0,0,0
C01_nominal_100rpm_10A,P,not_slow_tick,not_slow_tick,active,active,143,0.0142,1,1,1,1,0,0
C01_nominal_100rpm_10A,P,not_slow_tick,not_slow_tick,active,active,144,0.0143,1,1,1,0,0,0
C01_nominal_100rpm_10A,P,not_slow_tick,not_slow_tick,active,active,145,0.0144,1,1,1,1,0,0
C01_nominal_100rpm_10A,P,not_slow_tick,not_slow_tick,active,active,146,0.0145,1,0,1,1,0,0
C01_nominal_100rpm_10A,P,not_slow_tick,not_slow_tick,active,active,147,0.0146,1,1,1,1,0,0
C01_nominal_100rpm_10A,P,not_slow_tick,not_slow_tick,active,active,148,0.0147,1,1,1,1,0,0
C01_nominal_100rpm_10A,P,not_slow_tick,not_slow_tick,active,active,149,0.0148,1,1,1,0,0,0
C01_nominal_100rpm_10A,P,not_slow_tick,not_slow_tick,active,active,150,0.0149,1,1,1,1,0,0
C01_nominal_100rpm_10A,P,not_slow_tick,not_slow_tick,active,active,151,0.015,1,1,1,1,0,0
C01_nominal_100rpm_10A,P,not_slow_tick,not_slow_tick,active,active,152,0.0151,1,1,1,1,0,0
C01_nominal_100rpm_10A,P,not_slow_tick,not_slow_tick,active,active,153,0.0152,1,1,1,1,0,0
C01_nominal_100rpm_10A,P,not_slow_tick,not_slow_tick,active,active,154,0.0153,0,1,1,1,0,0
C01_nominal_100rpm_10A,P,not_slow_tick,not_slow_tick,active,active,155,0.0154,0,1,1,1,0,0
C01_nominal_100rpm_10A,P,not_slow_tick,not_slow_tick,active,active,156,0.0155,1,1,1,1,0,0
C01_nominal_100rpm_10A,P,not_slow_tick,not_slow_tick,active,active,157,0.0156,1,1,1,0,0,0
C01_nominal_100rpm_10A,P,not_slow_tick,not_slow_tick,active,active,158,0.0157,1,1,1,0,0,0
C01_nominal_100rpm_10A,P,not_slow_tick,not_slow_tick,active,active,159,0.0158,1,1,1,0,0,0
C01_nominal_100rpm_10A,P,u_hp_below_threshold,none,frozen_excitation,active,160,0.0159,0,1,1,0,0,1
C01_nominal_100rpm_10A,P,not_slow_tick,not_slow_tick,active,active,161,0.016,0,1,1,0,0,0
C01_nominal_100rpm_10A,P,not_slow_tick,not_slow_tick,active,active,162,0.0161,0,0,1,0,0,0
C01_nominal_100rpm_10A,P,not_slow_tick,not_slow_tick,active,active,163,0.0162,0,0,1,0,0,0
C01_nominal_100rpm_10A,P,not_slow_tick,not_slow_tick,active,active,164,0.0163,0,0,1,0,0,0
C01_nominal_100rpm_10A,P,not_slow_tick,not_slow_tick,active,active,165,0.0164,0,0,1,0,0,0
C01_nominal_100rpm_10A,P,not_slow_tick,not_slow_tick,active,active,166,0.0165,0,0,1,0,0,0
C01_nominal_100rpm_10A,P,not_slow_tick,not_slow_tick,active,active,167,0.0166,0,0,1,1,0,0
C01_nominal_100rpm_10A,P,not_slow_tick,not_slow_tick,active,active,168,0.0167,0,0,1,1,0,0
C01_nominal_100rpm_10A,P,not_slow_tick,not_slow_tick,active,active,169,0.0168,0,0,1,1,0,0
C01_nominal_100rpm_10A,P,not_slow_tick,not_slow_tick,active,active,170,0.0169,0,0,1,1,0,0
C01_nominal_100rpm_10A,P,not_slow_tick,not_slow_tick,active,active,171,0.017,0,0,1,0,0,0
C01_nominal_100rpm_10A,P,not_slow_tick,not_slow_tick,active,active,172,0.0171,0,0,1,0,0,0
C01_nominal_100rpm_10A,P,not_slow_tick,not_slow_tick,active,active,173,0.0172,0,0,1,0,0,0
C01_nominal_100rpm_10A,P,not_slow_tick,not_slow_tick,active,active,174,0.0173,0,0,1,0,0,0
C01_nominal_100rpm_10A,P,not_slow_tick,not_slow_tick,active,active,175,0.0174,0,1,1,0,0,0
C01_nominal_100rpm_10A,P,not_slow_tick,not_slow_tick,active,active,176,0.0175,0,1,1,0,0,0
C01_nominal_100rpm_10A,P,not_slow_tick,not_slow_tick,active,active,177,0.0176,0,1,1,0,0,0
C01_nominal_100rpm_10A,P,not_slow_tick,not_slow_tick,active,active,178,0.0177,0,1,1,0,0,0
C01_nominal_100rpm_10A,P,not_slow_tick,not_slow_tick,active,active,179,0.0178,0,1,1,1,0,0
C01_nominal_100rpm_10A,P,u_hp_below_threshold,none,frozen_excitation,active,180,0.0179,0,1,1,0,0,1
C01_nominal_100rpm_10A,P,not_slow_tick,not_slow_tick,active,active,181,0.018,0,1,1,0,0,0
C01_nominal_100rpm_10A,P,not_slow_tick,not_slow_tick,active,active,182,0.0181,0,1,1,0,0,0
C01_nominal_100rpm_10A,P,not_slow_tick,not_slow_tick,active,active,183,0.0182,1,1,1,0,0,0
C01_nominal_100rpm_10A,P,not_slow_tick,not_slow_tick,active,active,184,0.0183,0,1,1,0,0,0
C01_nominal_100rpm_10A,P,not_slow_tick,not_slow_tick,active,active,185,0.0184,0,1,1,0,0,0
C01_nominal_100rpm_10A,P,not_slow_tick,not_slow_tick,active,active,186,0.0185,1,1,1,0,0,0
C01_nominal_100rpm_10A,P,not_slow_tick,not_slow_tick,active,active,187,0.0186,0,1,1,1,0,0
C01_nominal_100rpm_10A,P,not_slow_tick,not_slow_tick,active,active,188,0.0187,0,1,1,0,0,0
C01_nominal_100rpm_10A,P,not_slow_tick,not_slow_tick,active,active,189,0.0188,1,1,1,0,0,0
C01_nominal_100rpm_10A,P,not_slow_tick,not_slow_tick,active,active,190,0.0189,1,1,1,0,0,0
C01_nominal_100rpm_10A,P,not_slow_tick,not_slow_tick,active,active,191,0.019,1,1,1,0,0,0
C01_nominal_100rpm_10A,P,not_slow_tick,not_slow_tick,active,active,192,0.0191,1,1,1,0,0,0
C01_nominal_100rpm_10A,P,not_slow_tick,not_slow_tick,active,active,193,0.0192,1,1,1,1,0,0
C01_nominal_100rpm_10A,P,not_slow_tick,not_slow_tick,active,active,194,0.0193,1,0,1,0,0,0
C01_nominal_100rpm_10A,P,not_slow_tick,not_slow_tick,active,active,195,0.0194,1,1,1,0,0,0
C01_nominal_100rpm_10A,P,not_slow_tick,not_slow_tick,active,active,196,0.0195,1,1,1,0,0,0
C01_nominal_100rpm_10A,P,not_slow_tick,not_slow_tick,active,active,197,0.0196,1,1,1,0,0,0
C01_nominal_100rpm_10A,P,not_slow_tick,not_slow_tick,active,active,198,0.0197,1,1,1,0,0,0
C01_nominal_100rpm_10A,P,not_slow_tick,not_slow_tick,active,active,199,0.0198,1,0,1,1,0,0
C01_nominal_100rpm_10A,P,none,none,active,active,200,0.0199,1,1,1,0,1,1
C01_nominal_100rpm_10A,P,not_slow_tick,not_slow_tick,active,active,201,0.02,1,1,1,0,0,0
C01_nominal_100rpm_10A,P,not_slow_tick,not_slow_tick,active,active,202,0.0201,1,1,1,0,0,0
C01_nominal_100rpm_10A,P,not_slow_tick,not_slow_tick,active,active,203,0.0202,1,1,1,0,0,0
C01_nominal_100rpm_10A,P,not_slow_tick,not_slow_tick,active,active,204,0.0203,1,1,1,1,0,0
C01_nominal_100rpm_10A,P,not_slow_tick,not_slow_tick,active,active,205,0.0204,1,1,1,0,0,0
C01_nominal_100rpm_10A,P,not_slow_tick,not_slow_tick,active,active,206,0.0205,1,1,1,1,0,0
C01_nominal_100rpm_10A,P,not_slow_tick,not_slow_tick,active,active,207,0.0206,1,1,1,0,0,0
C01_nominal_100rpm_10A,P,not_slow_tick,not_slow_tick,active,active,208,0.0207,1,1,1,0,0,0
C01_nominal_100rpm_10A,P,not_slow_tick,not_slow_tick,active,active,209,0.0208,1,0,1,1,0,0
C01_nominal_100rpm_10A,P,not_slow_tick,not_slow_tick,active,active,210,0.0209,1,1,1,0,0,0
C01_nominal_100rpm_10A,P,not_slow_tick,not_slow_tick,active,active,211,0.021,1,1,1,0,0,0
C01_nominal_100rpm_10A,P,not_slow_tick,not_slow_tick,active,active,212,0.0211,1,1,1,0,0,0
C01_nominal_100rpm_10A,P,not_slow_tick,not_slow_tick,active,active,213,0.0212,1,1,1,0,0,0
C01_nominal_100rpm_10A,P,not_slow_tick,not_slow_tick,active,active,214,0.0213,1,1,1,0,0,0
C01_nominal_100rpm_10A,P,not_slow_tick,not_slow_tick,active,active,215,0.0214,1,1,1,0,0,0
C01_nominal_100rpm_10A,P,not_slow_tick,not_slow_tick,active,active,216,0.0215,1,1,1,1,0,0
C01_nominal_100rpm_10A,P,not_slow_tick,not_slow_tick,active,active,217,0.0216,0,1,1,0,0,0
C01_nominal_100rpm_10A,P,not_slow_tick,not_slow_tick,active,active,218,0.0217,1,1,1,0,0,0
C01_nominal_100rpm_10A,P,not_slow_tick,not_slow_tick,active,active,219,0.0218,1,1,1,1,0,0
C01_nominal_100rpm_10A,P,none,none,active,active,220,0.0219,1,1,1,0,1,1
C01_nominal_100rpm_10A,P,not_slow_tick,not_slow_tick,active,active,221,0.022,1,1,1,0,0,0
C01_nominal_100rpm_10A,P,not_slow_tick,not_slow_tick,active,active,222,0.0221,1,1,1,0,0,0
C01_nominal_100rpm_10A,P,not_slow_tick,not_slow_tick,active,active,223,0.0222,1,0,1,0,0,0
C01_nominal_100rpm_10A,P,not_slow_tick,not_slow_tick,active,active,224,0.0223,1,1,1,0,0,0
C01_nominal_100rpm_10A,P,not_slow_tick,not_slow_tick,active,active,225,0.0224,1,1,1,0,0,0
C01_nominal_100rpm_10A,P,not_slow_tick,not_slow_tick,active,active,226,0.0225,1,1,1,1,0,0
C01_nominal_100rpm_10A,P,not_slow_tick,not_slow_tick,active,active,227,0.0226,1,1,1,0,0,0
C01_nominal_100rpm_10A,P,not_slow_tick,not_slow_tick,active,active,228,0.0227,1,1,1,1,0,0
C01_nominal_100rpm_10A,P,not_slow_tick,not_slow_tick,active,active,229,0.0228,1,1,1,0,0,0
C01_nominal_100rpm_10A,P,not_slow_tick,not_slow_tick,active,active,230,0.0229,1,1,1,1,0,0
C01_nominal_100rpm_10A,P,not_slow_tick,not_slow_tick,active,active,231,0.023,1,1,1,0,0,0
C01_nominal_100rpm_10A,P,not_slow_tick,not_slow_tick,active,active,232,0.0231,1,1,1,1,0,0
C01_nominal_100rpm_10A,P,not_slow_tick,not_slow_tick,active,active,233,0.0232,1,1,1,0,0,0
C01_nominal_100rpm_10A,P,not_slow_tick,not_slow_tick,active,active,234,0.0233,1,1,1,1,0,0
C01_nominal_100rpm_10A,P,not_slow_tick,not_slow_tick,active,active,235,0.0234,1,1,1,0,0,0
C01_nominal_100rpm_10A,P,not_slow_tick,not_slow_tick,active,active,236,0.0235,1,1,1,1,0,0
C01_nominal_100rpm_10A,P,not_slow_tick,not_slow_tick,active,active,237,0.0236,1,1,1,1,0,0
C01_nominal_100rpm_10A,P,not_slow_tick,not_slow_tick,active,active,238,0.0237,1,1,1,0,0,0
C01_nominal_100rpm_10A,P,not_slow_tick,not_slow_tick,active,active,239,0.0238,1,1,1,1,0,0
C01_nominal_100rpm_10A,P,none,none,active,active,240,0.0239,1,1,1,1,1,1
C01_nominal_100rpm_10A,P,not_slow_tick,not_slow_tick,active,active,241,0.024,1,1,1,0,0,0
C01_nominal_100rpm_10A,P,not_slow_tick,not_slow_tick,active,active,242,0.0241,1,1,1,0,0,0
C01_nominal_100rpm_10A,P,not_slow_tick,not_slow_tick,active,active,243,0.0242,1,1,1,1,0,0
C01_nominal_100rpm_10A,P,not_slow_tick,not_slow_tick,active,active,244,0.0243,1,1,1,1,0,0
C01_nominal_100rpm_10A,P,not_slow_tick,not_slow_tick,active,active,245,0.0244,1,1,1,0,0,0
C01_nominal_100rpm_10A,P,not_slow_tick,not_slow_tick,active,active,246,0.0245,1,1,1,0,0,0
C01_nominal_100rpm_10A,P,not_slow_tick,not_slow_tick,active,active,247,0.0246,1,1,1,0,0,0
C01_nominal_100rpm_10A,P,not_slow_tick,not_slow_tick,active,active,248,0.0247,1,1,1,0,0,0
C01_nominal_100rpm_10A,P,not_slow_tick,not_slow_tick,active,active,249,0.0248,1,1,1,1,0,0
C01_nominal_100rpm_10A,P,not_slow_tick,not_slow_tick,active,active,250,0.0249,1,1,1,0,0,0
C01_nominal_100rpm_10A,P,not_slow_tick,not_slow_tick,active,active,251,0.025,1,1,1,1,0,0
C01_nominal_100rpm_10A,P,not_slow_tick,not_slow_tick,active,active,252,0.0251,1,1,1,0,0,0
C01_nominal_100rpm_10A,P,not_slow_tick,not_slow_tick,active,active,253,0.0252,1,1,1,1,0,0
C01_nominal_100rpm_10A,P,not_slow_tick,not_slow_tick,active,active,254,0.0253,1,1,1,0,0,0
C01_nominal_100rpm_10A,P,not_slow_tick,not_slow_tick,active,active,255,0.0254,1,1,1,0,0,0
C01_nominal_100rpm_10A,P,not_slow_tick,not_slow_tick,active,active,256,0.0255,1,1,1,0,0,0
C01_nominal_100rpm_10A,P,not_slow_tick,not_slow_tick,active,active,257,0.0256,1,1,1,0,0,0
C01_nominal_100rpm_10A,P,not_slow_tick,not_slow_tick,active,active,258,0.0257,1,1,1,1,0,0
C01_nominal_100rpm_10A,P,not_slow_tick,not_slow_tick,active,active,259,0.0258,1,1,1,0,0,0
C01_nominal_100rpm_10A,P,none,none,active,active,260,0.0259,1,1,1,1,1,1
C01_nominal_100rpm_10A,P,not_slow_tick,not_slow_tick,active,active,261,0.026,1,1,1,0,0,0
C01_nominal_100rpm_10A,P,not_slow_tick,not_slow_tick,active,active,262,0.0261,1,1,1,0,0,0
C01_nominal_100rpm_10A,P,not_slow_tick,not_slow_tick,active,active,263,0.0262,0,1,1,1,0,0
C01_nominal_100rpm_10A,P,not_slow_tick,not_slow_tick,active,active,264,0.0263,1,1,1,0,0,0
C01_nominal_100rpm_10A,P,not_slow_tick,not_slow_tick,active,active,265,0.0264,1,1,1,1,0,0
C01_nominal_100rpm_10A,P,not_slow_tick,not_slow_tick,active,active,266,0.0265,1,1,1,1,0,0
C01_nominal_100rpm_10A,P,not_slow_tick,not_slow_tick,active,active,267,0.0266,1,1,1,0,0,0
C01_nominal_100rpm_10A,P,not_slow_tick,not_slow_tick,active,active,268,0.0267,1,1,1,0,0,0
C01_nominal_100rpm_10A,P,not_slow_tick,not_slow_tick,active,active,269,0.0268,0,1,1,0,0,0
C01_nominal_100rpm_10A,P,not_slow_tick,not_slow_tick,active,active,270,0.0269,1,1,1,1,0,0
C01_nominal_100rpm_10A,P,not_slow_tick,not_slow_tick,active,active,271,0.027,1,1,1,0,0,0
C01_nominal_100rpm_10A,P,not_slow_tick,not_slow_tick,active,active,272,0.0271,1,1,1,0,0,0
C01_nominal_100rpm_10A,P,not_slow_tick,not_slow_tick,active,active,273,0.0272,1,1,1,0,0,0
C01_nominal_100rpm_10A,P,not_slow_tick,not_slow_tick,active,active,274,0.0273,1,1,1,0,0,0
C01_nominal_100rpm_10A,P,not_slow_tick,not_slow_tick,active,active,275,0.0274,1,1,1,0,0,0
C01_nominal_100rpm_10A,P,not_slow_tick,not_slow_tick,active,active,276,0.0275,1,1,1,1,0,0
C01_nominal_100rpm_10A,P,not_slow_tick,not_slow_tick,active,active,277,0.0276,1,1,1,0,0,0
C01_nominal_100rpm_10A,P,not_slow_tick,not_slow_tick,active,active,278,0.0277,1,1,1,0,0,0
C01_nominal_100rpm_10A,P,not_slow_tick,not_slow_tick,active,active,279,0.0278,1,1,1,0,0,0
C01_nominal_100rpm_10A,P,none,none,active,active,280,0.0279,1,1,1,0,1,1
C01_nominal_100rpm_10A,P,not_slow_tick,not_slow_tick,active,active,281,0.028,1,1,1,1,0,0
C01_nominal_100rpm_10A,P,not_slow_tick,not_slow_tick,active,active,282,0.0281,1,1,1,0,0,0
C01_nominal_100rpm_10A,P,not_slow_tick,not_slow_tick,active,active,283,0.0282,1,1,1,1,0,0
C01_nominal_100rpm_10A,P,not_slow_tick,not_slow_tick,active,active,284,0.0283,1,0,1,0,0,0
C01_nominal_100rpm_10A,P,not_slow_tick,not_slow_tick,active,active,285,0.0284,1,1,1,0,0,0
C01_nominal_100rpm_10A,P,not_slow_tick,not_slow_tick,active,active,286,0.0285,1,1,1,0,0,0
C01_nominal_100rpm_10A,P,not_slow_tick,not_slow_tick,active,active,287,0.0286,1,1,1,0,0,0
C01_nominal_100rpm_10A,P,not_slow_tick,not_slow_tick,active,active,288,0.0287,1,1,1,0,0,0
C01_nominal_100rpm_10A,P,not_slow_tick,not_slow_tick,active,active,289,0.0288,1,1,1,0,0,0
C01_nominal_100rpm_10A,P,not_slow_tick,not_slow_tick,active,active,290,0.0289,1,1,1,0,0,0
C01_nominal_100rpm_10A,P,not_slow_tick,not_slow_tick,active,active,291,0.029,1,1,1,0,0,0
C01_nominal_100rpm_10A,P,not_slow_tick,not_slow_tick,active,active,292,0.0291,1,1,1,0,0,0
C01_nominal_100rpm_10A,P,not_slow_tick,not_slow_tick,active,active,293,0.0292,1,1,1,0,0,0
C01_nominal_100rpm_10A,P,not_slow_tick,not_slow_tick,active,active,294,0.0293,1,1,1,0,0,0
C01_nominal_100rpm_10A,P,not_slow_tick,not_slow_tick,active,active,295,0.0294,1,1,1,0,0,0
C01_nominal_100rpm_10A,P,not_slow_tick,not_slow_tick,active,active,296,0.0295,1,1,1,0,0,0
C01_nominal_100rpm_10A,P,not_slow_tick,not_slow_tick,active,active,297,0.0296,1,1,1,0,0,0
C01_nominal_100rpm_10A,P,not_slow_tick,not_slow_tick,active,active,298,0.0297,1,1,1,1,0,0
C01_nominal_100rpm_10A,P,not_slow_tick,not_slow_tick,active,active,299,0.0298,1,1,1,1,0,0
C01_nominal_100rpm_10A,P,none,none,active,active,300,0.0299,1,1,1,0,1,1
C01_nominal_100rpm_10A,P,not_slow_tick,not_slow_tick,active,active,301,0.03,1,1,1,0,0,0
C01_nominal_100rpm_10A,P,not_slow_tick,not_slow_tick,active,active,302,0.0301,1,1,1,1,0,0
C01_nominal_100rpm_10A,P,not_slow_tick,not_slow_tick,active,active,303,0.0302,1,1,1,0,0,0
C01_nominal_100rpm_10A,P,not_slow_tick,not_slow_tick,active,active,304,0.0303,1,1,1,1,0,0
C01_nominal_100rpm_10A,P,not_slow_tick,not_slow_tick,active,active,305,0.0304,1,1,1,0,0,0
C01_nominal_100rpm_10A,P,not_slow_tick,not_slow_tick,active,active,306,0.0305,1,1,1,0,0,0
C01_nominal_100rpm_10A,P,not_slow_tick,not_slow_tick,active,active,307,0.0306,1,1,1,0,0,0
C01_nominal_100rpm_10A,P,not_slow_tick,not_slow_tick,active,active,308,0.0307,1,1,1,1,0,0
C01_nominal_100rpm_10A,P,not_slow_tick,not_slow_tick,active,active,309,0.0308,1,0,1,0,0,0
C01_nominal_100rpm_10A,P,not_slow_tick,not_slow_tick,active,active,310,0.0309,1,1,1,1,0,0
C01_nominal_100rpm_10A,P,not_slow_tick,not_slow_tick,active,active,311,0.031,1,1,1,1,0,0
C01_nominal_100rpm_10A,P,not_slow_tick,not_slow_tick,active,active,312,0.0311,1,1,1,0,0,0
C01_nominal_100rpm_10A,P,not_slow_tick,not_slow_tick,active,active,313,0.0312,1,1,1,1,0,0
C01_nominal_100rpm_10A,P,not_slow_tick,not_slow_tick,active,active,314,0.0313,1,1,1,1,0,0
C01_nominal_100rpm_10A,P,not_slow_tick,not_slow_tick,active,active,315,0.0314,1,1,1,1,0,0
C01_nominal_100rpm_10A,P,not_slow_tick,not_slow_tick,active,active,316,0.0315,1,1,1,1,0,0
C01_nominal_100rpm_10A,P,not_slow_tick,not_slow_tick,active,active,317,0.0316,1,1,1,0,0,0
C01_nominal_100rpm_10A,P,not_slow_tick,not_slow_tick,active,active,318,0.0317,1,1,1,1,0,0
C01_nominal_100rpm_10A,P,not_slow_tick,not_slow_tick,active,active,319,0.0318,1,1,1,1,0,0
C01_nominal_100rpm_10A,P,none,none,active,active,320,0.0319,1,1,1,0,1,1
C01_nominal_100rpm_10A,P,not_slow_tick,not_slow_tick,active,active,321,0.032,1,1,1,0,0,0
C01_nominal_100rpm_10A,P,not_slow_tick,not_slow_tick,active,active,322,0.0321,0,1,1,1,0,0
C01_nominal_100rpm_10A,P,not_slow_tick,not_slow_tick,active,active,323,0.0322,0,1,1,1,0,0
C01_nominal_100rpm_10A,P,not_slow_tick,not_slow_tick,active,active,324,0.0323,0,1,1,1,0,0
C01_nominal_100rpm_10A,P,not_slow_tick,not_slow_tick,active,active,325,0.0324,1,1,1,1,0,0
C01_nominal_100rpm_10A,P,not_slow_tick,not_slow_tick,active,active,326,0.0325,1,1,1,0,0,0
C01_nominal_100rpm_10A,P,not_slow_tick,not_slow_tick,active,active,327,0.0326,1,1,1,0,0,0
C01_nominal_100rpm_10A,P,not_slow_tick,not_slow_tick,active,active,328,0.0327,1,1,1,1,0,0
C01_nominal_100rpm_10A,P,not_slow_tick,not_slow_tick,active,active,329,0.0328,1,1,1,0,0,0
C01_nominal_100rpm_10A,P,not_slow_tick,not_slow_tick,active,active,330,0.0329,1,1,1,0,0,0
C01_nominal_100rpm_10A,P,not_slow_tick,not_slow_tick,active,active,331,0.033,0,0,1,0,0,0
C01_nominal_100rpm_10A,P,not_slow_tick,not_slow_tick,active,active,332,0.0331,0,0,1,0,0,0
C01_nominal_100rpm_10A,P,not_slow_tick,not_slow_tick,active,active,333,0.0332,0,0,1,0,0,0
C01_nominal_100rpm_10A,P,not_slow_tick,not_slow_tick,active,active,334,0.0333,0,0,1,0,0,0
C01_nominal_100rpm_10A,P,not_slow_tick,not_slow_tick,active,active,335,0.0334,0,0,1,0,0,0
C01_nominal_100rpm_10A,P,not_slow_tick,not_slow_tick,active,active,336,0.0335,0,0,1,0,0,0
C01_nominal_100rpm_10A,P,not_slow_tick,not_slow_tick,active,active,337,0.0336,0,0,1,0,0,0
C01_nominal_100rpm_10A,P,not_slow_tick,not_slow_tick,active,active,338,0.0337,0,0,1,0,0,0
C01_nominal_100rpm_10A,P,not_slow_tick,not_slow_tick,active,active,339,0.0338,0,0,1,0,0,0
C01_nominal_100rpm_10A,P,u_hp_below_threshold,u_hp_below_threshold,frozen_excitation,frozen_excitation,340,0.0339,0,0,1,0,0,0
C01_nominal_100rpm_10A,P,not_slow_tick,not_slow_tick,active,active,341,0.034,0,1,1,1,0,0
C01_nominal_100rpm_10A,P,not_slow_tick,not_slow_tick,active,active,342,0.0341,1,1,1,0,0,0
C01_nominal_100rpm_10A,P,not_slow_tick,not_slow_tick,active,active,343,0.0342,1,1,1,0,0,0
C01_nominal_100rpm_10A,P,not_slow_tick,not_slow_tick,active,active,344,0.0343,1,1,1,1,0,0
C01_nominal_100rpm_10A,P,not_slow_tick,not_slow_tick,active,active,345,0.0344,1,1,1,0,0,0
C01_nominal_100rpm_10A,P,not_slow_tick,not_slow_tick,active,active,346,0.0345,1,1,1,0,0,0
C01_nominal_100rpm_10A,P,not_slow_tick,not_slow_tick,active,active,347,0.0346,0,1,1,0,0,0
C01_nominal_100rpm_10A,P,not_slow_tick,not_slow_tick,active,active,348,0.0347,1,1,1,0,0,0
C01_nominal_100rpm_10A,P,not_slow_tick,not_slow_tick,active,active,349,0.0348,0,1,1,0,0,0
C01_nominal_100rpm_10A,P,not_slow_tick,not_slow_tick,active,active,350,0.0349,1,1,1,1,0,0
C01_nominal_100rpm_10A,P,not_slow_tick,not_slow_tick,active,active,351,0.035,0,1,1,0,0,0
C01_nominal_100rpm_10A,P,not_slow_tick,not_slow_tick,active,active,352,0.0351,1,1,1,0,0,0
C01_nominal_100rpm_10A,P,not_slow_tick,not_slow_tick,active,active,353,0.0352,0,1,1,0,0,0
C01_nominal_100rpm_10A,P,not_slow_tick,not_slow_tick,active,active,354,0.0353,1,1,1,1,0,0
C01_nominal_100rpm_10A,P,not_slow_tick,not_slow_tick,active,active,355,0.0354,1,1,1,0,0,0
C01_nominal_100rpm_10A,P,not_slow_tick,not_slow_tick,active,active,356,0.0355,1,1,1,0,0,0
C01_nominal_100rpm_10A,P,not_slow_tick,not_slow_tick,active,active,357,0.0356,1,1,1,0,0,0
C01_nominal_100rpm_10A,P,not_slow_tick,not_slow_tick,active,active,358,0.0357,1,1,1,1,0,0
C01_nominal_100rpm_10A,P,not_slow_tick,not_slow_tick,active,active,359,0.0358,1,1,1,0,0,0
C01_nominal_100rpm_10A,P,none,none,active,active,360,0.0359,1,1,1,0,1,1
C01_nominal_100rpm_10A,P,not_slow_tick,not_slow_tick,active,active,361,0.036,1,1,1,0,0,0
C01_nominal_100rpm_10A,P,not_slow_tick,not_slow_tick,active,active,362,0.0361,1,1,1,0,0,0
C01_nominal_100rpm_10A,P,not_slow_tick,not_slow_tick,active,active,363,0.0362,1,1,1,1,0,0
C01_nominal_100rpm_10A,P,not_slow_tick,not_slow_tick,active,active,364,0.0363,1,1,1,0,0,0
C01_nominal_100rpm_10A,P,not_slow_tick,not_slow_tick,active,active,365,0.0364,1,0,1,0,0,0
C01_nominal_100rpm_10A,P,not_slow_tick,not_slow_tick,active,active,366,0.0365,1,1,1,0,0,0
C01_nominal_100rpm_10A,P,not_slow_tick,not_slow_tick,active,active,367,0.0366,1,1,1,0,0,0
C01_nominal_100rpm_10A,P,not_slow_tick,not_slow_tick,active,active,368,0.0367,1,1,1,0,0,0
C01_nominal_100rpm_10A,P,not_slow_tick,not_slow_tick,active,active,369,0.0368,1,1,1,0,0,0
C01_nominal_100rpm_10A,P,not_slow_tick,not_slow_tick,active,active,370,0.0369,1,1,1,1,0,0
C01_nominal_100rpm_10A,P,not_slow_tick,not_slow_tick,active,active,371,0.037,1,1,1,0,0,0
C01_nominal_100rpm_10A,P,not_slow_tick,not_slow_tick,active,active,372,0.0371,1,1,1,1,0,0
C01_nominal_100rpm_10A,P,not_slow_tick,not_slow_tick,active,active,373,0.0372,1,1,1,0,0,0
C01_nominal_100rpm_10A,P,not_slow_tick,not_slow_tick,active,active,374,0.0373,1,1,1,0,0,0
C01_nominal_100rpm_10A,P,not_slow_tick,not_slow_tick,active,active,375,0.0374,1,0,1,1,0,0
C01_nominal_100rpm_10A,P,not_slow_tick,not_slow_tick,active,active,376,0.0375,1,1,1,0,0,0
C01_nominal_100rpm_10A,P,not_slow_tick,not_slow_tick,active,active,377,0.0376,1,1,1,0,0,0
C01_nominal_100rpm_10A,P,not_slow_tick,not_slow_tick,active,active,378,0.0377,1,1,1,0,0,0
C01_nominal_100rpm_10A,P,not_slow_tick,not_slow_tick,active,active,379,0.0378,1,1,1,0,0,0
C01_nominal_100rpm_10A,P,none,none,active,active,380,0.0379,1,1,1,0,1,1
C01_nominal_100rpm_10A,P,not_slow_tick,not_slow_tick,active,active,381,0.038,1,1,1,0,0,0
C01_nominal_100rpm_10A,P,not_slow_tick,not_slow_tick,active,active,382,0.0381,1,1,1,1,0,0
C01_nominal_100rpm_10A,P,not_slow_tick,not_slow_tick,active,active,383,0.0382,1,1,1,0,0,0
C01_nominal_100rpm_10A,P,not_slow_tick,not_slow_tick,active,active,384,0.0383,1,1,1,0,0,0
C01_nominal_100rpm_10A,P,not_slow_tick,not_slow_tick,active,active,385,0.0384,1,1,1,0,0,0
C01_nominal_100rpm_10A,P,not_slow_tick,not_slow_tick,active,active,386,0.0385,1,1,1,0,0,0
C01_nominal_100rpm_10A,P,not_slow_tick,not_slow_tick,active,active,387,0.0386,1,1,1,0,0,0
C01_nominal_100rpm_10A,P,not_slow_tick,not_slow_tick,active,active,388,0.0387,1,1,1,0,0,0
C01_nominal_100rpm_10A,P,not_slow_tick,not_slow_tick,active,active,389,0.0388,1,0,1,0,0,0
C01_nominal_100rpm_10A,P,not_slow_tick,not_slow_tick,active,active,390,0.0389,1,1,1,0,0,0
C01_nominal_100rpm_10A,P,not_slow_tick,not_slow_tick,active,active,391,0.039,1,1,1,0,0,0
C01_nominal_100rpm_10A,P,not_slow_tick,not_slow_tick,active,active,392,0.0391,1,1,1,0,0,0
C01_nominal_100rpm_10A,P,not_slow_tick,not_slow_tick,active,active,393,0.0392,1,1,1,1,0,0
C01_nominal_100rpm_10A,P,not_slow_tick,not_slow_tick,active,active,394,0.0393,1,1,1,0,0,0
C01_nominal_100rpm_10A,P,not_slow_tick,not_slow_tick,active,active,395,0.0394,1,1,1,1,0,0
C01_nominal_100rpm_10A,P,not_slow_tick,not_slow_tick,active,active,396,0.0395,1,1,1,0,0,0
C01_nominal_100rpm_10A,P,not_slow_tick,not_slow_tick,active,active,397,0.0396,1,1,1,1,0,0
C01_nominal_100rpm_10A,P,not_slow_tick,not_slow_tick,active,active,398,0.0397,1,1,1,0,0,0
C01_nominal_100rpm_10A,P,not_slow_tick,not_slow_tick,active,active,399,0.0398,1,1,1,1,0,0
C01_nominal_100rpm_10A,P,none,none,active,active,400,0.0399,1,1,1,0,1,1
C01_nominal_100rpm_10A,P,not_slow_tick,not_slow_tick,active,active,401,0.04,1,1,1,1,0,0
C01_nominal_100rpm_10A,P,not_slow_tick,not_slow_tick,active,active,402,0.0401,1,1,1,1,0,0
C01_nominal_100rpm_10A,P,not_slow_tick,not_slow_tick,active,active,403,0.0402,1,1,1,0,0,0
C01_nominal_100rpm_10A,P,not_slow_tick,not_slow_tick,active,active,404,0.0403,1,1,1,1,0,0
C01_nominal_100rpm_10A,P,not_slow_tick,not_slow_tick,active,active,405,0.0404,1,1,1,0,0,0
C01_nominal_100rpm_10A,P,not_slow_tick,not_slow_tick,active,active,406,0.0405,1,1,1,0,0,0
C01_nominal_100rpm_10A,P,not_slow_tick,not_slow_tick,active,active,407,0.0406,1,1,1,1,0,0
C01_nominal_100rpm_10A,P,not_slow_tick,not_slow_tick,active,active,408,0.0407,1,1,1,1,0,0
C01_nominal_100rpm_10A,P,not_slow_tick,not_slow_tick,active,active,409,0.0408,1,1,1,0,0,0
C01_nominal_100rpm_10A,P,not_slow_tick,not_slow_tick,active,active,410,0.0409,1,1,1,0,0,0
C01_nominal_100rpm_10A,P,not_slow_tick,not_slow_tick,active,active,411,0.041,1,1,1,0,0,0
C01_nominal_100rpm_10A,P,not_slow_tick,not_slow_tick,active,active,412,0.0411,0,1,1,1,0,0
C01_nominal_100rpm_10A,P,not_slow_tick,not_slow_tick,active,active,413,0.0412,1,1,1,1,0,0
C01_nominal_100rpm_10A,P,not_slow_tick,not_slow_tick,active,active,414,0.0413,1,1,1,0,0,0
C01_nominal_100rpm_10A,P,not_slow_tick,not_slow_tick,active,active,415,0.0414,1,1,1,1,0,0
C01_nominal_100rpm_10A,P,not_slow_tick,not_slow_tick,active,active,416,0.0415,1,1,1,0,0,0
C01_nominal_100rpm_10A,P,not_slow_tick,not_slow_tick,active,active,417,0.0416,1,1,1,1,0,0
C01_nominal_100rpm_10A,P,not_slow_tick,not_slow_tick,active,active,418,0.0417,1,1,1,0,0,0
C01_nominal_100rpm_10A,P,not_slow_tick,not_slow_tick,active,active,419,0.0418,1,1,1,1,0,0
C01_nominal_100rpm_10A,P,none,none,active,active,420,0.0419,1,1,1,0,1,1
C01_nominal_100rpm_10A,P,not_slow_tick,not_slow_tick,active,active,421,0.042,1,1,1,1,0,0
C01_nominal_100rpm_10A,P,not_slow_tick,not_slow_tick,active,active,422,0.0421,1,1,1,0,0,0
C01_nominal_100rpm_10A,P,not_slow_tick,not_slow_tick,active,active,423,0.0422,1,1,1,1,0,0
C01_nominal_100rpm_10A,P,not_slow_tick,not_slow_tick,active,active,424,0.0423,1,1,1,0,0,0
C01_nominal_100rpm_10A,P,not_slow_tick,not_slow_tick,active,active,425,0.0424,1,1,1,1,0,0
C01_nominal_100rpm_10A,P,not_slow_tick,not_slow_tick,active,active,426,0.0425,1,1,1,0,0,0
C01_nominal_100rpm_10A,P,not_slow_tick,not_slow_tick,active,active,427,0.0426,1,1,1,0,0,0
C01_nominal_100rpm_10A,P,not_slow_tick,not_slow_tick,active,active,428,0.0427,1,1,1,1,0,0
C01_nominal_100rpm_10A,P,not_slow_tick,not_slow_tick,active,active,429,0.0428,1,1,1,0,0,0
C01_nominal_100rpm_10A,P,not_slow_tick,not_slow_tick,active,active,430,0.0429,1,1,1,0,0,0
C01_nominal_100rpm_10A,P,not_slow_tick,not_slow_tick,active,active,431,0.043,1,1,1,1,0,0
C01_nominal_100rpm_10A,P,not_slow_tick,not_slow_tick,active,active,432,0.0431,0,1,1,0,0,0
C01_nominal_100rpm_10A,P,not_slow_tick,not_slow_tick,active,active,433,0.0432,1,1,1,0,0,0
C01_nominal_100rpm_10A,P,not_slow_tick,not_slow_tick,active,active,434,0.0433,0,1,1,0,0,0
C01_nominal_100rpm_10A,P,not_slow_tick,not_slow_tick,active,active,435,0.0434,1,1,1,1,0,0
C01_nominal_100rpm_10A,P,not_slow_tick,not_slow_tick,active,active,436,0.0435,1,1,1,0,0,0
C01_nominal_100rpm_10A,P,not_slow_tick,not_slow_tick,active,active,437,0.0436,1,1,1,0,0,0
C01_nominal_100rpm_10A,P,not_slow_tick,not_slow_tick,active,active,438,0.0437,0,1,1,0,0,0
C01_nominal_100rpm_10A,P,not_slow_tick,not_slow_tick,active,active,439,0.0438,1,1,1,1,0,0
C01_nominal_100rpm_10A,P,none,none,active,active,440,0.0439,1,1,1,0,1,1
C01_nominal_100rpm_10A,P,not_slow_tick,not_slow_tick,active,active,441,0.044,1,1,1,0,0,0
C01_nominal_100rpm_10A,P,not_slow_tick,not_slow_tick,active,active,442,0.0441,1,1,1,1,0,0
C01_nominal_100rpm_10A,P,not_slow_tick,not_slow_tick,active,active,443,0.0442,1,1,1,0,0,0
C01_nominal_100rpm_10A,P,not_slow_tick,not_slow_tick,active,active,444,0.0443,1,1,1,1,0,0
C01_nominal_100rpm_10A,P,not_slow_tick,not_slow_tick,active,active,445,0.0444,1,1,1,0,0,0
C01_nominal_100rpm_10A,P,not_slow_tick,not_slow_tick,active,active,446,0.0445,1,1,1,1,0,0
C01_nominal_100rpm_10A,P,not_slow_tick,not_slow_tick,active,active,447,0.0446,1,1,1,0,0,0
C01_nominal_100rpm_10A,P,not_slow_tick,not_slow_tick,active,active,448,0.0447,1,1,1,0,0,0
C01_nominal_100rpm_10A,P,not_slow_tick,not_slow_tick,active,active,449,0.0448,1,1,1,1,0,0
C01_nominal_100rpm_10A,P,not_slow_tick,not_slow_tick,active,active,450,0.0449,1,1,1,0,0,0
C01_nominal_100rpm_10A,P,not_slow_tick,not_slow_tick,active,active,451,0.045,1,1,1,1,0,0
C01_nominal_100rpm_10A,P,not_slow_tick,not_slow_tick,active,active,452,0.0451,1,0,1,1,0,0
C01_nominal_100rpm_10A,P,not_slow_tick,not_slow_tick,active,active,453,0.0452,1,1,1,0,0,0
C01_nominal_100rpm_10A,P,not_slow_tick,not_slow_tick,active,active,454,0.0453,1,1,1,1,0,0
C01_nominal_100rpm_10A,P,not_slow_tick,not_slow_tick,active,active,455,0.0454,1,0,1,1,0,0
C01_nominal_100rpm_10A,P,not_slow_tick,not_slow_tick,active,active,456,0.0455,1,1,1,0,0,0
C01_nominal_100rpm_10A,P,not_slow_tick,not_slow_tick,active,active,457,0.0456,1,1,1,0,0,0
C01_nominal_100rpm_10A,P,not_slow_tick,not_slow_tick,active,active,458,0.0457,1,0,1,1,0,0
C01_nominal_100rpm_10A,P,not_slow_tick,not_slow_tick,active,active,459,0.0458,1,1,1,0,0,0
C01_nominal_100rpm_10A,P,none,none,active,active,460,0.0459,1,1,1,0,1,1
C01_nominal_100rpm_10A,P,not_slow_tick,not_slow_tick,active,active,461,0.046,1,0,1,0,0,0
C01_nominal_100rpm_10A,P,not_slow_tick,not_slow_tick,active,active,462,0.0461,1,1,1,0,0,0
C01_nominal_100rpm_10A,P,not_slow_tick,not_slow_tick,active,active,463,0.0462,1,1,1,0,0,0
C01_nominal_100rpm_10A,P,not_slow_tick,not_slow_tick,active,active,464,0.0463,1,1,1,0,0,0
C01_nominal_100rpm_10A,P,not_slow_tick,not_slow_tick,active,active,465,0.0464,1,1,1,1,0,0
C01_nominal_100rpm_10A,P,not_slow_tick,not_slow_tick,active,active,466,0.0465,1,1,1,0,0,0
C01_nominal_100rpm_10A,P,not_slow_tick,not_slow_tick,active,active,467,0.0466,1,1,1,0,0,0
C01_nominal_100rpm_10A,P,not_slow_tick,not_slow_tick,active,active,468,0.0467,1,1,1,0,0,0
C01_nominal_100rpm_10A,P,not_slow_tick,not_slow_tick,active,active,469,0.0468,1,1,1,1,0,0
C01_nominal_100rpm_10A,P,not_slow_tick,not_slow_tick,active,active,470,0.0469,1,1,1,0,0,0
C01_nominal_100rpm_10A,P,not_slow_tick,not_slow_tick,active,active,471,0.047,1,1,1,0,0,0
C01_nominal_100rpm_10A,P,not_slow_tick,not_slow_tick,active,active,472,0.0471,1,1,1,0,0,0
C01_nominal_100rpm_10A,P,not_slow_tick,not_slow_tick,active,active,473,0.0472,1,1,1,1,0,0
C01_nominal_100rpm_10A,P,not_slow_tick,not_slow_tick,active,active,474,0.0473,1,1,1,0,0,0
C01_nominal_100rpm_10A,P,not_slow_tick,not_slow_tick,active,active,475,0.0474,1,1,1,0,0,0
C01_nominal_100rpm_10A,P,not_slow_tick,not_slow_tick,active,active,476,0.0475,1,1,1,1,0,0
C01_nominal_100rpm_10A,P,not_slow_tick,not_slow_tick,active,active,477,0.0476,1,1,1,0,0,0
C01_nominal_100rpm_10A,P,not_slow_tick,not_slow_tick,active,active,478,0.0477,1,1,1,1,0,0
C01_nominal_100rpm_10A,P,not_slow_tick,not_slow_tick,active,active,479,0.0478,1,0,1,1,0,0
C01_nominal_100rpm_10A,P,none,none,active,active,480,0.0479,1,1,1,1,1,1
C01_nominal_100rpm_10A,P,not_slow_tick,not_slow_tick,active,active,481,0.048,1,1,1,1,0,0
C01_nominal_100rpm_10A,P,not_slow_tick,not_slow_tick,active,active,482,0.0481,1,1,1,0,0,0
C01_nominal_100rpm_10A,P,not_slow_tick,not_slow_tick,active,active,483,0.0482,1,1,1,1,0,0
C01_nominal_100rpm_10A,P,not_slow_tick,not_slow_tick,active,active,484,0.0483,1,1,1,1,0,0
C01_nominal_100rpm_10A,P,not_slow_tick,not_slow_tick,active,active,485,0.0484,1,1,1,1,0,0
C01_nominal_100rpm_10A,P,not_slow_tick,not_slow_tick,active,active,486,0.0485,1,1,1,1,0,0
C01_nominal_100rpm_10A,P,not_slow_tick,not_slow_tick,active,active,487,0.0486,0,1,1,1,0,0
C01_nominal_100rpm_10A,P,not_slow_tick,not_slow_tick,active,active,488,0.0487,0,1,1,1,0,0
C01_nominal_100rpm_10A,P,not_slow_tick,not_slow_tick,active,active,489,0.0488,1,1,1,1,0,0
C01_nominal_100rpm_10A,P,not_slow_tick,not_slow_tick,active,active,490,0.0489,1,1,1,0,0,0
C01_nominal_100rpm_10A,P,not_slow_tick,not_slow_tick,active,active,491,0.049,1,1,1,0,0,0
C01_nominal_100rpm_10A,P,not_slow_tick,not_slow_tick,active,active,492,0.0491,1,1,1,0,0,0
C01_nominal_100rpm_10A,P,not_slow_tick,not_slow_tick,active,active,493,0.0492,0,1,1,0,0,0
C01_nominal_100rpm_10A,P,not_slow_tick,not_slow_tick,active,active,494,0.0493,0,1,1,0,0,0
C01_nominal_100rpm_10A,P,not_slow_tick,not_slow_tick,active,active,495,0.0494,0,0,1,0,0,0
C01_nominal_100rpm_10A,P,not_slow_tick,not_slow_tick,active,active,496,0.0495,0,0,1,0,0,0
C01_nominal_100rpm_10A,P,not_slow_tick,not_slow_tick,active,active,497,0.0496,0,0,1,0,0,0
C01_nominal_100rpm_10A,P,not_slow_tick,not_slow_tick,active,active,498,0.0497,0,0,1,0,0,0
C01_nominal_100rpm_10A,P,not_slow_tick,not_slow_tick,active,active,499,0.0498,0,0,1,1,0,0
C01_nominal_100rpm_10A,P,u_hp_below_threshold,u_hp_below_threshold,frozen_excitation,frozen_excitation,500,0.0499,0,0,1,1,0,0
C01_nominal_100rpm_10A,P,not_slow_tick,not_slow_tick,active,active,501,0.05,0,0,1,1,0,0
C01_nominal_100rpm_10A,P,not_slow_tick,not_slow_tick,active,active,502,0.0501,0,0,1,1,0,0
C01_nominal_100rpm_10A,P,not_slow_tick,not_slow_tick,active,active,503,0.0502,0,0,1,1,0,0
C01_nominal_100rpm_10A,P,not_slow_tick,not_slow_tick,active,active,504,0.0503,0,0,1,1,0,0
C01_nominal_100rpm_10A,P,not_slow_tick,not_slow_tick,active,active,505,0.0504,0,0,1,0,0,0
C01_nominal_100rpm_10A,P,not_slow_tick,not_slow_tick,active,active,506,0.0505,0,0,1,0,0,0
C01_nominal_100rpm_10A,P,not_slow_tick,not_slow_tick,active,active,507,0.0506,0,0,1,0,0,0
C01_nominal_100rpm_10A,P,not_slow_tick,not_slow_tick,active,active,508,0.0507,0,1,1,0,0,0
C01_nominal_100rpm_10A,P,not_slow_tick,not_slow_tick,active,active,509,0.0508,0,1,1,0,0,0
C01_nominal_100rpm_10A,P,not_slow_tick,not_slow_tick,active,active,510,0.0509,0,1,1,0,0,0
C01_nominal_100rpm_10A,P,not_slow_tick,not_slow_tick,active,active,511,0.051,0,1,1,1,0,0
C01_nominal_100rpm_10A,P,not_slow_tick,not_slow_tick,active,active,512,0.0511,0,1,1,0,0,0
C01_nominal_100rpm_10A,P,not_slow_tick,not_slow_tick,active,active,513,0.0512,0,1,1,0,0,0
C01_nominal_100rpm_10A,P,not_slow_tick,not_slow_tick,active,active,514,0.0513,0,1,1,1,0,0
C01_nominal_100rpm_10A,P,not_slow_tick,not_slow_tick,active,active,515,0.0514,0,1,1,0,0,0
C01_nominal_100rpm_10A,P,not_slow_tick,not_slow_tick,active,active,516,0.0515,1,1,1,0,0,0
C01_nominal_100rpm_10A,P,not_slow_tick,not_slow_tick,active,active,517,0.0516,0,1,1,0,0,0
C01_nominal_100rpm_10A,P,not_slow_tick,not_slow_tick,active,active,518,0.0517,1,1,1,0,0,0
C01_nominal_100rpm_10A,P,not_slow_tick,not_slow_tick,active,active,519,0.0518,1,1,1,1,0,0
C01_nominal_100rpm_10A,P,none,none,active,active,520,0.0519,1,1,1,0,1,1
C01_nominal_100rpm_10A,P,not_slow_tick,not_slow_tick,active,active,521,0.052,1,1,1,0,0,0
C01_nominal_100rpm_10A,P,not_slow_tick,not_slow_tick,active,active,522,0.0521,0,1,1,1,0,0
C01_nominal_100rpm_10A,P,not_slow_tick,not_slow_tick,active,active,523,0.0522,0,1,1,1,0,0
C01_nominal_100rpm_10A,P,not_slow_tick,not_slow_tick,active,active,524,0.0523,1,1,1,0,0,0
C01_nominal_100rpm_10A,P,not_slow_tick,not_slow_tick,active,active,525,0.0524,1,1,1,0,0,0
C01_nominal_100rpm_10A,P,not_slow_tick,not_slow_tick,active,active,526,0.0525,1,1,1,0,0,0
C01_nominal_100rpm_10A,P,not_slow_tick,not_slow_tick,active,active,527,0.0526,1,1,1,0,0,0
C01_nominal_100rpm_10A,P,not_slow_tick,not_slow_tick,active,active,528,0.0527,1,1,1,1,0,0
C01_nominal_100rpm_10A,P,not_slow_tick,not_slow_tick,active,active,529,0.0528,1,1,1,1,0,0
C01_nominal_100rpm_10A,P,not_slow_tick,not_slow_tick,active,active,530,0.0529,1,0,1,0,0,0
C01_nominal_100rpm_10A,P,not_slow_tick,not_slow_tick,active,active,531,0.053,1,1,1,0,0,0
C01_nominal_100rpm_10A,P,not_slow_tick,not_slow_tick,active,active,532,0.0531,1,1,1,0,0,0
C01_nominal_100rpm_10A,P,not_slow_tick,not_slow_tick,active,active,533,0.0532,1,1,1,1,0,0
C01_nominal_100rpm_10A,P,not_slow_tick,not_slow_tick,active,active,534,0.0533,1,1,1,0,0,0
C01_nominal_100rpm_10A,P,not_slow_tick,not_slow_tick,active,active,535,0.0534,1,0,1,1,0,0
C01_nominal_100rpm_10A,P,not_slow_tick,not_slow_tick,active,active,536,0.0535,1,1,1,0,0,0
C01_nominal_100rpm_10A,P,not_slow_tick,not_slow_tick,active,active,537,0.0536,1,1,1,1,0,0
C01_nominal_100rpm_10A,P,not_slow_tick,not_slow_tick,active,active,538,0.0537,1,1,1,0,0,0
C01_nominal_100rpm_10A,P,not_slow_tick,not_slow_tick,active,active,539,0.0538,1,0,1,0,0,0
C01_nominal_100rpm_10A,P,none,none,active,active,540,0.0539,1,1,1,0,1,1
C01_nominal_100rpm_10A,P,not_slow_tick,not_slow_tick,active,active,541,0.054,1,1,1,0,0,0
C01_nominal_100rpm_10A,P,not_slow_tick,not_slow_tick,active,active,542,0.0541,1,1,1,1,0,0
C01_nominal_100rpm_10A,P,not_slow_tick,not_slow_tick,active,active,543,0.0542,1,1,1,0,0,0
C01_nominal_100rpm_10A,P,not_slow_tick,not_slow_tick,active,active,544,0.0543,1,1,1,0,0,0
C01_nominal_100rpm_10A,P,not_slow_tick,not_slow_tick,active,active,545,0.0544,1,1,1,0,0,0
C01_nominal_100rpm_10A,P,not_slow_tick,not_slow_tick,active,active,546,0.0545,1,1,1,0,0,0
C01_nominal_100rpm_10A,P,not_slow_tick,not_slow_tick,active,active,547,0.0546,1,1,1,0,0,0
C01_nominal_100rpm_10A,P,not_slow_tick,not_slow_tick,active,active,548,0.0547,1,1,1,0,0,0
C01_nominal_100rpm_10A,P,not_slow_tick,not_slow_tick,active,active,549,0.0548,1,1,1,1,0,0
C01_nominal_100rpm_10A,P,not_slow_tick,not_slow_tick,active,active,550,0.0549,1,1,1,0,0,0
C01_nominal_100rpm_10A,P,not_slow_tick,not_slow_tick,active,active,551,0.055,1,1,1,0,0,0
C01_nominal_100rpm_10A,P,not_slow_tick,not_slow_tick,active,active,552,0.0551,1,0,1,0,0,0
C01_nominal_100rpm_10A,P,not_slow_tick,not_slow_tick,active,active,553,0.0552,1,0,1,0,0,0
C01_nominal_100rpm_10A,P,not_slow_tick,not_slow_tick,active,active,554,0.0553,1,0,1,0,0,0
C01_nominal_100rpm_10A,P,not_slow_tick,not_slow_tick,active,active,555,0.0554,1,0,1,0,0,0
C01_nominal_100rpm_10A,P,not_slow_tick,not_slow_tick,active,active,556,0.0555,1,1,1,0,0,0
C01_nominal_100rpm_10A,P,not_slow_tick,not_slow_tick,active,active,557,0.0556,1,1,1,0,0,0
C01_nominal_100rpm_10A,P,not_slow_tick,not_slow_tick,active,active,558,0.0557,1,1,1,0,0,0
C01_nominal_100rpm_10A,P,not_slow_tick,not_slow_tick,active,active,559,0.0558,1,1,1,1,0,0
C01_nominal_100rpm_10A,P,none,none,active,active,560,0.0559,1,1,1,0,1,1
C01_nominal_100rpm_10A,P,not_slow_tick,not_slow_tick,active,active,561,0.056,1,1,1,1,0,0
C01_nominal_100rpm_10A,P,not_slow_tick,not_slow_tick,active,active,562,0.0561,1,1,1,0,0,0
C01_nominal_100rpm_10A,P,not_slow_tick,not_slow_tick,active,active,563,0.0562,1,1,1,1,0,0
C01_nominal_100rpm_10A,P,not_slow_tick,not_slow_tick,active,active,564,0.0563,1,1,1,0,0,0
C01_nominal_100rpm_10A,P,not_slow_tick,not_slow_tick,active,active,565,0.0564,1,1,1,1,0,0
C01_nominal_100rpm_10A,P,not_slow_tick,not_slow_tick,active,active,566,0.0565,1,1,1,0,0,0
C01_nominal_100rpm_10A,P,not_slow_tick,not_slow_tick,active,active,567,0.0566,1,1,1,1,0,0
C01_nominal_100rpm_10A,P,not_slow_tick,not_slow_tick,active,active,568,0.0567,1,1,1,0,0,0
C01_nominal_100rpm_10A,P,not_slow_tick,not_slow_tick,active,active,569,0.0568,1,1,1,1,0,0
C01_nominal_100rpm_10A,P,not_slow_tick,not_slow_tick,active,active,570,0.0569,1,1,1,1,0,0
C01_nominal_100rpm_10A,P,not_slow_tick,not_slow_tick,active,active,571,0.057,1,1,1,0,0,0
C01_nominal_100rpm_10A,P,not_slow_tick,not_slow_tick,active,active,572,0.0571,1,1,1,1,0,0
C01_nominal_100rpm_10A,P,not_slow_tick,not_slow_tick,active,active,573,0.0572,1,1,1,1,0,0
C01_nominal_100rpm_10A,P,not_slow_tick,not_slow_tick,active,active,574,0.0573,1,1,1,0,0,0
C01_nominal_100rpm_10A,P,not_slow_tick,not_slow_tick,active,active,575,0.0574,1,1,1,0,0,0
C01_nominal_100rpm_10A,P,not_slow_tick,not_slow_tick,active,active,576,0.0575,1,1,1,1,0,0
C01_nominal_100rpm_10A,P,not_slow_tick,not_slow_tick,active,active,577,0.0576,1,1,1,1,0,0
C01_nominal_100rpm_10A,P,not_slow_tick,not_slow_tick,active,active,578,0.0577,1,1,1,0,0,0
C01_nominal_100rpm_10A,P,not_slow_tick,not_slow_tick,active,active,579,0.0578,1,1,1,0,0,0
C01_nominal_100rpm_10A,P,none,none,active,active,580,0.0579,1,1,1,0,1,1
C01_nominal_100rpm_10A,P,not_slow_tick,not_slow_tick,active,active,581,0.058,1,1,1,0,0,0
C01_nominal_100rpm_10A,P,not_slow_tick,not_slow_tick,active,active,582,0.0581,1,1,1,1,0,0
C01_nominal_100rpm_10A,P,not_slow_tick,not_slow_tick,active,active,583,0.0582,1,1,1,0,0,0
C01_nominal_100rpm_10A,P,not_slow_tick,not_slow_tick,active,active,584,0.0583,1,1,1,0,0,0
C01_nominal_100rpm_10A,P,not_slow_tick,not_slow_tick,active,active,585,0.0584,0,0,1,0,0,0
C01_nominal_100rpm_10A,P,not_slow_tick,not_slow_tick,active,active,586,0.0585,0,0,1,0,0,0
C01_nominal_100rpm_10A,P,not_slow_tick,not_slow_tick,active,active,587,0.0586,0,0,1,1,0,0
C01_nominal_100rpm_10A,P,not_slow_tick,not_slow_tick,active,active,588,0.0587,1,1,1,0,0,0
C01_nominal_100rpm_10A,P,not_slow_tick,not_slow_tick,active,active,589,0.0588,1,1,1,0,0,0
C01_nominal_100rpm_10A,P,not_slow_tick,not_slow_tick,active,active,590,0.0589,1,1,1,0,0,0
C01_nominal_100rpm_10A,P,not_slow_tick,not_slow_tick,active,active,591,0.059,1,1,1,0,0,0
C01_nominal_100rpm_10A,P,not_slow_tick,not_slow_tick,active,active,592,0.0591,1,1,1,1,0,0
C01_nominal_100rpm_10A,P,not_slow_tick,not_slow_tick,active,active,593,0.0592,1,1,1,0,0,0
C01_nominal_100rpm_10A,P,not_slow_tick,not_slow_tick,active,active,594,0.0593,1,1,1,1,0,0
C01_nominal_100rpm_10A,P,not_slow_tick,not_slow_tick,active,active,595,0.0594,1,1,1,0,0,0
C01_nominal_100rpm_10A,P,not_slow_tick,not_slow_tick,active,active,596,0.0595,1,1,1,0,0,0
C01_nominal_100rpm_10A,P,not_slow_tick,not_slow_tick,active,active,597,0.0596,0,1,1,0,0,0
C01_nominal_100rpm_10A,P,not_slow_tick,not_slow_tick,active,active,598,0.0597,0,1,1,0,0,0
C01_nominal_100rpm_10A,P,not_slow_tick,not_slow_tick,active,active,599,0.0598,1,1,1,1,0,0
C01_nominal_100rpm_10A,P,u_hp_below_threshold,none,frozen_excitation,active,600,0.0599,0,1,1,0,0,1
C01_nominal_100rpm_10A,P,not_slow_tick,not_slow_tick,active,active,601,0.06,1,1,1,0,0,0
C01_nominal_100rpm_10A,P,not_slow_tick,not_slow_tick,active,active,602,0.0601,0,1,1,0,0,0
C01_nominal_100rpm_10A,P,not_slow_tick,not_slow_tick,active,active,603,0.0602,1,1,1,1,0,0
C01_nominal_100rpm_10A,P,not_slow_tick,not_slow_tick,active,active,604,0.0603,1,1,1,0,0,0
C01_nominal_100rpm_10A,P,not_slow_tick,not_slow_tick,active,active,605,0.0604,1,1,1,0,0,0
C01_nominal_100rpm_10A,P,not_slow_tick,not_slow_tick,active,active,606,0.0605,1,1,1,0,0,0
C01_nominal_100rpm_10A,P,not_slow_tick,not_slow_tick,active,active,607,0.0606,1,1,1,0,0,0
C01_nominal_100rpm_10A,P,not_slow_tick,not_slow_tick,active,active,608,0.0607,1,1,1,0,0,0
C01_nominal_100rpm_10A,P,not_slow_tick,not_slow_tick,active,active,609,0.0608,1,1,1,0,0,0
C01_nominal_100rpm_10A,P,not_slow_tick,not_slow_tick,active,active,610,0.0609,1,1,1,0,0,0
C01_nominal_100rpm_10A,P,not_slow_tick,not_slow_tick,active,active,611,0.061,1,1,1,1,0,0
C01_nominal_100rpm_10A,P,not_slow_tick,not_slow_tick,active,active,612,0.0611,1,1,1,1,0,0
C01_nominal_100rpm_10A,P,not_slow_tick,not_slow_tick,active,active,613,0.0612,1,0,1,0,0,0
C01_nominal_100rpm_10A,P,not_slow_tick,not_slow_tick,active,active,614,0.0613,1,1,1,0,0,0
C01_nominal_100rpm_10A,P,not_slow_tick,not_slow_tick,active,active,615,0.0614,1,1,1,0,0,0
C01_nominal_100rpm_10A,P,not_slow_tick,not_slow_tick,active,active,616,0.0615,1,1,1,0,0,0
C01_nominal_100rpm_10A,P,not_slow_tick,not_slow_tick,active,active,617,0.0616,1,1,1,0,0,0
C01_nominal_100rpm_10A,P,not_slow_tick,not_slow_tick,active,active,618,0.0617,1,1,1,1,0,0
C01_nominal_100rpm_10A,P,not_slow_tick,not_slow_tick,active,active,619,0.0618,1,1,1,0,0,0
C01_nominal_100rpm_10A,P,none,none,active,active,620,0.0619,1,1,1,0,1,1
C01_nominal_100rpm_10A,P,not_slow_tick,not_slow_tick,active,active,621,0.062,1,0,1,1,0,0
C01_nominal_100rpm_10A,P,not_slow_tick,not_slow_tick,active,active,622,0.0621,1,1,1,0,0,0
C01_nominal_100rpm_10A,P,not_slow_tick,not_slow_tick,active,active,623,0.0622,1,1,1,0,0,0
C01_nominal_100rpm_10A,P,not_slow_tick,not_slow_tick,active,active,624,0.0623,1,0,1,1,0,0
C01_nominal_100rpm_10A,P,not_slow_tick,not_slow_tick,active,active,625,0.0624,1,1,1,0,0,0
C01_nominal_100rpm_10A,P,not_slow_tick,not_slow_tick,active,active,626,0.0625,1,1,1,0,0,0
C01_nominal_100rpm_10A,P,not_slow_tick,not_slow_tick,active,active,627,0.0626,1,0,1,1,0,0
C01_nominal_100rpm_10A,P,not_slow_tick,not_slow_tick,active,active,628,0.0627,1,1,1,0,0,0
C01_nominal_100rpm_10A,P,not_slow_tick,not_slow_tick,active,active,629,0.0628,1,1,1,0,0,0
C01_nominal_100rpm_10A,P,not_slow_tick,not_slow_tick,active,active,630,0.0629,1,1,1,0,0,0
C01_nominal_100rpm_10A,P,not_slow_tick,not_slow_tick,active,active,631,0.063,1,1,1,1,0,0
C01_nominal_100rpm_10A,P,not_slow_tick,not_slow_tick,active,active,632,0.0631,1,1,1,0,0,0
C01_nominal_100rpm_10A,P,not_slow_tick,not_slow_tick,active,active,633,0.0632,1,1,1,0,0,0
C01_nominal_100rpm_10A,P,not_slow_tick,not_slow_tick,active,active,634,0.0633,1,1,1,0,0,0
C01_nominal_100rpm_10A,P,not_slow_tick,not_slow_tick,active,active,635,0.0634,1,1,1,0,0,0
C01_nominal_100rpm_10A,P,not_slow_tick,not_slow_tick,active,active,636,0.0635,1,1,1,0,0,0
C01_nominal_100rpm_10A,P,not_slow_tick,not_slow_tick,active,active,637,0.0636,1,1,1,0,0,0
C01_nominal_100rpm_10A,P,not_slow_tick,not_slow_tick,active,active,638,0.0637,1,1,1,0,0,0
C01_nominal_100rpm_10A,P,not_slow_tick,not_slow_tick,active,active,639,0.0638,1,1,1,1,0,0
C01_nominal_100rpm_10A,P,none,none,active,active,640,0.0639,1,1,1,0,1,1
C01_nominal_100rpm_10A,P,not_slow_tick,not_slow_tick,active,active,641,0.064,1,1,1,0,0,0
C01_nominal_100rpm_10A,P,not_slow_tick,not_slow_tick,active,active,642,0.0641,1,1,1,1,0,0
C01_nominal_100rpm_10A,P,not_slow_tick,not_slow_tick,active,active,643,0.0642,1,1,1,0,0,0
C01_nominal_100rpm_10A,P,not_slow_tick,not_slow_tick,active,active,644,0.0643,1,1,1,1,0,0
C01_nominal_100rpm_10A,P,not_slow_tick,not_slow_tick,active,active,645,0.0644,1,0,1,1,0,0
C01_nominal_100rpm_10A,P,not_slow_tick,not_slow_tick,active,active,646,0.0645,1,1,1,1,0,0
C01_nominal_100rpm_10A,P,not_slow_tick,not_slow_tick,active,active,647,0.0646,1,1,1,1,0,0
C01_nominal_100rpm_10A,P,not_slow_tick,not_slow_tick,active,active,648,0.0647,1,1,1,0,0,0
C01_nominal_100rpm_10A,P,not_slow_tick,not_slow_tick,active,active,649,0.0648,1,1,1,1,0,0
C01_nominal_100rpm_10A,P,not_slow_tick,not_slow_tick,active,active,650,0.0649,1,1,1,1,0,0
C01_nominal_100rpm_10A,P,not_slow_tick,not_slow_tick,active,active,651,0.065,1,1,1,1,0,0
C01_nominal_100rpm_10A,P,not_slow_tick,not_slow_tick,active,active,652,0.0651,1,1,1,1,0,0
C01_nominal_100rpm_10A,P,not_slow_tick,not_slow_tick,active,active,653,0.0652,1,1,1,1,0,0
C01_nominal_100rpm_10A,P,not_slow_tick,not_slow_tick,active,active,654,0.0653,0,1,1,1,0,0
C01_nominal_100rpm_10A,P,not_slow_tick,not_slow_tick,active,active,655,0.0654,1,1,1,1,0,0
C01_nominal_100rpm_10A,P,not_slow_tick,not_slow_tick,active,active,656,0.0655,1,1,1,0,0,0
C01_nominal_100rpm_10A,P,not_slow_tick,not_slow_tick,active,active,657,0.0656,1,1,1,0,0,0
C01_nominal_100rpm_10A,P,not_slow_tick,not_slow_tick,active,active,658,0.0657,1,1,1,0,0,0
C01_nominal_100rpm_10A,P,not_slow_tick,not_slow_tick,active,active,659,0.0658,0,1,1,0,0,0
C01_nominal_100rpm_10A,P,u_hp_below_threshold,none,frozen_excitation,active,660,0.0659,0,1,1,0,0,1
C01_nominal_100rpm_10A,P,not_slow_tick,not_slow_tick,active,active,661,0.066,0,1,1,0,0,0
C01_nominal_100rpm_10A,P,not_slow_tick,not_slow_tick,active,active,662,0.0661,0,0,1,0,0,0
C01_nominal_100rpm_10A,P,not_slow_tick,not_slow_tick,active,active,663,0.0662,0,0,1,1,0,0
C01_nominal_100rpm_10A,P,not_slow_tick,not_slow_tick,active,active,664,0.0663,0,0,1,1,0,0
C01_nominal_100rpm_10A,P,not_slow_tick,not_slow_tick,active,active,665,0.0664,0,0,1,1,0,0
C01_nominal_100rpm_10A,P,not_slow_tick,not_slow_tick,active,active,666,0.0665,1,1,1,1,0,0
C01_nominal_100rpm_10A,P,not_slow_tick,not_slow_tick,active,active,667,0.0666,1,1,1,0,0,0
C01_nominal_100rpm_10A,P,not_slow_tick,not_slow_tick,active,active,668,0.0667,1,1,1,1,0,0
C01_nominal_100rpm_10A,P,not_slow_tick,not_slow_tick,active,active,669,0.0668,1,1,1,0,0,0
C01_nominal_100rpm_10A,P,not_slow_tick,not_slow_tick,active,active,670,0.0669,1,1,1,1,0,0
C01_nominal_100rpm_10A,P,not_slow_tick,not_slow_tick,active,active,671,0.067,1,1,1,0,0,0
C01_nominal_100rpm_10A,P,not_slow_tick,not_slow_tick,active,active,672,0.0671,1,1,1,0,0,0
C01_nominal_100rpm_10A,P,not_slow_tick,not_slow_tick,active,active,673,0.0672,1,1,1,0,0,0
C01_nominal_100rpm_10A,P,not_slow_tick,not_slow_tick,active,active,674,0.0673,1,1,1,0,0,0
C01_nominal_100rpm_10A,P,not_slow_tick,not_slow_tick,active,active,675,0.0674,1,1,1,1,0,0
C01_nominal_100rpm_10A,P,not_slow_tick,not_slow_tick,active,active,676,0.0675,1,1,1,0,0,0
C01_nominal_100rpm_10A,P,not_slow_tick,not_slow_tick,active,active,677,0.0676,1,1,1,0,0,0
C01_nominal_100rpm_10A,P,not_slow_tick,not_slow_tick,active,active,678,0.0677,0,1,1,0,0,0
C01_nominal_100rpm_10A,P,not_slow_tick,not_slow_tick,active,active,679,0.0678,1,1,1,1,0,0
C01_nominal_100rpm_10A,P,u_hp_below_threshold,none,frozen_excitation,active,680,0.0679,0,1,1,0,0,1
C01_nominal_100rpm_10A,P,not_slow_tick,not_slow_tick,active,active,681,0.068,1,1,1,0,0,0
C01_nominal_100rpm_10A,P,not_slow_tick,not_slow_tick,active,active,682,0.0681,0,1,1,1,0,0
C01_nominal_100rpm_10A,P,not_slow_tick,not_slow_tick,active,active,683,0.0682,1,1,1,0,0,0
C01_nominal_100rpm_10A,P,not_slow_tick,not_slow_tick,active,active,684,0.0683,0,1,1,0,0,0
C01_nominal_100rpm_10A,P,not_slow_tick,not_slow_tick,active,active,685,0.0684,1,1,1,0,0,0
C01_nominal_100rpm_10A,P,not_slow_tick,not_slow_tick,active,active,686,0.0685,0,1,1,0,0,0
C01_nominal_100rpm_10A,P,not_slow_tick,not_slow_tick,active,active,687,0.0686,0,1,1,0,0,0
C01_nominal_100rpm_10A,P,not_slow_tick,not_slow_tick,active,active,688,0.0687,1,1,1,0,0,0
C01_nominal_100rpm_10A,P,not_slow_tick,not_slow_tick,active,active,689,0.0688,1,1,1,0,0,0
C01_nominal_100rpm_10A,P,not_slow_tick,not_slow_tick,active,active,690,0.0689,1,1,1,0,0,0
C01_nominal_100rpm_10A,P,not_slow_tick,not_slow_tick,active,active,691,0.069,1,1,1,0,0,0
C01_nominal_100rpm_10A,P,not_slow_tick,not_slow_tick,active,active,692,0.0691,1,1,1,1,0,0
C01_nominal_100rpm_10A,P,not_slow_tick,not_slow_tick,active,active,693,0.0692,1,1,1,0,0,0
C01_nominal_100rpm_10A,P,not_slow_tick,not_slow_tick,active,active,694,0.0693,1,1,1,0,0,0
C01_nominal_100rpm_10A,P,not_slow_tick,not_slow_tick,active,active,695,0.0694,1,1,1,0,0,0
C01_nominal_100rpm_10A,P,not_slow_tick,not_slow_tick,active,active,696,0.0695,1,1,1,0,0,0
C01_nominal_100rpm_10A,P,not_slow_tick,not_slow_tick,active,active,697,0.0696,1,1,1,1,0,0
C01_nominal_100rpm_10A,P,not_slow_tick,not_slow_tick,active,active,698,0.0697,1,1,1,0,0,0
C01_nominal_100rpm_10A,P,not_slow_tick,not_slow_tick,active,active,699,0.0698,1,0,1,1,0,0
C01_nominal_100rpm_10A,P,none,none,active,active,700,0.0699,1,1,1,0,1,1
C01_nominal_100rpm_10A,P,not_slow_tick,not_slow_tick,active,active,701,0.07,1,1,1,0,0,0
C01_nominal_100rpm_10A,P,not_slow_tick,not_slow_tick,active,active,702,0.0701,1,1,1,0,0,0
C01_nominal_100rpm_10A,P,not_slow_tick,not_slow_tick,active,active,703,0.0702,1,1,1,0,0,0
C01_nominal_100rpm_10A,P,not_slow_tick,not_slow_tick,active,active,704,0.0703,1,1,1,1,0,0
C01_nominal_100rpm_10A,P,not_slow_tick,not_slow_tick,active,active,705,0.0704,1,1,1,0,0,0
C01_nominal_100rpm_10A,P,not_slow_tick,not_slow_tick,active,active,706,0.0705,1,1,1,1,0,0
C01_nominal_100rpm_10A,P,not_slow_tick,not_slow_tick,active,active,707,0.0706,1,1,1,0,0,0
C01_nominal_100rpm_10A,P,not_slow_tick,not_slow_tick,active,active,708,0.0707,1,1,1,0,0,0
C01_nominal_100rpm_10A,P,not_slow_tick,not_slow_tick,active,active,709,0.0708,1,0,1,1,0,0
C01_nominal_100rpm_10A,P,not_slow_tick,not_slow_tick,active,active,710,0.0709,1,1,1,0,0,0
C01_nominal_100rpm_10A,P,not_slow_tick,not_slow_tick,active,active,711,0.071,1,1,1,0,0,0
C01_nominal_100rpm_10A,P,not_slow_tick,not_slow_tick,active,active,712,0.0711,1,1,1,0,0,0
C01_nominal_100rpm_10A,P,not_slow_tick,not_slow_tick,active,active,713,0.0712,1,1,1,0,0,0
C01_nominal_100rpm_10A,P,not_slow_tick,not_slow_tick,active,active,714,0.0713,1,1,1,0,0,0
C01_nominal_100rpm_10A,P,not_slow_tick,not_slow_tick,active,active,715,0.0714,1,1,1,0,0,0
C01_nominal_100rpm_10A,P,not_slow_tick,not_slow_tick,active,active,716,0.0715,1,1,1,1,0,0
C01_nominal_100rpm_10A,P,not_slow_tick,not_slow_tick,active,active,717,0.0716,1,1,1,0,0,0
C01_nominal_100rpm_10A,P,not_slow_tick,not_slow_tick,active,active,718,0.0717,1,1,1,0,0,0
C01_nominal_100rpm_10A,P,not_slow_tick,not_slow_tick,active,active,719,0.0718,1,0,1,0,0,0
C01_nominal_100rpm_10A,P,none,u_hp_below_threshold,active,frozen_excitation,720,0.0719,1,0,1,0,1,0
C01_nominal_100rpm_10A,P,not_slow_tick,not_slow_tick,active,active,721,0.072,1,0,1,0,0,0
C01_nominal_100rpm_10A,P,not_slow_tick,not_slow_tick,active,active,722,0.0721,1,0,1,0,0,0
C01_nominal_100rpm_10A,P,not_slow_tick,not_slow_tick,active,active,723,0.0722,1,1,1,0,0,0
C01_nominal_100rpm_10A,P,not_slow_tick,not_slow_tick,active,active,724,0.0723,1,1,1,0,0,0
C01_nominal_100rpm_10A,P,not_slow_tick,not_slow_tick,active,active,725,0.0724,1,1,1,0,0,0
C01_nominal_100rpm_10A,P,not_slow_tick,not_slow_tick,active,active,726,0.0725,1,1,1,1,0,0
C01_nominal_100rpm_10A,P,not_slow_tick,not_slow_tick,active,active,727,0.0726,1,1,1,0,0,0
C01_nominal_100rpm_10A,P,not_slow_tick,not_slow_tick,active,active,728,0.0727,1,1,1,1,0,0
C01_nominal_100rpm_10A,P,not_slow_tick,not_slow_tick,active,active,729,0.0728,1,1,1,0,0,0
C01_nominal_100rpm_10A,P,not_slow_tick,not_slow_tick,active,active,730,0.0729,1,1,1,1,0,0
C01_nominal_100rpm_10A,P,not_slow_tick,not_slow_tick,active,active,731,0.073,1,1,1,0,0,0
C01_nominal_100rpm_10A,P,not_slow_tick,not_slow_tick,active,active,732,0.0731,1,1,1,1,0,0
C01_nominal_100rpm_10A,P,not_slow_tick,not_slow_tick,active,active,733,0.0732,1,1,1,0,0,0
C01_nominal_100rpm_10A,P,not_slow_tick,not_slow_tick,active,active,734,0.0733,1,1,1,1,0,0
C01_nominal_100rpm_10A,P,not_slow_tick,not_slow_tick,active,active,735,0.0734,1,1,1,0,0,0
C01_nominal_100rpm_10A,P,not_slow_tick,not_slow_tick,active,active,736,0.0735,1,1,1,1,0,0
C01_nominal_100rpm_10A,P,not_slow_tick,not_slow_tick,active,active,737,0.0736,1,1,1,1,0,0
C01_nominal_100rpm_10A,P,not_slow_tick,not_slow_tick,active,active,738,0.0737,1,1,1,0,0,0
C01_nominal_100rpm_10A,P,not_slow_tick,not_slow_tick,active,active,739,0.0738,1,1,1,1,0,0
C01_nominal_100rpm_10A,P,none,none,active,active,740,0.0739,1,1,1,1,1,1
C01_nominal_100rpm_10A,P,not_slow_tick,not_slow_tick,active,active,741,0.074,1,1,1,0,0,0
C01_nominal_100rpm_10A,P,not_slow_tick,not_slow_tick,active,active,742,0.0741,1,1,1,0,0,0
C01_nominal_100rpm_10A,P,not_slow_tick,not_slow_tick,active,active,743,0.0742,1,1,1,1,0,0
C01_nominal_100rpm_10A,P,not_slow_tick,not_slow_tick,active,active,744,0.0743,1,1,1,1,0,0
C01_nominal_100rpm_10A,P,not_slow_tick,not_slow_tick,active,active,745,0.0744,1,1,1,0,0,0
C01_nominal_100rpm_10A,P,not_slow_tick,not_slow_tick,active,active,746,0.0745,1,1,1,0,0,0
C01_nominal_100rpm_10A,P,not_slow_tick,not_slow_tick,active,active,747,0.0746,1,1,1,0,0,0
C01_nominal_100rpm_10A,P,not_slow_tick,not_slow_tick,active,active,748,0.0747,1,1,1,0,0,0
C01_nominal_100rpm_10A,P,not_slow_tick,not_slow_tick,active,active,749,0.0748,1,1,1,1,0,0
C01_nominal_100rpm_10A,P,not_slow_tick,not_slow_tick,active,active,750,0.0749,1,1,1,0,0,0
C01_nominal_100rpm_10A,P,not_slow_tick,not_slow_tick,active,active,751,0.075,1,1,1,1,0,0
C01_nominal_100rpm_10A,P,not_slow_tick,not_slow_tick,active,active,752,0.0751,1,1,1,0,0,0
C01_nominal_100rpm_10A,P,not_slow_tick,not_slow_tick,active,active,753,0.0752,1,1,1,1,0,0
C01_nominal_100rpm_10A,P,not_slow_tick,not_slow_tick,active,active,754,0.0753,1,1,1,0,0,0
C01_nominal_100rpm_10A,P,not_slow_tick,not_slow_tick,active,active,755,0.0754,1,1,1,0,0,0
C01_nominal_100rpm_10A,P,not_slow_tick,not_slow_tick,active,active,756,0.0755,1,1,1,0,0,0
C01_nominal_100rpm_10A,P,not_slow_tick,not_slow_tick,active,active,757,0.0756,1,1,1,0,0,0
C01_nominal_100rpm_10A,P,not_slow_tick,not_slow_tick,active,active,758,0.0757,1,1,1,1,0,0
C01_nominal_100rpm_10A,P,not_slow_tick,not_slow_tick,active,active,759,0.0758,1,1,1,0,0,0
C01_nominal_100rpm_10A,P,none,none,active,active,760,0.0759,1,1,1,1,1,1
C01_nominal_100rpm_10A,P,not_slow_tick,not_slow_tick,active,active,761,0.076,1,1,1,0,0,0
C01_nominal_100rpm_10A,P,not_slow_tick,not_slow_tick,active,active,762,0.0761,1,1,1,0,0,0
C01_nominal_100rpm_10A,P,not_slow_tick,not_slow_tick,active,active,763,0.0762,0,1,1,1,0,0
C01_nominal_100rpm_10A,P,not_slow_tick,not_slow_tick,active,active,764,0.0763,1,1,1,0,0,0
C01_nominal_100rpm_10A,P,not_slow_tick,not_slow_tick,active,active,765,0.0764,1,1,1,1,0,0
C01_nominal_100rpm_10A,P,not_slow_tick,not_slow_tick,active,active,766,0.0765,1,1,1,1,0,0
C01_nominal_100rpm_10A,P,not_slow_tick,not_slow_tick,active,active,767,0.0766,1,1,1,0,0,0
C01_nominal_100rpm_10A,P,not_slow_tick,not_slow_tick,active,active,768,0.0767,1,1,1,0,0,0
C01_nominal_100rpm_10A,P,not_slow_tick,not_slow_tick,active,active,769,0.0768,0,1,1,0,0,0
C01_nominal_100rpm_10A,P,not_slow_tick,not_slow_tick,active,active,770,0.0769,1,1,1,1,0,0
C01_nominal_100rpm_10A,P,not_slow_tick,not_slow_tick,active,active,771,0.077,1,1,1,0,0,0
C01_nominal_100rpm_10A,P,not_slow_tick,not_slow_tick,active,active,772,0.0771,1,1,1,0,0,0
C01_nominal_100rpm_10A,P,not_slow_tick,not_slow_tick,active,active,773,0.0772,1,1,1,0,0,0
C01_nominal_100rpm_10A,P,not_slow_tick,not_slow_tick,active,active,774,0.0773,1,1,1,0,0,0
C01_nominal_100rpm_10A,P,not_slow_tick,not_slow_tick,active,active,775,0.0774,1,1,1,0,0,0
C01_nominal_100rpm_10A,P,not_slow_tick,not_slow_tick,active,active,776,0.0775,1,1,1,1,0,0
C01_nominal_100rpm_10A,P,not_slow_tick,not_slow_tick,active,active,777,0.0776,1,1,1,0,0,0
C01_nominal_100rpm_10A,P,not_slow_tick,not_slow_tick,active,active,778,0.0777,1,1,1,0,0,0
C01_nominal_100rpm_10A,P,not_slow_tick,not_slow_tick,active,active,779,0.0778,1,1,1,0,0,0
C01_nominal_100rpm_10A,P,none,none,active,active,780,0.0779,1,1,1,0,1,1
C01_nominal_100rpm_10A,P,not_slow_tick,not_slow_tick,active,active,781,0.078,1,1,1,1,0,0
C01_nominal_100rpm_10A,P,not_slow_tick,not_slow_tick,active,active,782,0.0781,1,1,1,0,0,0
C01_nominal_100rpm_10A,P,not_slow_tick,not_slow_tick,active,active,783,0.0782,1,1,1,1,0,0
C01_nominal_100rpm_10A,P,not_slow_tick,not_slow_tick,active,active,784,0.0783,1,0,1,0,0,0
C01_nominal_100rpm_10A,P,not_slow_tick,not_slow_tick,active,active,785,0.0784,1,1,1,0,0,0
C01_nominal_100rpm_10A,P,not_slow_tick,not_slow_tick,active,active,786,0.0785,1,1,1,0,0,0
C01_nominal_100rpm_10A,P,not_slow_tick,not_slow_tick,active,active,787,0.0786,1,1,1,0,0,0
C01_nominal_100rpm_10A,P,not_slow_tick,not_slow_tick,active,active,788,0.0787,1,1,1,0,0,0
C01_nominal_100rpm_10A,P,not_slow_tick,not_slow_tick,active,active,789,0.0788,1,1,1,0,0,0
C01_nominal_100rpm_10A,P,not_slow_tick,not_slow_tick,active,active,790,0.0789,1,1,1,0,0,0
C01_nominal_100rpm_10A,P,not_slow_tick,not_slow_tick,active,active,791,0.079,1,1,1,0,0,0
C01_nominal_100rpm_10A,P,not_slow_tick,not_slow_tick,active,active,792,0.0791,1,1,1,0,0,0
C01_nominal_100rpm_10A,P,not_slow_tick,not_slow_tick,active,active,793,0.0792,1,1,1,0,0,0
C01_nominal_100rpm_10A,P,not_slow_tick,not_slow_tick,active,active,794,0.0793,1,1,1,0,0,0
C01_nominal_100rpm_10A,P,not_slow_tick,not_slow_tick,active,active,795,0.0794,1,1,1,0,0,0
C01_nominal_100rpm_10A,P,not_slow_tick,not_slow_tick,active,active,796,0.0795,1,1,1,0,0,0
C01_nominal_100rpm_10A,P,not_slow_tick,not_slow_tick,active,active,797,0.0796,1,1,1,0,0,0
C01_nominal_100rpm_10A,P,not_slow_tick,not_slow_tick,active,active,798,0.0797,1,1,1,1,0,0
C01_nominal_100rpm_10A,P,not_slow_tick,not_slow_tick,active,active,799,0.0798,1,1,1,1,0,0
C01_nominal_100rpm_10A,P,none,none,active,active,800,0.0799,1,1,1,0,1,1
C01_nominal_100rpm_10A,P,not_slow_tick,not_slow_tick,active,active,801,0.08,1,1,1,0,0,0
C01_nominal_100rpm_10A,P,not_slow_tick,not_slow_tick,active,active,802,0.0801,1,1,1,1,0,0
C01_nominal_100rpm_10A,P,not_slow_tick,not_slow_tick,active,active,803,0.0802,1,1,1,0,0,0
C01_nominal_100rpm_10A,P,not_slow_tick,not_slow_tick,active,active,804,0.0803,1,1,1,1,0,0
C01_nominal_100rpm_10A,P,not_slow_tick,not_slow_tick,active,active,805,0.0804,1,1,1,0,0,0
C01_nominal_100rpm_10A,P,not_slow_tick,not_slow_tick,active,active,806,0.0805,1,1,1,0,0,0
C01_nominal_100rpm_10A,P,not_slow_tick,not_slow_tick,active,active,807,0.0806,1,1,1,0,0,0
C01_nominal_100rpm_10A,P,not_slow_tick,not_slow_tick,active,active,808,0.0807,1,1,1,1,0,0
C01_nominal_100rpm_10A,P,not_slow_tick,not_slow_tick,active,active,809,0.0808,1,0,1,0,0,0
C01_nominal_100rpm_10A,P,not_slow_tick,not_slow_tick,active,active,810,0.0809,1,1,1,1,0,0
C01_nominal_100rpm_10A,P,not_slow_tick,not_slow_tick,active,active,811,0.081,1,1,1,1,0,0
C01_nominal_100rpm_10A,P,not_slow_tick,not_slow_tick,active,active,812,0.0811,1,1,1,0,0,0
C01_nominal_100rpm_10A,P,not_slow_tick,not_slow_tick,active,active,813,0.0812,1,1,1,1,0,0
C01_nominal_100rpm_10A,P,not_slow_tick,not_slow_tick,active,active,814,0.0813,1,1,1,1,0,0
C01_nominal_100rpm_10A,P,not_slow_tick,not_slow_tick,active,active,815,0.0814,1,1,1,1,0,0
C01_nominal_100rpm_10A,P,not_slow_tick,not_slow_tick,active,active,816,0.0815,1,1,1,1,0,0
C01_nominal_100rpm_10A,P,not_slow_tick,not_slow_tick,active,active,817,0.0816,1,1,1,1,0,0
C01_nominal_100rpm_10A,P,not_slow_tick,not_slow_tick,active,active,818,0.0817,0,1,1,0,0,0
C01_nominal_100rpm_10A,P,not_slow_tick,not_slow_tick,active,active,819,0.0818,1,1,1,1,0,0
C01_nominal_100rpm_10A,P,none,none,active,active,820,0.0819,1,1,1,1,1,1
C01_nominal_100rpm_10A,P,not_slow_tick,not_slow_tick,active,active,821,0.082,1,1,1,0,0,0
C01_nominal_100rpm_10A,P,not_slow_tick,not_slow_tick,active,active,822,0.0821,1,1,1,0,0,0
C01_nominal_100rpm_10A,P,not_slow_tick,not_slow_tick,active,active,823,0.0822,0,1,1,0,0,0
C01_nominal_100rpm_10A,P,not_slow_tick,not_slow_tick,active,active,824,0.0823,0,1,1,1,0,0
C01_nominal_100rpm_10A,P,not_slow_tick,not_slow_tick,active,active,825,0.0824,0,1,1,1,0,0
C01_nominal_100rpm_10A,P,not_slow_tick,not_slow_tick,active,active,826,0.0825,0,1,1,1,0,0
C01_nominal_100rpm_10A,P,not_slow_tick,not_slow_tick,active,active,827,0.0826,1,1,1,1,0,0
C01_nominal_100rpm_10A,P,not_slow_tick,not_slow_tick,active,active,828,0.0827,1,1,1,0,0,0
C01_nominal_100rpm_10A,P,not_slow_tick,not_slow_tick,active,active,829,0.0828,1,1,1,0,0,0
C01_nominal_100rpm_10A,P,not_slow_tick,not_slow_tick,active,active,830,0.0829,1,1,1,0,0,0
C01_nominal_100rpm_10A,P,not_slow_tick,not_slow_tick,active,active,831,0.083,1,1,1,0,0,0
C01_nominal_100rpm_10A,P,not_slow_tick,not_slow_tick,active,active,832,0.0831,1,1,1,1,0,0
C01_nominal_100rpm_10A,P,not_slow_tick,not_slow_tick,active,active,833,0.0832,1,1,1,0,0,0
C01_nominal_100rpm_10A,P,not_slow_tick,not_slow_tick,active,active,834,0.0833,1,1,1,0,0,0
C01_nominal_100rpm_10A,P,not_slow_tick,not_slow_tick,active,active,835,0.0834,0,0,1,0,0,0
C01_nominal_100rpm_10A,P,not_slow_tick,not_slow_tick,active,active,836,0.0835,0,0,1,0,0,0
C01_nominal_100rpm_10A,P,not_slow_tick,not_slow_tick,active,active,837,0.0836,0,0,1,1,0,0
C01_nominal_100rpm_10A,P,not_slow_tick,not_slow_tick,active,active,838,0.0837,1,1,1,0,0,0
C01_nominal_100rpm_10A,P,not_slow_tick,not_slow_tick,active,active,839,0.0838,1,1,1,0,0,0
C01_nominal_100rpm_10A,P,none,none,active,active,840,0.0839,1,1,1,0,1,1
C01_nominal_100rpm_10A,P,not_slow_tick,not_slow_tick,active,active,841,0.084,1,1,1,0,0,0
C01_nominal_100rpm_10A,P,not_slow_tick,not_slow_tick,active,active,842,0.0841,1,1,1,1,0,0
C01_nominal_100rpm_10A,P,not_slow_tick,not_slow_tick,active,active,843,0.0842,1,1,1,0,0,0
C01_nominal_100rpm_10A,P,not_slow_tick,not_slow_tick,active,active,844,0.0843,1,1,1,0,0,0
C01_nominal_100rpm_10A,P,not_slow_tick,not_slow_tick,active,active,845,0.0844,1,1,1,0,0,0
C01_nominal_100rpm_10A,P,not_slow_tick,not_slow_tick,active,active,846,0.0845,1,1,1,0,0,0
C01_nominal_100rpm_10A,P,not_slow_tick,not_slow_tick,active,active,847,0.0846,0,1,1,0,0,0
C01_nominal_100rpm_10A,P,not_slow_tick,not_slow_tick,active,active,848,0.0847,0,1,1,0,0,0
C01_nominal_100rpm_10A,P,not_slow_tick,not_slow_tick,active,active,849,0.0848,1,1,1,1,0,0
C01_nominal_100rpm_10A,P,not_slow_tick,not_slow_tick,active,active,850,0.0849,0,1,1,0,0,0
C01_nominal_100rpm_10A,P,not_slow_tick,not_slow_tick,active,active,851,0.085,1,1,1,0,0,0
C01_nominal_100rpm_10A,P,not_slow_tick,not_slow_tick,active,active,852,0.0851,0,1,1,0,0,0
C01_nominal_100rpm_10A,P,not_slow_tick,not_slow_tick,active,active,853,0.0852,1,1,1,1,0,0
C01_nominal_100rpm_10A,P,not_slow_tick,not_slow_tick,active,active,854,0.0853,1,1,1,0,0,0
C01_nominal_100rpm_10A,P,not_slow_tick,not_slow_tick,active,active,855,0.0854,1,1,1,0,0,0
C01_nominal_100rpm_10A,P,not_slow_tick,not_slow_tick,active,active,856,0.0855,1,1,1,1,0,0
C01_nominal_100rpm_10A,P,not_slow_tick,not_slow_tick,active,active,857,0.0856,0,1,1,1,0,0
C01_nominal_100rpm_10A,P,not_slow_tick,not_slow_tick,active,active,858,0.0857,1,1,1,0,0,0
C01_nominal_100rpm_10A,P,not_slow_tick,not_slow_tick,active,active,859,0.0858,1,1,1,0,0,0
C01_nominal_100rpm_10A,P,none,none,active,active,860,0.0859,1,1,1,0,1,1
C01_nominal_100rpm_10A,P,not_slow_tick,not_slow_tick,active,active,861,0.086,1,1,1,0,0,0
C01_nominal_100rpm_10A,P,not_slow_tick,not_slow_tick,active,active,862,0.0861,1,1,1,1,0,0
C01_nominal_100rpm_10A,P,not_slow_tick,not_slow_tick,active,active,863,0.0862,1,1,1,1,0,0
C01_nominal_100rpm_10A,P,not_slow_tick,not_slow_tick,active,active,864,0.0863,1,0,1,0,0,0
C01_nominal_100rpm_10A,P,not_slow_tick,not_slow_tick,active,active,865,0.0864,1,1,1,0,0,0
C01_nominal_100rpm_10A,P,not_slow_tick,not_slow_tick,active,active,866,0.0865,1,1,1,0,0,0
C01_nominal_100rpm_10A,P,not_slow_tick,not_slow_tick,active,active,867,0.0866,1,1,1,1,0,0
C01_nominal_100rpm_10A,P,not_slow_tick,not_slow_tick,active,active,868,0.0867,1,1,1,0,0,0
C01_nominal_100rpm_10A,P,not_slow_tick,not_slow_tick,active,active,869,0.0868,1,1,1,1,0,0
C01_nominal_100rpm_10A,P,not_slow_tick,not_slow_tick,active,active,870,0.0869,1,1,1,0,0,0
C01_nominal_100rpm_10A,P,not_slow_tick,not_slow_tick,active,active,871,0.087,1,1,1,1,0,0
C01_nominal_100rpm_10A,P,not_slow_tick,not_slow_tick,active,active,872,0.0871,1,0,1,0,0,0
C01_nominal_100rpm_10A,P,not_slow_tick,not_slow_tick,active,active,873,0.0872,1,1,1,1,0,0
C01_nominal_100rpm_10A,P,not_slow_tick,not_slow_tick,active,active,874,0.0873,1,1,1,0,0,0
C01_nominal_100rpm_10A,P,not_slow_tick,not_slow_tick,active,active,875,0.0874,1,1,1,0,0,0
C01_nominal_100rpm_10A,P,not_slow_tick,not_slow_tick,active,active,876,0.0875,1,0,1,1,0,0
C01_nominal_100rpm_10A,P,not_slow_tick,not_slow_tick,active,active,877,0.0876,1,1,1,0,0,0
C01_nominal_100rpm_10A,P,not_slow_tick,not_slow_tick,active,active,878,0.0877,1,1,1,0,0,0
C01_nominal_100rpm_10A,P,not_slow_tick,not_slow_tick,active,active,879,0.0878,1,1,1,0,0,0
C01_nominal_100rpm_10A,P,none,none,active,active,880,0.0879,1,1,1,1,1,1
C01_nominal_100rpm_10A,P,not_slow_tick,not_slow_tick,active,active,881,0.088,1,1,1,0,0,0
C01_nominal_100rpm_10A,P,not_slow_tick,not_slow_tick,active,active,882,0.0881,1,1,1,0,0,0
C01_nominal_100rpm_10A,P,not_slow_tick,not_slow_tick,active,active,883,0.0882,1,1,1,1,0,0
C01_nominal_100rpm_10A,P,not_slow_tick,not_slow_tick,active,active,884,0.0883,0,1,1,0,0,0
C01_nominal_100rpm_10A,P,not_slow_tick,not_slow_tick,active,active,885,0.0884,1,1,1,0,0,0
C01_nominal_100rpm_10A,P,not_slow_tick,not_slow_tick,active,active,886,0.0885,1,1,1,1,0,0
C01_nominal_100rpm_10A,P,not_slow_tick,not_slow_tick,active,active,887,0.0886,1,1,1,0,0,0
C01_nominal_100rpm_10A,P,not_slow_tick,not_slow_tick,active,active,888,0.0887,1,1,1,0,0,0
C01_nominal_100rpm_10A,P,not_slow_tick,not_slow_tick,active,active,889,0.0888,1,1,1,0,0,0
C01_nominal_100rpm_10A,P,not_slow_tick,not_slow_tick,active,active,890,0.0889,1,0,1,0,0,0
C01_nominal_100rpm_10A,P,not_slow_tick,not_slow_tick,active,active,891,0.089,1,1,1,0,0,0
C01_nominal_100rpm_10A,P,not_slow_tick,not_slow_tick,active,active,892,0.0891,1,1,1,1,0,0
C01_nominal_100rpm_10A,P,not_slow_tick,not_slow_tick,active,active,893,0.0892,1,1,1,0,0,0
C01_nominal_100rpm_10A,P,not_slow_tick,not_slow_tick,active,active,894,0.0893,1,1,1,1,0,0
C01_nominal_100rpm_10A,P,not_slow_tick,not_slow_tick,active,active,895,0.0894,1,1,1,0,0,0
C01_nominal_100rpm_10A,P,not_slow_tick,not_slow_tick,active,active,896,0.0895,1,1,1,1,0,0
C01_nominal_100rpm_10A,P,not_slow_tick,not_slow_tick,active,active,897,0.0896,1,1,1,0,0,0
C01_nominal_100rpm_10A,P,not_slow_tick,not_slow_tick,active,active,898,0.0897,1,1,1,1,0,0
C01_nominal_100rpm_10A,P,not_slow_tick,not_slow_tick,active,active,899,0.0898,1,1,1,0,0,0
C01_nominal_100rpm_10A,P,none,none,active,active,900,0.0899,1,1,1,1,1,1
C01_nominal_100rpm_10A,P,not_slow_tick,not_slow_tick,active,active,901,0.09,1,1,1,0,0,0
C01_nominal_100rpm_10A,P,not_slow_tick,not_slow_tick,active,active,902,0.0901,1,1,1,1,0,0
C01_nominal_100rpm_10A,P,not_slow_tick,not_slow_tick,active,active,903,0.0902,1,1,1,1,0,0
C01_nominal_100rpm_10A,P,not_slow_tick,not_slow_tick,active,active,904,0.0903,1,1,1,0,0,0
C01_nominal_100rpm_10A,P,not_slow_tick,not_slow_tick,active,active,905,0.0904,1,1,1,1,0,0
C01_nominal_100rpm_10A,P,not_slow_tick,not_slow_tick,active,active,906,0.0905,1,1,1,1,0,0
C01_nominal_100rpm_10A,P,not_slow_tick,not_slow_tick,active,active,907,0.0906,1,1,1,0,0,0
C01_nominal_100rpm_10A,P,not_slow_tick,not_slow_tick,active,active,908,0.0907,1,1,1,0,0,0
C01_nominal_100rpm_10A,P,not_slow_tick,not_slow_tick,active,active,909,0.0908,1,1,1,1,0,0
C01_nominal_100rpm_10A,P,not_slow_tick,not_slow_tick,active,active,910,0.0909,1,1,1,1,0,0
C01_nominal_100rpm_10A,P,not_slow_tick,not_slow_tick,active,active,911,0.091,1,1,1,0,0,0
C01_nominal_100rpm_10A,P,not_slow_tick,not_slow_tick,active,active,912,0.0911,1,1,1,0,0,0
C01_nominal_100rpm_10A,P,not_slow_tick,not_slow_tick,active,active,913,0.0912,1,1,1,0,0,0
C01_nominal_100rpm_10A,P,not_slow_tick,not_slow_tick,active,active,914,0.0913,1,1,1,0,0,0
C01_nominal_100rpm_10A,P,not_slow_tick,not_slow_tick,active,active,915,0.0914,1,1,1,0,0,0
C01_nominal_100rpm_10A,P,not_slow_tick,not_slow_tick,active,active,916,0.0915,0,0,1,0,0,0
C01_nominal_100rpm_10A,P,not_slow_tick,not_slow_tick,active,active,917,0.0916,0,0,1,0,0,0
C01_nominal_100rpm_10A,P,not_slow_tick,not_slow_tick,active,active,918,0.0917,0,0,1,0,0,0
C01_nominal_100rpm_10A,P,not_slow_tick,not_slow_tick,active,active,919,0.0918,0,0,1,0,0,0
C01_nominal_100rpm_10A,P,u_hp_below_threshold,u_hp_below_threshold,frozen_excitation,frozen_excitation,920,0.0919,0,0,1,0,0,0
C01_nominal_100rpm_10A,P,not_slow_tick,not_slow_tick,active,active,921,0.092,0,0,1,1,0,0
C01_nominal_100rpm_10A,P,not_slow_tick,not_slow_tick,active,active,922,0.0921,1,1,1,0,0,0
C01_nominal_100rpm_10A,P,not_slow_tick,not_slow_tick,active,active,923,0.0922,1,1,1,0,0,0
C01_nominal_100rpm_10A,P,not_slow_tick,not_slow_tick,active,active,924,0.0923,1,1,1,0,0,0
C01_nominal_100rpm_10A,P,not_slow_tick,not_slow_tick,active,active,925,0.0924,1,1,1,0,0,0
C01_nominal_100rpm_10A,P,not_slow_tick,not_slow_tick,active,active,926,0.0925,1,1,1,1,0,0
C01_nominal_100rpm_10A,P,not_slow_tick,not_slow_tick,active,active,927,0.0926,1,1,1,0,0,0
C01_nominal_100rpm_10A,P,not_slow_tick,not_slow_tick,active,active,928,0.0927,1,1,1,0,0,0
C01_nominal_100rpm_10A,P,not_slow_tick,not_slow_tick,active,active,929,0.0928,0,1,1,0,0,0
C01_nominal_100rpm_10A,P,not_slow_tick,not_slow_tick,active,active,930,0.0929,1,1,1,0,0,0
C01_nominal_100rpm_10A,P,not_slow_tick,not_slow_tick,active,active,931,0.093,0,1,1,0,0,0
C01_nominal_100rpm_10A,P,not_slow_tick,not_slow_tick,active,active,932,0.0931,0,1,1,0,0,0
C01_nominal_100rpm_10A,P,not_slow_tick,not_slow_tick,active,active,933,0.0932,1,1,1,1,0,0
C01_nominal_100rpm_10A,P,not_slow_tick,not_slow_tick,active,active,934,0.0933,1,1,1,0,0,0
C01_nominal_100rpm_10A,P,not_slow_tick,not_slow_tick,active,active,935,0.0934,1,1,1,0,0,0
C01_nominal_100rpm_10A,P,not_slow_tick,not_slow_tick,active,active,936,0.0935,0,1,1,0,0,0
C01_nominal_100rpm_10A,P,not_slow_tick,not_slow_tick,active,active,937,0.0936,1,1,1,1,0,0
C01_nominal_100rpm_10A,P,not_slow_tick,not_slow_tick,active,active,938,0.0937,1,1,1,0,0,0
C01_nominal_100rpm_10A,P,not_slow_tick,not_slow_tick,active,active,939,0.0938,1,1,1,0,0,0
C01_nominal_100rpm_10A,P,none,none,active,active,940,0.0939,1,1,1,1,1,1
C01_nominal_100rpm_10A,P,not_slow_tick,not_slow_tick,active,active,941,0.094,1,1,1,0,0,0
C01_nominal_100rpm_10A,P,not_slow_tick,not_slow_tick,active,active,942,0.0941,1,1,1,0,0,0
C01_nominal_100rpm_10A,P,not_slow_tick,not_slow_tick,active,active,943,0.0942,1,1,1,1,0,0
C01_nominal_100rpm_10A,P,not_slow_tick,not_slow_tick,active,active,944,0.0943,1,0,1,0,0,0
C01_nominal_100rpm_10A,P,not_slow_tick,not_slow_tick,active,active,945,0.0944,1,1,1,0,0,0
C01_nominal_100rpm_10A,P,not_slow_tick,not_slow_tick,active,active,946,0.0945,1,1,1,0,0,0
C01_nominal_100rpm_10A,P,not_slow_tick,not_slow_tick,active,active,947,0.0946,1,1,1,0,0,0
C01_nominal_100rpm_10A,P,not_slow_tick,not_slow_tick,active,active,948,0.0947,1,1,1,0,0,0
C01_nominal_100rpm_10A,P,not_slow_tick,not_slow_tick,active,active,949,0.0948,1,0,1,1,0,0
C01_nominal_100rpm_10A,P,not_slow_tick,not_slow_tick,active,active,950,0.0949,1,1,1,0,0,0
C01_nominal_100rpm_10A,P,not_slow_tick,not_slow_tick,active,active,951,0.095,1,1,1,0,0,0
C01_nominal_100rpm_10A,P,not_slow_tick,not_slow_tick,active,active,952,0.0951,1,1,1,0,0,0
C01_nominal_100rpm_10A,P,not_slow_tick,not_slow_tick,active,active,953,0.0952,1,1,1,0,0,0
C01_nominal_100rpm_10A,P,not_slow_tick,not_slow_tick,active,active,954,0.0953,1,1,1,0,0,0
C01_nominal_100rpm_10A,P,not_slow_tick,not_slow_tick,active,active,955,0.0954,1,1,1,0,0,0
C01_nominal_100rpm_10A,P,not_slow_tick,not_slow_tick,active,active,956,0.0955,1,1,1,0,0,0
C01_nominal_100rpm_10A,P,not_slow_tick,not_slow_tick,active,active,957,0.0956,1,0,1,1,0,0
C01_nominal_100rpm_10A,P,not_slow_tick,not_slow_tick,active,active,958,0.0957,1,1,1,0,0,0
C01_nominal_100rpm_10A,P,not_slow_tick,not_slow_tick,active,active,959,0.0958,1,1,1,0,0,0
C01_nominal_100rpm_10A,P,none,u_hp_below_threshold,active,frozen_excitation,960,0.0959,1,0,1,0,1,0
C01_nominal_100rpm_10A,P,not_slow_tick,not_slow_tick,active,active,961,0.096,1,1,1,0,0,0
C01_nominal_100rpm_10A,P,not_slow_tick,not_slow_tick,active,active,962,0.0961,1,1,1,0,0,0
C01_nominal_100rpm_10A,P,not_slow_tick,not_slow_tick,active,active,963,0.0962,1,1,1,0,0,0
C01_nominal_100rpm_10A,P,not_slow_tick,not_slow_tick,active,active,964,0.0963,1,1,1,1,0,0
C01_nominal_100rpm_10A,P,not_slow_tick,not_slow_tick,active,active,965,0.0964,1,1,1,0,0,0
C01_nominal_100rpm_10A,P,not_slow_tick,not_slow_tick,active,active,966,0.0965,1,1,1,1,0,0
C01_nominal_100rpm_10A,P,not_slow_tick,not_slow_tick,active,active,967,0.0966,1,1,1,0,0,0
C01_nominal_100rpm_10A,P,not_slow_tick,not_slow_tick,active,active,968,0.0967,1,1,1,0,0,0
C01_nominal_100rpm_10A,P,not_slow_tick,not_slow_tick,active,active,969,0.0968,1,1,1,0,0,0
C01_nominal_100rpm_10A,P,not_slow_tick,not_slow_tick,active,active,970,0.0969,1,1,1,0,0,0
C01_nominal_100rpm_10A,P,not_slow_tick,not_slow_tick,active,active,971,0.097,1,1,1,0,0,0
C01_nominal_100rpm_10A,P,not_slow_tick,not_slow_tick,active,active,972,0.0971,1,1,1,1,0,0
C01_nominal_100rpm_10A,P,not_slow_tick,not_slow_tick,active,active,973,0.0972,1,1,1,0,0,0
C01_nominal_100rpm_10A,P,not_slow_tick,not_slow_tick,active,active,974,0.0973,1,1,1,0,0,0
C01_nominal_100rpm_10A,P,not_slow_tick,not_slow_tick,active,active,975,0.0974,1,1,1,1,0,0
C01_nominal_100rpm_10A,P,not_slow_tick,not_slow_tick,active,active,976,0.0975,1,1,1,0,0,0
C01_nominal_100rpm_10A,P,not_slow_tick,not_slow_tick,active,active,977,0.0976,1,1,1,1,0,0
C01_nominal_100rpm_10A,P,not_slow_tick,not_slow_tick,active,active,978,0.0977,1,0,1,1,0,0
C01_nominal_100rpm_10A,P,not_slow_tick,not_slow_tick,active,active,979,0.0978,1,1,1,1,0,0
C01_nominal_100rpm_10A,P,none,none,active,active,980,0.0979,1,1,1,1,1,1
C01_nominal_100rpm_10A,P,not_slow_tick,not_slow_tick,active,active,981,0.098,1,1,1,0,0,0
C01_nominal_100rpm_10A,P,not_slow_tick,not_slow_tick,active,active,982,0.0981,1,1,1,1,0,0
C01_nominal_100rpm_10A,P,not_slow_tick,not_slow_tick,active,active,983,0.0982,1,1,1,1,0,0
C01_nominal_100rpm_10A,P,not_slow_tick,not_slow_tick,active,active,984,0.0983,1,1,1,1,0,0
C01_nominal_100rpm_10A,P,not_slow_tick,not_slow_tick,active,active,985,0.0984,1,1,1,1,0,0
C01_nominal_100rpm_10A,P,not_slow_tick,not_slow_tick,active,active,986,0.0985,1,1,1,1,0,0
C01_nominal_100rpm_10A,P,not_slow_tick,not_slow_tick,active,active,987,0.0986,0,1,1,0,0,0
C01_nominal_100rpm_10A,P,not_slow_tick,not_slow_tick,active,active,988,0.0987,1,1,1,1,0,0
C01_nominal_100rpm_10A,P,not_slow_tick,not_slow_tick,active,active,989,0.0988,1,1,1,0,0,0
C01_nominal_100rpm_10A,P,not_slow_tick,not_slow_tick,active,active,990,0.0989,1,1,1,0,0,0
C01_nominal_100rpm_10A,P,not_slow_tick,not_slow_tick,active,active,991,0.099,1,1,1,0,0,0
C01_nominal_100rpm_10A,P,not_slow_tick,not_slow_tick,active,active,992,0.0991,0,1,1,0,0,0
C01_nominal_100rpm_10A,P,not_slow_tick,not_slow_tick,active,active,993,0.0992,0,1,1,0,0,0
C01_nominal_100rpm_10A,P,not_slow_tick,not_slow_tick,active,active,994,0.0993,0,1,1,0,0,0
C01_nominal_100rpm_10A,P,not_slow_tick,not_slow_tick,active,active,995,0.0994,0,0,1,0,0,0
C01_nominal_100rpm_10A,P,not_slow_tick,not_slow_tick,active,active,996,0.0995,0,0,1,1,0,0
C01_nominal_100rpm_10A,P,not_slow_tick,not_slow_tick,active,active,997,0.0996,0,0,1,1,0,0
C01_nominal_100rpm_10A,P,not_slow_tick,not_slow_tick,active,active,998,0.0997,1,1,1,1,0,0
C01_nominal_100rpm_10A,P,not_slow_tick,not_slow_tick,active,active,999,0.0998,1,1,1,0,0,0
C01_nominal_100rpm_10A,P,none,none,active,active,1000,0.0999,1,1,1,1,1,1
C01_nominal_100rpm_10A,P,not_slow_tick,not_slow_tick,active,active,1001,0.1,1,1,1,0,0,0
C01_nominal_100rpm_10A,P,not_slow_tick,not_slow_tick,active,active,1002,0.1001,1,1,1,1,0,0
C01_nominal_100rpm_10A,P,not_slow_tick,not_slow_tick,active,active,1003,0.1002,1,1,1,0,0,0
C01_nominal_100rpm_10A,P,not_slow_tick,not_slow_tick,active,active,1004,0.1003,1,1,1,1,0,0
C01_nominal_100rpm_10A,P,not_slow_tick,not_slow_tick,active,active,1005,0.1004,1,1,1,0,0,0
C01_nominal_100rpm_10A,P,not_slow_tick,not_slow_tick,active,active,1006,0.1005,1,1,1,1,0,0
C01_nominal_100rpm_10A,P,not_slow_tick,not_slow_tick,active,active,1007,0.1006,1,1,1,0,0,0
C01_nominal_100rpm_10A,P,not_slow_tick,not_slow_tick,active,active,1008,0.1007,1,1,1,0,0,0
C01_nominal_100rpm_10A,P,not_slow_tick,not_slow_tick,active,active,1009,0.1008,1,1,1,0,0,0
C01_nominal_100rpm_10A,P,not_slow_tick,not_slow_tick,active,active,1010,0.1009,1,1,1,0,0,0
C01_nominal_100rpm_10A,P,not_slow_tick,not_slow_tick,active,active,1011,0.101,1,1,1,0,0,0
C01_nominal_100rpm_10A,P,not_slow_tick,not_slow_tick,active,active,1012,0.1011,0,1,1,0,0,0
C01_nominal_100rpm_10A,P,not_slow_tick,not_slow_tick,active,active,1013,0.1012,1,1,1,1,0,0
C01_nominal_100rpm_10A,P,not_slow_tick,not_slow_tick,active,active,1014,0.1013,0,1,1,0,0,0
C01_nominal_100rpm_10A,P,not_slow_tick,not_slow_tick,active,active,1015,0.1014,1,1,1,0,0,0
C01_nominal_100rpm_10A,P,not_slow_tick,not_slow_tick,active,active,1016,0.1015,0,1,1,1,0,0
C01_nominal_100rpm_10A,P,not_slow_tick,not_slow_tick,active,active,1017,0.1016,1,1,1,0,0,0
C01_nominal_100rpm_10A,P,not_slow_tick,not_slow_tick,active,active,1018,0.1017,0,1,1,0,0,0
C01_nominal_100rpm_10A,P,not_slow_tick,not_slow_tick,active,active,1019,0.1018,1,1,1,0,0,0
C01_nominal_100rpm_10A,P,u_hp_below_threshold,none,frozen_excitation,active,1020,0.1019,0,1,1,0,0,1
C01_nominal_100rpm_10A,P,not_slow_tick,not_slow_tick,active,active,1021,0.102,1,1,1,1,0,0
C01_nominal_100rpm_10A,P,not_slow_tick,not_slow_tick,active,active,1022,0.1021,1,1,1,0,0,0
C01_nominal_100rpm_10A,P,not_slow_tick,not_slow_tick,active,active,1023,0.1022,1,1,1,1,0,0
C01_nominal_100rpm_10A,P,not_slow_tick,not_slow_tick,active,active,1024,0.1023,1,1,1,0,0,0
C01_nominal_100rpm_10A,P,not_slow_tick,not_slow_tick,active,active,1025,0.1024,1,1,1,0,0,0
C01_nominal_100rpm_10A,P,not_slow_tick,not_slow_tick,active,active,1026,0.1025,1,1,1,0,0,0
C01_nominal_100rpm_10A,P,not_slow_tick,not_slow_tick,active,active,1027,0.1026,1,1,1,0,0,0
C01_nominal_100rpm_10A,P,not_slow_tick,not_slow_tick,active,active,1028,0.1027,1,1,1,1,0,0
C01_nominal_100rpm_10A,P,not_slow_tick,not_slow_tick,active,active,1029,0.1028,1,1,1,1,0,0
C01_nominal_100rpm_10A,P,not_slow_tick,not_slow_tick,active,active,1030,0.1029,1,0,1,0,0,0
C01_nominal_100rpm_10A,P,not_slow_tick,not_slow_tick,active,active,1031,0.103,1,1,1,0,0,0
C01_nominal_100rpm_10A,P,not_slow_tick,not_slow_tick,active,active,1032,0.1031,1,1,1,0,0,0
C01_nominal_100rpm_10A,P,not_slow_tick,not_slow_tick,active,active,1033,0.1032,1,1,1,1,0,0
C01_nominal_100rpm_10A,P,not_slow_tick,not_slow_tick,active,active,1034,0.1033,1,1,1,0,0,0
C01_nominal_100rpm_10A,P,not_slow_tick,not_slow_tick,active,active,1035,0.1034,1,0,1,1,0,0
C01_nominal_100rpm_10A,P,not_slow_tick,not_slow_tick,active,active,1036,0.1035,1,1,1,0,0,0
C01_nominal_100rpm_10A,P,not_slow_tick,not_slow_tick,active,active,1037,0.1036,1,1,1,1,0,0
C01_nominal_100rpm_10A,P,not_slow_tick,not_slow_tick,active,active,1038,0.1037,1,1,1,0,0,0
C01_nominal_100rpm_10A,P,not_slow_tick,not_slow_tick,active,active,1039,0.1038,1,0,1,0,0,0
C01_nominal_100rpm_10A,P,none,none,active,active,1040,0.1039,1,1,1,0,1,1
C01_nominal_100rpm_10A,P,not_slow_tick,not_slow_tick,active,active,1041,0.104,1,1,1,0,0,0
C01_nominal_100rpm_10A,P,not_slow_tick,not_slow_tick,active,active,1042,0.1041,1,1,1,0,0,0
C01_nominal_100rpm_10A,P,not_slow_tick,not_slow_tick,active,active,1043,0.1042,1,1,1,0,0,0
C01_nominal_100rpm_10A,P,not_slow_tick,not_slow_tick,active,active,1044,0.1043,1,1,1,0,0,0
C01_nominal_100rpm_10A,P,not_slow_tick,not_slow_tick,active,active,1045,0.1044,1,1,1,0,0,0
C01_nominal_100rpm_10A,P,not_slow_tick,not_slow_tick,active,active,1046,0.1045,1,1,1,0,0,0
C01_nominal_100rpm_10A,P,not_slow_tick,not_slow_tick,active,active,1047,0.1046,1,1,1,0,0,0
C01_nominal_100rpm_10A,P,not_slow_tick,not_slow_tick,active,active,1048,0.1047,1,1,1,0,0,0
C01_nominal_100rpm_10A,P,not_slow_tick,not_slow_tick,active,active,1049,0.1048,1,1,1,1,0,0
C01_nominal_100rpm_10A,P,not_slow_tick,not_slow_tick,active,active,1050,0.1049,1,1,1,0,0,0
C01_nominal_100rpm_10A,P,not_slow_tick,not_slow_tick,active,active,1051,0.105,1,1,1,0,0,0
C01_nominal_100rpm_10A,P,not_slow_tick,not_slow_tick,active,active,1052,0.1051,1,0,1,0,0,0
C01_nominal_100rpm_10A,P,not_slow_tick,not_slow_tick,active,active,1053,0.1052,1,0,1,0,0,0
C01_nominal_100rpm_10A,P,not_slow_tick,not_slow_tick,active,active,1054,0.1053,1,0,1,0,0,0
C01_nominal_100rpm_10A,P,not_slow_tick,not_slow_tick,active,active,1055,0.1054,1,0,1,0,0,0
C01_nominal_100rpm_10A,P,not_slow_tick,not_slow_tick,active,active,1056,0.1055,1,1,1,0,0,0
C01_nominal_100rpm_10A,P,not_slow_tick,not_slow_tick,active,active,1057,0.1056,1,1,1,0,0,0
C01_nominal_100rpm_10A,P,not_slow_tick,not_slow_tick,active,active,1058,0.1057,1,1,1,0,0,0
C01_nominal_100rpm_10A,P,not_slow_tick,not_slow_tick,active,active,1059,0.1058,1,1,1,1,0,0
C01_nominal_100rpm_10A,P,none,none,active,active,1060,0.1059,1,1,1,0,1,1
C01_nominal_100rpm_10A,P,not_slow_tick,not_slow_tick,active,active,1061,0.106,1,1,1,1,0,0
C01_nominal_100rpm_10A,P,not_slow_tick,not_slow_tick,active,active,1062,0.1061,1,1,1,0,0,0
C01_nominal_100rpm_10A,P,not_slow_tick,not_slow_tick,active,active,1063,0.1062,1,1,1,1,0,0
C01_nominal_100rpm_10A,P,not_slow_tick,not_slow_tick,active,active,1064,0.1063,1,1,1,0,0,0
C01_nominal_100rpm_10A,P,not_slow_tick,not_slow_tick,active,active,1065,0.1064,1,1,1,1,0,0
C01_nominal_100rpm_10A,P,not_slow_tick,not_slow_tick,active,active,1066,0.1065,1,1,1,0,0,0
C01_nominal_100rpm_10A,P,not_slow_tick,not_slow_tick,active,active,1067,0.1066,1,1,1,1,0,0
C01_nominal_100rpm_10A,P,not_slow_tick,not_slow_tick,active,active,1068,0.1067,1,1,1,0,0,0
C01_nominal_100rpm_10A,P,not_slow_tick,not_slow_tick,active,active,1069,0.1068,1,1,1,1,0,0
C01_nominal_100rpm_10A,P,not_slow_tick,not_slow_tick,active,active,1070,0.1069,1,1,1,1,0,0
C01_nominal_100rpm_10A,P,not_slow_tick,not_slow_tick,active,active,1071,0.107,1,1,1,0,0,0
C01_nominal_100rpm_10A,P,not_slow_tick,not_slow_tick,active,active,1072,0.1071,1,1,1,1,0,0
C01_nominal_100rpm_10A,P,not_slow_tick,not_slow_tick,active,active,1073,0.1072,1,1,1,1,0,0
C01_nominal_100rpm_10A,P,not_slow_tick,not_slow_tick,active,active,1074,0.1073,1,1,1,0,0,0
C01_nominal_100rpm_10A,P,not_slow_tick,not_slow_tick,active,active,1075,0.1074,1,1,1,0,0,0
C01_nominal_100rpm_10A,P,not_slow_tick,not_slow_tick,active,active,1076,0.1075,1,1,1,1,0,0
C01_nominal_100rpm_10A,P,not_slow_tick,not_slow_tick,active,active,1077,0.1076,1,1,1,1,0,0
C01_nominal_100rpm_10A,P,not_slow_tick,not_slow_tick,active,active,1078,0.1077,1,1,1,0,0,0
C01_nominal_100rpm_10A,P,not_slow_tick,not_slow_tick,active,active,1079,0.1078,1,1,1,0,0,0
C01_nominal_100rpm_10A,P,none,none,active,active,1080,0.1079,1,1,1,0,1,1
C01_nominal_100rpm_10A,P,not_slow_tick,not_slow_tick,active,active,1081,0.108,1,1,1,0,0,0
C01_nominal_100rpm_10A,P,not_slow_tick,not_slow_tick,active,active,1082,0.1081,1,1,1,1,0,0
C01_nominal_100rpm_10A,P,not_slow_tick,not_slow_tick,active,active,1083,0.1082,1,1,1,0,0,0
C01_nominal_100rpm_10A,P,not_slow_tick,not_slow_tick,active,active,1084,0.1083,1,1,1,0,0,0
C01_nominal_100rpm_10A,P,not_slow_tick,not_slow_tick,active,active,1085,0.1084,0,0,1,0,0,0
C01_nominal_100rpm_10A,P,not_slow_tick,not_slow_tick,active,active,1086,0.1085,0,0,1,0,0,0
C01_nominal_100rpm_10A,P,not_slow_tick,not_slow_tick,active,active,1087,0.1086,0,0,1,1,0,0
C01_nominal_100rpm_10A,P,not_slow_tick,not_slow_tick,active,active,1088,0.1087,1,1,1,0,0,0
C01_nominal_100rpm_10A,P,not_slow_tick,not_slow_tick,active,active,1089,0.1088,1,1,1,0,0,0
C01_nominal_100rpm_10A,P,not_slow_tick,not_slow_tick,active,active,1090,0.1089,1,1,1,0,0,0
C01_nominal_100rpm_10A,P,not_slow_tick,not_slow_tick,active,active,1091,0.109,1,1,1,0,0,0
C01_nominal_100rpm_10A,P,not_slow_tick,not_slow_tick,active,active,1092,0.1091,1,1,1,1,0,0
C01_nominal_100rpm_10A,P,not_slow_tick,not_slow_tick,active,active,1093,0.1092,1,1,1,0,0,0
C01_nominal_100rpm_10A,P,not_slow_tick,not_slow_tick,active,active,1094,0.1093,1,1,1,1,0,0
C01_nominal_100rpm_10A,P,not_slow_tick,not_slow_tick,active,active,1095,0.1094,1,1,1,0,0,0
C01_nominal_100rpm_10A,P,not_slow_tick,not_slow_tick,active,active,1096,0.1095,1,1,1,0,0,0
C01_nominal_100rpm_10A,P,not_slow_tick,not_slow_tick,active,active,1097,0.1096,0,1,1,0,0,0
C01_nominal_100rpm_10A,P,not_slow_tick,not_slow_tick,active,active,1098,0.1097,0,1,1,0,0,0
C01_nominal_100rpm_10A,P,not_slow_tick,not_slow_tick,active,active,1099,0.1098,1,1,1,1,0,0
C01_nominal_100rpm_10A,P,u_hp_below_threshold,none,frozen_excitation,active,1100,0.1099,0,1,1,0,0,1
C01_nominal_100rpm_10A,P,not_slow_tick,not_slow_tick,active,active,1101,0.11,1,1,1,0,0,0
C01_nominal_100rpm_10A,P,not_slow_tick,not_slow_tick,active,active,1102,0.1101,0,1,1,0,0,0
C01_nominal_100rpm_10A,P,not_slow_tick,not_slow_tick,active,active,1103,0.1102,1,1,1,1,0,0
C01_nominal_100rpm_10A,P,not_slow_tick,not_slow_tick,active,active,1104,0.1103,1,1,1,0,0,0
C01_nominal_100rpm_10A,P,not_slow_tick,not_slow_tick,active,active,1105,0.1104,1,1,1,0,0,0
C01_nominal_100rpm_10A,P,not_slow_tick,not_slow_tick,active,active,1106,0.1105,1,1,1,0,0,0
C01_nominal_100rpm_10A,P,not_slow_tick,not_slow_tick,active,active,1107,0.1106,1,1,1,0,0,0
C01_nominal_100rpm_10A,P,not_slow_tick,not_slow_tick,active,active,1108,0.1107,1,1,1,0,0,0
C01_nominal_100rpm_10A,P,not_slow_tick,not_slow_tick,active,active,1109,0.1108,1,1,1,0,0,0
C01_nominal_100rpm_10A,P,not_slow_tick,not_slow_tick,active,active,1110,0.1109,1,1,1,0,0,0
C01_nominal_100rpm_10A,P,not_slow_tick,not_slow_tick,active,active,1111,0.111,1,1,1,1,0,0
C01_nominal_100rpm_10A,P,not_slow_tick,not_slow_tick,active,active,1112,0.1111,1,1,1,1,0,0
C01_nominal_100rpm_10A,P,not_slow_tick,not_slow_tick,active,active,1113,0.1112,1,0,1,0,0,0
C01_nominal_100rpm_10A,P,not_slow_tick,not_slow_tick,active,active,1114,0.1113,1,1,1,0,0,0
C01_nominal_100rpm_10A,P,not_slow_tick,not_slow_tick,active,active,1115,0.1114,1,1,1,0,0,0
C01_nominal_100rpm_10A,P,not_slow_tick,not_slow_tick,active,active,1116,0.1115,1,1,1,0,0,0
C01_nominal_100rpm_10A,P,not_slow_tick,not_slow_tick,active,active,1117,0.1116,1,1,1,0,0,0
C01_nominal_100rpm_10A,P,not_slow_tick,not_slow_tick,active,active,1118,0.1117,1,1,1,1,0,0
C01_nominal_100rpm_10A,P,not_slow_tick,not_slow_tick,active,active,1119,0.1118,1,1,1,0,0,0
C01_nominal_100rpm_10A,P,none,none,active,active,1120,0.1119,1,1,1,0,1,1
C01_nominal_100rpm_10A,P,not_slow_tick,not_slow_tick,active,active,1121,0.112,1,0,1,1,0,0
C01_nominal_100rpm_10A,P,not_slow_tick,not_slow_tick,active,active,1122,0.1121,1,1,1,0,0,0
C01_nominal_100rpm_10A,P,not_slow_tick,not_slow_tick,active,active,1123,0.1122,1,1,1,0,0,0
C01_nominal_100rpm_10A,P,not_slow_tick,not_slow_tick,active,active,1124,0.1123,1,0,1,1,0,0
C01_nominal_100rpm_10A,P,not_slow_tick,not_slow_tick,active,active,1125,0.1124,1,1,1,0,0,0
C01_nominal_100rpm_10A,P,not_slow_tick,not_slow_tick,active,active,1126,0.1125,1,1,1,0,0,0
C01_nominal_100rpm_10A,P,not_slow_tick,not_slow_tick,active,active,1127,0.1126,1,0,1,1,0,0
C01_nominal_100rpm_10A,P,not_slow_tick,not_slow_tick,active,active,1128,0.1127,1,1,1,0,0,0
C01_nominal_100rpm_10A,P,not_slow_tick,not_slow_tick,active,active,1129,0.1128,1,1,1,0,0,0
C01_nominal_100rpm_10A,P,not_slow_tick,not_slow_tick,active,active,1130,0.1129,1,1,1,0,0,0
C01_nominal_100rpm_10A,P,not_slow_tick,not_slow_tick,active,active,1131,0.113,1,1,1,1,0,0
C01_nominal_100rpm_10A,P,not_slow_tick,not_slow_tick,active,active,1132,0.1131,1,1,1,0,0,0
C01_nominal_100rpm_10A,P,not_slow_tick,not_slow_tick,active,active,1133,0.1132,1,1,1,0,0,0
C01_nominal_100rpm_10A,P,not_slow_tick,not_slow_tick,active,active,1134,0.1133,1,1,1,0,0,0
C01_nominal_100rpm_10A,P,not_slow_tick,not_slow_tick,active,active,1135,0.1134,1,1,1,0,0,0
C01_nominal_100rpm_10A,P,not_slow_tick,not_slow_tick,active,active,1136,0.1135,1,1,1,0,0,0
C01_nominal_100rpm_10A,P,not_slow_tick,not_slow_tick,active,active,1137,0.1136,1,1,1,0,0,0
C01_nominal_100rpm_10A,P,not_slow_tick,not_slow_tick,active,active,1138,0.1137,1,1,1,0,0,0
C01_nominal_100rpm_10A,P,not_slow_tick,not_slow_tick,active,active,1139,0.1138,1,1,1,1,0,0
C01_nominal_100rpm_10A,P,none,none,active,active,1140,0.1139,1,1,1,0,1,1
C01_nominal_100rpm_10A,P,not_slow_tick,not_slow_tick,active,active,1141,0.114,1,1,1,0,0,0
C01_nominal_100rpm_10A,P,not_slow_tick,not_slow_tick,active,active,1142,0.1141,1,1,1,1,0,0
C01_nominal_100rpm_10A,P,not_slow_tick,not_slow_tick,active,active,1143,0.1142,1,1,1,0,0,0
C01_nominal_100rpm_10A,P,not_slow_tick,not_slow_tick,active,active,1144,0.1143,1,1,1,1,0,0
C01_nominal_100rpm_10A,P,not_slow_tick,not_slow_tick,active,active,1145,0.1144,1,0,1,1,0,0
C01_nominal_100rpm_10A,P,not_slow_tick,not_slow_tick,active,active,1146,0.1145,1,1,1,1,0,0
C01_nominal_100rpm_10A,P,not_slow_tick,not_slow_tick,active,active,1147,0.1146,1,1,1,1,0,0
C01_nominal_100rpm_10A,P,not_slow_tick,not_slow_tick,active,active,1148,0.1147,1,1,1,0,0,0
C01_nominal_100rpm_10A,P,not_slow_tick,not_slow_tick,active,active,1149,0.1148,1,1,1,1,0,0
C01_nominal_100rpm_10A,P,not_slow_tick,not_slow_tick,active,active,1150,0.1149,1,1,1,1,0,0
C01_nominal_100rpm_10A,P,not_slow_tick,not_slow_tick,active,active,1151,0.115,1,1,1,1,0,0
C01_nominal_100rpm_10A,P,not_slow_tick,not_slow_tick,active,active,1152,0.1151,1,1,1,1,0,0
C01_nominal_100rpm_10A,P,not_slow_tick,not_slow_tick,active,active,1153,0.1152,1,1,1,1,0,0
C01_nominal_100rpm_10A,P,not_slow_tick,not_slow_tick,active,active,1154,0.1153,0,1,1,1,0,0
C01_nominal_100rpm_10A,P,not_slow_tick,not_slow_tick,active,active,1155,0.1154,1,1,1,1,0,0
C01_nominal_100rpm_10A,P,not_slow_tick,not_slow_tick,active,active,1156,0.1155,1,1,1,0,0,0
C01_nominal_100rpm_10A,P,not_slow_tick,not_slow_tick,active,active,1157,0.1156,1,1,1,0,0,0
C01_nominal_100rpm_10A,P,not_slow_tick,not_slow_tick,active,active,1158,0.1157,1,1,1,0,0,0
C01_nominal_100rpm_10A,P,not_slow_tick,not_slow_tick,active,active,1159,0.1158,0,1,1,0,0,0
C01_nominal_100rpm_10A,P,u_hp_below_threshold,none,frozen_excitation,active,1160,0.1159,0,1,1,0,0,1
C01_nominal_100rpm_10A,P,not_slow_tick,not_slow_tick,active,active,1161,0.116,0,1,1,0,0,0
C01_nominal_100rpm_10A,P,not_slow_tick,not_slow_tick,active,active,1162,0.1161,0,0,1,0,0,0
C01_nominal_100rpm_10A,P,not_slow_tick,not_slow_tick,active,active,1163,0.1162,0,0,1,1,0,0
C01_nominal_100rpm_10A,P,not_slow_tick,not_slow_tick,active,active,1164,0.1163,0,0,1,1,0,0
C01_nominal_100rpm_10A,P,not_slow_tick,not_slow_tick,active,active,1165,0.1164,0,0,1,1,0,0
C01_nominal_100rpm_10A,P,not_slow_tick,not_slow_tick,active,active,1166,0.1165,1,1,1,1,0,0
C01_nominal_100rpm_10A,P,not_slow_tick,not_slow_tick,active,active,1167,0.1166,1,1,1,0,0,0
C01_nominal_100rpm_10A,P,not_slow_tick,not_slow_tick,active,active,1168,0.1167,1,1,1,1,0,0
C01_nominal_100rpm_10A,P,not_slow_tick,not_slow_tick,active,active,1169,0.1168,1,1,1,0,0,0
C01_nominal_100rpm_10A,P,not_slow_tick,not_slow_tick,active,active,1170,0.1169,1,1,1,1,0,0
C01_nominal_100rpm_10A,P,not_slow_tick,not_slow_tick,active,active,1171,0.117,1,1,1,0,0,0
C01_nominal_100rpm_10A,P,not_slow_tick,not_slow_tick,active,active,1172,0.1171,1,1,1,0,0,0
C01_nominal_100rpm_10A,P,not_slow_tick,not_slow_tick,active,active,1173,0.1172,1,1,1,0,0,0
C01_nominal_100rpm_10A,P,not_slow_tick,not_slow_tick,active,active,1174,0.1173,1,1,1,0,0,0
C01_nominal_100rpm_10A,P,not_slow_tick,not_slow_tick,active,active,1175,0.1174,1,1,1,1,0,0
C01_nominal_100rpm_10A,P,not_slow_tick,not_slow_tick,active,active,1176,0.1175,1,1,1,0,0,0
C01_nominal_100rpm_10A,P,not_slow_tick,not_slow_tick,active,active,1177,0.1176,1,1,1,0,0,0
C01_nominal_100rpm_10A,P,not_slow_tick,not_slow_tick,active,active,1178,0.1177,0,1,1,0,0,0
C01_nominal_100rpm_10A,P,not_slow_tick,not_slow_tick,active,active,1179,0.1178,1,1,1,1,0,0
C01_nominal_100rpm_10A,P,u_hp_below_threshold,none,frozen_excitation,active,1180,0.1179,0,1,1,0,0,1
C01_nominal_100rpm_10A,P,not_slow_tick,not_slow_tick,active,active,1181,0.118,1,1,1,0,0,0
C01_nominal_100rpm_10A,P,not_slow_tick,not_slow_tick,active,active,1182,0.1181,0,1,1,1,0,0
C01_nominal_100rpm_10A,P,not_slow_tick,not_slow_tick,active,active,1183,0.1182,1,1,1,0,0,0
C01_nominal_100rpm_10A,P,not_slow_tick,not_slow_tick,active,active,1184,0.1183,0,1,1,0,0,0
C01_nominal_100rpm_10A,P,not_slow_tick,not_slow_tick,active,active,1185,0.1184,1,1,1,0,0,0
C01_nominal_100rpm_10A,P,not_slow_tick,not_slow_tick,active,active,1186,0.1185,0,1,1,0,0,0
C01_nominal_100rpm_10A,P,not_slow_tick,not_slow_tick,active,active,1187,0.1186,0,1,1,0,0,0
C01_nominal_100rpm_10A,P,not_slow_tick,not_slow_tick,active,active,1188,0.1187,1,1,1,0,0,0
C01_nominal_100rpm_10A,P,not_slow_tick,not_slow_tick,active,active,1189,0.1188,1,1,1,0,0,0
C01_nominal_100rpm_10A,P,not_slow_tick,not_slow_tick,active,active,1190,0.1189,1,1,1,0,0,0
C01_nominal_100rpm_10A,P,not_slow_tick,not_slow_tick,active,active,1191,0.119,1,1,1,0,0,0
C01_nominal_100rpm_10A,P,not_slow_tick,not_slow_tick,active,active,1192,0.1191,1,1,1,1,0,0
C01_nominal_100rpm_10A,P,not_slow_tick,not_slow_tick,active,active,1193,0.1192,1,1,1,0,0,0
C01_nominal_100rpm_10A,P,not_slow_tick,not_slow_tick,active,active,1194,0.1193,1,1,1,0,0,0
C01_nominal_100rpm_10A,P,not_slow_tick,not_slow_tick,active,active,1195,0.1194,1,1,1,0,0,0
C01_nominal_100rpm_10A,P,not_slow_tick,not_slow_tick,active,active,1196,0.1195,1,1,1,0,0,0
C01_nominal_100rpm_10A,P,not_slow_tick,not_slow_tick,active,active,1197,0.1196,1,1,1,1,0,0
C01_nominal_100rpm_10A,P,not_slow_tick,not_slow_tick,active,active,1198,0.1197,1,1,1,0,0,0
C01_nominal_100rpm_10A,P,not_slow_tick,not_slow_tick,active,active,1199,0.1198,1,0,1,1,0,0
C01_nominal_100rpm_10A,P,none,none,active,active,1200,0.1199,1,1,1,0,1,1
C07_known_false_safe,P,startup_no_completed_command,startup_no_completed_command,startup,startup,1,0,0,0,0,0,0,0
C07_known_false_safe,P,trusted_post_s2_execution,trusted_post_s2_execution,warmup,warmup,2,0.0001,0,0,1,1,0,0
C07_known_false_safe,P,not_slow_tick,not_slow_tick,active,active,3,0.0002,0,0,1,1,0,0
C07_known_false_safe,P,not_slow_tick,not_slow_tick,active,active,4,0.0003,0,0,1,1,0,0
C07_known_false_safe,P,not_slow_tick,not_slow_tick,active,active,5,0.0004,0,0,1,1,0,0
C07_known_false_safe,P,not_slow_tick,not_slow_tick,active,active,6,0.0005,0,0,1,1,0,0
C09_S2_boundary,P,startup_no_completed_command,startup_no_completed_command,startup,startup,1,0,0,0,0,0,0,0
C09_S2_boundary,P,trusted_post_s2_execution,trusted_post_s2_execution,warmup,warmup,2,0.0001,0,0,1,1,0,0
C09_S2_boundary,P,not_slow_tick,not_slow_tick,active,active,3,0.0002,0,0,1,1,0,0
C09_S2_boundary,P,not_slow_tick,not_slow_tick,active,active,4,0.0003,0,0,1,1,0,0
C09_S2_boundary,P,not_slow_tick,not_slow_tick,active,active,5,0.0004,0,0,1,1,0,0
C09_S2_boundary,P,not_slow_tick,not_slow_tick,active,active,6,0.0005,0,0,1,0,0,0
C09_S2_boundary,P,not_slow_tick,not_slow_tick,active,active,7,0.0006,0,0,1,0,0,0
C09_S2_boundary,P,not_slow_tick,not_slow_tick,active,active,8,0.0007,0,0,1,0,0,0
C09_S2_boundary,P,not_slow_tick,not_slow_tick,active,active,9,0.0008,0,0,1,1,0,0
C09_S2_boundary,P,not_slow_tick,not_slow_tick,active,active,10,0.0009,0,0,1,1,0,0
C09_S2_boundary,P,not_slow_tick,not_slow_tick,active,active,11,0.001,0,0,1,1,0,0
C09_S2_boundary,P,not_slow_tick,not_slow_tick,active,active,12,0.0011,0,0,1,1,0,0
C09_S2_boundary,P,not_slow_tick,not_slow_tick,active,active,13,0.0012,0,0,1,1,0,0
C09_S2_boundary,P,not_slow_tick,not_slow_tick,active,active,14,0.0013,0,0,1,1,0,0
C09_S2_boundary,P,not_slow_tick,not_slow_tick,active,active,15,0.0014,0,0,1,1,0,0
C09_S2_boundary,P,not_slow_tick,not_slow_tick,active,active,16,0.0015,0,0,1,1,0,0
C09_S2_boundary,P,not_slow_tick,not_slow_tick,active,active,17,0.0016,0,0,1,0,0,0
C09_S2_boundary,P,not_slow_tick,not_slow_tick,active,active,18,0.0017,0,0,1,1,0,0
C09_S2_boundary,P,not_slow_tick,not_slow_tick,active,active,19,0.0018,0,0,1,1,0,0
C09_S2_boundary,P,window_incomplete,window_incomplete,frozen_excitation,frozen_excitation,20,0.0019,0,0,1,1,0,0
C09_S2_boundary,P,not_slow_tick,not_slow_tick,active,active,21,0.002,0,0,1,1,0,0
C09_S2_boundary,P,not_slow_tick,not_slow_tick,active,active,22,0.0021,1,1,1,1,0,0
C09_S2_boundary,P,not_slow_tick,not_slow_tick,active,active,23,0.0022,1,1,1,1,0,0
C09_S2_boundary,P,not_slow_tick,not_slow_tick,active,active,24,0.0023,1,1,1,1,0,0
C09_S2_boundary,P,not_slow_tick,not_slow_tick,active,active,25,0.0024,1,1,1,1,0,0
C09_S2_boundary,P,not_slow_tick,not_slow_tick,active,active,26,0.0025,1,1,1,1,0,0
C09_S2_boundary,P,not_slow_tick,not_slow_tick,active,active,27,0.0026,1,1,1,1,0,0
C09_S2_boundary,P,not_slow_tick,not_slow_tick,active,active,28,0.0027,1,1,1,1,0,0
C09_S2_boundary,P,not_slow_tick,not_slow_tick,active,active,29,0.0028,1,1,1,1,0,0
C09_S2_boundary,P,not_slow_tick,not_slow_tick,active,active,30,0.0029,1,1,1,1,0,0
C09_S2_boundary,P,not_slow_tick,not_slow_tick,active,active,31,0.003,1,1,1,1,0,0
C09_S2_boundary,P,not_slow_tick,not_slow_tick,active,active,32,0.0031,1,1,1,1,0,0
C09_S2_boundary,P,not_slow_tick,not_slow_tick,active,active,33,0.0032,1,1,1,0,0,0
C09_S2_boundary,P,not_slow_tick,not_slow_tick,active,active,34,0.0033,1,1,1,1,0,0
C09_S2_boundary,P,not_slow_tick,not_slow_tick,active,active,35,0.0034,1,1,1,0,0,0
C09_S2_boundary,P,not_slow_tick,not_slow_tick,active,active,36,0.0035,1,1,1,1,0,0
C09_S2_boundary,P,not_slow_tick,not_slow_tick,active,active,37,0.0036,1,1,1,1,0,0
C09_S2_boundary,P,not_slow_tick,not_slow_tick,active,active,38,0.0037,1,1,1,1,0,0
C09_S2_boundary,P,not_slow_tick,not_slow_tick,active,active,39,0.0038,0,1,1,1,0,0
C09_S2_boundary,P,regressor_ill_conditioned,none,frozen_excitation,active,40,0.0039,0,1,1,1,0,1
C09_S2_boundary,P,not_slow_tick,not_slow_tick,active,active,41,0.004,0,1,1,1,0,0
C09_S2_boundary,P,not_slow_tick,not_slow_tick,active,active,42,0.0041,0,1,1,1,0,0
C09_S2_boundary,P,not_slow_tick,not_slow_tick,active,active,43,0.0042,0,1,1,1,0,0
C09_S2_boundary,P,not_slow_tick,not_slow_tick,active,active,44,0.0043,0,1,1,1,0,0
C09_S2_boundary,P,not_slow_tick,not_slow_tick,active,active,45,0.0044,0,1,1,1,0,0
C09_S2_boundary,P,not_slow_tick,not_slow_tick,active,active,46,0.0045,0,1,1,1,0,0
C09_S2_boundary,P,not_slow_tick,not_slow_tick,active,active,47,0.0046,1,1,1,1,0,0
C09_S2_boundary,P,not_slow_tick,not_slow_tick,active,active,48,0.0047,1,0,1,0,0,0
C09_S2_boundary,P,not_slow_tick,not_slow_tick,active,active,49,0.0048,1,1,1,1,0,0
C09_S2_boundary,P,not_slow_tick,not_slow_tick,active,active,50,0.0049,1,1,1,1,0,0
C09_S2_boundary,P,not_slow_tick,not_slow_tick,active,active,51,0.005,1,1,1,1,0,0
C09_S2_boundary,P,not_slow_tick,not_slow_tick,active,active,52,0.0051,1,1,1,1,0,0
C09_S2_boundary,P,not_slow_tick,not_slow_tick,active,active,53,0.0052,1,1,1,1,0,0
C09_S2_boundary,P,not_slow_tick,not_slow_tick,active,active,54,0.0053,1,1,1,1,0,0
C09_S2_boundary,P,not_slow_tick,not_slow_tick,active,active,55,0.0054,1,1,1,1,0,0
C09_S2_boundary,P,not_slow_tick,not_slow_tick,active,active,56,0.0055,0,1,1,1,0,0
C09_S2_boundary,P,not_slow_tick,not_slow_tick,active,active,57,0.0056,0,1,1,1,0,0
C09_S2_boundary,P,not_slow_tick,not_slow_tick,active,active,58,0.0057,0,1,1,1,0,0
C09_S2_boundary,P,not_slow_tick,not_slow_tick,active,active,59,0.0058,0,1,1,0,0,0
C09_S2_boundary,P,regressor_ill_conditioned,none,frozen_excitation,active,60,0.0059,0,1,1,1,0,1
C09_S2_boundary,P,not_slow_tick,not_slow_tick,active,active,61,0.006,1,1,1,0,0,0
C09_S2_boundary,P,not_slow_tick,not_slow_tick,active,active,62,0.0061,1,1,1,0,0,0
C09_S2_boundary,P,not_slow_tick,not_slow_tick,active,active,63,0.0062,1,1,1,1,0,0
C09_S2_boundary,P,not_slow_tick,not_slow_tick,active,active,64,0.0063,1,1,1,1,0,0
C09_S2_boundary,P,not_slow_tick,not_slow_tick,active,active,65,0.0064,1,0,1,1,0,0
C09_S2_boundary,P,not_slow_tick,not_slow_tick,active,active,66,0.0065,1,1,1,1,0,0
C09_S2_boundary,P,not_slow_tick,not_slow_tick,active,active,67,0.0066,1,1,1,1,0,0
C09_S2_boundary,P,not_slow_tick,not_slow_tick,active,active,68,0.0067,1,1,1,1,0,0
C09_S2_boundary,P,not_slow_tick,not_slow_tick,active,active,69,0.0068,1,1,1,1,0,0
C09_S2_boundary,P,not_slow_tick,not_slow_tick,active,active,70,0.0069,1,1,1,1,0,0
C09_S2_boundary,P,not_slow_tick,not_slow_tick,active,active,71,0.007,1,1,1,1,0,0
C09_S2_boundary,P,not_slow_tick,not_slow_tick,active,active,72,0.0071,1,1,1,1,0,0
C09_S2_boundary,P,not_slow_tick,not_slow_tick,active,active,73,0.0072,1,1,1,1,0,0
C09_S2_boundary,P,not_slow_tick,not_slow_tick,active,active,74,0.0073,1,1,1,1,0,0
C09_S2_boundary,P,not_slow_tick,not_slow_tick,active,active,75,0.0074,1,1,1,1,0,0
C09_S2_boundary,P,not_slow_tick,not_slow_tick,active,active,76,0.0075,1,1,1,1,0,0
C09_S2_boundary,P,not_slow_tick,not_slow_tick,active,active,77,0.0076,1,1,1,0,0,0
C09_S2_boundary,P,not_slow_tick,not_slow_tick,active,active,78,0.0077,1,1,1,0,0,0
C09_S2_boundary,P,not_slow_tick,not_slow_tick,active,active,79,0.0078,1,1,1,0,0,0
C09_S2_boundary,P,none,u_hp_below_threshold,active,frozen_excitation,80,0.0079,1,0,1,1,1,0
C09_S2_boundary,P,not_slow_tick,not_slow_tick,active,active,81,0.008,0,1,1,0,0,0
C09_S2_boundary,P,not_slow_tick,not_slow_tick,active,active,82,0.0081,1,1,1,1,0,0
C09_S2_boundary,P,not_slow_tick,not_slow_tick,active,active,83,0.0082,1,1,1,1,0,0
C09_S2_boundary,P,not_slow_tick,not_slow_tick,active,active,84,0.0083,1,1,1,1,0,0
C09_S2_boundary,P,not_slow_tick,not_slow_tick,active,active,85,0.0084,1,1,1,1,0,0
C09_S2_boundary,P,not_slow_tick,not_slow_tick,active,active,86,0.0085,1,1,1,1,0,0
C09_S2_boundary,P,not_slow_tick,not_slow_tick,active,active,87,0.0086,1,1,1,1,0,0
C09_S2_boundary,P,not_slow_tick,not_slow_tick,active,active,88,0.0087,1,1,1,1,0,0
C09_S2_boundary,P,not_slow_tick,not_slow_tick,active,active,89,0.0088,1,1,1,1,0,0
C09_S2_boundary,P,not_slow_tick,not_slow_tick,active,active,90,0.0089,1,1,1,1,0,0
C09_S2_boundary,P,not_slow_tick,not_slow_tick,active,active,91,0.009,1,1,1,1,0,0
C09_S2_boundary,P,not_slow_tick,not_slow_tick,active,active,92,0.0091,1,1,1,0,0,0
C09_S2_boundary,P,not_slow_tick,not_slow_tick,active,active,93,0.0092,1,1,1,1,0,0
C09_S2_boundary,P,not_slow_tick,not_slow_tick,active,active,94,0.0093,1,1,1,0,0,0
C09_S2_boundary,P,not_slow_tick,not_slow_tick,active,active,95,0.0094,1,1,1,0,0,0
C09_S2_boundary,P,not_slow_tick,not_slow_tick,active,active,96,0.0095,1,1,1,1,0,0
C09_S2_boundary,P,not_slow_tick,not_slow_tick,active,active,97,0.0096,0,1,1,1,0,0
C09_S2_boundary,P,not_slow_tick,not_slow_tick,active,active,98,0.0097,1,1,1,1,0,0
C09_S2_boundary,P,not_slow_tick,not_slow_tick,active,active,99,0.0098,1,1,1,1,0,0
C09_S2_boundary,P,none,none,active,active,100,0.0099,1,1,1,1,1,1
C09_S2_boundary,P,not_slow_tick,not_slow_tick,active,active,101,0.01,1,0,1,1,0,0
C09_S2_boundary,P,not_slow_tick,not_slow_tick,active,active,102,0.0101,1,0,1,1,0,0
C09_S2_boundary,P,not_slow_tick,not_slow_tick,active,active,103,0.0102,0,0,1,1,0,0
C09_S2_boundary,P,not_slow_tick,not_slow_tick,active,active,104,0.0103,0,0,1,1,0,0
C09_S2_boundary,P,not_slow_tick,not_slow_tick,active,active,105,0.0104,0,0,1,1,0,0
C09_S2_boundary,P,not_slow_tick,not_slow_tick,active,active,106,0.0105,0,0,1,1,0,0
C09_S2_boundary,P,not_slow_tick,not_slow_tick,active,active,107,0.0106,0,0,1,1,0,0
C09_S2_boundary,P,not_slow_tick,not_slow_tick,active,active,108,0.0107,0,0,1,1,0,0
C09_S2_boundary,P,not_slow_tick,not_slow_tick,active,active,109,0.0108,0,0,1,0,0,0
C09_S2_boundary,P,not_slow_tick,not_slow_tick,active,active,110,0.0109,1,1,1,1,0,0
C09_S2_boundary,P,not_slow_tick,not_slow_tick,active,active,111,0.011,1,1,1,0,0,0
C09_S2_boundary,P,not_slow_tick,not_slow_tick,active,active,112,0.0111,1,1,1,0,0,0
C09_S2_boundary,P,not_slow_tick,not_slow_tick,active,active,113,0.0112,0,0,1,1,0,0
C09_S2_boundary,P,not_slow_tick,not_slow_tick,active,active,114,0.0113,0,1,1,1,0,0
C09_S2_boundary,P,not_slow_tick,not_slow_tick,active,active,115,0.0114,1,1,1,1,0,0
C09_S2_boundary,P,not_slow_tick,not_slow_tick,active,active,116,0.0115,1,1,1,1,0,0
C09_S2_boundary,P,not_slow_tick,not_slow_tick,active,active,117,0.0116,0,0,1,1,0,0
C09_S2_boundary,P,not_slow_tick,not_slow_tick,active,active,118,0.0117,0,0,1,1,0,0
C09_S2_boundary,P,not_slow_tick,not_slow_tick,active,active,119,0.0118,0,0,1,1,0,0
C09_S2_boundary,P,u_hp_below_threshold,u_hp_below_threshold,frozen_excitation,frozen_excitation,120,0.0119,0,0,1,1,0,0
C09_S2_boundary,P,not_slow_tick,not_slow_tick,active,active,121,0.012,0,0,1,1,0,0
C09_S2_boundary,P,not_slow_tick,not_slow_tick,active,active,122,0.0121,0,0,1,1,0,0
C09_S2_boundary,P,not_slow_tick,not_slow_tick,active,active,123,0.0122,0,0,1,1,0,0
C09_S2_boundary,P,not_slow_tick,not_slow_tick,active,active,124,0.0123,0,0,1,1,0,0
C09_S2_boundary,P,not_slow_tick,not_slow_tick,active,active,125,0.0124,0,0,1,1,0,0
C09_S2_boundary,P,not_slow_tick,not_slow_tick,active,active,126,0.0125,1,1,1,1,0,0
C09_S2_boundary,P,not_slow_tick,not_slow_tick,active,active,127,0.0126,1,1,1,0,0,0
C09_S2_boundary,P,not_slow_tick,not_slow_tick,active,active,128,0.0127,1,1,1,0,0,0
C09_S2_boundary,P,not_slow_tick,not_slow_tick,active,active,129,0.0128,1,1,1,0,0,0
C09_S2_boundary,P,not_slow_tick,not_slow_tick,active,active,130,0.0129,0,0,1,1,0,0
C09_S2_boundary,P,not_slow_tick,not_slow_tick,active,active,131,0.013,1,1,1,0,0,0
C09_S2_boundary,P,not_slow_tick,not_slow_tick,active,active,132,0.0131,1,1,1,1,0,0
C09_S2_boundary,P,not_slow_tick,not_slow_tick,active,active,133,0.0132,1,1,1,1,0,0
C09_S2_boundary,P,not_slow_tick,not_slow_tick,active,active,134,0.0133,0,0,1,1,0,0
C09_S2_boundary,P,not_slow_tick,not_slow_tick,active,active,135,0.0134,0,0,1,1,0,0
C09_S2_boundary,P,not_slow_tick,not_slow_tick,active,active,136,0.0135,0,0,1,1,0,0
C09_S2_boundary,P,not_slow_tick,not_slow_tick,active,active,137,0.0136,0,0,1,1,0,0
C09_S2_boundary,P,not_slow_tick,not_slow_tick,active,active,138,0.0137,0,0,1,1,0,0
C09_S2_boundary,P,not_slow_tick,not_slow_tick,active,active,139,0.0138,0,0,1,1,0,0
C09_S2_boundary,P,u_hp_below_threshold,u_hp_below_threshold,frozen_excitation,frozen_excitation,140,0.0139,0,0,1,1,0,0
C09_S2_boundary,P,not_slow_tick,not_slow_tick,active,active,141,0.014,0,0,1,1,0,0
C09_S2_boundary,P,not_slow_tick,not_slow_tick,active,active,142,0.0141,0,0,1,0,0,0
C09_S2_boundary,P,not_slow_tick,not_slow_tick,active,active,143,0.0142,1,1,1,1,0,0
C09_S2_boundary,P,not_slow_tick,not_slow_tick,active,active,144,0.0143,1,1,1,0,0,0
C09_S2_boundary,P,not_slow_tick,not_slow_tick,active,active,145,0.0144,1,1,1,0,0,0
C09_S2_boundary,P,not_slow_tick,not_slow_tick,active,active,146,0.0145,0,0,1,1,0,0
C09_S2_boundary,P,not_slow_tick,not_slow_tick,active,active,147,0.0146,0,1,1,1,0,0
C09_S2_boundary,P,not_slow_tick,not_slow_tick,active,active,148,0.0147,1,1,1,1,0,0
C09_S2_boundary,P,not_slow_tick,not_slow_tick,active,active,149,0.0148,1,1,1,1,0,0
C09_S2_boundary,P,not_slow_tick,not_slow_tick,active,active,150,0.0149,1,1,1,1,0,0
C09_S2_boundary,P,not_slow_tick,not_slow_tick,active,active,151,0.015,0,0,1,1,0,0
C09_S2_boundary,P,not_slow_tick,not_slow_tick,active,active,152,0.0151,0,0,1,1,0,0
C09_S2_boundary,P,not_slow_tick,not_slow_tick,active,active,153,0.0152,0,0,1,1,0,0
C09_S2_boundary,P,not_slow_tick,not_slow_tick,active,active,154,0.0153,0,0,1,1,0,0
C09_S2_boundary,P,not_slow_tick,not_slow_tick,active,active,155,0.0154,0,0,1,1,0,0
C09_S2_boundary,P,not_slow_tick,not_slow_tick,active,active,156,0.0155,0,0,1,1,0,0
C09_S2_boundary,P,not_slow_tick,not_slow_tick,active,active,157,0.0156,0,0,1,1,0,0
C09_S2_boundary,P,not_slow_tick,not_slow_tick,active,active,158,0.0157,0,0,1,1,0,0
C09_S2_boundary,P,not_slow_tick,not_slow_tick,active,active,159,0.0158,0,0,1,0,0,0
C09_S2_boundary,P,none,none,active,active,160,0.0159,1,1,1,1,1,1
C09_S2_boundary,P,not_slow_tick,not_slow_tick,active,active,161,0.016,1,1,1,0,0,0
C09_S2_boundary,P,not_slow_tick,not_slow_tick,active,active,162,0.0161,0,1,1,0,0,0
C09_S2_boundary,P,not_slow_tick,not_slow_tick,active,active,163,0.0162,0,0,1,1,0,0
C09_S2_boundary,P,not_slow_tick,not_slow_tick,active,active,164,0.0163,1,1,1,1,0,0
C09_S2_boundary,P,not_slow_tick,not_slow_tick,active,active,165,0.0164,1,1,1,1,0,0
C09_S2_boundary,P,not_slow_tick,not_slow_tick,active,active,166,0.0165,1,1,1,1,0,0
C09_S2_boundary,P,not_slow_tick,not_slow_tick,active,active,167,0.0166,0,0,1,1,0,0
C09_S2_boundary,P,not_slow_tick,not_slow_tick,active,active,168,0.0167,0,0,1,1,0,0
C09_S2_boundary,P,not_slow_tick,not_slow_tick,active,active,169,0.0168,0,0,1,1,0,0
C09_S2_boundary,P,not_slow_tick,not_slow_tick,active,active,170,0.0169,0,0,1,1,0,0
C09_S2_boundary,P,not_slow_tick,not_slow_tick,active,active,171,0.017,0,0,1,1,0,0
C09_S2_boundary,P,not_slow_tick,not_slow_tick,active,active,172,0.0171,0,0,1,1,0,0
C09_S2_boundary,P,not_slow_tick,not_slow_tick,active,active,173,0.0172,0,0,1,1,0,0
C09_S2_boundary,P,not_slow_tick,not_slow_tick,active,active,174,0.0173,0,0,1,1,0,0
C09_S2_boundary,P,not_slow_tick,not_slow_tick,active,active,175,0.0174,0,0,1,1,0,0
C09_S2_boundary,P,not_slow_tick,not_slow_tick,active,active,176,0.0175,1,1,1,1,0,0
C09_S2_boundary,P,not_slow_tick,not_slow_tick,active,active,177,0.0176,1,1,1,0,0,0
C09_S2_boundary,P,not_slow_tick,not_slow_tick,active,active,178,0.0177,1,1,1,0,0,0
C09_S2_boundary,P,not_slow_tick,not_slow_tick,active,active,179,0.0178,1,1,1,0,0,0
C09_S2_boundary,P,u_hp_below_threshold,u_hp_below_threshold,frozen_excitation,frozen_excitation,180,0.0179,0,0,1,1,0,0
C09_S2_boundary,P,not_slow_tick,not_slow_tick,active,active,181,0.018,1,1,1,0,0,0
C09_S2_boundary,P,not_slow_tick,not_slow_tick,active,active,182,0.0181,1,1,1,1,0,0
C09_S2_boundary,P,not_slow_tick,not_slow_tick,active,active,183,0.0182,1,1,1,1,0,0
C09_S2_boundary,P,not_slow_tick,not_slow_tick,active,active,184,0.0183,0,0,1,1,0,0
C09_S2_boundary,P,not_slow_tick,not_slow_tick,active,active,185,0.0184,0,0,1,1,0,0
C09_S2_boundary,P,not_slow_tick,not_slow_tick,active,active,186,0.0185,0,0,1,1,0,0
C09_S2_boundary,P,not_slow_tick,not_slow_tick,active,active,187,0.0186,0,0,1,1,0,0
C09_S2_boundary,P,not_slow_tick,not_slow_tick,active,active,188,0.0187,0,0,1,1,0,0
C09_S2_boundary,P,not_slow_tick,not_slow_tick,active,active,189,0.0188,0,0,1,1,0,0
C09_S2_boundary,P,not_slow_tick,not_slow_tick,active,active,190,0.0189,0,0,1,1,0,0
C09_S2_boundary,P,not_slow_tick,not_slow_tick,active,active,191,0.019,0,0,1,1,0,0
C09_S2_boundary,P,not_slow_tick,not_slow_tick,active,active,192,0.0191,0,0,1,0,0,0
C09_S2_boundary,P,not_slow_tick,not_slow_tick,active,active,193,0.0192,1,1,1,1,0,0
C09_S2_boundary,P,not_slow_tick,not_slow_tick,active,active,194,0.0193,1,1,1,0,0,0
C09_S2_boundary,P,not_slow_tick,not_slow_tick,active,active,195,0.0194,1,1,1,0,0,0
C09_S2_boundary,P,not_slow_tick,not_slow_tick,active,active,196,0.0195,0,0,1,1,0,0
C09_S2_boundary,P,not_slow_tick,not_slow_tick,active,active,197,0.0196,0,1,1,1,0,0
C09_S2_boundary,P,not_slow_tick,not_slow_tick,active,active,198,0.0197,1,1,1,1,0,0
C09_S2_boundary,P,not_slow_tick,not_slow_tick,active,active,199,0.0198,1,1,1,1,0,0
C09_S2_boundary,P,none,none,active,active,200,0.0199,1,1,1,1,1,1
C09_S2_boundary,P,not_slow_tick,not_slow_tick,active,active,201,0.02,0,0,1,1,0,0
C09_S2_boundary,P,not_slow_tick,not_slow_tick,active,active,202,0.0201,0,0,1,1,0,0
C09_S2_boundary,P,not_slow_tick,not_slow_tick,active,active,203,0.0202,0,0,1,1,0,0
C09_S2_boundary,P,not_slow_tick,not_slow_tick,active,active,204,0.0203,0,0,1,1,0,0
C09_S2_boundary,P,not_slow_tick,not_slow_tick,active,active,205,0.0204,0,0,1,1,0,0
C09_S2_boundary,P,not_slow_tick,not_slow_tick,active,active,206,0.0205,0,0,1,1,0,0
C09_S2_boundary,P,not_slow_tick,not_slow_tick,active,active,207,0.0206,0,0,1,1,0,0
C09_S2_boundary,P,not_slow_tick,not_slow_tick,active,active,208,0.0207,0,0,1,1,0,0
C09_S2_boundary,P,not_slow_tick,not_slow_tick,active,active,209,0.0208,0,0,1,0,0,0
C09_S2_boundary,P,not_slow_tick,not_slow_tick,active,active,210,0.0209,1,1,1,1,0,0
C09_S2_boundary,P,not_slow_tick,not_slow_tick,active,active,211,0.021,1,1,1,0,0,0
C09_S2_boundary,P,not_slow_tick,not_slow_tick,active,active,212,0.0211,0,1,1,0,0,0
C09_S2_boundary,P,not_slow_tick,not_slow_tick,active,active,213,0.0212,0,0,1,1,0,0
C09_S2_boundary,P,not_slow_tick,not_slow_tick,active,active,214,0.0213,1,1,1,1,0,0
C09_S2_boundary,P,not_slow_tick,not_slow_tick,active,active,215,0.0214,1,1,1,1,0,0
C09_S2_boundary,P,not_slow_tick,not_slow_tick,active,active,216,0.0215,1,1,1,1,0,0
C09_S2_boundary,P,not_slow_tick,not_slow_tick,active,active,217,0.0216,0,0,1,1,0,0
C09_S2_boundary,P,not_slow_tick,not_slow_tick,active,active,218,0.0217,0,0,1,1,0,0
C09_S2_boundary,P,not_slow_tick,not_slow_tick,active,active,219,0.0218,0,0,1,1,0,0
C09_S2_boundary,P,u_hp_below_threshold,u_hp_below_threshold,frozen_excitation,frozen_excitation,220,0.0219,0,0,1,1,0,0
C09_S2_boundary,P,not_slow_tick,not_slow_tick,active,active,221,0.022,0,0,1,1,0,0
C09_S2_boundary,P,not_slow_tick,not_slow_tick,active,active,222,0.0221,0,0,1,1,0,0
C09_S2_boundary,P,not_slow_tick,not_slow_tick,active,active,223,0.0222,0,0,1,1,0,0
C09_S2_boundary,P,not_slow_tick,not_slow_tick,active,active,224,0.0223,0,0,1,1,0,0
C09_S2_boundary,P,not_slow_tick,not_slow_tick,active,active,225,0.0224,0,0,1,1,0,0
C09_S2_boundary,P,not_slow_tick,not_slow_tick,active,active,226,0.0225,1,1,1,1,0,0
C09_S2_boundary,P,not_slow_tick,not_slow_tick,active,active,227,0.0226,1,1,1,0,0,0
C09_S2_boundary,P,not_slow_tick,not_slow_tick,active,active,228,0.0227,1,1,1,0,0,0
C09_S2_boundary,P,not_slow_tick,not_slow_tick,active,active,229,0.0228,1,1,1,0,0,0
C09_S2_boundary,P,not_slow_tick,not_slow_tick,active,active,230,0.0229,0,0,1,1,0,0
C09_S2_boundary,P,not_slow_tick,not_slow_tick,active,active,231,0.023,1,1,1,0,0,0
C09_S2_boundary,P,not_slow_tick,not_slow_tick,active,active,232,0.0231,1,1,1,1,0,0
C09_S2_boundary,P,not_slow_tick,not_slow_tick,active,active,233,0.0232,1,1,1,1,0,0
C09_S2_boundary,P,not_slow_tick,not_slow_tick,active,active,234,0.0233,0,0,1,1,0,0
C09_S2_boundary,P,not_slow_tick,not_slow_tick,active,active,235,0.0234,0,0,1,1,0,0
C09_S2_boundary,P,not_slow_tick,not_slow_tick,active,active,236,0.0235,0,0,1,1,0,0
C09_S2_boundary,P,not_slow_tick,not_slow_tick,active,active,237,0.0236,0,0,1,1,0,0
C09_S2_boundary,P,not_slow_tick,not_slow_tick,active,active,238,0.0237,0,0,1,1,0,0
C09_S2_boundary,P,not_slow_tick,not_slow_tick,active,active,239,0.0238,0,0,1,1,0,0
C09_S2_boundary,P,u_hp_below_threshold,u_hp_below_threshold,frozen_excitation,frozen_excitation,240,0.0239,0,0,1,1,0,0
C09_S2_boundary,P,not_slow_tick,not_slow_tick,active,active,241,0.024,0,0,1,1,0,0
C09_S2_boundary,P,not_slow_tick,not_slow_tick,active,active,242,0.0241,0,0,1,0,0,0
C09_S2_boundary,P,not_slow_tick,not_slow_tick,active,active,243,0.0242,1,1,1,1,0,0
C09_S2_boundary,P,not_slow_tick,not_slow_tick,active,active,244,0.0243,1,1,1,0,0,0
C09_S2_boundary,P,not_slow_tick,not_slow_tick,active,active,245,0.0244,1,1,1,0,0,0
C09_S2_boundary,P,not_slow_tick,not_slow_tick,active,active,246,0.0245,0,0,1,1,0,0
C09_S2_boundary,P,not_slow_tick,not_slow_tick,active,active,247,0.0246,0,1,1,1,0,0
C09_S2_boundary,P,not_slow_tick,not_slow_tick,active,active,248,0.0247,1,1,1,1,0,0
C09_S2_boundary,P,not_slow_tick,not_slow_tick,active,active,249,0.0248,1,1,1,1,0,0
C09_S2_boundary,P,not_slow_tick,not_slow_tick,active,active,250,0.0249,1,1,1,1,0,0
C09_S2_boundary,P,not_slow_tick,not_slow_tick,active,active,251,0.025,0,0,1,1,0,0
C09_S2_boundary,P,not_slow_tick,not_slow_tick,active,active,252,0.0251,0,0,1,1,0,0
C09_S2_boundary,P,not_slow_tick,not_slow_tick,active,active,253,0.0252,0,0,1,1,0,0
C09_S2_boundary,P,not_slow_tick,not_slow_tick,active,active,254,0.0253,0,0,1,1,0,0
C09_S2_boundary,P,not_slow_tick,not_slow_tick,active,active,255,0.0254,0,0,1,1,0,0
C09_S2_boundary,P,not_slow_tick,not_slow_tick,active,active,256,0.0255,0,0,1,1,0,0
C09_S2_boundary,P,not_slow_tick,not_slow_tick,active,active,257,0.0256,0,0,1,1,0,0
C09_S2_boundary,P,not_slow_tick,not_slow_tick,active,active,258,0.0257,0,0,1,1,0,0
C09_S2_boundary,P,not_slow_tick,not_slow_tick,active,active,259,0.0258,0,0,1,0,0,0
C09_S2_boundary,P,none,none,active,active,260,0.0259,1,1,1,1,1,1
C09_S2_boundary,P,not_slow_tick,not_slow_tick,active,active,261,0.026,1,1,1,0,0,0
C09_S2_boundary,P,not_slow_tick,not_slow_tick,active,active,262,0.0261,0,1,1,0,0,0
C09_S2_boundary,P,not_slow_tick,not_slow_tick,active,active,263,0.0262,0,0,1,1,0,0
C09_S2_boundary,P,not_slow_tick,not_slow_tick,active,active,264,0.0263,1,1,1,1,0,0
C09_S2_boundary,P,not_slow_tick,not_slow_tick,active,active,265,0.0264,1,1,1,1,0,0
C09_S2_boundary,P,not_slow_tick,not_slow_tick,active,active,266,0.0265,1,1,1,1,0,0
C09_S2_boundary,P,not_slow_tick,not_slow_tick,active,active,267,0.0266,0,0,1,1,0,0
C09_S2_boundary,P,not_slow_tick,not_slow_tick,active,active,268,0.0267,0,0,1,1,0,0
C09_S2_boundary,P,not_slow_tick,not_slow_tick,active,active,269,0.0268,0,0,1,1,0,0
C09_S2_boundary,P,not_slow_tick,not_slow_tick,active,active,270,0.0269,0,0,1,1,0,0
C09_S2_boundary,P,not_slow_tick,not_slow_tick,active,active,271,0.027,0,0,1,1,0,0
C09_S2_boundary,P,not_slow_tick,not_slow_tick,active,active,272,0.0271,0,0,1,1,0,0
C09_S2_boundary,P,not_slow_tick,not_slow_tick,active,active,273,0.0272,0,0,1,1,0,0
C09_S2_boundary,P,not_slow_tick,not_slow_tick,active,active,274,0.0273,0,0,1,1,0,0
C09_S2_boundary,P,not_slow_tick,not_slow_tick,active,active,275,0.0274,0,0,1,1,0,0
C09_S2_boundary,P,not_slow_tick,not_slow_tick,active,active,276,0.0275,1,1,1,1,0,0
C09_S2_boundary,P,not_slow_tick,not_slow_tick,active,active,277,0.0276,1,1,1,0,0,0
C09_S2_boundary,P,not_slow_tick,not_slow_tick,active,active,278,0.0277,1,1,1,0,0,0
C09_S2_boundary,P,not_slow_tick,not_slow_tick,active,active,279,0.0278,1,1,1,0,0,0
C09_S2_boundary,P,u_hp_below_threshold,u_hp_below_threshold,frozen_excitation,frozen_excitation,280,0.0279,0,0,1,1,0,0
C09_S2_boundary,P,not_slow_tick,not_slow_tick,active,active,281,0.028,1,1,1,0,0,0
C09_S2_boundary,P,not_slow_tick,not_slow_tick,active,active,282,0.0281,1,1,1,1,0,0
C09_S2_boundary,P,not_slow_tick,not_slow_tick,active,active,283,0.0282,1,1,1,1,0,0
C09_S2_boundary,P,not_slow_tick,not_slow_tick,active,active,284,0.0283,0,0,1,1,0,0
C09_S2_boundary,P,not_slow_tick,not_slow_tick,active,active,285,0.0284,0,0,1,1,0,0
C09_S2_boundary,P,not_slow_tick,not_slow_tick,active,active,286,0.0285,0,0,1,1,0,0
C09_S2_boundary,P,not_slow_tick,not_slow_tick,active,active,287,0.0286,0,0,1,1,0,0
C09_S2_boundary,P,not_slow_tick,not_slow_tick,active,active,288,0.0287,0,0,1,1,0,0
C09_S2_boundary,P,not_slow_tick,not_slow_tick,active,active,289,0.0288,0,0,1,1,0,0
C09_S2_boundary,P,not_slow_tick,not_slow_tick,active,active,290,0.0289,0,0,1,1,0,0
C09_S2_boundary,P,not_slow_tick,not_slow_tick,active,active,291,0.029,0,0,1,1,0,0
C09_S2_boundary,P,not_slow_tick,not_slow_tick,active,active,292,0.0291,0,0,1,0,0,0
C09_S2_boundary,P,not_slow_tick,not_slow_tick,active,active,293,0.0292,1,1,1,1,0,0
C09_S2_boundary,P,not_slow_tick,not_slow_tick,active,active,294,0.0293,1,1,1,0,0,0
C09_S2_boundary,P,not_slow_tick,not_slow_tick,active,active,295,0.0294,1,1,1,0,0,0
C09_S2_boundary,P,not_slow_tick,not_slow_tick,active,active,296,0.0295,0,0,1,1,0,0
C09_S2_boundary,P,not_slow_tick,not_slow_tick,active,active,297,0.0296,0,1,1,1,0,0
C09_S2_boundary,P,not_slow_tick,not_slow_tick,active,active,298,0.0297,1,1,1,1,0,0
C09_S2_boundary,P,not_slow_tick,not_slow_tick,active,active,299,0.0298,1,1,1,1,0,0
C09_S2_boundary,P,none,none,active,active,300,0.0299,1,1,1,1,1,1
C09_S2_boundary,P,not_slow_tick,not_slow_tick,active,active,301,0.03,0,0,1,1,0,0
C09_S2_boundary,P,not_slow_tick,not_slow_tick,active,active,302,0.0301,0,0,1,1,0,0
C09_S2_boundary,P,not_slow_tick,not_slow_tick,active,active,303,0.0302,0,0,1,1,0,0
C09_S2_boundary,P,not_slow_tick,not_slow_tick,active,active,304,0.0303,0,0,1,1,0,0
C09_S2_boundary,P,not_slow_tick,not_slow_tick,active,active,305,0.0304,0,0,1,1,0,0
C09_S2_boundary,P,not_slow_tick,not_slow_tick,active,active,306,0.0305,0,0,1,1,0,0
C09_S2_boundary,P,not_slow_tick,not_slow_tick,active,active,307,0.0306,0,0,1,1,0,0
C09_S2_boundary,P,not_slow_tick,not_slow_tick,active,active,308,0.0307,0,0,1,1,0,0
C09_S2_boundary,P,not_slow_tick,not_slow_tick,active,active,309,0.0308,0,0,1,0,0,0
C09_S2_boundary,P,not_slow_tick,not_slow_tick,active,active,310,0.0309,1,1,1,1,0,0
C09_S2_boundary,P,not_slow_tick,not_slow_tick,active,active,311,0.031,1,1,1,0,0,0
C09_S2_boundary,P,not_slow_tick,not_slow_tick,active,active,312,0.0311,0,1,1,0,0,0
C09_S2_boundary,P,not_slow_tick,not_slow_tick,active,active,313,0.0312,0,0,1,1,0,0
C09_S2_boundary,P,not_slow_tick,not_slow_tick,active,active,314,0.0313,1,1,1,1,0,0
C09_S2_boundary,P,not_slow_tick,not_slow_tick,active,active,315,0.0314,1,1,1,1,0,0
C09_S2_boundary,P,not_slow_tick,not_slow_tick,active,active,316,0.0315,1,1,1,1,0,0
C09_S2_boundary,P,not_slow_tick,not_slow_tick,active,active,317,0.0316,0,0,1,1,0,0
C09_S2_boundary,P,not_slow_tick,not_slow_tick,active,active,318,0.0317,0,0,1,1,0,0
C09_S2_boundary,P,not_slow_tick,not_slow_tick,active,active,319,0.0318,0,0,1,1,0,0
C09_S2_boundary,P,u_hp_below_threshold,u_hp_below_threshold,frozen_excitation,frozen_excitation,320,0.0319,0,0,1,1,0,0
C09_S2_boundary,P,not_slow_tick,not_slow_tick,active,active,321,0.032,0,0,1,1,0,0
C09_S2_boundary,P,not_slow_tick,not_slow_tick,active,active,322,0.0321,0,0,1,1,0,0
C09_S2_boundary,P,not_slow_tick,not_slow_tick,active,active,323,0.0322,0,0,1,1,0,0
C09_S2_boundary,P,not_slow_tick,not_slow_tick,active,active,324,0.0323,0,0,1,1,0,0
C09_S2_boundary,P,not_slow_tick,not_slow_tick,active,active,325,0.0324,0,0,1,1,0,0
C09_S2_boundary,P,not_slow_tick,not_slow_tick,active,active,326,0.0325,1,1,1,1,0,0
C09_S2_boundary,P,not_slow_tick,not_slow_tick,active,active,327,0.0326,1,1,1,0,0,0
C09_S2_boundary,P,not_slow_tick,not_slow_tick,active,active,328,0.0327,1,1,1,0,0,0
C09_S2_boundary,P,not_slow_tick,not_slow_tick,active,active,329,0.0328,1,1,1,0,0,0
C09_S2_boundary,P,not_slow_tick,not_slow_tick,active,active,330,0.0329,0,0,1,1,0,0
C09_S2_boundary,P,not_slow_tick,not_slow_tick,active,active,331,0.033,1,1,1,0,0,0
C09_S2_boundary,P,not_slow_tick,not_slow_tick,active,active,332,0.0331,1,1,1,1,0,0
C09_S2_boundary,P,not_slow_tick,not_slow_tick,active,active,333,0.0332,1,1,1,1,0,0
C09_S2_boundary,P,not_slow_tick,not_slow_tick,active,active,334,0.0333,0,0,1,1,0,0
C09_S2_boundary,P,not_slow_tick,not_slow_tick,active,active,335,0.0334,0,0,1,1,0,0
C09_S2_boundary,P,not_slow_tick,not_slow_tick,active,active,336,0.0335,0,0,1,1,0,0
C09_S2_boundary,P,not_slow_tick,not_slow_tick,active,active,337,0.0336,0,0,1,1,0,0
C09_S2_boundary,P,not_slow_tick,not_slow_tick,active,active,338,0.0337,0,0,1,1,0,0
C09_S2_boundary,P,not_slow_tick,not_slow_tick,active,active,339,0.0338,0,0,1,1,0,0
C09_S2_boundary,P,u_hp_below_threshold,u_hp_below_threshold,frozen_excitation,frozen_excitation,340,0.0339,0,0,1,1,0,0
C09_S2_boundary,P,not_slow_tick,not_slow_tick,active,active,341,0.034,0,0,1,1,0,0
C09_S2_boundary,P,not_slow_tick,not_slow_tick,active,active,342,0.0341,0,0,1,0,0,0
C09_S2_boundary,P,not_slow_tick,not_slow_tick,active,active,343,0.0342,1,1,1,1,0,0
C09_S2_boundary,P,not_slow_tick,not_slow_tick,active,active,344,0.0343,1,1,1,0,0,0
C09_S2_boundary,P,not_slow_tick,not_slow_tick,active,active,345,0.0344,1,1,1,0,0,0
C09_S2_boundary,P,not_slow_tick,not_slow_tick,active,active,346,0.0345,0,0,1,1,0,0
C09_S2_boundary,P,not_slow_tick,not_slow_tick,active,active,347,0.0346,0,1,1,1,0,0
C09_S2_boundary,P,not_slow_tick,not_slow_tick,active,active,348,0.0347,1,1,1,1,0,0
C09_S2_boundary,P,not_slow_tick,not_slow_tick,active,active,349,0.0348,1,1,1,1,0,0
C09_S2_boundary,P,not_slow_tick,not_slow_tick,active,active,350,0.0349,1,1,1,1,0,0
C09_S2_boundary,P,not_slow_tick,not_slow_tick,active,active,351,0.035,0,0,1,1,0,0
C09_S2_boundary,P,not_slow_tick,not_slow_tick,active,active,352,0.0351,0,0,1,1,0,0
C09_S2_boundary,P,not_slow_tick,not_slow_tick,active,active,353,0.0352,0,0,1,1,0,0
C09_S2_boundary,P,not_slow_tick,not_slow_tick,active,active,354,0.0353,0,0,1,1,0,0
C09_S2_boundary,P,not_slow_tick,not_slow_tick,active,active,355,0.0354,0,0,1,1,0,0
C09_S2_boundary,P,not_slow_tick,not_slow_tick,active,active,356,0.0355,0,0,1,1,0,0
C09_S2_boundary,P,not_slow_tick,not_slow_tick,active,active,357,0.0356,0,0,1,1,0,0
C09_S2_boundary,P,not_slow_tick,not_slow_tick,active,active,358,0.0357,0,0,1,1,0,0
C09_S2_boundary,P,not_slow_tick,not_slow_tick,active,active,359,0.0358,0,0,1,0,0,0
C09_S2_boundary,P,none,none,active,active,360,0.0359,1,1,1,1,1,1
C09_S2_boundary,P,not_slow_tick,not_slow_tick,active,active,361,0.036,1,1,1,0,0,0
C09_S2_boundary,P,not_slow_tick,not_slow_tick,active,active,362,0.0361,0,1,1,0,0,0
C09_S2_boundary,P,not_slow_tick,not_slow_tick,active,active,363,0.0362,0,0,1,1,0,0
C09_S2_boundary,P,not_slow_tick,not_slow_tick,active,active,364,0.0363,1,1,1,1,0,0
C09_S2_boundary,P,not_slow_tick,not_slow_tick,active,active,365,0.0364,1,1,1,1,0,0
C09_S2_boundary,P,not_slow_tick,not_slow_tick,active,active,366,0.0365,1,1,1,1,0,0
C09_S2_boundary,P,not_slow_tick,not_slow_tick,active,active,367,0.0366,0,0,1,1,0,0
C09_S2_boundary,P,not_slow_tick,not_slow_tick,active,active,368,0.0367,0,0,1,1,0,0
C09_S2_boundary,P,not_slow_tick,not_slow_tick,active,active,369,0.0368,0,0,1,1,0,0
C09_S2_boundary,P,not_slow_tick,not_slow_tick,active,active,370,0.0369,0,0,1,1,0,0
C09_S2_boundary,P,not_slow_tick,not_slow_tick,active,active,371,0.037,0,0,1,1,0,0
C09_S2_boundary,P,not_slow_tick,not_slow_tick,active,active,372,0.0371,0,0,1,1,0,0
C09_S2_boundary,P,not_slow_tick,not_slow_tick,active,active,373,0.0372,0,0,1,1,0,0
C09_S2_boundary,P,not_slow_tick,not_slow_tick,active,active,374,0.0373,0,0,1,1,0,0
C09_S2_boundary,P,not_slow_tick,not_slow_tick,active,active,375,0.0374,0,0,1,1,0,0
C09_S2_boundary,P,not_slow_tick,not_slow_tick,active,active,376,0.0375,1,1,1,1,0,0
C09_S2_boundary,P,not_slow_tick,not_slow_tick,active,active,377,0.0376,1,1,1,0,0,0
C09_S2_boundary,P,not_slow_tick,not_slow_tick,active,active,378,0.0377,1,1,1,0,0,0
C09_S2_boundary,P,not_slow_tick,not_slow_tick,active,active,379,0.0378,1,1,1,0,0,0
C09_S2_boundary,P,u_hp_below_threshold,u_hp_below_threshold,frozen_excitation,frozen_excitation,380,0.0379,0,0,1,1,0,0
C09_S2_boundary,P,not_slow_tick,not_slow_tick,active,active,381,0.038,1,1,1,0,0,0
C09_S2_boundary,P,not_slow_tick,not_slow_tick,active,active,382,0.0381,1,1,1,1,0,0
C09_S2_boundary,P,not_slow_tick,not_slow_tick,active,active,383,0.0382,1,1,1,1,0,0
C09_S2_boundary,P,not_slow_tick,not_slow_tick,active,active,384,0.0383,0,0,1,1,0,0
C09_S2_boundary,P,not_slow_tick,not_slow_tick,active,active,385,0.0384,0,0,1,1,0,0
C09_S2_boundary,P,not_slow_tick,not_slow_tick,active,active,386,0.0385,0,0,1,1,0,0
C09_S2_boundary,P,not_slow_tick,not_slow_tick,active,active,387,0.0386,0,0,1,1,0,0
C09_S2_boundary,P,not_slow_tick,not_slow_tick,active,active,388,0.0387,0,0,1,1,0,0
C09_S2_boundary,P,not_slow_tick,not_slow_tick,active,active,389,0.0388,0,0,1,1,0,0
C09_S2_boundary,P,not_slow_tick,not_slow_tick,active,active,390,0.0389,0,0,1,1,0,0
C09_S2_boundary,P,not_slow_tick,not_slow_tick,active,active,391,0.039,0,0,1,1,0,0
C09_S2_boundary,P,not_slow_tick,not_slow_tick,active,active,392,0.0391,0,0,1,0,0,0
C09_S2_boundary,P,not_slow_tick,not_slow_tick,active,active,393,0.0392,1,1,1,1,0,0
C09_S2_boundary,P,not_slow_tick,not_slow_tick,active,active,394,0.0393,1,1,1,0,0,0
C09_S2_boundary,P,not_slow_tick,not_slow_tick,active,active,395,0.0394,1,1,1,0,0,0
C09_S2_boundary,P,not_slow_tick,not_slow_tick,active,active,396,0.0395,0,0,1,1,0,0
C09_S2_boundary,P,not_slow_tick,not_slow_tick,active,active,397,0.0396,0,1,1,1,0,0
C09_S2_boundary,P,not_slow_tick,not_slow_tick,active,active,398,0.0397,1,1,1,1,0,0
C09_S2_boundary,P,not_slow_tick,not_slow_tick,active,active,399,0.0398,1,1,1,1,0,0
C09_S2_boundary,P,none,none,active,active,400,0.0399,1,1,1,1,1,1
C09_S2_boundary,P,not_slow_tick,not_slow_tick,active,active,401,0.04,0,0,1,1,0,0
C09_S2_boundary,P,not_slow_tick,not_slow_tick,active,active,402,0.0401,0,0,1,1,0,0
C09_S2_boundary,P,not_slow_tick,not_slow_tick,active,active,403,0.0402,0,0,1,1,0,0
C09_S2_boundary,P,not_slow_tick,not_slow_tick,active,active,404,0.0403,0,0,1,1,0,0
C09_S2_boundary,P,not_slow_tick,not_slow_tick,active,active,405,0.0404,0,0,1,1,0,0
C09_S2_boundary,P,not_slow_tick,not_slow_tick,active,active,406,0.0405,0,0,1,1,0,0
C09_S2_boundary,P,not_slow_tick,not_slow_tick,active,active,407,0.0406,0,0,1,1,0,0
C09_S2_boundary,P,not_slow_tick,not_slow_tick,active,active,408,0.0407,0,0,1,1,0,0
C09_S2_boundary,P,not_slow_tick,not_slow_tick,active,active,409,0.0408,0,0,1,0,0,0
C09_S2_boundary,P,not_slow_tick,not_slow_tick,active,active,410,0.0409,1,1,1,1,0,0
C09_S2_boundary,P,not_slow_tick,not_slow_tick,active,active,411,0.041,1,1,1,0,0,0
C09_S2_boundary,P,not_slow_tick,not_slow_tick,active,active,412,0.0411,0,1,1,0,0,0
C09_S2_boundary,P,not_slow_tick,not_slow_tick,active,active,413,0.0412,0,0,1,1,0,0
C09_S2_boundary,P,not_slow_tick,not_slow_tick,active,active,414,0.0413,1,1,1,1,0,0
C09_S2_boundary,P,not_slow_tick,not_slow_tick,active,active,415,0.0414,1,1,1,1,0,0
C09_S2_boundary,P,not_slow_tick,not_slow_tick,active,active,416,0.0415,1,1,1,1,0,0
C09_S2_boundary,P,not_slow_tick,not_slow_tick,active,active,417,0.0416,0,0,1,1,0,0
C09_S2_boundary,P,not_slow_tick,not_slow_tick,active,active,418,0.0417,0,0,1,1,0,0
C09_S2_boundary,P,not_slow_tick,not_slow_tick,active,active,419,0.0418,0,0,1,1,0,0
C09_S2_boundary,P,u_hp_below_threshold,u_hp_below_threshold,frozen_excitation,frozen_excitation,420,0.0419,0,0,1,1,0,0
C09_S2_boundary,P,not_slow_tick,not_slow_tick,active,active,421,0.042,0,0,1,1,0,0
C09_S2_boundary,P,not_slow_tick,not_slow_tick,active,active,422,0.0421,0,0,1,1,0,0
C09_S2_boundary,P,not_slow_tick,not_slow_tick,active,active,423,0.0422,0,0,1,1,0,0
C09_S2_boundary,P,not_slow_tick,not_slow_tick,active,active,424,0.0423,0,0,1,1,0,0
C09_S2_boundary,P,not_slow_tick,not_slow_tick,active,active,425,0.0424,0,0,1,1,0,0
C09_S2_boundary,P,not_slow_tick,not_slow_tick,active,active,426,0.0425,1,1,1,1,0,0
C09_S2_boundary,P,not_slow_tick,not_slow_tick,active,active,427,0.0426,1,1,1,0,0,0
C09_S2_boundary,P,not_slow_tick,not_slow_tick,active,active,428,0.0427,1,1,1,0,0,0
C09_S2_boundary,P,not_slow_tick,not_slow_tick,active,active,429,0.0428,1,1,1,0,0,0
C09_S2_boundary,P,not_slow_tick,not_slow_tick,active,active,430,0.0429,0,0,1,1,0,0
C09_S2_boundary,P,not_slow_tick,not_slow_tick,active,active,431,0.043,1,1,1,0,0,0
C09_S2_boundary,P,not_slow_tick,not_slow_tick,active,active,432,0.0431,1,1,1,1,0,0
C09_S2_boundary,P,not_slow_tick,not_slow_tick,active,active,433,0.0432,1,1,1,1,0,0
C09_S2_boundary,P,not_slow_tick,not_slow_tick,active,active,434,0.0433,0,0,1,1,0,0
C09_S2_boundary,P,not_slow_tick,not_slow_tick,active,active,435,0.0434,0,0,1,1,0,0
C09_S2_boundary,P,not_slow_tick,not_slow_tick,active,active,436,0.0435,0,0,1,1,0,0
C09_S2_boundary,P,not_slow_tick,not_slow_tick,active,active,437,0.0436,0,0,1,1,0,0
C09_S2_boundary,P,not_slow_tick,not_slow_tick,active,active,438,0.0437,0,0,1,1,0,0
C09_S2_boundary,P,not_slow_tick,not_slow_tick,active,active,439,0.0438,0,0,1,1,0,0
C09_S2_boundary,P,u_hp_below_threshold,u_hp_below_threshold,frozen_excitation,frozen_excitation,440,0.0439,0,0,1,1,0,0
C09_S2_boundary,P,not_slow_tick,not_slow_tick,active,active,441,0.044,0,0,1,1,0,0
C09_S2_boundary,P,not_slow_tick,not_slow_tick,active,active,442,0.0441,0,0,1,0,0,0
C09_S2_boundary,P,not_slow_tick,not_slow_tick,active,active,443,0.0442,1,1,1,1,0,0
C09_S2_boundary,P,not_slow_tick,not_slow_tick,active,active,444,0.0443,1,1,1,0,0,0
C09_S2_boundary,P,not_slow_tick,not_slow_tick,active,active,445,0.0444,1,1,1,0,0,0
C09_S2_boundary,P,not_slow_tick,not_slow_tick,active,active,446,0.0445,0,0,1,1,0,0
C09_S2_boundary,P,not_slow_tick,not_slow_tick,active,active,447,0.0446,0,1,1,1,0,0
C09_S2_boundary,P,not_slow_tick,not_slow_tick,active,active,448,0.0447,1,1,1,1,0,0
C09_S2_boundary,P,not_slow_tick,not_slow_tick,active,active,449,0.0448,1,1,1,1,0,0
C09_S2_boundary,P,not_slow_tick,not_slow_tick,active,active,450,0.0449,1,1,1,1,0,0
C09_S2_boundary,P,not_slow_tick,not_slow_tick,active,active,451,0.045,0,0,1,1,0,0
C09_S2_boundary,P,not_slow_tick,not_slow_tick,active,active,452,0.0451,0,0,1,1,0,0
C09_S2_boundary,P,not_slow_tick,not_slow_tick,active,active,453,0.0452,0,0,1,1,0,0
C09_S2_boundary,P,not_slow_tick,not_slow_tick,active,active,454,0.0453,0,0,1,1,0,0
C09_S2_boundary,P,not_slow_tick,not_slow_tick,active,active,455,0.0454,0,0,1,1,0,0
C09_S2_boundary,P,not_slow_tick,not_slow_tick,active,active,456,0.0455,0,0,1,1,0,0
C09_S2_boundary,P,not_slow_tick,not_slow_tick,active,active,457,0.0456,0,0,1,1,0,0
C09_S2_boundary,P,not_slow_tick,not_slow_tick,active,active,458,0.0457,0,0,1,1,0,0
C09_S2_boundary,P,not_slow_tick,not_slow_tick,active,active,459,0.0458,0,0,1,0,0,0
C09_S2_boundary,P,none,none,active,active,460,0.0459,1,1,1,1,1,1
C09_S2_boundary,P,not_slow_tick,not_slow_tick,active,active,461,0.046,1,1,1,0,0,0
C09_S2_boundary,P,not_slow_tick,not_slow_tick,active,active,462,0.0461,0,1,1,0,0,0
C09_S2_boundary,P,not_slow_tick,not_slow_tick,active,active,463,0.0462,0,0,1,1,0,0
C09_S2_boundary,P,not_slow_tick,not_slow_tick,active,active,464,0.0463,1,1,1,1,0,0
C09_S2_boundary,P,not_slow_tick,not_slow_tick,active,active,465,0.0464,1,1,1,1,0,0
C09_S2_boundary,P,not_slow_tick,not_slow_tick,active,active,466,0.0465,1,1,1,1,0,0
C09_S2_boundary,P,not_slow_tick,not_slow_tick,active,active,467,0.0466,0,0,1,1,0,0
C09_S2_boundary,P,not_slow_tick,not_slow_tick,active,active,468,0.0467,0,0,1,1,0,0
C09_S2_boundary,P,not_slow_tick,not_slow_tick,active,active,469,0.0468,0,0,1,1,0,0
C09_S2_boundary,P,not_slow_tick,not_slow_tick,active,active,470,0.0469,0,0,1,1,0,0
C09_S2_boundary,P,not_slow_tick,not_slow_tick,active,active,471,0.047,0,0,1,1,0,0
C09_S2_boundary,P,not_slow_tick,not_slow_tick,active,active,472,0.0471,0,0,1,1,0,0
C09_S2_boundary,P,not_slow_tick,not_slow_tick,active,active,473,0.0472,0,0,1,1,0,0
C09_S2_boundary,P,not_slow_tick,not_slow_tick,active,active,474,0.0473,0,0,1,1,0,0
C09_S2_boundary,P,not_slow_tick,not_slow_tick,active,active,475,0.0474,0,0,1,1,0,0
C09_S2_boundary,P,not_slow_tick,not_slow_tick,active,active,476,0.0475,1,1,1,1,0,0
C09_S2_boundary,P,not_slow_tick,not_slow_tick,active,active,477,0.0476,1,1,1,0,0,0
C09_S2_boundary,P,not_slow_tick,not_slow_tick,active,active,478,0.0477,1,1,1,0,0,0
C09_S2_boundary,P,not_slow_tick,not_slow_tick,active,active,479,0.0478,1,1,1,0,0,0
C09_S2_boundary,P,u_hp_below_threshold,u_hp_below_threshold,frozen_excitation,frozen_excitation,480,0.0479,0,0,1,1,0,0
C09_S2_boundary,P,not_slow_tick,not_slow_tick,active,active,481,0.048,1,1,1,0,0,0
C09_S2_boundary,P,not_slow_tick,not_slow_tick,active,active,482,0.0481,1,1,1,1,0,0
C09_S2_boundary,P,not_slow_tick,not_slow_tick,active,active,483,0.0482,1,1,1,1,0,0
C09_S2_boundary,P,not_slow_tick,not_slow_tick,active,active,484,0.0483,0,0,1,1,0,0
C09_S2_boundary,P,not_slow_tick,not_slow_tick,active,active,485,0.0484,0,0,1,1,0,0
C09_S2_boundary,P,not_slow_tick,not_slow_tick,active,active,486,0.0485,0,0,1,1,0,0
C09_S2_boundary,P,not_slow_tick,not_slow_tick,active,active,487,0.0486,0,0,1,1,0,0
C09_S2_boundary,P,not_slow_tick,not_slow_tick,active,active,488,0.0487,0,0,1,1,0,0
C09_S2_boundary,P,not_slow_tick,not_slow_tick,active,active,489,0.0488,0,0,1,1,0,0
C09_S2_boundary,P,not_slow_tick,not_slow_tick,active,active,490,0.0489,0,0,1,1,0,0
C09_S2_boundary,P,not_slow_tick,not_slow_tick,active,active,491,0.049,0,0,1,1,0,0
C09_S2_boundary,P,not_slow_tick,not_slow_tick,active,active,492,0.0491,0,0,1,0,0,0
C09_S2_boundary,P,not_slow_tick,not_slow_tick,active,active,493,0.0492,1,1,1,1,0,0
C09_S2_boundary,P,not_slow_tick,not_slow_tick,active,active,494,0.0493,1,1,1,0,0,0
C09_S2_boundary,P,not_slow_tick,not_slow_tick,active,active,495,0.0494,1,1,1,0,0,0
C09_S2_boundary,P,not_slow_tick,not_slow_tick,active,active,496,0.0495,0,0,1,1,0,0
C09_S2_boundary,P,not_slow_tick,not_slow_tick,active,active,497,0.0496,0,1,1,1,0,0
C09_S2_boundary,P,not_slow_tick,not_slow_tick,active,active,498,0.0497,1,1,1,1,0,0
C09_S2_boundary,P,not_slow_tick,not_slow_tick,active,active,499,0.0498,1,1,1,1,0,0
C09_S2_boundary,P,none,none,active,active,500,0.0499,1,1,1,1,1,1
C09_S2_boundary,P,not_slow_tick,not_slow_tick,active,active,501,0.05,0,0,1,1,0,0
C09_S2_boundary,P,not_slow_tick,not_slow_tick,active,active,502,0.0501,0,0,1,1,0,0
C09_S2_boundary,P,not_slow_tick,not_slow_tick,active,active,503,0.0502,0,0,1,1,0,0
C09_S2_boundary,P,not_slow_tick,not_slow_tick,active,active,504,0.0503,0,0,1,1,0,0
C09_S2_boundary,P,not_slow_tick,not_slow_tick,active,active,505,0.0504,0,0,1,1,0,0
C09_S2_boundary,P,not_slow_tick,not_slow_tick,active,active,506,0.0505,0,0,1,1,0,0
C09_S2_boundary,P,not_slow_tick,not_slow_tick,active,active,507,0.0506,0,0,1,1,0,0
C09_S2_boundary,P,not_slow_tick,not_slow_tick,active,active,508,0.0507,0,0,1,1,0,0
C09_S2_boundary,P,not_slow_tick,not_slow_tick,active,active,509,0.0508,0,0,1,0,0,0
C09_S2_boundary,P,not_slow_tick,not_slow_tick,active,active,510,0.0509,1,1,1,1,0,0
C09_S2_boundary,P,not_slow_tick,not_slow_tick,active,active,511,0.051,1,1,1,0,0,0
C09_S2_boundary,P,not_slow_tick,not_slow_tick,active,active,512,0.0511,0,1,1,0,0,0
C09_S2_boundary,P,not_slow_tick,not_slow_tick,active,active,513,0.0512,0,0,1,1,0,0
C09_S2_boundary,P,not_slow_tick,not_slow_tick,active,active,514,0.0513,1,1,1,1,0,0
C09_S2_boundary,P,not_slow_tick,not_slow_tick,active,active,515,0.0514,1,1,1,1,0,0
C09_S2_boundary,P,not_slow_tick,not_slow_tick,active,active,516,0.0515,1,1,1,1,0,0
C09_S2_boundary,P,not_slow_tick,not_slow_tick,active,active,517,0.0516,0,0,1,1,0,0
C09_S2_boundary,P,not_slow_tick,not_slow_tick,active,active,518,0.0517,0,0,1,1,0,0
C09_S2_boundary,P,not_slow_tick,not_slow_tick,active,active,519,0.0518,0,0,1,1,0,0
C09_S2_boundary,P,u_hp_below_threshold,u_hp_below_threshold,frozen_excitation,frozen_excitation,520,0.0519,0,0,1,1,0,0
C09_S2_boundary,P,not_slow_tick,not_slow_tick,active,active,521,0.052,0,0,1,1,0,0
C09_S2_boundary,P,not_slow_tick,not_slow_tick,active,active,522,0.0521,0,0,1,1,0,0
C09_S2_boundary,P,not_slow_tick,not_slow_tick,active,active,523,0.0522,0,0,1,1,0,0
C09_S2_boundary,P,not_slow_tick,not_slow_tick,active,active,524,0.0523,0,0,1,1,0,0
C09_S2_boundary,P,not_slow_tick,not_slow_tick,active,active,525,0.0524,0,0,1,1,0,0
C09_S2_boundary,P,not_slow_tick,not_slow_tick,active,active,526,0.0525,1,1,1,1,0,0
C09_S2_boundary,P,not_slow_tick,not_slow_tick,active,active,527,0.0526,1,1,1,0,0,0
C09_S2_boundary,P,not_slow_tick,not_slow_tick,active,active,528,0.0527,1,1,1,0,0,0
C09_S2_boundary,P,not_slow_tick,not_slow_tick,active,active,529,0.0528,1,1,1,0,0,0
C09_S2_boundary,P,not_slow_tick,not_slow_tick,active,active,530,0.0529,0,0,1,1,0,0
C09_S2_boundary,P,not_slow_tick,not_slow_tick,active,active,531,0.053,1,1,1,0,0,0
C09_S2_boundary,P,not_slow_tick,not_slow_tick,active,active,532,0.0531,1,1,1,1,0,0
C09_S2_boundary,P,not_slow_tick,not_slow_tick,active,active,533,0.0532,1,1,1,1,0,0
C09_S2_boundary,P,not_slow_tick,not_slow_tick,active,active,534,0.0533,0,0,1,1,0,0
C09_S2_boundary,P,not_slow_tick,not_slow_tick,active,active,535,0.0534,0,0,1,1,0,0
C09_S2_boundary,P,not_slow_tick,not_slow_tick,active,active,536,0.0535,0,0,1,1,0,0
C09_S2_boundary,P,not_slow_tick,not_slow_tick,active,active,537,0.0536,0,0,1,1,0,0
C09_S2_boundary,P,not_slow_tick,not_slow_tick,active,active,538,0.0537,0,0,1,1,0,0
C09_S2_boundary,P,not_slow_tick,not_slow_tick,active,active,539,0.0538,0,0,1,1,0,0
C09_S2_boundary,P,u_hp_below_threshold,u_hp_below_threshold,frozen_excitation,frozen_excitation,540,0.0539,0,0,1,1,0,0
C09_S2_boundary,P,not_slow_tick,not_slow_tick,active,active,541,0.054,0,0,1,1,0,0
C09_S2_boundary,P,not_slow_tick,not_slow_tick,active,active,542,0.0541,0,0,1,0,0,0
C09_S2_boundary,P,not_slow_tick,not_slow_tick,active,active,543,0.0542,1,1,1,1,0,0
C09_S2_boundary,P,not_slow_tick,not_slow_tick,active,active,544,0.0543,1,1,1,0,0,0
C09_S2_boundary,P,not_slow_tick,not_slow_tick,active,active,545,0.0544,1,1,1,0,0,0
C09_S2_boundary,P,not_slow_tick,not_slow_tick,active,active,546,0.0545,0,0,1,1,0,0
C09_S2_boundary,P,not_slow_tick,not_slow_tick,active,active,547,0.0546,0,1,1,1,0,0
C09_S2_boundary,P,not_slow_tick,not_slow_tick,active,active,548,0.0547,1,1,1,1,0,0
C09_S2_boundary,P,not_slow_tick,not_slow_tick,active,active,549,0.0548,1,1,1,1,0,0
C09_S2_boundary,P,not_slow_tick,not_slow_tick,active,active,550,0.0549,1,1,1,1,0,0
C09_S2_boundary,P,not_slow_tick,not_slow_tick,active,active,551,0.055,0,0,1,1,0,0
C09_S2_boundary,P,not_slow_tick,not_slow_tick,active,active,552,0.0551,0,0,1,1,0,0
C09_S2_boundary,P,not_slow_tick,not_slow_tick,active,active,553,0.0552,0,0,1,1,0,0
C09_S2_boundary,P,not_slow_tick,not_slow_tick,active,active,554,0.0553,0,0,1,1,0,0
C09_S2_boundary,P,not_slow_tick,not_slow_tick,active,active,555,0.0554,0,0,1,1,0,0
C09_S2_boundary,P,not_slow_tick,not_slow_tick,active,active,556,0.0555,0,0,1,1,0,0
C09_S2_boundary,P,not_slow_tick,not_slow_tick,active,active,557,0.0556,0,0,1,1,0,0
C09_S2_boundary,P,not_slow_tick,not_slow_tick,active,active,558,0.0557,0,0,1,1,0,0
C09_S2_boundary,P,not_slow_tick,not_slow_tick,active,active,559,0.0558,0,0,1,0,0,0
C09_S2_boundary,P,none,none,active,active,560,0.0559,1,1,1,1,1,1
C09_S2_boundary,P,not_slow_tick,not_slow_tick,active,active,561,0.056,1,1,1,0,0,0
C09_S2_boundary,P,not_slow_tick,not_slow_tick,active,active,562,0.0561,0,1,1,0,0,0
C09_S2_boundary,P,not_slow_tick,not_slow_tick,active,active,563,0.0562,0,0,1,1,0,0
C09_S2_boundary,P,not_slow_tick,not_slow_tick,active,active,564,0.0563,1,1,1,1,0,0
C09_S2_boundary,P,not_slow_tick,not_slow_tick,active,active,565,0.0564,1,1,1,1,0,0
C09_S2_boundary,P,not_slow_tick,not_slow_tick,active,active,566,0.0565,1,1,1,1,0,0
C09_S2_boundary,P,not_slow_tick,not_slow_tick,active,active,567,0.0566,0,0,1,1,0,0
C09_S2_boundary,P,not_slow_tick,not_slow_tick,active,active,568,0.0567,0,0,1,1,0,0
C09_S2_boundary,P,not_slow_tick,not_slow_tick,active,active,569,0.0568,0,0,1,1,0,0
C09_S2_boundary,P,not_slow_tick,not_slow_tick,active,active,570,0.0569,0,0,1,1,0,0
C09_S2_boundary,P,not_slow_tick,not_slow_tick,active,active,571,0.057,0,0,1,1,0,0
C09_S2_boundary,P,not_slow_tick,not_slow_tick,active,active,572,0.0571,0,0,1,1,0,0
C09_S2_boundary,P,not_slow_tick,not_slow_tick,active,active,573,0.0572,0,0,1,1,0,0
C09_S2_boundary,P,not_slow_tick,not_slow_tick,active,active,574,0.0573,0,0,1,1,0,0
C09_S2_boundary,P,not_slow_tick,not_slow_tick,active,active,575,0.0574,0,0,1,1,0,0
C09_S2_boundary,P,not_slow_tick,not_slow_tick,active,active,576,0.0575,1,1,1,1,0,0
C09_S2_boundary,P,not_slow_tick,not_slow_tick,active,active,577,0.0576,1,1,1,0,0,0
C09_S2_boundary,P,not_slow_tick,not_slow_tick,active,active,578,0.0577,1,1,1,0,0,0
C09_S2_boundary,P,not_slow_tick,not_slow_tick,active,active,579,0.0578,1,1,1,0,0,0
C09_S2_boundary,P,u_hp_below_threshold,u_hp_below_threshold,frozen_excitation,frozen_excitation,580,0.0579,0,0,1,1,0,0
C09_S2_boundary,P,not_slow_tick,not_slow_tick,active,active,581,0.058,1,1,1,0,0,0
C09_S2_boundary,P,not_slow_tick,not_slow_tick,active,active,582,0.0581,1,1,1,1,0,0
C09_S2_boundary,P,not_slow_tick,not_slow_tick,active,active,583,0.0582,1,1,1,1,0,0
C09_S2_boundary,P,not_slow_tick,not_slow_tick,active,active,584,0.0583,0,0,1,1,0,0
C09_S2_boundary,P,not_slow_tick,not_slow_tick,active,active,585,0.0584,0,0,1,1,0,0
C09_S2_boundary,P,not_slow_tick,not_slow_tick,active,active,586,0.0585,0,0,1,1,0,0
C09_S2_boundary,P,not_slow_tick,not_slow_tick,active,active,587,0.0586,0,0,1,1,0,0
C09_S2_boundary,P,not_slow_tick,not_slow_tick,active,active,588,0.0587,0,0,1,1,0,0
C09_S2_boundary,P,not_slow_tick,not_slow_tick,active,active,589,0.0588,0,0,1,1,0,0
C09_S2_boundary,P,not_slow_tick,not_slow_tick,active,active,590,0.0589,0,0,1,1,0,0
C09_S2_boundary,P,not_slow_tick,not_slow_tick,active,active,591,0.059,0,0,1,1,0,0
C09_S2_boundary,P,not_slow_tick,not_slow_tick,active,active,592,0.0591,0,0,1,0,0,0
C09_S2_boundary,P,not_slow_tick,not_slow_tick,active,active,593,0.0592,1,1,1,1,0,0
C09_S2_boundary,P,not_slow_tick,not_slow_tick,active,active,594,0.0593,1,1,1,0,0,0
C09_S2_boundary,P,not_slow_tick,not_slow_tick,active,active,595,0.0594,1,1,1,0,0,0
C09_S2_boundary,P,not_slow_tick,not_slow_tick,active,active,596,0.0595,0,0,1,1,0,0
C09_S2_boundary,P,not_slow_tick,not_slow_tick,active,active,597,0.0596,0,1,1,1,0,0
C09_S2_boundary,P,not_slow_tick,not_slow_tick,active,active,598,0.0597,1,1,1,1,0,0
C09_S2_boundary,P,not_slow_tick,not_slow_tick,active,active,599,0.0598,1,1,1,1,0,0
C09_S2_boundary,P,none,none,active,active,600,0.0599,1,1,1,1,1,1
C09_S2_boundary,P,not_slow_tick,not_slow_tick,active,active,601,0.06,0,0,1,1,0,0
C09_S2_boundary,P,not_slow_tick,not_slow_tick,active,active,602,0.0601,0,0,1,1,0,0
C09_S2_boundary,P,not_slow_tick,not_slow_tick,active,active,603,0.0602,0,0,1,1,0,0
C09_S2_boundary,P,not_slow_tick,not_slow_tick,active,active,604,0.0603,0,0,1,1,0,0
C09_S2_boundary,P,not_slow_tick,not_slow_tick,active,active,605,0.0604,0,0,1,1,0,0
C09_S2_boundary,P,not_slow_tick,not_slow_tick,active,active,606,0.0605,0,0,1,1,0,0
C09_S2_boundary,P,not_slow_tick,not_slow_tick,active,active,607,0.0606,0,0,1,1,0,0
C09_S2_boundary,P,not_slow_tick,not_slow_tick,active,active,608,0.0607,0,0,1,1,0,0
C09_S2_boundary,P,not_slow_tick,not_slow_tick,active,active,609,0.0608,0,0,1,0,0,0
C09_S2_boundary,P,not_slow_tick,not_slow_tick,active,active,610,0.0609,1,1,1,1,0,0
C09_S2_boundary,P,not_slow_tick,not_slow_tick,active,active,611,0.061,1,1,1,0,0,0
C09_S2_boundary,P,not_slow_tick,not_slow_tick,active,active,612,0.0611,0,1,1,0,0,0
C09_S2_boundary,P,not_slow_tick,not_slow_tick,active,active,613,0.0612,0,0,1,1,0,0
C09_S2_boundary,P,not_slow_tick,not_slow_tick,active,active,614,0.0613,1,1,1,1,0,0
C09_S2_boundary,P,not_slow_tick,not_slow_tick,active,active,615,0.0614,1,1,1,1,0,0
C09_S2_boundary,P,not_slow_tick,not_slow_tick,active,active,616,0.0615,1,1,1,1,0,0
C09_S2_boundary,P,not_slow_tick,not_slow_tick,active,active,617,0.0616,0,0,1,1,0,0
C09_S2_boundary,P,not_slow_tick,not_slow_tick,active,active,618,0.0617,0,0,1,1,0,0
C09_S2_boundary,P,not_slow_tick,not_slow_tick,active,active,619,0.0618,0,0,1,1,0,0
C09_S2_boundary,P,u_hp_below_threshold,u_hp_below_threshold,frozen_excitation,frozen_excitation,620,0.0619,0,0,1,1,0,0
C09_S2_boundary,P,not_slow_tick,not_slow_tick,active,active,621,0.062,0,0,1,1,0,0
C09_S2_boundary,P,not_slow_tick,not_slow_tick,active,active,622,0.0621,0,0,1,1,0,0
C09_S2_boundary,P,not_slow_tick,not_slow_tick,active,active,623,0.0622,0,0,1,1,0,0
C09_S2_boundary,P,not_slow_tick,not_slow_tick,active,active,624,0.0623,0,0,1,1,0,0
C09_S2_boundary,P,not_slow_tick,not_slow_tick,active,active,625,0.0624,0,0,1,1,0,0
C09_S2_boundary,P,not_slow_tick,not_slow_tick,active,active,626,0.0625,1,1,1,1,0,0
C09_S2_boundary,P,not_slow_tick,not_slow_tick,active,active,627,0.0626,1,1,1,0,0,0
C09_S2_boundary,P,not_slow_tick,not_slow_tick,active,active,628,0.0627,1,1,1,0,0,0
C09_S2_boundary,P,not_slow_tick,not_slow_tick,active,active,629,0.0628,1,1,1,0,0,0
C09_S2_boundary,P,not_slow_tick,not_slow_tick,active,active,630,0.0629,0,0,1,1,0,0
C09_S2_boundary,P,not_slow_tick,not_slow_tick,active,active,631,0.063,1,1,1,0,0,0
C09_S2_boundary,P,not_slow_tick,not_slow_tick,active,active,632,0.0631,1,1,1,1,0,0
C09_S2_boundary,P,not_slow_tick,not_slow_tick,active,active,633,0.0632,1,1,1,1,0,0
C09_S2_boundary,P,not_slow_tick,not_slow_tick,active,active,634,0.0633,0,0,1,1,0,0
C09_S2_boundary,P,not_slow_tick,not_slow_tick,active,active,635,0.0634,0,0,1,1,0,0
C09_S2_boundary,P,not_slow_tick,not_slow_tick,active,active,636,0.0635,0,0,1,1,0,0
C09_S2_boundary,P,not_slow_tick,not_slow_tick,active,active,637,0.0636,0,0,1,1,0,0
C09_S2_boundary,P,not_slow_tick,not_slow_tick,active,active,638,0.0637,0,0,1,1,0,0
C09_S2_boundary,P,not_slow_tick,not_slow_tick,active,active,639,0.0638,0,0,1,1,0,0
C09_S2_boundary,P,u_hp_below_threshold,u_hp_below_threshold,frozen_excitation,frozen_excitation,640,0.0639,0,0,1,1,0,0
C09_S2_boundary,P,not_slow_tick,not_slow_tick,active,active,641,0.064,0,0,1,1,0,0
C09_S2_boundary,P,not_slow_tick,not_slow_tick,active,active,642,0.0641,0,0,1,0,0,0
C09_S2_boundary,P,not_slow_tick,not_slow_tick,active,active,643,0.0642,1,1,1,1,0,0
C09_S2_boundary,P,not_slow_tick,not_slow_tick,active,active,644,0.0643,1,1,1,0,0,0
C09_S2_boundary,P,not_slow_tick,not_slow_tick,active,active,645,0.0644,1,1,1,0,0,0
C09_S2_boundary,P,not_slow_tick,not_slow_tick,active,active,646,0.0645,0,0,1,1,0,0
C09_S2_boundary,P,not_slow_tick,not_slow_tick,active,active,647,0.0646,0,1,1,1,0,0
C09_S2_boundary,P,not_slow_tick,not_slow_tick,active,active,648,0.0647,1,1,1,1,0,0
C09_S2_boundary,P,not_slow_tick,not_slow_tick,active,active,649,0.0648,1,1,1,1,0,0
C09_S2_boundary,P,not_slow_tick,not_slow_tick,active,active,650,0.0649,1,1,1,1,0,0
C09_S2_boundary,P,not_slow_tick,not_slow_tick,active,active,651,0.065,0,0,1,1,0,0
C09_S2_boundary,P,not_slow_tick,not_slow_tick,active,active,652,0.0651,0,0,1,1,0,0
C09_S2_boundary,P,not_slow_tick,not_slow_tick,active,active,653,0.0652,0,0,1,1,0,0
C09_S2_boundary,P,not_slow_tick,not_slow_tick,active,active,654,0.0653,0,0,1,1,0,0
C09_S2_boundary,P,not_slow_tick,not_slow_tick,active,active,655,0.0654,0,0,1,1,0,0
C09_S2_boundary,P,not_slow_tick,not_slow_tick,active,active,656,0.0655,0,0,1,1,0,0
C09_S2_boundary,P,not_slow_tick,not_slow_tick,active,active,657,0.0656,0,0,1,1,0,0
C09_S2_boundary,P,not_slow_tick,not_slow_tick,active,active,658,0.0657,0,0,1,1,0,0
C09_S2_boundary,P,not_slow_tick,not_slow_tick,active,active,659,0.0658,0,0,1,0,0,0
C09_S2_boundary,P,none,none,active,active,660,0.0659,1,1,1,1,1,1
C09_S2_boundary,P,not_slow_tick,not_slow_tick,active,active,661,0.066,1,1,1,0,0,0
C09_S2_boundary,P,not_slow_tick,not_slow_tick,active,active,662,0.0661,0,1,1,0,0,0
C09_S2_boundary,P,not_slow_tick,not_slow_tick,active,active,663,0.0662,0,0,1,1,0,0
C09_S2_boundary,P,not_slow_tick,not_slow_tick,active,active,664,0.0663,1,1,1,1,0,0
C09_S2_boundary,P,not_slow_tick,not_slow_tick,active,active,665,0.0664,1,1,1,1,0,0
C09_S2_boundary,P,not_slow_tick,not_slow_tick,active,active,666,0.0665,1,1,1,1,0,0
C09_S2_boundary,P,not_slow_tick,not_slow_tick,active,active,667,0.0666,0,0,1,1,0,0
C09_S2_boundary,P,not_slow_tick,not_slow_tick,active,active,668,0.0667,0,0,1,1,0,0
C09_S2_boundary,P,not_slow_tick,not_slow_tick,active,active,669,0.0668,0,0,1,1,0,0
C09_S2_boundary,P,not_slow_tick,not_slow_tick,active,active,670,0.0669,0,0,1,1,0,0
C09_S2_boundary,P,not_slow_tick,not_slow_tick,active,active,671,0.067,0,0,1,1,0,0
C09_S2_boundary,P,not_slow_tick,not_slow_tick,active,active,672,0.0671,0,0,1,1,0,0
C09_S2_boundary,P,not_slow_tick,not_slow_tick,active,active,673,0.0672,0,0,1,1,0,0
C09_S2_boundary,P,not_slow_tick,not_slow_tick,active,active,674,0.0673,0,0,1,1,0,0
C09_S2_boundary,P,not_slow_tick,not_slow_tick,active,active,675,0.0674,0,0,1,1,0,0
C09_S2_boundary,P,not_slow_tick,not_slow_tick,active,active,676,0.0675,1,1,1,1,0,0
C09_S2_boundary,P,not_slow_tick,not_slow_tick,active,active,677,0.0676,1,1,1,0,0,0
C09_S2_boundary,P,not_slow_tick,not_slow_tick,active,active,678,0.0677,1,1,1,0,0,0
C09_S2_boundary,P,not_slow_tick,not_slow_tick,active,active,679,0.0678,1,1,1,0,0,0
C09_S2_boundary,P,u_hp_below_threshold,u_hp_below_threshold,frozen_excitation,frozen_excitation,680,0.0679,0,0,1,1,0,0
C09_S2_boundary,P,not_slow_tick,not_slow_tick,active,active,681,0.068,1,1,1,0,0,0
C09_S2_boundary,P,not_slow_tick,not_slow_tick,active,active,682,0.0681,1,1,1,1,0,0
C09_S2_boundary,P,not_slow_tick,not_slow_tick,active,active,683,0.0682,1,1,1,1,0,0
C09_S2_boundary,P,not_slow_tick,not_slow_tick,active,active,684,0.0683,0,0,1,1,0,0
C09_S2_boundary,P,not_slow_tick,not_slow_tick,active,active,685,0.0684,0,0,1,1,0,0
C09_S2_boundary,P,not_slow_tick,not_slow_tick,active,active,686,0.0685,0,0,1,1,0,0
C09_S2_boundary,P,not_slow_tick,not_slow_tick,active,active,687,0.0686,0,0,1,1,0,0
C09_S2_boundary,P,not_slow_tick,not_slow_tick,active,active,688,0.0687,0,0,1,1,0,0
C09_S2_boundary,P,not_slow_tick,not_slow_tick,active,active,689,0.0688,0,0,1,1,0,0
C09_S2_boundary,P,not_slow_tick,not_slow_tick,active,active,690,0.0689,0,0,1,1,0,0
C09_S2_boundary,P,not_slow_tick,not_slow_tick,active,active,691,0.069,0,0,1,1,0,0
C09_S2_boundary,P,not_slow_tick,not_slow_tick,active,active,692,0.0691,0,0,1,0,0,0
C09_S2_boundary,P,not_slow_tick,not_slow_tick,active,active,693,0.0692,1,1,1,1,0,0
C09_S2_boundary,P,not_slow_tick,not_slow_tick,active,active,694,0.0693,1,1,1,0,0,0
C09_S2_boundary,P,not_slow_tick,not_slow_tick,active,active,695,0.0694,1,1,1,0,0,0
C09_S2_boundary,P,not_slow_tick,not_slow_tick,active,active,696,0.0695,0,0,1,1,0,0
C09_S2_boundary,P,not_slow_tick,not_slow_tick,active,active,697,0.0696,0,1,1,1,0,0
C09_S2_boundary,P,not_slow_tick,not_slow_tick,active,active,698,0.0697,1,1,1,1,0,0
C09_S2_boundary,P,not_slow_tick,not_slow_tick,active,active,699,0.0698,1,1,1,1,0,0
C09_S2_boundary,P,none,none,active,active,700,0.0699,1,1,1,1,1,1
C09_S2_boundary,P,not_slow_tick,not_slow_tick,active,active,701,0.07,0,0,1,1,0,0
C09_S2_boundary,P,not_slow_tick,not_slow_tick,active,active,702,0.0701,0,0,1,1,0,0
C09_S2_boundary,P,not_slow_tick,not_slow_tick,active,active,703,0.0702,0,0,1,1,0,0
C09_S2_boundary,P,not_slow_tick,not_slow_tick,active,active,704,0.0703,0,0,1,1,0,0
C09_S2_boundary,P,not_slow_tick,not_slow_tick,active,active,705,0.0704,0,0,1,1,0,0
C09_S2_boundary,P,not_slow_tick,not_slow_tick,active,active,706,0.0705,0,0,1,1,0,0
C09_S2_boundary,P,not_slow_tick,not_slow_tick,active,active,707,0.0706,0,0,1,1,0,0
C09_S2_boundary,P,not_slow_tick,not_slow_tick,active,active,708,0.0707,0,0,1,1,0,0
C09_S2_boundary,P,not_slow_tick,not_slow_tick,active,active,709,0.0708,0,0,1,0,0,0
C09_S2_boundary,P,not_slow_tick,not_slow_tick,active,active,710,0.0709,1,1,1,1,0,0
C09_S2_boundary,P,not_slow_tick,not_slow_tick,active,active,711,0.071,1,1,1,0,0,0
C09_S2_boundary,P,not_slow_tick,not_slow_tick,active,active,712,0.0711,0,1,1,0,0,0
C09_S2_boundary,P,not_slow_tick,not_slow_tick,active,active,713,0.0712,0,0,1,1,0,0
C09_S2_boundary,P,not_slow_tick,not_slow_tick,active,active,714,0.0713,1,1,1,1,0,0
C09_S2_boundary,P,not_slow_tick,not_slow_tick,active,active,715,0.0714,1,1,1,1,0,0
C09_S2_boundary,P,not_slow_tick,not_slow_tick,active,active,716,0.0715,1,1,1,1,0,0
C09_S2_boundary,P,not_slow_tick,not_slow_tick,active,active,717,0.0716,0,0,1,1,0,0
C09_S2_boundary,P,not_slow_tick,not_slow_tick,active,active,718,0.0717,0,0,1,1,0,0
C09_S2_boundary,P,not_slow_tick,not_slow_tick,active,active,719,0.0718,0,0,1,1,0,0
C09_S2_boundary,P,u_hp_below_threshold,u_hp_below_threshold,frozen_excitation,frozen_excitation,720,0.0719,0,0,1,1,0,0
C09_S2_boundary,P,not_slow_tick,not_slow_tick,active,active,721,0.072,0,0,1,1,0,0
C09_S2_boundary,P,not_slow_tick,not_slow_tick,active,active,722,0.0721,0,0,1,1,0,0
C09_S2_boundary,P,not_slow_tick,not_slow_tick,active,active,723,0.0722,0,0,1,1,0,0
C09_S2_boundary,P,not_slow_tick,not_slow_tick,active,active,724,0.0723,0,0,1,1,0,0
C09_S2_boundary,P,not_slow_tick,not_slow_tick,active,active,725,0.0724,0,0,1,1,0,0
C09_S2_boundary,P,not_slow_tick,not_slow_tick,active,active,726,0.0725,1,1,1,1,0,0
C09_S2_boundary,P,not_slow_tick,not_slow_tick,active,active,727,0.0726,1,1,1,0,0,0
C09_S2_boundary,P,not_slow_tick,not_slow_tick,active,active,728,0.0727,1,1,1,0,0,0
C09_S2_boundary,P,not_slow_tick,not_slow_tick,active,active,729,0.0728,1,1,1,0,0,0
C09_S2_boundary,P,not_slow_tick,not_slow_tick,active,active,730,0.0729,0,0,1,1,0,0
C09_S2_boundary,P,not_slow_tick,not_slow_tick,active,active,731,0.073,1,1,1,0,0,0
C09_S2_boundary,P,not_slow_tick,not_slow_tick,active,active,732,0.0731,1,1,1,1,0,0
C09_S2_boundary,P,not_slow_tick,not_slow_tick,active,active,733,0.0732,1,1,1,1,0,0
C09_S2_boundary,P,not_slow_tick,not_slow_tick,active,active,734,0.0733,0,0,1,1,0,0
C09_S2_boundary,P,not_slow_tick,not_slow_tick,active,active,735,0.0734,0,0,1,1,0,0
C09_S2_boundary,P,not_slow_tick,not_slow_tick,active,active,736,0.0735,0,0,1,1,0,0
C09_S2_boundary,P,not_slow_tick,not_slow_tick,active,active,737,0.0736,0,0,1,1,0,0
C09_S2_boundary,P,not_slow_tick,not_slow_tick,active,active,738,0.0737,0,0,1,1,0,0
C09_S2_boundary,P,not_slow_tick,not_slow_tick,active,active,739,0.0738,0,0,1,1,0,0
C09_S2_boundary,P,u_hp_below_threshold,u_hp_below_threshold,frozen_excitation,frozen_excitation,740,0.0739,0,0,1,1,0,0
C09_S2_boundary,P,not_slow_tick,not_slow_tick,active,active,741,0.074,0,0,1,1,0,0
C09_S2_boundary,P,not_slow_tick,not_slow_tick,active,active,742,0.0741,0,0,1,0,0,0
C09_S2_boundary,P,not_slow_tick,not_slow_tick,active,active,743,0.0742,1,1,1,1,0,0
C09_S2_boundary,P,not_slow_tick,not_slow_tick,active,active,744,0.0743,1,1,1,0,0,0
C09_S2_boundary,P,not_slow_tick,not_slow_tick,active,active,745,0.0744,1,1,1,0,0,0
C09_S2_boundary,P,not_slow_tick,not_slow_tick,active,active,746,0.0745,0,0,1,1,0,0
C09_S2_boundary,P,not_slow_tick,not_slow_tick,active,active,747,0.0746,0,1,1,1,0,0
C09_S2_boundary,P,not_slow_tick,not_slow_tick,active,active,748,0.0747,1,1,1,1,0,0
C09_S2_boundary,P,not_slow_tick,not_slow_tick,active,active,749,0.0748,1,1,1,1,0,0
C09_S2_boundary,P,not_slow_tick,not_slow_tick,active,active,750,0.0749,1,1,1,1,0,0
C09_S2_boundary,P,not_slow_tick,not_slow_tick,active,active,751,0.075,0,0,1,1,0,0
C09_S2_boundary,P,not_slow_tick,not_slow_tick,active,active,752,0.0751,0,0,1,1,0,0
C09_S2_boundary,P,not_slow_tick,not_slow_tick,active,active,753,0.0752,0,0,1,1,0,0
C09_S2_boundary,P,not_slow_tick,not_slow_tick,active,active,754,0.0753,0,0,1,1,0,0
C09_S2_boundary,P,not_slow_tick,not_slow_tick,active,active,755,0.0754,0,0,1,1,0,0
C09_S2_boundary,P,not_slow_tick,not_slow_tick,active,active,756,0.0755,0,0,1,1,0,0
C09_S2_boundary,P,not_slow_tick,not_slow_tick,active,active,757,0.0756,0,0,1,1,0,0
C09_S2_boundary,P,not_slow_tick,not_slow_tick,active,active,758,0.0757,0,0,1,1,0,0
C09_S2_boundary,P,not_slow_tick,not_slow_tick,active,active,759,0.0758,0,0,1,0,0,0
C09_S2_boundary,P,none,none,active,active,760,0.0759,1,1,1,1,1,1
C09_S2_boundary,P,not_slow_tick,not_slow_tick,active,active,761,0.076,1,1,1,0,0,0
C09_S2_boundary,P,not_slow_tick,not_slow_tick,active,active,762,0.0761,0,1,1,0,0,0
C09_S2_boundary,P,not_slow_tick,not_slow_tick,active,active,763,0.0762,0,0,1,1,0,0
C09_S2_boundary,P,not_slow_tick,not_slow_tick,active,active,764,0.0763,1,1,1,1,0,0
C09_S2_boundary,P,not_slow_tick,not_slow_tick,active,active,765,0.0764,1,1,1,1,0,0
C09_S2_boundary,P,not_slow_tick,not_slow_tick,active,active,766,0.0765,1,1,1,1,0,0
C09_S2_boundary,P,not_slow_tick,not_slow_tick,active,active,767,0.0766,0,0,1,1,0,0
C09_S2_boundary,P,not_slow_tick,not_slow_tick,active,active,768,0.0767,0,0,1,1,0,0
C09_S2_boundary,P,not_slow_tick,not_slow_tick,active,active,769,0.0768,0,0,1,1,0,0
C09_S2_boundary,P,not_slow_tick,not_slow_tick,active,active,770,0.0769,0,0,1,1,0,0
C09_S2_boundary,P,not_slow_tick,not_slow_tick,active,active,771,0.077,0,0,1,1,0,0
C09_S2_boundary,P,not_slow_tick,not_slow_tick,active,active,772,0.0771,0,0,1,1,0,0
C09_S2_boundary,P,not_slow_tick,not_slow_tick,active,active,773,0.0772,0,0,1,1,0,0
C09_S2_boundary,P,not_slow_tick,not_slow_tick,active,active,774,0.0773,0,0,1,1,0,0
C09_S2_boundary,P,not_slow_tick,not_slow_tick,active,active,775,0.0774,0,0,1,1,0,0
C09_S2_boundary,P,not_slow_tick,not_slow_tick,active,active,776,0.0775,1,1,1,1,0,0
C09_S2_boundary,P,not_slow_tick,not_slow_tick,active,active,777,0.0776,1,1,1,0,0,0
C09_S2_boundary,P,not_slow_tick,not_slow_tick,active,active,778,0.0777,1,1,1,0,0,0
C09_S2_boundary,P,not_slow_tick,not_slow_tick,active,active,779,0.0778,1,1,1,0,0,0
C09_S2_boundary,P,u_hp_below_threshold,u_hp_below_threshold,frozen_excitation,frozen_excitation,780,0.0779,0,0,1,1,0,0
C09_S2_boundary,P,not_slow_tick,not_slow_tick,active,active,781,0.078,1,1,1,0,0,0
C09_S2_boundary,P,not_slow_tick,not_slow_tick,active,active,782,0.0781,1,1,1,1,0,0
C09_S2_boundary,P,not_slow_tick,not_slow_tick,active,active,783,0.0782,1,1,1,1,0,0
C09_S2_boundary,P,not_slow_tick,not_slow_tick,active,active,784,0.0783,0,0,1,1,0,0
C09_S2_boundary,P,not_slow_tick,not_slow_tick,active,active,785,0.0784,0,0,1,1,0,0
C09_S2_boundary,P,not_slow_tick,not_slow_tick,active,active,786,0.0785,0,0,1,1,0,0
C09_S2_boundary,P,not_slow_tick,not_slow_tick,active,active,787,0.0786,0,0,1,1,0,0
C09_S2_boundary,P,not_slow_tick,not_slow_tick,active,active,788,0.0787,0,0,1,1,0,0
C09_S2_boundary,P,not_slow_tick,not_slow_tick,active,active,789,0.0788,0,0,1,1,0,0
C09_S2_boundary,P,not_slow_tick,not_slow_tick,active,active,790,0.0789,0,0,1,1,0,0
C09_S2_boundary,P,not_slow_tick,not_slow_tick,active,active,791,0.079,0,0,1,1,0,0
C09_S2_boundary,P,not_slow_tick,not_slow_tick,active,active,792,0.0791,0,0,1,0,0,0
C09_S2_boundary,P,not_slow_tick,not_slow_tick,active,active,793,0.0792,1,1,1,1,0,0
C09_S2_boundary,P,not_slow_tick,not_slow_tick,active,active,794,0.0793,1,1,1,0,0,0
C09_S2_boundary,P,not_slow_tick,not_slow_tick,active,active,795,0.0794,1,1,1,0,0,0
C09_S2_boundary,P,not_slow_tick,not_slow_tick,active,active,796,0.0795,0,0,1,1,0,0
C09_S2_boundary,P,not_slow_tick,not_slow_tick,active,active,797,0.0796,0,1,1,1,0,0
C09_S2_boundary,P,not_slow_tick,not_slow_tick,active,active,798,0.0797,1,1,1,1,0,0
C09_S2_boundary,P,not_slow_tick,not_slow_tick,active,active,799,0.0798,1,1,1,1,0,0
C09_S2_boundary,P,none,none,active,active,800,0.0799,1,1,1,1,1,1
C09_S2_boundary,P,not_slow_tick,not_slow_tick,active,active,801,0.08,0,0,1,1,0,0
C09_S2_boundary,P,not_slow_tick,not_slow_tick,active,active,802,0.0801,0,0,1,1,0,0
C09_S2_boundary,P,not_slow_tick,not_slow_tick,active,active,803,0.0802,0,0,1,1,0,0
C09_S2_boundary,P,not_slow_tick,not_slow_tick,active,active,804,0.0803,0,0,1,1,0,0
C09_S2_boundary,P,not_slow_tick,not_slow_tick,active,active,805,0.0804,0,0,1,1,0,0
C09_S2_boundary,P,not_slow_tick,not_slow_tick,active,active,806,0.0805,0,0,1,1,0,0
C09_S2_boundary,P,not_slow_tick,not_slow_tick,active,active,807,0.0806,0,0,1,1,0,0
C09_S2_boundary,P,not_slow_tick,not_slow_tick,active,active,808,0.0807,0,0,1,1,0,0
C09_S2_boundary,P,not_slow_tick,not_slow_tick,active,active,809,0.0808,0,0,1,0,0,0
C09_S2_boundary,P,not_slow_tick,not_slow_tick,active,active,810,0.0809,1,1,1,1,0,0
C09_S2_boundary,P,not_slow_tick,not_slow_tick,active,active,811,0.081,1,1,1,0,0,0
C09_S2_boundary,P,not_slow_tick,not_slow_tick,active,active,812,0.0811,0,1,1,0,0,0
C09_S2_boundary,P,not_slow_tick,not_slow_tick,active,active,813,0.0812,0,0,1,1,0,0
C09_S2_boundary,P,not_slow_tick,not_slow_tick,active,active,814,0.0813,1,1,1,1,0,0
C09_S2_boundary,P,not_slow_tick,not_slow_tick,active,active,815,0.0814,1,1,1,1,0,0
C09_S2_boundary,P,not_slow_tick,not_slow_tick,active,active,816,0.0815,1,1,1,1,0,0
C09_S2_boundary,P,not_slow_tick,not_slow_tick,active,active,817,0.0816,0,0,1,1,0,0
C09_S2_boundary,P,not_slow_tick,not_slow_tick,active,active,818,0.0817,0,0,1,1,0,0
C09_S2_boundary,P,not_slow_tick,not_slow_tick,active,active,819,0.0818,0,0,1,1,0,0
C09_S2_boundary,P,u_hp_below_threshold,u_hp_below_threshold,frozen_excitation,frozen_excitation,820,0.0819,0,0,1,1,0,0
C09_S2_boundary,P,not_slow_tick,not_slow_tick,active,active,821,0.082,0,0,1,1,0,0
C09_S2_boundary,P,not_slow_tick,not_slow_tick,active,active,822,0.0821,0,0,1,1,0,0
C09_S2_boundary,P,not_slow_tick,not_slow_tick,active,active,823,0.0822,0,0,1,1,0,0
C09_S2_boundary,P,not_slow_tick,not_slow_tick,active,active,824,0.0823,0,0,1,1,0,0
C09_S2_boundary,P,not_slow_tick,not_slow_tick,active,active,825,0.0824,0,0,1,1,0,0
C09_S2_boundary,P,not_slow_tick,not_slow_tick,active,active,826,0.0825,1,1,1,1,0,0
C09_S2_boundary,P,not_slow_tick,not_slow_tick,active,active,827,0.0826,1,1,1,0,0,0
C09_S2_boundary,P,not_slow_tick,not_slow_tick,active,active,828,0.0827,1,1,1,0,0,0
C09_S2_boundary,P,not_slow_tick,not_slow_tick,active,active,829,0.0828,1,1,1,0,0,0
C09_S2_boundary,P,not_slow_tick,not_slow_tick,active,active,830,0.0829,0,0,1,1,0,0
C09_S2_boundary,P,not_slow_tick,not_slow_tick,active,active,831,0.083,1,1,1,0,0,0
C09_S2_boundary,P,not_slow_tick,not_slow_tick,active,active,832,0.0831,1,1,1,1,0,0
C09_S2_boundary,P,not_slow_tick,not_slow_tick,active,active,833,0.0832,1,1,1,1,0,0
C09_S2_boundary,P,not_slow_tick,not_slow_tick,active,active,834,0.0833,0,0,1,1,0,0
C09_S2_boundary,P,not_slow_tick,not_slow_tick,active,active,835,0.0834,0,0,1,1,0,0
C09_S2_boundary,P,not_slow_tick,not_slow_tick,active,active,836,0.0835,0,0,1,1,0,0
C09_S2_boundary,P,not_slow_tick,not_slow_tick,active,active,837,0.0836,0,0,1,1,0,0
C09_S2_boundary,P,not_slow_tick,not_slow_tick,active,active,838,0.0837,0,0,1,1,0,0
C09_S2_boundary,P,not_slow_tick,not_slow_tick,active,active,839,0.0838,0,0,1,1,0,0
C09_S2_boundary,P,u_hp_below_threshold,u_hp_below_threshold,frozen_excitation,frozen_excitation,840,0.0839,0,0,1,1,0,0
C09_S2_boundary,P,not_slow_tick,not_slow_tick,active,active,841,0.084,0,0,1,1,0,0
C09_S2_boundary,P,not_slow_tick,not_slow_tick,active,active,842,0.0841,0,0,1,0,0,0
C09_S2_boundary,P,not_slow_tick,not_slow_tick,active,active,843,0.0842,1,1,1,1,0,0
C09_S2_boundary,P,not_slow_tick,not_slow_tick,active,active,844,0.0843,1,1,1,0,0,0
C09_S2_boundary,P,not_slow_tick,not_slow_tick,active,active,845,0.0844,1,1,1,0,0,0
C09_S2_boundary,P,not_slow_tick,not_slow_tick,active,active,846,0.0845,0,0,1,1,0,0
C09_S2_boundary,P,not_slow_tick,not_slow_tick,active,active,847,0.0846,0,1,1,1,0,0
C09_S2_boundary,P,not_slow_tick,not_slow_tick,active,active,848,0.0847,1,1,1,1,0,0
C09_S2_boundary,P,not_slow_tick,not_slow_tick,active,active,849,0.0848,1,1,1,1,0,0
C09_S2_boundary,P,not_slow_tick,not_slow_tick,active,active,850,0.0849,1,1,1,1,0,0
C09_S2_boundary,P,not_slow_tick,not_slow_tick,active,active,851,0.085,0,0,1,1,0,0
C09_S2_boundary,P,not_slow_tick,not_slow_tick,active,active,852,0.0851,0,0,1,1,0,0
C09_S2_boundary,P,not_slow_tick,not_slow_tick,active,active,853,0.0852,0,0,1,1,0,0
C09_S2_boundary,P,not_slow_tick,not_slow_tick,active,active,854,0.0853,0,0,1,1,0,0
C09_S2_boundary,P,not_slow_tick,not_slow_tick,active,active,855,0.0854,0,0,1,1,0,0
C09_S2_boundary,P,not_slow_tick,not_slow_tick,active,active,856,0.0855,0,0,1,1,0,0
C09_S2_boundary,P,not_slow_tick,not_slow_tick,active,active,857,0.0856,0,0,1,1,0,0
C09_S2_boundary,P,not_slow_tick,not_slow_tick,active,active,858,0.0857,0,0,1,1,0,0
C09_S2_boundary,P,not_slow_tick,not_slow_tick,active,active,859,0.0858,0,0,1,0,0,0
C09_S2_boundary,P,none,none,active,active,860,0.0859,1,1,1,1,1,1
C09_S2_boundary,P,not_slow_tick,not_slow_tick,active,active,861,0.086,1,1,1,0,0,0
C09_S2_boundary,P,not_slow_tick,not_slow_tick,active,active,862,0.0861,0,1,1,0,0,0
C09_S2_boundary,P,not_slow_tick,not_slow_tick,active,active,863,0.0862,0,0,1,1,0,0
C09_S2_boundary,P,not_slow_tick,not_slow_tick,active,active,864,0.0863,1,1,1,1,0,0
C09_S2_boundary,P,not_slow_tick,not_slow_tick,active,active,865,0.0864,1,1,1,1,0,0
C09_S2_boundary,P,not_slow_tick,not_slow_tick,active,active,866,0.0865,1,1,1,1,0,0
C09_S2_boundary,P,not_slow_tick,not_slow_tick,active,active,867,0.0866,0,0,1,1,0,0
C09_S2_boundary,P,not_slow_tick,not_slow_tick,active,active,868,0.0867,0,0,1,1,0,0
C09_S2_boundary,P,not_slow_tick,not_slow_tick,active,active,869,0.0868,0,0,1,1,0,0
C09_S2_boundary,P,not_slow_tick,not_slow_tick,active,active,870,0.0869,0,0,1,1,0,0
C09_S2_boundary,P,not_slow_tick,not_slow_tick,active,active,871,0.087,0,0,1,1,0,0
C09_S2_boundary,P,not_slow_tick,not_slow_tick,active,active,872,0.0871,0,0,1,1,0,0
C09_S2_boundary,P,not_slow_tick,not_slow_tick,active,active,873,0.0872,0,0,1,1,0,0
C09_S2_boundary,P,not_slow_tick,not_slow_tick,active,active,874,0.0873,0,0,1,1,0,0
C09_S2_boundary,P,not_slow_tick,not_slow_tick,active,active,875,0.0874,0,0,1,1,0,0
C09_S2_boundary,P,not_slow_tick,not_slow_tick,active,active,876,0.0875,1,1,1,1,0,0
C09_S2_boundary,P,not_slow_tick,not_slow_tick,active,active,877,0.0876,1,1,1,0,0,0
C09_S2_boundary,P,not_slow_tick,not_slow_tick,active,active,878,0.0877,1,1,1,0,0,0
C09_S2_boundary,P,not_slow_tick,not_slow_tick,active,active,879,0.0878,1,1,1,0,0,0
C09_S2_boundary,P,u_hp_below_threshold,u_hp_below_threshold,frozen_excitation,frozen_excitation,880,0.0879,0,0,1,1,0,0
C09_S2_boundary,P,not_slow_tick,not_slow_tick,active,active,881,0.088,1,1,1,0,0,0
C09_S2_boundary,P,not_slow_tick,not_slow_tick,active,active,882,0.0881,1,1,1,1,0,0
C09_S2_boundary,P,not_slow_tick,not_slow_tick,active,active,883,0.0882,1,1,1,1,0,0
C09_S2_boundary,P,not_slow_tick,not_slow_tick,active,active,884,0.0883,0,0,1,1,0,0
C09_S2_boundary,P,not_slow_tick,not_slow_tick,active,active,885,0.0884,0,0,1,1,0,0
C09_S2_boundary,P,not_slow_tick,not_slow_tick,active,active,886,0.0885,0,0,1,1,0,0
C09_S2_boundary,P,not_slow_tick,not_slow_tick,active,active,887,0.0886,0,0,1,1,0,0
C09_S2_boundary,P,not_slow_tick,not_slow_tick,active,active,888,0.0887,0,0,1,1,0,0
C09_S2_boundary,P,not_slow_tick,not_slow_tick,active,active,889,0.0888,0,0,1,1,0,0
C09_S2_boundary,P,not_slow_tick,not_slow_tick,active,active,890,0.0889,0,0,1,1,0,0
C09_S2_boundary,P,not_slow_tick,not_slow_tick,active,active,891,0.089,0,0,1,1,0,0
C09_S2_boundary,P,not_slow_tick,not_slow_tick,active,active,892,0.0891,0,0,1,0,0,0
C09_S2_boundary,P,not_slow_tick,not_slow_tick,active,active,893,0.0892,1,1,1,1,0,0
C09_S2_boundary,P,not_slow_tick,not_slow_tick,active,active,894,0.0893,1,1,1,0,0,0
C09_S2_boundary,P,not_slow_tick,not_slow_tick,active,active,895,0.0894,1,1,1,0,0,0
C09_S2_boundary,P,not_slow_tick,not_slow_tick,active,active,896,0.0895,0,0,1,1,0,0
C09_S2_boundary,P,not_slow_tick,not_slow_tick,active,active,897,0.0896,0,1,1,1,0,0
C09_S2_boundary,P,not_slow_tick,not_slow_tick,active,active,898,0.0897,1,1,1,1,0,0
C09_S2_boundary,P,not_slow_tick,not_slow_tick,active,active,899,0.0898,1,1,1,1,0,0
C09_S2_boundary,P,none,none,active,active,900,0.0899,1,1,1,1,1,1
C09_S2_boundary,P,not_slow_tick,not_slow_tick,active,active,901,0.09,0,0,1,1,0,0
C09_S2_boundary,P,not_slow_tick,not_slow_tick,active,active,902,0.0901,0,0,1,1,0,0
C09_S2_boundary,P,not_slow_tick,not_slow_tick,active,active,903,0.0902,0,0,1,1,0,0
C09_S2_boundary,P,not_slow_tick,not_slow_tick,active,active,904,0.0903,0,0,1,1,0,0
C09_S2_boundary,P,not_slow_tick,not_slow_tick,active,active,905,0.0904,0,0,1,1,0,0
C09_S2_boundary,P,not_slow_tick,not_slow_tick,active,active,906,0.0905,0,0,1,1,0,0
C09_S2_boundary,P,not_slow_tick,not_slow_tick,active,active,907,0.0906,0,0,1,1,0,0
C09_S2_boundary,P,not_slow_tick,not_slow_tick,active,active,908,0.0907,0,0,1,1,0,0
C09_S2_boundary,P,not_slow_tick,not_slow_tick,active,active,909,0.0908,0,0,1,0,0,0
C09_S2_boundary,P,not_slow_tick,not_slow_tick,active,active,910,0.0909,1,1,1,1,0,0
C09_S2_boundary,P,not_slow_tick,not_slow_tick,active,active,911,0.091,1,1,1,0,0,0
C09_S2_boundary,P,not_slow_tick,not_slow_tick,active,active,912,0.0911,0,1,1,0,0,0
C09_S2_boundary,P,not_slow_tick,not_slow_tick,active,active,913,0.0912,0,0,1,1,0,0
C09_S2_boundary,P,not_slow_tick,not_slow_tick,active,active,914,0.0913,1,1,1,1,0,0
C09_S2_boundary,P,not_slow_tick,not_slow_tick,active,active,915,0.0914,1,1,1,1,0,0
C09_S2_boundary,P,not_slow_tick,not_slow_tick,active,active,916,0.0915,1,1,1,1,0,0
C09_S2_boundary,P,not_slow_tick,not_slow_tick,active,active,917,0.0916,0,0,1,1,0,0
C09_S2_boundary,P,not_slow_tick,not_slow_tick,active,active,918,0.0917,0,0,1,1,0,0
C09_S2_boundary,P,not_slow_tick,not_slow_tick,active,active,919,0.0918,0,0,1,1,0,0
C09_S2_boundary,P,u_hp_below_threshold,u_hp_below_threshold,frozen_excitation,frozen_excitation,920,0.0919,0,0,1,1,0,0
C09_S2_boundary,P,not_slow_tick,not_slow_tick,active,active,921,0.092,0,0,1,1,0,0
C09_S2_boundary,P,not_slow_tick,not_slow_tick,active,active,922,0.0921,0,0,1,1,0,0
C09_S2_boundary,P,not_slow_tick,not_slow_tick,active,active,923,0.0922,0,0,1,1,0,0
C09_S2_boundary,P,not_slow_tick,not_slow_tick,active,active,924,0.0923,0,0,1,1,0,0
C09_S2_boundary,P,not_slow_tick,not_slow_tick,active,active,925,0.0924,0,0,1,1,0,0
C09_S2_boundary,P,not_slow_tick,not_slow_tick,active,active,926,0.0925,1,1,1,1,0,0
C09_S2_boundary,P,not_slow_tick,not_slow_tick,active,active,927,0.0926,1,1,1,0,0,0
C09_S2_boundary,P,not_slow_tick,not_slow_tick,active,active,928,0.0927,1,1,1,0,0,0
C09_S2_boundary,P,not_slow_tick,not_slow_tick,active,active,929,0.0928,1,1,1,0,0,0
C09_S2_boundary,P,not_slow_tick,not_slow_tick,active,active,930,0.0929,0,0,1,1,0,0
C09_S2_boundary,P,not_slow_tick,not_slow_tick,active,active,931,0.093,1,1,1,0,0,0
C09_S2_boundary,P,not_slow_tick,not_slow_tick,active,active,932,0.0931,1,1,1,1,0,0
C09_S2_boundary,P,not_slow_tick,not_slow_tick,active,active,933,0.0932,1,1,1,1,0,0
C09_S2_boundary,P,not_slow_tick,not_slow_tick,active,active,934,0.0933,0,0,1,1,0,0
C09_S2_boundary,P,not_slow_tick,not_slow_tick,active,active,935,0.0934,0,0,1,1,0,0
C09_S2_boundary,P,not_slow_tick,not_slow_tick,active,active,936,0.0935,0,0,1,1,0,0
C09_S2_boundary,P,not_slow_tick,not_slow_tick,active,active,937,0.0936,0,0,1,1,0,0
C09_S2_boundary,P,not_slow_tick,not_slow_tick,active,active,938,0.0937,0,0,1,1,0,0
C09_S2_boundary,P,not_slow_tick,not_slow_tick,active,active,939,0.0938,0,0,1,1,0,0
C09_S2_boundary,P,u_hp_below_threshold,u_hp_below_threshold,frozen_excitation,frozen_excitation,940,0.0939,0,0,1,1,0,0
C09_S2_boundary,P,not_slow_tick,not_slow_tick,active,active,941,0.094,0,0,1,1,0,0
C09_S2_boundary,P,not_slow_tick,not_slow_tick,active,active,942,0.0941,0,0,1,0,0,0
C09_S2_boundary,P,not_slow_tick,not_slow_tick,active,active,943,0.0942,1,1,1,1,0,0
C09_S2_boundary,P,not_slow_tick,not_slow_tick,active,active,944,0.0943,1,1,1,0,0,0
C09_S2_boundary,P,not_slow_tick,not_slow_tick,active,active,945,0.0944,1,1,1,0,0,0
C09_S2_boundary,P,not_slow_tick,not_slow_tick,active,active,946,0.0945,0,0,1,1,0,0
C09_S2_boundary,P,not_slow_tick,not_slow_tick,active,active,947,0.0946,0,1,1,1,0,0
C09_S2_boundary,P,not_slow_tick,not_slow_tick,active,active,948,0.0947,1,1,1,1,0,0
C09_S2_boundary,P,not_slow_tick,not_slow_tick,active,active,949,0.0948,1,1,1,1,0,0
C09_S2_boundary,P,not_slow_tick,not_slow_tick,active,active,950,0.0949,1,1,1,1,0,0
C09_S2_boundary,P,not_slow_tick,not_slow_tick,active,active,951,0.095,0,0,1,1,0,0
C09_S2_boundary,P,not_slow_tick,not_slow_tick,active,active,952,0.0951,0,0,1,1,0,0
C09_S2_boundary,P,not_slow_tick,not_slow_tick,active,active,953,0.0952,0,0,1,1,0,0
C09_S2_boundary,P,not_slow_tick,not_slow_tick,active,active,954,0.0953,0,0,1,1,0,0
C09_S2_boundary,P,not_slow_tick,not_slow_tick,active,active,955,0.0954,0,0,1,1,0,0
C09_S2_boundary,P,not_slow_tick,not_slow_tick,active,active,956,0.0955,0,0,1,1,0,0
C09_S2_boundary,P,not_slow_tick,not_slow_tick,active,active,957,0.0956,0,0,1,1,0,0
C09_S2_boundary,P,not_slow_tick,not_slow_tick,active,active,958,0.0957,0,0,1,1,0,0
C09_S2_boundary,P,not_slow_tick,not_slow_tick,active,active,959,0.0958,0,0,1,0,0,0
C09_S2_boundary,P,none,none,active,active,960,0.0959,1,1,1,1,1,1
C09_S2_boundary,P,not_slow_tick,not_slow_tick,active,active,961,0.096,1,1,1,0,0,0
C09_S2_boundary,P,not_slow_tick,not_slow_tick,active,active,962,0.0961,0,1,1,0,0,0
C09_S2_boundary,P,not_slow_tick,not_slow_tick,active,active,963,0.0962,0,0,1,1,0,0
C09_S2_boundary,P,not_slow_tick,not_slow_tick,active,active,964,0.0963,1,1,1,1,0,0
C09_S2_boundary,P,not_slow_tick,not_slow_tick,active,active,965,0.0964,1,1,1,1,0,0
C09_S2_boundary,P,not_slow_tick,not_slow_tick,active,active,966,0.0965,1,1,1,1,0,0
C09_S2_boundary,P,not_slow_tick,not_slow_tick,active,active,967,0.0966,0,0,1,1,0,0
C09_S2_boundary,P,not_slow_tick,not_slow_tick,active,active,968,0.0967,0,0,1,1,0,0
C09_S2_boundary,P,not_slow_tick,not_slow_tick,active,active,969,0.0968,0,0,1,1,0,0
C09_S2_boundary,P,not_slow_tick,not_slow_tick,active,active,970,0.0969,0,0,1,1,0,0
C09_S2_boundary,P,not_slow_tick,not_slow_tick,active,active,971,0.097,0,0,1,1,0,0
C09_S2_boundary,P,not_slow_tick,not_slow_tick,active,active,972,0.0971,0,0,1,1,0,0
C09_S2_boundary,P,not_slow_tick,not_slow_tick,active,active,973,0.0972,0,0,1,1,0,0
C09_S2_boundary,P,not_slow_tick,not_slow_tick,active,active,974,0.0973,0,0,1,1,0,0
C09_S2_boundary,P,not_slow_tick,not_slow_tick,active,active,975,0.0974,0,0,1,1,0,0
C09_S2_boundary,P,not_slow_tick,not_slow_tick,active,active,976,0.0975,1,1,1,1,0,0
C09_S2_boundary,P,not_slow_tick,not_slow_tick,active,active,977,0.0976,1,1,1,0,0,0
C09_S2_boundary,P,not_slow_tick,not_slow_tick,active,active,978,0.0977,1,1,1,0,0,0
C09_S2_boundary,P,not_slow_tick,not_slow_tick,active,active,979,0.0978,1,1,1,0,0,0
C09_S2_boundary,P,u_hp_below_threshold,u_hp_below_threshold,frozen_excitation,frozen_excitation,980,0.0979,0,0,1,1,0,0
C09_S2_boundary,P,not_slow_tick,not_slow_tick,active,active,981,0.098,1,1,1,0,0,0
C09_S2_boundary,P,not_slow_tick,not_slow_tick,active,active,982,0.0981,1,1,1,1,0,0
C09_S2_boundary,P,not_slow_tick,not_slow_tick,active,active,983,0.0982,1,1,1,1,0,0
C09_S2_boundary,P,not_slow_tick,not_slow_tick,active,active,984,0.0983,0,0,1,1,0,0
C09_S2_boundary,P,not_slow_tick,not_slow_tick,active,active,985,0.0984,0,0,1,1,0,0
C09_S2_boundary,P,not_slow_tick,not_slow_tick,active,active,986,0.0985,0,0,1,1,0,0
C09_S2_boundary,P,not_slow_tick,not_slow_tick,active,active,987,0.0986,0,0,1,1,0,0
C09_S2_boundary,P,not_slow_tick,not_slow_tick,active,active,988,0.0987,0,0,1,1,0,0
C09_S2_boundary,P,not_slow_tick,not_slow_tick,active,active,989,0.0988,0,0,1,1,0,0
C09_S2_boundary,P,not_slow_tick,not_slow_tick,active,active,990,0.0989,0,0,1,1,0,0
C09_S2_boundary,P,not_slow_tick,not_slow_tick,active,active,991,0.099,0,0,1,1,0,0
C09_S2_boundary,P,not_slow_tick,not_slow_tick,active,active,992,0.0991,0,0,1,0,0,0
C09_S2_boundary,P,not_slow_tick,not_slow_tick,active,active,993,0.0992,1,1,1,1,0,0
C09_S2_boundary,P,not_slow_tick,not_slow_tick,active,active,994,0.0993,1,1,1,0,0,0
C09_S2_boundary,P,not_slow_tick,not_slow_tick,active,active,995,0.0994,1,1,1,0,0,0
C09_S2_boundary,P,not_slow_tick,not_slow_tick,active,active,996,0.0995,0,0,1,1,0,0
C09_S2_boundary,P,not_slow_tick,not_slow_tick,active,active,997,0.0996,0,1,1,1,0,0
C09_S2_boundary,P,not_slow_tick,not_slow_tick,active,active,998,0.0997,1,1,1,1,0,0
C09_S2_boundary,P,not_slow_tick,not_slow_tick,active,active,999,0.0998,1,1,1,1,0,0
C09_S2_boundary,P,none,none,active,active,1000,0.0999,1,1,1,1,1,1
C09_S2_boundary,P,not_slow_tick,not_slow_tick,active,active,1001,0.1,0,0,1,1,0,0
C09_S2_boundary,P,not_slow_tick,not_slow_tick,active,active,1002,0.1001,0,0,1,1,0,0
C09_S2_boundary,P,not_slow_tick,not_slow_tick,active,active,1003,0.1002,0,0,1,1,0,0
C09_S2_boundary,P,not_slow_tick,not_slow_tick,active,active,1004,0.1003,0,0,1,1,0,0
C09_S2_boundary,P,not_slow_tick,not_slow_tick,active,active,1005,0.1004,0,0,1,1,0,0
C09_S2_boundary,P,not_slow_tick,not_slow_tick,active,active,1006,0.1005,0,0,1,1,0,0
C09_S2_boundary,P,not_slow_tick,not_slow_tick,active,active,1007,0.1006,0,0,1,1,0,0
C09_S2_boundary,P,not_slow_tick,not_slow_tick,active,active,1008,0.1007,0,0,1,1,0,0
C09_S2_boundary,P,not_slow_tick,not_slow_tick,active,active,1009,0.1008,0,0,1,0,0,0
C09_S2_boundary,P,not_slow_tick,not_slow_tick,active,active,1010,0.1009,1,1,1,1,0,0
C09_S2_boundary,P,not_slow_tick,not_slow_tick,active,active,1011,0.101,1,1,1,0,0,0
C09_S2_boundary,P,not_slow_tick,not_slow_tick,active,active,1012,0.1011,0,1,1,0,0,0
C09_S2_boundary,P,not_slow_tick,not_slow_tick,active,active,1013,0.1012,0,0,1,1,0,0
C09_S2_boundary,P,not_slow_tick,not_slow_tick,active,active,1014,0.1013,1,1,1,1,0,0
C09_S2_boundary,P,not_slow_tick,not_slow_tick,active,active,1015,0.1014,1,1,1,1,0,0
C09_S2_boundary,P,not_slow_tick,not_slow_tick,active,active,1016,0.1015,1,1,1,1,0,0
C09_S2_boundary,P,not_slow_tick,not_slow_tick,active,active,1017,0.1016,0,0,1,1,0,0
C09_S2_boundary,P,not_slow_tick,not_slow_tick,active,active,1018,0.1017,0,0,1,1,0,0
C09_S2_boundary,P,not_slow_tick,not_slow_tick,active,active,1019,0.1018,0,0,1,1,0,0
C09_S2_boundary,P,u_hp_below_threshold,u_hp_below_threshold,frozen_excitation,frozen_excitation,1020,0.1019,0,0,1,1,0,0
C09_S2_boundary,P,not_slow_tick,not_slow_tick,active,active,1021,0.102,0,0,1,1,0,0
C09_S2_boundary,P,not_slow_tick,not_slow_tick,active,active,1022,0.1021,0,0,1,1,0,0
C09_S2_boundary,P,not_slow_tick,not_slow_tick,active,active,1023,0.1022,0,0,1,1,0,0
C09_S2_boundary,P,not_slow_tick,not_slow_tick,active,active,1024,0.1023,0,0,1,1,0,0
C09_S2_boundary,P,not_slow_tick,not_slow_tick,active,active,1025,0.1024,0,0,1,1,0,0
C09_S2_boundary,P,not_slow_tick,not_slow_tick,active,active,1026,0.1025,1,1,1,1,0,0
C09_S2_boundary,P,not_slow_tick,not_slow_tick,active,active,1027,0.1026,1,1,1,0,0,0
C09_S2_boundary,P,not_slow_tick,not_slow_tick,active,active,1028,0.1027,1,1,1,0,0,0
C09_S2_boundary,P,not_slow_tick,not_slow_tick,active,active,1029,0.1028,1,1,1,0,0,0
C09_S2_boundary,P,not_slow_tick,not_slow_tick,active,active,1030,0.1029,0,0,1,1,0,0
C09_S2_boundary,P,not_slow_tick,not_slow_tick,active,active,1031,0.103,1,1,1,0,0,0
C09_S2_boundary,P,not_slow_tick,not_slow_tick,active,active,1032,0.1031,1,1,1,1,0,0
C09_S2_boundary,P,not_slow_tick,not_slow_tick,active,active,1033,0.1032,1,1,1,1,0,0
C09_S2_boundary,P,not_slow_tick,not_slow_tick,active,active,1034,0.1033,0,0,1,1,0,0
C09_S2_boundary,P,not_slow_tick,not_slow_tick,active,active,1035,0.1034,0,0,1,1,0,0
C09_S2_boundary,P,not_slow_tick,not_slow_tick,active,active,1036,0.1035,0,0,1,1,0,0
C09_S2_boundary,P,not_slow_tick,not_slow_tick,active,active,1037,0.1036,0,0,1,1,0,0
C09_S2_boundary,P,not_slow_tick,not_slow_tick,active,active,1038,0.1037,0,0,1,1,0,0
C09_S2_boundary,P,not_slow_tick,not_slow_tick,active,active,1039,0.1038,0,0,1,1,0,0
C09_S2_boundary,P,u_hp_below_threshold,u_hp_below_threshold,frozen_excitation,frozen_excitation,1040,0.1039,0,0,1,1,0,0
C09_S2_boundary,P,not_slow_tick,not_slow_tick,active,active,1041,0.104,0,0,1,1,0,0
C09_S2_boundary,P,not_slow_tick,not_slow_tick,active,active,1042,0.1041,0,0,1,0,0,0
C09_S2_boundary,P,not_slow_tick,not_slow_tick,active,active,1043,0.1042,1,1,1,1,0,0
C09_S2_boundary,P,not_slow_tick,not_slow_tick,active,active,1044,0.1043,1,1,1,0,0,0
C09_S2_boundary,P,not_slow_tick,not_slow_tick,active,active,1045,0.1044,1,1,1,0,0,0
C09_S2_boundary,P,not_slow_tick,not_slow_tick,active,active,1046,0.1045,0,0,1,1,0,0
C09_S2_boundary,P,not_slow_tick,not_slow_tick,active,active,1047,0.1046,0,1,1,1,0,0
C09_S2_boundary,P,not_slow_tick,not_slow_tick,active,active,1048,0.1047,1,1,1,1,0,0
C09_S2_boundary,P,not_slow_tick,not_slow_tick,active,active,1049,0.1048,1,1,1,1,0,0
C09_S2_boundary,P,not_slow_tick,not_slow_tick,active,active,1050,0.1049,1,1,1,1,0,0
C09_S2_boundary,P,not_slow_tick,not_slow_tick,active,active,1051,0.105,0,0,1,1,0,0
C09_S2_boundary,P,not_slow_tick,not_slow_tick,active,active,1052,0.1051,0,0,1,1,0,0
C09_S2_boundary,P,not_slow_tick,not_slow_tick,active,active,1053,0.1052,0,0,1,1,0,0
C09_S2_boundary,P,not_slow_tick,not_slow_tick,active,active,1054,0.1053,0,0,1,1,0,0
C09_S2_boundary,P,not_slow_tick,not_slow_tick,active,active,1055,0.1054,0,0,1,1,0,0
C09_S2_boundary,P,not_slow_tick,not_slow_tick,active,active,1056,0.1055,0,0,1,1,0,0
C09_S2_boundary,P,not_slow_tick,not_slow_tick,active,active,1057,0.1056,0,0,1,1,0,0
C09_S2_boundary,P,not_slow_tick,not_slow_tick,active,active,1058,0.1057,0,0,1,1,0,0
C09_S2_boundary,P,not_slow_tick,not_slow_tick,active,active,1059,0.1058,0,0,1,0,0,0
C09_S2_boundary,P,none,none,active,active,1060,0.1059,1,1,1,1,1,1
C09_S2_boundary,P,not_slow_tick,not_slow_tick,active,active,1061,0.106,1,1,1,0,0,0
C09_S2_boundary,P,not_slow_tick,not_slow_tick,active,active,1062,0.1061,0,1,1,0,0,0
C09_S2_boundary,P,not_slow_tick,not_slow_tick,active,active,1063,0.1062,0,0,1,1,0,0
C09_S2_boundary,P,not_slow_tick,not_slow_tick,active,active,1064,0.1063,1,1,1,1,0,0
C09_S2_boundary,P,not_slow_tick,not_slow_tick,active,active,1065,0.1064,1,1,1,1,0,0
C09_S2_boundary,P,not_slow_tick,not_slow_tick,active,active,1066,0.1065,1,1,1,1,0,0
C09_S2_boundary,P,not_slow_tick,not_slow_tick,active,active,1067,0.1066,0,0,1,1,0,0
C09_S2_boundary,P,not_slow_tick,not_slow_tick,active,active,1068,0.1067,0,0,1,1,0,0
C09_S2_boundary,P,not_slow_tick,not_slow_tick,active,active,1069,0.1068,0,0,1,1,0,0
C09_S2_boundary,P,not_slow_tick,not_slow_tick,active,active,1070,0.1069,0,0,1,1,0,0
C09_S2_boundary,P,not_slow_tick,not_slow_tick,active,active,1071,0.107,0,0,1,1,0,0
C09_S2_boundary,P,not_slow_tick,not_slow_tick,active,active,1072,0.1071,0,0,1,1,0,0
C09_S2_boundary,P,not_slow_tick,not_slow_tick,active,active,1073,0.1072,0,0,1,1,0,0
C09_S2_boundary,P,not_slow_tick,not_slow_tick,active,active,1074,0.1073,0,0,1,1,0,0
C09_S2_boundary,P,not_slow_tick,not_slow_tick,active,active,1075,0.1074,0,0,1,1,0,0
C09_S2_boundary,P,not_slow_tick,not_slow_tick,active,active,1076,0.1075,1,1,1,1,0,0
C09_S2_boundary,P,not_slow_tick,not_slow_tick,active,active,1077,0.1076,1,1,1,0,0,0
C09_S2_boundary,P,not_slow_tick,not_slow_tick,active,active,1078,0.1077,1,1,1,0,0,0
C09_S2_boundary,P,not_slow_tick,not_slow_tick,active,active,1079,0.1078,1,1,1,0,0,0
C09_S2_boundary,P,u_hp_below_threshold,u_hp_below_threshold,frozen_excitation,frozen_excitation,1080,0.1079,0,0,1,1,0,0
C09_S2_boundary,P,not_slow_tick,not_slow_tick,active,active,1081,0.108,1,1,1,0,0,0
C09_S2_boundary,P,not_slow_tick,not_slow_tick,active,active,1082,0.1081,1,1,1,1,0,0
C09_S2_boundary,P,not_slow_tick,not_slow_tick,active,active,1083,0.1082,1,1,1,1,0,0
C09_S2_boundary,P,not_slow_tick,not_slow_tick,active,active,1084,0.1083,0,0,1,1,0,0
C09_S2_boundary,P,not_slow_tick,not_slow_tick,active,active,1085,0.1084,0,0,1,1,0,0
C09_S2_boundary,P,not_slow_tick,not_slow_tick,active,active,1086,0.1085,0,0,1,1,0,0
C09_S2_boundary,P,not_slow_tick,not_slow_tick,active,active,1087,0.1086,0,0,1,1,0,0
C09_S2_boundary,P,not_slow_tick,not_slow_tick,active,active,1088,0.1087,0,0,1,1,0,0
C09_S2_boundary,P,not_slow_tick,not_slow_tick,active,active,1089,0.1088,0,0,1,1,0,0
C09_S2_boundary,P,not_slow_tick,not_slow_tick,active,active,1090,0.1089,0,0,1,1,0,0
C09_S2_boundary,P,not_slow_tick,not_slow_tick,active,active,1091,0.109,0,0,1,1,0,0
C09_S2_boundary,P,not_slow_tick,not_slow_tick,active,active,1092,0.1091,0,0,1,0,0,0
C09_S2_boundary,P,not_slow_tick,not_slow_tick,active,active,1093,0.1092,1,1,1,1,0,0
C09_S2_boundary,P,not_slow_tick,not_slow_tick,active,active,1094,0.1093,1,1,1,0,0,0
C09_S2_boundary,P,not_slow_tick,not_slow_tick,active,active,1095,0.1094,1,1,1,0,0,0
C09_S2_boundary,P,not_slow_tick,not_slow_tick,active,active,1096,0.1095,0,0,1,1,0,0
C09_S2_boundary,P,not_slow_tick,not_slow_tick,active,active,1097,0.1096,0,1,1,1,0,0
C09_S2_boundary,P,not_slow_tick,not_slow_tick,active,active,1098,0.1097,1,1,1,1,0,0
C09_S2_boundary,P,not_slow_tick,not_slow_tick,active,active,1099,0.1098,1,1,1,1,0,0
C09_S2_boundary,P,none,none,active,active,1100,0.1099,1,1,1,1,1,1
C09_S2_boundary,P,not_slow_tick,not_slow_tick,active,active,1101,0.11,0,0,1,1,0,0
C09_S2_boundary,P,not_slow_tick,not_slow_tick,active,active,1102,0.1101,0,0,1,1,0,0
C09_S2_boundary,P,not_slow_tick,not_slow_tick,active,active,1103,0.1102,0,0,1,1,0,0
C09_S2_boundary,P,not_slow_tick,not_slow_tick,active,active,1104,0.1103,0,0,1,1,0,0
C09_S2_boundary,P,not_slow_tick,not_slow_tick,active,active,1105,0.1104,0,0,1,1,0,0
C09_S2_boundary,P,not_slow_tick,not_slow_tick,active,active,1106,0.1105,0,0,1,1,0,0
C09_S2_boundary,P,not_slow_tick,not_slow_tick,active,active,1107,0.1106,0,0,1,1,0,0
C09_S2_boundary,P,not_slow_tick,not_slow_tick,active,active,1108,0.1107,0,0,1,1,0,0
C09_S2_boundary,P,not_slow_tick,not_slow_tick,active,active,1109,0.1108,0,0,1,0,0,0
C09_S2_boundary,P,not_slow_tick,not_slow_tick,active,active,1110,0.1109,1,1,1,1,0,0
C09_S2_boundary,P,not_slow_tick,not_slow_tick,active,active,1111,0.111,1,1,1,0,0,0
C09_S2_boundary,P,not_slow_tick,not_slow_tick,active,active,1112,0.1111,0,1,1,0,0,0
C09_S2_boundary,P,not_slow_tick,not_slow_tick,active,active,1113,0.1112,0,0,1,1,0,0
C09_S2_boundary,P,not_slow_tick,not_slow_tick,active,active,1114,0.1113,1,1,1,1,0,0
C09_S2_boundary,P,not_slow_tick,not_slow_tick,active,active,1115,0.1114,1,1,1,1,0,0
C09_S2_boundary,P,not_slow_tick,not_slow_tick,active,active,1116,0.1115,1,1,1,1,0,0
C09_S2_boundary,P,not_slow_tick,not_slow_tick,active,active,1117,0.1116,0,0,1,1,0,0
C09_S2_boundary,P,not_slow_tick,not_slow_tick,active,active,1118,0.1117,0,0,1,1,0,0
C09_S2_boundary,P,not_slow_tick,not_slow_tick,active,active,1119,0.1118,0,0,1,1,0,0
C09_S2_boundary,P,u_hp_below_threshold,u_hp_below_threshold,frozen_excitation,frozen_excitation,1120,0.1119,0,0,1,1,0,0
C09_S2_boundary,P,not_slow_tick,not_slow_tick,active,active,1121,0.112,0,0,1,1,0,0
C09_S2_boundary,P,not_slow_tick,not_slow_tick,active,active,1122,0.1121,0,0,1,1,0,0
C09_S2_boundary,P,not_slow_tick,not_slow_tick,active,active,1123,0.1122,0,0,1,1,0,0
C09_S2_boundary,P,not_slow_tick,not_slow_tick,active,active,1124,0.1123,0,0,1,1,0,0
C09_S2_boundary,P,not_slow_tick,not_slow_tick,active,active,1125,0.1124,0,0,1,1,0,0
C09_S2_boundary,P,not_slow_tick,not_slow_tick,active,active,1126,0.1125,1,1,1,1,0,0
C09_S2_boundary,P,not_slow_tick,not_slow_tick,active,active,1127,0.1126,1,1,1,0,0,0
C09_S2_boundary,P,not_slow_tick,not_slow_tick,active,active,1128,0.1127,1,1,1,0,0,0
C09_S2_boundary,P,not_slow_tick,not_slow_tick,active,active,1129,0.1128,1,1,1,0,0,0
C09_S2_boundary,P,not_slow_tick,not_slow_tick,active,active,1130,0.1129,0,0,1,1,0,0
C09_S2_boundary,P,not_slow_tick,not_slow_tick,active,active,1131,0.113,1,1,1,0,0,0
C09_S2_boundary,P,not_slow_tick,not_slow_tick,active,active,1132,0.1131,1,1,1,1,0,0
C09_S2_boundary,P,not_slow_tick,not_slow_tick,active,active,1133,0.1132,1,1,1,1,0,0
C09_S2_boundary,P,not_slow_tick,not_slow_tick,active,active,1134,0.1133,0,0,1,1,0,0
C09_S2_boundary,P,not_slow_tick,not_slow_tick,active,active,1135,0.1134,0,0,1,1,0,0
C09_S2_boundary,P,not_slow_tick,not_slow_tick,active,active,1136,0.1135,0,0,1,1,0,0
C09_S2_boundary,P,not_slow_tick,not_slow_tick,active,active,1137,0.1136,0,0,1,1,0,0
C09_S2_boundary,P,not_slow_tick,not_slow_tick,active,active,1138,0.1137,0,0,1,1,0,0
C09_S2_boundary,P,not_slow_tick,not_slow_tick,active,active,1139,0.1138,0,0,1,1,0,0
C09_S2_boundary,P,u_hp_below_threshold,u_hp_below_threshold,frozen_excitation,frozen_excitation,1140,0.1139,0,0,1,1,0,0
C09_S2_boundary,P,not_slow_tick,not_slow_tick,active,active,1141,0.114,0,0,1,1,0,0
C09_S2_boundary,P,not_slow_tick,not_slow_tick,active,active,1142,0.1141,0,0,1,0,0,0
C09_S2_boundary,P,not_slow_tick,not_slow_tick,active,active,1143,0.1142,1,1,1,1,0,0
C09_S2_boundary,P,not_slow_tick,not_slow_tick,active,active,1144,0.1143,1,1,1,0,0,0
C09_S2_boundary,P,not_slow_tick,not_slow_tick,active,active,1145,0.1144,1,1,1,0,0,0
C09_S2_boundary,P,not_slow_tick,not_slow_tick,active,active,1146,0.1145,0,0,1,1,0,0
C09_S2_boundary,P,not_slow_tick,not_slow_tick,active,active,1147,0.1146,0,1,1,1,0,0
C09_S2_boundary,P,not_slow_tick,not_slow_tick,active,active,1148,0.1147,1,1,1,1,0,0
C09_S2_boundary,P,not_slow_tick,not_slow_tick,active,active,1149,0.1148,1,1,1,1,0,0
C09_S2_boundary,P,not_slow_tick,not_slow_tick,active,active,1150,0.1149,1,1,1,1,0,0
C09_S2_boundary,P,not_slow_tick,not_slow_tick,active,active,1151,0.115,0,0,1,1,0,0
C09_S2_boundary,P,not_slow_tick,not_slow_tick,active,active,1152,0.1151,0,0,1,1,0,0
C09_S2_boundary,P,not_slow_tick,not_slow_tick,active,active,1153,0.1152,0,0,1,1,0,0
C09_S2_boundary,P,not_slow_tick,not_slow_tick,active,active,1154,0.1153,0,0,1,1,0,0
C09_S2_boundary,P,not_slow_tick,not_slow_tick,active,active,1155,0.1154,0,0,1,1,0,0
C09_S2_boundary,P,not_slow_tick,not_slow_tick,active,active,1156,0.1155,0,0,1,1,0,0
C09_S2_boundary,P,not_slow_tick,not_slow_tick,active,active,1157,0.1156,0,0,1,1,0,0
C09_S2_boundary,P,not_slow_tick,not_slow_tick,active,active,1158,0.1157,0,0,1,1,0,0
C09_S2_boundary,P,not_slow_tick,not_slow_tick,active,active,1159,0.1158,0,0,1,0,0,0
C09_S2_boundary,P,none,none,active,active,1160,0.1159,1,1,1,1,1,1
C09_S2_boundary,P,not_slow_tick,not_slow_tick,active,active,1161,0.116,1,1,1,0,0,0
C09_S2_boundary,P,not_slow_tick,not_slow_tick,active,active,1162,0.1161,0,1,1,0,0,0
C09_S2_boundary,P,not_slow_tick,not_slow_tick,active,active,1163,0.1162,0,0,1,1,0,0
C09_S2_boundary,P,not_slow_tick,not_slow_tick,active,active,1164,0.1163,1,1,1,1,0,0
C09_S2_boundary,P,not_slow_tick,not_slow_tick,active,active,1165,0.1164,1,1,1,1,0,0
C09_S2_boundary,P,not_slow_tick,not_slow_tick,active,active,1166,0.1165,1,1,1,1,0,0
C09_S2_boundary,P,not_slow_tick,not_slow_tick,active,active,1167,0.1166,0,0,1,1,0,0
C09_S2_boundary,P,not_slow_tick,not_slow_tick,active,active,1168,0.1167,0,0,1,1,0,0
C09_S2_boundary,P,not_slow_tick,not_slow_tick,active,active,1169,0.1168,0,0,1,1,0,0
C09_S2_boundary,P,not_slow_tick,not_slow_tick,active,active,1170,0.1169,0,0,1,1,0,0
C09_S2_boundary,P,not_slow_tick,not_slow_tick,active,active,1171,0.117,0,0,1,1,0,0
C09_S2_boundary,P,not_slow_tick,not_slow_tick,active,active,1172,0.1171,0,0,1,1,0,0
C09_S2_boundary,P,not_slow_tick,not_slow_tick,active,active,1173,0.1172,0,0,1,1,0,0
C09_S2_boundary,P,not_slow_tick,not_slow_tick,active,active,1174,0.1173,0,0,1,1,0,0
C09_S2_boundary,P,not_slow_tick,not_slow_tick,active,active,1175,0.1174,0,0,1,1,0,0
C09_S2_boundary,P,not_slow_tick,not_slow_tick,active,active,1176,0.1175,1,1,1,1,0,0
C09_S2_boundary,P,not_slow_tick,not_slow_tick,active,active,1177,0.1176,1,1,1,0,0,0
C09_S2_boundary,P,not_slow_tick,not_slow_tick,active,active,1178,0.1177,1,1,1,0,0,0
C09_S2_boundary,P,not_slow_tick,not_slow_tick,active,active,1179,0.1178,1,1,1,0,0,0
C09_S2_boundary,P,u_hp_below_threshold,u_hp_below_threshold,frozen_excitation,frozen_excitation,1180,0.1179,0,0,1,1,0,0
C09_S2_boundary,P,not_slow_tick,not_slow_tick,active,active,1181,0.118,1,1,1,0,0,0
C09_S2_boundary,P,not_slow_tick,not_slow_tick,active,active,1182,0.1181,1,1,1,1,0,0
C09_S2_boundary,P,not_slow_tick,not_slow_tick,active,active,1183,0.1182,1,1,1,1,0,0
C09_S2_boundary,P,not_slow_tick,not_slow_tick,active,active,1184,0.1183,0,0,1,1,0,0
C09_S2_boundary,P,not_slow_tick,not_slow_tick,active,active,1185,0.1184,0,0,1,1,0,0
C09_S2_boundary,P,not_slow_tick,not_slow_tick,active,active,1186,0.1185,0,0,1,1,0,0
C09_S2_boundary,P,not_slow_tick,not_slow_tick,active,active,1187,0.1186,0,0,1,1,0,0
C09_S2_boundary,P,not_slow_tick,not_slow_tick,active,active,1188,0.1187,0,0,1,1,0,0
C09_S2_boundary,P,not_slow_tick,not_slow_tick,active,active,1189,0.1188,0,0,1,1,0,0
C09_S2_boundary,P,not_slow_tick,not_slow_tick,active,active,1190,0.1189,0,0,1,1,0,0
C09_S2_boundary,P,not_slow_tick,not_slow_tick,active,active,1191,0.119,0,0,1,1,0,0
C09_S2_boundary,P,not_slow_tick,not_slow_tick,active,active,1192,0.1191,0,0,1,0,0,0
C09_S2_boundary,P,not_slow_tick,not_slow_tick,active,active,1193,0.1192,1,1,1,1,0,0
C09_S2_boundary,P,not_slow_tick,not_slow_tick,active,active,1194,0.1193,1,1,1,0,0,0
C09_S2_boundary,P,not_slow_tick,not_slow_tick,active,active,1195,0.1194,1,1,1,0,0,0
C09_S2_boundary,P,not_slow_tick,not_slow_tick,active,active,1196,0.1195,0,0,1,1,0,0
C09_S2_boundary,P,not_slow_tick,not_slow_tick,active,active,1197,0.1196,0,1,1,1,0,0
C09_S2_boundary,P,not_slow_tick,not_slow_tick,active,active,1198,0.1197,1,1,1,1,0,0
C09_S2_boundary,P,not_slow_tick,not_slow_tick,active,active,1199,0.1198,1,1,1,1,0,0
C09_S2_boundary,P,none,none,active,active,1200,0.1199,1,1,1,1,1,1
D03_id_iq_step,P,startup_no_completed_command,startup_no_completed_command,startup,startup,1,0,0,0,0,0,0,0
D03_id_iq_step,P,trusted_post_s2_execution,trusted_post_s2_execution,warmup,warmup,2,0.0001,0,0,1,0,0,0
D03_id_iq_step,P,not_slow_tick,not_slow_tick,active,active,3,0.0002,0,0,1,1,0,0
D03_id_iq_step,P,not_slow_tick,not_slow_tick,active,active,4,0.0003,0,0,1,1,0,0
D03_id_iq_step,P,not_slow_tick,not_slow_tick,active,active,5,0.0004,0,0,1,0,0,0
D03_id_iq_step,P,not_slow_tick,not_slow_tick,active,active,6,0.0005,0,0,1,1,0,0
D03_id_iq_step,P,not_slow_tick,not_slow_tick,active,active,7,0.0006,0,0,1,0,0,0
D03_id_iq_step,P,not_slow_tick,not_slow_tick,active,active,8,0.0007,0,0,1,0,0,0
D03_id_iq_step,P,not_slow_tick,not_slow_tick,active,active,9,0.0008,0,0,1,0,0,0
D03_id_iq_step,P,not_slow_tick,not_slow_tick,active,active,10,0.0009,0,0,1,1,0,0
D03_id_iq_step,P,not_slow_tick,not_slow_tick,active,active,11,0.001,0,0,1,0,0,0
D03_id_iq_step,P,not_slow_tick,not_slow_tick,active,active,12,0.0011,0,0,1,1,0,0
D03_id_iq_step,P,not_slow_tick,not_slow_tick,active,active,13,0.0012,0,0,1,1,0,0
D03_id_iq_step,P,not_slow_tick,not_slow_tick,active,active,14,0.0013,0,0,1,1,0,0
D03_id_iq_step,P,not_slow_tick,not_slow_tick,active,active,15,0.0014,0,0,1,1,0,0
D03_id_iq_step,P,not_slow_tick,not_slow_tick,active,active,16,0.0015,0,0,1,1,0,0
D03_id_iq_step,P,not_slow_tick,not_slow_tick,active,active,17,0.0016,0,0,1,1,0,0
D03_id_iq_step,P,not_slow_tick,not_slow_tick,active,active,18,0.0017,0,0,1,1,0,0
D03_id_iq_step,P,not_slow_tick,not_slow_tick,active,active,19,0.0018,0,0,1,1,0,0
D03_id_iq_step,P,window_incomplete,window_incomplete,frozen_excitation,frozen_excitation,20,0.0019,0,0,1,1,0,0
D03_id_iq_step,P,not_slow_tick,not_slow_tick,active,active,21,0.002,0,0,1,1,0,0
D03_id_iq_step,P,not_slow_tick,not_slow_tick,active,active,22,0.0021,1,1,1,1,0,0
D03_id_iq_step,P,not_slow_tick,not_slow_tick,active,active,23,0.0022,1,1,1,1,0,0
D03_id_iq_step,P,not_slow_tick,not_slow_tick,active,active,24,0.0023,1,1,1,1,0,0
D03_id_iq_step,P,not_slow_tick,not_slow_tick,active,active,25,0.0024,1,1,1,1,0,0
D03_id_iq_step,P,not_slow_tick,not_slow_tick,active,active,26,0.0025,1,1,1,0,0,0
D03_id_iq_step,P,not_slow_tick,not_slow_tick,active,active,27,0.0026,1,1,1,1,0,0
D03_id_iq_step,P,not_slow_tick,not_slow_tick,active,active,28,0.0027,1,1,1,1,0,0
D03_id_iq_step,P,not_slow_tick,not_slow_tick,active,active,29,0.0028,1,1,1,1,0,0
D03_id_iq_step,P,not_slow_tick,not_slow_tick,active,active,30,0.0029,1,1,1,0,0,0
D03_id_iq_step,P,not_slow_tick,not_slow_tick,active,active,31,0.003,1,1,1,1,0,0
D03_id_iq_step,P,not_slow_tick,not_slow_tick,active,active,32,0.0031,1,1,1,0,0,0
D03_id_iq_step,P,not_slow_tick,not_slow_tick,active,active,33,0.0032,1,1,1,0,0,0
D03_id_iq_step,P,not_slow_tick,not_slow_tick,active,active,34,0.0033,0,0,1,1,0,0
D03_id_iq_step,P,not_slow_tick,not_slow_tick,active,active,35,0.0034,1,1,1,1,0,0
D03_id_iq_step,P,not_slow_tick,not_slow_tick,active,active,36,0.0035,1,1,1,1,0,0
D03_id_iq_step,P,not_slow_tick,not_slow_tick,active,active,37,0.0036,1,1,1,0,0,0
D03_id_iq_step,P,not_slow_tick,not_slow_tick,active,active,38,0.0037,1,1,1,1,0,0
D03_id_iq_step,P,not_slow_tick,not_slow_tick,active,active,39,0.0038,1,1,1,1,0,0
D03_id_iq_step,P,none,none,active,active,40,0.0039,1,1,1,1,1,1
D03_id_iq_step,P,not_slow_tick,not_slow_tick,active,active,41,0.004,1,1,1,1,0,0
D03_id_iq_step,P,not_slow_tick,not_slow_tick,active,active,42,0.0041,1,1,1,1,0,0
D03_id_iq_step,P,not_slow_tick,not_slow_tick,active,active,43,0.0042,1,1,1,0,0,0
D03_id_iq_step,P,not_slow_tick,not_slow_tick,active,active,44,0.0043,1,0,1,1,0,0
D03_id_iq_step,P,not_slow_tick,not_slow_tick,active,active,45,0.0044,1,1,1,1,0,0
D03_id_iq_step,P,not_slow_tick,not_slow_tick,active,active,46,0.0045,1,1,1,0,0,0
D03_id_iq_step,P,not_slow_tick,not_slow_tick,active,active,47,0.0046,1,1,1,1,0,0
D03_id_iq_step,P,not_slow_tick,not_slow_tick,active,active,48,0.0047,1,1,1,0,0,0
D03_id_iq_step,P,not_slow_tick,not_slow_tick,active,active,49,0.0048,1,1,1,1,0,0
D03_id_iq_step,P,not_slow_tick,not_slow_tick,active,active,50,0.0049,1,1,1,1,0,0
D03_id_iq_step,P,not_slow_tick,not_slow_tick,active,active,51,0.005,1,1,1,1,0,0
D03_id_iq_step,P,not_slow_tick,not_slow_tick,active,active,52,0.0051,1,1,1,1,0,0
D03_id_iq_step,P,not_slow_tick,not_slow_tick,active,active,53,0.0052,1,1,1,0,0,0
D03_id_iq_step,P,not_slow_tick,not_slow_tick,active,active,54,0.0053,1,1,1,0,0,0
D03_id_iq_step,P,not_slow_tick,not_slow_tick,active,active,55,0.0054,1,1,1,0,0,0
D03_id_iq_step,P,not_slow_tick,not_slow_tick,active,active,56,0.0055,1,1,1,0,0,0
D03_id_iq_step,P,not_slow_tick,not_slow_tick,active,active,57,0.0056,0,1,1,0,0,0
D03_id_iq_step,P,not_slow_tick,not_slow_tick,active,active,58,0.0057,0,0,1,0,0,0
D03_id_iq_step,P,not_slow_tick,not_slow_tick,active,active,59,0.0058,0,0,1,1,0,0
D03_id_iq_step,P,none,none,active,active,60,0.0059,1,1,1,0,1,1
D03_id_iq_step,P,not_slow_tick,not_slow_tick,active,active,61,0.006,1,1,1,1,0,0
D03_id_iq_step,P,not_slow_tick,not_slow_tick,active,active,62,0.0061,1,1,1,0,0,0
D03_id_iq_step,P,not_slow_tick,not_slow_tick,active,active,63,0.0062,1,1,1,0,0,0
D03_id_iq_step,P,not_slow_tick,not_slow_tick,active,active,64,0.0063,1,1,1,1,0,0
D03_id_iq_step,P,not_slow_tick,not_slow_tick,active,active,65,0.0064,1,0,1,1,0,0
D03_id_iq_step,P,not_slow_tick,not_slow_tick,active,active,66,0.0065,0,0,1,1,0,0
D03_id_iq_step,P,not_slow_tick,not_slow_tick,active,active,67,0.0066,0,0,1,1,0,0
D03_id_iq_step,P,not_slow_tick,not_slow_tick,active,active,68,0.0067,0,0,1,1,0,0
D03_id_iq_step,P,not_slow_tick,not_slow_tick,active,active,69,0.0068,0,0,1,1,0,0
D03_id_iq_step,P,not_slow_tick,not_slow_tick,active,active,70,0.0069,0,0,1,1,0,0
D03_id_iq_step,P,not_slow_tick,not_slow_tick,active,active,71,0.007,1,1,1,1,0,0
D03_id_iq_step,P,not_slow_tick,not_slow_tick,active,active,72,0.0071,1,0,1,1,0,0
D03_id_iq_step,P,not_slow_tick,not_slow_tick,active,active,73,0.0072,1,1,1,1,0,0
D03_id_iq_step,P,not_slow_tick,not_slow_tick,active,active,74,0.0073,1,1,1,0,0,0
D03_id_iq_step,P,not_slow_tick,not_slow_tick,active,active,75,0.0074,1,1,1,1,0,0
D03_id_iq_step,P,not_slow_tick,not_slow_tick,active,active,76,0.0075,1,1,1,1,0,0
D03_id_iq_step,P,not_slow_tick,not_slow_tick,active,active,77,0.0076,1,1,1,1,0,0
D03_id_iq_step,P,not_slow_tick,not_slow_tick,active,active,78,0.0077,1,1,1,1,0,0
D03_id_iq_step,P,not_slow_tick,not_slow_tick,active,active,79,0.0078,1,1,1,1,0,0
D03_id_iq_step,P,none,none,active,active,80,0.0079,1,1,1,1,1,1
D03_id_iq_step,P,not_slow_tick,not_slow_tick,active,active,81,0.008,1,1,1,0,0,0
D03_id_iq_step,P,not_slow_tick,not_slow_tick,active,active,82,0.0081,1,1,1,0,0,0
D03_id_iq_step,P,not_slow_tick,not_slow_tick,active,active,83,0.0082,1,1,1,0,0,0
D03_id_iq_step,P,not_slow_tick,not_slow_tick,active,active,84,0.0083,0,0,1,0,0,0
D03_id_iq_step,P,not_slow_tick,not_slow_tick,active,active,85,0.0084,0,0,1,0,0,0
D03_id_iq_step,P,not_slow_tick,not_slow_tick,active,active,86,0.0085,0,1,1,0,0,0
D03_id_iq_step,P,not_slow_tick,not_slow_tick,active,active,87,0.0086,1,0,1,1,0,0
D03_id_iq_step,P,not_slow_tick,not_slow_tick,active,active,88,0.0087,1,0,1,0,0,0
D03_id_iq_step,P,not_slow_tick,not_slow_tick,active,active,89,0.0088,1,0,1,1,0,0
D03_id_iq_step,P,not_slow_tick,not_slow_tick,active,active,90,0.0089,1,0,1,0,0,0
D03_id_iq_step,P,not_slow_tick,not_slow_tick,active,active,91,0.009,1,0,1,1,0,0
D03_id_iq_step,P,not_slow_tick,not_slow_tick,active,active,92,0.0091,1,0,1,1,0,0
D03_id_iq_step,P,not_slow_tick,not_slow_tick,active,active,93,0.0092,1,1,1,0,0,0
D03_id_iq_step,P,not_slow_tick,not_slow_tick,active,active,94,0.0093,1,1,1,1,0,0
D03_id_iq_step,P,not_slow_tick,not_slow_tick,active,active,95,0.0094,0,1,1,1,0,0
D03_id_iq_step,P,not_slow_tick,not_slow_tick,active,active,96,0.0095,0,0,1,1,0,0
D03_id_iq_step,P,not_slow_tick,not_slow_tick,active,active,97,0.0096,0,0,1,1,0,0
D03_id_iq_step,P,not_slow_tick,not_slow_tick,active,active,98,0.0097,1,1,1,0,0,0
D03_id_iq_step,P,not_slow_tick,not_slow_tick,active,active,99,0.0098,1,1,1,0,0,0
D03_id_iq_step,P,none,none,active,active,100,0.0099,1,1,1,1,1,1
D03_id_iq_step,P,not_slow_tick,not_slow_tick,active,active,101,0.01,1,1,1,0,0,0
D03_id_iq_step,P,not_slow_tick,not_slow_tick,active,active,102,0.0101,1,1,1,1,0,0
D03_id_iq_step,P,not_slow_tick,not_slow_tick,active,active,103,0.0102,1,1,1,0,0,0
D03_id_iq_step,P,not_slow_tick,not_slow_tick,active,active,104,0.0103,1,1,1,1,0,0
D03_id_iq_step,P,not_slow_tick,not_slow_tick,active,active,105,0.0104,1,1,1,1,0,0
D03_id_iq_step,P,not_slow_tick,not_slow_tick,active,active,106,0.0105,1,1,1,1,0,0
D03_id_iq_step,P,not_slow_tick,not_slow_tick,active,active,107,0.0106,1,1,1,1,0,0
D03_id_iq_step,P,not_slow_tick,not_slow_tick,active,active,108,0.0107,1,1,1,0,0,0
D03_id_iq_step,P,not_slow_tick,not_slow_tick,active,active,109,0.0108,1,1,1,0,0,0
D03_id_iq_step,P,not_slow_tick,not_slow_tick,active,active,110,0.0109,1,1,1,0,0,0
D03_id_iq_step,P,not_slow_tick,not_slow_tick,active,active,111,0.011,0,1,1,0,0,0
D03_id_iq_step,P,not_slow_tick,not_slow_tick,active,active,112,0.0111,0,0,1,0,0,0
D03_id_iq_step,P,not_slow_tick,not_slow_tick,active,active,113,0.0112,0,0,1,0,0,0
D03_id_iq_step,P,not_slow_tick,not_slow_tick,active,active,114,0.0113,0,1,1,0,0,0
D03_id_iq_step,P,not_slow_tick,not_slow_tick,active,active,115,0.0114,1,1,1,1,0,0
D03_id_iq_step,P,not_slow_tick,not_slow_tick,active,active,116,0.0115,1,0,1,0,0,0
D03_id_iq_step,P,not_slow_tick,not_slow_tick,active,active,117,0.0116,1,0,1,1,0,0
D03_id_iq_step,P,not_slow_tick,not_slow_tick,active,active,118,0.0117,1,1,1,0,0,0
D03_id_iq_step,P,not_slow_tick,not_slow_tick,active,active,119,0.0118,1,1,1,0,0,0
D03_id_iq_step,P,none,none,active,active,120,0.0119,1,1,1,1,1,1
D03_id_iq_step,P,not_slow_tick,not_slow_tick,active,active,121,0.012,1,0,1,1,0,0
D03_id_iq_step,P,not_slow_tick,not_slow_tick,active,active,122,0.0121,0,0,1,1,0,0
D03_id_iq_step,P,not_slow_tick,not_slow_tick,active,active,123,0.0122,0,0,1,1,0,0
D03_id_iq_step,P,not_slow_tick,not_slow_tick,active,active,124,0.0123,0,0,1,1,0,0
D03_id_iq_step,P,not_slow_tick,not_slow_tick,active,active,125,0.0124,0,0,1,1,0,0
D03_id_iq_step,P,not_slow_tick,not_slow_tick,active,active,126,0.0125,1,1,1,0,0,0
D03_id_iq_step,P,not_slow_tick,not_slow_tick,active,active,127,0.0126,1,1,1,1,0,0
D03_id_iq_step,P,not_slow_tick,not_slow_tick,active,active,128,0.0127,1,1,1,1,0,0
D03_id_iq_step,P,not_slow_tick,not_slow_tick,active,active,129,0.0128,1,1,1,0,0,0
D03_id_iq_step,P,not_slow_tick,not_slow_tick,active,active,130,0.0129,1,1,1,1,0,0
D03_id_iq_step,P,not_slow_tick,not_slow_tick,active,active,131,0.013,1,1,1,0,0,0
D03_id_iq_step,P,not_slow_tick,not_slow_tick,active,active,132,0.0131,1,1,1,1,0,0
D03_id_iq_step,P,not_slow_tick,not_slow_tick,active,active,133,0.0132,1,1,1,1,0,0
D03_id_iq_step,P,not_slow_tick,not_slow_tick,active,active,134,0.0133,1,1,1,1,0,0
D03_id_iq_step,P,not_slow_tick,not_slow_tick,active,active,135,0.0134,1,1,1,1,0,0
D03_id_iq_step,P,not_slow_tick,not_slow_tick,active,active,136,0.0135,1,1,1,0,0,0
D03_id_iq_step,P,not_slow_tick,not_slow_tick,active,active,137,0.0136,1,1,1,0,0,0
D03_id_iq_step,P,not_slow_tick,not_slow_tick,active,active,138,0.0137,1,1,1,0,0,0
D03_id_iq_step,P,not_slow_tick,not_slow_tick,active,active,139,0.0138,0,1,1,0,0,0
D03_id_iq_step,P,u_hp_below_threshold,u_hp_below_threshold,frozen_excitation,frozen_excitation,140,0.0139,0,0,1,0,0,0
D03_id_iq_step,P,not_slow_tick,not_slow_tick,active,active,141,0.014,0,0,1,0,0,0
D03_id_iq_step,P,not_slow_tick,not_slow_tick,active,active,142,0.0141,0,1,1,0,0,0
D03_id_iq_step,P,not_slow_tick,not_slow_tick,active,active,143,0.0142,1,1,1,1,0,0
D03_id_iq_step,P,not_slow_tick,not_slow_tick,active,active,144,0.0143,1,0,1,0,0,0
D03_id_iq_step,P,not_slow_tick,not_slow_tick,active,active,145,0.0144,1,0,1,1,0,0
D03_id_iq_step,P,not_slow_tick,not_slow_tick,active,active,146,0.0145,1,0,1,0,0,0
D03_id_iq_step,P,not_slow_tick,not_slow_tick,active,active,147,0.0146,1,0,1,1,0,0
D03_id_iq_step,P,not_slow_tick,not_slow_tick,active,active,148,0.0147,1,0,1,1,0,0
D03_id_iq_step,P,not_slow_tick,not_slow_tick,active,active,149,0.0148,0,0,1,1,0,0
D03_id_iq_step,P,not_slow_tick,not_slow_tick,active,active,150,0.0149,0,0,1,1,0,0
D03_id_iq_step,P,not_slow_tick,not_slow_tick,active,active,151,0.015,0,0,1,1,0,0
D03_id_iq_step,P,not_slow_tick,not_slow_tick,active,active,152,0.0151,0,0,1,1,0,0
D03_id_iq_step,P,not_slow_tick,not_slow_tick,active,active,153,0.0152,0,0,1,1,0,0
D03_id_iq_step,P,not_slow_tick,not_slow_tick,active,active,154,0.0153,1,1,1,0,0,0
D03_id_iq_step,P,not_slow_tick,not_slow_tick,active,active,155,0.0154,1,1,1,1,0,0
D03_id_iq_step,P,not_slow_tick,not_slow_tick,active,active,156,0.0155,1,1,1,1,0,0
D03_id_iq_step,P,not_slow_tick,not_slow_tick,active,active,157,0.0156,1,1,1,0,0,0
D03_id_iq_step,P,not_slow_tick,not_slow_tick,active,active,158,0.0157,1,1,1,1,0,0
D03_id_iq_step,P,not_slow_tick,not_slow_tick,active,active,159,0.0158,1,1,1,0,0,0
D03_id_iq_step,P,none,none,active,active,160,0.0159,1,1,1,1,1,1
D03_id_iq_step,P,not_slow_tick,not_slow_tick,active,active,161,0.016,1,1,1,1,0,0
D03_id_iq_step,P,not_slow_tick,not_slow_tick,active,active,162,0.0161,1,1,1,1,0,0
D03_id_iq_step,P,not_slow_tick,not_slow_tick,active,active,163,0.0162,1,1,1,1,0,0
D03_id_iq_step,P,not_slow_tick,not_slow_tick,active,active,164,0.0163,1,1,1,0,0,0
D03_id_iq_step,P,not_slow_tick,not_slow_tick,active,active,165,0.0164,1,1,1,0,0,0
D03_id_iq_step,P,not_slow_tick,not_slow_tick,active,active,166,0.0165,1,1,1,0,0,0
D03_id_iq_step,P,not_slow_tick,not_slow_tick,active,active,167,0.0166,0,0,1,0,0,0
D03_id_iq_step,P,not_slow_tick,not_slow_tick,active,active,168,0.0167,0,0,1,0,0,0
D03_id_iq_step,P,not_slow_tick,not_slow_tick,active,active,169,0.0168,0,1,1,0,0,0
D03_id_iq_step,P,not_slow_tick,not_slow_tick,active,active,170,0.0169,0,1,1,1,0,0
D03_id_iq_step,P,not_slow_tick,not_slow_tick,active,active,171,0.017,1,0,1,0,0,0
D03_id_iq_step,P,not_slow_tick,not_slow_tick,active,active,172,0.0171,1,0,1,0,0,0
D03_id_iq_step,P,not_slow_tick,not_slow_tick,active,active,173,0.0172,1,1,1,0,0,0
D03_id_iq_step,P,not_slow_tick,not_slow_tick,active,active,174,0.0173,1,1,1,1,0,0
D03_id_iq_step,P,not_slow_tick,not_slow_tick,active,active,175,0.0174,1,1,1,1,0,0
D03_id_iq_step,P,not_slow_tick,not_slow_tick,active,active,176,0.0175,1,1,1,0,0,0
D03_id_iq_step,P,not_slow_tick,not_slow_tick,active,active,177,0.0176,1,1,1,1,0,0
D03_id_iq_step,P,not_slow_tick,not_slow_tick,active,active,178,0.0177,0,1,1,1,0,0
D03_id_iq_step,P,not_slow_tick,not_slow_tick,active,active,179,0.0178,0,0,1,1,0,0
D03_id_iq_step,P,u_hp_below_threshold,u_hp_below_threshold,frozen_excitation,frozen_excitation,180,0.0179,0,0,1,1,0,0
D03_id_iq_step,P,not_slow_tick,not_slow_tick,active,active,181,0.018,0,0,1,1,0,0
D03_id_iq_step,P,not_slow_tick,not_slow_tick,active,active,182,0.0181,1,1,1,1,0,0
D03_id_iq_step,P,not_slow_tick,not_slow_tick,active,active,183,0.0182,1,1,1,1,0,0
D03_id_iq_step,P,not_slow_tick,not_slow_tick,active,active,184,0.0183,1,1,1,1,0,0
D03_id_iq_step,P,not_slow_tick,not_slow_tick,active,active,185,0.0184,1,1,1,0,0,0
D03_id_iq_step,P,not_slow_tick,not_slow_tick,active,active,186,0.0185,1,1,1,1,0,0
D03_id_iq_step,P,not_slow_tick,not_slow_tick,active,active,187,0.0186,1,1,1,1,0,0
D03_id_iq_step,P,not_slow_tick,not_slow_tick,active,active,188,0.0187,1,1,1,1,0,0
D03_id_iq_step,P,not_slow_tick,not_slow_tick,active,active,189,0.0188,1,1,1,1,0,0
D03_id_iq_step,P,not_slow_tick,not_slow_tick,active,active,190,0.0189,1,1,1,1,0,0
D03_id_iq_step,P,not_slow_tick,not_slow_tick,active,active,191,0.019,1,1,1,1,0,0
D03_id_iq_step,P,not_slow_tick,not_slow_tick,active,active,192,0.0191,1,1,1,0,0,0
D03_id_iq_step,P,not_slow_tick,not_slow_tick,active,active,193,0.0192,1,1,1,0,0,0
D03_id_iq_step,P,not_slow_tick,not_slow_tick,active,active,194,0.0193,1,1,1,0,0,0
D03_id_iq_step,P,not_slow_tick,not_slow_tick,active,active,195,0.0194,0,0,1,0,0,0
D03_id_iq_step,P,not_slow_tick,not_slow_tick,active,active,196,0.0195,0,0,1,0,0,0
D03_id_iq_step,P,not_slow_tick,not_slow_tick,active,active,197,0.0196,0,1,1,0,0,0
D03_id_iq_step,P,not_slow_tick,not_slow_tick,active,active,198,0.0197,1,0,1,1,0,0
D03_id_iq_step,P,not_slow_tick,not_slow_tick,active,active,199,0.0198,1,0,1,0,0,0
D03_id_iq_step,P,none,u_hp_below_threshold,active,frozen_excitation,200,0.0199,1,0,1,1,1,0
D03_id_iq_step,P,not_slow_tick,not_slow_tick,active,active,201,0.02,1,0,1,0,0,0
D03_id_iq_step,P,not_slow_tick,not_slow_tick,active,active,202,0.0201,1,0,1,1,0,0
D03_id_iq_step,P,not_slow_tick,not_slow_tick,active,active,203,0.0202,1,0,1,1,0,0
D03_id_iq_step,P,not_slow_tick,not_slow_tick,active,active,204,0.0203,1,1,1,0,0,0
D03_id_iq_step,P,not_slow_tick,not_slow_tick,active,active,205,0.0204,1,1,1,1,0,0
D03_id_iq_step,P,not_slow_tick,not_slow_tick,active,active,206,0.0205,0,1,1,1,0,0
D03_id_iq_step,P,not_slow_tick,not_slow_tick,active,active,207,0.0206,0,0,1,1,0,0
D03_id_iq_step,P,not_slow_tick,not_slow_tick,active,active,208,0.0207,0,0,1,1,0,0
D03_id_iq_step,P,not_slow_tick,not_slow_tick,active,active,209,0.0208,0,0,1,1,0,0
D03_id_iq_step,P,not_slow_tick,not_slow_tick,active,active,210,0.0209,1,1,1,1,0,0
D03_id_iq_step,P,not_slow_tick,not_slow_tick,active,active,211,0.021,1,0,1,1,0,0
D03_id_iq_step,P,not_slow_tick,not_slow_tick,active,active,212,0.0211,1,0,1,1,0,0
D03_id_iq_step,P,not_slow_tick,not_slow_tick,active,active,213,0.0212,1,1,1,0,0,0
D03_id_iq_step,P,not_slow_tick,not_slow_tick,active,active,214,0.0213,1,1,1,1,0,0
D03_id_iq_step,P,not_slow_tick,not_slow_tick,active,active,215,0.0214,1,1,1,1,0,0
D03_id_iq_step,P,not_slow_tick,not_slow_tick,active,active,216,0.0215,1,1,1,1,0,0
D03_id_iq_step,P,not_slow_tick,not_slow_tick,active,active,217,0.0216,1,1,1,1,0,0
D03_id_iq_step,P,not_slow_tick,not_slow_tick,active,active,218,0.0217,1,1,1,1,0,0
D03_id_iq_step,P,not_slow_tick,not_slow_tick,active,active,219,0.0218,1,1,1,1,0,0
D03_id_iq_step,P,none,none,active,active,220,0.0219,1,1,1,0,1,1
D03_id_iq_step,P,not_slow_tick,not_slow_tick,active,active,221,0.022,1,1,1,0,0,0
D03_id_iq_step,P,not_slow_tick,not_slow_tick,active,active,222,0.0221,0,1,1,0,0,0
D03_id_iq_step,P,not_slow_tick,not_slow_tick,active,active,223,0.0222,0,0,1,0,0,0
D03_id_iq_step,P,not_slow_tick,not_slow_tick,active,active,224,0.0223,0,0,1,0,0,0
D03_id_iq_step,P,not_slow_tick,not_slow_tick,active,active,225,0.0224,0,1,1,1,0,0
D03_id_iq_step,P,not_slow_tick,not_slow_tick,active,active,226,0.0225,1,0,1,0,0,0
D03_id_iq_step,P,not_slow_tick,not_slow_tick,active,active,227,0.0226,1,0,1,0,0,0
D03_id_iq_step,P,not_slow_tick,not_slow_tick,active,active,228,0.0227,1,1,1,1,0,0
D03_id_iq_step,P,not_slow_tick,not_slow_tick,active,active,229,0.0228,1,1,1,0,0,0
D03_id_iq_step,P,not_slow_tick,not_slow_tick,active,active,230,0.0229,1,0,1,1,0,0
D03_id_iq_step,P,not_slow_tick,not_slow_tick,active,active,231,0.023,1,0,1,1,0,0
D03_id_iq_step,P,not_slow_tick,not_slow_tick,active,active,232,0.0231,1,1,1,0,0,0
D03_id_iq_step,P,not_slow_tick,not_slow_tick,active,active,233,0.0232,1,1,1,1,0,0
D03_id_iq_step,P,not_slow_tick,not_slow_tick,active,active,234,0.0233,0,1,1,1,0,0
D03_id_iq_step,P,not_slow_tick,not_slow_tick,active,active,235,0.0234,0,0,1,1,0,0
D03_id_iq_step,P,not_slow_tick,not_slow_tick,active,active,236,0.0235,0,0,1,1,0,0
D03_id_iq_step,P,not_slow_tick,not_slow_tick,active,active,237,0.0236,1,1,1,0,0,0
D03_id_iq_step,P,not_slow_tick,not_slow_tick,active,active,238,0.0237,1,1,1,1,0,0
D03_id_iq_step,P,not_slow_tick,not_slow_tick,active,active,239,0.0238,1,1,1,1,0,0
D03_id_iq_step,P,none,none,active,active,240,0.0239,1,1,1,0,1,1
D03_id_iq_step,P,not_slow_tick,not_slow_tick,active,active,241,0.024,1,1,1,1,0,0
D03_id_iq_step,P,not_slow_tick,not_slow_tick,active,active,242,0.0241,1,1,1,0,0,0
D03_id_iq_step,P,not_slow_tick,not_slow_tick,active,active,243,0.0242,1,1,1,1,0,0
D03_id_iq_step,P,not_slow_tick,not_slow_tick,active,active,244,0.0243,1,1,1,1,0,0
D03_id_iq_step,P,not_slow_tick,not_slow_tick,active,active,245,0.0244,1,1,1,1,0,0
D03_id_iq_step,P,not_slow_tick,not_slow_tick,active,active,246,0.0245,1,1,1,1,0,0
D03_id_iq_step,P,not_slow_tick,not_slow_tick,active,active,247,0.0246,1,1,1,0,0,0
D03_id_iq_step,P,not_slow_tick,not_slow_tick,active,active,248,0.0247,1,1,1,0,0,0
D03_id_iq_step,P,not_slow_tick,not_slow_tick,active,active,249,0.0248,1,1,1,0,0,0
D03_id_iq_step,P,not_slow_tick,not_slow_tick,active,active,250,0.0249,0,1,1,0,0,0
D03_id_iq_step,P,not_slow_tick,not_slow_tick,active,active,251,0.025,0,0,1,0,0,0
D03_id_iq_step,P,not_slow_tick,not_slow_tick,active,active,252,0.0251,0,0,1,0,0,0
D03_id_iq_step,P,not_slow_tick,not_slow_tick,active,active,253,0.0252,0,1,1,0,0,0
D03_id_iq_step,P,not_slow_tick,not_slow_tick,active,active,254,0.0253,1,1,1,1,0,0
D03_id_iq_step,P,not_slow_tick,not_slow_tick,active,active,255,0.0254,1,0,1,0,0,0
D03_id_iq_step,P,not_slow_tick,not_slow_tick,active,active,256,0.0255,1,0,1,1,0,0
D03_id_iq_step,P,not_slow_tick,not_slow_tick,active,active,257,0.0256,1,0,1,0,0,0
D03_id_iq_step,P,not_slow_tick,not_slow_tick,active,active,258,0.0257,1,0,1,1,0,0
D03_id_iq_step,P,not_slow_tick,not_slow_tick,active,active,259,0.0258,1,0,1,1,0,0
D03_id_iq_step,P,u_hp_below_threshold,u_hp_below_threshold,frozen_excitation,frozen_excitation,260,0.0259,0,0,1,1,0,0
D03_id_iq_step,P,not_slow_tick,not_slow_tick,active,active,261,0.026,0,0,1,1,0,0
D03_id_iq_step,P,not_slow_tick,not_slow_tick,active,active,262,0.0261,0,0,1,1,0,0
D03_id_iq_step,P,not_slow_tick,not_slow_tick,active,active,263,0.0262,0,0,1,1,0,0
D03_id_iq_step,P,not_slow_tick,not_slow_tick,active,active,264,0.0263,0,0,1,1,0,0
D03_id_iq_step,P,not_slow_tick,not_slow_tick,active,active,265,0.0264,1,1,1,0,0,0
D03_id_iq_step,P,not_slow_tick,not_slow_tick,active,active,266,0.0265,1,1,1,1,0,0
D03_id_iq_step,P,not_slow_tick,not_slow_tick,active,active,267,0.0266,1,1,1,1,0,0
D03_id_iq_step,P,not_slow_tick,not_slow_tick,active,active,268,0.0267,1,1,1,0,0,0
D03_id_iq_step,P,not_slow_tick,not_slow_tick,active,active,269,0.0268,1,1,1,1,0,0
D03_id_iq_step,P,not_slow_tick,not_slow_tick,active,active,270,0.0269,1,1,1,0,0,0
D03_id_iq_step,P,not_slow_tick,not_slow_tick,active,active,271,0.027,1,1,1,1,0,0
D03_id_iq_step,P,not_slow_tick,not_slow_tick,active,active,272,0.0271,1,1,1,1,0,0
D03_id_iq_step,P,not_slow_tick,not_slow_tick,active,active,273,0.0272,1,1,1,1,0,0
D03_id_iq_step,P,not_slow_tick,not_slow_tick,active,active,274,0.0273,1,1,1,1,0,0
D03_id_iq_step,P,not_slow_tick,not_slow_tick,active,active,275,0.0274,1,1,1,0,0,0
D03_id_iq_step,P,not_slow_tick,not_slow_tick,active,active,276,0.0275,1,1,1,0,0,0
D03_id_iq_step,P,not_slow_tick,not_slow_tick,active,active,277,0.0276,1,1,1,0,0,0
D03_id_iq_step,P,not_slow_tick,not_slow_tick,active,active,278,0.0277,0,0,1,0,0,0
D03_id_iq_step,P,not_slow_tick,not_slow_tick,active,active,279,0.0278,0,0,1,0,0,0
D03_id_iq_step,P,u_hp_below_threshold,none,frozen_excitation,active,280,0.0279,0,1,1,0,0,1
D03_id_iq_step,P,not_slow_tick,not_slow_tick,active,active,281,0.028,0,1,1,1,0,0
D03_id_iq_step,P,not_slow_tick,not_slow_tick,active,active,282,0.0281,1,0,1,1,0,0
D03_id_iq_step,P,not_slow_tick,not_slow_tick,active,active,283,0.0282,1,0,1,0,0,0
D03_id_iq_step,P,not_slow_tick,not_slow_tick,active,active,284,0.0283,1,1,1,1,0,0
D03_id_iq_step,P,not_slow_tick,not_slow_tick,active,active,285,0.0284,1,1,1,0,0,0
D03_id_iq_step,P,not_slow_tick,not_slow_tick,active,active,286,0.0285,1,0,1,1,0,0
D03_id_iq_step,P,not_slow_tick,not_slow_tick,active,active,287,0.0286,1,0,1,1,0,0
D03_id_iq_step,P,not_slow_tick,not_slow_tick,active,active,288,0.0287,0,0,1,1,0,0
D03_id_iq_step,P,not_slow_tick,not_slow_tick,active,active,289,0.0288,0,0,1,1,0,0
D03_id_iq_step,P,not_slow_tick,not_slow_tick,active,active,290,0.0289,0,0,1,1,0,0
D03_id_iq_step,P,not_slow_tick,not_slow_tick,active,active,291,0.029,0,0,1,1,0,0
D03_id_iq_step,P,not_slow_tick,not_slow_tick,active,active,292,0.0291,0,0,1,1,0,0
D03_id_iq_step,P,not_slow_tick,not_slow_tick,active,active,293,0.0292,1,1,1,1,0,0
D03_id_iq_step,P,not_slow_tick,not_slow_tick,active,active,294,0.0293,1,1,1,1,0,0
D03_id_iq_step,P,not_slow_tick,not_slow_tick,active,active,295,0.0294,1,1,1,1,0,0
D03_id_iq_step,P,not_slow_tick,not_slow_tick,active,active,296,0.0295,1,1,1,0,0,0
D03_id_iq_step,P,not_slow_tick,not_slow_tick,active,active,297,0.0296,1,1,1,1,0,0
D03_id_iq_step,P,not_slow_tick,not_slow_tick,active,active,298,0.0297,1,1,1,0,0,0
D03_id_iq_step,P,not_slow_tick,not_slow_tick,active,active,299,0.0298,1,1,1,1,0,0
D03_id_iq_step,P,none,none,active,active,300,0.0299,1,1,1,1,1,1
D03_id_iq_step,P,not_slow_tick,not_slow_tick,active,active,301,0.03,1,1,1,1,0,0
D03_id_iq_step,P,not_slow_tick,not_slow_tick,active,active,302,0.0301,1,1,1,1,0,0
D03_id_iq_step,P,not_slow_tick,not_slow_tick,active,active,303,0.0302,1,1,1,0,0,0
D03_id_iq_step,P,not_slow_tick,not_slow_tick,active,active,304,0.0303,1,1,1,0,0,0
D03_id_iq_step,P,not_slow_tick,not_slow_tick,active,active,305,0.0304,1,1,1,0,0,0
D03_id_iq_step,P,not_slow_tick,not_slow_tick,active,active,306,0.0305,0,0,1,0,0,0
D03_id_iq_step,P,not_slow_tick,not_slow_tick,active,active,307,0.0306,0,0,1,0,0,0
D03_id_iq_step,P,not_slow_tick,not_slow_tick,active,active,308,0.0307,0,1,1,0,0,0
D03_id_iq_step,P,not_slow_tick,not_slow_tick,active,active,309,0.0308,1,1,1,1,0,0
D03_id_iq_step,P,not_slow_tick,not_slow_tick,active,active,310,0.0309,1,0,1,0,0,0
D03_id_iq_step,P,not_slow_tick,not_slow_tick,active,active,311,0.031,1,0,1,1,0,0
D03_id_iq_step,P,not_slow_tick,not_slow_tick,active,active,312,0.0311,1,1,1,0,0,0
D03_id_iq_step,P,not_slow_tick,not_slow_tick,active,active,313,0.0312,1,1,1,0,0,0
D03_id_iq_step,P,not_slow_tick,not_slow_tick,active,active,314,0.0313,1,1,1,1,0,0
D03_id_iq_step,P,not_slow_tick,not_slow_tick,active,active,315,0.0314,1,0,1,1,0,0
D03_id_iq_step,P,not_slow_tick,not_slow_tick,active,active,316,0.0315,0,0,1,1,0,0
D03_id_iq_step,P,not_slow_tick,not_slow_tick,active,active,317,0.0316,0,0,1,1,0,0
D03_id_iq_step,P,not_slow_tick,not_slow_tick,active,active,318,0.0317,0,0,1,1,0,0
D03_id_iq_step,P,not_slow_tick,not_slow_tick,active,active,319,0.0318,0,0,1,1,0,0
D03_id_iq_step,P,u_hp_below_threshold,u_hp_below_threshold,frozen_excitation,frozen_excitation,320,0.0319,0,0,1,1,0,0
D03_id_iq_step,P,not_slow_tick,not_slow_tick,active,active,321,0.032,1,1,1,1,0,0
D03_id_iq_step,P,not_slow_tick,not_slow_tick,active,active,322,0.0321,1,1,1,1,0,0
D03_id_iq_step,P,not_slow_tick,not_slow_tick,active,active,323,0.0322,1,1,1,1,0,0
D03_id_iq_step,P,not_slow_tick,not_slow_tick,active,active,324,0.0323,1,1,1,0,0,0
D03_id_iq_step,P,not_slow_tick,not_slow_tick,active,active,325,0.0324,1,1,1,1,0,0
D03_id_iq_step,P,not_slow_tick,not_slow_tick,active,active,326,0.0325,1,1,1,1,0,0
D03_id_iq_step,P,not_slow_tick,not_slow_tick,active,active,327,0.0326,1,1,1,1,0,0
D03_id_iq_step,P,not_slow_tick,not_slow_tick,active,active,328,0.0327,1,1,1,1,0,0
D03_id_iq_step,P,not_slow_tick,not_slow_tick,active,active,329,0.0328,1,1,1,1,0,0
D03_id_iq_step,P,not_slow_tick,not_slow_tick,active,active,330,0.0329,1,1,1,1,0,0
D03_id_iq_step,P,not_slow_tick,not_slow_tick,active,active,331,0.033,1,1,1,0,0,0
D03_id_iq_step,P,not_slow_tick,not_slow_tick,active,active,332,0.0331,1,1,1,0,0,0
D03_id_iq_step,P,not_slow_tick,not_slow_tick,active,active,333,0.0332,1,1,1,0,0,0
D03_id_iq_step,P,not_slow_tick,not_slow_tick,active,active,334,0.0333,0,0,1,0,0,0
D03_id_iq_step,P,not_slow_tick,not_slow_tick,active,active,335,0.0334,0,0,1,0,0,0
D03_id_iq_step,P,not_slow_tick,not_slow_tick,active,active,336,0.0335,0,1,1,0,0,0
D03_id_iq_step,P,not_slow_tick,not_slow_tick,active,active,337,0.0336,1,0,1,1,0,0
D03_id_iq_step,P,not_slow_tick,not_slow_tick,active,active,338,0.0337,1,0,1,0,0,0
D03_id_iq_step,P,not_slow_tick,not_slow_tick,active,active,339,0.0338,1,0,1,1,0,0
D03_id_iq_step,P,none,u_hp_below_threshold,active,frozen_excitation,340,0.0339,1,0,1,0,1,0
D03_id_iq_step,P,not_slow_tick,not_slow_tick,active,active,341,0.034,1,0,1,1,0,0
D03_id_iq_step,P,not_slow_tick,not_slow_tick,active,active,342,0.0341,1,0,1,1,0,0
D03_id_iq_step,P,not_slow_tick,not_slow_tick,active,active,343,0.0342,1,1,1,0,0,0
D03_id_iq_step,P,not_slow_tick,not_slow_tick,active,active,344,0.0343,1,1,1,1,0,0
D03_id_iq_step,P,not_slow_tick,not_slow_tick,active,active,345,0.0344,0,1,1,1,0,0
D03_id_iq_step,P,not_slow_tick,not_slow_tick,active,active,346,0.0345,0,0,1,1,0,0
D03_id_iq_step,P,not_slow_tick,not_slow_tick,active,active,347,0.0346,0,0,1,1,0,0
D03_id_iq_step,P,not_slow_tick,not_slow_tick,active,active,348,0.0347,1,1,1,0,0,0
D03_id_iq_step,P,not_slow_tick,not_slow_tick,active,active,349,0.0348,1,1,1,0,0,0
D03_id_iq_step,P,not_slow_tick,not_slow_tick,active,active,350,0.0349,1,1,1,1,0,0
D03_id_iq_step,P,not_slow_tick,not_slow_tick,active,active,351,0.035,1,1,1,0,0,0
D03_id_iq_step,P,not_slow_tick,not_slow_tick,active,active,352,0.0351,1,1,1,1,0,0
D03_id_iq_step,P,not_slow_tick,not_slow_tick,active,active,353,0.0352,1,1,1,0,0,0
D03_id_iq_step,P,not_slow_tick,not_slow_tick,active,active,354,0.0353,1,1,1,1,0,0
D03_id_iq_step,P,not_slow_tick,not_slow_tick,active,active,355,0.0354,1,1,1,1,0,0
D03_id_iq_step,P,not_slow_tick,not_slow_tick,active,active,356,0.0355,1,1,1,1,0,0
D03_id_iq_step,P,not_slow_tick,not_slow_tick,active,active,357,0.0356,1,1,1,1,0,0
D03_id_iq_step,P,not_slow_tick,not_slow_tick,active,active,358,0.0357,1,1,1,0,0,0
D03_id_iq_step,P,not_slow_tick,not_slow_tick,active,active,359,0.0358,1,1,1,0,0,0
D03_id_iq_step,P,none,none,active,active,360,0.0359,1,1,1,0,1,1
D03_id_iq_step,P,not_slow_tick,not_slow_tick,active,active,361,0.036,0,1,1,0,0,0
D03_id_iq_step,P,not_slow_tick,not_slow_tick,active,active,362,0.0361,0,0,1,0,0,0
D03_id_iq_step,P,not_slow_tick,not_slow_tick,active,active,363,0.0362,0,0,1,0,0,0
D03_id_iq_step,P,not_slow_tick,not_slow_tick,active,active,364,0.0363,0,1,1,0,0,0
D03_id_iq_step,P,not_slow_tick,not_slow_tick,active,active,365,0.0364,1,1,1,1,0,0
D03_id_iq_step,P,not_slow_tick,not_slow_tick,active,active,366,0.0365,1,0,1,0,0,0
D03_id_iq_step,P,not_slow_tick,not_slow_tick,active,active,367,0.0366,1,0,1,1,0,0
D03_id_iq_step,P,not_slow_tick,not_slow_tick,active,active,368,0.0367,1,1,1,0,0,0
D03_id_iq_step,P,not_slow_tick,not_slow_tick,active,active,369,0.0368,1,1,1,0,0,0
D03_id_iq_step,P,not_slow_tick,not_slow_tick,active,active,370,0.0369,1,1,1,1,0,0
D03_id_iq_step,P,not_slow_tick,not_slow_tick,active,active,371,0.037,1,0,1,1,0,0
D03_id_iq_step,P,not_slow_tick,not_slow_tick,active,active,372,0.0371,0,0,1,1,0,0
D03_id_iq_step,P,not_slow_tick,not_slow_tick,active,active,373,0.0372,0,0,1,1,0,0
D03_id_iq_step,P,not_slow_tick,not_slow_tick,active,active,374,0.0373,0,0,1,1,0,0
D03_id_iq_step,P,not_slow_tick,not_slow_tick,active,active,375,0.0374,0,0,1,1,0,0
D03_id_iq_step,P,not_slow_tick,not_slow_tick,active,active,376,0.0375,1,1,1,0,0,0
D03_id_iq_step,P,not_slow_tick,not_slow_tick,active,active,377,0.0376,1,1,1,1,0,0
D03_id_iq_step,P,not_slow_tick,not_slow_tick,active,active,378,0.0377,1,1,1,1,0,0
D03_id_iq_step,P,not_slow_tick,not_slow_tick,active,active,379,0.0378,1,1,1,0,0,0
D03_id_iq_step,P,none,none,active,active,380,0.0379,1,1,1,1,1,1
D03_id_iq_step,P,not_slow_tick,not_slow_tick,active,active,381,0.038,1,1,1,0,0,0
D03_id_iq_step,P,not_slow_tick,not_slow_tick,active,active,382,0.0381,1,1,1,1,0,0
D03_id_iq_step,P,not_slow_tick,not_slow_tick,active,active,383,0.0382,1,1,1,1,0,0
D03_id_iq_step,P,not_slow_tick,not_slow_tick,active,active,384,0.0383,1,1,1,1,0,0
D03_id_iq_step,P,not_slow_tick,not_slow_tick,active,active,385,0.0384,1,1,1,1,0,0
D03_id_iq_step,P,not_slow_tick,not_slow_tick,active,active,386,0.0385,1,1,1,0,0,0
D03_id_iq_step,P,not_slow_tick,not_slow_tick,active,active,387,0.0386,1,1,1,0,0,0
D03_id_iq_step,P,not_slow_tick,not_slow_tick,active,active,388,0.0387,1,1,1,0,0,0
D03_id_iq_step,P,not_slow_tick,not_slow_tick,active,active,389,0.0388,0,0,1,0,0,0
D03_id_iq_step,P,not_slow_tick,not_slow_tick,active,active,390,0.0389,0,0,1,0,0,0
D03_id_iq_step,P,not_slow_tick,not_slow_tick,active,active,391,0.039,0,0,1,0,0,0
D03_id_iq_step,P,not_slow_tick,not_slow_tick,active,active,392,0.0391,0,1,1,0,0,0
D03_id_iq_step,P,not_slow_tick,not_slow_tick,active,active,393,0.0392,1,1,1,1,0,0
D03_id_iq_step,P,not_slow_tick,not_slow_tick,active,active,394,0.0393,1,0,1,0,0,0
D03_id_iq_step,P,not_slow_tick,not_slow_tick,active,active,395,0.0394,1,0,1,1,0,0
D03_id_iq_step,P,not_slow_tick,not_slow_tick,active,active,396,0.0395,1,0,1,0,0,0
D03_id_iq_step,P,not_slow_tick,not_slow_tick,active,active,397,0.0396,1,0,1,1,0,0
D03_id_iq_step,P,not_slow_tick,not_slow_tick,active,active,398,0.0397,1,0,1,1,0,0
D03_id_iq_step,P,not_slow_tick,not_slow_tick,active,active,399,0.0398,0,0,1,1,0,0
D03_id_iq_step,P,u_hp_below_threshold,u_hp_below_threshold,frozen_excitation,frozen_excitation,400,0.0399,0,0,1,1,0,0
D03_id_iq_step,P,not_slow_tick,not_slow_tick,active,active,401,0.04,0,0,1,1,0,0
D03_id_iq_step,P,not_slow_tick,not_slow_tick,active,active,402,0.0401,0,0,1,1,0,0
D03_id_iq_step,P,not_slow_tick,not_slow_tick,active,active,403,0.0402,0,0,1,1,0,0
D03_id_iq_step,P,not_slow_tick,not_slow_tick,active,active,404,0.0403,1,1,1,0,0,0
D03_id_iq_step,P,not_slow_tick,not_slow_tick,active,active,405,0.0404,1,1,1,1,0,0
D03_id_iq_step,P,not_slow_tick,not_slow_tick,active,active,406,0.0405,1,1,1,1,0,0
D03_id_iq_step,P,not_slow_tick,not_slow_tick,active,active,407,0.0406,1,1,1,0,0,0
D03_id_iq_step,P,not_slow_tick,not_slow_tick,active,active,408,0.0407,1,1,1,1,0,0
D03_id_iq_step,P,not_slow_tick,not_slow_tick,active,active,409,0.0408,1,1,1,0,0,0
D03_id_iq_step,P,not_slow_tick,not_slow_tick,active,active,410,0.0409,1,1,1,1,0,0
D03_id_iq_step,P,not_slow_tick,not_slow_tick,active,active,411,0.041,1,1,1,1,0,0
D03_id_iq_step,P,not_slow_tick,not_slow_tick,active,active,412,0.0411,1,1,1,1,0,0
D03_id_iq_step,P,not_slow_tick,not_slow_tick,active,active,413,0.0412,1,1,1,1,0,0
D03_id_iq_step,P,not_slow_tick,not_slow_tick,active,active,414,0.0413,1,1,1,0,0,0
D03_id_iq_step,P,not_slow_tick,not_slow_tick,active,active,415,0.0414,1,1,1,0,0,0
D03_id_iq_step,P,not_slow_tick,not_slow_tick,active,active,416,0.0415,1,1,1,0,0,0
D03_id_iq_step,P,not_slow_tick,not_slow_tick,active,active,417,0.0416,0,0,1,0,0,0
D03_id_iq_step,P,not_slow_tick,not_slow_tick,active,active,418,0.0417,0,0,1,0,0,0
D03_id_iq_step,P,not_slow_tick,not_slow_tick,active,active,419,0.0418,0,1,1,0,0,0
D03_id_iq_step,P,u_hp_below_threshold,none,frozen_excitation,active,420,0.0419,0,1,1,1,0,1
D03_id_iq_step,P,not_slow_tick,not_slow_tick,active,active,421,0.042,1,0,1,0,0,0
D03_id_iq_step,P,not_slow_tick,not_slow_tick,active,active,422,0.0421,1,0,1,0,0,0
D03_id_iq_step,P,not_slow_tick,not_slow_tick,active,active,423,0.0422,1,1,1,0,0,0
D03_id_iq_step,P,not_slow_tick,not_slow_tick,active,active,424,0.0423,1,1,1,1,0,0
D03_id_iq_step,P,not_slow_tick,not_slow_tick,active,active,425,0.0424,1,1,1,1,0,0
D03_id_iq_step,P,not_slow_tick,not_slow_tick,active,active,426,0.0425,1,1,1,0,0,0
D03_id_iq_step,P,not_slow_tick,not_slow_tick,active,active,427,0.0426,1,1,1,1,0,0
D03_id_iq_step,P,not_slow_tick,not_slow_tick,active,active,428,0.0427,0,1,1,1,0,0
D03_id_iq_step,P,not_slow_tick,not_slow_tick,active,active,429,0.0428,0,0,1,1,0,0
D03_id_iq_step,P,not_slow_tick,not_slow_tick,active,active,430,0.0429,0,0,1,1,0,0
D03_id_iq_step,P,not_slow_tick,not_slow_tick,active,active,431,0.043,0,0,1,1,0,0
D03_id_iq_step,P,not_slow_tick,not_slow_tick,active,active,432,0.0431,1,1,1,1,0,0
D03_id_iq_step,P,not_slow_tick,not_slow_tick,active,active,433,0.0432,1,1,1,1,0,0
D03_id_iq_step,P,not_slow_tick,not_slow_tick,active,active,434,0.0433,1,1,1,1,0,0
D03_id_iq_step,P,not_slow_tick,not_slow_tick,active,active,435,0.0434,1,1,1,0,0,0
D03_id_iq_step,P,not_slow_tick,not_slow_tick,active,active,436,0.0435,1,1,1,1,0,0
D03_id_iq_step,P,not_slow_tick,not_slow_tick,active,active,437,0.0436,1,1,1,1,0,0
D03_id_iq_step,P,not_slow_tick,not_slow_tick,active,active,438,0.0437,1,1,1,1,0,0
D03_id_iq_step,P,not_slow_tick,not_slow_tick,active,active,439,0.0438,1,1,1,1,0,0
D03_id_iq_step,P,none,none,active,active,440,0.0439,1,1,1,1,1,1
D03_id_iq_step,P,not_slow_tick,not_slow_tick,active,active,441,0.044,1,1,1,1,0,0
D03_id_iq_step,P,not_slow_tick,not_slow_tick,active,active,442,0.0441,1,1,1,0,0,0
D03_id_iq_step,P,not_slow_tick,not_slow_tick,active,active,443,0.0442,1,1,1,0,0,0
D03_id_iq_step,P,not_slow_tick,not_slow_tick,active,active,444,0.0443,1,1,1,0,0,0
D03_id_iq_step,P,not_slow_tick,not_slow_tick,active,active,445,0.0444,0,0,1,0,0,0
D03_id_iq_step,P,not_slow_tick,not_slow_tick,active,active,446,0.0445,0,0,1,0,0,0
D03_id_iq_step,P,not_slow_tick,not_slow_tick,active,active,447,0.0446,0,1,1,0,0,0
D03_id_iq_step,P,not_slow_tick,not_slow_tick,active,active,448,0.0447,1,0,1,1,0,0
D03_id_iq_step,P,not_slow_tick,not_slow_tick,active,active,449,0.0448,1,0,1,0,0,0
D03_id_iq_step,P,not_slow_tick,not_slow_tick,active,active,450,0.0449,1,0,1,1,0,0
D03_id_iq_step,P,not_slow_tick,not_slow_tick,active,active,451,0.045,1,0,1,0,0,0
D03_id_iq_step,P,not_slow_tick,not_slow_tick,active,active,452,0.0451,1,0,1,1,0,0
D03_id_iq_step,P,not_slow_tick,not_slow_tick,active,active,453,0.0452,1,1,1,1,0,0
D03_id_iq_step,P,not_slow_tick,not_slow_tick,active,active,454,0.0453,1,1,1,1,0,0
D03_id_iq_step,P,not_slow_tick,not_slow_tick,active,active,455,0.0454,1,1,1,1,0,0
D03_id_iq_step,P,not_slow_tick,not_slow_tick,active,active,456,0.0455,1,1,1,1,0,0
D03_id_iq_step,P,not_slow_tick,not_slow_tick,active,active,457,0.0456,1,1,1,1,0,0
D03_id_iq_step,P,not_slow_tick,not_slow_tick,active,active,458,0.0457,1,1,1,0,0,0
D03_id_iq_step,P,not_slow_tick,not_slow_tick,active,active,459,0.0458,1,1,1,1,0,0
D03_id_iq_step,P,none,u_hp_below_threshold,active,frozen_excitation,460,0.0459,1,0,1,0,1,0
D03_id_iq_step,P,not_slow_tick,not_slow_tick,active,active,461,0.046,1,1,1,0,0,0
D03_id_iq_step,P,not_slow_tick,not_slow_tick,active,active,462,0.0461,1,1,1,1,0,0
D03_id_iq_step,P,not_slow_tick,not_slow_tick,active,active,463,0.0462,1,1,1,1,0,0
D03_id_iq_step,P,not_slow_tick,not_slow_tick,active,active,464,0.0463,1,1,1,1,0,0
D03_id_iq_step,P,not_slow_tick,not_slow_tick,active,active,465,0.0464,1,1,1,1,0,0
D03_id_iq_step,P,not_slow_tick,not_slow_tick,active,active,466,0.0465,1,1,1,1,0,0
D03_id_iq_step,P,not_slow_tick,not_slow_tick,active,active,467,0.0466,1,1,1,1,0,0
D03_id_iq_step,P,not_slow_tick,not_slow_tick,active,active,468,0.0467,1,1,1,0,0,0
D03_id_iq_step,P,not_slow_tick,not_slow_tick,active,active,469,0.0468,1,1,1,0,0,0
D03_id_iq_step,P,not_slow_tick,not_slow_tick,active,active,470,0.0469,0,1,1,1,0,0
D03_id_iq_step,P,not_slow_tick,not_slow_tick,active,active,471,0.047,1,1,1,0,0,0
D03_id_iq_step,P,not_slow_tick,not_slow_tick,active,active,472,0.0471,1,0,1,1,0,0
D03_id_iq_step,P,not_slow_tick,not_slow_tick,active,active,473,0.0472,1,1,1,0,0,0
D03_id_iq_step,P,not_slow_tick,not_slow_tick,active,active,474,0.0473,1,1,1,0,0,0
D03_id_iq_step,P,not_slow_tick,not_slow_tick,active,active,475,0.0474,1,1,1,0,0,0
D03_id_iq_step,P,not_slow_tick,not_slow_tick,active,active,476,0.0475,1,1,1,1,0,0
D03_id_iq_step,P,not_slow_tick,not_slow_tick,active,active,477,0.0476,1,1,1,1,0,0
D03_id_iq_step,P,not_slow_tick,not_slow_tick,active,active,478,0.0477,1,1,1,1,0,0
D03_id_iq_step,P,not_slow_tick,not_slow_tick,active,active,479,0.0478,1,1,1,1,0,0
D03_id_iq_step,P,none,none,active,active,480,0.0479,1,1,1,1,1,1
D03_id_iq_step,P,not_slow_tick,not_slow_tick,active,active,481,0.048,1,1,1,1,0,0
D03_id_iq_step,P,not_slow_tick,not_slow_tick,active,active,482,0.0481,1,1,1,1,0,0
D03_id_iq_step,P,not_slow_tick,not_slow_tick,active,active,483,0.0482,1,1,1,0,0,0
D03_id_iq_step,P,not_slow_tick,not_slow_tick,active,active,484,0.0483,1,1,1,1,0,0
D03_id_iq_step,P,not_slow_tick,not_slow_tick,active,active,485,0.0484,1,1,1,0,0,0
D03_id_iq_step,P,not_slow_tick,not_slow_tick,active,active,486,0.0485,1,1,1,1,0,0
D03_id_iq_step,P,not_slow_tick,not_slow_tick,active,active,487,0.0486,1,1,1,0,0,0
D03_id_iq_step,P,not_slow_tick,not_slow_tick,active,active,488,0.0487,1,1,1,1,0,0
D03_id_iq_step,P,not_slow_tick,not_slow_tick,active,active,489,0.0488,1,1,1,1,0,0
D03_id_iq_step,P,not_slow_tick,not_slow_tick,active,active,490,0.0489,1,1,1,0,0,0
D03_id_iq_step,P,not_slow_tick,not_slow_tick,active,active,491,0.049,1,1,1,0,0,0
D03_id_iq_step,P,not_slow_tick,not_slow_tick,active,active,492,0.0491,1,1,1,0,0,0
D03_id_iq_step,P,not_slow_tick,not_slow_tick,active,active,493,0.0492,1,1,1,1,0,0
D03_id_iq_step,P,not_slow_tick,not_slow_tick,active,active,494,0.0493,0,1,1,1,0,0
D03_id_iq_step,P,not_slow_tick,not_slow_tick,active,active,495,0.0494,0,0,1,1,0,0
D03_id_iq_step,P,not_slow_tick,not_slow_tick,active,active,496,0.0495,0,0,1,1,0,0
D03_id_iq_step,P,not_slow_tick,not_slow_tick,active,active,497,0.0496,0,1,1,0,0,0
D03_id_iq_step,P,not_slow_tick,not_slow_tick,active,active,498,0.0497,1,0,1,0,0,0
D03_id_iq_step,P,not_slow_tick,not_slow_tick,active,active,499,0.0498,1,1,1,1,0,0
D03_id_iq_step,P,none,none,active,active,500,0.0499,1,1,1,0,1,1
D03_id_iq_step,P,not_slow_tick,not_slow_tick,active,active,501,0.05,1,1,1,1,0,0
D03_id_iq_step,P,not_slow_tick,not_slow_tick,active,active,502,0.0501,1,1,1,1,0,0
D03_id_iq_step,P,not_slow_tick,not_slow_tick,active,active,503,0.0502,1,1,1,0,0,0
D03_id_iq_step,P,not_slow_tick,not_slow_tick,active,active,504,0.0503,1,1,1,1,0,0
D03_id_iq_step,P,not_slow_tick,not_slow_tick,active,active,505,0.0504,1,1,1,1,0,0
D03_id_iq_step,P,not_slow_tick,not_slow_tick,active,active,506,0.0505,0,0,1,1,0,0
D03_id_iq_step,P,not_slow_tick,not_slow_tick,active,active,507,0.0506,0,0,1,1,0,0
D03_id_iq_step,P,not_slow_tick,not_slow_tick,active,active,508,0.0507,0,0,1,1,0,0
D03_id_iq_step,P,not_slow_tick,not_slow_tick,active,active,509,0.0508,0,0,1,1,0,0
D03_id_iq_step,P,not_slow_tick,not_slow_tick,active,active,510,0.0509,1,1,1,1,0,0
D03_id_iq_step,P,not_slow_tick,not_slow_tick,active,active,511,0.051,1,1,1,0,0,0
D03_id_iq_step,P,not_slow_tick,not_slow_tick,active,active,512,0.0511,1,1,1,1,0,0
D03_id_iq_step,P,not_slow_tick,not_slow_tick,active,active,513,0.0512,1,1,1,0,0,0
D03_id_iq_step,P,not_slow_tick,not_slow_tick,active,active,514,0.0513,1,1,1,1,0,0
D03_id_iq_step,P,not_slow_tick,not_slow_tick,active,active,515,0.0514,1,1,1,0,0,0
D03_id_iq_step,P,not_slow_tick,not_slow_tick,active,active,516,0.0515,1,1,1,0,0,0
D03_id_iq_step,P,not_slow_tick,not_slow_tick,active,active,517,0.0516,1,1,1,1,0,0
D03_id_iq_step,P,not_slow_tick,not_slow_tick,active,active,518,0.0517,1,1,1,0,0,0
D03_id_iq_step,P,not_slow_tick,not_slow_tick,active,active,519,0.0518,0,1,1,0,0,0
D03_id_iq_step,P,none,none,active,active,520,0.0519,1,1,1,1,1,1
D03_id_iq_step,P,not_slow_tick,not_slow_tick,active,active,521,0.052,0,0,1,1,0,0
D03_id_iq_step,P,not_slow_tick,not_slow_tick,active,active,522,0.0521,0,0,1,1,0,0
D03_id_iq_step,P,not_slow_tick,not_slow_tick,active,active,523,0.0522,0,0,1,1,0,0
D03_id_iq_step,P,not_slow_tick,not_slow_tick,active,active,524,0.0523,0,1,1,1,0,0
D03_id_iq_step,P,not_slow_tick,not_slow_tick,active,active,525,0.0524,1,1,1,0,0,0
D03_id_iq_step,P,not_slow_tick,not_slow_tick,active,active,526,0.0525,1,1,1,0,0,0
D03_id_iq_step,P,not_slow_tick,not_slow_tick,active,active,527,0.0526,1,1,1,1,0,0
D03_id_iq_step,P,not_slow_tick,not_slow_tick,active,active,528,0.0527,1,1,1,0,0,0
D03_id_iq_step,P,not_slow_tick,not_slow_tick,active,active,529,0.0528,1,1,1,0,0,0
D03_id_iq_step,P,not_slow_tick,not_slow_tick,active,active,530,0.0529,1,1,1,1,0,0
D03_id_iq_step,P,not_slow_tick,not_slow_tick,active,active,531,0.053,1,1,1,1,0,0
D03_id_iq_step,P,not_slow_tick,not_slow_tick,active,active,532,0.0531,0,0,1,1,0,0
D03_id_iq_step,P,not_slow_tick,not_slow_tick,active,active,533,0.0532,0,0,1,1,0,0
D03_id_iq_step,P,not_slow_tick,not_slow_tick,active,active,534,0.0533,0,0,1,1,0,0
D03_id_iq_step,P,not_slow_tick,not_slow_tick,active,active,535,0.0534,0,0,1,1,0,0
D03_id_iq_step,P,not_slow_tick,not_slow_tick,active,active,536,0.0535,0,0,1,1,0,0
D03_id_iq_step,P,not_slow_tick,not_slow_tick,active,active,537,0.0536,0,0,1,1,0,0
D03_id_iq_step,P,not_slow_tick,not_slow_tick,active,active,538,0.0537,1,1,1,1,0,0
D03_id_iq_step,P,not_slow_tick,not_slow_tick,active,active,539,0.0538,1,1,1,0,0,0
D03_id_iq_step,P,none,none,active,active,540,0.0539,1,1,1,1,1,1
D03_id_iq_step,P,not_slow_tick,not_slow_tick,active,active,541,0.054,1,1,1,0,0,0
D03_id_iq_step,P,not_slow_tick,not_slow_tick,active,active,542,0.0541,1,1,1,1,0,0
D03_id_iq_step,P,not_slow_tick,not_slow_tick,active,active,543,0.0542,1,1,1,0,0,0
D03_id_iq_step,P,not_slow_tick,not_slow_tick,active,active,544,0.0543,1,1,1,0,0,0
D03_id_iq_step,P,not_slow_tick,not_slow_tick,active,active,545,0.0544,1,1,1,1,0,0
D03_id_iq_step,P,not_slow_tick,not_slow_tick,active,active,546,0.0545,1,1,1,0,0,0
D03_id_iq_step,P,not_slow_tick,not_slow_tick,active,active,547,0.0546,0,1,1,0,0,0
D03_id_iq_step,P,not_slow_tick,not_slow_tick,active,active,548,0.0547,1,0,1,1,0,0
D03_id_iq_step,P,not_slow_tick,not_slow_tick,active,active,549,0.0548,0,0,1,1,0,0
D03_id_iq_step,P,not_slow_tick,not_slow_tick,active,active,550,0.0549,0,0,1,1,0,0
D03_id_iq_step,P,not_slow_tick,not_slow_tick,active,active,551,0.055,0,1,1,1,0,0
D03_id_iq_step,P,not_slow_tick,not_slow_tick,active,active,552,0.0551,1,1,1,1,0,0
D03_id_iq_step,P,not_slow_tick,not_slow_tick,active,active,553,0.0552,1,0,1,0,0,0
D03_id_iq_step,P,not_slow_tick,not_slow_tick,active,active,554,0.0553,1,1,1,1,0,0
D03_id_iq_step,P,not_slow_tick,not_slow_tick,active,active,555,0.0554,1,1,1,0,0,0
D03_id_iq_step,P,not_slow_tick,not_slow_tick,active,active,556,0.0555,1,1,1,1,0,0
D03_id_iq_step,P,not_slow_tick,not_slow_tick,active,active,557,0.0556,1,1,1,0,0,0
D03_id_iq_step,P,not_slow_tick,not_slow_tick,active,active,558,0.0557,1,1,1,0,0,0
D03_id_iq_step,P,not_slow_tick,not_slow_tick,active,active,559,0.0558,1,1,1,1,0,0
D03_id_iq_step,P,none,none,active,active,560,0.0559,1,1,1,0,1,1
D03_id_iq_step,P,not_slow_tick,not_slow_tick,active,active,561,0.056,1,1,1,1,0,0
D03_id_iq_step,P,not_slow_tick,not_slow_tick,active,active,562,0.0561,0,1,1,1,0,0
D03_id_iq_step,P,not_slow_tick,not_slow_tick,active,active,563,0.0562,0,0,1,1,0,0
D03_id_iq_step,P,not_slow_tick,not_slow_tick,active,active,564,0.0563,0,0,1,1,0,0
D03_id_iq_step,P,not_slow_tick,not_slow_tick,active,active,565,0.0564,0,0,1,1,0,0
D03_id_iq_step,P,not_slow_tick,not_slow_tick,active,active,566,0.0565,1,1,1,1,0,0
D03_id_iq_step,P,not_slow_tick,not_slow_tick,active,active,567,0.0566,1,1,1,0,0,0
D03_id_iq_step,P,not_slow_tick,not_slow_tick,active,active,568,0.0567,1,1,1,1,0,0
D03_id_iq_step,P,not_slow_tick,not_slow_tick,active,active,569,0.0568,1,1,1,0,0,0
D03_id_iq_step,P,not_slow_tick,not_slow_tick,active,active,570,0.0569,1,1,1,1,0,0
D03_id_iq_step,P,not_slow_tick,not_slow_tick,active,active,571,0.057,1,1,1,0,0,0
D03_id_iq_step,P,not_slow_tick,not_slow_tick,active,active,572,0.0571,1,1,1,0,0,0
D03_id_iq_step,P,not_slow_tick,not_slow_tick,active,active,573,0.0572,1,1,1,1,0,0
D03_id_iq_step,P,not_slow_tick,not_slow_tick,active,active,574,0.0573,1,1,1,0,0,0
D03_id_iq_step,P,not_slow_tick,not_slow_tick,active,active,575,0.0574,0,1,1,0,0,0
D03_id_iq_step,P,not_slow_tick,not_slow_tick,active,active,576,0.0575,1,0,1,1,0,0
D03_id_iq_step,P,not_slow_tick,not_slow_tick,active,active,577,0.0576,0,0,1,1,0,0
D03_id_iq_step,P,not_slow_tick,not_slow_tick,active,active,578,0.0577,0,0,1,1,0,0
D03_id_iq_step,P,not_slow_tick,not_slow_tick,active,active,579,0.0578,0,1,1,1,0,0
D03_id_iq_step,P,none,none,active,active,580,0.0579,1,1,1,0,1,1
D03_id_iq_step,P,not_slow_tick,not_slow_tick,active,active,581,0.058,1,1,1,0,0,0
D03_id_iq_step,P,not_slow_tick,not_slow_tick,active,active,582,0.0581,1,1,1,1,0,0
D03_id_iq_step,P,not_slow_tick,not_slow_tick,active,active,583,0.0582,1,1,1,0,0,0
D03_id_iq_step,P,not_slow_tick,not_slow_tick,active,active,584,0.0583,1,1,1,1,0,0
D03_id_iq_step,P,not_slow_tick,not_slow_tick,active,active,585,0.0584,1,1,1,1,0,0
D03_id_iq_step,P,not_slow_tick,not_slow_tick,active,active,586,0.0585,1,1,1,0,0,0
D03_id_iq_step,P,not_slow_tick,not_slow_tick,active,active,587,0.0586,1,1,1,1,0,0
D03_id_iq_step,P,not_slow_tick,not_slow_tick,active,active,588,0.0587,0,1,1,1,0,0
D03_id_iq_step,P,not_slow_tick,not_slow_tick,active,active,589,0.0588,0,0,1,1,0,0
D03_id_iq_step,P,not_slow_tick,not_slow_tick,active,active,590,0.0589,0,0,1,1,0,0
D03_id_iq_step,P,not_slow_tick,not_slow_tick,active,active,591,0.059,0,0,1,1,0,0
D03_id_iq_step,P,not_slow_tick,not_slow_tick,active,active,592,0.0591,0,0,1,1,0,0
D03_id_iq_step,P,not_slow_tick,not_slow_tick,active,active,593,0.0592,0,0,1,1,0,0
D03_id_iq_step,P,not_slow_tick,not_slow_tick,active,active,594,0.0593,1,1,1,1,0,0
D03_id_iq_step,P,not_slow_tick,not_slow_tick,active,active,595,0.0594,1,1,1,0,0,0
D03_id_iq_step,P,not_slow_tick,not_slow_tick,active,active,596,0.0595,1,1,1,1,0,0
D03_id_iq_step,P,not_slow_tick,not_slow_tick,active,active,597,0.0596,1,1,1,0,0,0
D03_id_iq_step,P,not_slow_tick,not_slow_tick,active,active,598,0.0597,1,1,1,1,0,0
D03_id_iq_step,P,not_slow_tick,not_slow_tick,active,active,599,0.0598,1,1,1,0,0,0
D03_id_iq_step,P,none,none,active,active,600,0.0599,1,1,1,0,1,1
D03_id_iq_step,P,not_slow_tick,not_slow_tick,active,active,601,0.06,1,1,1,1,0,0
D03_id_iq_step,P,not_slow_tick,not_slow_tick,active,active,602,0.0601,1,1,1,0,0,0
D03_id_iq_step,P,not_slow_tick,not_slow_tick,active,active,603,0.0602,0,1,1,1,0,0
D03_id_iq_step,P,not_slow_tick,not_slow_tick,active,active,604,0.0603,1,0,1,1,0,0
D03_id_iq_step,P,not_slow_tick,not_slow_tick,active,active,605,0.0604,0,0,1,1,0,0
D03_id_iq_step,P,not_slow_tick,not_slow_tick,active,active,606,0.0605,0,0,1,1,0,0
D03_id_iq_step,P,not_slow_tick,not_slow_tick,active,active,607,0.0606,0,1,1,1,0,0
D03_id_iq_step,P,not_slow_tick,not_slow_tick,active,active,608,0.0607,1,0,1,0,0,0
D03_id_iq_step,P,not_slow_tick,not_slow_tick,active,active,609,0.0608,1,1,1,1,0,0
D03_id_iq_step,P,not_slow_tick,not_slow_tick,active,active,610,0.0609,1,1,1,1,0,0
D03_id_iq_step,P,not_slow_tick,not_slow_tick,active,active,611,0.061,1,1,1,0,0,0
D03_id_iq_step,P,not_slow_tick,not_slow_tick,active,active,612,0.0611,1,1,1,1,0,0
D03_id_iq_step,P,not_slow_tick,not_slow_tick,active,active,613,0.0612,1,1,1,1,0,0
D03_id_iq_step,P,not_slow_tick,not_slow_tick,active,active,614,0.0613,1,1,1,0,0,0
D03_id_iq_step,P,not_slow_tick,not_slow_tick,active,active,615,0.0614,1,1,1,1,0,0
D03_id_iq_step,P,not_slow_tick,not_slow_tick,active,active,616,0.0615,0,1,1,1,0,0
D03_id_iq_step,P,not_slow_tick,not_slow_tick,active,active,617,0.0616,0,0,1,1,0,0
D03_id_iq_step,P,not_slow_tick,not_slow_tick,active,active,618,0.0617,0,0,1,1,0,0
D03_id_iq_step,P,not_slow_tick,not_slow_tick,active,active,619,0.0618,0,0,1,1,0,0
D03_id_iq_step,P,u_hp_below_threshold,u_hp_below_threshold,frozen_excitation,frozen_excitation,620,0.0619,0,0,1,1,0,0
D03_id_iq_step,P,not_slow_tick,not_slow_tick,active,active,621,0.062,1,1,1,1,0,0
D03_id_iq_step,P,not_slow_tick,not_slow_tick,active,active,622,0.0621,1,1,1,0,0,0
D03_id_iq_step,P,not_slow_tick,not_slow_tick,active,active,623,0.0622,1,1,1,1,0,0
D03_id_iq_step,P,not_slow_tick,not_slow_tick,active,active,624,0.0623,1,1,1,0,0,0
D03_id_iq_step,P,not_slow_tick,not_slow_tick,active,active,625,0.0624,1,1,1,1,0,0
D03_id_iq_step,P,not_slow_tick,not_slow_tick,active,active,626,0.0625,1,1,1,0,0,0
D03_id_iq_step,P,not_slow_tick,not_slow_tick,active,active,627,0.0626,1,1,1,1,0,0
D03_id_iq_step,P,not_slow_tick,not_slow_tick,active,active,628,0.0627,1,1,1,1,0,0
D03_id_iq_step,P,not_slow_tick,not_slow_tick,active,active,629,0.0628,1,1,1,0,0,0
D03_id_iq_step,P,not_slow_tick,not_slow_tick,active,active,630,0.0629,0,1,1,0,0,0
D03_id_iq_step,P,not_slow_tick,not_slow_tick,active,active,631,0.063,1,0,1,1,0,0
D03_id_iq_step,P,not_slow_tick,not_slow_tick,active,active,632,0.0631,0,0,1,1,0,0
D03_id_iq_step,P,not_slow_tick,not_slow_tick,active,active,633,0.0632,0,0,1,1,0,0
D03_id_iq_step,P,not_slow_tick,not_slow_tick,active,active,634,0.0633,0,0,1,1,0,0
D03_id_iq_step,P,not_slow_tick,not_slow_tick,active,active,635,0.0634,1,1,1,1,0,0
D03_id_iq_step,P,not_slow_tick,not_slow_tick,active,active,636,0.0635,1,1,1,0,0,0
D03_id_iq_step,P,not_slow_tick,not_slow_tick,active,active,637,0.0636,1,1,1,0,0,0
D03_id_iq_step,P,not_slow_tick,not_slow_tick,active,active,638,0.0637,1,1,1,1,0,0
D03_id_iq_step,P,not_slow_tick,not_slow_tick,active,active,639,0.0638,1,1,1,0,0,0
D03_id_iq_step,P,none,none,active,active,640,0.0639,1,1,1,1,1,1
D03_id_iq_step,P,not_slow_tick,not_slow_tick,active,active,641,0.064,1,1,1,1,0,0
D03_id_iq_step,P,not_slow_tick,not_slow_tick,active,active,642,0.0641,1,1,1,0,0,0
D03_id_iq_step,P,not_slow_tick,not_slow_tick,active,active,643,0.0642,1,1,1,1,0,0
D03_id_iq_step,P,not_slow_tick,not_slow_tick,active,active,644,0.0643,0,1,1,1,0,0
D03_id_iq_step,P,not_slow_tick,not_slow_tick,active,active,645,0.0644,0,0,1,1,0,0
D03_id_iq_step,P,not_slow_tick,not_slow_tick,active,active,646,0.0645,0,0,1,1,0,0
D03_id_iq_step,P,not_slow_tick,not_slow_tick,active,active,647,0.0646,0,0,1,1,0,0
D03_id_iq_step,P,not_slow_tick,not_slow_tick,active,active,648,0.0647,0,0,1,1,0,0
D03_id_iq_step,P,not_slow_tick,not_slow_tick,active,active,649,0.0648,1,1,1,1,0,0
D03_id_iq_step,P,not_slow_tick,not_slow_tick,active,active,650,0.0649,1,1,1,0,0,0
D03_id_iq_step,P,not_slow_tick,not_slow_tick,active,active,651,0.065,1,1,1,1,0,0
D03_id_iq_step,P,not_slow_tick,not_slow_tick,active,active,652,0.0651,1,1,1,0,0,0
D03_id_iq_step,P,not_slow_tick,not_slow_tick,active,active,653,0.0652,1,1,1,1,0,0
D03_id_iq_step,P,not_slow_tick,not_slow_tick,active,active,654,0.0653,1,1,1,0,0,0
D03_id_iq_step,P,not_slow_tick,not_slow_tick,active,active,655,0.0654,1,1,1,0,0,0
D03_id_iq_step,P,not_slow_tick,not_slow_tick,active,active,656,0.0655,1,1,1,1,0,0
D03_id_iq_step,P,not_slow_tick,not_slow_tick,active,active,657,0.0656,1,1,1,0,0,0
D03_id_iq_step,P,not_slow_tick,not_slow_tick,active,active,658,0.0657,0,1,1,0,0,0
D03_id_iq_step,P,not_slow_tick,not_slow_tick,active,active,659,0.0658,1,0,1,1,0,0
D03_id_iq_step,P,u_hp_below_threshold,u_hp_below_threshold,frozen_excitation,frozen_excitation,660,0.0659,0,0,1,1,0,0
D03_id_iq_step,P,not_slow_tick,not_slow_tick,active,active,661,0.066,0,0,1,1,0,0
D03_id_iq_step,P,not_slow_tick,not_slow_tick,active,active,662,0.0661,0,1,1,1,0,0
D03_id_iq_step,P,not_slow_tick,not_slow_tick,active,active,663,0.0662,1,1,1,1,0,0
D03_id_iq_step,P,not_slow_tick,not_slow_tick,active,active,664,0.0663,1,1,1,0,0,0
D03_id_iq_step,P,not_slow_tick,not_slow_tick,active,active,665,0.0664,1,1,1,1,0,0
D03_id_iq_step,P,not_slow_tick,not_slow_tick,active,active,666,0.0665,1,1,1,0,0,0
D03_id_iq_step,P,not_slow_tick,not_slow_tick,active,active,667,0.0666,1,1,1,0,0,0
D03_id_iq_step,P,not_slow_tick,not_slow_tick,active,active,668,0.0667,1,1,1,1,0,0
D03_id_iq_step,P,not_slow_tick,not_slow_tick,active,active,669,0.0668,1,0,1,1,0,0
D03_id_iq_step,P,not_slow_tick,not_slow_tick,active,active,670,0.0669,1,1,1,0,0,0
D03_id_iq_step,P,not_slow_tick,not_slow_tick,active,active,671,0.067,1,1,1,1,0,0
D03_id_iq_step,P,not_slow_tick,not_slow_tick,active,active,672,0.0671,0,1,1,1,0,0
D03_id_iq_step,P,not_slow_tick,not_slow_tick,active,active,673,0.0672,0,0,1,1,0,0
D03_id_iq_step,P,not_slow_tick,not_slow_tick,active,active,674,0.0673,0,0,1,1,0,0
D03_id_iq_step,P,not_slow_tick,not_slow_tick,active,active,675,0.0674,0,0,1,1,0,0
D03_id_iq_step,P,not_slow_tick,not_slow_tick,active,active,676,0.0675,0,0,1,1,0,0
D03_id_iq_step,P,not_slow_tick,not_slow_tick,active,active,677,0.0676,1,1,1,1,0,0
D03_id_iq_step,P,not_slow_tick,not_slow_tick,active,active,678,0.0677,1,1,1,0,0,0
D03_id_iq_step,P,not_slow_tick,not_slow_tick,active,active,679,0.0678,1,1,1,1,0,0
D03_id_iq_step,P,none,none,active,active,680,0.0679,1,1,1,0,1,1
D03_id_iq_step,P,not_slow_tick,not_slow_tick,active,active,681,0.068,1,1,1,1,0,0
D03_id_iq_step,P,not_slow_tick,not_slow_tick,active,active,682,0.0681,1,1,1,0,0,0
D03_id_iq_step,P,not_slow_tick,not_slow_tick,active,active,683,0.0682,1,1,1,0,0,0
D03_id_iq_step,P,not_slow_tick,not_slow_tick,active,active,684,0.0683,1,1,1,1,0,0
D03_id_iq_step,P,not_slow_tick,not_slow_tick,active,active,685,0.0684,1,1,1,0,0,0
D03_id_iq_step,P,not_slow_tick,not_slow_tick,active,active,686,0.0685,0,1,1,0,0,0
D03_id_iq_step,P,not_slow_tick,not_slow_tick,active,active,687,0.0686,1,0,1,1,0,0
D03_id_iq_step,P,not_slow_tick,not_slow_tick,active,active,688,0.0687,0,0,1,1,0,0
D03_id_iq_step,P,not_slow_tick,not_slow_tick,active,active,689,0.0688,0,0,1,1,0,0
D03_id_iq_step,P,not_slow_tick,not_slow_tick,active,active,690,0.0689,0,1,1,1,0,0
D03_id_iq_step,P,not_slow_tick,not_slow_tick,active,active,691,0.069,1,1,1,0,0,0
D03_id_iq_step,P,not_slow_tick,not_slow_tick,active,active,692,0.0691,1,1,1,0,0,0
D03_id_iq_step,P,not_slow_tick,not_slow_tick,active,active,693,0.0692,1,1,1,1,0,0
D03_id_iq_step,P,not_slow_tick,not_slow_tick,active,active,694,0.0693,1,1,1,0,0,0
D03_id_iq_step,P,not_slow_tick,not_slow_tick,active,active,695,0.0694,1,1,1,1,0,0
D03_id_iq_step,P,not_slow_tick,not_slow_tick,active,active,696,0.0695,1,1,1,0,0,0
D03_id_iq_step,P,not_slow_tick,not_slow_tick,active,active,697,0.0696,1,1,1,0,0,0
D03_id_iq_step,P,not_slow_tick,not_slow_tick,active,active,698,0.0697,1,1,1,1,0,0
D03_id_iq_step,P,not_slow_tick,not_slow_tick,active,active,699,0.0698,1,1,1,0,0,0
D03_id_iq_step,P,none,none,active,active,700,0.0699,1,1,1,1,1,1
D03_id_iq_step,P,not_slow_tick,not_slow_tick,active,active,701,0.07,0,1,1,1,0,0
D03_id_iq_step,P,not_slow_tick,not_slow_tick,active,active,702,0.0701,0,0,1,1,0,0
D03_id_iq_step,P,not_slow_tick,not_slow_tick,active,active,703,0.0702,0,0,1,1,0,0
D03_id_iq_step,P,not_slow_tick,not_slow_tick,active,active,704,0.0703,0,0,1,1,0,0
D03_id_iq_step,P,not_slow_tick,not_slow_tick,active,active,705,0.0704,1,1,1,1,0,0
D03_id_iq_step,P,not_slow_tick,not_slow_tick,active,active,706,0.0705,1,1,1,0,0,0
D03_id_iq_step,P,not_slow_tick,not_slow_tick,active,active,707,0.0706,1,1,1,1,0,0
D03_id_iq_step,P,not_slow_tick,not_slow_tick,active,active,708,0.0707,1,1,1,0,0,0
D03_id_iq_step,P,not_slow_tick,not_slow_tick,active,active,709,0.0708,1,1,1,1,0,0
D03_id_iq_step,P,not_slow_tick,not_slow_tick,active,active,710,0.0709,1,1,1,0,0,0
D03_id_iq_step,P,not_slow_tick,not_slow_tick,active,active,711,0.071,1,1,1,0,0,0
D03_id_iq_step,P,not_slow_tick,not_slow_tick,active,active,712,0.0711,1,1,1,1,0,0
D03_id_iq_step,P,not_slow_tick,not_slow_tick,active,active,713,0.0712,1,1,1,0,0,0
D03_id_iq_step,P,not_slow_tick,not_slow_tick,active,active,714,0.0713,0,1,1,0,0,0
D03_id_iq_step,P,not_slow_tick,not_slow_tick,active,active,715,0.0714,1,0,1,1,0,0
D03_id_iq_step,P,not_slow_tick,not_slow_tick,active,active,716,0.0715,0,0,1,1,0,0
D03_id_iq_step,P,not_slow_tick,not_slow_tick,active,active,717,0.0716,0,0,1,1,0,0
D03_id_iq_step,P,not_slow_tick,not_slow_tick,active,active,718,0.0717,0,1,1,1,0,0
D03_id_iq_step,P,not_slow_tick,not_slow_tick,active,active,719,0.0718,1,1,1,0,0,0
D03_id_iq_step,P,none,none,active,active,720,0.0719,1,1,1,0,1,1
D03_id_iq_step,P,not_slow_tick,not_slow_tick,active,active,721,0.072,1,1,1,1,0,0
D03_id_iq_step,P,not_slow_tick,not_slow_tick,active,active,722,0.0721,1,1,1,0,0,0
D03_id_iq_step,P,not_slow_tick,not_slow_tick,active,active,723,0.0722,1,1,1,1,0,0
D03_id_iq_step,P,not_slow_tick,not_slow_tick,active,active,724,0.0723,1,1,1,1,0,0
D03_id_iq_step,P,not_slow_tick,not_slow_tick,active,active,725,0.0724,1,1,1,0,0,0
D03_id_iq_step,P,not_slow_tick,not_slow_tick,active,active,726,0.0725,1,1,1,1,0,0
D03_id_iq_step,P,not_slow_tick,not_slow_tick,active,active,727,0.0726,0,1,1,1,0,0
D03_id_iq_step,P,not_slow_tick,not_slow_tick,active,active,728,0.0727,0,0,1,1,0,0
D03_id_iq_step,P,not_slow_tick,not_slow_tick,active,active,729,0.0728,0,0,1,1,0,0
D03_id_iq_step,P,not_slow_tick,not_slow_tick,active,active,730,0.0729,0,0,1,1,0,0
D03_id_iq_step,P,not_slow_tick,not_slow_tick,active,active,731,0.073,0,0,1,1,0,0
D03_id_iq_step,P,not_slow_tick,not_slow_tick,active,active,732,0.0731,1,1,1,1,0,0
D03_id_iq_step,P,not_slow_tick,not_slow_tick,active,active,733,0.0732,1,1,1,0,0,0
D03_id_iq_step,P,not_slow_tick,not_slow_tick,active,active,734,0.0733,1,1,1,1,0,0
D03_id_iq_step,P,not_slow_tick,not_slow_tick,active,active,735,0.0734,1,1,1,0,0,0
D03_id_iq_step,P,not_slow_tick,not_slow_tick,active,active,736,0.0735,1,1,1,1,0,0
D03_id_iq_step,P,not_slow_tick,not_slow_tick,active,active,737,0.0736,1,1,1,0,0,0
D03_id_iq_step,P,not_slow_tick,not_slow_tick,active,active,738,0.0737,1,1,1,1,0,0
D03_id_iq_step,P,not_slow_tick,not_slow_tick,active,active,739,0.0738,1,1,1,1,0,0
D03_id_iq_step,P,none,none,active,active,740,0.0739,1,1,1,0,1,1
D03_id_iq_step,P,not_slow_tick,not_slow_tick,active,active,741,0.074,0,1,1,0,0,0
D03_id_iq_step,P,not_slow_tick,not_slow_tick,active,active,742,0.0741,1,1,1,0,0,0
D03_id_iq_step,P,not_slow_tick,not_slow_tick,active,active,743,0.0742,0,0,1,1,0,0
D03_id_iq_step,P,not_slow_tick,not_slow_tick,active,active,744,0.0743,0,0,1,1,0,0
D03_id_iq_step,P,not_slow_tick,not_slow_tick,active,active,745,0.0744,0,0,1,1,0,0
D03_id_iq_step,P,not_slow_tick,not_slow_tick,active,active,746,0.0745,1,1,1,1,0,0
D03_id_iq_step,P,not_slow_tick,not_slow_tick,active,active,747,0.0746,1,1,1,0,0,0
D03_id_iq_step,P,not_slow_tick,not_slow_tick,active,active,748,0.0747,1,1,1,0,0,0
D03_id_iq_step,P,not_slow_tick,not_slow_tick,active,active,749,0.0748,1,1,1,1,0,0
D03_id_iq_step,P,not_slow_tick,not_slow_tick,active,active,750,0.0749,1,1,1,0,0,0
D03_id_iq_step,P,not_slow_tick,not_slow_tick,active,active,751,0.075,1,1,1,1,0,0
D03_id_iq_step,P,not_slow_tick,not_slow_tick,active,active,752,0.0751,1,1,1,1,0,0
D03_id_iq_step,P,not_slow_tick,not_slow_tick,active,active,753,0.0752,1,1,1,0,0,0
D03_id_iq_step,P,not_slow_tick,not_slow_tick,active,active,754,0.0753,1,1,1,1,0,0
D03_id_iq_step,P,not_slow_tick,not_slow_tick,active,active,755,0.0754,0,1,1,1,0,0
D03_id_iq_step,P,not_slow_tick,not_slow_tick,active,active,756,0.0755,0,0,1,1,0,0
D03_id_iq_step,P,not_slow_tick,not_slow_tick,active,active,757,0.0756,0,0,1,1,0,0
D03_id_iq_step,P,not_slow_tick,not_slow_tick,active,active,758,0.0757,0,0,1,1,0,0
D03_id_iq_step,P,not_slow_tick,not_slow_tick,active,active,759,0.0758,0,0,1,1,0,0
D03_id_iq_step,P,none,none,active,active,760,0.0759,1,1,1,1,1,1
D03_id_iq_step,P,not_slow_tick,not_slow_tick,active,active,761,0.076,1,1,1,0,0,0
D03_id_iq_step,P,not_slow_tick,not_slow_tick,active,active,762,0.0761,1,1,1,1,0,0
D03_id_iq_step,P,not_slow_tick,not_slow_tick,active,active,763,0.0762,1,1,1,0,0,0
D03_id_iq_step,P,not_slow_tick,not_slow_tick,active,active,764,0.0763,1,1,1,1,0,0
D03_id_iq_step,P,not_slow_tick,not_slow_tick,active,active,765,0.0764,1,1,1,0,0,0
D03_id_iq_step,P,not_slow_tick,not_slow_tick,active,active,766,0.0765,1,1,1,0,0,0
D03_id_iq_step,P,not_slow_tick,not_slow_tick,active,active,767,0.0766,1,1,1,1,0,0
D03_id_iq_step,P,not_slow_tick,not_slow_tick,active,active,768,0.0767,1,1,1,0,0,0
D03_id_iq_step,P,not_slow_tick,not_slow_tick,active,active,769,0.0768,0,1,1,0,0,0
D03_id_iq_step,P,not_slow_tick,not_slow_tick,active,active,770,0.0769,1,0,1,1,0,0
D03_id_iq_step,P,not_slow_tick,not_slow_tick,active,active,771,0.077,0,0,1,1,0,0
D03_id_iq_step,P,not_slow_tick,not_slow_tick,active,active,772,0.0771,0,0,1,1,0,0
D03_id_iq_step,P,not_slow_tick,not_slow_tick,active,active,773,0.0772,0,0,1,1,0,0
D03_id_iq_step,P,not_slow_tick,not_slow_tick,active,active,774,0.0773,1,1,1,1,0,0
D03_id_iq_step,P,not_slow_tick,not_slow_tick,active,active,775,0.0774,1,1,1,0,0,0
D03_id_iq_step,P,not_slow_tick,not_slow_tick,active,active,776,0.0775,1,1,1,0,0,0
D03_id_iq_step,P,not_slow_tick,not_slow_tick,active,active,777,0.0776,1,1,1,1,0,0
D03_id_iq_step,P,not_slow_tick,not_slow_tick,active,active,778,0.0777,1,1,1,0,0,0
D03_id_iq_step,P,not_slow_tick,not_slow_tick,active,active,779,0.0778,1,1,1,0,0,0
D03_id_iq_step,P,none,none,active,active,780,0.0779,1,1,1,1,1,1
D03_id_iq_step,P,not_slow_tick,not_slow_tick,active,active,781,0.078,1,1,1,1,0,0
D03_id_iq_step,P,not_slow_tick,not_slow_tick,active,active,782,0.0781,0,0,1,1,0,0
D03_id_iq_step,P,not_slow_tick,not_slow_tick,active,active,783,0.0782,0,0,1,1,0,0
D03_id_iq_step,P,not_slow_tick,not_slow_tick,active,active,784,0.0783,0,0,1,1,0,0
D03_id_iq_step,P,not_slow_tick,not_slow_tick,active,active,785,0.0784,0,0,1,1,0,0
D03_id_iq_step,P,not_slow_tick,not_slow_tick,active,active,786,0.0785,0,0,1,1,0,0
D03_id_iq_step,P,not_slow_tick,not_slow_tick,active,active,787,0.0786,0,0,1,1,0,0
D03_id_iq_step,P,not_slow_tick,not_slow_tick,active,active,788,0.0787,1,1,1,1,0,0
D03_id_iq_step,P,not_slow_tick,not_slow_tick,active,active,789,0.0788,1,1,1,0,0,0
D03_id_iq_step,P,not_slow_tick,not_slow_tick,active,active,790,0.0789,1,1,1,1,0,0
D03_id_iq_step,P,not_slow_tick,not_slow_tick,active,active,791,0.079,1,1,1,0,0,0
D03_id_iq_step,P,not_slow_tick,not_slow_tick,active,active,792,0.0791,1,1,1,1,0,0
D03_id_iq_step,P,not_slow_tick,not_slow_tick,active,active,793,0.0792,1,1,1,0,0,0
D03_id_iq_step,P,not_slow_tick,not_slow_tick,active,active,794,0.0793,1,1,1,0,0,0
D03_id_iq_step,P,not_slow_tick,not_slow_tick,active,active,795,0.0794,1,1,1,1,0,0
D03_id_iq_step,P,not_slow_tick,not_slow_tick,active,active,796,0.0795,1,1,1,0,0,0
D03_id_iq_step,P,not_slow_tick,not_slow_tick,active,active,797,0.0796,0,1,1,0,0,0
D03_id_iq_step,P,not_slow_tick,not_slow_tick,active,active,798,0.0797,1,0,1,1,0,0
D03_id_iq_step,P,not_slow_tick,not_slow_tick,active,active,799,0.0798,0,0,1,1,0,0
D03_id_iq_step,P,u_hp_below_threshold,u_hp_below_threshold,frozen_excitation,frozen_excitation,800,0.0799,0,0,1,1,0,0
D03_id_iq_step,P,not_slow_tick,not_slow_tick,active,active,801,0.08,0,1,1,1,0,0
D03_id_iq_step,P,not_slow_tick,not_slow_tick,active,active,802,0.0801,1,1,1,1,0,0
D03_id_iq_step,P,not_slow_tick,not_slow_tick,active,active,803,0.0802,1,1,1,0,0,0
D03_id_iq_step,P,not_slow_tick,not_slow_tick,active,active,804,0.0803,1,1,1,1,0,0
D03_id_iq_step,P,not_slow_tick,not_slow_tick,active,active,805,0.0804,1,1,1,0,0,0
D03_id_iq_step,P,not_slow_tick,not_slow_tick,active,active,806,0.0805,1,1,1,1,0,0
D03_id_iq_step,P,not_slow_tick,not_slow_tick,active,active,807,0.0806,1,1,1,0,0,0
D03_id_iq_step,P,not_slow_tick,not_slow_tick,active,active,808,0.0807,1,1,1,0,0,0
D03_id_iq_step,P,not_slow_tick,not_slow_tick,active,active,809,0.0808,1,1,1,1,0,0
D03_id_iq_step,P,not_slow_tick,not_slow_tick,active,active,810,0.0809,1,1,1,0,0,0
D03_id_iq_step,P,not_slow_tick,not_slow_tick,active,active,811,0.081,1,1,1,1,0,0
D03_id_iq_step,P,not_slow_tick,not_slow_tick,active,active,812,0.0811,0,1,1,1,0,0
D03_id_iq_step,P,not_slow_tick,not_slow_tick,active,active,813,0.0812,0,0,1,1,0,0
D03_id_iq_step,P,not_slow_tick,not_slow_tick,active,active,814,0.0813,0,0,1,1,0,0
D03_id_iq_step,P,not_slow_tick,not_slow_tick,active,active,815,0.0814,0,0,1,1,0,0
D03_id_iq_step,P,not_slow_tick,not_slow_tick,active,active,816,0.0815,1,1,1,1,0,0
D03_id_iq_step,P,not_slow_tick,not_slow_tick,active,active,817,0.0816,1,1,1,0,0,0
D03_id_iq_step,P,not_slow_tick,not_slow_tick,active,active,818,0.0817,1,1,1,1,0,0
D03_id_iq_step,P,not_slow_tick,not_slow_tick,active,active,819,0.0818,1,1,1,0,0,0
D03_id_iq_step,P,none,none,active,active,820,0.0819,1,1,1,1,1,1
D03_id_iq_step,P,not_slow_tick,not_slow_tick,active,active,821,0.082,1,1,1,0,0,0
D03_id_iq_step,P,not_slow_tick,not_slow_tick,active,active,822,0.0821,1,1,1,0,0,0
D03_id_iq_step,P,not_slow_tick,not_slow_tick,active,active,823,0.0822,1,1,1,1,0,0
D03_id_iq_step,P,not_slow_tick,not_slow_tick,active,active,824,0.0823,1,1,1,0,0,0
D03_id_iq_step,P,not_slow_tick,not_slow_tick,active,active,825,0.0824,0,1,1,0,0,0
D03_id_iq_step,P,not_slow_tick,not_slow_tick,active,active,826,0.0825,1,0,1,1,0,0
D03_id_iq_step,P,not_slow_tick,not_slow_tick,active,active,827,0.0826,0,0,1,1,0,0
D03_id_iq_step,P,not_slow_tick,not_slow_tick,active,active,828,0.0827,0,0,1,1,0,0
D03_id_iq_step,P,not_slow_tick,not_slow_tick,active,active,829,0.0828,0,1,1,1,0,0
D03_id_iq_step,P,not_slow_tick,not_slow_tick,active,active,830,0.0829,1,1,1,0,0,0
D03_id_iq_step,P,not_slow_tick,not_slow_tick,active,active,831,0.083,1,1,1,0,0,0
D03_id_iq_step,P,not_slow_tick,not_slow_tick,active,active,832,0.0831,1,1,1,1,0,0
D03_id_iq_step,P,not_slow_tick,not_slow_tick,active,active,833,0.0832,1,1,1,0,0,0
D03_id_iq_step,P,not_slow_tick,not_slow_tick,active,active,834,0.0833,1,1,1,1,0,0
D03_id_iq_step,P,not_slow_tick,not_slow_tick,active,active,835,0.0834,1,1,1,1,0,0
D03_id_iq_step,P,not_slow_tick,not_slow_tick,active,active,836,0.0835,1,1,1,0,0,0
D03_id_iq_step,P,not_slow_tick,not_slow_tick,active,active,837,0.0836,1,1,1,1,0,0
D03_id_iq_step,P,not_slow_tick,not_slow_tick,active,active,838,0.0837,0,1,1,1,0,0
D03_id_iq_step,P,not_slow_tick,not_slow_tick,active,active,839,0.0838,0,0,1,1,0,0
D03_id_iq_step,P,u_hp_below_threshold,u_hp_below_threshold,frozen_excitation,frozen_excitation,840,0.0839,0,0,1,1,0,0
D03_id_iq_step,P,not_slow_tick,not_slow_tick,active,active,841,0.084,0,0,1,1,0,0
D03_id_iq_step,P,not_slow_tick,not_slow_tick,active,active,842,0.0841,0,0,1,1,0,0
D03_id_iq_step,P,not_slow_tick,not_slow_tick,active,active,843,0.0842,0,0,1,1,0,0
D03_id_iq_step,P,not_slow_tick,not_slow_tick,active,active,844,0.0843,1,1,1,1,0,0
D03_id_iq_step,P,not_slow_tick,not_slow_tick,active,active,845,0.0844,1,1,1,0,0,0
D03_id_iq_step,P,not_slow_tick,not_slow_tick,active,active,846,0.0845,1,1,1,1,0,0
D03_id_iq_step,P,not_slow_tick,not_slow_tick,active,active,847,0.0846,1,1,1,0,0,0
D03_id_iq_step,P,not_slow_tick,not_slow_tick,active,active,848,0.0847,1,1,1,1,0,0
D03_id_iq_step,P,not_slow_tick,not_slow_tick,active,active,849,0.0848,1,1,1,0,0,0
D03_id_iq_step,P,not_slow_tick,not_slow_tick,active,active,850,0.0849,1,1,1,0,0,0
D03_id_iq_step,P,not_slow_tick,not_slow_tick,active,active,851,0.085,1,1,1,1,0,0
D03_id_iq_step,P,not_slow_tick,not_slow_tick,active,active,852,0.0851,1,1,1,0,0,0
D03_id_iq_step,P,not_slow_tick,not_slow_tick,active,active,853,0.0852,0,1,1,0,0,0
D03_id_iq_step,P,not_slow_tick,not_slow_tick,active,active,854,0.0853,1,0,1,1,0,0
D03_id_iq_step,P,not_slow_tick,not_slow_tick,active,active,855,0.0854,0,0,1,1,0,0
D03_id_iq_step,P,not_slow_tick,not_slow_tick,active,active,856,0.0855,0,0,1,1,0,0
D03_id_iq_step,P,not_slow_tick,not_slow_tick,active,active,857,0.0856,0,1,1,1,0,0
D03_id_iq_step,P,not_slow_tick,not_slow_tick,active,active,858,0.0857,1,0,1,0,0,0
D03_id_iq_step,P,not_slow_tick,not_slow_tick,active,active,859,0.0858,1,1,1,1,0,0
D03_id_iq_step,P,none,none,active,active,860,0.0859,1,1,1,1,1,1
D03_id_iq_step,P,not_slow_tick,not_slow_tick,active,active,861,0.086,1,1,1,0,0,0
D03_id_iq_step,P,not_slow_tick,not_slow_tick,active,active,862,0.0861,1,1,1,0,0,0
D03_id_iq_step,P,not_slow_tick,not_slow_tick,active,active,863,0.0862,1,0,1,1,0,0
D03_id_iq_step,P,not_slow_tick,not_slow_tick,active,active,864,0.0863,1,1,1,1,0,0
D03_id_iq_step,P,not_slow_tick,not_slow_tick,active,active,865,0.0864,0,0,1,1,0,0
D03_id_iq_step,P,not_slow_tick,not_slow_tick,active,active,866,0.0865,0,0,1,1,0,0
D03_id_iq_step,P,not_slow_tick,not_slow_tick,active,active,867,0.0866,0,0,1,1,0,0
D03_id_iq_step,P,not_slow_tick,not_slow_tick,active,active,868,0.0867,0,0,1,1,0,0
D03_id_iq_step,P,not_slow_tick,not_slow_tick,active,active,869,0.0868,0,0,1,1,0,0
D03_id_iq_step,P,not_slow_tick,not_slow_tick,active,active,870,0.0869,0,0,1,1,0,0
D03_id_iq_step,P,not_slow_tick,not_slow_tick,active,active,871,0.087,1,1,1,1,0,0
D03_id_iq_step,P,not_slow_tick,not_slow_tick,active,active,872,0.0871,1,1,1,0,0,0
D03_id_iq_step,P,not_slow_tick,not_slow_tick,active,active,873,0.0872,1,1,1,1,0,0
D03_id_iq_step,P,not_slow_tick,not_slow_tick,active,active,874,0.0873,1,1,1,0,0,0
D03_id_iq_step,P,not_slow_tick,not_slow_tick,active,active,875,0.0874,1,1,1,1,0,0
D03_id_iq_step,P,not_slow_tick,not_slow_tick,active,active,876,0.0875,1,1,1,0,0,0
D03_id_iq_step,P,not_slow_tick,not_slow_tick,active,active,877,0.0876,1,1,1,1,0,0
D03_id_iq_step,P,not_slow_tick,not_slow_tick,active,active,878,0.0877,1,1,1,1,0,0
D03_id_iq_step,P,not_slow_tick,not_slow_tick,active,active,879,0.0878,1,1,1,0,0,0
D03_id_iq_step,P,u_hp_below_threshold,none,frozen_excitation,active,880,0.0879,0,1,1,0,0,1
D03_id_iq_step,P,not_slow_tick,not_slow_tick,active,active,881,0.088,1,1,1,0,0,0
D03_id_iq_step,P,not_slow_tick,not_slow_tick,active,active,882,0.0881,0,0,1,1,0,0
D03_id_iq_step,P,not_slow_tick,not_slow_tick,active,active,883,0.0882,0,0,1,1,0,0
D03_id_iq_step,P,not_slow_tick,not_slow_tick,active,active,884,0.0883,0,0,1,1,0,0
D03_id_iq_step,P,not_slow_tick,not_slow_tick,active,active,885,0.0884,1,1,1,1,0,0
D03_id_iq_step,P,not_slow_tick,not_slow_tick,active,active,886,0.0885,1,1,1,0,0,0
D03_id_iq_step,P,not_slow_tick,not_slow_tick,active,active,887,0.0886,1,1,1,0,0,0
D03_id_iq_step,P,not_slow_tick,not_slow_tick,active,active,888,0.0887,1,1,1,1,0,0
D03_id_iq_step,P,not_slow_tick,not_slow_tick,active,active,889,0.0888,1,1,1,0,0,0
D03_id_iq_step,P,not_slow_tick,not_slow_tick,active,active,890,0.0889,1,1,1,1,0,0
D03_id_iq_step,P,not_slow_tick,not_slow_tick,active,active,891,0.089,1,1,1,1,0,0
D03_id_iq_step,P,not_slow_tick,not_slow_tick,active,active,892,0.0891,1,1,1,0,0,0
D03_id_iq_step,P,not_slow_tick,not_slow_tick,active,active,893,0.0892,1,1,1,1,0,0
D03_id_iq_step,P,not_slow_tick,not_slow_tick,active,active,894,0.0893,0,1,1,1,0,0
D03_id_iq_step,P,not_slow_tick,not_slow_tick,active,active,895,0.0894,0,0,1,1,0,0
D03_id_iq_step,P,not_slow_tick,not_slow_tick,active,active,896,0.0895,0,0,1,1,0,0
D03_id_iq_step,P,not_slow_tick,not_slow_tick,active,active,897,0.0896,0,0,1,1,0,0
D03_id_iq_step,P,not_slow_tick,not_slow_tick,active,active,898,0.0897,0,0,1,1,0,0
D03_id_iq_step,P,not_slow_tick,not_slow_tick,active,active,899,0.0898,1,1,1,1,0,0
D03_id_iq_step,P,none,none,active,active,900,0.0899,1,1,1,0,1,1
D03_id_iq_step,P,not_slow_tick,not_slow_tick,active,active,901,0.09,1,1,1,1,0,0
D03_id_iq_step,P,not_slow_tick,not_slow_tick,active,active,902,0.0901,1,1,1,0,0,0
D03_id_iq_step,P,not_slow_tick,not_slow_tick,active,active,903,0.0902,1,1,1,1,0,0
D03_id_iq_step,P,not_slow_tick,not_slow_tick,active,active,904,0.0903,1,1,1,0,0,0
D03_id_iq_step,P,not_slow_tick,not_slow_tick,active,active,905,0.0904,1,1,1,0,0,0
D03_id_iq_step,P,not_slow_tick,not_slow_tick,active,active,906,0.0905,1,1,1,1,0,0
D03_id_iq_step,P,not_slow_tick,not_slow_tick,active,active,907,0.0906,1,1,1,0,0,0
D03_id_iq_step,P,not_slow_tick,not_slow_tick,active,active,908,0.0907,0,1,1,0,0,0
D03_id_iq_step,P,not_slow_tick,not_slow_tick,active,active,909,0.0908,1,0,1,1,0,0
D03_id_iq_step,P,not_slow_tick,not_slow_tick,active,active,910,0.0909,0,0,1,1,0,0
D03_id_iq_step,P,not_slow_tick,not_slow_tick,active,active,911,0.091,0,0,1,1,0,0
D03_id_iq_step,P,not_slow_tick,not_slow_tick,active,active,912,0.0911,0,1,1,1,0,0
D03_id_iq_step,P,not_slow_tick,not_slow_tick,active,active,913,0.0912,1,1,1,1,0,0
D03_id_iq_step,P,not_slow_tick,not_slow_tick,active,active,914,0.0913,1,1,1,0,0,0
D03_id_iq_step,P,not_slow_tick,not_slow_tick,active,active,915,0.0914,1,1,1,1,0,0
D03_id_iq_step,P,not_slow_tick,not_slow_tick,active,active,916,0.0915,1,1,1,0,0,0
D03_id_iq_step,P,not_slow_tick,not_slow_tick,active,active,917,0.0916,1,1,1,0,0,0
D03_id_iq_step,P,not_slow_tick,not_slow_tick,active,active,918,0.0917,1,1,1,1,0,0
D03_id_iq_step,P,not_slow_tick,not_slow_tick,active,active,919,0.0918,1,0,1,1,0,0
D03_id_iq_step,P,none,none,active,active,920,0.0919,1,1,1,0,1,1
D03_id_iq_step,P,not_slow_tick,not_slow_tick,active,active,921,0.092,1,1,1,1,0,0
D03_id_iq_step,P,not_slow_tick,not_slow_tick,active,active,922,0.0921,0,1,1,1,0,0
D03_id_iq_step,P,not_slow_tick,not_slow_tick,active,active,923,0.0922,0,0,1,1,0,0
D03_id_iq_step,P,not_slow_tick,not_slow_tick,active,active,924,0.0923,0,0,1,1,0,0
D03_id_iq_step,P,not_slow_tick,not_slow_tick,active,active,925,0.0924,0,0,1,1,0,0
D03_id_iq_step,P,not_slow_tick,not_slow_tick,active,active,926,0.0925,0,0,1,1,0,0
D03_id_iq_step,P,not_slow_tick,not_slow_tick,active,active,927,0.0926,1,1,1,1,0,0
D03_id_iq_step,P,not_slow_tick,not_slow_tick,active,active,928,0.0927,1,1,1,0,0,0
D03_id_iq_step,P,not_slow_tick,not_slow_tick,active,active,929,0.0928,1,1,1,1,0,0
D03_id_iq_step,P,not_slow_tick,not_slow_tick,active,active,930,0.0929,1,1,1,0,0,0
D03_id_iq_step,P,not_slow_tick,not_slow_tick,active,active,931,0.093,1,1,1,1,0,0
D03_id_iq_step,P,not_slow_tick,not_slow_tick,active,active,932,0.0931,1,1,1,0,0,0
D03_id_iq_step,P,not_slow_tick,not_slow_tick,active,active,933,0.0932,1,1,1,0,0,0
D03_id_iq_step,P,not_slow_tick,not_slow_tick,active,active,934,0.0933,1,1,1,1,0,0
D03_id_iq_step,P,not_slow_tick,not_slow_tick,active,active,935,0.0934,1,1,1,0,0,0
D03_id_iq_step,P,not_slow_tick,not_slow_tick,active,active,936,0.0935,0,1,1,0,0,0
D03_id_iq_step,P,not_slow_tick,not_slow_tick,active,active,937,0.0936,1,0,1,1,0,0
D03_id_iq_step,P,not_slow_tick,not_slow_tick,active,active,938,0.0937,0,0,1,1,0,0
D03_id_iq_step,P,not_slow_tick,not_slow_tick,active,active,939,0.0938,0,0,1,1,0,0
D03_id_iq_step,P,u_hp_below_threshold,none,frozen_excitation,active,940,0.0939,0,1,1,1,0,1
D03_id_iq_step,P,not_slow_tick,not_slow_tick,active,active,941,0.094,1,1,1,0,0,0
D03_id_iq_step,P,not_slow_tick,not_slow_tick,active,active,942,0.0941,1,1,1,0,0,0
D03_id_iq_step,P,not_slow_tick,not_slow_tick,active,active,943,0.0942,1,1,1,1,0,0
D03_id_iq_step,P,not_slow_tick,not_slow_tick,active,active,944,0.0943,1,1,1,0,0,0
D03_id_iq_step,P,not_slow_tick,not_slow_tick,active,active,945,0.0944,1,1,1,1,0,0
D03_id_iq_step,P,not_slow_tick,not_slow_tick,active,active,946,0.0945,1,1,1,0,0,0
D03_id_iq_step,P,not_slow_tick,not_slow_tick,active,active,947,0.0946,1,1,1,0,0,0
D03_id_iq_step,P,not_slow_tick,not_slow_tick,active,active,948,0.0947,1,1,1,1,0,0
D03_id_iq_step,P,not_slow_tick,not_slow_tick,active,active,949,0.0948,1,1,1,0,0,0
D03_id_iq_step,P,not_slow_tick,not_slow_tick,active,active,950,0.0949,1,1,1,1,0,0
D03_id_iq_step,P,not_slow_tick,not_slow_tick,active,active,951,0.095,0,1,1,1,0,0
D03_id_iq_step,P,not_slow_tick,not_slow_tick,active,active,952,0.0951,0,0,1,1,0,0
D03_id_iq_step,P,not_slow_tick,not_slow_tick,active,active,953,0.0952,0,0,1,1,0,0
D03_id_iq_step,P,not_slow_tick,not_slow_tick,active,active,954,0.0953,0,0,1,1,0,0
D03_id_iq_step,P,not_slow_tick,not_slow_tick,active,active,955,0.0954,1,1,1,1,0,0
D03_id_iq_step,P,not_slow_tick,not_slow_tick,active,active,956,0.0955,1,1,1,0,0,0
D03_id_iq_step,P,not_slow_tick,not_slow_tick,active,active,957,0.0956,1,1,1,1,0,0
D03_id_iq_step,P,not_slow_tick,not_slow_tick,active,active,958,0.0957,1,1,1,0,0,0
D03_id_iq_step,P,not_slow_tick,not_slow_tick,active,active,959,0.0958,1,1,1,1,0,0
D03_id_iq_step,P,none,none,active,active,960,0.0959,1,1,1,0,1,1
D03_id_iq_step,P,not_slow_tick,not_slow_tick,active,active,961,0.096,1,1,1,0,0,0
D03_id_iq_step,P,not_slow_tick,not_slow_tick,active,active,962,0.0961,1,1,1,1,0,0
D03_id_iq_step,P,not_slow_tick,not_slow_tick,active,active,963,0.0962,1,1,1,0,0,0
D03_id_iq_step,P,not_slow_tick,not_slow_tick,active,active,964,0.0963,0,1,1,0,0,0
D03_id_iq_step,P,not_slow_tick,not_slow_tick,active,active,965,0.0964,1,0,1,1,0,0
D03_id_iq_step,P,not_slow_tick,not_slow_tick,active,active,966,0.0965,0,0,1,1,0,0
D03_id_iq_step,P,not_slow_tick,not_slow_tick,active,active,967,0.0966,0,0,1,1,0,0
D03_id_iq_step,P,not_slow_tick,not_slow_tick,active,active,968,0.0967,0,1,1,1,0,0
D03_id_iq_step,P,not_slow_tick,not_slow_tick,active,active,969,0.0968,1,1,1,0,0,0
D03_id_iq_step,P,not_slow_tick,not_slow_tick,active,active,970,0.0969,1,1,1,0,0,0
D03_id_iq_step,P,not_slow_tick,not_slow_tick,active,active,971,0.097,1,1,1,1,0,0
D03_id_iq_step,P,not_slow_tick,not_slow_tick,active,active,972,0.0971,1,1,1,0,0,0
D03_id_iq_step,P,not_slow_tick,not_slow_tick,active,active,973,0.0972,1,1,1,1,0,0
D03_id_iq_step,P,not_slow_tick,not_slow_tick,active,active,974,0.0973,1,1,1,1,0,0
D03_id_iq_step,P,not_slow_tick,not_slow_tick,active,active,975,0.0974,1,1,1,0,0,0
D03_id_iq_step,P,not_slow_tick,not_slow_tick,active,active,976,0.0975,1,1,1,1,0,0
D03_id_iq_step,P,not_slow_tick,not_slow_tick,active,active,977,0.0976,0,1,1,1,0,0
D03_id_iq_step,P,not_slow_tick,not_slow_tick,active,active,978,0.0977,0,0,1,1,0,0
D03_id_iq_step,P,not_slow_tick,not_slow_tick,active,active,979,0.0978,0,0,1,1,0,0
D03_id_iq_step,P,u_hp_below_threshold,u_hp_below_threshold,frozen_excitation,frozen_excitation,980,0.0979,0,0,1,1,0,0
D03_id_iq_step,P,not_slow_tick,not_slow_tick,active,active,981,0.098,0,0,1,1,0,0
D03_id_iq_step,P,not_slow_tick,not_slow_tick,active,active,982,0.0981,1,1,1,1,0,0
D03_id_iq_step,P,not_slow_tick,not_slow_tick,active,active,983,0.0982,1,1,1,0,0,0
D03_id_iq_step,P,not_slow_tick,not_slow_tick,active,active,984,0.0983,1,1,1,1,0,0
D03_id_iq_step,P,not_slow_tick,not_slow_tick,active,active,985,0.0984,1,1,1,0,0,0
D03_id_iq_step,P,not_slow_tick,not_slow_tick,active,active,986,0.0985,1,1,1,1,0,0
D03_id_iq_step,P,not_slow_tick,not_slow_tick,active,active,987,0.0986,1,1,1,0,0,0
D03_id_iq_step,P,not_slow_tick,not_slow_tick,active,active,988,0.0987,1,1,1,1,0,0
D03_id_iq_step,P,not_slow_tick,not_slow_tick,active,active,989,0.0988,1,1,1,1,0,0
D03_id_iq_step,P,not_slow_tick,not_slow_tick,active,active,990,0.0989,1,1,1,0,0,0
D03_id_iq_step,P,not_slow_tick,not_slow_tick,active,active,991,0.099,0,1,1,0,0,0
D03_id_iq_step,P,not_slow_tick,not_slow_tick,active,active,992,0.0991,1,1,1,0,0,0
D03_id_iq_step,P,not_slow_tick,not_slow_tick,active,active,993,0.0992,0,0,1,1,0,0
D03_id_iq_step,P,not_slow_tick,not_slow_tick,active,active,994,0.0993,0,0,1,1,0,0
D03_id_iq_step,P,not_slow_tick,not_slow_tick,active,active,995,0.0994,0,0,1,1,0,0
D03_id_iq_step,P,not_slow_tick,not_slow_tick,active,active,996,0.0995,1,1,1,1,0,0
D03_id_iq_step,P,not_slow_tick,not_slow_tick,active,active,997,0.0996,1,1,1,0,0,0
D03_id_iq_step,P,not_slow_tick,not_slow_tick,active,active,998,0.0997,1,1,1,0,0,0
D03_id_iq_step,P,not_slow_tick,not_slow_tick,active,active,999,0.0998,1,1,1,1,0,0
D03_id_iq_step,P,none,none,active,active,1000,0.0999,1,1,1,0,1,1
D03_id_iq_step,P,not_slow_tick,not_slow_tick,active,active,1001,0.1,1,1,1,1,0,0
D03_id_iq_step,P,not_slow_tick,not_slow_tick,active,active,1002,0.1001,1,1,1,1,0,0
D03_id_iq_step,P,not_slow_tick,not_slow_tick,active,active,1003,0.1002,1,1,1,0,0,0
D03_id_iq_step,P,not_slow_tick,not_slow_tick,active,active,1004,0.1003,1,1,1,1,0,0
D03_id_iq_step,P,not_slow_tick,not_slow_tick,active,active,1005,0.1004,0,1,1,1,0,0
D03_id_iq_step,P,not_slow_tick,not_slow_tick,active,active,1006,0.1005,0,0,1,1,0,0
D03_id_iq_step,P,not_slow_tick,not_slow_tick,active,active,1007,0.1006,0,0,1,1,0,0
D03_id_iq_step,P,not_slow_tick,not_slow_tick,active,active,1008,0.1007,0,0,1,1,0,0
D03_id_iq_step,P,not_slow_tick,not_slow_tick,active,active,1009,0.1008,0,0,1,1,0,0
D03_id_iq_step,P,not_slow_tick,not_slow_tick,active,active,1010,0.1009,1,1,1,1,0,0
D03_id_iq_step,P,not_slow_tick,not_slow_tick,active,active,1011,0.101,1,1,1,0,0,0
D03_id_iq_step,P,not_slow_tick,not_slow_tick,active,active,1012,0.1011,1,1,1,1,0,0
D03_id_iq_step,P,not_slow_tick,not_slow_tick,active,active,1013,0.1012,1,1,1,0,0,0
D03_id_iq_step,P,not_slow_tick,not_slow_tick,active,active,1014,0.1013,1,1,1,1,0,0
D03_id_iq_step,P,not_slow_tick,not_slow_tick,active,active,1015,0.1014,1,1,1,0,0,0
D03_id_iq_step,P,not_slow_tick,not_slow_tick,active,active,1016,0.1015,1,1,1,0,0,0
D03_id_iq_step,P,not_slow_tick,not_slow_tick,active,active,1017,0.1016,1,1,1,1,0,0
D03_id_iq_step,P,not_slow_tick,not_slow_tick,active,active,1018,0.1017,1,1,1,0,0,0
D03_id_iq_step,P,not_slow_tick,not_slow_tick,active,active,1019,0.1018,0,1,1,0,0,0
D03_id_iq_step,P,none,u_hp_below_threshold,active,frozen_excitation,1020,0.1019,1,0,1,0,1,0
D03_id_iq_step,P,not_slow_tick,not_slow_tick,active,active,1021,0.102,0,0,1,1,0,0
D03_id_iq_step,P,not_slow_tick,not_slow_tick,active,active,1022,0.1021,0,0,1,1,0,0
D03_id_iq_step,P,not_slow_tick,not_slow_tick,active,active,1023,0.1022,0,0,1,1,0,0
D03_id_iq_step,P,not_slow_tick,not_slow_tick,active,active,1024,0.1023,1,1,1,1,0,0
D03_id_iq_step,P,not_slow_tick,not_slow_tick,active,active,1025,0.1024,1,1,1,0,0,0
D03_id_iq_step,P,not_slow_tick,not_slow_tick,active,active,1026,0.1025,1,1,1,0,0,0
D03_id_iq_step,P,not_slow_tick,not_slow_tick,active,active,1027,0.1026,1,1,1,1,0,0
D03_id_iq_step,P,not_slow_tick,not_slow_tick,active,active,1028,0.1027,1,1,1,0,0,0
D03_id_iq_step,P,not_slow_tick,not_slow_tick,active,active,1029,0.1028,1,1,1,0,0,0
D03_id_iq_step,P,not_slow_tick,not_slow_tick,active,active,1030,0.1029,1,1,1,1,0,0
D03_id_iq_step,P,not_slow_tick,not_slow_tick,active,active,1031,0.103,1,1,1,1,0,0
D03_id_iq_step,P,not_slow_tick,not_slow_tick,active,active,1032,0.1031,0,0,1,1,0,0
D03_id_iq_step,P,not_slow_tick,not_slow_tick,active,active,1033,0.1032,0,0,1,1,0,0
D03_id_iq_step,P,not_slow_tick,not_slow_tick,active,active,1034,0.1033,0,0,1,1,0,0
D03_id_iq_step,P,not_slow_tick,not_slow_tick,active,active,1035,0.1034,0,0,1,1,0,0
D03_id_iq_step,P,not_slow_tick,not_slow_tick,active,active,1036,0.1035,0,0,1,1,0,0
D03_id_iq_step,P,not_slow_tick,not_slow_tick,active,active,1037,0.1036,0,0,1,1,0,0
D03_id_iq_step,P,not_slow_tick,not_slow_tick,active,active,1038,0.1037,1,1,1,1,0,0
D03_id_iq_step,P,not_slow_tick,not_slow_tick,active,active,1039,0.1038,1,1,1,0,0,0
D03_id_iq_step,P,none,none,active,active,1040,0.1039,1,1,1,1,1,1
D03_id_iq_step,P,not_slow_tick,not_slow_tick,active,active,1041,0.104,1,1,1,0,0,0
D03_id_iq_step,P,not_slow_tick,not_slow_tick,active,active,1042,0.1041,1,1,1,1,0,0
D03_id_iq_step,P,not_slow_tick,not_slow_tick,active,active,1043,0.1042,1,1,1,0,0,0
D03_id_iq_step,P,not_slow_tick,not_slow_tick,active,active,1044,0.1043,1,1,1,0,0,0
D03_id_iq_step,P,not_slow_tick,not_slow_tick,active,active,1045,0.1044,1,1,1,1,0,0
D03_id_iq_step,P,not_slow_tick,not_slow_tick,active,active,1046,0.1045,1,1,1,0,0,0
D03_id_iq_step,P,not_slow_tick,not_slow_tick,active,active,1047,0.1046,0,1,1,0,0,0
D03_id_iq_step,P,not_slow_tick,not_slow_tick,active,active,1048,0.1047,1,0,1,1,0,0
D03_id_iq_step,P,not_slow_tick,not_slow_tick,active,active,1049,0.1048,0,0,1,1,0,0
D03_id_iq_step,P,not_slow_tick,not_slow_tick,active,active,1050,0.1049,0,0,1,1,0,0
D03_id_iq_step,P,not_slow_tick,not_slow_tick,active,active,1051,0.105,0,1,1,1,0,0
D03_id_iq_step,P,not_slow_tick,not_slow_tick,active,active,1052,0.1051,1,1,1,1,0,0
D03_id_iq_step,P,not_slow_tick,not_slow_tick,active,active,1053,0.1052,1,1,1,0,0,0
D03_id_iq_step,P,not_slow_tick,not_slow_tick,active,active,1054,0.1053,1,1,1,1,0,0
D03_id_iq_step,P,not_slow_tick,not_slow_tick,active,active,1055,0.1054,1,1,1,0,0,0
D03_id_iq_step,P,not_slow_tick,not_slow_tick,active,active,1056,0.1055,1,1,1,1,0,0
D03_id_iq_step,P,not_slow_tick,not_slow_tick,active,active,1057,0.1056,1,1,1,0,0,0
D03_id_iq_step,P,not_slow_tick,not_slow_tick,active,active,1058,0.1057,1,1,1,0,0,0
D03_id_iq_step,P,not_slow_tick,not_slow_tick,active,active,1059,0.1058,1,1,1,1,0,0
D03_id_iq_step,P,none,none,active,active,1060,0.1059,1,1,1,0,1,1
D03_id_iq_step,P,not_slow_tick,not_slow_tick,active,active,1061,0.106,1,1,1,1,0,0
D03_id_iq_step,P,not_slow_tick,not_slow_tick,active,active,1062,0.1061,0,1,1,1,0,0
D03_id_iq_step,P,not_slow_tick,not_slow_tick,active,active,1063,0.1062,0,0,1,1,0,0
D03_id_iq_step,P,not_slow_tick,not_slow_tick,active,active,1064,0.1063,0,0,1,1,0,0
D03_id_iq_step,P,not_slow_tick,not_slow_tick,active,active,1065,0.1064,0,0,1,1,0,0
D03_id_iq_step,P,not_slow_tick,not_slow_tick,active,active,1066,0.1065,1,1,1,1,0,0
D03_id_iq_step,P,not_slow_tick,not_slow_tick,active,active,1067,0.1066,1,1,1,0,0,0
D03_id_iq_step,P,not_slow_tick,not_slow_tick,active,active,1068,0.1067,1,1,1,1,0,0
D03_id_iq_step,P,not_slow_tick,not_slow_tick,active,active,1069,0.1068,1,1,1,0,0,0
D03_id_iq_step,P,not_slow_tick,not_slow_tick,active,active,1070,0.1069,1,1,1,1,0,0
D03_id_iq_step,P,not_slow_tick,not_slow_tick,active,active,1071,0.107,1,1,1,0,0,0
D03_id_iq_step,P,not_slow_tick,not_slow_tick,active,active,1072,0.1071,1,1,1,0,0,0
D03_id_iq_step,P,not_slow_tick,not_slow_tick,active,active,1073,0.1072,1,1,1,1,0,0
D03_id_iq_step,P,not_slow_tick,not_slow_tick,active,active,1074,0.1073,1,1,1,0,0,0
D03_id_iq_step,P,not_slow_tick,not_slow_tick,active,active,1075,0.1074,0,1,1,0,0,0
D03_id_iq_step,P,not_slow_tick,not_slow_tick,active,active,1076,0.1075,1,0,1,1,0,0
D03_id_iq_step,P,not_slow_tick,not_slow_tick,active,active,1077,0.1076,0,0,1,1,0,0
D03_id_iq_step,P,not_slow_tick,not_slow_tick,active,active,1078,0.1077,0,0,1,1,0,0
D03_id_iq_step,P,not_slow_tick,not_slow_tick,active,active,1079,0.1078,0,1,1,1,0,0
D03_id_iq_step,P,none,none,active,active,1080,0.1079,1,1,1,0,1,1
D03_id_iq_step,P,not_slow_tick,not_slow_tick,active,active,1081,0.108,1,1,1,0,0,0
D03_id_iq_step,P,not_slow_tick,not_slow_tick,active,active,1082,0.1081,1,1,1,1,0,0
D03_id_iq_step,P,not_slow_tick,not_slow_tick,active,active,1083,0.1082,1,1,1,0,0,0
D03_id_iq_step,P,not_slow_tick,not_slow_tick,active,active,1084,0.1083,1,1,1,1,0,0
D03_id_iq_step,P,not_slow_tick,not_slow_tick,active,active,1085,0.1084,1,1,1,1,0,0
D03_id_iq_step,P,not_slow_tick,not_slow_tick,active,active,1086,0.1085,1,1,1,0,0,0
D03_id_iq_step,P,not_slow_tick,not_slow_tick,active,active,1087,0.1086,1,1,1,1,0,0
D03_id_iq_step,P,not_slow_tick,not_slow_tick,active,active,1088,0.1087,0,1,1,1,0,0
D03_id_iq_step,P,not_slow_tick,not_slow_tick,active,active,1089,0.1088,0,0,1,1,0,0
D03_id_iq_step,P,not_slow_tick,not_slow_tick,active,active,1090,0.1089,0,0,1,1,0,0
D03_id_iq_step,P,not_slow_tick,not_slow_tick,active,active,1091,0.109,0,0,1,1,0,0
D03_id_iq_step,P,not_slow_tick,not_slow_tick,active,active,1092,0.1091,0,0,1,1,0,0
D03_id_iq_step,P,not_slow_tick,not_slow_tick,active,active,1093,0.1092,0,0,1,1,0,0
D03_id_iq_step,P,not_slow_tick,not_slow_tick,active,active,1094,0.1093,1,1,1,1,0,0
D03_id_iq_step,P,not_slow_tick,not_slow_tick,active,active,1095,0.1094,1,1,1,0,0,0
D03_id_iq_step,P,not_slow_tick,not_slow_tick,active,active,1096,0.1095,1,1,1,1,0,0
D03_id_iq_step,P,not_slow_tick,not_slow_tick,active,active,1097,0.1096,1,1,1,0,0,0
D03_id_iq_step,P,not_slow_tick,not_slow_tick,active,active,1098,0.1097,1,1,1,1,0,0
D03_id_iq_step,P,not_slow_tick,not_slow_tick,active,active,1099,0.1098,1,1,1,0,0,0
D03_id_iq_step,P,none,none,active,active,1100,0.1099,1,1,1,0,1,1
D03_id_iq_step,P,not_slow_tick,not_slow_tick,active,active,1101,0.11,1,1,1,1,0,0
D03_id_iq_step,P,not_slow_tick,not_slow_tick,active,active,1102,0.1101,1,1,1,0,0,0
D03_id_iq_step,P,not_slow_tick,not_slow_tick,active,active,1103,0.1102,0,1,1,0,0,0
D03_id_iq_step,P,not_slow_tick,not_slow_tick,active,active,1104,0.1103,1,0,1,1,0,0
D03_id_iq_step,P,not_slow_tick,not_slow_tick,active,active,1105,0.1104,0,0,1,1,0,0
D03_id_iq_step,P,not_slow_tick,not_slow_tick,active,active,1106,0.1105,0,0,1,1,0,0
D03_id_iq_step,P,not_slow_tick,not_slow_tick,active,active,1107,0.1106,0,1,1,1,0,0
D03_id_iq_step,P,not_slow_tick,not_slow_tick,active,active,1108,0.1107,1,1,1,0,0,0
D03_id_iq_step,P,not_slow_tick,not_slow_tick,active,active,1109,0.1108,1,1,1,1,0,0
D03_id_iq_step,P,not_slow_tick,not_slow_tick,active,active,1110,0.1109,1,1,1,1,0,0
D03_id_iq_step,P,not_slow_tick,not_slow_tick,active,active,1111,0.111,1,1,1,0,0,0
D03_id_iq_step,P,not_slow_tick,not_slow_tick,active,active,1112,0.1111,1,1,1,0,0,0
D03_id_iq_step,P,not_slow_tick,not_slow_tick,active,active,1113,0.1112,1,1,1,1,0,0
D03_id_iq_step,P,not_slow_tick,not_slow_tick,active,active,1114,0.1113,1,1,1,1,0,0
D03_id_iq_step,P,not_slow_tick,not_slow_tick,active,active,1115,0.1114,0,0,1,1,0,0
D03_id_iq_step,P,not_slow_tick,not_slow_tick,active,active,1116,0.1115,0,0,1,1,0,0
D03_id_iq_step,P,not_slow_tick,not_slow_tick,active,active,1117,0.1116,0,0,1,1,0,0
D03_id_iq_step,P,not_slow_tick,not_slow_tick,active,active,1118,0.1117,0,0,1,1,0,0
D03_id_iq_step,P,not_slow_tick,not_slow_tick,active,active,1119,0.1118,0,0,1,1,0,0
D03_id_iq_step,P,u_hp_below_threshold,u_hp_below_threshold,frozen_excitation,frozen_excitation,1120,0.1119,0,0,1,1,0,0
D03_id_iq_step,P,not_slow_tick,not_slow_tick,active,active,1121,0.112,1,1,1,1,0,0
D03_id_iq_step,P,not_slow_tick,not_slow_tick,active,active,1122,0.1121,1,1,1,0,0,0
D03_id_iq_step,P,not_slow_tick,not_slow_tick,active,active,1123,0.1122,1,1,1,1,0,0
D03_id_iq_step,P,not_slow_tick,not_slow_tick,active,active,1124,0.1123,1,1,1,0,0,0
D03_id_iq_step,P,not_slow_tick,not_slow_tick,active,active,1125,0.1124,1,1,1,1,0,0
D03_id_iq_step,P,not_slow_tick,not_slow_tick,active,active,1126,0.1125,1,1,1,0,0,0
D03_id_iq_step,P,not_slow_tick,not_slow_tick,active,active,1127,0.1126,1,1,1,1,0,0
D03_id_iq_step,P,not_slow_tick,not_slow_tick,active,active,1128,0.1127,1,1,1,1,0,0
D03_id_iq_step,P,not_slow_tick,not_slow_tick,active,active,1129,0.1128,1,1,1,0,0,0
D03_id_iq_step,P,not_slow_tick,not_slow_tick,active,active,1130,0.1129,0,1,1,0,0,0
D03_id_iq_step,P,not_slow_tick,not_slow_tick,active,active,1131,0.113,1,1,1,0,0,0
D03_id_iq_step,P,not_slow_tick,not_slow_tick,active,active,1132,0.1131,0,0,1,1,0,0
D03_id_iq_step,P,not_slow_tick,not_slow_tick,active,active,1133,0.1132,0,0,1,1,0,0
D03_id_iq_step,P,not_slow_tick,not_slow_tick,active,active,1134,0.1133,0,0,1,1,0,0
D03_id_iq_step,P,not_slow_tick,not_slow_tick,active,active,1135,0.1134,1,1,1,1,0,0
D03_id_iq_step,P,not_slow_tick,not_slow_tick,active,active,1136,0.1135,1,1,1,0,0,0
D03_id_iq_step,P,not_slow_tick,not_slow_tick,active,active,1137,0.1136,1,1,1,0,0,0
D03_id_iq_step,P,not_slow_tick,not_slow_tick,active,active,1138,0.1137,1,1,1,1,0,0
D03_id_iq_step,P,not_slow_tick,not_slow_tick,active,active,1139,0.1138,1,1,1,0,0,0
D03_id_iq_step,P,none,none,active,active,1140,0.1139,1,1,1,1,1,1
D03_id_iq_step,P,not_slow_tick,not_slow_tick,active,active,1141,0.114,1,1,1,1,0,0
D03_id_iq_step,P,not_slow_tick,not_slow_tick,active,active,1142,0.1141,1,1,1,0,0,0
D03_id_iq_step,P,not_slow_tick,not_slow_tick,active,active,1143,0.1142,1,1,1,1,0,0
D03_id_iq_step,P,not_slow_tick,not_slow_tick,active,active,1144,0.1143,0,1,1,1,0,0
D03_id_iq_step,P,not_slow_tick,not_slow_tick,active,active,1145,0.1144,0,0,1,1,0,0
D03_id_iq_step,P,not_slow_tick,not_slow_tick,active,active,1146,0.1145,0,0,1,1,0,0
D03_id_iq_step,P,not_slow_tick,not_slow_tick,active,active,1147,0.1146,0,0,1,1,0,0
D03_id_iq_step,P,not_slow_tick,not_slow_tick,active,active,1148,0.1147,0,0,1,1,0,0
D03_id_iq_step,P,not_slow_tick,not_slow_tick,active,active,1149,0.1148,1,1,1,1,0,0
D03_id_iq_step,P,not_slow_tick,not_slow_tick,active,active,1150,0.1149,1,1,1,0,0,0
D03_id_iq_step,P,not_slow_tick,not_slow_tick,active,active,1151,0.115,1,1,1,1,0,0
D03_id_iq_step,P,not_slow_tick,not_slow_tick,active,active,1152,0.1151,1,1,1,0,0,0
D03_id_iq_step,P,not_slow_tick,not_slow_tick,active,active,1153,0.1152,1,1,1,1,0,0
D03_id_iq_step,P,not_slow_tick,not_slow_tick,active,active,1154,0.1153,1,1,1,0,0,0
D03_id_iq_step,P,not_slow_tick,not_slow_tick,active,active,1155,0.1154,1,1,1,0,0,0
D03_id_iq_step,P,not_slow_tick,not_slow_tick,active,active,1156,0.1155,1,1,1,1,0,0
D03_id_iq_step,P,not_slow_tick,not_slow_tick,active,active,1157,0.1156,1,1,1,0,0,0
D03_id_iq_step,P,not_slow_tick,not_slow_tick,active,active,1158,0.1157,0,1,1,0,0,0
D03_id_iq_step,P,not_slow_tick,not_slow_tick,active,active,1159,0.1158,1,0,1,1,0,0
D03_id_iq_step,P,u_hp_below_threshold,u_hp_below_threshold,frozen_excitation,frozen_excitation,1160,0.1159,0,0,1,1,0,0
D03_id_iq_step,P,not_slow_tick,not_slow_tick,active,active,1161,0.116,0,0,1,1,0,0
D03_id_iq_step,P,not_slow_tick,not_slow_tick,active,active,1162,0.1161,0,1,1,1,0,0
D03_id_iq_step,P,not_slow_tick,not_slow_tick,active,active,1163,0.1162,1,1,1,1,0,0
D03_id_iq_step,P,not_slow_tick,not_slow_tick,active,active,1164,0.1163,1,1,1,0,0,0
D03_id_iq_step,P,not_slow_tick,not_slow_tick,active,active,1165,0.1164,1,1,1,1,0,0
D03_id_iq_step,P,not_slow_tick,not_slow_tick,active,active,1166,0.1165,1,1,1,0,0,0
D03_id_iq_step,P,not_slow_tick,not_slow_tick,active,active,1167,0.1166,1,1,1,0,0,0
D03_id_iq_step,P,not_slow_tick,not_slow_tick,active,active,1168,0.1167,1,1,1,1,0,0
D03_id_iq_step,P,not_slow_tick,not_slow_tick,active,active,1169,0.1168,1,0,1,1,0,0
D03_id_iq_step,P,not_slow_tick,not_slow_tick,active,active,1170,0.1169,1,1,1,0,0,0
D03_id_iq_step,P,not_slow_tick,not_slow_tick,active,active,1171,0.117,1,1,1,1,0,0
D03_id_iq_step,P,not_slow_tick,not_slow_tick,active,active,1172,0.1171,0,1,1,1,0,0
D03_id_iq_step,P,not_slow_tick,not_slow_tick,active,active,1173,0.1172,0,0,1,1,0,0
D03_id_iq_step,P,not_slow_tick,not_slow_tick,active,active,1174,0.1173,0,0,1,1,0,0
D03_id_iq_step,P,not_slow_tick,not_slow_tick,active,active,1175,0.1174,0,0,1,1,0,0
D03_id_iq_step,P,not_slow_tick,not_slow_tick,active,active,1176,0.1175,0,0,1,1,0,0
D03_id_iq_step,P,not_slow_tick,not_slow_tick,active,active,1177,0.1176,1,1,1,1,0,0
D03_id_iq_step,P,not_slow_tick,not_slow_tick,active,active,1178,0.1177,1,1,1,0,0,0
D03_id_iq_step,P,not_slow_tick,not_slow_tick,active,active,1179,0.1178,1,1,1,1,0,0
D03_id_iq_step,P,none,none,active,active,1180,0.1179,1,1,1,0,1,1
D03_id_iq_step,P,not_slow_tick,not_slow_tick,active,active,1181,0.118,1,1,1,1,0,0
D03_id_iq_step,P,not_slow_tick,not_slow_tick,active,active,1182,0.1181,1,1,1,0,0,0
D03_id_iq_step,P,not_slow_tick,not_slow_tick,active,active,1183,0.1182,1,1,1,0,0,0
D03_id_iq_step,P,not_slow_tick,not_slow_tick,active,active,1184,0.1183,1,1,1,1,0,0
D03_id_iq_step,P,not_slow_tick,not_slow_tick,active,active,1185,0.1184,1,1,1,0,0,0
D03_id_iq_step,P,not_slow_tick,not_slow_tick,active,active,1186,0.1185,0,1,1,0,0,0
D03_id_iq_step,P,not_slow_tick,not_slow_tick,active,active,1187,0.1186,1,0,1,1,0,0
D03_id_iq_step,P,not_slow_tick,not_slow_tick,active,active,1188,0.1187,0,0,1,1,0,0
D03_id_iq_step,P,not_slow_tick,not_slow_tick,active,active,1189,0.1188,0,0,1,1,0,0
D03_id_iq_step,P,not_slow_tick,not_slow_tick,active,active,1190,0.1189,0,1,1,1,0,0
D03_id_iq_step,P,not_slow_tick,not_slow_tick,active,active,1191,0.119,1,1,1,0,0,0
D03_id_iq_step,P,not_slow_tick,not_slow_tick,active,active,1192,0.1191,1,1,1,0,0,0
D03_id_iq_step,P,not_slow_tick,not_slow_tick,active,active,1193,0.1192,1,1,1,1,0,0
D03_id_iq_step,P,not_slow_tick,not_slow_tick,active,active,1194,0.1193,1,1,1,0,0,0
D03_id_iq_step,P,not_slow_tick,not_slow_tick,active,active,1195,0.1194,1,1,1,1,0,0
D03_id_iq_step,P,not_slow_tick,not_slow_tick,active,active,1196,0.1195,1,1,1,0,0,0
D03_id_iq_step,P,not_slow_tick,not_slow_tick,active,active,1197,0.1196,1,1,1,0,0,0
D03_id_iq_step,P,not_slow_tick,not_slow_tick,active,active,1198,0.1197,1,1,1,1,0,0
D03_id_iq_step,P,not_slow_tick,not_slow_tick,active,active,1199,0.1198,1,1,1,0,0,0
D03_id_iq_step,P,none,none,active,active,1200,0.1199,1,1,1,1,1,1
P08_opposed_20pct,P,startup_no_completed_command,startup_no_completed_command,startup,startup,1,0,0,0,0,0,0,0
P08_opposed_20pct,P,trusted_post_s2_execution,trusted_post_s2_execution,warmup,warmup,2,0.0001,0,0,1,1,0,0
P08_opposed_20pct,P,not_slow_tick,not_slow_tick,active,active,3,0.0002,0,0,1,1,0,0
P08_opposed_20pct,P,not_slow_tick,not_slow_tick,active,active,4,0.0003,0,0,1,1,0,0
P08_opposed_20pct,P,not_slow_tick,not_slow_tick,active,active,5,0.0004,0,0,1,1,0,0
P08_opposed_20pct,P,not_slow_tick,not_slow_tick,active,active,6,0.0005,0,0,1,0,0,0
P08_opposed_20pct,P,not_slow_tick,not_slow_tick,active,active,7,0.0006,0,0,1,0,0,0
P08_opposed_20pct,P,not_slow_tick,not_slow_tick,active,active,8,0.0007,0,0,1,1,0,0
P08_opposed_20pct,P,not_slow_tick,not_slow_tick,active,active,9,0.0008,0,0,1,1,0,0
P08_opposed_20pct,P,not_slow_tick,not_slow_tick,active,active,10,0.0009,0,0,1,1,0,0
P08_opposed_20pct,P,not_slow_tick,not_slow_tick,active,active,11,0.001,0,0,1,1,0,0
P08_opposed_20pct,P,not_slow_tick,not_slow_tick,active,active,12,0.0011,0,0,1,1,0,0
P08_opposed_20pct,P,not_slow_tick,not_slow_tick,active,active,13,0.0012,0,0,1,1,0,0
P08_opposed_20pct,P,not_slow_tick,not_slow_tick,active,active,14,0.0013,0,0,1,1,0,0
P08_opposed_20pct,P,not_slow_tick,not_slow_tick,active,active,15,0.0014,0,0,1,1,0,0
P08_opposed_20pct,P,not_slow_tick,not_slow_tick,active,active,16,0.0015,0,0,1,1,0,0
P08_opposed_20pct,P,not_slow_tick,not_slow_tick,active,active,17,0.0016,0,0,1,1,0,0
P08_opposed_20pct,P,not_slow_tick,not_slow_tick,active,active,18,0.0017,0,0,1,1,0,0
P08_opposed_20pct,P,not_slow_tick,not_slow_tick,active,active,19,0.0018,0,0,1,1,0,0
P08_opposed_20pct,P,window_incomplete,window_incomplete,frozen_excitation,frozen_excitation,20,0.0019,0,0,1,1,0,0
P08_opposed_20pct,P,not_slow_tick,not_slow_tick,active,active,21,0.002,0,0,1,0,0,0
P08_opposed_20pct,P,not_slow_tick,not_slow_tick,active,active,22,0.0021,1,1,1,1,0,0
P08_opposed_20pct,P,not_slow_tick,not_slow_tick,active,active,23,0.0022,1,1,1,1,0,0
P08_opposed_20pct,P,not_slow_tick,not_slow_tick,active,active,24,0.0023,1,1,1,1,0,0
P08_opposed_20pct,P,not_slow_tick,not_slow_tick,active,active,25,0.0024,1,1,1,0,0,0
P08_opposed_20pct,P,not_slow_tick,not_slow_tick,active,active,26,0.0025,1,1,1,1,0,0
P08_opposed_20pct,P,not_slow_tick,not_slow_tick,active,active,27,0.0026,1,1,1,1,0,0
P08_opposed_20pct,P,not_slow_tick,not_slow_tick,active,active,28,0.0027,1,1,1,1,0,0
P08_opposed_20pct,P,not_slow_tick,not_slow_tick,active,active,29,0.0028,1,1,1,1,0,0
P08_opposed_20pct,P,not_slow_tick,not_slow_tick,active,active,30,0.0029,1,1,1,1,0,0
P08_opposed_20pct,P,not_slow_tick,not_slow_tick,active,active,31,0.003,1,1,1,1,0,0
P08_opposed_20pct,P,not_slow_tick,not_slow_tick,active,active,32,0.0031,1,1,1,1,0,0
P08_opposed_20pct,P,not_slow_tick,not_slow_tick,active,active,33,0.0032,1,1,1,1,0,0
P08_opposed_20pct,P,not_slow_tick,not_slow_tick,active,active,34,0.0033,1,1,1,1,0,0
P08_opposed_20pct,P,not_slow_tick,not_slow_tick,active,active,35,0.0034,1,0,1,1,0,0
P08_opposed_20pct,P,not_slow_tick,not_slow_tick,active,active,36,0.0035,1,0,1,1,0,0
P08_opposed_20pct,P,not_slow_tick,not_slow_tick,active,active,37,0.0036,1,1,1,1,0,0
P08_opposed_20pct,P,not_slow_tick,not_slow_tick,active,active,38,0.0037,1,1,1,1,0,0
P08_opposed_20pct,P,not_slow_tick,not_slow_tick,active,active,39,0.0038,0,1,1,0,0,0
P08_opposed_20pct,P,none,u_hp_below_threshold,active,frozen_excitation,40,0.0039,1,0,1,0,1,0
P08_opposed_20pct,P,not_slow_tick,not_slow_tick,active,active,41,0.004,1,1,1,0,0,0
P08_opposed_20pct,P,not_slow_tick,not_slow_tick,active,active,42,0.0041,1,1,1,0,0,0
P08_opposed_20pct,P,not_slow_tick,not_slow_tick,active,active,43,0.0042,1,1,1,0,0,0
P08_opposed_20pct,P,not_slow_tick,not_slow_tick,active,active,44,0.0043,1,1,1,0,0,0
P08_opposed_20pct,P,not_slow_tick,not_slow_tick,active,active,45,0.0044,0,0,1,1,0,0
P08_opposed_20pct,P,not_slow_tick,not_slow_tick,active,active,46,0.0045,1,1,1,1,0,0
P08_opposed_20pct,P,not_slow_tick,not_slow_tick,active,active,47,0.0046,1,1,1,1,0,0
P08_opposed_20pct,P,not_slow_tick,not_slow_tick,active,active,48,0.0047,1,1,1,1,0,0
P08_opposed_20pct,P,not_slow_tick,not_slow_tick,active,active,49,0.0048,1,0,1,1,0,0
P08_opposed_20pct,P,not_slow_tick,not_slow_tick,active,active,50,0.0049,1,0,1,1,0,0
P08_opposed_20pct,P,not_slow_tick,not_slow_tick,active,active,51,0.005,1,1,1,1,0,0
P08_opposed_20pct,P,not_slow_tick,not_slow_tick,active,active,52,0.0051,1,0,1,1,0,0
P08_opposed_20pct,P,not_slow_tick,not_slow_tick,active,active,53,0.0052,1,0,1,0,0,0
P08_opposed_20pct,P,not_slow_tick,not_slow_tick,active,active,54,0.0053,1,1,1,1,0,0
P08_opposed_20pct,P,not_slow_tick,not_slow_tick,active,active,55,0.0054,0,0,1,0,0,0
P08_opposed_20pct,P,not_slow_tick,not_slow_tick,active,active,56,0.0055,1,1,1,1,0,0
P08_opposed_20pct,P,not_slow_tick,not_slow_tick,active,active,57,0.0056,1,0,1,1,0,0
P08_opposed_20pct,P,not_slow_tick,not_slow_tick,active,active,58,0.0057,1,1,1,1,0,0
P08_opposed_20pct,P,not_slow_tick,not_slow_tick,active,active,59,0.0058,1,1,1,1,0,0
P08_opposed_20pct,P,none,none,active,active,60,0.0059,1,1,1,0,1,1
P08_opposed_20pct,P,not_slow_tick,not_slow_tick,active,active,61,0.006,1,1,1,1,0,0
P08_opposed_20pct,P,not_slow_tick,not_slow_tick,active,active,62,0.0061,0,1,1,0,0,0
P08_opposed_20pct,P,not_slow_tick,not_slow_tick,active,active,63,0.0062,0,0,1,1,0,0
P08_opposed_20pct,P,not_slow_tick,not_slow_tick,active,active,64,0.0063,1,1,1,0,0,0
P08_opposed_20pct,P,not_slow_tick,not_slow_tick,active,active,65,0.0064,1,1,1,1,0,0
P08_opposed_20pct,P,not_slow_tick,not_slow_tick,active,active,66,0.0065,1,1,1,1,0,0
P08_opposed_20pct,P,not_slow_tick,not_slow_tick,active,active,67,0.0066,1,1,1,1,0,0
P08_opposed_20pct,P,not_slow_tick,not_slow_tick,active,active,68,0.0067,1,0,1,1,0,0
P08_opposed_20pct,P,not_slow_tick,not_slow_tick,active,active,69,0.0068,1,1,1,1,0,0
P08_opposed_20pct,P,not_slow_tick,not_slow_tick,active,active,70,0.0069,1,1,1,1,0,0
P08_opposed_20pct,P,not_slow_tick,not_slow_tick,active,active,71,0.007,1,1,1,1,0,0
P08_opposed_20pct,P,not_slow_tick,not_slow_tick,active,active,72,0.0071,1,1,1,1,0,0
P08_opposed_20pct,P,not_slow_tick,not_slow_tick,active,active,73,0.0072,1,1,1,1,0,0
P08_opposed_20pct,P,not_slow_tick,not_slow_tick,active,active,74,0.0073,1,1,1,1,0,0
P08_opposed_20pct,P,not_slow_tick,not_slow_tick,active,active,75,0.0074,1,1,1,0,0,0
P08_opposed_20pct,P,not_slow_tick,not_slow_tick,active,active,76,0.0075,1,1,1,1,0,0
P08_opposed_20pct,P,not_slow_tick,not_slow_tick,active,active,77,0.0076,1,1,1,0,0,0
P08_opposed_20pct,P,not_slow_tick,not_slow_tick,active,active,78,0.0077,1,1,1,1,0,0
P08_opposed_20pct,P,not_slow_tick,not_slow_tick,active,active,79,0.0078,1,1,1,1,0,0
P08_opposed_20pct,P,none,none,active,active,80,0.0079,1,1,1,1,1,1
P08_opposed_20pct,P,not_slow_tick,not_slow_tick,active,active,81,0.008,1,0,1,0,0,0
P08_opposed_20pct,P,not_slow_tick,not_slow_tick,active,active,82,0.0081,0,0,1,0,0,0
P08_opposed_20pct,P,not_slow_tick,not_slow_tick,active,active,83,0.0082,1,1,1,0,0,0
P08_opposed_20pct,P,not_slow_tick,not_slow_tick,active,active,84,0.0083,1,1,1,1,0,0
P08_opposed_20pct,P,not_slow_tick,not_slow_tick,active,active,85,0.0084,1,1,1,1,0,0
P08_opposed_20pct,P,not_slow_tick,not_slow_tick,active,active,86,0.0085,1,1,1,1,0,0
P08_opposed_20pct,P,not_slow_tick,not_slow_tick,active,active,87,0.0086,0,1,1,1,0,0
P08_opposed_20pct,P,not_slow_tick,not_slow_tick,active,active,88,0.0087,1,1,1,1,0,0
P08_opposed_20pct,P,not_slow_tick,not_slow_tick,active,active,89,0.0088,0,0,1,1,0,0
P08_opposed_20pct,P,not_slow_tick,not_slow_tick,active,active,90,0.0089,1,1,1,1,0,0
P08_opposed_20pct,P,not_slow_tick,not_slow_tick,active,active,91,0.009,0,0,1,1,0,0
P08_opposed_20pct,P,not_slow_tick,not_slow_tick,active,active,92,0.0091,0,0,1,1,0,0
P08_opposed_20pct,P,not_slow_tick,not_slow_tick,active,active,93,0.0092,0,1,1,1,0,0
P08_opposed_20pct,P,not_slow_tick,not_slow_tick,active,active,94,0.0093,0,1,1,1,0,0
P08_opposed_20pct,P,not_slow_tick,not_slow_tick,active,active,95,0.0094,1,1,1,1,0,0
P08_opposed_20pct,P,not_slow_tick,not_slow_tick,active,active,96,0.0095,1,1,1,0,0,0
P08_opposed_20pct,P,not_slow_tick,not_slow_tick,active,active,97,0.0096,1,1,1,1,0,0
P08_opposed_20pct,P,not_slow_tick,not_slow_tick,active,active,98,0.0097,1,1,1,0,0,0
P08_opposed_20pct,P,not_slow_tick,not_slow_tick,active,active,99,0.0098,1,1,1,1,0,0
P08_opposed_20pct,P,u_hp_below_threshold,none,frozen_excitation,active,100,0.0099,0,1,1,1,0,1
P08_opposed_20pct,P,not_slow_tick,not_slow_tick,active,active,101,0.01,1,0,1,1,0,0
P08_opposed_20pct,P,not_slow_tick,not_slow_tick,active,active,102,0.0101,0,0,1,0,0,0
P08_opposed_20pct,P,not_slow_tick,not_slow_tick,active,active,103,0.0102,1,1,1,1,0,0
P08_opposed_20pct,P,not_slow_tick,not_slow_tick,active,active,104,0.0103,1,1,1,0,0,0
P08_opposed_20pct,P,not_slow_tick,not_slow_tick,active,active,105,0.0104,1,0,1,1,0,0
P08_opposed_20pct,P,not_slow_tick,not_slow_tick,active,active,106,0.0105,1,1,1,0,0,0
P08_opposed_20pct,P,not_slow_tick,not_slow_tick,active,active,107,0.0106,1,1,1,1,0,0
P08_opposed_20pct,P,not_slow_tick,not_slow_tick,active,active,108,0.0107,1,1,1,1,0,0
P08_opposed_20pct,P,not_slow_tick,not_slow_tick,active,active,109,0.0108,0,1,1,1,0,0
P08_opposed_20pct,P,not_slow_tick,not_slow_tick,active,active,110,0.0109,1,1,1,1,0,0
P08_opposed_20pct,P,not_slow_tick,not_slow_tick,active,active,111,0.011,0,0,1,1,0,0
P08_opposed_20pct,P,not_slow_tick,not_slow_tick,active,active,112,0.0111,0,1,1,1,0,0
P08_opposed_20pct,P,not_slow_tick,not_slow_tick,active,active,113,0.0112,0,0,1,1,0,0
P08_opposed_20pct,P,not_slow_tick,not_slow_tick,active,active,114,0.0113,0,0,1,1,0,0
P08_opposed_20pct,P,not_slow_tick,not_slow_tick,active,active,115,0.0114,0,0,1,0,0,0
P08_opposed_20pct,P,not_slow_tick,not_slow_tick,active,active,116,0.0115,1,1,1,1,0,0
P08_opposed_20pct,P,not_slow_tick,not_slow_tick,active,active,117,0.0116,1,1,1,0,0,0
P08_opposed_20pct,P,not_slow_tick,not_slow_tick,active,active,118,0.0117,1,1,1,1,0,0
P08_opposed_20pct,P,not_slow_tick,not_slow_tick,active,active,119,0.0118,1,1,1,0,0,0
P08_opposed_20pct,P,none,none,active,active,120,0.0119,1,1,1,1,1,1
P08_opposed_20pct,P,not_slow_tick,not_slow_tick,active,active,121,0.012,0,1,1,1,0,0
P08_opposed_20pct,P,not_slow_tick,not_slow_tick,active,active,122,0.0121,1,0,1,0,0,0
P08_opposed_20pct,P,not_slow_tick,not_slow_tick,active,active,123,0.0122,0,1,1,0,0,0
P08_opposed_20pct,P,not_slow_tick,not_slow_tick,active,active,124,0.0123,1,1,1,1,0,0
P08_opposed_20pct,P,not_slow_tick,not_slow_tick,active,active,125,0.0124,1,1,1,0,0,0
P08_opposed_20pct,P,not_slow_tick,not_slow_tick,active,active,126,0.0125,1,1,1,1,0,0
P08_opposed_20pct,P,not_slow_tick,not_slow_tick,active,active,127,0.0126,1,1,1,0,0,0
P08_opposed_20pct,P,not_slow_tick,not_slow_tick,active,active,128,0.0127,1,1,1,1,0,0
P08_opposed_20pct,P,not_slow_tick,not_slow_tick,active,active,129,0.0128,1,1,1,1,0,0
P08_opposed_20pct,P,not_slow_tick,not_slow_tick,active,active,130,0.0129,1,1,1,1,0,0
P08_opposed_20pct,P,not_slow_tick,not_slow_tick,active,active,131,0.013,1,1,1,1,0,0
P08_opposed_20pct,P,not_slow_tick,not_slow_tick,active,active,132,0.0131,0,0,1,1,0,0
P08_opposed_20pct,P,not_slow_tick,not_slow_tick,active,active,133,0.0132,0,1,1,1,0,0
P08_opposed_20pct,P,not_slow_tick,not_slow_tick,active,active,134,0.0133,0,0,1,1,0,0
P08_opposed_20pct,P,not_slow_tick,not_slow_tick,active,active,135,0.0134,0,0,1,1,0,0
P08_opposed_20pct,P,not_slow_tick,not_slow_tick,active,active,136,0.0135,1,1,1,1,0,0
P08_opposed_20pct,P,not_slow_tick,not_slow_tick,active,active,137,0.0136,1,1,1,0,0,0
P08_opposed_20pct,P,not_slow_tick,not_slow_tick,active,active,138,0.0137,1,1,1,1,0,0
P08_opposed_20pct,P,not_slow_tick,not_slow_tick,active,active,139,0.0138,1,1,1,0,0,0
P08_opposed_20pct,P,none,none,active,active,140,0.0139,1,1,1,1,1,1
P08_opposed_20pct,P,not_slow_tick,not_slow_tick,active,active,141,0.014,0,1,1,1,0,0
P08_opposed_20pct,P,not_slow_tick,not_slow_tick,active,active,142,0.0141,1,1,1,1,0,0
P08_opposed_20pct,P,not_slow_tick,not_slow_tick,active,active,143,0.0142,0,0,1,1,0,0
P08_opposed_20pct,P,not_slow_tick,not_slow_tick,active,active,144,0.0143,1,1,1,0,0,0
P08_opposed_20pct,P,not_slow_tick,not_slow_tick,active,active,145,0.0144,1,1,1,0,0,0
P08_opposed_20pct,P,not_slow_tick,not_slow_tick,active,active,146,0.0145,1,1,1,1,0,0
P08_opposed_20pct,P,not_slow_tick,not_slow_tick,active,active,147,0.0146,1,1,1,0,0,0
P08_opposed_20pct,P,not_slow_tick,not_slow_tick,active,active,148,0.0147,1,1,1,1,0,0
P08_opposed_20pct,P,not_slow_tick,not_slow_tick,active,active,149,0.0148,1,1,1,1,0,0
P08_opposed_20pct,P,not_slow_tick,not_slow_tick,active,active,150,0.0149,1,1,1,1,0,0
P08_opposed_20pct,P,not_slow_tick,not_slow_tick,active,active,151,0.015,1,1,1,1,0,0
P08_opposed_20pct,P,not_slow_tick,not_slow_tick,active,active,152,0.0151,0,0,1,1,0,0
P08_opposed_20pct,P,not_slow_tick,not_slow_tick,active,active,153,0.0152,0,1,1,1,0,0
P08_opposed_20pct,P,not_slow_tick,not_slow_tick,active,active,154,0.0153,0,0,1,1,0,0
P08_opposed_20pct,P,not_slow_tick,not_slow_tick,active,active,155,0.0154,0,0,1,1,0,0
P08_opposed_20pct,P,not_slow_tick,not_slow_tick,active,active,156,0.0155,0,0,1,1,0,0
P08_opposed_20pct,P,not_slow_tick,not_slow_tick,active,active,157,0.0156,1,1,1,1,0,0
P08_opposed_20pct,P,not_slow_tick,not_slow_tick,active,active,158,0.0157,1,1,1,0,0,0
P08_opposed_20pct,P,not_slow_tick,not_slow_tick,active,active,159,0.0158,1,1,1,1,0,0
P08_opposed_20pct,P,none,none,active,active,160,0.0159,1,1,1,0,1,1
P08_opposed_20pct,P,not_slow_tick,not_slow_tick,active,active,161,0.016,1,1,1,1,0,0
P08_opposed_20pct,P,not_slow_tick,not_slow_tick,active,active,162,0.0161,0,1,1,1,0,0
P08_opposed_20pct,P,not_slow_tick,not_slow_tick,active,active,163,0.0162,1,0,1,1,0,0
P08_opposed_20pct,P,not_slow_tick,not_slow_tick,active,active,164,0.0163,1,1,1,0,0,0
P08_opposed_20pct,P,not_slow_tick,not_slow_tick,active,active,165,0.0164,1,0,1,0,0,0
P08_opposed_20pct,P,not_slow_tick,not_slow_tick,active,active,166,0.0165,1,0,1,1,0,0
P08_opposed_20pct,P,not_slow_tick,not_slow_tick,active,active,167,0.0166,1,1,1,1,0,0
P08_opposed_20pct,P,not_slow_tick,not_slow_tick,active,active,168,0.0167,1,1,1,0,0,0
P08_opposed_20pct,P,not_slow_tick,not_slow_tick,active,active,169,0.0168,1,1,1,1,0,0
P08_opposed_20pct,P,not_slow_tick,not_slow_tick,active,active,170,0.0169,1,1,1,1,0,0
P08_opposed_20pct,P,not_slow_tick,not_slow_tick,active,active,171,0.017,1,1,1,1,0,0
P08_opposed_20pct,P,not_slow_tick,not_slow_tick,active,active,172,0.0171,1,1,1,1,0,0
P08_opposed_20pct,P,not_slow_tick,not_slow_tick,active,active,173,0.0172,0,0,1,1,0,0
P08_opposed_20pct,P,not_slow_tick,not_slow_tick,active,active,174,0.0173,0,1,1,1,0,0
P08_opposed_20pct,P,not_slow_tick,not_slow_tick,active,active,175,0.0174,0,0,1,1,0,0
P08_opposed_20pct,P,not_slow_tick,not_slow_tick,active,active,176,0.0175,0,0,1,1,0,0
P08_opposed_20pct,P,not_slow_tick,not_slow_tick,active,active,177,0.0176,0,0,1,1,0,0
P08_opposed_20pct,P,not_slow_tick,not_slow_tick,active,active,178,0.0177,1,1,1,1,0,0
P08_opposed_20pct,P,not_slow_tick,not_slow_tick,active,active,179,0.0178,1,1,1,0,0,0
P08_opposed_20pct,P,none,none,active,active,180,0.0179,1,1,1,1,1,1
P08_opposed_20pct,P,not_slow_tick,not_slow_tick,active,active,181,0.018,1,1,1,0,0,0
P08_opposed_20pct,P,not_slow_tick,not_slow_tick,active,active,182,0.0181,1,1,1,1,0,0
P08_opposed_20pct,P,not_slow_tick,not_slow_tick,active,active,183,0.0182,0,1,1,1,0,0
P08_opposed_20pct,P,not_slow_tick,not_slow_tick,active,active,184,0.0183,1,0,1,1,0,0
P08_opposed_20pct,P,not_slow_tick,not_slow_tick,active,active,185,0.0184,0,0,1,0,0,0
P08_opposed_20pct,P,not_slow_tick,not_slow_tick,active,active,186,0.0185,1,1,1,0,0,0
P08_opposed_20pct,P,not_slow_tick,not_slow_tick,active,active,187,0.0186,1,1,1,1,0,0
P08_opposed_20pct,P,not_slow_tick,not_slow_tick,active,active,188,0.0187,1,1,1,0,0,0
P08_opposed_20pct,P,not_slow_tick,not_slow_tick,active,active,189,0.0188,1,1,1,1,0,0
P08_opposed_20pct,P,not_slow_tick,not_slow_tick,active,active,190,0.0189,1,1,1,1,0,0
P08_opposed_20pct,P,not_slow_tick,not_slow_tick,active,active,191,0.019,0,0,1,1,0,0
P08_opposed_20pct,P,not_slow_tick,not_slow_tick,active,active,192,0.0191,1,1,1,1,0,0
P08_opposed_20pct,P,not_slow_tick,not_slow_tick,active,active,193,0.0192,0,0,1,1,0,0
P08_opposed_20pct,P,not_slow_tick,not_slow_tick,active,active,194,0.0193,0,1,1,1,0,0
P08_opposed_20pct,P,not_slow_tick,not_slow_tick,active,active,195,0.0194,0,0,1,1,0,0
P08_opposed_20pct,P,not_slow_tick,not_slow_tick,active,active,196,0.0195,0,0,1,1,0,0
P08_opposed_20pct,P,not_slow_tick,not_slow_tick,active,active,197,0.0196,0,0,1,1,0,0
P08_opposed_20pct,P,not_slow_tick,not_slow_tick,active,active,198,0.0197,0,0,1,1,0,0
P08_opposed_20pct,P,not_slow_tick,not_slow_tick,active,active,199,0.0198,1,1,1,1,0,0
P08_opposed_20pct,P,none,none,active,active,200,0.0199,1,1,1,0,1,1
P08_opposed_20pct,P,not_slow_tick,not_slow_tick,active,active,201,0.02,1,1,1,1,0,0
P08_opposed_20pct,P,not_slow_tick,not_slow_tick,active,active,202,0.0201,1,1,1,0,0,0
P08_opposed_20pct,P,not_slow_tick,not_slow_tick,active,active,203,0.0202,1,1,1,1,0,0
P08_opposed_20pct,P,not_slow_tick,not_slow_tick,active,active,204,0.0203,0,1,1,1,0,0
P08_opposed_20pct,P,not_slow_tick,not_slow_tick,active,active,205,0.0204,1,0,1,1,0,0
P08_opposed_20pct,P,not_slow_tick,not_slow_tick,active,active,206,0.0205,0,0,1,0,0,0
P08_opposed_20pct,P,not_slow_tick,not_slow_tick,active,active,207,0.0206,1,1,1,0,0,0
P08_opposed_20pct,P,not_slow_tick,not_slow_tick,active,active,208,0.0207,1,1,1,0,0,0
P08_opposed_20pct,P,not_slow_tick,not_slow_tick,active,active,209,0.0208,1,0,1,1,0,0
P08_opposed_20pct,P,not_slow_tick,not_slow_tick,active,active,210,0.0209,1,1,1,1,0,0
P08_opposed_20pct,P,not_slow_tick,not_slow_tick,active,active,211,0.021,1,1,1,1,0,0
P08_opposed_20pct,P,not_slow_tick,not_slow_tick,active,active,212,0.0211,0,1,1,1,0,0
P08_opposed_20pct,P,not_slow_tick,not_slow_tick,active,active,213,0.0212,1,1,1,1,0,0
P08_opposed_20pct,P,not_slow_tick,not_slow_tick,active,active,214,0.0213,0,0,1,1,0,0
P08_opposed_20pct,P,not_slow_tick,not_slow_tick,active,active,215,0.0214,0,1,1,1,0,0
P08_opposed_20pct,P,not_slow_tick,not_slow_tick,active,active,216,0.0215,0,0,1,1,0,0
P08_opposed_20pct,P,not_slow_tick,not_slow_tick,active,active,217,0.0216,0,0,1,1,0,0
P08_opposed_20pct,P,not_slow_tick,not_slow_tick,active,active,218,0.0217,0,0,1,1,0,0
P08_opposed_20pct,P,not_slow_tick,not_slow_tick,active,active,219,0.0218,0,0,1,1,0,0
P08_opposed_20pct,P,none,none,active,active,220,0.0219,1,1,1,1,1,1
P08_opposed_20pct,P,not_slow_tick,not_slow_tick,active,active,221,0.022,1,1,1,0,0,0
P08_opposed_20pct,P,not_slow_tick,not_slow_tick,active,active,222,0.0221,1,1,1,1,0,0
P08_opposed_20pct,P,not_slow_tick,not_slow_tick,active,active,223,0.0222,1,1,1,0,0,0
P08_opposed_20pct,P,not_slow_tick,not_slow_tick,active,active,224,0.0223,1,1,1,1,0,0
P08_opposed_20pct,P,not_slow_tick,not_slow_tick,active,active,225,0.0224,0,1,1,1,0,0
P08_opposed_20pct,P,not_slow_tick,not_slow_tick,active,active,226,0.0225,1,0,1,0,0,0
P08_opposed_20pct,P,not_slow_tick,not_slow_tick,active,active,227,0.0226,0,1,1,0,0,0
P08_opposed_20pct,P,not_slow_tick,not_slow_tick,active,active,228,0.0227,1,1,1,1,0,0
P08_opposed_20pct,P,not_slow_tick,not_slow_tick,active,active,229,0.0228,1,1,1,0,0,0
P08_opposed_20pct,P,not_slow_tick,not_slow_tick,active,active,230,0.0229,1,0,1,1,0,0
P08_opposed_20pct,P,not_slow_tick,not_slow_tick,active,active,231,0.023,1,1,1,0,0,0
P08_opposed_20pct,P,not_slow_tick,not_slow_tick,active,active,232,0.0231,1,1,1,1,0,0
P08_opposed_20pct,P,not_slow_tick,not_slow_tick,active,active,233,0.0232,1,1,1,1,0,0
P08_opposed_20pct,P,not_slow_tick,not_slow_tick,active,active,234,0.0233,1,1,1,1,0,0
P08_opposed_20pct,P,not_slow_tick,not_slow_tick,active,active,235,0.0234,1,1,1,1,0,0
P08_opposed_20pct,P,not_slow_tick,not_slow_tick,active,active,236,0.0235,0,0,1,1,0,0
P08_opposed_20pct,P,not_slow_tick,not_slow_tick,active,active,237,0.0236,0,1,1,1,0,0
P08_opposed_20pct,P,not_slow_tick,not_slow_tick,active,active,238,0.0237,0,0,1,1,0,0
P08_opposed_20pct,P,not_slow_tick,not_slow_tick,active,active,239,0.0238,0,0,1,1,0,0
P08_opposed_20pct,P,u_hp_below_threshold,u_hp_below_threshold,frozen_excitation,frozen_excitation,240,0.0239,0,0,1,0,0,0
P08_opposed_20pct,P,not_slow_tick,not_slow_tick,active,active,241,0.024,1,1,1,1,0,0
P08_opposed_20pct,P,not_slow_tick,not_slow_tick,active,active,242,0.0241,1,1,1,0,0,0
P08_opposed_20pct,P,not_slow_tick,not_slow_tick,active,active,243,0.0242,1,1,1,1,0,0
P08_opposed_20pct,P,not_slow_tick,not_slow_tick,active,active,244,0.0243,1,1,1,1,0,0
P08_opposed_20pct,P,not_slow_tick,not_slow_tick,active,active,245,0.0244,1,1,1,1,0,0
P08_opposed_20pct,P,not_slow_tick,not_slow_tick,active,active,246,0.0245,0,1,1,1,0,0
P08_opposed_20pct,P,not_slow_tick,not_slow_tick,active,active,247,0.0246,1,1,1,0,0,0
P08_opposed_20pct,P,not_slow_tick,not_slow_tick,active,active,248,0.0247,0,1,1,0,0,0
P08_opposed_20pct,P,not_slow_tick,not_slow_tick,active,active,249,0.0248,1,1,1,1,0,0
P08_opposed_20pct,P,not_slow_tick,not_slow_tick,active,active,250,0.0249,1,1,1,0,0,0
P08_opposed_20pct,P,not_slow_tick,not_slow_tick,active,active,251,0.025,1,1,1,1,0,0
P08_opposed_20pct,P,not_slow_tick,not_slow_tick,active,active,252,0.0251,1,1,1,0,0,0
P08_opposed_20pct,P,not_slow_tick,not_slow_tick,active,active,253,0.0252,1,1,1,1,0,0
P08_opposed_20pct,P,not_slow_tick,not_slow_tick,active,active,254,0.0253,1,1,1,1,0,0
P08_opposed_20pct,P,not_slow_tick,not_slow_tick,active,active,255,0.0254,1,1,1,1,0,0
P08_opposed_20pct,P,not_slow_tick,not_slow_tick,active,active,256,0.0255,1,1,1,1,0,0
P08_opposed_20pct,P,not_slow_tick,not_slow_tick,active,active,257,0.0256,0,0,1,1,0,0
P08_opposed_20pct,P,not_slow_tick,not_slow_tick,active,active,258,0.0257,0,1,1,1,0,0
P08_opposed_20pct,P,not_slow_tick,not_slow_tick,active,active,259,0.0258,0,0,1,1,0,0
P08_opposed_20pct,P,u_hp_below_threshold,u_hp_below_threshold,frozen_excitation,frozen_excitation,260,0.0259,0,0,1,1,0,0
P08_opposed_20pct,P,not_slow_tick,not_slow_tick,active,active,261,0.026,0,0,1,0,0,0
P08_opposed_20pct,P,not_slow_tick,not_slow_tick,active,active,262,0.0261,1,1,1,1,0,0
P08_opposed_20pct,P,not_slow_tick,not_slow_tick,active,active,263,0.0262,1,1,1,0,0,0
P08_opposed_20pct,P,not_slow_tick,not_slow_tick,active,active,264,0.0263,1,1,1,1,0,0
P08_opposed_20pct,P,not_slow_tick,not_slow_tick,active,active,265,0.0264,1,1,1,1,0,0
P08_opposed_20pct,P,not_slow_tick,not_slow_tick,active,active,266,0.0265,1,1,1,1,0,0
P08_opposed_20pct,P,not_slow_tick,not_slow_tick,active,active,267,0.0266,0,1,1,1,0,0
P08_opposed_20pct,P,not_slow_tick,not_slow_tick,active,active,268,0.0267,1,1,1,0,0,0
P08_opposed_20pct,P,not_slow_tick,not_slow_tick,active,active,269,0.0268,0,1,1,0,0,0
P08_opposed_20pct,P,not_slow_tick,not_slow_tick,active,active,270,0.0269,1,1,1,0,0,0
P08_opposed_20pct,P,not_slow_tick,not_slow_tick,active,active,271,0.027,1,0,1,0,0,0
P08_opposed_20pct,P,not_slow_tick,not_slow_tick,active,active,272,0.0271,1,1,1,1,0,0
P08_opposed_20pct,P,not_slow_tick,not_slow_tick,active,active,273,0.0272,1,1,1,1,0,0
P08_opposed_20pct,P,not_slow_tick,not_slow_tick,active,active,274,0.0273,1,1,1,1,0,0
P08_opposed_20pct,P,not_slow_tick,not_slow_tick,active,active,275,0.0274,1,1,1,1,0,0
P08_opposed_20pct,P,not_slow_tick,not_slow_tick,active,active,276,0.0275,1,1,1,1,0,0
P08_opposed_20pct,P,not_slow_tick,not_slow_tick,active,active,277,0.0276,1,1,1,1,0,0
P08_opposed_20pct,P,not_slow_tick,not_slow_tick,active,active,278,0.0277,0,0,1,1,0,0
P08_opposed_20pct,P,not_slow_tick,not_slow_tick,active,active,279,0.0278,0,1,1,1,0,0
P08_opposed_20pct,P,u_hp_below_threshold,u_hp_below_threshold,frozen_excitation,frozen_excitation,280,0.0279,0,0,1,1,0,0
P08_opposed_20pct,P,not_slow_tick,not_slow_tick,active,active,281,0.028,0,0,1,1,0,0
P08_opposed_20pct,P,not_slow_tick,not_slow_tick,active,active,282,0.0281,1,1,1,1,0,0
P08_opposed_20pct,P,not_slow_tick,not_slow_tick,active,active,283,0.0282,1,1,1,0,0,0
P08_opposed_20pct,P,not_slow_tick,not_slow_tick,active,active,284,0.0283,1,1,1,1,0,0
P08_opposed_20pct,P,not_slow_tick,not_slow_tick,active,active,285,0.0284,1,1,1,0,0,0
P08_opposed_20pct,P,not_slow_tick,not_slow_tick,active,active,286,0.0285,1,1,1,1,0,0
P08_opposed_20pct,P,not_slow_tick,not_slow_tick,active,active,287,0.0286,0,1,1,1,0,0
P08_opposed_20pct,P,not_slow_tick,not_slow_tick,active,active,288,0.0287,1,0,1,1,0,0
P08_opposed_20pct,P,not_slow_tick,not_slow_tick,active,active,289,0.0288,1,1,1,0,0,0
P08_opposed_20pct,P,not_slow_tick,not_slow_tick,active,active,290,0.0289,1,0,1,0,0,0
P08_opposed_20pct,P,not_slow_tick,not_slow_tick,active,active,291,0.029,1,0,1,1,0,0
P08_opposed_20pct,P,not_slow_tick,not_slow_tick,active,active,292,0.0291,1,1,1,1,0,0
P08_opposed_20pct,P,not_slow_tick,not_slow_tick,active,active,293,0.0292,1,1,1,0,0,0
P08_opposed_20pct,P,not_slow_tick,not_slow_tick,active,active,294,0.0293,1,1,1,1,0,0
P08_opposed_20pct,P,not_slow_tick,not_slow_tick,active,active,295,0.0294,1,1,1,1,0,0
P08_opposed_20pct,P,not_slow_tick,not_slow_tick,active,active,296,0.0295,1,1,1,1,0,0
P08_opposed_20pct,P,not_slow_tick,not_slow_tick,active,active,297,0.0296,1,1,1,1,0,0
P08_opposed_20pct,P,not_slow_tick,not_slow_tick,active,active,298,0.0297,0,0,1,1,0,0
P08_opposed_20pct,P,not_slow_tick,not_slow_tick,active,active,299,0.0298,0,1,1,1,0,0
P08_opposed_20pct,P,u_hp_below_threshold,u_hp_below_threshold,frozen_excitation,frozen_excitation,300,0.0299,0,0,1,1,0,0
P08_opposed_20pct,P,not_slow_tick,not_slow_tick,active,active,301,0.03,0,0,1,1,0,0
P08_opposed_20pct,P,not_slow_tick,not_slow_tick,active,active,302,0.0301,0,0,1,1,0,0
P08_opposed_20pct,P,not_slow_tick,not_slow_tick,active,active,303,0.0302,1,1,1,1,0,0
P08_opposed_20pct,P,not_slow_tick,not_slow_tick,active,active,304,0.0303,1,1,1,0,0,0
P08_opposed_20pct,P,not_slow_tick,not_slow_tick,active,active,305,0.0304,1,1,1,1,0,0
P08_opposed_20pct,P,not_slow_tick,not_slow_tick,active,active,306,0.0305,1,1,1,0,0,0
P08_opposed_20pct,P,not_slow_tick,not_slow_tick,active,active,307,0.0306,1,1,1,1,0,0
P08_opposed_20pct,P,not_slow_tick,not_slow_tick,active,active,308,0.0307,0,1,1,1,0,0
P08_opposed_20pct,P,not_slow_tick,not_slow_tick,active,active,309,0.0308,1,0,1,1,0,0
P08_opposed_20pct,P,not_slow_tick,not_slow_tick,active,active,310,0.0309,0,0,1,0,0,0
P08_opposed_20pct,P,not_slow_tick,not_slow_tick,active,active,311,0.031,1,1,1,0,0,0
P08_opposed_20pct,P,not_slow_tick,not_slow_tick,active,active,312,0.0311,1,1,1,1,0,0
P08_opposed_20pct,P,not_slow_tick,not_slow_tick,active,active,313,0.0312,1,1,1,0,0,0
P08_opposed_20pct,P,not_slow_tick,not_slow_tick,active,active,314,0.0313,1,1,1,1,0,0
P08_opposed_20pct,P,not_slow_tick,not_slow_tick,active,active,315,0.0314,1,1,1,1,0,0
P08_opposed_20pct,P,not_slow_tick,not_slow_tick,active,active,316,0.0315,0,0,1,1,0,0
P08_opposed_20pct,P,not_slow_tick,not_slow_tick,active,active,317,0.0316,1,1,1,1,0,0
P08_opposed_20pct,P,not_slow_tick,not_slow_tick,active,active,318,0.0317,0,0,1,1,0,0
P08_opposed_20pct,P,not_slow_tick,not_slow_tick,active,active,319,0.0318,0,1,1,1,0,0
P08_opposed_20pct,P,u_hp_below_threshold,u_hp_below_threshold,frozen_excitation,frozen_excitation,320,0.0319,0,0,1,1,0,0
P08_opposed_20pct,P,not_slow_tick,not_slow_tick,active,active,321,0.032,0,0,1,1,0,0
P08_opposed_20pct,P,not_slow_tick,not_slow_tick,active,active,322,0.0321,0,0,1,1,0,0
P08_opposed_20pct,P,not_slow_tick,not_slow_tick,active,active,323,0.0322,0,0,1,1,0,0
P08_opposed_20pct,P,not_slow_tick,not_slow_tick,active,active,324,0.0323,1,1,1,1,0,0
P08_opposed_20pct,P,not_slow_tick,not_slow_tick,active,active,325,0.0324,1,1,1,0,0,0
P08_opposed_20pct,P,not_slow_tick,not_slow_tick,active,active,326,0.0325,1,1,1,1,0,0
P08_opposed_20pct,P,not_slow_tick,not_slow_tick,active,active,327,0.0326,1,1,1,0,0,0
P08_opposed_20pct,P,not_slow_tick,not_slow_tick,active,active,328,0.0327,1,1,1,1,0,0
P08_opposed_20pct,P,not_slow_tick,not_slow_tick,active,active,329,0.0328,0,1,1,1,0,0
P08_opposed_20pct,P,not_slow_tick,not_slow_tick,active,active,330,0.0329,1,0,1,1,0,0
P08_opposed_20pct,P,not_slow_tick,not_slow_tick,active,active,331,0.033,0,0,1,0,0,0
P08_opposed_20pct,P,not_slow_tick,not_slow_tick,active,active,332,0.0331,1,1,1,0,0,0
P08_opposed_20pct,P,not_slow_tick,not_slow_tick,active,active,333,0.0332,1,1,1,0,0,0
P08_opposed_20pct,P,not_slow_tick,not_slow_tick,active,active,334,0.0333,1,0,1,1,0,0
P08_opposed_20pct,P,not_slow_tick,not_slow_tick,active,active,335,0.0334,1,1,1,1,0,0
P08_opposed_20pct,P,not_slow_tick,not_slow_tick,active,active,336,0.0335,1,1,1,1,0,0
P08_opposed_20pct,P,not_slow_tick,not_slow_tick,active,active,337,0.0336,0,1,1,1,0,0
P08_opposed_20pct,P,not_slow_tick,not_slow_tick,active,active,338,0.0337,1,1,1,1,0,0
P08_opposed_20pct,P,not_slow_tick,not_slow_tick,active,active,339,0.0338,0,0,1,1,0,0
P08_opposed_20pct,P,u_hp_below_threshold,none,frozen_excitation,active,340,0.0339,0,1,1,1,0,1
P08_opposed_20pct,P,not_slow_tick,not_slow_tick,active,active,341,0.034,0,0,1,1,0,0
P08_opposed_20pct,P,not_slow_tick,not_slow_tick,active,active,342,0.0341,0,0,1,1,0,0
P08_opposed_20pct,P,not_slow_tick,not_slow_tick,active,active,343,0.0342,0,0,1,1,0,0
P08_opposed_20pct,P,not_slow_tick,not_slow_tick,active,active,344,0.0343,0,0,1,1,0,0
P08_opposed_20pct,P,not_slow_tick,not_slow_tick,active,active,345,0.0344,1,1,1,1,0,0
P08_opposed_20pct,P,not_slow_tick,not_slow_tick,active,active,346,0.0345,1,1,1,0,0,0
P08_opposed_20pct,P,not_slow_tick,not_slow_tick,active,active,347,0.0346,1,1,1,1,0,0
P08_opposed_20pct,P,not_slow_tick,not_slow_tick,active,active,348,0.0347,1,1,1,0,0,0
P08_opposed_20pct,P,not_slow_tick,not_slow_tick,active,active,349,0.0348,1,1,1,1,0,0
P08_opposed_20pct,P,not_slow_tick,not_slow_tick,active,active,350,0.0349,0,1,1,1,0,0
P08_opposed_20pct,P,not_slow_tick,not_slow_tick,active,active,351,0.035,1,0,1,0,0,0
P08_opposed_20pct,P,not_slow_tick,not_slow_tick,active,active,352,0.0351,0,1,1,0,0,0
P08_opposed_20pct,P,not_slow_tick,not_slow_tick,active,active,353,0.0352,1,1,1,1,0,0
P08_opposed_20pct,P,not_slow_tick,not_slow_tick,active,active,354,0.0353,1,1,1,0,0,0
P08_opposed_20pct,P,not_slow_tick,not_slow_tick,active,active,355,0.0354,1,0,1,1,0,0
P08_opposed_20pct,P,not_slow_tick,not_slow_tick,active,active,356,0.0355,1,1,1,0,0,0
P08_opposed_20pct,P,not_slow_tick,not_slow_tick,active,active,357,0.0356,1,1,1,1,0,0
P08_opposed_20pct,P,not_slow_tick,not_slow_tick,active,active,358,0.0357,1,1,1,1,0,0
P08_opposed_20pct,P,not_slow_tick,not_slow_tick,active,active,359,0.0358,1,1,1,1,0,0
P08_opposed_20pct,P,none,none,active,active,360,0.0359,1,1,1,1,1,1
P08_opposed_20pct,P,not_slow_tick,not_slow_tick,active,active,361,0.036,0,0,1,1,0,0
P08_opposed_20pct,P,not_slow_tick,not_slow_tick,active,active,362,0.0361,0,1,1,1,0,0
P08_opposed_20pct,P,not_slow_tick,not_slow_tick,active,active,363,0.0362,0,0,1,1,0,0
P08_opposed_20pct,P,not_slow_tick,not_slow_tick,active,active,364,0.0363,0,0,1,1,0,0
P08_opposed_20pct,P,not_slow_tick,not_slow_tick,active,active,365,0.0364,0,0,1,0,0,0
P08_opposed_20pct,P,not_slow_tick,not_slow_tick,active,active,366,0.0365,1,1,1,1,0,0
P08_opposed_20pct,P,not_slow_tick,not_slow_tick,active,active,367,0.0366,1,1,1,0,0,0
P08_opposed_20pct,P,not_slow_tick,not_slow_tick,active,active,368,0.0367,1,1,1,1,0,0
P08_opposed_20pct,P,not_slow_tick,not_slow_tick,active,active,369,0.0368,1,1,1,1,0,0
P08_opposed_20pct,P,not_slow_tick,not_slow_tick,active,active,370,0.0369,1,1,1,1,0,0
P08_opposed_20pct,P,not_slow_tick,not_slow_tick,active,active,371,0.037,0,1,1,1,0,0
P08_opposed_20pct,P,not_slow_tick,not_slow_tick,active,active,372,0.0371,1,0,1,0,0,0
P08_opposed_20pct,P,not_slow_tick,not_slow_tick,active,active,373,0.0372,0,1,1,0,0,0
P08_opposed_20pct,P,not_slow_tick,not_slow_tick,active,active,374,0.0373,1,1,1,1,0,0
P08_opposed_20pct,P,not_slow_tick,not_slow_tick,active,active,375,0.0374,1,1,1,0,0,0
P08_opposed_20pct,P,not_slow_tick,not_slow_tick,active,active,376,0.0375,1,1,1,1,0,0
P08_opposed_20pct,P,not_slow_tick,not_slow_tick,active,active,377,0.0376,1,1,1,0,0,0
P08_opposed_20pct,P,not_slow_tick,not_slow_tick,active,active,378,0.0377,1,1,1,1,0,0
P08_opposed_20pct,P,not_slow_tick,not_slow_tick,active,active,379,0.0378,1,1,1,1,0,0
P08_opposed_20pct,P,none,none,active,active,380,0.0379,1,1,1,1,1,1
P08_opposed_20pct,P,not_slow_tick,not_slow_tick,active,active,381,0.038,1,1,1,1,0,0
P08_opposed_20pct,P,not_slow_tick,not_slow_tick,active,active,382,0.0381,0,0,1,1,0,0
P08_opposed_20pct,P,not_slow_tick,not_slow_tick,active,active,383,0.0382,0,1,1,1,0,0
P08_opposed_20pct,P,not_slow_tick,not_slow_tick,active,active,384,0.0383,0,0,1,1,0,0
P08_opposed_20pct,P,not_slow_tick,not_slow_tick,active,active,385,0.0384,0,0,1,1,0,0
P08_opposed_20pct,P,not_slow_tick,not_slow_tick,active,active,386,0.0385,0,0,1,0,0,0
P08_opposed_20pct,P,not_slow_tick,not_slow_tick,active,active,387,0.0386,1,1,1,1,0,0
P08_opposed_20pct,P,not_slow_tick,not_slow_tick,active,active,388,0.0387,1,1,1,0,0,0
P08_opposed_20pct,P,not_slow_tick,not_slow_tick,active,active,389,0.0388,1,1,1,1,0,0
P08_opposed_20pct,P,not_slow_tick,not_slow_tick,active,active,390,0.0389,1,1,1,1,0,0
P08_opposed_20pct,P,not_slow_tick,not_slow_tick,active,active,391,0.039,1,1,1,1,0,0
P08_opposed_20pct,P,not_slow_tick,not_slow_tick,active,active,392,0.0391,0,1,1,1,0,0
P08_opposed_20pct,P,not_slow_tick,not_slow_tick,active,active,393,0.0392,1,1,1,0,0,0
P08_opposed_20pct,P,not_slow_tick,not_slow_tick,active,active,394,0.0393,0,1,1,0,0,0
P08_opposed_20pct,P,not_slow_tick,not_slow_tick,active,active,395,0.0394,1,1,1,0,0,0
P08_opposed_20pct,P,not_slow_tick,not_slow_tick,active,active,396,0.0395,1,0,1,0,0,0
P08_opposed_20pct,P,not_slow_tick,not_slow_tick,active,active,397,0.0396,1,1,1,1,0,0
P08_opposed_20pct,P,not_slow_tick,not_slow_tick,active,active,398,0.0397,1,1,1,1,0,0
P08_opposed_20pct,P,not_slow_tick,not_slow_tick,active,active,399,0.0398,1,1,1,1,0,0
P08_opposed_20pct,P,none,none,active,active,400,0.0399,1,1,1,1,1,1
P08_opposed_20pct,P,not_slow_tick,not_slow_tick,active,active,401,0.04,1,1,1,1,0,0
P08_opposed_20pct,P,not_slow_tick,not_slow_tick,active,active,402,0.0401,1,1,1,1,0,0
P08_opposed_20pct,P,not_slow_tick,not_slow_tick,active,active,403,0.0402,0,0,1,1,0,0
P08_opposed_20pct,P,not_slow_tick,not_slow_tick,active,active,404,0.0403,0,1,1,1,0,0
P08_opposed_20pct,P,not_slow_tick,not_slow_tick,active,active,405,0.0404,0,0,1,1,0,0
P08_opposed_20pct,P,not_slow_tick,not_slow_tick,active,active,406,0.0405,0,0,1,1,0,0
P08_opposed_20pct,P,not_slow_tick,not_slow_tick,active,active,407,0.0406,1,1,1,1,0,0
P08_opposed_20pct,P,not_slow_tick,not_slow_tick,active,active,408,0.0407,1,1,1,0,0,0
P08_opposed_20pct,P,not_slow_tick,not_slow_tick,active,active,409,0.0408,1,1,1,1,0,0
P08_opposed_20pct,P,not_slow_tick,not_slow_tick,active,active,410,0.0409,1,1,1,0,0,0
P08_opposed_20pct,P,not_slow_tick,not_slow_tick,active,active,411,0.041,1,1,1,1,0,0
P08_opposed_20pct,P,not_slow_tick,not_slow_tick,active,active,412,0.0411,0,1,1,1,0,0
P08_opposed_20pct,P,not_slow_tick,not_slow_tick,active,active,413,0.0412,1,0,1,1,0,0
P08_opposed_20pct,P,not_slow_tick,not_slow_tick,active,active,414,0.0413,1,1,1,0,0,0
P08_opposed_20pct,P,not_slow_tick,not_slow_tick,active,active,415,0.0414,1,0,1,0,0,0
P08_opposed_20pct,P,not_slow_tick,not_slow_tick,active,active,416,0.0415,1,0,1,1,0,0
P08_opposed_20pct,P,not_slow_tick,not_slow_tick,active,active,417,0.0416,1,1,1,1,0,0
P08_opposed_20pct,P,not_slow_tick,not_slow_tick,active,active,418,0.0417,1,1,1,0,0,0
P08_opposed_20pct,P,not_slow_tick,not_slow_tick,active,active,419,0.0418,1,1,1,1,0,0
P08_opposed_20pct,P,none,none,active,active,420,0.0419,1,1,1,1,1,1
P08_opposed_20pct,P,not_slow_tick,not_slow_tick,active,active,421,0.042,1,1,1,1,0,0
P08_opposed_20pct,P,not_slow_tick,not_slow_tick,active,active,422,0.0421,1,1,1,1,0,0
P08_opposed_20pct,P,not_slow_tick,not_slow_tick,active,active,423,0.0422,0,0,1,1,0,0
P08_opposed_20pct,P,not_slow_tick,not_slow_tick,active,active,424,0.0423,0,0,1,1,0,0
P08_opposed_20pct,P,not_slow_tick,not_slow_tick,active,active,425,0.0424,0,0,1,1,0,0
P08_opposed_20pct,P,not_slow_tick,not_slow_tick,active,active,426,0.0425,0,0,1,1,0,0
P08_opposed_20pct,P,not_slow_tick,not_slow_tick,active,active,427,0.0426,0,0,1,1,0,0
P08_opposed_20pct,P,not_slow_tick,not_slow_tick,active,active,428,0.0427,1,1,1,1,0,0
P08_opposed_20pct,P,not_slow_tick,not_slow_tick,active,active,429,0.0428,1,1,1,0,0,0
P08_opposed_20pct,P,not_slow_tick,not_slow_tick,active,active,430,0.0429,1,1,1,1,0,0
P08_opposed_20pct,P,not_slow_tick,not_slow_tick,active,active,431,0.043,1,1,1,0,0,0
P08_opposed_20pct,P,not_slow_tick,not_slow_tick,active,active,432,0.0431,1,1,1,1,0,0
P08_opposed_20pct,P,not_slow_tick,not_slow_tick,active,active,433,0.0432,0,1,1,1,0,0
P08_opposed_20pct,P,not_slow_tick,not_slow_tick,active,active,434,0.0433,1,0,1,1,0,0
P08_opposed_20pct,P,not_slow_tick,not_slow_tick,active,active,435,0.0434,0,0,1,0,0,0
P08_opposed_20pct,P,not_slow_tick,not_slow_tick,active,active,436,0.0435,1,1,1,0,0,0
P08_opposed_20pct,P,not_slow_tick,not_slow_tick,active,active,437,0.0436,1,1,1,1,0,0
P08_opposed_20pct,P,not_slow_tick,not_slow_tick,active,active,438,0.0437,1,1,1,0,0,0
P08_opposed_20pct,P,not_slow_tick,not_slow_tick,active,active,439,0.0438,1,1,1,1,0,0
P08_opposed_20pct,P,none,none,active,active,440,0.0439,1,1,1,1,1,1
P08_opposed_20pct,P,not_slow_tick,not_slow_tick,active,active,441,0.044,0,0,1,1,0,0
P08_opposed_20pct,P,not_slow_tick,not_slow_tick,active,active,442,0.0441,1,1,1,1,0,0
P08_opposed_20pct,P,not_slow_tick,not_slow_tick,active,active,443,0.0442,0,0,1,1,0,0
P08_opposed_20pct,P,not_slow_tick,not_slow_tick,active,active,444,0.0443,0,0,1,1,0,0
P08_opposed_20pct,P,not_slow_tick,not_slow_tick,active,active,445,0.0444,0,0,1,1,0,0
P08_opposed_20pct,P,not_slow_tick,not_slow_tick,active,active,446,0.0445,0,0,1,1,0,0
P08_opposed_20pct,P,not_slow_tick,not_slow_tick,active,active,447,0.0446,0,0,1,1,0,0
P08_opposed_20pct,P,not_slow_tick,not_slow_tick,active,active,448,0.0447,0,0,1,1,0,0
P08_opposed_20pct,P,not_slow_tick,not_slow_tick,active,active,449,0.0448,1,1,1,1,0,0
P08_opposed_20pct,P,not_slow_tick,not_slow_tick,active,active,450,0.0449,1,1,1,0,0,0
P08_opposed_20pct,P,not_slow_tick,not_slow_tick,active,active,451,0.045,1,1,1,1,0,0
P08_opposed_20pct,P,not_slow_tick,not_slow_tick,active,active,452,0.0451,1,1,1,1,0,0
P08_opposed_20pct,P,not_slow_tick,not_slow_tick,active,active,453,0.0452,1,1,1,1,0,0
P08_opposed_20pct,P,not_slow_tick,not_slow_tick,active,active,454,0.0453,0,1,1,1,0,0
P08_opposed_20pct,P,not_slow_tick,not_slow_tick,active,active,455,0.0454,1,0,1,1,0,0
P08_opposed_20pct,P,not_slow_tick,not_slow_tick,active,active,456,0.0455,0,0,1,0,0,0
P08_opposed_20pct,P,not_slow_tick,not_slow_tick,active,active,457,0.0456,1,1,1,0,0,0
P08_opposed_20pct,P,not_slow_tick,not_slow_tick,active,active,458,0.0457,1,1,1,0,0,0
P08_opposed_20pct,P,not_slow_tick,not_slow_tick,active,active,459,0.0458,1,0,1,1,0,0
P08_opposed_20pct,P,none,none,active,active,460,0.0459,1,1,1,1,1,1
P08_opposed_20pct,P,not_slow_tick,not_slow_tick,active,active,461,0.046,1,1,1,1,0,0
P08_opposed_20pct,P,not_slow_tick,not_slow_tick,active,active,462,0.0461,0,1,1,1,0,0
P08_opposed_20pct,P,not_slow_tick,not_slow_tick,active,active,463,0.0462,1,1,1,1,0,0
P08_opposed_20pct,P,not_slow_tick,not_slow_tick,active,active,464,0.0463,0,0,1,1,0,0
P08_opposed_20pct,P,not_slow_tick,not_slow_tick,active,active,465,0.0464,0,1,1,1,0,0
P08_opposed_20pct,P,not_slow_tick,not_slow_tick,active,active,466,0.0465,0,0,1,1,0,0
P08_opposed_20pct,P,not_slow_tick,not_slow_tick,active,active,467,0.0466,0,0,1,1,0,0
P08_opposed_20pct,P,not_slow_tick,not_slow_tick,active,active,468,0.0467,0,0,1,1,0,0
P08_opposed_20pct,P,not_slow_tick,not_slow_tick,active,active,469,0.0468,0,0,1,1,0,0
P08_opposed_20pct,P,not_slow_tick,not_slow_tick,active,active,470,0.0469,1,1,1,1,0,0
P08_opposed_20pct,P,not_slow_tick,not_slow_tick,active,active,471,0.047,1,1,1,0,0,0
P08_opposed_20pct,P,not_slow_tick,not_slow_tick,active,active,472,0.0471,1,1,1,1,0,0
P08_opposed_20pct,P,not_slow_tick,not_slow_tick,active,active,473,0.0472,1,1,1,1,0,0
P08_opposed_20pct,P,not_slow_tick,not_slow_tick,active,active,474,0.0473,1,1,1,1,0,0
P08_opposed_20pct,P,not_slow_tick,not_slow_tick,active,active,475,0.0474,0,1,1,1,0,0
P08_opposed_20pct,P,not_slow_tick,not_slow_tick,active,active,476,0.0475,1,0,1,0,0,0
P08_opposed_20pct,P,not_slow_tick,not_slow_tick,active,active,477,0.0476,0,0,1,0,0,0
P08_opposed_20pct,P,not_slow_tick,not_slow_tick,active,active,478,0.0477,1,1,1,1,0,0
P08_opposed_20pct,P,not_slow_tick,not_slow_tick,active,active,479,0.0478,1,1,1,0,0,0
P08_opposed_20pct,P,none,u_hp_below_threshold,active,frozen_excitation,480,0.0479,1,0,1,1,1,0
P08_opposed_20pct,P,not_slow_tick,not_slow_tick,active,active,481,0.048,1,1,1,0,0,0
P08_opposed_20pct,P,not_slow_tick,not_slow_tick,active,active,482,0.0481,1,1,1,1,0,0
P08_opposed_20pct,P,not_slow_tick,not_slow_tick,active,active,483,0.0482,1,1,1,1,0,0
P08_opposed_20pct,P,not_slow_tick,not_slow_tick,active,active,484,0.0483,0,1,1,1,0,0
P08_opposed_20pct,P,not_slow_tick,not_slow_tick,active,active,485,0.0484,1,1,1,1,0,0
P08_opposed_20pct,P,not_slow_tick,not_slow_tick,active,active,486,0.0485,0,0,1,1,0,0
P08_opposed_20pct,P,not_slow_tick,not_slow_tick,active,active,487,0.0486,0,1,1,1,0,0
P08_opposed_20pct,P,not_slow_tick,not_slow_tick,active,active,488,0.0487,0,0,1,1,0,0
P08_opposed_20pct,P,not_slow_tick,not_slow_tick,active,active,489,0.0488,0,0,1,1,0,0
P08_opposed_20pct,P,not_slow_tick,not_slow_tick,active,active,490,0.0489,0,0,1,0,0,0
P08_opposed_20pct,P,not_slow_tick,not_slow_tick,active,active,491,0.049,1,1,1,1,0,0
P08_opposed_20pct,P,not_slow_tick,not_slow_tick,active,active,492,0.0491,1,1,1,0,0,0
P08_opposed_20pct,P,not_slow_tick,not_slow_tick,active,active,493,0.0492,1,1,1,1,0,0
P08_opposed_20pct,P,not_slow_tick,not_slow_tick,active,active,494,0.0493,1,1,1,1,0,0
P08_opposed_20pct,P,not_slow_tick,not_slow_tick,active,active,495,0.0494,1,1,1,1,0,0
P08_opposed_20pct,P,not_slow_tick,not_slow_tick,active,active,496,0.0495,0,1,1,1,0,0
P08_opposed_20pct,P,not_slow_tick,not_slow_tick,active,active,497,0.0496,1,0,1,0,0,0
P08_opposed_20pct,P,not_slow_tick,not_slow_tick,active,active,498,0.0497,0,1,1,0,0,0
P08_opposed_20pct,P,not_slow_tick,not_slow_tick,active,active,499,0.0498,1,1,1,1,0,0
P08_opposed_20pct,P,none,none,active,active,500,0.0499,1,1,1,0,1,1
P08_opposed_20pct,P,not_slow_tick,not_slow_tick,active,active,501,0.05,1,1,1,1,0,0
P08_opposed_20pct,P,not_slow_tick,not_slow_tick,active,active,502,0.0501,1,1,1,0,0,0
P08_opposed_20pct,P,not_slow_tick,not_slow_tick,active,active,503,0.0502,1,1,1,1,0,0
P08_opposed_20pct,P,not_slow_tick,not_slow_tick,active,active,504,0.0503,1,1,1,1,0,0
P08_opposed_20pct,P,not_slow_tick,not_slow_tick,active,active,505,0.0504,1,1,1,1,0,0
P08_opposed_20pct,P,not_slow_tick,not_slow_tick,active,active,506,0.0505,1,1,1,1,0,0
P08_opposed_20pct,P,not_slow_tick,not_slow_tick,active,active,507,0.0506,0,0,1,1,0,0
P08_opposed_20pct,P,not_slow_tick,not_slow_tick,active,active,508,0.0507,0,1,1,1,0,0
P08_opposed_20pct,P,not_slow_tick,not_slow_tick,active,active,509,0.0508,0,0,1,1,0,0
P08_opposed_20pct,P,not_slow_tick,not_slow_tick,active,active,510,0.0509,0,0,1,1,0,0
P08_opposed_20pct,P,not_slow_tick,not_slow_tick,active,active,511,0.051,0,0,1,0,0,0
P08_opposed_20pct,P,not_slow_tick,not_slow_tick,active,active,512,0.0511,1,1,1,1,0,0
P08_opposed_20pct,P,not_slow_tick,not_slow_tick,active,active,513,0.0512,1,1,1,0,0,0
P08_opposed_20pct,P,not_slow_tick,not_slow_tick,active,active,514,0.0513,1,1,1,1,0,0
P08_opposed_20pct,P,not_slow_tick,not_slow_tick,active,active,515,0.0514,1,1,1,1,0,0
P08_opposed_20pct,P,not_slow_tick,not_slow_tick,active,active,516,0.0515,1,1,1,1,0,0
P08_opposed_20pct,P,not_slow_tick,not_slow_tick,active,active,517,0.0516,0,1,1,0,0,0
P08_opposed_20pct,P,not_slow_tick,not_slow_tick,active,active,518,0.0517,1,1,1,0,0,0
P08_opposed_20pct,P,not_slow_tick,not_slow_tick,active,active,519,0.0518,0,1,1,0,0,0
P08_opposed_20pct,P,none,none,active,active,520,0.0519,1,1,1,0,1,1
P08_opposed_20pct,P,not_slow_tick,not_slow_tick,active,active,521,0.052,1,0,1,0,0,0
P08_opposed_20pct,P,not_slow_tick,not_slow_tick,active,active,522,0.0521,1,1,1,1,0,0
P08_opposed_20pct,P,not_slow_tick,not_slow_tick,active,active,523,0.0522,1,1,1,1,0,0
P08_opposed_20pct,P,not_slow_tick,not_slow_tick,active,active,524,0.0523,1,1,1,1,0,0
P08_opposed_20pct,P,not_slow_tick,not_slow_tick,active,active,525,0.0524,1,1,1,1,0,0
P08_opposed_20pct,P,not_slow_tick,not_slow_tick,active,active,526,0.0525,1,1,1,1,0,0
P08_opposed_20pct,P,not_slow_tick,not_slow_tick,active,active,527,0.0526,1,1,1,1,0,0
P08_opposed_20pct,P,not_slow_tick,not_slow_tick,active,active,528,0.0527,0,0,1,1,0,0
P08_opposed_20pct,P,not_slow_tick,not_slow_tick,active,active,529,0.0528,0,1,1,1,0,0
P08_opposed_20pct,P,not_slow_tick,not_slow_tick,active,active,530,0.0529,0,0,1,1,0,0
P08_opposed_20pct,P,not_slow_tick,not_slow_tick,active,active,531,0.053,0,0,1,1,0,0
P08_opposed_20pct,P,not_slow_tick,not_slow_tick,active,active,532,0.0531,0,0,1,0,0,0
P08_opposed_20pct,P,not_slow_tick,not_slow_tick,active,active,533,0.0532,1,1,1,1,0,0
P08_opposed_20pct,P,not_slow_tick,not_slow_tick,active,active,534,0.0533,1,1,1,0,0,0
P08_opposed_20pct,P,not_slow_tick,not_slow_tick,active,active,535,0.0534,1,1,1,1,0,0
P08_opposed_20pct,P,not_slow_tick,not_slow_tick,active,active,536,0.0535,1,1,1,1,0,0
P08_opposed_20pct,P,not_slow_tick,not_slow_tick,active,active,537,0.0536,1,1,1,1,0,0
P08_opposed_20pct,P,not_slow_tick,not_slow_tick,active,active,538,0.0537,0,1,1,0,0,0
P08_opposed_20pct,P,not_slow_tick,not_slow_tick,active,active,539,0.0538,0,1,1,0,0,0
P08_opposed_20pct,P,u_hp_below_threshold,none,frozen_excitation,active,540,0.0539,0,1,1,1,0,1
P08_opposed_20pct,P,not_slow_tick,not_slow_tick,active,active,541,0.054,1,1,1,0,0,0
P08_opposed_20pct,P,not_slow_tick,not_slow_tick,active,active,542,0.0541,1,0,1,1,0,0
P08_opposed_20pct,P,not_slow_tick,not_slow_tick,active,active,543,0.0542,1,1,1,1,0,0
P08_opposed_20pct,P,not_slow_tick,not_slow_tick,active,active,544,0.0543,1,1,1,1,0,0
P08_opposed_20pct,P,not_slow_tick,not_slow_tick,active,active,545,0.0544,0,1,1,1,0,0
P08_opposed_20pct,P,not_slow_tick,not_slow_tick,active,active,546,0.0545,1,1,1,1,0,0
P08_opposed_20pct,P,not_slow_tick,not_slow_tick,active,active,547,0.0546,0,0,1,1,0,0
P08_opposed_20pct,P,not_slow_tick,not_slow_tick,active,active,548,0.0547,0,1,1,1,0,0
P08_opposed_20pct,P,not_slow_tick,not_slow_tick,active,active,549,0.0548,0,0,1,1,0,0
P08_opposed_20pct,P,not_slow_tick,not_slow_tick,active,active,550,0.0549,0,0,1,1,0,0
P08_opposed_20pct,P,not_slow_tick,not_slow_tick,active,active,551,0.055,0,0,1,1,0,0
P08_opposed_20pct,P,not_slow_tick,not_slow_tick,active,active,552,0.0551,0,0,1,1,0,0
P08_opposed_20pct,P,not_slow_tick,not_slow_tick,active,active,553,0.0552,1,1,1,1,0,0
P08_opposed_20pct,P,not_slow_tick,not_slow_tick,active,active,554,0.0553,1,1,1,0,0,0
P08_opposed_20pct,P,not_slow_tick,not_slow_tick,active,active,555,0.0554,1,1,1,1,0,0
P08_opposed_20pct,P,not_slow_tick,not_slow_tick,active,active,556,0.0555,1,1,1,1,0,0
P08_opposed_20pct,P,not_slow_tick,not_slow_tick,active,active,557,0.0556,1,1,1,1,0,0
P08_opposed_20pct,P,not_slow_tick,not_slow_tick,active,active,558,0.0557,0,1,1,1,0,0
P08_opposed_20pct,P,not_slow_tick,not_slow_tick,active,active,559,0.0558,1,0,1,1,0,0
P08_opposed_20pct,P,u_hp_below_threshold,u_hp_below_threshold,frozen_excitation,frozen_excitation,560,0.0559,0,0,1,0,0,0
P08_opposed_20pct,P,not_slow_tick,not_slow_tick,active,active,561,0.056,1,1,1,0,0,0
P08_opposed_20pct,P,not_slow_tick,not_slow_tick,active,active,562,0.0561,1,1,1,1,0,0
P08_opposed_20pct,P,not_slow_tick,not_slow_tick,active,active,563,0.0562,1,1,1,0,0,0
P08_opposed_20pct,P,not_slow_tick,not_slow_tick,active,active,564,0.0563,1,1,1,1,0,0
P08_opposed_20pct,P,not_slow_tick,not_slow_tick,active,active,565,0.0564,1,1,1,1,0,0
P08_opposed_20pct,P,not_slow_tick,not_slow_tick,active,active,566,0.0565,0,0,1,1,0,0
P08_opposed_20pct,P,not_slow_tick,not_slow_tick,active,active,567,0.0566,1,1,1,1,0,0
P08_opposed_20pct,P,not_slow_tick,not_slow_tick,active,active,568,0.0567,0,0,1,1,0,0
P08_opposed_20pct,P,not_slow_tick,not_slow_tick,active,active,569,0.0568,0,0,1,1,0,0
P08_opposed_20pct,P,not_slow_tick,not_slow_tick,active,active,570,0.0569,0,0,1,1,0,0
P08_opposed_20pct,P,not_slow_tick,not_slow_tick,active,active,571,0.057,0,0,1,1,0,0
P08_opposed_20pct,P,not_slow_tick,not_slow_tick,active,active,572,0.0571,0,0,1,1,0,0
P08_opposed_20pct,P,not_slow_tick,not_slow_tick,active,active,573,0.0572,0,0,1,1,0,0
P08_opposed_20pct,P,not_slow_tick,not_slow_tick,active,active,574,0.0573,1,1,1,1,0,0
P08_opposed_20pct,P,not_slow_tick,not_slow_tick,active,active,575,0.0574,1,1,1,0,0,0
P08_opposed_20pct,P,not_slow_tick,not_slow_tick,active,active,576,0.0575,1,1,1,1,0,0
P08_opposed_20pct,P,not_slow_tick,not_slow_tick,active,active,577,0.0576,1,1,1,1,0,0
P08_opposed_20pct,P,not_slow_tick,not_slow_tick,active,active,578,0.0577,1,1,1,1,0,0
P08_opposed_20pct,P,not_slow_tick,not_slow_tick,active,active,579,0.0578,0,1,1,1,0,0
P08_opposed_20pct,P,none,u_hp_below_threshold,active,frozen_excitation,580,0.0579,1,0,1,1,1,0
P08_opposed_20pct,P,not_slow_tick,not_slow_tick,active,active,581,0.058,0,0,1,0,0,0
P08_opposed_20pct,P,not_slow_tick,not_slow_tick,active,active,582,0.0581,1,1,1,0,0,0
P08_opposed_20pct,P,not_slow_tick,not_slow_tick,active,active,583,0.0582,1,1,1,0,0,0
P08_opposed_20pct,P,not_slow_tick,not_slow_tick,active,active,584,0.0583,1,0,1,1,0,0
P08_opposed_20pct,P,not_slow_tick,not_slow_tick,active,active,585,0.0584,1,1,1,1,0,0
P08_opposed_20pct,P,not_slow_tick,not_slow_tick,active,active,586,0.0585,1,1,1,1,0,0
P08_opposed_20pct,P,not_slow_tick,not_slow_tick,active,active,587,0.0586,0,1,1,1,0,0
P08_opposed_20pct,P,not_slow_tick,not_slow_tick,active,active,588,0.0587,1,1,1,1,0,0
P08_opposed_20pct,P,not_slow_tick,not_slow_tick,active,active,589,0.0588,0,0,1,1,0,0
P08_opposed_20pct,P,not_slow_tick,not_slow_tick,active,active,590,0.0589,0,1,1,1,0,0
P08_opposed_20pct,P,not_slow_tick,not_slow_tick,active,active,591,0.059,0,0,1,1,0,0
P08_opposed_20pct,P,not_slow_tick,not_slow_tick,active,active,592,0.0591,0,0,1,1,0,0
P08_opposed_20pct,P,not_slow_tick,not_slow_tick,active,active,593,0.0592,0,0,1,1,0,0
P08_opposed_20pct,P,not_slow_tick,not_slow_tick,active,active,594,0.0593,0,0,1,1,0,0
P08_opposed_20pct,P,not_slow_tick,not_slow_tick,active,active,595,0.0594,1,1,1,1,0,0
P08_opposed_20pct,P,not_slow_tick,not_slow_tick,active,active,596,0.0595,1,1,1,0,0,0
P08_opposed_20pct,P,not_slow_tick,not_slow_tick,active,active,597,0.0596,1,1,1,1,0,0
P08_opposed_20pct,P,not_slow_tick,not_slow_tick,active,active,598,0.0597,1,1,1,1,0,0
P08_opposed_20pct,P,not_slow_tick,not_slow_tick,active,active,599,0.0598,1,1,1,1,0,0
P08_opposed_20pct,P,u_hp_below_threshold,none,frozen_excitation,active,600,0.0599,0,1,1,1,0,1
P08_opposed_20pct,P,not_slow_tick,not_slow_tick,active,active,601,0.06,1,0,1,0,0,0
P08_opposed_20pct,P,not_slow_tick,not_slow_tick,active,active,602,0.0601,0,0,1,0,0,0
P08_opposed_20pct,P,not_slow_tick,not_slow_tick,active,active,603,0.0602,1,1,1,1,0,0
P08_opposed_20pct,P,not_slow_tick,not_slow_tick,active,active,604,0.0603,1,1,1,0,0,0
P08_opposed_20pct,P,not_slow_tick,not_slow_tick,active,active,605,0.0604,1,0,1,1,0,0
P08_opposed_20pct,P,not_slow_tick,not_slow_tick,active,active,606,0.0605,1,1,1,0,0,0
P08_opposed_20pct,P,not_slow_tick,not_slow_tick,active,active,607,0.0606,1,1,1,1,0,0
P08_opposed_20pct,P,not_slow_tick,not_slow_tick,active,active,608,0.0607,1,1,1,1,0,0
P08_opposed_20pct,P,not_slow_tick,not_slow_tick,active,active,609,0.0608,0,1,1,1,0,0
P08_opposed_20pct,P,not_slow_tick,not_slow_tick,active,active,610,0.0609,1,1,1,1,0,0
P08_opposed_20pct,P,not_slow_tick,not_slow_tick,active,active,611,0.061,0,0,1,1,0,0
P08_opposed_20pct,P,not_slow_tick,not_slow_tick,active,active,612,0.0611,0,0,1,1,0,0
P08_opposed_20pct,P,not_slow_tick,not_slow_tick,active,active,613,0.0612,0,0,1,1,0,0
P08_opposed_20pct,P,not_slow_tick,not_slow_tick,active,active,614,0.0613,0,0,1,1,0,0
P08_opposed_20pct,P,not_slow_tick,not_slow_tick,active,active,615,0.0614,0,0,1,0,0,0
P08_opposed_20pct,P,not_slow_tick,not_slow_tick,active,active,616,0.0615,1,1,1,1,0,0
P08_opposed_20pct,P,not_slow_tick,not_slow_tick,active,active,617,0.0616,1,1,1,0,0,0
P08_opposed_20pct,P,not_slow_tick,not_slow_tick,active,active,618,0.0617,1,1,1,1,0,0
P08_opposed_20pct,P,not_slow_tick,not_slow_tick,active,active,619,0.0618,1,1,1,1,0,0
P08_opposed_20pct,P,none,none,active,active,620,0.0619,1,1,1,1,1,1
P08_opposed_20pct,P,not_slow_tick,not_slow_tick,active,active,621,0.062,0,1,1,0,0,0
P08_opposed_20pct,P,not_slow_tick,not_slow_tick,active,active,622,0.0621,1,0,1,0,0,0
P08_opposed_20pct,P,not_slow_tick,not_slow_tick,active,active,623,0.0622,0,1,1,0,0,0
P08_opposed_20pct,P,not_slow_tick,not_slow_tick,active,active,624,0.0623,1,1,1,1,0,0
P08_opposed_20pct,P,not_slow_tick,not_slow_tick,active,active,625,0.0624,1,1,1,0,0,0
P08_opposed_20pct,P,not_slow_tick,not_slow_tick,active,active,626,0.0625,1,1,1,1,0,0
P08_opposed_20pct,P,not_slow_tick,not_slow_tick,active,active,627,0.0626,1,1,1,0,0,0
P08_opposed_20pct,P,not_slow_tick,not_slow_tick,active,active,628,0.0627,1,1,1,1,0,0
P08_opposed_20pct,P,not_slow_tick,not_slow_tick,active,active,629,0.0628,1,1,1,1,0,0
P08_opposed_20pct,P,not_slow_tick,not_slow_tick,active,active,630,0.0629,1,1,1,1,0,0
P08_opposed_20pct,P,not_slow_tick,not_slow_tick,active,active,631,0.063,1,1,1,1,0,0
P08_opposed_20pct,P,not_slow_tick,not_slow_tick,active,active,632,0.0631,0,0,1,1,0,0
P08_opposed_20pct,P,not_slow_tick,not_slow_tick,active,active,633,0.0632,0,0,1,1,0,0
P08_opposed_20pct,P,not_slow_tick,not_slow_tick,active,active,634,0.0633,0,0,1,1,0,0
P08_opposed_20pct,P,not_slow_tick,not_slow_tick,active,active,635,0.0634,0,0,1,1,0,0
P08_opposed_20pct,P,not_slow_tick,not_slow_tick,active,active,636,0.0635,0,0,1,0,0,0
P08_opposed_20pct,P,not_slow_tick,not_slow_tick,active,active,637,0.0636,1,1,1,1,0,0
P08_opposed_20pct,P,not_slow_tick,not_slow_tick,active,active,638,0.0637,1,1,1,0,0,0
P08_opposed_20pct,P,not_slow_tick,not_slow_tick,active,active,639,0.0638,1,1,1,1,0,0
P08_opposed_20pct,P,none,none,active,active,640,0.0639,1,1,1,1,1,1
P08_opposed_20pct,P,not_slow_tick,not_slow_tick,active,active,641,0.064,1,1,1,1,0,0
P08_opposed_20pct,P,not_slow_tick,not_slow_tick,active,active,642,0.0641,0,1,1,0,0,0
P08_opposed_20pct,P,not_slow_tick,not_slow_tick,active,active,643,0.0642,1,0,1,0,0,0
P08_opposed_20pct,P,not_slow_tick,not_slow_tick,active,active,644,0.0643,0,1,1,0,0,0
P08_opposed_20pct,P,not_slow_tick,not_slow_tick,active,active,645,0.0644,1,1,1,0,0,0
P08_opposed_20pct,P,not_slow_tick,not_slow_tick,active,active,646,0.0645,1,0,1,0,0,0
P08_opposed_20pct,P,not_slow_tick,not_slow_tick,active,active,647,0.0646,1,1,1,1,0,0
P08_opposed_20pct,P,not_slow_tick,not_slow_tick,active,active,648,0.0647,1,1,1,1,0,0
P08_opposed_20pct,P,not_slow_tick,not_slow_tick,active,active,649,0.0648,1,1,1,1,0,0
P08_opposed_20pct,P,not_slow_tick,not_slow_tick,active,active,650,0.0649,1,1,1,1,0,0
P08_opposed_20pct,P,not_slow_tick,not_slow_tick,active,active,651,0.065,1,1,1,1,0,0
P08_opposed_20pct,P,not_slow_tick,not_slow_tick,active,active,652,0.0651,1,1,1,1,0,0
P08_opposed_20pct,P,not_slow_tick,not_slow_tick,active,active,653,0.0652,0,0,1,1,0,0
P08_opposed_20pct,P,not_slow_tick,not_slow_tick,active,active,654,0.0653,0,1,1,1,0,0
P08_opposed_20pct,P,not_slow_tick,not_slow_tick,active,active,655,0.0654,0,0,1,1,0,0
P08_opposed_20pct,P,not_slow_tick,not_slow_tick,active,active,656,0.0655,0,0,1,1,0,0
P08_opposed_20pct,P,not_slow_tick,not_slow_tick,active,active,657,0.0656,0,0,1,0,0,0
P08_opposed_20pct,P,not_slow_tick,not_slow_tick,active,active,658,0.0657,1,1,1,1,0,0
P08_opposed_20pct,P,not_slow_tick,not_slow_tick,active,active,659,0.0658,1,1,1,0,0,0
P08_opposed_20pct,P,none,none,active,active,660,0.0659,1,1,1,1,1,1
P08_opposed_20pct,P,not_slow_tick,not_slow_tick,active,active,661,0.066,1,1,1,1,0,0
P08_opposed_20pct,P,not_slow_tick,not_slow_tick,active,active,662,0.0661,1,1,1,1,0,0
P08_opposed_20pct,P,not_slow_tick,not_slow_tick,active,active,663,0.0662,0,1,1,0,0,0
P08_opposed_20pct,P,not_slow_tick,not_slow_tick,active,active,664,0.0663,0,1,1,0,0,0
P08_opposed_20pct,P,not_slow_tick,not_slow_tick,active,active,665,0.0664,0,1,1,1,0,0
P08_opposed_20pct,P,not_slow_tick,not_slow_tick,active,active,666,0.0665,1,1,1,0,0,0
P08_opposed_20pct,P,not_slow_tick,not_slow_tick,active,active,667,0.0666,1,0,1,1,0,0
P08_opposed_20pct,P,not_slow_tick,not_slow_tick,active,active,668,0.0667,1,1,1,1,0,0
P08_opposed_20pct,P,not_slow_tick,not_slow_tick,active,active,669,0.0668,1,1,1,1,0,0
P08_opposed_20pct,P,not_slow_tick,not_slow_tick,active,active,670,0.0669,0,1,1,1,0,0
P08_opposed_20pct,P,not_slow_tick,not_slow_tick,active,active,671,0.067,1,1,1,1,0,0
P08_opposed_20pct,P,not_slow_tick,not_slow_tick,active,active,672,0.0671,0,0,1,1,0,0
P08_opposed_20pct,P,not_slow_tick,not_slow_tick,active,active,673,0.0672,0,1,1,1,0,0
P08_opposed_20pct,P,not_slow_tick,not_slow_tick,active,active,674,0.0673,0,0,1,1,0,0
P08_opposed_20pct,P,not_slow_tick,not_slow_tick,active,active,675,0.0674,0,0,1,1,0,0
P08_opposed_20pct,P,not_slow_tick,not_slow_tick,active,active,676,0.0675,0,0,1,1,0,0
P08_opposed_20pct,P,not_slow_tick,not_slow_tick,active,active,677,0.0676,0,0,1,1,0,0
P08_opposed_20pct,P,not_slow_tick,not_slow_tick,active,active,678,0.0677,1,1,1,1,0,0
P08_opposed_20pct,P,not_slow_tick,not_slow_tick,active,active,679,0.0678,1,1,1,0,0,0
P08_opposed_20pct,P,none,none,active,active,680,0.0679,1,1,1,1,1,1
P08_opposed_20pct,P,not_slow_tick,not_slow_tick,active,active,681,0.068,1,1,1,1,0,0
P08_opposed_20pct,P,not_slow_tick,not_slow_tick,active,active,682,0.0681,1,1,1,1,0,0
P08_opposed_20pct,P,not_slow_tick,not_slow_tick,active,active,683,0.0682,0,1,1,1,0,0
P08_opposed_20pct,P,not_slow_tick,not_slow_tick,active,active,684,0.0683,1,0,1,1,0,0
P08_opposed_20pct,P,not_slow_tick,not_slow_tick,active,active,685,0.0684,0,0,1,0,0,0
P08_opposed_20pct,P,not_slow_tick,not_slow_tick,active,active,686,0.0685,1,1,1,0,0,0
P08_opposed_20pct,P,not_slow_tick,not_slow_tick,active,active,687,0.0686,1,1,1,1,0,0
P08_opposed_20pct,P,not_slow_tick,not_slow_tick,active,active,688,0.0687,1,1,1,0,0,0
P08_opposed_20pct,P,not_slow_tick,not_slow_tick,active,active,689,0.0688,1,1,1,1,0,0
P08_opposed_20pct,P,not_slow_tick,not_slow_tick,active,active,690,0.0689,1,1,1,1,0,0
P08_opposed_20pct,P,not_slow_tick,not_slow_tick,active,active,691,0.069,0,0,1,1,0,0
P08_opposed_20pct,P,not_slow_tick,not_slow_tick,active,active,692,0.0691,1,1,1,1,0,0
P08_opposed_20pct,P,not_slow_tick,not_slow_tick,active,active,693,0.0692,0,0,1,1,0,0
P08_opposed_20pct,P,not_slow_tick,not_slow_tick,active,active,694,0.0693,0,0,1,1,0,0
P08_opposed_20pct,P,not_slow_tick,not_slow_tick,active,active,695,0.0694,0,0,1,1,0,0
P08_opposed_20pct,P,not_slow_tick,not_slow_tick,active,active,696,0.0695,0,0,1,1,0,0
P08_opposed_20pct,P,not_slow_tick,not_slow_tick,active,active,697,0.0696,0,0,1,1,0,0
P08_opposed_20pct,P,not_slow_tick,not_slow_tick,active,active,698,0.0697,0,0,1,1,0,0
P08_opposed_20pct,P,not_slow_tick,not_slow_tick,active,active,699,0.0698,1,1,1,1,0,0
P08_opposed_20pct,P,none,none,active,active,700,0.0699,1,1,1,0,1,1
P08_opposed_20pct,P,not_slow_tick,not_slow_tick,active,active,701,0.07,1,1,1,1,0,0
P08_opposed_20pct,P,not_slow_tick,not_slow_tick,active,active,702,0.0701,1,1,1,1,0,0
P08_opposed_20pct,P,not_slow_tick,not_slow_tick,active,active,703,0.0702,1,1,1,1,0,0
P08_opposed_20pct,P,not_slow_tick,not_slow_tick,active,active,704,0.0703,0,1,1,1,0,0
P08_opposed_20pct,P,not_slow_tick,not_slow_tick,active,active,705,0.0704,1,0,1,1,0,0
P08_opposed_20pct,P,not_slow_tick,not_slow_tick,active,active,706,0.0705,0,0,1,0,0,0
P08_opposed_20pct,P,not_slow_tick,not_slow_tick,active,active,707,0.0706,1,1,1,0,0,0
P08_opposed_20pct,P,not_slow_tick,not_slow_tick,active,active,708,0.0707,1,1,1,0,0,0
P08_opposed_20pct,P,not_slow_tick,not_slow_tick,active,active,709,0.0708,1,0,1,1,0,0
P08_opposed_20pct,P,not_slow_tick,not_slow_tick,active,active,710,0.0709,1,1,1,1,0,0
P08_opposed_20pct,P,not_slow_tick,not_slow_tick,active,active,711,0.071,1,1,1,1,0,0
P08_opposed_20pct,P,not_slow_tick,not_slow_tick,active,active,712,0.0711,0,1,1,1,0,0
P08_opposed_20pct,P,not_slow_tick,not_slow_tick,active,active,713,0.0712,1,1,1,1,0,0
P08_opposed_20pct,P,not_slow_tick,not_slow_tick,active,active,714,0.0713,0,0,1,1,0,0
P08_opposed_20pct,P,not_slow_tick,not_slow_tick,active,active,715,0.0714,0,0,1,1,0,0
P08_opposed_20pct,P,not_slow_tick,not_slow_tick,active,active,716,0.0715,0,0,1,1,0,0
P08_opposed_20pct,P,not_slow_tick,not_slow_tick,active,active,717,0.0716,0,0,1,1,0,0
P08_opposed_20pct,P,not_slow_tick,not_slow_tick,active,active,718,0.0717,0,0,1,1,0,0
P08_opposed_20pct,P,not_slow_tick,not_slow_tick,active,active,719,0.0718,0,0,1,1,0,0
P08_opposed_20pct,P,none,none,active,active,720,0.0719,1,1,1,1,1,1
P08_opposed_20pct,P,not_slow_tick,not_slow_tick,active,active,721,0.072,1,1,1,0,0,0
P08_opposed_20pct,P,not_slow_tick,not_slow_tick,active,active,722,0.0721,1,1,1,1,0,0
P08_opposed_20pct,P,not_slow_tick,not_slow_tick,active,active,723,0.0722,1,1,1,1,0,0
P08_opposed_20pct,P,not_slow_tick,not_slow_tick,active,active,724,0.0723,1,1,1,1,0,0
P08_opposed_20pct,P,not_slow_tick,not_slow_tick,active,active,725,0.0724,0,1,1,1,0,0
P08_opposed_20pct,P,not_slow_tick,not_slow_tick,active,active,726,0.0725,1,0,1,0,0,0
P08_opposed_20pct,P,not_slow_tick,not_slow_tick,active,active,727,0.0726,0,0,1,0,0,0
P08_opposed_20pct,P,not_slow_tick,not_slow_tick,active,active,728,0.0727,1,1,1,1,0,0
P08_opposed_20pct,P,not_slow_tick,not_slow_tick,active,active,729,0.0728,1,1,1,0,0,0
P08_opposed_20pct,P,not_slow_tick,not_slow_tick,active,active,730,0.0729,1,0,1,1,0,0
P08_opposed_20pct,P,not_slow_tick,not_slow_tick,active,active,731,0.073,1,1,1,0,0,0
P08_opposed_20pct,P,not_slow_tick,not_slow_tick,active,active,732,0.0731,1,1,1,1,0,0
P08_opposed_20pct,P,not_slow_tick,not_slow_tick,active,active,733,0.0732,1,1,1,1,0,0
P08_opposed_20pct,P,not_slow_tick,not_slow_tick,active,active,734,0.0733,0,1,1,1,0,0
P08_opposed_20pct,P,not_slow_tick,not_slow_tick,active,active,735,0.0734,1,1,1,1,0,0
P08_opposed_20pct,P,not_slow_tick,not_slow_tick,active,active,736,0.0735,0,0,1,1,0,0
P08_opposed_20pct,P,not_slow_tick,not_slow_tick,active,active,737,0.0736,0,0,1,1,0,0
P08_opposed_20pct,P,not_slow_tick,not_slow_tick,active,active,738,0.0737,0,0,1,1,0,0
P08_opposed_20pct,P,not_slow_tick,not_slow_tick,active,active,739,0.0738,0,0,1,1,0,0
P08_opposed_20pct,P,u_hp_below_threshold,u_hp_below_threshold,frozen_excitation,frozen_excitation,740,0.0739,0,0,1,0,0,0
P08_opposed_20pct,P,not_slow_tick,not_slow_tick,active,active,741,0.074,1,1,1,1,0,0
P08_opposed_20pct,P,not_slow_tick,not_slow_tick,active,active,742,0.0741,1,1,1,0,0,0
P08_opposed_20pct,P,not_slow_tick,not_slow_tick,active,active,743,0.0742,1,1,1,1,0,0
P08_opposed_20pct,P,not_slow_tick,not_slow_tick,active,active,744,0.0743,1,1,1,1,0,0
P08_opposed_20pct,P,not_slow_tick,not_slow_tick,active,active,745,0.0744,1,1,1,1,0,0
P08_opposed_20pct,P,not_slow_tick,not_slow_tick,active,active,746,0.0745,0,1,1,0,0,0
P08_opposed_20pct,P,not_slow_tick,not_slow_tick,active,active,747,0.0746,1,0,1,0,0,0
P08_opposed_20pct,P,not_slow_tick,not_slow_tick,active,active,748,0.0747,0,1,1,0,0,0
P08_opposed_20pct,P,not_slow_tick,not_slow_tick,active,active,749,0.0748,1,1,1,1,0,0
P08_opposed_20pct,P,not_slow_tick,not_slow_tick,active,active,750,0.0749,1,1,1,0,0,0
P08_opposed_20pct,P,not_slow_tick,not_slow_tick,active,active,751,0.075,1,1,1,1,0,0
P08_opposed_20pct,P,not_slow_tick,not_slow_tick,active,active,752,0.0751,1,1,1,1,0,0
P08_opposed_20pct,P,not_slow_tick,not_slow_tick,active,active,753,0.0752,1,1,1,1,0,0
P08_opposed_20pct,P,not_slow_tick,not_slow_tick,active,active,754,0.0753,1,1,1,1,0,0
P08_opposed_20pct,P,not_slow_tick,not_slow_tick,active,active,755,0.0754,1,1,1,1,0,0
P08_opposed_20pct,P,not_slow_tick,not_slow_tick,active,active,756,0.0755,1,1,1,1,0,0
P08_opposed_20pct,P,not_slow_tick,not_slow_tick,active,active,757,0.0756,0,0,1,1,0,0
P08_opposed_20pct,P,not_slow_tick,not_slow_tick,active,active,758,0.0757,0,0,1,1,0,0
P08_opposed_20pct,P,not_slow_tick,not_slow_tick,active,active,759,0.0758,0,0,1,1,0,0
P08_opposed_20pct,P,u_hp_below_threshold,u_hp_below_threshold,frozen_excitation,frozen_excitation,760,0.0759,0,0,1,1,0,0
P08_opposed_20pct,P,not_slow_tick,not_slow_tick,active,active,761,0.076,0,0,1,0,0,0
P08_opposed_20pct,P,not_slow_tick,not_slow_tick,active,active,762,0.0761,1,1,1,1,0,0
P08_opposed_20pct,P,not_slow_tick,not_slow_tick,active,active,763,0.0762,1,1,1,0,0,0
P08_opposed_20pct,P,not_slow_tick,not_slow_tick,active,active,764,0.0763,1,1,1,1,0,0
P08_opposed_20pct,P,not_slow_tick,not_slow_tick,active,active,765,0.0764,1,1,1,1,0,0
P08_opposed_20pct,P,not_slow_tick,not_slow_tick,active,active,766,0.0765,1,1,1,1,0,0
P08_opposed_20pct,P,not_slow_tick,not_slow_tick,active,active,767,0.0766,0,1,1,0,0,0
P08_opposed_20pct,P,not_slow_tick,not_slow_tick,active,active,768,0.0767,1,0,1,0,0,0
P08_opposed_20pct,P,not_slow_tick,not_slow_tick,active,active,769,0.0768,0,1,1,0,0,0
P08_opposed_20pct,P,not_slow_tick,not_slow_tick,active,active,770,0.0769,1,1,1,0,0,0
P08_opposed_20pct,P,not_slow_tick,not_slow_tick,active,active,771,0.077,1,0,1,0,0,0
P08_opposed_20pct,P,not_slow_tick,not_slow_tick,active,active,772,0.0771,1,1,1,1,0,0
P08_opposed_20pct,P,not_slow_tick,not_slow_tick,active,active,773,0.0772,1,1,1,1,0,0
P08_opposed_20pct,P,not_slow_tick,not_slow_tick,active,active,774,0.0773,1,1,1,1,0,0
P08_opposed_20pct,P,not_slow_tick,not_slow_tick,active,active,775,0.0774,1,1,1,1,0,0
P08_opposed_20pct,P,not_slow_tick,not_slow_tick,active,active,776,0.0775,1,1,1,1,0,0
P08_opposed_20pct,P,not_slow_tick,not_slow_tick,active,active,777,0.0776,1,1,1,1,0,0
P08_opposed_20pct,P,not_slow_tick,not_slow_tick,active,active,778,0.0777,0,0,1,1,0,0
P08_opposed_20pct,P,not_slow_tick,not_slow_tick,active,active,779,0.0778,0,0,1,1,0,0
P08_opposed_20pct,P,u_hp_below_threshold,u_hp_below_threshold,frozen_excitation,frozen_excitation,780,0.0779,0,0,1,1,0,0
P08_opposed_20pct,P,not_slow_tick,not_slow_tick,active,active,781,0.078,0,0,1,1,0,0
P08_opposed_20pct,P,not_slow_tick,not_slow_tick,active,active,782,0.0781,0,0,1,0,0,0
P08_opposed_20pct,P,not_slow_tick,not_slow_tick,active,active,783,0.0782,1,1,1,1,0,0
P08_opposed_20pct,P,not_slow_tick,not_slow_tick,active,active,784,0.0783,1,1,1,0,0,0
P08_opposed_20pct,P,not_slow_tick,not_slow_tick,active,active,785,0.0784,1,1,1,1,0,0
P08_opposed_20pct,P,not_slow_tick,not_slow_tick,active,active,786,0.0785,1,1,1,1,0,0
P08_opposed_20pct,P,not_slow_tick,not_slow_tick,active,active,787,0.0786,1,1,1,1,0,0
P08_opposed_20pct,P,not_slow_tick,not_slow_tick,active,active,788,0.0787,0,1,1,0,0,0
P08_opposed_20pct,P,not_slow_tick,not_slow_tick,active,active,789,0.0788,0,1,1,0,0,0
P08_opposed_20pct,P,not_slow_tick,not_slow_tick,active,active,790,0.0789,0,1,1,1,0,0
P08_opposed_20pct,P,not_slow_tick,not_slow_tick,active,active,791,0.079,1,1,1,0,0,0
P08_opposed_20pct,P,not_slow_tick,not_slow_tick,active,active,792,0.0791,1,0,1,1,0,0
P08_opposed_20pct,P,not_slow_tick,not_slow_tick,active,active,793,0.0792,1,1,1,1,0,0
P08_opposed_20pct,P,not_slow_tick,not_slow_tick,active,active,794,0.0793,1,1,1,1,0,0
P08_opposed_20pct,P,not_slow_tick,not_slow_tick,active,active,795,0.0794,0,1,1,1,0,0
P08_opposed_20pct,P,not_slow_tick,not_slow_tick,active,active,796,0.0795,1,1,1,1,0,0
P08_opposed_20pct,P,not_slow_tick,not_slow_tick,active,active,797,0.0796,0,0,1,1,0,0
P08_opposed_20pct,P,not_slow_tick,not_slow_tick,active,active,798,0.0797,0,1,1,1,0,0
P08_opposed_20pct,P,not_slow_tick,not_slow_tick,active,active,799,0.0798,0,0,1,1,0,0
P08_opposed_20pct,P,u_hp_below_threshold,u_hp_below_threshold,frozen_excitation,frozen_excitation,800,0.0799,0,0,1,1,0,0
P08_opposed_20pct,P,not_slow_tick,not_slow_tick,active,active,801,0.08,0,0,1,1,0,0
P08_opposed_20pct,P,not_slow_tick,not_slow_tick,active,active,802,0.0801,0,0,1,1,0,0
P08_opposed_20pct,P,not_slow_tick,not_slow_tick,active,active,803,0.0802,1,1,1,1,0,0
P08_opposed_20pct,P,not_slow_tick,not_slow_tick,active,active,804,0.0803,1,1,1,0,0,0
P08_opposed_20pct,P,not_slow_tick,not_slow_tick,active,active,805,0.0804,1,1,1,1,0,0
P08_opposed_20pct,P,not_slow_tick,not_slow_tick,active,active,806,0.0805,1,1,1,1,0,0
P08_opposed_20pct,P,not_slow_tick,not_slow_tick,active,active,807,0.0806,1,1,1,1,0,0
P08_opposed_20pct,P,not_slow_tick,not_slow_tick,active,active,808,0.0807,0,1,1,1,0,0
P08_opposed_20pct,P,not_slow_tick,not_slow_tick,active,active,809,0.0808,1,0,1,1,0,0
P08_opposed_20pct,P,not_slow_tick,not_slow_tick,active,active,810,0.0809,0,0,1,0,0,0
P08_opposed_20pct,P,not_slow_tick,not_slow_tick,active,active,811,0.081,1,1,1,0,0,0
P08_opposed_20pct,P,not_slow_tick,not_slow_tick,active,active,812,0.0811,1,1,1,1,0,0
P08_opposed_20pct,P,not_slow_tick,not_slow_tick,active,active,813,0.0812,1,1,1,0,0,0
P08_opposed_20pct,P,not_slow_tick,not_slow_tick,active,active,814,0.0813,1,1,1,1,0,0
P08_opposed_20pct,P,not_slow_tick,not_slow_tick,active,active,815,0.0814,1,1,1,1,0,0
P08_opposed_20pct,P,not_slow_tick,not_slow_tick,active,active,816,0.0815,0,0,1,1,0,0
P08_opposed_20pct,P,not_slow_tick,not_slow_tick,active,active,817,0.0816,1,1,1,1,0,0
P08_opposed_20pct,P,not_slow_tick,not_slow_tick,active,active,818,0.0817,0,0,1,1,0,0
P08_opposed_20pct,P,not_slow_tick,not_slow_tick,active,active,819,0.0818,0,0,1,1,0,0
P08_opposed_20pct,P,u_hp_below_threshold,u_hp_below_threshold,frozen_excitation,frozen_excitation,820,0.0819,0,0,1,1,0,0
P08_opposed_20pct,P,not_slow_tick,not_slow_tick,active,active,821,0.082,0,0,1,1,0,0
P08_opposed_20pct,P,not_slow_tick,not_slow_tick,active,active,822,0.0821,0,0,1,1,0,0
P08_opposed_20pct,P,not_slow_tick,not_slow_tick,active,active,823,0.0822,0,0,1,1,0,0
P08_opposed_20pct,P,not_slow_tick,not_slow_tick,active,active,824,0.0823,1,1,1,1,0,0
P08_opposed_20pct,P,not_slow_tick,not_slow_tick,active,active,825,0.0824,1,1,1,0,0,0
P08_opposed_20pct,P,not_slow_tick,not_slow_tick,active,active,826,0.0825,1,1,1,1,0,0
P08_opposed_20pct,P,not_slow_tick,not_slow_tick,active,active,827,0.0826,1,1,1,1,0,0
P08_opposed_20pct,P,not_slow_tick,not_slow_tick,active,active,828,0.0827,1,1,1,1,0,0
P08_opposed_20pct,P,not_slow_tick,not_slow_tick,active,active,829,0.0828,0,1,1,1,0,0
P08_opposed_20pct,P,not_slow_tick,not_slow_tick,active,active,830,0.0829,1,0,1,0,0,0
P08_opposed_20pct,P,not_slow_tick,not_slow_tick,active,active,831,0.083,0,0,1,0,0,0
P08_opposed_20pct,P,not_slow_tick,not_slow_tick,active,active,832,0.0831,1,1,1,0,0,0
P08_opposed_20pct,P,not_slow_tick,not_slow_tick,active,active,833,0.0832,1,1,1,0,0,0
P08_opposed_20pct,P,not_slow_tick,not_slow_tick,active,active,834,0.0833,1,0,1,1,0,0
P08_opposed_20pct,P,not_slow_tick,not_slow_tick,active,active,835,0.0834,1,1,1,1,0,0
P08_opposed_20pct,P,not_slow_tick,not_slow_tick,active,active,836,0.0835,1,1,1,1,0,0
P08_opposed_20pct,P,not_slow_tick,not_slow_tick,active,active,837,0.0836,0,1,1,1,0,0
P08_opposed_20pct,P,not_slow_tick,not_slow_tick,active,active,838,0.0837,1,1,1,1,0,0
P08_opposed_20pct,P,not_slow_tick,not_slow_tick,active,active,839,0.0838,0,0,1,1,0,0
P08_opposed_20pct,P,u_hp_below_threshold,u_hp_below_threshold,frozen_excitation,frozen_excitation,840,0.0839,0,0,1,1,0,0
P08_opposed_20pct,P,not_slow_tick,not_slow_tick,active,active,841,0.084,0,0,1,1,0,0
P08_opposed_20pct,P,not_slow_tick,not_slow_tick,active,active,842,0.0841,0,0,1,1,0,0
P08_opposed_20pct,P,not_slow_tick,not_slow_tick,active,active,843,0.0842,0,0,1,1,0,0
P08_opposed_20pct,P,not_slow_tick,not_slow_tick,active,active,844,0.0843,0,0,1,1,0,0
P08_opposed_20pct,P,not_slow_tick,not_slow_tick,active,active,845,0.0844,1,1,1,1,0,0
P08_opposed_20pct,P,not_slow_tick,not_slow_tick,active,active,846,0.0845,1,1,1,0,0,0
P08_opposed_20pct,P,not_slow_tick,not_slow_tick,active,active,847,0.0846,1,1,1,1,0,0
P08_opposed_20pct,P,not_slow_tick,not_slow_tick,active,active,848,0.0847,1,1,1,1,0,0
P08_opposed_20pct,P,not_slow_tick,not_slow_tick,active,active,849,0.0848,1,1,1,1,0,0
P08_opposed_20pct,P,not_slow_tick,not_slow_tick,active,active,850,0.0849,0,1,1,1,0,0
P08_opposed_20pct,P,not_slow_tick,not_slow_tick,active,active,851,0.085,1,0,1,0,0,0
P08_opposed_20pct,P,not_slow_tick,not_slow_tick,active,active,852,0.0851,0,0,1,0,0,0
P08_opposed_20pct,P,not_slow_tick,not_slow_tick,active,active,853,0.0852,1,1,1,1,0,0
P08_opposed_20pct,P,not_slow_tick,not_slow_tick,active,active,854,0.0853,1,1,1,0,0,0
P08_opposed_20pct,P,not_slow_tick,not_slow_tick,active,active,855,0.0854,1,0,1,1,0,0
P08_opposed_20pct,P,not_slow_tick,not_slow_tick,active,active,856,0.0855,1,1,1,0,0,0
P08_opposed_20pct,P,not_slow_tick,not_slow_tick,active,active,857,0.0856,1,1,1,1,0,0
P08_opposed_20pct,P,not_slow_tick,not_slow_tick,active,active,858,0.0857,1,1,1,1,0,0
P08_opposed_20pct,P,not_slow_tick,not_slow_tick,active,active,859,0.0858,0,1,1,1,0,0
P08_opposed_20pct,P,none,none,active,active,860,0.0859,1,1,1,1,1,1
P08_opposed_20pct,P,not_slow_tick,not_slow_tick,active,active,861,0.086,0,0,1,1,0,0
P08_opposed_20pct,P,not_slow_tick,not_slow_tick,active,active,862,0.0861,0,0,1,1,0,0
P08_opposed_20pct,P,not_slow_tick,not_slow_tick,active,active,863,0.0862,0,0,1,1,0,0
P08_opposed_20pct,P,not_slow_tick,not_slow_tick,active,active,864,0.0863,0,0,1,1,0,0
P08_opposed_20pct,P,not_slow_tick,not_slow_tick,active,active,865,0.0864,0,0,1,0,0,0
P08_opposed_20pct,P,not_slow_tick,not_slow_tick,active,active,866,0.0865,1,1,1,1,0,0
P08_opposed_20pct,P,not_slow_tick,not_slow_tick,active,active,867,0.0866,1,1,1,0,0,0
P08_opposed_20pct,P,not_slow_tick,not_slow_tick,active,active,868,0.0867,1,1,1,1,0,0
P08_opposed_20pct,P,not_slow_tick,not_slow_tick,active,active,869,0.0868,1,1,1,1,0,0
P08_opposed_20pct,P,not_slow_tick,not_slow_tick,active,active,870,0.0869,1,1,1,1,0,0
P08_opposed_20pct,P,not_slow_tick,not_slow_tick,active,active,871,0.087,0,1,1,0,0,0
P08_opposed_20pct,P,not_slow_tick,not_slow_tick,active,active,872,0.0871,1,0,1,0,0,0
P08_opposed_20pct,P,not_slow_tick,not_slow_tick,active,active,873,0.0872,0,1,1,0,0,0
P08_opposed_20pct,P,not_slow_tick,not_slow_tick,active,active,874,0.0873,1,1,1,1,0,0
P08_opposed_20pct,P,not_slow_tick,not_slow_tick,active,active,875,0.0874,1,1,1,0,0,0
P08_opposed_20pct,P,not_slow_tick,not_slow_tick,active,active,876,0.0875,1,1,1,1,0,0
P08_opposed_20pct,P,not_slow_tick,not_slow_tick,active,active,877,0.0876,1,1,1,1,0,0
P08_opposed_20pct,P,not_slow_tick,not_slow_tick,active,active,878,0.0877,1,1,1,1,0,0
P08_opposed_20pct,P,not_slow_tick,not_slow_tick,active,active,879,0.0878,1,1,1,1,0,0
P08_opposed_20pct,P,none,none,active,active,880,0.0879,1,1,1,1,1,1
P08_opposed_20pct,P,not_slow_tick,not_slow_tick,active,active,881,0.088,1,1,1,1,0,0
P08_opposed_20pct,P,not_slow_tick,not_slow_tick,active,active,882,0.0881,0,0,1,1,0,0
P08_opposed_20pct,P,not_slow_tick,not_slow_tick,active,active,883,0.0882,0,0,1,1,0,0
P08_opposed_20pct,P,not_slow_tick,not_slow_tick,active,active,884,0.0883,0,0,1,1,0,0
P08_opposed_20pct,P,not_slow_tick,not_slow_tick,active,active,885,0.0884,0,0,1,1,0,0
P08_opposed_20pct,P,not_slow_tick,not_slow_tick,active,active,886,0.0885,0,0,1,0,0,0
P08_opposed_20pct,P,not_slow_tick,not_slow_tick,active,active,887,0.0886,1,1,1,1,0,0
P08_opposed_20pct,P,not_slow_tick,not_slow_tick,active,active,888,0.0887,1,1,1,0,0,0
P08_opposed_20pct,P,not_slow_tick,not_slow_tick,active,active,889,0.0888,1,1,1,1,0,0
P08_opposed_20pct,P,not_slow_tick,not_slow_tick,active,active,890,0.0889,1,1,1,1,0,0
P08_opposed_20pct,P,not_slow_tick,not_slow_tick,active,active,891,0.089,1,1,1,1,0,0
P08_opposed_20pct,P,not_slow_tick,not_slow_tick,active,active,892,0.0891,0,1,1,0,0,0
P08_opposed_20pct,P,not_slow_tick,not_slow_tick,active,active,893,0.0892,0,0,1,0,0,0
P08_opposed_20pct,P,not_slow_tick,not_slow_tick,active,active,894,0.0893,0,1,1,0,0,0
P08_opposed_20pct,P,not_slow_tick,not_slow_tick,active,active,895,0.0894,1,1,1,0,0,0
P08_opposed_20pct,P,not_slow_tick,not_slow_tick,active,active,896,0.0895,1,0,1,0,0,0
P08_opposed_20pct,P,not_slow_tick,not_slow_tick,active,active,897,0.0896,1,1,1,1,0,0
P08_opposed_20pct,P,not_slow_tick,not_slow_tick,active,active,898,0.0897,1,1,1,1,0,0
P08_opposed_20pct,P,not_slow_tick,not_slow_tick,active,active,899,0.0898,1,1,1,1,0,0
P08_opposed_20pct,P,none,none,active,active,900,0.0899,1,1,1,1,1,1
P08_opposed_20pct,P,not_slow_tick,not_slow_tick,active,active,901,0.09,1,1,1,1,0,0
P08_opposed_20pct,P,not_slow_tick,not_slow_tick,active,active,902,0.0901,1,1,1,1,0,0
P08_opposed_20pct,P,not_slow_tick,not_slow_tick,active,active,903,0.0902,0,0,1,1,0,0
P08_opposed_20pct,P,not_slow_tick,not_slow_tick,active,active,904,0.0903,0,0,1,1,0,0
P08_opposed_20pct,P,not_slow_tick,not_slow_tick,active,active,905,0.0904,0,0,1,1,0,0
P08_opposed_20pct,P,not_slow_tick,not_slow_tick,active,active,906,0.0905,0,0,1,1,0,0
P08_opposed_20pct,P,not_slow_tick,not_slow_tick,active,active,907,0.0906,0,0,1,0,0,0
P08_opposed_20pct,P,not_slow_tick,not_slow_tick,active,active,908,0.0907,1,1,1,1,0,0
P08_opposed_20pct,P,not_slow_tick,not_slow_tick,active,active,909,0.0908,1,1,1,0,0,0
P08_opposed_20pct,P,not_slow_tick,not_slow_tick,active,active,910,0.0909,1,1,1,1,0,0
P08_opposed_20pct,P,not_slow_tick,not_slow_tick,active,active,911,0.091,1,1,1,1,0,0
P08_opposed_20pct,P,not_slow_tick,not_slow_tick,active,active,912,0.0911,1,1,1,1,0,0
P08_opposed_20pct,P,not_slow_tick,not_slow_tick,active,active,913,0.0912,0,1,1,0,0,0
P08_opposed_20pct,P,not_slow_tick,not_slow_tick,active,active,914,0.0913,0,1,1,0,0,0
P08_opposed_20pct,P,not_slow_tick,not_slow_tick,active,active,915,0.0914,0,1,1,1,0,0
P08_opposed_20pct,P,not_slow_tick,not_slow_tick,active,active,916,0.0915,1,1,1,0,0,0
P08_opposed_20pct,P,not_slow_tick,not_slow_tick,active,active,917,0.0916,1,0,1,1,0,0
P08_opposed_20pct,P,not_slow_tick,not_slow_tick,active,active,918,0.0917,1,1,1,1,0,0
P08_opposed_20pct,P,not_slow_tick,not_slow_tick,active,active,919,0.0918,1,1,1,1,0,0
P08_opposed_20pct,P,u_hp_below_threshold,none,frozen_excitation,active,920,0.0919,0,1,1,1,0,1
P08_opposed_20pct,P,not_slow_tick,not_slow_tick,active,active,921,0.092,1,1,1,1,0,0
P08_opposed_20pct,P,not_slow_tick,not_slow_tick,active,active,922,0.0921,0,0,1,1,0,0
P08_opposed_20pct,P,not_slow_tick,not_slow_tick,active,active,923,0.0922,0,0,1,1,0,0
P08_opposed_20pct,P,not_slow_tick,not_slow_tick,active,active,924,0.0923,0,0,1,1,0,0
P08_opposed_20pct,P,not_slow_tick,not_slow_tick,active,active,925,0.0924,0,0,1,1,0,0
P08_opposed_20pct,P,not_slow_tick,not_slow_tick,active,active,926,0.0925,0,0,1,1,0,0
P08_opposed_20pct,P,not_slow_tick,not_slow_tick,active,active,927,0.0926,0,0,1,1,0,0
P08_opposed_20pct,P,not_slow_tick,not_slow_tick,active,active,928,0.0927,1,1,1,1,0,0
P08_opposed_20pct,P,not_slow_tick,not_slow_tick,active,active,929,0.0928,1,1,1,0,0,0
P08_opposed_20pct,P,not_slow_tick,not_slow_tick,active,active,930,0.0929,1,1,1,1,0,0
P08_opposed_20pct,P,not_slow_tick,not_slow_tick,active,active,931,0.093,1,1,1,1,0,0
P08_opposed_20pct,P,not_slow_tick,not_slow_tick,active,active,932,0.0931,1,1,1,1,0,0
P08_opposed_20pct,P,not_slow_tick,not_slow_tick,active,active,933,0.0932,0,1,1,1,0,0
P08_opposed_20pct,P,not_slow_tick,not_slow_tick,active,active,934,0.0933,1,0,1,1,0,0
P08_opposed_20pct,P,not_slow_tick,not_slow_tick,active,active,935,0.0934,0,0,1,0,0,0
P08_opposed_20pct,P,not_slow_tick,not_slow_tick,active,active,936,0.0935,1,1,1,0,0,0
P08_opposed_20pct,P,not_slow_tick,not_slow_tick,active,active,937,0.0936,1,1,1,1,0,0
P08_opposed_20pct,P,not_slow_tick,not_slow_tick,active,active,938,0.0937,1,1,1,0,0,0
P08_opposed_20pct,P,not_slow_tick,not_slow_tick,active,active,939,0.0938,1,1,1,1,0,0
P08_opposed_20pct,P,none,none,active,active,940,0.0939,1,1,1,1,1,1
P08_opposed_20pct,P,not_slow_tick,not_slow_tick,active,active,941,0.094,0,0,1,1,0,0
P08_opposed_20pct,P,not_slow_tick,not_slow_tick,active,active,942,0.0941,1,1,1,1,0,0
P08_opposed_20pct,P,not_slow_tick,not_slow_tick,active,active,943,0.0942,0,0,1,1,0,0
P08_opposed_20pct,P,not_slow_tick,not_slow_tick,active,active,944,0.0943,0,0,1,1,0,0
P08_opposed_20pct,P,not_slow_tick,not_slow_tick,active,active,945,0.0944,0,0,1,1,0,0
P08_opposed_20pct,P,not_slow_tick,not_slow_tick,active,active,946,0.0945,0,0,1,1,0,0
P08_opposed_20pct,P,not_slow_tick,not_slow_tick,active,active,947,0.0946,0,0,1,1,0,0
P08_opposed_20pct,P,not_slow_tick,not_slow_tick,active,active,948,0.0947,0,0,1,1,0,0
P08_opposed_20pct,P,not_slow_tick,not_slow_tick,active,active,949,0.0948,1,1,1,1,0,0
P08_opposed_20pct,P,not_slow_tick,not_slow_tick,active,active,950,0.0949,1,1,1,0,0,0
P08_opposed_20pct,P,not_slow_tick,not_slow_tick,active,active,951,0.095,1,1,1,1,0,0
P08_opposed_20pct,P,not_slow_tick,not_slow_tick,active,active,952,0.0951,1,1,1,1,0,0
P08_opposed_20pct,P,not_slow_tick,not_slow_tick,active,active,953,0.0952,1,1,1,1,0,0
P08_opposed_20pct,P,not_slow_tick,not_slow_tick,active,active,954,0.0953,0,1,1,1,0,0
P08_opposed_20pct,P,not_slow_tick,not_slow_tick,active,active,955,0.0954,1,0,1,0,0,0
P08_opposed_20pct,P,not_slow_tick,not_slow_tick,active,active,956,0.0955,0,0,1,0,0,0
P08_opposed_20pct,P,not_slow_tick,not_slow_tick,active,active,957,0.0956,1,1,1,0,0,0
P08_opposed_20pct,P,not_slow_tick,not_slow_tick,active,active,958,0.0957,1,1,1,0,0,0
P08_opposed_20pct,P,not_slow_tick,not_slow_tick,active,active,959,0.0958,1,0,1,1,0,0
P08_opposed_20pct,P,none,none,active,active,960,0.0959,1,1,1,1,1,1
P08_opposed_20pct,P,not_slow_tick,not_slow_tick,active,active,961,0.096,1,1,1,1,0,0
P08_opposed_20pct,P,not_slow_tick,not_slow_tick,active,active,962,0.0961,0,1,1,1,0,0
P08_opposed_20pct,P,not_slow_tick,not_slow_tick,active,active,963,0.0962,1,1,1,1,0,0
P08_opposed_20pct,P,not_slow_tick,not_slow_tick,active,active,964,0.0963,0,0,1,1,0,0
P08_opposed_20pct,P,not_slow_tick,not_slow_tick,active,active,965,0.0964,0,0,1,1,0,0
P08_opposed_20pct,P,not_slow_tick,not_slow_tick,active,active,966,0.0965,0,0,1,1,0,0
P08_opposed_20pct,P,not_slow_tick,not_slow_tick,active,active,967,0.0966,0,0,1,1,0,0
P08_opposed_20pct,P,not_slow_tick,not_slow_tick,active,active,968,0.0967,0,0,1,1,0,0
P08_opposed_20pct,P,not_slow_tick,not_slow_tick,active,active,969,0.0968,0,0,1,1,0,0
P08_opposed_20pct,P,not_slow_tick,not_slow_tick,active,active,970,0.0969,1,1,1,1,0,0
P08_opposed_20pct,P,not_slow_tick,not_slow_tick,active,active,971,0.097,1,1,1,0,0,0
P08_opposed_20pct,P,not_slow_tick,not_slow_tick,active,active,972,0.0971,1,1,1,1,0,0
P08_opposed_20pct,P,not_slow_tick,not_slow_tick,active,active,973,0.0972,1,1,1,1,0,0
P08_opposed_20pct,P,not_slow_tick,not_slow_tick,active,active,974,0.0973,1,1,1,1,0,0
P08_opposed_20pct,P,not_slow_tick,not_slow_tick,active,active,975,0.0974,0,1,1,0,0,0
P08_opposed_20pct,P,not_slow_tick,not_slow_tick,active,active,976,0.0975,1,0,1,0,0,0
P08_opposed_20pct,P,not_slow_tick,not_slow_tick,active,active,977,0.0976,0,0,1,0,0,0
P08_opposed_20pct,P,not_slow_tick,not_slow_tick,active,active,978,0.0977,1,1,1,1,0,0
P08_opposed_20pct,P,not_slow_tick,not_slow_tick,active,active,979,0.0978,1,1,1,0,0,0
P08_opposed_20pct,P,none,u_hp_below_threshold,active,frozen_excitation,980,0.0979,1,0,1,1,1,0
P08_opposed_20pct,P,not_slow_tick,not_slow_tick,active,active,981,0.098,1,1,1,0,0,0
P08_opposed_20pct,P,not_slow_tick,not_slow_tick,active,active,982,0.0981,1,1,1,1,0,0
P08_opposed_20pct,P,not_slow_tick,not_slow_tick,active,active,983,0.0982,1,1,1,1,0,0
P08_opposed_20pct,P,not_slow_tick,not_slow_tick,active,active,984,0.0983,0,1,1,1,0,0
P08_opposed_20pct,P,not_slow_tick,not_slow_tick,active,active,985,0.0984,1,1,1,1,0,0
P08_opposed_20pct,P,not_slow_tick,not_slow_tick,active,active,986,0.0985,0,0,1,1,0,0
P08_opposed_20pct,P,not_slow_tick,not_slow_tick,active,active,987,0.0986,0,0,1,1,0,0
P08_opposed_20pct,P,not_slow_tick,not_slow_tick,active,active,988,0.0987,0,0,1,1,0,0
P08_opposed_20pct,P,not_slow_tick,not_slow_tick,active,active,989,0.0988,0,0,1,1,0,0
P08_opposed_20pct,P,not_slow_tick,not_slow_tick,active,active,990,0.0989,0,0,1,1,0,0
P08_opposed_20pct,P,not_slow_tick,not_slow_tick,active,active,991,0.099,1,1,1,1,0,0
P08_opposed_20pct,P,not_slow_tick,not_slow_tick,active,active,992,0.0991,1,1,1,0,0,0
P08_opposed_20pct,P,not_slow_tick,not_slow_tick,active,active,993,0.0992,1,1,1,1,0,0
P08_opposed_20pct,P,not_slow_tick,not_slow_tick,active,active,994,0.0993,1,1,1,1,0,0
P08_opposed_20pct,P,not_slow_tick,not_slow_tick,active,active,995,0.0994,1,1,1,1,0,0
P08_opposed_20pct,P,not_slow_tick,not_slow_tick,active,active,996,0.0995,0,1,1,0,0,0
P08_opposed_20pct,P,not_slow_tick,not_slow_tick,active,active,997,0.0996,1,0,1,0,0,0
P08_opposed_20pct,P,not_slow_tick,not_slow_tick,active,active,998,0.0997,0,1,1,0,0,0
P08_opposed_20pct,P,not_slow_tick,not_slow_tick,active,active,999,0.0998,1,1,1,1,0,0
P08_opposed_20pct,P,none,none,active,active,1000,0.0999,1,1,1,0,1,1
P08_opposed_20pct,P,not_slow_tick,not_slow_tick,active,active,1001,0.1,1,1,1,1,0,0
P08_opposed_20pct,P,not_slow_tick,not_slow_tick,active,active,1002,0.1001,1,1,1,0,0,0
P08_opposed_20pct,P,not_slow_tick,not_slow_tick,active,active,1003,0.1002,1,1,1,1,0,0
P08_opposed_20pct,P,not_slow_tick,not_slow_tick,active,active,1004,0.1003,1,1,1,1,0,0
P08_opposed_20pct,P,not_slow_tick,not_slow_tick,active,active,1005,0.1004,0,1,1,1,0,0
P08_opposed_20pct,P,not_slow_tick,not_slow_tick,active,active,1006,0.1005,1,1,1,1,0,0
P08_opposed_20pct,P,not_slow_tick,not_slow_tick,active,active,1007,0.1006,0,0,1,1,0,0
P08_opposed_20pct,P,not_slow_tick,not_slow_tick,active,active,1008,0.1007,0,0,1,1,0,0
P08_opposed_20pct,P,not_slow_tick,not_slow_tick,active,active,1009,0.1008,0,0,1,1,0,0
P08_opposed_20pct,P,not_slow_tick,not_slow_tick,active,active,1010,0.1009,0,0,1,1,0,0
P08_opposed_20pct,P,not_slow_tick,not_slow_tick,active,active,1011,0.101,0,0,1,0,0,0
P08_opposed_20pct,P,not_slow_tick,not_slow_tick,active,active,1012,0.1011,1,1,1,1,0,0
P08_opposed_20pct,P,not_slow_tick,not_slow_tick,active,active,1013,0.1012,1,1,1,0,0,0
P08_opposed_20pct,P,not_slow_tick,not_slow_tick,active,active,1014,0.1013,1,1,1,1,0,0
P08_opposed_20pct,P,not_slow_tick,not_slow_tick,active,active,1015,0.1014,1,1,1,1,0,0
P08_opposed_20pct,P,not_slow_tick,not_slow_tick,active,active,1016,0.1015,1,1,1,1,0,0
P08_opposed_20pct,P,not_slow_tick,not_slow_tick,active,active,1017,0.1016,0,1,1,0,0,0
P08_opposed_20pct,P,not_slow_tick,not_slow_tick,active,active,1018,0.1017,0,0,1,0,0,0
P08_opposed_20pct,P,not_slow_tick,not_slow_tick,active,active,1019,0.1018,0,1,1,0,0,0
P08_opposed_20pct,P,none,none,active,active,1020,0.1019,1,1,1,0,1,1
P08_opposed_20pct,P,not_slow_tick,not_slow_tick,active,active,1021,0.102,1,0,1,0,0,0
P08_opposed_20pct,P,not_slow_tick,not_slow_tick,active,active,1022,0.1021,1,1,1,1,0,0
P08_opposed_20pct,P,not_slow_tick,not_slow_tick,active,active,1023,0.1022,1,1,1,1,0,0
P08_opposed_20pct,P,not_slow_tick,not_slow_tick,active,active,1024,0.1023,1,1,1,1,0,0
P08_opposed_20pct,P,not_slow_tick,not_slow_tick,active,active,1025,0.1024,1,1,1,1,0,0
P08_opposed_20pct,P,not_slow_tick,not_slow_tick,active,active,1026,0.1025,1,1,1,1,0,0
P08_opposed_20pct,P,not_slow_tick,not_slow_tick,active,active,1027,0.1026,1,1,1,1,0,0
P08_opposed_20pct,P,not_slow_tick,not_slow_tick,active,active,1028,0.1027,0,0,1,1,0,0
P08_opposed_20pct,P,not_slow_tick,not_slow_tick,active,active,1029,0.1028,0,0,1,1,0,0
P08_opposed_20pct,P,not_slow_tick,not_slow_tick,active,active,1030,0.1029,0,0,1,1,0,0
P08_opposed_20pct,P,not_slow_tick,not_slow_tick,active,active,1031,0.103,0,0,1,1,0,0
P08_opposed_20pct,P,not_slow_tick,not_slow_tick,active,active,1032,0.1031,0,0,1,0,0,0
P08_opposed_20pct,P,not_slow_tick,not_slow_tick,active,active,1033,0.1032,1,1,1,1,0,0
P08_opposed_20pct,P,not_slow_tick,not_slow_tick,active,active,1034,0.1033,1,1,1,0,0,0
P08_opposed_20pct,P,not_slow_tick,not_slow_tick,active,active,1035,0.1034,1,1,1,1,0,0
P08_opposed_20pct,P,not_slow_tick,not_slow_tick,active,active,1036,0.1035,1,1,1,1,0,0
P08_opposed_20pct,P,not_slow_tick,not_slow_tick,active,active,1037,0.1036,1,1,1,1,0,0
P08_opposed_20pct,P,not_slow_tick,not_slow_tick,active,active,1038,0.1037,0,1,1,0,0,0
P08_opposed_20pct,P,not_slow_tick,not_slow_tick,active,active,1039,0.1038,0,0,1,0,0,0
P08_opposed_20pct,P,u_hp_below_threshold,none,frozen_excitation,active,1040,0.1039,0,1,1,1,0,1
P08_opposed_20pct,P,not_slow_tick,not_slow_tick,active,active,1041,0.104,1,1,1,0,0,0
P08_opposed_20pct,P,not_slow_tick,not_slow_tick,active,active,1042,0.1041,1,0,1,1,0,0
P08_opposed_20pct,P,not_slow_tick,not_slow_tick,active,active,1043,0.1042,1,1,1,1,0,0
P08_opposed_20pct,P,not_slow_tick,not_slow_tick,active,active,1044,0.1043,1,1,1,1,0,0
P08_opposed_20pct,P,not_slow_tick,not_slow_tick,active,active,1045,0.1044,0,1,1,1,0,0
P08_opposed_20pct,P,not_slow_tick,not_slow_tick,active,active,1046,0.1045,1,1,1,1,0,0
P08_opposed_20pct,P,not_slow_tick,not_slow_tick,active,active,1047,0.1046,0,0,1,1,0,0
P08_opposed_20pct,P,not_slow_tick,not_slow_tick,active,active,1048,0.1047,0,0,1,1,0,0
P08_opposed_20pct,P,not_slow_tick,not_slow_tick,active,active,1049,0.1048,0,0,1,1,0,0
P08_opposed_20pct,P,not_slow_tick,not_slow_tick,active,active,1050,0.1049,0,0,1,1,0,0
P08_opposed_20pct,P,not_slow_tick,not_slow_tick,active,active,1051,0.105,0,0,1,1,0,0
P08_opposed_20pct,P,not_slow_tick,not_slow_tick,active,active,1052,0.1051,0,0,1,1,0,0
P08_opposed_20pct,P,not_slow_tick,not_slow_tick,active,active,1053,0.1052,0,0,1,0,0,0
P08_opposed_20pct,P,not_slow_tick,not_slow_tick,active,active,1054,0.1053,1,1,1,1,0,0
P08_opposed_20pct,P,not_slow_tick,not_slow_tick,active,active,1055,0.1054,1,1,1,0,0,0
P08_opposed_20pct,P,not_slow_tick,not_slow_tick,active,active,1056,0.1055,1,1,1,1,0,0
P08_opposed_20pct,P,not_slow_tick,not_slow_tick,active,active,1057,0.1056,1,1,1,1,0,0
P08_opposed_20pct,P,not_slow_tick,not_slow_tick,active,active,1058,0.1057,1,1,1,0,0,0
P08_opposed_20pct,P,not_slow_tick,not_slow_tick,active,active,1059,0.1058,0,1,1,0,0,0
P08_opposed_20pct,P,u_hp_below_threshold,none,frozen_excitation,active,1060,0.1059,0,1,1,0,0,1
P08_opposed_20pct,P,not_slow_tick,not_slow_tick,active,active,1061,0.106,0,1,1,1,0,0
P08_opposed_20pct,P,not_slow_tick,not_slow_tick,active,active,1062,0.1061,1,0,1,0,0,0
P08_opposed_20pct,P,not_slow_tick,not_slow_tick,active,active,1063,0.1062,1,1,1,1,0,0
P08_opposed_20pct,P,not_slow_tick,not_slow_tick,active,active,1064,0.1063,1,1,1,0,0,0
P08_opposed_20pct,P,not_slow_tick,not_slow_tick,active,active,1065,0.1064,1,1,1,1,0,0
P08_opposed_20pct,P,not_slow_tick,not_slow_tick,active,active,1066,0.1065,1,1,1,1,0,0
P08_opposed_20pct,P,not_slow_tick,not_slow_tick,active,active,1067,0.1066,0,0,1,1,0,0
P08_opposed_20pct,P,not_slow_tick,not_slow_tick,active,active,1068,0.1067,1,1,1,1,0,0
P08_opposed_20pct,P,not_slow_tick,not_slow_tick,active,active,1069,0.1068,0,0,1,1,0,0
P08_opposed_20pct,P,not_slow_tick,not_slow_tick,active,active,1070,0.1069,0,0,1,1,0,0
P08_opposed_20pct,P,not_slow_tick,not_slow_tick,active,active,1071,0.107,0,0,1,1,0,0
P08_opposed_20pct,P,not_slow_tick,not_slow_tick,active,active,1072,0.1071,0,0,1,1,0,0
P08_opposed_20pct,P,not_slow_tick,not_slow_tick,active,active,1073,0.1072,0,0,1,1,0,0
P08_opposed_20pct,P,not_slow_tick,not_slow_tick,active,active,1074,0.1073,1,1,1,1,0,0
P08_opposed_20pct,P,not_slow_tick,not_slow_tick,active,active,1075,0.1074,1,1,1,0,0,0
P08_opposed_20pct,P,not_slow_tick,not_slow_tick,active,active,1076,0.1075,1,1,1,1,0,0
P08_opposed_20pct,P,not_slow_tick,not_slow_tick,active,active,1077,0.1076,1,1,1,1,0,0
P08_opposed_20pct,P,not_slow_tick,not_slow_tick,active,active,1078,0.1077,1,1,1,1,0,0
P08_opposed_20pct,P,not_slow_tick,not_slow_tick,active,active,1079,0.1078,0,1,1,1,0,0
P08_opposed_20pct,P,none,u_hp_below_threshold,active,frozen_excitation,1080,0.1079,1,0,1,0,1,0
P08_opposed_20pct,P,not_slow_tick,not_slow_tick,active,active,1081,0.108,0,0,1,0,0,0
P08_opposed_20pct,P,not_slow_tick,not_slow_tick,active,active,1082,0.1081,1,1,1,0,0,0
P08_opposed_20pct,P,not_slow_tick,not_slow_tick,active,active,1083,0.1082,1,1,1,0,0,0
P08_opposed_20pct,P,not_slow_tick,not_slow_tick,active,active,1084,0.1083,1,0,1,1,0,0
P08_opposed_20pct,P,not_slow_tick,not_slow_tick,active,active,1085,0.1084,1,1,1,1,0,0
P08_opposed_20pct,P,not_slow_tick,not_slow_tick,active,active,1086,0.1085,1,1,1,1,0,0
P08_opposed_20pct,P,not_slow_tick,not_slow_tick,active,active,1087,0.1086,0,0,1,1,0,0
P08_opposed_20pct,P,not_slow_tick,not_slow_tick,active,active,1088,0.1087,1,1,1,1,0,0
P08_opposed_20pct,P,not_slow_tick,not_slow_tick,active,active,1089,0.1088,0,0,1,1,0,0
P08_opposed_20pct,P,not_slow_tick,not_slow_tick,active,active,1090,0.1089,0,0,1,1,0,0
P08_opposed_20pct,P,not_slow_tick,not_slow_tick,active,active,1091,0.109,0,0,1,1,0,0
P08_opposed_20pct,P,not_slow_tick,not_slow_tick,active,active,1092,0.1091,0,0,1,1,0,0
P08_opposed_20pct,P,not_slow_tick,not_slow_tick,active,active,1093,0.1092,0,0,1,1,0,0
P08_opposed_20pct,P,not_slow_tick,not_slow_tick,active,active,1094,0.1093,0,0,1,1,0,0
P08_opposed_20pct,P,not_slow_tick,not_slow_tick,active,active,1095,0.1094,1,1,1,1,0,0
P08_opposed_20pct,P,not_slow_tick,not_slow_tick,active,active,1096,0.1095,1,1,1,0,0,0
P08_opposed_20pct,P,not_slow_tick,not_slow_tick,active,active,1097,0.1096,1,1,1,1,0,0
P08_opposed_20pct,P,not_slow_tick,not_slow_tick,active,active,1098,0.1097,1,1,1,1,0,0
P08_opposed_20pct,P,not_slow_tick,not_slow_tick,active,active,1099,0.1098,1,1,1,1,0,0
P08_opposed_20pct,P,u_hp_below_threshold,none,frozen_excitation,active,1100,0.1099,0,1,1,0,0,1
P08_opposed_20pct,P,not_slow_tick,not_slow_tick,active,active,1101,0.11,1,0,1,0,0,0
P08_opposed_20pct,P,not_slow_tick,not_slow_tick,active,active,1102,0.1101,0,0,1,0,0,0
P08_opposed_20pct,P,not_slow_tick,not_slow_tick,active,active,1103,0.1102,1,1,1,1,0,0
P08_opposed_20pct,P,not_slow_tick,not_slow_tick,active,active,1104,0.1103,1,1,1,0,0,0
P08_opposed_20pct,P,not_slow_tick,not_slow_tick,active,active,1105,0.1104,1,0,1,1,0,0
P08_opposed_20pct,P,not_slow_tick,not_slow_tick,active,active,1106,0.1105,1,1,1,0,0,0
P08_opposed_20pct,P,not_slow_tick,not_slow_tick,active,active,1107,0.1106,1,1,1,1,0,0
P08_opposed_20pct,P,not_slow_tick,not_slow_tick,active,active,1108,0.1107,1,1,1,1,0,0
P08_opposed_20pct,P,not_slow_tick,not_slow_tick,active,active,1109,0.1108,0,0,1,1,0,0
P08_opposed_20pct,P,not_slow_tick,not_slow_tick,active,active,1110,0.1109,1,1,1,1,0,0
P08_opposed_20pct,P,not_slow_tick,not_slow_tick,active,active,1111,0.111,0,0,1,1,0,0
P08_opposed_20pct,P,not_slow_tick,not_slow_tick,active,active,1112,0.1111,0,0,1,1,0,0
P08_opposed_20pct,P,not_slow_tick,not_slow_tick,active,active,1113,0.1112,0,0,1,1,0,0
P08_opposed_20pct,P,not_slow_tick,not_slow_tick,active,active,1114,0.1113,0,0,1,1,0,0
P08_opposed_20pct,P,not_slow_tick,not_slow_tick,active,active,1115,0.1114,0,0,1,1,0,0
P08_opposed_20pct,P,not_slow_tick,not_slow_tick,active,active,1116,0.1115,1,1,1,1,0,0
P08_opposed_20pct,P,not_slow_tick,not_slow_tick,active,active,1117,0.1116,1,1,1,0,0,0
P08_opposed_20pct,P,not_slow_tick,not_slow_tick,active,active,1118,0.1117,1,1,1,1,0,0
P08_opposed_20pct,P,not_slow_tick,not_slow_tick,active,active,1119,0.1118,1,1,1,1,0,0
P08_opposed_20pct,P,none,none,active,active,1120,0.1119,1,1,1,1,1,1
P08_opposed_20pct,P,not_slow_tick,not_slow_tick,active,active,1121,0.112,0,1,1,0,0,0
P08_opposed_20pct,P,not_slow_tick,not_slow_tick,active,active,1122,0.1121,1,0,1,0,0,0
P08_opposed_20pct,P,not_slow_tick,not_slow_tick,active,active,1123,0.1122,0,1,1,0,0,0
P08_opposed_20pct,P,not_slow_tick,not_slow_tick,active,active,1124,0.1123,1,1,1,1,0,0
P08_opposed_20pct,P,not_slow_tick,not_slow_tick,active,active,1125,0.1124,1,1,1,0,0,0
P08_opposed_20pct,P,not_slow_tick,not_slow_tick,active,active,1126,0.1125,1,1,1,1,0,0
P08_opposed_20pct,P,not_slow_tick,not_slow_tick,active,active,1127,0.1126,1,1,1,1,0,0
P08_opposed_20pct,P,not_slow_tick,not_slow_tick,active,active,1128,0.1127,1,1,1,1,0,0
P08_opposed_20pct,P,not_slow_tick,not_slow_tick,active,active,1129,0.1128,1,1,1,1,0,0
P08_opposed_20pct,P,not_slow_tick,not_slow_tick,active,active,1130,0.1129,0,1,1,1,0,0
P08_opposed_20pct,P,not_slow_tick,not_slow_tick,active,active,1131,0.113,1,1,1,1,0,0
P08_opposed_20pct,P,not_slow_tick,not_slow_tick,active,active,1132,0.1131,0,0,1,1,0,0
P08_opposed_20pct,P,not_slow_tick,not_slow_tick,active,active,1133,0.1132,0,0,1,1,0,0
P08_opposed_20pct,P,not_slow_tick,not_slow_tick,active,active,1134,0.1133,0,0,1,1,0,0
P08_opposed_20pct,P,not_slow_tick,not_slow_tick,active,active,1135,0.1134,0,0,1,1,0,0
P08_opposed_20pct,P,not_slow_tick,not_slow_tick,active,active,1136,0.1135,0,0,1,0,0,0
P08_opposed_20pct,P,not_slow_tick,not_slow_tick,active,active,1137,0.1136,1,1,1,1,0,0
P08_opposed_20pct,P,not_slow_tick,not_slow_tick,active,active,1138,0.1137,1,1,1,0,0,0
P08_opposed_20pct,P,not_slow_tick,not_slow_tick,active,active,1139,0.1138,1,1,1,1,0,0
P08_opposed_20pct,P,none,none,active,active,1140,0.1139,1,1,1,1,1,1
P08_opposed_20pct,P,not_slow_tick,not_slow_tick,active,active,1141,0.114,1,1,1,1,0,0
P08_opposed_20pct,P,not_slow_tick,not_slow_tick,active,active,1142,0.1141,0,1,1,0,0,0
P08_opposed_20pct,P,not_slow_tick,not_slow_tick,active,active,1143,0.1142,0,0,1,0,0,0
P08_opposed_20pct,P,not_slow_tick,not_slow_tick,active,active,1144,0.1143,0,1,1,0,0,0
P08_opposed_20pct,P,not_slow_tick,not_slow_tick,active,active,1145,0.1144,1,1,1,0,0,0
P08_opposed_20pct,P,not_slow_tick,not_slow_tick,active,active,1146,0.1145,1,0,1,0,0,0
P08_opposed_20pct,P,not_slow_tick,not_slow_tick,active,active,1147,0.1146,1,1,1,1,0,0
P08_opposed_20pct,P,not_slow_tick,not_slow_tick,active,active,1148,0.1147,1,1,1,1,0,0
P08_opposed_20pct,P,not_slow_tick,not_slow_tick,active,active,1149,0.1148,1,1,1,1,0,0
P08_opposed_20pct,P,not_slow_tick,not_slow_tick,active,active,1150,0.1149,1,1,1,1,0,0
P08_opposed_20pct,P,not_slow_tick,not_slow_tick,active,active,1151,0.115,1,1,1,1,0,0
P08_opposed_20pct,P,not_slow_tick,not_slow_tick,active,active,1152,0.1151,1,1,1,1,0,0
P08_opposed_20pct,P,not_slow_tick,not_slow_tick,active,active,1153,0.1152,0,0,1,1,0,0
P08_opposed_20pct,P,not_slow_tick,not_slow_tick,active,active,1154,0.1153,0,0,1,1,0,0
P08_opposed_20pct,P,not_slow_tick,not_slow_tick,active,active,1155,0.1154,0,0,1,1,0,0
P08_opposed_20pct,P,not_slow_tick,not_slow_tick,active,active,1156,0.1155,0,0,1,1,0,0
P08_opposed_20pct,P,not_slow_tick,not_slow_tick,active,active,1157,0.1156,0,0,1,0,0,0
P08_opposed_20pct,P,not_slow_tick,not_slow_tick,active,active,1158,0.1157,1,1,1,1,0,0
P08_opposed_20pct,P,not_slow_tick,not_slow_tick,active,active,1159,0.1158,1,1,1,0,0,0
P08_opposed_20pct,P,none,none,active,active,1160,0.1159,1,1,1,1,1,1
P08_opposed_20pct,P,not_slow_tick,not_slow_tick,active,active,1161,0.116,1,1,1,1,0,0
P08_opposed_20pct,P,not_slow_tick,not_slow_tick,active,active,1162,0.1161,1,1,1,0,0,0
P08_opposed_20pct,P,not_slow_tick,not_slow_tick,active,active,1163,0.1162,0,1,1,0,0,0
P08_opposed_20pct,P,not_slow_tick,not_slow_tick,active,active,1164,0.1163,0,0,1,0,0,0
P08_opposed_20pct,P,not_slow_tick,not_slow_tick,active,active,1165,0.1164,0,1,1,1,0,0
P08_opposed_20pct,P,not_slow_tick,not_slow_tick,active,active,1166,0.1165,1,1,1,0,0,0
P08_opposed_20pct,P,not_slow_tick,not_slow_tick,active,active,1167,0.1166,1,0,1,1,0,0
P08_opposed_20pct,P,not_slow_tick,not_slow_tick,active,active,1168,0.1167,1,1,1,1,0,0
P08_opposed_20pct,P,not_slow_tick,not_slow_tick,active,active,1169,0.1168,1,1,1,1,0,0
P08_opposed_20pct,P,not_slow_tick,not_slow_tick,active,active,1170,0.1169,0,0,1,1,0,0
P08_opposed_20pct,P,not_slow_tick,not_slow_tick,active,active,1171,0.117,1,1,1,1,0,0
P08_opposed_20pct,P,not_slow_tick,not_slow_tick,active,active,1172,0.1171,0,0,1,1,0,0
P08_opposed_20pct,P,not_slow_tick,not_slow_tick,active,active,1173,0.1172,0,0,1,1,0,0
P08_opposed_20pct,P,not_slow_tick,not_slow_tick,active,active,1174,0.1173,0,0,1,1,0,0
P08_opposed_20pct,P,not_slow_tick,not_slow_tick,active,active,1175,0.1174,0,0,1,1,0,0
P08_opposed_20pct,P,not_slow_tick,not_slow_tick,active,active,1176,0.1175,0,0,1,1,0,0
P08_opposed_20pct,P,not_slow_tick,not_slow_tick,active,active,1177,0.1176,0,0,1,1,0,0
P08_opposed_20pct,P,not_slow_tick,not_slow_tick,active,active,1178,0.1177,0,0,1,0,0,0
P08_opposed_20pct,P,not_slow_tick,not_slow_tick,active,active,1179,0.1178,1,1,1,1,0,0
P08_opposed_20pct,P,none,none,active,active,1180,0.1179,1,1,1,0,1,1
P08_opposed_20pct,P,not_slow_tick,not_slow_tick,active,active,1181,0.118,1,1,1,1,0,0
P08_opposed_20pct,P,not_slow_tick,not_slow_tick,active,active,1182,0.1181,1,1,1,1,0,0
P08_opposed_20pct,P,not_slow_tick,not_slow_tick,active,active,1183,0.1182,1,1,1,0,0,0
P08_opposed_20pct,P,not_slow_tick,not_slow_tick,active,active,1184,0.1183,0,1,1,0,0,0
P08_opposed_20pct,P,not_slow_tick,not_slow_tick,active,active,1185,0.1184,0,1,1,0,0,0
P08_opposed_20pct,P,not_slow_tick,not_slow_tick,active,active,1186,0.1185,0,1,1,1,0,0
P08_opposed_20pct,P,not_slow_tick,not_slow_tick,active,active,1187,0.1186,1,0,1,0,0,0
P08_opposed_20pct,P,not_slow_tick,not_slow_tick,active,active,1188,0.1187,1,1,1,1,0,0
P08_opposed_20pct,P,not_slow_tick,not_slow_tick,active,active,1189,0.1188,1,1,1,0,0,0
P08_opposed_20pct,P,not_slow_tick,not_slow_tick,active,active,1190,0.1189,1,1,1,1,0,0
P08_opposed_20pct,P,not_slow_tick,not_slow_tick,active,active,1191,0.119,1,1,1,1,0,0
P08_opposed_20pct,P,not_slow_tick,not_slow_tick,active,active,1192,0.1191,0,0,1,1,0,0
P08_opposed_20pct,P,not_slow_tick,not_slow_tick,active,active,1193,0.1192,1,1,1,1,0,0
P08_opposed_20pct,P,not_slow_tick,not_slow_tick,active,active,1194,0.1193,0,0,1,1,0,0
P08_opposed_20pct,P,not_slow_tick,not_slow_tick,active,active,1195,0.1194,0,0,1,1,0,0
P08_opposed_20pct,P,not_slow_tick,not_slow_tick,active,active,1196,0.1195,0,0,1,1,0,0
P08_opposed_20pct,P,not_slow_tick,not_slow_tick,active,active,1197,0.1196,0,0,1,1,0,0
P08_opposed_20pct,P,not_slow_tick,not_slow_tick,active,active,1198,0.1197,0,0,1,1,0,0
P08_opposed_20pct,P,not_slow_tick,not_slow_tick,active,active,1199,0.1198,1,1,1,1,0,0
P08_opposed_20pct,P,none,none,active,active,1200,0.1199,1,1,1,0,1,1
