case_id,method,freeze_reason_d,freeze_reason_q,sample_index,time_s,alpha_d,alpha_q,F_d,F_q,F_pred_d,F_pred_q,gate_exc_d,gate_exc_q,gate_s2,gate_decision,alpha_update_d,alpha_update_q,reset_event,u_hp_d,u_hp_q,y_hp_d,y_hp_q
C01_nominal_100rpm_10A,B0,baseline,baseline,1,0,1250,833.333333333333,-0,-2827.43338823081,-0,-2827.43338823081,0,0,0,0,0,0,0,NaN,NaN,NaN,NaN
C01_nominal_100rpm_10A,B0,baseline,baseline,2,0.0001,1250,833.333333333333,-0.0120609924708941,-2827.443748405,-0.0120609924708941,-2827.443748405,0,0,0,0,0,0,0,NaN,NaN,NaN,NaN
C01_nominal_100rpm_10A,B0,baseline,baseline,3,0.0002,1250,833.333333333333,-2.8150904278725,-2826.30373878448,-2.8150904278725,-2826.30373878448,0,0,0,0,0,0,0,NaN,NaN,NaN,NaN
C01_nominal_100rpm_10A,B0,baseline,baseline,4,0.0003,1250,833.333333333333,-7.37185321099414,-2822.34621898414,-7.37185321099414,-2822.34621898414,0,0,0,0,0,0,0,NaN,NaN,NaN,NaN
C01_nominal_100rpm_10A,B0,baseline,baseline,5,0.0004,1250,833.333333333333,-7.7802031459149,-2818.89584979947,-7.7802031459149,-2818.89584979947,0,0,0,0,0,0,0,NaN,NaN,NaN,NaN
C01_nominal_100rpm_10A,B0,baseline,baseline,6,0.0005,1250,833.333333333333,2.04295753170314,-2822.34311661019,2.04295753170314,-2822.34311661019,0,0,0,0,0,0,0,NaN,NaN,NaN,NaN
C01_nominal_100rpm_10A,B0,baseline,baseline,7,0.0006,1250,833.333333333333,30.5126453540951,-2833.74938394791,30.5126453540951,-2833.74938394791,0,0,0,0,0,0,0,NaN,NaN,NaN,NaN
C01_nominal_100rpm_10A,B0,baseline,baseline,8,0.0007,1250,833.333333333333,73.3994734804979,-2847.60988419117,73.3994734804979,-2847.60988419117,0,0,0,0,0,0,0,NaN,NaN,NaN,NaN
C01_nominal_100rpm_10A,B0,baseline,baseline,9,0.0008,1250,833.333333333333,112.912574036304,-2859.7681336207,112.912574036304,-2859.7681336207,0,0,0,0,0,0,0,NaN,NaN,NaN,NaN
C01_nominal_100rpm_10A,B0,baseline,baseline,10,0.0009,1250,833.333333333333,142.142831344863,-2873.87774586831,142.142831344863,-2873.87774586831,0,0,0,0,0,0,0,NaN,NaN,NaN,NaN
C01_nominal_100rpm_10A,B0,baseline,baseline,11,0.001,1250,833.333333333333,169.932038050664,-2894.40395392788,169.932038050664,-2894.40395392788,0,0,0,0,0,0,0,NaN,NaN,NaN,NaN
C01_nominal_100rpm_10A,B0,baseline,baseline,12,0.0011,1250,833.333333333333,209.586846009029,-2918.62207107305,209.586846009029,-2918.62207107305,0,0,0,0,0,0,0,NaN,NaN,NaN,NaN
C01_nominal_100rpm_10A,B0,baseline,baseline,13,0.0012,1250,833.333333333333,264.601057103281,-2938.01531152283,264.601057103281,-2938.01531152283,0,0,0,0,0,0,0,NaN,NaN,NaN,NaN
C01_nominal_100rpm_10A,B0,baseline,baseline,14,0.0013,1250,833.333333333333,320.101985059997,-2946.93153821688,320.101985059997,-2946.93153821688,0,0,0,0,0,0,0,NaN,NaN,NaN,NaN
C01_nominal_100rpm_10A,B0,baseline,baseline,15,0.0014,1250,833.333333333333,361.658283010662,-2952.61637552482,361.658283010662,-2952.61637552482,0,0,0,0,0,0,0,NaN,NaN,NaN,NaN
C01_nominal_100rpm_10A,B0,baseline,baseline,16,0.0015,1250,833.333333333333,394.452625695977,-2965.76899904206,394.452625695977,-2965.76899904206,0,0,0,0,0,0,0,NaN,NaN,NaN,NaN
C01_nominal_100rpm_10A,B0,baseline,baseline,17,0.0016,1250,833.333333333333,429.476210675135,-2987.01838761755,429.476210675135,-2987.01838761755,0,0,0,0,0,0,0,NaN,NaN,NaN,NaN
C01_nominal_100rpm_10A,B0,baseline,baseline,18,0.0017,1250,833.333333333333,470.648061566027,-3011.17628247311,470.648061566027,-3011.17628247311,0,0,0,0,0,0,0,NaN,NaN,NaN,NaN
C01_nominal_100rpm_10A,B0,baseline,baseline,19,0.0018,1250,833.333333333333,516.029577693541,-3031.69812101821,516.029577693541,-3031.69812101821,0,0,0,0,0,0,0,NaN,NaN,NaN,NaN
C01_nominal_100rpm_10A,B0,baseline,baseline,20,0.0019,1250,833.333333333333,561.165791820243,-3045.76211846379,561.165791820243,-3045.76211846379,0,0,0,0,0,0,0,NaN,NaN,NaN,NaN
C01_nominal_100rpm_10A,B0,baseline,baseline,21,0.002,1250,833.333333333333,604.699538354526,-3057.67150144429,604.699538354526,-3057.67150144429,0,0,0,0,0,0,0,NaN,NaN,NaN,NaN
C01_nominal_100rpm_10A,B0,baseline,baseline,22,0.0021,1250,833.333333333333,646.82773728674,-3070.80009523558,646.82773728674,-3070.80009523558,0,0,0,0,0,0,0,NaN,NaN,NaN,NaN
C01_nominal_100rpm_10A,B0,baseline,baseline,23,0.0022,1250,833.333333333333,687.331189274688,-3085.06682999036,687.331189274688,-3085.06682999036,0,0,0,0,0,0,0,NaN,NaN,NaN,NaN
C01_nominal_100rpm_10A,B0,baseline,baseline,24,0.0023,1250,833.333333333333,726.091098189166,-3100.41592177694,726.091098189166,-3100.41592177694,0,0,0,0,0,0,0,NaN,NaN,NaN,NaN
C01_nominal_100rpm_10A,B0,baseline,baseline,25,0.0024,1250,833.333333333333,763.112166954967,-3116.82822587654,763.112166954967,-3116.82822587654,0,0,0,0,0,0,0,NaN,NaN,NaN,NaN
C01_nominal_100rpm_10A,B0,baseline,baseline,26,0.0025,1250,833.333333333333,798.465297789331,-3134.30734849447,798.465297789331,-3134.30734849447,0,0,0,0,0,0,0,NaN,NaN,NaN,NaN
C01_nominal_100rpm_10A,B0,baseline,baseline,27,0.0026,1250,833.333333333333,832.22837267325,-3152.86210184559,832.22837267325,-3152.86210184559,0,0,0,0,0,0,0,NaN,NaN,NaN,NaN
C01_nominal_100rpm_10A,B0,baseline,baseline,28,0.0027,1250,833.333333333333,864.446789793216,-3172.49334281211,864.446789793216,-3172.49334281211,0,0,0,0,0,0,0,NaN,NaN,NaN,NaN
C01_nominal_100rpm_10A,B0,baseline,baseline,29,0.0028,1250,833.333333333333,895.138344730542,-3193.19456572872,895.138344730542,-3193.19456572872,0,0,0,0,0,0,0,NaN,NaN,NaN,NaN
C01_nominal_100rpm_10A,B0,baseline,baseline,30,0.0029,1250,833.333333333333,924.31332406308,-3214.9580741157,924.31332406308,-3214.9580741157,0,0,0,0,0,0,0,NaN,NaN,NaN,NaN
C01_nominal_100rpm_10A,B0,baseline,baseline,31,0.003,1250,833.333333333333,951.981438147252,-3237.77724165901,951.981438147252,-3237.77724165901,0,0,0,0,0,0,0,NaN,NaN,NaN,NaN
C01_nominal_100rpm_10A,B0,baseline,baseline,32,0.0031,1250,833.333333333333,974.478555613769,-3259.95955384169,974.478555613769,-3259.95955384169,0,0,0,0,0,0,0,NaN,NaN,NaN,NaN
C01_nominal_100rpm_10A,B0,baseline,baseline,33,0.0032,1250,833.333333333333,993.975586145566,-3278.41217516319,993.975586145566,-3278.41217516319,0,0,0,0,0,0,0,NaN,NaN,NaN,NaN
C01_nominal_100rpm_10A,B0,baseline,baseline,34,0.0033,1250,833.333333333333,1022.40275474107,-3293.08248339192,1022.40275474107,-3293.08248339192,0,0,0,0,0,0,0,NaN,NaN,NaN,NaN
C01_nominal_100rpm_10A,B0,baseline,baseline,35,0.0034,1250,833.333333333333,1062.54632324524,-3307.58285425245,1062.54632324524,-3307.58285425245,0,0,0,0,0,0,0,NaN,NaN,NaN,NaN
C01_nominal_100rpm_10A,B0,baseline,baseline,36,0.0035,1250,833.333333333333,1108.95787010619,-3322.53431195003,1108.95787010619,-3322.53431195003,0,0,0,0,0,0,0,NaN,NaN,NaN,NaN
C01_nominal_100rpm_10A,B0,baseline,baseline,37,0.0036,1250,833.333333333333,1154.41795937109,-3336.16693189399,1154.41795937109,-3336.16693189399,0,0,0,0,0,0,0,NaN,NaN,NaN,NaN
C01_nominal_100rpm_10A,B0,baseline,baseline,38,0.0037,1250,833.333333333333,1192.80815958826,-3350.42104104133,1192.80815958826,-3350.42104104133,0,0,0,0,0,0,0,NaN,NaN,NaN,NaN
C01_nominal_100rpm_10A,B0,baseline,baseline,39,0.0038,1250,833.333333333333,1228.44993788199,-3365.0345403111,1228.44993788199,-3365.0345403111,0,0,0,0,0,0,0,NaN,NaN,NaN,NaN
C01_nominal_100rpm_10A,B0,baseline,baseline,40,0.0039,1250,833.333333333333,1266.15349906172,-3379.86040327117,1266.15349906172,-3379.86040327117,0,0,0,0,0,0,0,NaN,NaN,NaN,NaN
C01_nominal_100rpm_10A,B0,baseline,baseline,41,0.004,1250,833.333333333333,1300.58726115286,-3397.07752226307,1300.58726115286,-3397.07752226307,0,0,0,0,0,0,0,NaN,NaN,NaN,NaN
C01_nominal_100rpm_10A,B0,baseline,baseline,42,0.0041,1250,833.333333333333,1329.99075185822,-3410.60774967901,1329.99075185822,-3410.60774967901,0,0,0,0,0,0,0,NaN,NaN,NaN,NaN
C01_nominal_100rpm_10A,B0,baseline,baseline,43,0.0042,1250,833.333333333333,1363.56115364573,-3419.63793525156,1363.56115364573,-3419.63793525156,0,0,0,0,0,0,0,NaN,NaN,NaN,NaN
C01_nominal_100rpm_10A,B0,baseline,baseline,44,0.0043,1250,833.333333333333,1403.68099526637,-3432.54631402346,1403.68099526637,-3432.54631402346,0,0,0,0,0,0,0,NaN,NaN,NaN,NaN
C01_nominal_100rpm_10A,B0,baseline,baseline,45,0.0044,1250,833.333333333333,1446.4330840546,-3448.38897047943,1446.4330840546,-3448.38897047943,0,0,0,0,0,0,0,NaN,NaN,NaN,NaN
C01_nominal_100rpm_10A,B0,baseline,baseline,46,0.0045,1250,833.333333333333,1489.33301623018,-3466.6373861066,1489.33301623018,-3466.6373861066,0,0,0,0,0,0,0,NaN,NaN,NaN,NaN
C01_nominal_100rpm_10A,B0,baseline,baseline,47,0.0046,1250,833.333333333333,1527.65463902316,-3486.62479313246,1527.65463902316,-3486.62479313246,0,0,0,0,0,0,0,NaN,NaN,NaN,NaN
C01_nominal_100rpm_10A,B0,baseline,baseline,48,0.0047,1250,833.333333333333,1563.20935908483,-3502.52914810726,1563.20935908483,-3502.52914810726,0,0,0,0,0,0,0,NaN,NaN,NaN,NaN
C01_nominal_100rpm_10A,B0,baseline,baseline,49,0.0048,1250,833.333333333333,1600.0757929924,-3516.80071705163,1600.0757929924,-3516.80071705163,0,0,0,0,0,0,0,NaN,NaN,NaN,NaN
C01_nominal_100rpm_10A,B0,baseline,baseline,50,0.0049,1250,833.333333333333,1636.17151827726,-3532.31767627245,1636.17151827726,-3532.31767627245,0,0,0,0,0,0,0,NaN,NaN,NaN,NaN
C01_nominal_100rpm_10A,B0,baseline,baseline,51,0.005,1250,833.333333333333,1671.48512227207,-3547.18764460913,1671.48512227207,-3547.18764460913,0,0,0,0,0,0,0,NaN,NaN,NaN,NaN
C01_nominal_100rpm_10A,B0,baseline,baseline,52,0.0051,1250,833.333333333333,1707.72620798333,-3561.93289125318,1707.72620798333,-3561.93289125318,0,0,0,0,0,0,0,NaN,NaN,NaN,NaN
C01_nominal_100rpm_10A,B0,baseline,baseline,53,0.0052,1250,833.333333333333,1744.28359973305,-3576.94165473356,1744.28359973305,-3576.94165473356,0,0,0,0,0,0,0,NaN,NaN,NaN,NaN
C01_nominal_100rpm_10A,B0,baseline,baseline,54,0.0053,1250,833.333333333333,1779.6502477855,-3591.37269532621,1779.6502477855,-3591.37269532621,0,0,0,0,0,0,0,NaN,NaN,NaN,NaN
C01_nominal_100rpm_10A,B0,baseline,baseline,55,0.0054,1250,833.333333333333,1810.2984280014,-3604.53424356049,1810.2984280014,-3604.53424356049,0,0,0,0,0,0,0,NaN,NaN,NaN,NaN
C01_nominal_100rpm_10A,B0,baseline,baseline,56,0.0055,1250,833.333333333333,1830.59365270533,-3615.11030933112,1830.59365270533,-3615.11030933112,0,0,0,0,0,0,0,NaN,NaN,NaN,NaN
C01_nominal_100rpm_10A,B0,baseline,baseline,57,0.0056,1250,833.333333333333,1838.74792360617,-3621.2814155972,1838.74792360617,-3621.2814155972,0,0,0,0,0,0,0,NaN,NaN,NaN,NaN
C01_nominal_100rpm_10A,B0,baseline,baseline,58,0.0057,1250,833.333333333333,1838.76381854584,-3623.2390836022,1838.76381854584,-3623.2390836022,0,0,0,0,0,0,0,NaN,NaN,NaN,NaN
C01_nominal_100rpm_10A,B0,baseline,baseline,59,0.0058,1250,833.333333333333,1837.17981072666,-3622.5315537676,1837.17981072666,-3622.5315537676,0,0,0,0,0,0,0,NaN,NaN,NaN,NaN
C01_nominal_100rpm_10A,B0,baseline,baseline,60,0.0059,1250,833.333333333333,1837.89873247785,-3621.33953194774,1837.89873247785,-3621.33953194774,0,0,0,0,0,0,0,NaN,NaN,NaN,NaN
C01_nominal_100rpm_10A,B0,baseline,baseline,61,0.006,1250,833.333333333333,1839.85134364836,-3621.13998087242,1839.85134364836,-3621.13998087242,0,0,0,0,0,0,0,NaN,NaN,NaN,NaN
C01_nominal_100rpm_10A,B0,baseline,baseline,62,0.0061,1250,833.333333333333,1840.90457869539,-3621.32630222047,1840.90457869539,-3621.32630222047,0,0,0,0,0,0,0,NaN,NaN,NaN,NaN
C01_nominal_100rpm_10A,B0,baseline,baseline,63,0.0062,1250,833.333333333333,1841.3456144215,-3621.39755859547,1841.3456144215,-3621.39755859547,0,0,0,0,0,0,0,NaN,NaN,NaN,NaN
C01_nominal_100rpm_10A,B0,baseline,baseline,64,0.0063,1250,833.333333333333,1841.76394425943,-3621.41862003713,1841.76394425943,-3621.41862003713,0,0,0,0,0,0,0,NaN,NaN,NaN,NaN
C01_nominal_100rpm_10A,B0,baseline,baseline,65,0.0064,1250,833.333333333333,1842.2790441399,-3621.47962944131,1842.2790441399,-3621.47962944131,0,0,0,0,0,0,0,NaN,NaN,NaN,NaN
C01_nominal_100rpm_10A,B0,baseline,baseline,66,0.0065,1250,833.333333333333,1842.86290973512,-3621.56871802325,1842.86290973512,-3621.56871802325,0,0,0,0,0,0,0,NaN,NaN,NaN,NaN
C01_nominal_100rpm_10A,B0,baseline,baseline,67,0.0066,1250,833.333333333333,1843.55131113441,-3621.69889659943,1843.55131113441,-3621.69889659943,0,0,0,0,0,0,0,NaN,NaN,NaN,NaN
C01_nominal_100rpm_10A,B0,baseline,baseline,68,0.0067,1250,833.333333333333,1844.3130867922,-3621.8606784024,1844.3130867922,-3621.8606784024,0,0,0,0,0,0,0,NaN,NaN,NaN,NaN
C01_nominal_100rpm_10A,B0,baseline,baseline,69,0.0068,1250,833.333333333333,1845.18253913847,-3622.06433650461,1845.18253913847,-3622.06433650461,0,0,0,0,0,0,0,NaN,NaN,NaN,NaN
C01_nominal_100rpm_10A,B0,baseline,baseline,70,0.0069,1250,833.333333333333,1845.37045691392,-3620.99843235381,1845.37045691392,-3620.99843235381,0,0,0,0,0,0,0,NaN,NaN,NaN,NaN
C01_nominal_100rpm_10A,B0,baseline,baseline,71,0.007,1250,833.333333333333,1843.97150529743,-3616.88864576665,1843.97150529743,-3616.88864576665,0,0,0,0,0,0,0,NaN,NaN,NaN,NaN
C01_nominal_100rpm_10A,B0,baseline,baseline,72,0.0071,1250,833.333333333333,1842.22187860735,-3611.71718429379,1842.22187860735,-3611.71718429379,0,0,0,0,0,0,0,NaN,NaN,NaN,NaN
C01_nominal_100rpm_10A,B0,baseline,baseline,73,0.0072,1250,833.333333333333,1842.25870703888,-3609.65787752314,1842.25870703888,-3609.65787752314,0,0,0,0,0,0,0,NaN,NaN,NaN,NaN
C01_nominal_100rpm_10A,B0,baseline,baseline,74,0.0073,1250,833.333333333333,1844.10294749594,-3611.340107472,1844.10294749594,-3611.340107472,0,0,0,0,0,0,0,NaN,NaN,NaN,NaN
C01_nominal_100rpm_10A,B0,baseline,baseline,75,0.0074,1250,833.333333333333,1846.13196493292,-3613.67058429254,1846.13196493292,-3613.67058429254,0,0,0,0,0,0,0,NaN,NaN,NaN,NaN
C01_nominal_100rpm_10A,B0,baseline,baseline,76,0.0075,1250,833.333333333333,1846.99811395349,-3614.03660218618,1846.99811395349,-3614.03660218618,0,0,0,0,0,0,0,NaN,NaN,NaN,NaN
C01_nominal_100rpm_10A,B0,baseline,baseline,77,0.0076,1250,833.333333333333,1846.92380561369,-3613.72294410036,1846.92380561369,-3613.72294410036,0,0,0,0,0,0,0,NaN,NaN,NaN,NaN
C01_nominal_100rpm_10A,B0,baseline,baseline,78,0.0077,1250,833.333333333333,1846.48640103553,-3615.044608926,1846.48640103553,-3615.044608926,0,0,0,0,0,0,0,NaN,NaN,NaN,NaN
C01_nominal_100rpm_10A,B0,baseline,baseline,79,0.0078,1250,833.333333333333,1846.29327349736,-3617.04880515465,1846.29327349736,-3617.04880515465,0,0,0,0,0,0,0,NaN,NaN,NaN,NaN
C01_nominal_100rpm_10A,B0,baseline,baseline,80,0.0079,1250,833.333333333333,1846.85964769654,-3616.43399828268,1846.85964769654,-3616.43399828268,0,0,0,0,0,0,0,NaN,NaN,NaN,NaN
C01_nominal_100rpm_10A,B0,baseline,baseline,81,0.008,1250,833.333333333333,1848.33704326004,-3612.26110593781,1848.33704326004,-3612.26110593781,0,0,0,0,0,0,0,NaN,NaN,NaN,NaN
C01_nominal_100rpm_10A,B0,baseline,baseline,82,0.0081,1250,833.333333333333,1855.0300920251,-3607.54870452702,1855.0300920251,-3607.54870452702,0,0,0,0,0,0,0,NaN,NaN,NaN,NaN
C01_nominal_100rpm_10A,B0,baseline,baseline,83,0.0082,1250,833.333333333333,1862.84171595161,-3605.54461794283,1862.84171595161,-3605.54461794283,0,0,0,0,0,0,0,NaN,NaN,NaN,NaN
C01_nominal_100rpm_10A,B0,baseline,baseline,84,0.0083,1250,833.333333333333,1864.28595460998,-3607.9718942636,1864.28595460998,-3607.9718942636,0,0,0,0,0,0,0,NaN,NaN,NaN,NaN
C01_nominal_100rpm_10A,B0,baseline,baseline,85,0.0084,1250,833.333333333333,1858.87180851859,-3613.68592846768,1858.87180851859,-3613.68592846768,0,0,0,0,0,0,0,NaN,NaN,NaN,NaN
C01_nominal_100rpm_10A,B0,baseline,baseline,86,0.0085,1250,833.333333333333,1847.54653803886,-3619.38022035733,1847.54653803886,-3619.38022035733,0,0,0,0,0,0,0,NaN,NaN,NaN,NaN
C01_nominal_100rpm_10A,B0,baseline,baseline,87,0.0086,1250,833.333333333333,1837.87724531147,-3622.55450748572,1837.87724531147,-3622.55450748572,0,0,0,0,0,0,0,NaN,NaN,NaN,NaN
C01_nominal_100rpm_10A,B0,baseline,baseline,88,0.0087,1250,833.333333333333,1834.39292666886,-3622.77025680646,1834.39292666886,-3622.77025680646,0,0,0,0,0,0,0,NaN,NaN,NaN,NaN
C01_nominal_100rpm_10A,B0,baseline,baseline,89,0.0088,1250,833.333333333333,1833.40517506169,-3622.21356942099,1833.40517506169,-3622.21356942099,0,0,0,0,0,0,0,NaN,NaN,NaN,NaN
C01_nominal_100rpm_10A,B0,baseline,baseline,90,0.0089,1250,833.333333333333,1833.17065418795,-3622.50473396151,1833.17065418795,-3622.50473396151,0,0,0,0,0,0,0,NaN,NaN,NaN,NaN
C01_nominal_100rpm_10A,B0,baseline,baseline,91,0.009,1250,833.333333333333,1832.0631312099,-3623.42051874199,1832.0631312099,-3623.42051874199,0,0,0,0,0,0,0,NaN,NaN,NaN,NaN
C01_nominal_100rpm_10A,B0,baseline,baseline,92,0.0091,1250,833.333333333333,1830.0205636528,-3624.93847916544,1830.0205636528,-3624.93847916544,0,0,0,0,0,0,0,NaN,NaN,NaN,NaN
C01_nominal_100rpm_10A,B0,baseline,baseline,93,0.0092,1250,833.333333333333,1827.02210946675,-3627.03104345398,1827.02210946675,-3627.03104345398,0,0,0,0,0,0,0,NaN,NaN,NaN,NaN
C01_nominal_100rpm_10A,B0,baseline,baseline,94,0.0093,1250,833.333333333333,1823.43620932944,-3629.76284196029,1823.43620932944,-3629.76284196029,0,0,0,0,0,0,0,NaN,NaN,NaN,NaN
C01_nominal_100rpm_10A,B0,baseline,baseline,95,0.0094,1250,833.333333333333,1824.9186062349,-3634.3762717387,1824.9186062349,-3634.3762717387,0,0,0,0,0,0,0,NaN,NaN,NaN,NaN
C01_nominal_100rpm_10A,B0,baseline,baseline,96,0.0095,1250,833.333333333333,1833.73428995784,-3638.84567636903,1833.73428995784,-3638.84567636903,0,0,0,0,0,0,0,NaN,NaN,NaN,NaN
C01_nominal_100rpm_10A,B0,baseline,baseline,97,0.0096,1250,833.333333333333,1846.31910220772,-3638.94407757079,1846.31910220772,-3638.94407757079,0,0,0,0,0,0,0,NaN,NaN,NaN,NaN
C01_nominal_100rpm_10A,B0,baseline,baseline,98,0.0097,1250,833.333333333333,1855.25542582343,-3634.40040830192,1855.25542582343,-3634.40040830192,0,0,0,0,0,0,0,NaN,NaN,NaN,NaN
C01_nominal_100rpm_10A,B0,baseline,baseline,99,0.0098,1250,833.333333333333,1852.82821077564,-3628.15858150012,1852.82821077564,-3628.15858150012,0,0,0,0,0,0,0,NaN,NaN,NaN,NaN
C01_nominal_100rpm_10A,B0,baseline,baseline,100,0.0099,1250,833.333333333333,1841.67794011234,-3625.45469269892,1841.67794011234,-3625.45469269892,0,0,0,0,0,0,0,NaN,NaN,NaN,NaN
C01_nominal_100rpm_10A,B0,baseline,baseline,101,0.01,1250,833.333333333333,1830.53057958414,-3629.66868777275,1830.53057958414,-3629.66868777275,0,0,0,0,0,0,0,NaN,NaN,NaN,NaN
C01_nominal_100rpm_10A,B0,baseline,baseline,102,0.0101,1250,833.333333333333,1830.67240459127,-3637.23395603684,1830.67240459127,-3637.23395603684,0,0,0,0,0,0,0,NaN,NaN,NaN,NaN
C01_nominal_100rpm_10A,B0,baseline,baseline,103,0.0102,1250,833.333333333333,1840.05423391212,-3640.66366381041,1840.05423391212,-3640.66366381041,0,0,0,0,0,0,0,NaN,NaN,NaN,NaN
C01_nominal_100rpm_10A,B0,baseline,baseline,104,0.0103,1250,833.333333333333,1846.19590852351,-3638.23865132945,1846.19590852351,-3638.23865132945,0,0,0,0,0,0,0,NaN,NaN,NaN,NaN
C01_nominal_100rpm_10A,B0,baseline,baseline,105,0.0104,1250,833.333333333333,1847.15933236411,-3632.72786758451,1847.15933236411,-3632.72786758451,0,0,0,0,0,0,0,NaN,NaN,NaN,NaN
C01_nominal_100rpm_10A,B0,baseline,baseline,106,0.0105,1250,833.333333333333,1844.36357225706,-3626.83025128014,1844.36357225706,-3626.83025128014,0,0,0,0,0,0,0,NaN,NaN,NaN,NaN
C01_nominal_100rpm_10A,B0,baseline,baseline,107,0.0106,1250,833.333333333333,1842.03759778521,-3624.70001302399,1842.03759778521,-3624.70001302399,0,0,0,0,0,0,0,NaN,NaN,NaN,NaN
C01_nominal_100rpm_10A,B0,baseline,baseline,108,0.0107,1250,833.333333333333,1842.08003279145,-3627.27663228006,1842.08003279145,-3627.27663228006,0,0,0,0,0,0,0,NaN,NaN,NaN,NaN
C01_nominal_100rpm_10A,B0,baseline,baseline,109,0.0108,1250,833.333333333333,1845.26600742163,-3633.34481998891,1845.26600742163,-3633.34481998891,0,0,0,0,0,0,0,NaN,NaN,NaN,NaN
C01_nominal_100rpm_10A,B0,baseline,baseline,110,0.0109,1250,833.333333333333,1850.71745343478,-3638.88721062802,1850.71745343478,-3638.88721062802,0,0,0,0,0,0,0,NaN,NaN,NaN,NaN
C01_nominal_100rpm_10A,B0,baseline,baseline,111,0.011,1250,833.333333333333,1854.32502021465,-3635.52819594212,1854.32502021465,-3635.52819594212,0,0,0,0,0,0,0,NaN,NaN,NaN,NaN
C01_nominal_100rpm_10A,B0,baseline,baseline,112,0.0111,1250,833.333333333333,1858.04152149322,-3621.50295310691,1858.04152149322,-3621.50295310691,0,0,0,0,0,0,0,NaN,NaN,NaN,NaN
C01_nominal_100rpm_10A,B0,baseline,baseline,113,0.0112,1250,833.333333333333,1859.31927467303,-3605.51565057319,1859.31927467303,-3605.51565057319,0,0,0,0,0,0,0,NaN,NaN,NaN,NaN
C01_nominal_100rpm_10A,B0,baseline,baseline,114,0.0113,1250,833.333333333333,1858.57446372519,-3598.66455709593,1858.57446372519,-3598.66455709593,0,0,0,0,0,0,0,NaN,NaN,NaN,NaN
C01_nominal_100rpm_10A,B0,baseline,baseline,115,0.0114,1250,833.333333333333,1855.48891750408,-3604.59089834804,1855.48891750408,-3604.59089834804,0,0,0,0,0,0,0,NaN,NaN,NaN,NaN
C01_nominal_100rpm_10A,B0,baseline,baseline,116,0.0115,1250,833.333333333333,1842.86465452562,-3613.1085312688,1842.86465452562,-3613.1085312688,0,0,0,0,0,0,0,NaN,NaN,NaN,NaN
C01_nominal_100rpm_10A,B0,baseline,baseline,117,0.0116,1250,833.333333333333,1833.16386096971,-3614.15477404935,1833.16386096971,-3614.15477404935,0,0,0,0,0,0,0,NaN,NaN,NaN,NaN
C01_nominal_100rpm_10A,B0,baseline,baseline,118,0.0117,1250,833.333333333333,1835.75522395301,-3610.1197863744,1835.75522395301,-3610.1197863744,0,0,0,0,0,0,0,NaN,NaN,NaN,NaN
C01_nominal_100rpm_10A,B0,baseline,baseline,119,0.0118,1250,833.333333333333,1839.68104690416,-3607.66157590192,1839.68104690416,-3607.66157590192,0,0,0,0,0,0,0,NaN,NaN,NaN,NaN
C01_nominal_100rpm_10A,B0,baseline,baseline,120,0.0119,1250,833.333333333333,1839.30479861665,-3611.49393246525,1839.30479861665,-3611.49393246525,0,0,0,0,0,0,0,NaN,NaN,NaN,NaN
C01_nominal_100rpm_10A,B0,baseline,baseline,121,0.012,1250,833.333333333333,1835.14047874323,-3615.28869149868,1835.14047874323,-3615.28869149868,0,0,0,0,0,0,0,NaN,NaN,NaN,NaN
C01_nominal_100rpm_10A,B0,baseline,baseline,122,0.0121,1250,833.333333333333,1836.16813133199,-3611.88724135224,1836.16813133199,-3611.88724135224,0,0,0,0,0,0,0,NaN,NaN,NaN,NaN
C01_nominal_100rpm_10A,B0,baseline,baseline,123,0.0122,1250,833.333333333333,1845.11921218503,-3606.62905207449,1845.11921218503,-3606.62905207449,0,0,0,0,0,0,0,NaN,NaN,NaN,NaN
C01_nominal_100rpm_10A,B0,baseline,baseline,124,0.0123,1250,833.333333333333,1849.21016456336,-3602.48428616559,1849.21016456336,-3602.48428616559,0,0,0,0,0,0,0,NaN,NaN,NaN,NaN
C01_nominal_100rpm_10A,B0,baseline,baseline,125,0.0124,1250,833.333333333333,1848.30564769964,-3601.08497402361,1848.30564769964,-3601.08497402361,0,0,0,0,0,0,0,NaN,NaN,NaN,NaN
C01_nominal_100rpm_10A,B0,baseline,baseline,126,0.0125,1250,833.333333333333,1846.05906251946,-3603.25340236672,1846.05906251946,-3603.25340236672,0,0,0,0,0,0,0,NaN,NaN,NaN,NaN
C01_nominal_100rpm_10A,B0,baseline,baseline,127,0.0126,1250,833.333333333333,1842.78173505652,-3603.55108181342,1842.78173505652,-3603.55108181342,0,0,0,0,0,0,0,NaN,NaN,NaN,NaN
C01_nominal_100rpm_10A,B0,baseline,baseline,128,0.0127,1250,833.333333333333,1843.49148623139,-3603.58677971361,1843.49148623139,-3603.58677971361,0,0,0,0,0,0,0,NaN,NaN,NaN,NaN
C01_nominal_100rpm_10A,B0,baseline,baseline,129,0.0128,1250,833.333333333333,1842.46876195496,-3606.82150978645,1842.46876195496,-3606.82150978645,0,0,0,0,0,0,0,NaN,NaN,NaN,NaN
C01_nominal_100rpm_10A,B0,baseline,baseline,130,0.0129,1250,833.333333333333,1838.03074808098,-3608.33526398616,1838.03074808098,-3608.33526398616,0,0,0,0,0,0,0,NaN,NaN,NaN,NaN
C01_nominal_100rpm_10A,B0,baseline,baseline,131,0.013,1250,833.333333333333,1838.10651508259,-3609.33810402739,1838.10651508259,-3609.33810402739,0,0,0,0,0,0,0,NaN,NaN,NaN,NaN
C01_nominal_100rpm_10A,B0,baseline,baseline,132,0.0131,1250,833.333333333333,1836.44065639793,-3613.20655758167,1836.44065639793,-3613.20655758167,0,0,0,0,0,0,0,NaN,NaN,NaN,NaN
C01_nominal_100rpm_10A,B0,baseline,baseline,133,0.0132,1250,833.333333333333,1831.8514639561,-3615.11987522002,1831.8514639561,-3615.11987522002,0,0,0,0,0,0,0,NaN,NaN,NaN,NaN
C01_nominal_100rpm_10A,B0,baseline,baseline,134,0.0133,1250,833.333333333333,1832.39726191131,-3612.22522669766,1832.39726191131,-3612.22522669766,0,0,0,0,0,0,0,NaN,NaN,NaN,NaN
C01_nominal_100rpm_10A,B0,baseline,baseline,135,0.0134,1250,833.333333333333,1836.59272091592,-3606.39689187718,1836.59272091592,-3606.39689187718,0,0,0,0,0,0,0,NaN,NaN,NaN,NaN
C01_nominal_100rpm_10A,B0,baseline,baseline,136,0.0135,1250,833.333333333333,1841.41104793427,-3602.44650196732,1841.41104793427,-3602.44650196732,0,0,0,0,0,0,0,NaN,NaN,NaN,NaN
C01_nominal_100rpm_10A,B0,baseline,baseline,137,0.0136,1250,833.333333333333,1842.98884539929,-3604.18926529202,1842.98884539929,-3604.18926529202,0,0,0,0,0,0,0,NaN,NaN,NaN,NaN
C01_nominal_100rpm_10A,B0,baseline,baseline,138,0.0137,1250,833.333333333333,1840.15343595789,-3607.16560703768,1840.15343595789,-3607.16560703768,0,0,0,0,0,0,0,NaN,NaN,NaN,NaN
C01_nominal_100rpm_10A,B0,baseline,baseline,139,0.0138,1250,833.333333333333,1839.39149667229,-3606.15092243124,1839.39149667229,-3606.15092243124,0,0,0,0,0,0,0,NaN,NaN,NaN,NaN
C01_nominal_100rpm_10A,B0,baseline,baseline,140,0.0139,1250,833.333333333333,1840.69031329783,-3604.76425045002,1840.69031329783,-3604.76425045002,0,0,0,0,0,0,0,NaN,NaN,NaN,NaN
C01_nominal_100rpm_10A,B0,baseline,baseline,141,0.014,1250,833.333333333333,1838.40813641037,-3607.9143522243,1838.40813641037,-3607.9143522243,0,0,0,0,0,0,0,NaN,NaN,NaN,NaN
C01_nominal_100rpm_10A,B0,baseline,baseline,142,0.0141,1250,833.333333333333,1834.35569452979,-3611.93582822957,1834.35569452979,-3611.93582822957,0,0,0,0,0,0,0,NaN,NaN,NaN,NaN
C01_nominal_100rpm_10A,B0,baseline,baseline,143,0.0142,1250,833.333333333333,1835.56409377974,-3607.57286854584,1835.56409377974,-3607.57286854584,0,0,0,0,0,0,0,NaN,NaN,NaN,NaN
C01_nominal_100rpm_10A,B0,baseline,baseline,144,0.0143,1250,833.333333333333,1844.41542720876,-3596.77566232092,1844.41542720876,-3596.77566232092,0,0,0,0,0,0,0,NaN,NaN,NaN,NaN
C01_nominal_100rpm_10A,B0,baseline,baseline,145,0.0144,1250,833.333333333333,1854.42723767214,-3593.13505318537,1854.42723767214,-3593.13505318537,0,0,0,0,0,0,0,NaN,NaN,NaN,NaN
C01_nominal_100rpm_10A,B0,baseline,baseline,146,0.0145,1250,833.333333333333,1859.13470019467,-3599.3036258171,1859.13470019467,-3599.3036258171,0,0,0,0,0,0,0,NaN,NaN,NaN,NaN
C01_nominal_100rpm_10A,B0,baseline,baseline,147,0.0146,1250,833.333333333333,1861.56401434988,-3606.29489456052,1861.56401434988,-3606.29489456052,0,0,0,0,0,0,0,NaN,NaN,NaN,NaN
C01_nominal_100rpm_10A,B0,baseline,baseline,148,0.0147,1250,833.333333333333,1864.87913548914,-3605.14273965585,1864.87913548914,-3605.14273965585,0,0,0,0,0,0,0,NaN,NaN,NaN,NaN
C01_nominal_100rpm_10A,B0,baseline,baseline,149,0.0148,1250,833.333333333333,1864.48607021814,-3597.4430631024,1864.48607021814,-3597.4430631024,0,0,0,0,0,0,0,NaN,NaN,NaN,NaN
C01_nominal_100rpm_10A,B0,baseline,baseline,150,0.0149,1250,833.333333333333,1859.58364489476,-3595.16465372986,1859.58364489476,-3595.16465372986,0,0,0,0,0,0,0,NaN,NaN,NaN,NaN
C01_nominal_100rpm_10A,B0,baseline,baseline,151,0.015,1250,833.333333333333,1857.33813129829,-3600.69743607302,1857.33813129829,-3600.69743607302,0,0,0,0,0,0,0,NaN,NaN,NaN,NaN
C01_nominal_100rpm_10A,B0,baseline,baseline,152,0.0151,1250,833.333333333333,1860.74639524396,-3606.7512007495,1860.74639524396,-3606.7512007495,0,0,0,0,0,0,0,NaN,NaN,NaN,NaN
C01_nominal_100rpm_10A,B0,baseline,baseline,153,0.0152,1250,833.333333333333,1866.97605220676,-3606.20317148395,1866.97605220676,-3606.20317148395,0,0,0,0,0,0,0,NaN,NaN,NaN,NaN
C01_nominal_100rpm_10A,B0,baseline,baseline,154,0.0153,1250,833.333333333333,1871.1643091793,-3597.07812022359,1871.1643091793,-3597.07812022359,0,0,0,0,0,0,0,NaN,NaN,NaN,NaN
C01_nominal_100rpm_10A,B0,baseline,baseline,155,0.0154,1250,833.333333333333,1867.11516096172,-3588.5346649757,1867.11516096172,-3588.5346649757,0,0,0,0,0,0,0,NaN,NaN,NaN,NaN
C01_nominal_100rpm_10A,B0,baseline,baseline,156,0.0155,1250,833.333333333333,1858.76641068489,-3589.61957724491,1858.76641068489,-3589.61957724491,0,0,0,0,0,0,0,NaN,NaN,NaN,NaN
C01_nominal_100rpm_10A,B0,baseline,baseline,157,0.0156,1250,833.333333333333,1852.01472408923,-3598.25444600558,1852.01472408923,-3598.25444600558,0,0,0,0,0,0,0,NaN,NaN,NaN,NaN
C01_nominal_100rpm_10A,B0,baseline,baseline,158,0.0157,1250,833.333333333333,1847.25714570559,-3607.46202490327,1847.25714570559,-3607.46202490327,0,0,0,0,0,0,0,NaN,NaN,NaN,NaN
C01_nominal_100rpm_10A,B0,baseline,baseline,159,0.0158,1250,833.333333333333,1849.65518543425,-3610.59456111618,1849.65518543425,-3610.59456111618,0,0,0,0,0,0,0,NaN,NaN,NaN,NaN
C01_nominal_100rpm_10A,B0,baseline,baseline,160,0.0159,1250,833.333333333333,1858.2270935406,-3605.74393734092,1858.2270935406,-3605.74393734092,0,0,0,0,0,0,0,NaN,NaN,NaN,NaN
C01_nominal_100rpm_10A,B0,baseline,baseline,161,0.016,1250,833.333333333333,1867.16496915224,-3597.96242018588,1867.16496915224,-3597.96242018588,0,0,0,0,0,0,0,NaN,NaN,NaN,NaN
C01_nominal_100rpm_10A,B0,baseline,baseline,162,0.0161,1250,833.333333333333,1874.0514397055,-3590.85170388538,1874.0514397055,-3590.85170388538,0,0,0,0,0,0,0,NaN,NaN,NaN,NaN
C01_nominal_100rpm_10A,B0,baseline,baseline,163,0.0162,1250,833.333333333333,1874.64943196495,-3584.15038677547,1874.64943196495,-3584.15038677547,0,0,0,0,0,0,0,NaN,NaN,NaN,NaN
C01_nominal_100rpm_10A,B0,baseline,baseline,164,0.0163,1250,833.333333333333,1870.98441848892,-3577.93447704344,1870.98441848892,-3577.93447704344,0,0,0,0,0,0,0,NaN,NaN,NaN,NaN
C01_nominal_100rpm_10A,B0,baseline,baseline,165,0.0164,1250,833.333333333333,1867.61276692369,-3572.4258911292,1867.61276692369,-3572.4258911292,0,0,0,0,0,0,0,NaN,NaN,NaN,NaN
C01_nominal_100rpm_10A,B0,baseline,baseline,166,0.0165,1250,833.333333333333,1860.98418314341,-3571.08254862176,1860.98418314341,-3571.08254862176,0,0,0,0,0,0,0,NaN,NaN,NaN,NaN
C01_nominal_100rpm_10A,B0,baseline,baseline,167,0.0166,1250,833.333333333333,1850.70377029666,-3579.1632418222,1850.70377029666,-3579.1632418222,0,0,0,0,0,0,0,NaN,NaN,NaN,NaN
C01_nominal_100rpm_10A,B0,baseline,baseline,168,0.0167,1250,833.333333333333,1840.15610450064,-3594.88356782185,1840.15610450064,-3594.88356782185,0,0,0,0,0,0,0,NaN,NaN,NaN,NaN
C01_nominal_100rpm_10A,B0,baseline,baseline,169,0.0168,1250,833.333333333333,1831.96849873057,-3611.39769524847,1831.96849873057,-3611.39769524847,0,0,0,0,0,0,0,NaN,NaN,NaN,NaN
C01_nominal_100rpm_10A,B0,baseline,baseline,170,0.0169,1250,833.333333333333,1829.07036553459,-3621.9613044062,1829.07036553459,-3621.9613044062,0,0,0,0,0,0,0,NaN,NaN,NaN,NaN
C01_nominal_100rpm_10A,B0,baseline,baseline,171,0.017,1250,833.333333333333,1829.43458784414,-3624.37066038877,1829.43458784414,-3624.37066038877,0,0,0,0,0,0,0,NaN,NaN,NaN,NaN
C01_nominal_100rpm_10A,B0,baseline,baseline,172,0.0171,1250,833.333333333333,1829.78386290282,-3623.68637032896,1829.78386290282,-3623.68637032896,0,0,0,0,0,0,0,NaN,NaN,NaN,NaN
C01_nominal_100rpm_10A,B0,baseline,baseline,173,0.0172,1250,833.333333333333,1830.17328466323,-3623.77492325675,1830.17328466323,-3623.77492325675,0,0,0,0,0,0,0,NaN,NaN,NaN,NaN
C01_nominal_100rpm_10A,B0,baseline,baseline,174,0.0173,1250,833.333333333333,1829.76685102089,-3624.5107816859,1829.76685102089,-3624.5107816859,0,0,0,0,0,0,0,NaN,NaN,NaN,NaN
C01_nominal_100rpm_10A,B0,baseline,baseline,175,0.0174,1250,833.333333333333,1828.37040212664,-3625.85121884437,1828.37040212664,-3625.85121884437,0,0,0,0,0,0,0,NaN,NaN,NaN,NaN
C01_nominal_100rpm_10A,B0,baseline,baseline,176,0.0175,1250,833.333333333333,1825.87710283479,-3627.75346421187,1825.87710283479,-3627.75346421187,0,0,0,0,0,0,0,NaN,NaN,NaN,NaN
C01_nominal_100rpm_10A,B0,baseline,baseline,177,0.0176,1250,833.333333333333,1822.70091516028,-3630.2865583121,1822.70091516028,-3630.2865583121,0,0,0,0,0,0,0,NaN,NaN,NaN,NaN
C01_nominal_100rpm_10A,B0,baseline,baseline,178,0.0177,1250,833.333333333333,1824.52131981202,-3634.67621651913,1824.52131981202,-3634.67621651913,0,0,0,0,0,0,0,NaN,NaN,NaN,NaN
C01_nominal_100rpm_10A,B0,baseline,baseline,179,0.0178,1250,833.333333333333,1833.50946984432,-3638.892586981,1833.50946984432,-3638.892586981,0,0,0,0,0,0,0,NaN,NaN,NaN,NaN
C01_nominal_100rpm_10A,B0,baseline,baseline,180,0.0179,1250,833.333333333333,1846.11443925939,-3638.75755606245,1846.11443925939,-3638.75755606245,0,0,0,0,0,0,0,NaN,NaN,NaN,NaN
C01_nominal_100rpm_10A,B0,baseline,baseline,181,0.018,1250,833.333333333333,1855.09450562565,-3634.04890897451,1855.09450562565,-3634.04890897451,0,0,0,0,0,0,0,NaN,NaN,NaN,NaN
C01_nominal_100rpm_10A,B0,baseline,baseline,182,0.0181,1250,833.333333333333,1852.86533758966,-3627.71506448441,1852.86533758966,-3627.71506448441,0,0,0,0,0,0,0,NaN,NaN,NaN,NaN
C01_nominal_100rpm_10A,B0,baseline,baseline,183,0.0182,1250,833.333333333333,1842.09709139918,-3624.94060999661,1842.09709139918,-3624.94060999661,0,0,0,0,0,0,0,NaN,NaN,NaN,NaN
C01_nominal_100rpm_10A,B0,baseline,baseline,184,0.0183,1250,833.333333333333,1831.03754533926,-3628.93600504525,1831.03754533926,-3628.93600504525,0,0,0,0,0,0,0,NaN,NaN,NaN,NaN
C01_nominal_100rpm_10A,B0,baseline,baseline,185,0.0184,1250,833.333333333333,1825.89568885472,-3635.84954428387,1825.89568885472,-3635.84954428387,0,0,0,0,0,0,0,NaN,NaN,NaN,NaN
C01_nominal_100rpm_10A,B0,baseline,baseline,186,0.0185,1250,833.333333333333,1826.25605447846,-3640.33543316371,1826.25605447846,-3640.33543316371,0,0,0,0,0,0,0,NaN,NaN,NaN,NaN
C01_nominal_100rpm_10A,B0,baseline,baseline,187,0.0186,1250,833.333333333333,1831.67065459496,-3643.63996008049,1831.67065459496,-3643.63996008049,0,0,0,0,0,0,0,NaN,NaN,NaN,NaN
C01_nominal_100rpm_10A,B0,baseline,baseline,188,0.0187,1250,833.333333333333,1839.45109348577,-3646.27995518382,1839.45109348577,-3646.27995518382,0,0,0,0,0,0,0,NaN,NaN,NaN,NaN
C01_nominal_100rpm_10A,B0,baseline,baseline,189,0.0188,1250,833.333333333333,1842.33978215712,-3646.3508122634,1842.33978215712,-3646.3508122634,0,0,0,0,0,0,0,NaN,NaN,NaN,NaN
C01_nominal_100rpm_10A,B0,baseline,baseline,190,0.0189,1250,833.333333333333,1845.96307718007,-3648.06602066215,1845.96307718007,-3648.06602066215,0,0,0,0,0,0,0,NaN,NaN,NaN,NaN
C01_nominal_100rpm_10A,B0,baseline,baseline,191,0.019,1250,833.333333333333,1851.77807489008,-3649.94274708714,1851.77807489008,-3649.94274708714,0,0,0,0,0,0,0,NaN,NaN,NaN,NaN
C01_nominal_100rpm_10A,B0,baseline,baseline,192,0.0191,1250,833.333333333333,1856.43918871627,-3648.10863029668,1856.43918871627,-3648.10863029668,0,0,0,0,0,0,0,NaN,NaN,NaN,NaN
C01_nominal_100rpm_10A,B0,baseline,baseline,193,0.0192,1250,833.333333333333,1856.90500694391,-3644.51455540586,1856.90500694391,-3644.51455540586,0,0,0,0,0,0,0,NaN,NaN,NaN,NaN
C01_nominal_100rpm_10A,B0,baseline,baseline,194,0.0193,1250,833.333333333333,1846.31021603037,-3634.15137678791,1846.31021603037,-3634.15137678791,0,0,0,0,0,0,0,NaN,NaN,NaN,NaN
C01_nominal_100rpm_10A,B0,baseline,baseline,195,0.0194,1250,833.333333333333,1837.91519419966,-3617.97672964549,1837.91519419966,-3617.97672964549,0,0,0,0,0,0,0,NaN,NaN,NaN,NaN
C01_nominal_100rpm_10A,B0,baseline,baseline,196,0.0195,1250,833.333333333333,1842.87719080854,-3605.37781595338,1842.87719080854,-3605.37781595338,0,0,0,0,0,0,0,NaN,NaN,NaN,NaN
C01_nominal_100rpm_10A,B0,baseline,baseline,197,0.0196,1250,833.333333333333,1852.83322502736,-3599.4342776344,1852.83322502736,-3599.4342776344,0,0,0,0,0,0,0,NaN,NaN,NaN,NaN
C01_nominal_100rpm_10A,B0,baseline,baseline,198,0.0197,1250,833.333333333333,1856.24862228701,-3603.34501609412,1856.24862228701,-3603.34501609412,0,0,0,0,0,0,0,NaN,NaN,NaN,NaN
C01_nominal_100rpm_10A,B0,baseline,baseline,199,0.0198,1250,833.333333333333,1845.57070097276,-3611.18523046208,1845.57070097276,-3611.18523046208,0,0,0,0,0,0,0,NaN,NaN,NaN,NaN
C01_nominal_100rpm_10A,B0,baseline,baseline,200,0.0199,1250,833.333333333333,1835.65667975958,-3612.16948472219,1835.65667975958,-3612.16948472219,0,0,0,0,0,0,0,NaN,NaN,NaN,NaN
C01_nominal_100rpm_10A,B0,baseline,baseline,201,0.02,1250,833.333333333333,1837.94748223767,-3608.17530446132,1837.94748223767,-3608.17530446132,0,0,0,0,0,0,0,NaN,NaN,NaN,NaN
C01_nominal_100rpm_10A,B0,baseline,baseline,202,0.0201,1250,833.333333333333,1842.78613268204,-3606.35468187044,1842.78613268204,-3606.35468187044,0,0,0,0,0,0,0,NaN,NaN,NaN,NaN
C01_nominal_100rpm_10A,B0,baseline,baseline,203,0.0202,1250,833.333333333333,1845.70418350036,-3612.12879454059,1845.70418350036,-3612.12879454059,0,0,0,0,0,0,0,NaN,NaN,NaN,NaN
C01_nominal_100rpm_10A,B0,baseline,baseline,204,0.0203,1250,833.333333333333,1845.14862240569,-3622.36622755634,1845.14862240569,-3622.36622755634,0,0,0,0,0,0,0,NaN,NaN,NaN,NaN
C01_nominal_100rpm_10A,B0,baseline,baseline,205,0.0204,1250,833.333333333333,1840.80894610756,-3629.65225512764,1840.80894610756,-3629.65225512764,0,0,0,0,0,0,0,NaN,NaN,NaN,NaN
C01_nominal_100rpm_10A,B0,baseline,baseline,206,0.0205,1250,833.333333333333,1835.52881560822,-3628.95588074355,1835.52881560822,-3628.95588074355,0,0,0,0,0,0,0,NaN,NaN,NaN,NaN
C01_nominal_100rpm_10A,B0,baseline,baseline,207,0.0206,1250,833.333333333333,1832.62777236021,-3621.18779453479,1832.62777236021,-3621.18779453479,0,0,0,0,0,0,0,NaN,NaN,NaN,NaN
C01_nominal_100rpm_10A,B0,baseline,baseline,208,0.0207,1250,833.333333333333,1832.80334813902,-3614.0807684695,1832.80334813902,-3614.0807684695,0,0,0,0,0,0,0,NaN,NaN,NaN,NaN
C01_nominal_100rpm_10A,B0,baseline,baseline,209,0.0208,1250,833.333333333333,1835.57404102066,-3608.70806852927,1835.57404102066,-3608.70806852927,0,0,0,0,0,0,0,NaN,NaN,NaN,NaN
C01_nominal_100rpm_10A,B0,baseline,baseline,210,0.0209,1250,833.333333333333,1841.41845490204,-3605.80794040269,1841.41845490204,-3605.80794040269,0,0,0,0,0,0,0,NaN,NaN,NaN,NaN
C01_nominal_100rpm_10A,B0,baseline,baseline,211,0.021,1250,833.333333333333,1842.47133009081,-3607.43343056203,1842.47133009081,-3607.43343056203,0,0,0,0,0,0,0,NaN,NaN,NaN,NaN
C01_nominal_100rpm_10A,B0,baseline,baseline,212,0.0211,1250,833.333333333333,1838.89266145271,-3607.9303439774,1838.89266145271,-3607.9303439774,0,0,0,0,0,0,0,NaN,NaN,NaN,NaN
C01_nominal_100rpm_10A,B0,baseline,baseline,213,0.0212,1250,833.333333333333,1839.56940649202,-3608.12188392441,1839.56940649202,-3608.12188392441,0,0,0,0,0,0,0,NaN,NaN,NaN,NaN
C01_nominal_100rpm_10A,B0,baseline,baseline,214,0.0213,1250,833.333333333333,1838.31065644523,-3611.40754713135,1838.31065644523,-3611.40754713135,0,0,0,0,0,0,0,NaN,NaN,NaN,NaN
C01_nominal_100rpm_10A,B0,baseline,baseline,215,0.0214,1250,833.333333333333,1833.89635756631,-3612.92670245454,1833.89635756631,-3612.92670245454,0,0,0,0,0,0,0,NaN,NaN,NaN,NaN
C01_nominal_100rpm_10A,B0,baseline,baseline,216,0.0215,1250,833.333333333333,1834.24880165549,-3613.92448885757,1834.24880165549,-3613.92448885757,0,0,0,0,0,0,0,NaN,NaN,NaN,NaN
C01_nominal_100rpm_10A,B0,baseline,baseline,217,0.0216,1250,833.333333333333,1837.75877194346,-3617.06109542557,1837.75877194346,-3617.06109542557,0,0,0,0,0,0,0,NaN,NaN,NaN,NaN
C01_nominal_100rpm_10A,B0,baseline,baseline,218,0.0217,1250,833.333333333333,1843.42602098081,-3619.56017546477,1843.42602098081,-3619.56017546477,0,0,0,0,0,0,0,NaN,NaN,NaN,NaN
C01_nominal_100rpm_10A,B0,baseline,baseline,219,0.0218,1250,833.333333333333,1848.85472072658,-3622.65744114779,1848.85472072658,-3622.65744114779,0,0,0,0,0,0,0,NaN,NaN,NaN,NaN
C01_nominal_100rpm_10A,B0,baseline,baseline,220,0.0219,1250,833.333333333333,1847.36624906376,-3625.27001509729,1847.36624906376,-3625.27001509729,0,0,0,0,0,0,0,NaN,NaN,NaN,NaN
C01_nominal_100rpm_10A,B0,baseline,baseline,221,0.022,1250,833.333333333333,1842.14864820224,-3624.46577616757,1842.14864820224,-3624.46577616757,0,0,0,0,0,0,0,NaN,NaN,NaN,NaN
C01_nominal_100rpm_10A,B0,baseline,baseline,222,0.0221,1250,833.333333333333,1839.75793522121,-3622.74797567586,1839.75793522121,-3622.74797567586,0,0,0,0,0,0,0,NaN,NaN,NaN,NaN
C01_nominal_100rpm_10A,B0,baseline,baseline,223,0.0222,1250,833.333333333333,1839.95191453775,-3622.07951916942,1839.95191453775,-3622.07951916942,0,0,0,0,0,0,0,NaN,NaN,NaN,NaN
C01_nominal_100rpm_10A,B0,baseline,baseline,224,0.0223,1250,833.333333333333,1840.25695838646,-3621.91490349726,1840.25695838646,-3621.91490349726,0,0,0,0,0,0,0,NaN,NaN,NaN,NaN
C01_nominal_100rpm_10A,B0,baseline,baseline,225,0.0224,1250,833.333333333333,1840.36583297317,-3621.7431934649,1840.36583297317,-3621.7431934649,0,0,0,0,0,0,0,NaN,NaN,NaN,NaN
C01_nominal_100rpm_10A,B0,baseline,baseline,226,0.0225,1250,833.333333333333,1840.47080636845,-3621.59165244744,1840.47080636845,-3621.59165244744,0,0,0,0,0,0,0,NaN,NaN,NaN,NaN
C01_nominal_100rpm_10A,B0,baseline,baseline,227,0.0226,1250,833.333333333333,1840.63862798056,-3621.49046802178,1840.63862798056,-3621.49046802178,0,0,0,0,0,0,0,NaN,NaN,NaN,NaN
C01_nominal_100rpm_10A,B0,baseline,baseline,228,0.0227,1250,833.333333333333,1840.84053972309,-3621.41328547402,1840.84053972309,-3621.41328547402,0,0,0,0,0,0,0,NaN,NaN,NaN,NaN
C01_nominal_100rpm_10A,B0,baseline,baseline,229,0.0228,1250,833.333333333333,1841.13364088988,-3621.36615499271,1841.13364088988,-3621.36615499271,0,0,0,0,0,0,0,NaN,NaN,NaN,NaN
C01_nominal_100rpm_10A,B0,baseline,baseline,230,0.0229,1250,833.333333333333,1841.50347070243,-3621.35507695301,1841.50347070243,-3621.35507695301,0,0,0,0,0,0,0,NaN,NaN,NaN,NaN
C01_nominal_100rpm_10A,B0,baseline,baseline,231,0.023,1250,833.333333333333,1841.97431969845,-3621.39766809423,1841.97431969845,-3621.39766809423,0,0,0,0,0,0,0,NaN,NaN,NaN,NaN
C01_nominal_100rpm_10A,B0,baseline,baseline,232,0.0231,1250,833.333333333333,1842.49918366131,-3621.47646449232,1842.49918366131,-3621.47646449232,0,0,0,0,0,0,0,NaN,NaN,NaN,NaN
C01_nominal_100rpm_10A,B0,baseline,baseline,233,0.0232,1250,833.333333333333,1843.11803340021,-3621.59568714124,1843.11803340021,-3621.59568714124,0,0,0,0,0,0,0,NaN,NaN,NaN,NaN
C01_nominal_100rpm_10A,B0,baseline,baseline,234,0.0233,1250,833.333333333333,1843.80750890113,-3621.74259012671,1843.80750890113,-3621.74259012671,0,0,0,0,0,0,0,NaN,NaN,NaN,NaN
C01_nominal_100rpm_10A,B0,baseline,baseline,235,0.0234,1250,833.333333333333,1844.60502678546,-3621.92713871538,1844.60502678546,-3621.92713871538,0,0,0,0,0,0,0,NaN,NaN,NaN,NaN
C01_nominal_100rpm_10A,B0,baseline,baseline,236,0.0235,1250,833.333333333333,1845.48295643356,-3622.13473287225,1845.48295643356,-3622.13473287225,0,0,0,0,0,0,0,NaN,NaN,NaN,NaN
C01_nominal_100rpm_10A,B0,baseline,baseline,237,0.0236,1250,833.333333333333,1846.47732540522,-3622.3755175111,1846.47732540522,-3622.3755175111,0,0,0,0,0,0,0,NaN,NaN,NaN,NaN
C01_nominal_100rpm_10A,B0,baseline,baseline,238,0.0237,1250,833.333333333333,1846.89806522432,-3621.42953584008,1846.89806522432,-3621.42953584008,0,0,0,0,0,0,0,NaN,NaN,NaN,NaN
C01_nominal_100rpm_10A,B0,baseline,baseline,239,0.0238,1250,833.333333333333,1845.87187578545,-3617.64556198392,1845.87187578545,-3617.64556198392,0,0,0,0,0,0,0,NaN,NaN,NaN,NaN
C01_nominal_100rpm_10A,B0,baseline,baseline,240,0.0239,1250,833.333333333333,1844.35539616393,-3612.86515521934,1844.35539616393,-3612.86515521934,0,0,0,0,0,0,0,NaN,NaN,NaN,NaN
C01_nominal_100rpm_10A,B0,baseline,baseline,241,0.024,1250,833.333333333333,1844.07646567124,-3610.96772587536,1844.07646567124,-3610.96772587536,0,0,0,0,0,0,0,NaN,NaN,NaN,NaN
C01_nominal_100rpm_10A,B0,baseline,baseline,242,0.0241,1250,833.333333333333,1844.97071086341,-3612.55231214721,1844.97071086341,-3612.55231214721,0,0,0,0,0,0,0,NaN,NaN,NaN,NaN
C01_nominal_100rpm_10A,B0,baseline,baseline,243,0.0242,1250,833.333333333333,1846.10790902812,-3614.79617010598,1846.10790902812,-3614.79617010598,0,0,0,0,0,0,0,NaN,NaN,NaN,NaN
C01_nominal_100rpm_10A,B0,baseline,baseline,244,0.0243,1250,833.333333333333,1846.9424366362,-3615.26313926727,1846.9424366362,-3615.26313926727,0,0,0,0,0,0,0,NaN,NaN,NaN,NaN
C01_nominal_100rpm_10A,B0,baseline,baseline,245,0.0244,1250,833.333333333333,1847.41168068624,-3615.05245826844,1847.41168068624,-3615.05245826844,0,0,0,0,0,0,0,NaN,NaN,NaN,NaN
C01_nominal_100rpm_10A,B0,baseline,baseline,246,0.0245,1250,833.333333333333,1847.22976384725,-3616.28087789849,1847.22976384725,-3616.28087789849,0,0,0,0,0,0,0,NaN,NaN,NaN,NaN
C01_nominal_100rpm_10A,B0,baseline,baseline,247,0.0246,1250,833.333333333333,1846.50401800737,-3618.14642186906,1846.50401800737,-3618.14642186906,0,0,0,0,0,0,0,NaN,NaN,NaN,NaN
C01_nominal_100rpm_10A,B0,baseline,baseline,248,0.0247,1250,833.333333333333,1845.99985760868,-3617.72571642062,1845.99985760868,-3617.72571642062,0,0,0,0,0,0,0,NaN,NaN,NaN,NaN
C01_nominal_100rpm_10A,B0,baseline,baseline,249,0.0248,1250,833.333333333333,1847.11706574371,-3614.28910320994,1847.11706574371,-3614.28910320994,0,0,0,0,0,0,0,NaN,NaN,NaN,NaN
C01_nominal_100rpm_10A,B0,baseline,baseline,250,0.0249,1250,833.333333333333,1850.48666807735,-3610.179388818,1850.48666807735,-3610.179388818,0,0,0,0,0,0,0,NaN,NaN,NaN,NaN
C01_nominal_100rpm_10A,B0,baseline,baseline,251,0.025,1250,833.333333333333,1854.09094848873,-3606.87519998307,1854.09094848873,-3606.87519998307,0,0,0,0,0,0,0,NaN,NaN,NaN,NaN
C01_nominal_100rpm_10A,B0,baseline,baseline,252,0.0251,1250,833.333333333333,1856.1225314638,-3604.19966261982,1856.1225314638,-3604.19966261982,0,0,0,0,0,0,0,NaN,NaN,NaN,NaN
C01_nominal_100rpm_10A,B0,baseline,baseline,253,0.0252,1250,833.333333333333,1857.19447781546,-3602.20689043441,1857.19447781546,-3602.20689043441,0,0,0,0,0,0,0,NaN,NaN,NaN,NaN
C01_nominal_100rpm_10A,B0,baseline,baseline,254,0.0253,1250,833.333333333333,1858.0574783225,-3600.97060458405,1858.0574783225,-3600.97060458405,0,0,0,0,0,0,0,NaN,NaN,NaN,NaN
C01_nominal_100rpm_10A,B0,baseline,baseline,255,0.0254,1250,833.333333333333,1859.04653213233,-3600.53632873749,1859.04653213233,-3600.53632873749,0,0,0,0,0,0,0,NaN,NaN,NaN,NaN
C01_nominal_100rpm_10A,B0,baseline,baseline,256,0.0255,1250,833.333333333333,1860.15306036685,-3600.89584833016,1860.15306036685,-3600.89584833016,0,0,0,0,0,0,0,NaN,NaN,NaN,NaN
C01_nominal_100rpm_10A,B0,baseline,baseline,257,0.0256,1250,833.333333333333,1860.66238627429,-3601.94313830232,1860.66238627429,-3601.94313830232,0,0,0,0,0,0,0,NaN,NaN,NaN,NaN
C01_nominal_100rpm_10A,B0,baseline,baseline,258,0.0257,1250,833.333333333333,1859.8796175891,-3603.54930433554,1859.8796175891,-3603.54930433554,0,0,0,0,0,0,0,NaN,NaN,NaN,NaN
C01_nominal_100rpm_10A,B0,baseline,baseline,259,0.0258,1250,833.333333333333,1857.63969319287,-3605.66713606365,1857.63969319287,-3605.66713606365,0,0,0,0,0,0,0,NaN,NaN,NaN,NaN
C01_nominal_100rpm_10A,B0,baseline,baseline,260,0.0259,1250,833.333333333333,1854.02076982891,-3608.27850659725,1854.02076982891,-3608.27850659725,0,0,0,0,0,0,0,NaN,NaN,NaN,NaN
C01_nominal_100rpm_10A,B0,baseline,baseline,261,0.026,1250,833.333333333333,1849.36238642094,-3611.42440943835,1849.36238642094,-3611.42440943835,0,0,0,0,0,0,0,NaN,NaN,NaN,NaN
C01_nominal_100rpm_10A,B0,baseline,baseline,262,0.0261,1250,833.333333333333,1843.91224674557,-3615.12382178136,1843.91224674557,-3615.12382178136,0,0,0,0,0,0,0,NaN,NaN,NaN,NaN
C01_nominal_100rpm_10A,B0,baseline,baseline,263,0.0262,1250,833.333333333333,1837.67972432133,-3619.37024858534,1837.67972432133,-3619.37024858534,0,0,0,0,0,0,0,NaN,NaN,NaN,NaN
C01_nominal_100rpm_10A,B0,baseline,baseline,264,0.0263,1250,833.333333333333,1830.67837083077,-3624.14691872357,1830.67837083077,-3624.14691872357,0,0,0,0,0,0,0,NaN,NaN,NaN,NaN
C01_nominal_100rpm_10A,B0,baseline,baseline,265,0.0264,1250,833.333333333333,1824.54728848419,-3629.8669957751,1824.54728848419,-3629.8669957751,0,0,0,0,0,0,0,NaN,NaN,NaN,NaN
C01_nominal_100rpm_10A,B0,baseline,baseline,266,0.0265,1250,833.333333333333,1825.8872194691,-3635.42472356361,1825.8872194691,-3635.42472356361,0,0,0,0,0,0,0,NaN,NaN,NaN,NaN
C01_nominal_100rpm_10A,B0,baseline,baseline,267,0.0266,1250,833.333333333333,1836.80364554887,-3637.53349424887,1836.80364554887,-3637.53349424887,0,0,0,0,0,0,0,NaN,NaN,NaN,NaN
C01_nominal_100rpm_10A,B0,baseline,baseline,268,0.0267,1250,833.333333333333,1847.80088505388,-3635.28199682503,1847.80088505388,-3635.28199682503,0,0,0,0,0,0,0,NaN,NaN,NaN,NaN
C01_nominal_100rpm_10A,B0,baseline,baseline,269,0.0268,1250,833.333333333333,1849.47875100366,-3631.45133052422,1849.47875100366,-3631.45133052422,0,0,0,0,0,0,0,NaN,NaN,NaN,NaN
C01_nominal_100rpm_10A,B0,baseline,baseline,270,0.0269,1250,833.333333333333,1842.82967575925,-3628.81757103707,1842.82967575925,-3628.81757103707,0,0,0,0,0,0,0,NaN,NaN,NaN,NaN
C01_nominal_100rpm_10A,B0,baseline,baseline,271,0.027,1250,833.333333333333,1837.77021666112,-3627.7161462921,1837.77021666112,-3627.7161462921,0,0,0,0,0,0,0,NaN,NaN,NaN,NaN
C01_nominal_100rpm_10A,B0,baseline,baseline,272,0.0271,1250,833.333333333333,1839.0534523654,-3626.84383337026,1839.0534523654,-3626.84383337026,0,0,0,0,0,0,0,NaN,NaN,NaN,NaN
C01_nominal_100rpm_10A,B0,baseline,baseline,273,0.0272,1250,833.333333333333,1840.19427238097,-3626.69324316754,1840.19427238097,-3626.69324316754,0,0,0,0,0,0,0,NaN,NaN,NaN,NaN
C01_nominal_100rpm_10A,B0,baseline,baseline,274,0.0273,1250,833.333333333333,1838.80507032281,-3628.75866316227,1838.80507032281,-3628.75866316227,0,0,0,0,0,0,0,NaN,NaN,NaN,NaN
C01_nominal_100rpm_10A,B0,baseline,baseline,275,0.0274,1250,833.333333333333,1838.67161525963,-3628.3712606089,1838.67161525963,-3628.3712606089,0,0,0,0,0,0,0,NaN,NaN,NaN,NaN
C01_nominal_100rpm_10A,B0,baseline,baseline,276,0.0275,1250,833.333333333333,1845.6145365146,-3621.43286141981,1845.6145365146,-3621.43286141981,0,0,0,0,0,0,0,NaN,NaN,NaN,NaN
C01_nominal_100rpm_10A,B0,baseline,baseline,277,0.0276,1250,833.333333333333,1856.11466246147,-3611.63711554335,1856.11466246147,-3611.63711554335,0,0,0,0,0,0,0,NaN,NaN,NaN,NaN
C01_nominal_100rpm_10A,B0,baseline,baseline,278,0.0277,1250,833.333333333333,1858.34295261569,-3606.2482575522,1858.34295261569,-3606.2482575522,0,0,0,0,0,0,0,NaN,NaN,NaN,NaN
C01_nominal_100rpm_10A,B0,baseline,baseline,279,0.0278,1250,833.333333333333,1853.94453207859,-3609.99097231735,1853.94453207859,-3609.99097231735,0,0,0,0,0,0,0,NaN,NaN,NaN,NaN
C01_nominal_100rpm_10A,B0,baseline,baseline,280,0.0279,1250,833.333333333333,1849.28554952774,-3614.41079978233,1849.28554952774,-3614.41079978233,0,0,0,0,0,0,0,NaN,NaN,NaN,NaN
C01_nominal_100rpm_10A,B0,baseline,baseline,281,0.028,1250,833.333333333333,1849.79337426567,-3611.20323351277,1849.79337426567,-3611.20323351277,0,0,0,0,0,0,0,NaN,NaN,NaN,NaN
C01_nominal_100rpm_10A,B0,baseline,baseline,282,0.0281,1250,833.333333333333,1855.81925294545,-3604.90318517812,1855.81925294545,-3604.90318517812,0,0,0,0,0,0,0,NaN,NaN,NaN,NaN
C01_nominal_100rpm_10A,B0,baseline,baseline,283,0.0282,1250,833.333333333333,1856.79151828058,-3602.91316482023,1856.79151828058,-3602.91316482023,0,0,0,0,0,0,0,NaN,NaN,NaN,NaN
C01_nominal_100rpm_10A,B0,baseline,baseline,284,0.0283,1250,833.333333333333,1852.6324264832,-3609.65798879043,1852.6324264832,-3609.65798879043,0,0,0,0,0,0,0,NaN,NaN,NaN,NaN
C01_nominal_100rpm_10A,B0,baseline,baseline,285,0.0284,1250,833.333333333333,1848.39268317273,-3616.83335435005,1848.39268317273,-3616.83335435005,0,0,0,0,0,0,0,NaN,NaN,NaN,NaN
C01_nominal_100rpm_10A,B0,baseline,baseline,286,0.0285,1250,833.333333333333,1848.52076324303,-3616.34553775814,1848.52076324303,-3616.34553775814,0,0,0,0,0,0,0,NaN,NaN,NaN,NaN
C01_nominal_100rpm_10A,B0,baseline,baseline,287,0.0286,1250,833.333333333333,1852.06329648379,-3612.69196187372,1852.06329648379,-3612.69196187372,0,0,0,0,0,0,0,NaN,NaN,NaN,NaN
C01_nominal_100rpm_10A,B0,baseline,baseline,288,0.0287,1250,833.333333333333,1849.58599484657,-3608.02755767826,1849.58599484657,-3608.02755767826,0,0,0,0,0,0,0,NaN,NaN,NaN,NaN
C01_nominal_100rpm_10A,B0,baseline,baseline,289,0.0288,1250,833.333333333333,1845.70777934535,-3604.53046611933,1845.70777934535,-3604.53046611933,0,0,0,0,0,0,0,NaN,NaN,NaN,NaN
C01_nominal_100rpm_10A,B0,baseline,baseline,290,0.0289,1250,833.333333333333,1844.77047049268,-3604.14165973308,1844.77047049268,-3604.14165973308,0,0,0,0,0,0,0,NaN,NaN,NaN,NaN
C01_nominal_100rpm_10A,B0,baseline,baseline,291,0.029,1250,833.333333333333,1844.0142661281,-3602.22479684951,1844.0142661281,-3602.22479684951,0,0,0,0,0,0,0,NaN,NaN,NaN,NaN
C01_nominal_100rpm_10A,B0,baseline,baseline,292,0.0291,1250,833.333333333333,1846.60471480169,-3600.50979561398,1846.60471480169,-3600.50979561398,0,0,0,0,0,0,0,NaN,NaN,NaN,NaN
C01_nominal_100rpm_10A,B0,baseline,baseline,293,0.0292,1250,833.333333333333,1846.84904038521,-3602.51457593204,1846.84904038521,-3602.51457593204,0,0,0,0,0,0,0,NaN,NaN,NaN,NaN
C01_nominal_100rpm_10A,B0,baseline,baseline,294,0.0293,1250,833.333333333333,1843.08105506042,-3603.21608877946,1843.08105506042,-3603.21608877946,0,0,0,0,0,0,0,NaN,NaN,NaN,NaN
C01_nominal_100rpm_10A,B0,baseline,baseline,295,0.0294,1250,833.333333333333,1843.42123968542,-3603.58626479563,1843.42123968542,-3603.58626479563,0,0,0,0,0,0,0,NaN,NaN,NaN,NaN
C01_nominal_100rpm_10A,B0,baseline,baseline,296,0.0295,1250,833.333333333333,1842.17419725703,-3607.06646332564,1842.17419725703,-3607.06646332564,0,0,0,0,0,0,0,NaN,NaN,NaN,NaN
C01_nominal_100rpm_10A,B0,baseline,baseline,297,0.0296,1250,833.333333333333,1837.6016177811,-3608.74813033012,1837.6016177811,-3608.74813033012,0,0,0,0,0,0,0,NaN,NaN,NaN,NaN
C01_nominal_100rpm_10A,B0,baseline,baseline,298,0.0297,1250,833.333333333333,1837.59908744995,-3609.88251033425,1837.59908744995,-3609.88251033425,0,0,0,0,0,0,0,NaN,NaN,NaN,NaN
C01_nominal_100rpm_10A,B0,baseline,baseline,299,0.0298,1250,833.333333333333,1835.86305478381,-3613.83771328253,1835.86305478381,-3613.83771328253,0,0,0,0,0,0,0,NaN,NaN,NaN,NaN
C01_nominal_100rpm_10A,B0,baseline,baseline,300,0.0299,1250,833.333333333333,1831.25599624864,-3615.80464264805,1831.25599624864,-3615.80464264805,0,0,0,0,0,0,0,NaN,NaN,NaN,NaN
C01_nominal_100rpm_10A,B0,baseline,baseline,301,0.03,1250,833.333333333333,1831.8814366846,-3612.97492835975,1831.8814366846,-3612.97492835975,0,0,0,0,0,0,0,NaN,NaN,NaN,NaN
C01_nominal_100rpm_10A,B0,baseline,baseline,302,0.0301,1250,833.333333333333,1836.17056507923,-3607.23043181969,1836.17056507923,-3607.23043181969,0,0,0,0,0,0,0,NaN,NaN,NaN,NaN
C01_nominal_100rpm_10A,B0,baseline,baseline,303,0.0302,1250,833.333333333333,1840.98443893162,-3603.35469128902,1840.98443893162,-3603.35469128902,0,0,0,0,0,0,0,NaN,NaN,NaN,NaN
C01_nominal_100rpm_10A,B0,baseline,baseline,304,0.0303,1250,833.333333333333,1842.45155314141,-3605.14139731372,1842.45155314141,-3605.14139731372,0,0,0,0,0,0,0,NaN,NaN,NaN,NaN
C01_nominal_100rpm_10A,B0,baseline,baseline,305,0.0304,1250,833.333333333333,1839.56807501375,-3608.14812874216,1839.56807501375,-3608.14812874216,0,0,0,0,0,0,0,NaN,NaN,NaN,NaN
C01_nominal_100rpm_10A,B0,baseline,baseline,306,0.0305,1250,833.333333333333,1838.8347913265,-3607.09285706872,1838.8347913265,-3607.09285706872,0,0,0,0,0,0,0,NaN,NaN,NaN,NaN
C01_nominal_100rpm_10A,B0,baseline,baseline,307,0.0306,1250,833.333333333333,1839.96009958702,-3605.46226757849,1839.96009958702,-3605.46226757849,0,0,0,0,0,0,0,NaN,NaN,NaN,NaN
C01_nominal_100rpm_10A,B0,baseline,baseline,308,0.0307,1250,833.333333333333,1837.28942574692,-3608.18321394698,1837.28942574692,-3608.18321394698,0,0,0,0,0,0,0,NaN,NaN,NaN,NaN
C01_nominal_100rpm_10A,B0,baseline,baseline,309,0.0308,1250,833.333333333333,1833.01969355774,-3611.76672482493,1833.01969355774,-3611.76672482493,0,0,0,0,0,0,0,NaN,NaN,NaN,NaN
C01_nominal_100rpm_10A,B0,baseline,baseline,310,0.0309,1250,833.333333333333,1834.4849783931,-3607.17716900692,1834.4849783931,-3607.17716900692,0,0,0,0,0,0,0,NaN,NaN,NaN,NaN
C01_nominal_100rpm_10A,B0,baseline,baseline,311,0.031,1250,833.333333333333,1843.86797548054,-3596.41921799641,1843.86797548054,-3596.41921799641,0,0,0,0,0,0,0,NaN,NaN,NaN,NaN
C01_nominal_100rpm_10A,B0,baseline,baseline,312,0.0311,1250,833.333333333333,1854.19473173958,-3592.89312256804,1854.19473173958,-3592.89312256804,0,0,0,0,0,0,0,NaN,NaN,NaN,NaN
C01_nominal_100rpm_10A,B0,baseline,baseline,313,0.0312,1250,833.333333333333,1858.94318914756,-3599.13490413246,1858.94318914756,-3599.13490413246,0,0,0,0,0,0,0,NaN,NaN,NaN,NaN
C01_nominal_100rpm_10A,B0,baseline,baseline,314,0.0313,1250,833.333333333333,1861.43792982066,-3606.19718751287,1861.43792982066,-3606.19718751287,0,0,0,0,0,0,0,NaN,NaN,NaN,NaN
C01_nominal_100rpm_10A,B0,baseline,baseline,315,0.0314,1250,833.333333333333,1864.94521727236,-3605.16506993248,1864.94521727236,-3605.16506993248,0,0,0,0,0,0,0,NaN,NaN,NaN,NaN
C01_nominal_100rpm_10A,B0,baseline,baseline,316,0.0315,1250,833.333333333333,1864.66884493005,-3597.599137498,1864.66884493005,-3597.599137498,0,0,0,0,0,0,0,NaN,NaN,NaN,NaN
C01_nominal_100rpm_10A,B0,baseline,baseline,317,0.0316,1250,833.333333333333,1859.67263142165,-3595.36850025588,1859.67263142165,-3595.36850025588,0,0,0,0,0,0,0,NaN,NaN,NaN,NaN
C01_nominal_100rpm_10A,B0,baseline,baseline,318,0.0317,1250,833.333333333333,1857.33441173752,-3600.87347513351,1857.33441173752,-3600.87347513351,0,0,0,0,0,0,0,NaN,NaN,NaN,NaN
C01_nominal_100rpm_10A,B0,baseline,baseline,319,0.0318,1250,833.333333333333,1860.80974220763,-3606.91316770851,1860.80974220763,-3606.91316770851,0,0,0,0,0,0,0,NaN,NaN,NaN,NaN
C01_nominal_100rpm_10A,B0,baseline,baseline,320,0.0319,1250,833.333333333333,1867.23139481758,-3606.44361804086,1867.23139481758,-3606.44361804086,0,0,0,0,0,0,0,NaN,NaN,NaN,NaN
C01_nominal_100rpm_10A,B0,baseline,baseline,321,0.032,1250,833.333333333333,1871.62086783801,-3597.50294481173,1871.62086783801,-3597.50294481173,0,0,0,0,0,0,0,NaN,NaN,NaN,NaN
C01_nominal_100rpm_10A,B0,baseline,baseline,322,0.0321,1250,833.333333333333,1867.58526217093,-3589.1084875643,1867.58526217093,-3589.1084875643,0,0,0,0,0,0,0,NaN,NaN,NaN,NaN
C01_nominal_100rpm_10A,B0,baseline,baseline,323,0.0322,1250,833.333333333333,1859.03547280359,-3590.18405734778,1859.03547280359,-3590.18405734778,0,0,0,0,0,0,0,NaN,NaN,NaN,NaN
C01_nominal_100rpm_10A,B0,baseline,baseline,324,0.0323,1250,833.333333333333,1852.00260727163,-3598.69983319167,1852.00260727163,-3598.69983319167,0,0,0,0,0,0,0,NaN,NaN,NaN,NaN
C01_nominal_100rpm_10A,B0,baseline,baseline,325,0.0324,1250,833.333333333333,1847.06177996118,-3607.79844386086,1847.06177996118,-3607.79844386086,0,0,0,0,0,0,0,NaN,NaN,NaN,NaN
C01_nominal_100rpm_10A,B0,baseline,baseline,326,0.0325,1250,833.333333333333,1849.56533831494,-3610.96569978906,1849.56533831494,-3610.96569978906,0,0,0,0,0,0,0,NaN,NaN,NaN,NaN
C01_nominal_100rpm_10A,B0,baseline,baseline,327,0.0326,1250,833.333333333333,1858.50945939711,-3606.32354898889,1858.50945939711,-3606.32354898889,0,0,0,0,0,0,0,NaN,NaN,NaN,NaN
C01_nominal_100rpm_10A,B0,baseline,baseline,328,0.0327,1250,833.333333333333,1867.87044774022,-3598.8176662392,1867.87044774022,-3598.8176662392,0,0,0,0,0,0,0,NaN,NaN,NaN,NaN
C01_nominal_100rpm_10A,B0,baseline,baseline,329,0.0328,1250,833.333333333333,1875.07077507046,-3591.97601591085,1875.07077507046,-3591.97601591085,0,0,0,0,0,0,0,NaN,NaN,NaN,NaN
C01_nominal_100rpm_10A,B0,baseline,baseline,330,0.0329,1250,833.333333333333,1875.85871713575,-3585.52495045417,1875.85871713575,-3585.52495045417,0,0,0,0,0,0,0,NaN,NaN,NaN,NaN
C01_nominal_100rpm_10A,B0,baseline,baseline,331,0.033,1250,833.333333333333,1872.35599015028,-3579.55071016483,1872.35599015028,-3579.55071016483,0,0,0,0,0,0,0,NaN,NaN,NaN,NaN
C01_nominal_100rpm_10A,B0,baseline,baseline,332,0.0331,1250,833.333333333333,1869.1831481642,-3574.29102739271,1869.1831481642,-3574.29102739271,0,0,0,0,0,0,0,NaN,NaN,NaN,NaN
C01_nominal_100rpm_10A,B0,baseline,baseline,333,0.0332,1250,833.333333333333,1866.23431851216,-3569.74389086269,1866.23431851216,-3569.74389086269,0,0,0,0,0,0,0,NaN,NaN,NaN,NaN
C01_nominal_100rpm_10A,B0,baseline,baseline,334,0.0333,1250,833.333333333333,1859.86889310221,-3569.32526735547,1859.86889310221,-3569.32526735547,0,0,0,0,0,0,0,NaN,NaN,NaN,NaN
C01_nominal_100rpm_10A,B0,baseline,baseline,335,0.0334,1250,833.333333333333,1849.50127641777,-3578.27811821859,1849.50127641777,-3578.27811821859,0,0,0,0,0,0,0,NaN,NaN,NaN,NaN
C01_nominal_100rpm_10A,B0,baseline,baseline,336,0.0335,1250,833.333333333333,1838.52950264895,-3594.84978792422,1838.52950264895,-3594.84978792422,0,0,0,0,0,0,0,NaN,NaN,NaN,NaN
C01_nominal_100rpm_10A,B0,baseline,baseline,337,0.0336,1250,833.333333333333,1829.6796771457,-3612.21214720103,1829.6796771457,-3612.21214720103,0,0,0,0,0,0,0,NaN,NaN,NaN,NaN
C01_nominal_100rpm_10A,B0,baseline,baseline,338,0.0337,1250,833.333333333333,1825.97711166234,-3623.63949393629,1825.97711166234,-3623.63949393629,0,0,0,0,0,0,0,NaN,NaN,NaN,NaN
C01_nominal_100rpm_10A,B0,baseline,baseline,339,0.0338,1250,833.333333333333,1825.46571712514,-3626.90401649405,1825.46571712514,-3626.90401649405,0,0,0,0,0,0,0,NaN,NaN,NaN,NaN
C01_nominal_100rpm_10A,B0,baseline,baseline,340,0.0339,1250,833.333333333333,1824.78453093903,-3627.03141800966,1824.78453093903,-3627.03141800966,0,0,0,0,0,0,0,NaN,NaN,NaN,NaN
C01_nominal_100rpm_10A,B0,baseline,baseline,341,0.034,1250,833.333333333333,1824.04145047915,-3627.90600248835,1824.04145047915,-3627.90600248835,0,0,0,0,0,0,0,NaN,NaN,NaN,NaN
C01_nominal_100rpm_10A,B0,baseline,baseline,342,0.0341,1250,833.333333333333,1822.52866782203,-3629.41065924019,1822.52866782203,-3629.41065924019,0,0,0,0,0,0,0,NaN,NaN,NaN,NaN
C01_nominal_100rpm_10A,B0,baseline,baseline,343,0.0342,1250,833.333333333333,1820.46633157388,-3631.58644408714,1820.46633157388,-3631.58644408714,0,0,0,0,0,0,0,NaN,NaN,NaN,NaN
C01_nominal_100rpm_10A,B0,baseline,baseline,344,0.0343,1250,833.333333333333,1823.36532058037,-3635.59639294055,1823.36532058037,-3635.59639294055,0,0,0,0,0,0,0,NaN,NaN,NaN,NaN
C01_nominal_100rpm_10A,B0,baseline,baseline,345,0.0344,1250,833.333333333333,1833.13672891062,-3639.38205679307,1833.13672891062,-3639.38205679307,0,0,0,0,0,0,0,NaN,NaN,NaN,NaN
C01_nominal_100rpm_10A,B0,baseline,baseline,346,0.0345,1250,833.333333333333,1846.10367861571,-3638.81691170289,1846.10367861571,-3638.81691170289,0,0,0,0,0,0,0,NaN,NaN,NaN,NaN
C01_nominal_100rpm_10A,B0,baseline,baseline,347,0.0346,1250,833.333333333333,1855.23981849888,-3633.74483647635,1855.23981849888,-3633.74483647635,0,0,0,0,0,0,0,NaN,NaN,NaN,NaN
C01_nominal_100rpm_10A,B0,baseline,baseline,348,0.0347,1250,833.333333333333,1853.23523008869,-3627.13785061462,1853.23523008869,-3627.13785061462,0,0,0,0,0,0,0,NaN,NaN,NaN,NaN
C01_nominal_100rpm_10A,B0,baseline,baseline,349,0.0348,1250,833.333333333333,1842.97518216141,-3624.12745354606,1842.97518216141,-3624.12745354606,0,0,0,0,0,0,0,NaN,NaN,NaN,NaN
C01_nominal_100rpm_10A,B0,baseline,baseline,350,0.0349,1250,833.333333333333,1831.99762205813,-3627.65958618723,1831.99762205813,-3627.65958618723,0,0,0,0,0,0,0,NaN,NaN,NaN,NaN
C01_nominal_100rpm_10A,B0,baseline,baseline,351,0.035,1250,833.333333333333,1829.6519500047,-3633.80334753612,1829.6519500047,-3633.80334753612,0,0,0,0,0,0,0,NaN,NaN,NaN,NaN
C01_nominal_100rpm_10A,B0,baseline,baseline,352,0.0351,1250,833.333333333333,1839.07706582885,-3636.90198674319,1839.07706582885,-3636.90198674319,0,0,0,0,0,0,0,NaN,NaN,NaN,NaN
C01_nominal_100rpm_10A,B0,baseline,baseline,353,0.0352,1250,833.333333333333,1848.67972225548,-3635.45935716766,1848.67972225548,-3635.45935716766,0,0,0,0,0,0,0,NaN,NaN,NaN,NaN
C01_nominal_100rpm_10A,B0,baseline,baseline,354,0.0353,1250,833.333333333333,1849.21435329281,-3632.34145461466,1849.21435329281,-3632.34145461466,0,0,0,0,0,0,0,NaN,NaN,NaN,NaN
C01_nominal_100rpm_10A,B0,baseline,baseline,355,0.0354,1250,833.333333333333,1842.21996973271,-3630.44306695325,1842.21996973271,-3630.44306695325,0,0,0,0,0,0,0,NaN,NaN,NaN,NaN
C01_nominal_100rpm_10A,B0,baseline,baseline,356,0.0355,1250,833.333333333333,1837.6214828942,-3629.95630808002,1837.6214828942,-3629.95630808002,0,0,0,0,0,0,0,NaN,NaN,NaN,NaN
C01_nominal_100rpm_10A,B0,baseline,baseline,357,0.0356,1250,833.333333333333,1839.31147010923,-3629.38140397837,1839.31147010923,-3629.38140397837,0,0,0,0,0,0,0,NaN,NaN,NaN,NaN
C01_nominal_100rpm_10A,B0,baseline,baseline,358,0.0357,1250,833.333333333333,1842.01625903588,-3629.98170756529,1842.01625903588,-3629.98170756529,0,0,0,0,0,0,0,NaN,NaN,NaN,NaN
C01_nominal_100rpm_10A,B0,baseline,baseline,359,0.0358,1250,833.333333333333,1841.58981883747,-3633.63901428001,1841.58981883747,-3633.63901428001,0,0,0,0,0,0,0,NaN,NaN,NaN,NaN
C01_nominal_100rpm_10A,B0,baseline,baseline,360,0.0359,1250,833.333333333333,1838.1796038692,-3638.07551450698,1838.1796038692,-3638.07551450698,0,0,0,0,0,0,0,NaN,NaN,NaN,NaN
C01_nominal_100rpm_10A,B0,baseline,baseline,361,0.036,1250,833.333333333333,1833.60819802022,-3640.21902630822,1833.60819802022,-3640.21902630822,0,0,0,0,0,0,0,NaN,NaN,NaN,NaN
C01_nominal_100rpm_10A,B0,baseline,baseline,362,0.0361,1250,833.333333333333,1826.96554800986,-3634.40645968539,1826.96554800986,-3634.40645968539,0,0,0,0,0,0,0,NaN,NaN,NaN,NaN
C01_nominal_100rpm_10A,B0,baseline,baseline,363,0.0362,1250,833.333333333333,1825.74994659157,-3620.37890093785,1825.74994659157,-3620.37890093785,0,0,0,0,0,0,0,NaN,NaN,NaN,NaN
C01_nominal_100rpm_10A,B0,baseline,baseline,364,0.0363,1250,833.333333333333,1835.95265928708,-3606.74210560426,1835.95265928708,-3606.74210560426,0,0,0,0,0,0,0,NaN,NaN,NaN,NaN
C01_nominal_100rpm_10A,B0,baseline,baseline,365,0.0364,1250,833.333333333333,1849.71627438377,-3599.6074584088,1849.71627438377,-3599.6074584088,0,0,0,0,0,0,0,NaN,NaN,NaN,NaN
C01_nominal_100rpm_10A,B0,baseline,baseline,366,0.0365,1250,833.333333333333,1854.72532275484,-3603.62396308092,1854.72532275484,-3603.62396308092,0,0,0,0,0,0,0,NaN,NaN,NaN,NaN
C01_nominal_100rpm_10A,B0,baseline,baseline,367,0.0366,1250,833.333333333333,1844.04540288024,-3612.25591804193,1844.04540288024,-3612.25591804193,0,0,0,0,0,0,0,NaN,NaN,NaN,NaN
C01_nominal_100rpm_10A,B0,baseline,baseline,368,0.0367,1250,833.333333333333,1833.65326002688,-3614.001885433,1833.65326002688,-3614.001885433,0,0,0,0,0,0,0,NaN,NaN,NaN,NaN
C01_nominal_100rpm_10A,B0,baseline,baseline,369,0.0368,1250,833.333333333333,1835.33231247699,-3610.67150025217,1835.33231247699,-3610.67150025217,0,0,0,0,0,0,0,NaN,NaN,NaN,NaN
C01_nominal_100rpm_10A,B0,baseline,baseline,370,0.0369,1250,833.333333333333,1836.93814169223,-3608.19336788057,1836.93814169223,-3608.19336788057,0,0,0,0,0,0,0,NaN,NaN,NaN,NaN
C01_nominal_100rpm_10A,B0,baseline,baseline,371,0.037,1250,833.333333333333,1832.93887543143,-3609.9164285942,1832.93887543143,-3609.9164285942,0,0,0,0,0,0,0,NaN,NaN,NaN,NaN
C01_nominal_100rpm_10A,B0,baseline,baseline,372,0.0371,1250,833.333333333333,1827.76252706927,-3613.63405525447,1827.76252706927,-3613.63405525447,0,0,0,0,0,0,0,NaN,NaN,NaN,NaN
C01_nominal_100rpm_10A,B0,baseline,baseline,373,0.0372,1250,833.333333333333,1826.26032804848,-3616.03461244597,1826.26032804848,-3616.03461244597,0,0,0,0,0,0,0,NaN,NaN,NaN,NaN
C01_nominal_100rpm_10A,B0,baseline,baseline,374,0.0373,1250,833.333333333333,1829.77696750988,-3615.47353117398,1829.77696750988,-3615.47353117398,0,0,0,0,0,0,0,NaN,NaN,NaN,NaN
C01_nominal_100rpm_10A,B0,baseline,baseline,375,0.0374,1250,833.333333333333,1835.24314706441,-3612.7464610749,1835.24314706441,-3612.7464610749,0,0,0,0,0,0,0,NaN,NaN,NaN,NaN
C01_nominal_100rpm_10A,B0,baseline,baseline,376,0.0375,1250,833.333333333333,1836.84969732354,-3611.66863892827,1836.84969732354,-3611.66863892827,0,0,0,0,0,0,0,NaN,NaN,NaN,NaN
C01_nominal_100rpm_10A,B0,baseline,baseline,377,0.0376,1250,833.333333333333,1835.98918704425,-3609.90204429561,1835.98918704425,-3609.90204429561,0,0,0,0,0,0,0,NaN,NaN,NaN,NaN
C01_nominal_100rpm_10A,B0,baseline,baseline,378,0.0377,1250,833.333333333333,1838.95681145148,-3608.34456382476,1838.95681145148,-3608.34456382476,0,0,0,0,0,0,0,NaN,NaN,NaN,NaN
C01_nominal_100rpm_10A,B0,baseline,baseline,379,0.0378,1250,833.333333333333,1839.11696806114,-3610.3693972374,1839.11696806114,-3610.3693972374,0,0,0,0,0,0,0,NaN,NaN,NaN,NaN
C01_nominal_100rpm_10A,B0,baseline,baseline,380,0.0379,1250,833.333333333333,1835.58803917429,-3611.03406866114,1835.58803917429,-3611.03406866114,0,0,0,0,0,0,0,NaN,NaN,NaN,NaN
C01_nominal_100rpm_10A,B0,baseline,baseline,381,0.038,1250,833.333333333333,1836.48252884768,-3611.36583488253,1836.48252884768,-3611.36583488253,0,0,0,0,0,0,0,NaN,NaN,NaN,NaN
C01_nominal_100rpm_10A,B0,baseline,baseline,382,0.0381,1250,833.333333333333,1835.21305392312,-3614.71233596053,1835.21305392312,-3614.71233596053,0,0,0,0,0,0,0,NaN,NaN,NaN,NaN
C01_nominal_100rpm_10A,B0,baseline,baseline,383,0.0382,1250,833.333333333333,1830.93215314583,-3616.25839311996,1830.93215314583,-3616.25839311996,0,0,0,0,0,0,0,NaN,NaN,NaN,NaN
C01_nominal_100rpm_10A,B0,baseline,baseline,384,0.0383,1250,833.333333333333,1831.34560765943,-3617.1034507545,1831.34560765943,-3617.1034507545,0,0,0,0,0,0,0,NaN,NaN,NaN,NaN
C01_nominal_100rpm_10A,B0,baseline,baseline,385,0.0384,1250,833.333333333333,1829.13015448855,-3620.02607175994,1829.13015448855,-3620.02607175994,0,0,0,0,0,0,0,NaN,NaN,NaN,NaN
C01_nominal_100rpm_10A,B0,baseline,baseline,386,0.0385,1250,833.333333333333,1824.42859527542,-3620.15985093165,1824.42859527542,-3620.15985093165,0,0,0,0,0,0,0,NaN,NaN,NaN,NaN
C01_nominal_100rpm_10A,B0,baseline,baseline,387,0.0386,1250,833.333333333333,1825.05263823731,-3619.0502184739,1825.05263823731,-3619.0502184739,0,0,0,0,0,0,0,NaN,NaN,NaN,NaN
C01_nominal_100rpm_10A,B0,baseline,baseline,388,0.0387,1250,833.333333333333,1828.52785321864,-3619.50668921289,1828.52785321864,-3619.50668921289,0,0,0,0,0,0,0,NaN,NaN,NaN,NaN
C01_nominal_100rpm_10A,B0,baseline,baseline,389,0.0388,1250,833.333333333333,1835.03796776369,-3619.55439152298,1835.03796776369,-3619.55439152298,0,0,0,0,0,0,0,NaN,NaN,NaN,NaN
C01_nominal_100rpm_10A,B0,baseline,baseline,390,0.0389,1250,833.333333333333,1841.78916936864,-3620.99546347824,1841.78916936864,-3620.99546347824,0,0,0,0,0,0,0,NaN,NaN,NaN,NaN
C01_nominal_100rpm_10A,B0,baseline,baseline,391,0.039,1250,833.333333333333,1842.06577985999,-3622.92335090914,1842.06577985999,-3622.92335090914,0,0,0,0,0,0,0,NaN,NaN,NaN,NaN
C01_nominal_100rpm_10A,B0,baseline,baseline,392,0.0391,1250,833.333333333333,1839.52808514097,-3622.48220250442,1839.52808514097,-3622.48220250442,0,0,0,0,0,0,0,NaN,NaN,NaN,NaN
C01_nominal_100rpm_10A,B0,baseline,baseline,393,0.0392,1250,833.333333333333,1839.25779723752,-3621.48094511876,1839.25779723752,-3621.48094511876,0,0,0,0,0,0,0,NaN,NaN,NaN,NaN
C01_nominal_100rpm_10A,B0,baseline,baseline,394,0.0393,1250,833.333333333333,1840.37821858732,-3621.27748983182,1840.37821858732,-3621.27748983182,0,0,0,0,0,0,0,NaN,NaN,NaN,NaN
C01_nominal_100rpm_10A,B0,baseline,baseline,395,0.0394,1250,833.333333333333,1840.98759953987,-3621.37486841659,1840.98759953987,-3621.37486841659,0,0,0,0,0,0,0,NaN,NaN,NaN,NaN
C01_nominal_100rpm_10A,B0,baseline,baseline,396,0.0395,1250,833.333333333333,1841.27004816146,-3621.37828305682,1841.27004816146,-3621.37828305682,0,0,0,0,0,0,0,NaN,NaN,NaN,NaN
C01_nominal_100rpm_10A,B0,baseline,baseline,397,0.0396,1250,833.333333333333,1841.63969941565,-3621.36838067414,1841.63969941565,-3621.36838067414,0,0,0,0,0,0,0,NaN,NaN,NaN,NaN
C01_nominal_100rpm_10A,B0,baseline,baseline,398,0.0397,1250,833.333333333333,1842.14056130552,-3621.42659420406,1842.14056130552,-3621.42659420406,0,0,0,0,0,0,0,NaN,NaN,NaN,NaN
C01_nominal_100rpm_10A,B0,baseline,baseline,399,0.0398,1250,833.333333333333,1842.69061566169,-3621.520102828,1842.69061566169,-3621.520102828,0,0,0,0,0,0,0,NaN,NaN,NaN,NaN
C01_nominal_100rpm_10A,B0,baseline,baseline,400,0.0399,1250,833.333333333333,1843.33360797962,-3621.6461235468,1843.33360797962,-3621.6461235468,0,0,0,0,0,0,0,NaN,NaN,NaN,NaN
C01_nominal_100rpm_10A,B0,baseline,baseline,401,0.04,1250,833.333333333333,1844.05512153211,-3621.79920968665,1844.05512153211,-3621.79920968665,0,0,0,0,0,0,0,NaN,NaN,NaN,NaN
C01_nominal_100rpm_10A,B0,baseline,baseline,402,0.0401,1250,833.333333333333,1844.88867731885,-3621.99340998037,1844.88867731885,-3621.99340998037,0,0,0,0,0,0,0,NaN,NaN,NaN,NaN
C01_nominal_100rpm_10A,B0,baseline,baseline,403,0.0402,1250,833.333333333333,1849.45215332825,-3620.96162915201,1849.45215332825,-3620.96162915201,0,0,0,0,0,0,0,NaN,NaN,NaN,NaN
C01_nominal_100rpm_10A,B0,baseline,baseline,404,0.0403,1250,833.333333333333,1855.11911218868,-3618.78757155668,1855.11911218868,-3618.78757155668,0,0,0,0,0,0,0,NaN,NaN,NaN,NaN
C01_nominal_100rpm_10A,B0,baseline,baseline,405,0.0404,1250,833.333333333333,1857.50873799497,-3617.61011620916,1857.50873799497,-3617.61011620916,0,0,0,0,0,0,0,NaN,NaN,NaN,NaN
C01_nominal_100rpm_10A,B0,baseline,baseline,406,0.0405,1250,833.333333333333,1856.47943884877,-3617.17069659869,1856.47943884877,-3617.17069659869,0,0,0,0,0,0,0,NaN,NaN,NaN,NaN
C01_nominal_100rpm_10A,B0,baseline,baseline,407,0.0406,1250,833.333333333333,1851.09406982832,-3615.8917851649,1851.09406982832,-3615.8917851649,0,0,0,0,0,0,0,NaN,NaN,NaN,NaN
C01_nominal_100rpm_10A,B0,baseline,baseline,408,0.0407,1250,833.333333333333,1846.80872562009,-3613.77239592436,1846.80872562009,-3613.77239592436,0,0,0,0,0,0,0,NaN,NaN,NaN,NaN
C01_nominal_100rpm_10A,B0,baseline,baseline,409,0.0408,1250,833.333333333333,1846.53776227324,-3612.61495651947,1846.53776227324,-3612.61495651947,0,0,0,0,0,0,0,NaN,NaN,NaN,NaN
C01_nominal_100rpm_10A,B0,baseline,baseline,410,0.0409,1250,833.333333333333,1846.3871272143,-3613.91511433366,1846.3871272143,-3613.91511433366,0,0,0,0,0,0,0,NaN,NaN,NaN,NaN
C01_nominal_100rpm_10A,B0,baseline,baseline,411,0.041,1250,833.333333333333,1846.50797530044,-3615.88539183556,1846.50797530044,-3615.88539183556,0,0,0,0,0,0,0,NaN,NaN,NaN,NaN
C01_nominal_100rpm_10A,B0,baseline,baseline,412,0.0411,1250,833.333333333333,1851.1717866909,-3615.23281507538,1851.1717866909,-3615.23281507538,0,0,0,0,0,0,0,NaN,NaN,NaN,NaN
C01_nominal_100rpm_10A,B0,baseline,baseline,413,0.0412,1250,833.333333333333,1857.88844361641,-3612.4573687149,1857.88844361641,-3612.4573687149,0,0,0,0,0,0,0,NaN,NaN,NaN,NaN
C01_nominal_100rpm_10A,B0,baseline,baseline,414,0.0413,1250,833.333333333333,1861.05981293142,-3612.28673892491,1861.05981293142,-3612.28673892491,0,0,0,0,0,0,0,NaN,NaN,NaN,NaN
C01_nominal_100rpm_10A,B0,baseline,baseline,415,0.0414,1250,833.333333333333,1858.48945218084,-3615.54623322935,1858.48945218084,-3615.54623322935,0,0,0,0,0,0,0,NaN,NaN,NaN,NaN
C01_nominal_100rpm_10A,B0,baseline,baseline,416,0.0415,1250,833.333333333333,1849.51728713238,-3618.94613388161,1849.51728713238,-3618.94613388161,0,0,0,0,0,0,0,NaN,NaN,NaN,NaN
C01_nominal_100rpm_10A,B0,baseline,baseline,417,0.0416,1250,833.333333333333,1842.35057197743,-3619.96612359637,1842.35057197743,-3619.96612359637,0,0,0,0,0,0,0,NaN,NaN,NaN,NaN
C01_nominal_100rpm_10A,B0,baseline,baseline,418,0.0417,1250,833.333333333333,1841.64377685121,-3618.09616115532,1841.64377685121,-3618.09616115532,0,0,0,0,0,0,0,NaN,NaN,NaN,NaN
C01_nominal_100rpm_10A,B0,baseline,baseline,419,0.0418,1250,833.333333333333,1843.52139462744,-3615.5051711743,1843.52139462744,-3615.5051711743,0,0,0,0,0,0,0,NaN,NaN,NaN,NaN
C01_nominal_100rpm_10A,B0,baseline,baseline,420,0.0419,1250,833.333333333333,1846.19348109935,-3613.78092625263,1846.19348109935,-3613.78092625263,0,0,0,0,0,0,0,NaN,NaN,NaN,NaN
C01_nominal_100rpm_10A,B0,baseline,baseline,421,0.042,1250,833.333333333333,1847.91375330432,-3612.73028152474,1847.91375330432,-3612.73028152474,0,0,0,0,0,0,0,NaN,NaN,NaN,NaN
C01_nominal_100rpm_10A,B0,baseline,baseline,422,0.0421,1250,833.333333333333,1848.62618465453,-3612.33041728708,1848.62618465453,-3612.33041728708,0,0,0,0,0,0,0,NaN,NaN,NaN,NaN
C01_nominal_100rpm_10A,B0,baseline,baseline,423,0.0422,1250,833.333333333333,1848.31706800247,-3612.55276889765,1848.31706800247,-3612.55276889765,0,0,0,0,0,0,0,NaN,NaN,NaN,NaN
C01_nominal_100rpm_10A,B0,baseline,baseline,424,0.0423,1250,833.333333333333,1847.03793070858,-3613.38979218201,1847.03793070858,-3613.38979218201,0,0,0,0,0,0,0,NaN,NaN,NaN,NaN
C01_nominal_100rpm_10A,B0,baseline,baseline,425,0.0424,1250,833.333333333333,1844.85079539084,-3614.82580454289,1844.85079539084,-3614.82580454289,0,0,0,0,0,0,0,NaN,NaN,NaN,NaN
C01_nominal_100rpm_10A,B0,baseline,baseline,426,0.0425,1250,833.333333333333,1841.79509710596,-3616.85516258447,1841.79509710596,-3616.85516258447,0,0,0,0,0,0,0,NaN,NaN,NaN,NaN
C01_nominal_100rpm_10A,B0,baseline,baseline,427,0.0426,1250,833.333333333333,1837.9086175138,-3619.46167596856,1837.9086175138,-3619.46167596856,0,0,0,0,0,0,0,NaN,NaN,NaN,NaN
C01_nominal_100rpm_10A,B0,baseline,baseline,428,0.0427,1250,833.333333333333,1833.20555297094,-3622.63809778467,1833.20555297094,-3622.63809778467,0,0,0,0,0,0,0,NaN,NaN,NaN,NaN
C01_nominal_100rpm_10A,B0,baseline,baseline,429,0.0428,1250,833.333333333333,1827.70459275148,-3626.36713767186,1827.70459275148,-3626.36713767186,0,0,0,0,0,0,0,NaN,NaN,NaN,NaN
C01_nominal_100rpm_10A,B0,baseline,baseline,430,0.0429,1250,833.333333333333,1822.71179090719,-3630.95350268803,1822.71179090719,-3630.95350268803,0,0,0,0,0,0,0,NaN,NaN,NaN,NaN
C01_nominal_100rpm_10A,B0,baseline,baseline,431,0.043,1250,833.333333333333,1824.14724929112,-3635.16608432371,1824.14724929112,-3635.16608432371,0,0,0,0,0,0,0,NaN,NaN,NaN,NaN
C01_nominal_100rpm_10A,B0,baseline,baseline,432,0.0431,1250,833.333333333333,1834.43772529356,-3635.96911641051,1834.43772529356,-3635.96911641051,0,0,0,0,0,0,0,NaN,NaN,NaN,NaN
C01_nominal_100rpm_10A,B0,baseline,baseline,433,0.0432,1250,833.333333333333,1845.43802091307,-3632.85814428289,1845.43802091307,-3632.85814428289,0,0,0,0,0,0,0,NaN,NaN,NaN,NaN
C01_nominal_100rpm_10A,B0,baseline,baseline,434,0.0433,1250,833.333333333333,1848.52591389028,-3628.67609149574,1848.52591389028,-3628.67609149574,0,0,0,0,0,0,0,NaN,NaN,NaN,NaN
C01_nominal_100rpm_10A,B0,baseline,baseline,435,0.0434,1250,833.333333333333,1843.93453571496,-3626.03813762516,1843.93453571496,-3626.03813762516,0,0,0,0,0,0,0,NaN,NaN,NaN,NaN
C01_nominal_100rpm_10A,B0,baseline,baseline,436,0.0435,1250,833.333333333333,1839.91442841794,-3625.08153381582,1839.91442841794,-3625.08153381582,0,0,0,0,0,0,0,NaN,NaN,NaN,NaN
C01_nominal_100rpm_10A,B0,baseline,baseline,437,0.0436,1250,833.333333333333,1840.92714199581,-3624.39085899677,1840.92714199581,-3624.39085899677,0,0,0,0,0,0,0,NaN,NaN,NaN,NaN
C01_nominal_100rpm_10A,B0,baseline,baseline,438,0.0437,1250,833.333333333333,1841.17001457336,-3624.22629016774,1841.17001457336,-3624.22629016774,0,0,0,0,0,0,0,NaN,NaN,NaN,NaN
C01_nominal_100rpm_10A,B0,baseline,baseline,439,0.0438,1250,833.333333333333,1838.06884825167,-3625.6466502217,1838.06884825167,-3625.6466502217,0,0,0,0,0,0,0,NaN,NaN,NaN,NaN
C01_nominal_100rpm_10A,B0,baseline,baseline,440,0.0439,1250,833.333333333333,1835.99628031861,-3623.64585594205,1835.99628031861,-3623.64585594205,0,0,0,0,0,0,0,NaN,NaN,NaN,NaN
C01_nominal_100rpm_10A,B0,baseline,baseline,441,0.044,1250,833.333333333333,1843.14179126369,-3614.2179323469,1843.14179126369,-3614.2179323469,0,0,0,0,0,0,0,NaN,NaN,NaN,NaN
C01_nominal_100rpm_10A,B0,baseline,baseline,442,0.0441,1250,833.333333333333,1857.7274312751,-3601.90829828621,1857.7274312751,-3601.90829828621,0,0,0,0,0,0,0,NaN,NaN,NaN,NaN
C01_nominal_100rpm_10A,B0,baseline,baseline,443,0.0442,1250,833.333333333333,1867.02831511076,-3594.63532782585,1867.02831511076,-3594.63532782585,0,0,0,0,0,0,0,NaN,NaN,NaN,NaN
C01_nominal_100rpm_10A,B0,baseline,baseline,444,0.0443,1250,833.333333333333,1865.16553276448,-3598.34946912105,1865.16553276448,-3598.34946912105,0,0,0,0,0,0,0,NaN,NaN,NaN,NaN
C01_nominal_100rpm_10A,B0,baseline,baseline,445,0.0444,1250,833.333333333333,1854.73398685251,-3608.5496263605,1854.73398685251,-3608.5496263605,0,0,0,0,0,0,0,NaN,NaN,NaN,NaN
C01_nominal_100rpm_10A,B0,baseline,baseline,446,0.0445,1250,833.333333333333,1843.47033110258,-3616.1281575906,1843.47033110258,-3616.1281575906,0,0,0,0,0,0,0,NaN,NaN,NaN,NaN
C01_nominal_100rpm_10A,B0,baseline,baseline,447,0.0446,1250,833.333333333333,1835.94811558439,-3620.69554729707,1835.94811558439,-3620.69554729707,0,0,0,0,0,0,0,NaN,NaN,NaN,NaN
C01_nominal_100rpm_10A,B0,baseline,baseline,448,0.0447,1250,833.333333333333,1833.56538567824,-3624.38127685815,1833.56538567824,-3624.38127685815,0,0,0,0,0,0,0,NaN,NaN,NaN,NaN
C01_nominal_100rpm_10A,B0,baseline,baseline,449,0.0448,1250,833.333333333333,1836.6552508517,-3624.31565468382,1836.6552508517,-3624.31565468382,0,0,0,0,0,0,0,NaN,NaN,NaN,NaN
C01_nominal_100rpm_10A,B0,baseline,baseline,450,0.0449,1250,833.333333333333,1843.6160959846,-3619.51226008369,1843.6160959846,-3619.51226008369,0,0,0,0,0,0,0,NaN,NaN,NaN,NaN
C01_nominal_100rpm_10A,B0,baseline,baseline,451,0.045,1250,833.333333333333,1851.18900774486,-3613.47627073188,1851.18900774486,-3613.47627073188,0,0,0,0,0,0,0,NaN,NaN,NaN,NaN
C01_nominal_100rpm_10A,B0,baseline,baseline,452,0.0451,1250,833.333333333333,1851.41414796066,-3606.86294097201,1851.41414796066,-3606.86294097201,0,0,0,0,0,0,0,NaN,NaN,NaN,NaN
C01_nominal_100rpm_10A,B0,baseline,baseline,453,0.0452,1250,833.333333333333,1848.88475539446,-3601.8994003732,1848.88475539446,-3601.8994003732,0,0,0,0,0,0,0,NaN,NaN,NaN,NaN
C01_nominal_100rpm_10A,B0,baseline,baseline,454,0.0453,1250,833.333333333333,1849.14238805619,-3600.29263787479,1849.14238805619,-3600.29263787479,0,0,0,0,0,0,0,NaN,NaN,NaN,NaN
C01_nominal_100rpm_10A,B0,baseline,baseline,455,0.0454,1250,833.333333333333,1849.36316325865,-3597.332361396,1849.36316325865,-3597.332361396,0,0,0,0,0,0,0,NaN,NaN,NaN,NaN
C01_nominal_100rpm_10A,B0,baseline,baseline,456,0.0455,1250,833.333333333333,1852.54419128158,-3594.74347062908,1852.54419128158,-3594.74347062908,0,0,0,0,0,0,0,NaN,NaN,NaN,NaN
C01_nominal_100rpm_10A,B0,baseline,baseline,457,0.0456,1250,833.333333333333,1853.5165583773,-3596.11849886142,1853.5165583773,-3596.11849886142,0,0,0,0,0,0,0,NaN,NaN,NaN,NaN
C01_nominal_100rpm_10A,B0,baseline,baseline,458,0.0457,1250,833.333333333333,1850.07344050573,-3596.38874939333,1850.07344050573,-3596.38874939333,0,0,0,0,0,0,0,NaN,NaN,NaN,NaN
C01_nominal_100rpm_10A,B0,baseline,baseline,459,0.0458,1250,833.333333333333,1850.35395842293,-3596.41762558491,1850.35395842293,-3596.41762558491,0,0,0,0,0,0,0,NaN,NaN,NaN,NaN
C01_nominal_100rpm_10A,B0,baseline,baseline,460,0.0459,1250,833.333333333333,1849.39791449244,-3599.71244624107,1849.39791449244,-3599.71244624107,0,0,0,0,0,0,0,NaN,NaN,NaN,NaN
C01_nominal_100rpm_10A,B0,baseline,baseline,461,0.046,1250,833.333333333333,1844.7495812641,-3601.30551491312,1844.7495812641,-3601.30551491312,0,0,0,0,0,0,0,NaN,NaN,NaN,NaN
C01_nominal_100rpm_10A,B0,baseline,baseline,462,0.0461,1250,833.333333333333,1844.31561951403,-3602.38074288365,1844.31561951403,-3602.38074288365,0,0,0,0,0,0,0,NaN,NaN,NaN,NaN
C01_nominal_100rpm_10A,B0,baseline,baseline,463,0.0462,1250,833.333333333333,1842.64657203598,-3606.39702372824,1842.64657203598,-3606.39702372824,0,0,0,0,0,0,0,NaN,NaN,NaN,NaN
C01_nominal_100rpm_10A,B0,baseline,baseline,464,0.0463,1250,833.333333333333,1837.77314758076,-3608.45454824534,1837.77314758076,-3608.45454824534,0,0,0,0,0,0,0,NaN,NaN,NaN,NaN
C01_nominal_100rpm_10A,B0,baseline,baseline,465,0.0464,1250,833.333333333333,1837.52266484158,-3609.88840877067,1837.52266484158,-3609.88840877067,0,0,0,0,0,0,0,NaN,NaN,NaN,NaN
C01_nominal_100rpm_10A,B0,baseline,baseline,466,0.0465,1250,833.333333333333,1835.62200882983,-3614.06624702684,1835.62200882983,-3614.06624702684,0,0,0,0,0,0,0,NaN,NaN,NaN,NaN
C01_nominal_100rpm_10A,B0,baseline,baseline,467,0.0466,1250,833.333333333333,1830.91234739084,-3616.18479944635,1830.91234739084,-3616.18479944635,0,0,0,0,0,0,0,NaN,NaN,NaN,NaN
C01_nominal_100rpm_10A,B0,baseline,baseline,468,0.0467,1250,833.333333333333,1831.53335073923,-3613.4937176904,1831.53335073923,-3613.4937176904,0,0,0,0,0,0,0,NaN,NaN,NaN,NaN
C01_nominal_100rpm_10A,B0,baseline,baseline,469,0.0468,1250,833.333333333333,1835.86612475727,-3607.88465728508,1835.86612475727,-3607.88465728508,0,0,0,0,0,0,0,NaN,NaN,NaN,NaN
C01_nominal_100rpm_10A,B0,baseline,baseline,470,0.0469,1250,833.333333333333,1840.6397753037,-3604.11706908873,1840.6397753037,-3604.11706908873,0,0,0,0,0,0,0,NaN,NaN,NaN,NaN
C01_nominal_100rpm_10A,B0,baseline,baseline,471,0.047,1250,833.333333333333,1841.97596576889,-3605.97600555667,1841.97596576889,-3605.97600555667,0,0,0,0,0,0,0,NaN,NaN,NaN,NaN
C01_nominal_100rpm_10A,B0,baseline,baseline,472,0.0471,1250,833.333333333333,1839.04230367897,-3609.03876945157,1839.04230367897,-3609.03876945157,0,0,0,0,0,0,0,NaN,NaN,NaN,NaN
C01_nominal_100rpm_10A,B0,baseline,baseline,473,0.0472,1250,833.333333333333,1838.33712034434,-3607.96637147562,1838.33712034434,-3607.96637147562,0,0,0,0,0,0,0,NaN,NaN,NaN,NaN
C01_nominal_100rpm_10A,B0,baseline,baseline,474,0.0473,1250,833.333333333333,1844.92783706889,-3605.69966585009,1844.92783706889,-3605.69966585009,0,0,0,0,0,0,0,NaN,NaN,NaN,NaN
C01_nominal_100rpm_10A,B0,baseline,baseline,475,0.0474,1250,833.333333333333,1855.21970548688,-3607.06061815545,1855.21970548688,-3607.06061815545,0,0,0,0,0,0,0,NaN,NaN,NaN,NaN
C01_nominal_100rpm_10A,B0,baseline,baseline,476,0.0475,1250,833.333333333333,1860.91166153352,-3609.5333747111,1860.91166153352,-3609.5333747111,0,0,0,0,0,0,0,NaN,NaN,NaN,NaN
C01_nominal_100rpm_10A,B0,baseline,baseline,477,0.0476,1250,833.333333333333,1862.44569894705,-3604.79479028203,1862.44569894705,-3604.79479028203,0,0,0,0,0,0,0,NaN,NaN,NaN,NaN
C01_nominal_100rpm_10A,B0,baseline,baseline,478,0.0477,1250,833.333333333333,1861.95576267377,-3594.83974723605,1861.95576267377,-3594.83974723605,0,0,0,0,0,0,0,NaN,NaN,NaN,NaN
C01_nominal_100rpm_10A,B0,baseline,baseline,479,0.0478,1250,833.333333333333,1859.37775221877,-3592.26969192957,1859.37775221877,-3592.26969192957,0,0,0,0,0,0,0,NaN,NaN,NaN,NaN
C01_nominal_100rpm_10A,B0,baseline,baseline,480,0.0479,1250,833.333333333333,1858.84882468693,-3598.76301003364,1858.84882468693,-3598.76301003364,0,0,0,0,0,0,0,NaN,NaN,NaN,NaN
C01_nominal_100rpm_10A,B0,baseline,baseline,481,0.048,1250,833.333333333333,1861.5806412699,-3605.68467630797,1861.5806412699,-3605.68467630797,0,0,0,0,0,0,0,NaN,NaN,NaN,NaN
C01_nominal_100rpm_10A,B0,baseline,baseline,482,0.0481,1250,833.333333333333,1865.2604021143,-3604.64563658273,1865.2604021143,-3604.64563658273,0,0,0,0,0,0,0,NaN,NaN,NaN,NaN
C01_nominal_100rpm_10A,B0,baseline,baseline,483,0.0482,1250,833.333333333333,1865.00658111528,-3597.21329195302,1865.00658111528,-3597.21329195302,0,0,0,0,0,0,0,NaN,NaN,NaN,NaN
C01_nominal_100rpm_10A,B0,baseline,baseline,484,0.0483,1250,833.333333333333,1859.82350430717,-3595.13968610757,1859.82350430717,-3595.13968610757,0,0,0,0,0,0,0,NaN,NaN,NaN,NaN
C01_nominal_100rpm_10A,B0,baseline,baseline,485,0.0484,1250,833.333333333333,1857.3477801747,-3600.77869519487,1857.3477801747,-3600.77869519487,0,0,0,0,0,0,0,NaN,NaN,NaN,NaN
C01_nominal_100rpm_10A,B0,baseline,baseline,486,0.0485,1250,833.333333333333,1860.89959260956,-3606.96360644097,1860.89959260956,-3606.96360644097,0,0,0,0,0,0,0,NaN,NaN,NaN,NaN
C01_nominal_100rpm_10A,B0,baseline,baseline,487,0.0486,1250,833.333333333333,1867.52147859366,-3606.67570033277,1867.52147859366,-3606.67570033277,0,0,0,0,0,0,0,NaN,NaN,NaN,NaN
C01_nominal_100rpm_10A,B0,baseline,baseline,488,0.0487,1250,833.333333333333,1872.09909039591,-3597.95093614051,1872.09909039591,-3597.95093614051,0,0,0,0,0,0,0,NaN,NaN,NaN,NaN
C01_nominal_100rpm_10A,B0,baseline,baseline,489,0.0488,1250,833.333333333333,1868.07151716767,-3589.70528826471,1868.07151716767,-3589.70528826471,0,0,0,0,0,0,0,NaN,NaN,NaN,NaN
C01_nominal_100rpm_10A,B0,baseline,baseline,490,0.0489,1250,833.333333333333,1859.32590331817,-3590.76827254894,1859.32590331817,-3590.76827254894,0,0,0,0,0,0,0,NaN,NaN,NaN,NaN
C01_nominal_100rpm_10A,B0,baseline,baseline,491,0.049,1250,833.333333333333,1852.01120284566,-3599.15965805199,1852.01120284566,-3599.15965805199,0,0,0,0,0,0,0,NaN,NaN,NaN,NaN
C01_nominal_100rpm_10A,B0,baseline,baseline,492,0.0491,1250,833.333333333333,1846.88175629835,-3608.14440508975,1846.88175629835,-3608.14440508975,0,0,0,0,0,0,0,NaN,NaN,NaN,NaN
C01_nominal_100rpm_10A,B0,baseline,baseline,493,0.0492,1250,833.333333333333,1849.48731164232,-3611.34469340737,1849.48731164232,-3611.34469340737,0,0,0,0,0,0,0,NaN,NaN,NaN,NaN
C01_nominal_100rpm_10A,B0,baseline,baseline,494,0.0493,1250,833.333333333333,1858.80670544433,-3606.91308479096,1858.80670544433,-3606.91308479096,0,0,0,0,0,0,0,NaN,NaN,NaN,NaN
C01_nominal_100rpm_10A,B0,baseline,baseline,495,0.0494,1250,833.333333333333,1868.6003104864,-3599.68642033807,1868.6003104864,-3599.68642033807,0,0,0,0,0,0,0,NaN,NaN,NaN,NaN
C01_nominal_100rpm_10A,B0,baseline,baseline,496,0.0495,1250,833.333333333333,1876.12485092169,-3593.11706740319,1876.12485092169,-3593.11706740319,0,0,0,0,0,0,0,NaN,NaN,NaN,NaN
C01_nominal_100rpm_10A,B0,baseline,baseline,497,0.0496,1250,833.333333333333,1877.11060423233,-3586.9188856997,1877.11060423233,-3586.9188856997,0,0,0,0,0,0,0,NaN,NaN,NaN,NaN
C01_nominal_100rpm_10A,B0,baseline,baseline,498,0.0497,1250,833.333333333333,1873.7776320095,-3581.18897538376,1873.7776320095,-3581.18897538376,0,0,0,0,0,0,0,NaN,NaN,NaN,NaN
C01_nominal_100rpm_10A,B0,baseline,baseline,499,0.0498,1250,833.333333333333,1870.8122230459,-3576.18135675054,1870.8122230459,-3576.18135675054,0,0,0,0,0,0,0,NaN,NaN,NaN,NaN
C01_nominal_100rpm_10A,B0,baseline,baseline,500,0.0499,1250,833.333333333333,1868.10219372134,-3571.8943063326,1868.10219372134,-3571.8943063326,0,0,0,0,0,0,0,NaN,NaN,NaN,NaN
C01_nominal_100rpm_10A,B0,baseline,baseline,501,0.05,1250,833.333333333333,1865.62533692134,-3568.3335084126,1865.62533692134,-3568.3335084126,0,0,0,0,0,0,0,NaN,NaN,NaN,NaN
C01_nominal_100rpm_10A,B0,baseline,baseline,502,0.0501,1250,833.333333333333,1863.46118868894,-3565.51633510667,1863.46118868894,-3565.51633510667,0,0,0,0,0,0,0,NaN,NaN,NaN,NaN
C01_nominal_100rpm_10A,B0,baseline,baseline,503,0.0502,1250,833.333333333333,1861.74016120461,-3563.46981854668,1861.74016120461,-3563.46981854668,0,0,0,0,0,0,0,NaN,NaN,NaN,NaN
C01_nominal_100rpm_10A,B0,baseline,baseline,504,0.0503,1250,833.333333333333,1860.61835480438,-3562.22906381229,1860.61835480438,-3562.22906381229,0,0,0,0,0,0,0,NaN,NaN,NaN,NaN
C01_nominal_100rpm_10A,B0,baseline,baseline,505,0.0504,1250,833.333333333333,1860.24528610886,-3561.834295091,1860.24528610886,-3561.834295091,0,0,0,0,0,0,0,NaN,NaN,NaN,NaN
C01_nominal_100rpm_10A,B0,baseline,baseline,506,0.0505,1250,833.333333333333,1860.75894119174,-3562.3305746941,1860.75894119174,-3562.3305746941,0,0,0,0,0,0,0,NaN,NaN,NaN,NaN
C01_nominal_100rpm_10A,B0,baseline,baseline,507,0.0506,1250,833.333333333333,1862.30903227896,-3563.77111596956,1862.30903227896,-3563.77111596956,0,0,0,0,0,0,0,NaN,NaN,NaN,NaN
C01_nominal_100rpm_10A,B0,baseline,baseline,508,0.0507,1250,833.333333333333,1865.07068176335,-3566.22012785624,1865.07068176335,-3566.22012785624,0,0,0,0,0,0,0,NaN,NaN,NaN,NaN
C01_nominal_100rpm_10A,B0,baseline,baseline,509,0.0508,1250,833.333333333333,1869.24804046718,-3569.75485468353,1869.24804046718,-3569.75485468353,0,0,0,0,0,0,0,NaN,NaN,NaN,NaN
C01_nominal_100rpm_10A,B0,baseline,baseline,510,0.0509,1250,833.333333333333,1875.0801014855,-3574.46829571643,1875.0801014855,-3574.46829571643,0,0,0,0,0,0,0,NaN,NaN,NaN,NaN
C01_nominal_100rpm_10A,B0,baseline,baseline,511,0.051,1250,833.333333333333,1882.84910750181,-3580.47283594149,1882.84910750181,-3580.47283594149,0,0,0,0,0,0,0,NaN,NaN,NaN,NaN
C01_nominal_100rpm_10A,B0,baseline,baseline,512,0.0511,1250,833.333333333333,1887.29277009526,-3586.63289045324,1887.29277009526,-3586.63289045324,0,0,0,0,0,0,0,NaN,NaN,NaN,NaN
C01_nominal_100rpm_10A,B0,baseline,baseline,513,0.0512,1250,833.333333333333,1884.13255808748,-3591.99390821003,1884.13255808748,-3591.99390821003,0,0,0,0,0,0,0,NaN,NaN,NaN,NaN
C01_nominal_100rpm_10A,B0,baseline,baseline,514,0.0513,1250,833.333333333333,1874.98910717061,-3596.83751556169,1874.98910717061,-3596.83751556169,0,0,0,0,0,0,0,NaN,NaN,NaN,NaN
C01_nominal_100rpm_10A,B0,baseline,baseline,515,0.0514,1250,833.333333333333,1862.76953806787,-3601.72512426385,1862.76953806787,-3601.72512426385,0,0,0,0,0,0,0,NaN,NaN,NaN,NaN
C01_nominal_100rpm_10A,B0,baseline,baseline,516,0.0515,1250,833.333333333333,1852.24870116397,-3607.64816110132,1852.24870116397,-3607.64816110132,0,0,0,0,0,0,0,NaN,NaN,NaN,NaN
C01_nominal_100rpm_10A,B0,baseline,baseline,517,0.0516,1250,833.333333333333,1843.59707269909,-3614.6210028892,1843.59707269909,-3614.6210028892,0,0,0,0,0,0,0,NaN,NaN,NaN,NaN
C01_nominal_100rpm_10A,B0,baseline,baseline,518,0.0517,1250,833.333333333333,1838.25678367637,-3623.28243359597,1838.25678367637,-3623.28243359597,0,0,0,0,0,0,0,NaN,NaN,NaN,NaN
C01_nominal_100rpm_10A,B0,baseline,baseline,519,0.0518,1250,833.333333333333,1839.7373546546,-3631.68115291497,1839.7373546546,-3631.68115291497,0,0,0,0,0,0,0,NaN,NaN,NaN,NaN
C01_nominal_100rpm_10A,B0,baseline,baseline,520,0.0519,1250,833.333333333333,1846.60341114103,-3635.42001244036,1846.60341114103,-3635.42001244036,0,0,0,0,0,0,0,NaN,NaN,NaN,NaN
C01_nominal_100rpm_10A,B0,baseline,baseline,521,0.052,1250,833.333333333333,1851.91474366086,-3634.11640237588,1851.91474366086,-3634.11640237588,0,0,0,0,0,0,0,NaN,NaN,NaN,NaN
C01_nominal_100rpm_10A,B0,baseline,baseline,522,0.0521,1250,833.333333333333,1847.75847860131,-3630.93394038347,1847.75847860131,-3630.93394038347,0,0,0,0,0,0,0,NaN,NaN,NaN,NaN
C01_nominal_100rpm_10A,B0,baseline,baseline,523,0.0522,1250,833.333333333333,1835.92671967962,-3630.70106138087,1835.92671967962,-3630.70106138087,0,0,0,0,0,0,0,NaN,NaN,NaN,NaN
C01_nominal_100rpm_10A,B0,baseline,baseline,524,0.0523,1250,833.333333333333,1824.90080785467,-3632.94373292592,1824.90080785467,-3632.94373292592,0,0,0,0,0,0,0,NaN,NaN,NaN,NaN
C01_nominal_100rpm_10A,B0,baseline,baseline,525,0.0524,1250,833.333333333333,1821.9460259818,-3632.34348894926,1821.9460259818,-3632.34348894926,0,0,0,0,0,0,0,NaN,NaN,NaN,NaN
C01_nominal_100rpm_10A,B0,baseline,baseline,526,0.0525,1250,833.333333333333,1825.15829180272,-3629.05561370856,1825.15829180272,-3629.05561370856,0,0,0,0,0,0,0,NaN,NaN,NaN,NaN
C01_nominal_100rpm_10A,B0,baseline,baseline,527,0.0526,1250,833.333333333333,1830.4431958115,-3626.43858780828,1830.4431958115,-3626.43858780828,0,0,0,0,0,0,0,NaN,NaN,NaN,NaN
C01_nominal_100rpm_10A,B0,baseline,baseline,528,0.0527,1250,833.333333333333,1837.4186524788,-3626.28248621908,1837.4186524788,-3626.28248621908,0,0,0,0,0,0,0,NaN,NaN,NaN,NaN
C01_nominal_100rpm_10A,B0,baseline,baseline,529,0.0528,1250,833.333333333333,1840.28029298365,-3628.14052775066,1840.28029298365,-3628.14052775066,0,0,0,0,0,0,0,NaN,NaN,NaN,NaN
C01_nominal_100rpm_10A,B0,baseline,baseline,530,0.0529,1250,833.333333333333,1837.67178245253,-3625.7392961749,1837.67178245253,-3625.7392961749,0,0,0,0,0,0,0,NaN,NaN,NaN,NaN
C01_nominal_100rpm_10A,B0,baseline,baseline,531,0.053,1250,833.333333333333,1837.04520898592,-3616.67903165757,1837.04520898592,-3616.67903165757,0,0,0,0,0,0,0,NaN,NaN,NaN,NaN
C01_nominal_100rpm_10A,B0,baseline,baseline,532,0.0531,1250,833.333333333333,1841.14514720703,-3607.29722642004,1841.14514720703,-3607.29722642004,0,0,0,0,0,0,0,NaN,NaN,NaN,NaN
C01_nominal_100rpm_10A,B0,baseline,baseline,533,0.0532,1250,833.333333333333,1847.42716669652,-3603.20243166326,1847.42716669652,-3603.20243166326,0,0,0,0,0,0,0,NaN,NaN,NaN,NaN
C01_nominal_100rpm_10A,B0,baseline,baseline,534,0.0533,1250,833.333333333333,1848.05273120914,-3608.48868237259,1848.05273120914,-3608.48868237259,0,0,0,0,0,0,0,NaN,NaN,NaN,NaN
C01_nominal_100rpm_10A,B0,baseline,baseline,535,0.0534,1250,833.333333333333,1836.35741277269,-3616.08842139672,1836.35741277269,-3616.08842139672,0,0,0,0,0,0,0,NaN,NaN,NaN,NaN
C01_nominal_100rpm_10A,B0,baseline,baseline,536,0.0535,1250,833.333333333333,1827.7333131574,-3615.71265897862,1827.7333131574,-3615.71265897862,0,0,0,0,0,0,0,NaN,NaN,NaN,NaN
C01_nominal_100rpm_10A,B0,baseline,baseline,537,0.0536,1250,833.333333333333,1832.25034321672,-3610.44184042878,1832.25034321672,-3610.44184042878,0,0,0,0,0,0,0,NaN,NaN,NaN,NaN
C01_nominal_100rpm_10A,B0,baseline,baseline,538,0.0537,1250,833.333333333333,1836.13052245172,-3606.96147495759,1836.13052245172,-3606.96147495759,0,0,0,0,0,0,0,NaN,NaN,NaN,NaN
C01_nominal_100rpm_10A,B0,baseline,baseline,539,0.0538,1250,833.333333333333,1832.86536262865,-3608.70537541754,1832.86536262865,-3608.70537541754,0,0,0,0,0,0,0,NaN,NaN,NaN,NaN
C01_nominal_100rpm_10A,B0,baseline,baseline,540,0.0539,1250,833.333333333333,1827.40181718859,-3612.74141993929,1827.40181718859,-3612.74141993929,0,0,0,0,0,0,0,NaN,NaN,NaN,NaN
C01_nominal_100rpm_10A,B0,baseline,baseline,541,0.054,1250,833.333333333333,1825.55971097443,-3615.38052292683,1825.55971097443,-3615.38052292683,0,0,0,0,0,0,0,NaN,NaN,NaN,NaN
C01_nominal_100rpm_10A,B0,baseline,baseline,542,0.0541,1250,833.333333333333,1829.1071671543,-3615.24451892159,1829.1071671543,-3615.24451892159,0,0,0,0,0,0,0,NaN,NaN,NaN,NaN
C01_nominal_100rpm_10A,B0,baseline,baseline,543,0.0542,1250,833.333333333333,1834.66270479615,-3613.2236979303,1834.66270479615,-3613.2236979303,0,0,0,0,0,0,0,NaN,NaN,NaN,NaN
C01_nominal_100rpm_10A,B0,baseline,baseline,544,0.0543,1250,833.333333333333,1835.80481422829,-3612.89518508987,1835.80481422829,-3612.89518508987,0,0,0,0,0,0,0,NaN,NaN,NaN,NaN
C01_nominal_100rpm_10A,B0,baseline,baseline,545,0.0544,1250,833.333333333333,1834.28959872122,-3611.7525214474,1834.28959872122,-3611.7525214474,0,0,0,0,0,0,0,NaN,NaN,NaN,NaN
C01_nominal_100rpm_10A,B0,baseline,baseline,546,0.0545,1250,833.333333333333,1836.8386647756,-3610.69863078762,1836.8386647756,-3610.69863078762,0,0,0,0,0,0,0,NaN,NaN,NaN,NaN
C01_nominal_100rpm_10A,B0,baseline,baseline,547,0.0546,1250,833.333333333333,1836.61736239139,-3613.05920417239,1836.61736239139,-3613.05920417239,0,0,0,0,0,0,0,NaN,NaN,NaN,NaN
C01_nominal_100rpm_10A,B0,baseline,baseline,548,0.0547,1250,833.333333333333,1832.9393319773,-3613.94384783402,1832.9393319773,-3613.94384783402,0,0,0,0,0,0,0,NaN,NaN,NaN,NaN
C01_nominal_100rpm_10A,B0,baseline,baseline,549,0.0548,1250,833.333333333333,1833.87612295116,-3614.44979586243,1833.87612295116,-3614.44979586243,0,0,0,0,0,0,0,NaN,NaN,NaN,NaN
C01_nominal_100rpm_10A,B0,baseline,baseline,550,0.0549,1250,833.333333333333,1837.60722965115,-3617.2245038879,1837.60722965115,-3617.2245038879,0,0,0,0,0,0,0,NaN,NaN,NaN,NaN
C01_nominal_100rpm_10A,B0,baseline,baseline,551,0.055,1250,833.333333333333,1843.30392348096,-3619.51720230011,1843.30392348096,-3619.51720230011,0,0,0,0,0,0,0,NaN,NaN,NaN,NaN
C01_nominal_100rpm_10A,B0,baseline,baseline,552,0.0551,1250,833.333333333333,1848.73556414571,-3622.54450594533,1848.73556414571,-3622.54450594533,0,0,0,0,0,0,0,NaN,NaN,NaN,NaN
C01_nominal_100rpm_10A,B0,baseline,baseline,553,0.0552,1250,833.333333333333,1847.24121650625,-3625.19869692839,1847.24121650625,-3625.19869692839,0,0,0,0,0,0,0,NaN,NaN,NaN,NaN
C01_nominal_100rpm_10A,B0,baseline,baseline,554,0.0553,1250,833.333333333333,1842.05397585365,-3624.48965897153,1842.05397585365,-3624.48965897153,0,0,0,0,0,0,0,NaN,NaN,NaN,NaN
C01_nominal_100rpm_10A,B0,baseline,baseline,555,0.0554,1250,833.333333333333,1839.7268060023,-3622.83955636593,1839.7268060023,-3622.83955636593,0,0,0,0,0,0,0,NaN,NaN,NaN,NaN
C01_nominal_100rpm_10A,B0,baseline,baseline,556,0.0555,1250,833.333333333333,1839.94329750626,-3622.18359669562,1839.94329750626,-3622.18359669562,0,0,0,0,0,0,0,NaN,NaN,NaN,NaN
C01_nominal_100rpm_10A,B0,baseline,baseline,557,0.0556,1250,833.333333333333,1840.22885556874,-3622.00572902177,1840.22885556874,-3622.00572902177,0,0,0,0,0,0,0,NaN,NaN,NaN,NaN
C01_nominal_100rpm_10A,B0,baseline,baseline,558,0.0557,1250,833.333333333333,1840.31442228617,-3621.81455759779,1840.31442228617,-3621.81455759779,0,0,0,0,0,0,0,NaN,NaN,NaN,NaN
C01_nominal_100rpm_10A,B0,baseline,baseline,559,0.0558,1250,833.333333333333,1840.40629270011,-3621.64401837637,1840.40629270011,-3621.64401837637,0,0,0,0,0,0,0,NaN,NaN,NaN,NaN
C01_nominal_100rpm_10A,B0,baseline,baseline,560,0.0559,1250,833.333333333333,1840.56392307677,-3621.52808837901,1840.56392307677,-3621.52808837901,0,0,0,0,0,0,0,NaN,NaN,NaN,NaN
C01_nominal_100rpm_10A,B0,baseline,baseline,561,0.056,1250,833.333333333333,1840.74904516191,-3621.43744609478,1840.74904516191,-3621.43744609478,0,0,0,0,0,0,0,NaN,NaN,NaN,NaN
C01_nominal_100rpm_10A,B0,baseline,baseline,562,0.0561,1250,833.333333333333,1841.02066033141,-3621.37584380953,1841.02066033141,-3621.37584380953,0,0,0,0,0,0,0,NaN,NaN,NaN,NaN
C01_nominal_100rpm_10A,B0,baseline,baseline,563,0.0562,1250,833.333333333333,1841.36774641042,-3621.35054103037,1841.36774641042,-3621.35054103037,0,0,0,0,0,0,0,NaN,NaN,NaN,NaN
C01_nominal_100rpm_10A,B0,baseline,baseline,564,0.0563,1250,833.333333333333,1841.81466073199,-3621.37980669365,1841.81466073199,-3621.37980669365,0,0,0,0,0,0,0,NaN,NaN,NaN,NaN
C01_nominal_100rpm_10A,B0,baseline,baseline,565,0.0564,1250,833.333333333333,1842.31355353945,-3621.44611507322,1842.31355353945,-3621.44611507322,0,0,0,0,0,0,0,NaN,NaN,NaN,NaN
C01_nominal_100rpm_10A,B0,baseline,baseline,566,0.0565,1250,833.333333333333,1842.90461760558,-3621.55336265063,1842.90461760558,-3621.55336265063,0,0,0,0,0,0,0,NaN,NaN,NaN,NaN
C01_nominal_100rpm_10A,B0,baseline,baseline,567,0.0566,1250,833.333333333333,1843.56466766953,-3621.68910589821,1843.56466766953,-3621.68910589821,0,0,0,0,0,0,0,NaN,NaN,NaN,NaN
C01_nominal_100rpm_10A,B0,baseline,baseline,568,0.0567,1250,833.333333333333,1844.33127039773,-3621.86324931942,1844.33127039773,-3621.86324931942,0,0,0,0,0,0,0,NaN,NaN,NaN,NaN
C01_nominal_100rpm_10A,B0,baseline,baseline,569,0.0568,1250,833.333333333333,1845.17665317834,-3622.06138926055,1845.17665317834,-3622.06138926055,0,0,0,0,0,0,0,NaN,NaN,NaN,NaN
C01_nominal_100rpm_10A,B0,baseline,baseline,570,0.0569,1250,833.333333333333,1846.13704046076,-3622.29352752223,1846.13704046076,-3622.29352752223,0,0,0,0,0,0,0,NaN,NaN,NaN,NaN
C01_nominal_100rpm_10A,B0,baseline,baseline,571,0.057,1250,833.333333333333,1846.49871011604,-3621.31745600131,1846.49871011604,-3621.31745600131,0,0,0,0,0,0,0,NaN,NaN,NaN,NaN
C01_nominal_100rpm_10A,B0,baseline,baseline,572,0.0571,1250,833.333333333333,1845.37931149398,-3617.45148074344,1845.37931149398,-3617.45148074344,0,0,0,0,0,0,0,NaN,NaN,NaN,NaN
C01_nominal_100rpm_10A,B0,baseline,baseline,573,0.0572,1250,833.333333333333,1843.80209895653,-3612.57260327242,1843.80209895653,-3612.57260327242,0,0,0,0,0,0,0,NaN,NaN,NaN,NaN
C01_nominal_100rpm_10A,B0,baseline,baseline,574,0.0573,1250,833.333333333333,1843.59814260092,-3610.63470597614,1843.59814260092,-3610.63470597614,0,0,0,0,0,0,0,NaN,NaN,NaN,NaN
C01_nominal_100rpm_10A,B0,baseline,baseline,575,0.0574,1250,833.333333333333,1844.72934856564,-3612.2449927271,1844.72934856564,-3612.2449927271,0,0,0,0,0,0,0,NaN,NaN,NaN,NaN
C01_nominal_100rpm_10A,B0,baseline,baseline,576,0.0575,1250,833.333333333333,1846.09253141793,-3614.51178195389,1846.09253141793,-3614.51178195389,0,0,0,0,0,0,0,NaN,NaN,NaN,NaN
C01_nominal_100rpm_10A,B0,baseline,baseline,577,0.0576,1250,833.333333333333,1846.93615459283,-3614.95350475728,1846.93615459283,-3614.95350475728,0,0,0,0,0,0,0,NaN,NaN,NaN,NaN
C01_nominal_100rpm_10A,B0,baseline,baseline,578,0.0577,1250,833.333333333333,1847.26584349767,-3614.71718649835,1847.26584349767,-3614.71718649835,0,0,0,0,0,0,0,NaN,NaN,NaN,NaN
C01_nominal_100rpm_10A,B0,baseline,baseline,579,0.0578,1250,833.333333333333,1847.01506966067,-3615.97081983366,1847.01506966067,-3615.97081983366,0,0,0,0,0,0,0,NaN,NaN,NaN,NaN
C01_nominal_100rpm_10A,B0,baseline,baseline,580,0.0579,1250,833.333333333333,1846.4448937674,-3617.87686851362,1846.4448937674,-3617.87686851362,0,0,0,0,0,0,0,NaN,NaN,NaN,NaN
C01_nominal_100rpm_10A,B0,baseline,baseline,581,0.058,1250,833.333333333333,1846.28969725926,-3617.41876017048,1846.28969725926,-3617.41876017048,0,0,0,0,0,0,0,NaN,NaN,NaN,NaN
C01_nominal_100rpm_10A,B0,baseline,baseline,582,0.0581,1250,833.333333333333,1847.59295268261,-3613.80774158015,1847.59295268261,-3613.80774158015,0,0,0,0,0,0,0,NaN,NaN,NaN,NaN
C01_nominal_100rpm_10A,B0,baseline,baseline,583,0.0582,1250,833.333333333333,1850.67932810039,-3609.42088115613,1850.67932810039,-3609.42088115613,0,0,0,0,0,0,0,NaN,NaN,NaN,NaN
C01_nominal_100rpm_10A,B0,baseline,baseline,584,0.0583,1250,833.333333333333,1853.61025476648,-3605.79323120038,1853.61025476648,-3605.79323120038,0,0,0,0,0,0,0,NaN,NaN,NaN,NaN
C01_nominal_100rpm_10A,B0,baseline,baseline,585,0.0584,1250,833.333333333333,1859.51667940189,-3603.40692871718,1859.51667940189,-3603.40692871718,0,0,0,0,0,0,0,NaN,NaN,NaN,NaN
C01_nominal_100rpm_10A,B0,baseline,baseline,586,0.0585,1250,833.333333333333,1870.94982155753,-3602.59026905131,1870.94982155753,-3602.59026905131,0,0,0,0,0,0,0,NaN,NaN,NaN,NaN
C01_nominal_100rpm_10A,B0,baseline,baseline,587,0.0586,1250,833.333333333333,1884.45728445464,-3602.9179429026,1884.45728445464,-3602.9179429026,0,0,0,0,0,0,0,NaN,NaN,NaN,NaN
C01_nominal_100rpm_10A,B0,baseline,baseline,588,0.0587,1250,833.333333333333,1891.4499621172,-3603.14620665097,1891.4499621172,-3603.14620665097,0,0,0,0,0,0,0,NaN,NaN,NaN,NaN
C01_nominal_100rpm_10A,B0,baseline,baseline,589,0.0588,1250,833.333333333333,1886.04916856338,-3602.40921142812,1886.04916856338,-3602.40921142812,0,0,0,0,0,0,0,NaN,NaN,NaN,NaN
C01_nominal_100rpm_10A,B0,baseline,baseline,590,0.0589,1250,833.333333333333,1874.3044375544,-3601.5242394999,1874.3044375544,-3601.5242394999,0,0,0,0,0,0,0,NaN,NaN,NaN,NaN
C01_nominal_100rpm_10A,B0,baseline,baseline,591,0.059,1250,833.333333333333,1864.33421004344,-3601.58838819553,1864.33421004344,-3601.58838819553,0,0,0,0,0,0,0,NaN,NaN,NaN,NaN
C01_nominal_100rpm_10A,B0,baseline,baseline,592,0.0591,1250,833.333333333333,1859.45151228033,-3603.12047605441,1859.45151228033,-3603.12047605441,0,0,0,0,0,0,0,NaN,NaN,NaN,NaN
C01_nominal_100rpm_10A,B0,baseline,baseline,593,0.0592,1250,833.333333333333,1857.33889272308,-3605.77145548578,1857.33889272308,-3605.77145548578,0,0,0,0,0,0,0,NaN,NaN,NaN,NaN
C01_nominal_100rpm_10A,B0,baseline,baseline,594,0.0593,1250,833.333333333333,1853.32463189149,-3608.81792076304,1853.32463189149,-3608.81792076304,0,0,0,0,0,0,0,NaN,NaN,NaN,NaN
C01_nominal_100rpm_10A,B0,baseline,baseline,595,0.0594,1250,833.333333333333,1848.05519393323,-3612.35063178651,1848.05519393323,-3612.35063178651,0,0,0,0,0,0,0,NaN,NaN,NaN,NaN
C01_nominal_100rpm_10A,B0,baseline,baseline,596,0.0595,1250,833.333333333333,1842.00564288839,-3616.42823548406,1842.00564288839,-3616.42823548406,0,0,0,0,0,0,0,NaN,NaN,NaN,NaN
C01_nominal_100rpm_10A,B0,baseline,baseline,597,0.0596,1250,833.333333333333,1835.19832957806,-3621.04754195542,1835.19832957806,-3621.04754195542,0,0,0,0,0,0,0,NaN,NaN,NaN,NaN
C01_nominal_100rpm_10A,B0,baseline,baseline,598,0.0597,1250,833.333333333333,1832.51179265606,-3627.42489380413,1832.51179265606,-3627.42489380413,0,0,0,0,0,0,0,NaN,NaN,NaN,NaN
C01_nominal_100rpm_10A,B0,baseline,baseline,599,0.0598,1250,833.333333333333,1836.40297892757,-3633.51166095677,1836.40297892757,-3633.51166095677,0,0,0,0,0,0,0,NaN,NaN,NaN,NaN
C01_nominal_100rpm_10A,B0,baseline,baseline,600,0.0599,1250,833.333333333333,1844.74925064812,-3635.16137640553,1844.74925064812,-3635.16137640553,0,0,0,0,0,0,0,NaN,NaN,NaN,NaN
C01_nominal_100rpm_10A,B0,baseline,baseline,601,0.06,1250,833.333333333333,1851.3837760386,-3632.28569935616,1851.3837760386,-3632.28569935616,0,0,0,0,0,0,0,NaN,NaN,NaN,NaN
C01_nominal_100rpm_10A,B0,baseline,baseline,602,0.0601,1250,833.333333333333,1848.5118088799,-3627.83827776566,1848.5118088799,-3627.83827776566,0,0,0,0,0,0,0,NaN,NaN,NaN,NaN
C01_nominal_100rpm_10A,B0,baseline,baseline,603,0.0602,1250,833.333333333333,1841.33058227552,-3625.55164389155,1841.33058227552,-3625.55164389155,0,0,0,0,0,0,0,NaN,NaN,NaN,NaN
C01_nominal_100rpm_10A,B0,baseline,baseline,604,0.0603,1250,833.333333333333,1838.93487018664,-3625.62483667329,1838.93487018664,-3625.62483667329,0,0,0,0,0,0,0,NaN,NaN,NaN,NaN
C01_nominal_100rpm_10A,B0,baseline,baseline,605,0.0604,1250,833.333333333333,1840.35748897454,-3625.40524298639,1840.35748897454,-3625.40524298639,0,0,0,0,0,0,0,NaN,NaN,NaN,NaN
C01_nominal_100rpm_10A,B0,baseline,baseline,606,0.0605,1250,833.333333333333,1840.48110015336,-3625.57030133078,1840.48110015336,-3625.57030133078,0,0,0,0,0,0,0,NaN,NaN,NaN,NaN
C01_nominal_100rpm_10A,B0,baseline,baseline,607,0.0606,1250,833.333333333333,1837.76601035503,-3627.54110868224,1837.76601035503,-3627.54110868224,0,0,0,0,0,0,0,NaN,NaN,NaN,NaN
C01_nominal_100rpm_10A,B0,baseline,baseline,608,0.0607,1250,833.333333333333,1836.50276750713,-3626.46635406361,1836.50276750713,-3626.46635406361,0,0,0,0,0,0,0,NaN,NaN,NaN,NaN
C01_nominal_100rpm_10A,B0,baseline,baseline,609,0.0608,1250,833.333333333333,1843.57424743238,-3618.39906469506,1843.57424743238,-3618.39906469506,0,0,0,0,0,0,0,NaN,NaN,NaN,NaN
C01_nominal_100rpm_10A,B0,baseline,baseline,610,0.0609,1250,833.333333333333,1856.05868635169,-3607.53229591175,1856.05868635169,-3607.53229591175,0,0,0,0,0,0,0,NaN,NaN,NaN,NaN
C01_nominal_100rpm_10A,B0,baseline,baseline,611,0.061,1250,833.333333333333,1861.50997142612,-3601.46213972131,1861.50997142612,-3601.46213972131,0,0,0,0,0,0,0,NaN,NaN,NaN,NaN
C01_nominal_100rpm_10A,B0,baseline,baseline,612,0.0611,1250,833.333333333333,1855.71928298059,-3606.07502236121,1855.71928298059,-3606.07502236121,0,0,0,0,0,0,0,NaN,NaN,NaN,NaN
C01_nominal_100rpm_10A,B0,baseline,baseline,613,0.0612,1250,833.333333333333,1842.08562041781,-3613.28339070238,1842.08562041781,-3613.28339070238,0,0,0,0,0,0,0,NaN,NaN,NaN,NaN
C01_nominal_100rpm_10A,B0,baseline,baseline,614,0.0613,1250,833.333333333333,1834.27578076709,-3612.44128400379,1834.27578076709,-3612.44128400379,0,0,0,0,0,0,0,NaN,NaN,NaN,NaN
C01_nominal_100rpm_10A,B0,baseline,baseline,615,0.0614,1250,833.333333333333,1839.23296234892,-3606.53338660171,1839.23296234892,-3606.53338660171,0,0,0,0,0,0,0,NaN,NaN,NaN,NaN
C01_nominal_100rpm_10A,B0,baseline,baseline,616,0.0615,1250,833.333333333333,1847.12505512556,-3602.8874801489,1847.12505512556,-3602.8874801489,0,0,0,0,0,0,0,NaN,NaN,NaN,NaN
C01_nominal_100rpm_10A,B0,baseline,baseline,617,0.0616,1250,833.333333333333,1852.27848212426,-3607.35439955874,1852.27848212426,-3607.35439955874,0,0,0,0,0,0,0,NaN,NaN,NaN,NaN
C01_nominal_100rpm_10A,B0,baseline,baseline,618,0.0617,1250,833.333333333333,1851.16879253905,-3613.82488687633,1851.16879253905,-3613.82488687633,0,0,0,0,0,0,0,NaN,NaN,NaN,NaN
C01_nominal_100rpm_10A,B0,baseline,baseline,619,0.0618,1250,833.333333333333,1850.03704233754,-3613.70024918957,1850.03704233754,-3613.70024918957,0,0,0,0,0,0,0,NaN,NaN,NaN,NaN
C01_nominal_100rpm_10A,B0,baseline,baseline,620,0.0619,1250,833.333333333333,1852.87483098075,-3610.33416581329,1852.87483098075,-3610.33416581329,0,0,0,0,0,0,0,NaN,NaN,NaN,NaN
C01_nominal_100rpm_10A,B0,baseline,baseline,621,0.062,1250,833.333333333333,1850.60952631493,-3605.84825922169,1850.60952631493,-3605.84825922169,0,0,0,0,0,0,0,NaN,NaN,NaN,NaN
C01_nominal_100rpm_10A,B0,baseline,baseline,622,0.0621,1250,833.333333333333,1847.38044533462,-3602.45598514269,1847.38044533462,-3602.45598514269,0,0,0,0,0,0,0,NaN,NaN,NaN,NaN
C01_nominal_100rpm_10A,B0,baseline,baseline,623,0.0622,1250,833.333333333333,1846.71235718224,-3602.23613314634,1846.71235718224,-3602.23613314634,0,0,0,0,0,0,0,NaN,NaN,NaN,NaN
C01_nominal_100rpm_10A,B0,baseline,baseline,624,0.0623,1250,833.333333333333,1845.74064883161,-3600.51595065508,1845.74064883161,-3600.51595065508,0,0,0,0,0,0,0,NaN,NaN,NaN,NaN
C01_nominal_100rpm_10A,B0,baseline,baseline,625,0.0624,1250,833.333333333333,1848.08407444622,-3598.95839193698,1848.08407444622,-3598.95839193698,0,0,0,0,0,0,0,NaN,NaN,NaN,NaN
C01_nominal_100rpm_10A,B0,baseline,baseline,626,0.0625,1250,833.333333333333,1848.24181823711,-3601.09251436921,1848.24181823711,-3601.09251436921,0,0,0,0,0,0,0,NaN,NaN,NaN,NaN
C01_nominal_100rpm_10A,B0,baseline,baseline,627,0.0626,1250,833.333333333333,1844.3635472044,-3601.89056821855,1844.3635472044,-3601.89056821855,0,0,0,0,0,0,0,NaN,NaN,NaN,NaN
C01_nominal_100rpm_10A,B0,baseline,baseline,628,0.0627,1250,833.333333333333,1844.5550997064,-3602.33880847301,1844.5550997064,-3602.33880847301,0,0,0,0,0,0,0,NaN,NaN,NaN,NaN
C01_nominal_100rpm_10A,B0,baseline,baseline,629,0.0628,1250,833.333333333333,1843.27087161069,-3605.89127781605,1843.27087161069,-3605.89127781605,0,0,0,0,0,0,0,NaN,NaN,NaN,NaN
C01_nominal_100rpm_10A,B0,baseline,baseline,630,0.0629,1250,833.333333333333,1838.62759134749,-3607.63004867049,1838.62759134749,-3607.63004867049,0,0,0,0,0,0,0,NaN,NaN,NaN,NaN
C01_nominal_100rpm_10A,B0,baseline,baseline,631,0.063,1250,833.333333333333,1838.51232573064,-3608.81128019134,1838.51232573064,-3608.81128019134,0,0,0,0,0,0,0,NaN,NaN,NaN,NaN
C01_nominal_100rpm_10A,B0,baseline,baseline,632,0.0631,1250,833.333333333333,1836.75324500505,-3612.81847328187,1836.75324500505,-3612.81847328187,0,0,0,0,0,0,0,NaN,NaN,NaN,NaN
C01_nominal_100rpm_10A,B0,baseline,baseline,633,0.0632,1250,833.333333333333,1832.08593499237,-3614.82789748107,1832.08593499237,-3614.82789748107,0,0,0,0,0,0,0,NaN,NaN,NaN,NaN
C01_nominal_100rpm_10A,B0,baseline,baseline,634,0.0633,1250,833.333333333333,1832.55037033377,-3612.00410958135,1832.55037033377,-3612.00410958135,0,0,0,0,0,0,0,NaN,NaN,NaN,NaN
C01_nominal_100rpm_10A,B0,baseline,baseline,635,0.0634,1250,833.333333333333,1836.69604235184,-3606.2255517732,1836.69604235184,-3606.2255517732,0,0,0,0,0,0,0,NaN,NaN,NaN,NaN
C01_nominal_100rpm_10A,B0,baseline,baseline,636,0.0635,1250,833.333333333333,1841.47798924162,-3602.30851891323,1841.47798924162,-3602.30851891323,0,0,0,0,0,0,0,NaN,NaN,NaN,NaN
C01_nominal_100rpm_10A,B0,baseline,baseline,637,0.0636,1250,833.333333333333,1843.03480365428,-3604.08038064548,1843.03480365428,-3604.08038064548,0,0,0,0,0,0,0,NaN,NaN,NaN,NaN
C01_nominal_100rpm_10A,B0,baseline,baseline,638,0.0637,1250,833.333333333333,1840.19633138611,-3607.08278550044,1840.19633138611,-3607.08278550044,0,0,0,0,0,0,0,NaN,NaN,NaN,NaN
C01_nominal_100rpm_10A,B0,baseline,baseline,639,0.0638,1250,833.333333333333,1839.42860570985,-3606.08885309269,1839.42860570985,-3606.08885309269,0,0,0,0,0,0,0,NaN,NaN,NaN,NaN
C01_nominal_100rpm_10A,B0,baseline,baseline,640,0.0639,1250,833.333333333333,1840.71760457397,-3604.72051471364,1840.71760457397,-3604.72051471364,0,0,0,0,0,0,0,NaN,NaN,NaN,NaN
C01_nominal_100rpm_10A,B0,baseline,baseline,641,0.064,1250,833.333333333333,1838.43308502565,-3607.8897862366,1838.43308502565,-3607.8897862366,0,0,0,0,0,0,0,NaN,NaN,NaN,NaN
C01_nominal_100rpm_10A,B0,baseline,baseline,642,0.0641,1250,833.333333333333,1834.3834083398,-3611.92954471437,1834.3834083398,-3611.92954471437,0,0,0,0,0,0,0,NaN,NaN,NaN,NaN
C01_nominal_100rpm_10A,B0,baseline,baseline,643,0.0642,1250,833.333333333333,1835.58835444248,-3607.57869075838,1835.58835444248,-3607.57869075838,0,0,0,0,0,0,0,NaN,NaN,NaN,NaN
C01_nominal_100rpm_10A,B0,baseline,baseline,644,0.0643,1250,833.333333333333,1844.42804612196,-3596.78516539484,1844.42804612196,-3596.78516539484,0,0,0,0,0,0,0,NaN,NaN,NaN,NaN
C01_nominal_100rpm_10A,B0,baseline,baseline,645,0.0644,1250,833.333333333333,1854.42944698254,-3593.14297497405,1854.42944698254,-3593.14297497405,0,0,0,0,0,0,0,NaN,NaN,NaN,NaN
C01_nominal_100rpm_10A,B0,baseline,baseline,646,0.0645,1250,833.333333333333,1859.13321830044,-3599.3081969761,1859.13321830044,-3599.3081969761,0,0,0,0,0,0,0,NaN,NaN,NaN,NaN
C01_nominal_100rpm_10A,B0,baseline,baseline,647,0.0646,1250,833.333333333333,1861.56220935573,-3606.29590923031,1861.56220935573,-3606.29590923031,0,0,0,0,0,0,0,NaN,NaN,NaN,NaN
C01_nominal_100rpm_10A,B0,baseline,baseline,648,0.0647,1250,833.333333333333,1864.87776220877,-3605.1414386421,1864.87776220877,-3605.1414386421,0,0,0,0,0,0,0,NaN,NaN,NaN,NaN
C01_nominal_100rpm_10A,B0,baseline,baseline,649,0.0648,1250,833.333333333333,1864.48556635749,-3597.44116630371,1864.48556635749,-3597.44116630371,0,0,0,0,0,0,0,NaN,NaN,NaN,NaN
C01_nominal_100rpm_10A,B0,baseline,baseline,650,0.0649,1250,833.333333333333,1859.58359768421,-3595.16312802482,1859.58359768421,-3595.16312802482,0,0,0,0,0,0,0,NaN,NaN,NaN,NaN
C01_nominal_100rpm_10A,B0,baseline,baseline,651,0.065,1250,833.333333333333,1857.33817132209,-3600.69650097813,1857.33817132209,-3600.69650097813,0,0,0,0,0,0,0,NaN,NaN,NaN,NaN
C01_nominal_100rpm_10A,B0,baseline,baseline,652,0.0651,1250,833.333333333333,1860.7465230318,-3606.75084998392,1860.7465230318,-3606.75084998392,0,0,0,0,0,0,0,NaN,NaN,NaN,NaN
C01_nominal_100rpm_10A,B0,baseline,baseline,653,0.0652,1250,833.333333333333,1866.97618121587,-3606.20319726057,1866.97618121587,-3606.20319726057,0,0,0,0,0,0,0,NaN,NaN,NaN,NaN
C01_nominal_100rpm_10A,B0,baseline,baseline,654,0.0653,1250,833.333333333333,1871.16436313302,-3597.07825739442,1871.16436313302,-3597.07825739442,0,0,0,0,0,0,0,NaN,NaN,NaN,NaN
C01_nominal_100rpm_10A,B0,baseline,baseline,655,0.0654,1250,833.333333333333,1867.11518131323,-3588.53479475181,1867.11518131323,-3588.53479475181,0,0,0,0,0,0,0,NaN,NaN,NaN,NaN
C01_nominal_100rpm_10A,B0,baseline,baseline,656,0.0655,1250,833.333333333333,1858.76643772264,-3589.61968210227,1858.76643772264,-3589.61968210227,0,0,0,0,0,0,0,NaN,NaN,NaN,NaN
C01_nominal_100rpm_10A,B0,baseline,baseline,657,0.0656,1250,833.333333333333,1852.01474668271,-3598.25451290418,1852.01474668271,-3598.25451290418,0,0,0,0,0,0,0,NaN,NaN,NaN,NaN
C01_nominal_100rpm_10A,B0,baseline,baseline,658,0.0657,1250,833.333333333333,1847.257158825,-3607.46205405414,1847.257158825,-3607.46205405414,0,0,0,0,0,0,0,NaN,NaN,NaN,NaN
C01_nominal_100rpm_10A,B0,baseline,baseline,659,0.0658,1250,833.333333333333,1849.65519150334,-3610.59456592838,1849.65519150334,-3610.59456592838,0,0,0,0,0,0,0,NaN,NaN,NaN,NaN
C01_nominal_100rpm_10A,B0,baseline,baseline,660,0.0659,1250,833.333333333333,1858.22709766388,-3605.74393499457,1858.22709766388,-3605.74393499457,0,0,0,0,0,0,0,NaN,NaN,NaN,NaN
C01_nominal_100rpm_10A,B0,baseline,baseline,661,0.066,1250,833.333333333333,1867.16497192046,-3597.96241779515,1867.16497192046,-3597.96241779515,0,0,0,0,0,0,0,NaN,NaN,NaN,NaN
C01_nominal_100rpm_10A,B0,baseline,baseline,662,0.0661,1250,833.333333333333,1874.05144028511,-3590.85170140317,1874.05144028511,-3590.85170140317,0,0,0,0,0,0,0,NaN,NaN,NaN,NaN
C01_nominal_100rpm_10A,B0,baseline,baseline,663,0.0662,1250,833.333333333333,1874.64943125344,-3584.15038422829,1874.64943125344,-3584.15038422829,0,0,0,0,0,0,0,NaN,NaN,NaN,NaN
C01_nominal_100rpm_10A,B0,baseline,baseline,664,0.0663,1250,833.333333333333,1870.98441709374,-3577.93447445433,1870.98441709374,-3577.93447445433,0,0,0,0,0,0,0,NaN,NaN,NaN,NaN
C01_nominal_100rpm_10A,B0,baseline,baseline,665,0.0664,1250,833.333333333333,1867.61276512862,-3572.42588851051,1867.61276512862,-3572.42588851051,0,0,0,0,0,0,0,NaN,NaN,NaN,NaN
C01_nominal_100rpm_10A,B0,baseline,baseline,666,0.0665,1250,833.333333333333,1860.98418117702,-3571.08254612546,1860.98418117702,-3571.08254612546,0,0,0,0,0,0,0,NaN,NaN,NaN,NaN
C01_nominal_100rpm_10A,B0,baseline,baseline,667,0.0666,1250,833.333333333333,1850.70376839938,-3579.16323979912,1850.70376839938,-3579.16323979912,0,0,0,0,0,0,0,NaN,NaN,NaN,NaN
C01_nominal_100rpm_10A,B0,baseline,baseline,668,0.0667,1250,833.333333333333,1840.15610292932,-3594.88356655372,1840.15610292932,-3594.88356655372,0,0,0,0,0,0,0,NaN,NaN,NaN,NaN
C01_nominal_100rpm_10A,B0,baseline,baseline,669,0.0668,1250,833.333333333333,1831.9684976309,-3611.39769475114,1831.9684976309,-3611.39769475114,0,0,0,0,0,0,0,NaN,NaN,NaN,NaN
C01_nominal_100rpm_10A,B0,baseline,baseline,670,0.0669,1250,833.333333333333,1829.07036485881,-3621.9613044195,1829.07036485881,-3621.9613044195,0,0,0,0,0,0,0,NaN,NaN,NaN,NaN
C01_nominal_100rpm_10A,B0,baseline,baseline,671,0.067,1250,833.333333333333,1829.43458740439,-3624.37066056276,1829.43458740439,-3624.37066056276,0,0,0,0,0,0,0,NaN,NaN,NaN,NaN
C01_nominal_100rpm_10A,B0,baseline,baseline,672,0.0671,1250,833.333333333333,1829.78386253551,-3623.68637050741,1829.78386253551,-3623.68637050741,0,0,0,0,0,0,0,NaN,NaN,NaN,NaN
C01_nominal_100rpm_10A,B0,baseline,baseline,673,0.0672,1250,833.333333333333,1830.17328432203,-3623.77492343477,1830.17328432203,-3623.77492343477,0,0,0,0,0,0,0,NaN,NaN,NaN,NaN
C01_nominal_100rpm_10A,B0,baseline,baseline,674,0.0673,1250,833.333333333333,1829.76685071048,-3624.51078186457,1829.76685071048,-3624.51078186457,0,0,0,0,0,0,0,NaN,NaN,NaN,NaN
C01_nominal_100rpm_10A,B0,baseline,baseline,675,0.0674,1250,833.333333333333,1828.37040184284,-3625.85121902349,1828.37040184284,-3625.85121902349,0,0,0,0,0,0,0,NaN,NaN,NaN,NaN
C01_nominal_100rpm_10A,B0,baseline,baseline,676,0.0675,1250,833.333333333333,1825.87710256796,-3627.75346439018,1825.87710256796,-3627.75346439018,0,0,0,0,0,0,0,NaN,NaN,NaN,NaN
C01_nominal_100rpm_10A,B0,baseline,baseline,677,0.0676,1250,833.333333333333,1822.70091493622,-3630.28655849558,1822.70091493622,-3630.28655849558,0,0,0,0,0,0,0,NaN,NaN,NaN,NaN
C01_nominal_100rpm_10A,B0,baseline,baseline,678,0.0677,1250,833.333333333333,1824.52131970513,-3634.67621672429,1824.52131970513,-3634.67621672429,0,0,0,0,0,0,0,NaN,NaN,NaN,NaN
C01_nominal_100rpm_10A,B0,baseline,baseline,679,0.0678,1250,833.333333333333,1833.50946992092,-3638.89258721822,1833.50946992092,-3638.89258721822,0,0,0,0,0,0,0,NaN,NaN,NaN,NaN
C01_nominal_100rpm_10A,B0,baseline,baseline,680,0.0679,1250,833.333333333333,1846.11443950206,-3638.75755631682,1846.11443950206,-3638.75755631682,0,0,0,0,0,0,0,NaN,NaN,NaN,NaN
C01_nominal_100rpm_10A,B0,baseline,baseline,681,0.068,1250,833.333333333333,1855.09450590403,-3634.04890920817,1855.09450590403,-3634.04890920817,0,0,0,0,0,0,0,NaN,NaN,NaN,NaN
C01_nominal_100rpm_10A,B0,baseline,baseline,682,0.0681,1250,833.333333333333,1852.86533776117,-3627.71506466545,1852.86533776117,-3627.71506466545,0,0,0,0,0,0,0,NaN,NaN,NaN,NaN
C01_nominal_100rpm_10A,B0,baseline,baseline,683,0.0682,1250,833.333333333333,1842.09709141789,-3624.94061012366,1842.09709141789,-3624.94061012366,0,0,0,0,0,0,0,NaN,NaN,NaN,NaN
C01_nominal_100rpm_10A,B0,baseline,baseline,684,0.0683,1250,833.333333333333,1831.03754527722,-3628.93600514801,1831.03754527722,-3628.93600514801,0,0,0,0,0,0,0,NaN,NaN,NaN,NaN
C01_nominal_100rpm_10A,B0,baseline,baseline,685,0.0684,1250,833.333333333333,1825.89568884907,-3635.84954438635,1825.89568884907,-3635.84954438635,0,0,0,0,0,0,0,NaN,NaN,NaN,NaN
C01_nominal_100rpm_10A,B0,baseline,baseline,686,0.0685,1250,833.333333333333,1826.25605460333,-3640.33543324712,1826.25605460333,-3640.33543324712,0,0,0,0,0,0,0,NaN,NaN,NaN,NaN
C01_nominal_100rpm_10A,B0,baseline,baseline,687,0.0686,1250,833.333333333333,1831.67065477536,-3643.63996009298,1831.67065477536,-3643.63996009298,0,0,0,0,0,0,0,NaN,NaN,NaN,NaN
C01_nominal_100rpm_10A,B0,baseline,baseline,688,0.0687,1250,833.333333333333,1839.45109352488,-3646.27995510201,1839.45109352488,-3646.27995510201,0,0,0,0,0,0,0,NaN,NaN,NaN,NaN
C01_nominal_100rpm_10A,B0,baseline,baseline,689,0.0688,1250,833.333333333333,1842.33978190238,-3646.35081215613,1842.33978190238,-3646.35081215613,0,0,0,0,0,0,0,NaN,NaN,NaN,NaN
C01_nominal_100rpm_10A,B0,baseline,baseline,690,0.0689,1250,833.333333333333,1845.96307684249,-3648.06602070546,1845.96307684249,-3648.06602070546,0,0,0,0,0,0,0,NaN,NaN,NaN,NaN
C01_nominal_100rpm_10A,B0,baseline,baseline,691,0.069,1250,833.333333333333,1851.77807509123,-3649.94274737098,1851.77807509123,-3649.94274737098,0,0,0,0,0,0,0,NaN,NaN,NaN,NaN
C01_nominal_100rpm_10A,B0,baseline,baseline,692,0.0691,1250,833.333333333333,1856.43918993035,-3648.10863059249,1856.43918993035,-3648.10863059249,0,0,0,0,0,0,0,NaN,NaN,NaN,NaN
C01_nominal_100rpm_10A,B0,baseline,baseline,693,0.0692,1250,833.333333333333,1856.90500906185,-3644.51455534251,1856.90500906185,-3644.51455534251,0,0,0,0,0,0,0,NaN,NaN,NaN,NaN
C01_nominal_100rpm_10A,B0,baseline,baseline,694,0.0693,1250,833.333333333333,1846.31021844078,-3634.15137617612,1846.31021844078,-3634.15137617612,0,0,0,0,0,0,0,NaN,NaN,NaN,NaN
C01_nominal_100rpm_10A,B0,baseline,baseline,695,0.0694,1250,833.333333333333,1837.91519622638,-3617.97672863162,1837.91519622638,-3617.97672863162,0,0,0,0,0,0,0,NaN,NaN,NaN,NaN
C01_nominal_100rpm_10A,B0,baseline,baseline,696,0.0695,1250,833.333333333333,1842.8771922621,-3605.37781489682,1842.8771922621,-3605.37781489682,0,0,0,0,0,0,0,NaN,NaN,NaN,NaN
C01_nominal_100rpm_10A,B0,baseline,baseline,697,0.0696,1250,833.333333333333,1852.83322611805,-3599.43427674656,1852.83322611805,-3599.43427674656,0,0,0,0,0,0,0,NaN,NaN,NaN,NaN
C01_nominal_100rpm_10A,B0,baseline,baseline,698,0.0697,1250,833.333333333333,1856.24862323755,-3603.34501535419,1856.24862323755,-3603.34501535419,0,0,0,0,0,0,0,NaN,NaN,NaN,NaN
C01_nominal_100rpm_10A,B0,baseline,baseline,699,0.0698,1250,833.333333333333,1845.57070187646,-3611.18522979895,1845.57070187646,-3611.18522979895,0,0,0,0,0,0,0,NaN,NaN,NaN,NaN
C01_nominal_100rpm_10A,B0,baseline,baseline,700,0.0699,1250,833.333333333333,1835.65668054807,-3612.16948411642,1835.65668054807,-3612.16948411642,0,0,0,0,0,0,0,NaN,NaN,NaN,NaN
C01_nominal_100rpm_10A,B0,baseline,baseline,701,0.07,1250,833.333333333333,1837.94748284911,-3608.1753039383,1837.94748284911,-3608.1753039383,0,0,0,0,0,0,0,NaN,NaN,NaN,NaN
C01_nominal_100rpm_10A,B0,baseline,baseline,702,0.0701,1250,833.333333333333,1842.78613329964,-3606.35468151963,1842.78613329964,-3606.35468151963,0,0,0,0,0,0,0,NaN,NaN,NaN,NaN
C01_nominal_100rpm_10A,B0,baseline,baseline,703,0.0702,1250,833.333333333333,1845.70418453252,-3612.12879452738,1845.70418453252,-3612.12879452738,0,0,0,0,0,0,0,NaN,NaN,NaN,NaN
C01_nominal_100rpm_10A,B0,baseline,baseline,704,0.0703,1250,833.333333333333,1845.14862400193,-3622.36622791982,1845.14862400193,-3622.36622791982,0,0,0,0,0,0,0,NaN,NaN,NaN,NaN
C01_nominal_100rpm_10A,B0,baseline,baseline,705,0.0704,1250,833.333333333333,1840.80894789712,-3629.65225568027,1840.80894789712,-3629.65225568027,0,0,0,0,0,0,0,NaN,NaN,NaN,NaN
C01_nominal_100rpm_10A,B0,baseline,baseline,706,0.0705,1250,833.333333333333,1835.52881703706,-3628.95588121767,1835.52881703706,-3628.95588121767,0,0,0,0,0,0,0,NaN,NaN,NaN,NaN
C01_nominal_100rpm_10A,B0,baseline,baseline,707,0.0706,1250,833.333333333333,1832.62777310832,-3621.18779475312,1832.62777310832,-3621.18779475312,0,0,0,0,0,0,0,NaN,NaN,NaN,NaN
C01_nominal_100rpm_10A,B0,baseline,baseline,708,0.0707,1250,833.333333333333,1832.80334836845,-3614.08076848145,1832.80334836845,-3614.08076848145,0,0,0,0,0,0,0,NaN,NaN,NaN,NaN
C01_nominal_100rpm_10A,B0,baseline,baseline,709,0.0708,1250,833.333333333333,1835.5740410911,-3608.70806849453,1835.5740410911,-3608.70806849453,0,0,0,0,0,0,0,NaN,NaN,NaN,NaN
C01_nominal_100rpm_10A,B0,baseline,baseline,710,0.0709,1250,833.333333333333,1841.41845495898,-3605.80794037966,1841.41845495898,-3605.80794037966,0,0,0,0,0,0,0,NaN,NaN,NaN,NaN
C01_nominal_100rpm_10A,B0,baseline,baseline,711,0.071,1250,833.333333333333,1842.47133013659,-3607.43343054306,1842.47133013659,-3607.43343054306,0,0,0,0,0,0,0,NaN,NaN,NaN,NaN
C01_nominal_100rpm_10A,B0,baseline,baseline,712,0.0711,1250,833.333333333333,1838.89266148601,-3607.93034396108,1838.89266148601,-3607.93034396108,0,0,0,0,0,0,0,NaN,NaN,NaN,NaN
C01_nominal_100rpm_10A,B0,baseline,baseline,713,0.0712,1250,833.333333333333,1839.56940651375,-3608.1218839102,1839.56940651375,-3608.1218839102,0,0,0,0,0,0,0,NaN,NaN,NaN,NaN
C01_nominal_100rpm_10A,B0,baseline,baseline,714,0.0713,1250,833.333333333333,1838.31065645948,-3611.40754711931,1838.31065645948,-3611.40754711931,0,0,0,0,0,0,0,NaN,NaN,NaN,NaN
C01_nominal_100rpm_10A,B0,baseline,baseline,715,0.0714,1250,833.333333333333,1833.89635757584,-3612.92670244498,1833.89635757584,-3612.92670244498,0,0,0,0,0,0,0,NaN,NaN,NaN,NaN
C01_nominal_100rpm_10A,B0,baseline,baseline,716,0.0715,1250,833.333333333333,1834.2488016617,-3613.92448885042,1834.2488016617,-3613.92448885042,0,0,0,0,0,0,0,NaN,NaN,NaN,NaN
C01_nominal_100rpm_10A,B0,baseline,baseline,717,0.0716,1250,833.333333333333,1837.75877194767,-3617.06109542036,1837.75877194767,-3617.06109542036,0,0,0,0,0,0,0,NaN,NaN,NaN,NaN
C01_nominal_100rpm_10A,B0,baseline,baseline,718,0.0717,1250,833.333333333333,1843.42602098286,-3619.56017546103,1843.42602098286,-3619.56017546103,0,0,0,0,0,0,0,NaN,NaN,NaN,NaN
C01_nominal_100rpm_10A,B0,baseline,baseline,719,0.0718,1250,833.333333333333,1848.85472072655,-3622.65744114534,1848.85472072655,-3622.65744114534,0,0,0,0,0,0,0,NaN,NaN,NaN,NaN
C01_nominal_100rpm_10A,B0,baseline,baseline,720,0.0719,1250,833.333333333333,1847.36624906285,-3625.27001509584,1847.36624906285,-3625.27001509584,0,0,0,0,0,0,0,NaN,NaN,NaN,NaN
C01_nominal_100rpm_10A,B0,baseline,baseline,721,0.072,1250,833.333333333333,1842.14864820138,-3624.46577616679,1842.14864820138,-3624.46577616679,0,0,0,0,0,0,0,NaN,NaN,NaN,NaN
C01_nominal_100rpm_10A,B0,baseline,baseline,722,0.0721,1250,833.333333333333,1839.75793522087,-3622.74797567551,1839.75793522087,-3622.74797567551,0,0,0,0,0,0,0,NaN,NaN,NaN,NaN
C01_nominal_100rpm_10A,B0,baseline,baseline,723,0.0722,1250,833.333333333333,1839.95191453781,-3622.0795191693,1839.95191453781,-3622.0795191693,0,0,0,0,0,0,0,NaN,NaN,NaN,NaN
C01_nominal_100rpm_10A,B0,baseline,baseline,724,0.0723,1250,833.333333333333,1840.25695838652,-3621.91490349722,1840.25695838652,-3621.91490349722,0,0,0,0,0,0,0,NaN,NaN,NaN,NaN
C01_nominal_100rpm_10A,B0,baseline,baseline,725,0.0724,1250,833.333333333333,1840.36583297315,-3621.74319346484,1840.36583297315,-3621.74319346484,0,0,0,0,0,0,0,NaN,NaN,NaN,NaN
C01_nominal_100rpm_10A,B0,baseline,baseline,726,0.0725,1250,833.333333333333,1840.47080636841,-3621.59165244736,1840.47080636841,-3621.59165244736,0,0,0,0,0,0,0,NaN,NaN,NaN,NaN
C01_nominal_100rpm_10A,B0,baseline,baseline,727,0.0726,1250,833.333333333333,1840.63862798052,-3621.49046802172,1840.63862798052,-3621.49046802172,0,0,0,0,0,0,0,NaN,NaN,NaN,NaN
C01_nominal_100rpm_10A,B0,baseline,baseline,728,0.0727,1250,833.333333333333,1840.84053972305,-3621.41328547401,1840.84053972305,-3621.41328547401,0,0,0,0,0,0,0,NaN,NaN,NaN,NaN
C01_nominal_100rpm_10A,B0,baseline,baseline,729,0.0728,1250,833.333333333333,1841.13364088985,-3621.36615499273,1841.13364088985,-3621.36615499273,0,0,0,0,0,0,0,NaN,NaN,NaN,NaN
C01_nominal_100rpm_10A,B0,baseline,baseline,730,0.0729,1250,833.333333333333,1841.50347070242,-3621.35507695304,1841.50347070242,-3621.35507695304,0,0,0,0,0,0,0,NaN,NaN,NaN,NaN
C01_nominal_100rpm_10A,B0,baseline,baseline,731,0.073,1250,833.333333333333,1841.97431969845,-3621.39766809426,1841.97431969845,-3621.39766809426,0,0,0,0,0,0,0,NaN,NaN,NaN,NaN
C01_nominal_100rpm_10A,B0,baseline,baseline,732,0.0731,1250,833.333333333333,1842.49918366131,-3621.47646449234,1842.49918366131,-3621.47646449234,0,0,0,0,0,0,0,NaN,NaN,NaN,NaN
C01_nominal_100rpm_10A,B0,baseline,baseline,733,0.0732,1250,833.333333333333,1843.11803340022,-3621.59568714121,1843.11803340022,-3621.59568714121,0,0,0,0,0,0,0,NaN,NaN,NaN,NaN
C01_nominal_100rpm_10A,B0,baseline,baseline,734,0.0733,1250,833.333333333333,1843.80750890114,-3621.74259012666,1843.80750890114,-3621.74259012666,0,0,0,0,0,0,0,NaN,NaN,NaN,NaN
C01_nominal_100rpm_10A,B0,baseline,baseline,735,0.0734,1250,833.333333333333,1844.60502678549,-3621.92713871532,1844.60502678549,-3621.92713871532,0,0,0,0,0,0,0,NaN,NaN,NaN,NaN
C01_nominal_100rpm_10A,B0,baseline,baseline,736,0.0735,1250,833.333333333333,1845.48295643359,-3622.1347328722,1845.48295643359,-3622.1347328722,0,0,0,0,0,0,0,NaN,NaN,NaN,NaN
C01_nominal_100rpm_10A,B0,baseline,baseline,737,0.0736,1250,833.333333333333,1846.47732540524,-3622.37551751106,1846.47732540524,-3622.37551751106,0,0,0,0,0,0,0,NaN,NaN,NaN,NaN
C01_nominal_100rpm_10A,B0,baseline,baseline,738,0.0737,1250,833.333333333333,1846.89806522431,-3621.42953584004,1846.89806522431,-3621.42953584004,0,0,0,0,0,0,0,NaN,NaN,NaN,NaN
C01_nominal_100rpm_10A,B0,baseline,baseline,739,0.0738,1250,833.333333333333,1845.87187578541,-3617.64556198389,1845.87187578541,-3617.64556198389,0,0,0,0,0,0,0,NaN,NaN,NaN,NaN
C01_nominal_100rpm_10A,B0,baseline,baseline,740,0.0739,1250,833.333333333333,1844.35539616387,-3612.86515521932,1844.35539616387,-3612.86515521932,0,0,0,0,0,0,0,NaN,NaN,NaN,NaN
C01_nominal_100rpm_10A,B0,baseline,baseline,741,0.074,1250,833.333333333333,1844.07646567118,-3610.96772587532,1844.07646567118,-3610.96772587532,0,0,0,0,0,0,0,NaN,NaN,NaN,NaN
C01_nominal_100rpm_10A,B0,baseline,baseline,742,0.0741,1250,833.333333333333,1844.97071086338,-3612.55231214717,1844.97071086338,-3612.55231214717,0,0,0,0,0,0,0,NaN,NaN,NaN,NaN
C01_nominal_100rpm_10A,B0,baseline,baseline,743,0.0742,1250,833.333333333333,1846.10790902814,-3614.79617010594,1846.10790902814,-3614.79617010594,0,0,0,0,0,0,0,NaN,NaN,NaN,NaN
C01_nominal_100rpm_10A,B0,baseline,baseline,744,0.0743,1250,833.333333333333,1846.94243663625,-3615.26313926722,1846.94243663625,-3615.26313926722,0,0,0,0,0,0,0,NaN,NaN,NaN,NaN
C01_nominal_100rpm_10A,B0,baseline,baseline,745,0.0744,1250,833.333333333333,1847.41168068627,-3615.05245826839,1847.41168068627,-3615.05245826839,0,0,0,0,0,0,0,NaN,NaN,NaN,NaN
C01_nominal_100rpm_10A,B0,baseline,baseline,746,0.0745,1250,833.333333333333,1847.22976384724,-3616.28087789845,1847.22976384724,-3616.28087789845,0,0,0,0,0,0,0,NaN,NaN,NaN,NaN
C01_nominal_100rpm_10A,B0,baseline,baseline,747,0.0746,1250,833.333333333333,1846.50401800735,-3618.14642186904,1846.50401800735,-3618.14642186904,0,0,0,0,0,0,0,NaN,NaN,NaN,NaN
C01_nominal_100rpm_10A,B0,baseline,baseline,748,0.0747,1250,833.333333333333,1845.99985760868,-3617.7257164206,1845.99985760868,-3617.7257164206,0,0,0,0,0,0,0,NaN,NaN,NaN,NaN
C01_nominal_100rpm_10A,B0,baseline,baseline,749,0.0748,1250,833.333333333333,1847.11706574375,-3614.2891032099,1847.11706574375,-3614.2891032099,0,0,0,0,0,0,0,NaN,NaN,NaN,NaN
C01_nominal_100rpm_10A,B0,baseline,baseline,750,0.0749,1250,833.333333333333,1850.48666807739,-3610.17938881793,1850.48666807739,-3610.17938881793,0,0,0,0,0,0,0,NaN,NaN,NaN,NaN
C01_nominal_100rpm_10A,B0,baseline,baseline,751,0.075,1250,833.333333333333,1854.09094848872,-3606.87519998295,1854.09094848872,-3606.87519998295,0,0,0,0,0,0,0,NaN,NaN,NaN,NaN
C01_nominal_100rpm_10A,B0,baseline,baseline,752,0.0751,1250,833.333333333333,1856.1225314637,-3604.19966261966,1856.1225314637,-3604.19966261966,0,0,0,0,0,0,0,NaN,NaN,NaN,NaN
C01_nominal_100rpm_10A,B0,baseline,baseline,753,0.0752,1250,833.333333333333,1857.19447781529,-3602.20689043421,1857.19447781529,-3602.20689043421,0,0,0,0,0,0,0,NaN,NaN,NaN,NaN
C01_nominal_100rpm_10A,B0,baseline,baseline,754,0.0753,1250,833.333333333333,1858.0574783223,-3600.97060458382,1858.0574783223,-3600.97060458382,0,0,0,0,0,0,0,NaN,NaN,NaN,NaN
C01_nominal_100rpm_10A,B0,baseline,baseline,755,0.0754,1250,833.333333333333,1859.04653213215,-3600.53632873724,1859.04653213215,-3600.53632873724,0,0,0,0,0,0,0,NaN,NaN,NaN,NaN
C01_nominal_100rpm_10A,B0,baseline,baseline,756,0.0755,1250,833.333333333333,1860.15306036675,-3600.89584832992,1860.15306036675,-3600.89584832992,0,0,0,0,0,0,0,NaN,NaN,NaN,NaN
C01_nominal_100rpm_10A,B0,baseline,baseline,757,0.0756,1250,833.333333333333,1860.66238627433,-3601.94313830209,1860.66238627433,-3601.94313830209,0,0,0,0,0,0,0,NaN,NaN,NaN,NaN
C01_nominal_100rpm_10A,B0,baseline,baseline,758,0.0757,1250,833.333333333333,1859.8796175893,-3603.54930433532,1859.8796175893,-3603.54930433532,0,0,0,0,0,0,0,NaN,NaN,NaN,NaN
C01_nominal_100rpm_10A,B0,baseline,baseline,759,0.0758,1250,833.333333333333,1857.63969319321,-3605.66713606342,1857.63969319321,-3605.66713606342,0,0,0,0,0,0,0,NaN,NaN,NaN,NaN
C01_nominal_100rpm_10A,B0,baseline,baseline,760,0.0759,1250,833.333333333333,1854.02076982932,-3608.27850659699,1854.02076982932,-3608.27850659699,0,0,0,0,0,0,0,NaN,NaN,NaN,NaN
C01_nominal_100rpm_10A,B0,baseline,baseline,761,0.076,1250,833.333333333333,1849.36238642141,-3611.42440943806,1849.36238642141,-3611.42440943806,0,0,0,0,0,0,0,NaN,NaN,NaN,NaN
C01_nominal_100rpm_10A,B0,baseline,baseline,762,0.0761,1250,833.333333333333,1843.91224674612,-3615.123821781,1843.91224674612,-3615.123821781,0,0,0,0,0,0,0,NaN,NaN,NaN,NaN
C01_nominal_100rpm_10A,B0,baseline,baseline,763,0.0762,1250,833.333333333333,1837.67972432192,-3619.37024858492,1837.67972432192,-3619.37024858492,0,0,0,0,0,0,0,NaN,NaN,NaN,NaN
C01_nominal_100rpm_10A,B0,baseline,baseline,764,0.0763,1250,833.333333333333,1830.6783708314,-3624.14691872314,1830.6783708314,-3624.14691872314,0,0,0,0,0,0,0,NaN,NaN,NaN,NaN
C01_nominal_100rpm_10A,B0,baseline,baseline,765,0.0764,1250,833.333333333333,1824.54728848473,-3629.86699577462,1824.54728848473,-3629.86699577462,0,0,0,0,0,0,0,NaN,NaN,NaN,NaN
C01_nominal_100rpm_10A,B0,baseline,baseline,766,0.0765,1250,833.333333333333,1825.88721946925,-3635.42472356304,1825.88721946925,-3635.42472356304,0,0,0,0,0,0,0,NaN,NaN,NaN,NaN
C01_nominal_100rpm_10A,B0,baseline,baseline,767,0.0766,1250,833.333333333333,1836.8036455485,-3637.5334942482,1836.8036455485,-3637.5334942482,0,0,0,0,0,0,0,NaN,NaN,NaN,NaN
C01_nominal_100rpm_10A,B0,baseline,baseline,768,0.0767,1250,833.333333333333,1847.80088505322,-3635.28199682435,1847.80088505322,-3635.28199682435,0,0,0,0,0,0,0,NaN,NaN,NaN,NaN
C01_nominal_100rpm_10A,B0,baseline,baseline,769,0.0768,1250,833.333333333333,1849.47875100314,-3631.45133052363,1849.47875100314,-3631.45133052363,0,0,0,0,0,0,0,NaN,NaN,NaN,NaN
C01_nominal_100rpm_10A,B0,baseline,baseline,770,0.0769,1250,833.333333333333,1842.82967575912,-3628.81757103664,1842.82967575912,-3628.81757103664,0,0,0,0,0,0,0,NaN,NaN,NaN,NaN
C01_nominal_100rpm_10A,B0,baseline,baseline,771,0.077,1250,833.333333333333,1837.77021666127,-3627.71614629181,1837.77021666127,-3627.71614629181,0,0,0,0,0,0,0,NaN,NaN,NaN,NaN
C01_nominal_100rpm_10A,B0,baseline,baseline,772,0.0771,1250,833.333333333333,1839.05345236552,-3626.84383337007,1839.05345236552,-3626.84383337007,0,0,0,0,0,0,0,NaN,NaN,NaN,NaN
C01_nominal_100rpm_10A,B0,baseline,baseline,773,0.0772,1250,833.333333333333,1840.19427238095,-3626.6932431674,1840.19427238095,-3626.6932431674,0,0,0,0,0,0,0,NaN,NaN,NaN,NaN
C01_nominal_100rpm_10A,B0,baseline,baseline,774,0.0773,1250,833.333333333333,1838.80507032259,-3628.7586631621,1838.80507032259,-3628.7586631621,0,0,0,0,0,0,0,NaN,NaN,NaN,NaN
C01_nominal_100rpm_10A,B0,baseline,baseline,775,0.0774,1250,833.333333333333,1838.67161525923,-3628.37126060862,1838.67161525923,-3628.37126060862,0,0,0,0,0,0,0,NaN,NaN,NaN,NaN
C01_nominal_100rpm_10A,B0,baseline,baseline,776,0.0775,1250,833.333333333333,1845.61453651424,-3621.43286141935,1845.61453651424,-3621.43286141935,0,0,0,0,0,0,0,NaN,NaN,NaN,NaN
C01_nominal_100rpm_10A,B0,baseline,baseline,777,0.0776,1250,833.333333333333,1856.11466246145,-3611.63711554272,1856.11466246145,-3611.63711554272,0,0,0,0,0,0,0,NaN,NaN,NaN,NaN
C01_nominal_100rpm_10A,B0,baseline,baseline,778,0.0777,1250,833.333333333333,1858.34295261619,-3606.24825755144,1858.34295261619,-3606.24825755144,0,0,0,0,0,0,0,NaN,NaN,NaN,NaN
C01_nominal_100rpm_10A,B0,baseline,baseline,779,0.0778,1250,833.333333333333,1853.94453207943,-3609.99097231656,1853.94453207943,-3609.99097231656,0,0,0,0,0,0,0,NaN,NaN,NaN,NaN
C01_nominal_100rpm_10A,B0,baseline,baseline,780,0.0779,1250,833.333333333333,1849.28554952847,-3614.41079978163,1849.28554952847,-3614.41079978163,0,0,0,0,0,0,0,NaN,NaN,NaN,NaN
C01_nominal_100rpm_10A,B0,baseline,baseline,781,0.078,1250,833.333333333333,1849.79337426611,-3611.20323351216,1849.79337426611,-3611.20323351216,0,0,0,0,0,0,0,NaN,NaN,NaN,NaN
C01_nominal_100rpm_10A,B0,baseline,baseline,782,0.0781,1250,833.333333333333,1855.81925294575,-3604.90318517757,1855.81925294575,-3604.90318517757,0,0,0,0,0,0,0,NaN,NaN,NaN,NaN
C01_nominal_100rpm_10A,B0,baseline,baseline,783,0.0782,1250,833.333333333333,1856.79151828095,-3602.9131648197,1856.79151828095,-3602.9131648197,0,0,0,0,0,0,0,NaN,NaN,NaN,NaN
C01_nominal_100rpm_10A,B0,baseline,baseline,784,0.0783,1250,833.333333333333,1852.6324264837,-3609.65798878986,1852.6324264837,-3609.65798878986,0,0,0,0,0,0,0,NaN,NaN,NaN,NaN
C01_nominal_100rpm_10A,B0,baseline,baseline,785,0.0784,1250,833.333333333333,1848.39268317317,-3616.83335434948,1848.39268317317,-3616.83335434948,0,0,0,0,0,0,0,NaN,NaN,NaN,NaN
C01_nominal_100rpm_10A,B0,baseline,baseline,786,0.0785,1250,833.333333333333,1848.52076324327,-3616.34553775763,1848.52076324327,-3616.34553775763,0,0,0,0,0,0,0,NaN,NaN,NaN,NaN
C01_nominal_100rpm_10A,B0,baseline,baseline,787,0.0786,1250,833.333333333333,1852.06329648395,-3612.69196187324,1852.06329648395,-3612.69196187324,0,0,0,0,0,0,0,NaN,NaN,NaN,NaN
C01_nominal_100rpm_10A,B0,baseline,baseline,788,0.0787,1250,833.333333333333,1849.5859948468,-3608.02755767783,1849.5859948468,-3608.02755767783,0,0,0,0,0,0,0,NaN,NaN,NaN,NaN
C01_nominal_100rpm_10A,B0,baseline,baseline,789,0.0788,1250,833.333333333333,1845.70777934571,-3604.53046611894,1845.70777934571,-3604.53046611894,0,0,0,0,0,0,0,NaN,NaN,NaN,NaN
C01_nominal_100rpm_10A,B0,baseline,baseline,790,0.0789,1250,833.333333333333,1844.77047049311,-3604.1416597327,1844.77047049311,-3604.1416597327,0,0,0,0,0,0,0,NaN,NaN,NaN,NaN
C01_nominal_100rpm_10A,B0,baseline,baseline,791,0.079,1250,833.333333333333,1844.01426612852,-3602.22479684914,1844.01426612852,-3602.22479684914,0,0,0,0,0,0,0,NaN,NaN,NaN,NaN
C01_nominal_100rpm_10A,B0,baseline,baseline,792,0.0791,1250,833.333333333333,1846.60471480207,-3600.50979561363,1846.60471480207,-3600.50979561363,0,0,0,0,0,0,0,NaN,NaN,NaN,NaN
C01_nominal_100rpm_10A,B0,baseline,baseline,793,0.0792,1250,833.333333333333,1846.84904038557,-3602.51457593171,1846.84904038557,-3602.51457593171,0,0,0,0,0,0,0,NaN,NaN,NaN,NaN
C01_nominal_100rpm_10A,B0,baseline,baseline,794,0.0793,1250,833.333333333333,1843.08105506074,-3603.21608877915,1843.08105506074,-3603.21608877915,0,0,0,0,0,0,0,NaN,NaN,NaN,NaN
C01_nominal_100rpm_10A,B0,baseline,baseline,795,0.0794,1250,833.333333333333,1843.42123968567,-3603.58626479535,1843.42123968567,-3603.58626479535,0,0,0,0,0,0,0,NaN,NaN,NaN,NaN
C01_nominal_100rpm_10A,B0,baseline,baseline,796,0.0795,1250,833.333333333333,1842.17419725725,-3607.06646332535,1842.17419725725,-3607.06646332535,0,0,0,0,0,0,0,NaN,NaN,NaN,NaN
C01_nominal_100rpm_10A,B0,baseline,baseline,797,0.0796,1250,833.333333333333,1837.60161778132,-3608.74813032985,1837.60161778132,-3608.74813032985,0,0,0,0,0,0,0,NaN,NaN,NaN,NaN
C01_nominal_100rpm_10A,B0,baseline,baseline,798,0.0797,1250,833.333333333333,1837.59908745015,-3609.88251033399,1837.59908745015,-3609.88251033399,0,0,0,0,0,0,0,NaN,NaN,NaN,NaN
C01_nominal_100rpm_10A,B0,baseline,baseline,799,0.0798,1250,833.333333333333,1835.86305478402,-3613.83771328229,1835.86305478402,-3613.83771328229,0,0,0,0,0,0,0,NaN,NaN,NaN,NaN
C01_nominal_100rpm_10A,B0,baseline,baseline,800,0.0799,1250,833.333333333333,1831.25599624885,-3615.80464264781,1831.25599624885,-3615.80464264781,0,0,0,0,0,0,0,NaN,NaN,NaN,NaN
C01_nominal_100rpm_10A,B0,baseline,baseline,801,0.08,1250,833.333333333333,1831.88143668477,-3612.97492835953,1831.88143668477,-3612.97492835953,0,0,0,0,0,0,0,NaN,NaN,NaN,NaN
C01_nominal_100rpm_10A,B0,baseline,baseline,802,0.0801,1250,833.333333333333,1836.17056507936,-3607.23043181945,1836.17056507936,-3607.23043181945,0,0,0,0,0,0,0,NaN,NaN,NaN,NaN
C01_nominal_100rpm_10A,B0,baseline,baseline,803,0.0802,1250,833.333333333333,1840.98443893173,-3603.35469128877,1840.98443893173,-3603.35469128877,0,0,0,0,0,0,0,NaN,NaN,NaN,NaN
C01_nominal_100rpm_10A,B0,baseline,baseline,804,0.0803,1250,833.333333333333,1842.45155314154,-3605.14139731346,1842.45155314154,-3605.14139731346,0,0,0,0,0,0,0,NaN,NaN,NaN,NaN
C01_nominal_100rpm_10A,B0,baseline,baseline,805,0.0804,1250,833.333333333333,1839.56807501391,-3608.14812874189,1839.56807501391,-3608.14812874189,0,0,0,0,0,0,0,NaN,NaN,NaN,NaN
C01_nominal_100rpm_10A,B0,baseline,baseline,806,0.0805,1250,833.333333333333,1838.83479132666,-3607.09285706846,1838.83479132666,-3607.09285706846,0,0,0,0,0,0,0,NaN,NaN,NaN,NaN
C01_nominal_100rpm_10A,B0,baseline,baseline,807,0.0806,1250,833.333333333333,1839.96009958722,-3605.46226757827,1839.96009958722,-3605.46226757827,0,0,0,0,0,0,0,NaN,NaN,NaN,NaN
C01_nominal_100rpm_10A,B0,baseline,baseline,808,0.0807,1250,833.333333333333,1837.28942574723,-3608.18321394687,1837.28942574723,-3608.18321394687,0,0,0,0,0,0,0,NaN,NaN,NaN,NaN
C01_nominal_100rpm_10A,B0,baseline,baseline,809,0.0808,1250,833.333333333333,1833.01969355813,-3611.76672482497,1833.01969355813,-3611.76672482497,0,0,0,0,0,0,0,NaN,NaN,NaN,NaN
C01_nominal_100rpm_10A,B0,baseline,baseline,810,0.0809,1250,833.333333333333,1834.48497839342,-3607.17716900706,1834.48497839342,-3607.17716900706,0,0,0,0,0,0,0,NaN,NaN,NaN,NaN
C01_nominal_100rpm_10A,B0,baseline,baseline,811,0.081,1250,833.333333333333,1843.86797548072,-3596.41921799654,1843.86797548072,-3596.41921799654,0,0,0,0,0,0,0,NaN,NaN,NaN,NaN
C01_nominal_100rpm_10A,B0,baseline,baseline,812,0.0811,1250,833.333333333333,1854.19473173967,-3592.89312256815,1854.19473173967,-3592.89312256815,0,0,0,0,0,0,0,NaN,NaN,NaN,NaN
C01_nominal_100rpm_10A,B0,baseline,baseline,813,0.0812,1250,833.333333333333,1858.94318914766,-3599.13490413252,1858.94318914766,-3599.13490413252,0,0,0,0,0,0,0,NaN,NaN,NaN,NaN
C01_nominal_100rpm_10A,B0,baseline,baseline,814,0.0813,1250,833.333333333333,1861.43792982075,-3606.19718751289,1861.43792982075,-3606.19718751289,0,0,0,0,0,0,0,NaN,NaN,NaN,NaN
C01_nominal_100rpm_10A,B0,baseline,baseline,815,0.0814,1250,833.333333333333,1864.94521727237,-3605.16506993247,1864.94521727237,-3605.16506993247,0,0,0,0,0,0,0,NaN,NaN,NaN,NaN
C01_nominal_100rpm_10A,B0,baseline,baseline,816,0.0815,1250,833.333333333333,1864.66884493001,-3597.59913749797,1864.66884493001,-3597.59913749797,0,0,0,0,0,0,0,NaN,NaN,NaN,NaN
C01_nominal_100rpm_10A,B0,baseline,baseline,817,0.0816,1250,833.333333333333,1859.67263142164,-3595.36850025587,1859.67263142164,-3595.36850025587,0,0,0,0,0,0,0,NaN,NaN,NaN,NaN
C01_nominal_100rpm_10A,B0,baseline,baseline,818,0.0817,1250,833.333333333333,1857.33441173751,-3600.87347513354,1857.33441173751,-3600.87347513354,0,0,0,0,0,0,0,NaN,NaN,NaN,NaN
C01_nominal_100rpm_10A,B0,baseline,baseline,819,0.0818,1250,833.333333333333,1860.80974220758,-3606.91316770855,1860.80974220758,-3606.91316770855,0,0,0,0,0,0,0,NaN,NaN,NaN,NaN
C01_nominal_100rpm_10A,B0,baseline,baseline,820,0.0819,1250,833.333333333333,1867.23139481746,-3606.44361804085,1867.23139481746,-3606.44361804085,0,0,0,0,0,0,0,NaN,NaN,NaN,NaN
C01_nominal_100rpm_10A,B0,baseline,baseline,821,0.082,1250,833.333333333333,1871.62086783786,-3597.50294481162,1871.62086783786,-3597.50294481162,0,0,0,0,0,0,0,NaN,NaN,NaN,NaN
C01_nominal_100rpm_10A,B0,baseline,baseline,822,0.0821,1250,833.333333333333,1867.58526217083,-3589.10848756413,1867.58526217083,-3589.10848756413,0,0,0,0,0,0,0,NaN,NaN,NaN,NaN
C01_nominal_100rpm_10A,B0,baseline,baseline,823,0.0822,1250,833.333333333333,1859.03547280357,-3590.1840573476,1859.03547280357,-3590.1840573476,0,0,0,0,0,0,0,NaN,NaN,NaN,NaN
C01_nominal_100rpm_10A,B0,baseline,baseline,824,0.0823,1250,833.333333333333,1852.00260727169,-3598.69983319152,1852.00260727169,-3598.69983319152,0,0,0,0,0,0,0,NaN,NaN,NaN,NaN
C01_nominal_100rpm_10A,B0,baseline,baseline,825,0.0824,1250,833.333333333333,1847.06177996126,-3607.79844386075,1847.06177996126,-3607.79844386075,0,0,0,0,0,0,0,NaN,NaN,NaN,NaN
C01_nominal_100rpm_10A,B0,baseline,baseline,826,0.0825,1250,833.333333333333,1849.56533831497,-3610.96569978895,1849.56533831497,-3610.96569978895,0,0,0,0,0,0,0,NaN,NaN,NaN,NaN
C01_nominal_100rpm_10A,B0,baseline,baseline,827,0.0826,1250,833.333333333333,1858.50945939701,-3606.32354898871,1858.50945939701,-3606.32354898871,0,0,0,0,0,0,0,NaN,NaN,NaN,NaN
C01_nominal_100rpm_10A,B0,baseline,baseline,828,0.0827,1250,833.333333333333,1867.87044774,-3598.81766623895,1867.87044774,-3598.81766623895,0,0,0,0,0,0,0,NaN,NaN,NaN,NaN
C01_nominal_100rpm_10A,B0,baseline,baseline,829,0.0828,1250,833.333333333333,1875.07077507018,-3591.97601591053,1875.07077507018,-3591.97601591053,0,0,0,0,0,0,0,NaN,NaN,NaN,NaN
C01_nominal_100rpm_10A,B0,baseline,baseline,830,0.0829,1250,833.333333333333,1875.85871713544,-3585.52495045378,1875.85871713544,-3585.52495045378,0,0,0,0,0,0,0,NaN,NaN,NaN,NaN
C01_nominal_100rpm_10A,B0,baseline,baseline,831,0.083,1250,833.333333333333,1872.35599014993,-3579.55071016437,1872.35599014993,-3579.55071016437,0,0,0,0,0,0,0,NaN,NaN,NaN,NaN
C01_nominal_100rpm_10A,B0,baseline,baseline,832,0.0831,1250,833.333333333333,1869.18314816377,-3574.29102739219,1869.18314816377,-3574.29102739219,0,0,0,0,0,0,0,NaN,NaN,NaN,NaN
C01_nominal_100rpm_10A,B0,baseline,baseline,833,0.0832,1250,833.333333333333,1866.23431851163,-3569.7438908621,1866.23431851163,-3569.7438908621,0,0,0,0,0,0,0,NaN,NaN,NaN,NaN
C01_nominal_100rpm_10A,B0,baseline,baseline,834,0.0833,1250,833.333333333333,1859.86889310161,-3569.32526735487,1859.86889310161,-3569.32526735487,0,0,0,0,0,0,0,NaN,NaN,NaN,NaN
C01_nominal_100rpm_10A,B0,baseline,baseline,835,0.0834,1250,833.333333333333,1849.50127641719,-3578.27811821806,1849.50127641719,-3578.27811821806,0,0,0,0,0,0,0,NaN,NaN,NaN,NaN
C01_nominal_100rpm_10A,B0,baseline,baseline,836,0.0835,1250,833.333333333333,1838.52950264852,-3594.84978792384,1838.52950264852,-3594.84978792384,0,0,0,0,0,0,0,NaN,NaN,NaN,NaN
C01_nominal_100rpm_10A,B0,baseline,baseline,837,0.0836,1250,833.333333333333,1829.6796771455,-3612.21214720082,1829.6796771455,-3612.21214720082,0,0,0,0,0,0,0,NaN,NaN,NaN,NaN
C01_nominal_100rpm_10A,B0,baseline,baseline,838,0.0837,1250,833.333333333333,1825.97711166238,-3623.63949393617,1825.97711166238,-3623.63949393617,0,0,0,0,0,0,0,NaN,NaN,NaN,NaN
C01_nominal_100rpm_10A,B0,baseline,baseline,839,0.0838,1250,833.333333333333,1825.46571712535,-3626.90401649391,1825.46571712535,-3626.90401649391,0,0,0,0,0,0,0,NaN,NaN,NaN,NaN
C01_nominal_100rpm_10A,B0,baseline,baseline,840,0.0839,1250,833.333333333333,1824.78453093934,-3627.03141800948,1824.78453093934,-3627.03141800948,0,0,0,0,0,0,0,NaN,NaN,NaN,NaN
C01_nominal_100rpm_10A,B0,baseline,baseline,841,0.084,1250,833.333333333333,1824.04145047951,-3627.90600248816,1824.04145047951,-3627.90600248816,0,0,0,0,0,0,0,NaN,NaN,NaN,NaN
C01_nominal_100rpm_10A,B0,baseline,baseline,842,0.0841,1250,833.333333333333,1822.52866782244,-3629.41065923995,1822.52866782244,-3629.41065923995,0,0,0,0,0,0,0,NaN,NaN,NaN,NaN
C01_nominal_100rpm_10A,B0,baseline,baseline,843,0.0842,1250,833.333333333333,1820.46633157425,-3631.58644408683,1820.46633157425,-3631.58644408683,0,0,0,0,0,0,0,NaN,NaN,NaN,NaN
C01_nominal_100rpm_10A,B0,baseline,baseline,844,0.0843,1250,833.333333333333,1823.36532058049,-3635.59639294009,1823.36532058049,-3635.59639294009,0,0,0,0,0,0,0,NaN,NaN,NaN,NaN
C01_nominal_100rpm_10A,B0,baseline,baseline,845,0.0844,1250,833.333333333333,1833.1367289103,-3639.3820567924,1833.1367289103,-3639.3820567924,0,0,0,0,0,0,0,NaN,NaN,NaN,NaN
C01_nominal_100rpm_10A,B0,baseline,baseline,846,0.0845,1250,833.333333333333,1846.10367861495,-3638.81691170208,1846.10367861495,-3638.81691170208,0,0,0,0,0,0,0,NaN,NaN,NaN,NaN
C01_nominal_100rpm_10A,B0,baseline,baseline,847,0.0846,1250,833.333333333333,1855.23981849806,-3633.74483647553,1855.23981849806,-3633.74483647553,0,0,0,0,0,0,0,NaN,NaN,NaN,NaN
C01_nominal_100rpm_10A,B0,baseline,baseline,848,0.0847,1250,833.333333333333,1853.23523008823,-3627.13785061392,1853.23523008823,-3627.13785061392,0,0,0,0,0,0,0,NaN,NaN,NaN,NaN
C01_nominal_100rpm_10A,B0,baseline,baseline,849,0.0848,1250,833.333333333333,1842.97518216149,-3624.12745354549,1842.97518216149,-3624.12745354549,0,0,0,0,0,0,0,NaN,NaN,NaN,NaN
C01_nominal_100rpm_10A,B0,baseline,baseline,850,0.0849,1250,833.333333333333,1831.99762205851,-3627.65958618669,1831.99762205851,-3627.65958618669,0,0,0,0,0,0,0,NaN,NaN,NaN,NaN
C01_nominal_100rpm_10A,B0,baseline,baseline,851,0.085,1250,833.333333333333,1829.65195000469,-3633.80334753543,1829.65195000469,-3633.80334753543,0,0,0,0,0,0,0,NaN,NaN,NaN,NaN
C01_nominal_100rpm_10A,B0,baseline,baseline,852,0.0851,1250,833.333333333333,1839.07706582809,-3636.90198674228,1839.07706582809,-3636.90198674228,0,0,0,0,0,0,0,NaN,NaN,NaN,NaN
C01_nominal_100rpm_10A,B0,baseline,baseline,853,0.0852,1250,833.333333333333,1848.6797222543,-3635.4593571667,1848.6797222543,-3635.4593571667,0,0,0,0,0,0,0,NaN,NaN,NaN,NaN
C01_nominal_100rpm_10A,B0,baseline,baseline,854,0.0853,1250,833.333333333333,1849.21435329169,-3632.34145461378,1849.21435329169,-3632.34145461378,0,0,0,0,0,0,0,NaN,NaN,NaN,NaN
C01_nominal_100rpm_10A,B0,baseline,baseline,855,0.0854,1250,833.333333333333,1842.21996973164,-3630.44306695237,1842.21996973164,-3630.44306695237,0,0,0,0,0,0,0,NaN,NaN,NaN,NaN
C01_nominal_100rpm_10A,B0,baseline,baseline,856,0.0855,1250,833.333333333333,1837.6214828929,-3629.95630807904,1837.6214828929,-3629.95630807904,0,0,0,0,0,0,0,NaN,NaN,NaN,NaN
C01_nominal_100rpm_10A,B0,baseline,baseline,857,0.0856,1250,833.333333333333,1839.31147010774,-3629.38140397731,1839.31147010774,-3629.38140397731,0,0,0,0,0,0,0,NaN,NaN,NaN,NaN
C01_nominal_100rpm_10A,B0,baseline,baseline,858,0.0857,1250,833.333333333333,1842.01625903437,-3629.98170756422,1842.01625903437,-3629.98170756422,0,0,0,0,0,0,0,NaN,NaN,NaN,NaN
C01_nominal_100rpm_10A,B0,baseline,baseline,859,0.0858,1250,833.333333333333,1841.58981883555,-3633.639014279,1841.58981883555,-3633.639014279,0,0,0,0,0,0,0,NaN,NaN,NaN,NaN
C01_nominal_100rpm_10A,B0,baseline,baseline,860,0.0859,1250,833.333333333333,1838.17960386606,-3638.07551450636,1838.17960386606,-3638.07551450636,0,0,0,0,0,0,0,NaN,NaN,NaN,NaN
C01_nominal_100rpm_10A,B0,baseline,baseline,861,0.086,1250,833.333333333333,1833.60819801567,-3640.21902630833,1833.60819801567,-3640.21902630833,0,0,0,0,0,0,0,NaN,NaN,NaN,NaN
C01_nominal_100rpm_10A,B0,baseline,baseline,862,0.0861,1250,833.333333333333,1826.96554800494,-3634.40645968623,1826.96554800494,-3634.40645968623,0,0,0,0,0,0,0,NaN,NaN,NaN,NaN
C01_nominal_100rpm_10A,B0,baseline,baseline,863,0.0862,1250,833.333333333333,1825.74994658783,-3620.37890093892,1825.74994658783,-3620.37890093892,0,0,0,0,0,0,0,NaN,NaN,NaN,NaN
C01_nominal_100rpm_10A,B0,baseline,baseline,864,0.0863,1250,833.333333333333,1835.95265928517,-3606.74210560489,1835.95265928517,-3606.74210560489,0,0,0,0,0,0,0,NaN,NaN,NaN,NaN
C01_nominal_100rpm_10A,B0,baseline,baseline,865,0.0864,1250,833.333333333333,1849.71627438334,-3599.60745840878,1849.71627438334,-3599.60745840878,0,0,0,0,0,0,0,NaN,NaN,NaN,NaN
C01_nominal_100rpm_10A,B0,baseline,baseline,866,0.0865,1250,833.333333333333,1854.72532275529,-3603.62396308053,1854.72532275529,-3603.62396308053,0,0,0,0,0,0,0,NaN,NaN,NaN,NaN
C01_nominal_100rpm_10A,B0,baseline,baseline,867,0.0866,1250,833.333333333333,1844.04540288098,-3612.25591804144,1844.04540288098,-3612.25591804144,0,0,0,0,0,0,0,NaN,NaN,NaN,NaN
C01_nominal_100rpm_10A,B0,baseline,baseline,868,0.0867,1250,833.333333333333,1833.65326002758,-3614.00188543247,1833.65326002758,-3614.00188543247,0,0,0,0,0,0,0,NaN,NaN,NaN,NaN
C01_nominal_100rpm_10A,B0,baseline,baseline,869,0.0868,1250,833.333333333333,1835.33231247758,-3610.67150025164,1835.33231247758,-3610.67150025164,0,0,0,0,0,0,0,NaN,NaN,NaN,NaN
C01_nominal_100rpm_10A,B0,baseline,baseline,870,0.0869,1250,833.333333333333,1836.93814169298,-3608.19336788017,1836.93814169298,-3608.19336788017,0,0,0,0,0,0,0,NaN,NaN,NaN,NaN
C01_nominal_100rpm_10A,B0,baseline,baseline,871,0.087,1250,833.333333333333,1832.93887543268,-3609.91642859431,1832.93887543268,-3609.91642859431,0,0,0,0,0,0,0,NaN,NaN,NaN,NaN
C01_nominal_100rpm_10A,B0,baseline,baseline,872,0.0871,1250,833.333333333333,1827.76252707066,-3613.63405525535,1827.76252707066,-3613.63405525535,0,0,0,0,0,0,0,NaN,NaN,NaN,NaN
C01_nominal_100rpm_10A,B0,baseline,baseline,873,0.0872,1250,833.333333333333,1826.26032804918,-3616.03461244761,1826.26032804918,-3616.03461244761,0,0,0,0,0,0,0,NaN,NaN,NaN,NaN
C01_nominal_100rpm_10A,B0,baseline,baseline,874,0.0873,1250,833.333333333333,1829.77696750936,-3615.47353117597,1829.77696750936,-3615.47353117597,0,0,0,0,0,0,0,NaN,NaN,NaN,NaN
C01_nominal_100rpm_10A,B0,baseline,baseline,875,0.0874,1250,833.333333333333,1835.24314706299,-3612.74646107674,1835.24314706299,-3612.74646107674,0,0,0,0,0,0,0,NaN,NaN,NaN,NaN
C01_nominal_100rpm_10A,B0,baseline,baseline,876,0.0875,1250,833.333333333333,1836.8496973221,-3611.66863892965,1836.8496973221,-3611.66863892965,0,0,0,0,0,0,0,NaN,NaN,NaN,NaN
C01_nominal_100rpm_10A,B0,baseline,baseline,877,0.0876,1250,833.333333333333,1835.98918704332,-3609.90204429654,1835.98918704332,-3609.90204429654,0,0,0,0,0,0,0,NaN,NaN,NaN,NaN
C01_nominal_100rpm_10A,B0,baseline,baseline,878,0.0877,1250,833.333333333333,1838.95681145098,-3608.3445638253,1838.95681145098,-3608.3445638253,0,0,0,0,0,0,0,NaN,NaN,NaN,NaN
C01_nominal_100rpm_10A,B0,baseline,baseline,879,0.0878,1250,833.333333333333,1839.11696806088,-3610.36939723765,1839.11696806088,-3610.36939723765,0,0,0,0,0,0,0,NaN,NaN,NaN,NaN
C01_nominal_100rpm_10A,B0,baseline,baseline,880,0.0879,1250,833.333333333333,1835.58803917419,-3611.03406866122,1835.58803917419,-3611.03406866122,0,0,0,0,0,0,0,NaN,NaN,NaN,NaN
C01_nominal_100rpm_10A,B0,baseline,baseline,881,0.088,1250,833.333333333333,1836.48252884771,-3611.36583488251,1836.48252884771,-3611.36583488251,0,0,0,0,0,0,0,NaN,NaN,NaN,NaN
C01_nominal_100rpm_10A,B0,baseline,baseline,882,0.0881,1250,833.333333333333,1835.21305392323,-3614.71233596042,1835.21305392323,-3614.71233596042,0,0,0,0,0,0,0,NaN,NaN,NaN,NaN
C01_nominal_100rpm_10A,B0,baseline,baseline,883,0.0882,1250,833.333333333333,1830.93215314599,-3616.25839311979,1830.93215314599,-3616.25839311979,0,0,0,0,0,0,0,NaN,NaN,NaN,NaN
C01_nominal_100rpm_10A,B0,baseline,baseline,884,0.0883,1250,833.333333333333,1831.34560765964,-3617.10345075432,1831.34560765964,-3617.10345075432,0,0,0,0,0,0,0,NaN,NaN,NaN,NaN
C01_nominal_100rpm_10A,B0,baseline,baseline,885,0.0884,1250,833.333333333333,1829.13015448899,-3620.02607175975,1829.13015448899,-3620.02607175975,0,0,0,0,0,0,0,NaN,NaN,NaN,NaN
C01_nominal_100rpm_10A,B0,baseline,baseline,886,0.0885,1250,833.333333333333,1824.42859527619,-3620.15985093136,1824.42859527619,-3620.15985093136,0,0,0,0,0,0,0,NaN,NaN,NaN,NaN
C01_nominal_100rpm_10A,B0,baseline,baseline,887,0.0886,1250,833.333333333333,1825.05263823832,-3619.05021847344,1825.05263823832,-3619.05021847344,0,0,0,0,0,0,0,NaN,NaN,NaN,NaN
C01_nominal_100rpm_10A,B0,baseline,baseline,888,0.0887,1250,833.333333333333,1828.52785321972,-3619.50668921244,1828.52785321972,-3619.50668921244,0,0,0,0,0,0,0,NaN,NaN,NaN,NaN
C01_nominal_100rpm_10A,B0,baseline,baseline,889,0.0888,1250,833.333333333333,1835.03796776453,-3619.55439152273,1835.03796776453,-3619.55439152273,0,0,0,0,0,0,0,NaN,NaN,NaN,NaN
C01_nominal_100rpm_10A,B0,baseline,baseline,890,0.0889,1250,833.333333333333,1841.78916936907,-3620.99546347826,1841.78916936907,-3620.99546347826,0,0,0,0,0,0,0,NaN,NaN,NaN,NaN
C01_nominal_100rpm_10A,B0,baseline,baseline,891,0.089,1250,833.333333333333,1842.06577986009,-3622.9233509093,1842.06577986009,-3622.9233509093,0,0,0,0,0,0,0,NaN,NaN,NaN,NaN
C01_nominal_100rpm_10A,B0,baseline,baseline,892,0.0891,1250,833.333333333333,1839.5280851409,-3622.4822025045,1839.5280851409,-3622.4822025045,0,0,0,0,0,0,0,NaN,NaN,NaN,NaN
C01_nominal_100rpm_10A,B0,baseline,baseline,893,0.0892,1250,833.333333333333,1839.25779723745,-3621.48094511873,1839.25779723745,-3621.48094511873,0,0,0,0,0,0,0,NaN,NaN,NaN,NaN
C01_nominal_100rpm_10A,B0,baseline,baseline,894,0.0893,1250,833.333333333333,1840.37821858734,-3621.27748983177,1840.37821858734,-3621.27748983177,0,0,0,0,0,0,0,NaN,NaN,NaN,NaN
C01_nominal_100rpm_10A,B0,baseline,baseline,895,0.0894,1250,833.333333333333,1840.9875995399,-3621.37486841654,1840.9875995399,-3621.37486841654,0,0,0,0,0,0,0,NaN,NaN,NaN,NaN
C01_nominal_100rpm_10A,B0,baseline,baseline,896,0.0895,1250,833.333333333333,1841.27004816145,-3621.37828305681,1841.27004816145,-3621.37828305681,0,0,0,0,0,0,0,NaN,NaN,NaN,NaN
C01_nominal_100rpm_10A,B0,baseline,baseline,897,0.0896,1250,833.333333333333,1841.63969941561,-3621.36838067417,1841.63969941561,-3621.36838067417,0,0,0,0,0,0,0,NaN,NaN,NaN,NaN
C01_nominal_100rpm_10A,B0,baseline,baseline,898,0.0897,1250,833.333333333333,1842.14056130545,-3621.4265942041,1842.14056130545,-3621.4265942041,0,0,0,0,0,0,0,NaN,NaN,NaN,NaN
C01_nominal_100rpm_10A,B0,baseline,baseline,899,0.0898,1250,833.333333333333,1842.69061566159,-3621.52010282806,1842.69061566159,-3621.52010282806,0,0,0,0,0,0,0,NaN,NaN,NaN,NaN
C01_nominal_100rpm_10A,B0,baseline,baseline,900,0.0899,1250,833.333333333333,1843.3336079795,-3621.64612354686,1843.3336079795,-3621.64612354686,0,0,0,0,0,0,0,NaN,NaN,NaN,NaN
C01_nominal_100rpm_10A,B0,baseline,baseline,901,0.09,1250,833.333333333333,1844.05512153199,-3621.79920968668,1844.05512153199,-3621.79920968668,0,0,0,0,0,0,0,NaN,NaN,NaN,NaN
C01_nominal_100rpm_10A,B0,baseline,baseline,902,0.0901,1250,833.333333333333,1844.88867731875,-3621.99340998035,1844.88867731875,-3621.99340998035,0,0,0,0,0,0,0,NaN,NaN,NaN,NaN
C01_nominal_100rpm_10A,B0,baseline,baseline,903,0.0902,1250,833.333333333333,1849.45215332814,-3620.96162915195,1849.45215332814,-3620.96162915195,0,0,0,0,0,0,0,NaN,NaN,NaN,NaN
C01_nominal_100rpm_10A,B0,baseline,baseline,904,0.0903,1250,833.333333333333,1855.11911218854,-3618.78757155661,1855.11911218854,-3618.78757155661,0,0,0,0,0,0,0,NaN,NaN,NaN,NaN
C01_nominal_100rpm_10A,B0,baseline,baseline,905,0.0904,1250,833.333333333333,1857.50873799478,-3617.61011620909,1857.50873799478,-3617.61011620909,0,0,0,0,0,0,0,NaN,NaN,NaN,NaN
C01_nominal_100rpm_10A,B0,baseline,baseline,906,0.0905,1250,833.333333333333,1856.47943884852,-3617.17069659861,1856.47943884852,-3617.17069659861,0,0,0,0,0,0,0,NaN,NaN,NaN,NaN
C01_nominal_100rpm_10A,B0,baseline,baseline,907,0.0906,1250,833.333333333333,1851.09406982803,-3615.89178516479,1851.09406982803,-3615.89178516479,0,0,0,0,0,0,0,NaN,NaN,NaN,NaN
C01_nominal_100rpm_10A,B0,baseline,baseline,908,0.0907,1250,833.333333333333,1846.80872561979,-3613.77239592421,1846.80872561979,-3613.77239592421,0,0,0,0,0,0,0,NaN,NaN,NaN,NaN
C01_nominal_100rpm_10A,B0,baseline,baseline,909,0.0908,1250,833.333333333333,1846.53776227299,-3612.61495651929,1846.53776227299,-3612.61495651929,0,0,0,0,0,0,0,NaN,NaN,NaN,NaN
C01_nominal_100rpm_10A,B0,baseline,baseline,910,0.0909,1250,833.333333333333,1846.38712721417,-3613.9151143335,1846.38712721417,-3613.9151143335,0,0,0,0,0,0,0,NaN,NaN,NaN,NaN
C01_nominal_100rpm_10A,B0,baseline,baseline,911,0.091,1250,833.333333333333,1846.50797530041,-3615.88539183543,1846.50797530041,-3615.88539183543,0,0,0,0,0,0,0,NaN,NaN,NaN,NaN
C01_nominal_100rpm_10A,B0,baseline,baseline,912,0.0911,1250,833.333333333333,1851.17178669084,-3615.23281507523,1851.17178669084,-3615.23281507523,0,0,0,0,0,0,0,NaN,NaN,NaN,NaN
C01_nominal_100rpm_10A,B0,baseline,baseline,913,0.0912,1250,833.333333333333,1857.8884436162,-3612.45736871468,1857.8884436162,-3612.45736871468,0,0,0,0,0,0,0,NaN,NaN,NaN,NaN
C01_nominal_100rpm_10A,B0,baseline,baseline,914,0.0913,1250,833.333333333333,1861.05981293111,-3612.28673892467,1861.05981293111,-3612.28673892467,0,0,0,0,0,0,0,NaN,NaN,NaN,NaN
C01_nominal_100rpm_10A,B0,baseline,baseline,915,0.0914,1250,833.333333333333,1858.48945218059,-3615.54623322915,1858.48945218059,-3615.54623322915,0,0,0,0,0,0,0,NaN,NaN,NaN,NaN
C01_nominal_100rpm_10A,B0,baseline,baseline,916,0.0915,1250,833.333333333333,1849.51728713232,-3618.94613388145,1849.51728713232,-3618.94613388145,0,0,0,0,0,0,0,NaN,NaN,NaN,NaN
C01_nominal_100rpm_10A,B0,baseline,baseline,917,0.0916,1250,833.333333333333,1842.35057197759,-3619.9661235962,1842.35057197759,-3619.9661235962,0,0,0,0,0,0,0,NaN,NaN,NaN,NaN
C01_nominal_100rpm_10A,B0,baseline,baseline,918,0.0917,1250,833.333333333333,1841.64377685154,-3618.0961611551,1841.64377685154,-3618.0961611551,0,0,0,0,0,0,0,NaN,NaN,NaN,NaN
C01_nominal_100rpm_10A,B0,baseline,baseline,919,0.0918,1250,833.333333333333,1843.5213946279,-3615.505171174,1843.5213946279,-3615.505171174,0,0,0,0,0,0,0,NaN,NaN,NaN,NaN
C01_nominal_100rpm_10A,B0,baseline,baseline,920,0.0919,1250,833.333333333333,1846.19348109996,-3613.78092625223,1846.19348109996,-3613.78092625223,0,0,0,0,0,0,0,NaN,NaN,NaN,NaN
C01_nominal_100rpm_10A,B0,baseline,baseline,921,0.092,1250,833.333333333333,1847.91375330508,-3612.73028152423,1847.91375330508,-3612.73028152423,0,0,0,0,0,0,0,NaN,NaN,NaN,NaN
C01_nominal_100rpm_10A,B0,baseline,baseline,922,0.0921,1250,833.333333333333,1848.62618465543,-3612.33041728644,1848.62618465543,-3612.33041728644,0,0,0,0,0,0,0,NaN,NaN,NaN,NaN
C01_nominal_100rpm_10A,B0,baseline,baseline,923,0.0922,1250,833.333333333333,1848.3170680035,-3612.55276889691,1848.3170680035,-3612.55276889691,0,0,0,0,0,0,0,NaN,NaN,NaN,NaN
C01_nominal_100rpm_10A,B0,baseline,baseline,924,0.0923,1250,833.333333333333,1847.03793070973,-3613.38979218118,1847.03793070973,-3613.38979218118,0,0,0,0,0,0,0,NaN,NaN,NaN,NaN
C01_nominal_100rpm_10A,B0,baseline,baseline,925,0.0924,1250,833.333333333333,1844.85079539211,-3614.82580454198,1844.85079539211,-3614.82580454198,0,0,0,0,0,0,0,NaN,NaN,NaN,NaN
C01_nominal_100rpm_10A,B0,baseline,baseline,926,0.0925,1250,833.333333333333,1841.79509710734,-3616.85516258348,1841.79509710734,-3616.85516258348,0,0,0,0,0,0,0,NaN,NaN,NaN,NaN
C01_nominal_100rpm_10A,B0,baseline,baseline,927,0.0926,1250,833.333333333333,1837.90861751529,-3619.46167596751,1837.90861751529,-3619.46167596751,0,0,0,0,0,0,0,NaN,NaN,NaN,NaN
C01_nominal_100rpm_10A,B0,baseline,baseline,928,0.0927,1250,833.333333333333,1833.20555297255,-3622.63809778353,1833.20555297255,-3622.63809778353,0,0,0,0,0,0,0,NaN,NaN,NaN,NaN
C01_nominal_100rpm_10A,B0,baseline,baseline,929,0.0928,1250,833.333333333333,1827.70459275322,-3626.36713767065,1827.70459275322,-3626.36713767065,0,0,0,0,0,0,0,NaN,NaN,NaN,NaN
C01_nominal_100rpm_10A,B0,baseline,baseline,930,0.0929,1250,833.333333333333,1822.71179090875,-3630.95350268665,1822.71179090875,-3630.95350268665,0,0,0,0,0,0,0,NaN,NaN,NaN,NaN
C01_nominal_100rpm_10A,B0,baseline,baseline,931,0.093,1250,833.333333333333,1824.14724929159,-3635.16608432198,1824.14724929159,-3635.16608432198,0,0,0,0,0,0,0,NaN,NaN,NaN,NaN
C01_nominal_100rpm_10A,B0,baseline,baseline,932,0.0931,1250,833.333333333333,1834.43772529243,-3635.96911640842,1834.43772529243,-3635.96911640842,0,0,0,0,0,0,0,NaN,NaN,NaN,NaN
C01_nominal_100rpm_10A,B0,baseline,baseline,933,0.0932,1250,833.333333333333,1845.43802091106,-3632.85814428073,1845.43802091106,-3632.85814428073,0,0,0,0,0,0,0,NaN,NaN,NaN,NaN
C01_nominal_100rpm_10A,B0,baseline,baseline,934,0.0933,1250,833.333333333333,1848.52591388871,-3628.67609149388,1848.52591388871,-3628.67609149388,0,0,0,0,0,0,0,NaN,NaN,NaN,NaN
C01_nominal_100rpm_10A,B0,baseline,baseline,935,0.0934,1250,833.333333333333,1843.93453571468,-3626.03813762375,1843.93453571468,-3626.03813762375,0,0,0,0,0,0,0,NaN,NaN,NaN,NaN
C01_nominal_100rpm_10A,B0,baseline,baseline,936,0.0935,1250,833.333333333333,1839.91442841857,-3625.08153381481,1839.91442841857,-3625.08153381481,0,0,0,0,0,0,0,NaN,NaN,NaN,NaN
C01_nominal_100rpm_10A,B0,baseline,baseline,937,0.0936,1250,833.333333333333,1840.92714199642,-3624.39085899601,1840.92714199642,-3624.39085899601,0,0,0,0,0,0,0,NaN,NaN,NaN,NaN
C01_nominal_100rpm_10A,B0,baseline,baseline,938,0.0937,1250,833.333333333333,1841.17001457365,-3624.22629016718,1841.17001457365,-3624.22629016718,0,0,0,0,0,0,0,NaN,NaN,NaN,NaN
C01_nominal_100rpm_10A,B0,baseline,baseline,939,0.0938,1250,833.333333333333,1838.06884825184,-3625.64665022131,1838.06884825184,-3625.64665022131,0,0,0,0,0,0,0,NaN,NaN,NaN,NaN
C01_nominal_100rpm_10A,B0,baseline,baseline,940,0.0939,1250,833.333333333333,1835.99628031877,-3623.64585594174,1835.99628031877,-3623.64585594174,0,0,0,0,0,0,0,NaN,NaN,NaN,NaN
C01_nominal_100rpm_10A,B0,baseline,baseline,941,0.094,1250,833.333333333333,1843.14179126388,-3614.21793234657,1843.14179126388,-3614.21793234657,0,0,0,0,0,0,0,NaN,NaN,NaN,NaN
C01_nominal_100rpm_10A,B0,baseline,baseline,942,0.0941,1250,833.333333333333,1857.72743127539,-3601.9082982858,1857.72743127539,-3601.9082982858,0,0,0,0,0,0,0,NaN,NaN,NaN,NaN
C01_nominal_100rpm_10A,B0,baseline,baseline,943,0.0942,1250,833.333333333333,1867.02831511131,-3594.63532782532,1867.02831511131,-3594.63532782532,0,0,0,0,0,0,0,NaN,NaN,NaN,NaN
C01_nominal_100rpm_10A,B0,baseline,baseline,944,0.0943,1250,833.333333333333,1865.16553276535,-3598.34946912037,1865.16553276535,-3598.34946912037,0,0,0,0,0,0,0,NaN,NaN,NaN,NaN
C01_nominal_100rpm_10A,B0,baseline,baseline,945,0.0944,1250,833.333333333333,1854.73398685356,-3608.54962635976,1854.73398685356,-3608.54962635976,0,0,0,0,0,0,0,NaN,NaN,NaN,NaN
C01_nominal_100rpm_10A,B0,baseline,baseline,946,0.0945,1250,833.333333333333,1843.47033110352,-3616.12815758996,1843.47033110352,-3616.12815758996,0,0,0,0,0,0,0,NaN,NaN,NaN,NaN
C01_nominal_100rpm_10A,B0,baseline,baseline,947,0.0946,1250,833.333333333333,1835.94811558507,-3620.69554729659,1835.94811558507,-3620.69554729659,0,0,0,0,0,0,0,NaN,NaN,NaN,NaN
C01_nominal_100rpm_10A,B0,baseline,baseline,948,0.0947,1250,833.333333333333,1833.56538567861,-3624.38127685787,1833.56538567861,-3624.38127685787,0,0,0,0,0,0,0,NaN,NaN,NaN,NaN
C01_nominal_100rpm_10A,B0,baseline,baseline,949,0.0948,1250,833.333333333333,1836.65525085183,-3624.31565468362,1836.65525085183,-3624.31565468362,0,0,0,0,0,0,0,NaN,NaN,NaN,NaN
C01_nominal_100rpm_10A,B0,baseline,baseline,950,0.0949,1250,833.333333333333,1843.61609598465,-3619.51226008344,1843.61609598465,-3619.51226008344,0,0,0,0,0,0,0,NaN,NaN,NaN,NaN
C01_nominal_100rpm_10A,B0,baseline,baseline,951,0.095,1250,833.333333333333,1851.18900774498,-3613.47627073152,1851.18900774498,-3613.47627073152,0,0,0,0,0,0,0,NaN,NaN,NaN,NaN
C01_nominal_100rpm_10A,B0,baseline,baseline,952,0.0951,1250,833.333333333333,1851.41414796094,-3606.86294097158,1851.41414796094,-3606.86294097158,0,0,0,0,0,0,0,NaN,NaN,NaN,NaN
C01_nominal_100rpm_10A,B0,baseline,baseline,953,0.0952,1250,833.333333333333,1848.88475539491,-3601.89940037273,1848.88475539491,-3601.89940037273,0,0,0,0,0,0,0,NaN,NaN,NaN,NaN
C01_nominal_100rpm_10A,B0,baseline,baseline,954,0.0953,1250,833.333333333333,1849.14238805678,-3600.29263787428,1849.14238805678,-3600.29263787428,0,0,0,0,0,0,0,NaN,NaN,NaN,NaN
C01_nominal_100rpm_10A,B0,baseline,baseline,955,0.0954,1250,833.333333333333,1849.36316325929,-3597.33236139546,1849.36316325929,-3597.33236139546,0,0,0,0,0,0,0,NaN,NaN,NaN,NaN
C01_nominal_100rpm_10A,B0,baseline,baseline,956,0.0955,1250,833.333333333333,1852.54419128219,-3594.7434706285,1852.54419128219,-3594.7434706285,0,0,0,0,0,0,0,NaN,NaN,NaN,NaN
C01_nominal_100rpm_10A,B0,baseline,baseline,957,0.0956,1250,833.333333333333,1853.51655837789,-3596.11849886082,1853.51655837789,-3596.11849886082,0,0,0,0,0,0,0,NaN,NaN,NaN,NaN
C01_nominal_100rpm_10A,B0,baseline,baseline,958,0.0957,1250,833.333333333333,1850.07344050631,-3596.38874939272,1850.07344050631,-3596.38874939272,0,0,0,0,0,0,0,NaN,NaN,NaN,NaN
C01_nominal_100rpm_10A,B0,baseline,baseline,959,0.0958,1250,833.333333333333,1850.35395842351,-3596.41762558429,1850.35395842351,-3596.41762558429,0,0,0,0,0,0,0,NaN,NaN,NaN,NaN
C01_nominal_100rpm_10A,B0,baseline,baseline,960,0.0959,1250,833.333333333333,1849.39791449309,-3599.71244624044,1849.39791449309,-3599.71244624044,0,0,0,0,0,0,0,NaN,NaN,NaN,NaN
C01_nominal_100rpm_10A,B0,baseline,baseline,961,0.096,1250,833.333333333333,1844.74958126476,-3601.30551491246,1844.74958126476,-3601.30551491246,0,0,0,0,0,0,0,NaN,NaN,NaN,NaN
C01_nominal_100rpm_10A,B0,baseline,baseline,962,0.0961,1250,833.333333333333,1844.31561951465,-3602.38074288299,1844.31561951465,-3602.38074288299,0,0,0,0,0,0,0,NaN,NaN,NaN,NaN
C01_nominal_100rpm_10A,B0,baseline,baseline,963,0.0962,1250,833.333333333333,1842.64657203657,-3606.39702372762,1842.64657203657,-3606.39702372762,0,0,0,0,0,0,0,NaN,NaN,NaN,NaN
C01_nominal_100rpm_10A,B0,baseline,baseline,964,0.0963,1250,833.333333333333,1837.77314758131,-3608.45454824476,1837.77314758131,-3608.45454824476,0,0,0,0,0,0,0,NaN,NaN,NaN,NaN
C01_nominal_100rpm_10A,B0,baseline,baseline,965,0.0964,1250,833.333333333333,1837.5226648421,-3609.88840877008,1837.5226648421,-3609.88840877008,0,0,0,0,0,0,0,NaN,NaN,NaN,NaN
C01_nominal_100rpm_10A,B0,baseline,baseline,966,0.0965,1250,833.333333333333,1835.62200883038,-3614.06624702624,1835.62200883038,-3614.06624702624,0,0,0,0,0,0,0,NaN,NaN,NaN,NaN
C01_nominal_100rpm_10A,B0,baseline,baseline,967,0.0966,1250,833.333333333333,1830.91234739137,-3616.18479944574,1830.91234739137,-3616.18479944574,0,0,0,0,0,0,0,NaN,NaN,NaN,NaN
C01_nominal_100rpm_10A,B0,baseline,baseline,968,0.0967,1250,833.333333333333,1831.53335073964,-3613.49371768979,1831.53335073964,-3613.49371768979,0,0,0,0,0,0,0,NaN,NaN,NaN,NaN
C01_nominal_100rpm_10A,B0,baseline,baseline,969,0.0968,1250,833.333333333333,1835.86612475757,-3607.88465728448,1835.86612475757,-3607.88465728448,0,0,0,0,0,0,0,NaN,NaN,NaN,NaN
C01_nominal_100rpm_10A,B0,baseline,baseline,970,0.0969,1250,833.333333333333,1840.63977530397,-3604.1170690881,1840.63977530397,-3604.1170690881,0,0,0,0,0,0,0,NaN,NaN,NaN,NaN
C01_nominal_100rpm_10A,B0,baseline,baseline,971,0.097,1250,833.333333333333,1841.97596576924,-3605.97600555603,1841.97596576924,-3605.97600555603,0,0,0,0,0,0,0,NaN,NaN,NaN,NaN
C01_nominal_100rpm_10A,B0,baseline,baseline,972,0.0971,1250,833.333333333333,1839.04230367937,-3609.03876945091,1839.04230367937,-3609.03876945091,0,0,0,0,0,0,0,NaN,NaN,NaN,NaN
C01_nominal_100rpm_10A,B0,baseline,baseline,973,0.0972,1250,833.333333333333,1838.33712034473,-3607.96637147499,1838.33712034473,-3607.96637147499,0,0,0,0,0,0,0,NaN,NaN,NaN,NaN
C01_nominal_100rpm_10A,B0,baseline,baseline,974,0.0973,1250,833.333333333333,1844.92783706926,-3605.69966584961,1844.92783706926,-3605.69966584961,0,0,0,0,0,0,0,NaN,NaN,NaN,NaN
C01_nominal_100rpm_10A,B0,baseline,baseline,975,0.0974,1250,833.333333333333,1855.21970548723,-3607.06061815524,1855.21970548723,-3607.06061815524,0,0,0,0,0,0,0,NaN,NaN,NaN,NaN
C01_nominal_100rpm_10A,B0,baseline,baseline,976,0.0975,1250,833.333333333333,1860.91166153382,-3609.53337471118,1860.91166153382,-3609.53337471118,0,0,0,0,0,0,0,NaN,NaN,NaN,NaN
C01_nominal_100rpm_10A,B0,baseline,baseline,977,0.0976,1250,833.333333333333,1862.44569894719,-3604.79479028224,1862.44569894719,-3604.79479028224,0,0,0,0,0,0,0,NaN,NaN,NaN,NaN
C01_nominal_100rpm_10A,B0,baseline,baseline,978,0.0977,1250,833.333333333333,1861.95576267377,-3594.83974723625,1861.95576267377,-3594.83974723625,0,0,0,0,0,0,0,NaN,NaN,NaN,NaN
C01_nominal_100rpm_10A,B0,baseline,baseline,979,0.0978,1250,833.333333333333,1859.37775221884,-3592.26969192968,1859.37775221884,-3592.26969192968,0,0,0,0,0,0,0,NaN,NaN,NaN,NaN
C01_nominal_100rpm_10A,B0,baseline,baseline,980,0.0979,1250,833.333333333333,1858.84882468708,-3598.76301003369,1858.84882468708,-3598.76301003369,0,0,0,0,0,0,0,NaN,NaN,NaN,NaN
C01_nominal_100rpm_10A,B0,baseline,baseline,981,0.098,1250,833.333333333333,1861.58064127001,-3605.68467630796,1861.58064127001,-3605.68467630796,0,0,0,0,0,0,0,NaN,NaN,NaN,NaN
C01_nominal_100rpm_10A,B0,baseline,baseline,982,0.0981,1250,833.333333333333,1865.2604021143,-3604.64563658266,1865.2604021143,-3604.64563658266,0,0,0,0,0,0,0,NaN,NaN,NaN,NaN
C01_nominal_100rpm_10A,B0,baseline,baseline,983,0.0982,1250,833.333333333333,1865.0065811152,-3597.21329195287,1865.0065811152,-3597.21329195287,0,0,0,0,0,0,0,NaN,NaN,NaN,NaN
C01_nominal_100rpm_10A,B0,baseline,baseline,984,0.0983,1250,833.333333333333,1859.82350430713,-3595.13968610743,1859.82350430713,-3595.13968610743,0,0,0,0,0,0,0,NaN,NaN,NaN,NaN
C01_nominal_100rpm_10A,B0,baseline,baseline,985,0.0984,1250,833.333333333333,1857.34778017471,-3600.77869519479,1857.34778017471,-3600.77869519479,0,0,0,0,0,0,0,NaN,NaN,NaN,NaN
C01_nominal_100rpm_10A,B0,baseline,baseline,986,0.0985,1250,833.333333333333,1860.89959260951,-3606.9636064409,1860.89959260951,-3606.9636064409,0,0,0,0,0,0,0,NaN,NaN,NaN,NaN
C01_nominal_100rpm_10A,B0,baseline,baseline,987,0.0986,1250,833.333333333333,1867.52147859346,-3606.67570033264,1867.52147859346,-3606.67570033264,0,0,0,0,0,0,0,NaN,NaN,NaN,NaN
C01_nominal_100rpm_10A,B0,baseline,baseline,988,0.0987,1250,833.333333333333,1872.09909039556,-3597.95093614025,1872.09909039556,-3597.95093614025,0,0,0,0,0,0,0,NaN,NaN,NaN,NaN
C01_nominal_100rpm_10A,B0,baseline,baseline,989,0.0988,1250,833.333333333333,1868.0715171673,-3589.70528826435,1868.0715171673,-3589.70528826435,0,0,0,0,0,0,0,NaN,NaN,NaN,NaN
C01_nominal_100rpm_10A,B0,baseline,baseline,990,0.0989,1250,833.333333333333,1859.32590331792,-3590.76827254858,1859.32590331792,-3590.76827254858,0,0,0,0,0,0,0,NaN,NaN,NaN,NaN
C01_nominal_100rpm_10A,B0,baseline,baseline,991,0.099,1250,833.333333333333,1852.01120284563,-3599.15965805168,1852.01120284563,-3599.15965805168,0,0,0,0,0,0,0,NaN,NaN,NaN,NaN
C01_nominal_100rpm_10A,B0,baseline,baseline,992,0.0991,1250,833.333333333333,1846.88175629848,-3608.1444050895,1846.88175629848,-3608.1444050895,0,0,0,0,0,0,0,NaN,NaN,NaN,NaN
C01_nominal_100rpm_10A,B0,baseline,baseline,993,0.0992,1250,833.333333333333,1849.48731164241,-3611.34469340708,1849.48731164241,-3611.34469340708,0,0,0,0,0,0,0,NaN,NaN,NaN,NaN
C01_nominal_100rpm_10A,B0,baseline,baseline,994,0.0993,1250,833.333333333333,1858.80670544416,-3606.91308479054,1858.80670544416,-3606.91308479054,0,0,0,0,0,0,0,NaN,NaN,NaN,NaN
C01_nominal_100rpm_10A,B0,baseline,baseline,995,0.0994,1250,833.333333333333,1868.60031048592,-3599.68642033745,1868.60031048592,-3599.68642033745,0,0,0,0,0,0,0,NaN,NaN,NaN,NaN
C01_nominal_100rpm_10A,B0,baseline,baseline,996,0.0995,1250,833.333333333333,1876.12485092098,-3593.11706740239,1876.12485092098,-3593.11706740239,0,0,0,0,0,0,0,NaN,NaN,NaN,NaN
C01_nominal_100rpm_10A,B0,baseline,baseline,997,0.0996,1250,833.333333333333,1877.11060423149,-3586.91888569873,1877.11060423149,-3586.91888569873,0,0,0,0,0,0,0,NaN,NaN,NaN,NaN
C01_nominal_100rpm_10A,B0,baseline,baseline,998,0.0997,1250,833.333333333333,1873.77763200857,-3581.18897538264,1873.77763200857,-3581.18897538264,0,0,0,0,0,0,0,NaN,NaN,NaN,NaN
C01_nominal_100rpm_10A,B0,baseline,baseline,999,0.0998,1250,833.333333333333,1870.81222304486,-3576.18135674927,1870.81222304486,-3576.18135674927,0,0,0,0,0,0,0,NaN,NaN,NaN,NaN
C01_nominal_100rpm_10A,B0,baseline,baseline,1000,0.0999,1250,833.333333333333,1868.10219372014,-3571.89430633115,1868.10219372014,-3571.89430633115,0,0,0,0,0,0,0,NaN,NaN,NaN,NaN
C01_nominal_100rpm_10A,B0,baseline,baseline,1001,0.1,1250,833.333333333333,1865.62533691996,-3568.33350841098,1865.62533691996,-3568.33350841098,0,0,0,0,0,0,0,NaN,NaN,NaN,NaN
C01_nominal_100rpm_10A,B0,baseline,baseline,1002,0.1001,1250,833.333333333333,1863.46118868735,-3565.51633510484,1863.46118868735,-3565.51633510484,0,0,0,0,0,0,0,NaN,NaN,NaN,NaN
C01_nominal_100rpm_10A,B0,baseline,baseline,1003,0.1002,1250,833.333333333333,1861.74016120279,-3563.46981854468,1861.74016120279,-3563.46981854468,0,0,0,0,0,0,0,NaN,NaN,NaN,NaN
C01_nominal_100rpm_10A,B0,baseline,baseline,1004,0.1003,1250,833.333333333333,1860.61835480232,-3562.22906381011,1860.61835480232,-3562.22906381011,0,0,0,0,0,0,0,NaN,NaN,NaN,NaN
C01_nominal_100rpm_10A,B0,baseline,baseline,1005,0.1004,1250,833.333333333333,1860.24528610653,-3561.83429508861,1860.24528610653,-3561.83429508861,0,0,0,0,0,0,0,NaN,NaN,NaN,NaN
C01_nominal_100rpm_10A,B0,baseline,baseline,1006,0.1005,1250,833.333333333333,1860.75894118907,-3562.33057469148,1860.75894118907,-3562.33057469148,0,0,0,0,0,0,0,NaN,NaN,NaN,NaN
C01_nominal_100rpm_10A,B0,baseline,baseline,1007,0.1006,1250,833.333333333333,1862.30903227593,-3563.7711159667,1862.30903227593,-3563.7711159667,0,0,0,0,0,0,0,NaN,NaN,NaN,NaN
C01_nominal_100rpm_10A,B0,baseline,baseline,1008,0.1007,1250,833.333333333333,1865.07068175992,-3566.22012785314,1865.07068175992,-3566.22012785314,0,0,0,0,0,0,0,NaN,NaN,NaN,NaN
C01_nominal_100rpm_10A,B0,baseline,baseline,1009,0.1008,1250,833.333333333333,1869.24804046331,-3569.75485468013,1869.24804046331,-3569.75485468013,0,0,0,0,0,0,0,NaN,NaN,NaN,NaN
C01_nominal_100rpm_10A,B0,baseline,baseline,1010,0.1009,1250,833.333333333333,1875.08010148113,-3574.46829571275,1875.08010148113,-3574.46829571275,0,0,0,0,0,0,0,NaN,NaN,NaN,NaN
C01_nominal_100rpm_10A,B0,baseline,baseline,1011,0.101,1250,833.333333333333,1882.84910749685,-3580.47283593747,1882.84910749685,-3580.47283593747,0,0,0,0,0,0,0,NaN,NaN,NaN,NaN
C01_nominal_100rpm_10A,B0,baseline,baseline,1012,0.1011,1250,833.333333333333,1887.29277008967,-3586.63289044889,1887.29277008967,-3586.63289044889,0,0,0,0,0,0,0,NaN,NaN,NaN,NaN
C01_nominal_100rpm_10A,B0,baseline,baseline,1013,0.1012,1250,833.333333333333,1884.13255808189,-3591.99390820552,1884.13255808189,-3591.99390820552,0,0,0,0,0,0,0,NaN,NaN,NaN,NaN
C01_nominal_100rpm_10A,B0,baseline,baseline,1014,0.1013,1250,833.333333333333,1874.98910716654,-3596.83751555737,1874.98910716654,-3596.83751555737,0,0,0,0,0,0,0,NaN,NaN,NaN,NaN
C01_nominal_100rpm_10A,B0,baseline,baseline,1015,0.1014,1250,833.333333333333,1862.76953806656,-3601.72512426001,1862.76953806656,-3601.72512426001,0,0,0,0,0,0,0,NaN,NaN,NaN,NaN
C01_nominal_100rpm_10A,B0,baseline,baseline,1016,0.1015,1250,833.333333333333,1852.24870116557,-3607.64816109803,1852.24870116557,-3607.64816109803,0,0,0,0,0,0,0,NaN,NaN,NaN,NaN
C01_nominal_100rpm_10A,B0,baseline,baseline,1017,0.1016,1250,833.333333333333,1843.59707270264,-3614.62100288626,1843.59707270264,-3614.62100288626,0,0,0,0,0,0,0,NaN,NaN,NaN,NaN
C01_nominal_100rpm_10A,B0,baseline,baseline,1018,0.1017,1250,833.333333333333,1838.25678367962,-3623.28243359275,1838.25678367962,-3623.28243359275,0,0,0,0,0,0,0,NaN,NaN,NaN,NaN
C01_nominal_100rpm_10A,B0,baseline,baseline,1019,0.1018,1250,833.333333333333,1839.73735465457,-3631.68115291078,1839.73735465457,-3631.68115291078,0,0,0,0,0,0,0,NaN,NaN,NaN,NaN
C01_nominal_100rpm_10A,B0,baseline,baseline,1020,0.1019,1250,833.333333333333,1846.60341113661,-3635.42001243513,1846.60341113661,-3635.42001243513,0,0,0,0,0,0,0,NaN,NaN,NaN,NaN
C01_nominal_100rpm_10A,B0,baseline,baseline,1021,0.102,1250,833.333333333333,1851.91474365416,-3634.11640237043,1851.91474365416,-3634.11640237043,0,0,0,0,0,0,0,NaN,NaN,NaN,NaN
C01_nominal_100rpm_10A,B0,baseline,baseline,1022,0.1021,1250,833.333333333333,1847.75847859504,-3630.93394037855,1847.75847859504,-3630.93394037855,0,0,0,0,0,0,0,NaN,NaN,NaN,NaN
C01_nominal_100rpm_10A,B0,baseline,baseline,1023,0.1022,1250,833.333333333333,1835.92671967403,-3630.70106137693,1835.92671967403,-3630.70106137693,0,0,0,0,0,0,0,NaN,NaN,NaN,NaN
C01_nominal_100rpm_10A,B0,baseline,baseline,1024,0.1023,1250,833.333333333333,1824.90080784802,-3632.94373292324,1824.90080784802,-3632.94373292324,0,0,0,0,0,0,0,NaN,NaN,NaN,NaN
C01_nominal_100rpm_10A,B0,baseline,baseline,1025,0.1024,1250,833.333333333333,1821.94602597371,-3632.34348894771,1821.94602597371,-3632.34348894771,0,0,0,0,0,0,0,NaN,NaN,NaN,NaN
C01_nominal_100rpm_10A,B0,baseline,baseline,1026,0.1025,1250,833.333333333333,1825.15829179553,-3629.05561370802,1825.15829179553,-3629.05561370802,0,0,0,0,0,0,0,NaN,NaN,NaN,NaN
C01_nominal_100rpm_10A,B0,baseline,baseline,1027,0.1026,1250,833.333333333333,1830.44319580766,-3626.43858780839,1830.44319580766,-3626.43858780839,0,0,0,0,0,0,0,NaN,NaN,NaN,NaN
C01_nominal_100rpm_10A,B0,baseline,baseline,1028,0.1027,1250,833.333333333333,1837.41865247784,-3626.28248621908,1837.41865247784,-3626.28248621908,0,0,0,0,0,0,0,NaN,NaN,NaN,NaN
C01_nominal_100rpm_10A,B0,baseline,baseline,1029,0.1028,1250,833.333333333333,1840.28029298356,-3628.14052775047,1840.28029298356,-3628.14052775047,0,0,0,0,0,0,0,NaN,NaN,NaN,NaN
C01_nominal_100rpm_10A,B0,baseline,baseline,1030,0.1029,1250,833.333333333333,1837.67178245243,-3625.73929617476,1837.67178245243,-3625.73929617476,0,0,0,0,0,0,0,NaN,NaN,NaN,NaN
C01_nominal_100rpm_10A,B0,baseline,baseline,1031,0.103,1250,833.333333333333,1837.04520898587,-3616.67903165744,1837.04520898587,-3616.67903165744,0,0,0,0,0,0,0,NaN,NaN,NaN,NaN
C01_nominal_100rpm_10A,B0,baseline,baseline,1032,0.1031,1250,833.333333333333,1841.14514720715,-3607.29722641982,1841.14514720715,-3607.29722641982,0,0,0,0,0,0,0,NaN,NaN,NaN,NaN
C01_nominal_100rpm_10A,B0,baseline,baseline,1033,0.1032,1250,833.333333333333,1847.42716669689,-3603.20243166287,1847.42716669689,-3603.20243166287,0,0,0,0,0,0,0,NaN,NaN,NaN,NaN
C01_nominal_100rpm_10A,B0,baseline,baseline,1034,0.1033,1250,833.333333333333,1848.05273120977,-3608.48868237205,1848.05273120977,-3608.48868237205,0,0,0,0,0,0,0,NaN,NaN,NaN,NaN
C01_nominal_100rpm_10A,B0,baseline,baseline,1035,0.1034,1250,833.333333333333,1836.35741277346,-3616.08842139616,1836.35741277346,-3616.08842139616,0,0,0,0,0,0,0,NaN,NaN,NaN,NaN
C01_nominal_100rpm_10A,B0,baseline,baseline,1036,0.1035,1250,833.333333333333,1827.73331315812,-3615.71265897814,1827.73331315812,-3615.71265897814,0,0,0,0,0,0,0,NaN,NaN,NaN,NaN
C01_nominal_100rpm_10A,B0,baseline,baseline,1037,0.1036,1250,833.333333333333,1832.25034321729,-3610.44184042838,1832.25034321729,-3610.44184042838,0,0,0,0,0,0,0,NaN,NaN,NaN,NaN
C01_nominal_100rpm_10A,B0,baseline,baseline,1038,0.1037,1250,833.333333333333,1836.13052245244,-3606.96147495734,1836.13052245244,-3606.96147495734,0,0,0,0,0,0,0,NaN,NaN,NaN,NaN
C01_nominal_100rpm_10A,B0,baseline,baseline,1039,0.1038,1250,833.333333333333,1832.86536262989,-3608.70537541772,1832.86536262989,-3608.70537541772,0,0,0,0,0,0,0,NaN,NaN,NaN,NaN
C01_nominal_100rpm_10A,B0,baseline,baseline,1040,0.1039,1250,833.333333333333,1827.40181719003,-3612.74141994013,1827.40181719003,-3612.74141994013,0,0,0,0,0,0,0,NaN,NaN,NaN,NaN
C01_nominal_100rpm_10A,B0,baseline,baseline,1041,0.104,1250,833.333333333333,1825.55971097527,-3615.38052292826,1825.55971097527,-3615.38052292826,0,0,0,0,0,0,0,NaN,NaN,NaN,NaN
C01_nominal_100rpm_10A,B0,baseline,baseline,1042,0.1041,1250,833.333333333333,1829.10716715405,-3615.24451892325,1829.10716715405,-3615.24451892325,0,0,0,0,0,0,0,NaN,NaN,NaN,NaN
C01_nominal_100rpm_10A,B0,baseline,baseline,1043,0.1042,1250,833.333333333333,1834.66270479509,-3613.22369793174,1834.66270479509,-3613.22369793174,0,0,0,0,0,0,0,NaN,NaN,NaN,NaN
C01_nominal_100rpm_10A,B0,baseline,baseline,1044,0.1043,1250,833.333333333333,1835.80481422725,-3612.89518509086,1835.80481422725,-3612.89518509086,0,0,0,0,0,0,0,NaN,NaN,NaN,NaN
C01_nominal_100rpm_10A,B0,baseline,baseline,1045,0.1044,1250,833.333333333333,1834.28959872066,-3611.75252144798,1834.28959872066,-3611.75252144798,0,0,0,0,0,0,0,NaN,NaN,NaN,NaN
C01_nominal_100rpm_10A,B0,baseline,baseline,1046,0.1045,1250,833.333333333333,1836.83866477544,-3610.69863078785,1836.83866477544,-3610.69863078785,0,0,0,0,0,0,0,NaN,NaN,NaN,NaN
C01_nominal_100rpm_10A,B0,baseline,baseline,1047,0.1046,1250,833.333333333333,1836.61736239145,-3613.05920417237,1836.61736239145,-3613.05920417237,0,0,0,0,0,0,0,NaN,NaN,NaN,NaN
C01_nominal_100rpm_10A,B0,baseline,baseline,1048,0.1047,1250,833.333333333333,1832.93933197748,-3613.94384783385,1832.93933197748,-3613.94384783385,0,0,0,0,0,0,0,NaN,NaN,NaN,NaN
C01_nominal_100rpm_10A,B0,baseline,baseline,1049,0.1048,1250,833.333333333333,1833.87612295142,-3614.44979586216,1833.87612295142,-3614.44979586216,0,0,0,0,0,0,0,NaN,NaN,NaN,NaN
C01_nominal_100rpm_10A,B0,baseline,baseline,1050,0.1049,1250,833.333333333333,1837.60722965138,-3617.22450388758,1837.60722965138,-3617.22450388758,0,0,0,0,0,0,0,NaN,NaN,NaN,NaN
C01_nominal_100rpm_10A,B0,baseline,baseline,1051,0.105,1250,833.333333333333,1843.30392348105,-3619.51720229975,1843.30392348105,-3619.51720229975,0,0,0,0,0,0,0,NaN,NaN,NaN,NaN
C01_nominal_100rpm_10A,B0,baseline,baseline,1052,0.1051,1250,833.333333333333,1848.73556414562,-3622.54450594503,1848.73556414562,-3622.54450594503,0,0,0,0,0,0,0,NaN,NaN,NaN,NaN
C01_nominal_100rpm_10A,B0,baseline,baseline,1053,0.1052,1250,833.333333333333,1847.24121650606,-3625.19869692822,1847.24121650606,-3625.19869692822,0,0,0,0,0,0,0,NaN,NaN,NaN,NaN
C01_nominal_100rpm_10A,B0,baseline,baseline,1054,0.1053,1250,833.333333333333,1842.05397585347,-3624.4896589715,1842.05397585347,-3624.4896589715,0,0,0,0,0,0,0,NaN,NaN,NaN,NaN
C01_nominal_100rpm_10A,B0,baseline,baseline,1055,0.1054,1250,833.333333333333,1839.72680600221,-3622.83955636598,1839.72680600221,-3622.83955636598,0,0,0,0,0,0,0,NaN,NaN,NaN,NaN
C01_nominal_100rpm_10A,B0,baseline,baseline,1056,0.1055,1250,833.333333333333,1839.94329750623,-3622.18359669569,1839.94329750623,-3622.18359669569,0,0,0,0,0,0,0,NaN,NaN,NaN,NaN
C01_nominal_100rpm_10A,B0,baseline,baseline,1057,0.1056,1250,833.333333333333,1840.22885556872,-3622.00572902183,1840.22885556872,-3622.00572902183,0,0,0,0,0,0,0,NaN,NaN,NaN,NaN
C01_nominal_100rpm_10A,B0,baseline,baseline,1058,0.1057,1250,833.333333333333,1840.31442228614,-3621.81455759785,1840.31442228614,-3621.81455759785,0,0,0,0,0,0,0,NaN,NaN,NaN,NaN
C01_nominal_100rpm_10A,B0,baseline,baseline,1059,0.1058,1250,833.333333333333,1840.40629270007,-3621.64401837643,1840.40629270007,-3621.64401837643,0,0,0,0,0,0,0,NaN,NaN,NaN,NaN
C01_nominal_100rpm_10A,B0,baseline,baseline,1060,0.1059,1250,833.333333333333,1840.56392307673,-3621.52808837905,1840.56392307673,-3621.52808837905,0,0,0,0,0,0,0,NaN,NaN,NaN,NaN
C01_nominal_100rpm_10A,B0,baseline,baseline,1061,0.106,1250,833.333333333333,1840.74904516185,-3621.43744609477,1840.74904516185,-3621.43744609477,0,0,0,0,0,0,0,NaN,NaN,NaN,NaN
C01_nominal_100rpm_10A,B0,baseline,baseline,1062,0.1061,1250,833.333333333333,1841.02066033136,-3621.37584380949,1841.02066033136,-3621.37584380949,0,0,0,0,0,0,0,NaN,NaN,NaN,NaN
C01_nominal_100rpm_10A,B0,baseline,baseline,1063,0.1062,1250,833.333333333333,1841.36774641035,-3621.35054103031,1841.36774641035,-3621.35054103031,0,0,0,0,0,0,0,NaN,NaN,NaN,NaN
C01_nominal_100rpm_10A,B0,baseline,baseline,1064,0.1063,1250,833.333333333333,1841.81466073188,-3621.37980669362,1841.81466073188,-3621.37980669362,0,0,0,0,0,0,0,NaN,NaN,NaN,NaN
C01_nominal_100rpm_10A,B0,baseline,baseline,1065,0.1064,1250,833.333333333333,1842.3135535393,-3621.44611507321,1842.3135535393,-3621.44611507321,0,0,0,0,0,0,0,NaN,NaN,NaN,NaN
C01_nominal_100rpm_10A,B0,baseline,baseline,1066,0.1065,1250,833.333333333333,1842.9046176054,-3621.55336265061,1842.9046176054,-3621.55336265061,0,0,0,0,0,0,0,NaN,NaN,NaN,NaN
C01_nominal_100rpm_10A,B0,baseline,baseline,1067,0.1066,1250,833.333333333333,1843.56466766932,-3621.68910589819,1843.56466766932,-3621.68910589819,0,0,0,0,0,0,0,NaN,NaN,NaN,NaN
C01_nominal_100rpm_10A,B0,baseline,baseline,1068,0.1067,1250,833.333333333333,1844.3312703975,-3621.86324931938,1844.3312703975,-3621.86324931938,0,0,0,0,0,0,0,NaN,NaN,NaN,NaN
C01_nominal_100rpm_10A,B0,baseline,baseline,1069,0.1068,1250,833.333333333333,1845.17665317809,-3622.06138926051,1845.17665317809,-3622.06138926051,0,0,0,0,0,0,0,NaN,NaN,NaN,NaN
C01_nominal_100rpm_10A,B0,baseline,baseline,1070,0.1069,1250,833.333333333333,1846.1370404605,-3622.29352752218,1846.1370404605,-3622.29352752218,0,0,0,0,0,0,0,NaN,NaN,NaN,NaN
C01_nominal_100rpm_10A,B0,baseline,baseline,1071,0.107,1250,833.333333333333,1846.49871011574,-3621.31745600123,1846.49871011574,-3621.31745600123,0,0,0,0,0,0,0,NaN,NaN,NaN,NaN
C01_nominal_100rpm_10A,B0,baseline,baseline,1072,0.1071,1250,833.333333333333,1845.37931149362,-3617.45148074329,1845.37931149362,-3617.45148074329,0,0,0,0,0,0,0,NaN,NaN,NaN,NaN
C01_nominal_100rpm_10A,B0,baseline,baseline,1073,0.1072,1250,833.333333333333,1843.80209895611,-3612.57260327221,1843.80209895611,-3612.57260327221,0,0,0,0,0,0,0,NaN,NaN,NaN,NaN
C01_nominal_100rpm_10A,B0,baseline,baseline,1074,0.1073,1250,833.333333333333,1843.59814260054,-3610.63470597593,1843.59814260054,-3610.63470597593,0,0,0,0,0,0,0,NaN,NaN,NaN,NaN
C01_nominal_100rpm_10A,B0,baseline,baseline,1075,0.1074,1250,833.333333333333,1844.72934856542,-3612.24499272691,1844.72934856542,-3612.24499272691,0,0,0,0,0,0,0,NaN,NaN,NaN,NaN
C01_nominal_100rpm_10A,B0,baseline,baseline,1076,0.1075,1250,833.333333333333,1846.09253141789,-3614.51178195368,1846.09253141789,-3614.51178195368,0,0,0,0,0,0,0,NaN,NaN,NaN,NaN
C01_nominal_100rpm_10A,B0,baseline,baseline,1077,0.1076,1250,833.333333333333,1846.93615459282,-3614.95350475705,1846.93615459282,-3614.95350475705,0,0,0,0,0,0,0,NaN,NaN,NaN,NaN
C01_nominal_100rpm_10A,B0,baseline,baseline,1078,0.1077,1250,833.333333333333,1847.26584349755,-3614.7171864981,1847.26584349755,-3614.7171864981,0,0,0,0,0,0,0,NaN,NaN,NaN,NaN
C01_nominal_100rpm_10A,B0,baseline,baseline,1079,0.1078,1250,833.333333333333,1847.01506966048,-3615.97081983344,1847.01506966048,-3615.97081983344,0,0,0,0,0,0,0,NaN,NaN,NaN,NaN
C01_nominal_100rpm_10A,B0,baseline,baseline,1080,0.1079,1250,833.333333333333,1846.44489376734,-3617.87686851343,1846.44489376734,-3617.87686851343,0,0,0,0,0,0,0,NaN,NaN,NaN,NaN
C01_nominal_100rpm_10A,B0,baseline,baseline,1081,0.108,1250,833.333333333333,1846.2896972595,-3617.41876017023,1846.2896972595,-3617.41876017023,0,0,0,0,0,0,0,NaN,NaN,NaN,NaN
C01_nominal_100rpm_10A,B0,baseline,baseline,1082,0.1081,1250,833.333333333333,1847.59295268302,-3613.80774157973,1847.59295268302,-3613.80774157973,0,0,0,0,0,0,0,NaN,NaN,NaN,NaN
C01_nominal_100rpm_10A,B0,baseline,baseline,1083,0.1082,1250,833.333333333333,1850.67932810056,-3609.4208811555,1850.67932810056,-3609.4208811555,0,0,0,0,0,0,0,NaN,NaN,NaN,NaN
C01_nominal_100rpm_10A,B0,baseline,baseline,1084,0.1083,1250,833.333333333333,1853.61025476609,-3605.79323119951,1853.61025476609,-3605.79323119951,0,0,0,0,0,0,0,NaN,NaN,NaN,NaN
C01_nominal_100rpm_10A,B0,baseline,baseline,1085,0.1084,1250,833.333333333333,1859.51667940084,-3603.40692871606,1859.51667940084,-3603.40692871606,0,0,0,0,0,0,0,NaN,NaN,NaN,NaN
C01_nominal_100rpm_10A,B0,baseline,baseline,1086,0.1085,1250,833.333333333333,1870.94982155592,-3602.59026904992,1870.94982155592,-3602.59026904992,0,0,0,0,0,0,0,NaN,NaN,NaN,NaN
C01_nominal_100rpm_10A,B0,baseline,baseline,1087,0.1086,1250,833.333333333333,1884.45728445266,-3602.91794290093,1884.45728445266,-3602.91794290093,0,0,0,0,0,0,0,NaN,NaN,NaN,NaN
C01_nominal_100rpm_10A,B0,baseline,baseline,1088,0.1087,1250,833.333333333333,1891.44996211492,-3603.14620664903,1891.44996211492,-3603.14620664903,0,0,0,0,0,0,0,NaN,NaN,NaN,NaN
C01_nominal_100rpm_10A,B0,baseline,baseline,1089,0.1088,1250,833.333333333333,1886.04916856115,-3602.40921142599,1886.04916856115,-3602.40921142599,0,0,0,0,0,0,0,NaN,NaN,NaN,NaN
C01_nominal_100rpm_10A,B0,baseline,baseline,1090,0.1089,1250,833.333333333333,1874.30443755302,-3601.52423949771,1874.30443755302,-3601.52423949771,0,0,0,0,0,0,0,NaN,NaN,NaN,NaN
C01_nominal_100rpm_10A,B0,baseline,baseline,1091,0.109,1250,833.333333333333,1864.33421004356,-3601.58838819339,1864.33421004356,-3601.58838819339,0,0,0,0,0,0,0,NaN,NaN,NaN,NaN
C01_nominal_100rpm_10A,B0,baseline,baseline,1092,0.1091,1250,833.333333333333,1859.45151228202,-3603.12047605235,1859.45151228202,-3603.12047605235,0,0,0,0,0,0,0,NaN,NaN,NaN,NaN
C01_nominal_100rpm_10A,B0,baseline,baseline,1093,0.1092,1250,833.333333333333,1857.33889272582,-3605.77145548371,1857.33889272582,-3605.77145548371,0,0,0,0,0,0,0,NaN,NaN,NaN,NaN
C01_nominal_100rpm_10A,B0,baseline,baseline,1094,0.1093,1250,833.333333333333,1853.32463189463,-3608.81792076089,1853.32463189463,-3608.81792076089,0,0,0,0,0,0,0,NaN,NaN,NaN,NaN
C01_nominal_100rpm_10A,B0,baseline,baseline,1095,0.1094,1250,833.333333333333,1848.05519393654,-3612.35063178422,1848.05519393654,-3612.35063178422,0,0,0,0,0,0,0,NaN,NaN,NaN,NaN
C01_nominal_100rpm_10A,B0,baseline,baseline,1096,0.1095,1250,833.333333333333,1842.00564289187,-3616.42823548162,1842.00564289187,-3616.42823548162,0,0,0,0,0,0,0,NaN,NaN,NaN,NaN
C01_nominal_100rpm_10A,B0,baseline,baseline,1097,0.1096,1250,833.333333333333,1835.19832958174,-3621.04754195283,1835.19832958174,-3621.04754195283,0,0,0,0,0,0,0,NaN,NaN,NaN,NaN
C01_nominal_100rpm_10A,B0,baseline,baseline,1098,0.1097,1250,833.333333333333,1832.51179265922,-3627.42489380122,1832.51179265922,-3627.42489380122,0,0,0,0,0,0,0,NaN,NaN,NaN,NaN
C01_nominal_100rpm_10A,B0,baseline,baseline,1099,0.1098,1250,833.333333333333,1836.40297892833,-3633.51166095316,1836.40297892833,-3633.51166095316,0,0,0,0,0,0,0,NaN,NaN,NaN,NaN
C01_nominal_100rpm_10A,B0,baseline,baseline,1100,0.1099,1250,833.333333333333,1844.74925064554,-3635.16137640121,1844.74925064554,-3635.16137640121,0,0,0,0,0,0,0,NaN,NaN,NaN,NaN
C01_nominal_100rpm_10A,B0,baseline,baseline,1101,0.11,1250,833.333333333333,1851.38377603422,-3632.28569935173,1851.38377603422,-3632.28569935173,0,0,0,0,0,0,0,NaN,NaN,NaN,NaN
C01_nominal_100rpm_10A,B0,baseline,baseline,1102,0.1101,1250,833.333333333333,1848.51180887648,-3627.83827776189,1848.51180887648,-3627.83827776189,0,0,0,0,0,0,0,NaN,NaN,NaN,NaN
C01_nominal_100rpm_10A,B0,baseline,baseline,1103,0.1102,1250,833.333333333333,1841.33058227478,-3625.55164388882,1841.33058227478,-3625.55164388882,0,0,0,0,0,0,0,NaN,NaN,NaN,NaN
C01_nominal_100rpm_10A,B0,baseline,baseline,1104,0.1103,1250,833.333333333333,1838.93487018772,-3625.62483667147,1838.93487018772,-3625.62483667147,0,0,0,0,0,0,0,NaN,NaN,NaN,NaN
C01_nominal_100rpm_10A,B0,baseline,baseline,1105,0.1104,1250,833.333333333333,1840.35748897551,-3625.40524298512,1840.35748897551,-3625.40524298512,0,0,0,0,0,0,0,NaN,NaN,NaN,NaN
C01_nominal_100rpm_10A,B0,baseline,baseline,1106,0.1105,1250,833.333333333333,1840.48110015348,-3625.57030132985,1840.48110015348,-3625.57030132985,0,0,0,0,0,0,0,NaN,NaN,NaN,NaN
C01_nominal_100rpm_10A,B0,baseline,baseline,1107,0.1106,1250,833.333333333333,1837.76601035423,-3627.54110868135,1837.76601035423,-3627.54110868135,0,0,0,0,0,0,0,NaN,NaN,NaN,NaN
C01_nominal_100rpm_10A,B0,baseline,baseline,1108,0.1107,1250,833.333333333333,1836.50276750567,-3626.46635406227,1836.50276750567,-3626.46635406227,0,0,0,0,0,0,0,NaN,NaN,NaN,NaN
C01_nominal_100rpm_10A,B0,baseline,baseline,1109,0.1108,1250,833.333333333333,1843.57424743107,-3618.39906469294,1843.57424743107,-3618.39906469294,0,0,0,0,0,0,0,NaN,NaN,NaN,NaN
C01_nominal_100rpm_10A,B0,baseline,baseline,1110,0.1109,1250,833.333333333333,1856.05868635175,-3607.53229590885,1856.05868635175,-3607.53229590885,0,0,0,0,0,0,0,NaN,NaN,NaN,NaN
C01_nominal_100rpm_10A,B0,baseline,baseline,1111,0.111,1250,833.333333333333,1861.50997142841,-3601.46213971792,1861.50997142841,-3601.46213971792,0,0,0,0,0,0,0,NaN,NaN,NaN,NaN
C01_nominal_100rpm_10A,B0,baseline,baseline,1112,0.1111,1250,833.333333333333,1855.71928298486,-3606.07502235758,1855.71928298486,-3606.07502235758,0,0,0,0,0,0,0,NaN,NaN,NaN,NaN
C01_nominal_100rpm_10A,B0,baseline,baseline,1113,0.1112,1250,833.333333333333,1842.08562042281,-3613.28339069875,1842.08562042281,-3613.28339069875,0,0,0,0,0,0,0,NaN,NaN,NaN,NaN
C01_nominal_100rpm_10A,B0,baseline,baseline,1114,0.1113,1250,833.333333333333,1834.27578077171,-3612.44128400032,1834.27578077171,-3612.44128400032,0,0,0,0,0,0,0,NaN,NaN,NaN,NaN
C01_nominal_100rpm_10A,B0,baseline,baseline,1115,0.1114,1250,833.333333333333,1839.23296235282,-3606.53338659854,1839.23296235282,-3606.53338659854,0,0,0,0,0,0,0,NaN,NaN,NaN,NaN
C01_nominal_100rpm_10A,B0,baseline,baseline,1116,0.1115,1250,833.333333333333,1847.1250551289,-3602.88748014609,1847.1250551289,-3602.88748014609,0,0,0,0,0,0,0,NaN,NaN,NaN,NaN
C01_nominal_100rpm_10A,B0,baseline,baseline,1117,0.1116,1250,833.333333333333,1852.27848212712,-3607.35439955627,1852.27848212712,-3607.35439955627,0,0,0,0,0,0,0,NaN,NaN,NaN,NaN
C01_nominal_100rpm_10A,B0,baseline,baseline,1118,0.1117,1250,833.333333333333,1851.16879254115,-3613.82488687414,1851.16879254115,-3613.82488687414,0,0,0,0,0,0,0,NaN,NaN,NaN,NaN
C01_nominal_100rpm_10A,B0,baseline,baseline,1119,0.1118,1250,833.333333333333,1850.03704233874,-3613.70024918757,1850.03704233874,-3613.70024918757,0,0,0,0,0,0,0,NaN,NaN,NaN,NaN
C01_nominal_100rpm_10A,B0,baseline,baseline,1120,0.1119,1250,833.333333333333,1852.8748309815,-3610.33416581142,1852.8748309815,-3610.33416581142,0,0,0,0,0,0,0,NaN,NaN,NaN,NaN
C01_nominal_100rpm_10A,B0,baseline,baseline,1121,0.112,1250,833.333333333333,1850.60952631589,-3605.84825921991,1850.60952631589,-3605.84825921991,0,0,0,0,0,0,0,NaN,NaN,NaN,NaN
C01_nominal_100rpm_10A,B0,baseline,baseline,1122,0.1121,1250,833.333333333333,1847.38044533607,-3602.45598514097,1847.38044533607,-3602.45598514097,0,0,0,0,0,0,0,NaN,NaN,NaN,NaN
C01_nominal_100rpm_10A,B0,baseline,baseline,1123,0.1122,1250,833.333333333333,1846.71235718393,-3602.23613314473,1846.71235718393,-3602.23613314473,0,0,0,0,0,0,0,NaN,NaN,NaN,NaN
C01_nominal_100rpm_10A,B0,baseline,baseline,1124,0.1123,1250,833.333333333333,1845.74064883317,-3600.51595065361,1845.74064883317,-3600.51595065361,0,0,0,0,0,0,0,NaN,NaN,NaN,NaN
C01_nominal_100rpm_10A,B0,baseline,baseline,1125,0.1124,1250,833.333333333333,1848.08407444757,-3598.95839193561,1848.08407444757,-3598.95839193561,0,0,0,0,0,0,0,NaN,NaN,NaN,NaN
C01_nominal_100rpm_10A,B0,baseline,baseline,1126,0.1125,1250,833.333333333333,1848.24181823834,-3601.09251436793,1848.24181823834,-3601.09251436793,0,0,0,0,0,0,0,NaN,NaN,NaN,NaN
C01_nominal_100rpm_10A,B0,baseline,baseline,1127,0.1126,1250,833.333333333333,1844.36354720552,-3601.89056821733,1844.36354720552,-3601.89056821733,0,0,0,0,0,0,0,NaN,NaN,NaN,NaN
C01_nominal_100rpm_10A,B0,baseline,baseline,1128,0.1127,1250,833.333333333333,1844.55509970742,-3602.33880847186,1844.55509970742,-3602.33880847186,0,0,0,0,0,0,0,NaN,NaN,NaN,NaN
C01_nominal_100rpm_10A,B0,baseline,baseline,1129,0.1128,1250,833.333333333333,1843.27087161173,-3605.89127781495,1843.27087161173,-3605.89127781495,0,0,0,0,0,0,0,NaN,NaN,NaN,NaN
C01_nominal_100rpm_10A,B0,baseline,baseline,1130,0.1129,1250,833.333333333333,1838.62759134847,-3607.63004866946,1838.62759134847,-3607.63004866946,0,0,0,0,0,0,0,NaN,NaN,NaN,NaN
C01_nominal_100rpm_10A,B0,baseline,baseline,1131,0.113,1250,833.333333333333,1838.5123257315,-3608.81128019038,1838.5123257315,-3608.81128019038,0,0,0,0,0,0,0,NaN,NaN,NaN,NaN
C01_nominal_100rpm_10A,B0,baseline,baseline,1132,0.1131,1250,833.333333333333,1836.75324500586,-3612.81847328097,1836.75324500586,-3612.81847328097,0,0,0,0,0,0,0,NaN,NaN,NaN,NaN
C01_nominal_100rpm_10A,B0,baseline,baseline,1133,0.1132,1250,833.333333333333,1832.08593499314,-3614.8278974802,1832.08593499314,-3614.8278974802,0,0,0,0,0,0,0,NaN,NaN,NaN,NaN
C01_nominal_100rpm_10A,B0,baseline,baseline,1134,0.1133,1250,833.333333333333,1832.55037033443,-3612.00410958045,1832.55037033443,-3612.00410958045,0,0,0,0,0,0,0,NaN,NaN,NaN,NaN
C01_nominal_100rpm_10A,B0,baseline,baseline,1135,0.1134,1250,833.333333333333,1836.69604235239,-3606.22555177227,1836.69604235239,-3606.22555177227,0,0,0,0,0,0,0,NaN,NaN,NaN,NaN
C01_nominal_100rpm_10A,B0,baseline,baseline,1136,0.1135,1250,833.333333333333,1841.47798924215,-3602.3085189123,1841.47798924215,-3602.3085189123,0,0,0,0,0,0,0,NaN,NaN,NaN,NaN
C01_nominal_100rpm_10A,B0,baseline,baseline,1137,0.1136,1250,833.333333333333,1843.03480365486,-3604.08038064456,1843.03480365486,-3604.08038064456,0,0,0,0,0,0,0,NaN,NaN,NaN,NaN
C01_nominal_100rpm_10A,B0,baseline,baseline,1138,0.1137,1250,833.333333333333,1840.19633138667,-3607.08278549957,1840.19633138667,-3607.08278549957,0,0,0,0,0,0,0,NaN,NaN,NaN,NaN
C01_nominal_100rpm_10A,B0,baseline,baseline,1139,0.1138,1250,833.333333333333,1839.42860571033,-3606.08885309186,1839.42860571033,-3606.08885309186,0,0,0,0,0,0,0,NaN,NaN,NaN,NaN
C01_nominal_100rpm_10A,B0,baseline,baseline,1140,0.1139,1250,833.333333333333,1840.7176045746,-3604.72051471302,1840.7176045746,-3604.72051471302,0,0,0,0,0,0,0,NaN,NaN,NaN,NaN
C01_nominal_100rpm_10A,B0,baseline,baseline,1141,0.114,1250,833.333333333333,1838.43308502665,-3607.88978623636,1838.43308502665,-3607.88978623636,0,0,0,0,0,0,0,NaN,NaN,NaN,NaN
C01_nominal_100rpm_10A,B0,baseline,baseline,1142,0.1141,1250,833.333333333333,1834.38340834104,-3611.9295447145,1834.38340834104,-3611.9295447145,0,0,0,0,0,0,0,NaN,NaN,NaN,NaN
C01_nominal_100rpm_10A,B0,baseline,baseline,1143,0.1142,1250,833.333333333333,1835.5883544435,-3607.57869075871,1835.5883544435,-3607.57869075871,0,0,0,0,0,0,0,NaN,NaN,NaN,NaN
C01_nominal_100rpm_10A,B0,baseline,baseline,1144,0.1143,1250,833.333333333333,1844.4280461225,-3596.78516539515,1844.4280461225,-3596.78516539515,0,0,0,0,0,0,0,NaN,NaN,NaN,NaN
C01_nominal_100rpm_10A,B0,baseline,baseline,1145,0.1144,1250,833.333333333333,1854.42944698278,-3593.14297497427,1854.42944698278,-3593.14297497427,0,0,0,0,0,0,0,NaN,NaN,NaN,NaN
C01_nominal_100rpm_10A,B0,baseline,baseline,1146,0.1145,1250,833.333333333333,1859.13321830063,-3599.30819697629,1859.13321830063,-3599.30819697629,0,0,0,0,0,0,0,NaN,NaN,NaN,NaN
C01_nominal_100rpm_10A,B0,baseline,baseline,1147,0.1146,1250,833.333333333333,1861.56220935585,-3606.29590923042,1861.56220935585,-3606.29590923042,0,0,0,0,0,0,0,NaN,NaN,NaN,NaN
C01_nominal_100rpm_10A,B0,baseline,baseline,1148,0.1147,1250,833.333333333333,1864.8777622087,-3605.14143864211,1864.8777622087,-3605.14143864211,0,0,0,0,0,0,0,NaN,NaN,NaN,NaN
C01_nominal_100rpm_10A,B0,baseline,baseline,1149,0.1148,1250,833.333333333333,1864.48556635733,-3597.4411663036,1864.48556635733,-3597.4411663036,0,0,0,0,0,0,0,NaN,NaN,NaN,NaN
C01_nominal_100rpm_10A,B0,baseline,baseline,1150,0.1149,1250,833.333333333333,1859.58359768417,-3595.16312802463,1859.58359768417,-3595.16312802463,0,0,0,0,0,0,0,NaN,NaN,NaN,NaN
C01_nominal_100rpm_10A,B0,baseline,baseline,1151,0.115,1250,833.333333333333,1857.33817132215,-3600.69650097794,1857.33817132215,-3600.69650097794,0,0,0,0,0,0,0,NaN,NaN,NaN,NaN
C01_nominal_100rpm_10A,B0,baseline,baseline,1152,0.1151,1250,833.333333333333,1860.7465230318,-3606.75084998376,1860.7465230318,-3606.75084998376,0,0,0,0,0,0,0,NaN,NaN,NaN,NaN
C01_nominal_100rpm_10A,B0,baseline,baseline,1153,0.1152,1250,833.333333333333,1866.97618121569,-3606.20319726037,1866.97618121569,-3606.20319726037,0,0,0,0,0,0,0,NaN,NaN,NaN,NaN
C01_nominal_100rpm_10A,B0,baseline,baseline,1154,0.1153,1250,833.333333333333,1871.16436313263,-3597.07825739408,1871.16436313263,-3597.07825739408,0,0,0,0,0,0,0,NaN,NaN,NaN,NaN
C01_nominal_100rpm_10A,B0,baseline,baseline,1155,0.1154,1250,833.333333333333,1867.1151813128,-3588.53479475133,1867.1151813128,-3588.53479475133,0,0,0,0,0,0,0,NaN,NaN,NaN,NaN
C01_nominal_100rpm_10A,B0,baseline,baseline,1156,0.1155,1250,833.333333333333,1858.76643772238,-3589.61968210176,1858.76643772238,-3589.61968210176,0,0,0,0,0,0,0,NaN,NaN,NaN,NaN
C01_nominal_100rpm_10A,B0,baseline,baseline,1157,0.1156,1250,833.333333333333,1852.01474668269,-3598.25451290372,1852.01474668269,-3598.25451290372,0,0,0,0,0,0,0,NaN,NaN,NaN,NaN
C01_nominal_100rpm_10A,B0,baseline,baseline,1158,0.1157,1250,833.333333333333,1847.25715882514,-3607.46205405377,1847.25715882514,-3607.46205405377,0,0,0,0,0,0,0,NaN,NaN,NaN,NaN
C01_nominal_100rpm_10A,B0,baseline,baseline,1159,0.1158,1250,833.333333333333,1849.65519150339,-3610.59456592797,1849.65519150339,-3610.59456592797,0,0,0,0,0,0,0,NaN,NaN,NaN,NaN
C01_nominal_100rpm_10A,B0,baseline,baseline,1160,0.1159,1250,833.333333333333,1858.2270976636,-3605.74393499399,1858.2270976636,-3605.74393499399,0,0,0,0,0,0,0,NaN,NaN,NaN,NaN
C01_nominal_100rpm_10A,B0,baseline,baseline,1161,0.116,1250,833.333333333333,1867.1649719198,-3597.96241779435,1867.1649719198,-3597.96241779435,0,0,0,0,0,0,0,NaN,NaN,NaN,NaN
C01_nominal_100rpm_10A,B0,baseline,baseline,1162,0.1161,1250,833.333333333333,1874.05144028419,-3590.85170140217,1874.05144028419,-3590.85170140217,0,0,0,0,0,0,0,NaN,NaN,NaN,NaN
C01_nominal_100rpm_10A,B0,baseline,baseline,1163,0.1162,1250,833.333333333333,1874.64943125238,-3584.15038422709,1874.64943125238,-3584.15038422709,0,0,0,0,0,0,0,NaN,NaN,NaN,NaN
C01_nominal_100rpm_10A,B0,baseline,baseline,1164,0.1163,1250,833.333333333333,1870.98441709256,-3577.93447445293,1870.98441709256,-3577.93447445293,0,0,0,0,0,0,0,NaN,NaN,NaN,NaN
C01_nominal_100rpm_10A,B0,baseline,baseline,1165,0.1164,1250,833.333333333333,1867.6127651273,-3572.42588850888,1867.6127651273,-3572.42588850888,0,0,0,0,0,0,0,NaN,NaN,NaN,NaN
C01_nominal_100rpm_10A,B0,baseline,baseline,1166,0.1165,1250,833.333333333333,1860.9841811756,-3571.08254612373,1860.9841811756,-3571.08254612373,0,0,0,0,0,0,0,NaN,NaN,NaN,NaN
C01_nominal_100rpm_10A,B0,baseline,baseline,1167,0.1166,1250,833.333333333333,1850.70376839805,-3579.16323979759,1850.70376839805,-3579.16323979759,0,0,0,0,0,0,0,NaN,NaN,NaN,NaN
C01_nominal_100rpm_10A,B0,baseline,baseline,1168,0.1167,1250,833.333333333333,1840.15610292838,-3594.88356655265,1840.15610292838,-3594.88356655265,0,0,0,0,0,0,0,NaN,NaN,NaN,NaN
C01_nominal_100rpm_10A,B0,baseline,baseline,1169,0.1168,1250,833.333333333333,1831.96849763049,-3611.39769475056,1831.96849763049,-3611.39769475056,0,0,0,0,0,0,0,NaN,NaN,NaN,NaN
C01_nominal_100rpm_10A,B0,baseline,baseline,1170,0.1169,1250,833.333333333333,1829.07036485891,-3621.96130441916,1829.07036485891,-3621.96130441916,0,0,0,0,0,0,0,NaN,NaN,NaN,NaN
C01_nominal_100rpm_10A,B0,baseline,baseline,1171,0.117,1250,833.333333333333,1829.43458740483,-3624.37066056237,1829.43458740483,-3624.37066056237,0,0,0,0,0,0,0,NaN,NaN,NaN,NaN
C01_nominal_100rpm_10A,B0,baseline,baseline,1172,0.1171,1250,833.333333333333,1829.78386253617,-3623.68637050685,1829.78386253617,-3623.68637050685,0,0,0,0,0,0,0,NaN,NaN,NaN,NaN
C01_nominal_100rpm_10A,B0,baseline,baseline,1173,0.1172,1250,833.333333333333,1830.17328432294,-3623.77492343404,1830.17328432294,-3623.77492343404,0,0,0,0,0,0,0,NaN,NaN,NaN,NaN
C01_nominal_100rpm_10A,B0,baseline,baseline,1174,0.1173,1250,833.333333333333,1829.76685071167,-3624.5107818637,1829.76685071167,-3624.5107818637,0,0,0,0,0,0,0,NaN,NaN,NaN,NaN
C01_nominal_100rpm_10A,B0,baseline,baseline,1175,0.1174,1250,833.333333333333,1828.37040184434,-3625.85121902245,1828.37040184434,-3625.85121902245,0,0,0,0,0,0,0,NaN,NaN,NaN,NaN
C01_nominal_100rpm_10A,B0,baseline,baseline,1176,0.1175,1250,833.333333333333,1825.87710256975,-3627.75346438898,1825.87710256975,-3627.75346438898,0,0,0,0,0,0,0,NaN,NaN,NaN,NaN
C01_nominal_100rpm_10A,B0,baseline,baseline,1177,0.1176,1250,833.333333333333,1822.70091493791,-3630.28655849418,1822.70091493791,-3630.28655849418,0,0,0,0,0,0,0,NaN,NaN,NaN,NaN
C01_nominal_100rpm_10A,B0,baseline,baseline,1178,0.1177,1250,833.333333333333,1824.52131970588,-3634.67621672249,1824.52131970588,-3634.67621672249,0,0,0,0,0,0,0,NaN,NaN,NaN,NaN
C01_nominal_100rpm_10A,B0,baseline,baseline,1179,0.1178,1250,833.333333333333,1833.5094699199,-3638.89258721588,1833.5094699199,-3638.89258721588,0,0,0,0,0,0,0,NaN,NaN,NaN,NaN
C01_nominal_100rpm_10A,B0,baseline,baseline,1180,0.1179,1250,833.333333333333,1846.11443949934,-3638.75755631407,1846.11443949934,-3638.75755631407,0,0,0,0,0,0,0,NaN,NaN,NaN,NaN
C01_nominal_100rpm_10A,B0,baseline,baseline,1181,0.118,1250,833.333333333333,1855.09450590099,-3634.04890920545,1855.09450590099,-3634.04890920545,0,0,0,0,0,0,0,NaN,NaN,NaN,NaN
C01_nominal_100rpm_10A,B0,baseline,baseline,1182,0.1181,1250,833.333333333333,1852.86533775944,-3627.71506466314,1852.86533775944,-3627.71506466314,0,0,0,0,0,0,0,NaN,NaN,NaN,NaN
C01_nominal_100rpm_10A,B0,baseline,baseline,1183,0.1182,1250,833.333333333333,1842.09709141809,-3624.94061012184,1842.09709141809,-3624.94061012184,0,0,0,0,0,0,0,NaN,NaN,NaN,NaN
C01_nominal_100rpm_10A,B0,baseline,baseline,1184,0.1183,1250,833.333333333333,1831.03754527833,-3628.93600514626,1831.03754527833,-3628.93600514626,0,0,0,0,0,0,0,NaN,NaN,NaN,NaN
C01_nominal_100rpm_10A,B0,baseline,baseline,1185,0.1184,1250,833.333333333333,1825.89568884882,-3635.84954438438,1825.89568884882,-3635.84954438438,0,0,0,0,0,0,0,NaN,NaN,NaN,NaN
C01_nominal_100rpm_10A,B0,baseline,baseline,1186,0.1185,1250,833.333333333333,1826.25605460043,-3640.33543324543,1826.25605460043,-3640.33543324543,0,0,0,0,0,0,0,NaN,NaN,NaN,NaN
C01_nominal_100rpm_10A,B0,baseline,baseline,1187,0.1186,1250,833.333333333333,1831.6706547713,-3643.63996009266,1831.6706547713,-3643.63996009266,0,0,0,0,0,0,0,NaN,NaN,NaN,NaN
C01_nominal_100rpm_10A,B0,baseline,baseline,1188,0.1187,1250,833.333333333333,1839.45109352358,-3646.27995510353,1839.45109352358,-3646.27995510353,0,0,0,0,0,0,0,NaN,NaN,NaN,NaN
C01_nominal_100rpm_10A,B0,baseline,baseline,1189,0.1188,1250,833.333333333333,1842.33978190689,-3646.35081215818,1842.33978190689,-3646.35081215818,0,0,0,0,0,0,0,NaN,NaN,NaN,NaN
C01_nominal_100rpm_10A,B0,baseline,baseline,1190,0.1189,1250,833.333333333333,1845.96307684859,-3648.06602070451,1845.96307684859,-3648.06602070451,0,0,0,0,0,0,0,NaN,NaN,NaN,NaN
C01_nominal_100rpm_10A,B0,baseline,baseline,1191,0.119,1250,833.333333333333,1851.77807508639,-3649.94274736521,1851.77807508639,-3649.94274736521,0,0,0,0,0,0,0,NaN,NaN,NaN,NaN
C01_nominal_100rpm_10A,B0,baseline,baseline,1192,0.1191,1250,833.333333333333,1856.43918990507,-3648.10863058659,1856.43918990507,-3648.10863058659,0,0,0,0,0,0,0,NaN,NaN,NaN,NaN
C01_nominal_100rpm_10A,B0,baseline,baseline,1193,0.1192,1250,833.333333333333,1856.90500901836,-3644.51455534394,1856.90500901836,-3644.51455534394,0,0,0,0,0,0,0,NaN,NaN,NaN,NaN
C01_nominal_100rpm_10A,B0,baseline,baseline,1194,0.1193,1250,833.333333333333,1846.31021839144,-3634.15137618868,1846.31021839144,-3634.15137618868,0,0,0,0,0,0,0,NaN,NaN,NaN,NaN
C01_nominal_100rpm_10A,B0,baseline,baseline,1195,0.1194,1250,833.333333333333,1837.915196185,-3617.97672865225,1837.915196185,-3617.97672865225,0,0,0,0,0,0,0,NaN,NaN,NaN,NaN
C01_nominal_100rpm_10A,B0,baseline,baseline,1196,0.1195,1250,833.333333333333,1842.87719223264,-3605.37781491812,1842.87719223264,-3605.37781491812,0,0,0,0,0,0,0,NaN,NaN,NaN,NaN
C01_nominal_100rpm_10A,B0,baseline,baseline,1197,0.1196,1250,833.333333333333,1852.83322609632,-3599.4342767642,1852.83322609632,-3599.4342767642,0,0,0,0,0,0,0,NaN,NaN,NaN,NaN
C01_nominal_100rpm_10A,B0,baseline,baseline,1198,0.1197,1250,833.333333333333,1856.24862321902,-3603.34501536867,1856.24862321902,-3603.34501536867,0,0,0,0,0,0,0,NaN,NaN,NaN,NaN
C01_nominal_100rpm_10A,B0,baseline,baseline,1199,0.1198,1250,833.333333333333,1845.57070185911,-3611.18522981173,1845.57070185911,-3611.18522981173,0,0,0,0,0,0,0,NaN,NaN,NaN,NaN
C01_nominal_100rpm_10A,B0,baseline,baseline,1200,0.1199,1250,833.333333333333,1835.6566805331,-3612.1694841279,1835.6566805331,-3612.1694841279,0,0,0,0,0,0,0,NaN,NaN,NaN,NaN
C07_known_false_safe,B0,baseline,baseline,1,0,1250,833.333333333333,-0,-14137.1669411541,-0,-14137.1669411541,0,0,0,0,0,0,0,NaN,NaN,NaN,NaN
C07_known_false_safe,B0,baseline,baseline,2,0.0001,1250,833.333333333333,-0.390465342224715,-14138.2885750186,-0.390465342224715,-14138.2885750186,0,0,0,0,0,0,0,NaN,NaN,NaN,NaN
C07_known_false_safe,B0,baseline,baseline,3,0.0002,1250,833.333333333333,-14.6285180007123,-14131.5250498766,-14.6285180007123,-14131.5250498766,0,0,0,0,0,0,0,NaN,NaN,NaN,NaN
C07_known_false_safe,B0,baseline,baseline,4,0.0003,1250,833.333333333333,-15.0779041793494,-14112.3552315392,-15.0779041793494,-14112.3552315392,0,0,0,0,0,0,0,NaN,NaN,NaN,NaN
C07_known_false_safe,B0,baseline,baseline,5,0.0004,1250,833.333333333333,87.1974350709281,-14096.7066332888,87.1974350709281,-14096.7066332888,0,0,0,0,0,0,0,NaN,NaN,NaN,NaN
C07_known_false_safe,B0,baseline,baseline,6,0.0005,1250,833.333333333333,364.633930140587,-14105.2691905255,364.633930140587,-14105.2691905255,0,0,0,0,0,0,0,NaN,NaN,NaN,NaN
C07_known_false_safe,B0,baseline,baseline,7,0.0006,1250,833.333333333333,839.886900904787,-14165.7295363647,839.886900904787,-14165.7295363647,0,0,0,0,0,0,0,NaN,NaN,NaN,NaN
C07_known_false_safe,B0,baseline,baseline,8,0.0007,1250,833.333333333333,1448.08899097295,-14276.3788347996,1448.08899097295,-14276.3788347996,0,0,0,0,0,0,0,NaN,NaN,NaN,NaN
C07_known_false_safe,B0,baseline,baseline,9,0.0008,1250,833.333333333333,2087.93803517306,-14399.7556180666,2087.93803517306,-14399.7556180666,0,0,0,0,0,0,0,NaN,NaN,NaN,NaN
C07_known_false_safe,B0,baseline,baseline,10,0.0009,1250,833.333333333333,2721.43874125144,-14509.226430577,2721.43874125144,-14509.226430577,0,0,0,0,0,0,0,NaN,NaN,NaN,NaN
C07_known_false_safe,B0,baseline,baseline,11,0.001,1250,833.333333333333,3345.52814625163,-14590.314446007,3345.52814625163,-14590.314446007,0,0,0,0,0,0,0,NaN,NaN,NaN,NaN
C07_known_false_safe,B0,baseline,baseline,12,0.0011,1250,833.333333333333,3970.38786676897,-14649.9506382106,3970.38786676897,-14649.9506382106,0,0,0,0,0,0,0,NaN,NaN,NaN,NaN
C07_known_false_safe,B0,baseline,baseline,13,0.0012,1250,833.333333333333,4604.7456995801,-14705.6175665806,4604.7456995801,-14705.6175665806,0,0,0,0,0,0,0,NaN,NaN,NaN,NaN
C07_known_false_safe,B0,baseline,baseline,14,0.0013,1250,833.333333333333,5241.78666063368,-14760.5029319044,5241.78666063368,-14760.5029319044,0,0,0,0,0,0,0,NaN,NaN,NaN,NaN
C07_known_false_safe,B0,baseline,baseline,15,0.0014,1250,833.333333333333,5877.17527056076,-14814.9435281177,5877.17527056076,-14814.9435281177,0,0,0,0,0,0,0,NaN,NaN,NaN,NaN
C07_known_false_safe,B0,baseline,baseline,16,0.0015,1250,833.333333333333,6509.54123444971,-14869.1930208517,6509.54123444971,-14869.1930208517,0,0,0,0,0,0,0,NaN,NaN,NaN,NaN
C07_known_false_safe,B0,baseline,baseline,17,0.0016,1250,833.333333333333,7123.61492908978,-14913.12314996,7123.61492908978,-14913.12314996,0,0,0,0,0,0,0,NaN,NaN,NaN,NaN
C07_known_false_safe,B0,baseline,baseline,18,0.0017,1250,833.333333333333,7709.0859912563,-14940.7319822614,7709.0859912563,-14940.7319822614,0,0,0,0,0,0,0,NaN,NaN,NaN,NaN
C07_known_false_safe,B0,baseline,baseline,19,0.0018,1250,833.333333333333,8296.18433062924,-14967.1701308182,8296.18433062924,-14967.1701308182,0,0,0,0,0,0,0,NaN,NaN,NaN,NaN
C07_known_false_safe,B0,baseline,baseline,20,0.0019,1250,833.333333333333,8917.25129996136,-15009.5561624423,8917.25129996136,-15009.5561624423,0,0,0,0,0,0,0,NaN,NaN,NaN,NaN
C07_known_false_safe,B0,baseline,baseline,21,0.002,1250,833.333333333333,9575.87440416444,-15078.2551248327,9575.87440416444,-15078.2551248327,0,0,0,0,0,0,0,NaN,NaN,NaN,NaN
C07_known_false_safe,B0,baseline,baseline,22,0.0021,1250,833.333333333333,10248.2003313203,-15162.7646910297,10248.2003313203,-15162.7646910297,0,0,0,0,0,0,0,NaN,NaN,NaN,NaN
C07_known_false_safe,B0,baseline,baseline,23,0.0022,1250,833.333333333333,10897.631723721,-15238.8232961801,10897.631723721,-15238.8232961801,0,0,0,0,0,0,0,NaN,NaN,NaN,NaN
C07_known_false_safe,B0,baseline,baseline,24,0.0023,1250,833.333333333333,11521.4335261104,-15300.887475339,11521.4335261104,-15300.887475339,0,0,0,0,0,0,0,NaN,NaN,NaN,NaN
C07_known_false_safe,B0,baseline,baseline,25,0.0024,1250,833.333333333333,12135.9565067803,-15354.2099394741,12135.9565067803,-15354.2099394741,0,0,0,0,0,0,0,NaN,NaN,NaN,NaN
C07_known_false_safe,B0,baseline,baseline,26,0.0025,1250,833.333333333333,12737.4100092111,-15404.6645023278,12737.4100092111,-15404.6645023278,0,0,0,0,0,0,0,NaN,NaN,NaN,NaN
C07_known_false_safe,B0,baseline,baseline,27,0.0026,1250,833.333333333333,13315.6817113833,-15455.4851938374,13315.6817113833,-15455.4851938374,0,0,0,0,0,0,0,NaN,NaN,NaN,NaN
C07_known_false_safe,B0,baseline,baseline,28,0.0027,1250,833.333333333333,13870.6767566222,-15508.9983036756,13870.6767566222,-15508.9983036756,0,0,0,0,0,0,0,NaN,NaN,NaN,NaN
C07_known_false_safe,B0,baseline,baseline,29,0.0028,1250,833.333333333333,14411.147863811,-15565.7686787607,14411.147863811,-15565.7686787607,0,0,0,0,0,0,0,NaN,NaN,NaN,NaN
C07_known_false_safe,B0,baseline,baseline,30,0.0029,1250,833.333333333333,14949.9874474259,-15617.1158916815,14949.9874474259,-15617.1158916815,0,0,0,0,0,0,0,NaN,NaN,NaN,NaN
C07_known_false_safe,B0,baseline,baseline,31,0.003,1250,833.333333333333,15500.6291061862,-15658.5935290108,15500.6291061862,-15658.5935290108,0,0,0,0,0,0,0,NaN,NaN,NaN,NaN
C09_S2_boundary,B0,baseline,baseline,1,0,1250,833.333333333333,-0,-14137.1669411541,-0,-14137.1669411541,0,0,0,0,0,0,0,NaN,NaN,NaN,NaN
C09_S2_boundary,B0,baseline,baseline,2,0.0001,1250,833.333333333333,-0.390465342224715,-14138.2885750186,-0.390465342224715,-14138.2885750186,0,0,0,0,0,0,0,NaN,NaN,NaN,NaN
C09_S2_boundary,B0,baseline,baseline,3,0.0002,1250,833.333333333333,-14.6285180007123,-14131.5250498766,-14.6285180007123,-14131.5250498766,0,0,0,0,0,0,0,NaN,NaN,NaN,NaN
C09_S2_boundary,B0,baseline,baseline,4,0.0003,1250,833.333333333333,-25.9276922559222,-14111.6441583997,-25.9276922559222,-14111.6441583997,0,0,0,0,0,0,0,NaN,NaN,NaN,NaN
C09_S2_boundary,B0,baseline,baseline,5,0.0004,1250,833.333333333333,33.3669780783998,-14092.6915523302,33.3669780783998,-14092.6915523302,0,0,0,0,0,0,0,NaN,NaN,NaN,NaN
C09_S2_boundary,B0,baseline,baseline,6,0.0005,1250,833.333333333333,211.510970682912,-14091.6480306174,211.510970682912,-14091.6480306174,0,0,0,0,0,0,0,NaN,NaN,NaN,NaN
C09_S2_boundary,B0,baseline,baseline,7,0.0006,1250,833.333333333333,513.063559742049,-14130.2623884037,513.063559742049,-14130.2623884037,0,0,0,0,0,0,0,NaN,NaN,NaN,NaN
C09_S2_boundary,B0,baseline,baseline,8,0.0007,1250,833.333333333333,884.802299232279,-14212.9607934326,884.802299232279,-14212.9607934326,0,0,0,0,0,0,0,NaN,NaN,NaN,NaN
C09_S2_boundary,B0,baseline,baseline,9,0.0008,1250,833.333333333333,1256.47848450217,-14311.3335842218,1256.47848450217,-14311.3335842218,0,0,0,0,0,0,0,NaN,NaN,NaN,NaN
C09_S2_boundary,B0,baseline,baseline,10,0.0009,1250,833.333333333333,1619.66187637583,-14393.6223310556,1619.66187637583,-14393.6223310556,0,0,0,0,0,0,0,NaN,NaN,NaN,NaN
C09_S2_boundary,B0,baseline,baseline,11,0.001,1250,833.333333333333,1988.7467318975,-14442.6253421114,1988.7467318975,-14442.6253421114,0,0,0,0,0,0,0,NaN,NaN,NaN,NaN
C09_S2_boundary,B0,baseline,baseline,12,0.0011,1250,833.333333333333,2368.86770738225,-14464.7660998948,2368.86770738225,-14464.7660998948,0,0,0,0,0,0,0,NaN,NaN,NaN,NaN
C09_S2_boundary,B0,baseline,baseline,13,0.0012,1250,833.333333333333,2758.78880440034,-14482.4715455989,2758.78880440034,-14482.4715455989,0,0,0,0,0,0,0,NaN,NaN,NaN,NaN
C09_S2_boundary,B0,baseline,baseline,14,0.0013,1250,833.333333333333,3147.71449082883,-14510.1693473235,3147.71449082883,-14510.1693473235,0,0,0,0,0,0,0,NaN,NaN,NaN,NaN
C09_S2_boundary,B0,baseline,baseline,15,0.0014,1250,833.333333333333,3531.06218588964,-14544.0872518683,3531.06218588964,-14544.0872518683,0,0,0,0,0,0,0,NaN,NaN,NaN,NaN
C09_S2_boundary,B0,baseline,baseline,16,0.0015,1250,833.333333333333,3910.0540032739,-14576.9399858841,3910.0540032739,-14576.9399858841,0,0,0,0,0,0,0,NaN,NaN,NaN,NaN
C09_S2_boundary,B0,baseline,baseline,17,0.0016,1250,833.333333333333,4286.61080981478,-14608.7856281765,4286.61080981478,-14608.7856281765,0,0,0,0,0,0,0,NaN,NaN,NaN,NaN
C09_S2_boundary,B0,baseline,baseline,18,0.0017,1250,833.333333333333,4649.72964864726,-14631.2019158452,4649.72964864726,-14631.2019158452,0,0,0,0,0,0,0,NaN,NaN,NaN,NaN
C09_S2_boundary,B0,baseline,baseline,19,0.0018,1250,833.333333333333,4997.09609597263,-14640.4368148844,4997.09609597263,-14640.4368148844,0,0,0,0,0,0,0,NaN,NaN,NaN,NaN
C09_S2_boundary,B0,baseline,baseline,20,0.0019,1250,833.333333333333,5354.44554559579,-14652.2482975678,5354.44554559579,-14652.2482975678,0,0,0,0,0,0,0,NaN,NaN,NaN,NaN
C09_S2_boundary,B0,baseline,baseline,21,0.002,1250,833.333333333333,5735.24438097315,-14680.5685247973,5735.24438097315,-14680.5685247973,0,0,0,0,0,0,0,NaN,NaN,NaN,NaN
C09_S2_boundary,B0,baseline,baseline,22,0.0021,1250,833.333333333333,6147.29913210461,-14739.7336321241,6147.29913210461,-14739.7336321241,0,0,0,0,0,0,0,NaN,NaN,NaN,NaN
C09_S2_boundary,B0,baseline,baseline,23,0.0022,1250,833.333333333333,6575.54564293105,-14821.714443965,6575.54564293105,-14821.714443965,0,0,0,0,0,0,0,NaN,NaN,NaN,NaN
C09_S2_boundary,B0,baseline,baseline,24,0.0023,1250,833.333333333333,6975.05775982691,-14887.2335593995,6975.05775982691,-14887.2335593995,0,0,0,0,0,0,0,NaN,NaN,NaN,NaN
C09_S2_boundary,B0,baseline,baseline,25,0.0024,1250,833.333333333333,7343.67566275784,-14921.9390106789,7343.67566275784,-14921.9390106789,0,0,0,0,0,0,0,NaN,NaN,NaN,NaN
C09_S2_boundary,B0,baseline,baseline,26,0.0025,1250,833.333333333333,7699.19865345677,-14932.8300200454,7699.19865345677,-14932.8300200454,0,0,0,0,0,0,0,NaN,NaN,NaN,NaN
C09_S2_boundary,B0,baseline,baseline,27,0.0026,1250,833.333333333333,8055.76000113307,-14937.106134506,8055.76000113307,-14937.106134506,0,0,0,0,0,0,0,NaN,NaN,NaN,NaN
C09_S2_boundary,B0,baseline,baseline,28,0.0027,1250,833.333333333333,8430.61069342513,-14956.5169761363,8430.61069342513,-14956.5169761363,0,0,0,0,0,0,0,NaN,NaN,NaN,NaN
C09_S2_boundary,B0,baseline,baseline,29,0.0028,1250,833.333333333333,8813.17238584867,-14987.4565698662,8813.17238584867,-14987.4565698662,0,0,0,0,0,0,0,NaN,NaN,NaN,NaN
C09_S2_boundary,B0,baseline,baseline,30,0.0029,1250,833.333333333333,9190.24023581281,-15019.8375930758,9190.24023581281,-15019.8375930758,0,0,0,0,0,0,0,NaN,NaN,NaN,NaN
C09_S2_boundary,B0,baseline,baseline,31,0.003,1250,833.333333333333,9564.45539691688,-15052.4243971719,9564.45539691688,-15052.4243971719,0,0,0,0,0,0,0,NaN,NaN,NaN,NaN
C09_S2_boundary,B0,baseline,baseline,32,0.0031,1250,833.333333333333,9925.12509677224,-15076.0381421144,9925.12509677224,-15076.0381421144,0,0,0,0,0,0,0,NaN,NaN,NaN,NaN
C09_S2_boundary,B0,baseline,baseline,33,0.0032,1250,833.333333333333,10269.6559965805,-15086.4214040314,10269.6559965805,-15086.4214040314,0,0,0,0,0,0,0,NaN,NaN,NaN,NaN
C09_S2_boundary,B0,baseline,baseline,34,0.0033,1250,833.333333333333,10625.4130970865,-15098.2831382268,10625.4130970865,-15098.2831382268,0,0,0,0,0,0,0,NaN,NaN,NaN,NaN
C09_S2_boundary,B0,baseline,baseline,35,0.0034,1250,833.333333333333,11007.2370141764,-15124.8751986887,11007.2370141764,-15124.8751986887,0,0,0,0,0,0,0,NaN,NaN,NaN,NaN
C09_S2_boundary,B0,baseline,baseline,36,0.0035,1250,833.333333333333,11419.0543239415,-15179.9422484611,11419.0543239415,-15179.9422484611,0,0,0,0,0,0,0,NaN,NaN,NaN,NaN
C09_S2_boundary,B0,baseline,baseline,37,0.0036,1250,833.333333333333,11843.3112913259,-15256.6704337163,11843.3112913259,-15256.6704337163,0,0,0,0,0,0,0,NaN,NaN,NaN,NaN
C09_S2_boundary,B0,baseline,baseline,38,0.0037,1250,833.333333333333,12239.0550997513,-15319.6510778907,12239.0550997513,-15319.6510778907,0,0,0,0,0,0,0,NaN,NaN,NaN,NaN
C09_S2_boundary,B0,baseline,baseline,39,0.0038,1250,833.333333333333,12607.7518066994,-15355.9725956643,12607.7518066994,-15355.9725956643,0,0,0,0,0,0,0,NaN,NaN,NaN,NaN
C09_S2_boundary,B0,baseline,baseline,40,0.0039,1250,833.333333333333,12968.4835154076,-15371.1904205321,12968.4835154076,-15371.1904205321,0,0,0,0,0,0,0,NaN,NaN,NaN,NaN
C09_S2_boundary,B0,baseline,baseline,41,0.004,1250,833.333333333333,13331.5845010023,-15379.9443055466,13331.5845010023,-15379.9443055466,0,0,0,0,0,0,0,NaN,NaN,NaN,NaN
C09_S2_boundary,B0,baseline,baseline,42,0.0041,1250,833.333333333333,13708.6839443352,-15401.4958179037,13708.6839443352,-15401.4958179037,0,0,0,0,0,0,0,NaN,NaN,NaN,NaN
C09_S2_boundary,B0,baseline,baseline,43,0.0042,1250,833.333333333333,14091.0281504391,-15432.8344295116,14091.0281504391,-15432.8344295116,0,0,0,0,0,0,0,NaN,NaN,NaN,NaN
C09_S2_boundary,B0,baseline,baseline,44,0.0043,1250,833.333333333333,14468.5657673388,-15465.3802764729,14468.5657673388,-15465.3802764729,0,0,0,0,0,0,0,NaN,NaN,NaN,NaN
C09_S2_boundary,B0,baseline,baseline,45,0.0044,1250,833.333333333333,14843.4864250583,-15498.0783056582,14843.4864250583,-15498.0783056582,0,0,0,0,0,0,0,NaN,NaN,NaN,NaN
C09_S2_boundary,B0,baseline,baseline,46,0.0045,1250,833.333333333333,15201.6527199265,-15520.456963981,15201.6527199265,-15520.456963981,0,0,0,0,0,0,0,NaN,NaN,NaN,NaN
C09_S2_boundary,B0,baseline,baseline,47,0.0046,1250,833.333333333333,15533.9198880337,-15527.2105020668,15533.9198880337,-15527.2105020668,0,0,0,0,0,0,0,NaN,NaN,NaN,NaN
C09_S2_boundary,B0,baseline,baseline,48,0.0047,1250,833.333333333333,15863.0605521266,-15532.6558871527,15863.0605521266,-15532.6558871527,0,0,0,0,0,0,0,NaN,NaN,NaN,NaN
C09_S2_boundary,B0,baseline,baseline,49,0.0048,1250,833.333333333333,16210.8367879326,-15546.0805296112,16210.8367879326,-15546.0805296112,0,0,0,0,0,0,0,NaN,NaN,NaN,NaN
C09_S2_boundary,B0,baseline,baseline,50,0.0049,1250,833.333333333333,16593.666155298,-15577.8681790128,16593.666155298,-15577.8681790128,0,0,0,0,0,0,0,NaN,NaN,NaN,NaN
C09_S2_boundary,B0,baseline,baseline,51,0.005,1250,833.333333333333,17022.8586756606,-15641.320119363,17022.8586756606,-15641.320119363,0,0,0,0,0,0,0,NaN,NaN,NaN,NaN
C09_S2_boundary,B0,baseline,baseline,52,0.0051,1250,833.333333333333,17471.07023065,-15724.3131855088,17471.07023065,-15724.3131855088,0,0,0,0,0,0,0,NaN,NaN,NaN,NaN
C09_S2_boundary,B0,baseline,baseline,53,0.0052,1250,833.333333333333,17896.7574724703,-15800.5540563519,17896.7574724703,-15800.5540563519,0,0,0,0,0,0,0,NaN,NaN,NaN,NaN
C09_S2_boundary,B0,baseline,baseline,54,0.0053,1250,833.333333333333,18264.1094827079,-15847.3236790512,18264.1094827079,-15847.3236790512,0,0,0,0,0,0,0,NaN,NaN,NaN,NaN
C09_S2_boundary,B0,baseline,baseline,55,0.0054,1250,833.333333333333,18531.1932356327,-15852.365625802,18531.1932356327,-15852.365625802,0,0,0,0,0,0,0,NaN,NaN,NaN,NaN
C09_S2_boundary,B0,baseline,baseline,56,0.0055,1250,833.333333333333,18694.2663722898,-15831.84531669,18694.2663722898,-15831.84531669,0,0,0,0,0,0,0,NaN,NaN,NaN,NaN
C09_S2_boundary,B0,baseline,baseline,57,0.0056,1250,833.333333333333,18784.7487830435,-15810.3355807838,18784.7487830435,-15810.3355807838,0,0,0,0,0,0,0,NaN,NaN,NaN,NaN
C09_S2_boundary,B0,baseline,baseline,58,0.0057,1250,833.333333333333,18824.5755380038,-15790.0586012093,18824.5755380038,-15790.0586012093,0,0,0,0,0,0,0,NaN,NaN,NaN,NaN
C09_S2_boundary,B0,baseline,baseline,59,0.0058,1250,833.333333333333,18839.9658421835,-15769.1318382156,18839.9658421835,-15769.1318382156,0,0,0,0,0,0,0,NaN,NaN,NaN,NaN
C09_S2_boundary,B0,baseline,baseline,60,0.0059,1250,833.333333333333,18835.2085877442,-15744.8909580589,18835.2085877442,-15744.8909580589,0,0,0,0,0,0,0,NaN,NaN,NaN,NaN
C09_S2_boundary,B0,baseline,baseline,61,0.006,1250,833.333333333333,18806.5592035624,-15714.5188443853,18806.5592035624,-15714.5188443853,0,0,0,0,0,0,0,NaN,NaN,NaN,NaN
C09_S2_boundary,B0,baseline,baseline,62,0.0061,1250,833.333333333333,18776.9112433428,-15689.8980916714,18776.9112433428,-15689.8980916714,0,0,0,0,0,0,0,NaN,NaN,NaN,NaN
C09_S2_boundary,B0,baseline,baseline,63,0.0062,1250,833.333333333333,18755.9151253382,-15677.4565967306,18755.9151253382,-15677.4565967306,0,0,0,0,0,0,0,NaN,NaN,NaN,NaN
C09_S2_boundary,B0,baseline,baseline,64,0.0063,1250,833.333333333333,18752.4106857782,-15679.3459573984,18752.4106857782,-15679.3459573984,0,0,0,0,0,0,0,NaN,NaN,NaN,NaN
C09_S2_boundary,B0,baseline,baseline,65,0.0064,1250,833.333333333333,18776.3503806607,-15698.4890671824,18776.3503806607,-15698.4890671824,0,0,0,0,0,0,0,NaN,NaN,NaN,NaN
C09_S2_boundary,B0,baseline,baseline,66,0.0065,1250,833.333333333333,18813.7638583565,-15725.2236533288,18813.7638583565,-15725.2236533288,0,0,0,0,0,0,0,NaN,NaN,NaN,NaN
C09_S2_boundary,B0,baseline,baseline,67,0.0066,1250,833.333333333333,18849.0416292286,-15747.9478641311,18849.0416292286,-15747.9478641311,0,0,0,0,0,0,0,NaN,NaN,NaN,NaN
C09_S2_boundary,B0,baseline,baseline,68,0.0067,1250,833.333333333333,18867.5342522252,-15758.6460546825,18867.5342522252,-15758.6460546825,0,0,0,0,0,0,0,NaN,NaN,NaN,NaN
C09_S2_boundary,B0,baseline,baseline,69,0.0068,1250,833.333333333333,18860.4761906822,-15751.6342140979,18860.4761906822,-15751.6342140979,0,0,0,0,0,0,0,NaN,NaN,NaN,NaN
C09_S2_boundary,B0,baseline,baseline,70,0.0069,1250,833.333333333333,18846.3490356811,-15736.695014018,18846.3490356811,-15736.695014018,0,0,0,0,0,0,0,NaN,NaN,NaN,NaN
C09_S2_boundary,B0,baseline,baseline,71,0.007,1250,833.333333333333,18844.7874311591,-15728.518738028,18844.7874311591,-15728.518738028,0,0,0,0,0,0,0,NaN,NaN,NaN,NaN
C09_S2_boundary,B0,baseline,baseline,72,0.0071,1250,833.333333333333,18849.5457218509,-15726.8323176744,18849.5457218509,-15726.8323176744,0,0,0,0,0,0,0,NaN,NaN,NaN,NaN
C09_S2_boundary,B0,baseline,baseline,73,0.0072,1250,833.333333333333,18851.1366269677,-15726.4208031123,18851.1366269677,-15726.4208031123,0,0,0,0,0,0,0,NaN,NaN,NaN,NaN
C09_S2_boundary,B0,baseline,baseline,74,0.0073,1250,833.333333333333,18850.593074236,-15726.6441025861,18850.593074236,-15726.6441025861,0,0,0,0,0,0,0,NaN,NaN,NaN,NaN
C09_S2_boundary,B0,baseline,baseline,75,0.0074,1250,833.333333333333,18849.3527218015,-15726.945766576,18849.3527218015,-15726.945766576,0,0,0,0,0,0,0,NaN,NaN,NaN,NaN
C09_S2_boundary,B0,baseline,baseline,76,0.0075,1250,833.333333333333,18831.8058386355,-15717.0674902649,18831.8058386355,-15717.0674902649,0,0,0,0,0,0,0,NaN,NaN,NaN,NaN
C09_S2_boundary,B0,baseline,baseline,77,0.0076,1250,833.333333333333,18793.7304731663,-15692.0084192774,18793.7304731663,-15692.0084192774,0,0,0,0,0,0,0,NaN,NaN,NaN,NaN
C09_S2_boundary,B0,baseline,baseline,78,0.0077,1250,833.333333333333,18757.4010811661,-15667.406130946,18757.4010811661,-15667.406130946,0,0,0,0,0,0,0,NaN,NaN,NaN,NaN
C09_S2_boundary,B0,baseline,baseline,79,0.0078,1250,833.333333333333,18725.7533528956,-15649.9109381032,18725.7533528956,-15649.9109381032,0,0,0,0,0,0,0,NaN,NaN,NaN,NaN
C09_S2_boundary,B0,baseline,baseline,80,0.0079,1250,833.333333333333,18700.7110831057,-15639.0356287972,18700.7110831057,-15639.0356287972,0,0,0,0,0,0,0,NaN,NaN,NaN,NaN
C09_S2_boundary,B0,baseline,baseline,81,0.008,1250,833.333333333333,18687.7389822959,-15634.8771028641,18687.7389822959,-15634.8771028641,0,0,0,0,0,0,0,NaN,NaN,NaN,NaN
C09_S2_boundary,B0,baseline,baseline,82,0.0081,1250,833.333333333333,18695.9879605759,-15641.2105803051,18695.9879605759,-15641.2105803051,0,0,0,0,0,0,0,NaN,NaN,NaN,NaN
C09_S2_boundary,B0,baseline,baseline,83,0.0082,1250,833.333333333333,18742.7928388951,-15671.2403051849,18742.7928388951,-15671.2403051849,0,0,0,0,0,0,0,NaN,NaN,NaN,NaN
C09_S2_boundary,B0,baseline,baseline,84,0.0083,1250,833.333333333333,18802.8105829194,-15714.3848921113,18802.8105829194,-15714.3848921113,0,0,0,0,0,0,0,NaN,NaN,NaN,NaN
C09_S2_boundary,B0,baseline,baseline,85,0.0084,1250,833.333333333333,18837.7894627881,-15744.2385699516,18837.7894627881,-15744.2385699516,0,0,0,0,0,0,0,NaN,NaN,NaN,NaN
C09_S2_boundary,B0,baseline,baseline,86,0.0085,1250,833.333333333333,18841.6102142304,-15750.0495426808,18841.6102142304,-15750.0495426808,0,0,0,0,0,0,0,NaN,NaN,NaN,NaN
C09_S2_boundary,B0,baseline,baseline,87,0.0086,1250,833.333333333333,18833.1910412824,-15740.7679861065,18833.1910412824,-15740.7679861065,0,0,0,0,0,0,0,NaN,NaN,NaN,NaN
C09_S2_boundary,B0,baseline,baseline,88,0.0087,1250,833.333333333333,18833.8927433559,-15733.3604634919,18833.8927433559,-15733.3604634919,0,0,0,0,0,0,0,NaN,NaN,NaN,NaN
C09_S2_boundary,B0,baseline,baseline,89,0.0088,1250,833.333333333333,18840.681854395,-15730.8158842637,18840.681854395,-15730.8158842637,0,0,0,0,0,0,0,NaN,NaN,NaN,NaN
C09_S2_boundary,B0,baseline,baseline,90,0.0089,1250,833.333333333333,18844.8344423709,-15729.5263487487,18844.8344423709,-15729.5263487487,0,0,0,0,0,0,0,NaN,NaN,NaN,NaN
C09_S2_boundary,B0,baseline,baseline,91,0.009,1250,833.333333333333,18846.1706499527,-15729.1151343682,18846.1706499527,-15729.1151343682,0,0,0,0,0,0,0,NaN,NaN,NaN,NaN
C09_S2_boundary,B0,baseline,baseline,92,0.0091,1250,833.333333333333,18845.9096153143,-15728.9326365595,18845.9096153143,-15728.9326365595,0,0,0,0,0,0,0,NaN,NaN,NaN,NaN
C09_S2_boundary,B0,baseline,baseline,93,0.0092,1250,833.333333333333,18830.0284727499,-15719.7290599578,18830.0284727499,-15719.7290599578,0,0,0,0,0,0,0,NaN,NaN,NaN,NaN
C09_S2_boundary,B0,baseline,baseline,94,0.0093,1250,833.333333333333,18794.4733376712,-15697.0573005081,18794.4733376712,-15697.0573005081,0,0,0,0,0,0,0,NaN,NaN,NaN,NaN
C09_S2_boundary,B0,baseline,baseline,95,0.0094,1250,833.333333333333,18761.1379262232,-15675.2926164594,18761.1379262232,-15675.2926164594,0,0,0,0,0,0,0,NaN,NaN,NaN,NaN
C09_S2_boundary,B0,baseline,baseline,96,0.0095,1250,833.333333333333,18735.4231975863,-15661.807696417,18735.4231975863,-15661.807696417,0,0,0,0,0,0,0,NaN,NaN,NaN,NaN
C09_S2_boundary,B0,baseline,baseline,97,0.0096,1250,833.333333333333,18721.755355294,-15658.0524150588,18721.755355294,-15658.0524150588,0,0,0,0,0,0,0,NaN,NaN,NaN,NaN
C09_S2_boundary,B0,baseline,baseline,98,0.0097,1250,833.333333333333,18727.5756032968,-15665.8115492318,18727.5756032968,-15665.8115492318,0,0,0,0,0,0,0,NaN,NaN,NaN,NaN
C09_S2_boundary,B0,baseline,baseline,99,0.0098,1250,833.333333333333,18762.2948757388,-15689.5222111127,18762.2948757388,-15689.5222111127,0,0,0,0,0,0,0,NaN,NaN,NaN,NaN
C09_S2_boundary,B0,baseline,baseline,100,0.0099,1250,833.333333333333,18830.4873954888,-15733.5076347383,18830.4873954888,-15733.5076347383,0,0,0,0,0,0,0,NaN,NaN,NaN,NaN
C09_S2_boundary,B0,baseline,baseline,101,0.01,1250,833.333333333333,18889.6222114442,-15774.9263351637,18889.6222114442,-15774.9263351637,0,0,0,0,0,0,0,NaN,NaN,NaN,NaN
C09_S2_boundary,B0,baseline,baseline,102,0.0101,1250,833.333333333333,18902.7039440238,-15787.2923912766,18902.7039440238,-15787.2923912766,0,0,0,0,0,0,0,NaN,NaN,NaN,NaN
C09_S2_boundary,B0,baseline,baseline,103,0.0102,1250,833.333333333333,18877.7145809076,-15769.0553154705,18877.7145809076,-15769.0553154705,0,0,0,0,0,0,0,NaN,NaN,NaN,NaN
C09_S2_boundary,B0,baseline,baseline,104,0.0103,1250,833.333333333333,18849.6903432532,-15741.3359124705,18849.6903432532,-15741.3359124705,0,0,0,0,0,0,0,NaN,NaN,NaN,NaN
C09_S2_boundary,B0,baseline,baseline,105,0.0104,1250,833.333333333333,18846.4949480982,-15727.4821942618,18846.4949480982,-15727.4821942618,0,0,0,0,0,0,0,NaN,NaN,NaN,NaN
C09_S2_boundary,B0,baseline,baseline,106,0.0105,1250,833.333333333333,18853.8749038983,-15725.1649989489,18853.8749038983,-15725.1649989489,0,0,0,0,0,0,0,NaN,NaN,NaN,NaN
C09_S2_boundary,B0,baseline,baseline,107,0.0106,1250,833.333333333333,18855.5119038231,-15725.1671933756,18855.5119038231,-15725.1671933756,0,0,0,0,0,0,0,NaN,NaN,NaN,NaN
C09_S2_boundary,B0,baseline,baseline,108,0.0107,1250,833.333333333333,18853.5221180882,-15726.0807321325,18853.5221180882,-15726.0807321325,0,0,0,0,0,0,0,NaN,NaN,NaN,NaN
C09_S2_boundary,B0,baseline,baseline,109,0.0108,1250,833.333333333333,18850.6914805937,-15726.8139660332,18850.6914805937,-15726.8139660332,0,0,0,0,0,0,0,NaN,NaN,NaN,NaN
C09_S2_boundary,B0,baseline,baseline,110,0.0109,1250,833.333333333333,18834.1169939356,-15719.26307523,18834.1169939356,-15719.26307523,0,0,0,0,0,0,0,NaN,NaN,NaN,NaN
C09_S2_boundary,B0,baseline,baseline,111,0.011,1250,833.333333333333,18800.0062508471,-15699.6152937354,18800.0062508471,-15699.6152937354,0,0,0,0,0,0,0,NaN,NaN,NaN,NaN
C09_S2_boundary,B0,baseline,baseline,112,0.0111,1250,833.333333333333,18769.1816403219,-15681.1664642999,18769.1816403219,-15681.1664642999,0,0,0,0,0,0,0,NaN,NaN,NaN,NaN
C09_S2_boundary,B0,baseline,baseline,113,0.0112,1250,833.333333333333,18748.6444486053,-15672.0847349042,18748.6444486053,-15672.0847349042,0,0,0,0,0,0,0,NaN,NaN,NaN,NaN
C09_S2_boundary,B0,baseline,baseline,114,0.0113,1250,833.333333333333,18746.0672475009,-15675.6859369845,18746.0672475009,-15675.6859369845,0,0,0,0,0,0,0,NaN,NaN,NaN,NaN
C09_S2_boundary,B0,baseline,baseline,115,0.0114,1250,833.333333333333,18770.4768525517,-15695.5951516377,18770.4768525517,-15695.5951516377,0,0,0,0,0,0,0,NaN,NaN,NaN,NaN
C09_S2_boundary,B0,baseline,baseline,116,0.0115,1250,833.333333333333,18808.0344961135,-15722.8201950151,18808.0344961135,-15722.8201950151,0,0,0,0,0,0,0,NaN,NaN,NaN,NaN
C09_S2_boundary,B0,baseline,baseline,117,0.0116,1250,833.333333333333,18844.0726948615,-15746.4755180141,18844.0726948615,-15746.4755180141,0,0,0,0,0,0,0,NaN,NaN,NaN,NaN
C09_S2_boundary,B0,baseline,baseline,118,0.0117,1250,833.333333333333,18863.6417961899,-15758.583462564,18863.6417961899,-15758.583462564,0,0,0,0,0,0,0,NaN,NaN,NaN,NaN
C09_S2_boundary,B0,baseline,baseline,119,0.0118,1250,833.333333333333,18857.5136037459,-15752.9493852668,18857.5136037459,-15752.9493852668,0,0,0,0,0,0,0,NaN,NaN,NaN,NaN
C09_S2_boundary,B0,baseline,baseline,120,0.0119,1250,833.333333333333,18843.8151576296,-15738.8020379776,18843.8151576296,-15738.8020379776,0,0,0,0,0,0,0,NaN,NaN,NaN,NaN
C09_S2_boundary,B0,baseline,baseline,121,0.012,1250,833.333333333333,18842.1105089992,-15730.7506178967,18842.1105089992,-15730.7506178967,0,0,0,0,0,0,0,NaN,NaN,NaN,NaN
C09_S2_boundary,B0,baseline,baseline,122,0.0121,1250,833.333333333333,18846.5803916502,-15728.9171506455,18846.5803916502,-15728.9171506455,0,0,0,0,0,0,0,NaN,NaN,NaN,NaN
C09_S2_boundary,B0,baseline,baseline,123,0.0122,1250,833.333333333333,18848.0415092351,-15728.2773994769,18848.0415092351,-15728.2773994769,0,0,0,0,0,0,0,NaN,NaN,NaN,NaN
C09_S2_boundary,B0,baseline,baseline,124,0.0123,1250,833.333333333333,18847.4446002861,-15728.231333179,18847.4446002861,-15728.231333179,0,0,0,0,0,0,0,NaN,NaN,NaN,NaN
C09_S2_boundary,B0,baseline,baseline,125,0.0124,1250,833.333333333333,18846.1885540212,-15728.2391543018,18846.1885540212,-15728.2391543018,0,0,0,0,0,0,0,NaN,NaN,NaN,NaN
C09_S2_boundary,B0,baseline,baseline,126,0.0125,1250,833.333333333333,18828.9916295979,-15718.030453661,18828.9916295979,-15718.030453661,0,0,0,0,0,0,0,NaN,NaN,NaN,NaN
C09_S2_boundary,B0,baseline,baseline,127,0.0126,1250,833.333333333333,18791.2597803259,-15692.7144079195,18791.2597803259,-15692.7144079195,0,0,0,0,0,0,0,NaN,NaN,NaN,NaN
C09_S2_boundary,B0,baseline,baseline,128,0.0127,1250,833.333333333333,18755.2423014409,-15667.9627958993,18755.2423014409,-15667.9627958993,0,0,0,0,0,0,0,NaN,NaN,NaN,NaN
C09_S2_boundary,B0,baseline,baseline,129,0.0128,1250,833.333333333333,18724.188182696,-15650.3681690315,18724.188182696,-15650.3681690315,0,0,0,0,0,0,0,NaN,NaN,NaN,NaN
C09_S2_boundary,B0,baseline,baseline,130,0.0129,1250,833.333333333333,18699.7015927541,-15639.4373146367,18699.7015927541,-15639.4373146367,0,0,0,0,0,0,0,NaN,NaN,NaN,NaN
C09_S2_boundary,B0,baseline,baseline,131,0.013,1250,833.333333333333,18687.3922408531,-15635.2004536413,18687.3922408531,-15635.2004536413,0,0,0,0,0,0,0,NaN,NaN,NaN,NaN
C09_S2_boundary,B0,baseline,baseline,132,0.0131,1250,833.333333333333,18696.1251658662,-15641.4665639066,18696.1251658662,-15641.4665639066,0,0,0,0,0,0,0,NaN,NaN,NaN,NaN
C09_S2_boundary,B0,baseline,baseline,133,0.0132,1250,833.333333333333,18743.0456663907,-15671.27563551,18743.0456663907,-15671.27563551,0,0,0,0,0,0,0,NaN,NaN,NaN,NaN
C09_S2_boundary,B0,baseline,baseline,134,0.0133,1250,833.333333333333,18803.3495240269,-15713.8840989947,18803.3495240269,-15713.8840989947,0,0,0,0,0,0,0,NaN,NaN,NaN,NaN
C09_S2_boundary,B0,baseline,baseline,135,0.0134,1250,833.333333333333,18838.7468538729,-15743.0776712991,18838.7468538729,-15743.0776712991,0,0,0,0,0,0,0,NaN,NaN,NaN,NaN
C09_S2_boundary,B0,baseline,baseline,136,0.0135,1250,833.333333333333,18843.0743250542,-15748.3241582112,18843.0743250542,-15748.3241582112,0,0,0,0,0,0,0,NaN,NaN,NaN,NaN
C09_S2_boundary,B0,baseline,baseline,137,0.0136,1250,833.333333333333,18835.1350821506,-15738.8032869697,18835.1350821506,-15738.8032869697,0,0,0,0,0,0,0,NaN,NaN,NaN,NaN
C09_S2_boundary,B0,baseline,baseline,138,0.0137,1250,833.333333333333,18836.2543771147,-15731.4341007686,18836.2543771147,-15731.4341007686,0,0,0,0,0,0,0,NaN,NaN,NaN,NaN
C09_S2_boundary,B0,baseline,baseline,139,0.0138,1250,833.333333333333,18843.3915015816,-15729.0035298911,18843.3915015816,-15729.0035298911,0,0,0,0,0,0,0,NaN,NaN,NaN,NaN
C09_S2_boundary,B0,baseline,baseline,140,0.0139,1250,833.333333333333,18847.7783524078,-15727.8893869672,18847.7783524078,-15727.8893869672,0,0,0,0,0,0,0,NaN,NaN,NaN,NaN
C09_S2_boundary,B0,baseline,baseline,141,0.014,1250,833.333333333333,18849.2621408969,-15727.7045929242,18849.2621408969,-15727.7045929242,0,0,0,0,0,0,0,NaN,NaN,NaN,NaN
C09_S2_boundary,B0,baseline,baseline,142,0.0141,1250,833.333333333333,18849.0652868803,-15727.7932623558,18849.0652868803,-15727.7932623558,0,0,0,0,0,0,0,NaN,NaN,NaN,NaN
C09_S2_boundary,B0,baseline,baseline,143,0.0142,1250,833.333333333333,18832.8450322561,-15718.8991546408,18832.8450322561,-15718.8991546408,0,0,0,0,0,0,0,NaN,NaN,NaN,NaN
C09_S2_boundary,B0,baseline,baseline,144,0.0143,1250,833.333333333333,18796.9269206284,-15696.4751057375,18796.9269206284,-15696.4751057375,0,0,0,0,0,0,0,NaN,NaN,NaN,NaN
C09_S2_boundary,B0,baseline,baseline,145,0.0144,1250,833.333333333333,18763.2567325789,-15674.8532240479,18763.2567325789,-15674.8532240479,0,0,0,0,0,0,0,NaN,NaN,NaN,NaN
C09_S2_boundary,B0,baseline,baseline,146,0.0145,1250,833.333333333333,18736.9486829059,-15661.4440450207,18736.9486829059,-15661.4440450207,0,0,0,0,0,0,0,NaN,NaN,NaN,NaN
C09_S2_boundary,B0,baseline,baseline,147,0.0146,1250,833.333333333333,18722.7387697181,-15657.7173501529,18722.7387697181,-15657.7173501529,0,0,0,0,0,0,0,NaN,NaN,NaN,NaN
C09_S2_boundary,B0,baseline,baseline,148,0.0147,1250,833.333333333333,18727.9209765275,-15665.5199763437,18727.9209765275,-15665.5199763437,0,0,0,0,0,0,0,NaN,NaN,NaN,NaN
C09_S2_boundary,B0,baseline,baseline,149,0.0148,1250,833.333333333333,18762.1734479441,-15689.2736699773,18762.1734479441,-15689.2736699773,0,0,0,0,0,0,0,NaN,NaN,NaN,NaN
C09_S2_boundary,B0,baseline,baseline,150,0.0149,1250,833.333333333333,18830.1809184041,-15733.4764924246,18830.1809184041,-15733.4764924246,0,0,0,0,0,0,0,NaN,NaN,NaN,NaN
C09_S2_boundary,B0,baseline,baseline,151,0.015,1250,833.333333333333,18888.9089575188,-15775.4318060588,18888.9089575188,-15775.4318060588,0,0,0,0,0,0,0,NaN,NaN,NaN,NaN
C09_S2_boundary,B0,baseline,baseline,152,0.0151,1250,833.333333333333,18901.4814002844,-15788.4638466282,18901.4814002844,-15788.4638466282,0,0,0,0,0,0,0,NaN,NaN,NaN,NaN
C09_S2_boundary,B0,baseline,baseline,153,0.0152,1250,833.333333333333,18875.9543951801,-15770.7909595457,18875.9543951801,-15770.7909595457,0,0,0,0,0,0,0,NaN,NaN,NaN,NaN
C09_S2_boundary,B0,baseline,baseline,154,0.0153,1250,833.333333333333,18847.5073241056,-15743.2999153877,18847.5073241056,-15743.2999153877,0,0,0,0,0,0,0,NaN,NaN,NaN,NaN
C09_S2_boundary,B0,baseline,baseline,155,0.0154,1250,833.333333333333,18843.9741409656,-15729.3830287153,18843.9741409656,-15729.3830287153,0,0,0,0,0,0,0,NaN,NaN,NaN,NaN
C09_S2_boundary,B0,baseline,baseline,156,0.0155,1250,833.333333333333,18851.051448538,-15726.9226118735,18851.051448538,-15726.9226118735,0,0,0,0,0,0,0,NaN,NaN,NaN,NaN
C09_S2_boundary,B0,baseline,baseline,157,0.0156,1250,833.333333333333,18852.4978413998,-15726.7294867117,18852.4978413998,-15726.7294867117,0,0,0,0,0,0,0,NaN,NaN,NaN,NaN
C09_S2_boundary,B0,baseline,baseline,158,0.0157,1250,833.333333333333,18850.3983473905,-15727.4026253665,18850.3983473905,-15727.4026253665,0,0,0,0,0,0,0,NaN,NaN,NaN,NaN
C09_S2_boundary,B0,baseline,baseline,159,0.0158,1250,833.333333333333,18847.5379612853,-15727.8537639204,18847.5379612853,-15727.8537639204,0,0,0,0,0,0,0,NaN,NaN,NaN,NaN
C09_S2_boundary,B0,baseline,baseline,160,0.0159,1250,833.333333333333,18831.3246432359,-15719.9979522759,18831.3246432359,-15719.9979522759,0,0,0,0,0,0,0,NaN,NaN,NaN,NaN
C09_S2_boundary,B0,baseline,baseline,161,0.016,1250,833.333333333333,18797.603819743,-15700.1031294178,18797.603819743,-15700.1031294178,0,0,0,0,0,0,0,NaN,NaN,NaN,NaN
C09_S2_boundary,B0,baseline,baseline,162,0.0161,1250,833.333333333333,18767.1361045105,-15681.5103634352,18767.1361045105,-15681.5103634352,0,0,0,0,0,0,0,NaN,NaN,NaN,NaN
C09_S2_boundary,B0,baseline,baseline,163,0.0162,1250,833.333333333333,18747.1868225922,-15672.3686949228,18747.1868225922,-15672.3686949228,0,0,0,0,0,0,0,NaN,NaN,NaN,NaN
C09_S2_boundary,B0,baseline,baseline,164,0.0163,1250,833.333333333333,18745.1319283199,-15675.9619096569,18745.1319283199,-15675.9619096569,0,0,0,0,0,0,0,NaN,NaN,NaN,NaN
C09_S2_boundary,B0,baseline,baseline,165,0.0164,1250,833.333333333333,18770.1468676353,-15695.8585196751,18770.1468676353,-15695.8585196751,0,0,0,0,0,0,0,NaN,NaN,NaN,NaN
C09_S2_boundary,B0,baseline,baseline,166,0.0165,1250,833.333333333333,18808.2459728975,-15722.8540621165,18808.2459728975,-15722.8540621165,0,0,0,0,0,0,0,NaN,NaN,NaN,NaN
C09_S2_boundary,B0,baseline,baseline,167,0.0166,1250,833.333333333333,18844.5263448871,-15745.988634723,18844.5263448871,-15745.988634723,0,0,0,0,0,0,0,NaN,NaN,NaN,NaN
C09_S2_boundary,B0,baseline,baseline,168,0.0167,1250,833.333333333333,18864.4657583342,-15757.4478115719,18864.4657583342,-15757.4478115719,0,0,0,0,0,0,0,NaN,NaN,NaN,NaN
C09_S2_boundary,B0,baseline,baseline,169,0.0168,1250,833.333333333333,18858.8099907167,-15751.2479289842,18858.8099907167,-15751.2479289842,0,0,0,0,0,0,0,NaN,NaN,NaN,NaN
C09_S2_boundary,B0,baseline,baseline,170,0.0169,1250,833.333333333333,18845.5748159433,-15736.8475039813,18845.5748159433,-15736.8475039813,0,0,0,0,0,0,0,NaN,NaN,NaN,NaN
C09_S2_boundary,B0,baseline,baseline,171,0.017,1250,833.333333333333,18844.297939053,-15728.8113651585,18844.297939053,-15728.8113651585,0,0,0,0,0,0,0,NaN,NaN,NaN,NaN
C09_S2_boundary,B0,baseline,baseline,172,0.0171,1250,833.333333333333,18849.1460665157,-15727.0675766952,18849.1460665157,-15727.0675766952,0,0,0,0,0,0,0,NaN,NaN,NaN,NaN
C09_S2_boundary,B0,baseline,baseline,173,0.0172,1250,833.333333333333,18850.8794464862,-15726.5815293341,18850.8794464862,-15726.5815293341,0,0,0,0,0,0,0,NaN,NaN,NaN,NaN
C09_S2_boundary,B0,baseline,baseline,174,0.0173,1250,833.333333333333,18850.4719315098,-15726.7431000605,18850.4719315098,-15726.7431000605,0,0,0,0,0,0,0,NaN,NaN,NaN,NaN
C09_S2_boundary,B0,baseline,baseline,175,0.0174,1250,833.333333333333,18849.3224150505,-15727.0067439996,18849.3224150505,-15727.0067439996,0,0,0,0,0,0,0,NaN,NaN,NaN,NaN
C09_S2_boundary,B0,baseline,baseline,176,0.0175,1250,833.333333333333,18831.8170666366,-15717.1093987379,18831.8170666366,-15717.1093987379,0,0,0,0,0,0,0,NaN,NaN,NaN,NaN
C09_S2_boundary,B0,baseline,baseline,177,0.0176,1250,833.333333333333,18793.7510057015,-15692.0403174943,18793.7510057015,-15692.0403174943,0,0,0,0,0,0,0,NaN,NaN,NaN,NaN
C09_S2_boundary,B0,baseline,baseline,178,0.0177,1250,833.333333333333,18757.4185020404,-15667.4294398152,18757.4185020404,-15667.4294398152,0,0,0,0,0,0,0,NaN,NaN,NaN,NaN
C09_S2_boundary,B0,baseline,baseline,179,0.0178,1250,833.333333333333,18725.766591618,-15649.9258343648,18725.766591618,-15649.9258343648,0,0,0,0,0,0,0,NaN,NaN,NaN,NaN
C09_S2_boundary,B0,baseline,baseline,180,0.0179,1250,833.333333333333,18700.7218022582,-15639.0439748272,18700.7218022582,-15639.0439748272,0,0,0,0,0,0,0,NaN,NaN,NaN,NaN
C09_S2_boundary,B0,baseline,baseline,181,0.018,1250,833.333333333333,18687.7485539779,-15634.8817108242,18687.7485539779,-15634.8817108242,0,0,0,0,0,0,0,NaN,NaN,NaN,NaN
C09_S2_boundary,B0,baseline,baseline,182,0.0181,1250,833.333333333333,18695.9973500939,-15641.2141468454,18695.9973500939,-15641.2141468454,0,0,0,0,0,0,0,NaN,NaN,NaN,NaN
C09_S2_boundary,B0,baseline,baseline,183,0.0182,1250,833.333333333333,18742.8017098177,-15671.2438325531,18742.8017098177,-15671.2438325531,0,0,0,0,0,0,0,NaN,NaN,NaN,NaN
C09_S2_boundary,B0,baseline,baseline,184,0.0183,1250,833.333333333333,18802.8177071899,-15714.3878700801,18802.8177071899,-15714.3878700801,0,0,0,0,0,0,0,NaN,NaN,NaN,NaN
C09_S2_boundary,B0,baseline,baseline,185,0.0184,1250,833.333333333333,18837.7941789756,-15744.2404363156,18837.7941789756,-15744.2404363156,0,0,0,0,0,0,0,NaN,NaN,NaN,NaN
C09_S2_boundary,B0,baseline,baseline,186,0.0185,1250,833.333333333333,18841.6127049964,-15750.050165444,18841.6127049964,-15750.050165444,0,0,0,0,0,0,0,NaN,NaN,NaN,NaN
C09_S2_boundary,B0,baseline,baseline,187,0.0186,1250,833.333333333333,18833.1921689918,-15740.7677593379,18833.1921689918,-15740.7677593379,0,0,0,0,0,0,0,NaN,NaN,NaN,NaN
C09_S2_boundary,B0,baseline,baseline,188,0.0187,1250,833.333333333333,18833.8934686518,-15733.3600025634,18833.8934686518,-15733.3600025634,0,0,0,0,0,0,0,NaN,NaN,NaN,NaN
C09_S2_boundary,B0,baseline,baseline,189,0.0188,1250,833.333333333333,18840.682466275,-15730.8155108211,18840.682466275,-15730.8155108211,0,0,0,0,0,0,0,NaN,NaN,NaN,NaN
C09_S2_boundary,B0,baseline,baseline,190,0.0189,1250,833.333333333333,18844.8348421634,-15729.5260987684,18844.8348421634,-15729.5260987684,0,0,0,0,0,0,0,NaN,NaN,NaN,NaN
C09_S2_boundary,B0,baseline,baseline,191,0.019,1250,833.333333333333,18846.1708389539,-15729.1149846804,18846.1708389539,-15729.1149846804,0,0,0,0,0,0,0,NaN,NaN,NaN,NaN
C09_S2_boundary,B0,baseline,baseline,192,0.0191,1250,833.333333333333,18845.9096618451,-15728.9325458719,18845.9096618451,-15728.9325458719,0,0,0,0,0,0,0,NaN,NaN,NaN,NaN
C09_S2_boundary,B0,baseline,baseline,193,0.0192,1250,833.333333333333,18830.0284538823,-15719.7289971653,18830.0284538823,-15719.7289971653,0,0,0,0,0,0,0,NaN,NaN,NaN,NaN
C09_S2_boundary,B0,baseline,baseline,194,0.0193,1250,833.333333333333,18794.47330453,-15697.0572517735,18794.47330453,-15697.0572517735,0,0,0,0,0,0,0,NaN,NaN,NaN,NaN
C09_S2_boundary,B0,baseline,baseline,195,0.0194,1250,833.333333333333,18761.1378986361,-15675.2925803738,18761.1378986361,-15675.2925803738,0,0,0,0,0,0,0,NaN,NaN,NaN,NaN
C09_S2_boundary,B0,baseline,baseline,196,0.0195,1250,833.333333333333,18735.4231770631,-15661.8076732928,18735.4231770631,-15661.8076732928,0,0,0,0,0,0,0,NaN,NaN,NaN,NaN
C09_S2_boundary,B0,baseline,baseline,197,0.0196,1250,833.333333333333,18721.7553388677,-15658.052402229,18721.7553388677,-15658.052402229,0,0,0,0,0,0,0,NaN,NaN,NaN,NaN
C09_S2_boundary,B0,baseline,baseline,198,0.0197,1250,833.333333333333,18727.5755886174,-15665.8115423314,18727.5755886174,-15665.8115423314,0,0,0,0,0,0,0,NaN,NaN,NaN,NaN
C09_S2_boundary,B0,baseline,baseline,199,0.0198,1250,833.333333333333,18762.29486124,-15689.522205885,18762.29486124,-15689.522205885,0,0,0,0,0,0,0,NaN,NaN,NaN,NaN
C09_S2_boundary,B0,baseline,baseline,200,0.0199,1250,833.333333333333,18830.4873817218,-15733.5076295631,18830.4873817218,-15733.5076295631,0,0,0,0,0,0,0,NaN,NaN,NaN,NaN
C09_S2_boundary,B0,baseline,baseline,201,0.02,1250,833.333333333333,18889.6222003758,-15774.9263307782,18889.6222003758,-15774.9263307782,0,0,0,0,0,0,0,NaN,NaN,NaN,NaN
C09_S2_boundary,B0,baseline,baseline,202,0.0201,1250,833.333333333333,18902.7039367029,-15787.2923885263,18902.7039367029,-15787.2923885263,0,0,0,0,0,0,0,NaN,NaN,NaN,NaN
C09_S2_boundary,B0,baseline,baseline,203,0.0202,1250,833.333333333333,18877.7145770567,-15769.0553145679,18877.7145770567,-15769.0553145679,0,0,0,0,0,0,0,NaN,NaN,NaN,NaN
C09_S2_boundary,B0,baseline,baseline,204,0.0203,1250,833.333333333333,18849.690341536,-15741.3359128381,18849.690341536,-15741.3359128381,0,0,0,0,0,0,0,NaN,NaN,NaN,NaN
C09_S2_boundary,B0,baseline,baseline,205,0.0204,1250,833.333333333333,18846.494947014,-15727.4821949814,18846.494947014,-15727.4821949814,0,0,0,0,0,0,0,NaN,NaN,NaN,NaN
C09_S2_boundary,B0,baseline,baseline,206,0.0205,1250,833.333333333333,18853.8749029832,-15725.164999533,18853.8749029832,-15725.164999533,0,0,0,0,0,0,0,NaN,NaN,NaN,NaN
C09_S2_boundary,B0,baseline,baseline,207,0.0206,1250,833.333333333333,18855.5119032254,-15725.1671937663,18855.5119032254,-15725.1671937663,0,0,0,0,0,0,0,NaN,NaN,NaN,NaN
C09_S2_boundary,B0,baseline,baseline,208,0.0207,1250,833.333333333333,18853.5221178072,-15726.0807323651,18853.5221178072,-15726.0807323651,0,0,0,0,0,0,0,NaN,NaN,NaN,NaN
C09_S2_boundary,B0,baseline,baseline,209,0.0208,1250,833.333333333333,18850.6914805272,-15726.8139661726,18850.6914805272,-15726.8139661726,0,0,0,0,0,0,0,NaN,NaN,NaN,NaN
C09_S2_boundary,B0,baseline,baseline,210,0.0209,1250,833.333333333333,18834.1169939676,-15719.2630753254,18834.1169939676,-15719.2630753254,0,0,0,0,0,0,0,NaN,NaN,NaN,NaN
C09_S2_boundary,B0,baseline,baseline,211,0.021,1250,833.333333333333,18800.0062509002,-15699.6152938092,18800.0062509002,-15699.6152938092,0,0,0,0,0,0,0,NaN,NaN,NaN,NaN
C09_S2_boundary,B0,baseline,baseline,212,0.0211,1250,833.333333333333,18769.181640366,-15681.1664643545,18769.181640366,-15681.1664643545,0,0,0,0,0,0,0,NaN,NaN,NaN,NaN
C09_S2_boundary,B0,baseline,baseline,213,0.0212,1250,833.333333333333,18748.6444486382,-15672.0847349392,18748.6444486382,-15672.0847349392,0,0,0,0,0,0,0,NaN,NaN,NaN,NaN
C09_S2_boundary,B0,baseline,baseline,214,0.0213,1250,833.333333333333,18746.0672475273,-15675.6859370039,18746.0672475273,-15675.6859370039,0,0,0,0,0,0,0,NaN,NaN,NaN,NaN
C09_S2_boundary,B0,baseline,baseline,215,0.0214,1250,833.333333333333,18770.4768525753,-15695.5951516482,18770.4768525753,-15695.5951516482,0,0,0,0,0,0,0,NaN,NaN,NaN,NaN
C09_S2_boundary,B0,baseline,baseline,216,0.0215,1250,833.333333333333,18808.0344961358,-15722.8201950228,18808.0344961358,-15722.8201950228,0,0,0,0,0,0,0,NaN,NaN,NaN,NaN
C09_S2_boundary,B0,baseline,baseline,217,0.0216,1250,833.333333333333,18844.0726948803,-15746.4755180205,18844.0726948803,-15746.4755180205,0,0,0,0,0,0,0,NaN,NaN,NaN,NaN
C09_S2_boundary,B0,baseline,baseline,218,0.0217,1250,833.333333333333,18863.6417962027,-15758.5834625681,18863.6417962027,-15758.5834625681,0,0,0,0,0,0,0,NaN,NaN,NaN,NaN
C09_S2_boundary,B0,baseline,baseline,219,0.0218,1250,833.333333333333,18857.5136037528,-15752.9493852681,18857.5136037528,-15752.9493852681,0,0,0,0,0,0,0,NaN,NaN,NaN,NaN
C09_S2_boundary,B0,baseline,baseline,220,0.0219,1250,833.333333333333,18843.8151576327,-15738.8020379771,18843.8151576327,-15738.8020379771,0,0,0,0,0,0,0,NaN,NaN,NaN,NaN
C09_S2_boundary,B0,baseline,baseline,221,0.022,1250,833.333333333333,18842.1105090009,-15730.7506178957,18842.1105090009,-15730.7506178957,0,0,0,0,0,0,0,NaN,NaN,NaN,NaN
C09_S2_boundary,B0,baseline,baseline,222,0.0221,1250,833.333333333333,18846.5803916515,-15728.9171506446,18846.5803916515,-15728.9171506446,0,0,0,0,0,0,0,NaN,NaN,NaN,NaN
C09_S2_boundary,B0,baseline,baseline,223,0.0222,1250,833.333333333333,18848.0415092358,-15728.2773994762,18848.0415092358,-15728.2773994762,0,0,0,0,0,0,0,NaN,NaN,NaN,NaN
C09_S2_boundary,B0,baseline,baseline,224,0.0223,1250,833.333333333333,18847.4446002863,-15728.2313331785,18847.4446002863,-15728.2313331785,0,0,0,0,0,0,0,NaN,NaN,NaN,NaN
C09_S2_boundary,B0,baseline,baseline,225,0.0224,1250,833.333333333333,18846.1885540212,-15728.2391543015,18846.1885540212,-15728.2391543015,0,0,0,0,0,0,0,NaN,NaN,NaN,NaN
C09_S2_boundary,B0,baseline,baseline,226,0.0225,1250,833.333333333333,18828.9916295978,-15718.0304536607,18828.9916295978,-15718.0304536607,0,0,0,0,0,0,0,NaN,NaN,NaN,NaN
C09_S2_boundary,B0,baseline,baseline,227,0.0226,1250,833.333333333333,18791.2597803259,-15692.7144079193,18791.2597803259,-15692.7144079193,0,0,0,0,0,0,0,NaN,NaN,NaN,NaN
C09_S2_boundary,B0,baseline,baseline,228,0.0227,1250,833.333333333333,18755.242301441,-15667.9627958992,18755.242301441,-15667.9627958992,0,0,0,0,0,0,0,NaN,NaN,NaN,NaN
C09_S2_boundary,B0,baseline,baseline,229,0.0228,1250,833.333333333333,18724.1881826961,-15650.3681690315,18724.1881826961,-15650.3681690315,0,0,0,0,0,0,0,NaN,NaN,NaN,NaN
C09_S2_boundary,B0,baseline,baseline,230,0.0229,1250,833.333333333333,18699.7015927542,-15639.4373146369,18699.7015927542,-15639.4373146369,0,0,0,0,0,0,0,NaN,NaN,NaN,NaN
C09_S2_boundary,B0,baseline,baseline,231,0.023,1250,833.333333333333,18687.3922408533,-15635.2004536416,18687.3922408533,-15635.2004536416,0,0,0,0,0,0,0,NaN,NaN,NaN,NaN
C09_S2_boundary,B0,baseline,baseline,232,0.0231,1250,833.333333333333,18696.1251658665,-15641.466563907,18696.1251658665,-15641.466563907,0,0,0,0,0,0,0,NaN,NaN,NaN,NaN
C09_S2_boundary,B0,baseline,baseline,233,0.0232,1250,833.333333333333,18743.0456663912,-15671.2756355104,18743.0456663912,-15671.2756355104,0,0,0,0,0,0,0,NaN,NaN,NaN,NaN
C09_S2_boundary,B0,baseline,baseline,234,0.0233,1250,833.333333333333,18803.3495240274,-15713.884098995,18803.3495240274,-15713.884098995,0,0,0,0,0,0,0,NaN,NaN,NaN,NaN
C09_S2_boundary,B0,baseline,baseline,235,0.0234,1250,833.333333333333,18838.7468538734,-15743.0776712993,18838.7468538734,-15743.0776712993,0,0,0,0,0,0,0,NaN,NaN,NaN,NaN
C09_S2_boundary,B0,baseline,baseline,236,0.0235,1250,833.333333333333,18843.0743250545,-15748.3241582113,18843.0743250545,-15748.3241582113,0,0,0,0,0,0,0,NaN,NaN,NaN,NaN
C09_S2_boundary,B0,baseline,baseline,237,0.0236,1250,833.333333333333,18835.1350821508,-15738.8032869697,18835.1350821508,-15738.8032869697,0,0,0,0,0,0,0,NaN,NaN,NaN,NaN
C09_S2_boundary,B0,baseline,baseline,238,0.0237,1250,833.333333333333,18836.2543771148,-15731.4341007686,18836.2543771148,-15731.4341007686,0,0,0,0,0,0,0,NaN,NaN,NaN,NaN
C09_S2_boundary,B0,baseline,baseline,239,0.0238,1250,833.333333333333,18843.3915015816,-15729.0035298911,18843.3915015816,-15729.0035298911,0,0,0,0,0,0,0,NaN,NaN,NaN,NaN
C09_S2_boundary,B0,baseline,baseline,240,0.0239,1250,833.333333333333,18847.7783524078,-15727.8893869672,18847.7783524078,-15727.8893869672,0,0,0,0,0,0,0,NaN,NaN,NaN,NaN
C09_S2_boundary,B0,baseline,baseline,241,0.024,1250,833.333333333333,18849.2621408969,-15727.7045929242,18849.2621408969,-15727.7045929242,0,0,0,0,0,0,0,NaN,NaN,NaN,NaN
C09_S2_boundary,B0,baseline,baseline,242,0.0241,1250,833.333333333333,18849.0652868803,-15727.7932623557,18849.0652868803,-15727.7932623557,0,0,0,0,0,0,0,NaN,NaN,NaN,NaN
C09_S2_boundary,B0,baseline,baseline,243,0.0242,1250,833.333333333333,18832.8450322562,-15718.8991546407,18832.8450322562,-15718.8991546407,0,0,0,0,0,0,0,NaN,NaN,NaN,NaN
C09_S2_boundary,B0,baseline,baseline,244,0.0243,1250,833.333333333333,18796.9269206284,-15696.4751057375,18796.9269206284,-15696.4751057375,0,0,0,0,0,0,0,NaN,NaN,NaN,NaN
C09_S2_boundary,B0,baseline,baseline,245,0.0244,1250,833.333333333333,18763.2567325789,-15674.8532240481,18763.2567325789,-15674.8532240481,0,0,0,0,0,0,0,NaN,NaN,NaN,NaN
C09_S2_boundary,B0,baseline,baseline,246,0.0245,1250,833.333333333333,18736.9486829059,-15661.4440450208,18736.9486829059,-15661.4440450208,0,0,0,0,0,0,0,NaN,NaN,NaN,NaN
C09_S2_boundary,B0,baseline,baseline,247,0.0246,1250,833.333333333333,18722.7387697182,-15657.717350153,18722.7387697182,-15657.717350153,0,0,0,0,0,0,0,NaN,NaN,NaN,NaN
C09_S2_boundary,B0,baseline,baseline,248,0.0247,1250,833.333333333333,18727.9209765277,-15665.5199763438,18727.9209765277,-15665.5199763438,0,0,0,0,0,0,0,NaN,NaN,NaN,NaN
C09_S2_boundary,B0,baseline,baseline,249,0.0248,1250,833.333333333333,18762.1734479445,-15689.2736699776,18762.1734479445,-15689.2736699776,0,0,0,0,0,0,0,NaN,NaN,NaN,NaN
C09_S2_boundary,B0,baseline,baseline,250,0.0249,1250,833.333333333333,18830.1809184046,-15733.476492425,18830.1809184046,-15733.476492425,0,0,0,0,0,0,0,NaN,NaN,NaN,NaN
C09_S2_boundary,B0,baseline,baseline,251,0.025,1250,833.333333333333,18888.9089575194,-15775.4318060592,18888.9089575194,-15775.4318060592,0,0,0,0,0,0,0,NaN,NaN,NaN,NaN
C09_S2_boundary,B0,baseline,baseline,252,0.0251,1250,833.333333333333,18901.4814002849,-15788.4638466285,18901.4814002849,-15788.4638466285,0,0,0,0,0,0,0,NaN,NaN,NaN,NaN
C09_S2_boundary,B0,baseline,baseline,253,0.0252,1250,833.333333333333,18875.9543951803,-15770.7909595459,18875.9543951803,-15770.7909595459,0,0,0,0,0,0,0,NaN,NaN,NaN,NaN
C09_S2_boundary,B0,baseline,baseline,254,0.0253,1250,833.333333333333,18847.5073241055,-15743.2999153879,18847.5073241055,-15743.2999153879,0,0,0,0,0,0,0,NaN,NaN,NaN,NaN
C09_S2_boundary,B0,baseline,baseline,255,0.0254,1250,833.333333333333,18843.9741409652,-15729.3830287156,18843.9741409652,-15729.3830287156,0,0,0,0,0,0,0,NaN,NaN,NaN,NaN
C09_S2_boundary,B0,baseline,baseline,256,0.0255,1250,833.333333333333,18851.0514485375,-15726.9226118737,18851.0514485375,-15726.9226118737,0,0,0,0,0,0,0,NaN,NaN,NaN,NaN
C09_S2_boundary,B0,baseline,baseline,257,0.0256,1250,833.333333333333,18852.4978413995,-15726.7294867118,18852.4978413995,-15726.7294867118,0,0,0,0,0,0,0,NaN,NaN,NaN,NaN
C09_S2_boundary,B0,baseline,baseline,258,0.0257,1250,833.333333333333,18850.3983473905,-15727.4026253664,18850.3983473905,-15727.4026253664,0,0,0,0,0,0,0,NaN,NaN,NaN,NaN
C09_S2_boundary,B0,baseline,baseline,259,0.0258,1250,833.333333333333,18847.5379612855,-15727.8537639203,18847.5379612855,-15727.8537639203,0,0,0,0,0,0,0,NaN,NaN,NaN,NaN
C09_S2_boundary,B0,baseline,baseline,260,0.0259,1250,833.333333333333,18831.3246432361,-15719.9979522759,18831.3246432361,-15719.9979522759,0,0,0,0,0,0,0,NaN,NaN,NaN,NaN
C09_S2_boundary,B0,baseline,baseline,261,0.026,1250,833.333333333333,18797.6038197434,-15700.1031294178,18797.6038197434,-15700.1031294178,0,0,0,0,0,0,0,NaN,NaN,NaN,NaN
C09_S2_boundary,B0,baseline,baseline,262,0.0261,1250,833.333333333333,18767.1361045111,-15681.5103634351,18767.1361045111,-15681.5103634351,0,0,0,0,0,0,0,NaN,NaN,NaN,NaN
C09_S2_boundary,B0,baseline,baseline,263,0.0262,1250,833.333333333333,18747.1868225928,-15672.3686949227,18747.1868225928,-15672.3686949227,0,0,0,0,0,0,0,NaN,NaN,NaN,NaN
C09_S2_boundary,B0,baseline,baseline,264,0.0263,1250,833.333333333333,18745.1319283204,-15675.961909657,18745.1319283204,-15675.961909657,0,0,0,0,0,0,0,NaN,NaN,NaN,NaN
C09_S2_boundary,B0,baseline,baseline,265,0.0264,1250,833.333333333333,18770.1468676358,-15695.8585196755,18770.1468676358,-15695.8585196755,0,0,0,0,0,0,0,NaN,NaN,NaN,NaN
C09_S2_boundary,B0,baseline,baseline,266,0.0265,1250,833.333333333333,18808.2459728981,-15722.854062117,18808.2459728981,-15722.854062117,0,0,0,0,0,0,0,NaN,NaN,NaN,NaN
C09_S2_boundary,B0,baseline,baseline,267,0.0266,1250,833.333333333333,18844.5263448878,-15745.9886347236,18844.5263448878,-15745.9886347236,0,0,0,0,0,0,0,NaN,NaN,NaN,NaN
C09_S2_boundary,B0,baseline,baseline,268,0.0267,1250,833.333333333333,18864.4657583348,-15757.4478115722,18864.4657583348,-15757.4478115722,0,0,0,0,0,0,0,NaN,NaN,NaN,NaN
C09_S2_boundary,B0,baseline,baseline,269,0.0268,1250,833.333333333333,18858.8099907172,-15751.2479289843,18858.8099907172,-15751.2479289843,0,0,0,0,0,0,0,NaN,NaN,NaN,NaN
C09_S2_boundary,B0,baseline,baseline,270,0.0269,1250,833.333333333333,18845.5748159436,-15736.8475039814,18845.5748159436,-15736.8475039814,0,0,0,0,0,0,0,NaN,NaN,NaN,NaN
C09_S2_boundary,B0,baseline,baseline,271,0.027,1250,833.333333333333,18844.2979390532,-15728.8113651586,18844.2979390532,-15728.8113651586,0,0,0,0,0,0,0,NaN,NaN,NaN,NaN
C09_S2_boundary,B0,baseline,baseline,272,0.0271,1250,833.333333333333,18849.1460665158,-15727.0675766952,18849.1460665158,-15727.0675766952,0,0,0,0,0,0,0,NaN,NaN,NaN,NaN
C09_S2_boundary,B0,baseline,baseline,273,0.0272,1250,833.333333333333,18850.8794464864,-15726.5815293341,18850.8794464864,-15726.5815293341,0,0,0,0,0,0,0,NaN,NaN,NaN,NaN
C09_S2_boundary,B0,baseline,baseline,274,0.0273,1250,833.333333333333,18850.4719315101,-15726.7431000604,18850.4719315101,-15726.7431000604,0,0,0,0,0,0,0,NaN,NaN,NaN,NaN
C09_S2_boundary,B0,baseline,baseline,275,0.0274,1250,833.333333333333,18849.3224150505,-15727.0067439997,18849.3224150505,-15727.0067439997,0,0,0,0,0,0,0,NaN,NaN,NaN,NaN
C09_S2_boundary,B0,baseline,baseline,276,0.0275,1250,833.333333333333,18831.8170666365,-15717.1093987381,18831.8170666365,-15717.1093987381,0,0,0,0,0,0,0,NaN,NaN,NaN,NaN
C09_S2_boundary,B0,baseline,baseline,277,0.0276,1250,833.333333333333,18793.7510057012,-15692.0403174946,18793.7510057012,-15692.0403174946,0,0,0,0,0,0,0,NaN,NaN,NaN,NaN
C09_S2_boundary,B0,baseline,baseline,278,0.0277,1250,833.333333333333,18757.4185020398,-15667.4294398157,18757.4185020398,-15667.4294398157,0,0,0,0,0,0,0,NaN,NaN,NaN,NaN
C09_S2_boundary,B0,baseline,baseline,279,0.0278,1250,833.333333333333,18725.7665916174,-15649.9258343652,18725.7665916174,-15649.9258343652,0,0,0,0,0,0,0,NaN,NaN,NaN,NaN
C09_S2_boundary,B0,baseline,baseline,280,0.0279,1250,833.333333333333,18700.7218022576,-15639.0439748275,18700.7218022576,-15639.0439748275,0,0,0,0,0,0,0,NaN,NaN,NaN,NaN
C09_S2_boundary,B0,baseline,baseline,281,0.028,1250,833.333333333333,18687.7485539773,-15634.8817108245,18687.7485539773,-15634.8817108245,0,0,0,0,0,0,0,NaN,NaN,NaN,NaN
C09_S2_boundary,B0,baseline,baseline,282,0.0281,1250,833.333333333333,18695.9973500932,-15641.2141468457,18695.9973500932,-15641.2141468457,0,0,0,0,0,0,0,NaN,NaN,NaN,NaN
C09_S2_boundary,B0,baseline,baseline,283,0.0282,1250,833.333333333333,18742.8017098169,-15671.2438325534,18742.8017098169,-15671.2438325534,0,0,0,0,0,0,0,NaN,NaN,NaN,NaN
C09_S2_boundary,B0,baseline,baseline,284,0.0283,1250,833.333333333333,18802.8177071893,-15714.3878700804,18802.8177071893,-15714.3878700804,0,0,0,0,0,0,0,NaN,NaN,NaN,NaN
C09_S2_boundary,B0,baseline,baseline,285,0.0284,1250,833.333333333333,18837.7941789754,-15744.2404363157,18837.7941789754,-15744.2404363157,0,0,0,0,0,0,0,NaN,NaN,NaN,NaN
C09_S2_boundary,B0,baseline,baseline,286,0.0285,1250,833.333333333333,18841.6127049966,-15750.0501654439,18841.6127049966,-15750.0501654439,0,0,0,0,0,0,0,NaN,NaN,NaN,NaN
C09_S2_boundary,B0,baseline,baseline,287,0.0286,1250,833.333333333333,18833.1921689922,-15740.7677593377,18833.1921689922,-15740.7677593377,0,0,0,0,0,0,0,NaN,NaN,NaN,NaN
C09_S2_boundary,B0,baseline,baseline,288,0.0287,1250,833.333333333333,18833.8934686521,-15733.3600025633,18833.8934686521,-15733.3600025633,0,0,0,0,0,0,0,NaN,NaN,NaN,NaN
C09_S2_boundary,B0,baseline,baseline,289,0.0288,1250,833.333333333333,18840.6824662751,-15730.8155108211,18840.6824662751,-15730.8155108211,0,0,0,0,0,0,0,NaN,NaN,NaN,NaN
C09_S2_boundary,B0,baseline,baseline,290,0.0289,1250,833.333333333333,18844.8348421635,-15729.5260987684,18844.8348421635,-15729.5260987684,0,0,0,0,0,0,0,NaN,NaN,NaN,NaN
C09_S2_boundary,B0,baseline,baseline,291,0.029,1250,833.333333333333,18846.170838954,-15729.1149846803,18846.170838954,-15729.1149846803,0,0,0,0,0,0,0,NaN,NaN,NaN,NaN
C09_S2_boundary,B0,baseline,baseline,292,0.0291,1250,833.333333333333,18845.9096618451,-15728.9325458719,18845.9096618451,-15728.9325458719,0,0,0,0,0,0,0,NaN,NaN,NaN,NaN
C09_S2_boundary,B0,baseline,baseline,293,0.0292,1250,833.333333333333,18830.028453882,-15719.7289971654,18830.028453882,-15719.7289971654,0,0,0,0,0,0,0,NaN,NaN,NaN,NaN
C09_S2_boundary,B0,baseline,baseline,294,0.0293,1250,833.333333333333,18794.4733045295,-15697.0572517737,18794.4733045295,-15697.0572517737,0,0,0,0,0,0,0,NaN,NaN,NaN,NaN
C09_S2_boundary,B0,baseline,baseline,295,0.0294,1250,833.333333333333,18761.1378986356,-15675.292580374,18761.1378986356,-15675.292580374,0,0,0,0,0,0,0,NaN,NaN,NaN,NaN
C09_S2_boundary,B0,baseline,baseline,296,0.0295,1250,833.333333333333,18735.4231770626,-15661.8076732929,18735.4231770626,-15661.8076732929,0,0,0,0,0,0,0,NaN,NaN,NaN,NaN
C09_S2_boundary,B0,baseline,baseline,297,0.0296,1250,833.333333333333,18721.7553388673,-15658.0524022289,18721.7553388673,-15658.0524022289,0,0,0,0,0,0,0,NaN,NaN,NaN,NaN
C09_S2_boundary,B0,baseline,baseline,298,0.0297,1250,833.333333333333,18727.5755886168,-15665.8115423311,18727.5755886168,-15665.8115423311,0,0,0,0,0,0,0,NaN,NaN,NaN,NaN
C09_S2_boundary,B0,baseline,baseline,299,0.0298,1250,833.333333333333,18762.2948612393,-15689.5222058845,18762.2948612393,-15689.5222058845,0,0,0,0,0,0,0,NaN,NaN,NaN,NaN
C09_S2_boundary,B0,baseline,baseline,300,0.0299,1250,833.333333333333,18830.4873817209,-15733.5076295624,18830.4873817209,-15733.5076295624,0,0,0,0,0,0,0,NaN,NaN,NaN,NaN
C09_S2_boundary,B0,baseline,baseline,301,0.03,1250,833.333333333333,18889.622200375,-15774.9263307775,18889.622200375,-15774.9263307775,0,0,0,0,0,0,0,NaN,NaN,NaN,NaN
C09_S2_boundary,B0,baseline,baseline,302,0.0301,1250,833.333333333333,18902.7039367022,-15787.2923885258,18902.7039367022,-15787.2923885258,0,0,0,0,0,0,0,NaN,NaN,NaN,NaN
C09_S2_boundary,B0,baseline,baseline,303,0.0302,1250,833.333333333333,18877.7145770564,-15769.0553145677,18877.7145770564,-15769.0553145677,0,0,0,0,0,0,0,NaN,NaN,NaN,NaN
C09_S2_boundary,B0,baseline,baseline,304,0.0303,1250,833.333333333333,18849.6903415358,-15741.3359128382,18849.6903415358,-15741.3359128382,0,0,0,0,0,0,0,NaN,NaN,NaN,NaN
C09_S2_boundary,B0,baseline,baseline,305,0.0304,1250,833.333333333333,18846.4949470137,-15727.4821949815,18846.4949470137,-15727.4821949815,0,0,0,0,0,0,0,NaN,NaN,NaN,NaN
C09_S2_boundary,B0,baseline,baseline,306,0.0305,1250,833.333333333333,18853.8749029828,-15725.1649995332,18853.8749029828,-15725.1649995332,0,0,0,0,0,0,0,NaN,NaN,NaN,NaN
C09_S2_boundary,B0,baseline,baseline,307,0.0306,1250,833.333333333333,18855.5119032249,-15725.1671937664,18855.5119032249,-15725.1671937664,0,0,0,0,0,0,0,NaN,NaN,NaN,NaN
C09_S2_boundary,B0,baseline,baseline,308,0.0307,1250,833.333333333333,18853.5221178069,-15726.0807323652,18853.5221178069,-15726.0807323652,0,0,0,0,0,0,0,NaN,NaN,NaN,NaN
C09_S2_boundary,B0,baseline,baseline,309,0.0308,1250,833.333333333333,18850.6914805271,-15726.8139661726,18850.6914805271,-15726.8139661726,0,0,0,0,0,0,0,NaN,NaN,NaN,NaN
C09_S2_boundary,B0,baseline,baseline,310,0.0309,1250,833.333333333333,18834.1169939677,-15719.2630753254,18834.1169939677,-15719.2630753254,0,0,0,0,0,0,0,NaN,NaN,NaN,NaN
C09_S2_boundary,B0,baseline,baseline,311,0.031,1250,833.333333333333,18800.0062509004,-15699.6152938091,18800.0062509004,-15699.6152938091,0,0,0,0,0,0,0,NaN,NaN,NaN,NaN
C09_S2_boundary,B0,baseline,baseline,312,0.0311,1250,833.333333333333,18769.181640366,-15681.1664643545,18769.181640366,-15681.1664643545,0,0,0,0,0,0,0,NaN,NaN,NaN,NaN
C09_S2_boundary,B0,baseline,baseline,313,0.0312,1250,833.333333333333,18748.6444486377,-15672.0847349393,18748.6444486377,-15672.0847349393,0,0,0,0,0,0,0,NaN,NaN,NaN,NaN
C09_S2_boundary,B0,baseline,baseline,314,0.0313,1250,833.333333333333,18746.0672475264,-15675.685937004,18746.0672475264,-15675.685937004,0,0,0,0,0,0,0,NaN,NaN,NaN,NaN
C09_S2_boundary,B0,baseline,baseline,315,0.0314,1250,833.333333333333,18770.4768525742,-15695.595151648,18770.4768525742,-15695.595151648,0,0,0,0,0,0,0,NaN,NaN,NaN,NaN
C09_S2_boundary,B0,baseline,baseline,316,0.0315,1250,833.333333333333,18808.0344961348,-15722.8201950222,18808.0344961348,-15722.8201950222,0,0,0,0,0,0,0,NaN,NaN,NaN,NaN
C09_S2_boundary,B0,baseline,baseline,317,0.0316,1250,833.333333333333,18844.0726948796,-15746.4755180198,18844.0726948796,-15746.4755180198,0,0,0,0,0,0,0,NaN,NaN,NaN,NaN
C09_S2_boundary,B0,baseline,baseline,318,0.0317,1250,833.333333333333,18863.6417962023,-15758.5834625675,18863.6417962023,-15758.5834625675,0,0,0,0,0,0,0,NaN,NaN,NaN,NaN
C09_S2_boundary,B0,baseline,baseline,319,0.0318,1250,833.333333333333,18857.5136037525,-15752.9493852679,18857.5136037525,-15752.9493852679,0,0,0,0,0,0,0,NaN,NaN,NaN,NaN
C09_S2_boundary,B0,baseline,baseline,320,0.0319,1250,833.333333333333,18843.8151576325,-15738.8020379771,18843.8151576325,-15738.8020379771,0,0,0,0,0,0,0,NaN,NaN,NaN,NaN
C09_S2_boundary,B0,baseline,baseline,321,0.032,1250,833.333333333333,18842.1105090007,-15730.7506178957,18842.1105090007,-15730.7506178957,0,0,0,0,0,0,0,NaN,NaN,NaN,NaN
C09_S2_boundary,B0,baseline,baseline,322,0.0321,1250,833.333333333333,18846.5803916512,-15728.9171506447,18846.5803916512,-15728.9171506447,0,0,0,0,0,0,0,NaN,NaN,NaN,NaN
C09_S2_boundary,B0,baseline,baseline,323,0.0322,1250,833.333333333333,18848.0415092356,-15728.2773994763,18848.0415092356,-15728.2773994763,0,0,0,0,0,0,0,NaN,NaN,NaN,NaN
C09_S2_boundary,B0,baseline,baseline,324,0.0323,1250,833.333333333333,18847.4446002861,-15728.2313331787,18847.4446002861,-15728.2313331787,0,0,0,0,0,0,0,NaN,NaN,NaN,NaN
C09_S2_boundary,B0,baseline,baseline,325,0.0324,1250,833.333333333333,18846.1885540212,-15728.2391543016,18846.1885540212,-15728.2391543016,0,0,0,0,0,0,0,NaN,NaN,NaN,NaN
C09_S2_boundary,B0,baseline,baseline,326,0.0325,1250,833.333333333333,18828.9916295978,-15718.0304536609,18828.9916295978,-15718.0304536609,0,0,0,0,0,0,0,NaN,NaN,NaN,NaN
C09_S2_boundary,B0,baseline,baseline,327,0.0326,1250,833.333333333333,18791.2597803259,-15692.7144079194,18791.2597803259,-15692.7144079194,0,0,0,0,0,0,0,NaN,NaN,NaN,NaN
C09_S2_boundary,B0,baseline,baseline,328,0.0327,1250,833.333333333333,18755.2423014408,-15667.9627958993,18755.2423014408,-15667.9627958993,0,0,0,0,0,0,0,NaN,NaN,NaN,NaN
C09_S2_boundary,B0,baseline,baseline,329,0.0328,1250,833.333333333333,18724.1881826959,-15650.3681690315,18724.1881826959,-15650.3681690315,0,0,0,0,0,0,0,NaN,NaN,NaN,NaN
C09_S2_boundary,B0,baseline,baseline,330,0.0329,1250,833.333333333333,18699.7015927539,-15639.4373146365,18699.7015927539,-15639.4373146365,0,0,0,0,0,0,0,NaN,NaN,NaN,NaN
C09_S2_boundary,B0,baseline,baseline,331,0.033,1250,833.333333333333,18687.3922408527,-15635.2004536411,18687.3922408527,-15635.2004536411,0,0,0,0,0,0,0,NaN,NaN,NaN,NaN
C09_S2_boundary,B0,baseline,baseline,332,0.0331,1250,833.333333333333,18696.1251658656,-15641.4665639063,18696.1251658656,-15641.4665639063,0,0,0,0,0,0,0,NaN,NaN,NaN,NaN
C09_S2_boundary,B0,baseline,baseline,333,0.0332,1250,833.333333333333,18743.04566639,-15671.2756355095,18743.04566639,-15671.2756355095,0,0,0,0,0,0,0,NaN,NaN,NaN,NaN
C09_S2_boundary,B0,baseline,baseline,334,0.0333,1250,833.333333333333,18803.3495240263,-15713.8840989941,18803.3495240263,-15713.8840989941,0,0,0,0,0,0,0,NaN,NaN,NaN,NaN
C09_S2_boundary,B0,baseline,baseline,335,0.0334,1250,833.333333333333,18838.7468538725,-15743.0776712987,18838.7468538725,-15743.0776712987,0,0,0,0,0,0,0,NaN,NaN,NaN,NaN
C09_S2_boundary,B0,baseline,baseline,336,0.0335,1250,833.333333333333,18843.0743250539,-15748.324158211,18843.0743250539,-15748.324158211,0,0,0,0,0,0,0,NaN,NaN,NaN,NaN
C09_S2_boundary,B0,baseline,baseline,337,0.0336,1250,833.333333333333,18835.1350821504,-15738.8032869697,18835.1350821504,-15738.8032869697,0,0,0,0,0,0,0,NaN,NaN,NaN,NaN
C09_S2_boundary,B0,baseline,baseline,338,0.0337,1250,833.333333333333,18836.2543771144,-15731.4341007687,18836.2543771144,-15731.4341007687,0,0,0,0,0,0,0,NaN,NaN,NaN,NaN
C09_S2_boundary,B0,baseline,baseline,339,0.0338,1250,833.333333333333,18843.3915015811,-15729.0035298912,18843.3915015811,-15729.0035298912,0,0,0,0,0,0,0,NaN,NaN,NaN,NaN
C09_S2_boundary,B0,baseline,baseline,340,0.0339,1250,833.333333333333,18847.7783524074,-15727.8893869674,18847.7783524074,-15727.8893869674,0,0,0,0,0,0,0,NaN,NaN,NaN,NaN
C09_S2_boundary,B0,baseline,baseline,341,0.034,1250,833.333333333333,18849.2621408967,-15727.7045929243,18849.2621408967,-15727.7045929243,0,0,0,0,0,0,0,NaN,NaN,NaN,NaN
C09_S2_boundary,B0,baseline,baseline,342,0.0341,1250,833.333333333333,18849.0652868804,-15727.7932623557,18849.0652868804,-15727.7932623557,0,0,0,0,0,0,0,NaN,NaN,NaN,NaN
C09_S2_boundary,B0,baseline,baseline,343,0.0342,1250,833.333333333333,18832.8450322564,-15718.8991546406,18832.8450322564,-15718.8991546406,0,0,0,0,0,0,0,NaN,NaN,NaN,NaN
C09_S2_boundary,B0,baseline,baseline,344,0.0343,1250,833.333333333333,18796.9269206286,-15696.4751057373,18796.9269206286,-15696.4751057373,0,0,0,0,0,0,0,NaN,NaN,NaN,NaN
C09_S2_boundary,B0,baseline,baseline,345,0.0344,1250,833.333333333333,18763.2567325791,-15674.8532240478,18763.2567325791,-15674.8532240478,0,0,0,0,0,0,0,NaN,NaN,NaN,NaN
C09_S2_boundary,B0,baseline,baseline,346,0.0345,1250,833.333333333333,18736.9486829062,-15661.4440450205,18736.9486829062,-15661.4440450205,0,0,0,0,0,0,0,NaN,NaN,NaN,NaN
C09_S2_boundary,B0,baseline,baseline,347,0.0346,1250,833.333333333333,18722.7387697183,-15657.7173501528,18722.7387697183,-15657.7173501528,0,0,0,0,0,0,0,NaN,NaN,NaN,NaN
C09_S2_boundary,B0,baseline,baseline,348,0.0347,1250,833.333333333333,18727.9209765275,-15665.5199763437,18727.9209765275,-15665.5199763437,0,0,0,0,0,0,0,NaN,NaN,NaN,NaN
C09_S2_boundary,B0,baseline,baseline,349,0.0348,1250,833.333333333333,18762.173447944,-15689.2736699773,18762.173447944,-15689.2736699773,0,0,0,0,0,0,0,NaN,NaN,NaN,NaN
C09_S2_boundary,B0,baseline,baseline,350,0.0349,1250,833.333333333333,18830.1809184038,-15733.4764924247,18830.1809184038,-15733.4764924247,0,0,0,0,0,0,0,NaN,NaN,NaN,NaN
C09_S2_boundary,B0,baseline,baseline,351,0.035,1250,833.333333333333,18888.9089575185,-15775.431806059,18888.9089575185,-15775.431806059,0,0,0,0,0,0,0,NaN,NaN,NaN,NaN
C09_S2_boundary,B0,baseline,baseline,352,0.0351,1250,833.333333333333,18901.4814002842,-15788.4638466284,18901.4814002842,-15788.4638466284,0,0,0,0,0,0,0,NaN,NaN,NaN,NaN
C09_S2_boundary,B0,baseline,baseline,353,0.0352,1250,833.333333333333,18875.9543951798,-15770.7909595459,18875.9543951798,-15770.7909595459,0,0,0,0,0,0,0,NaN,NaN,NaN,NaN
C09_S2_boundary,B0,baseline,baseline,354,0.0353,1250,833.333333333333,18847.5073241054,-15743.2999153879,18847.5073241054,-15743.2999153879,0,0,0,0,0,0,0,NaN,NaN,NaN,NaN
C09_S2_boundary,B0,baseline,baseline,355,0.0354,1250,833.333333333333,18843.9741409653,-15729.3830287155,18843.9741409653,-15729.3830287155,0,0,0,0,0,0,0,NaN,NaN,NaN,NaN
C09_S2_boundary,B0,baseline,baseline,356,0.0355,1250,833.333333333333,18851.0514485377,-15726.9226118736,18851.0514485377,-15726.9226118736,0,0,0,0,0,0,0,NaN,NaN,NaN,NaN
C09_S2_boundary,B0,baseline,baseline,357,0.0356,1250,833.333333333333,18852.4978413998,-15726.7294867117,18852.4978413998,-15726.7294867117,0,0,0,0,0,0,0,NaN,NaN,NaN,NaN
C09_S2_boundary,B0,baseline,baseline,358,0.0357,1250,833.333333333333,18850.3983473906,-15727.4026253664,18850.3983473906,-15727.4026253664,0,0,0,0,0,0,0,NaN,NaN,NaN,NaN
C09_S2_boundary,B0,baseline,baseline,359,0.0358,1250,833.333333333333,18847.5379612856,-15727.8537639202,18847.5379612856,-15727.8537639202,0,0,0,0,0,0,0,NaN,NaN,NaN,NaN
C09_S2_boundary,B0,baseline,baseline,360,0.0359,1250,833.333333333333,18831.3246432363,-15719.9979522758,18831.3246432363,-15719.9979522758,0,0,0,0,0,0,0,NaN,NaN,NaN,NaN
C09_S2_boundary,B0,baseline,baseline,361,0.036,1250,833.333333333333,18797.6038197435,-15700.1031294176,18797.6038197435,-15700.1031294176,0,0,0,0,0,0,0,NaN,NaN,NaN,NaN
C09_S2_boundary,B0,baseline,baseline,362,0.0361,1250,833.333333333333,18767.1361045111,-15681.510363435,18767.1361045111,-15681.510363435,0,0,0,0,0,0,0,NaN,NaN,NaN,NaN
C09_S2_boundary,B0,baseline,baseline,363,0.0362,1250,833.333333333333,18747.1868225927,-15672.3686949227,18747.1868225927,-15672.3686949227,0,0,0,0,0,0,0,NaN,NaN,NaN,NaN
C09_S2_boundary,B0,baseline,baseline,364,0.0363,1250,833.333333333333,18745.1319283202,-15675.9619096569,18745.1319283202,-15675.9619096569,0,0,0,0,0,0,0,NaN,NaN,NaN,NaN
C09_S2_boundary,B0,baseline,baseline,365,0.0364,1250,833.333333333333,18770.1468676354,-15695.8585196752,18770.1468676354,-15695.8585196752,0,0,0,0,0,0,0,NaN,NaN,NaN,NaN
C09_S2_boundary,B0,baseline,baseline,366,0.0365,1250,833.333333333333,18808.2459728976,-15722.8540621167,18808.2459728976,-15722.8540621167,0,0,0,0,0,0,0,NaN,NaN,NaN,NaN
C09_S2_boundary,B0,baseline,baseline,367,0.0366,1250,833.333333333333,18844.5263448872,-15745.9886347233,18844.5263448872,-15745.9886347233,0,0,0,0,0,0,0,NaN,NaN,NaN,NaN
C09_S2_boundary,B0,baseline,baseline,368,0.0367,1250,833.333333333333,18864.4657583342,-15757.4478115721,18864.4657583342,-15757.4478115721,0,0,0,0,0,0,0,NaN,NaN,NaN,NaN
C09_S2_boundary,B0,baseline,baseline,369,0.0368,1250,833.333333333333,18858.8099907166,-15751.2479289843,18858.8099907166,-15751.2479289843,0,0,0,0,0,0,0,NaN,NaN,NaN,NaN
C09_S2_boundary,B0,baseline,baseline,370,0.0369,1250,833.333333333333,18845.5748159432,-15736.8475039814,18845.5748159432,-15736.8475039814,0,0,0,0,0,0,0,NaN,NaN,NaN,NaN
C09_S2_boundary,B0,baseline,baseline,371,0.037,1250,833.333333333333,18844.2979390529,-15728.8113651586,18844.2979390529,-15728.8113651586,0,0,0,0,0,0,0,NaN,NaN,NaN,NaN
C09_S2_boundary,B0,baseline,baseline,372,0.0371,1250,833.333333333333,18849.1460665157,-15727.0675766952,18849.1460665157,-15727.0675766952,0,0,0,0,0,0,0,NaN,NaN,NaN,NaN
C09_S2_boundary,B0,baseline,baseline,373,0.0372,1250,833.333333333333,18850.8794464863,-15726.5815293341,18850.8794464863,-15726.5815293341,0,0,0,0,0,0,0,NaN,NaN,NaN,NaN
C09_S2_boundary,B0,baseline,baseline,374,0.0373,1250,833.333333333333,18850.4719315099,-15726.7431000605,18850.4719315099,-15726.7431000605,0,0,0,0,0,0,0,NaN,NaN,NaN,NaN
C09_S2_boundary,B0,baseline,baseline,375,0.0374,1250,833.333333333333,18849.3224150503,-15727.0067439997,18849.3224150503,-15727.0067439997,0,0,0,0,0,0,0,NaN,NaN,NaN,NaN
C09_S2_boundary,B0,baseline,baseline,376,0.0375,1250,833.333333333333,18831.8170666363,-15717.109398738,18831.8170666363,-15717.109398738,0,0,0,0,0,0,0,NaN,NaN,NaN,NaN
C09_S2_boundary,B0,baseline,baseline,377,0.0376,1250,833.333333333333,18793.7510057012,-15692.0403174944,18793.7510057012,-15692.0403174944,0,0,0,0,0,0,0,NaN,NaN,NaN,NaN
C09_S2_boundary,B0,baseline,baseline,378,0.0377,1250,833.333333333333,18757.41850204,-15667.4294398153,18757.41850204,-15667.4294398153,0,0,0,0,0,0,0,NaN,NaN,NaN,NaN
C09_S2_boundary,B0,baseline,baseline,379,0.0378,1250,833.333333333333,18725.7665916176,-15649.9258343649,18725.7665916176,-15649.9258343649,0,0,0,0,0,0,0,NaN,NaN,NaN,NaN
C09_S2_boundary,B0,baseline,baseline,380,0.0379,1250,833.333333333333,18700.7218022576,-15639.0439748273,18700.7218022576,-15639.0439748273,0,0,0,0,0,0,0,NaN,NaN,NaN,NaN
C09_S2_boundary,B0,baseline,baseline,381,0.038,1250,833.333333333333,18687.7485539771,-15634.8817108241,18687.7485539771,-15634.8817108241,0,0,0,0,0,0,0,NaN,NaN,NaN,NaN
C09_S2_boundary,B0,baseline,baseline,382,0.0381,1250,833.333333333333,18695.9973500927,-15641.2141468451,18695.9973500927,-15641.2141468451,0,0,0,0,0,0,0,NaN,NaN,NaN,NaN
C09_S2_boundary,B0,baseline,baseline,383,0.0382,1250,833.333333333333,18742.8017098161,-15671.2438325527,18742.8017098161,-15671.2438325527,0,0,0,0,0,0,0,NaN,NaN,NaN,NaN
C09_S2_boundary,B0,baseline,baseline,384,0.0383,1250,833.333333333333,18802.8177071885,-15714.3878700797,18802.8177071885,-15714.3878700797,0,0,0,0,0,0,0,NaN,NaN,NaN,NaN
C09_S2_boundary,B0,baseline,baseline,385,0.0384,1250,833.333333333333,18837.7941789748,-15744.2404363152,18837.7941789748,-15744.2404363152,0,0,0,0,0,0,0,NaN,NaN,NaN,NaN
C09_S2_boundary,B0,baseline,baseline,386,0.0385,1250,833.333333333333,18841.6127049963,-15750.0501654436,18841.6127049963,-15750.0501654436,0,0,0,0,0,0,0,NaN,NaN,NaN,NaN
C09_S2_boundary,B0,baseline,baseline,387,0.0386,1250,833.333333333333,18833.1921689919,-15740.7677593378,18833.1921689919,-15740.7677593378,0,0,0,0,0,0,0,NaN,NaN,NaN,NaN
C09_S2_boundary,B0,baseline,baseline,388,0.0387,1250,833.333333333333,18833.8934686518,-15733.3600025635,18833.8934686518,-15733.3600025635,0,0,0,0,0,0,0,NaN,NaN,NaN,NaN
C09_S2_boundary,B0,baseline,baseline,389,0.0388,1250,833.333333333333,18840.6824662748,-15730.8155108213,18840.6824662748,-15730.8155108213,0,0,0,0,0,0,0,NaN,NaN,NaN,NaN
C09_S2_boundary,B0,baseline,baseline,390,0.0389,1250,833.333333333333,18844.8348421634,-15729.5260987685,18844.8348421634,-15729.5260987685,0,0,0,0,0,0,0,NaN,NaN,NaN,NaN
C09_S2_boundary,B0,baseline,baseline,391,0.039,1250,833.333333333333,18846.1708389541,-15729.1149846803,18846.1708389541,-15729.1149846803,0,0,0,0,0,0,0,NaN,NaN,NaN,NaN
C09_S2_boundary,B0,baseline,baseline,392,0.0391,1250,833.333333333333,18845.9096618454,-15728.9325458719,18845.9096618454,-15728.9325458719,0,0,0,0,0,0,0,NaN,NaN,NaN,NaN
C09_S2_boundary,B0,baseline,baseline,393,0.0392,1250,833.333333333333,18830.0284538823,-15719.7289971654,18830.0284538823,-15719.7289971654,0,0,0,0,0,0,0,NaN,NaN,NaN,NaN
C09_S2_boundary,B0,baseline,baseline,394,0.0393,1250,833.333333333333,18794.4733045297,-15697.0572517737,18794.4733045297,-15697.0572517737,0,0,0,0,0,0,0,NaN,NaN,NaN,NaN
C09_S2_boundary,B0,baseline,baseline,395,0.0394,1250,833.333333333333,18761.1378986357,-15675.292580374,18761.1378986357,-15675.292580374,0,0,0,0,0,0,0,NaN,NaN,NaN,NaN
C09_S2_boundary,B0,baseline,baseline,396,0.0395,1250,833.333333333333,18735.4231770626,-15661.8076732928,18735.4231770626,-15661.8076732928,0,0,0,0,0,0,0,NaN,NaN,NaN,NaN
C09_S2_boundary,B0,baseline,baseline,397,0.0396,1250,833.333333333333,18721.7553388671,-15658.0524022287,18721.7553388671,-15658.0524022287,0,0,0,0,0,0,0,NaN,NaN,NaN,NaN
C09_S2_boundary,B0,baseline,baseline,398,0.0397,1250,833.333333333333,18727.5755886166,-15665.8115423308,18727.5755886166,-15665.8115423308,0,0,0,0,0,0,0,NaN,NaN,NaN,NaN
C09_S2_boundary,B0,baseline,baseline,399,0.0398,1250,833.333333333333,18762.2948612388,-15689.522205884,18762.2948612388,-15689.522205884,0,0,0,0,0,0,0,NaN,NaN,NaN,NaN
C09_S2_boundary,B0,baseline,baseline,400,0.0399,1250,833.333333333333,18830.4873817203,-15733.5076295619,18830.4873817203,-15733.5076295619,0,0,0,0,0,0,0,NaN,NaN,NaN,NaN
C09_S2_boundary,B0,baseline,baseline,401,0.04,1250,833.333333333333,18889.6222003744,-15774.9263307771,18889.6222003744,-15774.9263307771,0,0,0,0,0,0,0,NaN,NaN,NaN,NaN
C09_S2_boundary,B0,baseline,baseline,402,0.0401,1250,833.333333333333,18902.7039367017,-15787.2923885256,18902.7039367017,-15787.2923885256,0,0,0,0,0,0,0,NaN,NaN,NaN,NaN
C09_S2_boundary,B0,baseline,baseline,403,0.0402,1250,833.333333333333,18877.7145770559,-15769.0553145676,18877.7145770559,-15769.0553145676,0,0,0,0,0,0,0,NaN,NaN,NaN,NaN
C09_S2_boundary,B0,baseline,baseline,404,0.0403,1250,833.333333333333,18849.6903415355,-15741.3359128383,18849.6903415355,-15741.3359128383,0,0,0,0,0,0,0,NaN,NaN,NaN,NaN
C09_S2_boundary,B0,baseline,baseline,405,0.0404,1250,833.333333333333,18846.4949470135,-15727.4821949816,18846.4949470135,-15727.4821949816,0,0,0,0,0,0,0,NaN,NaN,NaN,NaN
C09_S2_boundary,B0,baseline,baseline,406,0.0405,1250,833.333333333333,18853.8749029826,-15725.1649995333,18853.8749029826,-15725.1649995333,0,0,0,0,0,0,0,NaN,NaN,NaN,NaN
C09_S2_boundary,B0,baseline,baseline,407,0.0406,1250,833.333333333333,18855.5119032248,-15725.1671937665,18855.5119032248,-15725.1671937665,0,0,0,0,0,0,0,NaN,NaN,NaN,NaN
C09_S2_boundary,B0,baseline,baseline,408,0.0407,1250,833.333333333333,18853.5221178067,-15726.0807323653,18853.5221178067,-15726.0807323653,0,0,0,0,0,0,0,NaN,NaN,NaN,NaN
C09_S2_boundary,B0,baseline,baseline,409,0.0408,1250,833.333333333333,18850.6914805269,-15726.8139661727,18850.6914805269,-15726.8139661727,0,0,0,0,0,0,0,NaN,NaN,NaN,NaN
C09_S2_boundary,B0,baseline,baseline,410,0.0409,1250,833.333333333333,18834.1169939673,-15719.2630753254,18834.1169939673,-15719.2630753254,0,0,0,0,0,0,0,NaN,NaN,NaN,NaN
C09_S2_boundary,B0,baseline,baseline,411,0.041,1250,833.333333333333,18800.0062509,-15699.6152938091,18800.0062509,-15699.6152938091,0,0,0,0,0,0,0,NaN,NaN,NaN,NaN
C09_S2_boundary,B0,baseline,baseline,412,0.0411,1250,833.333333333333,18769.1816403657,-15681.1664643544,18769.1816403657,-15681.1664643544,0,0,0,0,0,0,0,NaN,NaN,NaN,NaN
C09_S2_boundary,B0,baseline,baseline,413,0.0412,1250,833.333333333333,18748.6444486376,-15672.0847349391,18748.6444486376,-15672.0847349391,0,0,0,0,0,0,0,NaN,NaN,NaN,NaN
C09_S2_boundary,B0,baseline,baseline,414,0.0413,1250,833.333333333333,18746.0672475263,-15675.6859370037,18746.0672475263,-15675.6859370037,0,0,0,0,0,0,0,NaN,NaN,NaN,NaN
C09_S2_boundary,B0,baseline,baseline,415,0.0414,1250,833.333333333333,18770.4768525739,-15695.5951516475,18770.4768525739,-15695.5951516475,0,0,0,0,0,0,0,NaN,NaN,NaN,NaN
C09_S2_boundary,B0,baseline,baseline,416,0.0415,1250,833.333333333333,18808.0344961341,-15722.8201950216,18808.0344961341,-15722.8201950216,0,0,0,0,0,0,0,NaN,NaN,NaN,NaN
C09_S2_boundary,B0,baseline,baseline,417,0.0416,1250,833.333333333333,18844.0726948789,-15746.4755180192,18844.0726948789,-15746.4755180192,0,0,0,0,0,0,0,NaN,NaN,NaN,NaN
C09_S2_boundary,B0,baseline,baseline,418,0.0417,1250,833.333333333333,18863.6417962018,-15758.5834625671,18863.6417962018,-15758.5834625671,0,0,0,0,0,0,0,NaN,NaN,NaN,NaN
C09_S2_boundary,B0,baseline,baseline,419,0.0418,1250,833.333333333333,18857.5136037523,-15752.9493852677,18857.5136037523,-15752.9493852677,0,0,0,0,0,0,0,NaN,NaN,NaN,NaN
C09_S2_boundary,B0,baseline,baseline,420,0.0419,1250,833.333333333333,18843.8151576323,-15738.8020379772,18843.8151576323,-15738.8020379772,0,0,0,0,0,0,0,NaN,NaN,NaN,NaN
C09_S2_boundary,B0,baseline,baseline,421,0.042,1250,833.333333333333,18842.1105090004,-15730.7506178959,18842.1105090004,-15730.7506178959,0,0,0,0,0,0,0,NaN,NaN,NaN,NaN
C09_S2_boundary,B0,baseline,baseline,422,0.0421,1250,833.333333333333,18846.5803916508,-15728.9171506448,18846.5803916508,-15728.9171506448,0,0,0,0,0,0,0,NaN,NaN,NaN,NaN
C09_S2_boundary,B0,baseline,baseline,423,0.0422,1250,833.333333333333,18848.0415092354,-15728.2773994764,18848.0415092354,-15728.2773994764,0,0,0,0,0,0,0,NaN,NaN,NaN,NaN
C09_S2_boundary,B0,baseline,baseline,424,0.0423,1250,833.333333333333,18847.4446002861,-15728.2313331787,18847.4446002861,-15728.2313331787,0,0,0,0,0,0,0,NaN,NaN,NaN,NaN
C09_S2_boundary,B0,baseline,baseline,425,0.0424,1250,833.333333333333,18846.1885540211,-15728.2391543016,18846.1885540211,-15728.2391543016,0,0,0,0,0,0,0,NaN,NaN,NaN,NaN
C09_S2_boundary,B0,baseline,baseline,426,0.0425,1250,833.333333333333,18828.9916295976,-15718.0304536609,18828.9916295976,-15718.0304536609,0,0,0,0,0,0,0,NaN,NaN,NaN,NaN
C09_S2_boundary,B0,baseline,baseline,427,0.0426,1250,833.333333333333,18791.2597803255,-15692.7144079193,18791.2597803255,-15692.7144079193,0,0,0,0,0,0,0,NaN,NaN,NaN,NaN
C09_S2_boundary,B0,baseline,baseline,428,0.0427,1250,833.333333333333,18755.2423014404,-15667.9627958991,18755.2423014404,-15667.9627958991,0,0,0,0,0,0,0,NaN,NaN,NaN,NaN
C09_S2_boundary,B0,baseline,baseline,429,0.0428,1250,833.333333333333,18724.1881826955,-15650.3681690312,18724.1881826955,-15650.3681690312,0,0,0,0,0,0,0,NaN,NaN,NaN,NaN
C09_S2_boundary,B0,baseline,baseline,430,0.0429,1250,833.333333333333,18699.7015927534,-15639.4373146362,18699.7015927534,-15639.4373146362,0,0,0,0,0,0,0,NaN,NaN,NaN,NaN
C09_S2_boundary,B0,baseline,baseline,431,0.043,1250,833.333333333333,18687.3922408521,-15635.2004536405,18687.3922408521,-15635.2004536405,0,0,0,0,0,0,0,NaN,NaN,NaN,NaN
C09_S2_boundary,B0,baseline,baseline,432,0.0431,1250,833.333333333333,18696.1251658646,-15641.4665639054,18696.1251658646,-15641.4665639054,0,0,0,0,0,0,0,NaN,NaN,NaN,NaN
C09_S2_boundary,B0,baseline,baseline,433,0.0432,1250,833.333333333333,18743.0456663886,-15671.2756355084,18743.0456663886,-15671.2756355084,0,0,0,0,0,0,0,NaN,NaN,NaN,NaN
C09_S2_boundary,B0,baseline,baseline,434,0.0433,1250,833.333333333333,18803.3495240248,-15713.8840989931,18803.3495240248,-15713.8840989931,0,0,0,0,0,0,0,NaN,NaN,NaN,NaN
C09_S2_boundary,B0,baseline,baseline,435,0.0434,1250,833.333333333333,18838.7468538712,-15743.077671298,18838.7468538712,-15743.077671298,0,0,0,0,0,0,0,NaN,NaN,NaN,NaN
C09_S2_boundary,B0,baseline,baseline,436,0.0435,1250,833.333333333333,18843.074325053,-15748.3241582108,18843.074325053,-15748.3241582108,0,0,0,0,0,0,0,NaN,NaN,NaN,NaN
C09_S2_boundary,B0,baseline,baseline,437,0.0436,1250,833.333333333333,18835.1350821497,-15738.8032869698,18835.1350821497,-15738.8032869698,0,0,0,0,0,0,0,NaN,NaN,NaN,NaN
C09_S2_boundary,B0,baseline,baseline,438,0.0437,1250,833.333333333333,18836.2543771138,-15731.4341007689,18836.2543771138,-15731.4341007689,0,0,0,0,0,0,0,NaN,NaN,NaN,NaN
C09_S2_boundary,B0,baseline,baseline,439,0.0438,1250,833.333333333333,18843.3915015808,-15729.0035298913,18843.3915015808,-15729.0035298913,0,0,0,0,0,0,0,NaN,NaN,NaN,NaN
C09_S2_boundary,B0,baseline,baseline,440,0.0439,1250,833.333333333333,18847.7783524073,-15727.8893869673,18847.7783524073,-15727.8893869673,0,0,0,0,0,0,0,NaN,NaN,NaN,NaN
C09_S2_boundary,B0,baseline,baseline,441,0.044,1250,833.333333333333,18849.2621408967,-15727.7045929242,18849.2621408967,-15727.7045929242,0,0,0,0,0,0,0,NaN,NaN,NaN,NaN
C09_S2_boundary,B0,baseline,baseline,442,0.0441,1250,833.333333333333,18849.0652868804,-15727.7932623557,18849.0652868804,-15727.7932623557,0,0,0,0,0,0,0,NaN,NaN,NaN,NaN
C09_S2_boundary,B0,baseline,baseline,443,0.0442,1250,833.333333333333,18832.8450322563,-15718.8991546406,18832.8450322563,-15718.8991546406,0,0,0,0,0,0,0,NaN,NaN,NaN,NaN
C09_S2_boundary,B0,baseline,baseline,444,0.0443,1250,833.333333333333,18796.9269206286,-15696.4751057373,18796.9269206286,-15696.4751057373,0,0,0,0,0,0,0,NaN,NaN,NaN,NaN
C09_S2_boundary,B0,baseline,baseline,445,0.0444,1250,833.333333333333,18763.2567325792,-15674.8532240476,18763.2567325792,-15674.8532240476,0,0,0,0,0,0,0,NaN,NaN,NaN,NaN
C09_S2_boundary,B0,baseline,baseline,446,0.0445,1250,833.333333333333,18736.9486829061,-15661.4440450202,18736.9486829061,-15661.4440450202,0,0,0,0,0,0,0,NaN,NaN,NaN,NaN
C09_S2_boundary,B0,baseline,baseline,447,0.0446,1250,833.333333333333,18722.738769718,-15657.7173501524,18722.738769718,-15657.7173501524,0,0,0,0,0,0,0,NaN,NaN,NaN,NaN
C09_S2_boundary,B0,baseline,baseline,448,0.0447,1250,833.333333333333,18727.9209765269,-15665.519976343,18727.9209765269,-15665.519976343,0,0,0,0,0,0,0,NaN,NaN,NaN,NaN
C09_S2_boundary,B0,baseline,baseline,449,0.0448,1250,833.333333333333,18762.1734479429,-15689.2736699763,18762.1734479429,-15689.2736699763,0,0,0,0,0,0,0,NaN,NaN,NaN,NaN
C09_S2_boundary,B0,baseline,baseline,450,0.0449,1250,833.333333333333,18830.1809184024,-15733.4764924234,18830.1809184024,-15733.4764924234,0,0,0,0,0,0,0,NaN,NaN,NaN,NaN
C09_S2_boundary,B0,baseline,baseline,451,0.045,1250,833.333333333333,18888.9089575171,-15775.4318060577,18888.9089575171,-15775.4318060577,0,0,0,0,0,0,0,NaN,NaN,NaN,NaN
C09_S2_boundary,B0,baseline,baseline,452,0.0451,1250,833.333333333333,18901.4814002831,-15788.4638466274,18901.4814002831,-15788.4638466274,0,0,0,0,0,0,0,NaN,NaN,NaN,NaN
C09_S2_boundary,B0,baseline,baseline,453,0.0452,1250,833.333333333333,18875.954395179,-15770.7909595455,18875.954395179,-15770.7909595455,0,0,0,0,0,0,0,NaN,NaN,NaN,NaN
C09_S2_boundary,B0,baseline,baseline,454,0.0453,1250,833.333333333333,18847.5073241049,-15743.2999153879,18847.5073241049,-15743.2999153879,0,0,0,0,0,0,0,NaN,NaN,NaN,NaN
C09_S2_boundary,B0,baseline,baseline,455,0.0454,1250,833.333333333333,18843.9741409649,-15729.3830287156,18843.9741409649,-15729.3830287156,0,0,0,0,0,0,0,NaN,NaN,NaN,NaN
C09_S2_boundary,B0,baseline,baseline,456,0.0455,1250,833.333333333333,18851.0514485373,-15726.9226118738,18851.0514485373,-15726.9226118738,0,0,0,0,0,0,0,NaN,NaN,NaN,NaN
C09_S2_boundary,B0,baseline,baseline,457,0.0456,1250,833.333333333333,18852.4978413994,-15726.7294867118,18852.4978413994,-15726.7294867118,0,0,0,0,0,0,0,NaN,NaN,NaN,NaN
C09_S2_boundary,B0,baseline,baseline,458,0.0457,1250,833.333333333333,18850.3983473902,-15727.4026253665,18850.3983473902,-15727.4026253665,0,0,0,0,0,0,0,NaN,NaN,NaN,NaN
C09_S2_boundary,B0,baseline,baseline,459,0.0458,1250,833.333333333333,18847.5379612853,-15727.8537639204,18847.5379612853,-15727.8537639204,0,0,0,0,0,0,0,NaN,NaN,NaN,NaN
C09_S2_boundary,B0,baseline,baseline,460,0.0459,1250,833.333333333333,18831.3246432361,-15719.9979522758,18831.3246432361,-15719.9979522758,0,0,0,0,0,0,0,NaN,NaN,NaN,NaN
C09_S2_boundary,B0,baseline,baseline,461,0.046,1250,833.333333333333,18797.6038197432,-15700.1031294176,18797.6038197432,-15700.1031294176,0,0,0,0,0,0,0,NaN,NaN,NaN,NaN
C09_S2_boundary,B0,baseline,baseline,462,0.0461,1250,833.333333333333,18767.1361045106,-15681.510363435,18767.1361045106,-15681.510363435,0,0,0,0,0,0,0,NaN,NaN,NaN,NaN
C09_S2_boundary,B0,baseline,baseline,463,0.0462,1250,833.333333333333,18747.186822592,-15672.3686949225,18747.186822592,-15672.3686949225,0,0,0,0,0,0,0,NaN,NaN,NaN,NaN
C09_S2_boundary,B0,baseline,baseline,464,0.0463,1250,833.333333333333,18745.1319283193,-15675.9619096564,18745.1319283193,-15675.9619096564,0,0,0,0,0,0,0,NaN,NaN,NaN,NaN
C09_S2_boundary,B0,baseline,baseline,465,0.0464,1250,833.333333333333,18770.1468676342,-15695.8585196744,18770.1468676342,-15695.8585196744,0,0,0,0,0,0,0,NaN,NaN,NaN,NaN
C09_S2_boundary,B0,baseline,baseline,466,0.0465,1250,833.333333333333,18808.2459728959,-15722.8540621154,18808.2459728959,-15722.8540621154,0,0,0,0,0,0,0,NaN,NaN,NaN,NaN
C09_S2_boundary,B0,baseline,baseline,467,0.0466,1250,833.333333333333,18844.5263448856,-15745.9886347219,18844.5263448856,-15745.9886347219,0,0,0,0,0,0,0,NaN,NaN,NaN,NaN
C09_S2_boundary,B0,baseline,baseline,468,0.0467,1250,833.333333333333,18864.4657583329,-15757.447811571,18864.4657583329,-15757.447811571,0,0,0,0,0,0,0,NaN,NaN,NaN,NaN
C09_S2_boundary,B0,baseline,baseline,469,0.0468,1250,833.333333333333,18858.809990716,-15751.2479289838,18858.809990716,-15751.2479289838,0,0,0,0,0,0,0,NaN,NaN,NaN,NaN
C09_S2_boundary,B0,baseline,baseline,470,0.0469,1250,833.333333333333,18845.5748159431,-15736.8475039812,18845.5748159431,-15736.8475039812,0,0,0,0,0,0,0,NaN,NaN,NaN,NaN
C09_S2_boundary,B0,baseline,baseline,471,0.047,1250,833.333333333333,18844.2979390528,-15728.8113651586,18844.2979390528,-15728.8113651586,0,0,0,0,0,0,0,NaN,NaN,NaN,NaN
C09_S2_boundary,B0,baseline,baseline,472,0.0471,1250,833.333333333333,18849.1460665154,-15727.0675766953,18849.1460665154,-15727.0675766953,0,0,0,0,0,0,0,NaN,NaN,NaN,NaN
C09_S2_boundary,B0,baseline,baseline,473,0.0472,1250,833.333333333333,18850.8794464859,-15726.5815293343,18850.8794464859,-15726.5815293343,0,0,0,0,0,0,0,NaN,NaN,NaN,NaN
C09_S2_boundary,B0,baseline,baseline,474,0.0473,1250,833.333333333333,18850.4719315095,-15726.7431000607,18850.4719315095,-15726.7431000607,0,0,0,0,0,0,0,NaN,NaN,NaN,NaN
C09_S2_boundary,B0,baseline,baseline,475,0.0474,1250,833.333333333333,18849.3224150501,-15727.0067439998,18849.3224150501,-15727.0067439998,0,0,0,0,0,0,0,NaN,NaN,NaN,NaN
C09_S2_boundary,B0,baseline,baseline,476,0.0475,1250,833.333333333333,18831.8170666362,-15717.1093987381,18831.8170666362,-15717.1093987381,0,0,0,0,0,0,0,NaN,NaN,NaN,NaN
C09_S2_boundary,B0,baseline,baseline,477,0.0476,1250,833.333333333333,18793.7510057011,-15692.0403174943,18793.7510057011,-15692.0403174943,0,0,0,0,0,0,0,NaN,NaN,NaN,NaN
C09_S2_boundary,B0,baseline,baseline,478,0.0477,1250,833.333333333333,18757.41850204,-15667.4294398151,18757.41850204,-15667.4294398151,0,0,0,0,0,0,0,NaN,NaN,NaN,NaN
C09_S2_boundary,B0,baseline,baseline,479,0.0478,1250,833.333333333333,18725.7665916176,-15649.9258343645,18725.7665916176,-15649.9258343645,0,0,0,0,0,0,0,NaN,NaN,NaN,NaN
C09_S2_boundary,B0,baseline,baseline,480,0.0479,1250,833.333333333333,18700.7218022575,-15639.0439748267,18700.7218022575,-15639.0439748267,0,0,0,0,0,0,0,NaN,NaN,NaN,NaN
C09_S2_boundary,B0,baseline,baseline,481,0.048,1250,833.333333333333,18687.7485539765,-15634.8817108233,18687.7485539765,-15634.8817108233,0,0,0,0,0,0,0,NaN,NaN,NaN,NaN
C09_S2_boundary,B0,baseline,baseline,482,0.0481,1250,833.333333333333,18695.9973500914,-15641.214146844,18695.9973500914,-15641.214146844,0,0,0,0,0,0,0,NaN,NaN,NaN,NaN
C09_S2_boundary,B0,baseline,baseline,483,0.0482,1250,833.333333333333,18742.8017098144,-15671.2438325513,18742.8017098144,-15671.2438325513,0,0,0,0,0,0,0,NaN,NaN,NaN,NaN
C09_S2_boundary,B0,baseline,baseline,484,0.0483,1250,833.333333333333,18802.8177071867,-15714.3878700783,18802.8177071867,-15714.3878700783,0,0,0,0,0,0,0,NaN,NaN,NaN,NaN
C09_S2_boundary,B0,baseline,baseline,485,0.0484,1250,833.333333333333,18837.7941789734,-15744.2404363142,18837.7941789734,-15744.2404363142,0,0,0,0,0,0,0,NaN,NaN,NaN,NaN
C09_S2_boundary,B0,baseline,baseline,486,0.0485,1250,833.333333333333,18841.6127049954,-15750.0501654433,18841.6127049954,-15750.0501654433,0,0,0,0,0,0,0,NaN,NaN,NaN,NaN
C09_S2_boundary,B0,baseline,baseline,487,0.0486,1250,833.333333333333,18833.1921689913,-15740.7677593378,18833.1921689913,-15740.7677593378,0,0,0,0,0,0,0,NaN,NaN,NaN,NaN
C09_S2_boundary,B0,baseline,baseline,488,0.0487,1250,833.333333333333,18833.8934686512,-15733.3600025637,18833.8934686512,-15733.3600025637,0,0,0,0,0,0,0,NaN,NaN,NaN,NaN
C09_S2_boundary,B0,baseline,baseline,489,0.0488,1250,833.333333333333,18840.6824662741,-15730.8155108215,18840.6824662741,-15730.8155108215,0,0,0,0,0,0,0,NaN,NaN,NaN,NaN
C09_S2_boundary,B0,baseline,baseline,490,0.0489,1250,833.333333333333,18844.8348421628,-15729.5260987686,18844.8348421628,-15729.5260987686,0,0,0,0,0,0,0,NaN,NaN,NaN,NaN
C09_S2_boundary,B0,baseline,baseline,491,0.049,1250,833.333333333333,18846.1708389536,-15729.1149846805,18846.1708389536,-15729.1149846805,0,0,0,0,0,0,0,NaN,NaN,NaN,NaN
C09_S2_boundary,B0,baseline,baseline,492,0.0491,1250,833.333333333333,18845.909661845,-15728.932545872,18845.909661845,-15728.932545872,0,0,0,0,0,0,0,NaN,NaN,NaN,NaN
C09_S2_boundary,B0,baseline,baseline,493,0.0492,1250,833.333333333333,18830.028453882,-15719.7289971655,18830.028453882,-15719.7289971655,0,0,0,0,0,0,0,NaN,NaN,NaN,NaN
C09_S2_boundary,B0,baseline,baseline,494,0.0493,1250,833.333333333333,18794.4733045295,-15697.0572517736,18794.4733045295,-15697.0572517736,0,0,0,0,0,0,0,NaN,NaN,NaN,NaN
C09_S2_boundary,B0,baseline,baseline,495,0.0494,1250,833.333333333333,18761.1378986354,-15675.2925803737,18761.1378986354,-15675.2925803737,0,0,0,0,0,0,0,NaN,NaN,NaN,NaN
C09_S2_boundary,B0,baseline,baseline,496,0.0495,1250,833.333333333333,18735.4231770622,-15661.8076732924,18735.4231770622,-15661.8076732924,0,0,0,0,0,0,0,NaN,NaN,NaN,NaN
C09_S2_boundary,B0,baseline,baseline,497,0.0496,1250,833.333333333333,18721.7553388663,-15658.0524022281,18721.7553388663,-15658.0524022281,0,0,0,0,0,0,0,NaN,NaN,NaN,NaN
C09_S2_boundary,B0,baseline,baseline,498,0.0497,1250,833.333333333333,18727.5755886152,-15665.8115423299,18727.5755886152,-15665.8115423299,0,0,0,0,0,0,0,NaN,NaN,NaN,NaN
C09_S2_boundary,B0,baseline,baseline,499,0.0498,1250,833.333333333333,18762.2948612367,-15689.5222058825,18762.2948612367,-15689.5222058825,0,0,0,0,0,0,0,NaN,NaN,NaN,NaN
C09_S2_boundary,B0,baseline,baseline,500,0.0499,1250,833.333333333333,18830.4873817176,-15733.5076295598,18830.4873817176,-15733.5076295598,0,0,0,0,0,0,0,NaN,NaN,NaN,NaN
C09_S2_boundary,B0,baseline,baseline,501,0.05,1250,833.333333333333,18889.6222003717,-15774.9263307751,18889.6222003717,-15774.9263307751,0,0,0,0,0,0,0,NaN,NaN,NaN,NaN
C09_S2_boundary,B0,baseline,baseline,502,0.0501,1250,833.333333333333,18902.7039366998,-15787.2923885241,18902.7039366998,-15787.2923885241,0,0,0,0,0,0,0,NaN,NaN,NaN,NaN
C09_S2_boundary,B0,baseline,baseline,503,0.0502,1250,833.333333333333,18877.714577055,-15769.0553145669,18877.714577055,-15769.0553145669,0,0,0,0,0,0,0,NaN,NaN,NaN,NaN
C09_S2_boundary,B0,baseline,baseline,504,0.0503,1250,833.333333333333,18849.6903415353,-15741.3359128381,18849.6903415353,-15741.3359128381,0,0,0,0,0,0,0,NaN,NaN,NaN,NaN
C09_S2_boundary,B0,baseline,baseline,505,0.0504,1250,833.333333333333,18846.4949470135,-15727.4821949816,18846.4949470135,-15727.4821949816,0,0,0,0,0,0,0,NaN,NaN,NaN,NaN
C09_S2_boundary,B0,baseline,baseline,506,0.0505,1250,833.333333333333,18853.8749029828,-15725.1649995332,18853.8749029828,-15725.1649995332,0,0,0,0,0,0,0,NaN,NaN,NaN,NaN
C09_S2_boundary,B0,baseline,baseline,507,0.0506,1250,833.333333333333,18855.5119032252,-15725.1671937663,18855.5119032252,-15725.1671937663,0,0,0,0,0,0,0,NaN,NaN,NaN,NaN
C09_S2_boundary,B0,baseline,baseline,508,0.0507,1250,833.333333333333,18853.5221178073,-15726.0807323651,18853.5221178073,-15726.0807323651,0,0,0,0,0,0,0,NaN,NaN,NaN,NaN
C09_S2_boundary,B0,baseline,baseline,509,0.0508,1250,833.333333333333,18850.6914805274,-15726.8139661725,18850.6914805274,-15726.8139661725,0,0,0,0,0,0,0,NaN,NaN,NaN,NaN
C09_S2_boundary,B0,baseline,baseline,510,0.0509,1250,833.333333333333,18834.1169939676,-15719.2630753254,18834.1169939676,-15719.2630753254,0,0,0,0,0,0,0,NaN,NaN,NaN,NaN
C09_S2_boundary,B0,baseline,baseline,511,0.051,1250,833.333333333333,18800.0062509,-15699.615293809,18800.0062509,-15699.615293809,0,0,0,0,0,0,0,NaN,NaN,NaN,NaN
C09_S2_boundary,B0,baseline,baseline,512,0.0511,1250,833.333333333333,18769.1816403656,-15681.1664643543,18769.1816403656,-15681.1664643543,0,0,0,0,0,0,0,NaN,NaN,NaN,NaN
C09_S2_boundary,B0,baseline,baseline,513,0.0512,1250,833.333333333333,18748.6444486374,-15672.0847349389,18748.6444486374,-15672.0847349389,0,0,0,0,0,0,0,NaN,NaN,NaN,NaN
C09_S2_boundary,B0,baseline,baseline,514,0.0513,1250,833.333333333333,18746.0672475258,-15675.6859370033,18746.0672475258,-15675.6859370033,0,0,0,0,0,0,0,NaN,NaN,NaN,NaN
C09_S2_boundary,B0,baseline,baseline,515,0.0514,1250,833.333333333333,18770.4768525726,-15695.5951516472,18770.4768525726,-15695.5951516472,0,0,0,0,0,0,0,NaN,NaN,NaN,NaN
C09_S2_boundary,B0,baseline,baseline,516,0.0515,1250,833.333333333333,18808.0344961321,-15722.8201950212,18808.0344961321,-15722.8201950212,0,0,0,0,0,0,0,NaN,NaN,NaN,NaN
C09_S2_boundary,B0,baseline,baseline,517,0.0516,1250,833.333333333333,18844.0726948765,-15746.4755180187,18844.0726948765,-15746.4755180187,0,0,0,0,0,0,0,NaN,NaN,NaN,NaN
C09_S2_boundary,B0,baseline,baseline,518,0.0517,1250,833.333333333333,18863.6417961997,-15758.5834625668,18863.6417961997,-15758.5834625668,0,0,0,0,0,0,0,NaN,NaN,NaN,NaN
C09_S2_boundary,B0,baseline,baseline,519,0.0518,1250,833.333333333333,18857.513603751,-15752.9493852675,18857.513603751,-15752.9493852675,0,0,0,0,0,0,0,NaN,NaN,NaN,NaN
C09_S2_boundary,B0,baseline,baseline,520,0.0519,1250,833.333333333333,18843.8151576316,-15738.8020379772,18843.8151576316,-15738.8020379772,0,0,0,0,0,0,0,NaN,NaN,NaN,NaN
C09_S2_boundary,B0,baseline,baseline,521,0.052,1250,833.333333333333,18842.110509,-15730.750617896,18842.110509,-15730.750617896,0,0,0,0,0,0,0,NaN,NaN,NaN,NaN
C09_S2_boundary,B0,baseline,baseline,522,0.0521,1250,833.333333333333,18846.5803916505,-15728.917150645,18846.5803916505,-15728.917150645,0,0,0,0,0,0,0,NaN,NaN,NaN,NaN
C09_S2_boundary,B0,baseline,baseline,523,0.0522,1250,833.333333333333,18848.0415092352,-15728.2773994765,18848.0415092352,-15728.2773994765,0,0,0,0,0,0,0,NaN,NaN,NaN,NaN
C09_S2_boundary,B0,baseline,baseline,524,0.0523,1250,833.333333333333,18847.4446002859,-15728.2313331788,18847.4446002859,-15728.2313331788,0,0,0,0,0,0,0,NaN,NaN,NaN,NaN
C09_S2_boundary,B0,baseline,baseline,525,0.0524,1250,833.333333333333,18846.188554021,-15728.2391543017,18846.188554021,-15728.2391543017,0,0,0,0,0,0,0,NaN,NaN,NaN,NaN
C09_S2_boundary,B0,baseline,baseline,526,0.0525,1250,833.333333333333,18828.9916295974,-15718.030453661,18828.9916295974,-15718.030453661,0,0,0,0,0,0,0,NaN,NaN,NaN,NaN
C09_S2_boundary,B0,baseline,baseline,527,0.0526,1250,833.333333333333,18791.2597803251,-15692.7144079194,18791.2597803251,-15692.7144079194,0,0,0,0,0,0,0,NaN,NaN,NaN,NaN
C09_S2_boundary,B0,baseline,baseline,528,0.0527,1250,833.333333333333,18755.2423014397,-15667.962795899,18755.2423014397,-15667.962795899,0,0,0,0,0,0,0,NaN,NaN,NaN,NaN
C09_S2_boundary,B0,baseline,baseline,529,0.0528,1250,833.333333333333,18724.1881826943,-15650.368169031,18724.1881826943,-15650.368169031,0,0,0,0,0,0,0,NaN,NaN,NaN,NaN
C09_S2_boundary,B0,baseline,baseline,530,0.0529,1250,833.333333333333,18699.7015927513,-15639.4373146357,18699.7015927513,-15639.4373146357,0,0,0,0,0,0,0,NaN,NaN,NaN,NaN
C09_S2_boundary,B0,baseline,baseline,531,0.053,1250,833.333333333333,18687.3922408487,-15635.2004536394,18687.3922408487,-15635.2004536394,0,0,0,0,0,0,0,NaN,NaN,NaN,NaN
C09_S2_boundary,B0,baseline,baseline,532,0.0531,1250,833.333333333333,18696.1251658595,-15641.4665639033,18696.1251658595,-15641.4665639033,0,0,0,0,0,0,0,NaN,NaN,NaN,NaN
C09_S2_boundary,B0,baseline,baseline,533,0.0532,1250,833.333333333333,18743.0456663824,-15671.2756355053,18743.0456663824,-15671.2756355053,0,0,0,0,0,0,0,NaN,NaN,NaN,NaN
C09_S2_boundary,B0,baseline,baseline,534,0.0533,1250,833.333333333333,18803.3495240193,-15713.8840989897,18803.3495240193,-15713.8840989897,0,0,0,0,0,0,0,NaN,NaN,NaN,NaN
C09_S2_boundary,B0,baseline,baseline,535,0.0534,1250,833.333333333333,18838.7468538678,-15743.0776712953,18838.7468538678,-15743.0776712953,0,0,0,0,0,0,0,NaN,NaN,NaN,NaN
C09_S2_boundary,B0,baseline,baseline,536,0.0535,1250,833.333333333333,18843.0743250517,-15748.3241582094,18843.0743250517,-15748.3241582094,0,0,0,0,0,0,0,NaN,NaN,NaN,NaN
C09_S2_boundary,B0,baseline,baseline,537,0.0536,1250,833.333333333333,18835.1350821498,-15738.8032869694,18835.1350821498,-15738.8032869694,0,0,0,0,0,0,0,NaN,NaN,NaN,NaN
C09_S2_boundary,B0,baseline,baseline,538,0.0537,1250,833.333333333333,18836.2543771141,-15731.434100769,18836.2543771141,-15731.434100769,0,0,0,0,0,0,0,NaN,NaN,NaN,NaN
C09_S2_boundary,B0,baseline,baseline,539,0.0538,1250,833.333333333333,18843.3915015811,-15729.0035298913,18843.3915015811,-15729.0035298913,0,0,0,0,0,0,0,NaN,NaN,NaN,NaN
C09_S2_boundary,B0,baseline,baseline,540,0.0539,1250,833.333333333333,18847.7783524077,-15727.8893869672,18847.7783524077,-15727.8893869672,0,0,0,0,0,0,0,NaN,NaN,NaN,NaN
C09_S2_boundary,B0,baseline,baseline,541,0.054,1250,833.333333333333,18849.262140897,-15727.7045929242,18849.262140897,-15727.7045929242,0,0,0,0,0,0,0,NaN,NaN,NaN,NaN
C09_S2_boundary,B0,baseline,baseline,542,0.0541,1250,833.333333333333,18849.0652868806,-15727.7932623557,18849.0652868806,-15727.7932623557,0,0,0,0,0,0,0,NaN,NaN,NaN,NaN
C09_S2_boundary,B0,baseline,baseline,543,0.0542,1250,833.333333333333,18832.8450322565,-15718.8991546406,18832.8450322565,-15718.8991546406,0,0,0,0,0,0,0,NaN,NaN,NaN,NaN
C09_S2_boundary,B0,baseline,baseline,544,0.0543,1250,833.333333333333,18796.9269206288,-15696.4751057371,18796.9269206288,-15696.4751057371,0,0,0,0,0,0,0,NaN,NaN,NaN,NaN
C09_S2_boundary,B0,baseline,baseline,545,0.0544,1250,833.333333333333,18763.2567325792,-15674.8532240473,18763.2567325792,-15674.8532240473,0,0,0,0,0,0,0,NaN,NaN,NaN,NaN
C09_S2_boundary,B0,baseline,baseline,546,0.0545,1250,833.333333333333,18736.9486829059,-15661.4440450197,18736.9486829059,-15661.4440450197,0,0,0,0,0,0,0,NaN,NaN,NaN,NaN
C09_S2_boundary,B0,baseline,baseline,547,0.0546,1250,833.333333333333,18722.7387697172,-15657.7173501516,18722.7387697172,-15657.7173501516,0,0,0,0,0,0,0,NaN,NaN,NaN,NaN
C09_S2_boundary,B0,baseline,baseline,548,0.0547,1250,833.333333333333,18727.9209765251,-15665.5199763417,18727.9209765251,-15665.5199763417,0,0,0,0,0,0,0,NaN,NaN,NaN,NaN
C09_S2_boundary,B0,baseline,baseline,549,0.0548,1250,833.333333333333,18762.1734479397,-15689.2736699742,18762.1734479397,-15689.2736699742,0,0,0,0,0,0,0,NaN,NaN,NaN,NaN
C09_S2_boundary,B0,baseline,baseline,550,0.0549,1250,833.333333333333,18830.1809183981,-15733.4764924206,18830.1809183981,-15733.4764924206,0,0,0,0,0,0,0,NaN,NaN,NaN,NaN
C09_S2_boundary,B0,baseline,baseline,551,0.055,1250,833.333333333333,18888.9089575128,-15775.4318060549,18888.9089575128,-15775.4318060549,0,0,0,0,0,0,0,NaN,NaN,NaN,NaN
C09_S2_boundary,B0,baseline,baseline,552,0.0551,1250,833.333333333333,18901.4814002801,-15788.4638466253,18901.4814002801,-15788.4638466253,0,0,0,0,0,0,0,NaN,NaN,NaN,NaN
C09_S2_boundary,B0,baseline,baseline,553,0.0552,1250,833.333333333333,18875.9543951777,-15770.7909595444,18875.9543951777,-15770.7909595444,0,0,0,0,0,0,0,NaN,NaN,NaN,NaN
C09_S2_boundary,B0,baseline,baseline,554,0.0553,1250,833.333333333333,18847.5073241046,-15743.2999153876,18847.5073241046,-15743.2999153876,0,0,0,0,0,0,0,NaN,NaN,NaN,NaN
C09_S2_boundary,B0,baseline,baseline,555,0.0554,1250,833.333333333333,18843.9741409648,-15729.3830287157,18843.9741409648,-15729.3830287157,0,0,0,0,0,0,0,NaN,NaN,NaN,NaN
C09_S2_boundary,B0,baseline,baseline,556,0.0555,1250,833.333333333333,18851.0514485372,-15726.9226118738,18851.0514485372,-15726.9226118738,0,0,0,0,0,0,0,NaN,NaN,NaN,NaN
C09_S2_boundary,B0,baseline,baseline,557,0.0556,1250,833.333333333333,18852.4978413995,-15726.7294867118,18852.4978413995,-15726.7294867118,0,0,0,0,0,0,0,NaN,NaN,NaN,NaN
C09_S2_boundary,B0,baseline,baseline,558,0.0557,1250,833.333333333333,18850.3983473908,-15727.4026253663,18850.3983473908,-15727.4026253663,0,0,0,0,0,0,0,NaN,NaN,NaN,NaN
C09_S2_boundary,B0,baseline,baseline,559,0.0558,1250,833.333333333333,18847.537961286,-15727.8537639201,18847.537961286,-15727.8537639201,0,0,0,0,0,0,0,NaN,NaN,NaN,NaN
C09_S2_boundary,B0,baseline,baseline,560,0.0559,1250,833.333333333333,18831.3246432367,-15719.9979522756,18831.3246432367,-15719.9979522756,0,0,0,0,0,0,0,NaN,NaN,NaN,NaN
C09_S2_boundary,B0,baseline,baseline,561,0.056,1250,833.333333333333,18797.6038197437,-15700.1031294174,18797.6038197437,-15700.1031294174,0,0,0,0,0,0,0,NaN,NaN,NaN,NaN
C09_S2_boundary,B0,baseline,baseline,562,0.0561,1250,833.333333333333,18767.1361045111,-15681.5103634348,18767.1361045111,-15681.5103634348,0,0,0,0,0,0,0,NaN,NaN,NaN,NaN
C09_S2_boundary,B0,baseline,baseline,563,0.0562,1250,833.333333333333,18747.1868225923,-15672.3686949222,18747.1868225923,-15672.3686949222,0,0,0,0,0,0,0,NaN,NaN,NaN,NaN
C09_S2_boundary,B0,baseline,baseline,564,0.0563,1250,833.333333333333,18745.131928319,-15675.9619096561,18745.131928319,-15675.9619096561,0,0,0,0,0,0,0,NaN,NaN,NaN,NaN
C09_S2_boundary,B0,baseline,baseline,565,0.0564,1250,833.333333333333,18770.1468676328,-15695.858519674,18770.1468676328,-15695.858519674,0,0,0,0,0,0,0,NaN,NaN,NaN,NaN
C09_S2_boundary,B0,baseline,baseline,566,0.0565,1250,833.333333333333,18808.2459728936,-15722.8540621148,18808.2459728936,-15722.8540621148,0,0,0,0,0,0,0,NaN,NaN,NaN,NaN
C09_S2_boundary,B0,baseline,baseline,567,0.0566,1250,833.333333333333,18844.5263448833,-15745.9886347211,18844.5263448833,-15745.9886347211,0,0,0,0,0,0,0,NaN,NaN,NaN,NaN
C09_S2_boundary,B0,baseline,baseline,568,0.0567,1250,833.333333333333,18864.4657583315,-15757.4478115702,18864.4657583315,-15757.4478115702,0,0,0,0,0,0,0,NaN,NaN,NaN,NaN
C09_S2_boundary,B0,baseline,baseline,569,0.0568,1250,833.333333333333,18858.8099907156,-15751.2479289832,18858.8099907156,-15751.2479289832,0,0,0,0,0,0,0,NaN,NaN,NaN,NaN
C09_S2_boundary,B0,baseline,baseline,570,0.0569,1250,833.333333333333,18845.5748159433,-15736.847503981,18845.5748159433,-15736.847503981,0,0,0,0,0,0,0,NaN,NaN,NaN,NaN
C09_S2_boundary,B0,baseline,baseline,571,0.057,1250,833.333333333333,18844.2979390531,-15728.8113651586,18844.2979390531,-15728.8113651586,0,0,0,0,0,0,0,NaN,NaN,NaN,NaN
C09_S2_boundary,B0,baseline,baseline,572,0.0571,1250,833.333333333333,18849.1460665153,-15727.0675766954,18849.1460665153,-15727.0675766954,0,0,0,0,0,0,0,NaN,NaN,NaN,NaN
C09_S2_boundary,B0,baseline,baseline,573,0.0572,1250,833.333333333333,18850.8794464854,-15726.5815293345,18850.8794464854,-15726.5815293345,0,0,0,0,0,0,0,NaN,NaN,NaN,NaN
C09_S2_boundary,B0,baseline,baseline,574,0.0573,1250,833.333333333333,18850.4719315089,-15726.7431000609,18850.4719315089,-15726.7431000609,0,0,0,0,0,0,0,NaN,NaN,NaN,NaN
C09_S2_boundary,B0,baseline,baseline,575,0.0574,1250,833.333333333333,18849.3224150495,-15727.0067439999,18849.3224150495,-15727.0067439999,0,0,0,0,0,0,0,NaN,NaN,NaN,NaN
C09_S2_boundary,B0,baseline,baseline,576,0.0575,1250,833.333333333333,18831.8170666357,-15717.1093987381,18831.8170666357,-15717.1093987381,0,0,0,0,0,0,0,NaN,NaN,NaN,NaN
C09_S2_boundary,B0,baseline,baseline,577,0.0576,1250,833.333333333333,18793.751005701,-15692.0403174941,18793.751005701,-15692.0403174941,0,0,0,0,0,0,0,NaN,NaN,NaN,NaN
C09_S2_boundary,B0,baseline,baseline,578,0.0577,1250,833.333333333333,18757.4185020402,-15667.4294398147,18757.4185020402,-15667.4294398147,0,0,0,0,0,0,0,NaN,NaN,NaN,NaN
C09_S2_boundary,B0,baseline,baseline,579,0.0578,1250,833.333333333333,18725.7665916178,-15649.925834364,18725.7665916178,-15649.925834364,0,0,0,0,0,0,0,NaN,NaN,NaN,NaN
C09_S2_boundary,B0,baseline,baseline,580,0.0579,1250,833.333333333333,18700.7218022574,-15639.043974826,18700.7218022574,-15639.043974826,0,0,0,0,0,0,0,NaN,NaN,NaN,NaN
C09_S2_boundary,B0,baseline,baseline,581,0.058,1250,833.333333333333,18687.7485539758,-15634.8817108223,18687.7485539758,-15634.8817108223,0,0,0,0,0,0,0,NaN,NaN,NaN,NaN
C09_S2_boundary,B0,baseline,baseline,582,0.0581,1250,833.333333333333,18695.9973500897,-15641.2141468426,18695.9973500897,-15641.2141468426,0,0,0,0,0,0,0,NaN,NaN,NaN,NaN
C09_S2_boundary,B0,baseline,baseline,583,0.0582,1250,833.333333333333,18742.8017098119,-15671.2438325496,18742.8017098119,-15671.2438325496,0,0,0,0,0,0,0,NaN,NaN,NaN,NaN
C09_S2_boundary,B0,baseline,baseline,584,0.0583,1250,833.333333333333,18802.8177071841,-15714.3878700768,18802.8177071841,-15714.3878700768,0,0,0,0,0,0,0,NaN,NaN,NaN,NaN
C09_S2_boundary,B0,baseline,baseline,585,0.0584,1250,833.333333333333,18837.7941789713,-15744.2404363132,18837.7941789713,-15744.2404363132,0,0,0,0,0,0,0,NaN,NaN,NaN,NaN
C09_S2_boundary,B0,baseline,baseline,586,0.0585,1250,833.333333333333,18841.6127049944,-15750.0501654428,18841.6127049944,-15750.0501654428,0,0,0,0,0,0,0,NaN,NaN,NaN,NaN
C09_S2_boundary,B0,baseline,baseline,587,0.0586,1250,833.333333333333,18833.1921689911,-15740.7677593377,18833.1921689911,-15740.7677593377,0,0,0,0,0,0,0,NaN,NaN,NaN,NaN
C09_S2_boundary,B0,baseline,baseline,588,0.0587,1250,833.333333333333,18833.8934686513,-15733.3600025637,18833.8934686513,-15733.3600025637,0,0,0,0,0,0,0,NaN,NaN,NaN,NaN
C09_S2_boundary,B0,baseline,baseline,589,0.0588,1250,833.333333333333,18840.6824662743,-15730.8155108215,18840.6824662743,-15730.8155108215,0,0,0,0,0,0,0,NaN,NaN,NaN,NaN
C09_S2_boundary,B0,baseline,baseline,590,0.0589,1250,833.333333333333,18844.8348421629,-15729.5260987687,18844.8348421629,-15729.5260987687,0,0,0,0,0,0,0,NaN,NaN,NaN,NaN
C09_S2_boundary,B0,baseline,baseline,591,0.059,1250,833.333333333333,18846.1708389535,-15729.1149846806,18846.1708389535,-15729.1149846806,0,0,0,0,0,0,0,NaN,NaN,NaN,NaN
C09_S2_boundary,B0,baseline,baseline,592,0.0591,1250,833.333333333333,18845.9096618448,-15728.9325458721,18845.9096618448,-15728.9325458721,0,0,0,0,0,0,0,NaN,NaN,NaN,NaN
C09_S2_boundary,B0,baseline,baseline,593,0.0592,1250,833.333333333333,18830.0284538818,-15719.7289971655,18830.0284538818,-15719.7289971655,0,0,0,0,0,0,0,NaN,NaN,NaN,NaN
C09_S2_boundary,B0,baseline,baseline,594,0.0593,1250,833.333333333333,18794.4733045293,-15697.0572517735,18794.4733045293,-15697.0572517735,0,0,0,0,0,0,0,NaN,NaN,NaN,NaN
C09_S2_boundary,B0,baseline,baseline,595,0.0594,1250,833.333333333333,18761.1378986351,-15675.2925803735,18761.1378986351,-15675.2925803735,0,0,0,0,0,0,0,NaN,NaN,NaN,NaN
C09_S2_boundary,B0,baseline,baseline,596,0.0595,1250,833.333333333333,18735.4231770618,-15661.8076732922,18735.4231770618,-15661.8076732922,0,0,0,0,0,0,0,NaN,NaN,NaN,NaN
C09_S2_boundary,B0,baseline,baseline,597,0.0596,1250,833.333333333333,18721.7553388657,-15658.0524022278,18721.7553388657,-15658.0524022278,0,0,0,0,0,0,0,NaN,NaN,NaN,NaN
C09_S2_boundary,B0,baseline,baseline,598,0.0597,1250,833.333333333333,18727.5755886141,-15665.8115423293,18727.5755886141,-15665.8115423293,0,0,0,0,0,0,0,NaN,NaN,NaN,NaN
C09_S2_boundary,B0,baseline,baseline,599,0.0598,1250,833.333333333333,18762.2948612348,-15689.5222058814,18762.2948612348,-15689.5222058814,0,0,0,0,0,0,0,NaN,NaN,NaN,NaN
C09_S2_boundary,B0,baseline,baseline,600,0.0599,1250,833.333333333333,18830.4873817149,-15733.5076295584,18830.4873817149,-15733.5076295584,0,0,0,0,0,0,0,NaN,NaN,NaN,NaN
C09_S2_boundary,B0,baseline,baseline,601,0.06,1250,833.333333333333,18889.622200369,-15774.9263307736,18889.622200369,-15774.9263307736,0,0,0,0,0,0,0,NaN,NaN,NaN,NaN
C09_S2_boundary,B0,baseline,baseline,602,0.0601,1250,833.333333333333,18902.7039366978,-15787.292388523,18902.7039366978,-15787.292388523,0,0,0,0,0,0,0,NaN,NaN,NaN,NaN
C09_S2_boundary,B0,baseline,baseline,603,0.0602,1250,833.333333333333,18877.7145770541,-15769.0553145663,18877.7145770541,-15769.0553145663,0,0,0,0,0,0,0,NaN,NaN,NaN,NaN
C09_S2_boundary,B0,baseline,baseline,604,0.0603,1250,833.333333333333,18849.6903415352,-15741.3359128379,18849.6903415352,-15741.3359128379,0,0,0,0,0,0,0,NaN,NaN,NaN,NaN
C09_S2_boundary,B0,baseline,baseline,605,0.0604,1250,833.333333333333,18846.4949470136,-15727.4821949816,18846.4949470136,-15727.4821949816,0,0,0,0,0,0,0,NaN,NaN,NaN,NaN
C09_S2_boundary,B0,baseline,baseline,606,0.0605,1250,833.333333333333,18853.8749029825,-15725.1649995334,18853.8749029825,-15725.1649995334,0,0,0,0,0,0,0,NaN,NaN,NaN,NaN
C09_S2_boundary,B0,baseline,baseline,607,0.0606,1250,833.333333333333,18855.5119032245,-15725.1671937667,18855.5119032245,-15725.1671937667,0,0,0,0,0,0,0,NaN,NaN,NaN,NaN
C09_S2_boundary,B0,baseline,baseline,608,0.0607,1250,833.333333333333,18853.5221178064,-15726.0807323655,18853.5221178064,-15726.0807323655,0,0,0,0,0,0,0,NaN,NaN,NaN,NaN
C09_S2_boundary,B0,baseline,baseline,609,0.0608,1250,833.333333333333,18850.6914805267,-15726.8139661728,18850.6914805267,-15726.8139661728,0,0,0,0,0,0,0,NaN,NaN,NaN,NaN
C09_S2_boundary,B0,baseline,baseline,610,0.0609,1250,833.333333333333,18834.1169939673,-15719.2630753253,18834.1169939673,-15719.2630753253,0,0,0,0,0,0,0,NaN,NaN,NaN,NaN
C09_S2_boundary,B0,baseline,baseline,611,0.061,1250,833.333333333333,18800.0062509002,-15699.6152938088,18800.0062509002,-15699.6152938088,0,0,0,0,0,0,0,NaN,NaN,NaN,NaN
C09_S2_boundary,B0,baseline,baseline,612,0.0611,1250,833.333333333333,18769.1816403659,-15681.1664643539,18769.1816403659,-15681.1664643539,0,0,0,0,0,0,0,NaN,NaN,NaN,NaN
C09_S2_boundary,B0,baseline,baseline,613,0.0612,1250,833.333333333333,18748.6444486375,-15672.0847349384,18748.6444486375,-15672.0847349384,0,0,0,0,0,0,0,NaN,NaN,NaN,NaN
C09_S2_boundary,B0,baseline,baseline,614,0.0613,1250,833.333333333333,18746.0672475253,-15675.6859370027,18746.0672475253,-15675.6859370027,0,0,0,0,0,0,0,NaN,NaN,NaN,NaN
C09_S2_boundary,B0,baseline,baseline,615,0.0614,1250,833.333333333333,18770.4768525714,-15695.5951516462,18770.4768525714,-15695.5951516462,0,0,0,0,0,0,0,NaN,NaN,NaN,NaN
C09_S2_boundary,B0,baseline,baseline,616,0.0615,1250,833.333333333333,18808.0344961302,-15722.8201950198,18808.0344961302,-15722.8201950198,0,0,0,0,0,0,0,NaN,NaN,NaN,NaN
C09_S2_boundary,B0,baseline,baseline,617,0.0616,1250,833.333333333333,18844.0726948747,-15746.4755180172,18844.0726948747,-15746.4755180172,0,0,0,0,0,0,0,NaN,NaN,NaN,NaN
C09_S2_boundary,B0,baseline,baseline,618,0.0617,1250,833.333333333333,18863.6417961986,-15758.5834625655,18863.6417961986,-15758.5834625655,0,0,0,0,0,0,0,NaN,NaN,NaN,NaN
C09_S2_boundary,B0,baseline,baseline,619,0.0618,1250,833.333333333333,18857.5136037505,-15752.949385267,18857.5136037505,-15752.949385267,0,0,0,0,0,0,0,NaN,NaN,NaN,NaN
C09_S2_boundary,B0,baseline,baseline,620,0.0619,1250,833.333333333333,18843.8151576314,-15738.8020379771,18843.8151576314,-15738.8020379771,0,0,0,0,0,0,0,NaN,NaN,NaN,NaN
C09_S2_boundary,B0,baseline,baseline,621,0.062,1250,833.333333333333,18842.1105089998,-15730.7506178961,18842.1105089998,-15730.7506178961,0,0,0,0,0,0,0,NaN,NaN,NaN,NaN
C09_S2_boundary,B0,baseline,baseline,622,0.0621,1250,833.333333333333,18846.5803916507,-15728.9171506448,18846.5803916507,-15728.9171506448,0,0,0,0,0,0,0,NaN,NaN,NaN,NaN
C09_S2_boundary,B0,baseline,baseline,623,0.0622,1250,833.333333333333,18848.0415092356,-15728.2773994762,18848.0415092356,-15728.2773994762,0,0,0,0,0,0,0,NaN,NaN,NaN,NaN
C09_S2_boundary,B0,baseline,baseline,624,0.0623,1250,833.333333333333,18847.4446002864,-15728.2313331786,18847.4446002864,-15728.2313331786,0,0,0,0,0,0,0,NaN,NaN,NaN,NaN
C09_S2_boundary,B0,baseline,baseline,625,0.0624,1250,833.333333333333,18846.1885540212,-15728.2391543016,18846.1885540212,-15728.2391543016,0,0,0,0,0,0,0,NaN,NaN,NaN,NaN
C09_S2_boundary,B0,baseline,baseline,626,0.0625,1250,833.333333333333,18828.9916295976,-15718.0304536607,18828.9916295976,-15718.0304536607,0,0,0,0,0,0,0,NaN,NaN,NaN,NaN
C09_S2_boundary,B0,baseline,baseline,627,0.0626,1250,833.333333333333,18791.2597803257,-15692.7144079188,18791.2597803257,-15692.7144079188,0,0,0,0,0,0,0,NaN,NaN,NaN,NaN
C09_S2_boundary,B0,baseline,baseline,628,0.0627,1250,833.333333333333,18755.2423014407,-15667.9627958984,18755.2423014407,-15667.9627958984,0,0,0,0,0,0,0,NaN,NaN,NaN,NaN
C09_S2_boundary,B0,baseline,baseline,629,0.0628,1250,833.333333333333,18724.1881826953,-15650.3681690305,18724.1881826953,-15650.3681690305,0,0,0,0,0,0,0,NaN,NaN,NaN,NaN
C09_S2_boundary,B0,baseline,baseline,630,0.0629,1250,833.333333333333,18699.701592752,-15639.4373146356,18699.701592752,-15639.4373146356,0,0,0,0,0,0,0,NaN,NaN,NaN,NaN
C09_S2_boundary,B0,baseline,baseline,631,0.063,1250,833.333333333333,18687.3922408492,-15635.2004536395,18687.3922408492,-15635.2004536395,0,0,0,0,0,0,0,NaN,NaN,NaN,NaN
C09_S2_boundary,B0,baseline,baseline,632,0.0631,1250,833.333333333333,18696.1251658599,-15641.4665639034,18696.1251658599,-15641.4665639034,0,0,0,0,0,0,0,NaN,NaN,NaN,NaN
C09_S2_boundary,B0,baseline,baseline,633,0.0632,1250,833.333333333333,18743.0456663828,-15671.2756355052,18743.0456663828,-15671.2756355052,0,0,0,0,0,0,0,NaN,NaN,NaN,NaN
C09_S2_boundary,B0,baseline,baseline,634,0.0633,1250,833.333333333333,18803.3495240196,-15713.8840989895,18803.3495240196,-15713.8840989895,0,0,0,0,0,0,0,NaN,NaN,NaN,NaN
C09_S2_boundary,B0,baseline,baseline,635,0.0634,1250,833.333333333333,18838.7468538679,-15743.0776712952,18838.7468538679,-15743.0776712952,0,0,0,0,0,0,0,NaN,NaN,NaN,NaN
C09_S2_boundary,B0,baseline,baseline,636,0.0635,1250,833.333333333333,18843.0743250517,-15748.3241582093,18843.0743250517,-15748.3241582093,0,0,0,0,0,0,0,NaN,NaN,NaN,NaN
C09_S2_boundary,B0,baseline,baseline,637,0.0636,1250,833.333333333333,18835.1350821498,-15738.8032869694,18835.1350821498,-15738.8032869694,0,0,0,0,0,0,0,NaN,NaN,NaN,NaN
C09_S2_boundary,B0,baseline,baseline,638,0.0637,1250,833.333333333333,18836.2543771142,-15731.4341007689,18836.2543771142,-15731.4341007689,0,0,0,0,0,0,0,NaN,NaN,NaN,NaN
C09_S2_boundary,B0,baseline,baseline,639,0.0638,1250,833.333333333333,18843.3915015811,-15729.0035298912,18843.3915015811,-15729.0035298912,0,0,0,0,0,0,0,NaN,NaN,NaN,NaN
C09_S2_boundary,B0,baseline,baseline,640,0.0639,1250,833.333333333333,18847.7783524077,-15727.8893869672,18847.7783524077,-15727.8893869672,0,0,0,0,0,0,0,NaN,NaN,NaN,NaN
C09_S2_boundary,B0,baseline,baseline,641,0.064,1250,833.333333333333,18849.262140897,-15727.7045929242,18849.262140897,-15727.7045929242,0,0,0,0,0,0,0,NaN,NaN,NaN,NaN
C09_S2_boundary,B0,baseline,baseline,642,0.0641,1250,833.333333333333,18849.0652868806,-15727.7932623557,18849.0652868806,-15727.7932623557,0,0,0,0,0,0,0,NaN,NaN,NaN,NaN
C09_S2_boundary,B0,baseline,baseline,643,0.0642,1250,833.333333333333,18832.8450322565,-15718.8991546406,18832.8450322565,-15718.8991546406,0,0,0,0,0,0,0,NaN,NaN,NaN,NaN
C09_S2_boundary,B0,baseline,baseline,644,0.0643,1250,833.333333333333,18796.9269206288,-15696.475105737,18796.9269206288,-15696.475105737,0,0,0,0,0,0,0,NaN,NaN,NaN,NaN
C09_S2_boundary,B0,baseline,baseline,645,0.0644,1250,833.333333333333,18763.2567325792,-15674.8532240472,18763.2567325792,-15674.8532240472,0,0,0,0,0,0,0,NaN,NaN,NaN,NaN
C09_S2_boundary,B0,baseline,baseline,646,0.0645,1250,833.333333333333,18736.9486829059,-15661.4440450197,18736.9486829059,-15661.4440450197,0,0,0,0,0,0,0,NaN,NaN,NaN,NaN
C09_S2_boundary,B0,baseline,baseline,647,0.0646,1250,833.333333333333,18722.7387697172,-15657.7173501515,18722.7387697172,-15657.7173501515,0,0,0,0,0,0,0,NaN,NaN,NaN,NaN
C09_S2_boundary,B0,baseline,baseline,648,0.0647,1250,833.333333333333,18727.920976525,-15665.5199763416,18727.920976525,-15665.5199763416,0,0,0,0,0,0,0,NaN,NaN,NaN,NaN
C09_S2_boundary,B0,baseline,baseline,649,0.0648,1250,833.333333333333,18762.1734479396,-15689.2736699741,18762.1734479396,-15689.2736699741,0,0,0,0,0,0,0,NaN,NaN,NaN,NaN
C09_S2_boundary,B0,baseline,baseline,650,0.0649,1250,833.333333333333,18830.180918398,-15733.4764924206,18830.180918398,-15733.4764924206,0,0,0,0,0,0,0,NaN,NaN,NaN,NaN
C09_S2_boundary,B0,baseline,baseline,651,0.065,1250,833.333333333333,18888.9089575127,-15775.4318060549,18888.9089575127,-15775.4318060549,0,0,0,0,0,0,0,NaN,NaN,NaN,NaN
C09_S2_boundary,B0,baseline,baseline,652,0.0651,1250,833.333333333333,18901.4814002801,-15788.4638466253,18901.4814002801,-15788.4638466253,0,0,0,0,0,0,0,NaN,NaN,NaN,NaN
C09_S2_boundary,B0,baseline,baseline,653,0.0652,1250,833.333333333333,18875.9543951777,-15770.7909595444,18875.9543951777,-15770.7909595444,0,0,0,0,0,0,0,NaN,NaN,NaN,NaN
C09_S2_boundary,B0,baseline,baseline,654,0.0653,1250,833.333333333333,18847.5073241046,-15743.2999153876,18847.5073241046,-15743.2999153876,0,0,0,0,0,0,0,NaN,NaN,NaN,NaN
C09_S2_boundary,B0,baseline,baseline,655,0.0654,1250,833.333333333333,18843.9741409648,-15729.3830287157,18843.9741409648,-15729.3830287157,0,0,0,0,0,0,0,NaN,NaN,NaN,NaN
C09_S2_boundary,B0,baseline,baseline,656,0.0655,1250,833.333333333333,18851.0514485372,-15726.9226118739,18851.0514485372,-15726.9226118739,0,0,0,0,0,0,0,NaN,NaN,NaN,NaN
C09_S2_boundary,B0,baseline,baseline,657,0.0656,1250,833.333333333333,18852.4978413995,-15726.7294867118,18852.4978413995,-15726.7294867118,0,0,0,0,0,0,0,NaN,NaN,NaN,NaN
C09_S2_boundary,B0,baseline,baseline,658,0.0657,1250,833.333333333333,18850.3983473908,-15727.4026253663,18850.3983473908,-15727.4026253663,0,0,0,0,0,0,0,NaN,NaN,NaN,NaN
C09_S2_boundary,B0,baseline,baseline,659,0.0658,1250,833.333333333333,18847.537961286,-15727.8537639201,18847.537961286,-15727.8537639201,0,0,0,0,0,0,0,NaN,NaN,NaN,NaN
C09_S2_boundary,B0,baseline,baseline,660,0.0659,1250,833.333333333333,18831.3246432367,-15719.9979522756,18831.3246432367,-15719.9979522756,0,0,0,0,0,0,0,NaN,NaN,NaN,NaN
C09_S2_boundary,B0,baseline,baseline,661,0.066,1250,833.333333333333,18797.6038197438,-15700.1031294174,18797.6038197438,-15700.1031294174,0,0,0,0,0,0,0,NaN,NaN,NaN,NaN
C09_S2_boundary,B0,baseline,baseline,662,0.0661,1250,833.333333333333,18767.1361045111,-15681.5103634347,18767.1361045111,-15681.5103634347,0,0,0,0,0,0,0,NaN,NaN,NaN,NaN
C09_S2_boundary,B0,baseline,baseline,663,0.0662,1250,833.333333333333,18747.1868225923,-15672.3686949221,18747.1868225923,-15672.3686949221,0,0,0,0,0,0,0,NaN,NaN,NaN,NaN
C09_S2_boundary,B0,baseline,baseline,664,0.0663,1250,833.333333333333,18745.131928319,-15675.9619096561,18745.131928319,-15675.9619096561,0,0,0,0,0,0,0,NaN,NaN,NaN,NaN
C09_S2_boundary,B0,baseline,baseline,665,0.0664,1250,833.333333333333,18770.1468676328,-15695.858519674,18770.1468676328,-15695.858519674,0,0,0,0,0,0,0,NaN,NaN,NaN,NaN
C09_S2_boundary,B0,baseline,baseline,666,0.0665,1250,833.333333333333,18808.2459728936,-15722.8540621147,18808.2459728936,-15722.8540621147,0,0,0,0,0,0,0,NaN,NaN,NaN,NaN
C09_S2_boundary,B0,baseline,baseline,667,0.0666,1250,833.333333333333,18844.5263448833,-15745.988634721,18844.5263448833,-15745.988634721,0,0,0,0,0,0,0,NaN,NaN,NaN,NaN
C09_S2_boundary,B0,baseline,baseline,668,0.0667,1250,833.333333333333,18864.4657583314,-15757.4478115702,18864.4657583314,-15757.4478115702,0,0,0,0,0,0,0,NaN,NaN,NaN,NaN
C09_S2_boundary,B0,baseline,baseline,669,0.0668,1250,833.333333333333,18858.8099907156,-15751.2479289832,18858.8099907156,-15751.2479289832,0,0,0,0,0,0,0,NaN,NaN,NaN,NaN
C09_S2_boundary,B0,baseline,baseline,670,0.0669,1250,833.333333333333,18845.5748159433,-15736.847503981,18845.5748159433,-15736.847503981,0,0,0,0,0,0,0,NaN,NaN,NaN,NaN
C09_S2_boundary,B0,baseline,baseline,671,0.067,1250,833.333333333333,18844.2979390531,-15728.8113651586,18844.2979390531,-15728.8113651586,0,0,0,0,0,0,0,NaN,NaN,NaN,NaN
C09_S2_boundary,B0,baseline,baseline,672,0.0671,1250,833.333333333333,18849.1460665153,-15727.0675766955,18849.1460665153,-15727.0675766955,0,0,0,0,0,0,0,NaN,NaN,NaN,NaN
C09_S2_boundary,B0,baseline,baseline,673,0.0672,1250,833.333333333333,18850.8794464854,-15726.5815293345,18850.8794464854,-15726.5815293345,0,0,0,0,0,0,0,NaN,NaN,NaN,NaN
C09_S2_boundary,B0,baseline,baseline,674,0.0673,1250,833.333333333333,18850.4719315089,-15726.7431000608,18850.4719315089,-15726.7431000608,0,0,0,0,0,0,0,NaN,NaN,NaN,NaN
C09_S2_boundary,B0,baseline,baseline,675,0.0674,1250,833.333333333333,18849.3224150495,-15727.0067439999,18849.3224150495,-15727.0067439999,0,0,0,0,0,0,0,NaN,NaN,NaN,NaN
C09_S2_boundary,B0,baseline,baseline,676,0.0675,1250,833.333333333333,18831.8170666357,-15717.1093987381,18831.8170666357,-15717.1093987381,0,0,0,0,0,0,0,NaN,NaN,NaN,NaN
C09_S2_boundary,B0,baseline,baseline,677,0.0676,1250,833.333333333333,18793.751005701,-15692.0403174942,18793.751005701,-15692.0403174942,0,0,0,0,0,0,0,NaN,NaN,NaN,NaN
C09_S2_boundary,B0,baseline,baseline,678,0.0677,1250,833.333333333333,18757.4185020402,-15667.4294398148,18757.4185020402,-15667.4294398148,0,0,0,0,0,0,0,NaN,NaN,NaN,NaN
C09_S2_boundary,B0,baseline,baseline,679,0.0678,1250,833.333333333333,18725.7665916177,-15649.925834364,18725.7665916177,-15649.925834364,0,0,0,0,0,0,0,NaN,NaN,NaN,NaN
C09_S2_boundary,B0,baseline,baseline,680,0.0679,1250,833.333333333333,18700.7218022574,-15639.043974826,18700.7218022574,-15639.043974826,0,0,0,0,0,0,0,NaN,NaN,NaN,NaN
C09_S2_boundary,B0,baseline,baseline,681,0.068,1250,833.333333333333,18687.7485539757,-15634.8817108222,18687.7485539757,-15634.8817108222,0,0,0,0,0,0,0,NaN,NaN,NaN,NaN
C09_S2_boundary,B0,baseline,baseline,682,0.0681,1250,833.333333333333,18695.9973500896,-15641.2141468426,18695.9973500896,-15641.2141468426,0,0,0,0,0,0,0,NaN,NaN,NaN,NaN
C09_S2_boundary,B0,baseline,baseline,683,0.0682,1250,833.333333333333,18742.8017098118,-15671.2438325496,18742.8017098118,-15671.2438325496,0,0,0,0,0,0,0,NaN,NaN,NaN,NaN
C09_S2_boundary,B0,baseline,baseline,684,0.0683,1250,833.333333333333,18802.817707184,-15714.3878700767,18802.817707184,-15714.3878700767,0,0,0,0,0,0,0,NaN,NaN,NaN,NaN
C09_S2_boundary,B0,baseline,baseline,685,0.0684,1250,833.333333333333,18837.7941789712,-15744.2404363131,18837.7941789712,-15744.2404363131,0,0,0,0,0,0,0,NaN,NaN,NaN,NaN
C09_S2_boundary,B0,baseline,baseline,686,0.0685,1250,833.333333333333,18841.6127049943,-15750.0501654427,18841.6127049943,-15750.0501654427,0,0,0,0,0,0,0,NaN,NaN,NaN,NaN
C09_S2_boundary,B0,baseline,baseline,687,0.0686,1250,833.333333333333,18833.1921689911,-15740.7677593376,18833.1921689911,-15740.7677593376,0,0,0,0,0,0,0,NaN,NaN,NaN,NaN
C09_S2_boundary,B0,baseline,baseline,688,0.0687,1250,833.333333333333,18833.8934686513,-15733.3600025637,18833.8934686513,-15733.3600025637,0,0,0,0,0,0,0,NaN,NaN,NaN,NaN
C09_S2_boundary,B0,baseline,baseline,689,0.0688,1250,833.333333333333,18840.6824662743,-15730.8155108215,18840.6824662743,-15730.8155108215,0,0,0,0,0,0,0,NaN,NaN,NaN,NaN
C09_S2_boundary,B0,baseline,baseline,690,0.0689,1250,833.333333333333,18844.8348421628,-15729.5260987687,18844.8348421628,-15729.5260987687,0,0,0,0,0,0,0,NaN,NaN,NaN,NaN
C09_S2_boundary,B0,baseline,baseline,691,0.069,1250,833.333333333333,18846.1708389535,-15729.1149846805,18846.1708389535,-15729.1149846805,0,0,0,0,0,0,0,NaN,NaN,NaN,NaN
C09_S2_boundary,B0,baseline,baseline,692,0.0691,1250,833.333333333333,18845.9096618448,-15728.9325458721,18845.9096618448,-15728.9325458721,0,0,0,0,0,0,0,NaN,NaN,NaN,NaN
C09_S2_boundary,B0,baseline,baseline,693,0.0692,1250,833.333333333333,18830.0284538818,-15719.7289971655,18830.0284538818,-15719.7289971655,0,0,0,0,0,0,0,NaN,NaN,NaN,NaN
C09_S2_boundary,B0,baseline,baseline,694,0.0693,1250,833.333333333333,18794.4733045293,-15697.0572517734,18794.4733045293,-15697.0572517734,0,0,0,0,0,0,0,NaN,NaN,NaN,NaN
C09_S2_boundary,B0,baseline,baseline,695,0.0694,1250,833.333333333333,18761.1378986351,-15675.2925803735,18761.1378986351,-15675.2925803735,0,0,0,0,0,0,0,NaN,NaN,NaN,NaN
C09_S2_boundary,B0,baseline,baseline,696,0.0695,1250,833.333333333333,18735.4231770618,-15661.8076732922,18735.4231770618,-15661.8076732922,0,0,0,0,0,0,0,NaN,NaN,NaN,NaN
C09_S2_boundary,B0,baseline,baseline,697,0.0696,1250,833.333333333333,18721.7553388657,-15658.0524022277,18721.7553388657,-15658.0524022277,0,0,0,0,0,0,0,NaN,NaN,NaN,NaN
C09_S2_boundary,B0,baseline,baseline,698,0.0697,1250,833.333333333333,18727.575588614,-15665.8115423292,18727.575588614,-15665.8115423292,0,0,0,0,0,0,0,NaN,NaN,NaN,NaN
C09_S2_boundary,B0,baseline,baseline,699,0.0698,1250,833.333333333333,18762.2948612347,-15689.5222058814,18762.2948612347,-15689.5222058814,0,0,0,0,0,0,0,NaN,NaN,NaN,NaN
C09_S2_boundary,B0,baseline,baseline,700,0.0699,1250,833.333333333333,18830.487381715,-15733.5076295582,18830.487381715,-15733.5076295582,0,0,0,0,0,0,0,NaN,NaN,NaN,NaN
C09_S2_boundary,B0,baseline,baseline,701,0.07,1250,833.333333333333,18889.6222003693,-15774.9263307733,18889.6222003693,-15774.9263307733,0,0,0,0,0,0,0,NaN,NaN,NaN,NaN
C09_S2_boundary,B0,baseline,baseline,702,0.0701,1250,833.333333333333,18902.7039366983,-15787.2923885227,18902.7039366983,-15787.2923885227,0,0,0,0,0,0,0,NaN,NaN,NaN,NaN
C09_S2_boundary,B0,baseline,baseline,703,0.0702,1250,833.333333333333,18877.7145770546,-15769.055314566,18877.7145770546,-15769.055314566,0,0,0,0,0,0,0,NaN,NaN,NaN,NaN
C09_S2_boundary,B0,baseline,baseline,704,0.0703,1250,833.333333333333,18849.6903415354,-15741.3359128378,18849.6903415354,-15741.3359128378,0,0,0,0,0,0,0,NaN,NaN,NaN,NaN
C09_S2_boundary,B0,baseline,baseline,705,0.0704,1250,833.333333333333,18846.4949470136,-15727.4821949816,18846.4949470136,-15727.4821949816,0,0,0,0,0,0,0,NaN,NaN,NaN,NaN
C09_S2_boundary,B0,baseline,baseline,706,0.0705,1250,833.333333333333,18853.8749029827,-15725.1649995333,18853.8749029827,-15725.1649995333,0,0,0,0,0,0,0,NaN,NaN,NaN,NaN
C09_S2_boundary,B0,baseline,baseline,707,0.0706,1250,833.333333333333,18855.511903225,-15725.1671937665,18855.511903225,-15725.1671937665,0,0,0,0,0,0,0,NaN,NaN,NaN,NaN
C09_S2_boundary,B0,baseline,baseline,708,0.0707,1250,833.333333333333,18853.5221178069,-15726.0807323652,18853.5221178069,-15726.0807323652,0,0,0,0,0,0,0,NaN,NaN,NaN,NaN
C09_S2_boundary,B0,baseline,baseline,709,0.0708,1250,833.333333333333,18850.691480527,-15726.8139661727,18850.691480527,-15726.8139661727,0,0,0,0,0,0,0,NaN,NaN,NaN,NaN
C09_S2_boundary,B0,baseline,baseline,710,0.0709,1250,833.333333333333,18834.1169939673,-15719.2630753254,18834.1169939673,-15719.2630753254,0,0,0,0,0,0,0,NaN,NaN,NaN,NaN
C09_S2_boundary,B0,baseline,baseline,711,0.071,1250,833.333333333333,18800.0062508998,-15699.6152938089,18800.0062508998,-15699.6152938089,0,0,0,0,0,0,0,NaN,NaN,NaN,NaN
C09_S2_boundary,B0,baseline,baseline,712,0.0711,1250,833.333333333333,18769.1816403655,-15681.166464354,18769.1816403655,-15681.166464354,0,0,0,0,0,0,0,NaN,NaN,NaN,NaN
C09_S2_boundary,B0,baseline,baseline,713,0.0712,1250,833.333333333333,18748.6444486372,-15672.0847349385,18748.6444486372,-15672.0847349385,0,0,0,0,0,0,0,NaN,NaN,NaN,NaN
C09_S2_boundary,B0,baseline,baseline,714,0.0713,1250,833.333333333333,18746.0672475253,-15675.6859370029,18746.0672475253,-15675.6859370029,0,0,0,0,0,0,0,NaN,NaN,NaN,NaN
C09_S2_boundary,B0,baseline,baseline,715,0.0714,1250,833.333333333333,18770.4768525716,-15695.5951516465,18770.4768525716,-15695.5951516465,0,0,0,0,0,0,0,NaN,NaN,NaN,NaN
C09_S2_boundary,B0,baseline,baseline,716,0.0715,1250,833.333333333333,18808.0344961307,-15722.8201950201,18808.0344961307,-15722.8201950201,0,0,0,0,0,0,0,NaN,NaN,NaN,NaN
C09_S2_boundary,B0,baseline,baseline,717,0.0716,1250,833.333333333333,18844.0726948754,-15746.4755180174,18844.0726948754,-15746.4755180174,0,0,0,0,0,0,0,NaN,NaN,NaN,NaN
C09_S2_boundary,B0,baseline,baseline,718,0.0717,1250,833.333333333333,18863.6417961992,-15758.5834625657,18863.6417961992,-15758.5834625657,0,0,0,0,0,0,0,NaN,NaN,NaN,NaN
C09_S2_boundary,B0,baseline,baseline,719,0.0718,1250,833.333333333333,18857.5136037509,-15752.949385267,18857.5136037509,-15752.949385267,0,0,0,0,0,0,0,NaN,NaN,NaN,NaN
C09_S2_boundary,B0,baseline,baseline,720,0.0719,1250,833.333333333333,18843.8151576316,-15738.8020379771,18843.8151576316,-15738.8020379771,0,0,0,0,0,0,0,NaN,NaN,NaN,NaN
C09_S2_boundary,B0,baseline,baseline,721,0.072,1250,833.333333333333,18842.1105089999,-15730.7506178961,18842.1105089999,-15730.7506178961,0,0,0,0,0,0,0,NaN,NaN,NaN,NaN
C09_S2_boundary,B0,baseline,baseline,722,0.0721,1250,833.333333333333,18846.5803916507,-15728.9171506449,18846.5803916507,-15728.9171506449,0,0,0,0,0,0,0,NaN,NaN,NaN,NaN
C09_S2_boundary,B0,baseline,baseline,723,0.0722,1250,833.333333333333,18848.0415092356,-15728.2773994763,18848.0415092356,-15728.2773994763,0,0,0,0,0,0,0,NaN,NaN,NaN,NaN
C09_S2_boundary,B0,baseline,baseline,724,0.0723,1250,833.333333333333,18847.4446002864,-15728.2313331786,18847.4446002864,-15728.2313331786,0,0,0,0,0,0,0,NaN,NaN,NaN,NaN
C09_S2_boundary,B0,baseline,baseline,725,0.0724,1250,833.333333333333,18846.1885540212,-15728.2391543016,18846.1885540212,-15728.2391543016,0,0,0,0,0,0,0,NaN,NaN,NaN,NaN
C09_S2_boundary,B0,baseline,baseline,726,0.0725,1250,833.333333333333,18828.9916295974,-15718.030453661,18828.9916295974,-15718.030453661,0,0,0,0,0,0,0,NaN,NaN,NaN,NaN
C09_S2_boundary,B0,baseline,baseline,727,0.0726,1250,833.333333333333,18791.259780325,-15692.7144079193,18791.259780325,-15692.7144079193,0,0,0,0,0,0,0,NaN,NaN,NaN,NaN
C09_S2_boundary,B0,baseline,baseline,728,0.0727,1250,833.333333333333,18755.2423014396,-15667.9627958989,18755.2423014396,-15667.9627958989,0,0,0,0,0,0,0,NaN,NaN,NaN,NaN
C09_S2_boundary,B0,baseline,baseline,729,0.0728,1250,833.333333333333,18724.188182694,-15650.3681690308,18724.188182694,-15650.3681690308,0,0,0,0,0,0,0,NaN,NaN,NaN,NaN
C09_S2_boundary,B0,baseline,baseline,730,0.0729,1250,833.333333333333,18699.701592751,-15639.4373146354,18699.701592751,-15639.4373146354,0,0,0,0,0,0,0,NaN,NaN,NaN,NaN
C09_S2_boundary,B0,baseline,baseline,731,0.073,1250,833.333333333333,18687.3922408484,-15635.200453639,18687.3922408484,-15635.200453639,0,0,0,0,0,0,0,NaN,NaN,NaN,NaN
C09_S2_boundary,B0,baseline,baseline,732,0.0731,1250,833.333333333333,18696.125165859,-15641.4665639027,18696.125165859,-15641.4665639027,0,0,0,0,0,0,0,NaN,NaN,NaN,NaN
C09_S2_boundary,B0,baseline,baseline,733,0.0732,1250,833.333333333333,18743.0456663817,-15671.2756355045,18743.0456663817,-15671.2756355045,0,0,0,0,0,0,0,NaN,NaN,NaN,NaN
C09_S2_boundary,B0,baseline,baseline,734,0.0733,1250,833.333333333333,18803.3495240184,-15713.8840989891,18803.3495240184,-15713.8840989891,0,0,0,0,0,0,0,NaN,NaN,NaN,NaN
C09_S2_boundary,B0,baseline,baseline,735,0.0734,1250,833.333333333333,18838.7468538669,-15743.0776712949,18838.7468538669,-15743.0776712949,0,0,0,0,0,0,0,NaN,NaN,NaN,NaN
C09_S2_boundary,B0,baseline,baseline,736,0.0735,1250,833.333333333333,18843.0743250511,-15748.3241582093,18843.0743250511,-15748.3241582093,0,0,0,0,0,0,0,NaN,NaN,NaN,NaN
C09_S2_boundary,B0,baseline,baseline,737,0.0736,1250,833.333333333333,18835.1350821495,-15738.8032869694,18835.1350821495,-15738.8032869694,0,0,0,0,0,0,0,NaN,NaN,NaN,NaN
C09_S2_boundary,B0,baseline,baseline,738,0.0737,1250,833.333333333333,18836.254377114,-15731.434100769,18836.254377114,-15731.434100769,0,0,0,0,0,0,0,NaN,NaN,NaN,NaN
C09_S2_boundary,B0,baseline,baseline,739,0.0738,1250,833.333333333333,18843.391501581,-15729.0035298913,18843.391501581,-15729.0035298913,0,0,0,0,0,0,0,NaN,NaN,NaN,NaN
C09_S2_boundary,B0,baseline,baseline,740,0.0739,1250,833.333333333333,18847.7783524076,-15727.8893869673,18847.7783524076,-15727.8893869673,0,0,0,0,0,0,0,NaN,NaN,NaN,NaN
C09_S2_boundary,B0,baseline,baseline,741,0.074,1250,833.333333333333,18849.262140897,-15727.7045929242,18849.262140897,-15727.7045929242,0,0,0,0,0,0,0,NaN,NaN,NaN,NaN
C09_S2_boundary,B0,baseline,baseline,742,0.0741,1250,833.333333333333,18849.0652868806,-15727.7932623558,18849.0652868806,-15727.7932623558,0,0,0,0,0,0,0,NaN,NaN,NaN,NaN
C09_S2_boundary,B0,baseline,baseline,743,0.0742,1250,833.333333333333,18832.8450322565,-15718.8991546406,18832.8450322565,-15718.8991546406,0,0,0,0,0,0,0,NaN,NaN,NaN,NaN
C09_S2_boundary,B0,baseline,baseline,744,0.0743,1250,833.333333333333,18796.9269206284,-15696.4751057371,18796.9269206284,-15696.4751057371,0,0,0,0,0,0,0,NaN,NaN,NaN,NaN
C09_S2_boundary,B0,baseline,baseline,745,0.0744,1250,833.333333333333,18763.2567325783,-15674.8532240474,18763.2567325783,-15674.8532240474,0,0,0,0,0,0,0,NaN,NaN,NaN,NaN
C09_S2_boundary,B0,baseline,baseline,746,0.0745,1250,833.333333333333,18736.9486829047,-15661.4440450198,18736.9486829047,-15661.4440450198,0,0,0,0,0,0,0,NaN,NaN,NaN,NaN
C09_S2_boundary,B0,baseline,baseline,747,0.0746,1250,833.333333333333,18722.7387697159,-15657.7173501514,18722.7387697159,-15657.7173501514,0,0,0,0,0,0,0,NaN,NaN,NaN,NaN
C09_S2_boundary,B0,baseline,baseline,748,0.0747,1250,833.333333333333,18727.9209765239,-15665.519976341,18727.9209765239,-15665.519976341,0,0,0,0,0,0,0,NaN,NaN,NaN,NaN
C09_S2_boundary,B0,baseline,baseline,749,0.0748,1250,833.333333333333,18762.1734479383,-15689.273669973,18762.1734479383,-15689.273669973,0,0,0,0,0,0,0,NaN,NaN,NaN,NaN
C09_S2_boundary,B0,baseline,baseline,750,0.0749,1250,833.333333333333,18830.1809183961,-15733.4764924192,18830.1809183961,-15733.4764924192,0,0,0,0,0,0,0,NaN,NaN,NaN,NaN
C09_S2_boundary,B0,baseline,baseline,751,0.075,1250,833.333333333333,18888.9089575107,-15775.4318060538,18888.9089575107,-15775.4318060538,0,0,0,0,0,0,0,NaN,NaN,NaN,NaN
C09_S2_boundary,B0,baseline,baseline,752,0.0751,1250,833.333333333333,18901.4814002781,-15788.4638466247,18901.4814002781,-15788.4638466247,0,0,0,0,0,0,0,NaN,NaN,NaN,NaN
C09_S2_boundary,B0,baseline,baseline,753,0.0752,1250,833.333333333333,18875.9543951762,-15770.7909595443,18875.9543951762,-15770.7909595443,0,0,0,0,0,0,0,NaN,NaN,NaN,NaN
C09_S2_boundary,B0,baseline,baseline,754,0.0753,1250,833.333333333333,18847.5073241037,-15743.2999153878,18847.5073241037,-15743.2999153878,0,0,0,0,0,0,0,NaN,NaN,NaN,NaN
C09_S2_boundary,B0,baseline,baseline,755,0.0754,1250,833.333333333333,18843.974140964,-15729.383028716,18843.974140964,-15729.383028716,0,0,0,0,0,0,0,NaN,NaN,NaN,NaN
C09_S2_boundary,B0,baseline,baseline,756,0.0755,1250,833.333333333333,18851.0514485363,-15726.9226118742,18851.0514485363,-15726.9226118742,0,0,0,0,0,0,0,NaN,NaN,NaN,NaN
C09_S2_boundary,B0,baseline,baseline,757,0.0756,1250,833.333333333333,18852.4978413985,-15726.7294867123,18852.4978413985,-15726.7294867123,0,0,0,0,0,0,0,NaN,NaN,NaN,NaN
C09_S2_boundary,B0,baseline,baseline,758,0.0757,1250,833.333333333333,18850.3983473893,-15727.402625367,18850.3983473893,-15727.402625367,0,0,0,0,0,0,0,NaN,NaN,NaN,NaN
C09_S2_boundary,B0,baseline,baseline,759,0.0758,1250,833.333333333333,18847.5379612844,-15727.8537639208,18847.5379612844,-15727.8537639208,0,0,0,0,0,0,0,NaN,NaN,NaN,NaN
C09_S2_boundary,B0,baseline,baseline,760,0.0759,1250,833.333333333333,18831.3246432352,-15719.997952276,18831.3246432352,-15719.997952276,0,0,0,0,0,0,0,NaN,NaN,NaN,NaN
C09_S2_boundary,B0,baseline,baseline,761,0.076,1250,833.333333333333,18797.6038197424,-15700.1031294175,18797.6038197424,-15700.1031294175,0,0,0,0,0,0,0,NaN,NaN,NaN,NaN
C09_S2_boundary,B0,baseline,baseline,762,0.0761,1250,833.333333333333,18767.1361045099,-15681.5103634345,18767.1361045099,-15681.5103634345,0,0,0,0,0,0,0,NaN,NaN,NaN,NaN
C09_S2_boundary,B0,baseline,baseline,763,0.0762,1250,833.333333333333,18747.1868225908,-15672.3686949216,18747.1868225908,-15672.3686949216,0,0,0,0,0,0,0,NaN,NaN,NaN,NaN
C09_S2_boundary,B0,baseline,baseline,764,0.0763,1250,833.333333333333,18745.1319283169,-15675.9619096552,18745.1319283169,-15675.9619096552,0,0,0,0,0,0,0,NaN,NaN,NaN,NaN
C09_S2_boundary,B0,baseline,baseline,765,0.0764,1250,833.333333333333,18770.1468676299,-15695.8585196722,18770.1468676299,-15695.8585196722,0,0,0,0,0,0,0,NaN,NaN,NaN,NaN
C09_S2_boundary,B0,baseline,baseline,766,0.0765,1250,833.333333333333,18808.2459728897,-15722.8540621121,18808.2459728897,-15722.8540621121,0,0,0,0,0,0,0,NaN,NaN,NaN,NaN
C09_S2_boundary,B0,baseline,baseline,767,0.0766,1250,833.333333333333,18844.526344879,-15745.9886347185,18844.526344879,-15745.9886347185,0,0,0,0,0,0,0,NaN,NaN,NaN,NaN
C09_S2_boundary,B0,baseline,baseline,768,0.0767,1250,833.333333333333,18864.4657583278,-15757.4478115685,18864.4657583278,-15757.4478115685,0,0,0,0,0,0,0,NaN,NaN,NaN,NaN
C09_S2_boundary,B0,baseline,baseline,769,0.0768,1250,833.333333333333,18858.8099907129,-15751.2479289827,18858.8099907129,-15751.2479289827,0,0,0,0,0,0,0,NaN,NaN,NaN,NaN
C09_S2_boundary,B0,baseline,baseline,770,0.0769,1250,833.333333333333,18845.5748159415,-15736.8475039813,18845.5748159415,-15736.8475039813,0,0,0,0,0,0,0,NaN,NaN,NaN,NaN
C09_S2_boundary,B0,baseline,baseline,771,0.077,1250,833.333333333333,18844.2979390518,-15728.8113651589,18844.2979390518,-15728.8113651589,0,0,0,0,0,0,0,NaN,NaN,NaN,NaN
C09_S2_boundary,B0,baseline,baseline,772,0.0771,1250,833.333333333333,18849.1460665146,-15727.0675766956,18849.1460665146,-15727.0675766956,0,0,0,0,0,0,0,NaN,NaN,NaN,NaN
C09_S2_boundary,B0,baseline,baseline,773,0.0772,1250,833.333333333333,18850.8794464856,-15726.5815293344,18850.8794464856,-15726.5815293344,0,0,0,0,0,0,0,NaN,NaN,NaN,NaN
C09_S2_boundary,B0,baseline,baseline,774,0.0773,1250,833.333333333333,18850.4719315097,-15726.7431000606,18850.4719315097,-15726.7431000606,0,0,0,0,0,0,0,NaN,NaN,NaN,NaN
C09_S2_boundary,B0,baseline,baseline,775,0.0774,1250,833.333333333333,18849.3224150504,-15727.0067439998,18849.3224150504,-15727.0067439998,0,0,0,0,0,0,0,NaN,NaN,NaN,NaN
C09_S2_boundary,B0,baseline,baseline,776,0.0775,1250,833.333333333333,18831.8170666363,-15717.109398738,18831.8170666363,-15717.109398738,0,0,0,0,0,0,0,NaN,NaN,NaN,NaN
C09_S2_boundary,B0,baseline,baseline,777,0.0776,1250,833.333333333333,18793.7510057008,-15692.040317494,18793.7510057008,-15692.040317494,0,0,0,0,0,0,0,NaN,NaN,NaN,NaN
C09_S2_boundary,B0,baseline,baseline,778,0.0777,1250,833.333333333333,18757.4185020394,-15667.4294398144,18757.4185020394,-15667.4294398144,0,0,0,0,0,0,0,NaN,NaN,NaN,NaN
C09_S2_boundary,B0,baseline,baseline,779,0.0778,1250,833.333333333333,18725.7665916167,-15649.9258343632,18725.7665916167,-15649.9258343632,0,0,0,0,0,0,0,NaN,NaN,NaN,NaN
C09_S2_boundary,B0,baseline,baseline,780,0.0779,1250,833.333333333333,18700.7218022558,-15639.0439748244,18700.7218022558,-15639.0439748244,0,0,0,0,0,0,0,NaN,NaN,NaN,NaN
C09_S2_boundary,B0,baseline,baseline,781,0.078,1250,833.333333333333,18687.7485539731,-15634.8817108198,18687.7485539731,-15634.8817108198,0,0,0,0,0,0,0,NaN,NaN,NaN,NaN
C09_S2_boundary,B0,baseline,baseline,782,0.0781,1250,833.333333333333,18695.9973500852,-15641.214146839,18695.9973500852,-15641.214146839,0,0,0,0,0,0,0,NaN,NaN,NaN,NaN
C09_S2_boundary,B0,baseline,baseline,783,0.0782,1250,833.333333333333,18742.8017098058,-15671.2438325452,18742.8017098058,-15671.2438325452,0,0,0,0,0,0,0,NaN,NaN,NaN,NaN
C09_S2_boundary,B0,baseline,baseline,784,0.0783,1250,833.333333333333,18802.8177071779,-15714.3878700726,18802.8177071779,-15714.3878700726,0,0,0,0,0,0,0,NaN,NaN,NaN,NaN
C09_S2_boundary,B0,baseline,baseline,785,0.0784,1250,833.333333333333,18837.7941789666,-15744.2404363102,18837.7941789666,-15744.2404363102,0,0,0,0,0,0,0,NaN,NaN,NaN,NaN
C09_S2_boundary,B0,baseline,baseline,786,0.0785,1250,833.333333333333,18841.6127049916,-15750.0501654414,18841.6127049916,-15750.0501654414,0,0,0,0,0,0,0,NaN,NaN,NaN,NaN
C09_S2_boundary,B0,baseline,baseline,787,0.0786,1250,833.333333333333,18833.1921689896,-15740.7677593376,18833.1921689896,-15740.7677593376,0,0,0,0,0,0,0,NaN,NaN,NaN,NaN
C09_S2_boundary,B0,baseline,baseline,788,0.0787,1250,833.333333333333,18833.8934686504,-15733.3600025639,18833.8934686504,-15733.3600025639,0,0,0,0,0,0,0,NaN,NaN,NaN,NaN
C09_S2_boundary,B0,baseline,baseline,789,0.0788,1250,833.333333333333,18840.6824662738,-15730.8155108216,18840.6824662738,-15730.8155108216,0,0,0,0,0,0,0,NaN,NaN,NaN,NaN
C09_S2_boundary,B0,baseline,baseline,790,0.0789,1250,833.333333333333,18844.8348421629,-15729.5260987687,18844.8348421629,-15729.5260987687,0,0,0,0,0,0,0,NaN,NaN,NaN,NaN
C09_S2_boundary,B0,baseline,baseline,791,0.079,1250,833.333333333333,18846.1708389538,-15729.1149846806,18846.1708389538,-15729.1149846806,0,0,0,0,0,0,0,NaN,NaN,NaN,NaN
C09_S2_boundary,B0,baseline,baseline,792,0.0791,1250,833.333333333333,18845.9096618452,-15728.9325458721,18845.9096618452,-15728.9325458721,0,0,0,0,0,0,0,NaN,NaN,NaN,NaN
C09_S2_boundary,B0,baseline,baseline,793,0.0792,1250,833.333333333333,18830.0284538822,-15719.7289971653,18830.0284538822,-15719.7289971653,0,0,0,0,0,0,0,NaN,NaN,NaN,NaN
C09_S2_boundary,B0,baseline,baseline,794,0.0793,1250,833.333333333333,18794.4733045296,-15697.0572517731,18794.4733045296,-15697.0572517731,0,0,0,0,0,0,0,NaN,NaN,NaN,NaN
C09_S2_boundary,B0,baseline,baseline,795,0.0794,1250,833.333333333333,18761.1378986354,-15675.2925803729,18761.1378986354,-15675.2925803729,0,0,0,0,0,0,0,NaN,NaN,NaN,NaN
C09_S2_boundary,B0,baseline,baseline,796,0.0795,1250,833.333333333333,18735.4231770618,-15661.8076732913,18735.4231770618,-15661.8076732913,0,0,0,0,0,0,0,NaN,NaN,NaN,NaN
C09_S2_boundary,B0,baseline,baseline,797,0.0796,1250,833.333333333333,18721.755338865,-15658.0524022265,18721.755338865,-15658.0524022265,0,0,0,0,0,0,0,NaN,NaN,NaN,NaN
C09_S2_boundary,B0,baseline,baseline,798,0.0797,1250,833.333333333333,18727.5755886122,-15665.8115423275,18727.5755886122,-15665.8115423275,0,0,0,0,0,0,0,NaN,NaN,NaN,NaN
C09_S2_boundary,B0,baseline,baseline,799,0.0798,1250,833.333333333333,18762.294861231,-15689.5222058789,18762.294861231,-15689.5222058789,0,0,0,0,0,0,0,NaN,NaN,NaN,NaN
C09_S2_boundary,B0,baseline,baseline,800,0.0799,1250,833.333333333333,18830.4873817096,-15733.5076295552,18830.4873817096,-15733.5076295552,0,0,0,0,0,0,0,NaN,NaN,NaN,NaN
C09_S2_boundary,B0,baseline,baseline,801,0.08,1250,833.333333333333,18889.6222003636,-15774.9263307705,18889.6222003636,-15774.9263307705,0,0,0,0,0,0,0,NaN,NaN,NaN,NaN
C09_S2_boundary,B0,baseline,baseline,802,0.0801,1250,833.333333333333,18902.7039366937,-15787.2923885207,18902.7039366937,-15787.2923885207,0,0,0,0,0,0,0,NaN,NaN,NaN,NaN
C09_S2_boundary,B0,baseline,baseline,803,0.0802,1250,833.333333333333,18877.7145770519,-15769.0553145651,18877.7145770519,-15769.0553145651,0,0,0,0,0,0,0,NaN,NaN,NaN,NaN
C09_S2_boundary,B0,baseline,baseline,804,0.0803,1250,833.333333333333,18849.6903415342,-15741.3359128377,18849.6903415342,-15741.3359128377,0,0,0,0,0,0,0,NaN,NaN,NaN,NaN
C09_S2_boundary,B0,baseline,baseline,805,0.0804,1250,833.333333333333,18846.494947013,-15727.4821949818,18846.494947013,-15727.4821949818,0,0,0,0,0,0,0,NaN,NaN,NaN,NaN
C09_S2_boundary,B0,baseline,baseline,806,0.0805,1250,833.333333333333,18853.8749029825,-15725.1649995334,18853.8749029825,-15725.1649995334,0,0,0,0,0,0,0,NaN,NaN,NaN,NaN
C09_S2_boundary,B0,baseline,baseline,807,0.0806,1250,833.333333333333,18855.511903225,-15725.1671937665,18855.511903225,-15725.1671937665,0,0,0,0,0,0,0,NaN,NaN,NaN,NaN
C09_S2_boundary,B0,baseline,baseline,808,0.0807,1250,833.333333333333,18853.5221178071,-15726.0807323652,18853.5221178071,-15726.0807323652,0,0,0,0,0,0,0,NaN,NaN,NaN,NaN
C09_S2_boundary,B0,baseline,baseline,809,0.0808,1250,833.333333333333,18850.6914805271,-15726.8139661727,18850.6914805271,-15726.8139661727,0,0,0,0,0,0,0,NaN,NaN,NaN,NaN
C09_S2_boundary,B0,baseline,baseline,810,0.0809,1250,833.333333333333,18834.1169939673,-15719.2630753253,18834.1169939673,-15719.2630753253,0,0,0,0,0,0,0,NaN,NaN,NaN,NaN
C09_S2_boundary,B0,baseline,baseline,811,0.081,1250,833.333333333333,18800.0062508996,-15699.6152938087,18800.0062508996,-15699.6152938087,0,0,0,0,0,0,0,NaN,NaN,NaN,NaN
C09_S2_boundary,B0,baseline,baseline,812,0.0811,1250,833.333333333333,18769.1816403649,-15681.1664643537,18769.1816403649,-15681.1664643537,0,0,0,0,0,0,0,NaN,NaN,NaN,NaN
C09_S2_boundary,B0,baseline,baseline,813,0.0812,1250,833.333333333333,18748.6444486361,-15672.084734938,18748.6444486361,-15672.084734938,0,0,0,0,0,0,0,NaN,NaN,NaN,NaN
C09_S2_boundary,B0,baseline,baseline,814,0.0813,1250,833.333333333333,18746.0672475233,-15675.6859370018,18746.0672475233,-15675.6859370018,0,0,0,0,0,0,0,NaN,NaN,NaN,NaN
C09_S2_boundary,B0,baseline,baseline,815,0.0814,1250,833.333333333333,18770.4768525686,-15695.5951516444,18770.4768525686,-15695.5951516444,0,0,0,0,0,0,0,NaN,NaN,NaN,NaN
C09_S2_boundary,B0,baseline,baseline,816,0.0815,1250,833.333333333333,18808.0344961266,-15722.8201950173,18808.0344961266,-15722.8201950173,0,0,0,0,0,0,0,NaN,NaN,NaN,NaN
C09_S2_boundary,B0,baseline,baseline,817,0.0816,1250,833.333333333333,18844.0726948709,-15746.4755180147,18844.0726948709,-15746.4755180147,0,0,0,0,0,0,0,NaN,NaN,NaN,NaN
C09_S2_boundary,B0,baseline,baseline,818,0.0817,1250,833.333333333333,18863.6417961956,-15758.5834625637,18863.6417961956,-15758.5834625637,0,0,0,0,0,0,0,NaN,NaN,NaN,NaN
C09_S2_boundary,B0,baseline,baseline,819,0.0818,1250,833.333333333333,18857.513603749,-15752.949385266,18857.513603749,-15752.949385266,0,0,0,0,0,0,0,NaN,NaN,NaN,NaN
C09_S2_boundary,B0,baseline,baseline,820,0.0819,1250,833.333333333333,18843.8151576313,-15738.8020379768,18843.8151576313,-15738.8020379768,0,0,0,0,0,0,0,NaN,NaN,NaN,NaN
C09_S2_boundary,B0,baseline,baseline,821,0.082,1250,833.333333333333,18842.1105090001,-15730.750617896,18842.1105090001,-15730.750617896,0,0,0,0,0,0,0,NaN,NaN,NaN,NaN
C09_S2_boundary,B0,baseline,baseline,822,0.0821,1250,833.333333333333,18846.5803916504,-15728.9171506451,18846.5803916504,-15728.9171506451,0,0,0,0,0,0,0,NaN,NaN,NaN,NaN
C09_S2_boundary,B0,baseline,baseline,823,0.0822,1250,833.333333333333,18848.0415092348,-15728.2773994767,18848.0415092348,-15728.2773994767,0,0,0,0,0,0,0,NaN,NaN,NaN,NaN
C09_S2_boundary,B0,baseline,baseline,824,0.0823,1250,833.333333333333,18847.4446002856,-15728.231333179,18847.4446002856,-15728.231333179,0,0,0,0,0,0,0,NaN,NaN,NaN,NaN
C09_S2_boundary,B0,baseline,baseline,825,0.0824,1250,833.333333333333,18846.1885540211,-15728.2391543017,18846.1885540211,-15728.2391543017,0,0,0,0,0,0,0,NaN,NaN,NaN,NaN
C09_S2_boundary,B0,baseline,baseline,826,0.0825,1250,833.333333333333,18828.9916295981,-15718.0304536605,18828.9916295981,-15718.0304536605,0,0,0,0,0,0,0,NaN,NaN,NaN,NaN
C09_S2_boundary,B0,baseline,baseline,827,0.0826,1250,833.333333333333,18791.259780326,-15692.7144079186,18791.259780326,-15692.7144079186,0,0,0,0,0,0,0,NaN,NaN,NaN,NaN
C09_S2_boundary,B0,baseline,baseline,828,0.0827,1250,833.333333333333,18755.2423014405,-15667.9627958981,18755.2423014405,-15667.9627958981,0,0,0,0,0,0,0,NaN,NaN,NaN,NaN
C09_S2_boundary,B0,baseline,baseline,829,0.0828,1250,833.333333333333,18724.1881826945,-15650.36816903,18724.1881826945,-15650.36816903,0,0,0,0,0,0,0,NaN,NaN,NaN,NaN
C09_S2_boundary,B0,baseline,baseline,830,0.0829,1250,833.333333333333,18699.7015927506,-15639.4373146345,18699.7015927506,-15639.4373146345,0,0,0,0,0,0,0,NaN,NaN,NaN,NaN
C09_S2_boundary,B0,baseline,baseline,831,0.083,1250,833.333333333333,18687.3922408468,-15635.2004536377,18687.3922408468,-15635.2004536377,0,0,0,0,0,0,0,NaN,NaN,NaN,NaN
C09_S2_boundary,B0,baseline,baseline,832,0.0831,1250,833.333333333333,18696.1251658561,-15641.4665639005,18696.1251658561,-15641.4665639005,0,0,0,0,0,0,0,NaN,NaN,NaN,NaN
C09_S2_boundary,B0,baseline,baseline,833,0.0832,1250,833.333333333333,18743.0456663778,-15671.2756355016,18743.0456663778,-15671.2756355016,0,0,0,0,0,0,0,NaN,NaN,NaN,NaN
C09_S2_boundary,B0,baseline,baseline,834,0.0833,1250,833.333333333333,18803.3495240145,-15713.8840989862,18803.3495240145,-15713.8840989862,0,0,0,0,0,0,0,NaN,NaN,NaN,NaN
C09_S2_boundary,B0,baseline,baseline,835,0.0834,1250,833.333333333333,18838.746853864,-15743.0776712928,18838.746853864,-15743.0776712928,0,0,0,0,0,0,0,NaN,NaN,NaN,NaN
C09_S2_boundary,B0,baseline,baseline,836,0.0835,1250,833.333333333333,18843.0743250497,-15748.3241582082,18843.0743250497,-15748.3241582082,0,0,0,0,0,0,0,NaN,NaN,NaN,NaN
C09_S2_boundary,B0,baseline,baseline,837,0.0836,1250,833.333333333333,18835.1350821491,-15738.8032869692,18835.1350821491,-15738.8032869692,0,0,0,0,0,0,0,NaN,NaN,NaN,NaN
C09_S2_boundary,B0,baseline,baseline,838,0.0837,1250,833.333333333333,18836.2543771139,-15731.434100769,18836.2543771139,-15731.434100769,0,0,0,0,0,0,0,NaN,NaN,NaN,NaN
C09_S2_boundary,B0,baseline,baseline,839,0.0838,1250,833.333333333333,18843.3915015808,-15729.0035298914,18843.3915015808,-15729.0035298914,0,0,0,0,0,0,0,NaN,NaN,NaN,NaN
C09_S2_boundary,B0,baseline,baseline,840,0.0839,1250,833.333333333333,18847.7783524075,-15727.8893869673,18847.7783524075,-15727.8893869673,0,0,0,0,0,0,0,NaN,NaN,NaN,NaN
C09_S2_boundary,B0,baseline,baseline,841,0.084,1250,833.333333333333,18849.2621408972,-15727.704592924,18849.2621408972,-15727.704592924,0,0,0,0,0,0,0,NaN,NaN,NaN,NaN
C09_S2_boundary,B0,baseline,baseline,842,0.0841,1250,833.333333333333,18849.0652868811,-15727.7932623554,18849.0652868811,-15727.7932623554,0,0,0,0,0,0,0,NaN,NaN,NaN,NaN
C09_S2_boundary,B0,baseline,baseline,843,0.0842,1250,833.333333333333,18832.845032257,-15718.8991546403,18832.845032257,-15718.8991546403,0,0,0,0,0,0,0,NaN,NaN,NaN,NaN
C09_S2_boundary,B0,baseline,baseline,844,0.0843,1250,833.333333333333,18796.9269206286,-15696.4751057369,18796.9269206286,-15696.4751057369,0,0,0,0,0,0,0,NaN,NaN,NaN,NaN
C09_S2_boundary,B0,baseline,baseline,845,0.0844,1250,833.333333333333,18763.2567325782,-15674.8532240472,18763.2567325782,-15674.8532240472,0,0,0,0,0,0,0,NaN,NaN,NaN,NaN
C09_S2_boundary,B0,baseline,baseline,846,0.0845,1250,833.333333333333,18736.9486829039,-15661.4440450196,18736.9486829039,-15661.4440450196,0,0,0,0,0,0,0,NaN,NaN,NaN,NaN
C09_S2_boundary,B0,baseline,baseline,847,0.0846,1250,833.333333333333,18722.7387697141,-15657.7173501511,18722.7387697141,-15657.7173501511,0,0,0,0,0,0,0,NaN,NaN,NaN,NaN
C09_S2_boundary,B0,baseline,baseline,848,0.0847,1250,833.333333333333,18727.9209765211,-15665.5199763401,18727.9209765211,-15665.5199763401,0,0,0,0,0,0,0,NaN,NaN,NaN,NaN
C09_S2_boundary,B0,baseline,baseline,849,0.0848,1250,833.333333333333,18762.1734479346,-15689.2736699711,18762.1734479346,-15689.2736699711,0,0,0,0,0,0,0,NaN,NaN,NaN,NaN
C09_S2_boundary,B0,baseline,baseline,850,0.0849,1250,833.333333333333,18830.180918392,-15733.4764924163,18830.180918392,-15733.4764924163,0,0,0,0,0,0,0,NaN,NaN,NaN,NaN
C09_S2_boundary,B0,baseline,baseline,851,0.085,1250,833.333333333333,18888.9089575072,-15775.4318060505,18888.9089575072,-15775.4318060505,0,0,0,0,0,0,0,NaN,NaN,NaN,NaN
C09_S2_boundary,B0,baseline,baseline,852,0.0851,1250,833.333333333333,18901.4814002758,-15788.4638466223,18901.4814002758,-15788.4638466223,0,0,0,0,0,0,0,NaN,NaN,NaN,NaN
C09_S2_boundary,B0,baseline,baseline,853,0.0852,1250,833.333333333333,18875.9543951751,-15770.7909595431,18875.9543951751,-15770.7909595431,0,0,0,0,0,0,0,NaN,NaN,NaN,NaN
C09_S2_boundary,B0,baseline,baseline,854,0.0853,1250,833.333333333333,18847.5073241033,-15743.2999153876,18847.5073241033,-15743.2999153876,0,0,0,0,0,0,0,NaN,NaN,NaN,NaN
C09_S2_boundary,B0,baseline,baseline,855,0.0854,1250,833.333333333333,18843.9741409637,-15729.3830287161,18843.9741409637,-15729.3830287161,0,0,0,0,0,0,0,NaN,NaN,NaN,NaN
C09_S2_boundary,B0,baseline,baseline,856,0.0855,1250,833.333333333333,18851.0514485363,-15726.9226118742,18851.0514485363,-15726.9226118742,0,0,0,0,0,0,0,NaN,NaN,NaN,NaN
C09_S2_boundary,B0,baseline,baseline,857,0.0856,1250,833.333333333333,18852.4978413988,-15726.7294867121,18852.4978413988,-15726.7294867121,0,0,0,0,0,0,0,NaN,NaN,NaN,NaN
C09_S2_boundary,B0,baseline,baseline,858,0.0857,1250,833.333333333333,18850.39834739,-15727.4026253667,18850.39834739,-15727.4026253667,0,0,0,0,0,0,0,NaN,NaN,NaN,NaN
C09_S2_boundary,B0,baseline,baseline,859,0.0858,1250,833.333333333333,18847.5379612852,-15727.8537639205,18847.5379612852,-15727.8537639205,0,0,0,0,0,0,0,NaN,NaN,NaN,NaN
C09_S2_boundary,B0,baseline,baseline,860,0.0859,1250,833.333333333333,18831.3246432358,-15719.9979522759,18831.3246432358,-15719.9979522759,0,0,0,0,0,0,0,NaN,NaN,NaN,NaN
C09_S2_boundary,B0,baseline,baseline,861,0.086,1250,833.333333333333,18797.6038197426,-15700.1031294174,18797.6038197426,-15700.1031294174,0,0,0,0,0,0,0,NaN,NaN,NaN,NaN
C09_S2_boundary,B0,baseline,baseline,862,0.0861,1250,833.333333333333,18767.1361045098,-15681.5103634344,18767.1361045098,-15681.5103634344,0,0,0,0,0,0,0,NaN,NaN,NaN,NaN
C09_S2_boundary,B0,baseline,baseline,863,0.0862,1250,833.333333333333,18747.1868225905,-15672.3686949215,18747.1868225905,-15672.3686949215,0,0,0,0,0,0,0,NaN,NaN,NaN,NaN
C09_S2_boundary,B0,baseline,baseline,864,0.0863,1250,833.333333333333,18745.1319283165,-15675.9619096546,18745.1319283165,-15675.9619096546,0,0,0,0,0,0,0,NaN,NaN,NaN,NaN
C09_S2_boundary,B0,baseline,baseline,865,0.0864,1250,833.333333333333,18770.1468676293,-15695.8585196711,18770.1468676293,-15695.8585196711,0,0,0,0,0,0,0,NaN,NaN,NaN,NaN
C09_S2_boundary,B0,baseline,baseline,866,0.0865,1250,833.333333333333,18808.245972889,-15722.8540621106,18808.245972889,-15722.8540621106,0,0,0,0,0,0,0,NaN,NaN,NaN,NaN
C09_S2_boundary,B0,baseline,baseline,867,0.0866,1250,833.333333333333,18844.5263448784,-15745.9886347168,18844.5263448784,-15745.9886347168,0,0,0,0,0,0,0,NaN,NaN,NaN,NaN
C09_S2_boundary,B0,baseline,baseline,868,0.0867,1250,833.333333333333,18864.4657583277,-15757.4478115671,18864.4657583277,-15757.4478115671,0,0,0,0,0,0,0,NaN,NaN,NaN,NaN
C09_S2_boundary,B0,baseline,baseline,869,0.0868,1250,833.333333333333,18858.8099907133,-15751.2479289819,18858.8099907133,-15751.2479289819,0,0,0,0,0,0,0,NaN,NaN,NaN,NaN
C09_S2_boundary,B0,baseline,baseline,870,0.0869,1250,833.333333333333,18845.5748159419,-15736.847503981,18845.5748159419,-15736.847503981,0,0,0,0,0,0,0,NaN,NaN,NaN,NaN
C09_S2_boundary,B0,baseline,baseline,871,0.087,1250,833.333333333333,18844.2979390519,-15728.811365159,18844.2979390519,-15728.811365159,0,0,0,0,0,0,0,NaN,NaN,NaN,NaN
C09_S2_boundary,B0,baseline,baseline,872,0.0871,1250,833.333333333333,18849.1460665145,-15727.0675766956,18849.1460665145,-15727.0675766956,0,0,0,0,0,0,0,NaN,NaN,NaN,NaN
C09_S2_boundary,B0,baseline,baseline,873,0.0872,1250,833.333333333333,18850.8794464854,-15726.5815293343,18850.8794464854,-15726.5815293343,0,0,0,0,0,0,0,NaN,NaN,NaN,NaN
C09_S2_boundary,B0,baseline,baseline,874,0.0873,1250,833.333333333333,18850.4719315096,-15726.7431000606,18850.4719315096,-15726.7431000606,0,0,0,0,0,0,0,NaN,NaN,NaN,NaN
C09_S2_boundary,B0,baseline,baseline,875,0.0874,1250,833.333333333333,18849.3224150504,-15727.0067439998,18849.3224150504,-15727.0067439998,0,0,0,0,0,0,0,NaN,NaN,NaN,NaN
C09_S2_boundary,B0,baseline,baseline,876,0.0875,1250,833.333333333333,18831.8170666363,-15717.109398738,18831.8170666363,-15717.109398738,0,0,0,0,0,0,0,NaN,NaN,NaN,NaN
C09_S2_boundary,B0,baseline,baseline,877,0.0876,1250,833.333333333333,18793.7510057008,-15692.0403174941,18793.7510057008,-15692.0403174941,0,0,0,0,0,0,0,NaN,NaN,NaN,NaN
C09_S2_boundary,B0,baseline,baseline,878,0.0877,1250,833.333333333333,18757.4185020394,-15667.4294398145,18757.4185020394,-15667.4294398145,0,0,0,0,0,0,0,NaN,NaN,NaN,NaN
C09_S2_boundary,B0,baseline,baseline,879,0.0878,1250,833.333333333333,18725.7665916166,-15649.9258343632,18725.7665916166,-15649.9258343632,0,0,0,0,0,0,0,NaN,NaN,NaN,NaN
C09_S2_boundary,B0,baseline,baseline,880,0.0879,1250,833.333333333333,18700.7218022553,-15639.0439748246,18700.7218022553,-15639.0439748246,0,0,0,0,0,0,0,NaN,NaN,NaN,NaN
C09_S2_boundary,B0,baseline,baseline,881,0.088,1250,833.333333333333,18687.7485539721,-15634.8817108201,18687.7485539721,-15634.8817108201,0,0,0,0,0,0,0,NaN,NaN,NaN,NaN
C09_S2_boundary,B0,baseline,baseline,882,0.0881,1250,833.333333333333,18695.9973500841,-15641.2141468392,18695.9973500841,-15641.2141468392,0,0,0,0,0,0,0,NaN,NaN,NaN,NaN
C09_S2_boundary,B0,baseline,baseline,883,0.0882,1250,833.333333333333,18742.801709805,-15671.2438325449,18742.801709805,-15671.2438325449,0,0,0,0,0,0,0,NaN,NaN,NaN,NaN
C09_S2_boundary,B0,baseline,baseline,884,0.0883,1250,833.333333333333,18802.817707178,-15714.3878700718,18802.817707178,-15714.3878700718,0,0,0,0,0,0,0,NaN,NaN,NaN,NaN
C09_S2_boundary,B0,baseline,baseline,885,0.0884,1250,833.333333333333,18837.7941789674,-15744.2404363094,18837.7941789674,-15744.2404363094,0,0,0,0,0,0,0,NaN,NaN,NaN,NaN
C09_S2_boundary,B0,baseline,baseline,886,0.0885,1250,833.333333333333,18841.6127049925,-15750.0501654409,18841.6127049925,-15750.0501654409,0,0,0,0,0,0,0,NaN,NaN,NaN,NaN
C09_S2_boundary,B0,baseline,baseline,887,0.0886,1250,833.333333333333,18833.1921689903,-15740.7677593375,18833.1921689903,-15740.7677593375,0,0,0,0,0,0,0,NaN,NaN,NaN,NaN
C09_S2_boundary,B0,baseline,baseline,888,0.0887,1250,833.333333333333,18833.8934686507,-15733.3600025639,18833.8934686507,-15733.3600025639,0,0,0,0,0,0,0,NaN,NaN,NaN,NaN
C09_S2_boundary,B0,baseline,baseline,889,0.0888,1250,833.333333333333,18840.6824662739,-15730.8155108216,18840.6824662739,-15730.8155108216,0,0,0,0,0,0,0,NaN,NaN,NaN,NaN
C09_S2_boundary,B0,baseline,baseline,890,0.0889,1250,833.333333333333,18844.8348421628,-15729.5260987686,18844.8348421628,-15729.5260987686,0,0,0,0,0,0,0,NaN,NaN,NaN,NaN
C09_S2_boundary,B0,baseline,baseline,891,0.089,1250,833.333333333333,18846.1708389538,-15729.1149846804,18846.1708389538,-15729.1149846804,0,0,0,0,0,0,0,NaN,NaN,NaN,NaN
C09_S2_boundary,B0,baseline,baseline,892,0.0891,1250,833.333333333333,18845.9096618452,-15728.932545872,18845.9096618452,-15728.932545872,0,0,0,0,0,0,0,NaN,NaN,NaN,NaN
C09_S2_boundary,B0,baseline,baseline,893,0.0892,1250,833.333333333333,18830.0284538822,-15719.7289971653,18830.0284538822,-15719.7289971653,0,0,0,0,0,0,0,NaN,NaN,NaN,NaN
C09_S2_boundary,B0,baseline,baseline,894,0.0893,1250,833.333333333333,18794.4733045296,-15697.0572517731,18794.4733045296,-15697.0572517731,0,0,0,0,0,0,0,NaN,NaN,NaN,NaN
C09_S2_boundary,B0,baseline,baseline,895,0.0894,1250,833.333333333333,18761.1378986354,-15675.2925803729,18761.1378986354,-15675.2925803729,0,0,0,0,0,0,0,NaN,NaN,NaN,NaN
C09_S2_boundary,B0,baseline,baseline,896,0.0895,1250,833.333333333333,18735.4231770618,-15661.8076732913,18735.4231770618,-15661.8076732913,0,0,0,0,0,0,0,NaN,NaN,NaN,NaN
C09_S2_boundary,B0,baseline,baseline,897,0.0896,1250,833.333333333333,18721.7553388651,-15658.0524022265,18721.7553388651,-15658.0524022265,0,0,0,0,0,0,0,NaN,NaN,NaN,NaN
C09_S2_boundary,B0,baseline,baseline,898,0.0897,1250,833.333333333333,18727.5755886124,-15665.8115423275,18727.5755886124,-15665.8115423275,0,0,0,0,0,0,0,NaN,NaN,NaN,NaN
C09_S2_boundary,B0,baseline,baseline,899,0.0898,1250,833.333333333333,18762.2948612313,-15689.522205879,18762.2948612313,-15689.522205879,0,0,0,0,0,0,0,NaN,NaN,NaN,NaN
C09_S2_boundary,B0,baseline,baseline,900,0.0899,1250,833.333333333333,18830.48738171,-15733.5076295555,18830.48738171,-15733.5076295555,0,0,0,0,0,0,0,NaN,NaN,NaN,NaN
C09_S2_boundary,B0,baseline,baseline,901,0.09,1250,833.333333333333,18889.622200364,-15774.9263307708,18889.622200364,-15774.9263307708,0,0,0,0,0,0,0,NaN,NaN,NaN,NaN
C09_S2_boundary,B0,baseline,baseline,902,0.0901,1250,833.333333333333,18902.7039366941,-15787.2923885209,18902.7039366941,-15787.2923885209,0,0,0,0,0,0,0,NaN,NaN,NaN,NaN
C09_S2_boundary,B0,baseline,baseline,903,0.0902,1250,833.333333333333,18877.7145770523,-15769.0553145652,18877.7145770523,-15769.0553145652,0,0,0,0,0,0,0,NaN,NaN,NaN,NaN
C09_S2_boundary,B0,baseline,baseline,904,0.0903,1250,833.333333333333,18849.6903415346,-15741.3359128377,18849.6903415346,-15741.3359128377,0,0,0,0,0,0,0,NaN,NaN,NaN,NaN
C09_S2_boundary,B0,baseline,baseline,905,0.0904,1250,833.333333333333,18846.4949470134,-15727.4821949818,18846.4949470134,-15727.4821949818,0,0,0,0,0,0,0,NaN,NaN,NaN,NaN
C09_S2_boundary,B0,baseline,baseline,906,0.0905,1250,833.333333333333,18853.8749029826,-15725.1649995334,18853.8749029826,-15725.1649995334,0,0,0,0,0,0,0,NaN,NaN,NaN,NaN
C09_S2_boundary,B0,baseline,baseline,907,0.0906,1250,833.333333333333,18855.511903225,-15725.1671937665,18855.511903225,-15725.1671937665,0,0,0,0,0,0,0,NaN,NaN,NaN,NaN
C09_S2_boundary,B0,baseline,baseline,908,0.0907,1250,833.333333333333,18853.5221178071,-15726.0807323651,18853.5221178071,-15726.0807323651,0,0,0,0,0,0,0,NaN,NaN,NaN,NaN
C09_S2_boundary,B0,baseline,baseline,909,0.0908,1250,833.333333333333,18850.6914805273,-15726.8139661726,18850.6914805273,-15726.8139661726,0,0,0,0,0,0,0,NaN,NaN,NaN,NaN
C09_S2_boundary,B0,baseline,baseline,910,0.0909,1250,833.333333333333,18834.1169939676,-15719.2630753252,18834.1169939676,-15719.2630753252,0,0,0,0,0,0,0,NaN,NaN,NaN,NaN
C09_S2_boundary,B0,baseline,baseline,911,0.091,1250,833.333333333333,18800.0062508997,-15699.6152938088,18800.0062508997,-15699.6152938088,0,0,0,0,0,0,0,NaN,NaN,NaN,NaN
C09_S2_boundary,B0,baseline,baseline,912,0.0911,1250,833.333333333333,18769.1816403647,-15681.1664643539,18769.1816403647,-15681.1664643539,0,0,0,0,0,0,0,NaN,NaN,NaN,NaN
C09_S2_boundary,B0,baseline,baseline,913,0.0912,1250,833.333333333333,18748.6444486358,-15672.0847349383,18748.6444486358,-15672.0847349383,0,0,0,0,0,0,0,NaN,NaN,NaN,NaN
C09_S2_boundary,B0,baseline,baseline,914,0.0913,1250,833.333333333333,18746.0672475232,-15675.6859370021,18746.0672475232,-15675.6859370021,0,0,0,0,0,0,0,NaN,NaN,NaN,NaN
C09_S2_boundary,B0,baseline,baseline,915,0.0914,1250,833.333333333333,18770.4768525688,-15695.5951516447,18770.4768525688,-15695.5951516447,0,0,0,0,0,0,0,NaN,NaN,NaN,NaN
C09_S2_boundary,B0,baseline,baseline,916,0.0915,1250,833.333333333333,18808.0344961271,-15722.8201950175,18808.0344961271,-15722.8201950175,0,0,0,0,0,0,0,NaN,NaN,NaN,NaN
C09_S2_boundary,B0,baseline,baseline,917,0.0916,1250,833.333333333333,18844.0726948717,-15746.4755180147,18844.0726948717,-15746.4755180147,0,0,0,0,0,0,0,NaN,NaN,NaN,NaN
C09_S2_boundary,B0,baseline,baseline,918,0.0917,1250,833.333333333333,18863.6417961966,-15758.5834625636,18863.6417961966,-15758.5834625636,0,0,0,0,0,0,0,NaN,NaN,NaN,NaN
C09_S2_boundary,B0,baseline,baseline,919,0.0918,1250,833.333333333333,18857.51360375,-15752.9493852658,18857.51360375,-15752.9493852658,0,0,0,0,0,0,0,NaN,NaN,NaN,NaN
C09_S2_boundary,B0,baseline,baseline,920,0.0919,1250,833.333333333333,18843.8151576321,-15738.8020379766,18843.8151576321,-15738.8020379766,0,0,0,0,0,0,0,NaN,NaN,NaN,NaN
C09_S2_boundary,B0,baseline,baseline,921,0.092,1250,833.333333333333,18842.1105090008,-15730.7506178958,18842.1105090008,-15730.7506178958,0,0,0,0,0,0,0,NaN,NaN,NaN,NaN
C09_S2_boundary,B0,baseline,baseline,922,0.0921,1250,833.333333333333,18846.5803916513,-15728.9171506447,18846.5803916513,-15728.9171506447,0,0,0,0,0,0,0,NaN,NaN,NaN,NaN
C09_S2_boundary,B0,baseline,baseline,923,0.0922,1250,833.333333333333,18848.0415092358,-15728.2773994763,18848.0415092358,-15728.2773994763,0,0,0,0,0,0,0,NaN,NaN,NaN,NaN
C09_S2_boundary,B0,baseline,baseline,924,0.0923,1250,833.333333333333,18847.4446002864,-15728.2313331787,18847.4446002864,-15728.2313331787,0,0,0,0,0,0,0,NaN,NaN,NaN,NaN
C09_S2_boundary,B0,baseline,baseline,925,0.0924,1250,833.333333333333,18846.1885540216,-15728.2391543015,18846.1885540216,-15728.2391543015,0,0,0,0,0,0,0,NaN,NaN,NaN,NaN
C09_S2_boundary,B0,baseline,baseline,926,0.0925,1250,833.333333333333,18828.9916295983,-15718.0304536605,18828.9916295983,-15718.0304536605,0,0,0,0,0,0,0,NaN,NaN,NaN,NaN
C09_S2_boundary,B0,baseline,baseline,927,0.0926,1250,833.333333333333,18791.2597803264,-15692.7144079185,18791.2597803264,-15692.7144079185,0,0,0,0,0,0,0,NaN,NaN,NaN,NaN
C09_S2_boundary,B0,baseline,baseline,928,0.0927,1250,833.333333333333,18755.2423014412,-15667.9627958981,18755.2423014412,-15667.9627958981,0,0,0,0,0,0,0,NaN,NaN,NaN,NaN
C09_S2_boundary,B0,baseline,baseline,929,0.0928,1250,833.333333333333,18724.1881826953,-15650.3681690303,18724.1881826953,-15650.3681690303,0,0,0,0,0,0,0,NaN,NaN,NaN,NaN
C09_S2_boundary,B0,baseline,baseline,930,0.0929,1250,833.333333333333,18699.7015927517,-15639.4373146353,18699.7015927517,-15639.4373146353,0,0,0,0,0,0,0,NaN,NaN,NaN,NaN
C09_S2_boundary,B0,baseline,baseline,931,0.093,1250,833.333333333333,18687.3922408485,-15635.200453639,18687.3922408485,-15635.200453639,0,0,0,0,0,0,0,NaN,NaN,NaN,NaN
C09_S2_boundary,B0,baseline,baseline,932,0.0931,1250,833.333333333333,18696.1251658588,-15641.4665639026,18696.1251658588,-15641.4665639026,0,0,0,0,0,0,0,NaN,NaN,NaN,NaN
C09_S2_boundary,B0,baseline,baseline,933,0.0932,1250,833.333333333333,18743.0456663812,-15671.2756355043,18743.0456663812,-15671.2756355043,0,0,0,0,0,0,0,NaN,NaN,NaN,NaN
C09_S2_boundary,B0,baseline,baseline,934,0.0933,1250,833.333333333333,18803.3495240178,-15713.8840989888,18803.3495240178,-15713.8840989888,0,0,0,0,0,0,0,NaN,NaN,NaN,NaN
C09_S2_boundary,B0,baseline,baseline,935,0.0934,1250,833.333333333333,18838.7468538663,-15743.0776712948,18838.7468538663,-15743.0776712948,0,0,0,0,0,0,0,NaN,NaN,NaN,NaN
C09_S2_boundary,B0,baseline,baseline,936,0.0935,1250,833.333333333333,18843.0743250504,-15748.3241582094,18843.0743250504,-15748.3241582094,0,0,0,0,0,0,0,NaN,NaN,NaN,NaN
C09_S2_boundary,B0,baseline,baseline,937,0.0936,1250,833.333333333333,18835.1350821488,-15738.8032869697,18835.1350821488,-15738.8032869697,0,0,0,0,0,0,0,NaN,NaN,NaN,NaN
C09_S2_boundary,B0,baseline,baseline,938,0.0937,1250,833.333333333333,18836.2543771132,-15731.4341007693,18836.2543771132,-15731.4341007693,0,0,0,0,0,0,0,NaN,NaN,NaN,NaN
C09_S2_boundary,B0,baseline,baseline,939,0.0938,1250,833.333333333333,18843.39150158,-15729.0035298917,18843.39150158,-15729.0035298917,0,0,0,0,0,0,0,NaN,NaN,NaN,NaN
C09_S2_boundary,B0,baseline,baseline,940,0.0939,1250,833.333333333333,18847.7783524066,-15727.8893869676,18847.7783524066,-15727.8893869676,0,0,0,0,0,0,0,NaN,NaN,NaN,NaN
C09_S2_boundary,B0,baseline,baseline,941,0.094,1250,833.333333333333,18849.2621408964,-15727.7045929244,18849.2621408964,-15727.7045929244,0,0,0,0,0,0,0,NaN,NaN,NaN,NaN
C09_S2_boundary,B0,baseline,baseline,942,0.0941,1250,833.333333333333,18849.0652868805,-15727.7932623557,18849.0652868805,-15727.7932623557,0,0,0,0,0,0,0,NaN,NaN,NaN,NaN
C09_S2_boundary,B0,baseline,baseline,943,0.0942,1250,833.333333333333,18832.8450322568,-15718.8991546403,18832.8450322568,-15718.8991546403,0,0,0,0,0,0,0,NaN,NaN,NaN,NaN
C09_S2_boundary,B0,baseline,baseline,944,0.0943,1250,833.333333333333,18796.9269206287,-15696.4751057369,18796.9269206287,-15696.4751057369,0,0,0,0,0,0,0,NaN,NaN,NaN,NaN
C09_S2_boundary,B0,baseline,baseline,945,0.0944,1250,833.333333333333,18763.2567325784,-15674.8532240473,18763.2567325784,-15674.8532240473,0,0,0,0,0,0,0,NaN,NaN,NaN,NaN
C09_S2_boundary,B0,baseline,baseline,946,0.0945,1250,833.333333333333,18736.9486829042,-15661.4440450198,18736.9486829042,-15661.4440450198,0,0,0,0,0,0,0,NaN,NaN,NaN,NaN
C09_S2_boundary,B0,baseline,baseline,947,0.0946,1250,833.333333333333,18722.7387697146,-15657.7173501513,18722.7387697146,-15657.7173501513,0,0,0,0,0,0,0,NaN,NaN,NaN,NaN
C09_S2_boundary,B0,baseline,baseline,948,0.0947,1250,833.333333333333,18727.9209765218,-15665.5199763406,18727.9209765218,-15665.5199763406,0,0,0,0,0,0,0,NaN,NaN,NaN,NaN
C09_S2_boundary,B0,baseline,baseline,949,0.0948,1250,833.333333333333,18762.1734479356,-15689.2736699718,18762.1734479356,-15689.2736699718,0,0,0,0,0,0,0,NaN,NaN,NaN,NaN
C09_S2_boundary,B0,baseline,baseline,950,0.0949,1250,833.333333333333,18830.1809183933,-15733.4764924172,18830.1809183933,-15733.4764924172,0,0,0,0,0,0,0,NaN,NaN,NaN,NaN
C09_S2_boundary,B0,baseline,baseline,951,0.095,1250,833.333333333333,18888.9089575084,-15775.4318060514,18888.9089575084,-15775.4318060514,0,0,0,0,0,0,0,NaN,NaN,NaN,NaN
C09_S2_boundary,B0,baseline,baseline,952,0.0951,1250,833.333333333333,18901.4814002767,-15788.4638466229,18901.4814002767,-15788.4638466229,0,0,0,0,0,0,0,NaN,NaN,NaN,NaN
C09_S2_boundary,B0,baseline,baseline,953,0.0952,1250,833.333333333333,18875.9543951756,-15770.7909595434,18875.9543951756,-15770.7909595434,0,0,0,0,0,0,0,NaN,NaN,NaN,NaN
C09_S2_boundary,B0,baseline,baseline,954,0.0953,1250,833.333333333333,18847.5073241035,-15743.2999153876,18847.5073241035,-15743.2999153876,0,0,0,0,0,0,0,NaN,NaN,NaN,NaN
C09_S2_boundary,B0,baseline,baseline,955,0.0954,1250,833.333333333333,18843.9741409639,-15729.383028716,18843.9741409639,-15729.383028716,0,0,0,0,0,0,0,NaN,NaN,NaN,NaN
C09_S2_boundary,B0,baseline,baseline,956,0.0955,1250,833.333333333333,18851.0514485364,-15726.9226118741,18851.0514485364,-15726.9226118741,0,0,0,0,0,0,0,NaN,NaN,NaN,NaN
C09_S2_boundary,B0,baseline,baseline,957,0.0956,1250,833.333333333333,18852.4978413988,-15726.729486712,18852.4978413988,-15726.729486712,0,0,0,0,0,0,0,NaN,NaN,NaN,NaN
C09_S2_boundary,B0,baseline,baseline,958,0.0957,1250,833.333333333333,18850.3983473898,-15727.4026253667,18850.3983473898,-15727.4026253667,0,0,0,0,0,0,0,NaN,NaN,NaN,NaN
C09_S2_boundary,B0,baseline,baseline,959,0.0958,1250,833.333333333333,18847.5379612849,-15727.8537639206,18847.5379612849,-15727.8537639206,0,0,0,0,0,0,0,NaN,NaN,NaN,NaN
C09_S2_boundary,B0,baseline,baseline,960,0.0959,1250,833.333333333333,18831.3246432356,-15719.9979522759,18831.3246432356,-15719.9979522759,0,0,0,0,0,0,0,NaN,NaN,NaN,NaN
C09_S2_boundary,B0,baseline,baseline,961,0.096,1250,833.333333333333,18797.6038197426,-15700.1031294174,18797.6038197426,-15700.1031294174,0,0,0,0,0,0,0,NaN,NaN,NaN,NaN
C09_S2_boundary,B0,baseline,baseline,962,0.0961,1250,833.333333333333,18767.1361045098,-15681.5103634344,18767.1361045098,-15681.5103634344,0,0,0,0,0,0,0,NaN,NaN,NaN,NaN
C09_S2_boundary,B0,baseline,baseline,963,0.0962,1250,833.333333333333,18747.1868225905,-15672.3686949215,18747.1868225905,-15672.3686949215,0,0,0,0,0,0,0,NaN,NaN,NaN,NaN
C09_S2_boundary,B0,baseline,baseline,964,0.0963,1250,833.333333333333,18745.1319283165,-15675.9619096548,18745.1319283165,-15675.9619096548,0,0,0,0,0,0,0,NaN,NaN,NaN,NaN
C09_S2_boundary,B0,baseline,baseline,965,0.0964,1250,833.333333333333,18770.1468676294,-15695.8585196715,18770.1468676294,-15695.8585196715,0,0,0,0,0,0,0,NaN,NaN,NaN,NaN
C09_S2_boundary,B0,baseline,baseline,966,0.0965,1250,833.333333333333,18808.2459728892,-15722.8540621111,18808.2459728892,-15722.8540621111,0,0,0,0,0,0,0,NaN,NaN,NaN,NaN
C09_S2_boundary,B0,baseline,baseline,967,0.0966,1250,833.333333333333,18844.5263448789,-15745.9886347172,18844.5263448789,-15745.9886347172,0,0,0,0,0,0,0,NaN,NaN,NaN,NaN
C09_S2_boundary,B0,baseline,baseline,968,0.0967,1250,833.333333333333,18864.4657583281,-15757.4478115674,18864.4657583281,-15757.4478115674,0,0,0,0,0,0,0,NaN,NaN,NaN,NaN
C09_S2_boundary,B0,baseline,baseline,969,0.0968,1250,833.333333333333,18858.8099907135,-15751.247928982,18858.8099907135,-15751.247928982,0,0,0,0,0,0,0,NaN,NaN,NaN,NaN
C09_S2_boundary,B0,baseline,baseline,970,0.0969,1250,833.333333333333,18845.574815942,-15736.847503981,18845.574815942,-15736.847503981,0,0,0,0,0,0,0,NaN,NaN,NaN,NaN
C09_S2_boundary,B0,baseline,baseline,971,0.097,1250,833.333333333333,18844.297939052,-15728.811365159,18844.297939052,-15728.811365159,0,0,0,0,0,0,0,NaN,NaN,NaN,NaN
C09_S2_boundary,B0,baseline,baseline,972,0.0971,1250,833.333333333333,18849.1460665145,-15727.0675766956,18849.1460665145,-15727.0675766956,0,0,0,0,0,0,0,NaN,NaN,NaN,NaN
C09_S2_boundary,B0,baseline,baseline,973,0.0972,1250,833.333333333333,18850.8794464855,-15726.5815293344,18850.8794464855,-15726.5815293344,0,0,0,0,0,0,0,NaN,NaN,NaN,NaN
C09_S2_boundary,B0,baseline,baseline,974,0.0973,1250,833.333333333333,18850.4719315096,-15726.7431000606,18850.4719315096,-15726.7431000606,0,0,0,0,0,0,0,NaN,NaN,NaN,NaN
C09_S2_boundary,B0,baseline,baseline,975,0.0974,1250,833.333333333333,18849.3224150504,-15727.0067439997,18849.3224150504,-15727.0067439997,0,0,0,0,0,0,0,NaN,NaN,NaN,NaN
C09_S2_boundary,B0,baseline,baseline,976,0.0975,1250,833.333333333333,18831.8170666363,-15717.109398738,18831.8170666363,-15717.109398738,0,0,0,0,0,0,0,NaN,NaN,NaN,NaN
C09_S2_boundary,B0,baseline,baseline,977,0.0976,1250,833.333333333333,18793.7510057009,-15692.040317494,18793.7510057009,-15692.040317494,0,0,0,0,0,0,0,NaN,NaN,NaN,NaN
C09_S2_boundary,B0,baseline,baseline,978,0.0977,1250,833.333333333333,18757.4185020394,-15667.4294398145,18757.4185020394,-15667.4294398145,0,0,0,0,0,0,0,NaN,NaN,NaN,NaN
C09_S2_boundary,B0,baseline,baseline,979,0.0978,1250,833.333333333333,18725.7665916167,-15649.9258343633,18725.7665916167,-15649.9258343633,0,0,0,0,0,0,0,NaN,NaN,NaN,NaN
C09_S2_boundary,B0,baseline,baseline,980,0.0979,1250,833.333333333333,18700.7218022558,-15639.0439748246,18700.7218022558,-15639.0439748246,0,0,0,0,0,0,0,NaN,NaN,NaN,NaN
C09_S2_boundary,B0,baseline,baseline,981,0.098,1250,833.333333333333,18687.7485539732,-15634.88171082,18687.7485539732,-15634.88171082,0,0,0,0,0,0,0,NaN,NaN,NaN,NaN
C09_S2_boundary,B0,baseline,baseline,982,0.0981,1250,833.333333333333,18695.9973500854,-15641.2141468392,18695.9973500854,-15641.2141468392,0,0,0,0,0,0,0,NaN,NaN,NaN,NaN
C09_S2_boundary,B0,baseline,baseline,983,0.0982,1250,833.333333333333,18742.8017098062,-15671.2438325453,18742.8017098062,-15671.2438325453,0,0,0,0,0,0,0,NaN,NaN,NaN,NaN
C09_S2_boundary,B0,baseline,baseline,984,0.0983,1250,833.333333333333,18802.8177071785,-15714.3878700726,18802.8177071785,-15714.3878700726,0,0,0,0,0,0,0,NaN,NaN,NaN,NaN
C09_S2_boundary,B0,baseline,baseline,985,0.0984,1250,833.333333333333,18837.7941789673,-15744.2404363101,18837.7941789673,-15744.2404363101,0,0,0,0,0,0,0,NaN,NaN,NaN,NaN
C09_S2_boundary,B0,baseline,baseline,986,0.0985,1250,833.333333333333,18841.6127049923,-15750.0501654412,18841.6127049923,-15750.0501654412,0,0,0,0,0,0,0,NaN,NaN,NaN,NaN
C09_S2_boundary,B0,baseline,baseline,987,0.0986,1250,833.333333333333,18833.1921689902,-15740.7677593374,18833.1921689902,-15740.7677593374,0,0,0,0,0,0,0,NaN,NaN,NaN,NaN
C09_S2_boundary,B0,baseline,baseline,988,0.0987,1250,833.333333333333,18833.8934686508,-15733.3600025638,18833.8934686508,-15733.3600025638,0,0,0,0,0,0,0,NaN,NaN,NaN,NaN
C09_S2_boundary,B0,baseline,baseline,989,0.0988,1250,833.333333333333,18840.682466274,-15730.8155108215,18840.682466274,-15730.8155108215,0,0,0,0,0,0,0,NaN,NaN,NaN,NaN
C09_S2_boundary,B0,baseline,baseline,990,0.0989,1250,833.333333333333,18844.8348421629,-15729.5260987686,18844.8348421629,-15729.5260987686,0,0,0,0,0,0,0,NaN,NaN,NaN,NaN
C09_S2_boundary,B0,baseline,baseline,991,0.099,1250,833.333333333333,18846.1708389538,-15729.1149846804,18846.1708389538,-15729.1149846804,0,0,0,0,0,0,0,NaN,NaN,NaN,NaN
C09_S2_boundary,B0,baseline,baseline,992,0.0991,1250,833.333333333333,18845.9096618452,-15728.932545872,18845.9096618452,-15728.932545872,0,0,0,0,0,0,0,NaN,NaN,NaN,NaN
C09_S2_boundary,B0,baseline,baseline,993,0.0992,1250,833.333333333333,18830.0284538822,-15719.7289971653,18830.0284538822,-15719.7289971653,0,0,0,0,0,0,0,NaN,NaN,NaN,NaN
C09_S2_boundary,B0,baseline,baseline,994,0.0993,1250,833.333333333333,18794.4733045296,-15697.0572517732,18794.4733045296,-15697.0572517732,0,0,0,0,0,0,0,NaN,NaN,NaN,NaN
C09_S2_boundary,B0,baseline,baseline,995,0.0994,1250,833.333333333333,18761.1378986354,-15675.292580373,18761.1378986354,-15675.292580373,0,0,0,0,0,0,0,NaN,NaN,NaN,NaN
C09_S2_boundary,B0,baseline,baseline,996,0.0995,1250,833.333333333333,18735.4231770619,-15661.8076732914,18735.4231770619,-15661.8076732914,0,0,0,0,0,0,0,NaN,NaN,NaN,NaN
C09_S2_boundary,B0,baseline,baseline,997,0.0996,1250,833.333333333333,18721.7553388653,-15658.0524022267,18721.7553388653,-15658.0524022267,0,0,0,0,0,0,0,NaN,NaN,NaN,NaN
C09_S2_boundary,B0,baseline,baseline,998,0.0997,1250,833.333333333333,18727.5755886128,-15665.8115423278,18727.5755886128,-15665.8115423278,0,0,0,0,0,0,0,NaN,NaN,NaN,NaN
C09_S2_boundary,B0,baseline,baseline,999,0.0998,1250,833.333333333333,18762.2948612319,-15689.5222058795,18762.2948612319,-15689.5222058795,0,0,0,0,0,0,0,NaN,NaN,NaN,NaN
C09_S2_boundary,B0,baseline,baseline,1000,0.0999,1250,833.333333333333,18830.4873817108,-15733.507629556,18830.4873817108,-15733.507629556,0,0,0,0,0,0,0,NaN,NaN,NaN,NaN
C09_S2_boundary,B0,baseline,baseline,1001,0.1,1250,833.333333333333,18889.6222003648,-15774.9263307712,18889.6222003648,-15774.9263307712,0,0,0,0,0,0,0,NaN,NaN,NaN,NaN
C09_S2_boundary,B0,baseline,baseline,1002,0.1001,1250,833.333333333333,18902.7039366946,-15787.2923885213,18902.7039366946,-15787.2923885213,0,0,0,0,0,0,0,NaN,NaN,NaN,NaN
C09_S2_boundary,B0,baseline,baseline,1003,0.1002,1250,833.333333333333,18877.7145770525,-15769.0553145654,18877.7145770525,-15769.0553145654,0,0,0,0,0,0,0,NaN,NaN,NaN,NaN
C09_S2_boundary,B0,baseline,baseline,1004,0.1003,1250,833.333333333333,18849.6903415346,-15741.3359128378,18849.6903415346,-15741.3359128378,0,0,0,0,0,0,0,NaN,NaN,NaN,NaN
C09_S2_boundary,B0,baseline,baseline,1005,0.1004,1250,833.333333333333,18846.4949470133,-15727.4821949817,18846.4949470133,-15727.4821949817,0,0,0,0,0,0,0,NaN,NaN,NaN,NaN
C09_S2_boundary,B0,baseline,baseline,1006,0.1005,1250,833.333333333333,18853.8749029827,-15725.1649995334,18853.8749029827,-15725.1649995334,0,0,0,0,0,0,0,NaN,NaN,NaN,NaN
C09_S2_boundary,B0,baseline,baseline,1007,0.1006,1250,833.333333333333,18855.5119032251,-15725.1671937665,18855.5119032251,-15725.1671937665,0,0,0,0,0,0,0,NaN,NaN,NaN,NaN
C09_S2_boundary,B0,baseline,baseline,1008,0.1007,1250,833.333333333333,18853.5221178072,-15726.0807323652,18853.5221178072,-15726.0807323652,0,0,0,0,0,0,0,NaN,NaN,NaN,NaN
C09_S2_boundary,B0,baseline,baseline,1009,0.1008,1250,833.333333333333,18850.6914805274,-15726.8139661727,18850.6914805274,-15726.8139661727,0,0,0,0,0,0,0,NaN,NaN,NaN,NaN
C09_S2_boundary,B0,baseline,baseline,1010,0.1009,1250,833.333333333333,18834.1169939676,-15719.2630753253,18834.1169939676,-15719.2630753253,0,0,0,0,0,0,0,NaN,NaN,NaN,NaN
C09_S2_boundary,B0,baseline,baseline,1011,0.101,1250,833.333333333333,18800.0062508997,-15699.6152938088,18800.0062508997,-15699.6152938088,0,0,0,0,0,0,0,NaN,NaN,NaN,NaN
C09_S2_boundary,B0,baseline,baseline,1012,0.1011,1250,833.333333333333,18769.1816403649,-15681.166464354,18769.1816403649,-15681.166464354,0,0,0,0,0,0,0,NaN,NaN,NaN,NaN
C09_S2_boundary,B0,baseline,baseline,1013,0.1012,1250,833.333333333333,18748.644448636,-15672.0847349383,18748.644448636,-15672.0847349383,0,0,0,0,0,0,0,NaN,NaN,NaN,NaN
C09_S2_boundary,B0,baseline,baseline,1014,0.1013,1250,833.333333333333,18746.0672475235,-15675.6859370022,18746.0672475235,-15675.6859370022,0,0,0,0,0,0,0,NaN,NaN,NaN,NaN
C09_S2_boundary,B0,baseline,baseline,1015,0.1014,1250,833.333333333333,18770.4768525692,-15695.5951516449,18770.4768525692,-15695.5951516449,0,0,0,0,0,0,0,NaN,NaN,NaN,NaN
C09_S2_boundary,B0,baseline,baseline,1016,0.1015,1250,833.333333333333,18808.0344961276,-15722.8201950178,18808.0344961276,-15722.8201950178,0,0,0,0,0,0,0,NaN,NaN,NaN,NaN
C09_S2_boundary,B0,baseline,baseline,1017,0.1016,1250,833.333333333333,18844.0726948722,-15746.4755180152,18844.0726948722,-15746.4755180152,0,0,0,0,0,0,0,NaN,NaN,NaN,NaN
C09_S2_boundary,B0,baseline,baseline,1018,0.1017,1250,833.333333333333,18863.6417961968,-15758.583462564,18863.6417961968,-15758.583462564,0,0,0,0,0,0,0,NaN,NaN,NaN,NaN
C09_S2_boundary,B0,baseline,baseline,1019,0.1018,1250,833.333333333333,18857.5136037499,-15752.9493852661,18857.5136037499,-15752.9493852661,0,0,0,0,0,0,0,NaN,NaN,NaN,NaN
C09_S2_boundary,B0,baseline,baseline,1020,0.1019,1250,833.333333333333,18843.8151576317,-15738.8020379768,18843.8151576317,-15738.8020379768,0,0,0,0,0,0,0,NaN,NaN,NaN,NaN
C09_S2_boundary,B0,baseline,baseline,1021,0.102,1250,833.333333333333,18842.110509,-15730.7506178961,18842.110509,-15730.7506178961,0,0,0,0,0,0,0,NaN,NaN,NaN,NaN
C09_S2_boundary,B0,baseline,baseline,1022,0.1021,1250,833.333333333333,18846.58039165,-15728.9171506452,18846.58039165,-15728.9171506452,0,0,0,0,0,0,0,NaN,NaN,NaN,NaN
C09_S2_boundary,B0,baseline,baseline,1023,0.1022,1250,833.333333333333,18848.041509234,-15728.2773994769,18848.041509234,-15728.2773994769,0,0,0,0,0,0,0,NaN,NaN,NaN,NaN
C09_S2_boundary,B0,baseline,baseline,1024,0.1023,1250,833.333333333333,18847.4446002844,-15728.2313331793,18847.4446002844,-15728.2313331793,0,0,0,0,0,0,0,NaN,NaN,NaN,NaN
C09_S2_boundary,B0,baseline,baseline,1025,0.1024,1250,833.333333333333,18846.18855402,-15728.2391543019,18846.18855402,-15728.2391543019,0,0,0,0,0,0,0,NaN,NaN,NaN,NaN
C09_S2_boundary,B0,baseline,baseline,1026,0.1025,1250,833.333333333333,18828.9916295972,-15718.0304536607,18828.9916295972,-15718.0304536607,0,0,0,0,0,0,0,NaN,NaN,NaN,NaN
C09_S2_boundary,B0,baseline,baseline,1027,0.1026,1250,833.333333333333,18791.2597803256,-15692.7144079188,18791.2597803256,-15692.7144079188,0,0,0,0,0,0,0,NaN,NaN,NaN,NaN
C09_S2_boundary,B0,baseline,baseline,1028,0.1027,1250,833.333333333333,18755.2423014404,-15667.9627958983,18755.2423014404,-15667.9627958983,0,0,0,0,0,0,0,NaN,NaN,NaN,NaN
C09_S2_boundary,B0,baseline,baseline,1029,0.1028,1250,833.333333333333,18724.1881826945,-15650.3681690302,18724.1881826945,-15650.3681690302,0,0,0,0,0,0,0,NaN,NaN,NaN,NaN
C09_S2_boundary,B0,baseline,baseline,1030,0.1029,1250,833.333333333333,18699.7015927509,-15639.4373146344,18699.7015927509,-15639.4373146344,0,0,0,0,0,0,0,NaN,NaN,NaN,NaN
C09_S2_boundary,B0,baseline,baseline,1031,0.103,1250,833.333333333333,18687.3922408474,-15635.2004536373,18687.3922408474,-15635.2004536373,0,0,0,0,0,0,0,NaN,NaN,NaN,NaN
C09_S2_boundary,B0,baseline,baseline,1032,0.1031,1250,833.333333333333,18696.1251658572,-15641.4665639,18696.1251658572,-15641.4665639,0,0,0,0,0,0,0,NaN,NaN,NaN,NaN
C09_S2_boundary,B0,baseline,baseline,1033,0.1032,1250,833.333333333333,18743.0456663791,-15671.2756355014,18743.0456663791,-15671.2756355014,0,0,0,0,0,0,0,NaN,NaN,NaN,NaN
C09_S2_boundary,B0,baseline,baseline,1034,0.1033,1250,833.333333333333,18803.3495240151,-15713.8840989866,18803.3495240151,-15713.8840989866,0,0,0,0,0,0,0,NaN,NaN,NaN,NaN
C09_S2_boundary,B0,baseline,baseline,1035,0.1034,1250,833.333333333333,18838.7468538638,-15743.0776712935,18838.7468538638,-15743.0776712935,0,0,0,0,0,0,0,NaN,NaN,NaN,NaN
C09_S2_boundary,B0,baseline,baseline,1036,0.1035,1250,833.333333333333,18843.0743250491,-15748.3241582086,18843.0743250491,-15748.3241582086,0,0,0,0,0,0,0,NaN,NaN,NaN,NaN
C09_S2_boundary,B0,baseline,baseline,1037,0.1036,1250,833.333333333333,18835.1350821484,-15738.8032869693,18835.1350821484,-15738.8032869693,0,0,0,0,0,0,0,NaN,NaN,NaN,NaN
C09_S2_boundary,B0,baseline,baseline,1038,0.1037,1250,833.333333333333,18836.2543771134,-15731.4341007691,18836.2543771134,-15731.4341007691,0,0,0,0,0,0,0,NaN,NaN,NaN,NaN
C09_S2_boundary,B0,baseline,baseline,1039,0.1038,1250,833.333333333333,18843.3915015797,-15729.0035298918,18843.3915015797,-15729.0035298918,0,0,0,0,0,0,0,NaN,NaN,NaN,NaN
C09_S2_boundary,B0,baseline,baseline,1040,0.1039,1250,833.333333333333,18847.7783524056,-15727.8893869681,18847.7783524056,-15727.8893869681,0,0,0,0,0,0,0,NaN,NaN,NaN,NaN
C09_S2_boundary,B0,baseline,baseline,1041,0.104,1250,833.333333333333,18849.2621408951,-15727.7045929248,18849.2621408951,-15727.7045929248,0,0,0,0,0,0,0,NaN,NaN,NaN,NaN
C09_S2_boundary,B0,baseline,baseline,1042,0.1041,1250,833.333333333333,18849.0652868789,-15727.7932623563,18849.0652868789,-15727.7932623563,0,0,0,0,0,0,0,NaN,NaN,NaN,NaN
C09_S2_boundary,B0,baseline,baseline,1043,0.1042,1250,833.333333333333,18832.8450322545,-15718.8991546411,18832.8450322545,-15718.8991546411,0,0,0,0,0,0,0,NaN,NaN,NaN,NaN
C09_S2_boundary,B0,baseline,baseline,1044,0.1043,1250,833.333333333333,18796.9269206265,-15696.4751057374,18796.9269206265,-15696.4751057374,0,0,0,0,0,0,0,NaN,NaN,NaN,NaN
C09_S2_boundary,B0,baseline,baseline,1045,0.1044,1250,833.333333333333,18763.2567325771,-15674.8532240472,18763.2567325771,-15674.8532240472,0,0,0,0,0,0,0,NaN,NaN,NaN,NaN
C09_S2_boundary,B0,baseline,baseline,1046,0.1045,1250,833.333333333333,18736.9486829039,-15661.4440450189,18736.9486829039,-15661.4440450189,0,0,0,0,0,0,0,NaN,NaN,NaN,NaN
C09_S2_boundary,B0,baseline,baseline,1047,0.1046,1250,833.333333333333,18722.7387697149,-15657.7173501496,18722.7387697149,-15657.7173501496,0,0,0,0,0,0,0,NaN,NaN,NaN,NaN
C09_S2_boundary,B0,baseline,baseline,1048,0.1047,1250,833.333333333333,18727.9209765213,-15665.5199763383,18727.9209765213,-15665.5199763383,0,0,0,0,0,0,0,NaN,NaN,NaN,NaN
C09_S2_boundary,B0,baseline,baseline,1049,0.1048,1250,833.333333333333,18762.1734479329,-15689.2736699693,18762.1734479329,-15689.2736699693,0,0,0,0,0,0,0,NaN,NaN,NaN,NaN
C09_S2_boundary,B0,baseline,baseline,1050,0.1049,1250,833.333333333333,18830.1809183889,-15733.4764924144,18830.1809183889,-15733.4764924144,0,0,0,0,0,0,0,NaN,NaN,NaN,NaN
C09_S2_boundary,B0,baseline,baseline,1051,0.105,1250,833.333333333333,18888.9089575038,-15775.4318060488,18888.9089575038,-15775.4318060488,0,0,0,0,0,0,0,NaN,NaN,NaN,NaN
C09_S2_boundary,B0,baseline,baseline,1052,0.1051,1250,833.333333333333,18901.4814002734,-15788.4638466209,18901.4814002734,-15788.4638466209,0,0,0,0,0,0,0,NaN,NaN,NaN,NaN
C09_S2_boundary,B0,baseline,baseline,1053,0.1052,1250,833.333333333333,18875.954395174,-15770.7909595424,18875.954395174,-15770.7909595424,0,0,0,0,0,0,0,NaN,NaN,NaN,NaN
C09_S2_boundary,B0,baseline,baseline,1054,0.1053,1250,833.333333333333,18847.5073241026,-15743.2999153876,18847.5073241026,-15743.2999153876,0,0,0,0,0,0,0,NaN,NaN,NaN,NaN
C09_S2_boundary,B0,baseline,baseline,1055,0.1054,1250,833.333333333333,18843.974140963,-15729.3830287165,18843.974140963,-15729.3830287165,0,0,0,0,0,0,0,NaN,NaN,NaN,NaN
C09_S2_boundary,B0,baseline,baseline,1056,0.1055,1250,833.333333333333,18851.0514485356,-15726.9226118744,18851.0514485356,-15726.9226118744,0,0,0,0,0,0,0,NaN,NaN,NaN,NaN
C09_S2_boundary,B0,baseline,baseline,1057,0.1056,1250,833.333333333333,18852.4978413985,-15726.7294867121,18852.4978413985,-15726.7294867121,0,0,0,0,0,0,0,NaN,NaN,NaN,NaN
C09_S2_boundary,B0,baseline,baseline,1058,0.1057,1250,833.333333333333,18850.3983473901,-15727.4026253666,18850.3983473901,-15727.4026253666,0,0,0,0,0,0,0,NaN,NaN,NaN,NaN
C09_S2_boundary,B0,baseline,baseline,1059,0.1058,1250,833.333333333333,18847.5379612856,-15727.8537639204,18847.5379612856,-15727.8537639204,0,0,0,0,0,0,0,NaN,NaN,NaN,NaN
C09_S2_boundary,B0,baseline,baseline,1060,0.1059,1250,833.333333333333,18831.3246432363,-15719.9979522758,18831.3246432363,-15719.9979522758,0,0,0,0,0,0,0,NaN,NaN,NaN,NaN
C09_S2_boundary,B0,baseline,baseline,1061,0.106,1250,833.333333333333,18797.6038197427,-15700.1031294174,18797.6038197427,-15700.1031294174,0,0,0,0,0,0,0,NaN,NaN,NaN,NaN
C09_S2_boundary,B0,baseline,baseline,1062,0.1061,1250,833.333333333333,18767.1361045092,-15681.5103634345,18767.1361045092,-15681.5103634345,0,0,0,0,0,0,0,NaN,NaN,NaN,NaN
C09_S2_boundary,B0,baseline,baseline,1063,0.1062,1250,833.333333333333,18747.1868225899,-15672.3686949211,18747.1868225899,-15672.3686949211,0,0,0,0,0,0,0,NaN,NaN,NaN,NaN
C09_S2_boundary,B0,baseline,baseline,1064,0.1063,1250,833.333333333333,18745.1319283159,-15675.9619096537,18745.1319283159,-15675.9619096537,0,0,0,0,0,0,0,NaN,NaN,NaN,NaN
C09_S2_boundary,B0,baseline,baseline,1065,0.1064,1250,833.333333333333,18770.1468676282,-15695.8585196698,18770.1468676282,-15695.8585196698,0,0,0,0,0,0,0,NaN,NaN,NaN,NaN
C09_S2_boundary,B0,baseline,baseline,1066,0.1065,1250,833.333333333333,18808.2459728874,-15722.854062109,18808.2459728874,-15722.854062109,0,0,0,0,0,0,0,NaN,NaN,NaN,NaN
C09_S2_boundary,B0,baseline,baseline,1067,0.1066,1250,833.333333333333,18844.5263448764,-15745.9886347155,18844.5263448764,-15745.9886347155,0,0,0,0,0,0,0,NaN,NaN,NaN,NaN
C09_S2_boundary,B0,baseline,baseline,1068,0.1067,1250,833.333333333333,18864.4657583258,-15757.4478115664,18864.4657583258,-15757.4478115664,0,0,0,0,0,0,0,NaN,NaN,NaN,NaN
C09_S2_boundary,B0,baseline,baseline,1069,0.1068,1250,833.333333333333,18858.8099907116,-15751.2479289818,18858.8099907116,-15751.2479289818,0,0,0,0,0,0,0,NaN,NaN,NaN,NaN
C09_S2_boundary,B0,baseline,baseline,1070,0.1069,1250,833.333333333333,18845.5748159405,-15736.8475039814,18845.5748159405,-15736.8475039814,0,0,0,0,0,0,0,NaN,NaN,NaN,NaN
C09_S2_boundary,B0,baseline,baseline,1071,0.107,1250,833.333333333333,18844.2979390514,-15728.811365159,18844.2979390514,-15728.811365159,0,0,0,0,0,0,0,NaN,NaN,NaN,NaN
C09_S2_boundary,B0,baseline,baseline,1072,0.1071,1250,833.333333333333,18849.1460665148,-15727.0675766954,18849.1460665148,-15727.0675766954,0,0,0,0,0,0,0,NaN,NaN,NaN,NaN
C09_S2_boundary,B0,baseline,baseline,1073,0.1072,1250,833.333333333333,18850.8794464862,-15726.5815293341,18850.8794464862,-15726.5815293341,0,0,0,0,0,0,0,NaN,NaN,NaN,NaN
C09_S2_boundary,B0,baseline,baseline,1074,0.1073,1250,833.333333333333,18850.4719315101,-15726.7431000606,18850.4719315101,-15726.7431000606,0,0,0,0,0,0,0,NaN,NaN,NaN,NaN
C09_S2_boundary,B0,baseline,baseline,1075,0.1074,1250,833.333333333333,18849.3224150506,-15727.0067439998,18849.3224150506,-15727.0067439998,0,0,0,0,0,0,0,NaN,NaN,NaN,NaN
C09_S2_boundary,B0,baseline,baseline,1076,0.1075,1250,833.333333333333,18831.8170666368,-15717.1093987377,18831.8170666368,-15717.1093987377,0,0,0,0,0,0,0,NaN,NaN,NaN,NaN
C09_S2_boundary,B0,baseline,baseline,1077,0.1076,1250,833.333333333333,18793.7510057016,-15692.0403174934,18793.7510057016,-15692.0403174934,0,0,0,0,0,0,0,NaN,NaN,NaN,NaN
C09_S2_boundary,B0,baseline,baseline,1078,0.1077,1250,833.333333333333,18757.41850204,-15667.4294398138,18757.41850204,-15667.4294398138,0,0,0,0,0,0,0,NaN,NaN,NaN,NaN
C09_S2_boundary,B0,baseline,baseline,1079,0.1078,1250,833.333333333333,18725.7665916164,-15649.925834363,18725.7665916164,-15649.925834363,0,0,0,0,0,0,0,NaN,NaN,NaN,NaN
C09_S2_boundary,B0,baseline,baseline,1080,0.1079,1250,833.333333333333,18700.7218022542,-15639.0439748248,18700.7218022542,-15639.0439748248,0,0,0,0,0,0,0,NaN,NaN,NaN,NaN
C09_S2_boundary,B0,baseline,baseline,1081,0.108,1250,833.333333333333,18687.7485539706,-15634.88171082,18687.7485539706,-15634.88171082,0,0,0,0,0,0,0,NaN,NaN,NaN,NaN
C09_S2_boundary,B0,baseline,baseline,1082,0.1081,1250,833.333333333333,18695.997350082,-15641.2141468384,18695.997350082,-15641.2141468384,0,0,0,0,0,0,0,NaN,NaN,NaN,NaN
C09_S2_boundary,B0,baseline,baseline,1083,0.1082,1250,833.333333333333,18742.8017098022,-15671.2438325436,18742.8017098022,-15671.2438325436,0,0,0,0,0,0,0,NaN,NaN,NaN,NaN
C09_S2_boundary,B0,baseline,baseline,1084,0.1083,1250,833.333333333333,18802.8177071754,-15714.3878700703,18802.8177071754,-15714.3878700703,0,0,0,0,0,0,0,NaN,NaN,NaN,NaN
C09_S2_boundary,B0,baseline,baseline,1085,0.1084,1250,833.333333333333,18837.7941789654,-15744.2404363081,18837.7941789654,-15744.2404363081,0,0,0,0,0,0,0,NaN,NaN,NaN,NaN
C09_S2_boundary,B0,baseline,baseline,1086,0.1085,1250,833.333333333333,18841.6127049914,-15750.0501654403,18841.6127049914,-15750.0501654403,0,0,0,0,0,0,0,NaN,NaN,NaN,NaN
C09_S2_boundary,B0,baseline,baseline,1087,0.1086,1250,833.333333333333,18833.1921689901,-15740.7677593372,18833.1921689901,-15740.7677593372,0,0,0,0,0,0,0,NaN,NaN,NaN,NaN
C09_S2_boundary,B0,baseline,baseline,1088,0.1087,1250,833.333333333333,18833.8934686507,-15733.3600025639,18833.8934686507,-15733.3600025639,0,0,0,0,0,0,0,NaN,NaN,NaN,NaN
C09_S2_boundary,B0,baseline,baseline,1089,0.1088,1250,833.333333333333,18840.6824662741,-15730.8155108215,18840.6824662741,-15730.8155108215,0,0,0,0,0,0,0,NaN,NaN,NaN,NaN
C09_S2_boundary,B0,baseline,baseline,1090,0.1089,1250,833.333333333333,18844.8348421632,-15729.5260987684,18844.8348421632,-15729.5260987684,0,0,0,0,0,0,0,NaN,NaN,NaN,NaN
C09_S2_boundary,B0,baseline,baseline,1091,0.109,1250,833.333333333333,18846.1708389537,-15729.1149846805,18846.1708389537,-15729.1149846805,0,0,0,0,0,0,0,NaN,NaN,NaN,NaN
C09_S2_boundary,B0,baseline,baseline,1092,0.1091,1250,833.333333333333,18845.9096618451,-15728.9325458721,18845.9096618451,-15728.9325458721,0,0,0,0,0,0,0,NaN,NaN,NaN,NaN
C09_S2_boundary,B0,baseline,baseline,1093,0.1092,1250,833.333333333333,18830.0284538823,-15719.7289971652,18830.0284538823,-15719.7289971652,0,0,0,0,0,0,0,NaN,NaN,NaN,NaN
C09_S2_boundary,B0,baseline,baseline,1094,0.1093,1250,833.333333333333,18794.4733045297,-15697.057251773,18794.4733045297,-15697.057251773,0,0,0,0,0,0,0,NaN,NaN,NaN,NaN
C09_S2_boundary,B0,baseline,baseline,1095,0.1094,1250,833.333333333333,18761.1378986352,-15675.2925803728,18761.1378986352,-15675.2925803728,0,0,0,0,0,0,0,NaN,NaN,NaN,NaN
C09_S2_boundary,B0,baseline,baseline,1096,0.1095,1250,833.333333333333,18735.4231770612,-15661.8076732911,18735.4231770612,-15661.8076732911,0,0,0,0,0,0,0,NaN,NaN,NaN,NaN
C09_S2_boundary,B0,baseline,baseline,1097,0.1096,1250,833.333333333333,18721.7553388644,-15658.0524022259,18721.7553388644,-15658.0524022259,0,0,0,0,0,0,0,NaN,NaN,NaN,NaN
C09_S2_boundary,B0,baseline,baseline,1098,0.1097,1250,833.333333333333,18727.5755886115,-15665.8115423262,18727.5755886115,-15665.8115423262,0,0,0,0,0,0,0,NaN,NaN,NaN,NaN
C09_S2_boundary,B0,baseline,baseline,1099,0.1098,1250,833.333333333333,18762.2948612302,-15689.522205877,18762.2948612302,-15689.522205877,0,0,0,0,0,0,0,NaN,NaN,NaN,NaN
C09_S2_boundary,B0,baseline,baseline,1100,0.1099,1250,833.333333333333,18830.4873817087,-15733.507629553,18830.4873817087,-15733.507629553,0,0,0,0,0,0,0,NaN,NaN,NaN,NaN
C09_S2_boundary,B0,baseline,baseline,1101,0.11,1250,833.333333333333,18889.6222003629,-15774.9263307684,18889.6222003629,-15774.9263307684,0,0,0,0,0,0,0,NaN,NaN,NaN,NaN
C09_S2_boundary,B0,baseline,baseline,1102,0.1101,1250,833.333333333333,18902.7039366933,-15787.2923885193,18902.7039366933,-15787.2923885193,0,0,0,0,0,0,0,NaN,NaN,NaN,NaN
C09_S2_boundary,B0,baseline,baseline,1103,0.1102,1250,833.333333333333,18877.7145770512,-15769.0553145648,18877.7145770512,-15769.0553145648,0,0,0,0,0,0,0,NaN,NaN,NaN,NaN
C09_S2_boundary,B0,baseline,baseline,1104,0.1103,1250,833.333333333333,18849.6903415331,-15741.3359128381,18849.6903415331,-15741.3359128381,0,0,0,0,0,0,0,NaN,NaN,NaN,NaN
C09_S2_boundary,B0,baseline,baseline,1105,0.1104,1250,833.333333333333,18846.4949470117,-15727.4821949822,18846.4949470117,-15727.4821949822,0,0,0,0,0,0,0,NaN,NaN,NaN,NaN
C09_S2_boundary,B0,baseline,baseline,1106,0.1105,1250,833.333333333333,18853.8749029815,-15725.1649995336,18853.8749029815,-15725.1649995336,0,0,0,0,0,0,0,NaN,NaN,NaN,NaN
C09_S2_boundary,B0,baseline,baseline,1107,0.1106,1250,833.333333333333,18855.5119032248,-15725.1671937664,18855.5119032248,-15725.1671937664,0,0,0,0,0,0,0,NaN,NaN,NaN,NaN
C09_S2_boundary,B0,baseline,baseline,1108,0.1107,1250,833.333333333333,18853.5221178073,-15726.0807323651,18853.5221178073,-15726.0807323651,0,0,0,0,0,0,0,NaN,NaN,NaN,NaN
C09_S2_boundary,B0,baseline,baseline,1109,0.1108,1250,833.333333333333,18850.6914805275,-15726.8139661727,18850.6914805275,-15726.8139661727,0,0,0,0,0,0,0,NaN,NaN,NaN,NaN
C09_S2_boundary,B0,baseline,baseline,1110,0.1109,1250,833.333333333333,18834.1169939675,-15719.2630753255,18834.1169939675,-15719.2630753255,0,0,0,0,0,0,0,NaN,NaN,NaN,NaN
C09_S2_boundary,B0,baseline,baseline,1111,0.111,1250,833.333333333333,18800.0062508999,-15699.6152938088,18800.0062508999,-15699.6152938088,0,0,0,0,0,0,0,NaN,NaN,NaN,NaN
C09_S2_boundary,B0,baseline,baseline,1112,0.1111,1250,833.333333333333,18769.1816403657,-15681.1664643535,18769.1816403657,-15681.1664643535,0,0,0,0,0,0,0,NaN,NaN,NaN,NaN
C09_S2_boundary,B0,baseline,baseline,1113,0.1112,1250,833.333333333333,18748.6444486372,-15672.0847349375,18748.6444486372,-15672.0847349375,0,0,0,0,0,0,0,NaN,NaN,NaN,NaN
C09_S2_boundary,B0,baseline,baseline,1114,0.1113,1250,833.333333333333,18746.0672475248,-15675.6859370011,18746.0672475248,-15675.6859370011,0,0,0,0,0,0,0,NaN,NaN,NaN,NaN
C09_S2_boundary,B0,baseline,baseline,1115,0.1114,1250,833.333333333333,18770.4768525703,-15695.5951516438,18770.4768525703,-15695.5951516438,0,0,0,0,0,0,0,NaN,NaN,NaN,NaN
C09_S2_boundary,B0,baseline,baseline,1116,0.1115,1250,833.333333333333,18808.0344961283,-15722.8201950168,18808.0344961283,-15722.8201950168,0,0,0,0,0,0,0,NaN,NaN,NaN,NaN
C09_S2_boundary,B0,baseline,baseline,1117,0.1116,1250,833.333333333333,18844.0726948728,-15746.4755180143,18844.0726948728,-15746.4755180143,0,0,0,0,0,0,0,NaN,NaN,NaN,NaN
C09_S2_boundary,B0,baseline,baseline,1118,0.1117,1250,833.333333333333,18863.6417961973,-15758.5834625634,18863.6417961973,-15758.5834625634,0,0,0,0,0,0,0,NaN,NaN,NaN,NaN
C09_S2_boundary,B0,baseline,baseline,1119,0.1118,1250,833.333333333333,18857.5136037501,-15752.9493852658,18857.5136037501,-15752.9493852658,0,0,0,0,0,0,0,NaN,NaN,NaN,NaN
C09_S2_boundary,B0,baseline,baseline,1120,0.1119,1250,833.333333333333,18843.8151576317,-15738.8020379767,18843.8151576317,-15738.8020379767,0,0,0,0,0,0,0,NaN,NaN,NaN,NaN
C09_S2_boundary,B0,baseline,baseline,1121,0.112,1250,833.333333333333,18842.110509,-15730.7506178961,18842.110509,-15730.7506178961,0,0,0,0,0,0,0,NaN,NaN,NaN,NaN
C09_S2_boundary,B0,baseline,baseline,1122,0.1121,1250,833.333333333333,18846.5803916499,-15728.9171506453,18846.5803916499,-15728.9171506453,0,0,0,0,0,0,0,NaN,NaN,NaN,NaN
C09_S2_boundary,B0,baseline,baseline,1123,0.1122,1250,833.333333333333,18848.041509234,-15728.2773994769,18848.041509234,-15728.2773994769,0,0,0,0,0,0,0,NaN,NaN,NaN,NaN
C09_S2_boundary,B0,baseline,baseline,1124,0.1123,1250,833.333333333333,18847.4446002844,-15728.2313331793,18847.4446002844,-15728.2313331793,0,0,0,0,0,0,0,NaN,NaN,NaN,NaN
C09_S2_boundary,B0,baseline,baseline,1125,0.1124,1250,833.333333333333,18846.1885540202,-15728.2391543018,18846.1885540202,-15728.2391543018,0,0,0,0,0,0,0,NaN,NaN,NaN,NaN
C09_S2_boundary,B0,baseline,baseline,1126,0.1125,1250,833.333333333333,18828.9916295976,-15718.0304536605,18828.9916295976,-15718.0304536605,0,0,0,0,0,0,0,NaN,NaN,NaN,NaN
C09_S2_boundary,B0,baseline,baseline,1127,0.1126,1250,833.333333333333,18791.2597803261,-15692.7144079186,18791.2597803261,-15692.7144079186,0,0,0,0,0,0,0,NaN,NaN,NaN,NaN
C09_S2_boundary,B0,baseline,baseline,1128,0.1127,1250,833.333333333333,18755.2423014408,-15667.9627958983,18755.2423014408,-15667.9627958983,0,0,0,0,0,0,0,NaN,NaN,NaN,NaN
C09_S2_boundary,B0,baseline,baseline,1129,0.1128,1250,833.333333333333,18724.1881826947,-15650.3681690303,18724.1881826947,-15650.3681690303,0,0,0,0,0,0,0,NaN,NaN,NaN,NaN
C09_S2_boundary,B0,baseline,baseline,1130,0.1129,1250,833.333333333333,18699.7015927512,-15639.4373146347,18699.7015927512,-15639.4373146347,0,0,0,0,0,0,0,NaN,NaN,NaN,NaN
C09_S2_boundary,B0,baseline,baseline,1131,0.113,1250,833.333333333333,18687.3922408479,-15635.2004536377,18687.3922408479,-15635.2004536377,0,0,0,0,0,0,0,NaN,NaN,NaN,NaN
C09_S2_boundary,B0,baseline,baseline,1132,0.1131,1250,833.333333333333,18696.1251658581,-15641.4665639007,18696.1251658581,-15641.4665639007,0,0,0,0,0,0,0,NaN,NaN,NaN,NaN
C09_S2_boundary,B0,baseline,baseline,1133,0.1132,1250,833.333333333333,18743.0456663806,-15671.275635502,18743.0456663806,-15671.275635502,0,0,0,0,0,0,0,NaN,NaN,NaN,NaN
C09_S2_boundary,B0,baseline,baseline,1134,0.1133,1250,833.333333333333,18803.3495240168,-15713.884098987,18803.3495240168,-15713.884098987,0,0,0,0,0,0,0,NaN,NaN,NaN,NaN
C09_S2_boundary,B0,baseline,baseline,1135,0.1134,1250,833.333333333333,18838.7468538652,-15743.0776712938,18838.7468538652,-15743.0776712938,0,0,0,0,0,0,0,NaN,NaN,NaN,NaN
C09_S2_boundary,B0,baseline,baseline,1136,0.1135,1250,833.333333333333,18843.0743250498,-15748.3241582089,18843.0743250498,-15748.3241582089,0,0,0,0,0,0,0,NaN,NaN,NaN,NaN
C09_S2_boundary,B0,baseline,baseline,1137,0.1136,1250,833.333333333333,18835.1350821485,-15738.8032869694,18835.1350821485,-15738.8032869694,0,0,0,0,0,0,0,NaN,NaN,NaN,NaN
C09_S2_boundary,B0,baseline,baseline,1138,0.1137,1250,833.333333333333,18836.2543771133,-15731.4341007691,18836.2543771133,-15731.4341007691,0,0,0,0,0,0,0,NaN,NaN,NaN,NaN
C09_S2_boundary,B0,baseline,baseline,1139,0.1138,1250,833.333333333333,18843.39150158,-15729.0035298915,18843.39150158,-15729.0035298915,0,0,0,0,0,0,0,NaN,NaN,NaN,NaN
C09_S2_boundary,B0,baseline,baseline,1140,0.1139,1250,833.333333333333,18847.7783524062,-15727.8893869677,18847.7783524062,-15727.8893869677,0,0,0,0,0,0,0,NaN,NaN,NaN,NaN
C09_S2_boundary,B0,baseline,baseline,1141,0.114,1250,833.333333333333,18849.2621408956,-15727.7045929246,18849.2621408956,-15727.7045929246,0,0,0,0,0,0,0,NaN,NaN,NaN,NaN
C09_S2_boundary,B0,baseline,baseline,1142,0.1141,1250,833.333333333333,18849.0652868791,-15727.7932623561,18849.0652868791,-15727.7932623561,0,0,0,0,0,0,0,NaN,NaN,NaN,NaN
C09_S2_boundary,B0,baseline,baseline,1143,0.1142,1250,833.333333333333,18832.8450322545,-15718.8991546411,18832.8450322545,-15718.8991546411,0,0,0,0,0,0,0,NaN,NaN,NaN,NaN
C09_S2_boundary,B0,baseline,baseline,1144,0.1143,1250,833.333333333333,18796.9269206266,-15696.4751057374,18796.9269206266,-15696.4751057374,0,0,0,0,0,0,0,NaN,NaN,NaN,NaN
C09_S2_boundary,B0,baseline,baseline,1145,0.1144,1250,833.333333333333,18763.2567325772,-15674.8532240472,18763.2567325772,-15674.8532240472,0,0,0,0,0,0,0,NaN,NaN,NaN,NaN
C09_S2_boundary,B0,baseline,baseline,1146,0.1145,1250,833.333333333333,18736.9486829041,-15661.444045019,18736.9486829041,-15661.444045019,0,0,0,0,0,0,0,NaN,NaN,NaN,NaN
C09_S2_boundary,B0,baseline,baseline,1147,0.1146,1250,833.333333333333,18722.7387697151,-15657.7173501501,18722.7387697151,-15657.7173501501,0,0,0,0,0,0,0,NaN,NaN,NaN,NaN
C09_S2_boundary,B0,baseline,baseline,1148,0.1147,1250,833.333333333333,18727.9209765217,-15665.5199763392,18727.9209765217,-15665.5199763392,0,0,0,0,0,0,0,NaN,NaN,NaN,NaN
C09_S2_boundary,B0,baseline,baseline,1149,0.1148,1250,833.333333333333,18762.1734479337,-15689.2736699706,18762.1734479337,-15689.2736699706,0,0,0,0,0,0,0,NaN,NaN,NaN,NaN
C09_S2_boundary,B0,baseline,baseline,1150,0.1149,1250,833.333333333333,18830.18091839,-15733.476492416,18830.18091839,-15733.476492416,0,0,0,0,0,0,0,NaN,NaN,NaN,NaN
C09_S2_boundary,B0,baseline,baseline,1151,0.115,1250,833.333333333333,18888.9089575053,-15775.4318060501,18888.9089575053,-15775.4318060501,0,0,0,0,0,0,0,NaN,NaN,NaN,NaN
C09_S2_boundary,B0,baseline,baseline,1152,0.1151,1250,833.333333333333,18901.481400275,-15788.4638466217,18901.481400275,-15788.4638466217,0,0,0,0,0,0,0,NaN,NaN,NaN,NaN
C09_S2_boundary,B0,baseline,baseline,1153,0.1152,1250,833.333333333333,18875.9543951753,-15770.7909595426,18875.9543951753,-15770.7909595426,0,0,0,0,0,0,0,NaN,NaN,NaN,NaN
C09_S2_boundary,B0,baseline,baseline,1154,0.1153,1250,833.333333333333,18847.5073241035,-15743.2999153875,18847.5073241035,-15743.2999153875,0,0,0,0,0,0,0,NaN,NaN,NaN,NaN
C09_S2_boundary,B0,baseline,baseline,1155,0.1154,1250,833.333333333333,18843.9741409635,-15729.3830287163,18843.9741409635,-15729.3830287163,0,0,0,0,0,0,0,NaN,NaN,NaN,NaN
C09_S2_boundary,B0,baseline,baseline,1156,0.1155,1250,833.333333333333,18851.0514485359,-15726.9226118743,18851.0514485359,-15726.9226118743,0,0,0,0,0,0,0,NaN,NaN,NaN,NaN
C09_S2_boundary,B0,baseline,baseline,1157,0.1156,1250,833.333333333333,18852.4978413986,-15726.729486712,18852.4978413986,-15726.729486712,0,0,0,0,0,0,0,NaN,NaN,NaN,NaN
C09_S2_boundary,B0,baseline,baseline,1158,0.1157,1250,833.333333333333,18850.3983473902,-15727.4026253665,18850.3983473902,-15727.4026253665,0,0,0,0,0,0,0,NaN,NaN,NaN,NaN
C09_S2_boundary,B0,baseline,baseline,1159,0.1158,1250,833.333333333333,18847.5379612856,-15727.8537639203,18847.5379612856,-15727.8537639203,0,0,0,0,0,0,0,NaN,NaN,NaN,NaN
C09_S2_boundary,B0,baseline,baseline,1160,0.1159,1250,833.333333333333,18831.3246432363,-15719.9979522757,18831.3246432363,-15719.9979522757,0,0,0,0,0,0,0,NaN,NaN,NaN,NaN
C09_S2_boundary,B0,baseline,baseline,1161,0.116,1250,833.333333333333,18797.6038197428,-15700.1031294174,18797.6038197428,-15700.1031294174,0,0,0,0,0,0,0,NaN,NaN,NaN,NaN
C09_S2_boundary,B0,baseline,baseline,1162,0.1161,1250,833.333333333333,18767.1361045093,-15681.5103634346,18767.1361045093,-15681.5103634346,0,0,0,0,0,0,0,NaN,NaN,NaN,NaN
C09_S2_boundary,B0,baseline,baseline,1163,0.1162,1250,833.333333333333,18747.1868225901,-15672.3686949213,18747.1868225901,-15672.3686949213,0,0,0,0,0,0,0,NaN,NaN,NaN,NaN
C09_S2_boundary,B0,baseline,baseline,1164,0.1163,1250,833.333333333333,18745.1319283163,-15675.9619096541,18745.1319283163,-15675.9619096541,0,0,0,0,0,0,0,NaN,NaN,NaN,NaN
C09_S2_boundary,B0,baseline,baseline,1165,0.1164,1250,833.333333333333,18770.146867629,-15695.8585196704,18770.146867629,-15695.8585196704,0,0,0,0,0,0,0,NaN,NaN,NaN,NaN
C09_S2_boundary,B0,baseline,baseline,1166,0.1165,1250,833.333333333333,18808.2459728886,-15722.8540621098,18808.2459728886,-15722.8540621098,0,0,0,0,0,0,0,NaN,NaN,NaN,NaN
C09_S2_boundary,B0,baseline,baseline,1167,0.1166,1250,833.333333333333,18844.5263448776,-15745.9886347164,18844.5263448776,-15745.9886347164,0,0,0,0,0,0,0,NaN,NaN,NaN,NaN
C09_S2_boundary,B0,baseline,baseline,1168,0.1167,1250,833.333333333333,18864.4657583268,-15757.4478115671,18864.4657583268,-15757.4478115671,0,0,0,0,0,0,0,NaN,NaN,NaN,NaN
C09_S2_boundary,B0,baseline,baseline,1169,0.1168,1250,833.333333333333,18858.8099907122,-15751.2479289821,18858.8099907122,-15751.2479289821,0,0,0,0,0,0,0,NaN,NaN,NaN,NaN
C09_S2_boundary,B0,baseline,baseline,1170,0.1169,1250,833.333333333333,18845.5748159408,-15736.8475039814,18845.5748159408,-15736.8475039814,0,0,0,0,0,0,0,NaN,NaN,NaN,NaN
C09_S2_boundary,B0,baseline,baseline,1171,0.117,1250,833.333333333333,18844.2979390515,-15728.811365159,18844.2979390515,-15728.811365159,0,0,0,0,0,0,0,NaN,NaN,NaN,NaN
C09_S2_boundary,B0,baseline,baseline,1172,0.1171,1250,833.333333333333,18849.1460665145,-15727.0675766956,18849.1460665145,-15727.0675766956,0,0,0,0,0,0,0,NaN,NaN,NaN,NaN
C09_S2_boundary,B0,baseline,baseline,1173,0.1172,1250,833.333333333333,18850.8794464851,-15726.5815293347,18850.8794464851,-15726.5815293347,0,0,0,0,0,0,0,NaN,NaN,NaN,NaN
C09_S2_boundary,B0,baseline,baseline,1174,0.1173,1250,833.333333333333,18850.4719315085,-15726.7431000612,18850.4719315085,-15726.7431000612,0,0,0,0,0,0,0,NaN,NaN,NaN,NaN
C09_S2_boundary,B0,baseline,baseline,1175,0.1174,1250,833.333333333333,18849.3224150486,-15727.0067440006,18849.3224150486,-15727.0067440006,0,0,0,0,0,0,0,NaN,NaN,NaN,NaN
C09_S2_boundary,B0,baseline,baseline,1176,0.1175,1250,833.333333333333,18831.8170666347,-15717.1093987384,18831.8170666347,-15717.1093987384,0,0,0,0,0,0,0,NaN,NaN,NaN,NaN
C09_S2_boundary,B0,baseline,baseline,1177,0.1176,1250,833.333333333333,18793.7510056999,-15692.040317494,18793.7510056999,-15692.040317494,0,0,0,0,0,0,0,NaN,NaN,NaN,NaN
C09_S2_boundary,B0,baseline,baseline,1178,0.1177,1250,833.333333333333,18757.4185020384,-15667.4294398144,18757.4185020384,-15667.4294398144,0,0,0,0,0,0,0,NaN,NaN,NaN,NaN
C09_S2_boundary,B0,baseline,baseline,1179,0.1178,1250,833.333333333333,18725.7665916152,-15649.9258343634,18725.7665916152,-15649.9258343634,0,0,0,0,0,0,0,NaN,NaN,NaN,NaN
C09_S2_boundary,B0,baseline,baseline,1180,0.1179,1250,833.333333333333,18700.7218022535,-15639.0439748246,18700.7218022535,-15639.0439748246,0,0,0,0,0,0,0,NaN,NaN,NaN,NaN
C09_S2_boundary,B0,baseline,baseline,1181,0.118,1250,833.333333333333,18687.7485539695,-15634.8817108195,18687.7485539695,-15634.8817108195,0,0,0,0,0,0,0,NaN,NaN,NaN,NaN
C09_S2_boundary,B0,baseline,baseline,1182,0.1181,1250,833.333333333333,18695.9973500803,-15641.2141468374,18695.9973500803,-15641.2141468374,0,0,0,0,0,0,0,NaN,NaN,NaN,NaN
C09_S2_boundary,B0,baseline,baseline,1183,0.1182,1250,833.333333333333,18742.8017097999,-15671.2438325423,18742.8017097999,-15671.2438325423,0,0,0,0,0,0,0,NaN,NaN,NaN,NaN
C09_S2_boundary,B0,baseline,baseline,1184,0.1183,1250,833.333333333333,18802.8177071727,-15714.3878700691,18802.8177071727,-15714.3878700691,0,0,0,0,0,0,0,NaN,NaN,NaN,NaN
C09_S2_boundary,B0,baseline,baseline,1185,0.1184,1250,833.333333333333,18837.794178963,-15744.2404363075,18837.794178963,-15744.2404363075,0,0,0,0,0,0,0,NaN,NaN,NaN,NaN
C09_S2_boundary,B0,baseline,baseline,1186,0.1185,1250,833.333333333333,18841.6127049895,-15750.0501654403,18841.6127049895,-15750.0501654403,0,0,0,0,0,0,0,NaN,NaN,NaN,NaN
C09_S2_boundary,B0,baseline,baseline,1187,0.1186,1250,833.333333333333,18833.1921689886,-15740.7677593377,18833.1921689886,-15740.7677593377,0,0,0,0,0,0,0,NaN,NaN,NaN,NaN
C09_S2_boundary,B0,baseline,baseline,1188,0.1187,1250,833.333333333333,18833.8934686497,-15733.3600025643,18833.8934686497,-15733.3600025643,0,0,0,0,0,0,0,NaN,NaN,NaN,NaN
C09_S2_boundary,B0,baseline,baseline,1189,0.1188,1250,833.333333333333,18840.6824662738,-15730.8155108215,18840.6824662738,-15730.8155108215,0,0,0,0,0,0,0,NaN,NaN,NaN,NaN
C09_S2_boundary,B0,baseline,baseline,1190,0.1189,1250,833.333333333333,18844.8348421635,-15729.5260987683,18844.8348421635,-15729.5260987683,0,0,0,0,0,0,0,NaN,NaN,NaN,NaN
C09_S2_boundary,B0,baseline,baseline,1191,0.119,1250,833.333333333333,18846.1708389543,-15729.1149846804,18846.1708389543,-15729.1149846804,0,0,0,0,0,0,0,NaN,NaN,NaN,NaN
C09_S2_boundary,B0,baseline,baseline,1192,0.1191,1250,833.333333333333,18845.9096618455,-15728.932545872,18845.9096618455,-15728.932545872,0,0,0,0,0,0,0,NaN,NaN,NaN,NaN
C09_S2_boundary,B0,baseline,baseline,1193,0.1192,1250,833.333333333333,18830.0284538823,-15719.7289971652,18830.0284538823,-15719.7289971652,0,0,0,0,0,0,0,NaN,NaN,NaN,NaN
C09_S2_boundary,B0,baseline,baseline,1194,0.1193,1250,833.333333333333,18794.4733045298,-15697.0572517727,18794.4733045298,-15697.0572517727,0,0,0,0,0,0,0,NaN,NaN,NaN,NaN
C09_S2_boundary,B0,baseline,baseline,1195,0.1194,1250,833.333333333333,18761.1378986356,-15675.2925803722,18761.1378986356,-15675.2925803722,0,0,0,0,0,0,0,NaN,NaN,NaN,NaN
C09_S2_boundary,B0,baseline,baseline,1196,0.1195,1250,833.333333333333,18735.4231770616,-15661.8076732904,18735.4231770616,-15661.8076732904,0,0,0,0,0,0,0,NaN,NaN,NaN,NaN
C09_S2_boundary,B0,baseline,baseline,1197,0.1196,1250,833.333333333333,18721.7553388643,-15658.0524022251,18721.7553388643,-15658.0524022251,0,0,0,0,0,0,0,NaN,NaN,NaN,NaN
C09_S2_boundary,B0,baseline,baseline,1198,0.1197,1250,833.333333333333,18727.5755886105,-15665.8115423252,18727.5755886105,-15665.8115423252,0,0,0,0,0,0,0,NaN,NaN,NaN,NaN
C09_S2_boundary,B0,baseline,baseline,1199,0.1198,1250,833.333333333333,18762.2948612284,-15689.5222058755,18762.2948612284,-15689.5222058755,0,0,0,0,0,0,0,NaN,NaN,NaN,NaN
C09_S2_boundary,B0,baseline,baseline,1200,0.1199,1250,833.333333333333,18830.4873817067,-15733.5076295508,18830.4873817067,-15733.5076295508,0,0,0,0,0,0,0,NaN,NaN,NaN,NaN
D03_id_iq_step,B0,baseline,baseline,1,0,1250,833.333333333333,-0,-8482.30016469244,-0,-8482.30016469244,0,0,0,0,0,0,0,NaN,NaN,NaN,NaN
D03_id_iq_step,B0,baseline,baseline,2,0.0001,1250,833.333333333333,-0.117552384254243,-8482.55556152397,-0.117552384254243,-8482.55556152397,0,0,0,0,0,0,0,NaN,NaN,NaN,NaN
D03_id_iq_step,B0,baseline,baseline,3,0.0002,1250,833.333333333333,-3.3120859015921,-8478.67708463563,-3.3120859015921,-8478.67708463563,0,0,0,0,0,0,0,NaN,NaN,NaN,NaN
D03_id_iq_step,B0,baseline,baseline,4,0.0003,1250,833.333333333333,-1.78228717617775,-8468.60352711405,-1.78228717617775,-8468.60352711405,0,0,0,0,0,0,0,NaN,NaN,NaN,NaN
D03_id_iq_step,B0,baseline,baseline,5,0.0004,1250,833.333333333333,29.6225944589801,-8457.55989507548,29.6225944589801,-8457.55989507548,0,0,0,0,0,0,0,NaN,NaN,NaN,NaN
D03_id_iq_step,B0,baseline,baseline,6,0.0005,1250,833.333333333333,108.91522415709,-8451.29693837589,108.91522415709,-8451.29693837589,0,0,0,0,0,0,0,NaN,NaN,NaN,NaN
D03_id_iq_step,B0,baseline,baseline,7,0.0006,1250,833.333333333333,236.204101961946,-8456.68081241507,236.204101961946,-8456.68081241507,0,0,0,0,0,0,0,NaN,NaN,NaN,NaN
D03_id_iq_step,B0,baseline,baseline,8,0.0007,1250,833.333333333333,393.584199608616,-8469.48350119905,393.584199608616,-8469.48350119905,0,0,0,0,0,0,0,NaN,NaN,NaN,NaN
D03_id_iq_step,B0,baseline,baseline,9,0.0008,1250,833.333333333333,556.787205447334,-8479.4423976353,556.787205447334,-8479.4423976353,0,0,0,0,0,0,0,NaN,NaN,NaN,NaN
D03_id_iq_step,B0,baseline,baseline,10,0.0009,1250,833.333333333333,717.545108382121,-8486.97552605213,717.545108382121,-8486.97552605213,0,0,0,0,0,0,0,NaN,NaN,NaN,NaN
D03_id_iq_step,B0,baseline,baseline,11,0.001,1250,833.333333333333,874.636132998035,-8497.49542848922,874.636132998035,-8497.49542848922,0,0,0,0,0,0,0,NaN,NaN,NaN,NaN
D03_id_iq_step,B0,baseline,baseline,12,0.0011,1250,833.333333333333,1017.39774053164,-8519.49137971163,1017.39774053164,-8519.49137971163,0,0,0,0,0,0,0,NaN,NaN,NaN,NaN
D03_id_iq_step,B0,baseline,baseline,13,0.0012,1250,833.333333333333,1146.08736421903,-8549.2499348509,1146.08736421903,-8549.2499348509,0,0,0,0,0,0,0,NaN,NaN,NaN,NaN
D03_id_iq_step,B0,baseline,baseline,14,0.0013,1250,833.333333333333,1272.58946745615,-8573.56285049606,1272.58946745615,-8573.56285049606,0,0,0,0,0,0,0,NaN,NaN,NaN,NaN
D03_id_iq_step,B0,baseline,baseline,15,0.0014,1250,833.333333333333,1406.76588376997,-8586.87604831154,1406.76588376997,-8586.87604831154,0,0,0,0,0,0,0,NaN,NaN,NaN,NaN
D03_id_iq_step,B0,baseline,baseline,16,0.0015,1250,833.333333333333,1566.07770155908,-8587.02218574707,1566.07770155908,-8587.02218574707,0,0,0,0,0,0,0,NaN,NaN,NaN,NaN
D03_id_iq_step,B0,baseline,baseline,17,0.0016,1250,833.333333333333,1748.66528079514,-8581.16554629305,1748.66528079514,-8581.16554629305,0,0,0,0,0,0,0,NaN,NaN,NaN,NaN
D03_id_iq_step,B0,baseline,baseline,18,0.0017,1250,833.333333333333,1936.32975525087,-8577.02178854955,1936.32975525087,-8577.02178854955,0,0,0,0,0,0,0,NaN,NaN,NaN,NaN
D03_id_iq_step,B0,baseline,baseline,19,0.0018,1250,833.333333333333,2119.69759575162,-8575.10031947286,2119.69759575162,-8575.10031947286,0,0,0,0,0,0,0,NaN,NaN,NaN,NaN
D03_id_iq_step,B0,baseline,baseline,20,0.0019,1250,833.333333333333,2288.66337835184,-8577.53302528918,2288.66337835184,-8577.53302528918,0,0,0,0,0,0,0,NaN,NaN,NaN,NaN
D03_id_iq_step,B0,baseline,baseline,21,0.002,1250,833.333333333333,2447.24588480677,-8582.24396561044,2447.24588480677,-8582.24396561044,0,0,0,0,0,0,0,NaN,NaN,NaN,NaN
D03_id_iq_step,B0,baseline,baseline,22,0.0021,1250,833.333333333333,2605.69787074707,-8585.87240410789,2605.69787074707,-8585.87240410789,0,0,0,0,0,0,0,NaN,NaN,NaN,NaN
D03_id_iq_step,B0,baseline,baseline,23,0.0022,1250,833.333333333333,2755.65253308139,-8582.71863309167,2755.65253308139,-8582.71863309167,0,0,0,0,0,0,0,NaN,NaN,NaN,NaN
D03_id_iq_step,B0,baseline,baseline,24,0.0023,1250,833.333333333333,2894.53318869446,-8570.53427874192,2894.53318869446,-8570.53427874192,0,0,0,0,0,0,0,NaN,NaN,NaN,NaN
D03_id_iq_step,B0,baseline,baseline,25,0.0024,1250,833.333333333333,3032.51587648195,-8556.72639821262,3032.51587648195,-8556.72639821262,0,0,0,0,0,0,0,NaN,NaN,NaN,NaN
D03_id_iq_step,B0,baseline,baseline,26,0.0025,1250,833.333333333333,3177.54808631902,-8548.01626595504,3177.54808631902,-8548.01626595504,0,0,0,0,0,0,0,NaN,NaN,NaN,NaN
D03_id_iq_step,B0,baseline,baseline,27,0.0026,1250,833.333333333333,3337.53628287165,-8550.82629999557,3337.53628287165,-8550.82629999557,0,0,0,0,0,0,0,NaN,NaN,NaN,NaN
D03_id_iq_step,B0,baseline,baseline,28,0.0027,1250,833.333333333333,3499.00890051223,-8555.636307102,3499.00890051223,-8555.636307102,0,0,0,0,0,0,0,NaN,NaN,NaN,NaN
D03_id_iq_step,B0,baseline,baseline,29,0.0028,1250,833.333333333333,3650.14140192944,-8554.22985785741,3650.14140192944,-8554.22985785741,0,0,0,0,0,0,0,NaN,NaN,NaN,NaN
D03_id_iq_step,B0,baseline,baseline,30,0.0029,1250,833.333333333333,3808.4059754968,-8558.21417050323,3808.4059754968,-8558.21417050323,0,0,0,0,0,0,0,NaN,NaN,NaN,NaN
D03_id_iq_step,B0,baseline,baseline,31,0.003,1250,833.333333333333,3981.24226485434,-8571.11547374744,3981.24226485434,-8571.11547374744,0,0,0,0,0,0,0,NaN,NaN,NaN,NaN
D03_id_iq_step,B0,baseline,baseline,32,0.0031,1250,833.333333333333,4165.17182766544,-8591.8309218037,4165.17182766544,-8591.8309218037,0,0,0,0,0,0,0,NaN,NaN,NaN,NaN
D03_id_iq_step,B0,baseline,baseline,33,0.0032,1250,833.333333333333,4345.71690635943,-8615.71935924513,4345.71690635943,-8615.71935924513,0,0,0,0,0,0,0,NaN,NaN,NaN,NaN
D03_id_iq_step,B0,baseline,baseline,34,0.0033,1250,833.333333333333,4503.42579587549,-8639.20726911817,4503.42579587549,-8639.20726911817,0,0,0,0,0,0,0,NaN,NaN,NaN,NaN
D03_id_iq_step,B0,baseline,baseline,35,0.0034,1250,833.333333333333,4621.50572736681,-8659.54065684951,4621.50572736681,-8659.54065684951,0,0,0,0,0,0,0,NaN,NaN,NaN,NaN
D03_id_iq_step,B0,baseline,baseline,36,0.0035,1250,833.333333333333,4685.42599915493,-8664.09115313745,4685.42599915493,-8664.09115313745,0,0,0,0,0,0,0,NaN,NaN,NaN,NaN
D03_id_iq_step,B0,baseline,baseline,37,0.0036,1250,833.333333333333,4708.75427248355,-8652.49977651847,4708.75427248355,-8652.49977651847,0,0,0,0,0,0,0,NaN,NaN,NaN,NaN
D03_id_iq_step,B0,baseline,baseline,38,0.0037,1250,833.333333333333,4716.76966942721,-8634.1315286741,4716.76966942721,-8634.1315286741,0,0,0,0,0,0,0,NaN,NaN,NaN,NaN
D03_id_iq_step,B0,baseline,baseline,39,0.0038,1250,833.333333333333,4730.72374567886,-8622.14527134212,4730.72374567886,-8622.14527134212,0,0,0,0,0,0,0,NaN,NaN,NaN,NaN
D03_id_iq_step,B0,baseline,baseline,40,0.0039,1250,833.333333333333,4752.97890619491,-8622.01490106829,4752.97890619491,-8622.01490106829,0,0,0,0,0,0,0,NaN,NaN,NaN,NaN
D03_id_iq_step,B0,baseline,baseline,41,0.004,1250,833.333333333333,4764.25978952679,-8622.17802549585,4764.25978952679,-8622.17802549585,0,0,0,0,0,0,0,NaN,NaN,NaN,NaN
D03_id_iq_step,B0,baseline,baseline,42,0.0041,1250,833.333333333333,4764.34175847255,-8620.03046297833,4764.34175847255,-8620.03046297833,0,0,0,0,0,0,0,NaN,NaN,NaN,NaN
D03_id_iq_step,B0,baseline,baseline,43,0.0042,1250,833.333333333333,4754.73335866511,-8612.45967061022,4754.73335866511,-8612.45967061022,0,0,0,0,0,0,0,NaN,NaN,NaN,NaN
D03_id_iq_step,B0,baseline,baseline,44,0.0043,1250,833.333333333333,4721.8047120751,-8598.97618708616,4721.8047120751,-8598.97618708616,0,0,0,0,0,0,0,NaN,NaN,NaN,NaN
D03_id_iq_step,B0,baseline,baseline,45,0.0044,1250,833.333333333333,4669.37490007998,-8586.53770259561,4669.37490007998,-8586.53770259561,0,0,0,0,0,0,0,NaN,NaN,NaN,NaN
D03_id_iq_step,B0,baseline,baseline,46,0.0045,1250,833.333333333333,4627.83726127428,-8574.67183842629,4627.83726127428,-8574.67183842629,0,0,0,0,0,0,0,NaN,NaN,NaN,NaN
D03_id_iq_step,B0,baseline,baseline,47,0.0046,1250,833.333333333333,4621.62470431544,-8568.02898831806,4621.62470431544,-8568.02898831806,0,0,0,0,0,0,0,NaN,NaN,NaN,NaN
D03_id_iq_step,B0,baseline,baseline,48,0.0047,1250,833.333333333333,4646.93521895241,-8565.88662370405,4646.93521895241,-8565.88662370405,0,0,0,0,0,0,0,NaN,NaN,NaN,NaN
D03_id_iq_step,B0,baseline,baseline,49,0.0048,1250,833.333333333333,4679.41006437528,-8565.58902309274,4679.41006437528,-8565.58902309274,0,0,0,0,0,0,0,NaN,NaN,NaN,NaN
D03_id_iq_step,B0,baseline,baseline,50,0.0049,1250,833.333333333333,4696.17527046835,-8571.23863860585,4696.17527046835,-8571.23863860585,0,0,0,0,0,0,0,NaN,NaN,NaN,NaN
D03_id_iq_step,B0,baseline,baseline,51,0.005,1250,833.333333333333,4701.43848049645,-8578.1257571328,4701.43848049645,-8578.1257571328,0,0,0,0,0,0,0,NaN,NaN,NaN,NaN
D03_id_iq_step,B0,baseline,baseline,52,0.0051,1250,833.333333333333,4699.87366079828,-8576.54553245937,4699.87366079828,-8576.54553245937,0,0,0,0,0,0,0,NaN,NaN,NaN,NaN
D03_id_iq_step,B0,baseline,baseline,53,0.0052,1250,833.333333333333,4692.01928259362,-8567.94529467076,4692.01928259362,-8567.94529467076,0,0,0,0,0,0,0,NaN,NaN,NaN,NaN
D03_id_iq_step,B0,baseline,baseline,54,0.0053,1250,833.333333333333,4692.34986138933,-8563.40600397949,4692.34986138933,-8563.40600397949,0,0,0,0,0,0,0,NaN,NaN,NaN,NaN
D03_id_iq_step,B0,baseline,baseline,55,0.0054,1250,833.333333333333,4702.86714683736,-8564.67860431322,4702.86714683736,-8564.67860431322,0,0,0,0,0,0,0,NaN,NaN,NaN,NaN
D03_id_iq_step,B0,baseline,baseline,56,0.0055,1250,833.333333333333,4717.13315944203,-8567.99224760571,4717.13315944203,-8567.99224760571,0,0,0,0,0,0,0,NaN,NaN,NaN,NaN
D03_id_iq_step,B0,baseline,baseline,57,0.0056,1250,833.333333333333,4724.70705836022,-8566.54613450109,4724.70705836022,-8566.54613450109,0,0,0,0,0,0,0,NaN,NaN,NaN,NaN
D03_id_iq_step,B0,baseline,baseline,58,0.0057,1250,833.333333333333,4720.59077388293,-8556.27915711208,4720.59077388293,-8556.27915711208,0,0,0,0,0,0,0,NaN,NaN,NaN,NaN
D03_id_iq_step,B0,baseline,baseline,59,0.0058,1250,833.333333333333,4721.7660218266,-8549.08548041775,4721.7660218266,-8549.08548041775,0,0,0,0,0,0,0,NaN,NaN,NaN,NaN
D03_id_iq_step,B0,baseline,baseline,60,0.0059,1250,833.333333333333,4736.04165060516,-8554.02706624856,4736.04165060516,-8554.02706624856,0,0,0,0,0,0,0,NaN,NaN,NaN,NaN
D03_id_iq_step,B0,baseline,baseline,61,0.006,1250,833.333333333333,4751.45539890347,-8572.05034674578,4751.45539890347,-8572.05034674578,0,0,0,0,0,0,0,NaN,NaN,NaN,NaN
D03_id_iq_step,B0,baseline,baseline,62,0.0061,1250,833.333333333333,4764.33391831881,-8603.9465264711,4764.33391831881,-8603.9465264711,0,0,0,0,0,0,0,NaN,NaN,NaN,NaN
D03_id_iq_step,B0,baseline,baseline,63,0.0062,1250,833.333333333333,4768.49246612737,-8637.75735752463,4768.49246612737,-8637.75735752463,0,0,0,0,0,0,0,NaN,NaN,NaN,NaN
D03_id_iq_step,B0,baseline,baseline,64,0.0063,1250,833.333333333333,4753.68942692434,-8656.34631028651,4753.68942692434,-8656.34631028651,0,0,0,0,0,0,0,NaN,NaN,NaN,NaN
D03_id_iq_step,B0,baseline,baseline,65,0.0064,1250,833.333333333333,4734.51941108229,-8657.54966022217,4734.51941108229,-8657.54966022217,0,0,0,0,0,0,0,NaN,NaN,NaN,NaN
D03_id_iq_step,B0,baseline,baseline,66,0.0065,1250,833.333333333333,4724.57517525002,-8645.52733169216,4724.57517525002,-8645.52733169216,0,0,0,0,0,0,0,NaN,NaN,NaN,NaN
D03_id_iq_step,B0,baseline,baseline,67,0.0066,1250,833.333333333333,4729.91084686697,-8631.85645521028,4729.91084686697,-8631.85645521028,0,0,0,0,0,0,0,NaN,NaN,NaN,NaN
D03_id_iq_step,B0,baseline,baseline,68,0.0067,1250,833.333333333333,4750.17046529889,-8625.27016584354,4750.17046529889,-8625.27016584354,0,0,0,0,0,0,0,NaN,NaN,NaN,NaN
D03_id_iq_step,B0,baseline,baseline,69,0.0068,1250,833.333333333333,4764.04109555612,-8620.84159212307,4764.04109555612,-8620.84159212307,0,0,0,0,0,0,0,NaN,NaN,NaN,NaN
D03_id_iq_step,B0,baseline,baseline,70,0.0069,1250,833.333333333333,4765.62016585486,-8618.58369760485,4765.62016585486,-8618.58369760485,0,0,0,0,0,0,0,NaN,NaN,NaN,NaN
D03_id_iq_step,B0,baseline,baseline,71,0.007,1250,833.333333333333,4756.02733652791,-8612.23627528453,4756.02733652791,-8612.23627528453,0,0,0,0,0,0,0,NaN,NaN,NaN,NaN
D03_id_iq_step,B0,baseline,baseline,72,0.0071,1250,833.333333333333,4721.87492685065,-8599.42685450162,4721.87492685065,-8599.42685450162,0,0,0,0,0,0,0,NaN,NaN,NaN,NaN
D03_id_iq_step,B0,baseline,baseline,73,0.0072,1250,833.333333333333,4675.82296926827,-8593.9467987552,4675.82296926827,-8593.9467987552,0,0,0,0,0,0,0,NaN,NaN,NaN,NaN
D03_id_iq_step,B0,baseline,baseline,74,0.0073,1250,833.333333333333,4645.26227315278,-8592.93762723076,4645.26227315278,-8592.93762723076,0,0,0,0,0,0,0,NaN,NaN,NaN,NaN
D03_id_iq_step,B0,baseline,baseline,75,0.0074,1250,833.333333333333,4643.30341646028,-8591.05116538653,4643.30341646028,-8591.05116538653,0,0,0,0,0,0,0,NaN,NaN,NaN,NaN
D03_id_iq_step,B0,baseline,baseline,76,0.0075,1250,833.333333333333,4666.55481095273,-8586.4740982193,4666.55481095273,-8586.4740982193,0,0,0,0,0,0,0,NaN,NaN,NaN,NaN
D03_id_iq_step,B0,baseline,baseline,77,0.0076,1250,833.333333333333,4689.34555130906,-8576.30510333278,4689.34555130906,-8576.30510333278,0,0,0,0,0,0,0,NaN,NaN,NaN,NaN
D03_id_iq_step,B0,baseline,baseline,78,0.0077,1250,833.333333333333,4698.85452312433,-8573.30034430655,4698.85452312433,-8573.30034430655,0,0,0,0,0,0,0,NaN,NaN,NaN,NaN
D03_id_iq_step,B0,baseline,baseline,79,0.0078,1250,833.333333333333,4696.14040880612,-8572.12589269476,4696.14040880612,-8572.12589269476,0,0,0,0,0,0,0,NaN,NaN,NaN,NaN
D03_id_iq_step,B0,baseline,baseline,80,0.0079,1250,833.333333333333,4685.61770233121,-8562.93763804416,4685.61770233121,-8562.93763804416,0,0,0,0,0,0,0,NaN,NaN,NaN,NaN
D03_id_iq_step,B0,baseline,baseline,81,0.008,1250,833.333333333333,4683.56791163648,-8557.75148649469,4683.56791163648,-8557.75148649469,0,0,0,0,0,0,0,NaN,NaN,NaN,NaN
D03_id_iq_step,B0,baseline,baseline,82,0.0081,1250,833.333333333333,4690.87586944305,-8558.19219624153,4690.87586944305,-8558.19219624153,0,0,0,0,0,0,0,NaN,NaN,NaN,NaN
D03_id_iq_step,B0,baseline,baseline,83,0.0082,1250,833.333333333333,4699.41361884211,-8559.64396233105,4699.41361884211,-8559.64396233105,0,0,0,0,0,0,0,NaN,NaN,NaN,NaN
D03_id_iq_step,B0,baseline,baseline,84,0.0083,1250,833.333333333333,4696.71444756178,-8554.09837622913,4696.71444756178,-8554.09837622913,0,0,0,0,0,0,0,NaN,NaN,NaN,NaN
D03_id_iq_step,B0,baseline,baseline,85,0.0084,1250,833.333333333333,4676.70856015859,-8536.72989797821,4676.70856015859,-8536.72989797821,0,0,0,0,0,0,0,NaN,NaN,NaN,NaN
D03_id_iq_step,B0,baseline,baseline,86,0.0085,1250,833.333333333333,4659.16140517307,-8520.58082189246,4659.16140517307,-8520.58082189246,0,0,0,0,0,0,0,NaN,NaN,NaN,NaN
D03_id_iq_step,B0,baseline,baseline,87,0.0086,1250,833.333333333333,4660.6831977472,-8515.41884448261,4660.6831977472,-8515.41884448261,0,0,0,0,0,0,0,NaN,NaN,NaN,NaN
D03_id_iq_step,B0,baseline,baseline,88,0.0087,1250,833.333333333333,4681.98785620626,-8522.14948571662,4681.98785620626,-8522.14948571662,0,0,0,0,0,0,0,NaN,NaN,NaN,NaN
D03_id_iq_step,B0,baseline,baseline,89,0.0088,1250,833.333333333333,4713.05012517057,-8541.97144807181,4713.05012517057,-8541.97144807181,0,0,0,0,0,0,0,NaN,NaN,NaN,NaN
D03_id_iq_step,B0,baseline,baseline,90,0.0089,1250,833.333333333333,4740.19589513313,-8575.71022884555,4740.19589513313,-8575.71022884555,0,0,0,0,0,0,0,NaN,NaN,NaN,NaN
D03_id_iq_step,B0,baseline,baseline,91,0.009,1250,833.333333333333,4755.33187766451,-8614.49109583878,4755.33187766451,-8614.49109583878,0,0,0,0,0,0,0,NaN,NaN,NaN,NaN
D03_id_iq_step,B0,baseline,baseline,92,0.0091,1250,833.333333333333,4758.39221510047,-8645.47840171775,4758.39221510047,-8645.47840171775,0,0,0,0,0,0,0,NaN,NaN,NaN,NaN
D03_id_iq_step,B0,baseline,baseline,93,0.0092,1250,833.333333333333,4748.20986837617,-8656.45295721546,4748.20986837617,-8656.45295721546,0,0,0,0,0,0,0,NaN,NaN,NaN,NaN
D03_id_iq_step,B0,baseline,baseline,94,0.0093,1250,833.333333333333,4726.76751450495,-8641.88101705879,4726.76751450495,-8641.88101705879,0,0,0,0,0,0,0,NaN,NaN,NaN,NaN
D03_id_iq_step,B0,baseline,baseline,95,0.0094,1250,833.333333333333,4711.21988767631,-8620.73895980015,4711.21988767631,-8620.73895980015,0,0,0,0,0,0,0,NaN,NaN,NaN,NaN
D03_id_iq_step,B0,baseline,baseline,96,0.0095,1250,833.333333333333,4713.62377129502,-8609.05683209756,4713.62377129502,-8609.05683209756,0,0,0,0,0,0,0,NaN,NaN,NaN,NaN
D03_id_iq_step,B0,baseline,baseline,97,0.0096,1250,833.333333333333,4732.69399064574,-8608.73176095957,4732.69399064574,-8608.73176095957,0,0,0,0,0,0,0,NaN,NaN,NaN,NaN
D03_id_iq_step,B0,baseline,baseline,98,0.0097,1250,833.333333333333,4745.93693127535,-8609.61953244571,4745.93693127535,-8609.61953244571,0,0,0,0,0,0,0,NaN,NaN,NaN,NaN
D03_id_iq_step,B0,baseline,baseline,99,0.0098,1250,833.333333333333,4723.93639631461,-8600.03859219328,4723.93639631461,-8600.03859219328,0,0,0,0,0,0,0,NaN,NaN,NaN,NaN
D03_id_iq_step,B0,baseline,baseline,100,0.0099,1250,833.333333333333,4676.16883365576,-8587.41121965116,4676.16883365576,-8587.41121965116,0,0,0,0,0,0,0,NaN,NaN,NaN,NaN
D03_id_iq_step,B0,baseline,baseline,101,0.01,1250,833.333333333333,4639.03412615674,-8577.04794513447,4639.03412615674,-8577.04794513447,0,0,0,0,0,0,0,NaN,NaN,NaN,NaN
D03_id_iq_step,B0,baseline,baseline,102,0.0101,1250,833.333333333333,4633.53787464233,-8571.19250619104,4633.53787464233,-8571.19250619104,0,0,0,0,0,0,0,NaN,NaN,NaN,NaN
D03_id_iq_step,B0,baseline,baseline,103,0.0102,1250,833.333333333333,4654.66913282119,-8568.44902357687,4654.66913282119,-8568.44902357687,0,0,0,0,0,0,0,NaN,NaN,NaN,NaN
D03_id_iq_step,B0,baseline,baseline,104,0.0103,1250,833.333333333333,4680.71127803272,-8566.15990117459,4680.71127803272,-8566.15990117459,0,0,0,0,0,0,0,NaN,NaN,NaN,NaN
D03_id_iq_step,B0,baseline,baseline,105,0.0104,1250,833.333333333333,4693.95144208396,-8569.63125059613,4693.95144208396,-8569.63125059613,0,0,0,0,0,0,0,NaN,NaN,NaN,NaN
D03_id_iq_step,B0,baseline,baseline,106,0.0105,1250,833.333333333333,4698.55293801163,-8575.58903467249,4698.55293801163,-8575.58903467249,0,0,0,0,0,0,0,NaN,NaN,NaN,NaN
D03_id_iq_step,B0,baseline,baseline,107,0.0106,1250,833.333333333333,4695.72384168544,-8573.44888123396,4695.72384168544,-8573.44888123396,0,0,0,0,0,0,0,NaN,NaN,NaN,NaN
D03_id_iq_step,B0,baseline,baseline,108,0.0107,1250,833.333333333333,4685.95062232515,-8563.89475515515,4685.95062232515,-8563.89475515515,0,0,0,0,0,0,0,NaN,NaN,NaN,NaN
D03_id_iq_step,B0,baseline,baseline,109,0.0108,1250,833.333333333333,4684.84896372672,-8558.76135668726,4684.84896372672,-8558.76135668726,0,0,0,0,0,0,0,NaN,NaN,NaN,NaN
D03_id_iq_step,B0,baseline,baseline,110,0.0109,1250,833.333333333333,4693.43734549081,-8559.60383484641,4693.43734549081,-8559.60383484641,0,0,0,0,0,0,0,NaN,NaN,NaN,NaN
D03_id_iq_step,B0,baseline,baseline,111,0.011,1250,833.333333333333,4703.89993797377,-8561.83587705087,4703.89993797377,-8561.83587705087,0,0,0,0,0,0,0,NaN,NaN,NaN,NaN
D03_id_iq_step,B0,baseline,baseline,112,0.0111,1250,833.333333333333,4704.20222898501,-8557.61456193554,4704.20222898501,-8557.61456193554,0,0,0,0,0,0,0,NaN,NaN,NaN,NaN
D03_id_iq_step,B0,baseline,baseline,113,0.0112,1250,833.333333333333,4688.51625905945,-8542.29337887735,4688.51625905945,-8542.29337887735,0,0,0,0,0,0,0,NaN,NaN,NaN,NaN
D03_id_iq_step,B0,baseline,baseline,114,0.0113,1250,833.333333333333,4676.46699337076,-8528.62165432111,4676.46699337076,-8528.62165432111,0,0,0,0,0,0,0,NaN,NaN,NaN,NaN
D03_id_iq_step,B0,baseline,baseline,115,0.0114,1250,833.333333333333,4684.3971328864,-8526.17963292808,4684.3971328864,-8526.17963292808,0,0,0,0,0,0,0,NaN,NaN,NaN,NaN
D03_id_iq_step,B0,baseline,baseline,116,0.0115,1250,833.333333333333,4709.28121138531,-8535.98502476107,4709.28121138531,-8535.98502476107,0,0,0,0,0,0,0,NaN,NaN,NaN,NaN
D03_id_iq_step,B0,baseline,baseline,117,0.0116,1250,833.333333333333,4736.07513526006,-8559.16728453681,4736.07513526006,-8559.16728453681,0,0,0,0,0,0,0,NaN,NaN,NaN,NaN
D03_id_iq_step,B0,baseline,baseline,118,0.0117,1250,833.333333333333,4759.57542761905,-8596.61739963114,4759.57542761905,-8596.61739963114,0,0,0,0,0,0,0,NaN,NaN,NaN,NaN
D03_id_iq_step,B0,baseline,baseline,119,0.0118,1250,833.333333333333,4773.27075894658,-8636.88300090041,4773.27075894658,-8636.88300090041,0,0,0,0,0,0,0,NaN,NaN,NaN,NaN
D03_id_iq_step,B0,baseline,baseline,120,0.0119,1250,833.333333333333,4764.74229818376,-8663.08352174661,4764.74229818376,-8663.08352174661,0,0,0,0,0,0,0,NaN,NaN,NaN,NaN
D03_id_iq_step,B0,baseline,baseline,121,0.012,1250,833.333333333333,4747.0968796609,-8670.74663248769,4747.0968796609,-8670.74663248769,0,0,0,0,0,0,0,NaN,NaN,NaN,NaN
D03_id_iq_step,B0,baseline,baseline,122,0.0121,1250,833.333333333333,4734.06032979707,-8660.42870586896,4734.06032979707,-8660.42870586896,0,0,0,0,0,0,0,NaN,NaN,NaN,NaN
D03_id_iq_step,B0,baseline,baseline,123,0.0122,1250,833.333333333333,4733.77543679227,-8643.27415633463,4733.77543679227,-8643.27415633463,0,0,0,0,0,0,0,NaN,NaN,NaN,NaN
D03_id_iq_step,B0,baseline,baseline,124,0.0123,1250,833.333333333333,4750.54538243924,-8630.7785801698,4750.54538243924,-8630.7785801698,0,0,0,0,0,0,0,NaN,NaN,NaN,NaN
D03_id_iq_step,B0,baseline,baseline,125,0.0124,1250,833.333333333333,4764.45734044369,-8621.85995165165,4764.45734044369,-8621.85995165165,0,0,0,0,0,0,0,NaN,NaN,NaN,NaN
D03_id_iq_step,B0,baseline,baseline,126,0.0125,1250,833.333333333333,4757.80387717253,-8611.53622924056,4757.80387717253,-8611.53622924056,0,0,0,0,0,0,0,NaN,NaN,NaN,NaN
D03_id_iq_step,B0,baseline,baseline,127,0.0126,1250,833.333333333333,4725.65869633129,-8599.01326786994,4725.65869633129,-8599.01326786994,0,0,0,0,0,0,0,NaN,NaN,NaN,NaN
D03_id_iq_step,B0,baseline,baseline,128,0.0127,1250,833.333333333333,4675.11329115956,-8587.01731605542,4675.11329115956,-8587.01731605542,0,0,0,0,0,0,0,NaN,NaN,NaN,NaN
D03_id_iq_step,B0,baseline,baseline,129,0.0128,1250,833.333333333333,4635.19764254042,-8575.61101593534,4635.19764254042,-8575.61101593534,0,0,0,0,0,0,0,NaN,NaN,NaN,NaN
D03_id_iq_step,B0,baseline,baseline,130,0.0129,1250,833.333333333333,4628.67273520768,-8569.16777632359,4628.67273520768,-8569.16777632359,0,0,0,0,0,0,0,NaN,NaN,NaN,NaN
D03_id_iq_step,B0,baseline,baseline,131,0.013,1250,833.333333333333,4651.307063218,-8566.67521834071,4651.307063218,-8566.67521834071,0,0,0,0,0,0,0,NaN,NaN,NaN,NaN
D03_id_iq_step,B0,baseline,baseline,132,0.0131,1250,833.333333333333,4680.14288585996,-8565.44244909281,4680.14288585996,-8565.44244909281,0,0,0,0,0,0,0,NaN,NaN,NaN,NaN
D03_id_iq_step,B0,baseline,baseline,133,0.0132,1250,833.333333333333,4694.9392446564,-8570.07830795372,4694.9392446564,-8570.07830795372,0,0,0,0,0,0,0,NaN,NaN,NaN,NaN
D03_id_iq_step,B0,baseline,baseline,134,0.0133,1250,833.333333333333,4699.77545354872,-8576.53943619435,4699.77545354872,-8576.53943619435,0,0,0,0,0,0,0,NaN,NaN,NaN,NaN
D03_id_iq_step,B0,baseline,baseline,135,0.0134,1250,833.333333333333,4697.38021420844,-8574.65294131411,4697.38021420844,-8574.65294131411,0,0,0,0,0,0,0,NaN,NaN,NaN,NaN
D03_id_iq_step,B0,baseline,baseline,136,0.0135,1250,833.333333333333,4688.34657880694,-8565.49414468092,4688.34657880694,-8565.49414468092,0,0,0,0,0,0,0,NaN,NaN,NaN,NaN
D03_id_iq_step,B0,baseline,baseline,137,0.0136,1250,833.333333333333,4687.82905484743,-8560.60043096289,4687.82905484743,-8560.60043096289,0,0,0,0,0,0,0,NaN,NaN,NaN,NaN
D03_id_iq_step,B0,baseline,baseline,138,0.0137,1250,833.333333333333,4697.17241624646,-8561.61387444128,4697.17241624646,-8561.61387444128,0,0,0,0,0,0,0,NaN,NaN,NaN,NaN
D03_id_iq_step,B0,baseline,baseline,139,0.0138,1250,833.333333333333,4709.1005196046,-8564.27237849169,4709.1005196046,-8564.27237849169,0,0,0,0,0,0,0,NaN,NaN,NaN,NaN
D03_id_iq_step,B0,baseline,baseline,140,0.0139,1250,833.333333333333,4712.16507529409,-8561.14947794358,4712.16507529409,-8561.14947794358,0,0,0,0,0,0,0,NaN,NaN,NaN,NaN
D03_id_iq_step,B0,baseline,baseline,141,0.014,1250,833.333333333333,4700.89573619674,-8547.82789225336,4700.89573619674,-8547.82789225336,0,0,0,0,0,0,0,NaN,NaN,NaN,NaN
D03_id_iq_step,B0,baseline,baseline,142,0.0141,1250,833.333333333333,4694.65792064121,-8536.67845097649,4694.65792064121,-8536.67845097649,0,0,0,0,0,0,0,NaN,NaN,NaN,NaN
D03_id_iq_step,B0,baseline,baseline,143,0.0142,1250,833.333333333333,4706.75208163191,-8537.0897377443,4706.75208163191,-8537.0897377443,0,0,0,0,0,0,0,NaN,NaN,NaN,NaN
D03_id_iq_step,B0,baseline,baseline,144,0.0143,1250,833.333333333333,4729.27015874702,-8550.14234511745,4729.27015874702,-8550.14234511745,0,0,0,0,0,0,0,NaN,NaN,NaN,NaN
D03_id_iq_step,B0,baseline,baseline,145,0.0144,1250,833.333333333333,4747.20451572272,-8576.74475681375,4747.20451572272,-8576.74475681375,0,0,0,0,0,0,0,NaN,NaN,NaN,NaN
D03_id_iq_step,B0,baseline,baseline,146,0.0145,1250,833.333333333333,4752.02379193467,-8609.265642135,4752.02379193467,-8609.265642135,0,0,0,0,0,0,0,NaN,NaN,NaN,NaN
D03_id_iq_step,B0,baseline,baseline,147,0.0146,1250,833.333333333333,4746.23029929902,-8636.59050546967,4746.23029929902,-8636.59050546967,0,0,0,0,0,0,0,NaN,NaN,NaN,NaN
D03_id_iq_step,B0,baseline,baseline,148,0.0147,1250,833.333333333333,4738.91349309285,-8652.83286539395,4738.91349309285,-8652.83286539395,0,0,0,0,0,0,0,NaN,NaN,NaN,NaN
D03_id_iq_step,B0,baseline,baseline,149,0.0148,1250,833.333333333333,4738.88529737945,-8653.24600191033,4738.88529737945,-8653.24600191033,0,0,0,0,0,0,0,NaN,NaN,NaN,NaN
D03_id_iq_step,B0,baseline,baseline,150,0.0149,1250,833.333333333333,4745.63884686249,-8643.21698133307,4745.63884686249,-8643.21698133307,0,0,0,0,0,0,0,NaN,NaN,NaN,NaN
D03_id_iq_step,B0,baseline,baseline,151,0.015,1250,833.333333333333,4754.13580113363,-8631.74488912358,4754.13580113363,-8631.74488912358,0,0,0,0,0,0,0,NaN,NaN,NaN,NaN
D03_id_iq_step,B0,baseline,baseline,152,0.0151,1250,833.333333333333,4761.56648053024,-8622.02996491672,4761.56648053024,-8622.02996491672,0,0,0,0,0,0,0,NaN,NaN,NaN,NaN
D03_id_iq_step,B0,baseline,baseline,153,0.0152,1250,833.333333333333,4765.21216202726,-8618.25802024761,4765.21216202726,-8618.25802024761,0,0,0,0,0,0,0,NaN,NaN,NaN,NaN
D03_id_iq_step,B0,baseline,baseline,154,0.0153,1250,833.333333333333,4756.5566070653,-8611.70252938101,4756.5566070653,-8611.70252938101,0,0,0,0,0,0,0,NaN,NaN,NaN,NaN
D03_id_iq_step,B0,baseline,baseline,155,0.0154,1250,833.333333333333,4723.71946383541,-8598.68919709078,4723.71946383541,-8598.68919709078,0,0,0,0,0,0,0,NaN,NaN,NaN,NaN
D03_id_iq_step,B0,baseline,baseline,156,0.0155,1250,833.333333333333,4671.45766567328,-8586.48482889615,4671.45766567328,-8586.48482889615,0,0,0,0,0,0,0,NaN,NaN,NaN,NaN
D03_id_iq_step,B0,baseline,baseline,157,0.0156,1250,833.333333333333,4630.06299348837,-8574.80825366532,4630.06299348837,-8574.80825366532,0,0,0,0,0,0,0,NaN,NaN,NaN,NaN
D03_id_iq_step,B0,baseline,baseline,158,0.0157,1250,833.333333333333,4623.59892564105,-8568.23494677193,4623.59892564105,-8568.23494677193,0,0,0,0,0,0,0,NaN,NaN,NaN,NaN
D03_id_iq_step,B0,baseline,baseline,159,0.0158,1250,833.333333333333,4648.09240953281,-8565.99098616218,4648.09240953281,-8565.99098616218,0,0,0,0,0,0,0,NaN,NaN,NaN,NaN
D03_id_iq_step,B0,baseline,baseline,160,0.0159,1250,833.333333333333,4679.4972624119,-8565.44174730516,4679.4972624119,-8565.44174730516,0,0,0,0,0,0,0,NaN,NaN,NaN,NaN
D03_id_iq_step,B0,baseline,baseline,161,0.016,1250,833.333333333333,4695.68100202843,-8570.82483891106,4695.68100202843,-8570.82483891106,0,0,0,0,0,0,0,NaN,NaN,NaN,NaN
D03_id_iq_step,B0,baseline,baseline,162,0.0161,1250,833.333333333333,4700.80826154761,-8577.60335356783,4700.80826154761,-8577.60335356783,0,0,0,0,0,0,0,NaN,NaN,NaN,NaN
D03_id_iq_step,B0,baseline,baseline,163,0.0162,1250,833.333333333333,4698.9704658933,-8575.92577863622,4698.9704658933,-8575.92577863622,0,0,0,0,0,0,0,NaN,NaN,NaN,NaN
D03_id_iq_step,B0,baseline,baseline,164,0.0163,1250,833.333333333333,4690.72385336841,-8567.13729713005,4690.72385336841,-8567.13729713005,0,0,0,0,0,0,0,NaN,NaN,NaN,NaN
D03_id_iq_step,B0,baseline,baseline,165,0.0164,1250,833.333333333333,4690.77012284079,-8562.47627562706,4690.77012284079,-8562.47627562706,0,0,0,0,0,0,0,NaN,NaN,NaN,NaN
D03_id_iq_step,B0,baseline,baseline,166,0.0165,1250,833.333333333333,4700.89740008964,-8563.65840184715,4700.89740008964,-8563.65840184715,0,0,0,0,0,0,0,NaN,NaN,NaN,NaN
D03_id_iq_step,B0,baseline,baseline,167,0.0166,1250,833.333333333333,4714.3741449681,-8566.7496429843,4714.3741449681,-8566.7496429843,0,0,0,0,0,0,0,NaN,NaN,NaN,NaN
D03_id_iq_step,B0,baseline,baseline,168,0.0167,1250,833.333333333333,4720.42462157984,-8564.73889110175,4720.42462157984,-8564.73889110175,0,0,0,0,0,0,0,NaN,NaN,NaN,NaN
D03_id_iq_step,B0,baseline,baseline,169,0.0168,1250,833.333333333333,4713.8723939356,-8553.44524014127,4713.8723939356,-8553.44524014127,0,0,0,0,0,0,0,NaN,NaN,NaN,NaN
D03_id_iq_step,B0,baseline,baseline,170,0.0169,1250,833.333333333333,4713.2115280274,-8544.89204773861,4713.2115280274,-8544.89204773861,0,0,0,0,0,0,0,NaN,NaN,NaN,NaN
D03_id_iq_step,B0,baseline,baseline,171,0.017,1250,833.333333333333,4728.40717525229,-8548.25438553607,4728.40717525229,-8548.25438553607,0,0,0,0,0,0,0,NaN,NaN,NaN,NaN
D03_id_iq_step,B0,baseline,baseline,172,0.0171,1250,833.333333333333,4747.52090011835,-8564.58447232826,4747.52090011835,-8564.58447232826,0,0,0,0,0,0,0,NaN,NaN,NaN,NaN
D03_id_iq_step,B0,baseline,baseline,173,0.0172,1250,833.333333333333,4762.05057977658,-8594.71846145312,4762.05057977658,-8594.71846145312,0,0,0,0,0,0,0,NaN,NaN,NaN,NaN
D03_id_iq_step,B0,baseline,baseline,174,0.0173,1250,833.333333333333,4761.7335172045,-8624.52108953438,4761.7335172045,-8624.52108953438,0,0,0,0,0,0,0,NaN,NaN,NaN,NaN
D03_id_iq_step,B0,baseline,baseline,175,0.0174,1250,833.333333333333,4742.28950283615,-8634.15509097913,4742.28950283615,-8634.15509097913,0,0,0,0,0,0,0,NaN,NaN,NaN,NaN
D03_id_iq_step,B0,baseline,baseline,176,0.0175,1250,833.333333333333,4733.78051479381,-8632.80560759151,4733.78051479381,-8632.80560759151,0,0,0,0,0,0,0,NaN,NaN,NaN,NaN
D03_id_iq_step,B0,baseline,baseline,177,0.0176,1250,833.333333333333,4746.64715703493,-8634.98622007041,4746.64715703493,-8634.98622007041,0,0,0,0,0,0,0,NaN,NaN,NaN,NaN
D03_id_iq_step,B0,baseline,baseline,178,0.0177,1250,833.333333333333,4762.24323200861,-8640.83101857376,4762.24323200861,-8640.83101857376,0,0,0,0,0,0,0,NaN,NaN,NaN,NaN
D03_id_iq_step,B0,baseline,baseline,179,0.0178,1250,833.333333333333,4772.66089516602,-8646.09351063369,4772.66089516602,-8646.09351063369,0,0,0,0,0,0,0,NaN,NaN,NaN,NaN
D03_id_iq_step,B0,baseline,baseline,180,0.0179,1250,833.333333333333,4766.38872391875,-8638.02302534214,4766.38872391875,-8638.02302534214,0,0,0,0,0,0,0,NaN,NaN,NaN,NaN
D03_id_iq_step,B0,baseline,baseline,181,0.018,1250,833.333333333333,4755.70021485397,-8622.42488069972,4755.70021485397,-8622.42488069972,0,0,0,0,0,0,0,NaN,NaN,NaN,NaN
D03_id_iq_step,B0,baseline,baseline,182,0.0181,1250,833.333333333333,4751.10026771299,-8610.15599949043,4751.10026771299,-8610.15599949043,0,0,0,0,0,0,0,NaN,NaN,NaN,NaN
D03_id_iq_step,B0,baseline,baseline,183,0.0182,1250,833.333333333333,4723.88443656607,-8598.15757848658,4723.88443656607,-8598.15757848658,0,0,0,0,0,0,0,NaN,NaN,NaN,NaN
D03_id_iq_step,B0,baseline,baseline,184,0.0183,1250,833.333333333333,4670.47959402816,-8586.48507806511,4670.47959402816,-8586.48507806511,0,0,0,0,0,0,0,NaN,NaN,NaN,NaN
D03_id_iq_step,B0,baseline,baseline,185,0.0184,1250,833.333333333333,4627.44289207933,-8574.95096568355,4627.44289207933,-8574.95096568355,0,0,0,0,0,0,0,NaN,NaN,NaN,NaN
D03_id_iq_step,B0,baseline,baseline,186,0.0185,1250,833.333333333333,4620.45900941178,-8568.27070689844,4620.45900941178,-8568.27070689844,0,0,0,0,0,0,0,NaN,NaN,NaN,NaN
D03_id_iq_step,B0,baseline,baseline,187,0.0186,1250,833.333333333333,4646.09334460992,-8565.99959661451,4646.09334460992,-8565.99959661451,0,0,0,0,0,0,0,NaN,NaN,NaN,NaN
D03_id_iq_step,B0,baseline,baseline,188,0.0187,1250,833.333333333333,4679.50044752516,-8565.72018266066,4679.50044752516,-8565.72018266066,0,0,0,0,0,0,0,NaN,NaN,NaN,NaN
D03_id_iq_step,B0,baseline,baseline,189,0.0188,1250,833.333333333333,4696.83773765362,-8571.52708452874,4696.83773765362,-8571.52708452874,0,0,0,0,0,0,0,NaN,NaN,NaN,NaN
D03_id_iq_step,B0,baseline,baseline,190,0.0189,1250,833.333333333333,4702.25061504285,-8578.53698167309,4702.25061504285,-8578.53698167309,0,0,0,0,0,0,0,NaN,NaN,NaN,NaN
D03_id_iq_step,B0,baseline,baseline,191,0.019,1250,833.333333333333,4700.9353707273,-8577.11008782304,4700.9353707273,-8577.11008782304,0,0,0,0,0,0,0,NaN,NaN,NaN,NaN
D03_id_iq_step,B0,baseline,baseline,192,0.0191,1250,833.333333333333,4693.45386959612,-8568.7335813366,4693.45386959612,-8568.7335813366,0,0,0,0,0,0,0,NaN,NaN,NaN,NaN
D03_id_iq_step,B0,baseline,baseline,193,0.0192,1250,833.333333333333,4694.06568411667,-8564.33067285726,4694.06568411667,-8564.33067285726,0,0,0,0,0,0,0,NaN,NaN,NaN,NaN
D03_id_iq_step,B0,baseline,baseline,194,0.0193,1250,833.333333333333,4704.96001639922,-8565.69893394486,4704.96001639922,-8565.69893394486,0,0,0,0,0,0,0,NaN,NaN,NaN,NaN
D03_id_iq_step,B0,baseline,baseline,195,0.0194,1250,833.333333333333,4720.01469878675,-8569.23548526624,4720.01469878675,-8569.23548526624,0,0,0,0,0,0,0,NaN,NaN,NaN,NaN
D03_id_iq_step,B0,baseline,baseline,196,0.0195,1250,833.333333333333,4729.10615860805,-8568.35677869148,4729.10615860805,-8568.35677869148,0,0,0,0,0,0,0,NaN,NaN,NaN,NaN
D03_id_iq_step,B0,baseline,baseline,197,0.0196,1250,833.333333333333,4727.4611037098,-8559.12398819174,4727.4611037098,-8559.12398819174,0,0,0,0,0,0,0,NaN,NaN,NaN,NaN
D03_id_iq_step,B0,baseline,baseline,198,0.0197,1250,833.333333333333,4730.53688756552,-8553.29741932759,4730.53688756552,-8553.29741932759,0,0,0,0,0,0,0,NaN,NaN,NaN,NaN
D03_id_iq_step,B0,baseline,baseline,199,0.0198,1250,833.333333333333,4743.90383627516,-8559.81636158902,4743.90383627516,-8559.81636158902,0,0,0,0,0,0,0,NaN,NaN,NaN,NaN
D03_id_iq_step,B0,baseline,baseline,200,0.0199,1250,833.333333333333,4755.56911832448,-8579.5202846389,4755.56911832448,-8579.5202846389,0,0,0,0,0,0,0,NaN,NaN,NaN,NaN
D03_id_iq_step,B0,baseline,baseline,201,0.02,1250,833.333333333333,4757.25217762176,-8606.12826191861,4757.25217762176,-8606.12826191861,0,0,0,0,0,0,0,NaN,NaN,NaN,NaN
D03_id_iq_step,B0,baseline,baseline,202,0.0201,1250,833.333333333333,4750.24130451588,-8630.19891934035,4750.24130451588,-8630.19891934035,0,0,0,0,0,0,0,NaN,NaN,NaN,NaN
D03_id_iq_step,B0,baseline,baseline,203,0.0202,1250,833.333333333333,4741.83737607179,-8645.99523843555,4741.83737607179,-8645.99523843555,0,0,0,0,0,0,0,NaN,NaN,NaN,NaN
D03_id_iq_step,B0,baseline,baseline,204,0.0203,1250,833.333333333333,4745.10688161797,-8654.1901666138,4745.10688161797,-8654.1901666138,0,0,0,0,0,0,0,NaN,NaN,NaN,NaN
D03_id_iq_step,B0,baseline,baseline,205,0.0204,1250,833.333333333333,4753.77575064178,-8658.99403403894,4753.77575064178,-8658.99403403894,0,0,0,0,0,0,0,NaN,NaN,NaN,NaN
D03_id_iq_step,B0,baseline,baseline,206,0.0205,1250,833.333333333333,4751.2225688262,-8655.34821349919,4751.2225688262,-8655.34821349919,0,0,0,0,0,0,0,NaN,NaN,NaN,NaN
D03_id_iq_step,B0,baseline,baseline,207,0.0206,1250,833.333333333333,4744.11389601141,-8642.32039681047,4744.11389601141,-8642.32039681047,0,0,0,0,0,0,0,NaN,NaN,NaN,NaN
D03_id_iq_step,B0,baseline,baseline,208,0.0207,1250,833.333333333333,4739.91334206081,-8627.14114338187,4739.91334206081,-8627.14114338187,0,0,0,0,0,0,0,NaN,NaN,NaN,NaN
D03_id_iq_step,B0,baseline,baseline,209,0.0208,1250,833.333333333333,4744.90726479094,-8616.38572207305,4744.90726479094,-8616.38572207305,0,0,0,0,0,0,0,NaN,NaN,NaN,NaN
D03_id_iq_step,B0,baseline,baseline,210,0.0209,1250,833.333333333333,4750.4948956967,-8608.96540644842,4750.4948956967,-8608.96540644842,0,0,0,0,0,0,0,NaN,NaN,NaN,NaN
D03_id_iq_step,B0,baseline,baseline,211,0.021,1250,833.333333333333,4723.63108016774,-8599.32948141961,4723.63108016774,-8599.32948141961,0,0,0,0,0,0,0,NaN,NaN,NaN,NaN
D03_id_iq_step,B0,baseline,baseline,212,0.0211,1250,833.333333333333,4675.51586028717,-8594.78847230079,4675.51586028717,-8594.78847230079,0,0,0,0,0,0,0,NaN,NaN,NaN,NaN
D03_id_iq_step,B0,baseline,baseline,213,0.0212,1250,833.333333333333,4643.14973590688,-8594.02295972741,4643.14973590688,-8594.02295972741,0,0,0,0,0,0,0,NaN,NaN,NaN,NaN
D03_id_iq_step,B0,baseline,baseline,214,0.0213,1250,833.333333333333,4640.76979396409,-8591.9011214713,4640.76979396409,-8591.9011214713,0,0,0,0,0,0,0,NaN,NaN,NaN,NaN
D03_id_iq_step,B0,baseline,baseline,215,0.0214,1250,833.333333333333,4664.93664393181,-8587.00261804737,4664.93664393181,-8587.00261804737,0,0,0,0,0,0,0,NaN,NaN,NaN,NaN
D03_id_iq_step,B0,baseline,baseline,216,0.0215,1250,833.333333333333,4689.14589260134,-8576.72606467676,4689.14589260134,-8576.72606467676,0,0,0,0,0,0,0,NaN,NaN,NaN,NaN
D03_id_iq_step,B0,baseline,baseline,217,0.0216,1250,833.333333333333,4699.36190675942,-8573.7811504509,4699.36190675942,-8573.7811504509,0,0,0,0,0,0,0,NaN,NaN,NaN,NaN
D03_id_iq_step,B0,baseline,baseline,218,0.0217,1250,833.333333333333,4696.93368894377,-8572.76589251426,4696.93368894377,-8572.76589251426,0,0,0,0,0,0,0,NaN,NaN,NaN,NaN
D03_id_iq_step,B0,baseline,baseline,219,0.0218,1250,833.333333333333,4686.74446910764,-8563.80610355407,4686.74446910764,-8563.80610355407,0,0,0,0,0,0,0,NaN,NaN,NaN,NaN
D03_id_iq_step,B0,baseline,baseline,220,0.0219,1250,833.333333333333,4684.91607349699,-8558.7449127125,4684.91607349699,-8558.7449127125,0,0,0,0,0,0,0,NaN,NaN,NaN,NaN
D03_id_iq_step,B0,baseline,baseline,221,0.022,1250,833.333333333333,4692.56198874983,-8559.24683314085,4692.56198874983,-8559.24683314085,0,0,0,0,0,0,0,NaN,NaN,NaN,NaN
D03_id_iq_step,B0,baseline,baseline,222,0.0221,1250,833.333333333333,4701.79057897013,-8560.87877231336,4701.79057897013,-8560.87877231336,0,0,0,0,0,0,0,NaN,NaN,NaN,NaN
D03_id_iq_step,B0,baseline,baseline,223,0.0222,1250,833.333333333333,4700.45003251564,-8555.85165922524,4700.45003251564,-8555.85165922524,0,0,0,0,0,0,0,NaN,NaN,NaN,NaN
D03_id_iq_step,B0,baseline,baseline,224,0.0223,1250,833.333333333333,4682.56114580981,-8539.45914426134,4682.56114580981,-8539.45914426134,0,0,0,0,0,0,0,NaN,NaN,NaN,NaN
D03_id_iq_step,B0,baseline,baseline,225,0.0224,1250,833.333333333333,4667.71338366922,-8524.54454140441,4667.71338366922,-8524.54454140441,0,0,0,0,0,0,0,NaN,NaN,NaN,NaN
D03_id_iq_step,B0,baseline,baseline,226,0.0225,1250,833.333333333333,4672.73743464037,-8520.72565661376,4672.73743464037,-8520.72565661376,0,0,0,0,0,0,0,NaN,NaN,NaN,NaN
D03_id_iq_step,B0,baseline,baseline,227,0.0226,1250,833.333333333333,4696.67166427614,-8528.96527969301,4696.67166427614,-8528.96527969301,0,0,0,0,0,0,0,NaN,NaN,NaN,NaN
D03_id_iq_step,B0,baseline,baseline,228,0.0227,1250,833.333333333333,4726.30399260968,-8550.45432892831,4726.30399260968,-8550.45432892831,0,0,0,0,0,0,0,NaN,NaN,NaN,NaN
D03_id_iq_step,B0,baseline,baseline,229,0.0228,1250,833.333333333333,4751.60278750008,-8586.04689167029,4751.60278750008,-8586.04689167029,0,0,0,0,0,0,0,NaN,NaN,NaN,NaN
D03_id_iq_step,B0,baseline,baseline,230,0.0229,1250,833.333333333333,4760.12005798485,-8622.30922570129,4760.12005798485,-8622.30922570129,0,0,0,0,0,0,0,NaN,NaN,NaN,NaN
D03_id_iq_step,B0,baseline,baseline,231,0.023,1250,833.333333333333,4744.36354868813,-8640.16031979645,4744.36354868813,-8640.16031979645,0,0,0,0,0,0,0,NaN,NaN,NaN,NaN
D03_id_iq_step,B0,baseline,baseline,232,0.0231,1250,833.333333333333,4725.59845608476,-8639.46178275967,4725.59845608476,-8639.46178275967,0,0,0,0,0,0,0,NaN,NaN,NaN,NaN
D03_id_iq_step,B0,baseline,baseline,233,0.0232,1250,833.333333333333,4719.90409648777,-8628.25362645118,4719.90409648777,-8628.25362645118,0,0,0,0,0,0,0,NaN,NaN,NaN,NaN
D03_id_iq_step,B0,baseline,baseline,234,0.0233,1250,833.333333333333,4730.20157273129,-8619.40373364097,4730.20157273129,-8619.40373364097,0,0,0,0,0,0,0,NaN,NaN,NaN,NaN
D03_id_iq_step,B0,baseline,baseline,235,0.0234,1250,833.333333333333,4751.34336998414,-8619.63108990618,4751.34336998414,-8619.63108990618,0,0,0,0,0,0,0,NaN,NaN,NaN,NaN
D03_id_iq_step,B0,baseline,baseline,236,0.0235,1250,833.333333333333,4763.28784651527,-8619.8119364015,4763.28784651527,-8619.8119364015,0,0,0,0,0,0,0,NaN,NaN,NaN,NaN
D03_id_iq_step,B0,baseline,baseline,237,0.0236,1250,833.333333333333,4754.81099425609,-8611.75408911626,4754.81099425609,-8611.75408911626,0,0,0,0,0,0,0,NaN,NaN,NaN,NaN
D03_id_iq_step,B0,baseline,baseline,238,0.0237,1250,833.333333333333,4723.31297501315,-8598.70842912288,4723.31297501315,-8598.70842912288,0,0,0,0,0,0,0,NaN,NaN,NaN,NaN
D03_id_iq_step,B0,baseline,baseline,239,0.0238,1250,833.333333333333,4675.24836053452,-8586.62462950273,4675.24836053452,-8586.62462950273,0,0,0,0,0,0,0,NaN,NaN,NaN,NaN
D03_id_iq_step,B0,baseline,baseline,240,0.0239,1250,833.333333333333,4637.74430878697,-8575.70888229098,4637.74430878697,-8575.70888229098,0,0,0,0,0,0,0,NaN,NaN,NaN,NaN
D03_id_iq_step,B0,baseline,baseline,241,0.024,1250,833.333333333333,4632.0338915791,-8569.83530405148,4632.0338915791,-8569.83530405148,0,0,0,0,0,0,0,NaN,NaN,NaN,NaN
D03_id_iq_step,B0,baseline,baseline,242,0.0241,1250,833.333333333333,4653.66316051601,-8567.50488480803,4653.66316051601,-8567.50488480803,0,0,0,0,0,0,0,NaN,NaN,NaN,NaN
D03_id_iq_step,B0,baseline,baseline,243,0.0242,1250,833.333333333333,4680.67389972562,-8565.85355674651,4680.67389972562,-8565.85355674651,0,0,0,0,0,0,0,NaN,NaN,NaN,NaN
D03_id_iq_step,B0,baseline,baseline,244,0.0243,1250,833.333333333333,4694.47950621123,-8569.87085365222,4694.47950621123,-8569.87085365222,0,0,0,0,0,0,0,NaN,NaN,NaN,NaN
D03_id_iq_step,B0,baseline,baseline,245,0.0244,1250,833.333333333333,4699.19021102625,-8576.03362746269,4699.19021102625,-8576.03362746269,0,0,0,0,0,0,0,NaN,NaN,NaN,NaN
D03_id_iq_step,B0,baseline,baseline,246,0.0245,1250,833.333333333333,4696.58076256824,-8574.00694102036,4696.58076256824,-8574.00694102036,0,0,0,0,0,0,0,NaN,NaN,NaN,NaN
D03_id_iq_step,B0,baseline,baseline,247,0.0246,1250,833.333333333333,4687.17827103522,-8564.65611331735,4687.17827103522,-8564.65611331735,0,0,0,0,0,0,0,NaN,NaN,NaN,NaN
D03_id_iq_step,B0,baseline,baseline,248,0.0247,1250,833.333333333333,4686.37254123099,-8559.65397178206,4686.37254123099,-8559.65397178206,0,0,0,0,0,0,0,NaN,NaN,NaN,NaN
D03_id_iq_step,B0,baseline,baseline,249,0.0248,1250,833.333333333333,4695.32800838439,-8560.59214990474,4695.32800838439,-8560.59214990474,0,0,0,0,0,0,0,NaN,NaN,NaN,NaN
D03_id_iq_step,B0,baseline,baseline,250,0.0249,1250,833.333333333333,4706.50894802335,-8563.04344473625,4706.50894802335,-8563.04344473625,0,0,0,0,0,0,0,NaN,NaN,NaN,NaN
D03_id_iq_step,B0,baseline,baseline,251,0.025,1250,833.333333333333,4708.15508327371,-8559.37388032958,4708.15508327371,-8559.37388032958,0,0,0,0,0,0,0,NaN,NaN,NaN,NaN
D03_id_iq_step,B0,baseline,baseline,252,0.0251,1250,833.333333333333,4694.63349988083,-8545.05045088308,4694.63349988083,-8545.05045088308,0,0,0,0,0,0,0,NaN,NaN,NaN,NaN
D03_id_iq_step,B0,baseline,baseline,253,0.0252,1250,833.333333333333,4685.44861913933,-8532.63396899805,4685.44861913933,-8532.63396899805,0,0,0,0,0,0,0,NaN,NaN,NaN,NaN
D03_id_iq_step,B0,baseline,baseline,254,0.0253,1250,833.333333333333,4695.42169498008,-8531.61319976757,4695.42169498008,-8531.61319976757,0,0,0,0,0,0,0,NaN,NaN,NaN,NaN
D03_id_iq_step,B0,baseline,baseline,255,0.0254,1250,833.333333333333,4719.11814408239,-8543.04291688934,4719.11814408239,-8543.04291688934,0,0,0,0,0,0,0,NaN,NaN,NaN,NaN
D03_id_iq_step,B0,baseline,baseline,256,0.0255,1250,833.333333333333,4741.37871610774,-8567.93941674124,4741.37871610774,-8567.93941674124,0,0,0,0,0,0,0,NaN,NaN,NaN,NaN
D03_id_iq_step,B0,baseline,baseline,257,0.0256,1250,833.333333333333,4751.1421100916,-8599.57599088726,4751.1421100916,-8599.57599088726,0,0,0,0,0,0,0,NaN,NaN,NaN,NaN
D03_id_iq_step,B0,baseline,baseline,258,0.0257,1250,833.333333333333,4747.98867263504,-8627.96650065538,4747.98867263504,-8627.96650065538,0,0,0,0,0,0,0,NaN,NaN,NaN,NaN
D03_id_iq_step,B0,baseline,baseline,259,0.0258,1250,833.333333333333,4739.99193786388,-8646.87795441067,4739.99193786388,-8646.87795441067,0,0,0,0,0,0,0,NaN,NaN,NaN,NaN
D03_id_iq_step,B0,baseline,baseline,260,0.0259,1250,833.333333333333,4738.32391762023,-8650.28513656592,4738.32391762023,-8650.28513656592,0,0,0,0,0,0,0,NaN,NaN,NaN,NaN
D03_id_iq_step,B0,baseline,baseline,261,0.026,1250,833.333333333333,4744.3650940635,-8642.27542075764,4744.3650940635,-8642.27542075764,0,0,0,0,0,0,0,NaN,NaN,NaN,NaN
D03_id_iq_step,B0,baseline,baseline,262,0.0261,1250,833.333333333333,4752.93478414007,-8631.42305441013,4752.93478414007,-8631.42305441013,0,0,0,0,0,0,0,NaN,NaN,NaN,NaN
D03_id_iq_step,B0,baseline,baseline,263,0.0262,1250,833.333333333333,4760.76543473212,-8621.80195749912,4760.76543473212,-8621.80195749912,0,0,0,0,0,0,0,NaN,NaN,NaN,NaN
D03_id_iq_step,B0,baseline,baseline,264,0.0263,1250,833.333333333333,4764.73759703445,-8618.14053544018,4764.73759703445,-8618.14053544018,0,0,0,0,0,0,0,NaN,NaN,NaN,NaN
D03_id_iq_step,B0,baseline,baseline,265,0.0264,1250,833.333333333333,4756.23965067161,-8611.60477023759,4756.23965067161,-8611.60477023759,0,0,0,0,0,0,0,NaN,NaN,NaN,NaN
D03_id_iq_step,B0,baseline,baseline,266,0.0265,1250,833.333333333333,4723.9667316113,-8598.52556397751,4723.9667316113,-8598.52556397751,0,0,0,0,0,0,0,NaN,NaN,NaN,NaN
D03_id_iq_step,B0,baseline,baseline,267,0.0266,1250,833.333333333333,4672.99806697693,-8586.38439054088,4672.99806697693,-8586.38439054088,0,0,0,0,0,0,0,NaN,NaN,NaN,NaN
D03_id_iq_step,B0,baseline,baseline,268,0.0267,1250,833.333333333333,4632.71670139878,-8575.0003421863,4632.71670139878,-8575.0003421863,0,0,0,0,0,0,0,NaN,NaN,NaN,NaN
D03_id_iq_step,B0,baseline,baseline,269,0.0268,1250,833.333333333333,4626.36241234815,-8568.68956760509,4626.36241234815,-8568.68956760509,0,0,0,0,0,0,0,NaN,NaN,NaN,NaN
D03_id_iq_step,B0,baseline,baseline,270,0.0269,1250,833.333333333333,4649.85540976887,-8566.43681082186,4649.85540976887,-8566.43681082186,0,0,0,0,0,0,0,NaN,NaN,NaN,NaN
D03_id_iq_step,B0,baseline,baseline,271,0.027,1250,833.333333333333,4679.81064519858,-8565.54506585416,4679.81064519858,-8565.54506585416,0,0,0,0,0,0,0,NaN,NaN,NaN,NaN
D03_id_iq_step,B0,baseline,baseline,272,0.0271,1250,833.333333333333,4695.21781568945,-8570.49695919586,4695.21781568945,-8570.49695919586,0,0,0,0,0,0,0,NaN,NaN,NaN,NaN
D03_id_iq_step,B0,baseline,baseline,273,0.0272,1250,833.333333333333,4700.20689091214,-8577.08090157004,4700.20689091214,-8577.08090157004,0,0,0,0,0,0,0,NaN,NaN,NaN,NaN
D03_id_iq_step,B0,baseline,baseline,274,0.0273,1250,833.333333333333,4698.11579765467,-8575.28855290097,4698.11579765467,-8575.28855290097,0,0,0,0,0,0,0,NaN,NaN,NaN,NaN
D03_id_iq_step,B0,baseline,baseline,275,0.0274,1250,833.333333333333,4689.48086428968,-8566.31231471585,4689.48086428968,-8566.31231471585,0,0,0,0,0,0,0,NaN,NaN,NaN,NaN
D03_id_iq_step,B0,baseline,baseline,276,0.0275,1250,833.333333333333,4689.23670673376,-8561.53703206366,4689.23670673376,-8561.53703206366,0,0,0,0,0,0,0,NaN,NaN,NaN,NaN
D03_id_iq_step,B0,baseline,baseline,277,0.0276,1250,833.333333333333,4698.97120259132,-8562.63577118482,4698.97120259132,-8562.63577118482,0,0,0,0,0,0,0,NaN,NaN,NaN,NaN
D03_id_iq_step,B0,baseline,baseline,278,0.0277,1250,833.333333333333,4711.67175610976,-8565.51081641332,4711.67175610976,-8565.51081641332,0,0,0,0,0,0,0,NaN,NaN,NaN,NaN
D03_id_iq_step,B0,baseline,baseline,279,0.0278,1250,833.333333333333,4716.23494253235,-8562.94201215018,4716.23494253235,-8562.94201215018,0,0,0,0,0,0,0,NaN,NaN,NaN,NaN
D03_id_iq_step,B0,baseline,baseline,280,0.0279,1250,833.333333333333,4707.31016473349,-8550.63039860019,4707.31016473349,-8550.63039860019,0,0,0,0,0,0,0,NaN,NaN,NaN,NaN
D03_id_iq_step,B0,baseline,baseline,281,0.028,1250,833.333333333333,4704.10688105189,-8540.7602187685,4704.10688105189,-8540.7602187685,0,0,0,0,0,0,0,NaN,NaN,NaN,NaN
D03_id_iq_step,B0,baseline,baseline,282,0.0281,1250,833.333333333333,4718.40471398062,-8542.61492083254,4718.40471398062,-8542.61492083254,0,0,0,0,0,0,0,NaN,NaN,NaN,NaN
D03_id_iq_step,B0,baseline,baseline,283,0.0282,1250,833.333333333333,4739.75391509918,-8557.28923363139,4739.75391509918,-8557.28923363139,0,0,0,0,0,0,0,NaN,NaN,NaN,NaN
D03_id_iq_step,B0,baseline,baseline,284,0.0283,1250,833.333333333333,4755.96793490015,-8585.65819492087,4755.96793490015,-8585.65819492087,0,0,0,0,0,0,0,NaN,NaN,NaN,NaN
D03_id_iq_step,B0,baseline,baseline,285,0.0284,1250,833.333333333333,4762.07898476633,-8619.31627511419,4762.07898476633,-8619.31627511419,0,0,0,0,0,0,0,NaN,NaN,NaN,NaN
D03_id_iq_step,B0,baseline,baseline,286,0.0285,1250,833.333333333333,4758.68978169419,-8645.9842847561,4758.68978169419,-8645.9842847561,0,0,0,0,0,0,0,NaN,NaN,NaN,NaN
D03_id_iq_step,B0,baseline,baseline,287,0.0286,1250,833.333333333333,4752.64095061045,-8659.88050536969,4752.64095061045,-8659.88050536969,0,0,0,0,0,0,0,NaN,NaN,NaN,NaN
D03_id_iq_step,B0,baseline,baseline,288,0.0287,1250,833.333333333333,4749.87948433115,-8657.2283106234,4749.87948433115,-8657.2283106234,0,0,0,0,0,0,0,NaN,NaN,NaN,NaN
D03_id_iq_step,B0,baseline,baseline,289,0.0288,1250,833.333333333333,4751.13403788268,-8644.67854403338,4751.13403788268,-8644.67854403338,0,0,0,0,0,0,0,NaN,NaN,NaN,NaN
D03_id_iq_step,B0,baseline,baseline,290,0.0289,1250,833.333333333333,4756.59656956637,-8631.97679346303,4756.59656956637,-8631.97679346303,0,0,0,0,0,0,0,NaN,NaN,NaN,NaN
D03_id_iq_step,B0,baseline,baseline,291,0.029,1250,833.333333333333,4763.10891448002,-8621.78082813984,4763.10891448002,-8621.78082813984,0,0,0,0,0,0,0,NaN,NaN,NaN,NaN
D03_id_iq_step,B0,baseline,baseline,292,0.0291,1250,833.333333333333,4766.17186327927,-8617.84416899489,4766.17186327927,-8617.84416899489,0,0,0,0,0,0,0,NaN,NaN,NaN,NaN
D03_id_iq_step,B0,baseline,baseline,293,0.0292,1250,833.333333333333,4757.27406921391,-8611.4165997173,4757.27406921391,-8611.4165997173,0,0,0,0,0,0,0,NaN,NaN,NaN,NaN
D03_id_iq_step,B0,baseline,baseline,294,0.0293,1250,833.333333333333,4723.74144692267,-8598.64094431531,4723.74144692267,-8598.64094431531,0,0,0,0,0,0,0,NaN,NaN,NaN,NaN
D03_id_iq_step,B0,baseline,baseline,295,0.0294,1250,833.333333333333,4670.10291580594,-8586.51053700124,4670.10291580594,-8586.51053700124,0,0,0,0,0,0,0,NaN,NaN,NaN,NaN
D03_id_iq_step,B0,baseline,baseline,296,0.0295,1250,833.333333333333,4627.58833801996,-8574.61924747817,4627.58833801996,-8574.61924747817,0,0,0,0,0,0,0,NaN,NaN,NaN,NaN
D03_id_iq_step,B0,baseline,baseline,297,0.0296,1250,833.333333333333,4621.03040078899,-8567.80693382926,4621.03040078899,-8567.80693382926,0,0,0,0,0,0,0,NaN,NaN,NaN,NaN
D03_id_iq_step,B0,baseline,baseline,298,0.0297,1250,833.333333333333,4646.52420692531,-8565.55962841559,4646.52420692531,-8565.55962841559,0,0,0,0,0,0,0,NaN,NaN,NaN,NaN
D03_id_iq_step,B0,baseline,baseline,299,0.0298,1250,833.333333333333,4679.35004839912,-8565.32462440853,4679.35004839912,-8565.32462440853,0,0,0,0,0,0,0,NaN,NaN,NaN,NaN
D03_id_iq_step,B0,baseline,baseline,300,0.0299,1250,833.333333333333,4696.28522558201,-8571.12138064399,4696.28522558201,-8571.12138064399,0,0,0,0,0,0,0,NaN,NaN,NaN,NaN
D03_id_iq_step,B0,baseline,baseline,301,0.03,1250,833.333333333333,4701.54891603056,-8578.09605202954,4701.54891603056,-8578.09605202954,0,0,0,0,0,0,0,NaN,NaN,NaN,NaN
D03_id_iq_step,B0,baseline,baseline,302,0.0301,1250,833.333333333333,4699.94526627482,-8576.54305191686,4699.94526627482,-8576.54305191686,0,0,0,0,0,0,0,NaN,NaN,NaN,NaN
D03_id_iq_step,B0,baseline,baseline,303,0.0302,1250,833.333333333333,4692.08459460909,-8567.95134665904,4692.08459460909,-8567.95134665904,0,0,0,0,0,0,0,NaN,NaN,NaN,NaN
D03_id_iq_step,B0,baseline,baseline,304,0.0303,1250,833.333333333333,4692.43283982967,-8563.40932682978,4692.43283982967,-8563.40932682978,0,0,0,0,0,0,0,NaN,NaN,NaN,NaN
D03_id_iq_step,B0,baseline,baseline,305,0.0304,1250,833.333333333333,4702.9478285119,-8564.67922562084,4702.9478285119,-8564.67922562084,0,0,0,0,0,0,0,NaN,NaN,NaN,NaN
D03_id_iq_step,B0,baseline,baseline,306,0.0305,1250,833.333333333333,4717.20342276873,-8567.98975012165,4717.20342276873,-8567.98975012165,0,0,0,0,0,0,0,NaN,NaN,NaN,NaN
D03_id_iq_step,B0,baseline,baseline,307,0.0306,1250,833.333333333333,4724.73475108569,-8566.54189466189,4724.73475108569,-8566.54189466189,0,0,0,0,0,0,0,NaN,NaN,NaN,NaN
D03_id_iq_step,B0,baseline,baseline,308,0.0307,1250,833.333333333333,4720.58812738639,-8556.27420869921,4720.58812738639,-8556.27420869921,0,0,0,0,0,0,0,NaN,NaN,NaN,NaN
D03_id_iq_step,B0,baseline,baseline,309,0.0308,1250,833.333333333333,4721.76508269634,-8549.08033170983,4721.76508269634,-8549.08033170983,0,0,0,0,0,0,0,NaN,NaN,NaN,NaN
D03_id_iq_step,B0,baseline,baseline,310,0.0309,1250,833.333333333333,4736.04173628288,-8554.02186561929,4736.04173628288,-8554.02186561929,0,0,0,0,0,0,0,NaN,NaN,NaN,NaN
D03_id_iq_step,B0,baseline,baseline,311,0.031,1250,833.333333333333,4751.4561387373,-8572.04519657982,4751.4561387373,-8572.04519657982,0,0,0,0,0,0,0,NaN,NaN,NaN,NaN
D03_id_iq_step,B0,baseline,baseline,312,0.0311,1250,833.333333333333,4764.33426881676,-8603.94138396869,4764.33426881676,-8603.94138396869,0,0,0,0,0,0,0,NaN,NaN,NaN,NaN
D03_id_iq_step,B0,baseline,baseline,313,0.0312,1250,833.333333333333,4768.49031306142,-8637.75132333442,4768.49031306142,-8637.75132333442,0,0,0,0,0,0,0,NaN,NaN,NaN,NaN
D03_id_iq_step,B0,baseline,baseline,314,0.0313,1250,833.333333333333,4753.6850981204,-8656.33746882775,4753.6850981204,-8656.33746882775,0,0,0,0,0,0,0,NaN,NaN,NaN,NaN
D03_id_iq_step,B0,baseline,baseline,315,0.0314,1250,833.333333333333,4734.50021698601,-8657.5455096192,4734.50021698601,-8657.5455096192,0,0,0,0,0,0,0,NaN,NaN,NaN,NaN
D03_id_iq_step,B0,baseline,baseline,316,0.0315,1250,833.333333333333,4724.5272917421,-8645.53944210593,4724.5272917421,-8645.53944210593,0,0,0,0,0,0,0,NaN,NaN,NaN,NaN
D03_id_iq_step,B0,baseline,baseline,317,0.0316,1250,833.333333333333,4729.83313906773,-8631.88890840371,4729.83313906773,-8631.88890840371,0,0,0,0,0,0,0,NaN,NaN,NaN,NaN
D03_id_iq_step,B0,baseline,baseline,318,0.0317,1250,833.333333333333,4750.06740155387,-8625.31945783298,4750.06740155387,-8625.31945783298,0,0,0,0,0,0,0,NaN,NaN,NaN,NaN
D03_id_iq_step,B0,baseline,baseline,319,0.0318,1250,833.333333333333,4763.92765535603,-8620.89561930665,4763.92765535603,-8620.89561930665,0,0,0,0,0,0,0,NaN,NaN,NaN,NaN
D03_id_iq_step,B0,baseline,baseline,320,0.0319,1250,833.333333333333,4765.50400760318,-8618.63401433418,4765.50400760318,-8618.63401433418,0,0,0,0,0,0,0,NaN,NaN,NaN,NaN
D03_id_iq_step,B0,baseline,baseline,321,0.032,1250,833.333333333333,4755.91853917301,-8612.27942840378,4755.91853917301,-8612.27942840378,0,0,0,0,0,0,0,NaN,NaN,NaN,NaN
D03_id_iq_step,B0,baseline,baseline,322,0.0321,1250,833.333333333333,4721.79546099078,-8599.45783216183,4721.79546099078,-8599.45783216183,0,0,0,0,0,0,0,NaN,NaN,NaN,NaN
D03_id_iq_step,B0,baseline,baseline,323,0.0322,1250,833.333333333333,4675.7404614424,-8593.96994252644,4675.7404614424,-8593.96994252644,0,0,0,0,0,0,0,NaN,NaN,NaN,NaN
D03_id_iq_step,B0,baseline,baseline,324,0.0323,1250,833.333333333333,4645.15578024152,-8592.95774763043,4645.15578024152,-8592.95774763043,0,0,0,0,0,0,0,NaN,NaN,NaN,NaN
D03_id_iq_step,B0,baseline,baseline,325,0.0324,1250,833.333333333333,4643.16252847235,-8591.07732934503,4643.16252847235,-8591.07732934503,0,0,0,0,0,0,0,NaN,NaN,NaN,NaN
D03_id_iq_step,B0,baseline,baseline,326,0.0325,1250,833.333333333333,4666.39130163584,-8586.50844500224,4666.39130163584,-8586.50844500224,0,0,0,0,0,0,0,NaN,NaN,NaN,NaN
D03_id_iq_step,B0,baseline,baseline,327,0.0326,1250,833.333333333333,4689.19641263175,-8576.33939920622,4689.19641263175,-8576.33939920622,0,0,0,0,0,0,0,NaN,NaN,NaN,NaN
D03_id_iq_step,B0,baseline,baseline,328,0.0327,1250,833.333333333333,4698.72092707315,-8573.33136251821,4698.72092707315,-8573.33136251821,0,0,0,0,0,0,0,NaN,NaN,NaN,NaN
D03_id_iq_step,B0,baseline,baseline,329,0.0328,1250,833.333333333333,4696.03415970537,-8572.14866101639,4696.03415970537,-8572.14866101639,0,0,0,0,0,0,0,NaN,NaN,NaN,NaN
D03_id_iq_step,B0,baseline,baseline,330,0.0329,1250,833.333333333333,4685.51750977279,-8562.9533674596,4685.51750977279,-8562.9533674596,0,0,0,0,0,0,0,NaN,NaN,NaN,NaN
D03_id_iq_step,B0,baseline,baseline,331,0.033,1250,833.333333333333,4683.45670050643,-8557.76470951148,4683.45670050643,-8557.76470951148,0,0,0,0,0,0,0,NaN,NaN,NaN,NaN
D03_id_iq_step,B0,baseline,baseline,332,0.0331,1250,833.333333333333,4690.77684813073,-8558.20234427384,4690.77684813073,-8558.20234427384,0,0,0,0,0,0,0,NaN,NaN,NaN,NaN
D03_id_iq_step,B0,baseline,baseline,333,0.0332,1250,833.333333333333,4699.33183405546,-8559.65315536739,4699.33183405546,-8559.65315536739,0,0,0,0,0,0,0,NaN,NaN,NaN,NaN
D03_id_iq_step,B0,baseline,baseline,334,0.0333,1250,833.333333333333,4696.68172044861,-8554.10530115544,4696.68172044861,-8554.10530115544,0,0,0,0,0,0,0,NaN,NaN,NaN,NaN
D03_id_iq_step,B0,baseline,baseline,335,0.0334,1250,833.333333333333,4676.71020603242,-8536.73534489975,4676.71020603242,-8536.73534489975,0,0,0,0,0,0,0,NaN,NaN,NaN,NaN
D03_id_iq_step,B0,baseline,baseline,336,0.0335,1250,833.333333333333,4659.16205888186,-8520.58641695039,4659.16205888186,-8520.58641695039,0,0,0,0,0,0,0,NaN,NaN,NaN,NaN
D03_id_iq_step,B0,baseline,baseline,337,0.0336,1250,833.333333333333,4660.68517507531,-8515.42436093771,4660.68517507531,-8515.42436093771,0,0,0,0,0,0,0,NaN,NaN,NaN,NaN
D03_id_iq_step,B0,baseline,baseline,338,0.0337,1250,833.333333333333,4681.99235261445,-8522.15481588978,4681.99235261445,-8522.15481588978,0,0,0,0,0,0,0,NaN,NaN,NaN,NaN
D03_id_iq_step,B0,baseline,baseline,339,0.0338,1250,833.333333333333,4713.05544290555,-8541.97668585065,4713.05544290555,-8541.97668585065,0,0,0,0,0,0,0,NaN,NaN,NaN,NaN
D03_id_iq_step,B0,baseline,baseline,340,0.0339,1250,833.333333333333,4740.20105710273,-8575.71551892067,4740.20105710273,-8575.71551892067,0,0,0,0,0,0,0,NaN,NaN,NaN,NaN
D03_id_iq_step,B0,baseline,baseline,341,0.034,1250,833.333333333333,4755.34988234801,-8614.48991396866,4755.34988234801,-8614.48991396866,0,0,0,0,0,0,0,NaN,NaN,NaN,NaN
D03_id_iq_step,B0,baseline,baseline,342,0.0341,1250,833.333333333333,4758.42685686028,-8645.46759204866,4758.42685686028,-8645.46759204866,0,0,0,0,0,0,0,NaN,NaN,NaN,NaN
D03_id_iq_step,B0,baseline,baseline,343,0.0342,1250,833.333333333333,4748.24758621773,-8656.43702921774,4748.24758621773,-8656.43702921774,0,0,0,0,0,0,0,NaN,NaN,NaN,NaN
D03_id_iq_step,B0,baseline,baseline,344,0.0343,1250,833.333333333333,4726.79580271598,-8641.86419371838,4726.79580271598,-8641.86419371838,0,0,0,0,0,0,0,NaN,NaN,NaN,NaN
D03_id_iq_step,B0,baseline,baseline,345,0.0344,1250,833.333333333333,4711.24236987591,-8620.72111209117,4711.24236987591,-8620.72111209117,0,0,0,0,0,0,0,NaN,NaN,NaN,NaN
D03_id_iq_step,B0,baseline,baseline,346,0.0345,1250,833.333333333333,4713.66583364787,-8609.03038426934,4713.66583364787,-8609.03038426934,0,0,0,0,0,0,0,NaN,NaN,NaN,NaN
D03_id_iq_step,B0,baseline,baseline,347,0.0346,1250,833.333333333333,4732.77422869415,-8608.69212652885,4732.77422869415,-8608.69212652885,0,0,0,0,0,0,0,NaN,NaN,NaN,NaN
D03_id_iq_step,B0,baseline,baseline,348,0.0347,1250,833.333333333333,4746.0348720784,-8609.57699977846,4746.0348720784,-8609.57699977846,0,0,0,0,0,0,0,NaN,NaN,NaN,NaN
D03_id_iq_step,B0,baseline,baseline,349,0.0348,1250,833.333333333333,4724.01384729901,-8600.00702105809,4724.01384729901,-8600.00702105809,0,0,0,0,0,0,0,NaN,NaN,NaN,NaN
D03_id_iq_step,B0,baseline,baseline,350,0.0349,1250,833.333333333333,4676.20620635689,-8587.39444358115,4676.20620635689,-8587.39444358115,0,0,0,0,0,0,0,NaN,NaN,NaN,NaN
D03_id_iq_step,B0,baseline,baseline,351,0.035,1250,833.333333333333,4639.06552885998,-8577.02924562341,4639.06552885998,-8577.02924562341,0,0,0,0,0,0,0,NaN,NaN,NaN,NaN
D03_id_iq_step,B0,baseline,baseline,352,0.0351,1250,833.333333333333,4633.59316813196,-8571.16096548515,4633.59316813196,-8571.16096548515,0,0,0,0,0,0,0,NaN,NaN,NaN,NaN
D03_id_iq_step,B0,baseline,baseline,353,0.0352,1250,833.333333333333,4654.76802375294,-8568.40478488989,4654.76802375294,-8568.40478488989,0,0,0,0,0,0,0,NaN,NaN,NaN,NaN
D03_id_iq_step,B0,baseline,baseline,354,0.0353,1250,833.333333333333,4680.8410319818,-8566.11247863533,4680.8410319818,-8566.11247863533,0,0,0,0,0,0,0,NaN,NaN,NaN,NaN
D03_id_iq_step,B0,baseline,baseline,355,0.0354,1250,833.333333333333,4694.08539960754,-8569.59452858524,4694.08539960754,-8569.59452858524,0,0,0,0,0,0,0,NaN,NaN,NaN,NaN
D03_id_iq_step,B0,baseline,baseline,356,0.0355,1250,833.333333333333,4698.68338474242,-8575.56267209839,4698.68338474242,-8575.56267209839,0,0,0,0,0,0,0,NaN,NaN,NaN,NaN
D03_id_iq_step,B0,baseline,baseline,357,0.0356,1250,833.333333333333,4695.82625219659,-8573.43015639844,4695.82625219659,-8573.43015639844,0,0,0,0,0,0,0,NaN,NaN,NaN,NaN
D03_id_iq_step,B0,baseline,baseline,358,0.0357,1250,833.333333333333,4686.04674950696,-8563.88231427635,4686.04674950696,-8563.88231427635,0,0,0,0,0,0,0,NaN,NaN,NaN,NaN
D03_id_iq_step,B0,baseline,baseline,359,0.0358,1250,833.333333333333,4684.95631564873,-8558.75087256498,4684.95631564873,-8558.75087256498,0,0,0,0,0,0,0,NaN,NaN,NaN,NaN
D03_id_iq_step,B0,baseline,baseline,360,0.0359,1250,833.333333333333,4693.5334473696,-8559.5957255861,4693.5334473696,-8559.5957255861,0,0,0,0,0,0,0,NaN,NaN,NaN,NaN
D03_id_iq_step,B0,baseline,baseline,361,0.036,1250,833.333333333333,4703.9797341921,-8561.82821313055,4703.9797341921,-8561.82821313055,0,0,0,0,0,0,0,NaN,NaN,NaN,NaN
D03_id_iq_step,B0,baseline,baseline,362,0.0361,1250,833.333333333333,4704.23427410602,-8557.60834146389,4704.23427410602,-8557.60834146389,0,0,0,0,0,0,0,NaN,NaN,NaN,NaN
D03_id_iq_step,B0,baseline,baseline,363,0.0362,1250,833.333333333333,4688.51474591771,-8542.28811259483,4688.51474591771,-8542.28811259483,0,0,0,0,0,0,0,NaN,NaN,NaN,NaN
D03_id_iq_step,B0,baseline,baseline,364,0.0363,1250,833.333333333333,4676.46646561893,-8528.61624563495,4676.46646561893,-8528.61624563495,0,0,0,0,0,0,0,NaN,NaN,NaN,NaN
D03_id_iq_step,B0,baseline,baseline,365,0.0364,1250,833.333333333333,4684.39609642368,-8526.17427005339,4684.39609642368,-8526.17427005339,0,0,0,0,0,0,0,NaN,NaN,NaN,NaN
D03_id_iq_step,B0,baseline,baseline,366,0.0365,1250,833.333333333333,4709.27957476781,-8535.97978716542,4709.27957476781,-8535.97978716542,0,0,0,0,0,0,0,NaN,NaN,NaN,NaN
D03_id_iq_step,B0,baseline,baseline,367,0.0366,1250,833.333333333333,4736.07412903305,-8559.16210596109,4736.07412903305,-8559.16210596109,0,0,0,0,0,0,0,NaN,NaN,NaN,NaN
D03_id_iq_step,B0,baseline,baseline,368,0.0367,1250,833.333333333333,4759.57453100529,-8596.61217623484,4759.57453100529,-8596.61217623484,0,0,0,0,0,0,0,NaN,NaN,NaN,NaN
D03_id_iq_step,B0,baseline,baseline,369,0.0368,1250,833.333333333333,4773.26642679914,-8636.87766405127,4773.26642679914,-8636.87766405127,0,0,0,0,0,0,0,NaN,NaN,NaN,NaN
D03_id_iq_step,B0,baseline,baseline,370,0.0369,1250,833.333333333333,4764.73136471647,-8663.07819060878,4764.73136471647,-8663.07819060878,0,0,0,0,0,0,0,NaN,NaN,NaN,NaN
D03_id_iq_step,B0,baseline,baseline,371,0.037,1250,833.333333333333,4747.06325705701,-8670.74904631526,4747.06325705701,-8670.74904631526,0,0,0,0,0,0,0,NaN,NaN,NaN,NaN
D03_id_iq_step,B0,baseline,baseline,372,0.0371,1250,833.333333333333,4733.99209060244,-8660.44816694658,4733.99209060244,-8660.44816694658,0,0,0,0,0,0,0,NaN,NaN,NaN,NaN
D03_id_iq_step,B0,baseline,baseline,373,0.0372,1250,833.333333333333,4733.67775875877,-8643.31197706925,4733.67775875877,-8643.31197706925,0,0,0,0,0,0,0,NaN,NaN,NaN,NaN
D03_id_iq_step,B0,baseline,baseline,374,0.0373,1250,833.333333333333,4750.42788182183,-8630.82967131764,4750.42788182183,-8630.82967131764,0,0,0,0,0,0,0,NaN,NaN,NaN,NaN
D03_id_iq_step,B0,baseline,baseline,375,0.0374,1250,833.333333333333,4764.3365514312,-8621.91339614946,4764.3365514312,-8621.91339614946,0,0,0,0,0,0,0,NaN,NaN,NaN,NaN
D03_id_iq_step,B0,baseline,baseline,376,0.0375,1250,833.333333333333,4757.69805526515,-8611.58117988243,4757.69805526515,-8611.58117988243,0,0,0,0,0,0,0,NaN,NaN,NaN,NaN
D03_id_iq_step,B0,baseline,baseline,377,0.0376,1250,833.333333333333,4725.58104632451,-8599.04540288439,4725.58104632451,-8599.04540288439,0,0,0,0,0,0,0,NaN,NaN,NaN,NaN
D03_id_iq_step,B0,baseline,baseline,378,0.0377,1250,833.333333333333,4675.0738554715,-8587.03648626318,4675.0738554715,-8587.03648626318,0,0,0,0,0,0,0,NaN,NaN,NaN,NaN
D03_id_iq_step,B0,baseline,baseline,379,0.0378,1250,833.333333333333,4635.16381073979,-8575.63192519492,4635.16381073979,-8575.63192519492,0,0,0,0,0,0,0,NaN,NaN,NaN,NaN
D03_id_iq_step,B0,baseline,baseline,380,0.0379,1250,833.333333333333,4628.61432006242,-8569.20072031036,4628.61432006242,-8569.20072031036,0,0,0,0,0,0,0,NaN,NaN,NaN,NaN
D03_id_iq_step,B0,baseline,baseline,381,0.038,1250,833.333333333333,4651.20545463156,-8566.71964320234,4651.20545463156,-8566.71964320234,0,0,0,0,0,0,0,NaN,NaN,NaN,NaN
D03_id_iq_step,B0,baseline,baseline,382,0.0381,1250,833.333333333333,4680.01164804533,-8565.48912264058,4680.01164804533,-8565.48912264058,0,0,0,0,0,0,0,NaN,NaN,NaN,NaN
D03_id_iq_step,B0,baseline,baseline,383,0.0382,1250,833.333333333333,4694.80545978586,-8570.11361870406,4694.80545978586,-8570.11361870406,0,0,0,0,0,0,0,NaN,NaN,NaN,NaN
D03_id_iq_step,B0,baseline,baseline,384,0.0383,1250,833.333333333333,4699.64629678711,-8576.56403601808,4699.64629678711,-8576.56403601808,0,0,0,0,0,0,0,NaN,NaN,NaN,NaN
D03_id_iq_step,B0,baseline,baseline,385,0.0384,1250,833.333333333333,4697.27915863782,-8574.67031707932,4697.27915863782,-8574.67031707932,0,0,0,0,0,0,0,NaN,NaN,NaN,NaN
D03_id_iq_step,B0,baseline,baseline,386,0.0385,1250,833.333333333333,4688.25274666972,-8565.50526258982,4688.25274666972,-8565.50526258982,0,0,0,0,0,0,0,NaN,NaN,NaN,NaN
D03_id_iq_step,B0,baseline,baseline,387,0.0386,1250,833.333333333333,4687.72508857232,-8560.60933540686,4687.72508857232,-8560.60933540686,0,0,0,0,0,0,0,NaN,NaN,NaN,NaN
D03_id_iq_step,B0,baseline,baseline,388,0.0387,1250,833.333333333333,4697.0798177364,-8561.62048924231,4697.0798177364,-8561.62048924231,0,0,0,0,0,0,0,NaN,NaN,NaN,NaN
D03_id_iq_step,B0,baseline,baseline,389,0.0388,1250,833.333333333333,4709.02364105417,-8564.27874598257,4709.02364105417,-8564.27874598257,0,0,0,0,0,0,0,NaN,NaN,NaN,NaN
D03_id_iq_step,B0,baseline,baseline,390,0.0389,1250,833.333333333333,4712.13425456598,-8561.15511352605,4712.13425456598,-8561.15511352605,0,0,0,0,0,0,0,NaN,NaN,NaN,NaN
D03_id_iq_step,B0,baseline,baseline,391,0.039,1250,833.333333333333,4700.89730022083,-8547.8330931594,4700.89730022083,-8547.8330931594,0,0,0,0,0,0,0,NaN,NaN,NaN,NaN
D03_id_iq_step,B0,baseline,baseline,392,0.0391,1250,833.333333333333,4694.65857582228,-8536.68378380015,4694.65857582228,-8536.68378380015,0,0,0,0,0,0,0,NaN,NaN,NaN,NaN
D03_id_iq_step,B0,baseline,baseline,393,0.0392,1250,833.333333333333,4706.75328540039,-8537.09502845282,4706.75328540039,-8537.09502845282,0,0,0,0,0,0,0,NaN,NaN,NaN,NaN
D03_id_iq_step,B0,baseline,baseline,394,0.0393,1250,833.333333333333,4729.27195509807,-8550.14751906544,4729.27195509807,-8550.14751906544,0,0,0,0,0,0,0,NaN,NaN,NaN,NaN
D03_id_iq_step,B0,baseline,baseline,395,0.0394,1250,833.333333333333,4747.20682115311,-8576.74990437517,4747.20682115311,-8576.74990437517,0,0,0,0,0,0,0,NaN,NaN,NaN,NaN
D03_id_iq_step,B0,baseline,baseline,396,0.0395,1250,833.333333333333,4752.04081195054,-8609.26195638794,4752.04081195054,-8609.26195638794,0,0,0,0,0,0,0,NaN,NaN,NaN,NaN
D03_id_iq_step,B0,baseline,baseline,397,0.0396,1250,833.333333333333,4746.26612403945,-8636.57406732527,4746.26612403945,-8636.57406732527,0,0,0,0,0,0,0,NaN,NaN,NaN,NaN
D03_id_iq_step,B0,baseline,baseline,398,0.0397,1250,833.333333333333,4738.97042700289,-8652.80297374937,4738.97042700289,-8652.80297374937,0,0,0,0,0,0,0,NaN,NaN,NaN,NaN
D03_id_iq_step,B0,baseline,baseline,399,0.0398,1250,833.333333333333,4738.96624990799,-8653.20114833764,4738.96624990799,-8653.20114833764,0,0,0,0,0,0,0,NaN,NaN,NaN,NaN
D03_id_iq_step,B0,baseline,baseline,400,0.0399,1250,833.333333333333,4745.7315771979,-8643.16474191345,4745.7315771979,-8643.16474191345,0,0,0,0,0,0,0,NaN,NaN,NaN,NaN
D03_id_iq_step,B0,baseline,baseline,401,0.04,1250,833.333333333333,4754.23960711473,-8631.68792749506,4754.23960711473,-8631.68792749506,0,0,0,0,0,0,0,NaN,NaN,NaN,NaN
D03_id_iq_step,B0,baseline,baseline,402,0.0401,1250,833.333333333333,4761.67825131867,-8621.97125476127,4761.67825131867,-8621.97125476127,0,0,0,0,0,0,0,NaN,NaN,NaN,NaN
D03_id_iq_step,B0,baseline,baseline,403,0.0402,1250,833.333333333333,4765.32469014711,-8618.20409036811,4765.32469014711,-8618.20409036811,0,0,0,0,0,0,0,NaN,NaN,NaN,NaN
D03_id_iq_step,B0,baseline,baseline,404,0.0403,1250,833.333333333333,4756.66190225178,-8611.65632213832,4756.66190225178,-8611.65632213832,0,0,0,0,0,0,0,NaN,NaN,NaN,NaN
D03_id_iq_step,B0,baseline,baseline,405,0.0404,1250,833.333333333333,4723.79635882812,-8598.65616487933,4723.79635882812,-8598.65616487933,0,0,0,0,0,0,0,NaN,NaN,NaN,NaN
D03_id_iq_step,B0,baseline,baseline,406,0.0405,1250,833.333333333333,4671.49692140802,-8586.46528219811,4671.49692140802,-8586.46528219811,0,0,0,0,0,0,0,NaN,NaN,NaN,NaN
D03_id_iq_step,B0,baseline,baseline,407,0.0406,1250,833.333333333333,4630.09787992615,-8574.78746643195,4630.09787992615,-8574.78746643195,0,0,0,0,0,0,0,NaN,NaN,NaN,NaN
D03_id_iq_step,B0,baseline,baseline,408,0.0407,1250,833.333333333333,4623.65960223534,-8568.20248458469,4623.65960223534,-8568.20248458469,0,0,0,0,0,0,0,NaN,NaN,NaN,NaN
D03_id_iq_step,B0,baseline,baseline,409,0.0408,1250,833.333333333333,4648.19636115182,-8565.947550246,4648.19636115182,-8565.947550246,0,0,0,0,0,0,0,NaN,NaN,NaN,NaN
D03_id_iq_step,B0,baseline,baseline,410,0.0409,1250,833.333333333333,4679.62997403674,-8565.3964135655,4679.62997403674,-8565.3964135655,0,0,0,0,0,0,0,NaN,NaN,NaN,NaN
D03_id_iq_step,B0,baseline,baseline,411,0.041,1250,833.333333333333,4695.81465307982,-8570.79114350643,4695.81465307982,-8570.79114350643,0,0,0,0,0,0,0,NaN,NaN,NaN,NaN
D03_id_iq_step,B0,baseline,baseline,412,0.0411,1250,833.333333333333,4700.93611227127,-8577.58056787964,4700.93611227127,-8577.58056787964,0,0,0,0,0,0,0,NaN,NaN,NaN,NaN
D03_id_iq_step,B0,baseline,baseline,413,0.0412,1250,833.333333333333,4699.07018815843,-8575.90980806686,4699.07018815843,-8575.90980806686,0,0,0,0,0,0,0,NaN,NaN,NaN,NaN
D03_id_iq_step,B0,baseline,baseline,414,0.0413,1250,833.333333333333,4690.81536663425,-8567.127522916,4690.81536663425,-8567.127522916,0,0,0,0,0,0,0,NaN,NaN,NaN,NaN
D03_id_iq_step,B0,baseline,baseline,415,0.0414,1250,833.333333333333,4690.87061002029,-8562.46892280698,4690.87061002029,-8562.46892280698,0,0,0,0,0,0,0,NaN,NaN,NaN,NaN
D03_id_iq_step,B0,baseline,baseline,416,0.0415,1250,833.333333333333,4700.9863818613,-8563.6532299442,4700.9863818613,-8563.6532299442,0,0,0,0,0,0,0,NaN,NaN,NaN,NaN
D03_id_iq_step,B0,baseline,baseline,417,0.0416,1250,833.333333333333,4714.44799546851,-8566.74451971734,4714.44799546851,-8566.74451971734,0,0,0,0,0,0,0,NaN,NaN,NaN,NaN
D03_id_iq_step,B0,baseline,baseline,418,0.0417,1250,833.333333333333,4720.45416968313,-8564.73381660742,4720.45416968313,-8564.73381660742,0,0,0,0,0,0,0,NaN,NaN,NaN,NaN
D03_id_iq_step,B0,baseline,baseline,419,0.0418,1250,833.333333333333,4713.87077524045,-8553.44010530189,4713.87077524045,-8553.44010530189,0,0,0,0,0,0,0,NaN,NaN,NaN,NaN
D03_id_iq_step,B0,baseline,baseline,420,0.0419,1250,833.333333333333,4713.2112782604,-8544.8867682827,4713.2112782604,-8544.8867682827,0,0,0,0,0,0,0,NaN,NaN,NaN,NaN
D03_id_iq_step,B0,baseline,baseline,421,0.042,1250,833.333333333333,4728.40763812796,-8548.24909535439,4728.40763812796,-8548.24909535439,0,0,0,0,0,0,0,NaN,NaN,NaN,NaN
D03_id_iq_step,B0,baseline,baseline,422,0.0421,1250,833.333333333333,4747.52179218438,-8564.57925724726,4747.52179218438,-8564.57925724726,0,0,0,0,0,0,0,NaN,NaN,NaN,NaN
D03_id_iq_step,B0,baseline,baseline,423,0.0422,1250,833.333333333333,4762.05099136153,-8594.71326762619,4762.05099136153,-8594.71326762619,0,0,0,0,0,0,0,NaN,NaN,NaN,NaN
D03_id_iq_step,B0,baseline,baseline,424,0.0423,1250,833.333333333333,4761.73145043611,-8624.51502640616,4761.73145043611,-8624.51502640616,0,0,0,0,0,0,0,NaN,NaN,NaN,NaN
D03_id_iq_step,B0,baseline,baseline,425,0.0424,1250,833.333333333333,4742.28531355048,-8634.14626140851,4742.28531355048,-8634.14626140851,0,0,0,0,0,0,0,NaN,NaN,NaN,NaN
D03_id_iq_step,B0,baseline,baseline,426,0.0425,1250,833.333333333333,4733.7637665517,-8632.79125205792,4733.7637665517,-8632.79125205792,0,0,0,0,0,0,0,NaN,NaN,NaN,NaN
D03_id_iq_step,B0,baseline,baseline,427,0.0426,1250,833.333333333333,4746.5885796994,-8634.96306875113,4746.5885796994,-8634.96306875113,0,0,0,0,0,0,0,NaN,NaN,NaN,NaN
D03_id_iq_step,B0,baseline,baseline,428,0.0427,1250,833.333333333333,4762.11561685695,-8640.80952762732,4762.11561685695,-8640.80952762732,0,0,0,0,0,0,0,NaN,NaN,NaN,NaN
D03_id_iq_step,B0,baseline,baseline,429,0.0428,1250,833.333333333333,4772.47485748762,-8646.08976716308,4772.47485748762,-8646.08976716308,0,0,0,0,0,0,0,NaN,NaN,NaN,NaN
D03_id_iq_step,B0,baseline,baseline,430,0.0429,1250,833.333333333333,4766.18801964317,-8638.04325453116,4766.18801964317,-8638.04325453116,0,0,0,0,0,0,0,NaN,NaN,NaN,NaN
D03_id_iq_step,B0,baseline,baseline,431,0.043,1250,833.333333333333,4755.5237652662,-8622.46633975348,4755.5237652662,-8622.46633975348,0,0,0,0,0,0,0,NaN,NaN,NaN,NaN
D03_id_iq_step,B0,baseline,baseline,432,0.0431,1250,833.333333333333,4750.96986673309,-8610.20049829319,4750.96986673309,-8610.20049829319,0,0,0,0,0,0,0,NaN,NaN,NaN,NaN
D03_id_iq_step,B0,baseline,baseline,433,0.0432,1250,833.333333333333,4723.79920465459,-8598.19002986608,4723.79920465459,-8598.19002986608,0,0,0,0,0,0,0,NaN,NaN,NaN,NaN
D03_id_iq_step,B0,baseline,baseline,434,0.0433,1250,833.333333333333,4670.43254561163,-8586.50588473926,4670.43254561163,-8586.50588473926,0,0,0,0,0,0,0,NaN,NaN,NaN,NaN
D03_id_iq_step,B0,baseline,baseline,435,0.0434,1250,833.333333333333,4627.40155409726,-8574.97337749628,4627.40155409726,-8574.97337749628,0,0,0,0,0,0,0,NaN,NaN,NaN,NaN
D03_id_iq_step,B0,baseline,baseline,436,0.0435,1250,833.333333333333,4620.39330244036,-8568.30420392792,4620.39330244036,-8568.30420392792,0,0,0,0,0,0,0,NaN,NaN,NaN,NaN
D03_id_iq_step,B0,baseline,baseline,437,0.0436,1250,833.333333333333,4645.98601214873,-8566.04303911956,4645.98601214873,-8566.04303911956,0,0,0,0,0,0,0,NaN,NaN,NaN,NaN
D03_id_iq_step,B0,baseline,baseline,438,0.0437,1250,833.333333333333,4679.36594727315,-8565.76464996882,4679.36594727315,-8565.76464996882,0,0,0,0,0,0,0,NaN,NaN,NaN,NaN
D03_id_iq_step,B0,baseline,baseline,439,0.0438,1250,833.333333333333,4696.70417339955,-8571.55941637004,4696.70417339955,-8571.55941637004,0,0,0,0,0,0,0,NaN,NaN,NaN,NaN
D03_id_iq_step,B0,baseline,baseline,440,0.0439,1250,833.333333333333,4702.12421225233,-8578.5582004844,4702.12421225233,-8578.5582004844,0,0,0,0,0,0,0,NaN,NaN,NaN,NaN
D03_id_iq_step,B0,baseline,baseline,441,0.044,1250,833.333333333333,4700.83718245517,-8577.12484419237,4700.83718245517,-8577.12484419237,0,0,0,0,0,0,0,NaN,NaN,NaN,NaN
D03_id_iq_step,B0,baseline,baseline,442,0.0441,1250,833.333333333333,4693.36489538447,-8568.74216860754,4693.36489538447,-8568.74216860754,0,0,0,0,0,0,0,NaN,NaN,NaN,NaN
D03_id_iq_step,B0,baseline,baseline,443,0.0442,1250,833.333333333333,4693.96889880221,-8564.33661355824,4693.96889880221,-8564.33661355824,0,0,0,0,0,0,0,NaN,NaN,NaN,NaN
D03_id_iq_step,B0,baseline,baseline,444,0.0443,1250,833.333333333333,4704.87484202127,-8565.70277970969,4704.87484202127,-8565.70277970969,0,0,0,0,0,0,0,NaN,NaN,NaN,NaN
D03_id_iq_step,B0,baseline,baseline,445,0.0444,1250,833.333333333333,4719.94403007529,-8569.23945005602,4719.94403007529,-8569.23945005602,0,0,0,0,0,0,0,NaN,NaN,NaN,NaN
D03_id_iq_step,B0,baseline,baseline,446,0.0445,1250,833.333333333333,4729.07796341696,-8568.36132690862,4729.07796341696,-8568.36132690862,0,0,0,0,0,0,0,NaN,NaN,NaN,NaN
D03_id_iq_step,B0,baseline,baseline,447,0.0446,1250,833.333333333333,4727.46281411635,-8559.12906008996,4727.46281411635,-8559.12906008996,0,0,0,0,0,0,0,NaN,NaN,NaN,NaN
D03_id_iq_step,B0,baseline,baseline,448,0.0447,1250,833.333333333333,4730.53730965095,-8553.3026233157,4730.53730965095,-8553.3026233157,0,0,0,0,0,0,0,NaN,NaN,NaN,NaN
D03_id_iq_step,B0,baseline,baseline,449,0.0448,1250,833.333333333333,4743.90355271142,-8559.82157543333,4743.90355271142,-8559.82157543333,0,0,0,0,0,0,0,NaN,NaN,NaN,NaN
D03_id_iq_step,B0,baseline,baseline,450,0.0449,1250,833.333333333333,4755.568356622,-8579.52542859941,4755.568356622,-8579.52542859941,0,0,0,0,0,0,0,NaN,NaN,NaN,NaN
D03_id_iq_step,B0,baseline,baseline,451,0.045,1250,833.333333333333,4757.26203116491,-8606.12456251044,4757.26203116491,-8606.12456251044,0,0,0,0,0,0,0,NaN,NaN,NaN,NaN
D03_id_iq_step,B0,baseline,baseline,452,0.0451,1250,833.333333333333,4750.26682040366,-8630.18254546184,4750.26682040366,-8630.18254546184,0,0,0,0,0,0,0,NaN,NaN,NaN,NaN
D03_id_iq_step,B0,baseline,baseline,453,0.0452,1250,833.333333333333,4791.37343708289,-8659.24774348793,4791.37343708289,-8659.24774348793,0,0,0,0,0,0,0,NaN,NaN,NaN,NaN
D03_id_iq_step,B0,baseline,baseline,454,0.0453,1250,833.333333333333,5001.85568001824,-8709.22781748745,5001.85568001824,-8709.22781748745,0,0,0,0,0,0,0,NaN,NaN,NaN,NaN
D03_id_iq_step,B0,baseline,baseline,455,0.0454,1250,833.333333333333,5458.82139267073,-8779.09905966822,5458.82139267073,-8779.09905966822,0,0,0,0,0,0,0,NaN,NaN,NaN,NaN
D03_id_iq_step,B0,baseline,baseline,456,0.0455,1250,833.333333333333,6141.02016663509,-8847.7684221309,6141.02016663509,-8847.7684221309,0,0,0,0,0,0,0,NaN,NaN,NaN,NaN
D03_id_iq_step,B0,baseline,baseline,457,0.0456,1250,833.333333333333,6945.67034592042,-8888.74901025735,6945.67034592042,-8888.74901025735,0,0,0,0,0,0,0,NaN,NaN,NaN,NaN
D03_id_iq_step,B0,baseline,baseline,458,0.0457,1250,833.333333333333,7744.43619961351,-8896.86749791809,7744.43619961351,-8896.86749791809,0,0,0,0,0,0,0,NaN,NaN,NaN,NaN
D03_id_iq_step,B0,baseline,baseline,459,0.0458,1250,833.333333333333,8439.62758731626,-8887.25137717018,8439.62758731626,-8887.25137717018,0,0,0,0,0,0,0,NaN,NaN,NaN,NaN
D03_id_iq_step,B0,baseline,baseline,460,0.0459,1250,833.333333333333,8958.1369377709,-8870.87025743373,8958.1369377709,-8870.87025743373,0,0,0,0,0,0,0,NaN,NaN,NaN,NaN
D03_id_iq_step,B0,baseline,baseline,461,0.046,1250,833.333333333333,9267.37269405157,-8850.14742815244,9267.37269405157,-8850.14742815244,0,0,0,0,0,0,0,NaN,NaN,NaN,NaN
D03_id_iq_step,B0,baseline,baseline,462,0.0461,1250,833.333333333333,9393.98626204705,-8821.43628559241,9393.98626204705,-8821.43628559241,0,0,0,0,0,0,0,NaN,NaN,NaN,NaN
D03_id_iq_step,B0,baseline,baseline,463,0.0462,1250,833.333333333333,9416.27582316365,-8782.33803401891,9416.27582316365,-8782.33803401891,0,0,0,0,0,0,0,NaN,NaN,NaN,NaN
D03_id_iq_step,B0,baseline,baseline,464,0.0463,1250,833.333333333333,9416.25232546874,-8742.2775378754,9416.25232546874,-8742.2775378754,0,0,0,0,0,0,0,NaN,NaN,NaN,NaN
D03_id_iq_step,B0,baseline,baseline,465,0.0464,1250,833.333333333333,9427.169881848,-8716.93862023113,9427.169881848,-8716.93862023113,0,0,0,0,0,0,0,NaN,NaN,NaN,NaN
D03_id_iq_step,B0,baseline,baseline,466,0.0465,1250,833.333333333333,9450.86796003667,-8714.32323204025,9450.86796003667,-8714.32323204025,0,0,0,0,0,0,0,NaN,NaN,NaN,NaN
D03_id_iq_step,B0,baseline,baseline,467,0.0466,1250,833.333333333333,9477.74167139597,-8728.0382527353,9477.74167139597,-8728.0382527353,0,0,0,0,0,0,0,NaN,NaN,NaN,NaN
D03_id_iq_step,B0,baseline,baseline,468,0.0467,1250,833.333333333333,9494.66387236009,-8742.46280257813,9494.66387236009,-8742.46280257813,0,0,0,0,0,0,0,NaN,NaN,NaN,NaN
D03_id_iq_step,B0,baseline,baseline,469,0.0468,1250,833.333333333333,9503.85285931759,-8751.04524768418,9503.85285931759,-8751.04524768418,0,0,0,0,0,0,0,NaN,NaN,NaN,NaN
D03_id_iq_step,B0,baseline,baseline,470,0.0469,1250,833.333333333333,9521.49362084309,-8763.69986818058,9521.49362084309,-8763.69986818058,0,0,0,0,0,0,0,NaN,NaN,NaN,NaN
D03_id_iq_step,B0,baseline,baseline,471,0.047,1250,833.333333333333,9545.89772289865,-8781.61557177928,9545.89772289865,-8781.61557177928,0,0,0,0,0,0,0,NaN,NaN,NaN,NaN
D03_id_iq_step,B0,baseline,baseline,472,0.0471,1250,833.333333333333,9562.606059557,-8795.17793118632,9562.606059557,-8795.17793118632,0,0,0,0,0,0,0,NaN,NaN,NaN,NaN
D03_id_iq_step,B0,baseline,baseline,473,0.0472,1250,833.333333333333,9567.67417935823,-8800.03210092134,9567.67417935823,-8800.03210092134,0,0,0,0,0,0,0,NaN,NaN,NaN,NaN
D03_id_iq_step,B0,baseline,baseline,474,0.0473,1250,833.333333333333,9566.3747839021,-8798.50195893552,9566.3747839021,-8798.50195893552,0,0,0,0,0,0,0,NaN,NaN,NaN,NaN
D03_id_iq_step,B0,baseline,baseline,475,0.0474,1250,833.333333333333,9558.47651388707,-8793.48197484369,9558.47651388707,-8793.48197484369,0,0,0,0,0,0,0,NaN,NaN,NaN,NaN
D03_id_iq_step,B0,baseline,baseline,476,0.0475,1250,833.333333333333,9535.97923083041,-8782.69852969909,9535.97923083041,-8782.69852969909,0,0,0,0,0,0,0,NaN,NaN,NaN,NaN
D03_id_iq_step,B0,baseline,baseline,477,0.0476,1250,833.333333333333,9509.09442431076,-8770.00595307598,9509.09442431076,-8770.00595307598,0,0,0,0,0,0,0,NaN,NaN,NaN,NaN
D03_id_iq_step,B0,baseline,baseline,478,0.0477,1250,833.333333333333,9493.81636393961,-8759.72628840663,9493.81636393961,-8759.72628840663,0,0,0,0,0,0,0,NaN,NaN,NaN,NaN
D03_id_iq_step,B0,baseline,baseline,479,0.0478,1250,833.333333333333,9497.82383663906,-8754.55129464048,9497.82383663906,-8754.55129464048,0,0,0,0,0,0,0,NaN,NaN,NaN,NaN
D03_id_iq_step,B0,baseline,baseline,480,0.0479,1250,833.333333333333,9516.33040553591,-8755.48982006545,9516.33040553591,-8755.48982006545,0,0,0,0,0,0,0,NaN,NaN,NaN,NaN
D03_id_iq_step,B0,baseline,baseline,481,0.048,1250,833.333333333333,9527.30307038162,-8754.85609117058,9527.30307038162,-8754.85609117058,0,0,0,0,0,0,0,NaN,NaN,NaN,NaN
D03_id_iq_step,B0,baseline,baseline,482,0.0481,1250,833.333333333333,9527.08994032895,-8753.16079319476,9527.08994032895,-8753.16079319476,0,0,0,0,0,0,0,NaN,NaN,NaN,NaN
D03_id_iq_step,B0,baseline,baseline,483,0.0482,1250,833.333333333333,9517.36306996888,-8747.31207157105,9517.36306996888,-8747.31207157105,0,0,0,0,0,0,0,NaN,NaN,NaN,NaN
D03_id_iq_step,B0,baseline,baseline,484,0.0483,1250,833.333333333333,9496.58495882151,-8732.15341480179,9496.58495882151,-8732.15341480179,0,0,0,0,0,0,0,NaN,NaN,NaN,NaN
D03_id_iq_step,B0,baseline,baseline,485,0.0484,1250,833.333333333333,9473.70466892916,-8715.18311582749,9473.70466892916,-8715.18311582749,0,0,0,0,0,0,0,NaN,NaN,NaN,NaN
D03_id_iq_step,B0,baseline,baseline,486,0.0485,1250,833.333333333333,9456.26240992797,-8703.13447262301,9456.26240992797,-8703.13447262301,0,0,0,0,0,0,0,NaN,NaN,NaN,NaN
D03_id_iq_step,B0,baseline,baseline,487,0.0486,1250,833.333333333333,9451.53426832538,-8701.95364678227,9451.53426832538,-8701.95364678227,0,0,0,0,0,0,0,NaN,NaN,NaN,NaN
D03_id_iq_step,B0,baseline,baseline,488,0.0487,1250,833.333333333333,9454.94791432808,-8708.58605928308,9454.94791432808,-8708.58605928308,0,0,0,0,0,0,0,NaN,NaN,NaN,NaN
D03_id_iq_step,B0,baseline,baseline,489,0.0488,1250,833.333333333333,9457.73744867845,-8715.19830095957,9457.73744867845,-8715.19830095957,0,0,0,0,0,0,0,NaN,NaN,NaN,NaN
D03_id_iq_step,B0,baseline,baseline,490,0.0489,1250,833.333333333333,9453.12513014301,-8715.81665358822,9453.12513014301,-8715.81665358822,0,0,0,0,0,0,0,NaN,NaN,NaN,NaN
D03_id_iq_step,B0,baseline,baseline,491,0.049,1250,833.333333333333,9443.78675991252,-8709.72128393702,9443.78675991252,-8709.72128393702,0,0,0,0,0,0,0,NaN,NaN,NaN,NaN
D03_id_iq_step,B0,baseline,baseline,492,0.0491,1250,833.333333333333,9443.30974469654,-8706.89753631369,9443.30974469654,-8706.89753631369,0,0,0,0,0,0,0,NaN,NaN,NaN,NaN
D03_id_iq_step,B0,baseline,baseline,493,0.0492,1250,833.333333333333,9450.3594201655,-8710.69846938488,9450.3594201655,-8710.69846938488,0,0,0,0,0,0,0,NaN,NaN,NaN,NaN
D03_id_iq_step,B0,baseline,baseline,494,0.0493,1250,833.333333333333,9460.46163757441,-8718.36366876126,9460.46163757441,-8718.36366876126,0,0,0,0,0,0,0,NaN,NaN,NaN,NaN
D03_id_iq_step,B0,baseline,baseline,495,0.0494,1250,833.333333333333,9466.57595626082,-8723.80820469638,9466.57595626082,-8723.80820469638,0,0,0,0,0,0,0,NaN,NaN,NaN,NaN
D03_id_iq_step,B0,baseline,baseline,496,0.0495,1250,833.333333333333,9466.68614765982,-8722.27228460003,9466.68614765982,-8722.27228460003,0,0,0,0,0,0,0,NaN,NaN,NaN,NaN
D03_id_iq_step,B0,baseline,baseline,497,0.0496,1250,833.333333333333,9475.83082245109,-8724.11152533759,9475.83082245109,-8724.11152533759,0,0,0,0,0,0,0,NaN,NaN,NaN,NaN
D03_id_iq_step,B0,baseline,baseline,498,0.0497,1250,833.333333333333,9498.53602717088,-8738.94971663054,9498.53602717088,-8738.94971663054,0,0,0,0,0,0,0,NaN,NaN,NaN,NaN
D03_id_iq_step,B0,baseline,baseline,499,0.0498,1250,833.333333333333,9533.45441857121,-8767.86117324118,9533.45441857121,-8767.86117324118,0,0,0,0,0,0,0,NaN,NaN,NaN,NaN
D03_id_iq_step,B0,baseline,baseline,500,0.0499,1250,833.333333333333,9559.60770111225,-8797.02005900189,9559.60770111225,-8797.02005900189,0,0,0,0,0,0,0,NaN,NaN,NaN,NaN
D03_id_iq_step,B0,baseline,baseline,501,0.05,1250,833.333333333333,9550.89389109342,-8806.48721910154,9550.89389109342,-8806.48721910154,0,0,0,0,0,0,0,NaN,NaN,NaN,NaN
D03_id_iq_step,B0,baseline,baseline,502,0.0501,1250,833.333333333333,9521.95836249098,-8795.48758136582,9521.95836249098,-8795.48758136582,0,0,0,0,0,0,0,NaN,NaN,NaN,NaN
D03_id_iq_step,B0,baseline,baseline,503,0.0502,1250,833.333333333333,9505.19651383949,-8780.5236222171,9505.19651383949,-8780.5236222171,0,0,0,0,0,0,0,NaN,NaN,NaN,NaN
D03_id_iq_step,B0,baseline,baseline,504,0.0503,1250,833.333333333333,9513.55966052865,-8778.35752004001,9513.55966052865,-8778.35752004001,0,0,0,0,0,0,0,NaN,NaN,NaN,NaN
D03_id_iq_step,B0,baseline,baseline,505,0.0504,1250,833.333333333333,9527.54498306408,-8783.80610810507,9527.54498306408,-8783.80610810507,0,0,0,0,0,0,0,NaN,NaN,NaN,NaN
D03_id_iq_step,B0,baseline,baseline,506,0.0505,1250,833.333333333333,9524.31405001761,-8780.84529414961,9524.31405001761,-8780.84529414961,0,0,0,0,0,0,0,NaN,NaN,NaN,NaN
D03_id_iq_step,B0,baseline,baseline,507,0.0506,1250,833.333333333333,9510.20350833376,-8767.66843675223,9510.20350833376,-8767.66843675223,0,0,0,0,0,0,0,NaN,NaN,NaN,NaN
D03_id_iq_step,B0,baseline,baseline,508,0.0507,1250,833.333333333333,9507.57348917257,-8754.50126849182,9507.57348917257,-8754.50126849182,0,0,0,0,0,0,0,NaN,NaN,NaN,NaN
D03_id_iq_step,B0,baseline,baseline,509,0.0508,1250,833.333333333333,9520.67792870803,-8750.96255587879,9520.67792870803,-8750.96255587879,0,0,0,0,0,0,0,NaN,NaN,NaN,NaN
D03_id_iq_step,B0,baseline,baseline,510,0.0509,1250,833.333333333333,9519.92329729234,-8745.85319268902,9519.92329729234,-8745.85319268902,0,0,0,0,0,0,0,NaN,NaN,NaN,NaN
D03_id_iq_step,B0,baseline,baseline,511,0.051,1250,833.333333333333,9498.07244430995,-8729.85740129045,9498.07244430995,-8729.85740129045,0,0,0,0,0,0,0,NaN,NaN,NaN,NaN
D03_id_iq_step,B0,baseline,baseline,512,0.0511,1250,833.333333333333,9473.52516327515,-8711.69136332071,9473.52516327515,-8711.69136332071,0,0,0,0,0,0,0,NaN,NaN,NaN,NaN
D03_id_iq_step,B0,baseline,baseline,513,0.0512,1250,833.333333333333,9454.64354667906,-8698.51070778579,9454.64354667906,-8698.51070778579,0,0,0,0,0,0,0,NaN,NaN,NaN,NaN
D03_id_iq_step,B0,baseline,baseline,514,0.0513,1250,833.333333333333,9449.08636127879,-8696.89857883346,9449.08636127879,-8696.89857883346,0,0,0,0,0,0,0,NaN,NaN,NaN,NaN
D03_id_iq_step,B0,baseline,baseline,515,0.0514,1250,833.333333333333,9452.00065603358,-8703.73129665805,9452.00065603358,-8703.73129665805,0,0,0,0,0,0,0,NaN,NaN,NaN,NaN
D03_id_iq_step,B0,baseline,baseline,516,0.0515,1250,833.333333333333,9454.21596383018,-8710.58978419659,9454.21596383018,-8710.58978419659,0,0,0,0,0,0,0,NaN,NaN,NaN,NaN
D03_id_iq_step,B0,baseline,baseline,517,0.0516,1250,833.333333333333,9448.08012876756,-8710.4813200479,9448.08012876756,-8710.4813200479,0,0,0,0,0,0,0,NaN,NaN,NaN,NaN
D03_id_iq_step,B0,baseline,baseline,518,0.0517,1250,833.333333333333,9436.81651567265,-8702.61527875998,9436.81651567265,-8702.61527875998,0,0,0,0,0,0,0,NaN,NaN,NaN,NaN
D03_id_iq_step,B0,baseline,baseline,519,0.0518,1250,833.333333333333,9435.19165218299,-8698.6448897572,9435.19165218299,-8698.6448897572,0,0,0,0,0,0,0,NaN,NaN,NaN,NaN
D03_id_iq_step,B0,baseline,baseline,520,0.0519,1250,833.333333333333,9440.72960756599,-8701.89903483312,9440.72960756599,-8701.89903483312,0,0,0,0,0,0,0,NaN,NaN,NaN,NaN
D03_id_iq_step,B0,baseline,baseline,521,0.052,1250,833.333333333333,9447.46443195587,-8708.23632785538,9447.46443195587,-8708.23632785538,0,0,0,0,0,0,0,NaN,NaN,NaN,NaN
D03_id_iq_step,B0,baseline,baseline,522,0.0521,1250,833.333333333333,9446.72065503546,-8709.70481381142,9446.72065503546,-8709.70481381142,0,0,0,0,0,0,0,NaN,NaN,NaN,NaN
D03_id_iq_step,B0,baseline,baseline,523,0.0522,1250,833.333333333333,9436.00821109512,-8700.48786918205,9436.00821109512,-8700.48786918205,0,0,0,0,0,0,0,NaN,NaN,NaN,NaN
D03_id_iq_step,B0,baseline,baseline,524,0.0523,1250,833.333333333333,9434.01634600035,-8692.47071319411,9434.01634600035,-8692.47071319411,0,0,0,0,0,0,0,NaN,NaN,NaN,NaN
D03_id_iq_step,B0,baseline,baseline,525,0.0524,1250,833.333333333333,9448.16390716442,-8696.52669373882,9448.16390716442,-8696.52669373882,0,0,0,0,0,0,0,NaN,NaN,NaN,NaN
D03_id_iq_step,B0,baseline,baseline,526,0.0525,1250,833.333333333333,9473.62275069532,-8714.37833770557,9473.62275069532,-8714.37833770557,0,0,0,0,0,0,0,NaN,NaN,NaN,NaN
D03_id_iq_step,B0,baseline,baseline,527,0.0526,1250,833.333333333333,9510.16551363499,-8746.48951965516,9510.16551363499,-8746.48951965516,0,0,0,0,0,0,0,NaN,NaN,NaN,NaN
D03_id_iq_step,B0,baseline,baseline,528,0.0527,1250,833.333333333333,9538.87307494568,-8776.01171884567,9538.87307494568,-8776.01171884567,0,0,0,0,0,0,0,NaN,NaN,NaN,NaN
D03_id_iq_step,B0,baseline,baseline,529,0.0528,1250,833.333333333333,9537.91003184274,-8778.81372540733,9537.91003184274,-8778.81372540733,0,0,0,0,0,0,0,NaN,NaN,NaN,NaN
D03_id_iq_step,B0,baseline,baseline,530,0.0529,1250,833.333333333333,9524.57915255771,-8763.55702031449,9524.57915255771,-8763.55702031449,0,0,0,0,0,0,0,NaN,NaN,NaN,NaN
D03_id_iq_step,B0,baseline,baseline,531,0.053,1250,833.333333333333,9518.21387685747,-8751.75727421446,9518.21387685747,-8751.75727421446,0,0,0,0,0,0,0,NaN,NaN,NaN,NaN
D03_id_iq_step,B0,baseline,baseline,532,0.0531,1250,833.333333333333,9524.91428100664,-8753.14701369202,9524.91428100664,-8753.14701369202,0,0,0,0,0,0,0,NaN,NaN,NaN,NaN
D03_id_iq_step,B0,baseline,baseline,533,0.0532,1250,833.333333333333,9539.47280725832,-8764.69338821182,9539.47280725832,-8764.69338821182,0,0,0,0,0,0,0,NaN,NaN,NaN,NaN
D03_id_iq_step,B0,baseline,baseline,534,0.0533,1250,833.333333333333,9539.3716858146,-8766.62897258236,9539.3716858146,-8766.62897258236,0,0,0,0,0,0,0,NaN,NaN,NaN,NaN
D03_id_iq_step,B0,baseline,baseline,535,0.0534,1250,833.333333333333,9529.12227872814,-8757.34101717432,9529.12227872814,-8757.34101717432,0,0,0,0,0,0,0,NaN,NaN,NaN,NaN
D03_id_iq_step,B0,baseline,baseline,536,0.0535,1250,833.333333333333,9525.92887437049,-8752.46153063263,9525.92887437049,-8752.46153063263,0,0,0,0,0,0,0,NaN,NaN,NaN,NaN
D03_id_iq_step,B0,baseline,baseline,537,0.0536,1250,833.333333333333,9526.70650036041,-8752.17052685479,9526.70650036041,-8752.17052685479,0,0,0,0,0,0,0,NaN,NaN,NaN,NaN
D03_id_iq_step,B0,baseline,baseline,538,0.0537,1250,833.333333333333,9518.06653335534,-8745.46880837547,9518.06653335534,-8745.46880837547,0,0,0,0,0,0,0,NaN,NaN,NaN,NaN
D03_id_iq_step,B0,baseline,baseline,539,0.0538,1250,833.333333333333,9497.14005513969,-8729.52784198606,9497.14005513969,-8729.52784198606,0,0,0,0,0,0,0,NaN,NaN,NaN,NaN
D03_id_iq_step,B0,baseline,baseline,540,0.0539,1250,833.333333333333,9473.39152475324,-8711.87412936155,9473.39152475324,-8711.87412936155,0,0,0,0,0,0,0,NaN,NaN,NaN,NaN
D03_id_iq_step,B0,baseline,baseline,541,0.054,1250,833.333333333333,9454.99126916368,-8699.33927623802,9454.99126916368,-8699.33927623802,0,0,0,0,0,0,0,NaN,NaN,NaN,NaN
D03_id_iq_step,B0,baseline,baseline,542,0.0541,1250,833.333333333333,9449.65379220462,-8698.14870684138,9449.65379220462,-8698.14870684138,0,0,0,0,0,0,0,NaN,NaN,NaN,NaN
D03_id_iq_step,B0,baseline,baseline,543,0.0542,1250,833.333333333333,9452.65505466127,-8705.11560893701,9452.65505466127,-8705.11560893701,0,0,0,0,0,0,0,NaN,NaN,NaN,NaN
D03_id_iq_step,B0,baseline,baseline,544,0.0543,1250,833.333333333333,9454.98554238873,-8711.96429829987,9454.98554238873,-8711.96429829987,0,0,0,0,0,0,0,NaN,NaN,NaN,NaN
D03_id_iq_step,B0,baseline,baseline,545,0.0544,1250,833.333333333333,9449.29544996272,-8712.05199051983,9449.29544996272,-8712.05199051983,0,0,0,0,0,0,0,NaN,NaN,NaN,NaN
D03_id_iq_step,B0,baseline,baseline,546,0.0545,1250,833.333333333333,9438.59243057059,-8704.68187243651,9438.59243057059,-8704.68187243651,0,0,0,0,0,0,0,NaN,NaN,NaN,NaN
D03_id_iq_step,B0,baseline,baseline,547,0.0546,1250,833.333333333333,9437.29784073626,-8701.03940911086,9437.29784073626,-8701.03940911086,0,0,0,0,0,0,0,NaN,NaN,NaN,NaN
D03_id_iq_step,B0,baseline,baseline,548,0.0547,1250,833.333333333333,9443.27986561745,-8704.4472838348,9443.27986561745,-8704.4472838348,0,0,0,0,0,0,0,NaN,NaN,NaN,NaN
D03_id_iq_step,B0,baseline,baseline,549,0.0548,1250,833.333333333333,9450.96507162399,-8711.16275004706,9450.96507162399,-8711.16275004706,0,0,0,0,0,0,0,NaN,NaN,NaN,NaN
D03_id_iq_step,B0,baseline,baseline,550,0.0549,1250,833.333333333333,9452.15053278478,-8713.76176008149,9452.15053278478,-8713.76176008149,0,0,0,0,0,0,0,NaN,NaN,NaN,NaN
D03_id_iq_step,B0,baseline,baseline,551,0.055,1250,833.333333333333,9444.43099429538,-8706.73802397864,9444.43099429538,-8706.73802397864,0,0,0,0,0,0,0,NaN,NaN,NaN,NaN
D03_id_iq_step,B0,baseline,baseline,552,0.0551,1250,833.333333333333,9446.0667803663,-8701.41264416638,9446.0667803663,-8701.41264416638,0,0,0,0,0,0,0,NaN,NaN,NaN,NaN
D03_id_iq_step,B0,baseline,baseline,553,0.0552,1250,833.333333333333,9463.15572113371,-8708.40152839391,9463.15572113371,-8708.40152839391,0,0,0,0,0,0,0,NaN,NaN,NaN,NaN
D03_id_iq_step,B0,baseline,baseline,554,0.0553,1250,833.333333333333,9490.39060808201,-8729.51822014454,9490.39060808201,-8729.51822014454,0,0,0,0,0,0,0,NaN,NaN,NaN,NaN
D03_id_iq_step,B0,baseline,baseline,555,0.0554,1250,833.333333333333,9519.75038106631,-8757.33513760314,9519.75038106631,-8757.33513760314,0,0,0,0,0,0,0,NaN,NaN,NaN,NaN
D03_id_iq_step,B0,baseline,baseline,556,0.0555,1250,833.333333333333,9541.99329173772,-8781.06604094626,9541.99329173772,-8781.06604094626,0,0,0,0,0,0,0,NaN,NaN,NaN,NaN
D03_id_iq_step,B0,baseline,baseline,557,0.0556,1250,833.333333333333,9554.51919107141,-8794.90598702491,9554.51919107141,-8794.90598702491,0,0,0,0,0,0,0,NaN,NaN,NaN,NaN
D03_id_iq_step,B0,baseline,baseline,558,0.0557,1250,833.333333333333,9561.96833585652,-8799.65303432566,9561.96833585652,-8799.65303432566,0,0,0,0,0,0,0,NaN,NaN,NaN,NaN
D03_id_iq_step,B0,baseline,baseline,559,0.0558,1250,833.333333333333,9560.85703221716,-8801.0497181391,9560.85703221716,-8801.0497181391,0,0,0,0,0,0,0,NaN,NaN,NaN,NaN
D03_id_iq_step,B0,baseline,baseline,560,0.0559,1250,833.333333333333,9548.52092645124,-8801.40804540337,9548.52092645124,-8801.40804540337,0,0,0,0,0,0,0,NaN,NaN,NaN,NaN
D03_id_iq_step,B0,baseline,baseline,561,0.056,1250,833.333333333333,9532.11887183413,-8800.28335306988,9532.11887183413,-8800.28335306988,0,0,0,0,0,0,0,NaN,NaN,NaN,NaN
D03_id_iq_step,B0,baseline,baseline,562,0.0561,1250,833.333333333333,9511.26707721641,-8792.25507799357,9511.26707721641,-8792.25507799357,0,0,0,0,0,0,0,NaN,NaN,NaN,NaN
D03_id_iq_step,B0,baseline,baseline,563,0.0562,1250,833.333333333333,9499.63321024042,-8777.75418461042,9499.63321024042,-8777.75418461042,0,0,0,0,0,0,0,NaN,NaN,NaN,NaN
D03_id_iq_step,B0,baseline,baseline,564,0.0563,1250,833.333333333333,9503.99738753614,-8763.91944897026,9503.99738753614,-8763.91944897026,0,0,0,0,0,0,0,NaN,NaN,NaN,NaN
D03_id_iq_step,B0,baseline,baseline,565,0.0564,1250,833.333333333333,9511.74681055906,-8753.5126859138,9511.74681055906,-8753.5126859138,0,0,0,0,0,0,0,NaN,NaN,NaN,NaN
D03_id_iq_step,B0,baseline,baseline,566,0.0565,1250,833.333333333333,9513.95576965675,-8744.70631687578,9513.95576965675,-8744.70631687578,0,0,0,0,0,0,0,NaN,NaN,NaN,NaN
D03_id_iq_step,B0,baseline,baseline,567,0.0566,1250,833.333333333333,9499.80538782154,-8731.38317968405,9499.80538782154,-8731.38317968405,0,0,0,0,0,0,0,NaN,NaN,NaN,NaN
D03_id_iq_step,B0,baseline,baseline,568,0.0567,1250,833.333333333333,9475.06956048872,-8714.5720511457,9475.06956048872,-8714.5720511457,0,0,0,0,0,0,0,NaN,NaN,NaN,NaN
D03_id_iq_step,B0,baseline,baseline,569,0.0568,1250,833.333333333333,9456.10498037766,-8702.11569101959,9456.10498037766,-8702.11569101959,0,0,0,0,0,0,0,NaN,NaN,NaN,NaN
D03_id_iq_step,B0,baseline,baseline,570,0.0569,1250,833.333333333333,9450.58900291888,-8700.44801004383,9450.58900291888,-8700.44801004383,0,0,0,0,0,0,0,NaN,NaN,NaN,NaN
D03_id_iq_step,B0,baseline,baseline,571,0.057,1250,833.333333333333,9453.67658620183,-8706.8025941336,9453.67658620183,-8706.8025941336,0,0,0,0,0,0,0,NaN,NaN,NaN,NaN
D03_id_iq_step,B0,baseline,baseline,572,0.0571,1250,833.333333333333,9456.27424839162,-8713.28054870249,9456.27424839162,-8713.28054870249,0,0,0,0,0,0,0,NaN,NaN,NaN,NaN
D03_id_iq_step,B0,baseline,baseline,573,0.0572,1250,833.333333333333,9451.04554634762,-8713.50327686564,9451.04554634762,-8713.50327686564,0,0,0,0,0,0,0,NaN,NaN,NaN,NaN
D03_id_iq_step,B0,baseline,baseline,574,0.0573,1250,833.333333333333,9440.86502098343,-8706.6680098993,9440.86502098343,-8706.6680098993,0,0,0,0,0,0,0,NaN,NaN,NaN,NaN
D03_id_iq_step,B0,baseline,baseline,575,0.0574,1250,833.333333333333,9439.86139982194,-8703.3870633843,9439.86139982194,-8703.3870633843,0,0,0,0,0,0,0,NaN,NaN,NaN,NaN
D03_id_iq_step,B0,baseline,baseline,576,0.0575,1250,833.333333333333,9446.20552961523,-8706.9591568271,9446.20552961523,-8706.9591568271,0,0,0,0,0,0,0,NaN,NaN,NaN,NaN
D03_id_iq_step,B0,baseline,baseline,577,0.0576,1250,833.333333333333,9454.7911127059,-8714.04374238193,9454.7911127059,-8714.04374238193,0,0,0,0,0,0,0,NaN,NaN,NaN,NaN
D03_id_iq_step,B0,baseline,baseline,578,0.0577,1250,833.333333333333,9457.8353521881,-8717.77854166848,9457.8353521881,-8717.77854166848,0,0,0,0,0,0,0,NaN,NaN,NaN,NaN
D03_id_iq_step,B0,baseline,baseline,579,0.0578,1250,833.333333333333,9453.12679171917,-8712.953987339,9453.12679171917,-8712.953987339,0,0,0,0,0,0,0,NaN,NaN,NaN,NaN
D03_id_iq_step,B0,baseline,baseline,580,0.0579,1250,833.333333333333,9458.03889523374,-8710.42184206145,9458.03889523374,-8710.42184206145,0,0,0,0,0,0,0,NaN,NaN,NaN,NaN
D03_id_iq_step,B0,baseline,baseline,581,0.058,1250,833.333333333333,9478.1343529457,-8720.38080682557,9478.1343529457,-8720.38080682557,0,0,0,0,0,0,0,NaN,NaN,NaN,NaN
D03_id_iq_step,B0,baseline,baseline,582,0.0581,1250,833.333333333333,9508.94834257961,-8744.48453356004,9508.94834257961,-8744.48453356004,0,0,0,0,0,0,0,NaN,NaN,NaN,NaN
D03_id_iq_step,B0,baseline,baseline,583,0.0582,1250,833.333333333333,9541.03288447061,-8773.9542082041,9541.03288447061,-8773.9542082041,0,0,0,0,0,0,0,NaN,NaN,NaN,NaN
D03_id_iq_step,B0,baseline,baseline,584,0.0583,1250,833.333333333333,9562.36804365711,-8796.20476358715,9562.36804365711,-8796.20476358715,0,0,0,0,0,0,0,NaN,NaN,NaN,NaN
D03_id_iq_step,B0,baseline,baseline,585,0.0584,1250,833.333333333333,9570.4279285414,-8805.81652781324,9570.4279285414,-8805.81652781324,0,0,0,0,0,0,0,NaN,NaN,NaN,NaN
D03_id_iq_step,B0,baseline,baseline,586,0.0585,1250,833.333333333333,9571.9797549159,-8805.61281256275,9571.9797549159,-8805.61281256275,0,0,0,0,0,0,0,NaN,NaN,NaN,NaN
D03_id_iq_step,B0,baseline,baseline,587,0.0586,1250,833.333333333333,9567.45629610736,-8803.85990319772,9567.45629610736,-8803.85990319772,0,0,0,0,0,0,0,NaN,NaN,NaN,NaN
D03_id_iq_step,B0,baseline,baseline,588,0.0587,1250,833.333333333333,9556.97482143458,-8804.22018375363,9556.97482143458,-8804.22018375363,0,0,0,0,0,0,0,NaN,NaN,NaN,NaN
D03_id_iq_step,B0,baseline,baseline,589,0.0588,1250,833.333333333333,9546.76700297226,-8804.91927503109,9546.76700297226,-8804.91927503109,0,0,0,0,0,0,0,NaN,NaN,NaN,NaN
D03_id_iq_step,B0,baseline,baseline,590,0.0589,1250,833.333333333333,9532.24658393419,-8798.45809883525,9532.24658393419,-8798.45809883525,0,0,0,0,0,0,0,NaN,NaN,NaN,NaN
D03_id_iq_step,B0,baseline,baseline,591,0.059,1250,833.333333333333,9521.70957637472,-8783.90869749696,9521.70957637472,-8783.90869749696,0,0,0,0,0,0,0,NaN,NaN,NaN,NaN
D03_id_iq_step,B0,baseline,baseline,592,0.0591,1250,833.333333333333,9520.89792450659,-8768.25710119415,9520.89792450659,-8768.25710119415,0,0,0,0,0,0,0,NaN,NaN,NaN,NaN
D03_id_iq_step,B0,baseline,baseline,593,0.0592,1250,833.333333333333,9520.43189204353,-8755.39569232955,9520.43189204353,-8755.39569232955,0,0,0,0,0,0,0,NaN,NaN,NaN,NaN
D03_id_iq_step,B0,baseline,baseline,594,0.0593,1250,833.333333333333,9516.49505870428,-8744.9901349112,9516.49505870428,-8744.9901349112,0,0,0,0,0,0,0,NaN,NaN,NaN,NaN
D03_id_iq_step,B0,baseline,baseline,595,0.0594,1250,833.333333333333,9500.75064321021,-8731.42636232221,9500.75064321021,-8731.42636232221,0,0,0,0,0,0,0,NaN,NaN,NaN,NaN
D03_id_iq_step,B0,baseline,baseline,596,0.0595,1250,833.333333333333,9476.24902650152,-8715.05046471363,9476.24902650152,-8715.05046471363,0,0,0,0,0,0,0,NaN,NaN,NaN,NaN
D03_id_iq_step,B0,baseline,baseline,597,0.0596,1250,833.333333333333,9457.23145042959,-8703.11256325496,9457.23145042959,-8703.11256325496,0,0,0,0,0,0,0,NaN,NaN,NaN,NaN
D03_id_iq_step,B0,baseline,baseline,598,0.0597,1250,833.333333333333,9451.54577230814,-8701.72091636394,9451.54577230814,-8701.72091636394,0,0,0,0,0,0,0,NaN,NaN,NaN,NaN
D03_id_iq_step,B0,baseline,baseline,599,0.0598,1250,833.333333333333,9454.53929113752,-8708.09106815089,9454.53929113752,-8708.09106815089,0,0,0,0,0,0,0,NaN,NaN,NaN,NaN
D03_id_iq_step,B0,baseline,baseline,600,0.0599,1250,833.333333333333,9457.20042161166,-8714.53751388132,9457.20042161166,-8714.53751388132,0,0,0,0,0,0,0,NaN,NaN,NaN,NaN
D03_id_iq_step,B0,baseline,baseline,601,0.06,1250,833.333333333333,9452.40584935887,-8714.98467196151,9452.40584935887,-8714.98467196151,0,0,0,0,0,0,0,NaN,NaN,NaN,NaN
D03_id_iq_step,B0,baseline,baseline,602,0.0601,1250,833.333333333333,9442.791554064,-8708.65902122506,9442.791554064,-8708.65902122506,0,0,0,0,0,0,0,NaN,NaN,NaN,NaN
D03_id_iq_step,B0,baseline,baseline,603,0.0602,1250,833.333333333333,9442.1235398334,-8705.71511104958,9442.1235398334,-8705.71511104958,0,0,0,0,0,0,0,NaN,NaN,NaN,NaN
D03_id_iq_step,B0,baseline,baseline,604,0.0603,1250,833.333333333333,9448.92577243461,-8709.45393564276,9448.92577243461,-8709.45393564276,0,0,0,0,0,0,0,NaN,NaN,NaN,NaN
D03_id_iq_step,B0,baseline,baseline,605,0.0604,1250,833.333333333333,9458.51183056644,-8716.92994299404,9458.51183056644,-8716.92994299404,0,0,0,0,0,0,0,NaN,NaN,NaN,NaN
D03_id_iq_step,B0,baseline,baseline,606,0.0605,1250,833.333333333333,9463.60260262148,-8721.80360904766,9463.60260262148,-8721.80360904766,0,0,0,0,0,0,0,NaN,NaN,NaN,NaN
D03_id_iq_step,B0,baseline,baseline,607,0.0606,1250,833.333333333333,9462.09251032601,-8719.17003605759,9462.09251032601,-8719.17003605759,0,0,0,0,0,0,0,NaN,NaN,NaN,NaN
D03_id_iq_step,B0,baseline,baseline,608,0.0607,1250,833.333333333333,9469.38210708786,-8719.63688115056,9469.38210708786,-8719.63688115056,0,0,0,0,0,0,0,NaN,NaN,NaN,NaN
D03_id_iq_step,B0,baseline,baseline,609,0.0608,1250,833.333333333333,9490.21397959595,-8733.04139350224,9490.21397959595,-8733.04139350224,0,0,0,0,0,0,0,NaN,NaN,NaN,NaN
D03_id_iq_step,B0,baseline,baseline,610,0.0609,1250,833.333333333333,9522.99501518981,-8760.48757218515,9522.99501518981,-8760.48757218515,0,0,0,0,0,0,0,NaN,NaN,NaN,NaN
D03_id_iq_step,B0,baseline,baseline,611,0.061,1250,833.333333333333,9548.92937872388,-8784.7038513799,9548.92937872388,-8784.7038513799,0,0,0,0,0,0,0,NaN,NaN,NaN,NaN
D03_id_iq_step,B0,baseline,baseline,612,0.0611,1250,833.333333333333,9545.65245182705,-8781.05312164311,9545.65245182705,-8781.05312164311,0,0,0,0,0,0,0,NaN,NaN,NaN,NaN
D03_id_iq_step,B0,baseline,baseline,613,0.0612,1250,833.333333333333,9527.61389023076,-8758.67625807366,9527.61389023076,-8758.67625807366,0,0,0,0,0,0,0,NaN,NaN,NaN,NaN
D03_id_iq_step,B0,baseline,baseline,614,0.0613,1250,833.333333333333,9513.59685382264,-8741.32911975176,9513.59685382264,-8741.32911975176,0,0,0,0,0,0,0,NaN,NaN,NaN,NaN
D03_id_iq_step,B0,baseline,baseline,615,0.0614,1250,833.333333333333,9514.99747595934,-8741.27031049861,9514.99747595934,-8741.27031049861,0,0,0,0,0,0,0,NaN,NaN,NaN,NaN
D03_id_iq_step,B0,baseline,baseline,616,0.0615,1250,833.333333333333,9529.3689244087,-8755.48827835593,9529.3689244087,-8755.48827835593,0,0,0,0,0,0,0,NaN,NaN,NaN,NaN
D03_id_iq_step,B0,baseline,baseline,617,0.0616,1250,833.333333333333,9533.1059175889,-8761.83433647915,9533.1059175889,-8761.83433647915,0,0,0,0,0,0,0,NaN,NaN,NaN,NaN
D03_id_iq_step,B0,baseline,baseline,618,0.0617,1250,833.333333333333,9527.19626117567,-8755.96432993456,9527.19626117567,-8755.96432993456,0,0,0,0,0,0,0,NaN,NaN,NaN,NaN
D03_id_iq_step,B0,baseline,baseline,619,0.0618,1250,833.333333333333,9525.27027368225,-8752.36748056092,9525.27027368225,-8752.36748056092,0,0,0,0,0,0,0,NaN,NaN,NaN,NaN
D03_id_iq_step,B0,baseline,baseline,620,0.0619,1250,833.333333333333,9525.78719486301,-8752.24697296292,9525.78719486301,-8752.24697296292,0,0,0,0,0,0,0,NaN,NaN,NaN,NaN
D03_id_iq_step,B0,baseline,baseline,621,0.062,1250,833.333333333333,9517.24022716532,-8745.27621256538,9517.24022716532,-8745.27621256538,0,0,0,0,0,0,0,NaN,NaN,NaN,NaN
D03_id_iq_step,B0,baseline,baseline,622,0.0621,1250,833.333333333333,9496.47333595406,-8728.58073713961,9496.47333595406,-8728.58073713961,0,0,0,0,0,0,0,NaN,NaN,NaN,NaN
D03_id_iq_step,B0,baseline,baseline,623,0.0622,1250,833.333333333333,9472.77644714388,-8710.10190410533,9472.77644714388,-8710.10190410533,0,0,0,0,0,0,0,NaN,NaN,NaN,NaN
D03_id_iq_step,B0,baseline,baseline,624,0.0623,1250,833.333333333333,9454.29668020412,-8696.99525022531,9454.29668020412,-8696.99525022531,0,0,0,0,0,0,0,NaN,NaN,NaN,NaN
D03_id_iq_step,B0,baseline,baseline,625,0.0624,1250,833.333333333333,9448.80900526951,-8695.72492229611,9448.80900526951,-8695.72492229611,0,0,0,0,0,0,0,NaN,NaN,NaN,NaN
D03_id_iq_step,B0,baseline,baseline,626,0.0625,1250,833.333333333333,9451.59328196439,-8702.93305522585,9451.59328196439,-8702.93305522585,0,0,0,0,0,0,0,NaN,NaN,NaN,NaN
D03_id_iq_step,B0,baseline,baseline,627,0.0626,1250,833.333333333333,9453.63676858853,-8709.95512812114,9453.63676858853,-8709.95512812114,0,0,0,0,0,0,0,NaN,NaN,NaN,NaN
D03_id_iq_step,B0,baseline,baseline,628,0.0627,1250,833.333333333333,9447.27780385461,-8709.72775074262,9447.27780385461,-8709.72775074262,0,0,0,0,0,0,0,NaN,NaN,NaN,NaN
D03_id_iq_step,B0,baseline,baseline,629,0.0628,1250,833.333333333333,9435.78167434754,-8701.57520095838,9435.78167434754,-8701.57520095838,0,0,0,0,0,0,0,NaN,NaN,NaN,NaN
D03_id_iq_step,B0,baseline,baseline,630,0.0629,1250,833.333333333333,9434.03361562092,-8697.42604158147,9434.03361562092,-8697.42604158147,0,0,0,0,0,0,0,NaN,NaN,NaN,NaN
D03_id_iq_step,B0,baseline,baseline,631,0.063,1250,833.333333333333,9439.39606818076,-8700.60788616761,9439.39606818076,-8700.60788616761,0,0,0,0,0,0,0,NaN,NaN,NaN,NaN
D03_id_iq_step,B0,baseline,baseline,632,0.0631,1250,833.333333333333,9445.69597899515,-8706.77091973541,9445.69597899515,-8706.77091973541,0,0,0,0,0,0,0,NaN,NaN,NaN,NaN
D03_id_iq_step,B0,baseline,baseline,633,0.0632,1250,833.333333333333,9444.04642378373,-8707.68125293106,9444.04642378373,-8707.68125293106,0,0,0,0,0,0,0,NaN,NaN,NaN,NaN
D03_id_iq_step,B0,baseline,baseline,634,0.0633,1250,833.333333333333,9431.8967297129,-8697.36639953955,9431.8967297129,-8697.36639953955,0,0,0,0,0,0,0,NaN,NaN,NaN,NaN
D03_id_iq_step,B0,baseline,baseline,635,0.0634,1250,833.333333333333,9428.14115519767,-8688.00251428776,9428.14115519767,-8688.00251428776,0,0,0,0,0,0,0,NaN,NaN,NaN,NaN
D03_id_iq_step,B0,baseline,baseline,636,0.0635,1250,833.333333333333,9441.33977571949,-8690.49896789865,9441.33977571949,-8690.49896789865,0,0,0,0,0,0,0,NaN,NaN,NaN,NaN
D03_id_iq_step,B0,baseline,baseline,637,0.0636,1250,833.333333333333,9467.06600897233,-8706.50596281709,9467.06600897233,-8706.50596281709,0,0,0,0,0,0,0,NaN,NaN,NaN,NaN
D03_id_iq_step,B0,baseline,baseline,638,0.0637,1250,833.333333333333,9502.98450434206,-8736.85787153122,9502.98450434206,-8736.85787153122,0,0,0,0,0,0,0,NaN,NaN,NaN,NaN
D03_id_iq_step,B0,baseline,baseline,639,0.0638,1250,833.333333333333,9539.30442325625,-8771.96523416408,9539.30442325625,-8771.96523416408,0,0,0,0,0,0,0,NaN,NaN,NaN,NaN
D03_id_iq_step,B0,baseline,baseline,640,0.0639,1250,833.333333333333,9563.4397132035,-8798.14819255476,9563.4397132035,-8798.14819255476,0,0,0,0,0,0,0,NaN,NaN,NaN,NaN
D03_id_iq_step,B0,baseline,baseline,641,0.064,1250,833.333333333333,9573.14746894406,-8809.6183814017,9573.14746894406,-8809.6183814017,0,0,0,0,0,0,0,NaN,NaN,NaN,NaN
D03_id_iq_step,B0,baseline,baseline,642,0.0641,1250,833.333333333333,9576.07906758358,-8809.62793295949,9576.07906758358,-8809.62793295949,0,0,0,0,0,0,0,NaN,NaN,NaN,NaN
D03_id_iq_step,B0,baseline,baseline,643,0.0642,1250,833.333333333333,9574.62978082188,-8807.87610267057,9574.62978082188,-8807.87610267057,0,0,0,0,0,0,0,NaN,NaN,NaN,NaN
D03_id_iq_step,B0,baseline,baseline,644,0.0643,1250,833.333333333333,9559.72024092642,-8801.68147182307,9559.72024092642,-8801.68147182307,0,0,0,0,0,0,0,NaN,NaN,NaN,NaN
D03_id_iq_step,B0,baseline,baseline,645,0.0644,1250,833.333333333333,9536.70804907593,-8786.42308862594,9536.70804907593,-8786.42308862594,0,0,0,0,0,0,0,NaN,NaN,NaN,NaN
D03_id_iq_step,B0,baseline,baseline,646,0.0645,1250,833.333333333333,9518.62697600675,-8767.96078650157,9518.62697600675,-8767.96078650157,0,0,0,0,0,0,0,NaN,NaN,NaN,NaN
D03_id_iq_step,B0,baseline,baseline,647,0.0646,1250,833.333333333333,9514.30945243428,-8753.48996811802,9514.30945243428,-8753.48996811802,0,0,0,0,0,0,0,NaN,NaN,NaN,NaN
D03_id_iq_step,B0,baseline,baseline,648,0.0647,1250,833.333333333333,9524.53575019692,-8749.68777936247,9524.53575019692,-8749.68777936247,0,0,0,0,0,0,0,NaN,NaN,NaN,NaN
D03_id_iq_step,B0,baseline,baseline,649,0.0648,1250,833.333333333333,9521.97886979502,-8745.05661175085,9521.97886979502,-8745.05661175085,0,0,0,0,0,0,0,NaN,NaN,NaN,NaN
D03_id_iq_step,B0,baseline,baseline,650,0.0649,1250,833.333333333333,9499.1273687209,-8729.71190892875,9499.1273687209,-8729.71190892875,0,0,0,0,0,0,0,NaN,NaN,NaN,NaN
D03_id_iq_step,B0,baseline,baseline,651,0.065,1250,833.333333333333,9473.97160734037,-8712.02269686561,9473.97160734037,-8712.02269686561,0,0,0,0,0,0,0,NaN,NaN,NaN,NaN
D03_id_iq_step,B0,baseline,baseline,652,0.0651,1250,833.333333333333,9454.86359707056,-8699.11435487538,9454.86359707056,-8699.11435487538,0,0,0,0,0,0,0,NaN,NaN,NaN,NaN
D03_id_iq_step,B0,baseline,baseline,653,0.0652,1250,833.333333333333,9449.26540826944,-8697.58902118984,9449.26540826944,-8697.58902118984,0,0,0,0,0,0,0,NaN,NaN,NaN,NaN
D03_id_iq_step,B0,baseline,baseline,654,0.0653,1250,833.333333333333,9452.21882527087,-8704.39255249981,9452.21882527087,-8704.39255249981,0,0,0,0,0,0,0,NaN,NaN,NaN,NaN
D03_id_iq_step,B0,baseline,baseline,655,0.0654,1250,833.333333333333,9454.52501660266,-8711.23339374986,9454.52501660266,-8711.23339374986,0,0,0,0,0,0,0,NaN,NaN,NaN,NaN
D03_id_iq_step,B0,baseline,baseline,656,0.0655,1250,833.333333333333,9448.63915003535,-8711.2533668252,9448.63915003535,-8711.2533668252,0,0,0,0,0,0,0,NaN,NaN,NaN,NaN
D03_id_iq_step,B0,baseline,baseline,657,0.0656,1250,833.333333333333,9437.65076344213,-8703.65859104503,9437.65076344213,-8703.65859104503,0,0,0,0,0,0,0,NaN,NaN,NaN,NaN
D03_id_iq_step,B0,baseline,baseline,658,0.0657,1250,833.333333333333,9436.17625919934,-8699.86368887916,9436.17625919934,-8699.86368887916,0,0,0,0,0,0,0,NaN,NaN,NaN,NaN
D03_id_iq_step,B0,baseline,baseline,659,0.0658,1250,833.333333333333,9441.93660259853,-8703.19310470952,9441.93660259853,-8703.19310470952,0,0,0,0,0,0,0,NaN,NaN,NaN,NaN
D03_id_iq_step,B0,baseline,baseline,660,0.0659,1250,833.333333333333,9449.14959687022,-8709.71421498962,9449.14959687022,-8709.71421498962,0,0,0,0,0,0,0,NaN,NaN,NaN,NaN
D03_id_iq_step,B0,baseline,baseline,661,0.066,1250,833.333333333333,9449.39119872425,-8711.73976387192,9449.39119872425,-8711.73976387192,0,0,0,0,0,0,0,NaN,NaN,NaN,NaN
D03_id_iq_step,B0,baseline,baseline,662,0.0661,1250,833.333333333333,9440.18352720438,-8703.6149688294,9440.18352720438,-8703.6149688294,0,0,0,0,0,0,0,NaN,NaN,NaN,NaN
D03_id_iq_step,B0,baseline,baseline,663,0.0662,1250,833.333333333333,9439.98870633876,-8696.94376868684,9439.98870633876,-8696.94376868684,0,0,0,0,0,0,0,NaN,NaN,NaN,NaN
D03_id_iq_step,B0,baseline,baseline,664,0.0663,1250,833.333333333333,9455.11434143036,-8702.55688737497,9455.11434143036,-8702.55688737497,0,0,0,0,0,0,0,NaN,NaN,NaN,NaN
D03_id_iq_step,B0,baseline,baseline,665,0.0664,1250,833.333333333333,9480.32765616569,-8722.24795776023,9480.32765616569,-8722.24795776023,0,0,0,0,0,0,0,NaN,NaN,NaN,NaN
D03_id_iq_step,B0,baseline,baseline,666,0.0665,1250,833.333333333333,9517.53719749466,-8756.11776147581,9517.53719749466,-8756.11776147581,0,0,0,0,0,0,0,NaN,NaN,NaN,NaN
D03_id_iq_step,B0,baseline,baseline,667,0.0666,1250,833.333333333333,9546.77022822772,-8790.57863388967,9546.77022822772,-8790.57863388967,0,0,0,0,0,0,0,NaN,NaN,NaN,NaN
D03_id_iq_step,B0,baseline,baseline,668,0.0667,1250,833.333333333333,9542.46719603318,-8806.228432479,9542.46719603318,-8806.228432479,0,0,0,0,0,0,0,NaN,NaN,NaN,NaN
D03_id_iq_step,B0,baseline,baseline,669,0.0668,1250,833.333333333333,9518.72910589961,-8800.9716092313,9518.72910589961,-8800.9716092313,0,0,0,0,0,0,0,NaN,NaN,NaN,NaN
D03_id_iq_step,B0,baseline,baseline,670,0.0669,1250,833.333333333333,9506.23892871634,-8789.10020042562,9506.23892871634,-8789.10020042562,0,0,0,0,0,0,0,NaN,NaN,NaN,NaN
D03_id_iq_step,B0,baseline,baseline,671,0.067,1250,833.333333333333,9518.54335222803,-8786.91950711912,9518.54335222803,-8786.91950711912,0,0,0,0,0,0,0,NaN,NaN,NaN,NaN
D03_id_iq_step,B0,baseline,baseline,672,0.0671,1250,833.333333333333,9536.14105543107,-8790.15553806455,9536.14105543107,-8790.15553806455,0,0,0,0,0,0,0,NaN,NaN,NaN,NaN
D03_id_iq_step,B0,baseline,baseline,673,0.0672,1250,833.333333333333,9534.18585068933,-8784.74054853532,9534.18585068933,-8784.74054853532,0,0,0,0,0,0,0,NaN,NaN,NaN,NaN
D03_id_iq_step,B0,baseline,baseline,674,0.0673,1250,833.333333333333,9518.71340648215,-8770.06900985356,9518.71340648215,-8770.06900985356,0,0,0,0,0,0,0,NaN,NaN,NaN,NaN
D03_id_iq_step,B0,baseline,baseline,675,0.0674,1250,833.333333333333,9512.66372801908,-8755.70512861299,9512.66372801908,-8755.70512861299,0,0,0,0,0,0,0,NaN,NaN,NaN,NaN
D03_id_iq_step,B0,baseline,baseline,676,0.0675,1250,833.333333333333,9522.48396806718,-8751.18453259618,9522.48396806718,-8751.18453259618,0,0,0,0,0,0,0,NaN,NaN,NaN,NaN
D03_id_iq_step,B0,baseline,baseline,677,0.0676,1250,833.333333333333,9520.69222456303,-8745.94895256736,9520.69222456303,-8745.94895256736,0,0,0,0,0,0,0,NaN,NaN,NaN,NaN
D03_id_iq_step,B0,baseline,baseline,678,0.0677,1250,833.333333333333,9498.92313373173,-8730.54643185656,9498.92313373173,-8730.54643185656,0,0,0,0,0,0,0,NaN,NaN,NaN,NaN
D03_id_iq_step,B0,baseline,baseline,679,0.0678,1250,833.333333333333,9474.43898001097,-8713.17171575024,9474.43898001097,-8713.17171575024,0,0,0,0,0,0,0,NaN,NaN,NaN,NaN
D03_id_iq_step,B0,baseline,baseline,680,0.0679,1250,833.333333333333,9455.6423150993,-8700.61384112234,9455.6423150993,-8700.61384112234,0,0,0,0,0,0,0,NaN,NaN,NaN,NaN
D03_id_iq_step,B0,baseline,baseline,681,0.068,1250,833.333333333333,9450.18750548585,-8699.15604376197,9450.18750548585,-8699.15604376197,0,0,0,0,0,0,0,NaN,NaN,NaN,NaN
D03_id_iq_step,B0,baseline,baseline,682,0.0681,1250,833.333333333333,9453.26983715015,-8705.81036339742,9453.26983715015,-8705.81036339742,0,0,0,0,0,0,0,NaN,NaN,NaN,NaN
D03_id_iq_step,B0,baseline,baseline,683,0.0682,1250,833.333333333333,9455.7482968287,-8712.52144151443,9455.7482968287,-8712.52144151443,0,0,0,0,0,0,0,NaN,NaN,NaN,NaN
D03_id_iq_step,B0,baseline,baseline,684,0.0683,1250,833.333333333333,9450.24890876482,-8712.7379094328,9450.24890876482,-8712.7379094328,0,0,0,0,0,0,0,NaN,NaN,NaN,NaN
D03_id_iq_step,B0,baseline,baseline,685,0.0684,1250,833.333333333333,9439.78037474598,-8705.65951007342,9439.78037474598,-8705.65951007342,0,0,0,0,0,0,0,NaN,NaN,NaN,NaN
D03_id_iq_step,B0,baseline,baseline,686,0.0685,1250,833.333333333333,9438.62726054117,-8702.19851009767,9438.62726054117,-8702.19851009767,0,0,0,0,0,0,0,NaN,NaN,NaN,NaN
D03_id_iq_step,B0,baseline,baseline,687,0.0686,1250,833.333333333333,9444.77990649787,-8705.68984741955,9444.77990649787,-8705.68984741955,0,0,0,0,0,0,0,NaN,NaN,NaN,NaN
D03_id_iq_step,B0,baseline,baseline,688,0.0687,1250,833.333333333333,9452.90420039355,-8712.58984799625,9452.90420039355,-8712.58984799625,0,0,0,0,0,0,0,NaN,NaN,NaN,NaN
D03_id_iq_step,B0,baseline,baseline,689,0.0688,1250,833.333333333333,9454.98493196779,-8715.76051731773,9454.98493196779,-8715.76051731773,0,0,0,0,0,0,0,NaN,NaN,NaN,NaN
D03_id_iq_step,B0,baseline,baseline,690,0.0689,1250,833.333333333333,9448.73843404023,-8709.83983144545,9448.73843404023,-8709.83983144545,0,0,0,0,0,0,0,NaN,NaN,NaN,NaN
D03_id_iq_step,B0,baseline,baseline,691,0.069,1250,833.333333333333,9452.23869049754,-8705.86040287481,9452.23869049754,-8705.86040287481,0,0,0,0,0,0,0,NaN,NaN,NaN,NaN
D03_id_iq_step,B0,baseline,baseline,692,0.0691,1250,833.333333333333,9471.38217806897,-8714.21773910069,9471.38217806897,-8714.21773910069,0,0,0,0,0,0,0,NaN,NaN,NaN,NaN
D03_id_iq_step,B0,baseline,baseline,693,0.0692,1250,833.333333333333,9500.80824695678,-8736.74190951472,9500.80824695678,-8736.74190951472,0,0,0,0,0,0,0,NaN,NaN,NaN,NaN
D03_id_iq_step,B0,baseline,baseline,694,0.0693,1250,833.333333333333,9531.48353975975,-8765.3930430592,9531.48353975975,-8765.3930430592,0,0,0,0,0,0,0,NaN,NaN,NaN,NaN
D03_id_iq_step,B0,baseline,baseline,695,0.0694,1250,833.333333333333,9552.81577921074,-8788.47638600511,9552.81577921074,-8788.47638600511,0,0,0,0,0,0,0,NaN,NaN,NaN,NaN
D03_id_iq_step,B0,baseline,baseline,696,0.0695,1250,833.333333333333,9562.5639317841,-8800.31167365731,9562.5639317841,-8800.31167365731,0,0,0,0,0,0,0,NaN,NaN,NaN,NaN
D03_id_iq_step,B0,baseline,baseline,697,0.0696,1250,833.333333333333,9566.8735149483,-8802.61853290693,9566.8735149483,-8802.61853290693,0,0,0,0,0,0,0,NaN,NaN,NaN,NaN
D03_id_iq_step,B0,baseline,baseline,698,0.0697,1250,833.333333333333,9564.00242887277,-8802.5168856003,9564.00242887277,-8802.5168856003,0,0,0,0,0,0,0,NaN,NaN,NaN,NaN
D03_id_iq_step,B0,baseline,baseline,699,0.0698,1250,833.333333333333,9552.62527767496,-8803.17099414626,9552.62527767496,-8803.17099414626,0,0,0,0,0,0,0,NaN,NaN,NaN,NaN
D03_id_iq_step,B0,baseline,baseline,700,0.0699,1250,833.333333333333,9540.00183350006,-8803.37580601741,9540.00183350006,-8803.37580601741,0,0,0,0,0,0,0,NaN,NaN,NaN,NaN
D03_id_iq_step,B0,baseline,baseline,701,0.07,1250,833.333333333333,9523.40168037426,-8796.42889422322,9523.40168037426,-8796.42889422322,0,0,0,0,0,0,0,NaN,NaN,NaN,NaN
D03_id_iq_step,B0,baseline,baseline,702,0.0701,1250,833.333333333333,9512.95651252726,-8781.88199578098,9512.95651252726,-8781.88199578098,0,0,0,0,0,0,0,NaN,NaN,NaN,NaN
D03_id_iq_step,B0,baseline,baseline,703,0.0702,1250,833.333333333333,9514.48596110987,-8766.81096783428,9514.48596110987,-8766.81096783428,0,0,0,0,0,0,0,NaN,NaN,NaN,NaN
D03_id_iq_step,B0,baseline,baseline,704,0.0703,1250,833.333333333333,9517.15770249519,-8754.79971512854,9517.15770249519,-8754.79971512854,0,0,0,0,0,0,0,NaN,NaN,NaN,NaN
D03_id_iq_step,B0,baseline,baseline,705,0.0704,1250,833.333333333333,9515.46782067378,-8744.9474360412,9515.46782067378,-8744.9474360412,0,0,0,0,0,0,0,NaN,NaN,NaN,NaN
D03_id_iq_step,B0,baseline,baseline,706,0.0705,1250,833.333333333333,9500.31249062368,-8731.40190912971,9500.31249062368,-8731.40190912971,0,0,0,0,0,0,0,NaN,NaN,NaN,NaN
D03_id_iq_step,B0,baseline,baseline,707,0.0706,1250,833.333333333333,9475.71271917636,-8714.78922439959,9475.71271917636,-8714.78922439959,0,0,0,0,0,0,0,NaN,NaN,NaN,NaN
D03_id_iq_step,B0,baseline,baseline,708,0.0707,1250,833.333333333333,9456.69181816871,-8702.6038685017,9456.69181816871,-8702.6038685017,0,0,0,0,0,0,0,NaN,NaN,NaN,NaN
D03_id_iq_step,B0,baseline,baseline,709,0.0708,1250,833.333333333333,9451.04208691145,-8701.09554289687,9451.04208691145,-8701.09554289687,0,0,0,0,0,0,0,NaN,NaN,NaN,NaN
D03_id_iq_step,B0,baseline,baseline,710,0.0709,1250,833.333333333333,9454.04447272144,-8707.46883825278,9454.04447272144,-8707.46883825278,0,0,0,0,0,0,0,NaN,NaN,NaN,NaN
D03_id_iq_step,B0,baseline,baseline,711,0.071,1250,833.333333333333,9456.65478329674,-8713.93321032468,9456.65478329674,-8713.93321032468,0,0,0,0,0,0,0,NaN,NaN,NaN,NaN
D03_id_iq_step,B0,baseline,baseline,712,0.0711,1250,833.333333333333,9451.65246120841,-8714.26329601181,9451.65246120841,-8714.26329601181,0,0,0,0,0,0,0,NaN,NaN,NaN,NaN
D03_id_iq_step,B0,baseline,baseline,713,0.0712,1250,833.333333333333,9441.75807143895,-8707.6778461247,9441.75807143895,-8707.6778461247,0,0,0,0,0,0,0,NaN,NaN,NaN,NaN
D03_id_iq_step,B0,baseline,baseline,714,0.0713,1250,833.333333333333,9440.91827985936,-8704.56455027553,9440.91827985936,-8704.56455027553,0,0,0,0,0,0,0,NaN,NaN,NaN,NaN
D03_id_iq_step,B0,baseline,baseline,715,0.0714,1250,833.333333333333,9447.4991930323,-8708.21807889454,9447.4991930323,-8708.21807889454,0,0,0,0,0,0,0,NaN,NaN,NaN,NaN
D03_id_iq_step,B0,baseline,baseline,716,0.0715,1250,833.333333333333,9456.59099172806,-8715.49778432416,9456.59099172806,-8715.49778432416,0,0,0,0,0,0,0,NaN,NaN,NaN,NaN
D03_id_iq_step,B0,baseline,baseline,717,0.0716,1250,833.333333333333,9460.67815223326,-8719.79837744572,9460.67815223326,-8719.79837744572,0,0,0,0,0,0,0,NaN,NaN,NaN,NaN
D03_id_iq_step,B0,baseline,baseline,718,0.0717,1250,833.333333333333,9457.57481098458,-8716.06674351764,9457.57481098458,-8716.06674351764,0,0,0,0,0,0,0,NaN,NaN,NaN,NaN
D03_id_iq_step,B0,baseline,baseline,719,0.0718,1250,833.333333333333,9463.44611404421,-8715.07928755262,9463.44611404421,-8715.07928755262,0,0,0,0,0,0,0,NaN,NaN,NaN,NaN
D03_id_iq_step,B0,baseline,baseline,720,0.0719,1250,833.333333333333,9483.39151753799,-8726.86352346319,9483.39151753799,-8726.86352346319,0,0,0,0,0,0,0,NaN,NaN,NaN,NaN
D03_id_iq_step,B0,baseline,baseline,721,0.072,1250,833.333333333333,9514.79250262728,-8752.71158595473,9514.79250262728,-8752.71158595473,0,0,0,0,0,0,0,NaN,NaN,NaN,NaN
D03_id_iq_step,B0,baseline,baseline,722,0.0721,1250,833.333333333333,9548.38550400999,-8782.98657395433,9548.38550400999,-8782.98657395433,0,0,0,0,0,0,0,NaN,NaN,NaN,NaN
D03_id_iq_step,B0,baseline,baseline,723,0.0722,1250,833.333333333333,9570.6440393244,-8804.23124221807,9570.6440393244,-8804.23124221807,0,0,0,0,0,0,0,NaN,NaN,NaN,NaN
D03_id_iq_step,B0,baseline,baseline,724,0.0723,1250,833.333333333333,9578.11019146811,-8811.41515813272,9578.11019146811,-8811.41515813272,0,0,0,0,0,0,0,NaN,NaN,NaN,NaN
D03_id_iq_step,B0,baseline,baseline,725,0.0724,1250,833.333333333333,9577.28847234818,-8808.63807102515,9577.28847234818,-8808.63807102515,0,0,0,0,0,0,0,NaN,NaN,NaN,NaN
D03_id_iq_step,B0,baseline,baseline,726,0.0725,1250,833.333333333333,9571.0515097794,-8805.26649447953,9571.0515097794,-8805.26649447953,0,0,0,0,0,0,0,NaN,NaN,NaN,NaN
D03_id_iq_step,B0,baseline,baseline,727,0.0726,1250,833.333333333333,9552.13087547235,-8798.32443822282,9552.13087547235,-8798.32443822282,0,0,0,0,0,0,0,NaN,NaN,NaN,NaN
D03_id_iq_step,B0,baseline,baseline,728,0.0727,1250,833.333333333333,9527.58513987933,-8783.21956550065,9527.58513987933,-8783.21956550065,0,0,0,0,0,0,0,NaN,NaN,NaN,NaN
D03_id_iq_step,B0,baseline,baseline,729,0.0728,1250,833.333333333333,9510.85193448165,-8765.5326254946,9510.85193448165,-8765.5326254946,0,0,0,0,0,0,0,NaN,NaN,NaN,NaN
D03_id_iq_step,B0,baseline,baseline,730,0.0729,1250,833.333333333333,9510.0229806412,-8752.21860167137,9510.0229806412,-8752.21860167137,0,0,0,0,0,0,0,NaN,NaN,NaN,NaN
D03_id_iq_step,B0,baseline,baseline,731,0.073,1250,833.333333333333,9523.40298383955,-8749.3929003398,9523.40298383955,-8749.3929003398,0,0,0,0,0,0,0,NaN,NaN,NaN,NaN
D03_id_iq_step,B0,baseline,baseline,732,0.0731,1250,833.333333333333,9530.8256840699,-8751.81675560092,9530.8256840699,-8751.81675560092,0,0,0,0,0,0,0,NaN,NaN,NaN,NaN
D03_id_iq_step,B0,baseline,baseline,733,0.0732,1250,833.333333333333,9519.91503058199,-8746.54944707176,9519.91503058199,-8746.54944707176,0,0,0,0,0,0,0,NaN,NaN,NaN,NaN
D03_id_iq_step,B0,baseline,baseline,734,0.0733,1250,833.333333333333,9497.77274684969,-8731.89951873278,9497.77274684969,-8731.89951873278,0,0,0,0,0,0,0,NaN,NaN,NaN,NaN
D03_id_iq_step,B0,baseline,baseline,735,0.0734,1250,833.333333333333,9473.98550090931,-8715.16099092518,9473.98550090931,-8715.16099092518,0,0,0,0,0,0,0,NaN,NaN,NaN,NaN
D03_id_iq_step,B0,baseline,baseline,736,0.0735,1250,833.333333333333,9456.19915640075,-8703.11136680724,9456.19915640075,-8703.11136680724,0,0,0,0,0,0,0,NaN,NaN,NaN,NaN
D03_id_iq_step,B0,baseline,baseline,737,0.0736,1250,833.333333333333,9451.52531923236,-8701.82772422323,9451.52531923236,-8701.82772422323,0,0,0,0,0,0,0,NaN,NaN,NaN,NaN
D03_id_iq_step,B0,baseline,baseline,738,0.0737,1250,833.333333333333,9455.06229769975,-8708.41380423475,9455.06229769975,-8708.41380423475,0,0,0,0,0,0,0,NaN,NaN,NaN,NaN
D03_id_iq_step,B0,baseline,baseline,739,0.0738,1250,833.333333333333,9457.89954631124,-8715.066994073,9457.89954631124,-8715.066994073,0,0,0,0,0,0,0,NaN,NaN,NaN,NaN
D03_id_iq_step,B0,baseline,baseline,740,0.0739,1250,833.333333333333,9453.26024767966,-8715.74960778178,9453.26024767966,-8715.74960778178,0,0,0,0,0,0,0,NaN,NaN,NaN,NaN
D03_id_iq_step,B0,baseline,baseline,741,0.074,1250,833.333333333333,9443.90546082318,-8709.69159522823,9443.90546082318,-8709.69159522823,0,0,0,0,0,0,0,NaN,NaN,NaN,NaN
D03_id_iq_step,B0,baseline,baseline,742,0.0741,1250,833.333333333333,9443.42870195331,-8706.87925907705,9443.42870195331,-8706.87925907705,0,0,0,0,0,0,0,NaN,NaN,NaN,NaN
D03_id_iq_step,B0,baseline,baseline,743,0.0742,1250,833.333333333333,9450.45860056466,-8710.68403135017,9450.45860056466,-8710.68403135017,0,0,0,0,0,0,0,NaN,NaN,NaN,NaN
D03_id_iq_step,B0,baseline,baseline,744,0.0743,1250,833.333333333333,9460.54301416355,-8718.34657505857,9460.54301416355,-8718.34657505857,0,0,0,0,0,0,0,NaN,NaN,NaN,NaN
D03_id_iq_step,B0,baseline,baseline,745,0.0744,1250,833.333333333333,9466.60576586092,-8723.79423575847,9466.60576586092,-8723.79423575847,0,0,0,0,0,0,0,NaN,NaN,NaN,NaN
D03_id_iq_step,B0,baseline,baseline,746,0.0745,1250,833.333333333333,9466.67954050943,-8722.26172808307,9466.67954050943,-8722.26172808307,0,0,0,0,0,0,0,NaN,NaN,NaN,NaN
D03_id_iq_step,B0,baseline,baseline,747,0.0746,1250,833.333333333333,9475.82504726177,-8724.1007686566,9475.82504726177,-8724.1007686566,0,0,0,0,0,0,0,NaN,NaN,NaN,NaN
D03_id_iq_step,B0,baseline,baseline,748,0.0747,1250,833.333333333333,9498.52908156548,-8738.93926200818,9498.52908156548,-8738.93926200818,0,0,0,0,0,0,0,NaN,NaN,NaN,NaN
D03_id_iq_step,B0,baseline,baseline,749,0.0748,1250,833.333333333333,9533.44493966344,-8767.85126985493,9533.44493966344,-8767.85126985493,0,0,0,0,0,0,0,NaN,NaN,NaN,NaN
D03_id_iq_step,B0,baseline,baseline,750,0.0749,1250,833.333333333333,9559.59729415085,-8797.00810789942,9559.59729415085,-8797.00810789942,0,0,0,0,0,0,0,NaN,NaN,NaN,NaN
D03_id_iq_step,B0,baseline,baseline,751,0.075,1250,833.333333333333,9550.88805800142,-8806.46705382458,9550.88805800142,-8806.46705382458,0,0,0,0,0,0,0,NaN,NaN,NaN,NaN
D03_id_iq_step,B0,baseline,baseline,752,0.0751,1250,833.333333333333,9521.94673973637,-8795.4723859178,9521.94673973637,-8795.4723859178,0,0,0,0,0,0,0,NaN,NaN,NaN,NaN
D03_id_iq_step,B0,baseline,baseline,753,0.0752,1250,833.333333333333,9505.17204507868,-8780.52630487819,9505.17204507868,-8780.52630487819,0,0,0,0,0,0,0,NaN,NaN,NaN,NaN
D03_id_iq_step,B0,baseline,baseline,754,0.0753,1250,833.333333333333,9513.53062366621,-8778.3745440807,9513.53062366621,-8778.3745440807,0,0,0,0,0,0,0,NaN,NaN,NaN,NaN
D03_id_iq_step,B0,baseline,baseline,755,0.0754,1250,833.333333333333,9527.49833049664,-8783.85084644588,9527.49833049664,-8783.85084644588,0,0,0,0,0,0,0,NaN,NaN,NaN,NaN
D03_id_iq_step,B0,baseline,baseline,756,0.0755,1250,833.333333333333,9524.23576983042,-8780.91997040048,9524.23576983042,-8780.91997040048,0,0,0,0,0,0,0,NaN,NaN,NaN,NaN
D03_id_iq_step,B0,baseline,baseline,757,0.0756,1250,833.333333333333,9510.08354723562,-8767.76622997506,9510.08354723562,-8767.76622997506,0,0,0,0,0,0,0,NaN,NaN,NaN,NaN
D03_id_iq_step,B0,baseline,baseline,758,0.0757,1250,833.333333333333,9507.40748337504,-8754.61772147261,9507.40748337504,-8754.61772147261,0,0,0,0,0,0,0,NaN,NaN,NaN,NaN
D03_id_iq_step,B0,baseline,baseline,759,0.0758,1250,833.333333333333,9520.4924406291,-8751.07116555135,9520.4924406291,-8751.07116555135,0,0,0,0,0,0,0,NaN,NaN,NaN,NaN
D03_id_iq_step,B0,baseline,baseline,760,0.0759,1250,833.333333333333,9519.75615346036,-8745.93731301299,9519.75615346036,-8745.93731301299,0,0,0,0,0,0,0,NaN,NaN,NaN,NaN
D03_id_iq_step,B0,baseline,baseline,761,0.076,1250,833.333333333333,9497.92299421821,-8729.93489647071,9497.92299421821,-8729.93489647071,0,0,0,0,0,0,0,NaN,NaN,NaN,NaN
D03_id_iq_step,B0,baseline,baseline,762,0.0761,1250,833.333333333333,9473.39420388837,-8711.76840635235,9473.39420388837,-8711.76840635235,0,0,0,0,0,0,0,NaN,NaN,NaN,NaN
D03_id_iq_step,B0,baseline,baseline,763,0.0762,1250,833.333333333333,9454.51359898437,-8698.59161538937,9454.51359898437,-8698.59161538937,0,0,0,0,0,0,0,NaN,NaN,NaN,NaN
D03_id_iq_step,B0,baseline,baseline,764,0.0763,1250,833.333333333333,9448.94151087321,-8696.98467352979,9448.94151087321,-8696.98467352979,0,0,0,0,0,0,0,NaN,NaN,NaN,NaN
D03_id_iq_step,B0,baseline,baseline,765,0.0764,1250,833.333333333333,9451.84174511568,-8703.80955389586,9451.84174511568,-8703.80955389586,0,0,0,0,0,0,0,NaN,NaN,NaN,NaN
D03_id_iq_step,B0,baseline,baseline,766,0.0765,1250,833.333333333333,9454.05073564461,-8710.65600249177,9454.05073564461,-8710.65600249177,0,0,0,0,0,0,0,NaN,NaN,NaN,NaN
D03_id_iq_step,B0,baseline,baseline,767,0.0766,1250,833.333333333333,9447.94670027592,-8710.5307264483,9447.94670027592,-8710.5307264483,0,0,0,0,0,0,0,NaN,NaN,NaN,NaN
D03_id_iq_step,B0,baseline,baseline,768,0.0767,1250,833.333333333333,9436.69354621966,-8702.65299175948,9436.69354621966,-8702.65299175948,0,0,0,0,0,0,0,NaN,NaN,NaN,NaN
D03_id_iq_step,B0,baseline,baseline,769,0.0768,1250,833.333333333333,9435.0618176438,-8698.67996356232,9435.0618176438,-8698.67996356232,0,0,0,0,0,0,0,NaN,NaN,NaN,NaN
D03_id_iq_step,B0,baseline,baseline,770,0.0769,1250,833.333333333333,9440.61702211193,-8701.92808495457,9440.61702211193,-8701.92808495457,0,0,0,0,0,0,0,NaN,NaN,NaN,NaN
D03_id_iq_step,B0,baseline,baseline,771,0.077,1250,833.333333333333,9447.37052791781,-8708.26201284025,9447.37052791781,-8708.26201284025,0,0,0,0,0,0,0,NaN,NaN,NaN,NaN
D03_id_iq_step,B0,baseline,baseline,772,0.0771,1250,833.333333333333,9446.68320165387,-8709.71986608802,9446.68320165387,-8709.71986608802,0,0,0,0,0,0,0,NaN,NaN,NaN,NaN
D03_id_iq_step,B0,baseline,baseline,773,0.0772,1250,833.333333333333,9436.01107975991,-8700.49528054027,9436.01107975991,-8700.49528054027,0,0,0,0,0,0,0,NaN,NaN,NaN,NaN
D03_id_iq_step,B0,baseline,baseline,774,0.0773,1250,833.333333333333,9434.0185691415,-8692.47823757799,9434.0185691415,-8692.47823757799,0,0,0,0,0,0,0,NaN,NaN,NaN,NaN
D03_id_iq_step,B0,baseline,baseline,775,0.0774,1250,833.333333333333,9448.16615967184,-8696.53411085501,9448.16615967184,-8696.53411085501,0,0,0,0,0,0,0,NaN,NaN,NaN,NaN
D03_id_iq_step,B0,baseline,baseline,776,0.0775,1250,833.333333333333,9473.62528553914,-8714.38556663883,9473.62528553914,-8714.38556663883,0,0,0,0,0,0,0,NaN,NaN,NaN,NaN
D03_id_iq_step,B0,baseline,baseline,777,0.0776,1250,833.333333333333,9510.16896988388,-8746.49651224467,9510.16896988388,-8746.49651224467,0,0,0,0,0,0,0,NaN,NaN,NaN,NaN
D03_id_iq_step,B0,baseline,baseline,778,0.0777,1250,833.333333333333,9538.87726066979,-8776.01994851248,9538.87726066979,-8776.01994851248,0,0,0,0,0,0,0,NaN,NaN,NaN,NaN
D03_id_iq_step,B0,baseline,baseline,779,0.0778,1250,833.333333333333,9537.91237038058,-8778.82683932064,9537.91237038058,-8778.82683932064,0,0,0,0,0,0,0,NaN,NaN,NaN,NaN
D03_id_iq_step,B0,baseline,baseline,780,0.0779,1250,833.333333333333,9524.58082386076,-8763.57755363167,9524.58082386076,-8763.57755363167,0,0,0,0,0,0,0,NaN,NaN,NaN,NaN
D03_id_iq_step,B0,baseline,baseline,781,0.078,1250,833.333333333333,9518.23767166596,-8751.77273385841,9518.23767166596,-8751.77273385841,0,0,0,0,0,0,0,NaN,NaN,NaN,NaN
D03_id_iq_step,B0,baseline,baseline,782,0.0781,1250,833.333333333333,9524.98291854682,-8753.13488829328,9524.98291854682,-8753.13488829328,0,0,0,0,0,0,0,NaN,NaN,NaN,NaN
D03_id_iq_step,B0,baseline,baseline,783,0.0782,1250,833.333333333333,9539.58966166098,-8764.64116519079,9539.58966166098,-8764.64116519079,0,0,0,0,0,0,0,NaN,NaN,NaN,NaN
D03_id_iq_step,B0,baseline,baseline,784,0.0783,1250,833.333333333333,9539.52560689944,-8766.54088712741,9539.52560689944,-8766.54088712741,0,0,0,0,0,0,0,NaN,NaN,NaN,NaN
D03_id_iq_step,B0,baseline,baseline,785,0.0784,1250,833.333333333333,9529.29045505146,-8757.23655085603,9529.29045505146,-8757.23655085603,0,0,0,0,0,0,0,NaN,NaN,NaN,NaN
D03_id_iq_step,B0,baseline,baseline,786,0.0785,1250,833.333333333333,9526.10318816354,-8752.35768559127,9526.10318816354,-8752.35768559127,0,0,0,0,0,0,0,NaN,NaN,NaN,NaN
D03_id_iq_step,B0,baseline,baseline,787,0.0786,1250,833.333333333333,9526.89112764877,-8752.07114839242,9526.89112764877,-8752.07114839242,0,0,0,0,0,0,0,NaN,NaN,NaN,NaN
D03_id_iq_step,B0,baseline,baseline,788,0.0787,1250,833.333333333333,9518.23670043113,-8745.38295912646,9518.23670043113,-8745.38295912646,0,0,0,0,0,0,0,NaN,NaN,NaN,NaN
D03_id_iq_step,B0,baseline,baseline,789,0.0788,1250,833.333333333333,9497.2928500555,-8729.44856749956,9497.2928500555,-8729.44856749956,0,0,0,0,0,0,0,NaN,NaN,NaN,NaN
D03_id_iq_step,B0,baseline,baseline,790,0.0789,1250,833.333333333333,9473.52651027362,-8711.79611227226,9473.52651027362,-8711.79611227226,0,0,0,0,0,0,0,NaN,NaN,NaN,NaN
D03_id_iq_step,B0,baseline,baseline,791,0.079,1250,833.333333333333,9455.12559318834,-8699.25856860381,9455.12559318834,-8699.25856860381,0,0,0,0,0,0,0,NaN,NaN,NaN,NaN
D03_id_iq_step,B0,baseline,baseline,792,0.0791,1250,833.333333333333,9449.80274103452,-8698.06397092269,9449.80274103452,-8698.06397092269,0,0,0,0,0,0,0,NaN,NaN,NaN,NaN
D03_id_iq_step,B0,baseline,baseline,793,0.0792,1250,833.333333333333,9452.8163567519,-8705.0395869164,9452.8163567519,-8705.0395869164,0,0,0,0,0,0,0,NaN,NaN,NaN,NaN
D03_id_iq_step,B0,baseline,baseline,794,0.0793,1250,833.333333333333,9455.15147999773,-8711.90064976936,9455.15147999773,-8711.90064976936,0,0,0,0,0,0,0,NaN,NaN,NaN,NaN
D03_id_iq_step,B0,baseline,baseline,795,0.0794,1250,833.333333333333,9449.42884226392,-8712.00460281168,9449.42884226392,-8712.00460281168,0,0,0,0,0,0,0,NaN,NaN,NaN,NaN
D03_id_iq_step,B0,baseline,baseline,796,0.0795,1250,833.333333333333,9438.71429059496,-8704.64626342718,9438.71429059496,-8704.64626342718,0,0,0,0,0,0,0,NaN,NaN,NaN,NaN
D03_id_iq_step,B0,baseline,baseline,797,0.0796,1250,833.333333333333,9437.42580488451,-8701.00687308049,9437.42580488451,-8701.00687308049,0,0,0,0,0,0,0,NaN,NaN,NaN,NaN
D03_id_iq_step,B0,baseline,baseline,798,0.0797,1250,833.333333333333,9443.39040602816,-8704.42065161553,9443.39040602816,-8704.42065161553,0,0,0,0,0,0,0,NaN,NaN,NaN,NaN
D03_id_iq_step,B0,baseline,baseline,799,0.0798,1250,833.333333333333,9451.05727793687,-8711.1391455986,9451.05727793687,-8711.1391455986,0,0,0,0,0,0,0,NaN,NaN,NaN,NaN
D03_id_iq_step,B0,baseline,baseline,800,0.0799,1250,833.333333333333,9452.18732530166,-8713.74761609251,9452.18732530166,-8713.74761609251,0,0,0,0,0,0,0,NaN,NaN,NaN,NaN
D03_id_iq_step,B0,baseline,baseline,801,0.08,1250,833.333333333333,9444.42820961497,-8706.73065867868,9444.42820961497,-8706.73065867868,0,0,0,0,0,0,0,NaN,NaN,NaN,NaN
D03_id_iq_step,B0,baseline,baseline,802,0.0801,1250,833.333333333333,9446.06463086532,-8701.40517014199,9446.06463086532,-8701.40517014199,0,0,0,0,0,0,0,NaN,NaN,NaN,NaN
D03_id_iq_step,B0,baseline,baseline,803,0.0802,1250,833.333333333333,9463.15283793869,-8708.39429240086,9463.15283793869,-8708.39429240086,0,0,0,0,0,0,0,NaN,NaN,NaN,NaN
D03_id_iq_step,B0,baseline,baseline,804,0.0803,1250,833.333333333333,9490.3858089007,-8729.51146728496,9490.3858089007,-8729.51146728496,0,0,0,0,0,0,0,NaN,NaN,NaN,NaN
D03_id_iq_step,B0,baseline,baseline,805,0.0804,1250,833.333333333333,9519.73186613121,-8757.34120267708,9519.73186613121,-8757.34120267708,0,0,0,0,0,0,0,NaN,NaN,NaN,NaN
D03_id_iq_step,B0,baseline,baseline,806,0.0805,1250,833.333333333333,9541.95804295206,-8781.0900426489,9541.95804295206,-8781.0900426489,0,0,0,0,0,0,0,NaN,NaN,NaN,NaN
D03_id_iq_step,B0,baseline,baseline,807,0.0806,1250,833.333333333333,9554.46416915639,-8794.94888310777,9554.46416915639,-8794.94888310777,0,0,0,0,0,0,0,NaN,NaN,NaN,NaN
D03_id_iq_step,B0,baseline,baseline,808,0.0807,1250,833.333333333333,9561.89942002092,-8799.70820926042,9561.89942002092,-8799.70820926042,0,0,0,0,0,0,0,NaN,NaN,NaN,NaN
D03_id_iq_step,B0,baseline,baseline,809,0.0808,1250,833.333333333333,9560.79988806854,-8801.09471420089,9560.79988806854,-8801.09471420089,0,0,0,0,0,0,0,NaN,NaN,NaN,NaN
D03_id_iq_step,B0,baseline,baseline,810,0.0809,1250,833.333333333333,9548.48420612254,-8801.43603994706,9548.48420612254,-8801.43603994706,0,0,0,0,0,0,0,NaN,NaN,NaN,NaN
D03_id_iq_step,B0,baseline,baseline,811,0.081,1250,833.333333333333,9532.10314497126,-8800.29530676516,9532.10314497126,-8800.29530676516,0,0,0,0,0,0,0,NaN,NaN,NaN,NaN
D03_id_iq_step,B0,baseline,baseline,812,0.0811,1250,833.333333333333,9511.2395422505,-8792.27542226387,9511.2395422505,-8792.27542226387,0,0,0,0,0,0,0,NaN,NaN,NaN,NaN
D03_id_iq_step,B0,baseline,baseline,813,0.0812,1250,833.333333333333,9499.54902000914,-8777.8123254205,9499.54902000914,-8777.8123254205,0,0,0,0,0,0,0,NaN,NaN,NaN,NaN
D03_id_iq_step,B0,baseline,baseline,814,0.0813,1250,833.333333333333,9503.85399160874,-8764.00940432158,9503.85399160874,-8764.00940432158,0,0,0,0,0,0,0,NaN,NaN,NaN,NaN
D03_id_iq_step,B0,baseline,baseline,815,0.0814,1250,833.333333333333,9511.55884639853,-8753.61810048625,9511.55884639853,-8753.61810048625,0,0,0,0,0,0,0,NaN,NaN,NaN,NaN
D03_id_iq_step,B0,baseline,baseline,816,0.0815,1250,833.333333333333,9513.77581405082,-8744.79439944284,9513.77581405082,-8744.79439944284,0,0,0,0,0,0,0,NaN,NaN,NaN,NaN
D03_id_iq_step,B0,baseline,baseline,817,0.0816,1250,833.333333333333,9499.64905427702,-8731.45481596521,9499.64905427702,-8731.45481596521,0,0,0,0,0,0,0,NaN,NaN,NaN,NaN
D03_id_iq_step,B0,baseline,baseline,818,0.0817,1250,833.333333333333,9474.93009725311,-8714.64379435462,9474.93009725311,-8714.64379435462,0,0,0,0,0,0,0,NaN,NaN,NaN,NaN
D03_id_iq_step,B0,baseline,baseline,819,0.0818,1250,833.333333333333,9455.96613214652,-8702.19209288912,9455.96613214652,-8702.19209288912,0,0,0,0,0,0,0,NaN,NaN,NaN,NaN
D03_id_iq_step,B0,baseline,baseline,820,0.0819,1250,833.333333333333,9450.43595858645,-8700.52976265783,9450.43595858645,-8700.52976265783,0,0,0,0,0,0,0,NaN,NaN,NaN,NaN
D03_id_iq_step,B0,baseline,baseline,821,0.082,1250,833.333333333333,9453.51278338828,-8706.8762012197,9453.51278338828,-8706.8762012197,0,0,0,0,0,0,0,NaN,NaN,NaN,NaN
D03_id_iq_step,B0,baseline,baseline,822,0.0821,1250,833.333333333333,9456.10726346053,-8713.3417398894,9456.10726346053,-8713.3417398894,0,0,0,0,0,0,0,NaN,NaN,NaN,NaN
D03_id_iq_step,B0,baseline,baseline,823,0.0822,1250,833.333333333333,9450.91176369686,-8713.54853550223,9450.91176369686,-8713.54853550223,0,0,0,0,0,0,0,NaN,NaN,NaN,NaN
D03_id_iq_step,B0,baseline,baseline,824,0.0823,1250,833.333333333333,9440.74413224597,-8706.70134134377,9440.74413224597,-8706.70134134377,0,0,0,0,0,0,0,NaN,NaN,NaN,NaN
D03_id_iq_step,B0,baseline,baseline,825,0.0824,1250,833.333333333333,9439.73545656293,-8703.41691909485,9439.73545656293,-8703.41691909485,0,0,0,0,0,0,0,NaN,NaN,NaN,NaN
D03_id_iq_step,B0,baseline,baseline,826,0.0825,1250,833.333333333333,9446.0972992089,-8706.98328009801,9446.0972992089,-8706.98328009801,0,0,0,0,0,0,0,NaN,NaN,NaN,NaN
D03_id_iq_step,B0,baseline,baseline,827,0.0826,1250,833.333333333333,9454.70087528076,-8714.06523261482,9454.70087528076,-8714.06523261482,0,0,0,0,0,0,0,NaN,NaN,NaN,NaN
D03_id_iq_step,B0,baseline,baseline,828,0.0827,1250,833.333333333333,9457.79934472183,-8717.79178969172,9457.79934472183,-8717.79178969172,0,0,0,0,0,0,0,NaN,NaN,NaN,NaN
D03_id_iq_step,B0,baseline,baseline,829,0.0828,1250,833.333333333333,9453.12950307355,-8712.96133306547,9453.12950307355,-8712.96133306547,0,0,0,0,0,0,0,NaN,NaN,NaN,NaN
D03_id_iq_step,B0,baseline,baseline,830,0.0829,1250,833.333333333333,9458.04050578685,-8710.42938977666,9458.04050578685,-8710.42938977666,0,0,0,0,0,0,0,NaN,NaN,NaN,NaN
D03_id_iq_step,B0,baseline,baseline,831,0.083,1250,833.333333333333,9478.13558229476,-8720.38834700314,9478.13558229476,-8720.38834700314,0,0,0,0,0,0,0,NaN,NaN,NaN,NaN
D03_id_iq_step,B0,baseline,baseline,832,0.0831,1250,833.333333333333,9508.95067720768,-8744.49176313356,9508.95067720768,-8744.49176313356,0,0,0,0,0,0,0,NaN,NaN,NaN,NaN
D03_id_iq_step,B0,baseline,baseline,833,0.0832,1250,833.333333333333,9541.0504204745,-8773.94948197404,9541.0504204745,-8773.94948197404,0,0,0,0,0,0,0,NaN,NaN,NaN,NaN
D03_id_iq_step,B0,baseline,baseline,834,0.0833,1250,833.333333333333,9562.40512205306,-8796.1831389681,9562.40512205306,-8796.1831389681,0,0,0,0,0,0,0,NaN,NaN,NaN,NaN
D03_id_iq_step,B0,baseline,baseline,835,0.0834,1250,833.333333333333,9570.48682413663,-8805.77652625956,9570.48682413663,-8805.77652625956,0,0,0,0,0,0,0,NaN,NaN,NaN,NaN
D03_id_iq_step,B0,baseline,baseline,836,0.0835,1250,833.333333333333,9572.05278193835,-8805.56049864519,9572.05278193835,-8805.56049864519,0,0,0,0,0,0,0,NaN,NaN,NaN,NaN
D03_id_iq_step,B0,baseline,baseline,837,0.0836,1250,833.333333333333,9567.51591750444,-8803.81654743971,9567.51591750444,-8803.81654743971,0,0,0,0,0,0,0,NaN,NaN,NaN,NaN
D03_id_iq_step,B0,baseline,baseline,838,0.0837,1250,833.333333333333,9557.01249046026,-8804.19223467741,9557.01249046026,-8804.19223467741,0,0,0,0,0,0,0,NaN,NaN,NaN,NaN
D03_id_iq_step,B0,baseline,baseline,839,0.0838,1250,833.333333333333,9546.78205719021,-8804.90613222023,9546.78205719021,-8804.90613222023,0,0,0,0,0,0,0,NaN,NaN,NaN,NaN
D03_id_iq_step,B0,baseline,baseline,840,0.0839,1250,833.333333333333,9532.26982718718,-8798.43851914069,9532.26982718718,-8798.43851914069,0,0,0,0,0,0,0,NaN,NaN,NaN,NaN
D03_id_iq_step,B0,baseline,baseline,841,0.084,1250,833.333333333333,9521.78681652839,-8783.85536729758,9521.78681652839,-8783.85536729758,0,0,0,0,0,0,0,NaN,NaN,NaN,NaN
D03_id_iq_step,B0,baseline,baseline,842,0.0841,1250,833.333333333333,9521.03488602402,-8768.17415480499,9521.03488602402,-8768.17415480499,0,0,0,0,0,0,0,NaN,NaN,NaN,NaN
D03_id_iq_step,B0,baseline,baseline,843,0.0842,1250,833.333333333333,9520.61637263176,-8755.29721009655,9520.61637263176,-8755.29721009655,0,0,0,0,0,0,0,NaN,NaN,NaN,NaN
D03_id_iq_step,B0,baseline,baseline,844,0.0843,1250,833.333333333333,9516.67508524303,-8744.90595949042,9516.67508524303,-8744.90595949042,0,0,0,0,0,0,0,NaN,NaN,NaN,NaN
D03_id_iq_step,B0,baseline,baseline,845,0.0844,1250,833.333333333333,9500.90933485915,-8731.35634063676,9500.90933485915,-8731.35634063676,0,0,0,0,0,0,0,NaN,NaN,NaN,NaN
D03_id_iq_step,B0,baseline,baseline,846,0.0845,1250,833.333333333333,9476.39153098055,-8714.98052692497,9476.39153098055,-8714.98052692497,0,0,0,0,0,0,0,NaN,NaN,NaN,NaN
D03_id_iq_step,B0,baseline,baseline,847,0.0846,1250,833.333333333333,9457.37376110976,-8703.0382000114,9457.37376110976,-8703.0382000114,0,0,0,0,0,0,0,NaN,NaN,NaN,NaN
D03_id_iq_step,B0,baseline,baseline,848,0.0847,1250,833.333333333333,9451.70211896319,-8701.64146953596,9451.70211896319,-8701.64146953596,0,0,0,0,0,0,0,NaN,NaN,NaN,NaN
D03_id_iq_step,B0,baseline,baseline,849,0.0848,1250,833.333333333333,9454.70486779091,-8708.02004074756,9454.70486779091,-8708.02004074756,0,0,0,0,0,0,0,NaN,NaN,NaN,NaN
D03_id_iq_step,B0,baseline,baseline,850,0.0849,1250,833.333333333333,9457.36764295454,-8714.4790377007,9457.36764295454,-8714.4790377007,0,0,0,0,0,0,0,NaN,NaN,NaN,NaN
D03_id_iq_step,B0,baseline,baseline,851,0.085,1250,833.333333333333,9452.53929598999,-8714.9415919006,9452.53929598999,-8714.9415919006,0,0,0,0,0,0,0,NaN,NaN,NaN,NaN
D03_id_iq_step,B0,baseline,baseline,852,0.0851,1250,833.333333333333,9442.910968237,-8708.62791570242,9442.910968237,-8708.62791570242,0,0,0,0,0,0,0,NaN,NaN,NaN,NaN
D03_id_iq_step,B0,baseline,baseline,853,0.0852,1250,833.333333333333,9442.24705115662,-8705.68786570929,9442.24705115662,-8705.68786570929,0,0,0,0,0,0,0,NaN,NaN,NaN,NaN
D03_id_iq_step,B0,baseline,baseline,854,0.0853,1250,833.333333333333,9449.03138050908,-8709.43225895589,9449.03138050908,-8709.43225895589,0,0,0,0,0,0,0,NaN,NaN,NaN,NaN
D03_id_iq_step,B0,baseline,baseline,855,0.0854,1250,833.333333333333,9458.59986929545,-8716.91054053953,9458.59986929545,-8716.91054053953,0,0,0,0,0,0,0,NaN,NaN,NaN,NaN
D03_id_iq_step,B0,baseline,baseline,856,0.0855,1250,833.333333333333,9463.63773775802,-8721.79127344918,9463.63773775802,-8721.79127344918,0,0,0,0,0,0,0,NaN,NaN,NaN,NaN
D03_id_iq_step,B0,baseline,baseline,857,0.0856,1250,833.333333333333,9462.08987751944,-8719.16274824734,9462.08987751944,-8719.16274824734,0,0,0,0,0,0,0,NaN,NaN,NaN,NaN
D03_id_iq_step,B0,baseline,baseline,858,0.0857,1250,833.333333333333,9469.38005812779,-8719.62950140989,9469.38005812779,-8719.62950140989,0,0,0,0,0,0,0,NaN,NaN,NaN,NaN
D03_id_iq_step,B0,baseline,baseline,859,0.0858,1250,833.333333333333,9490.21112330794,-8733.03425479517,9490.21112330794,-8733.03425479517,0,0,0,0,0,0,0,NaN,NaN,NaN,NaN
D03_id_iq_step,B0,baseline,baseline,860,0.0859,1250,833.333333333333,9522.99015017416,-8760.48090781995,9522.99015017416,-8760.48090781995,0,0,0,0,0,0,0,NaN,NaN,NaN,NaN
D03_id_iq_step,B0,baseline,baseline,861,0.086,1250,833.333333333333,9548.92345834925,-8784.69595713535,9548.92345834925,-8784.69595713535,0,0,0,0,0,0,0,NaN,NaN,NaN,NaN
D03_id_iq_step,B0,baseline,baseline,862,0.0861,1250,833.333333333333,9545.64486034468,-8781.04034537616,9545.64486034468,-8781.04034537616,0,0,0,0,0,0,0,NaN,NaN,NaN,NaN
D03_id_iq_step,B0,baseline,baseline,863,0.0862,1250,833.333333333333,9527.59826849316,-8758.6563422726,9527.59826849316,-8758.6563422726,0,0,0,0,0,0,0,NaN,NaN,NaN,NaN
D03_id_iq_step,B0,baseline,baseline,864,0.0863,1250,833.333333333333,9513.55214336763,-8741.31657032343,9513.55214336763,-8741.31657032343,0,0,0,0,0,0,0,NaN,NaN,NaN,NaN
D03_id_iq_step,B0,baseline,baseline,865,0.0864,1250,833.333333333333,9514.90866619485,-8741.28811359934,9514.90866619485,-8741.28811359934,0,0,0,0,0,0,0,NaN,NaN,NaN,NaN
D03_id_iq_step,B0,baseline,baseline,866,0.0865,1250,833.333333333333,9529.24103977688,-8755.54680557948,9529.24103977688,-8755.54680557948,0,0,0,0,0,0,0,NaN,NaN,NaN,NaN
D03_id_iq_step,B0,baseline,baseline,867,0.0866,1250,833.333333333333,9532.9522777559,-8761.92774792133,9532.9522777559,-8761.92774792133,0,0,0,0,0,0,0,NaN,NaN,NaN,NaN
D03_id_iq_step,B0,baseline,baseline,868,0.0867,1250,833.333333333333,9527.03324261329,-8756.07206112166,9527.03324261329,-8756.07206112166,0,0,0,0,0,0,0,NaN,NaN,NaN,NaN
D03_id_iq_step,B0,baseline,baseline,869,0.0868,1250,833.333333333333,9525.10080641027,-8752.47363931253,9525.10080641027,-8752.47363931253,0,0,0,0,0,0,0,NaN,NaN,NaN,NaN
D03_id_iq_step,B0,baseline,baseline,870,0.0869,1250,833.333333333333,9525.60641115606,-8752.34940106154,9525.60641115606,-8752.34940106154,0,0,0,0,0,0,0,NaN,NaN,NaN,NaN
D03_id_iq_step,B0,baseline,baseline,871,0.087,1250,833.333333333333,9517.07284488521,-8745.36502780585,9517.07284488521,-8745.36502780585,0,0,0,0,0,0,0,NaN,NaN,NaN,NaN
D03_id_iq_step,B0,baseline,baseline,872,0.0871,1250,833.333333333333,9496.32416014321,-8728.66247847417,9496.32416014321,-8728.66247847417,0,0,0,0,0,0,0,NaN,NaN,NaN,NaN
D03_id_iq_step,B0,baseline,baseline,873,0.0872,1250,833.333333333333,9472.64683374125,-8710.18182883138,9472.64683374125,-8710.18182883138,0,0,0,0,0,0,0,NaN,NaN,NaN,NaN
D03_id_iq_step,B0,baseline,baseline,874,0.0873,1250,833.333333333333,9454.1688001715,-8697.07789201382,9454.1688001715,-8697.07789201382,0,0,0,0,0,0,0,NaN,NaN,NaN,NaN
D03_id_iq_step,B0,baseline,baseline,875,0.0874,1250,833.333333333333,9448.66646114876,-8695.81207611715,9448.66646114876,-8695.81207611715,0,0,0,0,0,0,0,NaN,NaN,NaN,NaN
D03_id_iq_step,B0,baseline,baseline,876,0.0875,1250,833.333333333333,9451.43591271343,-8703.01224415251,9451.43591271343,-8703.01224415251,0,0,0,0,0,0,0,NaN,NaN,NaN,NaN
D03_id_iq_step,B0,baseline,baseline,877,0.0876,1250,833.333333333333,9453.47226510075,-8710.02246360892,9453.47226510075,-8710.02246360892,0,0,0,0,0,0,0,NaN,NaN,NaN,NaN
D03_id_iq_step,B0,baseline,baseline,878,0.0877,1250,833.333333333333,9447.14473168883,-8709.77820492158,9447.14473168883,-8709.77820492158,0,0,0,0,0,0,0,NaN,NaN,NaN,NaN
D03_id_iq_step,B0,baseline,baseline,879,0.0878,1250,833.333333333333,9435.65841263252,-8701.61406579022,9435.65841263252,-8701.61406579022,0,0,0,0,0,0,0,NaN,NaN,NaN,NaN
D03_id_iq_step,B0,baseline,baseline,880,0.0879,1250,833.333333333333,9433.90303467371,-8697.46245893244,9433.90303467371,-8697.46245893244,0,0,0,0,0,0,0,NaN,NaN,NaN,NaN
D03_id_iq_step,B0,baseline,baseline,881,0.088,1250,833.333333333333,9439.28259618338,-8700.63819373853,9439.28259618338,-8700.63819373853,0,0,0,0,0,0,0,NaN,NaN,NaN,NaN
D03_id_iq_step,B0,baseline,baseline,882,0.0881,1250,833.333333333333,9445.60132130348,-8706.79766279106,9445.60132130348,-8706.79766279106,0,0,0,0,0,0,0,NaN,NaN,NaN,NaN
D03_id_iq_step,B0,baseline,baseline,883,0.0882,1250,833.333333333333,9444.00867553186,-8707.69674900274,9444.00867553186,-8707.69674900274,0,0,0,0,0,0,0,NaN,NaN,NaN,NaN
D03_id_iq_step,B0,baseline,baseline,884,0.0883,1250,833.333333333333,9431.89963857383,-8697.37381163332,9431.89963857383,-8697.37381163332,0,0,0,0,0,0,0,NaN,NaN,NaN,NaN
D03_id_iq_step,B0,baseline,baseline,885,0.0884,1250,833.333333333333,9428.14341183881,-8688.01004233985,9428.14341183881,-8688.01004233985,0,0,0,0,0,0,0,NaN,NaN,NaN,NaN
D03_id_iq_step,B0,baseline,baseline,886,0.0885,1250,833.333333333333,9441.34204498914,-8690.50639179089,9441.34204498914,-8690.50639179089,0,0,0,0,0,0,0,NaN,NaN,NaN,NaN
D03_id_iq_step,B0,baseline,baseline,887,0.0886,1250,833.333333333333,9467.0685371083,-8706.51320203941,9467.0685371083,-8706.51320203941,0,0,0,0,0,0,0,NaN,NaN,NaN,NaN
D03_id_iq_step,B0,baseline,baseline,888,0.0887,1250,833.333333333333,9502.98792937803,-8736.86487517162,9502.98792937803,-8736.86487517162,0,0,0,0,0,0,0,NaN,NaN,NaN,NaN
D03_id_iq_step,B0,baseline,baseline,889,0.0888,1250,833.333333333333,9539.32339366073,-8771.96099827673,9539.32339366073,-8771.96099827673,0,0,0,0,0,0,0,NaN,NaN,NaN,NaN
D03_id_iq_step,B0,baseline,baseline,890,0.0889,1250,833.333333333333,9563.47887465697,-8798.12796793421,9563.47887465697,-8798.12796793421,0,0,0,0,0,0,0,NaN,NaN,NaN,NaN
D03_id_iq_step,B0,baseline,baseline,891,0.089,1250,833.333333333333,9573.20910895599,-8809.58081271099,9573.20910895599,-8809.58081271099,0,0,0,0,0,0,0,NaN,NaN,NaN,NaN
D03_id_iq_step,B0,baseline,baseline,892,0.0891,1250,833.333333333333,9576.1550591949,-8809.57878591666,9576.1550591949,-8809.57878591666,0,0,0,0,0,0,0,NaN,NaN,NaN,NaN
D03_id_iq_step,B0,baseline,baseline,893,0.0892,1250,833.333333333333,9574.6913587133,-8807.83540541917,9574.6913587133,-8807.83540541917,0,0,0,0,0,0,0,NaN,NaN,NaN,NaN
D03_id_iq_step,B0,baseline,baseline,894,0.0893,1250,833.333333333333,9559.78002277886,-8801.63486755735,9559.78002277886,-8801.63486755735,0,0,0,0,0,0,0,NaN,NaN,NaN,NaN
D03_id_iq_step,B0,baseline,baseline,895,0.0894,1250,833.333333333333,9536.79192046041,-8786.35106566425,9536.79192046041,-8786.35106566425,0,0,0,0,0,0,0,NaN,NaN,NaN,NaN
D03_id_iq_step,B0,baseline,baseline,896,0.0895,1250,833.333333333333,9518.74804017962,-8767.86419281903,9518.74804017962,-8767.86419281903,0,0,0,0,0,0,0,NaN,NaN,NaN,NaN
D03_id_iq_step,B0,baseline,baseline,897,0.0896,1250,833.333333333333,9514.47547665718,-8753.37448833394,9514.47547665718,-8753.37448833394,0,0,0,0,0,0,0,NaN,NaN,NaN,NaN
D03_id_iq_step,B0,baseline,baseline,898,0.0897,1250,833.333333333333,9524.72056471081,-8749.57979053652,9524.72056471081,-8749.57979053652,0,0,0,0,0,0,0,NaN,NaN,NaN,NaN
D03_id_iq_step,B0,baseline,baseline,899,0.0898,1250,833.333333333333,9522.14540689646,-8744.97303023141,9522.14540689646,-8744.97303023141,0,0,0,0,0,0,0,NaN,NaN,NaN,NaN
D03_id_iq_step,B0,baseline,baseline,900,0.0899,1250,833.333333333333,9499.27725211732,-8729.63523646942,9499.27725211732,-8729.63523646942,0,0,0,0,0,0,0,NaN,NaN,NaN,NaN
D03_id_iq_step,B0,baseline,baseline,901,0.09,1250,833.333333333333,9474.10405459252,-8711.9463807752,9474.10405459252,-8711.9463807752,0,0,0,0,0,0,0,NaN,NaN,NaN,NaN
D03_id_iq_step,B0,baseline,baseline,902,0.0901,1250,833.333333333333,9454.99554040472,-8699.03417440566,9454.99554040472,-8699.03417440566,0,0,0,0,0,0,0,NaN,NaN,NaN,NaN
D03_id_iq_step,B0,baseline,baseline,903,0.0902,1250,833.333333333333,9449.41226327907,-8697.50380403283,9449.41226327907,-8697.50380403283,0,0,0,0,0,0,0,NaN,NaN,NaN,NaN
D03_id_iq_step,B0,baseline,baseline,904,0.0903,1250,833.333333333333,9452.37895945817,-8704.31539775974,9452.37895945817,-8704.31539775974,0,0,0,0,0,0,0,NaN,NaN,NaN,NaN
D03_id_iq_step,B0,baseline,baseline,905,0.0904,1250,833.333333333333,9454.69068635462,-8711.16842252284,9454.69068635462,-8711.16842252284,0,0,0,0,0,0,0,NaN,NaN,NaN,NaN
D03_id_iq_step,B0,baseline,baseline,906,0.0905,1250,833.333333333333,9448.77267581012,-8711.20499035133,9448.77267581012,-8711.20499035133,0,0,0,0,0,0,0,NaN,NaN,NaN,NaN
D03_id_iq_step,B0,baseline,baseline,907,0.0906,1250,833.333333333333,9437.77327083247,-8703.62196798187,9437.77327083247,-8703.62196798187,0,0,0,0,0,0,0,NaN,NaN,NaN,NaN
D03_id_iq_step,B0,baseline,baseline,908,0.0907,1250,833.333333333333,9436.30522878429,-8699.82991196332,9436.30522878429,-8699.82991196332,0,0,0,0,0,0,0,NaN,NaN,NaN,NaN
D03_id_iq_step,B0,baseline,baseline,909,0.0908,1250,833.333333333333,9442.04821745626,-8703.16528251541,9442.04821745626,-8703.16528251541,0,0,0,0,0,0,0,NaN,NaN,NaN,NaN
D03_id_iq_step,B0,baseline,baseline,910,0.0909,1250,833.333333333333,9449.24268901517,-8709.68957770171,9449.24268901517,-8709.68957770171,0,0,0,0,0,0,0,NaN,NaN,NaN,NaN
D03_id_iq_step,B0,baseline,baseline,911,0.091,1250,833.333333333333,9449.42833663933,-8711.72516367622,9449.42833663933,-8711.72516367622,0,0,0,0,0,0,0,NaN,NaN,NaN,NaN
D03_id_iq_step,B0,baseline,baseline,912,0.0911,1250,833.333333333333,9440.18070191791,-8703.60757475937,9440.18070191791,-8703.60757475937,0,0,0,0,0,0,0,NaN,NaN,NaN,NaN
D03_id_iq_step,B0,baseline,baseline,913,0.0912,1250,833.333333333333,9439.98652113835,-8696.93626392361,9439.98652113835,-8696.93626392361,0,0,0,0,0,0,0,NaN,NaN,NaN,NaN
D03_id_iq_step,B0,baseline,baseline,914,0.0913,1250,833.333333333333,9455.11211216629,-8702.54949209096,9455.11211216629,-8702.54949209096,0,0,0,0,0,0,0,NaN,NaN,NaN,NaN
D03_id_iq_step,B0,baseline,baseline,915,0.0914,1250,833.333333333333,9480.32512185953,-8722.24075360977,9480.32512185953,-8722.24075360977,0,0,0,0,0,0,0,NaN,NaN,NaN,NaN
D03_id_iq_step,B0,baseline,baseline,916,0.0915,1250,833.333333333333,9517.53371834104,-8756.11079401831,9517.53371834104,-8756.11079401831,0,0,0,0,0,0,0,NaN,NaN,NaN,NaN
D03_id_iq_step,B0,baseline,baseline,917,0.0916,1250,833.333333333333,9546.76597639454,-8790.5704731007,9546.76597639454,-8790.5704731007,0,0,0,0,0,0,0,NaN,NaN,NaN,NaN
D03_id_iq_step,B0,baseline,baseline,918,0.0917,1250,833.333333333333,9542.46057290913,-8806.21591898926,9542.46057290913,-8806.21591898926,0,0,0,0,0,0,0,NaN,NaN,NaN,NaN
D03_id_iq_step,B0,baseline,baseline,919,0.0918,1250,833.333333333333,9518.6997954494,-8800.96896688397,9518.6997954494,-8800.96896688397,0,0,0,0,0,0,0,NaN,NaN,NaN,NaN
D03_id_iq_step,B0,baseline,baseline,920,0.0919,1250,833.333333333333,9506.18266796162,-8789.11681379064,9506.18266796162,-8789.11681379064,0,0,0,0,0,0,0,NaN,NaN,NaN,NaN
D03_id_iq_step,B0,baseline,baseline,921,0.092,1250,833.333333333333,9518.48078216626,-8786.94703317945,9518.48078216626,-8786.94703317945,0,0,0,0,0,0,0,NaN,NaN,NaN,NaN
D03_id_iq_step,B0,baseline,baseline,922,0.0921,1250,833.333333333333,9536.07008247093,-8790.20339253714,9536.07008247093,-8790.20339253714,0,0,0,0,0,0,0,NaN,NaN,NaN,NaN
D03_id_iq_step,B0,baseline,baseline,923,0.0922,1250,833.333333333333,9534.09656595144,-8784.8120990528,9534.09656595144,-8784.8120990528,0,0,0,0,0,0,0,NaN,NaN,NaN,NaN
D03_id_iq_step,B0,baseline,baseline,924,0.0923,1250,833.333333333333,9518.58847666196,-8770.16224332216,9518.58847666196,-8770.16224332216,0,0,0,0,0,0,0,NaN,NaN,NaN,NaN
D03_id_iq_step,B0,baseline,baseline,925,0.0924,1250,833.333333333333,9512.49264614452,-8755.81784379087,9512.49264614452,-8755.81784379087,0,0,0,0,0,0,0,NaN,NaN,NaN,NaN
D03_id_iq_step,B0,baseline,baseline,926,0.0925,1250,833.333333333333,9522.29428601245,-8751.2907807176,9522.29428601245,-8751.2907807176,0,0,0,0,0,0,0,NaN,NaN,NaN,NaN
D03_id_iq_step,B0,baseline,baseline,927,0.0926,1250,833.333333333333,9520.52205868972,-8746.03156181684,9520.52205868972,-8746.03156181684,0,0,0,0,0,0,0,NaN,NaN,NaN,NaN
D03_id_iq_step,B0,baseline,baseline,928,0.0927,1250,833.333333333333,9498.76988647807,-8730.62211016778,9498.76988647807,-8730.62211016778,0,0,0,0,0,0,0,NaN,NaN,NaN,NaN
D03_id_iq_step,B0,baseline,baseline,929,0.0928,1250,833.333333333333,9474.30272827244,-8713.24695211012,9474.30272827244,-8713.24695211012,0,0,0,0,0,0,0,NaN,NaN,NaN,NaN
D03_id_iq_step,B0,baseline,baseline,930,0.0929,1250,833.333333333333,9455.50626205851,-8700.69269272904,9455.50626205851,-8700.69269272904,0,0,0,0,0,0,0,NaN,NaN,NaN,NaN
D03_id_iq_step,B0,baseline,baseline,931,0.093,1250,833.333333333333,9450.0367126331,-8699.23957184825,9450.0367126331,-8699.23957184825,0,0,0,0,0,0,0,NaN,NaN,NaN,NaN
D03_id_iq_step,B0,baseline,baseline,932,0.0931,1250,833.333333333333,9453.10739237624,-8705.88536442794,9453.10739237624,-8705.88536442794,0,0,0,0,0,0,0,NaN,NaN,NaN,NaN
D03_id_iq_step,B0,baseline,baseline,933,0.0932,1250,833.333333333333,9455.58193296469,-8712.58392968507,9455.58193296469,-8712.58392968507,0,0,0,0,0,0,0,NaN,NaN,NaN,NaN
D03_id_iq_step,B0,baseline,baseline,934,0.0933,1250,833.333333333333,9450.11537213369,-8712.78422329222,9450.11537213369,-8712.78422329222,0,0,0,0,0,0,0,NaN,NaN,NaN,NaN
D03_id_iq_step,B0,baseline,baseline,935,0.0934,1250,833.333333333333,9439.65901019194,-8705.69395376021,9439.65901019194,-8705.69395376021,0,0,0,0,0,0,0,NaN,NaN,NaN,NaN
D03_id_iq_step,B0,baseline,baseline,936,0.0935,1250,833.333333333333,9438.50029608327,-8702.22969181749,9438.50029608327,-8702.22969181749,0,0,0,0,0,0,0,NaN,NaN,NaN,NaN
D03_id_iq_step,B0,baseline,baseline,937,0.0936,1250,833.333333333333,9444.67049824001,-8705.71521775373,9444.67049824001,-8705.71521775373,0,0,0,0,0,0,0,NaN,NaN,NaN,NaN
D03_id_iq_step,B0,baseline,baseline,938,0.0937,1250,833.333333333333,9452.81295360979,-8712.61239108046,9452.81295360979,-8712.61239108046,0,0,0,0,0,0,0,NaN,NaN,NaN,NaN
D03_id_iq_step,B0,baseline,baseline,939,0.0938,1250,833.333333333333,9454.94852121894,-8715.77421171685,9454.94852121894,-8715.77421171685,0,0,0,0,0,0,0,NaN,NaN,NaN,NaN
D03_id_iq_step,B0,baseline,baseline,940,0.0939,1250,833.333333333333,9448.74118223584,-8709.84718708021,9448.74118223584,-8709.84718708021,0,0,0,0,0,0,0,NaN,NaN,NaN,NaN
D03_id_iq_step,B0,baseline,baseline,941,0.094,1250,833.333333333333,9452.24081451856,-8705.8678633746,9452.24081451856,-8705.8678633746,0,0,0,0,0,0,0,NaN,NaN,NaN,NaN
D03_id_iq_step,B0,baseline,baseline,942,0.0941,1250,833.333333333333,9471.38505553408,-8714.22496022668,9471.38505553408,-8714.22496022668,0,0,0,0,0,0,0,NaN,NaN,NaN,NaN
D03_id_iq_step,B0,baseline,baseline,943,0.0942,1250,833.333333333333,9500.81306665833,-8736.74864872358,9500.81306665833,-8736.74864872358,0,0,0,0,0,0,0,NaN,NaN,NaN,NaN
D03_id_iq_step,B0,baseline,baseline,944,0.0943,1250,833.333333333333,9531.50287952446,-8765.38734078626,9531.50287952446,-8765.38734078626,0,0,0,0,0,0,0,NaN,NaN,NaN,NaN
D03_id_iq_step,B0,baseline,baseline,945,0.0944,1250,833.333333333333,9552.85291520651,-8788.45327152269,9552.85291520651,-8788.45327152269,0,0,0,0,0,0,0,NaN,NaN,NaN,NaN
D03_id_iq_step,B0,baseline,baseline,946,0.0945,1250,833.333333333333,9562.62134166545,-8800.26999247871,9562.62134166545,-8800.26999247871,0,0,0,0,0,0,0,NaN,NaN,NaN,NaN
D03_id_iq_step,B0,baseline,baseline,947,0.0946,1250,833.333333333333,9566.94468914105,-8802.56460258806,9566.94468914105,-8802.56460258806,0,0,0,0,0,0,0,NaN,NaN,NaN,NaN
D03_id_iq_step,B0,baseline,baseline,948,0.0947,1250,833.333333333333,9564.06098438491,-8802.4725051597,9564.06098438491,-8802.4725051597,0,0,0,0,0,0,0,NaN,NaN,NaN,NaN
D03_id_iq_step,B0,baseline,baseline,949,0.0948,1250,833.333333333333,9552.66250077905,-8803.14260740569,9552.66250077905,-8803.14260740569,0,0,0,0,0,0,0,NaN,NaN,NaN,NaN
D03_id_iq_step,B0,baseline,baseline,950,0.0949,1250,833.333333333333,9540.01657941709,-8803.36248409624,9540.01657941709,-8803.36248409624,0,0,0,0,0,0,0,NaN,NaN,NaN,NaN
D03_id_iq_step,B0,baseline,baseline,951,0.095,1250,833.333333333333,9523.42517596738,-8796.4082941901,9523.42517596738,-8796.4082941901,0,0,0,0,0,0,0,NaN,NaN,NaN,NaN
D03_id_iq_step,B0,baseline,baseline,952,0.0951,1250,833.333333333333,9513.03445420037,-8781.82617840755,9513.03445420037,-8781.82617840755,0,0,0,0,0,0,0,NaN,NaN,NaN,NaN
D03_id_iq_step,B0,baseline,baseline,953,0.0952,1250,833.333333333333,9514.62354603468,-8766.72489864266,9514.62354603468,-8766.72489864266,0,0,0,0,0,0,0,NaN,NaN,NaN,NaN
D03_id_iq_step,B0,baseline,baseline,954,0.0953,1250,833.333333333333,9517.34237911813,-8754.69831694771,9517.34237911813,-8754.69831694771,0,0,0,0,0,0,0,NaN,NaN,NaN,NaN
D03_id_iq_step,B0,baseline,baseline,955,0.0954,1250,833.333333333333,9515.6473833907,-8744.86157630736,9515.6473833907,-8744.86157630736,0,0,0,0,0,0,0,NaN,NaN,NaN,NaN
D03_id_iq_step,B0,baseline,baseline,956,0.0955,1250,833.333333333333,9500.4700054785,-8731.33110620932,9500.4700054785,-8731.33110620932,0,0,0,0,0,0,0,NaN,NaN,NaN,NaN
D03_id_iq_step,B0,baseline,baseline,957,0.0956,1250,833.333333333333,9475.85367817386,-8714.71847178859,9475.85367817386,-8714.71847178859,0,0,0,0,0,0,0,NaN,NaN,NaN,NaN
D03_id_iq_step,B0,baseline,baseline,958,0.0957,1250,833.333333333333,9456.83238851361,-8702.5285793214,9456.83238851361,-8702.5285793214,0,0,0,0,0,0,0,NaN,NaN,NaN,NaN
D03_id_iq_step,B0,baseline,baseline,959,0.0958,1250,833.333333333333,9451.19679774694,-8701.01501004299,9451.19679774694,-8701.01501004299,0,0,0,0,0,0,0,NaN,NaN,NaN,NaN
D03_id_iq_step,B0,baseline,baseline,960,0.0959,1250,833.333333333333,9454.20919593574,-8707.39655667073,9454.20919593574,-8707.39655667073,0,0,0,0,0,0,0,NaN,NaN,NaN,NaN
D03_id_iq_step,B0,baseline,baseline,961,0.096,1250,833.333333333333,9456.8219266892,-8713.87338856817,9456.8219266892,-8713.87338856817,0,0,0,0,0,0,0,NaN,NaN,NaN,NaN
D03_id_iq_step,B0,baseline,baseline,962,0.0961,1250,833.333333333333,9451.78610943498,-8714.21912813412,9451.78610943498,-8714.21912813412,0,0,0,0,0,0,0,NaN,NaN,NaN,NaN
D03_id_iq_step,B0,baseline,baseline,963,0.0962,1250,833.333333333333,9441.87826115919,-8707.64562878546,9441.87826115919,-8707.64562878546,0,0,0,0,0,0,0,NaN,NaN,NaN,NaN
D03_id_iq_step,B0,baseline,baseline,964,0.0963,1250,833.333333333333,9441.04305380444,-8704.53600287155,9441.04305380444,-8704.53600287155,0,0,0,0,0,0,0,NaN,NaN,NaN,NaN
D03_id_iq_step,B0,baseline,baseline,965,0.0964,1250,833.333333333333,9447.60615560128,-8708.195182327,9447.60615560128,-8708.195182327,0,0,0,0,0,0,0,NaN,NaN,NaN,NaN
D03_id_iq_step,B0,baseline,baseline,966,0.0965,1250,833.333333333333,9456.68016474839,-8715.47734007167,9456.68016474839,-8715.47734007167,0,0,0,0,0,0,0,NaN,NaN,NaN,NaN
D03_id_iq_step,B0,baseline,baseline,967,0.0966,1250,833.333333333333,9460.71373874819,-8719.78558606245,9460.71373874819,-8719.78558606245,0,0,0,0,0,0,0,NaN,NaN,NaN,NaN
D03_id_iq_step,B0,baseline,baseline,968,0.0967,1250,833.333333333333,9457.57214093123,-8716.05942617316,9457.57214093123,-8716.05942617316,0,0,0,0,0,0,0,NaN,NaN,NaN,NaN
D03_id_iq_step,B0,baseline,baseline,969,0.0968,1250,833.333333333333,9463.44453539009,-8715.07177293641,9463.44453539009,-8715.07177293641,0,0,0,0,0,0,0,NaN,NaN,NaN,NaN
D03_id_iq_step,B0,baseline,baseline,970,0.0969,1250,833.333333333333,9483.39030941634,-8726.85601864844,9483.39030941634,-8726.85601864844,0,0,0,0,0,0,0,NaN,NaN,NaN,NaN
D03_id_iq_step,B0,baseline,baseline,971,0.097,1250,833.333333333333,9514.79017205917,-8752.7043906344,9514.79017205917,-8752.7043906344,0,0,0,0,0,0,0,NaN,NaN,NaN,NaN
D03_id_iq_step,B0,baseline,baseline,972,0.0971,1250,833.333333333333,9548.3675007342,-8782.99072258792,9548.3675007342,-8782.99072258792,0,0,0,0,0,0,0,NaN,NaN,NaN,NaN
D03_id_iq_step,B0,baseline,baseline,973,0.0972,1250,833.333333333333,9570.60588135849,-8804.25143953187,9570.60588135849,-8804.25143953187,0,0,0,0,0,0,0,NaN,NaN,NaN,NaN
D03_id_iq_step,B0,baseline,baseline,974,0.0973,1250,833.333333333333,9578.04988071403,-8811.453275303,9578.04988071403,-8811.453275303,0,0,0,0,0,0,0,NaN,NaN,NaN,NaN
D03_id_iq_step,B0,baseline,baseline,975,0.0974,1250,833.333333333333,9577.21403412627,-8808.68854616778,9577.21403412627,-8808.68854616778,0,0,0,0,0,0,0,NaN,NaN,NaN,NaN
D03_id_iq_step,B0,baseline,baseline,976,0.0975,1250,833.333333333333,9570.99102802321,-8805.30878144974,9570.99102802321,-8805.30878144974,0,0,0,0,0,0,0,NaN,NaN,NaN,NaN
D03_id_iq_step,B0,baseline,baseline,977,0.0976,1250,833.333333333333,9552.0724470312,-8798.37380744674,9552.0724470312,-8798.37380744674,0,0,0,0,0,0,0,NaN,NaN,NaN,NaN
D03_id_iq_step,B0,baseline,baseline,978,0.0977,1250,833.333333333333,9527.5038915193,-8783.2956791249,9527.5038915193,-8783.2956791249,0,0,0,0,0,0,0,NaN,NaN,NaN,NaN
D03_id_iq_step,B0,baseline,baseline,979,0.0978,1250,833.333333333333,9510.73487429413,-8765.63379827015,9510.73487429413,-8765.63379827015,0,0,0,0,0,0,0,NaN,NaN,NaN,NaN
D03_id_iq_step,B0,baseline,baseline,980,0.0979,1250,833.333333333333,9509.86195145122,-8752.33864576833,9509.86195145122,-8752.33864576833,0,0,0,0,0,0,0,NaN,NaN,NaN,NaN
D03_id_iq_step,B0,baseline,baseline,981,0.098,1250,833.333333333333,9523.22277601132,-8749.50421423542,9523.22277601132,-8749.50421423542,0,0,0,0,0,0,0,NaN,NaN,NaN,NaN
D03_id_iq_step,B0,baseline,baseline,982,0.0981,1250,833.333333333333,9530.64147359861,-8751.91077758917,9530.64147359861,-8751.91077758917,0,0,0,0,0,0,0,NaN,NaN,NaN,NaN
D03_id_iq_step,B0,baseline,baseline,983,0.0982,1250,833.333333333333,9519.74575371313,-8746.62943828502,9519.74575371313,-8746.62943828502,0,0,0,0,0,0,0,NaN,NaN,NaN,NaN
D03_id_iq_step,B0,baseline,baseline,984,0.0983,1250,833.333333333333,9497.61798283673,-8731.97388300798,9497.61798283673,-8731.97388300798,0,0,0,0,0,0,0,NaN,NaN,NaN,NaN
D03_id_iq_step,B0,baseline,baseline,985,0.0984,1250,833.333333333333,9473.8444433475,-8715.23522878085,9473.8444433475,-8715.23522878085,0,0,0,0,0,0,0,NaN,NaN,NaN,NaN
D03_id_iq_step,B0,baseline,baseline,986,0.0985,1250,833.333333333333,9456.05644262445,-8703.18832143843,9456.05644262445,-8703.18832143843,0,0,0,0,0,0,0,NaN,NaN,NaN,NaN
D03_id_iq_step,B0,baseline,baseline,987,0.0986,1250,833.333333333333,9451.36779258736,-8701.90782051473,9451.36779258736,-8701.90782051473,0,0,0,0,0,0,0,NaN,NaN,NaN,NaN
D03_id_iq_step,B0,baseline,baseline,988,0.0987,1250,833.333333333333,9454.89625103423,-8708.48395874297,9454.89625103423,-8708.48395874297,0,0,0,0,0,0,0,NaN,NaN,NaN,NaN
D03_id_iq_step,B0,baseline,baseline,989,0.0988,1250,833.333333333333,9457.73288572391,-8715.12401880667,9457.73288572391,-8715.12401880667,0,0,0,0,0,0,0,NaN,NaN,NaN,NaN
D03_id_iq_step,B0,baseline,baseline,990,0.0989,1250,833.333333333333,9453.12760381486,-8715.79154648497,9453.12760381486,-8715.79154648497,0,0,0,0,0,0,0,NaN,NaN,NaN,NaN
D03_id_iq_step,B0,baseline,baseline,991,0.099,1250,833.333333333333,9443.78725708373,-8709.72159708265,9443.78725708373,-8709.72159708265,0,0,0,0,0,0,0,NaN,NaN,NaN,NaN
D03_id_iq_step,B0,baseline,baseline,992,0.0991,1250,833.333333333333,9443.30675139842,-8706.90525262055,9443.30675139842,-8706.90525262055,0,0,0,0,0,0,0,NaN,NaN,NaN,NaN
D03_id_iq_step,B0,baseline,baseline,993,0.0992,1250,833.333333333333,9450.35452446625,-8710.70453370831,9450.35452446625,-8710.70453370831,0,0,0,0,0,0,0,NaN,NaN,NaN,NaN
D03_id_iq_step,B0,baseline,baseline,994,0.0993,1250,833.333333333333,9460.45620766859,-8718.36494571319,9460.45620766859,-8718.36494571319,0,0,0,0,0,0,0,NaN,NaN,NaN,NaN
D03_id_iq_step,B0,baseline,baseline,995,0.0994,1250,833.333333333333,9466.57111367523,-8723.8060966901,9466.57111367523,-8723.8060966901,0,0,0,0,0,0,0,NaN,NaN,NaN,NaN
D03_id_iq_step,B0,baseline,baseline,996,0.0995,1250,833.333333333333,9466.6821337937,-8722.2689584944,9466.6821337937,-8722.2689584944,0,0,0,0,0,0,0,NaN,NaN,NaN,NaN
D03_id_iq_step,B0,baseline,baseline,997,0.0996,1250,833.333333333333,9475.82706643834,-8724.10808833029,9475.82706643834,-8724.10808833029,0,0,0,0,0,0,0,NaN,NaN,NaN,NaN
D03_id_iq_step,B0,baseline,baseline,998,0.0997,1250,833.333333333333,9498.53191766753,-8738.94634268499,9498.53191766753,-8738.94634268499,0,0,0,0,0,0,0,NaN,NaN,NaN,NaN
D03_id_iq_step,B0,baseline,baseline,999,0.0998,1250,833.333333333333,9533.4497965808,-8767.85788133565,9533.4497965808,-8767.85788133565,0,0,0,0,0,0,0,NaN,NaN,NaN,NaN
D03_id_iq_step,B0,baseline,baseline,1000,0.0999,1250,833.333333333333,9559.60324967547,-8797.01589022485,9559.60324967547,-8797.01589022485,0,0,0,0,0,0,0,NaN,NaN,NaN,NaN
D03_id_iq_step,B0,baseline,baseline,1001,0.1,1250,833.333333333333,9550.89152820108,-8806.47994298016,9550.89152820108,-8806.47994298016,0,0,0,0,0,0,0,NaN,NaN,NaN,NaN
D03_id_iq_step,B0,baseline,baseline,1002,0.1001,1250,833.333333333333,9521.95949856869,-8795.47662428595,9521.95949856869,-8795.47662428595,0,0,0,0,0,0,0,NaN,NaN,NaN,NaN
D03_id_iq_step,B0,baseline,baseline,1003,0.1002,1250,833.333333333333,9505.2004324309,-8780.51168469981,9505.2004324309,-8780.51168469981,0,0,0,0,0,0,0,NaN,NaN,NaN,NaN
D03_id_iq_step,B0,baseline,baseline,1004,0.1003,1250,833.333333333333,9513.5642433908,-8778.34835832386,9513.5642433908,-8778.34835832386,0,0,0,0,0,0,0,NaN,NaN,NaN,NaN
D03_id_iq_step,B0,baseline,baseline,1005,0.1004,1250,833.333333333333,9527.54813984905,-8783.80180916082,9527.54813984905,-8783.80180916082,0,0,0,0,0,0,0,NaN,NaN,NaN,NaN
D03_id_iq_step,B0,baseline,baseline,1006,0.1005,1250,833.333333333333,9524.31524524455,-8780.84455019494,9524.31524524455,-8780.84455019494,0,0,0,0,0,0,0,NaN,NaN,NaN,NaN
D03_id_iq_step,B0,baseline,baseline,1007,0.1006,1250,833.333333333333,9510.20361725885,-8767.66850002224,9510.20361725885,-8767.66850002224,0,0,0,0,0,0,0,NaN,NaN,NaN,NaN
D03_id_iq_step,B0,baseline,baseline,1008,0.1007,1250,833.333333333333,9507.57314973727,-8754.50109320407,9507.57314973727,-8754.50109320407,0,0,0,0,0,0,0,NaN,NaN,NaN,NaN
D03_id_iq_step,B0,baseline,baseline,1009,0.1008,1250,833.333333333333,9520.67744091423,-8750.96230806773,9520.67744091423,-8750.96230806773,0,0,0,0,0,0,0,NaN,NaN,NaN,NaN
D03_id_iq_step,B0,baseline,baseline,1010,0.1009,1250,833.333333333333,9519.9229776529,-8745.85300736551,9519.9229776529,-8745.85300736551,0,0,0,0,0,0,0,NaN,NaN,NaN,NaN
D03_id_iq_step,B0,baseline,baseline,1011,0.101,1250,833.333333333333,9498.07233317597,-8729.8573132234,9498.07233317597,-8729.8573132234,0,0,0,0,0,0,0,NaN,NaN,NaN,NaN
D03_id_iq_step,B0,baseline,baseline,1012,0.1011,1250,833.333333333333,9473.52513414815,-8711.69134299988,9473.52513414815,-8711.69134299988,0,0,0,0,0,0,0,NaN,NaN,NaN,NaN
D03_id_iq_step,B0,baseline,baseline,1013,0.1012,1250,833.333333333333,9454.64352688582,-8698.51071633985,9454.64352688582,-8698.51071633985,0,0,0,0,0,0,0,NaN,NaN,NaN,NaN
D03_id_iq_step,B0,baseline,baseline,1014,0.1013,1250,833.333333333333,9449.08633668286,-8696.89859167389,9449.08633668286,-8696.89859167389,0,0,0,0,0,0,0,NaN,NaN,NaN,NaN
D03_id_iq_step,B0,baseline,baseline,1015,0.1014,1250,833.333333333333,9452.00063513535,-8703.73130483167,9452.00063513535,-8703.73130483167,0,0,0,0,0,0,0,NaN,NaN,NaN,NaN
D03_id_iq_step,B0,baseline,baseline,1016,0.1015,1250,833.333333333333,9454.21595177582,-8710.58978747583,9454.21595177582,-8710.58978747583,0,0,0,0,0,0,0,NaN,NaN,NaN,NaN
D03_id_iq_step,B0,baseline,baseline,1017,0.1016,1250,833.333333333333,9448.0801239645,-8710.48132091682,9448.0801239645,-8710.48132091682,0,0,0,0,0,0,0,NaN,NaN,NaN,NaN
D03_id_iq_step,B0,baseline,baseline,1018,0.1017,1250,833.333333333333,9436.81651455953,-8702.61527919366,9436.81651455953,-8702.61527919366,0,0,0,0,0,0,0,NaN,NaN,NaN,NaN
D03_id_iq_step,B0,baseline,baseline,1019,0.1018,1250,833.333333333333,9435.19165226631,-8698.64489046484,9435.19165226631,-8698.64489046484,0,0,0,0,0,0,0,NaN,NaN,NaN,NaN
D03_id_iq_step,B0,baseline,baseline,1020,0.1019,1250,833.333333333333,9440.72960778823,-8701.89903562065,9440.72960778823,-8701.89903562065,0,0,0,0,0,0,0,NaN,NaN,NaN,NaN
D03_id_iq_step,B0,baseline,baseline,1021,0.102,1250,833.333333333333,9447.46443215608,-8708.23632852312,9447.46443215608,-8708.23632852312,0,0,0,0,0,0,0,NaN,NaN,NaN,NaN
D03_id_iq_step,B0,baseline,baseline,1022,0.1021,1250,833.333333333333,9446.7206553179,-8709.70481436651,9446.7206553179,-8709.70481436651,0,0,0,0,0,0,0,NaN,NaN,NaN,NaN
D03_id_iq_step,B0,baseline,baseline,1023,0.1022,1250,833.333333333333,9436.00821149969,-8700.48786966931,9436.00821149969,-8700.48786966931,0,0,0,0,0,0,0,NaN,NaN,NaN,NaN
D03_id_iq_step,B0,baseline,baseline,1024,0.1023,1250,833.333333333333,9434.01634650084,-8692.47071365049,9434.01634650084,-8692.47071365049,0,0,0,0,0,0,0,NaN,NaN,NaN,NaN
D03_id_iq_step,B0,baseline,baseline,1025,0.1024,1250,833.333333333333,9448.16390767414,-8696.52669419045,9448.16390767414,-8696.52669419045,0,0,0,0,0,0,0,NaN,NaN,NaN,NaN
D03_id_iq_step,B0,baseline,baseline,1026,0.1025,1250,833.333333333333,9473.62275113151,-8714.37833817326,9473.62275113151,-8714.37833817326,0,0,0,0,0,0,0,NaN,NaN,NaN,NaN
D03_id_iq_step,B0,baseline,baseline,1027,0.1026,1250,833.333333333333,9510.16551402896,-8746.48952013606,9510.16551402896,-8746.48952013606,0,0,0,0,0,0,0,NaN,NaN,NaN,NaN
D03_id_iq_step,B0,baseline,baseline,1028,0.1027,1250,833.333333333333,9538.87307531067,-8776.011719443,9538.87307531067,-8776.011719443,0,0,0,0,0,0,0,NaN,NaN,NaN,NaN
D03_id_iq_step,B0,baseline,baseline,1029,0.1028,1250,833.333333333333,9537.91003202742,-8778.81372638797,9537.91003202742,-8778.81372638797,0,0,0,0,0,0,0,NaN,NaN,NaN,NaN
D03_id_iq_step,B0,baseline,baseline,1030,0.1029,1250,833.333333333333,9524.57915268233,-8763.5570218649,9524.57915268233,-8763.5570218649,0,0,0,0,0,0,0,NaN,NaN,NaN,NaN
D03_id_iq_step,B0,baseline,baseline,1031,0.103,1250,833.333333333333,9518.21387732279,-8751.75727617618,9518.21387732279,-8751.75727617618,0,0,0,0,0,0,0,NaN,NaN,NaN,NaN
D03_id_iq_step,B0,baseline,baseline,1032,0.1031,1250,833.333333333333,9524.91428189713,-8753.14701554536,9524.91428189713,-8753.14701554536,0,0,0,0,0,0,0,NaN,NaN,NaN,NaN
D03_id_iq_step,B0,baseline,baseline,1033,0.1032,1250,833.333333333333,9539.47280835844,-8764.69338946598,9539.47280835844,-8764.69338946598,0,0,0,0,0,0,0,NaN,NaN,NaN,NaN
D03_id_iq_step,B0,baseline,baseline,1034,0.1033,1250,833.333333333333,9539.37168668745,-8766.62897315796,9539.37168668745,-8766.62897315796,0,0,0,0,0,0,0,NaN,NaN,NaN,NaN
D03_id_iq_step,B0,baseline,baseline,1035,0.1034,1250,833.333333333333,9529.12227910327,-8757.34101732575,9529.12227910327,-8757.34101732575,0,0,0,0,0,0,0,NaN,NaN,NaN,NaN
D03_id_iq_step,B0,baseline,baseline,1036,0.1035,1250,833.333333333333,9525.92887453192,-8752.461530645,9525.92887453192,-8752.461530645,0,0,0,0,0,0,0,NaN,NaN,NaN,NaN
D03_id_iq_step,B0,baseline,baseline,1037,0.1036,1250,833.333333333333,9526.70650052537,-8752.17052684688,9526.70650052537,-8752.17052684688,0,0,0,0,0,0,0,NaN,NaN,NaN,NaN
D03_id_iq_step,B0,baseline,baseline,1038,0.1037,1250,833.333333333333,9518.06653347861,-8745.46880835945,9518.06653347861,-8745.46880835945,0,0,0,0,0,0,0,NaN,NaN,NaN,NaN
D03_id_iq_step,B0,baseline,baseline,1039,0.1038,1250,833.333333333333,9497.14005521156,-8729.52784197136,9497.14005521156,-8729.52784197136,0,0,0,0,0,0,0,NaN,NaN,NaN,NaN
D03_id_iq_step,B0,baseline,baseline,1040,0.1039,1250,833.333333333333,9473.3915247864,-8711.87412935167,9473.3915247864,-8711.87412935167,0,0,0,0,0,0,0,NaN,NaN,NaN,NaN
D03_id_iq_step,B0,baseline,baseline,1041,0.104,1250,833.333333333333,9454.99126917593,-8699.33927623211,9454.99126917593,-8699.33927623211,0,0,0,0,0,0,0,NaN,NaN,NaN,NaN
D03_id_iq_step,B0,baseline,baseline,1042,0.1041,1250,833.333333333333,9449.65379220866,-8698.14870683693,9449.65379220866,-8698.14870683693,0,0,0,0,0,0,0,NaN,NaN,NaN,NaN
D03_id_iq_step,B0,baseline,baseline,1043,0.1042,1250,833.333333333333,9452.65505466282,-8705.11560893284,9452.65505466282,-8705.11560893284,0,0,0,0,0,0,0,NaN,NaN,NaN,NaN
D03_id_iq_step,B0,baseline,baseline,1044,0.1043,1250,833.333333333333,9454.98554238953,-8711.96429829669,9454.98554238953,-8711.96429829669,0,0,0,0,0,0,0,NaN,NaN,NaN,NaN
D03_id_iq_step,B0,baseline,baseline,1045,0.1044,1250,833.333333333333,9449.29544996322,-8712.05199051804,9449.29544996322,-8712.05199051804,0,0,0,0,0,0,0,NaN,NaN,NaN,NaN
D03_id_iq_step,B0,baseline,baseline,1046,0.1045,1250,833.333333333333,9438.59243057083,-8704.68187243592,9438.59243057083,-8704.68187243592,0,0,0,0,0,0,0,NaN,NaN,NaN,NaN
D03_id_iq_step,B0,baseline,baseline,1047,0.1046,1250,833.333333333333,9437.29784073628,-8701.03940911097,9437.29784073628,-8701.03940911097,0,0,0,0,0,0,0,NaN,NaN,NaN,NaN
D03_id_iq_step,B0,baseline,baseline,1048,0.1047,1250,833.333333333333,9443.27986561749,-8704.44728383516,9443.27986561749,-8704.44728383516,0,0,0,0,0,0,0,NaN,NaN,NaN,NaN
D03_id_iq_step,B0,baseline,baseline,1049,0.1048,1250,833.333333333333,9450.96507162433,-8711.16275004757,9450.96507162433,-8711.16275004757,0,0,0,0,0,0,0,NaN,NaN,NaN,NaN
D03_id_iq_step,B0,baseline,baseline,1050,0.1049,1250,833.333333333333,9452.15053278565,-8713.7617600823,9452.15053278565,-8713.7617600823,0,0,0,0,0,0,0,NaN,NaN,NaN,NaN
D03_id_iq_step,B0,baseline,baseline,1051,0.105,1250,833.333333333333,9444.43099429684,-8706.73802398,9444.43099429684,-8706.73802398,0,0,0,0,0,0,0,NaN,NaN,NaN,NaN
D03_id_iq_step,B0,baseline,baseline,1052,0.1051,1250,833.333333333333,9446.06678036848,-8701.41264416844,9446.06678036848,-8701.41264416844,0,0,0,0,0,0,0,NaN,NaN,NaN,NaN
D03_id_iq_step,B0,baseline,baseline,1053,0.1052,1250,833.333333333333,9463.15572113685,-8708.40152839656,9463.15572113685,-8708.40152839656,0,0,0,0,0,0,0,NaN,NaN,NaN,NaN
D03_id_iq_step,B0,baseline,baseline,1054,0.1053,1250,833.333333333333,9490.39060808616,-8729.51822014776,9490.39060808616,-8729.51822014776,0,0,0,0,0,0,0,NaN,NaN,NaN,NaN
D03_id_iq_step,B0,baseline,baseline,1055,0.1054,1250,833.333333333333,9519.75038107109,-8757.33513760663,9519.75038107109,-8757.33513760663,0,0,0,0,0,0,0,NaN,NaN,NaN,NaN
D03_id_iq_step,B0,baseline,baseline,1056,0.1055,1250,833.333333333333,9541.99329174219,-8781.06604094939,9541.99329174219,-8781.06604094939,0,0,0,0,0,0,0,NaN,NaN,NaN,NaN
D03_id_iq_step,B0,baseline,baseline,1057,0.1056,1250,833.333333333333,9554.5191910748,-8794.90598702712,9554.5191910748,-8794.90598702712,0,0,0,0,0,0,0,NaN,NaN,NaN,NaN
D03_id_iq_step,B0,baseline,baseline,1058,0.1057,1250,833.333333333333,9561.96833585864,-8799.65303432682,9561.96833585864,-8799.65303432682,0,0,0,0,0,0,0,NaN,NaN,NaN,NaN
D03_id_iq_step,B0,baseline,baseline,1059,0.1058,1250,833.333333333333,9560.85703221839,-8801.04971813978,9560.85703221839,-8801.04971813978,0,0,0,0,0,0,0,NaN,NaN,NaN,NaN
D03_id_iq_step,B0,baseline,baseline,1060,0.1059,1250,833.333333333333,9548.52092645285,-8801.4080454047,9548.52092645285,-8801.4080454047,0,0,0,0,0,0,0,NaN,NaN,NaN,NaN
D03_id_iq_step,B0,baseline,baseline,1061,0.106,1250,833.333333333333,9532.11887183829,-8800.28335307244,9532.11887183829,-8800.28335307244,0,0,0,0,0,0,0,NaN,NaN,NaN,NaN
D03_id_iq_step,B0,baseline,baseline,1062,0.1061,1250,833.333333333333,9511.26707722406,-8792.25507799695,9511.26707722406,-8792.25507799695,0,0,0,0,0,0,0,NaN,NaN,NaN,NaN
D03_id_iq_step,B0,baseline,baseline,1063,0.1062,1250,833.333333333333,9499.63321024969,-8777.75418461357,9499.63321024969,-8777.75418461357,0,0,0,0,0,0,0,NaN,NaN,NaN,NaN
D03_id_iq_step,B0,baseline,baseline,1064,0.1063,1250,833.333333333333,9503.99738754392,-8763.91944897228,9503.99738754392,-8763.91944897228,0,0,0,0,0,0,0,NaN,NaN,NaN,NaN
D03_id_iq_step,B0,baseline,baseline,1065,0.1064,1250,833.333333333333,9511.74681056327,-8753.51268591458,9511.74681056327,-8753.51268591458,0,0,0,0,0,0,0,NaN,NaN,NaN,NaN
D03_id_iq_step,B0,baseline,baseline,1066,0.1065,1250,833.333333333333,9513.95576965793,-8744.70631687587,9513.95576965793,-8744.70631687587,0,0,0,0,0,0,0,NaN,NaN,NaN,NaN
D03_id_iq_step,B0,baseline,baseline,1067,0.1066,1250,833.333333333333,9499.80538782179,-8731.38317968403,9499.80538782179,-8731.38317968403,0,0,0,0,0,0,0,NaN,NaN,NaN,NaN
D03_id_iq_step,B0,baseline,baseline,1068,0.1067,1250,833.333333333333,9475.069560489,-8714.57205114574,9475.069560489,-8714.57205114574,0,0,0,0,0,0,0,NaN,NaN,NaN,NaN
D03_id_iq_step,B0,baseline,baseline,1069,0.1068,1250,833.333333333333,9456.104980378,-8702.11569101971,9456.104980378,-8702.11569101971,0,0,0,0,0,0,0,NaN,NaN,NaN,NaN
D03_id_iq_step,B0,baseline,baseline,1070,0.1069,1250,833.333333333333,9450.58900291921,-8700.44801004402,9450.58900291921,-8700.44801004402,0,0,0,0,0,0,0,NaN,NaN,NaN,NaN
D03_id_iq_step,B0,baseline,baseline,1071,0.107,1250,833.333333333333,9453.67658620206,-8706.80259413389,9453.67658620206,-8706.80259413389,0,0,0,0,0,0,0,NaN,NaN,NaN,NaN
D03_id_iq_step,B0,baseline,baseline,1072,0.1071,1250,833.333333333333,9456.27424839167,-8713.2805487029,9456.27424839167,-8713.2805487029,0,0,0,0,0,0,0,NaN,NaN,NaN,NaN
D03_id_iq_step,B0,baseline,baseline,1073,0.1072,1250,833.333333333333,9451.04554634747,-8713.50327686627,9451.04554634747,-8713.50327686627,0,0,0,0,0,0,0,NaN,NaN,NaN,NaN
D03_id_iq_step,B0,baseline,baseline,1074,0.1073,1250,833.333333333333,9440.8650209833,-8706.66800990002,9440.8650209833,-8706.66800990002,0,0,0,0,0,0,0,NaN,NaN,NaN,NaN
D03_id_iq_step,B0,baseline,baseline,1075,0.1074,1250,833.333333333333,9439.86139982192,-8703.38706338504,9439.86139982192,-8703.38706338504,0,0,0,0,0,0,0,NaN,NaN,NaN,NaN
D03_id_iq_step,B0,baseline,baseline,1076,0.1075,1250,833.333333333333,9446.20552961538,-8706.95915682773,9446.20552961538,-8706.95915682773,0,0,0,0,0,0,0,NaN,NaN,NaN,NaN
D03_id_iq_step,B0,baseline,baseline,1077,0.1076,1250,833.333333333333,9454.79111270631,-8714.0437423825,9454.79111270631,-8714.0437423825,0,0,0,0,0,0,0,NaN,NaN,NaN,NaN
D03_id_iq_step,B0,baseline,baseline,1078,0.1077,1250,833.333333333333,9457.8353521888,-8717.77854166922,9457.8353521888,-8717.77854166922,0,0,0,0,0,0,0,NaN,NaN,NaN,NaN
D03_id_iq_step,B0,baseline,baseline,1079,0.1078,1250,833.333333333333,9453.12679172039,-8712.95398734005,9453.12679172039,-8712.95398734005,0,0,0,0,0,0,0,NaN,NaN,NaN,NaN
D03_id_iq_step,B0,baseline,baseline,1080,0.1079,1250,833.333333333333,9458.03889523546,-8710.42184206291,9458.03889523546,-8710.42184206291,0,0,0,0,0,0,0,NaN,NaN,NaN,NaN
D03_id_iq_step,B0,baseline,baseline,1081,0.108,1250,833.333333333333,9478.1343529476,-8720.38080682749,9478.1343529476,-8720.38080682749,0,0,0,0,0,0,0,NaN,NaN,NaN,NaN
D03_id_iq_step,B0,baseline,baseline,1082,0.1081,1250,833.333333333333,9508.94834258194,-8744.48453356247,9508.94834258194,-8744.48453356247,0,0,0,0,0,0,0,NaN,NaN,NaN,NaN
D03_id_iq_step,B0,baseline,baseline,1083,0.1082,1250,833.333333333333,9541.03288447349,-8773.95420820682,9541.03288447349,-8773.95420820682,0,0,0,0,0,0,0,NaN,NaN,NaN,NaN
D03_id_iq_step,B0,baseline,baseline,1084,0.1083,1250,833.333333333333,9562.36804366013,-8796.20476358965,9562.36804366013,-8796.20476358965,0,0,0,0,0,0,0,NaN,NaN,NaN,NaN
D03_id_iq_step,B0,baseline,baseline,1085,0.1084,1250,833.333333333333,9570.42792854404,-8805.8165278151,9570.42792854404,-8805.8165278151,0,0,0,0,0,0,0,NaN,NaN,NaN,NaN
D03_id_iq_step,B0,baseline,baseline,1086,0.1085,1250,833.333333333333,9571.97975491757,-8805.61281256383,9571.97975491757,-8805.61281256383,0,0,0,0,0,0,0,NaN,NaN,NaN,NaN
D03_id_iq_step,B0,baseline,baseline,1087,0.1086,1250,833.333333333333,9567.45629610832,-8803.85990319828,9567.45629610832,-8803.85990319828,0,0,0,0,0,0,0,NaN,NaN,NaN,NaN
D03_id_iq_step,B0,baseline,baseline,1088,0.1087,1250,833.333333333333,9556.97482143599,-8804.22018375405,9556.97482143599,-8804.22018375405,0,0,0,0,0,0,0,NaN,NaN,NaN,NaN
D03_id_iq_step,B0,baseline,baseline,1089,0.1088,1250,833.333333333333,9546.76700297477,-8804.91927503164,9546.76700297477,-8804.91927503164,0,0,0,0,0,0,0,NaN,NaN,NaN,NaN
D03_id_iq_step,B0,baseline,baseline,1090,0.1089,1250,833.333333333333,9532.2465839376,-8798.45809883598,9532.2465839376,-8798.45809883598,0,0,0,0,0,0,0,NaN,NaN,NaN,NaN
D03_id_iq_step,B0,baseline,baseline,1091,0.109,1250,833.333333333333,9521.70957637817,-8783.9086974977,9521.70957637817,-8783.9086974977,0,0,0,0,0,0,0,NaN,NaN,NaN,NaN
D03_id_iq_step,B0,baseline,baseline,1092,0.1091,1250,833.333333333333,9520.8979245091,-8768.25710119469,9520.8979245091,-8768.25710119469,0,0,0,0,0,0,0,NaN,NaN,NaN,NaN
D03_id_iq_step,B0,baseline,baseline,1093,0.1092,1250,833.333333333333,9520.43189204489,-8755.39569232968,9520.43189204489,-8755.39569232968,0,0,0,0,0,0,0,NaN,NaN,NaN,NaN
D03_id_iq_step,B0,baseline,baseline,1094,0.1093,1250,833.333333333333,9516.49505870483,-8744.99013491114,9516.49505870483,-8744.99013491114,0,0,0,0,0,0,0,NaN,NaN,NaN,NaN
D03_id_iq_step,B0,baseline,baseline,1095,0.1094,1250,833.333333333333,9500.75064321047,-8731.42636232223,9500.75064321047,-8731.42636232223,0,0,0,0,0,0,0,NaN,NaN,NaN,NaN
D03_id_iq_step,B0,baseline,baseline,1096,0.1095,1250,833.333333333333,9476.24902650181,-8715.0504647138,9476.24902650181,-8715.0504647138,0,0,0,0,0,0,0,NaN,NaN,NaN,NaN
D03_id_iq_step,B0,baseline,baseline,1097,0.1096,1250,833.333333333333,9457.23145042995,-8703.11256325514,9457.23145042995,-8703.11256325514,0,0,0,0,0,0,0,NaN,NaN,NaN,NaN
D03_id_iq_step,B0,baseline,baseline,1098,0.1097,1250,833.333333333333,9451.54577230856,-8701.7209163641,9451.54577230856,-8701.7209163641,0,0,0,0,0,0,0,NaN,NaN,NaN,NaN
D03_id_iq_step,B0,baseline,baseline,1099,0.1098,1250,833.333333333333,9454.53929113793,-8708.09106815102,9454.53929113793,-8708.09106815102,0,0,0,0,0,0,0,NaN,NaN,NaN,NaN
D03_id_iq_step,B0,baseline,baseline,1100,0.1099,1250,833.333333333333,9457.20042161204,-8714.53751388151,9457.20042161204,-8714.53751388151,0,0,0,0,0,0,0,NaN,NaN,NaN,NaN
D03_id_iq_step,B0,baseline,baseline,1101,0.11,1250,833.333333333333,9452.40584935929,-8714.98467196177,9452.40584935929,-8714.98467196177,0,0,0,0,0,0,0,NaN,NaN,NaN,NaN
D03_id_iq_step,B0,baseline,baseline,1102,0.1101,1250,833.333333333333,9442.79155406448,-8708.65902122544,9442.79155406448,-8708.65902122544,0,0,0,0,0,0,0,NaN,NaN,NaN,NaN
D03_id_iq_step,B0,baseline,baseline,1103,0.1102,1250,833.333333333333,9442.12353983391,-8705.71511105003,9442.12353983391,-8705.71511105003,0,0,0,0,0,0,0,NaN,NaN,NaN,NaN
D03_id_iq_step,B0,baseline,baseline,1104,0.1103,1250,833.333333333333,9448.92577243521,-8709.45393564326,9448.92577243521,-8709.45393564326,0,0,0,0,0,0,0,NaN,NaN,NaN,NaN
D03_id_iq_step,B0,baseline,baseline,1105,0.1104,1250,833.333333333333,9458.51183056723,-8716.92994299465,9458.51183056723,-8716.92994299465,0,0,0,0,0,0,0,NaN,NaN,NaN,NaN
D03_id_iq_step,B0,baseline,baseline,1106,0.1105,1250,833.333333333333,9463.60260262276,-8721.80360904852,9463.60260262276,-8721.80360904852,0,0,0,0,0,0,0,NaN,NaN,NaN,NaN
D03_id_iq_step,B0,baseline,baseline,1107,0.1106,1250,833.333333333333,9462.09251032792,-8719.17003605896,9462.09251032792,-8719.17003605896,0,0,0,0,0,0,0,NaN,NaN,NaN,NaN
D03_id_iq_step,B0,baseline,baseline,1108,0.1107,1250,833.333333333333,9469.38210709051,-8719.63688115258,9469.38210709051,-8719.63688115258,0,0,0,0,0,0,0,NaN,NaN,NaN,NaN
D03_id_iq_step,B0,baseline,baseline,1109,0.1108,1250,833.333333333333,9490.21397959951,-8733.04139350484,9490.21397959951,-8733.04139350484,0,0,0,0,0,0,0,NaN,NaN,NaN,NaN
D03_id_iq_step,B0,baseline,baseline,1110,0.1109,1250,833.333333333333,9522.99501519447,-8760.48757218835,9522.99501519447,-8760.48757218835,0,0,0,0,0,0,0,NaN,NaN,NaN,NaN
D03_id_iq_step,B0,baseline,baseline,1111,0.111,1250,833.333333333333,9548.92937872877,-8784.70385138521,9548.92937872877,-8784.70385138521,0,0,0,0,0,0,0,NaN,NaN,NaN,NaN
D03_id_iq_step,B0,baseline,baseline,1112,0.1111,1250,833.333333333333,9545.65245183339,-8781.05312165394,9545.65245183339,-8781.05312165394,0,0,0,0,0,0,0,NaN,NaN,NaN,NaN
D03_id_iq_step,B0,baseline,baseline,1113,0.1112,1250,833.333333333333,9527.61389024551,-8758.67625809202,9527.61389024551,-8758.67625809202,0,0,0,0,0,0,0,NaN,NaN,NaN,NaN
D03_id_iq_step,B0,baseline,baseline,1114,0.1113,1250,833.333333333333,9513.59685384928,-8741.32911977562,9513.59685384928,-8741.32911977562,0,0,0,0,0,0,0,NaN,NaN,NaN,NaN
D03_id_iq_step,B0,baseline,baseline,1115,0.1114,1250,833.333333333333,9514.99747599165,-8741.27031052147,9514.99747599165,-8741.27031052147,0,0,0,0,0,0,0,NaN,NaN,NaN,NaN
D03_id_iq_step,B0,baseline,baseline,1116,0.1115,1250,833.333333333333,9529.36892443611,-8755.4882783716,9529.36892443611,-8755.4882783716,0,0,0,0,0,0,0,NaN,NaN,NaN,NaN
D03_id_iq_step,B0,baseline,baseline,1117,0.1116,1250,833.333333333333,9533.10591760368,-8761.8343364864,9533.10591760368,-8761.8343364864,0,0,0,0,0,0,0,NaN,NaN,NaN,NaN
D03_id_iq_step,B0,baseline,baseline,1118,0.1117,1250,833.333333333333,9527.19626118031,-8755.96432993607,9527.19626118031,-8755.96432993607,0,0,0,0,0,0,0,NaN,NaN,NaN,NaN
D03_id_iq_step,B0,baseline,baseline,1119,0.1118,1250,833.333333333333,9525.27027368444,-8752.36748056031,9525.27027368444,-8752.36748056031,0,0,0,0,0,0,0,NaN,NaN,NaN,NaN
D03_id_iq_step,B0,baseline,baseline,1120,0.1119,1250,833.333333333333,9525.78719486536,-8752.24697296212,9525.78719486536,-8752.24697296212,0,0,0,0,0,0,0,NaN,NaN,NaN,NaN
D03_id_iq_step,B0,baseline,baseline,1121,0.112,1250,833.333333333333,9517.24022716716,-8745.27621256476,9517.24022716716,-8745.27621256476,0,0,0,0,0,0,0,NaN,NaN,NaN,NaN
D03_id_iq_step,B0,baseline,baseline,1122,0.1121,1250,833.333333333333,9496.47333595526,-8728.58073713932,9496.47333595526,-8728.58073713932,0,0,0,0,0,0,0,NaN,NaN,NaN,NaN
D03_id_iq_step,B0,baseline,baseline,1123,0.1122,1250,833.333333333333,9472.77644714466,-8710.10190410532,9472.77644714466,-8710.10190410532,0,0,0,0,0,0,0,NaN,NaN,NaN,NaN
D03_id_iq_step,B0,baseline,baseline,1124,0.1123,1250,833.333333333333,9454.29668020468,-8696.99525022544,9454.29668020468,-8696.99525022544,0,0,0,0,0,0,0,NaN,NaN,NaN,NaN
D03_id_iq_step,B0,baseline,baseline,1125,0.1124,1250,833.333333333333,9448.80900526997,-8695.7249222963,9448.80900526997,-8695.7249222963,0,0,0,0,0,0,0,NaN,NaN,NaN,NaN
D03_id_iq_step,B0,baseline,baseline,1126,0.1125,1250,833.333333333333,9451.59328196485,-8702.93305522608,9451.59328196485,-8702.93305522608,0,0,0,0,0,0,0,NaN,NaN,NaN,NaN
D03_id_iq_step,B0,baseline,baseline,1127,0.1126,1250,833.333333333333,9453.63676858904,-8709.95512812141,9453.63676858904,-8709.95512812141,0,0,0,0,0,0,0,NaN,NaN,NaN,NaN
D03_id_iq_step,B0,baseline,baseline,1128,0.1127,1250,833.333333333333,9447.27780385522,-8709.72775074304,9447.27780385522,-8709.72775074304,0,0,0,0,0,0,0,NaN,NaN,NaN,NaN
D03_id_iq_step,B0,baseline,baseline,1129,0.1128,1250,833.333333333333,9435.78167434828,-8701.57520095903,9435.78167434828,-8701.57520095903,0,0,0,0,0,0,0,NaN,NaN,NaN,NaN
D03_id_iq_step,B0,baseline,baseline,1130,0.1129,1250,833.333333333333,9434.03361562167,-8697.42604158225,9434.03361562167,-8697.42604158225,0,0,0,0,0,0,0,NaN,NaN,NaN,NaN
D03_id_iq_step,B0,baseline,baseline,1131,0.113,1250,833.333333333333,9439.39606818159,-8700.60788616844,9439.39606818159,-8700.60788616844,0,0,0,0,0,0,0,NaN,NaN,NaN,NaN
D03_id_iq_step,B0,baseline,baseline,1132,0.1131,1250,833.333333333333,9445.69597899633,-8706.77091973628,9445.69597899633,-8706.77091973628,0,0,0,0,0,0,0,NaN,NaN,NaN,NaN
D03_id_iq_step,B0,baseline,baseline,1133,0.1132,1250,833.333333333333,9444.0464237856,-8707.68125293221,9444.0464237856,-8707.68125293221,0,0,0,0,0,0,0,NaN,NaN,NaN,NaN
D03_id_iq_step,B0,baseline,baseline,1134,0.1133,1250,833.333333333333,9431.89672971579,-8697.36639954132,9431.89672971579,-8697.36639954132,0,0,0,0,0,0,0,NaN,NaN,NaN,NaN
D03_id_iq_step,B0,baseline,baseline,1135,0.1134,1250,833.333333333333,9428.14115520164,-8688.00251429043,9428.14115520164,-8688.00251429043,0,0,0,0,0,0,0,NaN,NaN,NaN,NaN
D03_id_iq_step,B0,baseline,baseline,1136,0.1135,1250,833.333333333333,9441.33977572384,-8690.49896790243,9441.33977572384,-8690.49896790243,0,0,0,0,0,0,0,NaN,NaN,NaN,NaN
D03_id_iq_step,B0,baseline,baseline,1137,0.1136,1250,833.333333333333,9467.06600897628,-8706.50596282217,9467.06600897628,-8706.50596282217,0,0,0,0,0,0,0,NaN,NaN,NaN,NaN
D03_id_iq_step,B0,baseline,baseline,1138,0.1137,1250,833.333333333333,9502.98450434635,-8736.85787153749,9502.98450434635,-8736.85787153749,0,0,0,0,0,0,0,NaN,NaN,NaN,NaN
D03_id_iq_step,B0,baseline,baseline,1139,0.1138,1250,833.333333333333,9539.30442326175,-8771.9652341708,9539.30442326175,-8771.9652341708,0,0,0,0,0,0,0,NaN,NaN,NaN,NaN
D03_id_iq_step,B0,baseline,baseline,1140,0.1139,1250,833.333333333333,9563.43971320981,-8798.1481925606,9563.43971320981,-8798.1481925606,0,0,0,0,0,0,0,NaN,NaN,NaN,NaN
D03_id_iq_step,B0,baseline,baseline,1141,0.114,1250,833.333333333333,9573.14746894987,-8809.61838140578,9573.14746894987,-8809.61838140578,0,0,0,0,0,0,0,NaN,NaN,NaN,NaN
D03_id_iq_step,B0,baseline,baseline,1142,0.1141,1250,833.333333333333,9576.07906758746,-8809.62793296171,9576.07906758746,-8809.62793296171,0,0,0,0,0,0,0,NaN,NaN,NaN,NaN
D03_id_iq_step,B0,baseline,baseline,1143,0.1142,1250,833.333333333333,9574.62978082439,-8807.8761026716,9574.62978082439,-8807.8761026716,0,0,0,0,0,0,0,NaN,NaN,NaN,NaN
D03_id_iq_step,B0,baseline,baseline,1144,0.1143,1250,833.333333333333,9559.72024092907,-8801.68147182377,9559.72024092907,-8801.68147182377,0,0,0,0,0,0,0,NaN,NaN,NaN,NaN
D03_id_iq_step,B0,baseline,baseline,1145,0.1144,1250,833.333333333333,9536.70804907877,-8786.42308862654,9536.70804907877,-8786.42308862654,0,0,0,0,0,0,0,NaN,NaN,NaN,NaN
D03_id_iq_step,B0,baseline,baseline,1146,0.1145,1250,833.333333333333,9518.62697600895,-8767.96078650205,9518.62697600895,-8767.96078650205,0,0,0,0,0,0,0,NaN,NaN,NaN,NaN
D03_id_iq_step,B0,baseline,baseline,1147,0.1146,1250,833.333333333333,9514.30945243542,-8753.48996811828,9514.30945243542,-8753.48996811828,0,0,0,0,0,0,0,NaN,NaN,NaN,NaN
D03_id_iq_step,B0,baseline,baseline,1148,0.1147,1250,833.333333333333,9524.53575019733,-8749.68777936247,9524.53575019733,-8749.68777936247,0,0,0,0,0,0,0,NaN,NaN,NaN,NaN
D03_id_iq_step,B0,baseline,baseline,1149,0.1148,1250,833.333333333333,9521.97886979529,-8745.05661175083,9521.97886979529,-8745.05661175083,0,0,0,0,0,0,0,NaN,NaN,NaN,NaN
D03_id_iq_step,B0,baseline,baseline,1150,0.1149,1250,833.333333333333,9499.12736872133,-8729.71190892886,9499.12736872133,-8729.71190892886,0,0,0,0,0,0,0,NaN,NaN,NaN,NaN
D03_id_iq_step,B0,baseline,baseline,1151,0.115,1250,833.333333333333,9473.97160734091,-8712.02269686596,9473.97160734091,-8712.02269686596,0,0,0,0,0,0,0,NaN,NaN,NaN,NaN
D03_id_iq_step,B0,baseline,baseline,1152,0.1151,1250,833.333333333333,9454.86359707107,-8699.1143548759,9454.86359707107,-8699.1143548759,0,0,0,0,0,0,0,NaN,NaN,NaN,NaN
D03_id_iq_step,B0,baseline,baseline,1153,0.1152,1250,833.333333333333,9449.26540826985,-8697.58902119039,9449.26540826985,-8697.58902119039,0,0,0,0,0,0,0,NaN,NaN,NaN,NaN
D03_id_iq_step,B0,baseline,baseline,1154,0.1153,1250,833.333333333333,9452.21882527107,-8704.39255250036,9452.21882527107,-8704.39255250036,0,0,0,0,0,0,0,NaN,NaN,NaN,NaN
D03_id_iq_step,B0,baseline,baseline,1155,0.1154,1250,833.333333333333,9454.52501660273,-8711.2333937504,9454.52501660273,-8711.2333937504,0,0,0,0,0,0,0,NaN,NaN,NaN,NaN
D03_id_iq_step,B0,baseline,baseline,1156,0.1155,1250,833.333333333333,9448.63915003555,-8711.25336682577,9448.63915003555,-8711.25336682577,0,0,0,0,0,0,0,NaN,NaN,NaN,NaN
D03_id_iq_step,B0,baseline,baseline,1157,0.1156,1250,833.333333333333,9437.6507634425,-8703.65859104572,9437.6507634425,-8703.65859104572,0,0,0,0,0,0,0,NaN,NaN,NaN,NaN
D03_id_iq_step,B0,baseline,baseline,1158,0.1157,1250,833.333333333333,9436.17625919974,-8699.86368887992,9436.17625919974,-8699.86368887992,0,0,0,0,0,0,0,NaN,NaN,NaN,NaN
D03_id_iq_step,B0,baseline,baseline,1159,0.1158,1250,833.333333333333,9441.93660259903,-8703.19310471039,9441.93660259903,-8703.19310471039,0,0,0,0,0,0,0,NaN,NaN,NaN,NaN
D03_id_iq_step,B0,baseline,baseline,1160,0.1159,1250,833.333333333333,9449.14959687108,-8709.71421499062,9449.14959687108,-8709.71421499062,0,0,0,0,0,0,0,NaN,NaN,NaN,NaN
D03_id_iq_step,B0,baseline,baseline,1161,0.116,1250,833.333333333333,9449.3911987258,-8711.73976387322,9449.3911987258,-8711.73976387322,0,0,0,0,0,0,0,NaN,NaN,NaN,NaN
D03_id_iq_step,B0,baseline,baseline,1162,0.1161,1250,833.333333333333,9440.1835272069,-8703.61496883138,9440.1835272069,-8703.61496883138,0,0,0,0,0,0,0,NaN,NaN,NaN,NaN
D03_id_iq_step,B0,baseline,baseline,1163,0.1162,1250,833.333333333333,9439.98870634236,-8696.94376868962,9439.98870634236,-8696.94376868962,0,0,0,0,0,0,0,NaN,NaN,NaN,NaN
D03_id_iq_step,B0,baseline,baseline,1164,0.1163,1250,833.333333333333,9455.11434143456,-8702.55688737868,9455.11434143456,-8702.55688737868,0,0,0,0,0,0,0,NaN,NaN,NaN,NaN
D03_id_iq_step,B0,baseline,baseline,1165,0.1164,1250,833.333333333333,9480.32765616986,-8722.24795776502,9480.32765616986,-8722.24795776502,0,0,0,0,0,0,0,NaN,NaN,NaN,NaN
D03_id_iq_step,B0,baseline,baseline,1166,0.1165,1250,833.333333333333,9517.53719749934,-8756.11776148162,9517.53719749934,-8756.11776148162,0,0,0,0,0,0,0,NaN,NaN,NaN,NaN
D03_id_iq_step,B0,baseline,baseline,1167,0.1166,1250,833.333333333333,9546.77022823272,-8790.57863389851,9546.77022823272,-8790.57863389851,0,0,0,0,0,0,0,NaN,NaN,NaN,NaN
D03_id_iq_step,B0,baseline,baseline,1168,0.1167,1250,833.333333333333,9542.46719604119,-8806.22843249514,9542.46719604119,-8806.22843249514,0,0,0,0,0,0,0,NaN,NaN,NaN,NaN
D03_id_iq_step,B0,baseline,baseline,1169,0.1168,1250,833.333333333333,9518.7291059155,-8800.97160925529,9518.7291059155,-8800.97160925529,0,0,0,0,0,0,0,NaN,NaN,NaN,NaN
D03_id_iq_step,B0,baseline,baseline,1170,0.1169,1250,833.333333333333,9506.23892873763,-8789.1002004518,9506.23892873763,-8789.1002004518,0,0,0,0,0,0,0,NaN,NaN,NaN,NaN
D03_id_iq_step,B0,baseline,baseline,1171,0.117,1250,833.333333333333,9518.54335224903,-8786.91950713977,9518.54335224903,-8786.91950713977,0,0,0,0,0,0,0,NaN,NaN,NaN,NaN
D03_id_iq_step,B0,baseline,baseline,1172,0.1171,1250,833.333333333333,9536.1410554466,-8790.1555380752,9536.1410554466,-8790.1555380752,0,0,0,0,0,0,0,NaN,NaN,NaN,NaN
D03_id_iq_step,B0,baseline,baseline,1173,0.1172,1250,833.333333333333,9534.18585069691,-8784.74054853826,9534.18585069691,-8784.74054853826,0,0,0,0,0,0,0,NaN,NaN,NaN,NaN
D03_id_iq_step,B0,baseline,baseline,1174,0.1173,1250,833.333333333333,9518.7134064863,-8770.06900985382,9518.7134064863,-8770.06900985382,0,0,0,0,0,0,0,NaN,NaN,NaN,NaN
D03_id_iq_step,B0,baseline,baseline,1175,0.1174,1250,833.333333333333,9512.66372802278,-8755.70512861272,9512.66372802278,-8755.70512861272,0,0,0,0,0,0,0,NaN,NaN,NaN,NaN
D03_id_iq_step,B0,baseline,baseline,1176,0.1175,1250,833.333333333333,9522.48396806956,-8751.18453259578,9522.48396806956,-8751.18453259578,0,0,0,0,0,0,0,NaN,NaN,NaN,NaN
D03_id_iq_step,B0,baseline,baseline,1177,0.1176,1250,833.333333333333,9520.69222456412,-8745.94895256725,9520.69222456412,-8745.94895256725,0,0,0,0,0,0,0,NaN,NaN,NaN,NaN
D03_id_iq_step,B0,baseline,baseline,1178,0.1177,1250,833.333333333333,9498.92313373196,-8730.54643185682,9498.92313373196,-8730.54643185682,0,0,0,0,0,0,0,NaN,NaN,NaN,NaN
D03_id_iq_step,B0,baseline,baseline,1179,0.1178,1250,833.333333333333,9474.43898001074,-8713.1717157508,9474.43898001074,-8713.1717157508,0,0,0,0,0,0,0,NaN,NaN,NaN,NaN
D03_id_iq_step,B0,baseline,baseline,1180,0.1179,1250,833.333333333333,9455.64231509894,-8700.613841123,9455.64231509894,-8700.613841123,0,0,0,0,0,0,0,NaN,NaN,NaN,NaN
D03_id_iq_step,B0,baseline,baseline,1181,0.118,1250,833.333333333333,9450.18750548559,-8699.15604376247,9450.18750548559,-8699.15604376247,0,0,0,0,0,0,0,NaN,NaN,NaN,NaN
D03_id_iq_step,B0,baseline,baseline,1182,0.1181,1250,833.333333333333,9453.26983715003,-8705.81036339775,9453.26983715003,-8705.81036339775,0,0,0,0,0,0,0,NaN,NaN,NaN,NaN
D03_id_iq_step,B0,baseline,baseline,1183,0.1182,1250,833.333333333333,9455.74829682871,-8712.52144151473,9455.74829682871,-8712.52144151473,0,0,0,0,0,0,0,NaN,NaN,NaN,NaN
D03_id_iq_step,B0,baseline,baseline,1184,0.1183,1250,833.333333333333,9450.24890876494,-8712.73790943327,9450.24890876494,-8712.73790943327,0,0,0,0,0,0,0,NaN,NaN,NaN,NaN
D03_id_iq_step,B0,baseline,baseline,1185,0.1184,1250,833.333333333333,9439.78037474615,-8705.65951007417,9439.78037474615,-8705.65951007417,0,0,0,0,0,0,0,NaN,NaN,NaN,NaN
D03_id_iq_step,B0,baseline,baseline,1186,0.1185,1250,833.333333333333,9438.62726054145,-8702.19851009848,9438.62726054145,-8702.19851009848,0,0,0,0,0,0,0,NaN,NaN,NaN,NaN
D03_id_iq_step,B0,baseline,baseline,1187,0.1186,1250,833.333333333333,9444.77990649839,-8705.68984742022,9444.77990649839,-8705.68984742022,0,0,0,0,0,0,0,NaN,NaN,NaN,NaN
D03_id_iq_step,B0,baseline,baseline,1188,0.1187,1250,833.333333333333,9452.9042003944,-8712.58984799683,9452.9042003944,-8712.58984799683,0,0,0,0,0,0,0,NaN,NaN,NaN,NaN
D03_id_iq_step,B0,baseline,baseline,1189,0.1188,1250,833.333333333333,9454.98493196903,-8715.76051731851,9454.98493196903,-8715.76051731851,0,0,0,0,0,0,0,NaN,NaN,NaN,NaN
D03_id_iq_step,B0,baseline,baseline,1190,0.1189,1250,833.333333333333,9448.73843404207,-8709.83983144677,9448.73843404207,-8709.83983144677,0,0,0,0,0,0,0,NaN,NaN,NaN,NaN
D03_id_iq_step,B0,baseline,baseline,1191,0.119,1250,833.333333333333,9452.23869050015,-8705.86040287677,9452.23869050015,-8705.86040287677,0,0,0,0,0,0,0,NaN,NaN,NaN,NaN
D03_id_iq_step,B0,baseline,baseline,1192,0.1191,1250,833.333333333333,9471.38217807241,-8714.21773910334,9471.38217807241,-8714.21773910334,0,0,0,0,0,0,0,NaN,NaN,NaN,NaN
D03_id_iq_step,B0,baseline,baseline,1193,0.1192,1250,833.333333333333,9500.80824696121,-8736.74190951798,9500.80824696121,-8736.74190951798,0,0,0,0,0,0,0,NaN,NaN,NaN,NaN
D03_id_iq_step,B0,baseline,baseline,1194,0.1193,1250,833.333333333333,9531.48353976487,-8765.3930430628,9531.48353976487,-8765.3930430628,0,0,0,0,0,0,0,NaN,NaN,NaN,NaN
D03_id_iq_step,B0,baseline,baseline,1195,0.1194,1250,833.333333333333,9552.81577921552,-8788.47638600838,9552.81577921552,-8788.47638600838,0,0,0,0,0,0,0,NaN,NaN,NaN,NaN
D03_id_iq_step,B0,baseline,baseline,1196,0.1195,1250,833.333333333333,9562.56393178759,-8800.31167365973,9562.56393178759,-8800.31167365973,0,0,0,0,0,0,0,NaN,NaN,NaN,NaN
D03_id_iq_step,B0,baseline,baseline,1197,0.1196,1250,833.333333333333,9566.8735149502,-8802.61853290836,9566.8735149502,-8802.61853290836,0,0,0,0,0,0,0,NaN,NaN,NaN,NaN
D03_id_iq_step,B0,baseline,baseline,1198,0.1197,1250,833.333333333333,9564.00242887384,-8802.516885601,9564.00242887384,-8802.516885601,0,0,0,0,0,0,0,NaN,NaN,NaN,NaN
D03_id_iq_step,B0,baseline,baseline,1199,0.1198,1250,833.333333333333,9552.62527767634,-8803.17099414678,9552.62527767634,-8803.17099414678,0,0,0,0,0,0,0,NaN,NaN,NaN,NaN
D03_id_iq_step,B0,baseline,baseline,1200,0.1199,1250,833.333333333333,9540.00183350235,-8803.37580601811,9540.00183350235,-8803.37580601811,0,0,0,0,0,0,0,NaN,NaN,NaN,NaN
P08_opposed_20pct,B0,baseline,baseline,1,0,1250,833.333333333333,-0,-11309.7335529233,-0,-11309.7335529233,0,0,0,0,0,0,0,NaN,NaN,NaN,NaN
P08_opposed_20pct,B0,baseline,baseline,2,0.0001,1250,833.333333333333,-7.54624798493512,-11310.5723566263,-7.54624798493512,-11310.5723566263,0,0,0,0,0,0,0,NaN,NaN,NaN,NaN
P08_opposed_20pct,B0,baseline,baseline,3,0.0002,1250,833.333333333333,40.7620800639391,-11368.1606908827,40.7620800639391,-11368.1606908827,0,0,0,0,0,0,0,NaN,NaN,NaN,NaN
P08_opposed_20pct,B0,baseline,baseline,4,0.0003,1250,833.333333333333,74.8869547553558,-11284.8915564808,74.8869547553558,-11284.8915564808,0,0,0,0,0,0,0,NaN,NaN,NaN,NaN
P08_opposed_20pct,B0,baseline,baseline,5,0.0004,1250,833.333333333333,155.164642063558,-10977.5288405865,155.164642063558,-10977.5288405865,0,0,0,0,0,0,0,NaN,NaN,NaN,NaN
P08_opposed_20pct,B0,baseline,baseline,6,0.0005,1250,833.333333333333,283.023014399977,-10680.6091662415,283.023014399977,-10680.6091662415,0,0,0,0,0,0,0,NaN,NaN,NaN,NaN
P08_opposed_20pct,B0,baseline,baseline,7,0.0006,1250,833.333333333333,390.647992173267,-10527.0139718512,390.647992173267,-10527.0139718512,0,0,0,0,0,0,0,NaN,NaN,NaN,NaN
P08_opposed_20pct,B0,baseline,baseline,8,0.0007,1250,833.333333333333,567.064561963963,-10619.194310453,567.064561963963,-10619.194310453,0,0,0,0,0,0,0,NaN,NaN,NaN,NaN
P08_opposed_20pct,B0,baseline,baseline,9,0.0008,1250,833.333333333333,708.133805251701,-10807.1989124,708.133805251701,-10807.1989124,0,0,0,0,0,0,0,NaN,NaN,NaN,NaN
P08_opposed_20pct,B0,baseline,baseline,10,0.0009,1250,833.333333333333,897.747404264782,-10831.1415837539,897.747404264782,-10831.1415837539,0,0,0,0,0,0,0,NaN,NaN,NaN,NaN
P08_opposed_20pct,B0,baseline,baseline,11,0.001,1250,833.333333333333,1115.04145237525,-10855.1724449283,1115.04145237525,-10855.1724449283,0,0,0,0,0,0,0,NaN,NaN,NaN,NaN
P08_opposed_20pct,B0,baseline,baseline,12,0.0011,1250,833.333333333333,1328.3022088612,-10846.903634385,1328.3022088612,-10846.903634385,0,0,0,0,0,0,0,NaN,NaN,NaN,NaN
P08_opposed_20pct,B0,baseline,baseline,13,0.0012,1250,833.333333333333,1635.76475471005,-10741.3461774746,1635.76475471005,-10741.3461774746,0,0,0,0,0,0,0,NaN,NaN,NaN,NaN
P08_opposed_20pct,B0,baseline,baseline,14,0.0013,1250,833.333333333333,1900.51549284241,-10664.1126702014,1900.51549284241,-10664.1126702014,0,0,0,0,0,0,0,NaN,NaN,NaN,NaN
P08_opposed_20pct,B0,baseline,baseline,15,0.0014,1250,833.333333333333,2178.55776913767,-10629.3002377669,2178.55776913767,-10629.3002377669,0,0,0,0,0,0,0,NaN,NaN,NaN,NaN
P08_opposed_20pct,B0,baseline,baseline,16,0.0015,1250,833.333333333333,2409.31323884721,-10692.2660487077,2409.31323884721,-10692.2660487077,0,0,0,0,0,0,0,NaN,NaN,NaN,NaN
P08_opposed_20pct,B0,baseline,baseline,17,0.0016,1250,833.333333333333,2574.7113782567,-10787.8727419086,2574.7113782567,-10787.8727419086,0,0,0,0,0,0,0,NaN,NaN,NaN,NaN
P08_opposed_20pct,B0,baseline,baseline,18,0.0017,1250,833.333333333333,2783.28541639631,-10765.5319344554,2783.28541639631,-10765.5319344554,0,0,0,0,0,0,0,NaN,NaN,NaN,NaN
P08_opposed_20pct,B0,baseline,baseline,19,0.0018,1250,833.333333333333,2980.5200720094,-10719.327374276,2980.5200720094,-10719.327374276,0,0,0,0,0,0,0,NaN,NaN,NaN,NaN
P08_opposed_20pct,B0,baseline,baseline,20,0.0019,1250,833.333333333333,3242.18382375315,-10790.8460058269,3242.18382375315,-10790.8460058269,0,0,0,0,0,0,0,NaN,NaN,NaN,NaN
P08_opposed_20pct,B0,baseline,baseline,21,0.002,1250,833.333333333333,3451.29293441465,-10813.1345999218,3451.29293441465,-10813.1345999218,0,0,0,0,0,0,0,NaN,NaN,NaN,NaN
P08_opposed_20pct,B0,baseline,baseline,22,0.0021,1250,833.333333333333,3640.24233743279,-10730.5206294083,3640.24233743279,-10730.5206294083,0,0,0,0,0,0,0,NaN,NaN,NaN,NaN
P08_opposed_20pct,B0,baseline,baseline,23,0.0022,1250,833.333333333333,3871.56288114251,-10731.9648489832,3871.56288114251,-10731.9648489832,0,0,0,0,0,0,0,NaN,NaN,NaN,NaN
P08_opposed_20pct,B0,baseline,baseline,24,0.0023,1250,833.333333333333,4001.57206631108,-10648.8757146648,4001.57206631108,-10648.8757146648,0,0,0,0,0,0,0,NaN,NaN,NaN,NaN
P08_opposed_20pct,B0,baseline,baseline,25,0.0024,1250,833.333333333333,4141.53382233307,-10561.4739280954,4141.53382233307,-10561.4739280954,0,0,0,0,0,0,0,NaN,NaN,NaN,NaN
P08_opposed_20pct,B0,baseline,baseline,26,0.0025,1250,833.333333333333,4281.82661290146,-10585.5083449404,4281.82661290146,-10585.5083449404,0,0,0,0,0,0,0,NaN,NaN,NaN,NaN
P08_opposed_20pct,B0,baseline,baseline,27,0.0026,1250,833.333333333333,4441.15457887589,-10596.2577003176,4441.15457887589,-10596.2577003176,0,0,0,0,0,0,0,NaN,NaN,NaN,NaN
P08_opposed_20pct,B0,baseline,baseline,28,0.0027,1250,833.333333333333,4688.63060219208,-10690.115614532,4688.63060219208,-10690.115614532,0,0,0,0,0,0,0,NaN,NaN,NaN,NaN
P08_opposed_20pct,B0,baseline,baseline,29,0.0028,1250,833.333333333333,4962.52972206637,-10810.2963952461,4962.52972206637,-10810.2963952461,0,0,0,0,0,0,0,NaN,NaN,NaN,NaN
P08_opposed_20pct,B0,baseline,baseline,30,0.0029,1250,833.333333333333,5259.64579110264,-10832.9073649686,5259.64579110264,-10832.9073649686,0,0,0,0,0,0,0,NaN,NaN,NaN,NaN
P08_opposed_20pct,B0,baseline,baseline,31,0.003,1250,833.333333333333,5532.02290242051,-10820.2456350799,5532.02290242051,-10820.2456350799,0,0,0,0,0,0,0,NaN,NaN,NaN,NaN
P08_opposed_20pct,B0,baseline,baseline,32,0.0031,1250,833.333333333333,5802.08670986627,-10825.4755444096,5802.08670986627,-10825.4755444096,0,0,0,0,0,0,0,NaN,NaN,NaN,NaN
P08_opposed_20pct,B0,baseline,baseline,33,0.0032,1250,833.333333333333,6012.8303941114,-10794.3140551649,6012.8303941114,-10794.3140551649,0,0,0,0,0,0,0,NaN,NaN,NaN,NaN
P08_opposed_20pct,B0,baseline,baseline,34,0.0033,1250,833.333333333333,6182.04741863151,-10751.5503644099,6182.04741863151,-10751.5503644099,0,0,0,0,0,0,0,NaN,NaN,NaN,NaN
P08_opposed_20pct,B0,baseline,baseline,35,0.0034,1250,833.333333333333,6399.07664000333,-10771.3821728371,6399.07664000333,-10771.3821728371,0,0,0,0,0,0,0,NaN,NaN,NaN,NaN
P08_opposed_20pct,B0,baseline,baseline,36,0.0035,1250,833.333333333333,6597.16854274997,-10791.6454123732,6597.16854274997,-10791.6454123732,0,0,0,0,0,0,0,NaN,NaN,NaN,NaN
P08_opposed_20pct,B0,baseline,baseline,37,0.0036,1250,833.333333333333,6799.24618064095,-10789.8202638593,6799.24618064095,-10789.8202638593,0,0,0,0,0,0,0,NaN,NaN,NaN,NaN
P08_opposed_20pct,B0,baseline,baseline,38,0.0037,1250,833.333333333333,7051.41241475175,-10864.2091476092,7051.41241475175,-10864.2091476092,0,0,0,0,0,0,0,NaN,NaN,NaN,NaN
P08_opposed_20pct,B0,baseline,baseline,39,0.0038,1250,833.333333333333,7259.99538871851,-10874.3038851302,7259.99538871851,-10874.3038851302,0,0,0,0,0,0,0,NaN,NaN,NaN,NaN
P08_opposed_20pct,B0,baseline,baseline,40,0.0039,1250,833.333333333333,7447.86748395551,-10791.0958292605,7447.86748395551,-10791.0958292605,0,0,0,0,0,0,0,NaN,NaN,NaN,NaN
P08_opposed_20pct,B0,baseline,baseline,41,0.004,1250,833.333333333333,7670.4356366662,-10774.1476077921,7670.4356366662,-10774.1476077921,0,0,0,0,0,0,0,NaN,NaN,NaN,NaN
P08_opposed_20pct,B0,baseline,baseline,42,0.0041,1250,833.333333333333,7860.17777489834,-10755.959491004,7860.17777489834,-10755.959491004,0,0,0,0,0,0,0,NaN,NaN,NaN,NaN
P08_opposed_20pct,B0,baseline,baseline,43,0.0042,1250,833.333333333333,8072.76118311376,-10749.7364168214,8072.76118311376,-10749.7364168214,0,0,0,0,0,0,0,NaN,NaN,NaN,NaN
P08_opposed_20pct,B0,baseline,baseline,44,0.0043,1250,833.333333333333,8240.63520653007,-10669.8269897761,8240.63520653007,-10669.8269897761,0,0,0,0,0,0,0,NaN,NaN,NaN,NaN
P08_opposed_20pct,B0,baseline,baseline,45,0.0044,1250,833.333333333333,8303.59570648083,-10515.3299079899,8303.59570648083,-10515.3299079899,0,0,0,0,0,0,0,NaN,NaN,NaN,NaN
P08_opposed_20pct,B0,baseline,baseline,46,0.0045,1250,833.333333333333,8463.35276868154,-10543.3832868712,8463.35276868154,-10543.3832868712,0,0,0,0,0,0,0,NaN,NaN,NaN,NaN
P08_opposed_20pct,B0,baseline,baseline,47,0.0046,1250,833.333333333333,8709.7160293372,-10707.1946698827,8709.7160293372,-10707.1946698827,0,0,0,0,0,0,0,NaN,NaN,NaN,NaN
P08_opposed_20pct,B0,baseline,baseline,48,0.0047,1250,833.333333333333,8989.24100993554,-10852.2580321266,8989.24100993554,-10852.2580321266,0,0,0,0,0,0,0,NaN,NaN,NaN,NaN
P08_opposed_20pct,B0,baseline,baseline,49,0.0048,1250,833.333333333333,9287.94279454226,-10875.8559789008,9287.94279454226,-10875.8559789008,0,0,0,0,0,0,0,NaN,NaN,NaN,NaN
P08_opposed_20pct,B0,baseline,baseline,50,0.0049,1250,833.333333333333,9524.82235121941,-10813.6510112771,9524.82235121941,-10813.6510112771,0,0,0,0,0,0,0,NaN,NaN,NaN,NaN
P08_opposed_20pct,B0,baseline,baseline,51,0.005,1250,833.333333333333,9735.47043899505,-10781.724142615,9735.47043899505,-10781.724142615,0,0,0,0,0,0,0,NaN,NaN,NaN,NaN
P08_opposed_20pct,B0,baseline,baseline,52,0.0051,1250,833.333333333333,9976.34510978292,-10797.674080793,9976.34510978292,-10797.674080793,0,0,0,0,0,0,0,NaN,NaN,NaN,NaN
P08_opposed_20pct,B0,baseline,baseline,53,0.0052,1250,833.333333333333,10196.2237428329,-10829.4910497605,10196.2237428329,-10829.4910497605,0,0,0,0,0,0,0,NaN,NaN,NaN,NaN
P08_opposed_20pct,B0,baseline,baseline,54,0.0053,1250,833.333333333333,10421.9328350235,-11009.9679612738,10421.9328350235,-11009.9679612738,0,0,0,0,0,0,0,NaN,NaN,NaN,NaN
P08_opposed_20pct,B0,baseline,baseline,55,0.0054,1250,833.333333333333,10549.8952213813,-11226.2351571016,10549.8952213813,-11226.2351571016,0,0,0,0,0,0,0,NaN,NaN,NaN,NaN
P08_opposed_20pct,B0,baseline,baseline,56,0.0055,1250,833.333333333333,10609.2409066579,-11382.6364053083,10609.2409066579,-11382.6364053083,0,0,0,0,0,0,0,NaN,NaN,NaN,NaN
P08_opposed_20pct,B0,baseline,baseline,57,0.0056,1250,833.333333333333,10597.1284944824,-11426.6402104716,10597.1284944824,-11426.6402104716,0,0,0,0,0,0,0,NaN,NaN,NaN,NaN
P08_opposed_20pct,B0,baseline,baseline,58,0.0057,1250,833.333333333333,10543.4118363776,-11318.9330524698,10543.4118363776,-11318.9330524698,0,0,0,0,0,0,0,NaN,NaN,NaN,NaN
P08_opposed_20pct,B0,baseline,baseline,59,0.0058,1250,833.333333333333,10566.7383070507,-11313.1745426885,10566.7383070507,-11313.1745426885,0,0,0,0,0,0,0,NaN,NaN,NaN,NaN
P08_opposed_20pct,B0,baseline,baseline,60,0.0059,1250,833.333333333333,10583.0075229777,-11388.3474594041,10583.0075229777,-11388.3474594041,0,0,0,0,0,0,0,NaN,NaN,NaN,NaN
P08_opposed_20pct,B0,baseline,baseline,61,0.006,1250,833.333333333333,10580.2079646676,-11403.9869880091,10580.2079646676,-11403.9869880091,0,0,0,0,0,0,0,NaN,NaN,NaN,NaN
P08_opposed_20pct,B0,baseline,baseline,62,0.0061,1250,833.333333333333,10555.4907820399,-11364.5999634192,10555.4907820399,-11364.5999634192,0,0,0,0,0,0,0,NaN,NaN,NaN,NaN
P08_opposed_20pct,B0,baseline,baseline,63,0.0062,1250,833.333333333333,10458.8798098863,-11246.0878546125,10458.8798098863,-11246.0878546125,0,0,0,0,0,0,0,NaN,NaN,NaN,NaN
P08_opposed_20pct,B0,baseline,baseline,64,0.0063,1250,833.333333333333,10452.2521580881,-11269.1396164071,10452.2521580881,-11269.1396164071,0,0,0,0,0,0,0,NaN,NaN,NaN,NaN
P08_opposed_20pct,B0,baseline,baseline,65,0.0064,1250,833.333333333333,10456.9065400773,-11354.4807448946,10456.9065400773,-11354.4807448946,0,0,0,0,0,0,0,NaN,NaN,NaN,NaN
P08_opposed_20pct,B0,baseline,baseline,66,0.0065,1250,833.333333333333,10517.9727289014,-11465.8621529289,10517.9727289014,-11465.8621529289,0,0,0,0,0,0,0,NaN,NaN,NaN,NaN
P08_opposed_20pct,B0,baseline,baseline,67,0.0066,1250,833.333333333333,10628.8024531253,-11594.9209340165,10628.8024531253,-11594.9209340165,0,0,0,0,0,0,0,NaN,NaN,NaN,NaN
P08_opposed_20pct,B0,baseline,baseline,68,0.0067,1250,833.333333333333,10664.8420473584,-11597.8667778599,10664.8420473584,-11597.8667778599,0,0,0,0,0,0,0,NaN,NaN,NaN,NaN
P08_opposed_20pct,B0,baseline,baseline,69,0.0068,1250,833.333333333333,10696.7292147738,-11549.9997653674,10696.7292147738,-11549.9997653674,0,0,0,0,0,0,0,NaN,NaN,NaN,NaN
P08_opposed_20pct,B0,baseline,baseline,70,0.0069,1250,833.333333333333,10688.0388141615,-11480.617726861,10688.0388141615,-11480.617726861,0,0,0,0,0,0,0,NaN,NaN,NaN,NaN
P08_opposed_20pct,B0,baseline,baseline,71,0.007,1250,833.333333333333,10645.9680208101,-11410.5059581359,10645.9680208101,-11410.5059581359,0,0,0,0,0,0,0,NaN,NaN,NaN,NaN
P08_opposed_20pct,B0,baseline,baseline,72,0.0071,1250,833.333333333333,10652.2322201306,-11444.438472749,10652.2322201306,-11444.438472749,0,0,0,0,0,0,0,NaN,NaN,NaN,NaN
P08_opposed_20pct,B0,baseline,baseline,73,0.0072,1250,833.333333333333,10635.9952739234,-11481.8776071429,10635.9952739234,-11481.8776071429,0,0,0,0,0,0,0,NaN,NaN,NaN,NaN
P08_opposed_20pct,B0,baseline,baseline,74,0.0073,1250,833.333333333333,10677.9431057306,-11570.9051265811,10677.9431057306,-11570.9051265811,0,0,0,0,0,0,0,NaN,NaN,NaN,NaN
P08_opposed_20pct,B0,baseline,baseline,75,0.0074,1250,833.333333333333,10667.833010736,-11564.6073032469,10667.833010736,-11564.6073032469,0,0,0,0,0,0,0,NaN,NaN,NaN,NaN
P08_opposed_20pct,B0,baseline,baseline,76,0.0075,1250,833.333333333333,10641.7582788777,-11486.5774109125,10641.7582788777,-11486.5774109125,0,0,0,0,0,0,0,NaN,NaN,NaN,NaN
P08_opposed_20pct,B0,baseline,baseline,77,0.0076,1250,833.333333333333,10594.6362783164,-11389.9912275306,10594.6362783164,-11389.9912275306,0,0,0,0,0,0,0,NaN,NaN,NaN,NaN
P08_opposed_20pct,B0,baseline,baseline,78,0.0077,1250,833.333333333333,10518.6786087384,-11285.6526886856,10518.6786087384,-11285.6526886856,0,0,0,0,0,0,0,NaN,NaN,NaN,NaN
P08_opposed_20pct,B0,baseline,baseline,79,0.0078,1250,833.333333333333,10550.2657368698,-11383.4005349435,10550.2657368698,-11383.4005349435,0,0,0,0,0,0,0,NaN,NaN,NaN,NaN
P08_opposed_20pct,B0,baseline,baseline,80,0.0079,1250,833.333333333333,10584.6287689871,-11510.8604063011,10584.6287689871,-11510.8604063011,0,0,0,0,0,0,0,NaN,NaN,NaN,NaN
P08_opposed_20pct,B0,baseline,baseline,81,0.008,1250,833.333333333333,10589.8218716118,-11508.7218330354,10589.8218716118,-11508.7218330354,0,0,0,0,0,0,0,NaN,NaN,NaN,NaN
P08_opposed_20pct,B0,baseline,baseline,82,0.0081,1250,833.333333333333,10582.5589516276,-11422.4790509638,10582.5589516276,-11422.4790509638,0,0,0,0,0,0,0,NaN,NaN,NaN,NaN
P08_opposed_20pct,B0,baseline,baseline,83,0.0082,1250,833.333333333333,10505.7808236744,-11220.8849278226,10505.7808236744,-11220.8849278226,0,0,0,0,0,0,0,NaN,NaN,NaN,NaN
P08_opposed_20pct,B0,baseline,baseline,84,0.0083,1250,833.333333333333,10424.1270885839,-11116.147501465,10424.1270885839,-11116.147501465,0,0,0,0,0,0,0,NaN,NaN,NaN,NaN
P08_opposed_20pct,B0,baseline,baseline,85,0.0084,1250,833.333333333333,10385.6981225811,-11184.9850833129,10385.6981225811,-11184.9850833129,0,0,0,0,0,0,0,NaN,NaN,NaN,NaN
P08_opposed_20pct,B0,baseline,baseline,86,0.0085,1250,833.333333333333,10366.0056935549,-11281.3491243084,10366.0056935549,-11281.3491243084,0,0,0,0,0,0,0,NaN,NaN,NaN,NaN
P08_opposed_20pct,B0,baseline,baseline,87,0.0086,1250,833.333333333333,10419.2493985114,-11410.2422792265,10419.2493985114,-11410.2422792265,0,0,0,0,0,0,0,NaN,NaN,NaN,NaN
P08_opposed_20pct,B0,baseline,baseline,88,0.0087,1250,833.333333333333,10548.0955693296,-11547.9017148636,10548.0955693296,-11547.9017148636,0,0,0,0,0,0,0,NaN,NaN,NaN,NaN
P08_opposed_20pct,B0,baseline,baseline,89,0.0088,1250,833.333333333333,10620.1109350739,-11567.9061287321,10620.1109350739,-11567.9061287321,0,0,0,0,0,0,0,NaN,NaN,NaN,NaN
P08_opposed_20pct,B0,baseline,baseline,90,0.0089,1250,833.333333333333,10672.0146032462,-11549.7567680399,10672.0146032462,-11549.7567680399,0,0,0,0,0,0,0,NaN,NaN,NaN,NaN
P08_opposed_20pct,B0,baseline,baseline,91,0.009,1250,833.333333333333,10672.5180068961,-11482.0946972014,10672.5180068961,-11482.0946972014,0,0,0,0,0,0,0,NaN,NaN,NaN,NaN
P08_opposed_20pct,B0,baseline,baseline,92,0.0091,1250,833.333333333333,10639.982228501,-11407.6613762226,10639.982228501,-11407.6613762226,0,0,0,0,0,0,0,NaN,NaN,NaN,NaN
P08_opposed_20pct,B0,baseline,baseline,93,0.0092,1250,833.333333333333,10652.5473629805,-11440.2264709015,10652.5473629805,-11440.2264709015,0,0,0,0,0,0,0,NaN,NaN,NaN,NaN
P08_opposed_20pct,B0,baseline,baseline,94,0.0093,1250,833.333333333333,10639.776777324,-11479.0966685332,10639.776777324,-11479.0966685332,0,0,0,0,0,0,0,NaN,NaN,NaN,NaN
P08_opposed_20pct,B0,baseline,baseline,95,0.0094,1250,833.333333333333,10680.1125047024,-11568.549782888,10680.1125047024,-11568.549782888,0,0,0,0,0,0,0,NaN,NaN,NaN,NaN
P08_opposed_20pct,B0,baseline,baseline,96,0.0095,1250,833.333333333333,10668.8649030403,-11564.1979827374,10668.8649030403,-11564.1979827374,0,0,0,0,0,0,0,NaN,NaN,NaN,NaN
P08_opposed_20pct,B0,baseline,baseline,97,0.0096,1250,833.333333333333,10642.127453728,-11487.2709351768,10642.127453728,-11487.2709351768,0,0,0,0,0,0,0,NaN,NaN,NaN,NaN
P08_opposed_20pct,B0,baseline,baseline,98,0.0097,1250,833.333333333333,10595.5492160393,-11390.939894507,10595.5492160393,-11390.939894507,0,0,0,0,0,0,0,NaN,NaN,NaN,NaN
P08_opposed_20pct,B0,baseline,baseline,99,0.0098,1250,833.333333333333,10521.4260545763,-11286.9843358665,10521.4260545763,-11286.9843358665,0,0,0,0,0,0,0,NaN,NaN,NaN,NaN
P08_opposed_20pct,B0,baseline,baseline,100,0.0099,1250,833.333333333333,10550.597154917,-11380.4235608893,10550.597154917,-11380.4235608893,0,0,0,0,0,0,0,NaN,NaN,NaN,NaN
P08_opposed_20pct,B0,baseline,baseline,101,0.01,1250,833.333333333333,10581.8638353611,-11502.6180952413,10581.8638353611,-11502.6180952413,0,0,0,0,0,0,0,NaN,NaN,NaN,NaN
P08_opposed_20pct,B0,baseline,baseline,102,0.0101,1250,833.333333333333,10585.1158754905,-11497.2057568893,10585.1158754905,-11497.2057568893,0,0,0,0,0,0,0,NaN,NaN,NaN,NaN
P08_opposed_20pct,B0,baseline,baseline,103,0.0102,1250,833.333333333333,10578.0977477026,-11410.109420812,10578.0977477026,-11410.109420812,0,0,0,0,0,0,0,NaN,NaN,NaN,NaN
P08_opposed_20pct,B0,baseline,baseline,104,0.0103,1250,833.333333333333,10503.6101788335,-11216.0594698835,10503.6101788335,-11216.0594698835,0,0,0,0,0,0,0,NaN,NaN,NaN,NaN
P08_opposed_20pct,B0,baseline,baseline,105,0.0104,1250,833.333333333333,10425.7514686299,-11115.6341623331,10425.7514686299,-11115.6341623331,0,0,0,0,0,0,0,NaN,NaN,NaN,NaN
P08_opposed_20pct,B0,baseline,baseline,106,0.0105,1250,833.333333333333,10404.5654995803,-11208.0160705232,10404.5654995803,-11208.0160705232,0,0,0,0,0,0,0,NaN,NaN,NaN,NaN
P08_opposed_20pct,B0,baseline,baseline,107,0.0106,1250,833.333333333333,10401.029062041,-11332.7041230406,10401.029062041,-11332.7041230406,0,0,0,0,0,0,0,NaN,NaN,NaN,NaN
P08_opposed_20pct,B0,baseline,baseline,108,0.0107,1250,833.333333333333,10461.6264791454,-11463.7329537435,10461.6264791454,-11463.7329537435,0,0,0,0,0,0,0,NaN,NaN,NaN,NaN
P08_opposed_20pct,B0,baseline,baseline,109,0.0108,1250,833.333333333333,10587.9965593698,-11589.6316473217,10587.9965593698,-11589.6316473217,0,0,0,0,0,0,0,NaN,NaN,NaN,NaN
P08_opposed_20pct,B0,baseline,baseline,110,0.0109,1250,833.333333333333,10645.4097602197,-11581.1231198123,10645.4097602197,-11581.1231198123,0,0,0,0,0,0,0,NaN,NaN,NaN,NaN
P08_opposed_20pct,B0,baseline,baseline,111,0.011,1250,833.333333333333,10688.8453655308,-11544.6545854983,10688.8453655308,-11544.6545854983,0,0,0,0,0,0,0,NaN,NaN,NaN,NaN
P08_opposed_20pct,B0,baseline,baseline,112,0.0111,1250,833.333333333333,10685.4331398575,-11483.9287239215,10685.4331398575,-11483.9287239215,0,0,0,0,0,0,0,NaN,NaN,NaN,NaN
P08_opposed_20pct,B0,baseline,baseline,113,0.0112,1250,833.333333333333,10645.9288241547,-11412.3279789853,10645.9288241547,-11412.3279789853,0,0,0,0,0,0,0,NaN,NaN,NaN,NaN
P08_opposed_20pct,B0,baseline,baseline,114,0.0113,1250,833.333333333333,10654.6552980314,-11445.6723054756,10654.6552980314,-11445.6723054756,0,0,0,0,0,0,0,NaN,NaN,NaN,NaN
P08_opposed_20pct,B0,baseline,baseline,115,0.0114,1250,833.333333333333,10638.8020396344,-11482.1591510118,10638.8020396344,-11482.1591510118,0,0,0,0,0,0,0,NaN,NaN,NaN,NaN
P08_opposed_20pct,B0,baseline,baseline,116,0.0115,1250,833.333333333333,10676.3061388152,-11566.6883064755,10676.3061388152,-11566.6883064755,0,0,0,0,0,0,0,NaN,NaN,NaN,NaN
P08_opposed_20pct,B0,baseline,baseline,117,0.0116,1250,833.333333333333,10664.6927861939,-11560.7938849734,10664.6927861939,-11560.7938849734,0,0,0,0,0,0,0,NaN,NaN,NaN,NaN
P08_opposed_20pct,B0,baseline,baseline,118,0.0117,1250,833.333333333333,10638.2905941573,-11485.8756684458,10638.2905941573,-11485.8756684458,0,0,0,0,0,0,0,NaN,NaN,NaN,NaN
P08_opposed_20pct,B0,baseline,baseline,119,0.0118,1250,833.333333333333,10593.2968816811,-11392.9593431872,10593.2968816811,-11392.9593431872,0,0,0,0,0,0,0,NaN,NaN,NaN,NaN
P08_opposed_20pct,B0,baseline,baseline,120,0.0119,1250,833.333333333333,10521.8195470389,-11290.4612563498,10521.8195470389,-11290.4612563498,0,0,0,0,0,0,0,NaN,NaN,NaN,NaN
P08_opposed_20pct,B0,baseline,baseline,121,0.012,1250,833.333333333333,10549.6604866258,-11378.660157828,10549.6604866258,-11378.660157828,0,0,0,0,0,0,0,NaN,NaN,NaN,NaN
P08_opposed_20pct,B0,baseline,baseline,122,0.0121,1250,833.333333333333,10578.9376358908,-11494.4498822277,10578.9376358908,-11494.4498822277,0,0,0,0,0,0,0,NaN,NaN,NaN,NaN
P08_opposed_20pct,B0,baseline,baseline,123,0.0122,1250,833.333333333333,10580.8484935464,-11484.9469370599,10580.8484935464,-11484.9469370599,0,0,0,0,0,0,0,NaN,NaN,NaN,NaN
P08_opposed_20pct,B0,baseline,baseline,124,0.0123,1250,833.333333333333,10574.4538116142,-11396.6008116321,10574.4538116142,-11396.6008116321,0,0,0,0,0,0,0,NaN,NaN,NaN,NaN
P08_opposed_20pct,B0,baseline,baseline,125,0.0124,1250,833.333333333333,10493.0729577323,-11226.3900504144,10493.0729577323,-11226.3900504144,0,0,0,0,0,0,0,NaN,NaN,NaN,NaN
P08_opposed_20pct,B0,baseline,baseline,126,0.0125,1250,833.333333333333,10410.979021287,-11136.0787287452,10410.979021287,-11136.0787287452,0,0,0,0,0,0,0,NaN,NaN,NaN,NaN
P08_opposed_20pct,B0,baseline,baseline,127,0.0126,1250,833.333333333333,10408.6721685669,-11233.8815131053,10408.6721685669,-11233.8815131053,0,0,0,0,0,0,0,NaN,NaN,NaN,NaN
P08_opposed_20pct,B0,baseline,baseline,128,0.0127,1250,833.333333333333,10427.3595192328,-11369.6445037341,10427.3595192328,-11369.6445037341,0,0,0,0,0,0,0,NaN,NaN,NaN,NaN
P08_opposed_20pct,B0,baseline,baseline,129,0.0128,1250,833.333333333333,10507.4289838338,-11494.0283517749,10507.4289838338,-11494.0283517749,0,0,0,0,0,0,0,NaN,NaN,NaN,NaN
P08_opposed_20pct,B0,baseline,baseline,130,0.0129,1250,833.333333333333,10635.8793307461,-11624.8667595545,10635.8793307461,-11624.8667595545,0,0,0,0,0,0,0,NaN,NaN,NaN,NaN
P08_opposed_20pct,B0,baseline,baseline,131,0.013,1250,833.333333333333,10675.2222802716,-11609.9644475347,10675.2222802716,-11609.9644475347,0,0,0,0,0,0,0,NaN,NaN,NaN,NaN
P08_opposed_20pct,B0,baseline,baseline,132,0.0131,1250,833.333333333333,10710.0223659002,-11551.4454296214,10710.0223659002,-11551.4454296214,0,0,0,0,0,0,0,NaN,NaN,NaN,NaN
P08_opposed_20pct,B0,baseline,baseline,133,0.0132,1250,833.333333333333,10701.0928621211,-11485.9276556781,10701.0928621211,-11485.9276556781,0,0,0,0,0,0,0,NaN,NaN,NaN,NaN
P08_opposed_20pct,B0,baseline,baseline,134,0.0133,1250,833.333333333333,10654.0833134792,-11410.0684182769,10654.0833134792,-11410.0684182769,0,0,0,0,0,0,0,NaN,NaN,NaN,NaN
P08_opposed_20pct,B0,baseline,baseline,135,0.0134,1250,833.333333333333,10659.1187481933,-11446.3803357424,10659.1187481933,-11446.3803357424,0,0,0,0,0,0,0,NaN,NaN,NaN,NaN
P08_opposed_20pct,B0,baseline,baseline,136,0.0135,1250,833.333333333333,10639.892748678,-11485.0456104576,10639.892748678,-11485.0456104576,0,0,0,0,0,0,0,NaN,NaN,NaN,NaN
P08_opposed_20pct,B0,baseline,baseline,137,0.0136,1250,833.333333333333,10674.2436865728,-11567.3911775416,10674.2436865728,-11567.3911775416,0,0,0,0,0,0,0,NaN,NaN,NaN,NaN
P08_opposed_20pct,B0,baseline,baseline,138,0.0137,1250,833.333333333333,10661.7418992225,-11559.1610233647,10661.7418992225,-11559.1610233647,0,0,0,0,0,0,0,NaN,NaN,NaN,NaN
P08_opposed_20pct,B0,baseline,baseline,139,0.0138,1250,833.333333333333,10635.2935748428,-11483.6516994269,10635.2935748428,-11483.6516994269,0,0,0,0,0,0,0,NaN,NaN,NaN,NaN
P08_opposed_20pct,B0,baseline,baseline,140,0.0139,1250,833.333333333333,10591.8551027367,-11392.9476447015,10591.8551027367,-11392.9476447015,0,0,0,0,0,0,0,NaN,NaN,NaN,NaN
P08_opposed_20pct,B0,baseline,baseline,141,0.014,1250,833.333333333333,10522.9058693311,-11292.4840469092,10522.9058693311,-11292.4840469092,0,0,0,0,0,0,0,NaN,NaN,NaN,NaN
P08_opposed_20pct,B0,baseline,baseline,142,0.0141,1250,833.333333333333,10549.2262026782,-11376.5333363521,10549.2262026782,-11376.5333363521,0,0,0,0,0,0,0,NaN,NaN,NaN,NaN
P08_opposed_20pct,B0,baseline,baseline,143,0.0142,1250,833.333333333333,10576.3867061003,-11486.371174656,10576.3867061003,-11486.371174656,0,0,0,0,0,0,0,NaN,NaN,NaN,NaN
P08_opposed_20pct,B0,baseline,baseline,144,0.0143,1250,833.333333333333,10576.9282822775,-11472.4097873823,10576.9282822775,-11472.4097873823,0,0,0,0,0,0,0,NaN,NaN,NaN,NaN
P08_opposed_20pct,B0,baseline,baseline,145,0.0144,1250,833.333333333333,10571.4030189055,-11382.2977650797,10571.4030189055,-11382.2977650797,0,0,0,0,0,0,0,NaN,NaN,NaN,NaN
P08_opposed_20pct,B0,baseline,baseline,146,0.0145,1250,833.333333333333,10483.487274172,-11236.2640991751,10483.487274172,-11236.2640991751,0,0,0,0,0,0,0,NaN,NaN,NaN,NaN
P08_opposed_20pct,B0,baseline,baseline,147,0.0146,1250,833.333333333333,10397.3255432758,-11155.8766428303,10397.3255432758,-11155.8766428303,0,0,0,0,0,0,0,NaN,NaN,NaN,NaN
P08_opposed_20pct,B0,baseline,baseline,148,0.0147,1250,833.333333333333,10413.7971131367,-11259.2404318691,10413.7971131367,-11259.2404318691,0,0,0,0,0,0,0,NaN,NaN,NaN,NaN
P08_opposed_20pct,B0,baseline,baseline,149,0.0148,1250,833.333333333333,10454.4823179422,-11406.7732635535,10454.4823179422,-11406.7732635535,0,0,0,0,0,0,0,NaN,NaN,NaN,NaN
P08_opposed_20pct,B0,baseline,baseline,150,0.0149,1250,833.333333333333,10553.6926057364,-11524.8705297541,10553.6926057364,-11524.8705297541,0,0,0,0,0,0,0,NaN,NaN,NaN,NaN
P08_opposed_20pct,B0,baseline,baseline,151,0.015,1250,833.333333333333,10683.8497778816,-11661.7268851619,10683.8497778816,-11661.7268851619,0,0,0,0,0,0,0,NaN,NaN,NaN,NaN
P08_opposed_20pct,B0,baseline,baseline,152,0.0151,1250,833.333333333333,10704.7209907768,-11640.5545379698,10704.7209907768,-11640.5545379698,0,0,0,0,0,0,0,NaN,NaN,NaN,NaN
P08_opposed_20pct,B0,baseline,baseline,153,0.0152,1250,833.333333333333,10730.4297105974,-11559.2131728586,10730.4297105974,-11559.2131728586,0,0,0,0,0,0,0,NaN,NaN,NaN,NaN
P08_opposed_20pct,B0,baseline,baseline,154,0.0153,1250,833.333333333333,10715.6797544353,-11488.6187507607,10715.6797544353,-11488.6187507607,0,0,0,0,0,0,0,NaN,NaN,NaN,NaN
P08_opposed_20pct,B0,baseline,baseline,155,0.0154,1250,833.333333333333,10661.0418928144,-11408.0716815132,10661.0418928144,-11408.0716815132,0,0,0,0,0,0,0,NaN,NaN,NaN,NaN
P08_opposed_20pct,B0,baseline,baseline,156,0.0155,1250,833.333333333333,10662.3376584701,-11447.5006509388,10662.3376584701,-11447.5006509388,0,0,0,0,0,0,0,NaN,NaN,NaN,NaN
P08_opposed_20pct,B0,baseline,baseline,157,0.0156,1250,833.333333333333,10696.3851630573,-11580.0793880035,10696.3851630573,-11580.0793880035,0,0,0,0,0,0,0,NaN,NaN,NaN,NaN
P08_opposed_20pct,B0,baseline,baseline,158,0.0157,1250,833.333333333333,10681.0064240606,-11588.0464054486,10681.0064240606,-11588.0464054486,0,0,0,0,0,0,0,NaN,NaN,NaN,NaN
P08_opposed_20pct,B0,baseline,baseline,159,0.0158,1250,833.333333333333,10650.4052169598,-11501.5638707645,10650.4052169598,-11501.5638707645,0,0,0,0,0,0,0,NaN,NaN,NaN,NaN
P08_opposed_20pct,B0,baseline,baseline,160,0.0159,1250,833.333333333333,10597.929256788,-11392.2551321017,10597.929256788,-11392.2551321017,0,0,0,0,0,0,0,NaN,NaN,NaN,NaN
P08_opposed_20pct,B0,baseline,baseline,161,0.016,1250,833.333333333333,10516.9627276319,-11276.2630770348,10516.9627276319,-11276.2630770348,0,0,0,0,0,0,0,NaN,NaN,NaN,NaN
P08_opposed_20pct,B0,baseline,baseline,162,0.0161,1250,833.333333333333,10550.757056532,-11377.6808350061,10550.757056532,-11377.6808350061,0,0,0,0,0,0,0,NaN,NaN,NaN,NaN
P08_opposed_20pct,B0,baseline,baseline,163,0.0162,1250,833.333333333333,10586.9845870703,-11519.7353735418,10586.9845870703,-11519.7353735418,0,0,0,0,0,0,0,NaN,NaN,NaN,NaN
P08_opposed_20pct,B0,baseline,baseline,164,0.0163,1250,833.333333333333,10538.8236537098,-11438.2267419257,10538.8236537098,-11438.2267419257,0,0,0,0,0,0,0,NaN,NaN,NaN,NaN
P08_opposed_20pct,B0,baseline,baseline,165,0.0164,1250,833.333333333333,10466.8768988678,-11260.7006438551,10466.8768988678,-11260.7006438551,0,0,0,0,0,0,0,NaN,NaN,NaN,NaN
P08_opposed_20pct,B0,baseline,baseline,166,0.0165,1250,833.333333333333,10369.9199677428,-11116.0619872795,10369.9199677428,-11116.0619872795,0,0,0,0,0,0,0,NaN,NaN,NaN,NaN
P08_opposed_20pct,B0,baseline,baseline,167,0.0166,1250,833.333333333333,10339.8509846228,-11123.6721742218,10339.8509846228,-11123.6721742218,0,0,0,0,0,0,0,NaN,NaN,NaN,NaN
P08_opposed_20pct,B0,baseline,baseline,168,0.0167,1250,833.333333333333,10453.0444475368,-11377.9185881684,10453.0444475368,-11377.9185881684,0,0,0,0,0,0,0,NaN,NaN,NaN,NaN
P08_opposed_20pct,B0,baseline,baseline,169,0.0168,1250,833.333333333333,10546.6579016118,-11593.1393787102,10546.6579016118,-11593.1393787102,0,0,0,0,0,0,0,NaN,NaN,NaN,NaN
P08_opposed_20pct,B0,baseline,baseline,170,0.0169,1250,833.333333333333,10614.0184790108,-11625.3902080392,10614.0184790108,-11625.3902080392,0,0,0,0,0,0,0,NaN,NaN,NaN,NaN
P08_opposed_20pct,B0,baseline,baseline,171,0.017,1250,833.333333333333,10713.7689488936,-11653.4837473057,10713.7689488936,-11653.4837473057,0,0,0,0,0,0,0,NaN,NaN,NaN,NaN
P08_opposed_20pct,B0,baseline,baseline,172,0.0171,1250,833.333333333333,10722.5296571031,-11573.1703860693,10722.5296571031,-11573.1703860693,0,0,0,0,0,0,0,NaN,NaN,NaN,NaN
P08_opposed_20pct,B0,baseline,baseline,173,0.0172,1250,833.333333333333,10741.1648492976,-11501.7062554793,10741.1648492976,-11501.7062554793,0,0,0,0,0,0,0,NaN,NaN,NaN,NaN
P08_opposed_20pct,B0,baseline,baseline,174,0.0173,1250,833.333333333333,10724.2992534166,-11488.0563153164,10724.2992534166,-11488.0563153164,0,0,0,0,0,0,0,NaN,NaN,NaN,NaN
P08_opposed_20pct,B0,baseline,baseline,175,0.0174,1250,833.333333333333,10664.4087918169,-11449.344689671,10664.4087918169,-11449.344689671,0,0,0,0,0,0,0,NaN,NaN,NaN,NaN
P08_opposed_20pct,B0,baseline,baseline,176,0.0175,1250,833.333333333333,10656.4896532716,-11466.4219135556,10656.4896532716,-11466.4219135556,0,0,0,0,0,0,0,NaN,NaN,NaN,NaN
P08_opposed_20pct,B0,baseline,baseline,177,0.0176,1250,833.333333333333,10633.5663316297,-11477.1004781202,10633.5663316297,-11477.1004781202,0,0,0,0,0,0,0,NaN,NaN,NaN,NaN
P08_opposed_20pct,B0,baseline,baseline,178,0.0177,1250,833.333333333333,10675.8982157858,-11557.7878070282,10675.8982157858,-11557.7878070282,0,0,0,0,0,0,0,NaN,NaN,NaN,NaN
P08_opposed_20pct,B0,baseline,baseline,179,0.0178,1250,833.333333333333,10667.2897166037,-11556.9580820457,10667.2897166037,-11556.9580820457,0,0,0,0,0,0,0,NaN,NaN,NaN,NaN
P08_opposed_20pct,B0,baseline,baseline,180,0.0179,1250,833.333333333333,10642.4910674913,-11489.2360899343,10642.4910674913,-11489.2360899343,0,0,0,0,0,0,0,NaN,NaN,NaN,NaN
P08_opposed_20pct,B0,baseline,baseline,181,0.018,1250,833.333333333333,10594.6970697128,-11396.8472148442,10594.6970697128,-11396.8472148442,0,0,0,0,0,0,0,NaN,NaN,NaN,NaN
P08_opposed_20pct,B0,baseline,baseline,182,0.0181,1250,833.333333333333,10517.3936941158,-11288.5893123382,10517.3936941158,-11288.5893123382,0,0,0,0,0,0,0,NaN,NaN,NaN,NaN
P08_opposed_20pct,B0,baseline,baseline,183,0.0182,1250,833.333333333333,10551.2414243094,-11384.9796062472,10551.2414243094,-11384.9796062472,0,0,0,0,0,0,0,NaN,NaN,NaN,NaN
P08_opposed_20pct,B0,baseline,baseline,184,0.0183,1250,833.333333333333,10588.2567306415,-11515.3038063434,10588.2567306415,-11515.3038063434,0,0,0,0,0,0,0,NaN,NaN,NaN,NaN
P08_opposed_20pct,B0,baseline,baseline,185,0.0184,1250,833.333333333333,10595.5107634164,-11517.9598739834,10595.5107634164,-11517.9598739834,0,0,0,0,0,0,0,NaN,NaN,NaN,NaN
P08_opposed_20pct,B0,baseline,baseline,186,0.0185,1250,833.333333333333,10587.4673762429,-11434.140769139,10587.4673762429,-11434.140769139,0,0,0,0,0,0,0,NaN,NaN,NaN,NaN
P08_opposed_20pct,B0,baseline,baseline,187,0.0186,1250,833.333333333333,10504.7472467234,-11231.0289577045,10504.7472467234,-11231.0289577045,0,0,0,0,0,0,0,NaN,NaN,NaN,NaN
P08_opposed_20pct,B0,baseline,baseline,188,0.0187,1250,833.333333333333,10427.2610183263,-11104.2126786245,10427.2610183263,-11104.2126786245,0,0,0,0,0,0,0,NaN,NaN,NaN,NaN
P08_opposed_20pct,B0,baseline,baseline,189,0.0188,1250,833.333333333333,10331.4443580224,-11071.4512812371,10331.4443580224,-11071.4512812371,0,0,0,0,0,0,0,NaN,NaN,NaN,NaN
P08_opposed_20pct,B0,baseline,baseline,190,0.0189,1250,833.333333333333,10342.8824267951,-11211.4249158841,10342.8824267951,-11211.4249158841,0,0,0,0,0,0,0,NaN,NaN,NaN,NaN
P08_opposed_20pct,B0,baseline,baseline,191,0.019,1250,833.333333333333,10444.4100190903,-11465.7830711702,10444.4100190903,-11465.7830711702,0,0,0,0,0,0,0,NaN,NaN,NaN,NaN
P08_opposed_20pct,B0,baseline,baseline,192,0.0191,1250,833.333333333333,10551.9683431164,-11607.7050108666,10551.9683431164,-11607.7050108666,0,0,0,0,0,0,0,NaN,NaN,NaN,NaN
P08_opposed_20pct,B0,baseline,baseline,193,0.0192,1250,833.333333333333,10634.2792999729,-11598.0662731466,10634.2792999729,-11598.0662731466,0,0,0,0,0,0,0,NaN,NaN,NaN,NaN
P08_opposed_20pct,B0,baseline,baseline,194,0.0193,1250,833.333333333333,10628.5689625969,-11468.8818433659,10628.5689625969,-11468.8818433659,0,0,0,0,0,0,0,NaN,NaN,NaN,NaN
P08_opposed_20pct,B0,baseline,baseline,195,0.0194,1250,833.333333333333,10617.4246309122,-11369.441243724,10617.4246309122,-11369.441243724,0,0,0,0,0,0,0,NaN,NaN,NaN,NaN
P08_opposed_20pct,B0,baseline,baseline,196,0.0195,1250,833.333333333333,10643.7585099045,-11417.2126638592,10643.7585099045,-11417.2126638592,0,0,0,0,0,0,0,NaN,NaN,NaN,NaN
P08_opposed_20pct,B0,baseline,baseline,197,0.0196,1250,833.333333333333,10641.2660846784,-11480.848622239,10641.2660846784,-11480.848622239,0,0,0,0,0,0,0,NaN,NaN,NaN,NaN
P08_opposed_20pct,B0,baseline,baseline,198,0.0197,1250,833.333333333333,10630.5694314469,-11494.4637391741,10630.5694314469,-11494.4637391741,0,0,0,0,0,0,0,NaN,NaN,NaN,NaN
P08_opposed_20pct,B0,baseline,baseline,199,0.0198,1250,833.333333333333,10674.1161154997,-11564.751909467,10674.1161154997,-11564.751909467,0,0,0,0,0,0,0,NaN,NaN,NaN,NaN
P08_opposed_20pct,B0,baseline,baseline,200,0.0199,1250,833.333333333333,10669.6070093171,-11552.9930901926,10669.6070093171,-11552.9930901926,0,0,0,0,0,0,0,NaN,NaN,NaN,NaN
P08_opposed_20pct,B0,baseline,baseline,201,0.02,1250,833.333333333333,10645.5171750416,-11475.3327523722,10645.5171750416,-11475.3327523722,0,0,0,0,0,0,0,NaN,NaN,NaN,NaN
P08_opposed_20pct,B0,baseline,baseline,202,0.0201,1250,833.333333333333,10596.8074625916,-11388.1856370257,10596.8074625916,-11388.1856370257,0,0,0,0,0,0,0,NaN,NaN,NaN,NaN
P08_opposed_20pct,B0,baseline,baseline,203,0.0202,1250,833.333333333333,10518.3665068378,-11291.8480521109,10518.3665068378,-11291.8480521109,0,0,0,0,0,0,0,NaN,NaN,NaN,NaN
P08_opposed_20pct,B0,baseline,baseline,204,0.0203,1250,833.333333333333,10550.2217771681,-11387.6347067523,10550.2217771681,-11387.6347067523,0,0,0,0,0,0,0,NaN,NaN,NaN,NaN
P08_opposed_20pct,B0,baseline,baseline,205,0.0204,1250,833.333333333333,10585.9599262834,-11511.4284881165,10585.9599262834,-11511.4284881165,0,0,0,0,0,0,0,NaN,NaN,NaN,NaN
P08_opposed_20pct,B0,baseline,baseline,206,0.0205,1250,833.333333333333,10590.7419748128,-11507.2542798939,10590.7419748128,-11507.2542798939,0,0,0,0,0,0,0,NaN,NaN,NaN,NaN
P08_opposed_20pct,B0,baseline,baseline,207,0.0206,1250,833.333333333333,10582.6322307869,-11420.5894412536,10582.6322307869,-11420.5894412536,0,0,0,0,0,0,0,NaN,NaN,NaN,NaN
P08_opposed_20pct,B0,baseline,baseline,208,0.0207,1250,833.333333333333,10505.3729627264,-11219.8618372539,10505.3729627264,-11219.8618372539,0,0,0,0,0,0,0,NaN,NaN,NaN,NaN
P08_opposed_20pct,B0,baseline,baseline,209,0.0208,1250,833.333333333333,10423.1690348658,-11115.8938718492,10423.1690348658,-11115.8938718492,0,0,0,0,0,0,0,NaN,NaN,NaN,NaN
P08_opposed_20pct,B0,baseline,baseline,210,0.0209,1250,833.333333333333,10384.3360569584,-11184.3335612043,10384.3360569584,-11184.3335612043,0,0,0,0,0,0,0,NaN,NaN,NaN,NaN
P08_opposed_20pct,B0,baseline,baseline,211,0.021,1250,833.333333333333,10364.4762069957,-11279.8775769237,10364.4762069957,-11279.8775769237,0,0,0,0,0,0,0,NaN,NaN,NaN,NaN
P08_opposed_20pct,B0,baseline,baseline,212,0.0211,1250,833.333333333333,10417.8483865358,-11408.6211432044,10417.8483865358,-11408.6211432044,0,0,0,0,0,0,0,NaN,NaN,NaN,NaN
P08_opposed_20pct,B0,baseline,baseline,213,0.0212,1250,833.333333333333,10547.0059285902,-11546.7501010007,10547.0059285902,-11546.7501010007,0,0,0,0,0,0,0,NaN,NaN,NaN,NaN
P08_opposed_20pct,B0,baseline,baseline,214,0.0213,1250,833.333333333333,10619.4638107234,-11567.7021563052,10619.4638107234,-11567.7021563052,0,0,0,0,0,0,0,NaN,NaN,NaN,NaN
P08_opposed_20pct,B0,baseline,baseline,215,0.0214,1250,833.333333333333,10671.6373201519,-11550.071636701,10671.6373201519,-11550.071636701,0,0,0,0,0,0,0,NaN,NaN,NaN,NaN
P08_opposed_20pct,B0,baseline,baseline,216,0.0215,1250,833.333333333333,10672.252023963,-11482.1515216906,10672.252023963,-11482.1515216906,0,0,0,0,0,0,0,NaN,NaN,NaN,NaN
P08_opposed_20pct,B0,baseline,baseline,217,0.0216,1250,833.333333333333,10639.8691825089,-11407.4968502017,10639.8691825089,-11407.4968502017,0,0,0,0,0,0,0,NaN,NaN,NaN,NaN
P08_opposed_20pct,B0,baseline,baseline,218,0.0217,1250,833.333333333333,10652.5321913563,-11440.0346036971,10652.5321913563,-11440.0346036971,0,0,0,0,0,0,0,NaN,NaN,NaN,NaN
P08_opposed_20pct,B0,baseline,baseline,219,0.0218,1250,833.333333333333,10639.8250770148,-11479.0178242931,10639.8250770148,-11479.0178242931,0,0,0,0,0,0,0,NaN,NaN,NaN,NaN
P08_opposed_20pct,B0,baseline,baseline,220,0.0219,1250,833.333333333333,10680.172028858,-11568.5931685247,10680.172028858,-11568.5931685247,0,0,0,0,0,0,0,NaN,NaN,NaN,NaN
P08_opposed_20pct,B0,baseline,baseline,221,0.022,1250,833.333333333333,10668.9086998455,-11564.2786185914,10668.9086998455,-11564.2786185914,0,0,0,0,0,0,0,NaN,NaN,NaN,NaN
P08_opposed_20pct,B0,baseline,baseline,222,0.0221,1250,833.333333333333,10642.1547391624,-11487.2965030081,10642.1547391624,-11487.2965030081,0,0,0,0,0,0,0,NaN,NaN,NaN,NaN
P08_opposed_20pct,B0,baseline,baseline,223,0.0222,1250,833.333333333333,10595.5662105243,-11390.9028603598,10595.5662105243,-11390.9028603598,0,0,0,0,0,0,0,NaN,NaN,NaN,NaN
P08_opposed_20pct,B0,baseline,baseline,224,0.0223,1250,833.333333333333,10521.4342813787,-11286.9391696257,10521.4342813787,-11286.9391696257,0,0,0,0,0,0,0,NaN,NaN,NaN,NaN
P08_opposed_20pct,B0,baseline,baseline,225,0.0224,1250,833.333333333333,10550.5982820598,-11380.4050136495,10550.5982820598,-11380.4050136495,0,0,0,0,0,0,0,NaN,NaN,NaN,NaN
P08_opposed_20pct,B0,baseline,baseline,226,0.0225,1250,833.333333333333,10581.858345514,-11502.6221472936,10581.858345514,-11502.6221472936,0,0,0,0,0,0,0,NaN,NaN,NaN,NaN
P08_opposed_20pct,B0,baseline,baseline,227,0.0226,1250,833.333333333333,10585.1092345124,-11497.2167902856,10585.1092345124,-11497.2167902856,0,0,0,0,0,0,0,NaN,NaN,NaN,NaN
P08_opposed_20pct,B0,baseline,baseline,228,0.0227,1250,833.333333333333,10578.095440935,-11410.1181069848,10578.095440935,-11410.1181069848,0,0,0,0,0,0,0,NaN,NaN,NaN,NaN
P08_opposed_20pct,B0,baseline,baseline,229,0.0228,1250,833.333333333333,10503.6109270915,-11216.0635502209,10503.6109270915,-11216.0635502209,0,0,0,0,0,0,0,NaN,NaN,NaN,NaN
P08_opposed_20pct,B0,baseline,baseline,230,0.0229,1250,833.333333333333,10425.7540261027,-11115.6356920851,10425.7540261027,-11115.6356920851,0,0,0,0,0,0,0,NaN,NaN,NaN,NaN
P08_opposed_20pct,B0,baseline,baseline,231,0.023,1250,833.333333333333,10404.5692697506,-11208.0184081492,10404.5692697506,-11208.0184081492,0,0,0,0,0,0,0,NaN,NaN,NaN,NaN
P08_opposed_20pct,B0,baseline,baseline,232,0.0231,1250,833.333333333333,10401.0336408248,-11332.7084526374,10401.0336408248,-11332.7084526374,0,0,0,0,0,0,0,NaN,NaN,NaN,NaN
P08_opposed_20pct,B0,baseline,baseline,233,0.0232,1250,833.333333333333,10461.6315976036,-11463.7369529235,10461.6315976036,-11463.7369529235,0,0,0,0,0,0,0,NaN,NaN,NaN,NaN
P08_opposed_20pct,B0,baseline,baseline,234,0.0233,1250,833.333333333333,10588.0010144977,-11589.6350628566,10588.0010144977,-11589.6350628566,0,0,0,0,0,0,0,NaN,NaN,NaN,NaN
P08_opposed_20pct,B0,baseline,baseline,235,0.0234,1250,833.333333333333,10645.4123417399,-11581.1249714966,10645.4123417399,-11581.1249714966,0,0,0,0,0,0,0,NaN,NaN,NaN,NaN
P08_opposed_20pct,B0,baseline,baseline,236,0.0235,1250,833.333333333333,10688.8469590861,-11544.6543999578,10688.8469590861,-11544.6543999578,0,0,0,0,0,0,0,NaN,NaN,NaN,NaN
P08_opposed_20pct,B0,baseline,baseline,237,0.0236,1250,833.333333333333,10685.4342042909,-11483.9285957133,10685.4342042909,-11483.9285957133,0,0,0,0,0,0,0,NaN,NaN,NaN,NaN
P08_opposed_20pct,B0,baseline,baseline,238,0.0237,1250,833.333333333333,10645.9293006969,-11412.3281042545,10645.9293006969,-11412.3281042545,0,0,0,0,0,0,0,NaN,NaN,NaN,NaN
P08_opposed_20pct,B0,baseline,baseline,239,0.0238,1250,833.333333333333,10654.6554327873,-11445.6726665757,10654.6554327873,-11445.6726665757,0,0,0,0,0,0,0,NaN,NaN,NaN,NaN
P08_opposed_20pct,B0,baseline,baseline,240,0.0239,1250,833.333333333333,10638.8019218748,-11482.1594201563,10638.8019218748,-11482.1594201563,0,0,0,0,0,0,0,NaN,NaN,NaN,NaN
P08_opposed_20pct,B0,baseline,baseline,241,0.024,1250,833.333333333333,10676.3059654037,-11566.6883517271,10676.3059654037,-11566.6883517271,0,0,0,0,0,0,0,NaN,NaN,NaN,NaN
P08_opposed_20pct,B0,baseline,baseline,242,0.0241,1250,833.333333333333,10664.6926340553,-11560.7937608518,10664.6926340553,-11560.7937608518,0,0,0,0,0,0,0,NaN,NaN,NaN,NaN
P08_opposed_20pct,B0,baseline,baseline,243,0.0242,1250,833.333333333333,10638.2904735616,-11485.8755505237,10638.2904735616,-11485.8755505237,0,0,0,0,0,0,0,NaN,NaN,NaN,NaN
P08_opposed_20pct,B0,baseline,baseline,244,0.0243,1250,833.333333333333,10593.2967985128,-11392.9593486089,10593.2967985128,-11392.9593486089,0,0,0,0,0,0,0,NaN,NaN,NaN,NaN
P08_opposed_20pct,B0,baseline,baseline,245,0.0244,1250,833.333333333333,10521.8194907771,-11290.4613255993,10521.8194907771,-11290.4613255993,0,0,0,0,0,0,0,NaN,NaN,NaN,NaN
P08_opposed_20pct,B0,baseline,baseline,246,0.0245,1250,833.333333333333,10549.6604592449,-11378.6602159504,10549.6604592449,-11378.6602159504,0,0,0,0,0,0,0,NaN,NaN,NaN,NaN
P08_opposed_20pct,B0,baseline,baseline,247,0.0246,1250,833.333333333333,10578.9376375854,-11494.4499061654,10578.9376375854,-11494.4499061654,0,0,0,0,0,0,0,NaN,NaN,NaN,NaN
P08_opposed_20pct,B0,baseline,baseline,248,0.0247,1250,833.333333333333,10580.8485016582,-11484.9469273402,10580.8485016582,-11484.9469273402,0,0,0,0,0,0,0,NaN,NaN,NaN,NaN
P08_opposed_20pct,B0,baseline,baseline,249,0.0248,1250,833.333333333333,10574.453818871,-11396.6007897436,10574.453818871,-11396.6007897436,0,0,0,0,0,0,0,NaN,NaN,NaN,NaN
P08_opposed_20pct,B0,baseline,baseline,250,0.0249,1250,833.333333333333,10493.0729618462,-11226.3900366898,10493.0729618462,-11226.3900366898,0,0,0,0,0,0,0,NaN,NaN,NaN,NaN
P08_opposed_20pct,B0,baseline,baseline,251,0.025,1250,833.333333333333,10410.9790205361,-11136.078724184,10410.9790205361,-11136.078724184,0,0,0,0,0,0,0,NaN,NaN,NaN,NaN
P08_opposed_20pct,B0,baseline,baseline,252,0.0251,1250,833.333333333333,10408.6721649181,-11233.8815112832,10408.6721649181,-11233.8815112832,0,0,0,0,0,0,0,NaN,NaN,NaN,NaN
P08_opposed_20pct,B0,baseline,baseline,253,0.0252,1250,833.333333333333,10427.3595139863,-11369.6445011032,10427.3595139863,-11369.6445011032,0,0,0,0,0,0,0,NaN,NaN,NaN,NaN
P08_opposed_20pct,B0,baseline,baseline,254,0.0253,1250,833.333333333333,10507.4289777143,-11494.0283483539,10507.4289777143,-11494.0283483539,0,0,0,0,0,0,0,NaN,NaN,NaN,NaN
P08_opposed_20pct,B0,baseline,baseline,255,0.0254,1250,833.333333333333,10635.8793253175,-11624.8667547218,10635.8793253175,-11624.8667547218,0,0,0,0,0,0,0,NaN,NaN,NaN,NaN
P08_opposed_20pct,B0,baseline,baseline,256,0.0255,1250,833.333333333333,10675.2222768099,-11609.964443664,10675.2222768099,-11609.964443664,0,0,0,0,0,0,0,NaN,NaN,NaN,NaN
P08_opposed_20pct,B0,baseline,baseline,257,0.0256,1250,833.333333333333,10710.022363611,-11551.4454285983,10710.022363611,-11551.4454285983,0,0,0,0,0,0,0,NaN,NaN,NaN,NaN
P08_opposed_20pct,B0,baseline,baseline,258,0.0257,1250,833.333333333333,10701.0928607133,-11485.927655931,10701.0928607133,-11485.927655931,0,0,0,0,0,0,0,NaN,NaN,NaN,NaN
P08_opposed_20pct,B0,baseline,baseline,259,0.0258,1250,833.333333333333,10654.0833128128,-11410.0684189,10654.0833128128,-11410.0684189,0,0,0,0,0,0,0,NaN,NaN,NaN,NaN
P08_opposed_20pct,B0,baseline,baseline,260,0.0259,1250,833.333333333333,10659.1187478743,-11446.3803356104,10659.1187478743,-11446.3803356104,0,0,0,0,0,0,0,NaN,NaN,NaN,NaN
P08_opposed_20pct,B0,baseline,baseline,261,0.026,1250,833.333333333333,10639.8927486877,-11485.0456098919,10639.8927486877,-11485.0456098919,0,0,0,0,0,0,0,NaN,NaN,NaN,NaN
P08_opposed_20pct,B0,baseline,baseline,262,0.0261,1250,833.333333333333,10674.2436867094,-11567.3911771388,10674.2436867094,-11567.3911771388,0,0,0,0,0,0,0,NaN,NaN,NaN,NaN
P08_opposed_20pct,B0,baseline,baseline,263,0.0262,1250,833.333333333333,10661.7418993967,-11559.1610233752,10661.7418993967,-11559.1610233752,0,0,0,0,0,0,0,NaN,NaN,NaN,NaN
P08_opposed_20pct,B0,baseline,baseline,264,0.0263,1250,833.333333333333,10635.2935750111,-11483.6516996759,10635.2935750111,-11483.6516996759,0,0,0,0,0,0,0,NaN,NaN,NaN,NaN
P08_opposed_20pct,B0,baseline,baseline,265,0.0264,1250,833.333333333333,10591.8551028591,-11392.9476448803,10591.8551028591,-11392.9476448803,0,0,0,0,0,0,0,NaN,NaN,NaN,NaN
P08_opposed_20pct,B0,baseline,baseline,266,0.0265,1250,833.333333333333,10522.9058694306,-11292.4840469209,10522.9058694306,-11292.4840469209,0,0,0,0,0,0,0,NaN,NaN,NaN,NaN
P08_opposed_20pct,B0,baseline,baseline,267,0.0266,1250,833.333333333333,10549.2262027389,-11376.5333362481,10549.2262027389,-11376.5333362481,0,0,0,0,0,0,0,NaN,NaN,NaN,NaN
P08_opposed_20pct,B0,baseline,baseline,268,0.0267,1250,833.333333333333,10576.3867061136,-11486.3711745472,10576.3867061136,-11486.3711745472,0,0,0,0,0,0,0,NaN,NaN,NaN,NaN
P08_opposed_20pct,B0,baseline,baseline,269,0.0268,1250,833.333333333333,10576.9282822826,-11472.4097873603,10576.9282822826,-11472.4097873603,0,0,0,0,0,0,0,NaN,NaN,NaN,NaN
P08_opposed_20pct,B0,baseline,baseline,270,0.0269,1250,833.333333333333,10571.4030188975,-11382.2977651148,10571.4030188975,-11382.2977651148,0,0,0,0,0,0,0,NaN,NaN,NaN,NaN
P08_opposed_20pct,B0,baseline,baseline,271,0.027,1250,833.333333333333,10483.487274159,-11236.2640992072,10483.487274159,-11236.2640992072,0,0,0,0,0,0,0,NaN,NaN,NaN,NaN
P08_opposed_20pct,B0,baseline,baseline,272,0.0271,1250,833.333333333333,10397.3255432693,-11155.8766428446,10397.3255432693,-11155.8766428446,0,0,0,0,0,0,0,NaN,NaN,NaN,NaN
P08_opposed_20pct,B0,baseline,baseline,273,0.0272,1250,833.333333333333,10413.7971131357,-11259.2404318692,10413.7971131357,-11259.2404318692,0,0,0,0,0,0,0,NaN,NaN,NaN,NaN
P08_opposed_20pct,B0,baseline,baseline,274,0.0273,1250,833.333333333333,10454.4823179447,-11406.773263547,10454.4823179447,-11406.773263547,0,0,0,0,0,0,0,NaN,NaN,NaN,NaN
P08_opposed_20pct,B0,baseline,baseline,275,0.0274,1250,833.333333333333,10553.6926057404,-11524.8705297505,10553.6926057404,-11524.8705297505,0,0,0,0,0,0,0,NaN,NaN,NaN,NaN
P08_opposed_20pct,B0,baseline,baseline,276,0.0275,1250,833.333333333333,10683.8497778852,-11661.7268851656,10683.8497778852,-11661.7268851656,0,0,0,0,0,0,0,NaN,NaN,NaN,NaN
P08_opposed_20pct,B0,baseline,baseline,277,0.0276,1250,833.333333333333,10704.7209907795,-11640.5545379767,10704.7209907795,-11640.5545379767,0,0,0,0,0,0,0,NaN,NaN,NaN,NaN
P08_opposed_20pct,B0,baseline,baseline,278,0.0277,1250,833.333333333333,10730.4297105995,-11559.2131728628,10730.4297105995,-11559.2131728628,0,0,0,0,0,0,0,NaN,NaN,NaN,NaN
P08_opposed_20pct,B0,baseline,baseline,279,0.0278,1250,833.333333333333,10715.6797544362,-11488.6187507602,10715.6797544362,-11488.6187507602,0,0,0,0,0,0,0,NaN,NaN,NaN,NaN
P08_opposed_20pct,B0,baseline,baseline,280,0.0279,1250,833.333333333333,10661.0418928149,-11408.0716815106,10661.0418928149,-11408.0716815106,0,0,0,0,0,0,0,NaN,NaN,NaN,NaN
P08_opposed_20pct,B0,baseline,baseline,281,0.028,1250,833.333333333333,10662.3376584705,-11447.5006509378,10662.3376584705,-11447.5006509378,0,0,0,0,0,0,0,NaN,NaN,NaN,NaN
P08_opposed_20pct,B0,baseline,baseline,282,0.0281,1250,833.333333333333,10696.3851630577,-11580.0793880043,10696.3851630577,-11580.0793880043,0,0,0,0,0,0,0,NaN,NaN,NaN,NaN
P08_opposed_20pct,B0,baseline,baseline,283,0.0282,1250,833.333333333333,10681.0064240608,-11588.0464054498,10681.0064240608,-11588.0464054498,0,0,0,0,0,0,0,NaN,NaN,NaN,NaN
P08_opposed_20pct,B0,baseline,baseline,284,0.0283,1250,833.333333333333,10650.4052169599,-11501.5638707649,10650.4052169599,-11501.5638707649,0,0,0,0,0,0,0,NaN,NaN,NaN,NaN
P08_opposed_20pct,B0,baseline,baseline,285,0.0284,1250,833.333333333333,10597.9292567881,-11392.2551321013,10597.9292567881,-11392.2551321013,0,0,0,0,0,0,0,NaN,NaN,NaN,NaN
P08_opposed_20pct,B0,baseline,baseline,286,0.0285,1250,833.333333333333,10516.9627276319,-11276.263077034,10516.9627276319,-11276.263077034,0,0,0,0,0,0,0,NaN,NaN,NaN,NaN
P08_opposed_20pct,B0,baseline,baseline,287,0.0286,1250,833.333333333333,10550.757056532,-11377.6808350058,10550.757056532,-11377.6808350058,0,0,0,0,0,0,0,NaN,NaN,NaN,NaN
P08_opposed_20pct,B0,baseline,baseline,288,0.0287,1250,833.333333333333,10586.9845870703,-11519.7353735421,10586.9845870703,-11519.7353735421,0,0,0,0,0,0,0,NaN,NaN,NaN,NaN
P08_opposed_20pct,B0,baseline,baseline,289,0.0288,1250,833.333333333333,10538.8236537098,-11438.226741926,10538.8236537098,-11438.226741926,0,0,0,0,0,0,0,NaN,NaN,NaN,NaN
P08_opposed_20pct,B0,baseline,baseline,290,0.0289,1250,833.333333333333,10466.8768988677,-11260.7006438548,10466.8768988677,-11260.7006438548,0,0,0,0,0,0,0,NaN,NaN,NaN,NaN
P08_opposed_20pct,B0,baseline,baseline,291,0.029,1250,833.333333333333,10369.9199677427,-11116.061987279,10369.9199677427,-11116.061987279,0,0,0,0,0,0,0,NaN,NaN,NaN,NaN
P08_opposed_20pct,B0,baseline,baseline,292,0.0291,1250,833.333333333333,10339.8509846227,-11123.6721742218,10339.8509846227,-11123.6721742218,0,0,0,0,0,0,0,NaN,NaN,NaN,NaN
P08_opposed_20pct,B0,baseline,baseline,293,0.0292,1250,833.333333333333,10453.0444475366,-11377.9185881686,10453.0444475366,-11377.9185881686,0,0,0,0,0,0,0,NaN,NaN,NaN,NaN
P08_opposed_20pct,B0,baseline,baseline,294,0.0293,1250,833.333333333333,10546.6579016113,-11593.1393787101,10546.6579016113,-11593.1393787101,0,0,0,0,0,0,0,NaN,NaN,NaN,NaN
P08_opposed_20pct,B0,baseline,baseline,295,0.0294,1250,833.333333333333,10614.0184790101,-11625.3902080385,10614.0184790101,-11625.3902080385,0,0,0,0,0,0,0,NaN,NaN,NaN,NaN
P08_opposed_20pct,B0,baseline,baseline,296,0.0295,1250,833.333333333333,10713.7689488929,-11653.4837473047,10713.7689488929,-11653.4837473047,0,0,0,0,0,0,0,NaN,NaN,NaN,NaN
P08_opposed_20pct,B0,baseline,baseline,297,0.0296,1250,833.333333333333,10722.5296571027,-11573.1703860688,10722.5296571027,-11573.1703860688,0,0,0,0,0,0,0,NaN,NaN,NaN,NaN
P08_opposed_20pct,B0,baseline,baseline,298,0.0297,1250,833.333333333333,10741.1648492973,-11501.7062554792,10741.1648492973,-11501.7062554792,0,0,0,0,0,0,0,NaN,NaN,NaN,NaN
P08_opposed_20pct,B0,baseline,baseline,299,0.0298,1250,833.333333333333,10724.2992534165,-11488.0563153164,10724.2992534165,-11488.0563153164,0,0,0,0,0,0,0,NaN,NaN,NaN,NaN
P08_opposed_20pct,B0,baseline,baseline,300,0.0299,1250,833.333333333333,10664.4087918169,-11449.344689671,10664.4087918169,-11449.344689671,0,0,0,0,0,0,0,NaN,NaN,NaN,NaN
P08_opposed_20pct,B0,baseline,baseline,301,0.03,1250,833.333333333333,10656.4896532716,-11466.4219135555,10656.4896532716,-11466.4219135555,0,0,0,0,0,0,0,NaN,NaN,NaN,NaN
P08_opposed_20pct,B0,baseline,baseline,302,0.0301,1250,833.333333333333,10633.5663316298,-11477.10047812,10633.5663316298,-11477.10047812,0,0,0,0,0,0,0,NaN,NaN,NaN,NaN
P08_opposed_20pct,B0,baseline,baseline,303,0.0302,1250,833.333333333333,10675.8982157859,-11557.7878070282,10675.8982157859,-11557.7878070282,0,0,0,0,0,0,0,NaN,NaN,NaN,NaN
P08_opposed_20pct,B0,baseline,baseline,304,0.0303,1250,833.333333333333,10667.2897166039,-11556.9580820458,10667.2897166039,-11556.9580820458,0,0,0,0,0,0,0,NaN,NaN,NaN,NaN
P08_opposed_20pct,B0,baseline,baseline,305,0.0304,1250,833.333333333333,10642.4910674914,-11489.2360899343,10642.4910674914,-11489.2360899343,0,0,0,0,0,0,0,NaN,NaN,NaN,NaN
P08_opposed_20pct,B0,baseline,baseline,306,0.0305,1250,833.333333333333,10594.6970697128,-11396.8472148442,10594.6970697128,-11396.8472148442,0,0,0,0,0,0,0,NaN,NaN,NaN,NaN
P08_opposed_20pct,B0,baseline,baseline,307,0.0306,1250,833.333333333333,10517.3936941157,-11288.5893123381,10517.3936941157,-11288.5893123381,0,0,0,0,0,0,0,NaN,NaN,NaN,NaN
P08_opposed_20pct,B0,baseline,baseline,308,0.0307,1250,833.333333333333,10551.2414243094,-11384.9796062472,10551.2414243094,-11384.9796062472,0,0,0,0,0,0,0,NaN,NaN,NaN,NaN
P08_opposed_20pct,B0,baseline,baseline,309,0.0308,1250,833.333333333333,10588.2567306416,-11515.3038063436,10588.2567306416,-11515.3038063436,0,0,0,0,0,0,0,NaN,NaN,NaN,NaN
P08_opposed_20pct,B0,baseline,baseline,310,0.0309,1250,833.333333333333,10595.5107634166,-11517.9598739838,10595.5107634166,-11517.9598739838,0,0,0,0,0,0,0,NaN,NaN,NaN,NaN
P08_opposed_20pct,B0,baseline,baseline,311,0.031,1250,833.333333333333,10587.4673762432,-11434.1407691394,10587.4673762432,-11434.1407691394,0,0,0,0,0,0,0,NaN,NaN,NaN,NaN
P08_opposed_20pct,B0,baseline,baseline,312,0.0311,1250,833.333333333333,10504.7472467235,-11231.0289577048,10504.7472467235,-11231.0289577048,0,0,0,0,0,0,0,NaN,NaN,NaN,NaN
P08_opposed_20pct,B0,baseline,baseline,313,0.0312,1250,833.333333333333,10427.2610183266,-11104.2126786237,10427.2610183266,-11104.2126786237,0,0,0,0,0,0,0,NaN,NaN,NaN,NaN
P08_opposed_20pct,B0,baseline,baseline,314,0.0313,1250,833.333333333333,10331.4443580229,-11071.4512812359,10331.4443580229,-11071.4512812359,0,0,0,0,0,0,0,NaN,NaN,NaN,NaN
P08_opposed_20pct,B0,baseline,baseline,315,0.0314,1250,833.333333333333,10342.8824267948,-11211.4249158827,10342.8824267948,-11211.4249158827,0,0,0,0,0,0,0,NaN,NaN,NaN,NaN
P08_opposed_20pct,B0,baseline,baseline,316,0.0315,1250,833.333333333333,10444.4100190891,-11465.7830711679,10444.4100190891,-11465.7830711679,0,0,0,0,0,0,0,NaN,NaN,NaN,NaN
P08_opposed_20pct,B0,baseline,baseline,317,0.0316,1250,833.333333333333,10551.9683431145,-11607.7050108646,10551.9683431145,-11607.7050108646,0,0,0,0,0,0,0,NaN,NaN,NaN,NaN
P08_opposed_20pct,B0,baseline,baseline,318,0.0317,1250,833.333333333333,10634.2792999712,-11598.066273145,10634.2792999712,-11598.066273145,0,0,0,0,0,0,0,NaN,NaN,NaN,NaN
P08_opposed_20pct,B0,baseline,baseline,319,0.0318,1250,833.333333333333,10628.568962596,-11468.881843365,10628.568962596,-11468.881843365,0,0,0,0,0,0,0,NaN,NaN,NaN,NaN
P08_opposed_20pct,B0,baseline,baseline,320,0.0319,1250,833.333333333333,10617.4246309118,-11369.4412437243,10617.4246309118,-11369.4412437243,0,0,0,0,0,0,0,NaN,NaN,NaN,NaN
P08_opposed_20pct,B0,baseline,baseline,321,0.032,1250,833.333333333333,10643.7585099041,-11417.2126638594,10643.7585099041,-11417.2126638594,0,0,0,0,0,0,0,NaN,NaN,NaN,NaN
P08_opposed_20pct,B0,baseline,baseline,322,0.0321,1250,833.333333333333,10641.2660846781,-11480.8486222388,10641.2660846781,-11480.8486222388,0,0,0,0,0,0,0,NaN,NaN,NaN,NaN
P08_opposed_20pct,B0,baseline,baseline,323,0.0322,1250,833.333333333333,10630.5694314468,-11494.4637391739,10630.5694314468,-11494.4637391739,0,0,0,0,0,0,0,NaN,NaN,NaN,NaN
P08_opposed_20pct,B0,baseline,baseline,324,0.0323,1250,833.333333333333,10674.1161154997,-11564.7519094669,10674.1161154997,-11564.7519094669,0,0,0,0,0,0,0,NaN,NaN,NaN,NaN
P08_opposed_20pct,B0,baseline,baseline,325,0.0324,1250,833.333333333333,10669.6070093171,-11552.9930901927,10669.6070093171,-11552.9930901927,0,0,0,0,0,0,0,NaN,NaN,NaN,NaN
P08_opposed_20pct,B0,baseline,baseline,326,0.0325,1250,833.333333333333,10645.5171750417,-11475.3327523723,10645.5171750417,-11475.3327523723,0,0,0,0,0,0,0,NaN,NaN,NaN,NaN
P08_opposed_20pct,B0,baseline,baseline,327,0.0326,1250,833.333333333333,10596.8074625918,-11388.1856370257,10596.8074625918,-11388.1856370257,0,0,0,0,0,0,0,NaN,NaN,NaN,NaN
P08_opposed_20pct,B0,baseline,baseline,328,0.0327,1250,833.333333333333,10518.3665068379,-11291.8480521107,10518.3665068379,-11291.8480521107,0,0,0,0,0,0,0,NaN,NaN,NaN,NaN
P08_opposed_20pct,B0,baseline,baseline,329,0.0328,1250,833.333333333333,10550.2217771681,-11387.6347067522,10550.2217771681,-11387.6347067522,0,0,0,0,0,0,0,NaN,NaN,NaN,NaN
P08_opposed_20pct,B0,baseline,baseline,330,0.0329,1250,833.333333333333,10585.9599262833,-11511.4284881166,10585.9599262833,-11511.4284881166,0,0,0,0,0,0,0,NaN,NaN,NaN,NaN
P08_opposed_20pct,B0,baseline,baseline,331,0.033,1250,833.333333333333,10590.7419748128,-11507.2542798943,10590.7419748128,-11507.2542798943,0,0,0,0,0,0,0,NaN,NaN,NaN,NaN
P08_opposed_20pct,B0,baseline,baseline,332,0.0331,1250,833.333333333333,10582.632230787,-11420.5894412541,10582.632230787,-11420.5894412541,0,0,0,0,0,0,0,NaN,NaN,NaN,NaN
P08_opposed_20pct,B0,baseline,baseline,333,0.0332,1250,833.333333333333,10505.3729627265,-11219.8618372544,10505.3729627265,-11219.8618372544,0,0,0,0,0,0,0,NaN,NaN,NaN,NaN
P08_opposed_20pct,B0,baseline,baseline,334,0.0333,1250,833.333333333333,10423.1690348658,-11115.8938718496,10423.1690348658,-11115.8938718496,0,0,0,0,0,0,0,NaN,NaN,NaN,NaN
P08_opposed_20pct,B0,baseline,baseline,335,0.0334,1250,833.333333333333,10384.3360569582,-11184.3335612039,10384.3360569582,-11184.3335612039,0,0,0,0,0,0,0,NaN,NaN,NaN,NaN
P08_opposed_20pct,B0,baseline,baseline,336,0.0335,1250,833.333333333333,10364.4762069952,-11279.8775769224,10364.4762069952,-11279.8775769224,0,0,0,0,0,0,0,NaN,NaN,NaN,NaN
P08_opposed_20pct,B0,baseline,baseline,337,0.0336,1250,833.333333333333,10417.8483865352,-11408.621143203,10417.8483865352,-11408.621143203,0,0,0,0,0,0,0,NaN,NaN,NaN,NaN
P08_opposed_20pct,B0,baseline,baseline,338,0.0337,1250,833.333333333333,10547.0059285897,-11546.7501009997,10547.0059285897,-11546.7501009997,0,0,0,0,0,0,0,NaN,NaN,NaN,NaN
P08_opposed_20pct,B0,baseline,baseline,339,0.0338,1250,833.333333333333,10619.4638107231,-11567.7021563051,10619.4638107231,-11567.7021563051,0,0,0,0,0,0,0,NaN,NaN,NaN,NaN
P08_opposed_20pct,B0,baseline,baseline,340,0.0339,1250,833.333333333333,10671.6373201516,-11550.0716367013,10671.6373201516,-11550.0716367013,0,0,0,0,0,0,0,NaN,NaN,NaN,NaN
P08_opposed_20pct,B0,baseline,baseline,341,0.034,1250,833.333333333333,10672.2520239627,-11482.1515216906,10672.2520239627,-11482.1515216906,0,0,0,0,0,0,0,NaN,NaN,NaN,NaN
P08_opposed_20pct,B0,baseline,baseline,342,0.0341,1250,833.333333333333,10639.8691825087,-11407.4968502015,10639.8691825087,-11407.4968502015,0,0,0,0,0,0,0,NaN,NaN,NaN,NaN
P08_opposed_20pct,B0,baseline,baseline,343,0.0342,1250,833.333333333333,10652.5321913561,-11440.0346036969,10652.5321913561,-11440.0346036969,0,0,0,0,0,0,0,NaN,NaN,NaN,NaN
P08_opposed_20pct,B0,baseline,baseline,344,0.0343,1250,833.333333333333,10639.8250770147,-11479.017824293,10639.8250770147,-11479.017824293,0,0,0,0,0,0,0,NaN,NaN,NaN,NaN
P08_opposed_20pct,B0,baseline,baseline,345,0.0344,1250,833.333333333333,10680.1720288579,-11568.5931685247,10680.1720288579,-11568.5931685247,0,0,0,0,0,0,0,NaN,NaN,NaN,NaN
P08_opposed_20pct,B0,baseline,baseline,346,0.0345,1250,833.333333333333,10668.9086998456,-11564.2786185914,10668.9086998456,-11564.2786185914,0,0,0,0,0,0,0,NaN,NaN,NaN,NaN
P08_opposed_20pct,B0,baseline,baseline,347,0.0346,1250,833.333333333333,10642.1547391624,-11487.2965030081,10642.1547391624,-11487.2965030081,0,0,0,0,0,0,0,NaN,NaN,NaN,NaN
P08_opposed_20pct,B0,baseline,baseline,348,0.0347,1250,833.333333333333,10595.5662105243,-11390.9028603599,10595.5662105243,-11390.9028603599,0,0,0,0,0,0,0,NaN,NaN,NaN,NaN
P08_opposed_20pct,B0,baseline,baseline,349,0.0348,1250,833.333333333333,10521.4342813786,-11286.9391696258,10521.4342813786,-11286.9391696258,0,0,0,0,0,0,0,NaN,NaN,NaN,NaN
P08_opposed_20pct,B0,baseline,baseline,350,0.0349,1250,833.333333333333,10550.5982820599,-11380.4050136497,10550.5982820599,-11380.4050136497,0,0,0,0,0,0,0,NaN,NaN,NaN,NaN
P08_opposed_20pct,B0,baseline,baseline,351,0.035,1250,833.333333333333,10581.8583455143,-11502.6221472937,10581.8583455143,-11502.6221472937,0,0,0,0,0,0,0,NaN,NaN,NaN,NaN
P08_opposed_20pct,B0,baseline,baseline,352,0.0351,1250,833.333333333333,10585.1092345128,-11497.2167902855,10585.1092345128,-11497.2167902855,0,0,0,0,0,0,0,NaN,NaN,NaN,NaN
P08_opposed_20pct,B0,baseline,baseline,353,0.0352,1250,833.333333333333,10578.0954409352,-11410.1181069845,10578.0954409352,-11410.1181069845,0,0,0,0,0,0,0,NaN,NaN,NaN,NaN
P08_opposed_20pct,B0,baseline,baseline,354,0.0353,1250,833.333333333333,10503.6109270917,-11216.0635502204,10503.6109270917,-11216.0635502204,0,0,0,0,0,0,0,NaN,NaN,NaN,NaN
P08_opposed_20pct,B0,baseline,baseline,355,0.0354,1250,833.333333333333,10425.7540261029,-11115.6356920845,10425.7540261029,-11115.6356920845,0,0,0,0,0,0,0,NaN,NaN,NaN,NaN
P08_opposed_20pct,B0,baseline,baseline,356,0.0355,1250,833.333333333333,10404.5692697505,-11208.0184081486,10404.5692697505,-11208.0184081486,0,0,0,0,0,0,0,NaN,NaN,NaN,NaN
P08_opposed_20pct,B0,baseline,baseline,357,0.0356,1250,833.333333333333,10401.0336408245,-11332.7084526369,10401.0336408245,-11332.7084526369,0,0,0,0,0,0,0,NaN,NaN,NaN,NaN
P08_opposed_20pct,B0,baseline,baseline,358,0.0357,1250,833.333333333333,10461.6315976032,-11463.736952923,10461.6315976032,-11463.736952923,0,0,0,0,0,0,0,NaN,NaN,NaN,NaN
P08_opposed_20pct,B0,baseline,baseline,359,0.0358,1250,833.333333333333,10588.0010144973,-11589.6350628562,10588.0010144973,-11589.6350628562,0,0,0,0,0,0,0,NaN,NaN,NaN,NaN
P08_opposed_20pct,B0,baseline,baseline,360,0.0359,1250,833.333333333333,10645.4123417397,-11581.1249714964,10645.4123417397,-11581.1249714964,0,0,0,0,0,0,0,NaN,NaN,NaN,NaN
P08_opposed_20pct,B0,baseline,baseline,361,0.036,1250,833.333333333333,10688.846959086,-11544.6543999578,10688.846959086,-11544.6543999578,0,0,0,0,0,0,0,NaN,NaN,NaN,NaN
P08_opposed_20pct,B0,baseline,baseline,362,0.0361,1250,833.333333333333,10685.4342042909,-11483.9285957133,10685.4342042909,-11483.9285957133,0,0,0,0,0,0,0,NaN,NaN,NaN,NaN
P08_opposed_20pct,B0,baseline,baseline,363,0.0362,1250,833.333333333333,10645.9293006969,-11412.3281042545,10645.9293006969,-11412.3281042545,0,0,0,0,0,0,0,NaN,NaN,NaN,NaN
P08_opposed_20pct,B0,baseline,baseline,364,0.0363,1250,833.333333333333,10654.6554327872,-11445.6726665757,10654.6554327872,-11445.6726665757,0,0,0,0,0,0,0,NaN,NaN,NaN,NaN
P08_opposed_20pct,B0,baseline,baseline,365,0.0364,1250,833.333333333333,10638.8019218747,-11482.1594201565,10638.8019218747,-11482.1594201565,0,0,0,0,0,0,0,NaN,NaN,NaN,NaN
P08_opposed_20pct,B0,baseline,baseline,366,0.0365,1250,833.333333333333,10676.3059654036,-11566.6883517273,10676.3059654036,-11566.6883517273,0,0,0,0,0,0,0,NaN,NaN,NaN,NaN
P08_opposed_20pct,B0,baseline,baseline,367,0.0366,1250,833.333333333333,10664.6926340552,-11560.7937608517,10664.6926340552,-11560.7937608517,0,0,0,0,0,0,0,NaN,NaN,NaN,NaN
P08_opposed_20pct,B0,baseline,baseline,368,0.0367,1250,833.333333333333,10638.2904735615,-11485.8755505235,10638.2904735615,-11485.8755505235,0,0,0,0,0,0,0,NaN,NaN,NaN,NaN
P08_opposed_20pct,B0,baseline,baseline,369,0.0368,1250,833.333333333333,10593.2967985128,-11392.9593486088,10593.2967985128,-11392.9593486088,0,0,0,0,0,0,0,NaN,NaN,NaN,NaN
P08_opposed_20pct,B0,baseline,baseline,370,0.0369,1250,833.333333333333,10521.8194907771,-11290.4613255992,10521.8194907771,-11290.4613255992,0,0,0,0,0,0,0,NaN,NaN,NaN,NaN
P08_opposed_20pct,B0,baseline,baseline,371,0.037,1250,833.333333333333,10549.6604592449,-11378.6602159505,10549.6604592449,-11378.6602159505,0,0,0,0,0,0,0,NaN,NaN,NaN,NaN
P08_opposed_20pct,B0,baseline,baseline,372,0.0371,1250,833.333333333333,10578.9376375855,-11494.4499061656,10578.9376375855,-11494.4499061656,0,0,0,0,0,0,0,NaN,NaN,NaN,NaN
P08_opposed_20pct,B0,baseline,baseline,373,0.0372,1250,833.333333333333,10580.8485016583,-11484.9469273404,10580.8485016583,-11484.9469273404,0,0,0,0,0,0,0,NaN,NaN,NaN,NaN
P08_opposed_20pct,B0,baseline,baseline,374,0.0373,1250,833.333333333333,10574.453818871,-11396.6007897437,10574.453818871,-11396.6007897437,0,0,0,0,0,0,0,NaN,NaN,NaN,NaN
P08_opposed_20pct,B0,baseline,baseline,375,0.0374,1250,833.333333333333,10493.0729618463,-11226.3900366898,10493.0729618463,-11226.3900366898,0,0,0,0,0,0,0,NaN,NaN,NaN,NaN
P08_opposed_20pct,B0,baseline,baseline,376,0.0375,1250,833.333333333333,10410.9790205362,-11136.0787241839,10410.9790205362,-11136.0787241839,0,0,0,0,0,0,0,NaN,NaN,NaN,NaN
P08_opposed_20pct,B0,baseline,baseline,377,0.0376,1250,833.333333333333,10408.6721649181,-11233.8815112831,10408.6721649181,-11233.8815112831,0,0,0,0,0,0,0,NaN,NaN,NaN,NaN
P08_opposed_20pct,B0,baseline,baseline,378,0.0377,1250,833.333333333333,10427.3595139862,-11369.644501103,10427.3595139862,-11369.644501103,0,0,0,0,0,0,0,NaN,NaN,NaN,NaN
P08_opposed_20pct,B0,baseline,baseline,379,0.0378,1250,833.333333333333,10507.4289777142,-11494.0283483538,10507.4289777142,-11494.0283483538,0,0,0,0,0,0,0,NaN,NaN,NaN,NaN
P08_opposed_20pct,B0,baseline,baseline,380,0.0379,1250,833.333333333333,10635.8793253174,-11624.8667547216,10635.8793253174,-11624.8667547216,0,0,0,0,0,0,0,NaN,NaN,NaN,NaN
P08_opposed_20pct,B0,baseline,baseline,381,0.038,1250,833.333333333333,10675.2222768099,-11609.9644436638,10675.2222768099,-11609.9644436638,0,0,0,0,0,0,0,NaN,NaN,NaN,NaN
P08_opposed_20pct,B0,baseline,baseline,382,0.0381,1250,833.333333333333,10710.0223636111,-11551.4454285982,10710.0223636111,-11551.4454285982,0,0,0,0,0,0,0,NaN,NaN,NaN,NaN
P08_opposed_20pct,B0,baseline,baseline,383,0.0382,1250,833.333333333333,10701.0928607134,-11485.9276559309,10701.0928607134,-11485.9276559309,0,0,0,0,0,0,0,NaN,NaN,NaN,NaN
P08_opposed_20pct,B0,baseline,baseline,384,0.0383,1250,833.333333333333,10654.0833128129,-11410.0684189001,10654.0833128129,-11410.0684189001,0,0,0,0,0,0,0,NaN,NaN,NaN,NaN
P08_opposed_20pct,B0,baseline,baseline,385,0.0384,1250,833.333333333333,10659.1187478744,-11446.3803356104,10659.1187478744,-11446.3803356104,0,0,0,0,0,0,0,NaN,NaN,NaN,NaN
P08_opposed_20pct,B0,baseline,baseline,386,0.0385,1250,833.333333333333,10639.8927486878,-11485.0456098918,10639.8927486878,-11485.0456098918,0,0,0,0,0,0,0,NaN,NaN,NaN,NaN
P08_opposed_20pct,B0,baseline,baseline,387,0.0386,1250,833.333333333333,10674.2436867095,-11567.3911771387,10674.2436867095,-11567.3911771387,0,0,0,0,0,0,0,NaN,NaN,NaN,NaN
P08_opposed_20pct,B0,baseline,baseline,388,0.0387,1250,833.333333333333,10661.7418993967,-11559.1610233753,10661.7418993967,-11559.1610233753,0,0,0,0,0,0,0,NaN,NaN,NaN,NaN
P08_opposed_20pct,B0,baseline,baseline,389,0.0388,1250,833.333333333333,10635.2935750111,-11483.6516996761,10635.2935750111,-11483.6516996761,0,0,0,0,0,0,0,NaN,NaN,NaN,NaN
P08_opposed_20pct,B0,baseline,baseline,390,0.0389,1250,833.333333333333,10591.8551028591,-11392.9476448803,10591.8551028591,-11392.9476448803,0,0,0,0,0,0,0,NaN,NaN,NaN,NaN
P08_opposed_20pct,B0,baseline,baseline,391,0.039,1250,833.333333333333,10522.9058694305,-11292.4840469207,10522.9058694305,-11292.4840469207,0,0,0,0,0,0,0,NaN,NaN,NaN,NaN
P08_opposed_20pct,B0,baseline,baseline,392,0.0391,1250,833.333333333333,10549.2262027388,-11376.5333362479,10549.2262027388,-11376.5333362479,0,0,0,0,0,0,0,NaN,NaN,NaN,NaN
P08_opposed_20pct,B0,baseline,baseline,393,0.0392,1250,833.333333333333,10576.3867061134,-11486.3711745471,10576.3867061134,-11486.3711745471,0,0,0,0,0,0,0,NaN,NaN,NaN,NaN
P08_opposed_20pct,B0,baseline,baseline,394,0.0393,1250,833.333333333333,10576.9282822827,-11472.4097873602,10576.9282822827,-11472.4097873602,0,0,0,0,0,0,0,NaN,NaN,NaN,NaN
P08_opposed_20pct,B0,baseline,baseline,395,0.0394,1250,833.333333333333,10571.4030188977,-11382.2977651147,10571.4030188977,-11382.2977651147,0,0,0,0,0,0,0,NaN,NaN,NaN,NaN
P08_opposed_20pct,B0,baseline,baseline,396,0.0395,1250,833.333333333333,10483.4872741591,-11236.2640992071,10483.4872741591,-11236.2640992071,0,0,0,0,0,0,0,NaN,NaN,NaN,NaN
P08_opposed_20pct,B0,baseline,baseline,397,0.0396,1250,833.333333333333,10397.3255432693,-11155.8766428445,10397.3255432693,-11155.8766428445,0,0,0,0,0,0,0,NaN,NaN,NaN,NaN
P08_opposed_20pct,B0,baseline,baseline,398,0.0397,1250,833.333333333333,10413.797113136,-11259.2404318693,10413.797113136,-11259.2404318693,0,0,0,0,0,0,0,NaN,NaN,NaN,NaN
P08_opposed_20pct,B0,baseline,baseline,399,0.0398,1250,833.333333333333,10454.4823179453,-11406.7732635474,10454.4823179453,-11406.7732635474,0,0,0,0,0,0,0,NaN,NaN,NaN,NaN
P08_opposed_20pct,B0,baseline,baseline,400,0.0399,1250,833.333333333333,10553.6926057412,-11524.8705297509,10553.6926057412,-11524.8705297509,0,0,0,0,0,0,0,NaN,NaN,NaN,NaN
P08_opposed_20pct,B0,baseline,baseline,401,0.04,1250,833.333333333333,10683.849777886,-11661.7268851663,10683.849777886,-11661.7268851663,0,0,0,0,0,0,0,NaN,NaN,NaN,NaN
P08_opposed_20pct,B0,baseline,baseline,402,0.0401,1250,833.333333333333,10704.72099078,-11640.5545379774,10704.72099078,-11640.5545379774,0,0,0,0,0,0,0,NaN,NaN,NaN,NaN
P08_opposed_20pct,B0,baseline,baseline,403,0.0402,1250,833.333333333333,10730.4297105999,-11559.213172863,10730.4297105999,-11559.213172863,0,0,0,0,0,0,0,NaN,NaN,NaN,NaN
P08_opposed_20pct,B0,baseline,baseline,404,0.0403,1250,833.333333333333,10715.6797544365,-11488.6187507602,10715.6797544365,-11488.6187507602,0,0,0,0,0,0,0,NaN,NaN,NaN,NaN
P08_opposed_20pct,B0,baseline,baseline,405,0.0404,1250,833.333333333333,10661.0418928151,-11408.0716815104,10661.0418928151,-11408.0716815104,0,0,0,0,0,0,0,NaN,NaN,NaN,NaN
P08_opposed_20pct,B0,baseline,baseline,406,0.0405,1250,833.333333333333,10662.3376584708,-11447.5006509377,10662.3376584708,-11447.5006509377,0,0,0,0,0,0,0,NaN,NaN,NaN,NaN
P08_opposed_20pct,B0,baseline,baseline,407,0.0406,1250,833.333333333333,10696.3851630578,-11580.0793880043,10696.3851630578,-11580.0793880043,0,0,0,0,0,0,0,NaN,NaN,NaN,NaN
P08_opposed_20pct,B0,baseline,baseline,408,0.0407,1250,833.333333333333,10681.0064240608,-11588.0464054498,10681.0064240608,-11588.0464054498,0,0,0,0,0,0,0,NaN,NaN,NaN,NaN
P08_opposed_20pct,B0,baseline,baseline,409,0.0408,1250,833.333333333333,10650.4052169599,-11501.5638707649,10650.4052169599,-11501.5638707649,0,0,0,0,0,0,0,NaN,NaN,NaN,NaN
P08_opposed_20pct,B0,baseline,baseline,410,0.0409,1250,833.333333333333,10597.9292567882,-11392.2551321013,10597.9292567882,-11392.2551321013,0,0,0,0,0,0,0,NaN,NaN,NaN,NaN
P08_opposed_20pct,B0,baseline,baseline,411,0.041,1250,833.333333333333,10516.9627276321,-11276.263077034,10516.9627276321,-11276.263077034,0,0,0,0,0,0,0,NaN,NaN,NaN,NaN
P08_opposed_20pct,B0,baseline,baseline,412,0.0411,1250,833.333333333333,10550.7570565321,-11377.6808350057,10550.7570565321,-11377.6808350057,0,0,0,0,0,0,0,NaN,NaN,NaN,NaN
P08_opposed_20pct,B0,baseline,baseline,413,0.0412,1250,833.333333333333,10586.9845870702,-11519.7353735418,10586.9845870702,-11519.7353735418,0,0,0,0,0,0,0,NaN,NaN,NaN,NaN
P08_opposed_20pct,B0,baseline,baseline,414,0.0413,1250,833.333333333333,10538.8236537098,-11438.2267419261,10538.8236537098,-11438.2267419261,0,0,0,0,0,0,0,NaN,NaN,NaN,NaN
P08_opposed_20pct,B0,baseline,baseline,415,0.0414,1250,833.333333333333,10466.8768988679,-11260.7006438555,10466.8768988679,-11260.7006438555,0,0,0,0,0,0,0,NaN,NaN,NaN,NaN
P08_opposed_20pct,B0,baseline,baseline,416,0.0415,1250,833.333333333333,10369.9199677431,-11116.0619872798,10369.9199677431,-11116.0619872798,0,0,0,0,0,0,0,NaN,NaN,NaN,NaN
P08_opposed_20pct,B0,baseline,baseline,417,0.0416,1250,833.333333333333,10339.8509846231,-11123.6721742219,10339.8509846231,-11123.6721742219,0,0,0,0,0,0,0,NaN,NaN,NaN,NaN
P08_opposed_20pct,B0,baseline,baseline,418,0.0417,1250,833.333333333333,10453.044447537,-11377.9185881683,10453.044447537,-11377.9185881683,0,0,0,0,0,0,0,NaN,NaN,NaN,NaN
P08_opposed_20pct,B0,baseline,baseline,419,0.0418,1250,833.333333333333,10546.6579016118,-11593.13937871,10546.6579016118,-11593.13937871,0,0,0,0,0,0,0,NaN,NaN,NaN,NaN
P08_opposed_20pct,B0,baseline,baseline,420,0.0419,1250,833.333333333333,10614.0184790108,-11625.3902080391,10614.0184790108,-11625.3902080391,0,0,0,0,0,0,0,NaN,NaN,NaN,NaN
P08_opposed_20pct,B0,baseline,baseline,421,0.042,1250,833.333333333333,10713.7689488935,-11653.4837473056,10713.7689488935,-11653.4837473056,0,0,0,0,0,0,0,NaN,NaN,NaN,NaN
P08_opposed_20pct,B0,baseline,baseline,422,0.0421,1250,833.333333333333,10722.5296571031,-11573.1703860693,10722.5296571031,-11573.1703860693,0,0,0,0,0,0,0,NaN,NaN,NaN,NaN
P08_opposed_20pct,B0,baseline,baseline,423,0.0422,1250,833.333333333333,10741.1648492976,-11501.7062554792,10741.1648492976,-11501.7062554792,0,0,0,0,0,0,0,NaN,NaN,NaN,NaN
P08_opposed_20pct,B0,baseline,baseline,424,0.0423,1250,833.333333333333,10724.2992534167,-11488.0563153163,10724.2992534167,-11488.0563153163,0,0,0,0,0,0,0,NaN,NaN,NaN,NaN
P08_opposed_20pct,B0,baseline,baseline,425,0.0424,1250,833.333333333333,10664.4087918171,-11449.3446896708,10664.4087918171,-11449.3446896708,0,0,0,0,0,0,0,NaN,NaN,NaN,NaN
P08_opposed_20pct,B0,baseline,baseline,426,0.0425,1250,833.333333333333,10656.4896532718,-11466.4219135555,10656.4896532718,-11466.4219135555,0,0,0,0,0,0,0,NaN,NaN,NaN,NaN
P08_opposed_20pct,B0,baseline,baseline,427,0.0426,1250,833.333333333333,10633.5663316298,-11477.1004781201,10633.5663316298,-11477.1004781201,0,0,0,0,0,0,0,NaN,NaN,NaN,NaN
P08_opposed_20pct,B0,baseline,baseline,428,0.0427,1250,833.333333333333,10675.8982157859,-11557.7878070282,10675.8982157859,-11557.7878070282,0,0,0,0,0,0,0,NaN,NaN,NaN,NaN
P08_opposed_20pct,B0,baseline,baseline,429,0.0428,1250,833.333333333333,10667.2897166038,-11556.9580820457,10667.2897166038,-11556.9580820457,0,0,0,0,0,0,0,NaN,NaN,NaN,NaN
P08_opposed_20pct,B0,baseline,baseline,430,0.0429,1250,833.333333333333,10642.4910674913,-11489.2360899341,10642.4910674913,-11489.2360899341,0,0,0,0,0,0,0,NaN,NaN,NaN,NaN
P08_opposed_20pct,B0,baseline,baseline,431,0.043,1250,833.333333333333,10594.6970697128,-11396.847214844,10594.6970697128,-11396.847214844,0,0,0,0,0,0,0,NaN,NaN,NaN,NaN
P08_opposed_20pct,B0,baseline,baseline,432,0.0431,1250,833.333333333333,10517.3936941159,-11288.5893123381,10517.3936941159,-11288.5893123381,0,0,0,0,0,0,0,NaN,NaN,NaN,NaN
P08_opposed_20pct,B0,baseline,baseline,433,0.0432,1250,833.333333333333,10551.2414243094,-11384.9796062471,10551.2414243094,-11384.9796062471,0,0,0,0,0,0,0,NaN,NaN,NaN,NaN
P08_opposed_20pct,B0,baseline,baseline,434,0.0433,1250,833.333333333333,10588.2567306414,-11515.3038063432,10588.2567306414,-11515.3038063432,0,0,0,0,0,0,0,NaN,NaN,NaN,NaN
P08_opposed_20pct,B0,baseline,baseline,435,0.0434,1250,833.333333333333,10595.5107634164,-11517.9598739831,10595.5107634164,-11517.9598739831,0,0,0,0,0,0,0,NaN,NaN,NaN,NaN
P08_opposed_20pct,B0,baseline,baseline,436,0.0435,1250,833.333333333333,10587.4673762429,-11434.1407691386,10587.4673762429,-11434.1407691386,0,0,0,0,0,0,0,NaN,NaN,NaN,NaN
P08_opposed_20pct,B0,baseline,baseline,437,0.0436,1250,833.333333333333,10504.7472467236,-11231.0289577041,10504.7472467236,-11231.0289577041,0,0,0,0,0,0,0,NaN,NaN,NaN,NaN
P08_opposed_20pct,B0,baseline,baseline,438,0.0437,1250,833.333333333333,10427.2610183263,-11104.2126786246,10427.2610183263,-11104.2126786246,0,0,0,0,0,0,0,NaN,NaN,NaN,NaN
P08_opposed_20pct,B0,baseline,baseline,439,0.0438,1250,833.333333333333,10331.4443580223,-11071.4512812375,10331.4443580223,-11071.4512812375,0,0,0,0,0,0,0,NaN,NaN,NaN,NaN
P08_opposed_20pct,B0,baseline,baseline,440,0.0439,1250,833.333333333333,10342.8824267955,-11211.4249158846,10342.8824267955,-11211.4249158846,0,0,0,0,0,0,0,NaN,NaN,NaN,NaN
P08_opposed_20pct,B0,baseline,baseline,441,0.044,1250,833.333333333333,10444.4100190915,-11465.7830711715,10444.4100190915,-11465.7830711715,0,0,0,0,0,0,0,NaN,NaN,NaN,NaN
P08_opposed_20pct,B0,baseline,baseline,442,0.0441,1250,833.333333333333,10551.9683431179,-11607.7050108679,10551.9683431179,-11607.7050108679,0,0,0,0,0,0,0,NaN,NaN,NaN,NaN
P08_opposed_20pct,B0,baseline,baseline,443,0.0442,1250,833.333333333333,10634.2792999743,-11598.0662731477,10634.2792999743,-11598.0662731477,0,0,0,0,0,0,0,NaN,NaN,NaN,NaN
P08_opposed_20pct,B0,baseline,baseline,444,0.0443,1250,833.333333333333,10628.5689625977,-11468.8818433663,10628.5689625977,-11468.8818433663,0,0,0,0,0,0,0,NaN,NaN,NaN,NaN
P08_opposed_20pct,B0,baseline,baseline,445,0.0444,1250,833.333333333333,10617.4246309128,-11369.4412437235,10617.4246309128,-11369.4412437235,0,0,0,0,0,0,0,NaN,NaN,NaN,NaN
P08_opposed_20pct,B0,baseline,baseline,446,0.0445,1250,833.333333333333,10643.7585099049,-11417.212663859,10643.7585099049,-11417.212663859,0,0,0,0,0,0,0,NaN,NaN,NaN,NaN
P08_opposed_20pct,B0,baseline,baseline,447,0.0446,1250,833.333333333333,10641.2660846785,-11480.8486222392,10641.2660846785,-11480.8486222392,0,0,0,0,0,0,0,NaN,NaN,NaN,NaN
P08_opposed_20pct,B0,baseline,baseline,448,0.0447,1250,833.333333333333,10630.5694314469,-11494.4637391744,10630.5694314469,-11494.4637391744,0,0,0,0,0,0,0,NaN,NaN,NaN,NaN
P08_opposed_20pct,B0,baseline,baseline,449,0.0448,1250,833.333333333333,10674.1161154995,-11564.7519094671,10674.1161154995,-11564.7519094671,0,0,0,0,0,0,0,NaN,NaN,NaN,NaN
P08_opposed_20pct,B0,baseline,baseline,450,0.0449,1250,833.333333333333,10669.6070093168,-11552.9930901927,10669.6070093168,-11552.9930901927,0,0,0,0,0,0,0,NaN,NaN,NaN,NaN
P08_opposed_20pct,B0,baseline,baseline,451,0.045,1250,833.333333333333,10645.5171750414,-11475.3327523721,10645.5171750414,-11475.3327523721,0,0,0,0,0,0,0,NaN,NaN,NaN,NaN
P08_opposed_20pct,B0,baseline,baseline,452,0.0451,1250,833.333333333333,10596.8074625916,-11388.1856370255,10596.8074625916,-11388.1856370255,0,0,0,0,0,0,0,NaN,NaN,NaN,NaN
P08_opposed_20pct,B0,baseline,baseline,453,0.0452,1250,833.333333333333,10518.3665068378,-11291.8480521108,10518.3665068378,-11291.8480521108,0,0,0,0,0,0,0,NaN,NaN,NaN,NaN
P08_opposed_20pct,B0,baseline,baseline,454,0.0453,1250,833.333333333333,10550.221777168,-11387.6347067521,10550.221777168,-11387.6347067521,0,0,0,0,0,0,0,NaN,NaN,NaN,NaN
P08_opposed_20pct,B0,baseline,baseline,455,0.0454,1250,833.333333333333,10585.9599262832,-11511.4284881162,10585.9599262832,-11511.4284881162,0,0,0,0,0,0,0,NaN,NaN,NaN,NaN
P08_opposed_20pct,B0,baseline,baseline,456,0.0455,1250,833.333333333333,10590.7419748125,-11507.2542798936,10590.7419748125,-11507.2542798936,0,0,0,0,0,0,0,NaN,NaN,NaN,NaN
P08_opposed_20pct,B0,baseline,baseline,457,0.0456,1250,833.333333333333,10582.6322307868,-11420.5894412533,10582.6322307868,-11420.5894412533,0,0,0,0,0,0,0,NaN,NaN,NaN,NaN
P08_opposed_20pct,B0,baseline,baseline,458,0.0457,1250,833.333333333333,10505.3729627265,-11219.8618372537,10505.3729627265,-11219.8618372537,0,0,0,0,0,0,0,NaN,NaN,NaN,NaN
P08_opposed_20pct,B0,baseline,baseline,459,0.0458,1250,833.333333333333,10423.1690348661,-11115.8938718491,10423.1690348661,-11115.8938718491,0,0,0,0,0,0,0,NaN,NaN,NaN,NaN
P08_opposed_20pct,B0,baseline,baseline,460,0.0459,1250,833.333333333333,10384.3360569594,-11184.3335612053,10384.3360569594,-11184.3335612053,0,0,0,0,0,0,0,NaN,NaN,NaN,NaN
P08_opposed_20pct,B0,baseline,baseline,461,0.046,1250,833.333333333333,10364.4762069972,-11279.877576926,10364.4762069972,-11279.877576926,0,0,0,0,0,0,0,NaN,NaN,NaN,NaN
P08_opposed_20pct,B0,baseline,baseline,462,0.0461,1250,833.333333333333,10417.8483865373,-11408.6211432069,10417.8483865373,-11408.6211432069,0,0,0,0,0,0,0,NaN,NaN,NaN,NaN
P08_opposed_20pct,B0,baseline,baseline,463,0.0462,1250,833.333333333333,10547.0059285916,-11546.7501010024,10547.0059285916,-11546.7501010024,0,0,0,0,0,0,0,NaN,NaN,NaN,NaN
P08_opposed_20pct,B0,baseline,baseline,464,0.0463,1250,833.333333333333,10619.4638107242,-11567.7021563055,10619.4638107242,-11567.7021563055,0,0,0,0,0,0,0,NaN,NaN,NaN,NaN
P08_opposed_20pct,B0,baseline,baseline,465,0.0464,1250,833.333333333333,10671.6373201523,-11550.0716367006,10671.6373201523,-11550.0716367006,0,0,0,0,0,0,0,NaN,NaN,NaN,NaN
P08_opposed_20pct,B0,baseline,baseline,466,0.0465,1250,833.333333333333,10672.2520239634,-11482.1515216905,10672.2520239634,-11482.1515216905,0,0,0,0,0,0,0,NaN,NaN,NaN,NaN
P08_opposed_20pct,B0,baseline,baseline,467,0.0466,1250,833.333333333333,10639.8691825091,-11407.4968502019,10639.8691825091,-11407.4968502019,0,0,0,0,0,0,0,NaN,NaN,NaN,NaN
P08_opposed_20pct,B0,baseline,baseline,468,0.0467,1250,833.333333333333,10652.5321913564,-11440.0346036973,10652.5321913564,-11440.0346036973,0,0,0,0,0,0,0,NaN,NaN,NaN,NaN
P08_opposed_20pct,B0,baseline,baseline,469,0.0468,1250,833.333333333333,10639.8250770148,-11479.0178242931,10639.8250770148,-11479.0178242931,0,0,0,0,0,0,0,NaN,NaN,NaN,NaN
P08_opposed_20pct,B0,baseline,baseline,470,0.0469,1250,833.333333333333,10680.1720288579,-11568.5931685245,10680.1720288579,-11568.5931685245,0,0,0,0,0,0,0,NaN,NaN,NaN,NaN
P08_opposed_20pct,B0,baseline,baseline,471,0.047,1250,833.333333333333,10668.9086998456,-11564.2786185911,10668.9086998456,-11564.2786185911,0,0,0,0,0,0,0,NaN,NaN,NaN,NaN
P08_opposed_20pct,B0,baseline,baseline,472,0.0471,1250,833.333333333333,10642.1547391624,-11487.2965030079,10642.1547391624,-11487.2965030079,0,0,0,0,0,0,0,NaN,NaN,NaN,NaN
P08_opposed_20pct,B0,baseline,baseline,473,0.0472,1250,833.333333333333,10595.5662105243,-11390.9028603599,10595.5662105243,-11390.9028603599,0,0,0,0,0,0,0,NaN,NaN,NaN,NaN
P08_opposed_20pct,B0,baseline,baseline,474,0.0473,1250,833.333333333333,10521.4342813788,-11286.939169626,10521.4342813788,-11286.939169626,0,0,0,0,0,0,0,NaN,NaN,NaN,NaN
P08_opposed_20pct,B0,baseline,baseline,475,0.0474,1250,833.333333333333,10550.5982820599,-11380.4050136496,10550.5982820599,-11380.4050136496,0,0,0,0,0,0,0,NaN,NaN,NaN,NaN
P08_opposed_20pct,B0,baseline,baseline,476,0.0475,1250,833.333333333333,10581.8583455142,-11502.6221472934,10581.8583455142,-11502.6221472934,0,0,0,0,0,0,0,NaN,NaN,NaN,NaN
P08_opposed_20pct,B0,baseline,baseline,477,0.0476,1250,833.333333333333,10585.1092345125,-11497.2167902851,10585.1092345125,-11497.2167902851,0,0,0,0,0,0,0,NaN,NaN,NaN,NaN
P08_opposed_20pct,B0,baseline,baseline,478,0.0477,1250,833.333333333333,10578.095440935,-11410.1181069841,10578.095440935,-11410.1181069841,0,0,0,0,0,0,0,NaN,NaN,NaN,NaN
P08_opposed_20pct,B0,baseline,baseline,479,0.0478,1250,833.333333333333,10503.6109270912,-11216.063550221,10503.6109270912,-11216.063550221,0,0,0,0,0,0,0,NaN,NaN,NaN,NaN
P08_opposed_20pct,B0,baseline,baseline,480,0.0479,1250,833.333333333333,10425.7540261022,-11115.6356920856,10425.7540261022,-11115.6356920856,0,0,0,0,0,0,0,NaN,NaN,NaN,NaN
P08_opposed_20pct,B0,baseline,baseline,481,0.048,1250,833.333333333333,10404.5692697507,-11208.0184081499,10404.5692697507,-11208.0184081499,0,0,0,0,0,0,0,NaN,NaN,NaN,NaN
P08_opposed_20pct,B0,baseline,baseline,482,0.0481,1250,833.333333333333,10401.0336408257,-11332.7084526386,10401.0336408257,-11332.7084526386,0,0,0,0,0,0,0,NaN,NaN,NaN,NaN
P08_opposed_20pct,B0,baseline,baseline,483,0.0482,1250,833.333333333333,10461.6315976053,-11463.7369529244,10461.6315976053,-11463.7369529244,0,0,0,0,0,0,0,NaN,NaN,NaN,NaN
P08_opposed_20pct,B0,baseline,baseline,484,0.0483,1250,833.333333333333,10588.0010144996,-11589.6350628578,10588.0010144996,-11589.6350628578,0,0,0,0,0,0,0,NaN,NaN,NaN,NaN
P08_opposed_20pct,B0,baseline,baseline,485,0.0484,1250,833.333333333333,10645.4123417411,-11581.1249714977,10645.4123417411,-11581.1249714977,0,0,0,0,0,0,0,NaN,NaN,NaN,NaN
P08_opposed_20pct,B0,baseline,baseline,486,0.0485,1250,833.333333333333,10688.8469590869,-11544.6543999581,10688.8469590869,-11544.6543999581,0,0,0,0,0,0,0,NaN,NaN,NaN,NaN
P08_opposed_20pct,B0,baseline,baseline,487,0.0486,1250,833.333333333333,10685.4342042915,-11483.9285957135,10685.4342042915,-11483.9285957135,0,0,0,0,0,0,0,NaN,NaN,NaN,NaN
P08_opposed_20pct,B0,baseline,baseline,488,0.0487,1250,833.333333333333,10645.9293006971,-11412.3281042545,10645.9293006971,-11412.3281042545,0,0,0,0,0,0,0,NaN,NaN,NaN,NaN
P08_opposed_20pct,B0,baseline,baseline,489,0.0488,1250,833.333333333333,10654.6554327873,-11445.6726665757,10654.6554327873,-11445.6726665757,0,0,0,0,0,0,0,NaN,NaN,NaN,NaN
P08_opposed_20pct,B0,baseline,baseline,490,0.0489,1250,833.333333333333,10638.8019218747,-11482.1594201565,10638.8019218747,-11482.1594201565,0,0,0,0,0,0,0,NaN,NaN,NaN,NaN
P08_opposed_20pct,B0,baseline,baseline,491,0.049,1250,833.333333333333,10676.3059654034,-11566.6883517273,10676.3059654034,-11566.6883517273,0,0,0,0,0,0,0,NaN,NaN,NaN,NaN
P08_opposed_20pct,B0,baseline,baseline,492,0.0491,1250,833.333333333333,10664.692634055,-11560.7937608517,10664.692634055,-11560.7937608517,0,0,0,0,0,0,0,NaN,NaN,NaN,NaN
P08_opposed_20pct,B0,baseline,baseline,493,0.0492,1250,833.333333333333,10638.2904735614,-11485.8755505235,10638.2904735614,-11485.8755505235,0,0,0,0,0,0,0,NaN,NaN,NaN,NaN
P08_opposed_20pct,B0,baseline,baseline,494,0.0493,1250,833.333333333333,10593.2967985126,-11392.9593486088,10593.2967985126,-11392.9593486088,0,0,0,0,0,0,0,NaN,NaN,NaN,NaN
P08_opposed_20pct,B0,baseline,baseline,495,0.0494,1250,833.333333333333,10521.819490777,-11290.4613255993,10521.819490777,-11290.4613255993,0,0,0,0,0,0,0,NaN,NaN,NaN,NaN
P08_opposed_20pct,B0,baseline,baseline,496,0.0495,1250,833.333333333333,10549.6604592448,-11378.6602159504,10549.6604592448,-11378.6602159504,0,0,0,0,0,0,0,NaN,NaN,NaN,NaN
P08_opposed_20pct,B0,baseline,baseline,497,0.0496,1250,833.333333333333,10578.9376375853,-11494.4499061653,10578.9376375853,-11494.4499061653,0,0,0,0,0,0,0,NaN,NaN,NaN,NaN
P08_opposed_20pct,B0,baseline,baseline,498,0.0497,1250,833.333333333333,10580.8485016581,-11484.94692734,10580.8485016581,-11484.94692734,0,0,0,0,0,0,0,NaN,NaN,NaN,NaN
P08_opposed_20pct,B0,baseline,baseline,499,0.0498,1250,833.333333333333,10574.4538188708,-11396.6007897434,10574.4538188708,-11396.6007897434,0,0,0,0,0,0,0,NaN,NaN,NaN,NaN
P08_opposed_20pct,B0,baseline,baseline,500,0.0499,1250,833.333333333333,10493.0729618459,-11226.3900366903,10493.0729618459,-11226.3900366903,0,0,0,0,0,0,0,NaN,NaN,NaN,NaN
P08_opposed_20pct,B0,baseline,baseline,501,0.05,1250,833.333333333333,10410.9790205357,-11136.0787241848,10410.9790205357,-11136.0787241848,0,0,0,0,0,0,0,NaN,NaN,NaN,NaN
P08_opposed_20pct,B0,baseline,baseline,502,0.0501,1250,833.333333333333,10408.6721649183,-11233.881511284,10408.6721649183,-11233.881511284,0,0,0,0,0,0,0,NaN,NaN,NaN,NaN
P08_opposed_20pct,B0,baseline,baseline,503,0.0502,1250,833.333333333333,10427.3595139872,-11369.6445011043,10427.3595139872,-11369.6445011043,0,0,0,0,0,0,0,NaN,NaN,NaN,NaN
P08_opposed_20pct,B0,baseline,baseline,504,0.0503,1250,833.333333333333,10507.4289777159,-11494.0283483548,10507.4289777159,-11494.0283483548,0,0,0,0,0,0,0,NaN,NaN,NaN,NaN
P08_opposed_20pct,B0,baseline,baseline,505,0.0504,1250,833.333333333333,10635.8793253192,-11624.8667547228,10635.8793253192,-11624.8667547228,0,0,0,0,0,0,0,NaN,NaN,NaN,NaN
P08_opposed_20pct,B0,baseline,baseline,506,0.0505,1250,833.333333333333,10675.2222768111,-11609.9644436647,10675.2222768111,-11609.9644436647,0,0,0,0,0,0,0,NaN,NaN,NaN,NaN
P08_opposed_20pct,B0,baseline,baseline,507,0.0506,1250,833.333333333333,10710.022363612,-11551.4454285984,10710.022363612,-11551.4454285984,0,0,0,0,0,0,0,NaN,NaN,NaN,NaN
P08_opposed_20pct,B0,baseline,baseline,508,0.0507,1250,833.333333333333,10701.0928607142,-11485.927655931,10701.0928607142,-11485.927655931,0,0,0,0,0,0,0,NaN,NaN,NaN,NaN
P08_opposed_20pct,B0,baseline,baseline,509,0.0508,1250,833.333333333333,10654.0833128134,-11410.0684188999,10654.0833128134,-11410.0684188999,0,0,0,0,0,0,0,NaN,NaN,NaN,NaN
P08_opposed_20pct,B0,baseline,baseline,510,0.0509,1250,833.333333333333,10659.1187478747,-11446.3803356103,10659.1187478747,-11446.3803356103,0,0,0,0,0,0,0,NaN,NaN,NaN,NaN
P08_opposed_20pct,B0,baseline,baseline,511,0.051,1250,833.333333333333,10639.892748688,-11485.0456098919,10639.892748688,-11485.0456098919,0,0,0,0,0,0,0,NaN,NaN,NaN,NaN
P08_opposed_20pct,B0,baseline,baseline,512,0.0511,1250,833.333333333333,10674.2436867095,-11567.3911771386,10674.2436867095,-11567.3911771386,0,0,0,0,0,0,0,NaN,NaN,NaN,NaN
P08_opposed_20pct,B0,baseline,baseline,513,0.0512,1250,833.333333333333,10661.7418993967,-11559.1610233752,10661.7418993967,-11559.1610233752,0,0,0,0,0,0,0,NaN,NaN,NaN,NaN
P08_opposed_20pct,B0,baseline,baseline,514,0.0513,1250,833.333333333333,10635.2935750111,-11483.6516996759,10635.2935750111,-11483.6516996759,0,0,0,0,0,0,0,NaN,NaN,NaN,NaN
P08_opposed_20pct,B0,baseline,baseline,515,0.0514,1250,833.333333333333,10591.8551028592,-11392.9476448802,10591.8551028592,-11392.9476448802,0,0,0,0,0,0,0,NaN,NaN,NaN,NaN
P08_opposed_20pct,B0,baseline,baseline,516,0.0515,1250,833.333333333333,10522.9058694307,-11292.4840469207,10522.9058694307,-11292.4840469207,0,0,0,0,0,0,0,NaN,NaN,NaN,NaN
P08_opposed_20pct,B0,baseline,baseline,517,0.0516,1250,833.333333333333,10549.2262027388,-11376.5333362477,10549.2262027388,-11376.5333362477,0,0,0,0,0,0,0,NaN,NaN,NaN,NaN
P08_opposed_20pct,B0,baseline,baseline,518,0.0517,1250,833.333333333333,10576.3867061133,-11486.3711745466,10576.3867061133,-11486.3711745466,0,0,0,0,0,0,0,NaN,NaN,NaN,NaN
P08_opposed_20pct,B0,baseline,baseline,519,0.0518,1250,833.333333333333,10576.9282822824,-11472.4097873595,10576.9282822824,-11472.4097873595,0,0,0,0,0,0,0,NaN,NaN,NaN,NaN
P08_opposed_20pct,B0,baseline,baseline,520,0.0519,1250,833.333333333333,10571.4030188974,-11382.2977651139,10571.4030188974,-11382.2977651139,0,0,0,0,0,0,0,NaN,NaN,NaN,NaN
P08_opposed_20pct,B0,baseline,baseline,521,0.052,1250,833.333333333333,10483.4872741585,-11236.2640992078,10483.4872741585,-11236.2640992078,0,0,0,0,0,0,0,NaN,NaN,NaN,NaN
P08_opposed_20pct,B0,baseline,baseline,522,0.0521,1250,833.333333333333,10397.3255432685,-11155.8766428459,10397.3255432685,-11155.8766428459,0,0,0,0,0,0,0,NaN,NaN,NaN,NaN
P08_opposed_20pct,B0,baseline,baseline,523,0.0522,1250,833.333333333333,10413.7971131362,-11259.240431871,10413.7971131362,-11259.240431871,0,0,0,0,0,0,0,NaN,NaN,NaN,NaN
P08_opposed_20pct,B0,baseline,baseline,524,0.0523,1250,833.333333333333,10454.4823179467,-11406.7732635497,10454.4823179467,-11406.7732635497,0,0,0,0,0,0,0,NaN,NaN,NaN,NaN
P08_opposed_20pct,B0,baseline,baseline,525,0.0524,1250,833.333333333333,10553.6926057437,-11524.8705297528,10553.6926057437,-11524.8705297528,0,0,0,0,0,0,0,NaN,NaN,NaN,NaN
P08_opposed_20pct,B0,baseline,baseline,526,0.0525,1250,833.333333333333,10683.8497778885,-11661.7268851683,10683.8497778885,-11661.7268851683,0,0,0,0,0,0,0,NaN,NaN,NaN,NaN
P08_opposed_20pct,B0,baseline,baseline,527,0.0526,1250,833.333333333333,10704.7209907815,-11640.554537979,10704.7209907815,-11640.554537979,0,0,0,0,0,0,0,NaN,NaN,NaN,NaN
P08_opposed_20pct,B0,baseline,baseline,528,0.0527,1250,833.333333333333,10730.4297106008,-11559.2131728634,10730.4297106008,-11559.2131728634,0,0,0,0,0,0,0,NaN,NaN,NaN,NaN
P08_opposed_20pct,B0,baseline,baseline,529,0.0528,1250,833.333333333333,10715.6797544372,-11488.6187507603,10715.6797544372,-11488.6187507603,0,0,0,0,0,0,0,NaN,NaN,NaN,NaN
P08_opposed_20pct,B0,baseline,baseline,530,0.0529,1250,833.333333333333,10661.0418928154,-11408.0716815104,10661.0418928154,-11408.0716815104,0,0,0,0,0,0,0,NaN,NaN,NaN,NaN
P08_opposed_20pct,B0,baseline,baseline,531,0.053,1250,833.333333333333,10662.3376584709,-11447.5006509379,10662.3376584709,-11447.5006509379,0,0,0,0,0,0,0,NaN,NaN,NaN,NaN
P08_opposed_20pct,B0,baseline,baseline,532,0.0531,1250,833.333333333333,10696.3851630577,-11580.0793880045,10696.3851630577,-11580.0793880045,0,0,0,0,0,0,0,NaN,NaN,NaN,NaN
P08_opposed_20pct,B0,baseline,baseline,533,0.0532,1250,833.333333333333,10681.0064240606,-11588.0464054499,10681.0064240606,-11588.0464054499,0,0,0,0,0,0,0,NaN,NaN,NaN,NaN
P08_opposed_20pct,B0,baseline,baseline,534,0.0533,1250,833.333333333333,10650.4052169598,-11501.5638707649,10650.4052169598,-11501.5638707649,0,0,0,0,0,0,0,NaN,NaN,NaN,NaN
P08_opposed_20pct,B0,baseline,baseline,535,0.0534,1250,833.333333333333,10597.9292567881,-11392.2551321012,10597.9292567881,-11392.2551321012,0,0,0,0,0,0,0,NaN,NaN,NaN,NaN
P08_opposed_20pct,B0,baseline,baseline,536,0.0535,1250,833.333333333333,10516.9627276321,-11276.263077034,10516.9627276321,-11276.263077034,0,0,0,0,0,0,0,NaN,NaN,NaN,NaN
P08_opposed_20pct,B0,baseline,baseline,537,0.0536,1250,833.333333333333,10550.757056532,-11377.6808350056,10550.757056532,-11377.6808350056,0,0,0,0,0,0,0,NaN,NaN,NaN,NaN
P08_opposed_20pct,B0,baseline,baseline,538,0.0537,1250,833.333333333333,10586.9845870701,-11519.7353735416,10586.9845870701,-11519.7353735416,0,0,0,0,0,0,0,NaN,NaN,NaN,NaN
P08_opposed_20pct,B0,baseline,baseline,539,0.0538,1250,833.333333333333,10538.8236537098,-11438.2267419261,10538.8236537098,-11438.2267419261,0,0,0,0,0,0,0,NaN,NaN,NaN,NaN
P08_opposed_20pct,B0,baseline,baseline,540,0.0539,1250,833.333333333333,10466.8768988681,-11260.7006438559,10466.8768988681,-11260.7006438559,0,0,0,0,0,0,0,NaN,NaN,NaN,NaN
P08_opposed_20pct,B0,baseline,baseline,541,0.054,1250,833.333333333333,10369.9199677433,-11116.0619872803,10369.9199677433,-11116.0619872803,0,0,0,0,0,0,0,NaN,NaN,NaN,NaN
P08_opposed_20pct,B0,baseline,baseline,542,0.0541,1250,833.333333333333,10339.8509846232,-11123.672174222,10339.8509846232,-11123.672174222,0,0,0,0,0,0,0,NaN,NaN,NaN,NaN
P08_opposed_20pct,B0,baseline,baseline,543,0.0542,1250,833.333333333333,10453.044447537,-11377.9185881682,10453.044447537,-11377.9185881682,0,0,0,0,0,0,0,NaN,NaN,NaN,NaN
P08_opposed_20pct,B0,baseline,baseline,544,0.0543,1250,833.333333333333,10546.657901612,-11593.1393787102,10546.657901612,-11593.1393787102,0,0,0,0,0,0,0,NaN,NaN,NaN,NaN
P08_opposed_20pct,B0,baseline,baseline,545,0.0544,1250,833.333333333333,10614.0184790113,-11625.3902080398,10614.0184790113,-11625.3902080398,0,0,0,0,0,0,0,NaN,NaN,NaN,NaN
P08_opposed_20pct,B0,baseline,baseline,546,0.0545,1250,833.333333333333,10713.768948894,-11653.4837473065,10713.768948894,-11653.4837473065,0,0,0,0,0,0,0,NaN,NaN,NaN,NaN
P08_opposed_20pct,B0,baseline,baseline,547,0.0546,1250,833.333333333333,10722.5296571034,-11573.1703860697,10722.5296571034,-11573.1703860697,0,0,0,0,0,0,0,NaN,NaN,NaN,NaN
P08_opposed_20pct,B0,baseline,baseline,548,0.0547,1250,833.333333333333,10741.1648492978,-11501.7062554792,10741.1648492978,-11501.7062554792,0,0,0,0,0,0,0,NaN,NaN,NaN,NaN
P08_opposed_20pct,B0,baseline,baseline,549,0.0548,1250,833.333333333333,10724.299253417,-11488.0563153162,10724.299253417,-11488.0563153162,0,0,0,0,0,0,0,NaN,NaN,NaN,NaN
P08_opposed_20pct,B0,baseline,baseline,550,0.0549,1250,833.333333333333,10664.4087918173,-11449.3446896707,10664.4087918173,-11449.3446896707,0,0,0,0,0,0,0,NaN,NaN,NaN,NaN
P08_opposed_20pct,B0,baseline,baseline,551,0.055,1250,833.333333333333,10656.489653272,-11466.4219135555,10656.489653272,-11466.4219135555,0,0,0,0,0,0,0,NaN,NaN,NaN,NaN
P08_opposed_20pct,B0,baseline,baseline,552,0.0551,1250,833.333333333333,10633.56633163,-11477.1004781202,10633.56633163,-11477.1004781202,0,0,0,0,0,0,0,NaN,NaN,NaN,NaN
P08_opposed_20pct,B0,baseline,baseline,553,0.0552,1250,833.333333333333,10675.8982157859,-11557.7878070282,10675.8982157859,-11557.7878070282,0,0,0,0,0,0,0,NaN,NaN,NaN,NaN
P08_opposed_20pct,B0,baseline,baseline,554,0.0553,1250,833.333333333333,10667.2897166038,-11556.9580820456,10667.2897166038,-11556.9580820456,0,0,0,0,0,0,0,NaN,NaN,NaN,NaN
P08_opposed_20pct,B0,baseline,baseline,555,0.0554,1250,833.333333333333,10642.4910674913,-11489.2360899341,10642.4910674913,-11489.2360899341,0,0,0,0,0,0,0,NaN,NaN,NaN,NaN
P08_opposed_20pct,B0,baseline,baseline,556,0.0555,1250,833.333333333333,10594.6970697128,-11396.8472148442,10594.6970697128,-11396.8472148442,0,0,0,0,0,0,0,NaN,NaN,NaN,NaN
P08_opposed_20pct,B0,baseline,baseline,557,0.0556,1250,833.333333333333,10517.393694116,-11288.5893123383,10517.393694116,-11288.5893123383,0,0,0,0,0,0,0,NaN,NaN,NaN,NaN
P08_opposed_20pct,B0,baseline,baseline,558,0.0557,1250,833.333333333333,10551.2414243094,-11384.979606247,10551.2414243094,-11384.979606247,0,0,0,0,0,0,0,NaN,NaN,NaN,NaN
P08_opposed_20pct,B0,baseline,baseline,559,0.0558,1250,833.333333333333,10588.2567306413,-11515.3038063429,10588.2567306413,-11515.3038063429,0,0,0,0,0,0,0,NaN,NaN,NaN,NaN
P08_opposed_20pct,B0,baseline,baseline,560,0.0559,1250,833.333333333333,10595.5107634162,-11517.9598739827,10595.5107634162,-11517.9598739827,0,0,0,0,0,0,0,NaN,NaN,NaN,NaN
P08_opposed_20pct,B0,baseline,baseline,561,0.056,1250,833.333333333333,10587.4673762427,-11434.1407691382,10587.4673762427,-11434.1407691382,0,0,0,0,0,0,0,NaN,NaN,NaN,NaN
P08_opposed_20pct,B0,baseline,baseline,562,0.0561,1250,833.333333333333,10504.7472467236,-11231.0289577037,10504.7472467236,-11231.0289577037,0,0,0,0,0,0,0,NaN,NaN,NaN,NaN
P08_opposed_20pct,B0,baseline,baseline,563,0.0562,1250,833.333333333333,10427.261018326,-11104.2126786253,10427.261018326,-11104.2126786253,0,0,0,0,0,0,0,NaN,NaN,NaN,NaN
P08_opposed_20pct,B0,baseline,baseline,564,0.0563,1250,833.333333333333,10331.4443580219,-11071.4512812384,10331.4443580219,-11071.4512812384,0,0,0,0,0,0,0,NaN,NaN,NaN,NaN
P08_opposed_20pct,B0,baseline,baseline,565,0.0564,1250,833.333333333333,10342.8824267958,-11211.4249158856,10342.8824267958,-11211.4249158856,0,0,0,0,0,0,0,NaN,NaN,NaN,NaN
P08_opposed_20pct,B0,baseline,baseline,566,0.0565,1250,833.333333333333,10444.4100190927,-11465.7830711734,10444.4100190927,-11465.7830711734,0,0,0,0,0,0,0,NaN,NaN,NaN,NaN
P08_opposed_20pct,B0,baseline,baseline,567,0.0566,1250,833.333333333333,10551.9683431198,-11607.7050108697,10551.9683431198,-11607.7050108697,0,0,0,0,0,0,0,NaN,NaN,NaN,NaN
P08_opposed_20pct,B0,baseline,baseline,568,0.0567,1250,833.333333333333,10634.2792999761,-11598.0662731492,10634.2792999761,-11598.0662731492,0,0,0,0,0,0,0,NaN,NaN,NaN,NaN
P08_opposed_20pct,B0,baseline,baseline,569,0.0568,1250,833.333333333333,10628.5689625986,-11468.8818433671,10628.5689625986,-11468.8818433671,0,0,0,0,0,0,0,NaN,NaN,NaN,NaN
P08_opposed_20pct,B0,baseline,baseline,570,0.0569,1250,833.333333333333,10617.4246309133,-11369.4412437231,10617.4246309133,-11369.4412437231,0,0,0,0,0,0,0,NaN,NaN,NaN,NaN
P08_opposed_20pct,B0,baseline,baseline,571,0.057,1250,833.333333333333,10643.7585099054,-11417.2126638588,10643.7585099054,-11417.2126638588,0,0,0,0,0,0,0,NaN,NaN,NaN,NaN
P08_opposed_20pct,B0,baseline,baseline,572,0.0571,1250,833.333333333333,10641.2660846789,-11480.8486222394,10641.2660846789,-11480.8486222394,0,0,0,0,0,0,0,NaN,NaN,NaN,NaN
P08_opposed_20pct,B0,baseline,baseline,573,0.0572,1250,833.333333333333,10630.569431447,-11494.4637391747,10630.569431447,-11494.4637391747,0,0,0,0,0,0,0,NaN,NaN,NaN,NaN
P08_opposed_20pct,B0,baseline,baseline,574,0.0573,1250,833.333333333333,10674.1161154995,-11564.7519094672,10674.1161154995,-11564.7519094672,0,0,0,0,0,0,0,NaN,NaN,NaN,NaN
P08_opposed_20pct,B0,baseline,baseline,575,0.0574,1250,833.333333333333,10669.6070093167,-11552.9930901926,10669.6070093167,-11552.9930901926,0,0,0,0,0,0,0,NaN,NaN,NaN,NaN
P08_opposed_20pct,B0,baseline,baseline,576,0.0575,1250,833.333333333333,10645.5171750413,-11475.332752372,10645.5171750413,-11475.332752372,0,0,0,0,0,0,0,NaN,NaN,NaN,NaN
P08_opposed_20pct,B0,baseline,baseline,577,0.0576,1250,833.333333333333,10596.8074625915,-11388.1856370255,10596.8074625915,-11388.1856370255,0,0,0,0,0,0,0,NaN,NaN,NaN,NaN
P08_opposed_20pct,B0,baseline,baseline,578,0.0577,1250,833.333333333333,10518.3665068378,-11291.8480521108,10518.3665068378,-11291.8480521108,0,0,0,0,0,0,0,NaN,NaN,NaN,NaN
P08_opposed_20pct,B0,baseline,baseline,579,0.0578,1250,833.333333333333,10550.221777168,-11387.6347067521,10550.221777168,-11387.6347067521,0,0,0,0,0,0,0,NaN,NaN,NaN,NaN
P08_opposed_20pct,B0,baseline,baseline,580,0.0579,1250,833.333333333333,10585.9599262831,-11511.428488116,10585.9599262831,-11511.428488116,0,0,0,0,0,0,0,NaN,NaN,NaN,NaN
P08_opposed_20pct,B0,baseline,baseline,581,0.058,1250,833.333333333333,10590.7419748124,-11507.2542798933,10590.7419748124,-11507.2542798933,0,0,0,0,0,0,0,NaN,NaN,NaN,NaN
P08_opposed_20pct,B0,baseline,baseline,582,0.0581,1250,833.333333333333,10582.6322307866,-11420.5894412529,10582.6322307866,-11420.5894412529,0,0,0,0,0,0,0,NaN,NaN,NaN,NaN
P08_opposed_20pct,B0,baseline,baseline,583,0.0582,1250,833.333333333333,10505.3729627265,-11219.8618372534,10505.3729627265,-11219.8618372534,0,0,0,0,0,0,0,NaN,NaN,NaN,NaN
P08_opposed_20pct,B0,baseline,baseline,584,0.0583,1250,833.333333333333,10423.1690348663,-11115.8938718488,10423.1690348663,-11115.8938718488,0,0,0,0,0,0,0,NaN,NaN,NaN,NaN
P08_opposed_20pct,B0,baseline,baseline,585,0.0584,1250,833.333333333333,10384.3360569601,-11184.3335612059,10384.3360569601,-11184.3335612059,0,0,0,0,0,0,0,NaN,NaN,NaN,NaN
P08_opposed_20pct,B0,baseline,baseline,586,0.0585,1250,833.333333333333,10364.4762069983,-11279.8775769277,10364.4762069983,-11279.8775769277,0,0,0,0,0,0,0,NaN,NaN,NaN,NaN
P08_opposed_20pct,B0,baseline,baseline,587,0.0586,1250,833.333333333333,10417.8483865385,-11408.6211432087,10417.8483865385,-11408.6211432087,0,0,0,0,0,0,0,NaN,NaN,NaN,NaN
P08_opposed_20pct,B0,baseline,baseline,588,0.0587,1250,833.333333333333,10547.0059285926,-11546.7501010038,10547.0059285926,-11546.7501010038,0,0,0,0,0,0,0,NaN,NaN,NaN,NaN
P08_opposed_20pct,B0,baseline,baseline,589,0.0588,1250,833.333333333333,10619.4638107249,-11567.7021563058,10619.4638107249,-11567.7021563058,0,0,0,0,0,0,0,NaN,NaN,NaN,NaN
P08_opposed_20pct,B0,baseline,baseline,590,0.0589,1250,833.333333333333,10671.6373201528,-11550.0716367003,10671.6373201528,-11550.0716367003,0,0,0,0,0,0,0,NaN,NaN,NaN,NaN
P08_opposed_20pct,B0,baseline,baseline,591,0.059,1250,833.333333333333,10672.2520239638,-11482.1515216906,10672.2520239638,-11482.1515216906,0,0,0,0,0,0,0,NaN,NaN,NaN,NaN
P08_opposed_20pct,B0,baseline,baseline,592,0.0591,1250,833.333333333333,10639.8691825093,-11407.4968502022,10639.8691825093,-11407.4968502022,0,0,0,0,0,0,0,NaN,NaN,NaN,NaN
P08_opposed_20pct,B0,baseline,baseline,593,0.0592,1250,833.333333333333,10652.5321913564,-11440.0346036976,10652.5321913564,-11440.0346036976,0,0,0,0,0,0,0,NaN,NaN,NaN,NaN
P08_opposed_20pct,B0,baseline,baseline,594,0.0593,1250,833.333333333333,10639.8250770147,-11479.0178242933,10639.8250770147,-11479.0178242933,0,0,0,0,0,0,0,NaN,NaN,NaN,NaN
P08_opposed_20pct,B0,baseline,baseline,595,0.0594,1250,833.333333333333,10680.1720288578,-11568.5931685244,10680.1720288578,-11568.5931685244,0,0,0,0,0,0,0,NaN,NaN,NaN,NaN
P08_opposed_20pct,B0,baseline,baseline,596,0.0595,1250,833.333333333333,10668.9086998454,-11564.278618591,10668.9086998454,-11564.278618591,0,0,0,0,0,0,0,NaN,NaN,NaN,NaN
P08_opposed_20pct,B0,baseline,baseline,597,0.0596,1250,833.333333333333,10642.1547391622,-11487.2965030079,10642.1547391622,-11487.2965030079,0,0,0,0,0,0,0,NaN,NaN,NaN,NaN
P08_opposed_20pct,B0,baseline,baseline,598,0.0597,1250,833.333333333333,10595.5662105241,-11390.9028603601,10595.5662105241,-11390.9028603601,0,0,0,0,0,0,0,NaN,NaN,NaN,NaN
P08_opposed_20pct,B0,baseline,baseline,599,0.0598,1250,833.333333333333,10521.4342813786,-11286.9391696262,10521.4342813786,-11286.9391696262,0,0,0,0,0,0,0,NaN,NaN,NaN,NaN
P08_opposed_20pct,B0,baseline,baseline,600,0.0599,1250,833.333333333333,10550.5982820598,-11380.4050136496,10550.5982820598,-11380.4050136496,0,0,0,0,0,0,0,NaN,NaN,NaN,NaN
P08_opposed_20pct,B0,baseline,baseline,601,0.06,1250,833.333333333333,10581.8583455141,-11502.6221472933,10581.8583455141,-11502.6221472933,0,0,0,0,0,0,0,NaN,NaN,NaN,NaN
P08_opposed_20pct,B0,baseline,baseline,602,0.0601,1250,833.333333333333,10585.1092345125,-11497.2167902849,10585.1092345125,-11497.2167902849,0,0,0,0,0,0,0,NaN,NaN,NaN,NaN
P08_opposed_20pct,B0,baseline,baseline,603,0.0602,1250,833.333333333333,10578.095440935,-11410.1181069839,10578.095440935,-11410.1181069839,0,0,0,0,0,0,0,NaN,NaN,NaN,NaN
P08_opposed_20pct,B0,baseline,baseline,604,0.0603,1250,833.333333333333,10503.6109270911,-11216.0635502212,10503.6109270911,-11216.0635502212,0,0,0,0,0,0,0,NaN,NaN,NaN,NaN
P08_opposed_20pct,B0,baseline,baseline,605,0.0604,1250,833.333333333333,10425.7540261019,-11115.6356920858,10425.7540261019,-11115.6356920858,0,0,0,0,0,0,0,NaN,NaN,NaN,NaN
P08_opposed_20pct,B0,baseline,baseline,606,0.0605,1250,833.333333333333,10404.5692697507,-11208.0184081503,10404.5692697507,-11208.0184081503,0,0,0,0,0,0,0,NaN,NaN,NaN,NaN
P08_opposed_20pct,B0,baseline,baseline,607,0.0606,1250,833.333333333333,10401.0336408261,-11332.7084526393,10401.0336408261,-11332.7084526393,0,0,0,0,0,0,0,NaN,NaN,NaN,NaN
P08_opposed_20pct,B0,baseline,baseline,608,0.0607,1250,833.333333333333,10461.6315976059,-11463.736952925,10461.6315976059,-11463.736952925,0,0,0,0,0,0,0,NaN,NaN,NaN,NaN
P08_opposed_20pct,B0,baseline,baseline,609,0.0608,1250,833.333333333333,10588.0010145002,-11589.6350628584,10588.0010145002,-11589.6350628584,0,0,0,0,0,0,0,NaN,NaN,NaN,NaN
P08_opposed_20pct,B0,baseline,baseline,610,0.0609,1250,833.333333333333,10645.4123417415,-11581.1249714981,10645.4123417415,-11581.1249714981,0,0,0,0,0,0,0,NaN,NaN,NaN,NaN
P08_opposed_20pct,B0,baseline,baseline,611,0.061,1250,833.333333333333,10688.8469590872,-11544.6543999582,10688.8469590872,-11544.6543999582,0,0,0,0,0,0,0,NaN,NaN,NaN,NaN
P08_opposed_20pct,B0,baseline,baseline,612,0.0611,1250,833.333333333333,10685.4342042917,-11483.9285957135,10685.4342042917,-11483.9285957135,0,0,0,0,0,0,0,NaN,NaN,NaN,NaN
P08_opposed_20pct,B0,baseline,baseline,613,0.0612,1250,833.333333333333,10645.9293006972,-11412.3281042545,10645.9293006972,-11412.3281042545,0,0,0,0,0,0,0,NaN,NaN,NaN,NaN
P08_opposed_20pct,B0,baseline,baseline,614,0.0613,1250,833.333333333333,10654.6554327873,-11445.6726665757,10654.6554327873,-11445.6726665757,0,0,0,0,0,0,0,NaN,NaN,NaN,NaN
P08_opposed_20pct,B0,baseline,baseline,615,0.0614,1250,833.333333333333,10638.8019218747,-11482.1594201565,10638.8019218747,-11482.1594201565,0,0,0,0,0,0,0,NaN,NaN,NaN,NaN
P08_opposed_20pct,B0,baseline,baseline,616,0.0615,1250,833.333333333333,10676.3059654034,-11566.6883517273,10676.3059654034,-11566.6883517273,0,0,0,0,0,0,0,NaN,NaN,NaN,NaN
P08_opposed_20pct,B0,baseline,baseline,617,0.0616,1250,833.333333333333,10664.692634055,-11560.7937608517,10664.692634055,-11560.7937608517,0,0,0,0,0,0,0,NaN,NaN,NaN,NaN
P08_opposed_20pct,B0,baseline,baseline,618,0.0617,1250,833.333333333333,10638.2904735613,-11485.8755505236,10638.2904735613,-11485.8755505236,0,0,0,0,0,0,0,NaN,NaN,NaN,NaN
P08_opposed_20pct,B0,baseline,baseline,619,0.0618,1250,833.333333333333,10593.2967985126,-11392.9593486089,10593.2967985126,-11392.9593486089,0,0,0,0,0,0,0,NaN,NaN,NaN,NaN
P08_opposed_20pct,B0,baseline,baseline,620,0.0619,1250,833.333333333333,10521.819490777,-11290.4613255993,10521.819490777,-11290.4613255993,0,0,0,0,0,0,0,NaN,NaN,NaN,NaN
P08_opposed_20pct,B0,baseline,baseline,621,0.062,1250,833.333333333333,10549.6604592448,-11378.6602159504,10549.6604592448,-11378.6602159504,0,0,0,0,0,0,0,NaN,NaN,NaN,NaN
P08_opposed_20pct,B0,baseline,baseline,622,0.0621,1250,833.333333333333,10578.9376375853,-11494.4499061653,10578.9376375853,-11494.4499061653,0,0,0,0,0,0,0,NaN,NaN,NaN,NaN
P08_opposed_20pct,B0,baseline,baseline,623,0.0622,1250,833.333333333333,10580.8485016581,-11484.9469273398,10580.8485016581,-11484.9469273398,0,0,0,0,0,0,0,NaN,NaN,NaN,NaN
P08_opposed_20pct,B0,baseline,baseline,624,0.0623,1250,833.333333333333,10574.4538188708,-11396.6007897431,10574.4538188708,-11396.6007897431,0,0,0,0,0,0,0,NaN,NaN,NaN,NaN
P08_opposed_20pct,B0,baseline,baseline,625,0.0624,1250,833.333333333333,10493.0729618458,-11226.3900366903,10493.0729618458,-11226.3900366903,0,0,0,0,0,0,0,NaN,NaN,NaN,NaN
P08_opposed_20pct,B0,baseline,baseline,626,0.0625,1250,833.333333333333,10410.9790205356,-11136.0787241849,10410.9790205356,-11136.0787241849,0,0,0,0,0,0,0,NaN,NaN,NaN,NaN
P08_opposed_20pct,B0,baseline,baseline,627,0.0626,1250,833.333333333333,10408.6721649183,-11233.8815112843,10408.6721649183,-11233.8815112843,0,0,0,0,0,0,0,NaN,NaN,NaN,NaN
P08_opposed_20pct,B0,baseline,baseline,628,0.0627,1250,833.333333333333,10427.3595139875,-11369.6445011046,10427.3595139875,-11369.6445011046,0,0,0,0,0,0,0,NaN,NaN,NaN,NaN
P08_opposed_20pct,B0,baseline,baseline,629,0.0628,1250,833.333333333333,10507.4289777163,-11494.0283483551,10507.4289777163,-11494.0283483551,0,0,0,0,0,0,0,NaN,NaN,NaN,NaN
P08_opposed_20pct,B0,baseline,baseline,630,0.0629,1250,833.333333333333,10635.8793253195,-11624.8667547231,10635.8793253195,-11624.8667547231,0,0,0,0,0,0,0,NaN,NaN,NaN,NaN
P08_opposed_20pct,B0,baseline,baseline,631,0.063,1250,833.333333333333,10675.2222768113,-11609.964443665,10675.2222768113,-11609.964443665,0,0,0,0,0,0,0,NaN,NaN,NaN,NaN
P08_opposed_20pct,B0,baseline,baseline,632,0.0631,1250,833.333333333333,10710.0223636121,-11551.4454285985,10710.0223636121,-11551.4454285985,0,0,0,0,0,0,0,NaN,NaN,NaN,NaN
P08_opposed_20pct,B0,baseline,baseline,633,0.0632,1250,833.333333333333,10701.0928607142,-11485.927655931,10701.0928607142,-11485.927655931,0,0,0,0,0,0,0,NaN,NaN,NaN,NaN
P08_opposed_20pct,B0,baseline,baseline,634,0.0633,1250,833.333333333333,10654.0833128134,-11410.0684188999,10654.0833128134,-11410.0684188999,0,0,0,0,0,0,0,NaN,NaN,NaN,NaN
P08_opposed_20pct,B0,baseline,baseline,635,0.0634,1250,833.333333333333,10659.1187478747,-11446.3803356104,10659.1187478747,-11446.3803356104,0,0,0,0,0,0,0,NaN,NaN,NaN,NaN
P08_opposed_20pct,B0,baseline,baseline,636,0.0635,1250,833.333333333333,10639.892748688,-11485.0456098919,10639.892748688,-11485.0456098919,0,0,0,0,0,0,0,NaN,NaN,NaN,NaN
P08_opposed_20pct,B0,baseline,baseline,637,0.0636,1250,833.333333333333,10674.2436867096,-11567.3911771385,10674.2436867096,-11567.3911771385,0,0,0,0,0,0,0,NaN,NaN,NaN,NaN
P08_opposed_20pct,B0,baseline,baseline,638,0.0637,1250,833.333333333333,10661.7418993968,-11559.1610233748,10661.7418993968,-11559.1610233748,0,0,0,0,0,0,0,NaN,NaN,NaN,NaN
P08_opposed_20pct,B0,baseline,baseline,639,0.0638,1250,833.333333333333,10635.2935750111,-11483.6516996756,10635.2935750111,-11483.6516996756,0,0,0,0,0,0,0,NaN,NaN,NaN,NaN
P08_opposed_20pct,B0,baseline,baseline,640,0.0639,1250,833.333333333333,10591.8551028592,-11392.9476448804,10591.8551028592,-11392.9476448804,0,0,0,0,0,0,0,NaN,NaN,NaN,NaN
P08_opposed_20pct,B0,baseline,baseline,641,0.064,1250,833.333333333333,10522.905869431,-11292.484046921,10522.905869431,-11292.484046921,0,0,0,0,0,0,0,NaN,NaN,NaN,NaN
P08_opposed_20pct,B0,baseline,baseline,642,0.0641,1250,833.333333333333,10549.2262027392,-11376.5333362478,10549.2262027392,-11376.5333362478,0,0,0,0,0,0,0,NaN,NaN,NaN,NaN
P08_opposed_20pct,B0,baseline,baseline,643,0.0642,1250,833.333333333333,10576.3867061135,-11486.3711745464,10576.3867061135,-11486.3711745464,0,0,0,0,0,0,0,NaN,NaN,NaN,NaN
P08_opposed_20pct,B0,baseline,baseline,644,0.0643,1250,833.333333333333,10576.9282822822,-11472.4097873591,10576.9282822822,-11472.4097873591,0,0,0,0,0,0,0,NaN,NaN,NaN,NaN
P08_opposed_20pct,B0,baseline,baseline,645,0.0644,1250,833.333333333333,10571.4030188971,-11382.2977651136,10571.4030188971,-11382.2977651136,0,0,0,0,0,0,0,NaN,NaN,NaN,NaN
P08_opposed_20pct,B0,baseline,baseline,646,0.0645,1250,833.333333333333,10483.4872741582,-11236.2640992083,10483.4872741582,-11236.2640992083,0,0,0,0,0,0,0,NaN,NaN,NaN,NaN
P08_opposed_20pct,B0,baseline,baseline,647,0.0646,1250,833.333333333333,10397.3255432684,-11155.8766428466,10397.3255432684,-11155.8766428466,0,0,0,0,0,0,0,NaN,NaN,NaN,NaN
P08_opposed_20pct,B0,baseline,baseline,648,0.0647,1250,833.333333333333,10413.7971131366,-11259.2404318715,10413.7971131366,-11259.2404318715,0,0,0,0,0,0,0,NaN,NaN,NaN,NaN
P08_opposed_20pct,B0,baseline,baseline,649,0.0648,1250,833.333333333333,10454.4823179475,-11406.7732635502,10454.4823179475,-11406.7732635502,0,0,0,0,0,0,0,NaN,NaN,NaN,NaN
P08_opposed_20pct,B0,baseline,baseline,650,0.0649,1250,833.333333333333,10553.6926057447,-11524.8705297532,10553.6926057447,-11524.8705297532,0,0,0,0,0,0,0,NaN,NaN,NaN,NaN
P08_opposed_20pct,B0,baseline,baseline,651,0.065,1250,833.333333333333,10683.8497778894,-11661.7268851694,10683.8497778894,-11661.7268851694,0,0,0,0,0,0,0,NaN,NaN,NaN,NaN
P08_opposed_20pct,B0,baseline,baseline,652,0.0651,1250,833.333333333333,10704.7209907818,-11640.5545379802,10704.7209907818,-11640.5545379802,0,0,0,0,0,0,0,NaN,NaN,NaN,NaN
P08_opposed_20pct,B0,baseline,baseline,653,0.0652,1250,833.333333333333,10730.4297106009,-11559.213172864,10730.4297106009,-11559.213172864,0,0,0,0,0,0,0,NaN,NaN,NaN,NaN
P08_opposed_20pct,B0,baseline,baseline,654,0.0653,1250,833.333333333333,10715.6797544371,-11488.6187507604,10715.6797544371,-11488.6187507604,0,0,0,0,0,0,0,NaN,NaN,NaN,NaN
P08_opposed_20pct,B0,baseline,baseline,655,0.0654,1250,833.333333333333,10661.0418928152,-11408.0716815101,10661.0418928152,-11408.0716815101,0,0,0,0,0,0,0,NaN,NaN,NaN,NaN
P08_opposed_20pct,B0,baseline,baseline,656,0.0655,1250,833.333333333333,10662.3376584707,-11447.5006509378,10662.3376584707,-11447.5006509378,0,0,0,0,0,0,0,NaN,NaN,NaN,NaN
P08_opposed_20pct,B0,baseline,baseline,657,0.0656,1250,833.333333333333,10696.3851630576,-11580.0793880047,10696.3851630576,-11580.0793880047,0,0,0,0,0,0,0,NaN,NaN,NaN,NaN
P08_opposed_20pct,B0,baseline,baseline,658,0.0657,1250,833.333333333333,10681.0064240607,-11588.04640545,10681.0064240607,-11588.04640545,0,0,0,0,0,0,0,NaN,NaN,NaN,NaN
P08_opposed_20pct,B0,baseline,baseline,659,0.0658,1250,833.333333333333,10650.4052169598,-11501.5638707646,10650.4052169598,-11501.5638707646,0,0,0,0,0,0,0,NaN,NaN,NaN,NaN
P08_opposed_20pct,B0,baseline,baseline,660,0.0659,1250,833.333333333333,10597.9292567882,-11392.2551321009,10597.9292567882,-11392.2551321009,0,0,0,0,0,0,0,NaN,NaN,NaN,NaN
P08_opposed_20pct,B0,baseline,baseline,661,0.066,1250,833.333333333333,10516.9627276322,-11276.2630770339,10516.9627276322,-11276.2630770339,0,0,0,0,0,0,0,NaN,NaN,NaN,NaN
P08_opposed_20pct,B0,baseline,baseline,662,0.0661,1250,833.333333333333,10550.7570565322,-11377.6808350057,10550.7570565322,-11377.6808350057,0,0,0,0,0,0,0,NaN,NaN,NaN,NaN
P08_opposed_20pct,B0,baseline,baseline,663,0.0662,1250,833.333333333333,10586.9845870703,-11519.7353735416,10586.9845870703,-11519.7353735416,0,0,0,0,0,0,0,NaN,NaN,NaN,NaN
P08_opposed_20pct,B0,baseline,baseline,664,0.0663,1250,833.333333333333,10538.82365371,-11438.226741926,10538.82365371,-11438.226741926,0,0,0,0,0,0,0,NaN,NaN,NaN,NaN
P08_opposed_20pct,B0,baseline,baseline,665,0.0664,1250,833.333333333333,10466.8768988684,-11260.7006438558,10466.8768988684,-11260.7006438558,0,0,0,0,0,0,0,NaN,NaN,NaN,NaN
P08_opposed_20pct,B0,baseline,baseline,666,0.0665,1250,833.333333333333,10369.9199677437,-11116.0619872801,10369.9199677437,-11116.0619872801,0,0,0,0,0,0,0,NaN,NaN,NaN,NaN
P08_opposed_20pct,B0,baseline,baseline,667,0.0666,1250,833.333333333333,10339.8509846235,-11123.6721742216,10339.8509846235,-11123.6721742216,0,0,0,0,0,0,0,NaN,NaN,NaN,NaN
P08_opposed_20pct,B0,baseline,baseline,668,0.0667,1250,833.333333333333,10453.0444475374,-11377.9185881681,10453.0444475374,-11377.9185881681,0,0,0,0,0,0,0,NaN,NaN,NaN,NaN
P08_opposed_20pct,B0,baseline,baseline,669,0.0668,1250,833.333333333333,10546.6579016124,-11593.1393787106,10546.6579016124,-11593.1393787106,0,0,0,0,0,0,0,NaN,NaN,NaN,NaN
P08_opposed_20pct,B0,baseline,baseline,670,0.0669,1250,833.333333333333,10614.0184790116,-11625.3902080405,10614.0184790116,-11625.3902080405,0,0,0,0,0,0,0,NaN,NaN,NaN,NaN
P08_opposed_20pct,B0,baseline,baseline,671,0.067,1250,833.333333333333,10713.7689488942,-11653.4837473074,10713.7689488942,-11653.4837473074,0,0,0,0,0,0,0,NaN,NaN,NaN,NaN
P08_opposed_20pct,B0,baseline,baseline,672,0.0671,1250,833.333333333333,10722.5296571033,-11573.1703860702,10722.5296571033,-11573.1703860702,0,0,0,0,0,0,0,NaN,NaN,NaN,NaN
P08_opposed_20pct,B0,baseline,baseline,673,0.0672,1250,833.333333333333,10741.1648492975,-11501.7062554794,10741.1648492975,-11501.7062554794,0,0,0,0,0,0,0,NaN,NaN,NaN,NaN
P08_opposed_20pct,B0,baseline,baseline,674,0.0673,1250,833.333333333333,10724.2992534165,-11488.0563153164,10724.2992534165,-11488.0563153164,0,0,0,0,0,0,0,NaN,NaN,NaN,NaN
P08_opposed_20pct,B0,baseline,baseline,675,0.0674,1250,833.333333333333,10664.4087918168,-11449.3446896708,10664.4087918168,-11449.3446896708,0,0,0,0,0,0,0,NaN,NaN,NaN,NaN
P08_opposed_20pct,B0,baseline,baseline,676,0.0675,1250,833.333333333333,10656.4896532714,-11466.4219135557,10656.4896532714,-11466.4219135557,0,0,0,0,0,0,0,NaN,NaN,NaN,NaN
P08_opposed_20pct,B0,baseline,baseline,677,0.0676,1250,833.333333333333,10633.5663316295,-11477.1004781205,10633.5663316295,-11477.1004781205,0,0,0,0,0,0,0,NaN,NaN,NaN,NaN
P08_opposed_20pct,B0,baseline,baseline,678,0.0677,1250,833.333333333333,10675.8982157856,-11557.7878070285,10675.8982157856,-11557.7878070285,0,0,0,0,0,0,0,NaN,NaN,NaN,NaN
P08_opposed_20pct,B0,baseline,baseline,679,0.0678,1250,833.333333333333,10667.2897166034,-11556.9580820458,10667.2897166034,-11556.9580820458,0,0,0,0,0,0,0,NaN,NaN,NaN,NaN
P08_opposed_20pct,B0,baseline,baseline,680,0.0679,1250,833.333333333333,10642.491067491,-11489.2360899343,10642.491067491,-11489.2360899343,0,0,0,0,0,0,0,NaN,NaN,NaN,NaN
P08_opposed_20pct,B0,baseline,baseline,681,0.068,1250,833.333333333333,10594.6970697122,-11396.8472148442,10594.6970697122,-11396.8472148442,0,0,0,0,0,0,0,NaN,NaN,NaN,NaN
P08_opposed_20pct,B0,baseline,baseline,682,0.0681,1250,833.333333333333,10517.3936941151,-11288.5893123384,10517.3936941151,-11288.5893123384,0,0,0,0,0,0,0,NaN,NaN,NaN,NaN
P08_opposed_20pct,B0,baseline,baseline,683,0.0682,1250,833.333333333333,10551.2414243087,-11384.9796062475,10551.2414243087,-11384.9796062475,0,0,0,0,0,0,0,NaN,NaN,NaN,NaN
P08_opposed_20pct,B0,baseline,baseline,684,0.0683,1250,833.333333333333,10588.256730641,-11515.3038063439,10588.256730641,-11515.3038063439,0,0,0,0,0,0,0,NaN,NaN,NaN,NaN
P08_opposed_20pct,B0,baseline,baseline,685,0.0684,1250,833.333333333333,10595.5107634162,-11517.959873984,10595.5107634162,-11517.959873984,0,0,0,0,0,0,0,NaN,NaN,NaN,NaN
P08_opposed_20pct,B0,baseline,baseline,686,0.0685,1250,833.333333333333,10587.4673762428,-11434.1407691395,10587.4673762428,-11434.1407691395,0,0,0,0,0,0,0,NaN,NaN,NaN,NaN
P08_opposed_20pct,B0,baseline,baseline,687,0.0686,1250,833.333333333333,10504.7472467234,-11231.0289577049,10504.7472467234,-11231.0289577049,0,0,0,0,0,0,0,NaN,NaN,NaN,NaN
P08_opposed_20pct,B0,baseline,baseline,688,0.0687,1250,833.333333333333,10427.2610183265,-11104.212678624,10427.2610183265,-11104.212678624,0,0,0,0,0,0,0,NaN,NaN,NaN,NaN
P08_opposed_20pct,B0,baseline,baseline,689,0.0688,1250,833.333333333333,10331.4443580229,-11071.4512812362,10331.4443580229,-11071.4512812362,0,0,0,0,0,0,0,NaN,NaN,NaN,NaN
P08_opposed_20pct,B0,baseline,baseline,690,0.0689,1250,833.333333333333,10342.8824267949,-11211.424915883,10342.8824267949,-11211.424915883,0,0,0,0,0,0,0,NaN,NaN,NaN,NaN
P08_opposed_20pct,B0,baseline,baseline,691,0.069,1250,833.333333333333,10444.4100190892,-11465.7830711683,10444.4100190892,-11465.7830711683,0,0,0,0,0,0,0,NaN,NaN,NaN,NaN
P08_opposed_20pct,B0,baseline,baseline,692,0.0691,1250,833.333333333333,10551.9683431146,-11607.705010865,10551.9683431146,-11607.705010865,0,0,0,0,0,0,0,NaN,NaN,NaN,NaN
P08_opposed_20pct,B0,baseline,baseline,693,0.0692,1250,833.333333333333,10634.2792999712,-11598.0662731454,10634.2792999712,-11598.0662731454,0,0,0,0,0,0,0,NaN,NaN,NaN,NaN
P08_opposed_20pct,B0,baseline,baseline,694,0.0693,1250,833.333333333333,10628.5689625959,-11468.8818433653,10628.5689625959,-11468.8818433653,0,0,0,0,0,0,0,NaN,NaN,NaN,NaN
P08_opposed_20pct,B0,baseline,baseline,695,0.0694,1250,833.333333333333,10617.4246309115,-11369.4412437244,10617.4246309115,-11369.4412437244,0,0,0,0,0,0,0,NaN,NaN,NaN,NaN
P08_opposed_20pct,B0,baseline,baseline,696,0.0695,1250,833.333333333333,10643.7585099039,-11417.2126638594,10643.7585099039,-11417.2126638594,0,0,0,0,0,0,0,NaN,NaN,NaN,NaN
P08_opposed_20pct,B0,baseline,baseline,697,0.0696,1250,833.333333333333,10641.266084678,-11480.8486222388,10641.266084678,-11480.8486222388,0,0,0,0,0,0,0,NaN,NaN,NaN,NaN
P08_opposed_20pct,B0,baseline,baseline,698,0.0697,1250,833.333333333333,10630.5694314466,-11494.463739174,10630.5694314466,-11494.463739174,0,0,0,0,0,0,0,NaN,NaN,NaN,NaN
P08_opposed_20pct,B0,baseline,baseline,699,0.0698,1250,833.333333333333,10674.1161154996,-11564.7519094672,10674.1161154996,-11564.7519094672,0,0,0,0,0,0,0,NaN,NaN,NaN,NaN
P08_opposed_20pct,B0,baseline,baseline,700,0.0699,1250,833.333333333333,10669.607009317,-11552.9930901928,10669.607009317,-11552.9930901928,0,0,0,0,0,0,0,NaN,NaN,NaN,NaN
P08_opposed_20pct,B0,baseline,baseline,701,0.07,1250,833.333333333333,10645.5171750416,-11475.3327523721,10645.5171750416,-11475.3327523721,0,0,0,0,0,0,0,NaN,NaN,NaN,NaN
P08_opposed_20pct,B0,baseline,baseline,702,0.0701,1250,833.333333333333,10596.8074625918,-11388.1856370254,10596.8074625918,-11388.1856370254,0,0,0,0,0,0,0,NaN,NaN,NaN,NaN
P08_opposed_20pct,B0,baseline,baseline,703,0.0702,1250,833.333333333333,10518.3665068381,-11291.8480521106,10518.3665068381,-11291.8480521106,0,0,0,0,0,0,0,NaN,NaN,NaN,NaN
P08_opposed_20pct,B0,baseline,baseline,704,0.0703,1250,833.333333333333,10550.2217771686,-11387.6347067523,10550.2217771686,-11387.6347067523,0,0,0,0,0,0,0,NaN,NaN,NaN,NaN
P08_opposed_20pct,B0,baseline,baseline,705,0.0704,1250,833.333333333333,10585.9599262841,-11511.4284881165,10585.9599262841,-11511.4284881165,0,0,0,0,0,0,0,NaN,NaN,NaN,NaN
P08_opposed_20pct,B0,baseline,baseline,706,0.0705,1250,833.333333333333,10590.7419748134,-11507.2542798939,10590.7419748134,-11507.2542798939,0,0,0,0,0,0,0,NaN,NaN,NaN,NaN
P08_opposed_20pct,B0,baseline,baseline,707,0.0706,1250,833.333333333333,10582.6322307873,-11420.5894412535,10582.6322307873,-11420.5894412535,0,0,0,0,0,0,0,NaN,NaN,NaN,NaN
P08_opposed_20pct,B0,baseline,baseline,708,0.0707,1250,833.333333333333,10505.3729627264,-11219.8618372538,10505.3729627264,-11219.8618372538,0,0,0,0,0,0,0,NaN,NaN,NaN,NaN
P08_opposed_20pct,B0,baseline,baseline,709,0.0708,1250,833.333333333333,10423.1690348655,-11115.8938718492,10423.1690348655,-11115.8938718492,0,0,0,0,0,0,0,NaN,NaN,NaN,NaN
P08_opposed_20pct,B0,baseline,baseline,710,0.0709,1250,833.333333333333,10384.3360569579,-11184.333561204,10384.3360569579,-11184.333561204,0,0,0,0,0,0,0,NaN,NaN,NaN,NaN
P08_opposed_20pct,B0,baseline,baseline,711,0.071,1250,833.333333333333,10364.476206995,-11279.877576923,10364.476206995,-11279.877576923,0,0,0,0,0,0,0,NaN,NaN,NaN,NaN
P08_opposed_20pct,B0,baseline,baseline,712,0.0711,1250,833.333333333333,10417.8483865351,-11408.6211432035,10417.8483865351,-11408.6211432035,0,0,0,0,0,0,0,NaN,NaN,NaN,NaN
P08_opposed_20pct,B0,baseline,baseline,713,0.0712,1250,833.333333333333,10547.0059285897,-11546.7501009998,10547.0059285897,-11546.7501009998,0,0,0,0,0,0,0,NaN,NaN,NaN,NaN
P08_opposed_20pct,B0,baseline,baseline,714,0.0713,1250,833.333333333333,10619.4638107231,-11567.7021563048,10619.4638107231,-11567.7021563048,0,0,0,0,0,0,0,NaN,NaN,NaN,NaN
P08_opposed_20pct,B0,baseline,baseline,715,0.0714,1250,833.333333333333,10671.6373201516,-11550.0716367011,10671.6373201516,-11550.0716367011,0,0,0,0,0,0,0,NaN,NaN,NaN,NaN
P08_opposed_20pct,B0,baseline,baseline,716,0.0715,1250,833.333333333333,10672.2520239627,-11482.1515216907,10672.2520239627,-11482.1515216907,0,0,0,0,0,0,0,NaN,NaN,NaN,NaN
P08_opposed_20pct,B0,baseline,baseline,717,0.0716,1250,833.333333333333,10639.8691825087,-11407.4968502018,10639.8691825087,-11407.4968502018,0,0,0,0,0,0,0,NaN,NaN,NaN,NaN
P08_opposed_20pct,B0,baseline,baseline,718,0.0717,1250,833.333333333333,10652.5321913561,-11440.034603697,10652.5321913561,-11440.034603697,0,0,0,0,0,0,0,NaN,NaN,NaN,NaN
P08_opposed_20pct,B0,baseline,baseline,719,0.0718,1250,833.333333333333,10639.8250770148,-11479.0178242929,10639.8250770148,-11479.0178242929,0,0,0,0,0,0,0,NaN,NaN,NaN,NaN
P08_opposed_20pct,B0,baseline,baseline,720,0.0719,1250,833.333333333333,10680.1720288581,-11568.5931685245,10680.1720288581,-11568.5931685245,0,0,0,0,0,0,0,NaN,NaN,NaN,NaN
P08_opposed_20pct,B0,baseline,baseline,721,0.072,1250,833.333333333333,10668.9086998458,-11564.2786185914,10668.9086998458,-11564.2786185914,0,0,0,0,0,0,0,NaN,NaN,NaN,NaN
P08_opposed_20pct,B0,baseline,baseline,722,0.0721,1250,833.333333333333,10642.1547391627,-11487.2965030082,10642.1547391627,-11487.2965030082,0,0,0,0,0,0,0,NaN,NaN,NaN,NaN
P08_opposed_20pct,B0,baseline,baseline,723,0.0722,1250,833.333333333333,10595.5662105245,-11390.90286036,10595.5662105245,-11390.90286036,0,0,0,0,0,0,0,NaN,NaN,NaN,NaN
P08_opposed_20pct,B0,baseline,baseline,724,0.0723,1250,833.333333333333,10521.434281379,-11286.9391696257,10521.434281379,-11286.9391696257,0,0,0,0,0,0,0,NaN,NaN,NaN,NaN
P08_opposed_20pct,B0,baseline,baseline,725,0.0724,1250,833.333333333333,10550.5982820601,-11380.4050136493,10550.5982820601,-11380.4050136493,0,0,0,0,0,0,0,NaN,NaN,NaN,NaN
P08_opposed_20pct,B0,baseline,baseline,726,0.0725,1250,833.333333333333,10581.8583455143,-11502.6221472934,10581.8583455143,-11502.6221472934,0,0,0,0,0,0,0,NaN,NaN,NaN,NaN
P08_opposed_20pct,B0,baseline,baseline,727,0.0726,1250,833.333333333333,10585.1092345126,-11497.2167902855,10585.1092345126,-11497.2167902855,0,0,0,0,0,0,0,NaN,NaN,NaN,NaN
P08_opposed_20pct,B0,baseline,baseline,728,0.0727,1250,833.333333333333,10578.0954409352,-11410.1181069847,10578.0954409352,-11410.1181069847,0,0,0,0,0,0,0,NaN,NaN,NaN,NaN
P08_opposed_20pct,B0,baseline,baseline,729,0.0728,1250,833.333333333333,10503.6109270918,-11216.0635502208,10503.6109270918,-11216.0635502208,0,0,0,0,0,0,0,NaN,NaN,NaN,NaN
P08_opposed_20pct,B0,baseline,baseline,730,0.0729,1250,833.333333333333,10425.7540261031,-11115.6356920848,10425.7540261031,-11115.6356920848,0,0,0,0,0,0,0,NaN,NaN,NaN,NaN
P08_opposed_20pct,B0,baseline,baseline,731,0.073,1250,833.333333333333,10404.569269751,-11208.018408149,10404.569269751,-11208.018408149,0,0,0,0,0,0,0,NaN,NaN,NaN,NaN
P08_opposed_20pct,B0,baseline,baseline,732,0.0731,1250,833.333333333333,10401.0336408252,-11332.7084526375,10401.0336408252,-11332.7084526375,0,0,0,0,0,0,0,NaN,NaN,NaN,NaN
P08_opposed_20pct,B0,baseline,baseline,733,0.0732,1250,833.333333333333,10461.6315976041,-11463.7369529236,10461.6315976041,-11463.7369529236,0,0,0,0,0,0,0,NaN,NaN,NaN,NaN
P08_opposed_20pct,B0,baseline,baseline,734,0.0733,1250,833.333333333333,10588.0010144984,-11589.6350628568,10588.0010144984,-11589.6350628568,0,0,0,0,0,0,0,NaN,NaN,NaN,NaN
P08_opposed_20pct,B0,baseline,baseline,735,0.0734,1250,833.333333333333,10645.4123417405,-11581.1249714967,10645.4123417405,-11581.1249714967,0,0,0,0,0,0,0,NaN,NaN,NaN,NaN
P08_opposed_20pct,B0,baseline,baseline,736,0.0735,1250,833.333333333333,10688.8469590866,-11544.6543999578,10688.8469590866,-11544.6543999578,0,0,0,0,0,0,0,NaN,NaN,NaN,NaN
P08_opposed_20pct,B0,baseline,baseline,737,0.0736,1250,833.333333333333,10685.4342042912,-11483.9285957135,10685.4342042912,-11483.9285957135,0,0,0,0,0,0,0,NaN,NaN,NaN,NaN
P08_opposed_20pct,B0,baseline,baseline,738,0.0737,1250,833.333333333333,10645.9293006971,-11412.3281042546,10645.9293006971,-11412.3281042546,0,0,0,0,0,0,0,NaN,NaN,NaN,NaN
P08_opposed_20pct,B0,baseline,baseline,739,0.0738,1250,833.333333333333,10654.6554327874,-11445.6726665756,10654.6554327874,-11445.6726665756,0,0,0,0,0,0,0,NaN,NaN,NaN,NaN
P08_opposed_20pct,B0,baseline,baseline,740,0.0739,1250,833.333333333333,10638.8019218749,-11482.1594201562,10638.8019218749,-11482.1594201562,0,0,0,0,0,0,0,NaN,NaN,NaN,NaN
P08_opposed_20pct,B0,baseline,baseline,741,0.074,1250,833.333333333333,10676.3059654035,-11566.6883517272,10676.3059654035,-11566.6883517272,0,0,0,0,0,0,0,NaN,NaN,NaN,NaN
P08_opposed_20pct,B0,baseline,baseline,742,0.0741,1250,833.333333333333,10664.6926340551,-11560.793760852,10664.6926340551,-11560.793760852,0,0,0,0,0,0,0,NaN,NaN,NaN,NaN
P08_opposed_20pct,B0,baseline,baseline,743,0.0742,1250,833.333333333333,10638.2904735615,-11485.875550524,10638.2904735615,-11485.875550524,0,0,0,0,0,0,0,NaN,NaN,NaN,NaN
P08_opposed_20pct,B0,baseline,baseline,744,0.0743,1250,833.333333333333,10593.2967985128,-11392.959348609,10593.2967985128,-11392.959348609,0,0,0,0,0,0,0,NaN,NaN,NaN,NaN
P08_opposed_20pct,B0,baseline,baseline,745,0.0744,1250,833.333333333333,10521.8194907771,-11290.4613255991,10521.8194907771,-11290.4613255991,0,0,0,0,0,0,0,NaN,NaN,NaN,NaN
P08_opposed_20pct,B0,baseline,baseline,746,0.0745,1250,833.333333333333,10549.6604592448,-11378.6602159501,10549.6604592448,-11378.6602159501,0,0,0,0,0,0,0,NaN,NaN,NaN,NaN
P08_opposed_20pct,B0,baseline,baseline,747,0.0746,1250,833.333333333333,10578.9376375852,-11494.4499061651,10578.9376375852,-11494.4499061651,0,0,0,0,0,0,0,NaN,NaN,NaN,NaN
P08_opposed_20pct,B0,baseline,baseline,748,0.0747,1250,833.333333333333,10580.8485016582,-11484.9469273399,10580.8485016582,-11484.9469273399,0,0,0,0,0,0,0,NaN,NaN,NaN,NaN
P08_opposed_20pct,B0,baseline,baseline,749,0.0748,1250,833.333333333333,10574.4538188713,-11396.6007897431,10574.4538188713,-11396.6007897431,0,0,0,0,0,0,0,NaN,NaN,NaN,NaN
P08_opposed_20pct,B0,baseline,baseline,750,0.0749,1250,833.333333333333,10493.0729618463,-11226.3900366899,10493.0729618463,-11226.3900366899,0,0,0,0,0,0,0,NaN,NaN,NaN,NaN
P08_opposed_20pct,B0,baseline,baseline,751,0.075,1250,833.333333333333,10410.9790205359,-11136.0787241842,10410.9790205359,-11136.0787241842,0,0,0,0,0,0,0,NaN,NaN,NaN,NaN
P08_opposed_20pct,B0,baseline,baseline,752,0.0751,1250,833.333333333333,10408.6721649185,-11233.8815112837,10408.6721649185,-11233.8815112837,0,0,0,0,0,0,0,NaN,NaN,NaN,NaN
P08_opposed_20pct,B0,baseline,baseline,753,0.0752,1250,833.333333333333,10427.3595139875,-11369.6445011043,10427.3595139875,-11369.6445011043,0,0,0,0,0,0,0,NaN,NaN,NaN,NaN
P08_opposed_20pct,B0,baseline,baseline,754,0.0753,1250,833.333333333333,10507.4289777164,-11494.028348355,10507.4289777164,-11494.028348355,0,0,0,0,0,0,0,NaN,NaN,NaN,NaN
P08_opposed_20pct,B0,baseline,baseline,755,0.0754,1250,833.333333333333,10635.8793253198,-11624.8667547233,10635.8793253198,-11624.8667547233,0,0,0,0,0,0,0,NaN,NaN,NaN,NaN
P08_opposed_20pct,B0,baseline,baseline,756,0.0755,1250,833.333333333333,10675.2222768114,-11609.9644436653,10675.2222768114,-11609.9644436653,0,0,0,0,0,0,0,NaN,NaN,NaN,NaN
P08_opposed_20pct,B0,baseline,baseline,757,0.0756,1250,833.333333333333,10710.0223636119,-11551.4454285988,10710.0223636119,-11551.4454285988,0,0,0,0,0,0,0,NaN,NaN,NaN,NaN
P08_opposed_20pct,B0,baseline,baseline,758,0.0757,1250,833.333333333333,10701.0928607139,-11485.9276559313,10701.0928607139,-11485.9276559313,0,0,0,0,0,0,0,NaN,NaN,NaN,NaN
P08_opposed_20pct,B0,baseline,baseline,759,0.0758,1250,833.333333333333,10654.083312813,-11410.0684188999,10654.083312813,-11410.0684188999,0,0,0,0,0,0,0,NaN,NaN,NaN,NaN
P08_opposed_20pct,B0,baseline,baseline,760,0.0759,1250,833.333333333333,10659.1187478745,-11446.3803356101,10659.1187478745,-11446.3803356101,0,0,0,0,0,0,0,NaN,NaN,NaN,NaN
P08_opposed_20pct,B0,baseline,baseline,761,0.076,1250,833.333333333333,10639.892748688,-11485.0456098916,10639.892748688,-11485.0456098916,0,0,0,0,0,0,0,NaN,NaN,NaN,NaN
P08_opposed_20pct,B0,baseline,baseline,762,0.0761,1250,833.333333333333,10674.2436867097,-11567.3911771383,10674.2436867097,-11567.3911771383,0,0,0,0,0,0,0,NaN,NaN,NaN,NaN
P08_opposed_20pct,B0,baseline,baseline,763,0.0762,1250,833.333333333333,10661.7418993969,-11559.1610233749,10661.7418993969,-11559.1610233749,0,0,0,0,0,0,0,NaN,NaN,NaN,NaN
P08_opposed_20pct,B0,baseline,baseline,764,0.0763,1250,833.333333333333,10635.2935750112,-11483.6516996759,10635.2935750112,-11483.6516996759,0,0,0,0,0,0,0,NaN,NaN,NaN,NaN
P08_opposed_20pct,B0,baseline,baseline,765,0.0764,1250,833.333333333333,10591.8551028593,-11392.9476448805,10591.8551028593,-11392.9476448805,0,0,0,0,0,0,0,NaN,NaN,NaN,NaN
P08_opposed_20pct,B0,baseline,baseline,766,0.0765,1250,833.333333333333,10522.9058694311,-11292.484046921,10522.9058694311,-11292.484046921,0,0,0,0,0,0,0,NaN,NaN,NaN,NaN
P08_opposed_20pct,B0,baseline,baseline,767,0.0766,1250,833.333333333333,10549.2262027393,-11376.5333362477,10549.2262027393,-11376.5333362477,0,0,0,0,0,0,0,NaN,NaN,NaN,NaN
P08_opposed_20pct,B0,baseline,baseline,768,0.0767,1250,833.333333333333,10576.3867061135,-11486.3711745461,10576.3867061135,-11486.3711745461,0,0,0,0,0,0,0,NaN,NaN,NaN,NaN
P08_opposed_20pct,B0,baseline,baseline,769,0.0768,1250,833.333333333333,10576.9282822822,-11472.4097873588,10576.9282822822,-11472.4097873588,0,0,0,0,0,0,0,NaN,NaN,NaN,NaN
P08_opposed_20pct,B0,baseline,baseline,770,0.0769,1250,833.333333333333,10571.403018897,-11382.2977651134,10571.403018897,-11382.2977651134,0,0,0,0,0,0,0,NaN,NaN,NaN,NaN
P08_opposed_20pct,B0,baseline,baseline,771,0.077,1250,833.333333333333,10483.487274158,-11236.2640992085,10483.487274158,-11236.2640992085,0,0,0,0,0,0,0,NaN,NaN,NaN,NaN
P08_opposed_20pct,B0,baseline,baseline,772,0.0771,1250,833.333333333333,10397.3255432682,-11155.8766428469,10397.3255432682,-11155.8766428469,0,0,0,0,0,0,0,NaN,NaN,NaN,NaN
P08_opposed_20pct,B0,baseline,baseline,773,0.0772,1250,833.333333333333,10413.7971131366,-11259.240431872,10413.7971131366,-11259.240431872,0,0,0,0,0,0,0,NaN,NaN,NaN,NaN
P08_opposed_20pct,B0,baseline,baseline,774,0.0773,1250,833.333333333333,10454.4823179478,-11406.7732635509,10454.4823179478,-11406.7732635509,0,0,0,0,0,0,0,NaN,NaN,NaN,NaN
P08_opposed_20pct,B0,baseline,baseline,775,0.0774,1250,833.333333333333,10553.6926057454,-11524.8705297538,10553.6926057454,-11524.8705297538,0,0,0,0,0,0,0,NaN,NaN,NaN,NaN
P08_opposed_20pct,B0,baseline,baseline,776,0.0775,1250,833.333333333333,10683.84977789,-11661.7268851701,10683.84977789,-11661.7268851701,0,0,0,0,0,0,0,NaN,NaN,NaN,NaN
P08_opposed_20pct,B0,baseline,baseline,777,0.0776,1250,833.333333333333,10704.7209907822,-11640.5545379807,10704.7209907822,-11640.5545379807,0,0,0,0,0,0,0,NaN,NaN,NaN,NaN
P08_opposed_20pct,B0,baseline,baseline,778,0.0777,1250,833.333333333333,10730.4297106012,-11559.2131728641,10730.4297106012,-11559.2131728641,0,0,0,0,0,0,0,NaN,NaN,NaN,NaN
P08_opposed_20pct,B0,baseline,baseline,779,0.0778,1250,833.333333333333,10715.6797544373,-11488.6187507605,10715.6797544373,-11488.6187507605,0,0,0,0,0,0,0,NaN,NaN,NaN,NaN
P08_opposed_20pct,B0,baseline,baseline,780,0.0779,1250,833.333333333333,10661.0418928153,-11408.0716815101,10661.0418928153,-11408.0716815101,0,0,0,0,0,0,0,NaN,NaN,NaN,NaN
P08_opposed_20pct,B0,baseline,baseline,781,0.078,1250,833.333333333333,10662.3376584708,-11447.5006509379,10662.3376584708,-11447.5006509379,0,0,0,0,0,0,0,NaN,NaN,NaN,NaN
P08_opposed_20pct,B0,baseline,baseline,782,0.0781,1250,833.333333333333,10696.3851630576,-11580.0793880048,10696.3851630576,-11580.0793880048,0,0,0,0,0,0,0,NaN,NaN,NaN,NaN
P08_opposed_20pct,B0,baseline,baseline,783,0.0782,1250,833.333333333333,10681.0064240607,-11588.0464054501,10681.0064240607,-11588.0464054501,0,0,0,0,0,0,0,NaN,NaN,NaN,NaN
P08_opposed_20pct,B0,baseline,baseline,784,0.0783,1250,833.333333333333,10650.4052169598,-11501.5638707647,10650.4052169598,-11501.5638707647,0,0,0,0,0,0,0,NaN,NaN,NaN,NaN
P08_opposed_20pct,B0,baseline,baseline,785,0.0784,1250,833.333333333333,10597.9292567882,-11392.2551321009,10597.9292567882,-11392.2551321009,0,0,0,0,0,0,0,NaN,NaN,NaN,NaN
P08_opposed_20pct,B0,baseline,baseline,786,0.0785,1250,833.333333333333,10516.9627276322,-11276.2630770339,10516.9627276322,-11276.2630770339,0,0,0,0,0,0,0,NaN,NaN,NaN,NaN
P08_opposed_20pct,B0,baseline,baseline,787,0.0786,1250,833.333333333333,10550.7570565321,-11377.6808350056,10550.7570565321,-11377.6808350056,0,0,0,0,0,0,0,NaN,NaN,NaN,NaN
P08_opposed_20pct,B0,baseline,baseline,788,0.0787,1250,833.333333333333,10586.9845870703,-11519.7353735416,10586.9845870703,-11519.7353735416,0,0,0,0,0,0,0,NaN,NaN,NaN,NaN
P08_opposed_20pct,B0,baseline,baseline,789,0.0788,1250,833.333333333333,10538.82365371,-11438.226741926,10538.82365371,-11438.226741926,0,0,0,0,0,0,0,NaN,NaN,NaN,NaN
P08_opposed_20pct,B0,baseline,baseline,790,0.0789,1250,833.333333333333,10466.8768988684,-11260.7006438558,10466.8768988684,-11260.7006438558,0,0,0,0,0,0,0,NaN,NaN,NaN,NaN
P08_opposed_20pct,B0,baseline,baseline,791,0.079,1250,833.333333333333,10369.9199677437,-11116.0619872801,10369.9199677437,-11116.0619872801,0,0,0,0,0,0,0,NaN,NaN,NaN,NaN
P08_opposed_20pct,B0,baseline,baseline,792,0.0791,1250,833.333333333333,10339.8509846235,-11123.6721742216,10339.8509846235,-11123.6721742216,0,0,0,0,0,0,0,NaN,NaN,NaN,NaN
P08_opposed_20pct,B0,baseline,baseline,793,0.0792,1250,833.333333333333,10453.0444475374,-11377.9185881681,10453.0444475374,-11377.9185881681,0,0,0,0,0,0,0,NaN,NaN,NaN,NaN
P08_opposed_20pct,B0,baseline,baseline,794,0.0793,1250,833.333333333333,10546.6579016125,-11593.1393787106,10546.6579016125,-11593.1393787106,0,0,0,0,0,0,0,NaN,NaN,NaN,NaN
P08_opposed_20pct,B0,baseline,baseline,795,0.0794,1250,833.333333333333,10614.0184790117,-11625.3902080405,10614.0184790117,-11625.3902080405,0,0,0,0,0,0,0,NaN,NaN,NaN,NaN
P08_opposed_20pct,B0,baseline,baseline,796,0.0795,1250,833.333333333333,10713.7689488943,-11653.4837473074,10713.7689488943,-11653.4837473074,0,0,0,0,0,0,0,NaN,NaN,NaN,NaN
P08_opposed_20pct,B0,baseline,baseline,797,0.0796,1250,833.333333333333,10722.5296571034,-11573.1703860702,10722.5296571034,-11573.1703860702,0,0,0,0,0,0,0,NaN,NaN,NaN,NaN
P08_opposed_20pct,B0,baseline,baseline,798,0.0797,1250,833.333333333333,10741.1648492975,-11501.7062554794,10741.1648492975,-11501.7062554794,0,0,0,0,0,0,0,NaN,NaN,NaN,NaN
P08_opposed_20pct,B0,baseline,baseline,799,0.0798,1250,833.333333333333,10724.2992534166,-11488.0563153164,10724.2992534166,-11488.0563153164,0,0,0,0,0,0,0,NaN,NaN,NaN,NaN
P08_opposed_20pct,B0,baseline,baseline,800,0.0799,1250,833.333333333333,10664.4087918168,-11449.3446896708,10664.4087918168,-11449.3446896708,0,0,0,0,0,0,0,NaN,NaN,NaN,NaN
P08_opposed_20pct,B0,baseline,baseline,801,0.08,1250,833.333333333333,10656.4896532714,-11466.4219135556,10656.4896532714,-11466.4219135556,0,0,0,0,0,0,0,NaN,NaN,NaN,NaN
P08_opposed_20pct,B0,baseline,baseline,802,0.0801,1250,833.333333333333,10633.5663316295,-11477.1004781204,10633.5663316295,-11477.1004781204,0,0,0,0,0,0,0,NaN,NaN,NaN,NaN
P08_opposed_20pct,B0,baseline,baseline,803,0.0802,1250,833.333333333333,10675.8982157855,-11557.7878070284,10675.8982157855,-11557.7878070284,0,0,0,0,0,0,0,NaN,NaN,NaN,NaN
P08_opposed_20pct,B0,baseline,baseline,804,0.0803,1250,833.333333333333,10667.2897166034,-11556.9580820458,10667.2897166034,-11556.9580820458,0,0,0,0,0,0,0,NaN,NaN,NaN,NaN
P08_opposed_20pct,B0,baseline,baseline,805,0.0804,1250,833.333333333333,10642.4910674909,-11489.2360899343,10642.4910674909,-11489.2360899343,0,0,0,0,0,0,0,NaN,NaN,NaN,NaN
P08_opposed_20pct,B0,baseline,baseline,806,0.0805,1250,833.333333333333,10594.6970697123,-11396.8472148441,10594.6970697123,-11396.8472148441,0,0,0,0,0,0,0,NaN,NaN,NaN,NaN
P08_opposed_20pct,B0,baseline,baseline,807,0.0806,1250,833.333333333333,10517.3936941154,-11288.5893123383,10517.3936941154,-11288.5893123383,0,0,0,0,0,0,0,NaN,NaN,NaN,NaN
P08_opposed_20pct,B0,baseline,baseline,808,0.0807,1250,833.333333333333,10551.241424309,-11384.9796062473,10551.241424309,-11384.9796062473,0,0,0,0,0,0,0,NaN,NaN,NaN,NaN
P08_opposed_20pct,B0,baseline,baseline,809,0.0808,1250,833.333333333333,10588.2567306412,-11515.3038063436,10588.2567306412,-11515.3038063436,0,0,0,0,0,0,0,NaN,NaN,NaN,NaN
P08_opposed_20pct,B0,baseline,baseline,810,0.0809,1250,833.333333333333,10595.5107634162,-11517.9598739837,10595.5107634162,-11517.9598739837,0,0,0,0,0,0,0,NaN,NaN,NaN,NaN
P08_opposed_20pct,B0,baseline,baseline,811,0.081,1250,833.333333333333,10587.4673762428,-11434.1407691392,10587.4673762428,-11434.1407691392,0,0,0,0,0,0,0,NaN,NaN,NaN,NaN
P08_opposed_20pct,B0,baseline,baseline,812,0.0811,1250,833.333333333333,10504.7472467235,-11231.0289577046,10504.7472467235,-11231.0289577046,0,0,0,0,0,0,0,NaN,NaN,NaN,NaN
P08_opposed_20pct,B0,baseline,baseline,813,0.0812,1250,833.333333333333,10427.2610183266,-11104.2126786243,10427.2610183266,-11104.2126786243,0,0,0,0,0,0,0,NaN,NaN,NaN,NaN
P08_opposed_20pct,B0,baseline,baseline,814,0.0813,1250,833.333333333333,10331.444358023,-11071.4512812367,10331.444358023,-11071.4512812367,0,0,0,0,0,0,0,NaN,NaN,NaN,NaN
P08_opposed_20pct,B0,baseline,baseline,815,0.0814,1250,833.333333333333,10342.8824267955,-11211.4249158836,10342.8824267955,-11211.4249158836,0,0,0,0,0,0,0,NaN,NaN,NaN,NaN
P08_opposed_20pct,B0,baseline,baseline,816,0.0815,1250,833.333333333333,10444.4100190905,-11465.7830711696,10444.4100190905,-11465.7830711696,0,0,0,0,0,0,0,NaN,NaN,NaN,NaN
P08_opposed_20pct,B0,baseline,baseline,817,0.0816,1250,833.333333333333,10551.9683431162,-11607.7050108661,10551.9683431162,-11607.7050108661,0,0,0,0,0,0,0,NaN,NaN,NaN,NaN
P08_opposed_20pct,B0,baseline,baseline,818,0.0817,1250,833.333333333333,10634.2792999725,-11598.0662731464,10634.2792999725,-11598.0662731464,0,0,0,0,0,0,0,NaN,NaN,NaN,NaN
P08_opposed_20pct,B0,baseline,baseline,819,0.0818,1250,833.333333333333,10628.5689625967,-11468.8818433657,10628.5689625967,-11468.8818433657,0,0,0,0,0,0,0,NaN,NaN,NaN,NaN
P08_opposed_20pct,B0,baseline,baseline,820,0.0819,1250,833.333333333333,10617.4246309121,-11369.441243724,10617.4246309121,-11369.441243724,0,0,0,0,0,0,0,NaN,NaN,NaN,NaN
P08_opposed_20pct,B0,baseline,baseline,821,0.082,1250,833.333333333333,10643.7585099044,-11417.2126638591,10643.7585099044,-11417.2126638591,0,0,0,0,0,0,0,NaN,NaN,NaN,NaN
P08_opposed_20pct,B0,baseline,baseline,822,0.0821,1250,833.333333333333,10641.2660846783,-11480.8486222389,10641.2660846783,-11480.8486222389,0,0,0,0,0,0,0,NaN,NaN,NaN,NaN
P08_opposed_20pct,B0,baseline,baseline,823,0.0822,1250,833.333333333333,10630.5694314467,-11494.4637391742,10630.5694314467,-11494.4637391742,0,0,0,0,0,0,0,NaN,NaN,NaN,NaN
P08_opposed_20pct,B0,baseline,baseline,824,0.0823,1250,833.333333333333,10674.1161154995,-11564.7519094672,10674.1161154995,-11564.7519094672,0,0,0,0,0,0,0,NaN,NaN,NaN,NaN
P08_opposed_20pct,B0,baseline,baseline,825,0.0824,1250,833.333333333333,10669.6070093169,-11552.9930901927,10669.6070093169,-11552.9930901927,0,0,0,0,0,0,0,NaN,NaN,NaN,NaN
P08_opposed_20pct,B0,baseline,baseline,826,0.0825,1250,833.333333333333,10645.5171750414,-11475.3327523718,10645.5171750414,-11475.3327523718,0,0,0,0,0,0,0,NaN,NaN,NaN,NaN
P08_opposed_20pct,B0,baseline,baseline,827,0.0826,1250,833.333333333333,10596.8074625917,-11388.1856370252,10596.8074625917,-11388.1856370252,0,0,0,0,0,0,0,NaN,NaN,NaN,NaN
P08_opposed_20pct,B0,baseline,baseline,828,0.0827,1250,833.333333333333,10518.3665068381,-11291.8480521106,10518.3665068381,-11291.8480521106,0,0,0,0,0,0,0,NaN,NaN,NaN,NaN
P08_opposed_20pct,B0,baseline,baseline,829,0.0828,1250,833.333333333333,10550.2217771685,-11387.6347067521,10550.2217771685,-11387.6347067521,0,0,0,0,0,0,0,NaN,NaN,NaN,NaN
P08_opposed_20pct,B0,baseline,baseline,830,0.0829,1250,833.333333333333,10585.9599262839,-11511.4284881162,10585.9599262839,-11511.4284881162,0,0,0,0,0,0,0,NaN,NaN,NaN,NaN
P08_opposed_20pct,B0,baseline,baseline,831,0.083,1250,833.333333333333,10590.7419748131,-11507.2542798933,10590.7419748131,-11507.2542798933,0,0,0,0,0,0,0,NaN,NaN,NaN,NaN
P08_opposed_20pct,B0,baseline,baseline,832,0.0831,1250,833.333333333333,10582.632230787,-11420.5894412528,10582.632230787,-11420.5894412528,0,0,0,0,0,0,0,NaN,NaN,NaN,NaN
P08_opposed_20pct,B0,baseline,baseline,833,0.0832,1250,833.333333333333,10505.3729627265,-11219.8618372532,10505.3729627265,-11219.8618372532,0,0,0,0,0,0,0,NaN,NaN,NaN,NaN
P08_opposed_20pct,B0,baseline,baseline,834,0.0833,1250,833.333333333333,10423.1690348659,-11115.8938718488,10423.1690348659,-11115.8938718488,0,0,0,0,0,0,0,NaN,NaN,NaN,NaN
P08_opposed_20pct,B0,baseline,baseline,835,0.0834,1250,833.333333333333,10384.3360569592,-11184.3335612053,10384.3360569592,-11184.3335612053,0,0,0,0,0,0,0,NaN,NaN,NaN,NaN
P08_opposed_20pct,B0,baseline,baseline,836,0.0835,1250,833.333333333333,10364.4762069971,-11279.8775769262,10364.4762069971,-11279.8775769262,0,0,0,0,0,0,0,NaN,NaN,NaN,NaN
P08_opposed_20pct,B0,baseline,baseline,837,0.0836,1250,833.333333333333,10417.8483865374,-11408.6211432069,10417.8483865374,-11408.6211432069,0,0,0,0,0,0,0,NaN,NaN,NaN,NaN
P08_opposed_20pct,B0,baseline,baseline,838,0.0837,1250,833.333333333333,10547.0059285917,-11546.7501010022,10547.0059285917,-11546.7501010022,0,0,0,0,0,0,0,NaN,NaN,NaN,NaN
P08_opposed_20pct,B0,baseline,baseline,839,0.0838,1250,833.333333333333,10619.4638107244,-11567.7021563052,10619.4638107244,-11567.7021563052,0,0,0,0,0,0,0,NaN,NaN,NaN,NaN
P08_opposed_20pct,B0,baseline,baseline,840,0.0839,1250,833.333333333333,10671.6373201525,-11550.0716367006,10671.6373201525,-11550.0716367006,0,0,0,0,0,0,0,NaN,NaN,NaN,NaN
P08_opposed_20pct,B0,baseline,baseline,841,0.084,1250,833.333333333333,10672.2520239634,-11482.1515216908,10672.2520239634,-11482.1515216908,0,0,0,0,0,0,0,NaN,NaN,NaN,NaN
P08_opposed_20pct,B0,baseline,baseline,842,0.0841,1250,833.333333333333,10639.869182509,-11407.4968502022,10639.869182509,-11407.4968502022,0,0,0,0,0,0,0,NaN,NaN,NaN,NaN
P08_opposed_20pct,B0,baseline,baseline,843,0.0842,1250,833.333333333333,10652.5321913562,-11440.0346036975,10652.5321913562,-11440.0346036975,0,0,0,0,0,0,0,NaN,NaN,NaN,NaN
P08_opposed_20pct,B0,baseline,baseline,844,0.0843,1250,833.333333333333,10639.8250770147,-11479.017824293,10639.8250770147,-11479.017824293,0,0,0,0,0,0,0,NaN,NaN,NaN,NaN
P08_opposed_20pct,B0,baseline,baseline,845,0.0844,1250,833.333333333333,10680.1720288579,-11568.5931685243,10680.1720288579,-11568.5931685243,0,0,0,0,0,0,0,NaN,NaN,NaN,NaN
P08_opposed_20pct,B0,baseline,baseline,846,0.0845,1250,833.333333333333,10668.9086998456,-11564.2786185911,10668.9086998456,-11564.2786185911,0,0,0,0,0,0,0,NaN,NaN,NaN,NaN
P08_opposed_20pct,B0,baseline,baseline,847,0.0846,1250,833.333333333333,10642.1547391625,-11487.296503008,10642.1547391625,-11487.296503008,0,0,0,0,0,0,0,NaN,NaN,NaN,NaN
P08_opposed_20pct,B0,baseline,baseline,848,0.0847,1250,833.333333333333,10595.5662105244,-11390.9028603601,10595.5662105244,-11390.9028603601,0,0,0,0,0,0,0,NaN,NaN,NaN,NaN
P08_opposed_20pct,B0,baseline,baseline,849,0.0848,1250,833.333333333333,10521.4342813788,-11286.9391696259,10521.4342813788,-11286.9391696259,0,0,0,0,0,0,0,NaN,NaN,NaN,NaN
P08_opposed_20pct,B0,baseline,baseline,850,0.0849,1250,833.333333333333,10550.5982820599,-11380.4050136493,10550.5982820599,-11380.4050136493,0,0,0,0,0,0,0,NaN,NaN,NaN,NaN
P08_opposed_20pct,B0,baseline,baseline,851,0.085,1250,833.333333333333,10581.858345514,-11502.6221472932,10581.858345514,-11502.6221472932,0,0,0,0,0,0,0,NaN,NaN,NaN,NaN
P08_opposed_20pct,B0,baseline,baseline,852,0.0851,1250,833.333333333333,10585.1092345124,-11497.216790285,10585.1092345124,-11497.216790285,0,0,0,0,0,0,0,NaN,NaN,NaN,NaN
P08_opposed_20pct,B0,baseline,baseline,853,0.0852,1250,833.333333333333,10578.095440935,-11410.1181069842,10578.095440935,-11410.1181069842,0,0,0,0,0,0,0,NaN,NaN,NaN,NaN
P08_opposed_20pct,B0,baseline,baseline,854,0.0853,1250,833.333333333333,10503.6109270914,-11216.0635502212,10503.6109270914,-11216.0635502212,0,0,0,0,0,0,0,NaN,NaN,NaN,NaN
P08_opposed_20pct,B0,baseline,baseline,855,0.0854,1250,833.333333333333,10425.7540261024,-11115.6356920856,10425.7540261024,-11115.6356920856,0,0,0,0,0,0,0,NaN,NaN,NaN,NaN
P08_opposed_20pct,B0,baseline,baseline,856,0.0855,1250,833.333333333333,10404.5692697512,-11208.01840815,10404.5692697512,-11208.01840815,0,0,0,0,0,0,0,NaN,NaN,NaN,NaN
P08_opposed_20pct,B0,baseline,baseline,857,0.0856,1250,833.333333333333,10401.0336408264,-11332.7084526388,10401.0336408264,-11332.7084526388,0,0,0,0,0,0,0,NaN,NaN,NaN,NaN
P08_opposed_20pct,B0,baseline,baseline,858,0.0857,1250,833.333333333333,10461.6315976061,-11463.7369529247,10461.6315976061,-11463.7369529247,0,0,0,0,0,0,0,NaN,NaN,NaN,NaN
P08_opposed_20pct,B0,baseline,baseline,859,0.0858,1250,833.333333333333,10588.0010145002,-11589.6350628584,10588.0010145002,-11589.6350628584,0,0,0,0,0,0,0,NaN,NaN,NaN,NaN
P08_opposed_20pct,B0,baseline,baseline,860,0.0859,1250,833.333333333333,10645.4123417415,-11581.1249714983,10645.4123417415,-11581.1249714983,0,0,0,0,0,0,0,NaN,NaN,NaN,NaN
P08_opposed_20pct,B0,baseline,baseline,861,0.086,1250,833.333333333333,10688.846959087,-11544.6543999584,10688.846959087,-11544.6543999584,0,0,0,0,0,0,0,NaN,NaN,NaN,NaN
P08_opposed_20pct,B0,baseline,baseline,862,0.0861,1250,833.333333333333,10685.4342042916,-11483.9285957135,10685.4342042916,-11483.9285957135,0,0,0,0,0,0,0,NaN,NaN,NaN,NaN
P08_opposed_20pct,B0,baseline,baseline,863,0.0862,1250,833.333333333333,10645.9293006973,-11412.3281042541,10645.9293006973,-11412.3281042541,0,0,0,0,0,0,0,NaN,NaN,NaN,NaN
P08_opposed_20pct,B0,baseline,baseline,864,0.0863,1250,833.333333333333,10654.6554327877,-11445.6726665753,10654.6554327877,-11445.6726665753,0,0,0,0,0,0,0,NaN,NaN,NaN,NaN
P08_opposed_20pct,B0,baseline,baseline,865,0.0864,1250,833.333333333333,10638.8019218751,-11482.1594201564,10638.8019218751,-11482.1594201564,0,0,0,0,0,0,0,NaN,NaN,NaN,NaN
P08_opposed_20pct,B0,baseline,baseline,866,0.0865,1250,833.333333333333,10676.3059654036,-11566.6883517274,10676.3059654036,-11566.6883517274,0,0,0,0,0,0,0,NaN,NaN,NaN,NaN
P08_opposed_20pct,B0,baseline,baseline,867,0.0866,1250,833.333333333333,10664.6926340549,-11560.7937608522,10664.6926340549,-11560.7937608522,0,0,0,0,0,0,0,NaN,NaN,NaN,NaN
P08_opposed_20pct,B0,baseline,baseline,868,0.0867,1250,833.333333333333,10638.2904735611,-11485.875550524,10638.2904735611,-11485.875550524,0,0,0,0,0,0,0,NaN,NaN,NaN,NaN
P08_opposed_20pct,B0,baseline,baseline,869,0.0868,1250,833.333333333333,10593.2967985124,-11392.959348609,10593.2967985124,-11392.959348609,0,0,0,0,0,0,0,NaN,NaN,NaN,NaN
P08_opposed_20pct,B0,baseline,baseline,870,0.0869,1250,833.333333333333,10521.8194907768,-11290.4613255992,10521.8194907768,-11290.4613255992,0,0,0,0,0,0,0,NaN,NaN,NaN,NaN
P08_opposed_20pct,B0,baseline,baseline,871,0.087,1250,833.333333333333,10549.6604592446,-11378.6602159501,10549.6604592446,-11378.6602159501,0,0,0,0,0,0,0,NaN,NaN,NaN,NaN
P08_opposed_20pct,B0,baseline,baseline,872,0.0871,1250,833.333333333333,10578.9376375851,-11494.449906165,10578.9376375851,-11494.449906165,0,0,0,0,0,0,0,NaN,NaN,NaN,NaN
P08_opposed_20pct,B0,baseline,baseline,873,0.0872,1250,833.333333333333,10580.8485016581,-11484.9469273396,10580.8485016581,-11484.9469273396,0,0,0,0,0,0,0,NaN,NaN,NaN,NaN
P08_opposed_20pct,B0,baseline,baseline,874,0.0873,1250,833.333333333333,10574.4538188712,-11396.6007897428,10574.4538188712,-11396.6007897428,0,0,0,0,0,0,0,NaN,NaN,NaN,NaN
P08_opposed_20pct,B0,baseline,baseline,875,0.0874,1250,833.333333333333,10493.072961846,-11226.3900366901,10493.072961846,-11226.3900366901,0,0,0,0,0,0,0,NaN,NaN,NaN,NaN
P08_opposed_20pct,B0,baseline,baseline,876,0.0875,1250,833.333333333333,10410.9790205356,-11136.0787241847,10410.9790205356,-11136.0787241847,0,0,0,0,0,0,0,NaN,NaN,NaN,NaN
P08_opposed_20pct,B0,baseline,baseline,877,0.0876,1250,833.333333333333,10408.6721649186,-11233.8815112843,10408.6721649186,-11233.8815112843,0,0,0,0,0,0,0,NaN,NaN,NaN,NaN
P08_opposed_20pct,B0,baseline,baseline,878,0.0877,1250,833.333333333333,10427.3595139883,-11369.6445011053,10427.3595139883,-11369.6445011053,0,0,0,0,0,0,0,NaN,NaN,NaN,NaN
P08_opposed_20pct,B0,baseline,baseline,879,0.0878,1250,833.333333333333,10507.4289777177,-11494.0283483558,10507.4289777177,-11494.0283483558,0,0,0,0,0,0,0,NaN,NaN,NaN,NaN
P08_opposed_20pct,B0,baseline,baseline,880,0.0879,1250,833.333333333333,10635.879325321,-11624.8667547242,10635.879325321,-11624.8667547242,0,0,0,0,0,0,0,NaN,NaN,NaN,NaN
P08_opposed_20pct,B0,baseline,baseline,881,0.088,1250,833.333333333333,10675.2222768122,-11609.964443666,10675.2222768122,-11609.964443666,0,0,0,0,0,0,0,NaN,NaN,NaN,NaN
P08_opposed_20pct,B0,baseline,baseline,882,0.0881,1250,833.333333333333,10710.0223636124,-11551.445428599,10710.0223636124,-11551.445428599,0,0,0,0,0,0,0,NaN,NaN,NaN,NaN
P08_opposed_20pct,B0,baseline,baseline,883,0.0882,1250,833.333333333333,10701.0928607143,-11485.9276559313,10701.0928607143,-11485.9276559313,0,0,0,0,0,0,0,NaN,NaN,NaN,NaN
P08_opposed_20pct,B0,baseline,baseline,884,0.0883,1250,833.333333333333,10654.0833128132,-11410.0684188998,10654.0833128132,-11410.0684188998,0,0,0,0,0,0,0,NaN,NaN,NaN,NaN
P08_opposed_20pct,B0,baseline,baseline,885,0.0884,1250,833.333333333333,10659.1187478746,-11446.3803356101,10659.1187478746,-11446.3803356101,0,0,0,0,0,0,0,NaN,NaN,NaN,NaN
P08_opposed_20pct,B0,baseline,baseline,886,0.0885,1250,833.333333333333,10639.892748688,-11485.0456098917,10639.892748688,-11485.0456098917,0,0,0,0,0,0,0,NaN,NaN,NaN,NaN
P08_opposed_20pct,B0,baseline,baseline,887,0.0886,1250,833.333333333333,10674.2436867096,-11567.3911771384,10674.2436867096,-11567.3911771384,0,0,0,0,0,0,0,NaN,NaN,NaN,NaN
P08_opposed_20pct,B0,baseline,baseline,888,0.0887,1250,833.333333333333,10661.7418993969,-11559.1610233749,10661.7418993969,-11559.1610233749,0,0,0,0,0,0,0,NaN,NaN,NaN,NaN
P08_opposed_20pct,B0,baseline,baseline,889,0.0888,1250,833.333333333333,10635.2935750114,-11483.6516996757,10635.2935750114,-11483.6516996757,0,0,0,0,0,0,0,NaN,NaN,NaN,NaN
P08_opposed_20pct,B0,baseline,baseline,890,0.0889,1250,833.333333333333,10591.8551028595,-11392.9476448803,10591.8551028595,-11392.9476448803,0,0,0,0,0,0,0,NaN,NaN,NaN,NaN
P08_opposed_20pct,B0,baseline,baseline,891,0.089,1250,833.333333333333,10522.9058694313,-11292.4840469211,10522.9058694313,-11292.4840469211,0,0,0,0,0,0,0,NaN,NaN,NaN,NaN
P08_opposed_20pct,B0,baseline,baseline,892,0.0891,1250,833.333333333333,10549.2262027392,-11376.5333362477,10549.2262027392,-11376.5333362477,0,0,0,0,0,0,0,NaN,NaN,NaN,NaN
P08_opposed_20pct,B0,baseline,baseline,893,0.0892,1250,833.333333333333,10576.3867061133,-11486.371174546,10576.3867061133,-11486.371174546,0,0,0,0,0,0,0,NaN,NaN,NaN,NaN
P08_opposed_20pct,B0,baseline,baseline,894,0.0893,1250,833.333333333333,10576.928282282,-11472.4097873585,10576.928282282,-11472.4097873585,0,0,0,0,0,0,0,NaN,NaN,NaN,NaN
P08_opposed_20pct,B0,baseline,baseline,895,0.0894,1250,833.333333333333,10571.4030188969,-11382.297765113,10571.4030188969,-11382.297765113,0,0,0,0,0,0,0,NaN,NaN,NaN,NaN
P08_opposed_20pct,B0,baseline,baseline,896,0.0895,1250,833.333333333333,10483.4872741577,-11236.2640992088,10483.4872741577,-11236.2640992088,0,0,0,0,0,0,0,NaN,NaN,NaN,NaN
P08_opposed_20pct,B0,baseline,baseline,897,0.0896,1250,833.333333333333,10397.3255432676,-11155.8766428476,10397.3255432676,-11155.8766428476,0,0,0,0,0,0,0,NaN,NaN,NaN,NaN
P08_opposed_20pct,B0,baseline,baseline,898,0.0897,1250,833.333333333333,10413.7971131366,-11259.2404318728,10413.7971131366,-11259.2404318728,0,0,0,0,0,0,0,NaN,NaN,NaN,NaN
P08_opposed_20pct,B0,baseline,baseline,899,0.0898,1250,833.333333333333,10454.4823179485,-11406.7732635521,10454.4823179485,-11406.7732635521,0,0,0,0,0,0,0,NaN,NaN,NaN,NaN
P08_opposed_20pct,B0,baseline,baseline,900,0.0899,1250,833.333333333333,10553.6926057467,-11524.8705297547,10553.6926057467,-11524.8705297547,0,0,0,0,0,0,0,NaN,NaN,NaN,NaN
P08_opposed_20pct,B0,baseline,baseline,901,0.09,1250,833.333333333333,10683.8497778916,-11661.7268851708,10683.8497778916,-11661.7268851708,0,0,0,0,0,0,0,NaN,NaN,NaN,NaN
P08_opposed_20pct,B0,baseline,baseline,902,0.0901,1250,833.333333333333,10704.7209907834,-11640.554537981,10704.7209907834,-11640.554537981,0,0,0,0,0,0,0,NaN,NaN,NaN,NaN
P08_opposed_20pct,B0,baseline,baseline,903,0.0902,1250,833.333333333333,10730.4297106022,-11559.2131728638,10730.4297106022,-11559.2131728638,0,0,0,0,0,0,0,NaN,NaN,NaN,NaN
P08_opposed_20pct,B0,baseline,baseline,904,0.0903,1250,833.333333333333,10715.6797544383,-11488.6187507603,10715.6797544383,-11488.6187507603,0,0,0,0,0,0,0,NaN,NaN,NaN,NaN
P08_opposed_20pct,B0,baseline,baseline,905,0.0904,1250,833.333333333333,10661.041892816,-11408.0716815102,10661.041892816,-11408.0716815102,0,0,0,0,0,0,0,NaN,NaN,NaN,NaN
P08_opposed_20pct,B0,baseline,baseline,906,0.0905,1250,833.333333333333,10662.3376584711,-11447.500650938,10662.3376584711,-11447.500650938,0,0,0,0,0,0,0,NaN,NaN,NaN,NaN
P08_opposed_20pct,B0,baseline,baseline,907,0.0906,1250,833.333333333333,10696.3851630576,-11580.0793880047,10696.3851630576,-11580.0793880047,0,0,0,0,0,0,0,NaN,NaN,NaN,NaN
P08_opposed_20pct,B0,baseline,baseline,908,0.0907,1250,833.333333333333,10681.0064240605,-11588.0464054499,10681.0064240605,-11588.0464054499,0,0,0,0,0,0,0,NaN,NaN,NaN,NaN
P08_opposed_20pct,B0,baseline,baseline,909,0.0908,1250,833.333333333333,10650.4052169595,-11501.5638707645,10650.4052169595,-11501.5638707645,0,0,0,0,0,0,0,NaN,NaN,NaN,NaN
P08_opposed_20pct,B0,baseline,baseline,910,0.0909,1250,833.333333333333,10597.9292567879,-11392.2551321009,10597.9292567879,-11392.2551321009,0,0,0,0,0,0,0,NaN,NaN,NaN,NaN
P08_opposed_20pct,B0,baseline,baseline,911,0.091,1250,833.333333333333,10516.962727632,-11276.2630770341,10516.962727632,-11276.2630770341,0,0,0,0,0,0,0,NaN,NaN,NaN,NaN
P08_opposed_20pct,B0,baseline,baseline,912,0.0911,1250,833.333333333333,10550.7570565318,-11377.6808350057,10550.7570565318,-11377.6808350057,0,0,0,0,0,0,0,NaN,NaN,NaN,NaN
P08_opposed_20pct,B0,baseline,baseline,913,0.0912,1250,833.333333333333,10586.9845870698,-11519.7353735413,10586.9845870698,-11519.7353735413,0,0,0,0,0,0,0,NaN,NaN,NaN,NaN
P08_opposed_20pct,B0,baseline,baseline,914,0.0913,1250,833.333333333333,10538.8236537098,-11438.226741926,10538.8236537098,-11438.226741926,0,0,0,0,0,0,0,NaN,NaN,NaN,NaN
P08_opposed_20pct,B0,baseline,baseline,915,0.0914,1250,833.333333333333,10466.8768988684,-11260.7006438565,10466.8768988684,-11260.7006438565,0,0,0,0,0,0,0,NaN,NaN,NaN,NaN
P08_opposed_20pct,B0,baseline,baseline,916,0.0915,1250,833.333333333333,10369.9199677438,-11116.0619872809,10369.9199677438,-11116.0619872809,0,0,0,0,0,0,0,NaN,NaN,NaN,NaN
P08_opposed_20pct,B0,baseline,baseline,917,0.0916,1250,833.333333333333,10339.8509846236,-11123.6721742218,10339.8509846236,-11123.6721742218,0,0,0,0,0,0,0,NaN,NaN,NaN,NaN
P08_opposed_20pct,B0,baseline,baseline,918,0.0917,1250,833.333333333333,10453.0444475377,-11377.918588168,10453.0444475377,-11377.918588168,0,0,0,0,0,0,0,NaN,NaN,NaN,NaN
P08_opposed_20pct,B0,baseline,baseline,919,0.0918,1250,833.333333333333,10546.6579016129,-11593.1393787108,10546.6579016129,-11593.1393787108,0,0,0,0,0,0,0,NaN,NaN,NaN,NaN
P08_opposed_20pct,B0,baseline,baseline,920,0.0919,1250,833.333333333333,10614.0184790124,-11625.3902080415,10614.0184790124,-11625.3902080415,0,0,0,0,0,0,0,NaN,NaN,NaN,NaN
P08_opposed_20pct,B0,baseline,baseline,921,0.092,1250,833.333333333333,10713.768948895,-11653.4837473086,10713.768948895,-11653.4837473086,0,0,0,0,0,0,0,NaN,NaN,NaN,NaN
P08_opposed_20pct,B0,baseline,baseline,922,0.0921,1250,833.333333333333,10722.5296571039,-11573.1703860707,10722.5296571039,-11573.1703860707,0,0,0,0,0,0,0,NaN,NaN,NaN,NaN
P08_opposed_20pct,B0,baseline,baseline,923,0.0922,1250,833.333333333333,10741.164849298,-11501.7062554793,10741.164849298,-11501.7062554793,0,0,0,0,0,0,0,NaN,NaN,NaN,NaN
P08_opposed_20pct,B0,baseline,baseline,924,0.0923,1250,833.333333333333,10724.299253417,-11488.0563153163,10724.299253417,-11488.0563153163,0,0,0,0,0,0,0,NaN,NaN,NaN,NaN
P08_opposed_20pct,B0,baseline,baseline,925,0.0924,1250,833.333333333333,10664.4087918171,-11449.3446896707,10664.4087918171,-11449.3446896707,0,0,0,0,0,0,0,NaN,NaN,NaN,NaN
P08_opposed_20pct,B0,baseline,baseline,926,0.0925,1250,833.333333333333,10656.4896532717,-11466.4219135558,10656.4896532717,-11466.4219135558,0,0,0,0,0,0,0,NaN,NaN,NaN,NaN
P08_opposed_20pct,B0,baseline,baseline,927,0.0926,1250,833.333333333333,10633.5663316296,-11477.1004781206,10633.5663316296,-11477.1004781206,0,0,0,0,0,0,0,NaN,NaN,NaN,NaN
P08_opposed_20pct,B0,baseline,baseline,928,0.0927,1250,833.333333333333,10675.8982157855,-11557.7878070284,10675.8982157855,-11557.7878070284,0,0,0,0,0,0,0,NaN,NaN,NaN,NaN
P08_opposed_20pct,B0,baseline,baseline,929,0.0928,1250,833.333333333333,10667.2897166034,-11556.9580820456,10667.2897166034,-11556.9580820456,0,0,0,0,0,0,0,NaN,NaN,NaN,NaN
P08_opposed_20pct,B0,baseline,baseline,930,0.0929,1250,833.333333333333,10642.491067491,-11489.2360899341,10642.491067491,-11489.2360899341,0,0,0,0,0,0,0,NaN,NaN,NaN,NaN
P08_opposed_20pct,B0,baseline,baseline,931,0.093,1250,833.333333333333,10594.6970697126,-11396.8472148441,10594.6970697126,-11396.8472148441,0,0,0,0,0,0,0,NaN,NaN,NaN,NaN
P08_opposed_20pct,B0,baseline,baseline,932,0.0931,1250,833.333333333333,10517.393694116,-11288.5893123383,10517.393694116,-11288.5893123383,0,0,0,0,0,0,0,NaN,NaN,NaN,NaN
P08_opposed_20pct,B0,baseline,baseline,933,0.0932,1250,833.333333333333,10551.2414243093,-11384.9796062471,10551.2414243093,-11384.9796062471,0,0,0,0,0,0,0,NaN,NaN,NaN,NaN
P08_opposed_20pct,B0,baseline,baseline,934,0.0933,1250,833.333333333333,10588.2567306412,-11515.3038063429,10588.2567306412,-11515.3038063429,0,0,0,0,0,0,0,NaN,NaN,NaN,NaN
P08_opposed_20pct,B0,baseline,baseline,935,0.0934,1250,833.333333333333,10595.5107634159,-11517.9598739827,10595.5107634159,-11517.9598739827,0,0,0,0,0,0,0,NaN,NaN,NaN,NaN
P08_opposed_20pct,B0,baseline,baseline,936,0.0935,1250,833.333333333333,10587.4673762424,-11434.1407691383,10587.4673762424,-11434.1407691383,0,0,0,0,0,0,0,NaN,NaN,NaN,NaN
P08_opposed_20pct,B0,baseline,baseline,937,0.0936,1250,833.333333333333,10504.7472467234,-11231.028957704,10504.7472467234,-11231.028957704,0,0,0,0,0,0,0,NaN,NaN,NaN,NaN
P08_opposed_20pct,B0,baseline,baseline,938,0.0937,1250,833.333333333333,10427.2610183257,-11104.2126786259,10427.2610183257,-11104.2126786259,0,0,0,0,0,0,0,NaN,NaN,NaN,NaN
P08_opposed_20pct,B0,baseline,baseline,939,0.0938,1250,833.333333333333,10331.4443580215,-11071.4512812392,10331.4443580215,-11071.4512812392,0,0,0,0,0,0,0,NaN,NaN,NaN,NaN
P08_opposed_20pct,B0,baseline,baseline,940,0.0939,1250,833.333333333333,10342.8824267955,-11211.4249158864,10342.8824267955,-11211.4249158864,0,0,0,0,0,0,0,NaN,NaN,NaN,NaN
P08_opposed_20pct,B0,baseline,baseline,941,0.094,1250,833.333333333333,10444.4100190924,-11465.7830711739,10444.4100190924,-11465.7830711739,0,0,0,0,0,0,0,NaN,NaN,NaN,NaN
P08_opposed_20pct,B0,baseline,baseline,942,0.0941,1250,833.333333333333,10551.9683431198,-11607.7050108698,10551.9683431198,-11607.7050108698,0,0,0,0,0,0,0,NaN,NaN,NaN,NaN
P08_opposed_20pct,B0,baseline,baseline,943,0.0942,1250,833.333333333333,10634.2792999761,-11598.0662731491,10634.2792999761,-11598.0662731491,0,0,0,0,0,0,0,NaN,NaN,NaN,NaN
P08_opposed_20pct,B0,baseline,baseline,944,0.0943,1250,833.333333333333,10628.5689625987,-11468.8818433671,10628.5689625987,-11468.8818433671,0,0,0,0,0,0,0,NaN,NaN,NaN,NaN
P08_opposed_20pct,B0,baseline,baseline,945,0.0944,1250,833.333333333333,10617.4246309134,-11369.4412437232,10617.4246309134,-11369.4412437232,0,0,0,0,0,0,0,NaN,NaN,NaN,NaN
P08_opposed_20pct,B0,baseline,baseline,946,0.0945,1250,833.333333333333,10643.7585099055,-11417.2126638588,10643.7585099055,-11417.2126638588,0,0,0,0,0,0,0,NaN,NaN,NaN,NaN
P08_opposed_20pct,B0,baseline,baseline,947,0.0946,1250,833.333333333333,10641.266084679,-11480.8486222395,10641.266084679,-11480.8486222395,0,0,0,0,0,0,0,NaN,NaN,NaN,NaN
P08_opposed_20pct,B0,baseline,baseline,948,0.0947,1250,833.333333333333,10630.5694314471,-11494.4637391748,10630.5694314471,-11494.4637391748,0,0,0,0,0,0,0,NaN,NaN,NaN,NaN
P08_opposed_20pct,B0,baseline,baseline,949,0.0948,1250,833.333333333333,10674.1161154997,-11564.7519094673,10674.1161154997,-11564.7519094673,0,0,0,0,0,0,0,NaN,NaN,NaN,NaN
P08_opposed_20pct,B0,baseline,baseline,950,0.0949,1250,833.333333333333,10669.607009317,-11552.9930901925,10669.607009317,-11552.9930901925,0,0,0,0,0,0,0,NaN,NaN,NaN,NaN
P08_opposed_20pct,B0,baseline,baseline,951,0.095,1250,833.333333333333,10645.5171750415,-11475.3327523716,10645.5171750415,-11475.3327523716,0,0,0,0,0,0,0,NaN,NaN,NaN,NaN
P08_opposed_20pct,B0,baseline,baseline,952,0.0951,1250,833.333333333333,10596.8074625917,-11388.1856370252,10596.8074625917,-11388.1856370252,0,0,0,0,0,0,0,NaN,NaN,NaN,NaN
P08_opposed_20pct,B0,baseline,baseline,953,0.0952,1250,833.333333333333,10518.366506838,-11291.8480521108,10518.366506838,-11291.8480521108,0,0,0,0,0,0,0,NaN,NaN,NaN,NaN
P08_opposed_20pct,B0,baseline,baseline,954,0.0953,1250,833.333333333333,10550.2217771683,-11387.6347067523,10550.2217771683,-11387.6347067523,0,0,0,0,0,0,0,NaN,NaN,NaN,NaN
P08_opposed_20pct,B0,baseline,baseline,955,0.0954,1250,833.333333333333,10585.9599262837,-11511.428488116,10585.9599262837,-11511.428488116,0,0,0,0,0,0,0,NaN,NaN,NaN,NaN
P08_opposed_20pct,B0,baseline,baseline,956,0.0955,1250,833.333333333333,10590.7419748129,-11507.2542798929,10590.7419748129,-11507.2542798929,0,0,0,0,0,0,0,NaN,NaN,NaN,NaN
P08_opposed_20pct,B0,baseline,baseline,957,0.0956,1250,833.333333333333,10582.6322307868,-11420.5894412523,10582.6322307868,-11420.5894412523,0,0,0,0,0,0,0,NaN,NaN,NaN,NaN
P08_opposed_20pct,B0,baseline,baseline,958,0.0957,1250,833.333333333333,10505.3729627265,-11219.8618372529,10505.3729627265,-11219.8618372529,0,0,0,0,0,0,0,NaN,NaN,NaN,NaN
P08_opposed_20pct,B0,baseline,baseline,959,0.0958,1250,833.333333333333,10423.1690348661,-11115.8938718485,10423.1690348661,-11115.8938718485,0,0,0,0,0,0,0,NaN,NaN,NaN,NaN
P08_opposed_20pct,B0,baseline,baseline,960,0.0959,1250,833.333333333333,10384.33605696,-11184.333561206,10384.33605696,-11184.333561206,0,0,0,0,0,0,0,NaN,NaN,NaN,NaN
P08_opposed_20pct,B0,baseline,baseline,961,0.096,1250,833.333333333333,10364.4762069983,-11279.877576928,10364.4762069983,-11279.877576928,0,0,0,0,0,0,0,NaN,NaN,NaN,NaN
P08_opposed_20pct,B0,baseline,baseline,962,0.0961,1250,833.333333333333,10417.8483865388,-11408.6211432089,10417.8483865388,-11408.6211432089,0,0,0,0,0,0,0,NaN,NaN,NaN,NaN
P08_opposed_20pct,B0,baseline,baseline,963,0.0962,1250,833.333333333333,10547.005928593,-11546.7501010036,10547.005928593,-11546.7501010036,0,0,0,0,0,0,0,NaN,NaN,NaN,NaN
P08_opposed_20pct,B0,baseline,baseline,964,0.0963,1250,833.333333333333,10619.4638107253,-11567.7021563055,10619.4638107253,-11567.7021563055,0,0,0,0,0,0,0,NaN,NaN,NaN,NaN
P08_opposed_20pct,B0,baseline,baseline,965,0.0964,1250,833.333333333333,10671.6373201531,-11550.0716367002,10671.6373201531,-11550.0716367002,0,0,0,0,0,0,0,NaN,NaN,NaN,NaN
P08_opposed_20pct,B0,baseline,baseline,966,0.0965,1250,833.333333333333,10672.2520239638,-11482.1515216908,10672.2520239638,-11482.1515216908,0,0,0,0,0,0,0,NaN,NaN,NaN,NaN
P08_opposed_20pct,B0,baseline,baseline,967,0.0966,1250,833.333333333333,10639.8691825093,-11407.4968502023,10639.8691825093,-11407.4968502023,0,0,0,0,0,0,0,NaN,NaN,NaN,NaN
P08_opposed_20pct,B0,baseline,baseline,968,0.0967,1250,833.333333333333,10652.5321913565,-11440.0346036974,10652.5321913565,-11440.0346036974,0,0,0,0,0,0,0,NaN,NaN,NaN,NaN
P08_opposed_20pct,B0,baseline,baseline,969,0.0968,1250,833.333333333333,10639.8250770149,-11479.017824293,10639.8250770149,-11479.017824293,0,0,0,0,0,0,0,NaN,NaN,NaN,NaN
P08_opposed_20pct,B0,baseline,baseline,970,0.0969,1250,833.333333333333,10680.172028858,-11568.5931685241,10680.172028858,-11568.5931685241,0,0,0,0,0,0,0,NaN,NaN,NaN,NaN
P08_opposed_20pct,B0,baseline,baseline,971,0.097,1250,833.333333333333,10668.9086998456,-11564.278618591,10668.9086998456,-11564.278618591,0,0,0,0,0,0,0,NaN,NaN,NaN,NaN
P08_opposed_20pct,B0,baseline,baseline,972,0.0971,1250,833.333333333333,10642.1547391625,-11487.2965030081,10642.1547391625,-11487.2965030081,0,0,0,0,0,0,0,NaN,NaN,NaN,NaN
P08_opposed_20pct,B0,baseline,baseline,973,0.0972,1250,833.333333333333,10595.5662105244,-11390.9028603601,10595.5662105244,-11390.9028603601,0,0,0,0,0,0,0,NaN,NaN,NaN,NaN
P08_opposed_20pct,B0,baseline,baseline,974,0.0973,1250,833.333333333333,10521.4342813789,-11286.939169626,10521.4342813789,-11286.939169626,0,0,0,0,0,0,0,NaN,NaN,NaN,NaN
P08_opposed_20pct,B0,baseline,baseline,975,0.0974,1250,833.333333333333,10550.5982820598,-11380.4050136491,10550.5982820598,-11380.4050136491,0,0,0,0,0,0,0,NaN,NaN,NaN,NaN
P08_opposed_20pct,B0,baseline,baseline,976,0.0975,1250,833.333333333333,10581.8583455138,-11502.6221472927,10581.8583455138,-11502.6221472927,0,0,0,0,0,0,0,NaN,NaN,NaN,NaN
P08_opposed_20pct,B0,baseline,baseline,977,0.0976,1250,833.333333333333,10585.1092345121,-11497.2167902844,10585.1092345121,-11497.2167902844,0,0,0,0,0,0,0,NaN,NaN,NaN,NaN
P08_opposed_20pct,B0,baseline,baseline,978,0.0977,1250,833.333333333333,10578.0954409348,-11410.1181069835,10578.0954409348,-11410.1181069835,0,0,0,0,0,0,0,NaN,NaN,NaN,NaN
P08_opposed_20pct,B0,baseline,baseline,979,0.0978,1250,833.333333333333,10503.6109270907,-11216.0635502218,10503.6109270907,-11216.0635502218,0,0,0,0,0,0,0,NaN,NaN,NaN,NaN
P08_opposed_20pct,B0,baseline,baseline,980,0.0979,1250,833.333333333333,10425.7540261015,-11115.6356920868,10425.7540261015,-11115.6356920868,0,0,0,0,0,0,0,NaN,NaN,NaN,NaN
P08_opposed_20pct,B0,baseline,baseline,981,0.098,1250,833.333333333333,10404.5692697513,-11208.0184081515,10404.5692697513,-11208.0184081515,0,0,0,0,0,0,0,NaN,NaN,NaN,NaN
P08_opposed_20pct,B0,baseline,baseline,982,0.0981,1250,833.333333333333,10401.0336408277,-11332.708452641,10401.0336408277,-11332.708452641,0,0,0,0,0,0,0,NaN,NaN,NaN,NaN
P08_opposed_20pct,B0,baseline,baseline,983,0.0982,1250,833.333333333333,10461.6315976084,-11463.7369529266,10461.6315976084,-11463.7369529266,0,0,0,0,0,0,0,NaN,NaN,NaN,NaN
P08_opposed_20pct,B0,baseline,baseline,984,0.0983,1250,833.333333333333,10588.0010145027,-11589.6350628605,10588.0010145027,-11589.6350628605,0,0,0,0,0,0,0,NaN,NaN,NaN,NaN
P08_opposed_20pct,B0,baseline,baseline,985,0.0984,1250,833.333333333333,10645.4123417429,-11581.1249714999,10645.4123417429,-11581.1249714999,0,0,0,0,0,0,0,NaN,NaN,NaN,NaN
P08_opposed_20pct,B0,baseline,baseline,986,0.0985,1250,833.333333333333,10688.846959088,-11544.6543999588,10688.846959088,-11544.6543999588,0,0,0,0,0,0,0,NaN,NaN,NaN,NaN
P08_opposed_20pct,B0,baseline,baseline,987,0.0986,1250,833.333333333333,10685.4342042922,-11483.9285957136,10685.4342042922,-11483.9285957136,0,0,0,0,0,0,0,NaN,NaN,NaN,NaN
P08_opposed_20pct,B0,baseline,baseline,988,0.0987,1250,833.333333333333,10645.9293006975,-11412.3281042541,10645.9293006975,-11412.3281042541,0,0,0,0,0,0,0,NaN,NaN,NaN,NaN
P08_opposed_20pct,B0,baseline,baseline,989,0.0988,1250,833.333333333333,10654.6554327875,-11445.6726665756,10654.6554327875,-11445.6726665756,0,0,0,0,0,0,0,NaN,NaN,NaN,NaN
P08_opposed_20pct,B0,baseline,baseline,990,0.0989,1250,833.333333333333,10638.8019218748,-11482.1594201567,10638.8019218748,-11482.1594201567,0,0,0,0,0,0,0,NaN,NaN,NaN,NaN
P08_opposed_20pct,B0,baseline,baseline,991,0.099,1250,833.333333333333,10676.3059654032,-11566.6883517275,10676.3059654032,-11566.6883517275,0,0,0,0,0,0,0,NaN,NaN,NaN,NaN
P08_opposed_20pct,B0,baseline,baseline,992,0.0991,1250,833.333333333333,10664.6926340546,-11560.793760852,10664.6926340546,-11560.793760852,0,0,0,0,0,0,0,NaN,NaN,NaN,NaN
P08_opposed_20pct,B0,baseline,baseline,993,0.0992,1250,833.333333333333,10638.2904735609,-11485.8755505238,10638.2904735609,-11485.8755505238,0,0,0,0,0,0,0,NaN,NaN,NaN,NaN
P08_opposed_20pct,B0,baseline,baseline,994,0.0993,1250,833.333333333333,10593.2967985122,-11392.959348609,10593.2967985122,-11392.959348609,0,0,0,0,0,0,0,NaN,NaN,NaN,NaN
P08_opposed_20pct,B0,baseline,baseline,995,0.0994,1250,833.333333333333,10521.8194907768,-11290.4613255993,10521.8194907768,-11290.4613255993,0,0,0,0,0,0,0,NaN,NaN,NaN,NaN
P08_opposed_20pct,B0,baseline,baseline,996,0.0995,1250,833.333333333333,10549.6604592446,-11378.6602159502,10549.6604592446,-11378.6602159502,0,0,0,0,0,0,0,NaN,NaN,NaN,NaN
P08_opposed_20pct,B0,baseline,baseline,997,0.0996,1250,833.333333333333,10578.937637585,-11494.4499061649,10578.937637585,-11494.4499061649,0,0,0,0,0,0,0,NaN,NaN,NaN,NaN
P08_opposed_20pct,B0,baseline,baseline,998,0.0997,1250,833.333333333333,10580.848501658,-11484.9469273395,10580.848501658,-11484.9469273395,0,0,0,0,0,0,0,NaN,NaN,NaN,NaN
P08_opposed_20pct,B0,baseline,baseline,999,0.0998,1250,833.333333333333,10574.4538188711,-11396.6007897426,10574.4538188711,-11396.6007897426,0,0,0,0,0,0,0,NaN,NaN,NaN,NaN
P08_opposed_20pct,B0,baseline,baseline,1000,0.0999,1250,833.333333333333,10493.0729618459,-11226.3900366902,10493.0729618459,-11226.3900366902,0,0,0,0,0,0,0,NaN,NaN,NaN,NaN
P08_opposed_20pct,B0,baseline,baseline,1001,0.1,1250,833.333333333333,10410.9790205354,-11136.0787241849,10410.9790205354,-11136.0787241849,0,0,0,0,0,0,0,NaN,NaN,NaN,NaN
P08_opposed_20pct,B0,baseline,baseline,1002,0.1001,1250,833.333333333333,10408.6721649187,-11233.8815112846,10408.6721649187,-11233.8815112846,0,0,0,0,0,0,0,NaN,NaN,NaN,NaN
P08_opposed_20pct,B0,baseline,baseline,1003,0.1002,1250,833.333333333333,10427.3595139886,-11369.6445011058,10427.3595139886,-11369.6445011058,0,0,0,0,0,0,0,NaN,NaN,NaN,NaN
P08_opposed_20pct,B0,baseline,baseline,1004,0.1003,1250,833.333333333333,10507.4289777183,-11494.0283483563,10507.4289777183,-11494.0283483563,0,0,0,0,0,0,0,NaN,NaN,NaN,NaN
P08_opposed_20pct,B0,baseline,baseline,1005,0.1004,1250,833.333333333333,10635.8793253216,-11624.8667547248,10635.8793253216,-11624.8667547248,0,0,0,0,0,0,0,NaN,NaN,NaN,NaN
P08_opposed_20pct,B0,baseline,baseline,1006,0.1005,1250,833.333333333333,10675.2222768126,-11609.9644436664,10675.2222768126,-11609.9644436664,0,0,0,0,0,0,0,NaN,NaN,NaN,NaN
P08_opposed_20pct,B0,baseline,baseline,1007,0.1006,1250,833.333333333333,10710.0223636127,-11551.4454285991,10710.0223636127,-11551.4454285991,0,0,0,0,0,0,0,NaN,NaN,NaN,NaN
P08_opposed_20pct,B0,baseline,baseline,1008,0.1007,1250,833.333333333333,10701.0928607145,-11485.9276559314,10701.0928607145,-11485.9276559314,0,0,0,0,0,0,0,NaN,NaN,NaN,NaN
P08_opposed_20pct,B0,baseline,baseline,1009,0.1008,1250,833.333333333333,10654.0833128133,-11410.0684188999,10654.0833128133,-11410.0684188999,0,0,0,0,0,0,0,NaN,NaN,NaN,NaN
P08_opposed_20pct,B0,baseline,baseline,1010,0.1009,1250,833.333333333333,10659.1187478746,-11446.3803356102,10659.1187478746,-11446.3803356102,0,0,0,0,0,0,0,NaN,NaN,NaN,NaN
P08_opposed_20pct,B0,baseline,baseline,1011,0.101,1250,833.333333333333,10639.892748688,-11485.0456098918,10639.892748688,-11485.0456098918,0,0,0,0,0,0,0,NaN,NaN,NaN,NaN
P08_opposed_20pct,B0,baseline,baseline,1012,0.1011,1250,833.333333333333,10674.2436867096,-11567.3911771384,10674.2436867096,-11567.3911771384,0,0,0,0,0,0,0,NaN,NaN,NaN,NaN
P08_opposed_20pct,B0,baseline,baseline,1013,0.1012,1250,833.333333333333,10661.7418993969,-11559.1610233748,10661.7418993969,-11559.1610233748,0,0,0,0,0,0,0,NaN,NaN,NaN,NaN
P08_opposed_20pct,B0,baseline,baseline,1014,0.1013,1250,833.333333333333,10635.2935750113,-11483.6516996756,10635.2935750113,-11483.6516996756,0,0,0,0,0,0,0,NaN,NaN,NaN,NaN
P08_opposed_20pct,B0,baseline,baseline,1015,0.1014,1250,833.333333333333,10591.8551028595,-11392.9476448803,10591.8551028595,-11392.9476448803,0,0,0,0,0,0,0,NaN,NaN,NaN,NaN
P08_opposed_20pct,B0,baseline,baseline,1016,0.1015,1250,833.333333333333,10522.9058694314,-11292.4840469211,10522.9058694314,-11292.4840469211,0,0,0,0,0,0,0,NaN,NaN,NaN,NaN
P08_opposed_20pct,B0,baseline,baseline,1017,0.1016,1250,833.333333333333,10549.2262027392,-11376.5333362476,10549.2262027392,-11376.5333362476,0,0,0,0,0,0,0,NaN,NaN,NaN,NaN
P08_opposed_20pct,B0,baseline,baseline,1018,0.1017,1250,833.333333333333,10576.3867061133,-11486.3711745459,10576.3867061133,-11486.3711745459,0,0,0,0,0,0,0,NaN,NaN,NaN,NaN
P08_opposed_20pct,B0,baseline,baseline,1019,0.1018,1250,833.333333333333,10576.9282822819,-11472.4097873584,10576.9282822819,-11472.4097873584,0,0,0,0,0,0,0,NaN,NaN,NaN,NaN
P08_opposed_20pct,B0,baseline,baseline,1020,0.1019,1250,833.333333333333,10571.4030188969,-11382.2977651129,10571.4030188969,-11382.2977651129,0,0,0,0,0,0,0,NaN,NaN,NaN,NaN
P08_opposed_20pct,B0,baseline,baseline,1021,0.102,1250,833.333333333333,10483.4872741576,-11236.264099209,10483.4872741576,-11236.264099209,0,0,0,0,0,0,0,NaN,NaN,NaN,NaN
P08_opposed_20pct,B0,baseline,baseline,1022,0.1021,1250,833.333333333333,10397.3255432674,-11155.8766428479,10397.3255432674,-11155.8766428479,0,0,0,0,0,0,0,NaN,NaN,NaN,NaN
P08_opposed_20pct,B0,baseline,baseline,1023,0.1022,1250,833.333333333333,10413.7971131366,-11259.2404318732,10413.7971131366,-11259.2404318732,0,0,0,0,0,0,0,NaN,NaN,NaN,NaN
P08_opposed_20pct,B0,baseline,baseline,1024,0.1023,1250,833.333333333333,10454.4823179487,-11406.7732635526,10454.4823179487,-11406.7732635526,0,0,0,0,0,0,0,NaN,NaN,NaN,NaN
P08_opposed_20pct,B0,baseline,baseline,1025,0.1024,1250,833.333333333333,10553.6926057471,-11524.8705297552,10553.6926057471,-11524.8705297552,0,0,0,0,0,0,0,NaN,NaN,NaN,NaN
P08_opposed_20pct,B0,baseline,baseline,1026,0.1025,1250,833.333333333333,10683.8497778921,-11661.7268851712,10683.8497778921,-11661.7268851712,0,0,0,0,0,0,0,NaN,NaN,NaN,NaN
P08_opposed_20pct,B0,baseline,baseline,1027,0.1026,1250,833.333333333333,10704.7209907837,-11640.5545379814,10704.7209907837,-11640.5545379814,0,0,0,0,0,0,0,NaN,NaN,NaN,NaN
P08_opposed_20pct,B0,baseline,baseline,1028,0.1027,1250,833.333333333333,10730.4297106025,-11559.2131728638,10730.4297106025,-11559.2131728638,0,0,0,0,0,0,0,NaN,NaN,NaN,NaN
P08_opposed_20pct,B0,baseline,baseline,1029,0.1028,1250,833.333333333333,10715.6797544384,-11488.6187507604,10715.6797544384,-11488.6187507604,0,0,0,0,0,0,0,NaN,NaN,NaN,NaN
P08_opposed_20pct,B0,baseline,baseline,1030,0.1029,1250,833.333333333333,10661.0418928161,-11408.0716815102,10661.0418928161,-11408.0716815102,0,0,0,0,0,0,0,NaN,NaN,NaN,NaN
P08_opposed_20pct,B0,baseline,baseline,1031,0.103,1250,833.333333333333,10662.3376584712,-11447.500650938,10662.3376584712,-11447.500650938,0,0,0,0,0,0,0,NaN,NaN,NaN,NaN
P08_opposed_20pct,B0,baseline,baseline,1032,0.1031,1250,833.333333333333,10696.3851630576,-11580.0793880048,10696.3851630576,-11580.0793880048,0,0,0,0,0,0,0,NaN,NaN,NaN,NaN
P08_opposed_20pct,B0,baseline,baseline,1033,0.1032,1250,833.333333333333,10681.0064240605,-11588.0464054499,10681.0064240605,-11588.0464054499,0,0,0,0,0,0,0,NaN,NaN,NaN,NaN
P08_opposed_20pct,B0,baseline,baseline,1034,0.1033,1250,833.333333333333,10650.4052169595,-11501.5638707645,10650.4052169595,-11501.5638707645,0,0,0,0,0,0,0,NaN,NaN,NaN,NaN
P08_opposed_20pct,B0,baseline,baseline,1035,0.1034,1250,833.333333333333,10597.9292567879,-11392.2551321009,10597.9292567879,-11392.2551321009,0,0,0,0,0,0,0,NaN,NaN,NaN,NaN
P08_opposed_20pct,B0,baseline,baseline,1036,0.1035,1250,833.333333333333,10516.962727632,-11276.2630770341,10516.962727632,-11276.2630770341,0,0,0,0,0,0,0,NaN,NaN,NaN,NaN
P08_opposed_20pct,B0,baseline,baseline,1037,0.1036,1250,833.333333333333,10550.7570565318,-11377.6808350057,10550.7570565318,-11377.6808350057,0,0,0,0,0,0,0,NaN,NaN,NaN,NaN
P08_opposed_20pct,B0,baseline,baseline,1038,0.1037,1250,833.333333333333,10586.9845870698,-11519.7353735413,10586.9845870698,-11519.7353735413,0,0,0,0,0,0,0,NaN,NaN,NaN,NaN
P08_opposed_20pct,B0,baseline,baseline,1039,0.1038,1250,833.333333333333,10538.8236537098,-11438.226741926,10538.8236537098,-11438.226741926,0,0,0,0,0,0,0,NaN,NaN,NaN,NaN
P08_opposed_20pct,B0,baseline,baseline,1040,0.1039,1250,833.333333333333,10466.8768988684,-11260.7006438566,10466.8768988684,-11260.7006438566,0,0,0,0,0,0,0,NaN,NaN,NaN,NaN
P08_opposed_20pct,B0,baseline,baseline,1041,0.104,1250,833.333333333333,10369.9199677438,-11116.061987281,10369.9199677438,-11116.061987281,0,0,0,0,0,0,0,NaN,NaN,NaN,NaN
P08_opposed_20pct,B0,baseline,baseline,1042,0.1041,1250,833.333333333333,10339.8509846236,-11123.6721742219,10339.8509846236,-11123.6721742219,0,0,0,0,0,0,0,NaN,NaN,NaN,NaN
P08_opposed_20pct,B0,baseline,baseline,1043,0.1042,1250,833.333333333333,10453.0444475377,-11377.918588168,10453.0444475377,-11377.918588168,0,0,0,0,0,0,0,NaN,NaN,NaN,NaN
P08_opposed_20pct,B0,baseline,baseline,1044,0.1043,1250,833.333333333333,10546.6579016129,-11593.1393787108,10546.6579016129,-11593.1393787108,0,0,0,0,0,0,0,NaN,NaN,NaN,NaN
P08_opposed_20pct,B0,baseline,baseline,1045,0.1044,1250,833.333333333333,10614.0184790124,-11625.3902080415,10614.0184790124,-11625.3902080415,0,0,0,0,0,0,0,NaN,NaN,NaN,NaN
P08_opposed_20pct,B0,baseline,baseline,1046,0.1045,1250,833.333333333333,10713.768948895,-11653.4837473087,10713.768948895,-11653.4837473087,0,0,0,0,0,0,0,NaN,NaN,NaN,NaN
P08_opposed_20pct,B0,baseline,baseline,1047,0.1046,1250,833.333333333333,10722.5296571039,-11573.1703860708,10722.5296571039,-11573.1703860708,0,0,0,0,0,0,0,NaN,NaN,NaN,NaN
P08_opposed_20pct,B0,baseline,baseline,1048,0.1047,1250,833.333333333333,10741.164849298,-11501.7062554793,10741.164849298,-11501.7062554793,0,0,0,0,0,0,0,NaN,NaN,NaN,NaN
P08_opposed_20pct,B0,baseline,baseline,1049,0.1048,1250,833.333333333333,10724.299253417,-11488.0563153163,10724.299253417,-11488.0563153163,0,0,0,0,0,0,0,NaN,NaN,NaN,NaN
P08_opposed_20pct,B0,baseline,baseline,1050,0.1049,1250,833.333333333333,10664.4087918171,-11449.3446896707,10664.4087918171,-11449.3446896707,0,0,0,0,0,0,0,NaN,NaN,NaN,NaN
P08_opposed_20pct,B0,baseline,baseline,1051,0.105,1250,833.333333333333,10656.4896532717,-11466.4219135558,10656.4896532717,-11466.4219135558,0,0,0,0,0,0,0,NaN,NaN,NaN,NaN
P08_opposed_20pct,B0,baseline,baseline,1052,0.1051,1250,833.333333333333,10633.5663316296,-11477.1004781206,10633.5663316296,-11477.1004781206,0,0,0,0,0,0,0,NaN,NaN,NaN,NaN
P08_opposed_20pct,B0,baseline,baseline,1053,0.1052,1250,833.333333333333,10675.8982157855,-11557.7878070284,10675.8982157855,-11557.7878070284,0,0,0,0,0,0,0,NaN,NaN,NaN,NaN
P08_opposed_20pct,B0,baseline,baseline,1054,0.1053,1250,833.333333333333,10667.2897166034,-11556.9580820456,10667.2897166034,-11556.9580820456,0,0,0,0,0,0,0,NaN,NaN,NaN,NaN
P08_opposed_20pct,B0,baseline,baseline,1055,0.1054,1250,833.333333333333,10642.491067491,-11489.236089934,10642.491067491,-11489.236089934,0,0,0,0,0,0,0,NaN,NaN,NaN,NaN
P08_opposed_20pct,B0,baseline,baseline,1056,0.1055,1250,833.333333333333,10594.6970697127,-11396.8472148441,10594.6970697127,-11396.8472148441,0,0,0,0,0,0,0,NaN,NaN,NaN,NaN
P08_opposed_20pct,B0,baseline,baseline,1057,0.1056,1250,833.333333333333,10517.393694116,-11288.5893123382,10517.393694116,-11288.5893123382,0,0,0,0,0,0,0,NaN,NaN,NaN,NaN
P08_opposed_20pct,B0,baseline,baseline,1058,0.1057,1250,833.333333333333,10551.2414243093,-11384.979606247,10551.2414243093,-11384.979606247,0,0,0,0,0,0,0,NaN,NaN,NaN,NaN
P08_opposed_20pct,B0,baseline,baseline,1059,0.1058,1250,833.333333333333,10588.2567306412,-11515.3038063429,10588.2567306412,-11515.3038063429,0,0,0,0,0,0,0,NaN,NaN,NaN,NaN
P08_opposed_20pct,B0,baseline,baseline,1060,0.1059,1250,833.333333333333,10595.5107634159,-11517.9598739827,10595.5107634159,-11517.9598739827,0,0,0,0,0,0,0,NaN,NaN,NaN,NaN
P08_opposed_20pct,B0,baseline,baseline,1061,0.106,1250,833.333333333333,10587.4673762424,-11434.1407691382,10587.4673762424,-11434.1407691382,0,0,0,0,0,0,0,NaN,NaN,NaN,NaN
P08_opposed_20pct,B0,baseline,baseline,1062,0.1061,1250,833.333333333333,10504.7472467234,-11231.0289577039,10504.7472467234,-11231.0289577039,0,0,0,0,0,0,0,NaN,NaN,NaN,NaN
P08_opposed_20pct,B0,baseline,baseline,1063,0.1062,1250,833.333333333333,10427.2610183257,-11104.2126786259,10427.2610183257,-11104.2126786259,0,0,0,0,0,0,0,NaN,NaN,NaN,NaN
P08_opposed_20pct,B0,baseline,baseline,1064,0.1063,1250,833.333333333333,10331.4443580215,-11071.4512812393,10331.4443580215,-11071.4512812393,0,0,0,0,0,0,0,NaN,NaN,NaN,NaN
P08_opposed_20pct,B0,baseline,baseline,1065,0.1064,1250,833.333333333333,10342.8824267955,-11211.4249158865,10342.8824267955,-11211.4249158865,0,0,0,0,0,0,0,NaN,NaN,NaN,NaN
P08_opposed_20pct,B0,baseline,baseline,1066,0.1065,1250,833.333333333333,10444.4100190925,-11465.7830711741,10444.4100190925,-11465.7830711741,0,0,0,0,0,0,0,NaN,NaN,NaN,NaN
P08_opposed_20pct,B0,baseline,baseline,1067,0.1066,1250,833.333333333333,10551.9683431199,-11607.7050108699,10551.9683431199,-11607.7050108699,0,0,0,0,0,0,0,NaN,NaN,NaN,NaN
P08_opposed_20pct,B0,baseline,baseline,1068,0.1067,1250,833.333333333333,10634.2792999763,-11598.0662731492,10634.2792999763,-11598.0662731492,0,0,0,0,0,0,0,NaN,NaN,NaN,NaN
P08_opposed_20pct,B0,baseline,baseline,1069,0.1068,1250,833.333333333333,10628.5689625989,-11468.8818433671,10628.5689625989,-11468.8818433671,0,0,0,0,0,0,0,NaN,NaN,NaN,NaN
P08_opposed_20pct,B0,baseline,baseline,1070,0.1069,1250,833.333333333333,10617.4246309137,-11369.4412437231,10617.4246309137,-11369.4412437231,0,0,0,0,0,0,0,NaN,NaN,NaN,NaN
P08_opposed_20pct,B0,baseline,baseline,1071,0.107,1250,833.333333333333,10643.7585099057,-11417.2126638588,10643.7585099057,-11417.2126638588,0,0,0,0,0,0,0,NaN,NaN,NaN,NaN
P08_opposed_20pct,B0,baseline,baseline,1072,0.1071,1250,833.333333333333,10641.2660846791,-11480.8486222395,10641.2660846791,-11480.8486222395,0,0,0,0,0,0,0,NaN,NaN,NaN,NaN
P08_opposed_20pct,B0,baseline,baseline,1073,0.1072,1250,833.333333333333,10630.5694314471,-11494.4637391748,10630.5694314471,-11494.4637391748,0,0,0,0,0,0,0,NaN,NaN,NaN,NaN
P08_opposed_20pct,B0,baseline,baseline,1074,0.1073,1250,833.333333333333,10674.1161154996,-11564.7519094672,10674.1161154996,-11564.7519094672,0,0,0,0,0,0,0,NaN,NaN,NaN,NaN
P08_opposed_20pct,B0,baseline,baseline,1075,0.1074,1250,833.333333333333,10669.607009317,-11552.9930901924,10669.607009317,-11552.9930901924,0,0,0,0,0,0,0,NaN,NaN,NaN,NaN
P08_opposed_20pct,B0,baseline,baseline,1076,0.1075,1250,833.333333333333,10645.5171750415,-11475.3327523716,10645.5171750415,-11475.3327523716,0,0,0,0,0,0,0,NaN,NaN,NaN,NaN
P08_opposed_20pct,B0,baseline,baseline,1077,0.1076,1250,833.333333333333,10596.8074625916,-11388.1856370252,10596.8074625916,-11388.1856370252,0,0,0,0,0,0,0,NaN,NaN,NaN,NaN
P08_opposed_20pct,B0,baseline,baseline,1078,0.1077,1250,833.333333333333,10518.366506838,-11291.8480521109,10518.366506838,-11291.8480521109,0,0,0,0,0,0,0,NaN,NaN,NaN,NaN
P08_opposed_20pct,B0,baseline,baseline,1079,0.1078,1250,833.333333333333,10550.2217771683,-11387.6347067523,10550.2217771683,-11387.6347067523,0,0,0,0,0,0,0,NaN,NaN,NaN,NaN
P08_opposed_20pct,B0,baseline,baseline,1080,0.1079,1250,833.333333333333,10585.9599262836,-11511.428488116,10585.9599262836,-11511.428488116,0,0,0,0,0,0,0,NaN,NaN,NaN,NaN
P08_opposed_20pct,B0,baseline,baseline,1081,0.108,1250,833.333333333333,10590.7419748128,-11507.2542798928,10590.7419748128,-11507.2542798928,0,0,0,0,0,0,0,NaN,NaN,NaN,NaN
P08_opposed_20pct,B0,baseline,baseline,1082,0.1081,1250,833.333333333333,10582.6322307868,-11420.5894412521,10582.6322307868,-11420.5894412521,0,0,0,0,0,0,0,NaN,NaN,NaN,NaN
P08_opposed_20pct,B0,baseline,baseline,1083,0.1082,1250,833.333333333333,10505.3729627265,-11219.8618372527,10505.3729627265,-11219.8618372527,0,0,0,0,0,0,0,NaN,NaN,NaN,NaN
P08_opposed_20pct,B0,baseline,baseline,1084,0.1083,1250,833.333333333333,10423.1690348662,-11115.8938718484,10423.1690348662,-11115.8938718484,0,0,0,0,0,0,0,NaN,NaN,NaN,NaN
P08_opposed_20pct,B0,baseline,baseline,1085,0.1084,1250,833.333333333333,10384.3360569602,-11184.3335612062,10384.3360569602,-11184.3335612062,0,0,0,0,0,0,0,NaN,NaN,NaN,NaN
P08_opposed_20pct,B0,baseline,baseline,1086,0.1085,1250,833.333333333333,10364.4762069988,-11279.8775769286,10364.4762069988,-11279.8775769286,0,0,0,0,0,0,0,NaN,NaN,NaN,NaN
P08_opposed_20pct,B0,baseline,baseline,1087,0.1086,1250,833.333333333333,10417.8483865392,-11408.6211432096,10417.8483865392,-11408.6211432096,0,0,0,0,0,0,0,NaN,NaN,NaN,NaN
P08_opposed_20pct,B0,baseline,baseline,1088,0.1087,1250,833.333333333333,10547.0059285934,-11546.7501010042,10547.0059285934,-11546.7501010042,0,0,0,0,0,0,0,NaN,NaN,NaN,NaN
P08_opposed_20pct,B0,baseline,baseline,1089,0.1088,1250,833.333333333333,10619.4638107255,-11567.7021563057,10619.4638107255,-11567.7021563057,0,0,0,0,0,0,0,NaN,NaN,NaN,NaN
P08_opposed_20pct,B0,baseline,baseline,1090,0.1089,1250,833.333333333333,10671.6373201532,-11550.0716367002,10671.6373201532,-11550.0716367002,0,0,0,0,0,0,0,NaN,NaN,NaN,NaN
P08_opposed_20pct,B0,baseline,baseline,1091,0.109,1250,833.333333333333,10672.252023964,-11482.1515216908,10672.252023964,-11482.1515216908,0,0,0,0,0,0,0,NaN,NaN,NaN,NaN
P08_opposed_20pct,B0,baseline,baseline,1092,0.1091,1250,833.333333333333,10639.8691825094,-11407.4968502023,10639.8691825094,-11407.4968502023,0,0,0,0,0,0,0,NaN,NaN,NaN,NaN
P08_opposed_20pct,B0,baseline,baseline,1093,0.1092,1250,833.333333333333,10652.5321913565,-11440.0346036976,10652.5321913565,-11440.0346036976,0,0,0,0,0,0,0,NaN,NaN,NaN,NaN
P08_opposed_20pct,B0,baseline,baseline,1094,0.1093,1250,833.333333333333,10639.825077015,-11479.017824293,10639.825077015,-11479.017824293,0,0,0,0,0,0,0,NaN,NaN,NaN,NaN
P08_opposed_20pct,B0,baseline,baseline,1095,0.1094,1250,833.333333333333,10680.172028858,-11568.5931685241,10680.172028858,-11568.5931685241,0,0,0,0,0,0,0,NaN,NaN,NaN,NaN
P08_opposed_20pct,B0,baseline,baseline,1096,0.1095,1250,833.333333333333,10668.9086998455,-11564.2786185909,10668.9086998455,-11564.2786185909,0,0,0,0,0,0,0,NaN,NaN,NaN,NaN
P08_opposed_20pct,B0,baseline,baseline,1097,0.1096,1250,833.333333333333,10642.1547391624,-11487.296503008,10642.1547391624,-11487.296503008,0,0,0,0,0,0,0,NaN,NaN,NaN,NaN
P08_opposed_20pct,B0,baseline,baseline,1098,0.1097,1250,833.333333333333,10595.5662105243,-11390.9028603602,10595.5662105243,-11390.9028603602,0,0,0,0,0,0,0,NaN,NaN,NaN,NaN
P08_opposed_20pct,B0,baseline,baseline,1099,0.1098,1250,833.333333333333,10521.4342813789,-11286.9391696261,10521.4342813789,-11286.9391696261,0,0,0,0,0,0,0,NaN,NaN,NaN,NaN
P08_opposed_20pct,B0,baseline,baseline,1100,0.1099,1250,833.333333333333,10550.5982820598,-11380.4050136492,10550.5982820598,-11380.4050136492,0,0,0,0,0,0,0,NaN,NaN,NaN,NaN
P08_opposed_20pct,B0,baseline,baseline,1101,0.11,1250,833.333333333333,10581.8583455138,-11502.6221472927,10581.8583455138,-11502.6221472927,0,0,0,0,0,0,0,NaN,NaN,NaN,NaN
P08_opposed_20pct,B0,baseline,baseline,1102,0.1101,1250,833.333333333333,10585.1092345121,-11497.2167902843,10585.1092345121,-11497.2167902843,0,0,0,0,0,0,0,NaN,NaN,NaN,NaN
P08_opposed_20pct,B0,baseline,baseline,1103,0.1102,1250,833.333333333333,10578.0954409347,-11410.1181069834,10578.0954409347,-11410.1181069834,0,0,0,0,0,0,0,NaN,NaN,NaN,NaN
P08_opposed_20pct,B0,baseline,baseline,1104,0.1103,1250,833.333333333333,10503.6109270906,-11216.0635502218,10503.6109270906,-11216.0635502218,0,0,0,0,0,0,0,NaN,NaN,NaN,NaN
P08_opposed_20pct,B0,baseline,baseline,1105,0.1104,1250,833.333333333333,10425.7540261014,-11115.6356920869,10425.7540261014,-11115.6356920869,0,0,0,0,0,0,0,NaN,NaN,NaN,NaN
P08_opposed_20pct,B0,baseline,baseline,1106,0.1105,1250,833.333333333333,10404.5692697513,-11208.0184081516,10404.5692697513,-11208.0184081516,0,0,0,0,0,0,0,NaN,NaN,NaN,NaN
P08_opposed_20pct,B0,baseline,baseline,1107,0.1106,1250,833.333333333333,10401.0336408279,-11332.7084526412,10401.0336408279,-11332.7084526412,0,0,0,0,0,0,0,NaN,NaN,NaN,NaN
P08_opposed_20pct,B0,baseline,baseline,1108,0.1107,1250,833.333333333333,10461.6315976088,-11463.7369529268,10461.6315976088,-11463.7369529268,0,0,0,0,0,0,0,NaN,NaN,NaN,NaN
P08_opposed_20pct,B0,baseline,baseline,1109,0.1108,1250,833.333333333333,10588.001014503,-11589.6350628608,10588.001014503,-11589.6350628608,0,0,0,0,0,0,0,NaN,NaN,NaN,NaN
P08_opposed_20pct,B0,baseline,baseline,1110,0.1109,1250,833.333333333333,10645.4123417431,-11581.1249715002,10645.4123417431,-11581.1249715002,0,0,0,0,0,0,0,NaN,NaN,NaN,NaN
P08_opposed_20pct,B0,baseline,baseline,1111,0.111,1250,833.333333333333,10688.8469590882,-11544.6543999589,10688.8469590882,-11544.6543999589,0,0,0,0,0,0,0,NaN,NaN,NaN,NaN
P08_opposed_20pct,B0,baseline,baseline,1112,0.1111,1250,833.333333333333,10685.4342042923,-11483.9285957136,10685.4342042923,-11483.9285957136,0,0,0,0,0,0,0,NaN,NaN,NaN,NaN
P08_opposed_20pct,B0,baseline,baseline,1113,0.1112,1250,833.333333333333,10645.9293006975,-11412.3281042541,10645.9293006975,-11412.3281042541,0,0,0,0,0,0,0,NaN,NaN,NaN,NaN
P08_opposed_20pct,B0,baseline,baseline,1114,0.1113,1250,833.333333333333,10654.6554327876,-11445.6726665756,10654.6554327876,-11445.6726665756,0,0,0,0,0,0,0,NaN,NaN,NaN,NaN
P08_opposed_20pct,B0,baseline,baseline,1115,0.1114,1250,833.333333333333,10638.8019218748,-11482.1594201568,10638.8019218748,-11482.1594201568,0,0,0,0,0,0,0,NaN,NaN,NaN,NaN
P08_opposed_20pct,B0,baseline,baseline,1116,0.1115,1250,833.333333333333,10676.3059654032,-11566.6883517275,10676.3059654032,-11566.6883517275,0,0,0,0,0,0,0,NaN,NaN,NaN,NaN
P08_opposed_20pct,B0,baseline,baseline,1117,0.1116,1250,833.333333333333,10664.6926340546,-11560.793760852,10664.6926340546,-11560.793760852,0,0,0,0,0,0,0,NaN,NaN,NaN,NaN
P08_opposed_20pct,B0,baseline,baseline,1118,0.1117,1250,833.333333333333,10638.2904735609,-11485.8755505238,10638.2904735609,-11485.8755505238,0,0,0,0,0,0,0,NaN,NaN,NaN,NaN
P08_opposed_20pct,B0,baseline,baseline,1119,0.1118,1250,833.333333333333,10593.2967985121,-11392.959348609,10593.2967985121,-11392.959348609,0,0,0,0,0,0,0,NaN,NaN,NaN,NaN
P08_opposed_20pct,B0,baseline,baseline,1120,0.1119,1250,833.333333333333,10521.8194907766,-11290.4613255994,10521.8194907766,-11290.4613255994,0,0,0,0,0,0,0,NaN,NaN,NaN,NaN
P08_opposed_20pct,B0,baseline,baseline,1121,0.112,1250,833.333333333333,10549.6604592444,-11378.6602159503,10549.6604592444,-11378.6602159503,0,0,0,0,0,0,0,NaN,NaN,NaN,NaN
P08_opposed_20pct,B0,baseline,baseline,1122,0.1121,1250,833.333333333333,10578.9376375849,-11494.449906165,10578.9376375849,-11494.449906165,0,0,0,0,0,0,0,NaN,NaN,NaN,NaN
P08_opposed_20pct,B0,baseline,baseline,1123,0.1122,1250,833.333333333333,10580.848501658,-11484.9469273395,10580.848501658,-11484.9469273395,0,0,0,0,0,0,0,NaN,NaN,NaN,NaN
P08_opposed_20pct,B0,baseline,baseline,1124,0.1123,1250,833.333333333333,10574.4538188711,-11396.6007897426,10574.4538188711,-11396.6007897426,0,0,0,0,0,0,0,NaN,NaN,NaN,NaN
P08_opposed_20pct,B0,baseline,baseline,1125,0.1124,1250,833.333333333333,10493.0729618459,-11226.3900366902,10493.0729618459,-11226.3900366902,0,0,0,0,0,0,0,NaN,NaN,NaN,NaN
P08_opposed_20pct,B0,baseline,baseline,1126,0.1125,1250,833.333333333333,10410.9790205354,-11136.0787241849,10410.9790205354,-11136.0787241849,0,0,0,0,0,0,0,NaN,NaN,NaN,NaN
P08_opposed_20pct,B0,baseline,baseline,1127,0.1126,1250,833.333333333333,10408.6721649186,-11233.8815112846,10408.6721649186,-11233.8815112846,0,0,0,0,0,0,0,NaN,NaN,NaN,NaN
P08_opposed_20pct,B0,baseline,baseline,1128,0.1127,1250,833.333333333333,10427.3595139885,-11369.6445011056,10427.3595139885,-11369.6445011056,0,0,0,0,0,0,0,NaN,NaN,NaN,NaN
P08_opposed_20pct,B0,baseline,baseline,1129,0.1128,1250,833.333333333333,10507.4289777181,-11494.0283483561,10507.4289777181,-11494.0283483561,0,0,0,0,0,0,0,NaN,NaN,NaN,NaN
P08_opposed_20pct,B0,baseline,baseline,1130,0.1129,1250,833.333333333333,10635.8793253215,-11624.8667547246,10635.8793253215,-11624.8667547246,0,0,0,0,0,0,0,NaN,NaN,NaN,NaN
P08_opposed_20pct,B0,baseline,baseline,1131,0.113,1250,833.333333333333,10675.2222768125,-11609.9644436664,10675.2222768125,-11609.9644436664,0,0,0,0,0,0,0,NaN,NaN,NaN,NaN
P08_opposed_20pct,B0,baseline,baseline,1132,0.1131,1250,833.333333333333,10710.0223636126,-11551.4454285991,10710.0223636126,-11551.4454285991,0,0,0,0,0,0,0,NaN,NaN,NaN,NaN
P08_opposed_20pct,B0,baseline,baseline,1133,0.1132,1250,833.333333333333,10701.0928607144,-11485.9276559314,10701.0928607144,-11485.9276559314,0,0,0,0,0,0,0,NaN,NaN,NaN,NaN
P08_opposed_20pct,B0,baseline,baseline,1134,0.1133,1250,833.333333333333,10654.0833128132,-11410.0684188997,10654.0833128132,-11410.0684188997,0,0,0,0,0,0,0,NaN,NaN,NaN,NaN
P08_opposed_20pct,B0,baseline,baseline,1135,0.1134,1250,833.333333333333,10659.1187478746,-11446.3803356101,10659.1187478746,-11446.3803356101,0,0,0,0,0,0,0,NaN,NaN,NaN,NaN
P08_opposed_20pct,B0,baseline,baseline,1136,0.1135,1250,833.333333333333,10639.892748688,-11485.0456098917,10639.892748688,-11485.0456098917,0,0,0,0,0,0,0,NaN,NaN,NaN,NaN
P08_opposed_20pct,B0,baseline,baseline,1137,0.1136,1250,833.333333333333,10674.2436867096,-11567.3911771384,10674.2436867096,-11567.3911771384,0,0,0,0,0,0,0,NaN,NaN,NaN,NaN
P08_opposed_20pct,B0,baseline,baseline,1138,0.1137,1250,833.333333333333,10661.7418993969,-11559.1610233749,10661.7418993969,-11559.1610233749,0,0,0,0,0,0,0,NaN,NaN,NaN,NaN
P08_opposed_20pct,B0,baseline,baseline,1139,0.1138,1250,833.333333333333,10635.2935750113,-11483.6516996757,10635.2935750113,-11483.6516996757,0,0,0,0,0,0,0,NaN,NaN,NaN,NaN
P08_opposed_20pct,B0,baseline,baseline,1140,0.1139,1250,833.333333333333,10591.8551028595,-11392.9476448804,10591.8551028595,-11392.9476448804,0,0,0,0,0,0,0,NaN,NaN,NaN,NaN
P08_opposed_20pct,B0,baseline,baseline,1141,0.114,1250,833.333333333333,10522.9058694313,-11292.4840469211,10522.9058694313,-11292.4840469211,0,0,0,0,0,0,0,NaN,NaN,NaN,NaN
P08_opposed_20pct,B0,baseline,baseline,1142,0.1141,1250,833.333333333333,10549.2262027392,-11376.5333362476,10549.2262027392,-11376.5333362476,0,0,0,0,0,0,0,NaN,NaN,NaN,NaN
P08_opposed_20pct,B0,baseline,baseline,1143,0.1142,1250,833.333333333333,10576.3867061133,-11486.3711745459,10576.3867061133,-11486.3711745459,0,0,0,0,0,0,0,NaN,NaN,NaN,NaN
P08_opposed_20pct,B0,baseline,baseline,1144,0.1143,1250,833.333333333333,10576.9282822819,-11472.4097873584,10576.9282822819,-11472.4097873584,0,0,0,0,0,0,0,NaN,NaN,NaN,NaN
P08_opposed_20pct,B0,baseline,baseline,1145,0.1144,1250,833.333333333333,10571.4030188969,-11382.2977651128,10571.4030188969,-11382.2977651128,0,0,0,0,0,0,0,NaN,NaN,NaN,NaN
P08_opposed_20pct,B0,baseline,baseline,1146,0.1145,1250,833.333333333333,10483.4872741576,-11236.2640992089,10483.4872741576,-11236.2640992089,0,0,0,0,0,0,0,NaN,NaN,NaN,NaN
P08_opposed_20pct,B0,baseline,baseline,1147,0.1146,1250,833.333333333333,10397.3255432675,-11155.8766428477,10397.3255432675,-11155.8766428477,0,0,0,0,0,0,0,NaN,NaN,NaN,NaN
P08_opposed_20pct,B0,baseline,baseline,1148,0.1147,1250,833.333333333333,10413.7971131366,-11259.2404318731,10413.7971131366,-11259.2404318731,0,0,0,0,0,0,0,NaN,NaN,NaN,NaN
P08_opposed_20pct,B0,baseline,baseline,1149,0.1148,1250,833.333333333333,10454.4823179487,-11406.7732635526,10454.4823179487,-11406.7732635526,0,0,0,0,0,0,0,NaN,NaN,NaN,NaN
P08_opposed_20pct,B0,baseline,baseline,1150,0.1149,1250,833.333333333333,10553.6926057471,-11524.8705297552,10553.6926057471,-11524.8705297552,0,0,0,0,0,0,0,NaN,NaN,NaN,NaN
P08_opposed_20pct,B0,baseline,baseline,1151,0.115,1250,833.333333333333,10683.849777892,-11661.7268851712,10683.849777892,-11661.7268851712,0,0,0,0,0,0,0,NaN,NaN,NaN,NaN
P08_opposed_20pct,B0,baseline,baseline,1152,0.1151,1250,833.333333333333,10704.7209907836,-11640.5545379813,10704.7209907836,-11640.5545379813,0,0,0,0,0,0,0,NaN,NaN,NaN,NaN
P08_opposed_20pct,B0,baseline,baseline,1153,0.1152,1250,833.333333333333,10730.4297106024,-11559.2131728637,10730.4297106024,-11559.2131728637,0,0,0,0,0,0,0,NaN,NaN,NaN,NaN
P08_opposed_20pct,B0,baseline,baseline,1154,0.1153,1250,833.333333333333,10715.6797544384,-11488.6187507604,10715.6797544384,-11488.6187507604,0,0,0,0,0,0,0,NaN,NaN,NaN,NaN
P08_opposed_20pct,B0,baseline,baseline,1155,0.1154,1250,833.333333333333,10661.041892816,-11408.0716815102,10661.041892816,-11408.0716815102,0,0,0,0,0,0,0,NaN,NaN,NaN,NaN
P08_opposed_20pct,B0,baseline,baseline,1156,0.1155,1250,833.333333333333,10662.3376584712,-11447.5006509381,10662.3376584712,-11447.5006509381,0,0,0,0,0,0,0,NaN,NaN,NaN,NaN
P08_opposed_20pct,B0,baseline,baseline,1157,0.1156,1250,833.333333333333,10696.3851630576,-11580.0793880048,10696.3851630576,-11580.0793880048,0,0,0,0,0,0,0,NaN,NaN,NaN,NaN
P08_opposed_20pct,B0,baseline,baseline,1158,0.1157,1250,833.333333333333,10681.0064240605,-11588.0464054499,10681.0064240605,-11588.0464054499,0,0,0,0,0,0,0,NaN,NaN,NaN,NaN
P08_opposed_20pct,B0,baseline,baseline,1159,0.1158,1250,833.333333333333,10650.4052169595,-11501.5638707645,10650.4052169595,-11501.5638707645,0,0,0,0,0,0,0,NaN,NaN,NaN,NaN
P08_opposed_20pct,B0,baseline,baseline,1160,0.1159,1250,833.333333333333,10597.9292567879,-11392.2551321009,10597.9292567879,-11392.2551321009,0,0,0,0,0,0,0,NaN,NaN,NaN,NaN
P08_opposed_20pct,B0,baseline,baseline,1161,0.116,1250,833.333333333333,10516.962727632,-11276.2630770341,10516.962727632,-11276.2630770341,0,0,0,0,0,0,0,NaN,NaN,NaN,NaN
P08_opposed_20pct,B0,baseline,baseline,1162,0.1161,1250,833.333333333333,10550.7570565318,-11377.6808350057,10550.7570565318,-11377.6808350057,0,0,0,0,0,0,0,NaN,NaN,NaN,NaN
P08_opposed_20pct,B0,baseline,baseline,1163,0.1162,1250,833.333333333333,10586.9845870698,-11519.7353735413,10586.9845870698,-11519.7353735413,0,0,0,0,0,0,0,NaN,NaN,NaN,NaN
P08_opposed_20pct,B0,baseline,baseline,1164,0.1163,1250,833.333333333333,10538.8236537098,-11438.226741926,10538.8236537098,-11438.226741926,0,0,0,0,0,0,0,NaN,NaN,NaN,NaN
P08_opposed_20pct,B0,baseline,baseline,1165,0.1164,1250,833.333333333333,10466.8768988684,-11260.7006438565,10466.8768988684,-11260.7006438565,0,0,0,0,0,0,0,NaN,NaN,NaN,NaN
P08_opposed_20pct,B0,baseline,baseline,1166,0.1165,1250,833.333333333333,10369.9199677438,-11116.0619872809,10369.9199677438,-11116.0619872809,0,0,0,0,0,0,0,NaN,NaN,NaN,NaN
P08_opposed_20pct,B0,baseline,baseline,1167,0.1166,1250,833.333333333333,10339.8509846236,-11123.6721742218,10339.8509846236,-11123.6721742218,0,0,0,0,0,0,0,NaN,NaN,NaN,NaN
P08_opposed_20pct,B0,baseline,baseline,1168,0.1167,1250,833.333333333333,10453.0444475376,-11377.9185881679,10453.0444475376,-11377.9185881679,0,0,0,0,0,0,0,NaN,NaN,NaN,NaN
P08_opposed_20pct,B0,baseline,baseline,1169,0.1168,1250,833.333333333333,10546.6579016129,-11593.1393787108,10546.6579016129,-11593.1393787108,0,0,0,0,0,0,0,NaN,NaN,NaN,NaN
P08_opposed_20pct,B0,baseline,baseline,1170,0.1169,1250,833.333333333333,10614.0184790124,-11625.3902080415,10614.0184790124,-11625.3902080415,0,0,0,0,0,0,0,NaN,NaN,NaN,NaN
P08_opposed_20pct,B0,baseline,baseline,1171,0.117,1250,833.333333333333,10713.768948895,-11653.4837473086,10713.768948895,-11653.4837473086,0,0,0,0,0,0,0,NaN,NaN,NaN,NaN
P08_opposed_20pct,B0,baseline,baseline,1172,0.1171,1250,833.333333333333,10722.5296571039,-11573.1703860707,10722.5296571039,-11573.1703860707,0,0,0,0,0,0,0,NaN,NaN,NaN,NaN
P08_opposed_20pct,B0,baseline,baseline,1173,0.1172,1250,833.333333333333,10741.164849298,-11501.7062554793,10741.164849298,-11501.7062554793,0,0,0,0,0,0,0,NaN,NaN,NaN,NaN
P08_opposed_20pct,B0,baseline,baseline,1174,0.1173,1250,833.333333333333,10724.299253417,-11488.0563153163,10724.299253417,-11488.0563153163,0,0,0,0,0,0,0,NaN,NaN,NaN,NaN
P08_opposed_20pct,B0,baseline,baseline,1175,0.1174,1250,833.333333333333,10664.4087918171,-11449.3446896707,10664.4087918171,-11449.3446896707,0,0,0,0,0,0,0,NaN,NaN,NaN,NaN
P08_opposed_20pct,B0,baseline,baseline,1176,0.1175,1250,833.333333333333,10656.4896532717,-11466.4219135557,10656.4896532717,-11466.4219135557,0,0,0,0,0,0,0,NaN,NaN,NaN,NaN
P08_opposed_20pct,B0,baseline,baseline,1177,0.1176,1250,833.333333333333,10633.5663316296,-11477.1004781206,10633.5663316296,-11477.1004781206,0,0,0,0,0,0,0,NaN,NaN,NaN,NaN
P08_opposed_20pct,B0,baseline,baseline,1178,0.1177,1250,833.333333333333,10675.8982157855,-11557.7878070284,10675.8982157855,-11557.7878070284,0,0,0,0,0,0,0,NaN,NaN,NaN,NaN
P08_opposed_20pct,B0,baseline,baseline,1179,0.1178,1250,833.333333333333,10667.2897166034,-11556.9580820456,10667.2897166034,-11556.9580820456,0,0,0,0,0,0,0,NaN,NaN,NaN,NaN
P08_opposed_20pct,B0,baseline,baseline,1180,0.1179,1250,833.333333333333,10642.491067491,-11489.2360899341,10642.491067491,-11489.2360899341,0,0,0,0,0,0,0,NaN,NaN,NaN,NaN
P08_opposed_20pct,B0,baseline,baseline,1181,0.118,1250,833.333333333333,10594.6970697127,-11396.8472148441,10594.6970697127,-11396.8472148441,0,0,0,0,0,0,0,NaN,NaN,NaN,NaN
P08_opposed_20pct,B0,baseline,baseline,1182,0.1181,1250,833.333333333333,10517.393694116,-11288.5893123382,10517.393694116,-11288.5893123382,0,0,0,0,0,0,0,NaN,NaN,NaN,NaN
P08_opposed_20pct,B0,baseline,baseline,1183,0.1182,1250,833.333333333333,10551.2414243093,-11384.979606247,10551.2414243093,-11384.979606247,0,0,0,0,0,0,0,NaN,NaN,NaN,NaN
P08_opposed_20pct,B0,baseline,baseline,1184,0.1183,1250,833.333333333333,10588.2567306412,-11515.3038063429,10588.2567306412,-11515.3038063429,0,0,0,0,0,0,0,NaN,NaN,NaN,NaN
P08_opposed_20pct,B0,baseline,baseline,1185,0.1184,1250,833.333333333333,10595.5107634159,-11517.9598739827,10595.5107634159,-11517.9598739827,0,0,0,0,0,0,0,NaN,NaN,NaN,NaN
P08_opposed_20pct,B0,baseline,baseline,1186,0.1185,1250,833.333333333333,10587.4673762424,-11434.1407691383,10587.4673762424,-11434.1407691383,0,0,0,0,0,0,0,NaN,NaN,NaN,NaN
P08_opposed_20pct,B0,baseline,baseline,1187,0.1186,1250,833.333333333333,10504.7472467234,-11231.0289577039,10504.7472467234,-11231.0289577039,0,0,0,0,0,0,0,NaN,NaN,NaN,NaN
P08_opposed_20pct,B0,baseline,baseline,1188,0.1187,1250,833.333333333333,10427.2610183257,-11104.2126786259,10427.2610183257,-11104.2126786259,0,0,0,0,0,0,0,NaN,NaN,NaN,NaN
P08_opposed_20pct,B0,baseline,baseline,1189,0.1188,1250,833.333333333333,10331.4443580215,-11071.4512812392,10331.4443580215,-11071.4512812392,0,0,0,0,0,0,0,NaN,NaN,NaN,NaN
P08_opposed_20pct,B0,baseline,baseline,1190,0.1189,1250,833.333333333333,10342.8824267955,-11211.4249158864,10342.8824267955,-11211.4249158864,0,0,0,0,0,0,0,NaN,NaN,NaN,NaN
P08_opposed_20pct,B0,baseline,baseline,1191,0.119,1250,833.333333333333,10444.4100190924,-11465.783071174,10444.4100190924,-11465.783071174,0,0,0,0,0,0,0,NaN,NaN,NaN,NaN
P08_opposed_20pct,B0,baseline,baseline,1192,0.1191,1250,833.333333333333,10551.9683431198,-11607.7050108698,10551.9683431198,-11607.7050108698,0,0,0,0,0,0,0,NaN,NaN,NaN,NaN
P08_opposed_20pct,B0,baseline,baseline,1193,0.1192,1250,833.333333333333,10634.2792999761,-11598.0662731491,10634.2792999761,-11598.0662731491,0,0,0,0,0,0,0,NaN,NaN,NaN,NaN
P08_opposed_20pct,B0,baseline,baseline,1194,0.1193,1250,833.333333333333,10628.5689625987,-11468.8818433672,10628.5689625987,-11468.8818433672,0,0,0,0,0,0,0,NaN,NaN,NaN,NaN
P08_opposed_20pct,B0,baseline,baseline,1195,0.1194,1250,833.333333333333,10617.4246309134,-11369.4412437232,10617.4246309134,-11369.4412437232,0,0,0,0,0,0,0,NaN,NaN,NaN,NaN
P08_opposed_20pct,B0,baseline,baseline,1196,0.1195,1250,833.333333333333,10643.7585099055,-11417.2126638588,10643.7585099055,-11417.2126638588,0,0,0,0,0,0,0,NaN,NaN,NaN,NaN
P08_opposed_20pct,B0,baseline,baseline,1197,0.1196,1250,833.333333333333,10641.266084679,-11480.8486222395,10641.266084679,-11480.8486222395,0,0,0,0,0,0,0,NaN,NaN,NaN,NaN
P08_opposed_20pct,B0,baseline,baseline,1198,0.1197,1250,833.333333333333,10630.5694314471,-11494.4637391748,10630.5694314471,-11494.4637391748,0,0,0,0,0,0,0,NaN,NaN,NaN,NaN
P08_opposed_20pct,B0,baseline,baseline,1199,0.1198,1250,833.333333333333,10674.1161154997,-11564.7519094673,10674.1161154997,-11564.7519094673,0,0,0,0,0,0,0,NaN,NaN,NaN,NaN
P08_opposed_20pct,B0,baseline,baseline,1200,0.1199,1250,833.333333333333,10669.607009317,-11552.9930901924,10669.607009317,-11552.9930901924,0,0,0,0,0,0,0,NaN,NaN,NaN,NaN
