sample_index,i_sample_time,pending_command_id,pending_execution_interval,selected_core_id,selected_final_id,selected_execution_interval,u_app_previous_d,u_app_previous_q,prediction_k1_time,prediction_k2_time,J_evaluation_time,decision_gate_latched,timing_assertion_pass
1,0,0;3;2;3;0|4.3966671045284219e-05;3.9135741444541633e-06;4.2395096205232372e-06;3.9135741444541633e-06;4.3966671045284219e-05,"[0,0.0001]",0|0.0001,0|0.0001,"[0.0001,0.0002]",0,3.39292006587698,0.0001,0.0002,0.0002,0,1
2,0.0001,0|0.0001,"[0.0001,0.0002]",0;3;0|3.8439744229029196e-05;2.3120511541941607e-05;3.8439744229029196e-05,0;3;0|3.8439744229029196e-05;2.3120511541941607e-05;3.8439744229029196e-05,"[0.0002,0.0003]",0.0213183171000656,3.3928527835181,0.0002,0.0003,0.0003,0,1
3,0.0002,0;3;0|3.8439744229029196e-05;2.3120511541941607e-05;3.8439744229029196e-05,"[0.0002,0.0003]",0;2;0|4.0235640897447726e-05;1.952871820510455e-05;4.0235640897447726e-05,0;2;0|4.0235640897447726e-05;1.952871820510455e-05;4.0235640897447726e-05,"[0.0003,0.0004]",0,0,0.0003,0.0004,0.0004,0,1
4,0.0003,0;2;0|4.0235640897447726e-05;1.952871820510455e-05;4.0235640897447726e-05,"[0.0003,0.0004]",0;3;0|3.5168943583526011e-05;2.966211283294798e-05;3.5168943583526011e-05,0;3;0|3.5168943583526011e-05;2.966211283294798e-05;3.5168943583526011e-05,"[0.0004,0.0005]",-2.34266528014746,7.01788173958522,0.0004,0.0005,0.0005,0,1
5,0.0004,0;3;0|3.5168943583526011e-05;2.966211283294798e-05;3.5168943583526011e-05,"[0.0004,0.0005]",0;3;0|4.2854851731178269e-05;1.4290296537643465e-05;4.2854851731178269e-05,0;3;0|4.2854851731178269e-05;1.4290296537643465e-05;4.2854851731178269e-05,"[0.0005,0.0006]",4.20257790147039,4.62500945500368,0.0005,0.0006,0.0006,0,1
6,0.0005,0;3;0|4.2854851731178269e-05;1.4290296537643465e-05;4.2854851731178269e-05,"[0.0005,0.0006]",0;3;0|4.4940787430983821e-05;1.0118425138032368e-05;4.4940787430983821e-05,0;3;0|4.4940787430983821e-05;1.0118425138032368e-05;4.4940787430983821e-05,"[0.0006,0.0007]",-2.77827959069428,9.07617069792653,0.0006,0.0007,0.0007,0,1
7,0.0006,0;3;0|4.4940787430983821e-05;1.0118425138032368e-05;4.4940787430983821e-05,"[0.0006,0.0007]",0;2;0|3.7586026658704401e-05;2.4827946682591203e-05;3.7586026658704401e-05,0;2;0|3.7586026658704401e-05;2.4827946682591203e-05;3.7586026658704401e-05,"[0.0007,0.0008]",-1.28343771761226,4.38909504553157,0.0007,0.0008,0.0008,0,1
8,0.0007,0;2;0|3.7586026658704401e-05;2.4827946682591203e-05;3.7586026658704401e-05,"[0.0007,0.0008]",0;3;0|3.3499172891182272e-05;3.300165421763546e-05;3.3499172891182272e-05,0;3;0|3.3499172891182272e-05;3.300165421763546e-05;3.3499172891182272e-05,"[0.0008,0.0009]",-0.869630387533248,3.1189283066356,0.0008,0.0009,0.0009,0,1
9,0.0008,0;3;0|3.3499172891182272e-05;3.300165421763546e-05;3.3499172891182272e-05,"[0.0008,0.0009]",0;3;0|4.0531914349669352e-05;1.8936171300661298e-05;4.0531914349669352e-05,0;3;0|4.0531914349669352e-05;1.8936171300661298e-05;4.0531914349669352e-05,"[0.0009,0.001]",5.63166105222812,5.60415132626812,0.0009,0.001,0.001,0,1
10,0.0009,0;3;0|4.0531914349669352e-05;1.8936171300661298e-05;4.0531914349669352e-05,"[0.0009,0.001]",0;3;0|4.0462596572733379e-05;1.9074806854533243e-05;4.0462596572733379e-05,0;3;0|4.0462596572733379e-05;1.9074806854533243e-05;4.0462596572733379e-05,"[0.001,0.0011]",-2.57980287719657,10.2405760218596,0.001,0.0011,0.0011,0,1
11,0.001,0;3;0|4.0462596572733379e-05;1.9074806854533243e-05;4.0462596572733379e-05,"[0.001,0.0011]",0;3;0|4.3468472204123904e-05;1.3063055591752202e-05;4.3468472204123904e-05,0;3;0|4.3468472204123904e-05;1.3063055591752202e-05;4.3468472204123904e-05,"[0.0011,0.0012]",-1.4063222174945,5.89412459775388,0.0011,0.0012,0.0012,0,1
12,0.0011,0;3;0|4.3468472204123904e-05;1.3063055591752202e-05;4.3468472204123904e-05,"[0.0011,0.0012]",0;3;0|4.3742993735079856e-05;1.2514012529840288e-05;4.3742993735079856e-05,0;3;0|4.3742993735079856e-05;1.2514012529840288e-05;4.3742993735079856e-05,"[0.0012,0.0013]",-1.34189828213185,5.95460917860081,0.0012,0.0013,0.0013,0,1
13,0.0012,0;3;0|4.3742993735079856e-05;1.2514012529840288e-05;4.3742993735079856e-05,"[0.0012,0.0013]",0;3;2;3;0|3.1478556876737729e-05;1.0538590681878772e-05;1.5965704882767e-05;1.0538590681878772e-05;3.1478556876737729e-05,0;3;2;3;0|3.1478556876737729e-05;1.0538590681878772e-05;1.5965704882767e-05;1.0538590681878772e-05;3.1478556876737729e-05,"[0.0013,0.0014]",-0.867660345017658,4.08913828041415,0.0013,0.0014,0.0014,0,1
14,0.0013,0;3;2;3;0|3.1478556876737729e-05;1.0538590681878772e-05;1.5965704882767e-05;1.0538590681878772e-05;3.1478556876737729e-05,"[0.0013,0.0014]",0;3;0|4.0550116621106641e-05;1.8899766757786719e-05;4.0550116621106641e-05,0;3;0|4.0550116621106641e-05;1.8899766757786719e-05;4.0550116621106641e-05,"[0.0014,0.0015]",-0.781902182429585,3.9274064164337,0.0014,0.0015,0.0015,0,1
15,0.0014,0;3;0|4.0550116621106641e-05;1.8899766757786719e-05;4.0550116621106641e-05,"[0.0014,0.0015]",0;3;0|4.0514493623345919e-05;1.8971012753308163e-05;4.0514493623345919e-05,0;3;0|4.0514493623345919e-05;1.8971012753308163e-05;4.0514493623345919e-05,"[0.0015,0.0016]",2.64891378571766,9.95163354907145,0.0015,0.0016,0.0016,0,1
16,0.0015,0;3;0|4.0514493623345919e-05;1.8971012753308163e-05;4.0514493623345919e-05,"[0.0015,0.0016]",0;3;0|4.0426656893959247e-05;1.9146686212081508e-05;4.0426656893959247e-05,0;3;0|4.0426656893959247e-05;1.9146686212081508e-05;4.0426656893959247e-05,"[0.0016,0.0017]",-1.03146521812765,5.95931881124545,0.0016,0.0017,0.0017,0,1
17,0.0016,0;3;0|4.0426656893959247e-05;1.9146686212081508e-05;4.0426656893959247e-05,"[0.0016,0.0017]",0;3;0|4.0395409128939679e-05;1.9209181742120643e-05;4.0395409128939679e-05,0;3;0|4.0395409128939679e-05;1.9209181742120643e-05;4.0395409128939679e-05,"[0.0017,0.0018]",-0.960104430372475,5.99432150882183,0.0017,0.0018,0.0018,0,1
18,0.0017,0;3;0|4.0395409128939679e-05;1.9209181742120643e-05;4.0395409128939679e-05,"[0.0017,0.0018]",0;3;0|4.0379774552858037e-05;1.9240450894283938e-05;4.0379774552858037e-05,0;3;0|4.0379774552858037e-05;1.9240450894283938e-05;4.0379774552858037e-05,"[0.0018,0.0019]",-0.892896185759188,6.06152828210982,0.0018,0.0019,0.0019,0,1
19,0.0018,0;3;0|4.0379774552858037e-05;1.9240450894283938e-05;4.0379774552858037e-05,"[0.0018,0.0019]",0;3;0|4.0384824612398863e-05;1.9230350775202274e-05;4.0384824612398863e-05,0;3;0|4.0384824612398863e-05;1.9230350775202274e-05;4.0384824612398863e-05,"[0.0019,0.002]",-0.819321878210928,6.09208998388495,0.0019,0.002,0.002,0,1
20,0.0019,0;3;0|4.0384824612398863e-05;1.9230350775202274e-05;4.0384824612398863e-05,"[0.0019,0.002]",0;3;0|4.0396700547679292e-05;1.9206598904641424e-05;4.0396700547679292e-05,0;3;0|4.0396700547679292e-05;1.9206598904641424e-05;4.0396700547679292e-05,"[0.002,0.0021]",-0.743912732689854,6.11183743150568,0.002,0.0021,0.0021,0,1
21,0.002,0;3;0|4.0396700547679292e-05;1.9206598904641424e-05;4.0396700547679292e-05,"[0.002,0.0021]",0;3;0|4.0388729930426798e-05;1.9222540139146409e-05;4.0388729930426798e-05,0;3;0|4.0388729930426798e-05;1.9222540139146409e-05;4.0388729930426798e-05,"[0.0021,0.0022]",-0.666702239778712,6.11748989009838,0.0021,0.0022,0.0022,0,1
22,0.0021,0;3;0|4.0388729930426798e-05;1.9222540139146409e-05;4.0388729930426798e-05,"[0.0021,0.0022]",0;3;0|4.0364612212241089e-05;1.9270775575517834e-05;4.0364612212241089e-05,0;3;0|4.0364612212241089e-05;1.9270775575517834e-05;4.0364612212241089e-05,"[0.0022,0.0023]",-0.589048530042039,6.11781907522556,0.0022,0.0023,0.0023,0,1
23,0.0022,0;3;0|4.0364612212241089e-05;1.9270775575517834e-05;4.0364612212241089e-05,"[0.0022,0.0023]",0;3;0|4.033737165622018e-05;1.9325256687559644e-05;4.033737165622018e-05,0;3;0|4.033737165622018e-05;1.9325256687559644e-05;4.033737165622018e-05,"[0.0023,0.0024]",-0.512550320247701,6.12982150049135,0.0023,0.0024,0.0024,0,1
24,0.0023,0;3;0|4.033737165622018e-05;1.9325256687559644e-05;4.033737165622018e-05,"[0.0023,0.0024]",0;3;0|4.0306834946335625e-05;1.9386330107328747e-05;4.0306834946335625e-05,0;3;0|4.0306834946335625e-05;1.9386330107328747e-05;4.0306834946335625e-05,"[0.0024,0.0025]",-0.436575032804098,6.15117485266077,0.0024,0.0025,0.0025,0,1
25,0.0024,0;3;0|4.0306834946335625e-05;1.9386330107328747e-05;4.0306834946335625e-05,"[0.0024,0.0025]",0;3;0|4.0272833528903536e-05;1.9454332942192933e-05;4.0272833528903536e-05,0;3;0|4.0272833528903536e-05;1.9454332942192933e-05;4.0272833528903536e-05,"[0.0025,0.0026]",-0.360260287802845,6.17357954832812,0.0025,0.0026,0.0026,0,1
26,0.0025,0;3;0|4.0272833528903536e-05;1.9454332942192933e-05;4.0272833528903536e-05,"[0.0025,0.0026]",0;3;0|4.023528978852328e-05;1.9529420422953438e-05;4.023528978852328e-05,0;3;0|4.023528978852328e-05;1.9529420422953438e-05;4.023528978852328e-05,"[0.0026,0.0027]",-0.283547666262913,6.19714222299777,0.0026,0.0027,0.0027,0,1
27,0.0026,0;3;0|4.023528978852328e-05;1.9529420422953438e-05;4.023528978852328e-05,"[0.0026,0.0027]",0;3;0|4.0194186105244146e-05;1.9611627789511717e-05;4.0194186105244146e-05,0;3;0|4.0194186105244146e-05;1.9611627789511717e-05;4.0194186105244146e-05,"[0.0027,0.0028]",-0.206373121711921,6.22196494089655,0.0027,0.0028,0.0028,0,1
28,0.0027,0;3;0|4.0194186105244146e-05;1.9611627789511717e-05;4.0194186105244146e-05,"[0.0027,0.0028]",0;3;0|4.0149548584803104e-05;1.9700902830393793e-05;4.0149548584803104e-05,0;3;0|4.0149548584803104e-05;1.9700902830393793e-05;4.0149548584803104e-05,"[0.0028,0.0029]",-0.128666068097121,6.24808987431383,0.0028,0.0029,0.0029,0,1
29,0.0028,0;3;0|4.0149548584803104e-05;1.9700902830393793e-05;4.0149548584803104e-05,"[0.0028,0.0029]",0;3;0|4.0101396035896983e-05;1.9797207928206036e-05;4.0101396035896983e-05,0;3;0|4.0101396035896983e-05;1.9797207928206036e-05;4.0101396035896983e-05,"[0.0029,0.003]",-0.0503532316048737,6.27551888487575,0.0029,0.003,0.003,0,1
30,0.0029,0;3;0|4.0101396035896983e-05;1.9797207928206036e-05;4.0101396035896983e-05,"[0.0029,0.003]",0;3;0|4.7320104204857702e-05;5.3597915902846074e-06;4.7320104204857702e-05,0;3;0|4.7320104204857702e-05;5.3597915902846074e-06;4.7320104204857702e-05,"[0.003,0.0031]",0.0286389426202251,6.30422385530731,0.003,0.0031,0.0031,0,1
31,0.003,0;3;0|4.7320104204857702e-05;5.3597915902846074e-06;4.7320104204857702e-05,"[0.003,0.0031]",0;3;4;3;0|2.8953608372136487e-05;1.2916801923144767e-05;1.6259179409437493e-05;1.2916801923144767e-05;2.8953608372136487e-05,0;3;4;3;0|2.8953608372136487e-05;1.2916801923144767e-05;1.6259179409437493e-05;1.2916801923144767e-05;2.8953608372136487e-05,"[0.0031,0.0032]",0.108383047794204,6.33417934308933,0.0031,0.0032,0.0032,0,1
32,0.0031,0;3;4;3;0|2.8953608372136487e-05;1.2916801923144767e-05;1.6259179409437493e-05;1.2916801923144767e-05;2.8953608372136487e-05,"[0.0031,0.0032]",0;3;0|3.9972472945222234e-05;2.0055054109555541e-05;3.9972472945222234e-05,0;3;0|3.9972472945222234e-05;2.0055054109555541e-05;3.9972472945222234e-05,"[0.0032,0.0033]",0.0508900167320935,1.71437815941077,0.0032,0.0033,0.0033,0,1
33,0.0032,0;3;0|3.9972472945222234e-05;2.0055054109555541e-05;3.9972472945222234e-05,"[0.0032,0.0033]",0;3;0|3.9972147892549359e-05;2.0055704214901284e-05;3.9972147892549359e-05,0;3;0|3.9972147892549359e-05;2.0055704214901284e-05;3.9972147892549359e-05,"[0.0033,0.0034]",-4.04289925369129,11.0487931481523,0.0033,0.0034,0.0034,0,1
34,0.0033,0;3;0|3.9972147892549359e-05;2.0055704214901284e-05;3.9972147892549359e-05,"[0.0033,0.0034]",0;4;0|4.1471762940992944e-05;1.7056474118014109e-05;4.1471762940992944e-05,0;4;0|4.1471762940992944e-05;1.7056474118014109e-05;4.1471762940992944e-05,"[0.0034,0.0035]",0.35156242435589,6.40798063857174,0.0034,0.0035,0.0035,0,1
35,0.0034,0;4;0|4.1471762940992944e-05;1.7056474118014109e-05;4.1471762940992944e-05,"[0.0034,0.0035]",0;3;0|3.4656804948278715e-05;3.0686390103442582e-05;3.4656804948278715e-05,0;3;0|3.4656804948278715e-05;3.0686390103442582e-05;3.4656804948278715e-05,"[0.0035,0.0036]",0.432071612335516,6.40326450563368,0.0035,0.0036,0.0036,0,1
36,0.0035,0;3;0|3.4656804948278715e-05;3.0686390103442582e-05;3.4656804948278715e-05,"[0.0035,0.0036]",0;3;0|3.9868535509154305e-05;2.0262928981691398e-05;3.9868535509154305e-05,0;3;0|3.9868535509154305e-05;2.0262928981691398e-05;3.9868535509154305e-05,"[0.0036,0.0037]",-4.49380365546688,3.09778559335106,0.0036,0.0037,0.0037,0,1
37,0.0036,0;3;0|3.9868535509154305e-05;2.0262928981691398e-05;3.9868535509154305e-05,"[0.0036,0.0037]",0;4;0|4.1211129789234538e-05;1.7577740421530929e-05;4.1211129789234538e-05,0;4;0|4.1211129789234538e-05;1.7577740421530929e-05;4.1211129789234538e-05,"[0.0037,0.0038]",0.907094573984388,9.77765841508628,0.0037,0.0038,0.0038,0,1
38,0.0037,0;4;0|4.1211129789234538e-05;1.7577740421530929e-05;4.1211129789234538e-05,"[0.0037,0.0038]",0;3;0|3.4871649086307772e-05;3.0256701827384453e-05;3.4871649086307772e-05,0;3;0|3.4871649086307772e-05;3.0256701827384453e-05;3.4871649086307772e-05,"[0.0038,0.0039]",0.680059651364716,6.44837615687032,0.0038,0.0039,0.0039,0,1
39,0.0038,0;3;0|3.4871649086307772e-05;3.0256701827384453e-05;3.4871649086307772e-05,"[0.0038,0.0039]",0;3;0|4.4922124555113776e-05;1.0155750889772453e-05;4.4922124555113776e-05,0;3;0|4.4922124555113776e-05;1.0155750889772453e-05;4.4922124555113776e-05,"[0.0039,0.004]",-4.5075248213204,3.36473780818608,0.0039,0.004,0.004,0,1
40,0.0039,0;3;0|4.4922124555113776e-05;1.0155750889772453e-05;4.4922124555113776e-05,"[0.0039,0.004]",0;4;0|3.6421356710791448e-05;2.7157286578417106e-05;3.6421356710791448e-05,0;4;0|3.6421356710791448e-05;2.7157286578417106e-05;3.6421356710791448e-05,"[0.004,0.0041]",1.25711891053324,9.60018623803912,0.004,0.0041,0.0041,0,1
41,0.004,0;4;0|3.6421356710791448e-05;2.7157286578417106e-05;3.6421356710791448e-05,"[0.004,0.0041]",0;3;0|3.2693212835029623e-05;3.4613574329940765e-05;3.2693212835029623e-05,0;3;0|3.2693212835029623e-05;3.4613574329940765e-05;3.2693212835029623e-05,"[0.0041,0.0042]",0.462414277426949,3.21677399148081,0.0041,0.0042,0.0042,0,1
42,0.0041,0;3;0|3.2693212835029623e-05;3.4613574329940765e-05;3.2693212835029623e-05,"[0.0041,0.0042]",0;3;0|4.1202475770459009e-05;1.7595048459081989e-05;4.1202475770459009e-05,0;3;0|4.1202475770459009e-05;1.7595048459081989e-05;4.1202475770459009e-05,"[0.0042,0.0043]",-6.76316419912342,5.45724061777086,0.0042,0.0043,0.0043,0,1
43,0.0042,0;3;0|4.1202475770459009e-05;1.7595048459081989e-05;4.1202475770459009e-05,"[0.0042,0.0043]",0;4;0|3.9560839165528496e-05;2.0878321668943014e-05;3.9560839165528496e-05,0;4;0|3.9560839165528496e-05;2.0878321668943014e-05;3.9560839165528496e-05,"[0.0043,0.0044]",1.85105393532691,10.9205764950799,0.0043,0.0044,0.0044,0,1
44,0.0043,0;4;0|3.9560839165528496e-05;2.0878321668943014e-05;3.9560839165528496e-05,"[0.0043,0.0044]",0;3;0|3.4417394841008162e-05;3.1165210317983682e-05;3.4417394841008162e-05,0;3;0|3.4417394841008162e-05;3.1165210317983682e-05;3.4417394841008162e-05,"[0.0044,0.0045]",1.01062525821772,5.53897241082338,0.0044,0.0045,0.0045,0,1
45,0.0044,0;3;0|3.4417394841008162e-05;3.1165210317983682e-05;3.4417394841008162e-05,"[0.0044,0.0045]",0;4;0|4.1037934216168807e-05;1.7924131567662394e-05;4.1037934216168807e-05,0;4;0|4.1037934216168807e-05;1.7924131567662394e-05;4.1037934216168807e-05,"[0.0045,0.0046]",-5.03764775301453,4.38847434143594,0.0045,0.0046,0.0046,0,1
46,0.0045,0;4;0|4.1037934216168807e-05;1.7924131567662394e-05;4.1037934216168807e-05,"[0.0045,0.0046]",0;3;0|3.6641470262068581e-05;2.6717059475862842e-05;3.6641470262068581e-05,0;3;0|3.6641470262068581e-05;2.6717059475862842e-05;3.6641470262068581e-05,"[0.0046,0.0047]",2.03605238280782,9.76281582909727,0.0046,0.0047,0.0047,0,1
47,0.0046,0;3;0|3.6641470262068581e-05;2.6717059475862842e-05;3.6641470262068581e-05,"[0.0046,0.0047]",0;4;0|3.9245252926627614e-05;2.1509494146744777e-05;3.9245252926627614e-05,0;4;0|3.9245252926627614e-05;2.1509494146744777e-05;3.9245252926627614e-05,"[0.0047,0.0048]",-4.22879880868292,3.87501853712479,0.0047,0.0048,0.0048,0,1
48,0.0047,0;4;0|3.9245252926627614e-05;2.1509494146744777e-05;3.9245252926627614e-05,"[0.0047,0.0048]",0;3;0|3.6445496025401174e-05;2.7109007949197657e-05;3.6445496025401174e-05,0;3;0|3.6445496025401174e-05;2.7109007949197657e-05;3.6445496025401174e-05,"[0.0048,0.0049]",1.95522280401649,8.32288132386984,0.0048,0.0049,0.0049,0,1
49,0.0048,0;3;0|3.6445496025401174e-05;2.7109007949197657e-05;3.6445496025401174e-05,"[0.0048,0.0049]",0;4;0|3.8925023316986204e-05;2.21499533660276e-05;3.8925023316986204e-05,0;4;0|3.8925023316986204e-05;2.21499533660276e-05;3.8925023316986204e-05,"[0.0049,0.005]",-4.95622403408865,4.77619693700794,0.0049,0.005,0.005,0,1
50,0.0049,0;4;0|3.8925023316986204e-05;2.21499533660276e-05;3.8925023316986204e-05,"[0.0049,0.005]",0;3;0|3.7394847856185597e-05;2.5210304287628817e-05;3.7394847856185597e-05,0;3;0|3.7394847856185597e-05;2.5210304287628817e-05;3.7394847856185597e-05,"[0.005,0.0051]",2.19550323274423,8.39245808465857,0.005,0.0051,0.0051,0,1
51,0.005,0;3;0|3.7394847856185597e-05;2.5210304287628817e-05;3.7394847856185597e-05,"[0.005,0.0051]",0;4;0|3.7959873452085331e-05;2.4080253095829345e-05;3.7959873452085331e-05,0;4;0|3.7959873452085331e-05;2.4080253095829345e-05;3.7959873452085331e-05,"[0.0051,0.0052]",-4.97858685756553,5.04511698132727,0.0051,0.0052,0.0052,0,1
52,0.0051,0;4;0|3.7959873452085331e-05;2.4080253095829345e-05;3.7959873452085331e-05,"[0.0051,0.0052]",0;3;0|3.9677876873354451e-05;2.0644246253291109e-05;3.9677876873354451e-05,0;3;0|3.9677876873354451e-05;2.0644246253291109e-05;3.9677876873354451e-05,"[0.0052,0.0053]",2.23721799231377,7.75088011414257,0.0052,0.0053,0.0053,0,1
53,0.0052,0;3;0|3.9677876873354451e-05;2.0644246253291109e-05;3.9677876873354451e-05,"[0.0052,0.0053]",0;4;0|4.1527441040218666e-05;1.6945117919562679e-05;4.1527441040218666e-05,0;4;0|4.1527441040218666e-05;1.6945117919562679e-05;4.1527441040218666e-05,"[0.0053,0.0054]",-5.27291282071276,5.61906664091689,0.0053,0.0054,0.0054,0,1
54,0.0053,0;4;0|4.1527441040218666e-05;1.6945117919562679e-05;4.1527441040218666e-05,"[0.0053,0.0054]",0;3;0|4.502016267724155e-05;9.9596746455169069e-06;4.502016267724155e-05,0;3;0|4.502016267724155e-05;9.9596746455169069e-06;4.502016267724155e-05,"[0.0054,0.0055]",1.99093935188301,6.29900742989367,0.0054,0.0055,0.0055,0,1
55,0.0054,0;3;0|4.502016267724155e-05;9.9596746455169069e-06;4.502016267724155e-05,"[0.0054,0.0055]",0;4;0|3.8980876220862261e-05;2.2038247558275489e-05;3.8980876220862261e-05,0;4;0|3.8980876220862261e-05;2.2038247558275489e-05;3.8980876220862261e-05,"[0.0055,0.0056]",-3.60997580244132,4.04609758751756,0.0055,0.0056,0.0056,0,1
56,0.0055,0;4;0|3.8980876220862261e-05;2.2038247558275489e-05;3.8980876220862261e-05,"[0.0055,0.0056]",0;3;0|4.3876707773070022e-05;1.2246584453859967e-05;4.3876707773070022e-05,0;3;0|4.3876707773070022e-05;1.2246584453859967e-05;4.3876707773070022e-05,"[0.0056,0.0057]",1.03657982796803,3.01381526481168,0.0056,0.0057,0.0057,0,1
57,0.0056,0;3;0|4.3876707773070022e-05;1.2246584453859967e-05;4.3876707773070022e-05,"[0.0056,0.0057]",0;4;0|3.9345549683816101e-05;2.1308900632367807e-05;3.9345549683816101e-05,0;4;0|3.9345549683816101e-05;2.1308900632367807e-05;3.9345549683816101e-05,"[0.0057,0.0058]",-4.5612897285252,5.37854199662787,0.0057,0.0058,0.0058,0,1
58,0.0057,0;4;0|3.9345549683816101e-05;2.1308900632367807e-05;3.9345549683816101e-05,"[0.0057,0.0058]",0;3;0|4.4501704051017505e-05;1.0996591897964997e-05;4.4501704051017505e-05,0;3;0|4.4501704051017505e-05;1.0996591897964997e-05;4.4501704051017505e-05,"[0.0058,0.0059]",1.36732163215814,3.67263717601809,0.0058,0.0059,0.0059,0,1
59,0.0058,0;3;0|4.4501704051017505e-05;1.0996591897964997e-05;4.4501704051017505e-05,"[0.0058,0.0059]",0;4;0|3.9018589886259961e-05;2.1962820227480087e-05;3.9018589886259961e-05,0;4;0|3.9018589886259961e-05;2.1962820227480087e-05;3.9018589886259961e-05,"[0.0059,0.006]",-4.27825275135873,5.30973108568487,0.0059,0.006,0.006,0,1
60,0.0059,0;4;0|3.9018589886259961e-05;2.1962820227480087e-05;3.9018589886259961e-05,"[0.0059,0.006]",0;3;0|4.4870829503907276e-05;1.0258340992185454e-05;4.4870829503907276e-05,0;3;0|4.4870829503907276e-05;1.0258340992185454e-05;4.4870829503907276e-05,"[0.006,0.0061]",1.3102466206079,3.26588077098866,0.006,0.0061,0.0061,0,1
61,0.006,0;3;0|4.4870829503907276e-05;1.0258340992185454e-05;4.4870829503907276e-05,"[0.006,0.0061]",0;4;0|3.8690836834543715e-05;2.2618326330912572e-05;3.8690836834543715e-05,0;4;0|3.8690836834543715e-05;2.2618326330912572e-05;3.8690836834543715e-05,"[0.0061,0.0062]",-4.27062077218508,5.58175801950149,0.0061,0.0062,0.0062,0,1
62,0.0061,0;4;0|3.8690836834543715e-05;2.2618326330912572e-05;3.8690836834543715e-05,"[0.0061,0.0062]",0;3;0|4.5256156573372813e-05;9.4876868532543778e-06;4.5256156573372813e-05,0;3;0|4.5256156573372813e-05;9.4876868532543778e-06;4.5256156573372813e-05,"[0.0062,0.0063]",1.29845987212441,3.01494916963232,0.0062,0.0063,0.0063,0,1
63,0.0062,0;3;0|4.5256156573372813e-05;9.4876868532543778e-06;4.5256156573372813e-05,"[0.0062,0.0063]",0;4;0|3.8364369665985289e-05;2.3271260668029423e-05;3.8364369665985289e-05,0;4;0|3.8364369665985289e-05;2.3271260668029423e-05;3.8364369665985289e-05,"[0.0063,0.0064]",-4.25223685381621,5.85706096832195,0.0063,0.0064,0.0064,0,1
64,0.0063,0;4;0|3.8364369665985289e-05;2.3271260668029423e-05;3.8364369665985289e-05,"[0.0063,0.0064]",0;3;0|4.5634742397201627e-05;8.7305152055967496e-06;4.5634742397201627e-05,0;3;0|4.5634742397201627e-05;8.7305152055967496e-06;4.5634742397201627e-05,"[0.0064,0.0065]",1.27060835490268,2.75739251383877,0.0064,0.0065,0.0065,0,1
65,0.0064,0;3;0|4.5634742397201627e-05;8.7305152055967496e-06;4.5634742397201627e-05,"[0.0064,0.0065]",0;4;0|3.8044669238568517e-05;2.3910661522862967e-05;3.8044669238568517e-05,0;4;0|3.8044669238568517e-05;2.3910661522862967e-05;3.8044669238568517e-05,"[0.0065,0.0066]",-4.22216913182705,6.13418037765231,0.0065,0.0066,0.0066,0,1
66,0.0065,0;4;0|3.8044669238568517e-05;2.3910661522862967e-05;3.8044669238568517e-05,"[0.0065,0.0066]",0;3;0|4.6029980263336645e-05;7.9400394733267173e-06;4.6029980263336645e-05,0;3;0|4.6029980263336645e-05;7.9400394733267173e-06;4.6029980263336645e-05,"[0.0066,0.0067]",1.23260081340921,2.50715323825867,0.0066,0.0067,0.0067,0,1
67,0.0066,0;3;0|4.6029980263336645e-05;7.9400394733267173e-06;4.6029980263336645e-05,"[0.0066,0.0067]",0;4;0|3.7721629991982525e-05;2.4556740016034955e-05;3.7721629991982525e-05,0;4;0|3.7721629991982525e-05;2.4556740016034955e-05;3.7721629991982525e-05,"[0.0067,0.0068]",-4.17841932146347,6.40975138229393,0.0067,0.0068,0.0068,0,1
68,0.0067,0;4;0|3.7721629991982525e-05;2.4556740016034955e-05;3.7721629991982525e-05,"[0.0067,0.0068]",0|0.0001,0|0.0001,"[0.0068,0.0069]",1.17794543069608,2.25126040042284,0.0068,0.0069,0.0069,0,1
69,0.0068,0|0.0001,"[0.0068,0.0069]",0;4;0|3.7317287090280865e-05;2.5365425819438272e-05;3.7317287090280865e-05,0;4;0|3.7317287090280865e-05;2.5365425819438272e-05;3.7317287090280865e-05,"[0.0069,0.007]",-4.12453706999046,6.68870856984397,0.0069,0.007,0.007,0,1
70,0.0069,0;4;0|3.7317287090280865e-05;2.5365425819438272e-05;3.7317287090280865e-05,"[0.0069,0.007]",0;3;0|4.3334549876687331e-05;1.3330900246625347e-05;4.3334549876687331e-05,0;3;0|4.3334549876687331e-05;1.3330900246625347e-05;4.3334549876687331e-05,"[0.007,0.0071]",0,0,0.007,0.0071,0.0071,0,1
71,0.007,0;3;0|4.3334549876687331e-05;1.3330900246625347e-05;4.3334549876687331e-05,"[0.007,0.0071]",0;4;0|3.7385908200651188e-05;2.5228183598697626e-05;3.7385908200651188e-05,0;4;0|3.7385908200651188e-05;2.5228183598697626e-05;3.7385908200651188e-05,"[0.0071,0.0072]",-4.08539480126439,7.01385796853258,0.0071,0.0072,0.0072,0,1
72,0.0071,0;4;0|3.7385908200651188e-05;2.5228183598697626e-05;3.7385908200651188e-05,"[0.0071,0.0072]",0|0.0001,0|0.0001,"[0.0072,0.0073]",2.16511997604259,3.67560288812788,0.0072,0.0073,0.0073,0,1
73,0.0072,0|0.0001,"[0.0072,0.0073]",0;4;0|3.6841344245640425e-05;2.6317311508719152e-05;3.6841344245640425e-05,0;4;0|3.6841344245640425e-05;2.6317311508719152e-05;3.6841344245640425e-05,"[0.0073,0.0074]",-3.88670187248437,7.07581658311188,0.0073,0.0074,0.0074,0,1
74,0.0073,0;4;0|3.6841344245640425e-05;2.6317311508719152e-05;3.6841344245640425e-05,"[0.0073,0.0074]",0;3;0|4.4990271513692044e-05;1.0019456972615913e-05;4.4990271513692044e-05,0;3;0|4.4990271513692044e-05;1.0019456972615913e-05;4.4990271513692044e-05,"[0.0074,0.0075]",0,0,0.0074,0.0075,0.0075,0,1
75,0.0074,0;3;0|4.4990271513692044e-05;1.0019456972615913e-05;4.4990271513692044e-05,"[0.0074,0.0075]",0;4;0|3.7530431176545241e-05;2.4939137646909526e-05;3.7530431176545241e-05,0;4;0|3.7530431176545241e-05;2.4939137646909526e-05;3.7530431176545241e-05,"[0.0075,0.0076]",-3.86772208119462,7.48084597699006,0.0075,0.0076,0.0076,0,1
76,0.0075,0;4;0|3.7530431176545241e-05;2.4939137646909526e-05;3.7530431176545241e-05,"[0.0075,0.0076]",0|0.0001,0|0.0001,"[0.0076,0.0077]",1.76404453419161,2.67731834626768,0.0076,0.0077,0.0077,0,1
77,0.0076,0|0.0001,"[0.0076,0.0077]",0;4;0|3.5219106739505163e-05;2.9561786520989675e-05;3.5219106739505163e-05,0;4;0|3.5219106739505163e-05;2.9561786520989675e-05;3.5219106739505163e-05,"[0.0077,0.0078]",-3.4858717774738,7.17895967504577,0.0077,0.0078,0.0078,0,1
78,0.0077,0;4;0|3.5219106739505163e-05;2.9561786520989675e-05;3.5219106739505163e-05,"[0.0077,0.0078]",0|0.0001,0|0.0001,"[0.0078,0.0079]",0,0,0.0078,0.0079,0.0079,0,1
79,0.0078,0|0.0001,"[0.0078,0.0079]",0;4;0|3.6453010491783059e-05;2.709397901643388e-05;3.6453010491783059e-05,0;4;0|3.6453010491783059e-05;2.709397901643388e-05;3.6453010491783059e-05,"[0.0079,0.008]",-3.9168504458391,8.6107817850493,0.0079,0.008,0.008,0,1
80,0.0079,0;4;0|3.6453010491783059e-05;2.709397901643388e-05;3.6453010491783059e-05,"[0.0079,0.008]",0;4;0|4.3168284645728575e-05;1.3663430708542849e-05;4.3168284645728575e-05,0;4;0|4.3168284645728575e-05;1.3663430708542849e-05;4.3168284645728575e-05,"[0.008,0.0081]",0,0,0.008,0.0081,0.0081,0,1
81,0.008,0;4;0|4.3168284645728575e-05;1.3663430708542849e-05;4.3168284645728575e-05,"[0.008,0.0081]",0;3;0|4.517543812364316e-05;9.6491237527136823e-06;4.517543812364316e-05,0;3;0|4.517543812364316e-05;9.6491237527136823e-06;4.517543812364316e-05,"[0.0081,0.0082]",-3.39041380607371,7.97967825136727,0.0081,0.0082,0.0082,0,1
82,0.0081,0;3;0|4.517543812364316e-05;9.6491237527136823e-06;4.517543812364316e-05,"[0.0081,0.0082]",0;4;0|3.7849200275222983e-05;2.4301599449554045e-05;3.7849200275222983e-05,0;4;0|3.7849200275222983e-05;2.4301599449554045e-05;3.7849200275222983e-05,"[0.0082,0.0083]",-1.65907539487582,4.04530062168165,0.0082,0.0083,0.0083,0,1
83,0.0082,0;4;0|3.7849200275222983e-05;2.4301599449554045e-05;3.7849200275222983e-05,"[0.0082,0.0083]",0|0.0001,0|0.0001,"[0.0083,0.0084]",1.91878666632113,2.41914655668792,0.0083,0.0084,0.0084,0,1
84,0.0083,0|0.0001,"[0.0083,0.0084]",0;4;0|3.5605593235688474e-05;2.8788813528623064e-05;3.5605593235688474e-05,0;4;0|3.5605593235688474e-05;2.8788813528623064e-05;3.5605593235688474e-05,"[0.0084,0.0085]",-2.76906893899673,7.26680076496362,0.0084,0.0085,0.0085,0,1
85,0.0084,0;4;0|3.5605593235688474e-05;2.8788813528623064e-05;3.5605593235688474e-05,"[0.0084,0.0085]",0|0.0001,0|0.0001,"[0.0085,0.0086]",0,0,0.0085,0.0086,0.0086,0,1
86,0.0085,0|0.0001,"[0.0085,0.0086]",0;4;0|3.5672624651524279e-05;2.865475069695145e-05;3.5672624651524279e-05,0;4;0|3.5672624651524279e-05;2.865475069695145e-05;3.5672624651524279e-05,"[0.0086,0.0087]",-3.06299809675876,8.68831001866078,0.0086,0.0087,0.0087,0,1
87,0.0086,0;4;0|3.5672624651524279e-05;2.865475069695145e-05;3.5672624651524279e-05,"[0.0086,0.0087]",0|0.0001,0|0.0001,"[0.0087,0.0088]",0,0,0.0087,0.0088,0.0088,0,1
88,0.0087,0|0.0001,"[0.0087,0.0088]",0;4;0|3.5818258009234842e-05;2.8363483981530314e-05;3.5818258009234842e-05,0;4;0|3.5818258009234842e-05;2.8363483981530314e-05;3.5818258009234842e-05,"[0.0088,0.0089]",-2.83045029131471,8.7217344759429,0.0088,0.0089,0.0089,0,1
89,0.0088,0;4;0|3.5818258009234842e-05;2.8363483981530314e-05;3.5818258009234842e-05,"[0.0088,0.0089]",0|0.0001,0|0.0001,"[0.0089,0.009]",0,0,0.0089,0.009,0.009,0,1
90,0.0089,0|0.0001,"[0.0089,0.009]",0;4;0|3.5925843053318039e-05;2.814831389336392e-05;3.5925843053318039e-05,0;4;0|3.5925843053318039e-05;2.814831389336392e-05;3.5925843053318039e-05,"[0.009,0.0091]",-2.58384469265836,8.70076078845081,0.009,0.0091,0.0091,0,1
91,0.009,0;4;0|3.5925843053318039e-05;2.814831389336392e-05;3.5925843053318039e-05,"[0.009,0.0091]",0|0.0001,0|0.0001,"[0.0091,0.0092]",0,0,0.0091,0.0092,0.0092,0,1
92,0.0091,0|0.0001,"[0.0091,0.0092]",0;4;0|3.5477075698256514e-05;2.904584860348697e-05;3.5477075698256514e-05,0;4;0|3.5477075698256514e-05;2.904584860348697e-05;3.5477075698256514e-05,"[0.0092,0.0093]",-2.34644117657019,8.69646810428951,0.0092,0.0093,0.0093,0,1
93,0.0092,0;4;0|3.5477075698256514e-05;2.904584860348697e-05;3.5477075698256514e-05,"[0.0092,0.0093]",0;4;0|4.164920652720441e-05;1.6701586945591185e-05;4.164920652720441e-05,0;4;0|4.164920652720441e-05;1.6701586945591185e-05;4.164920652720441e-05,"[0.0093,0.0094]",0,0,0.0093,0.0094,0.0094,0,1
94,0.0093,0;4;0|4.164920652720441e-05;1.6701586945591185e-05;4.164920652720441e-05,"[0.0093,0.0094]",0;5;0|4.3745236424385646e-05;1.2509527151228712e-05;4.3745236424385646e-05,0;5;0|4.3745236424385646e-05;1.2509527151228712e-05;4.3745236424385646e-05,"[0.0094,0.0095]",-2.19498341882857,9.03177541081311,0.0094,0.0095,0.0095,0,1
95,0.0094,0;5;0|4.3745236424385646e-05;1.2509527151228712e-05;4.3745236424385646e-05,"[0.0094,0.0095]",0;4;0|3.9827355442562749e-05;2.034528911487451e-05;3.9827355442562749e-05,0;4;0|3.9827355442562749e-05;2.034528911487451e-05;3.9827355442562749e-05,"[0.0095,0.0096]",-1.19677301662555,5.20879047499455,0.0095,0.0096,0.0096,0,1
96,0.0095,0;4;0|3.9827355442562749e-05;2.034528911487451e-05;3.9827355442562749e-05,"[0.0095,0.0096]",0|0.0001,0|0.0001,"[0.0096,0.0097]",-3.81184121362956,1.22240147403443,0.0096,0.0097,0.0097,0,1
97,0.0096,0|0.0001,"[0.0096,0.0097]",0;4;0|3.616787049523512e-05;2.7664259009529758e-05;3.616787049523512e-05,0;4;0|3.616787049523512e-05;2.7664259009529758e-05;3.616787049523512e-05,"[0.0097,0.0098]",-1.29795198725319,6.37979885651353,0.0097,0.0098,0.0098,0,1
98,0.0097,0;4;0|3.616787049523512e-05;2.7664259009529758e-05;3.616787049523512e-05,"[0.0097,0.0098]",0|0.0001,0|0.0001,"[0.0098,0.0099]",0,0,0.0098,0.0099,0.0099,0,1
99,0.0098,0|0.0001,"[0.0098,0.0099]",0;4;0|3.2034507361402496e-05;3.5930985277195006e-05;3.2034507361402496e-05,0;4;0|3.2034507361402496e-05;3.5930985277195006e-05;3.2034507361402496e-05,"[0.0099,0.01]",-1.54631713239534,8.71646562113376,0.0099,0.01,0.01,0,1
100,0.0099,0;4;0|3.2034507361402496e-05;3.5930985277195006e-05;3.2034507361402496e-05,"[0.0099,0.01]",0;5;0|4.2722085433314938e-05;1.4555829133370133e-05;4.2722085433314938e-05,0;5;0|4.2722085433314938e-05;1.4555829133370133e-05;4.2722085433314938e-05,"[0.01,0.0101]",0,0,0.01,0.0101,0.0101,0,1
101,0.01,0;5;0|4.2722085433314938e-05;1.4555829133370133e-05;4.2722085433314938e-05,"[0.01,0.0101]",0|0.0001,0|0.0001,"[0.0101,0.0102]",-1.72325695556724,11.3680447505833,0.0101,0.0102,0.0102,0,1
102,0.0101,0|0.0001,"[0.0101,0.0102]",0;4;0|3.6325725848527973e-05;2.7348548302944067e-05;3.6325725848527973e-05,0;4;0|3.6325725848527973e-05;2.7348548302944067e-05;3.6325725848527973e-05,"[0.0102,0.0103]",-4.31563693931306,1.75242322863142,0.0102,0.0103,0.0103,0,1
103,0.0102,0;4;0|3.6325725848527973e-05;2.7348548302944067e-05;3.6325725848527973e-05,"[0.0102,0.0103]",0;5;0|4.4078942729061997e-05;1.1842114541876007e-05;4.4078942729061997e-05,0;5;0|4.4078942729061997e-05;1.1842114541876007e-05;4.4078942729061997e-05,"[0.0103,0.0104]",0,0,0.0103,0.0104,0.0104,0,1
104,0.0103,0;5;0|4.4078942729061997e-05;1.1842114541876007e-05;4.4078942729061997e-05,"[0.0103,0.0104]",0;4;0|3.8796974379347057e-05;2.2406051241305892e-05;3.8796974379347057e-05,0;4;0|3.8796974379347057e-05;2.2406051241305892e-05;3.8796974379347057e-05,"[0.0104,0.0105]",-0.984588369471796,8.69597370032912,0.0104,0.0105,0.0105,0,1
105,0.0104,0;4;0|3.8796974379347057e-05;2.2406051241305892e-05;3.8796974379347057e-05,"[0.0104,0.0105]",0|0.0001,0|0.0001,"[0.0105,0.0106]",-3.45482160281973,1.55702954350783,0.0105,0.0106,0.0106,0,1
106,0.0105,0|0.0001,"[0.0105,0.0106]",0;4;0|3.1887596079576636e-05;3.6224807840846732e-05;3.1887596079576636e-05,0;4;0|3.1887596079576636e-05;3.6224807840846732e-05;3.1887596079576636e-05,"[0.0106,0.0107]",-0.627359131824314,7.14243715127172,0.0106,0.0107,0.0107,0,1
107,0.0106,0;4;0|3.1887596079576636e-05;3.6224807840846732e-05;3.1887596079576636e-05,"[0.0106,0.0107]",0;5;0|4.2029410328077987e-05;1.5941179343844028e-05;4.2029410328077987e-05,0;5;0|4.2029410328077987e-05;1.5941179343844028e-05;4.2029410328077987e-05,"[0.0107,0.0108]",0,0,0.0107,0.0108,0.0108,0,1
108,0.0107,0;5;0|4.2029410328077987e-05;1.5941179343844028e-05;4.2029410328077987e-05,"[0.0107,0.0108]",0|0.0001,0|0.0001,"[0.0108,0.0109]",-0.723768385102551,11.5693214028658,0.0108,0.0109,0.0109,0,1
109,0.0108,0|0.0001,"[0.0108,0.0109]",0;5;0|3.9431382397966925e-05;2.1137235204066158e-05;3.9431382397966925e-05,0;5;0|3.9431382397966925e-05;2.1137235204066158e-05;3.9431382397966925e-05,"[0.0109,0.011]",-4.53949852141543,2.32700750721207,0.0109,0.011,0.011,0,1
110,0.0109,0;5;0|3.9431382397966925e-05;2.1137235204066158e-05;3.9431382397966925e-05,"[0.0109,0.011]",0;4;0|3.5891686201114288e-05;2.8216627597771426e-05;3.5891686201114288e-05,0;4;0|3.5891686201114288e-05;2.8216627597771426e-05;3.5891686201114288e-05,"[0.011,0.0111]",0,0,0.011,0.0111,0.0111,0,1
111,0.011,0;4;0|3.5891686201114288e-05;2.8216627597771426e-05;3.5891686201114288e-05,"[0.011,0.0111]",0|0.0001,0|0.0001,"[0.0111,0.0112]",-5.93971634950973,3.23578729269108,0.0111,0.0112,0.0112,0,1
112,0.0111,0|0.0001,"[0.0111,0.0112]",0;4;0|3.6608112010725083e-05;2.678377597854984e-05;3.6608112010725083e-05,0;4;0|3.6608112010725083e-05;2.678377597854984e-05;3.6608112010725083e-05,"[0.0112,0.0113]",-0.110266701180909,9.02864751382628,0.0112,0.0113,0.0113,0,1
113,0.0112,0;4;0|3.6608112010725083e-05;2.678377597854984e-05;3.6608112010725083e-05,"[0.0112,0.0113]",0|0.0001,0|0.0001,"[0.0113,0.0114]",0,0,0.0113,0.0114,0.0114,0,1
114,0.0113,0|0.0001,"[0.0113,0.0114]",0;5;0|3.7314871974984143e-05;2.5370256050031715e-05;3.7314871974984143e-05,0;5;0|3.7314871974984143e-05;2.5370256050031715e-05;3.7314871974984143e-05,"[0.0114,0.0115]",0.110734910640333,8.57009293532373,0.0114,0.0115,0.0115,0,1
115,0.0114,0;5;0|3.7314871974984143e-05;2.5370256050031715e-05;3.7314871974984143e-05,"[0.0114,0.0115]",0;4;0|3.644778773483099e-05;2.7104424530338024e-05;3.644778773483099e-05,0;4;0|3.644778773483099e-05;2.7104424530338024e-05;3.644778773483099e-05,"[0.0115,0.0116]",0,0,0.0115,0.0116,0.0116,0,1
116,0.0115,0;4;0|3.644778773483099e-05;2.7104424530338024e-05;3.644778773483099e-05,"[0.0115,0.0116]",0|0.0001,0|0.0001,"[0.0116,0.0117]",-6.8712923051367,4.32378202534451,0.0116,0.0117,0.0117,0,1
117,0.0116,0|0.0001,"[0.0116,0.0117]",0;4;0|3.8891815984015665e-05;2.2216368031968676e-05;3.8891815984015665e-05,0;4;0|3.8891815984015665e-05;2.2216368031968676e-05;3.8891815984015665e-05,"[0.0117,0.0118]",0.438856320931524,8.66230613817979,0.0117,0.0118,0.0118,0,1
118,0.0117,0;4;0|3.8891815984015665e-05;2.2216368031968676e-05;3.8891815984015665e-05,"[0.0117,0.0118]",0;5;0|4.1225235615929056e-05;1.7549528768141886e-05;4.1225235615929056e-05,0;5;0|4.1225235615929056e-05;1.7549528768141886e-05;4.1225235615929056e-05,"[0.0118,0.0119]",0,0,0.0118,0.0119,0.0119,0,1
119,0.0118,0;5;0|4.1225235615929056e-05;1.7549528768141886e-05;4.1225235615929056e-05,"[0.0118,0.0119]",0;5;0|4.2717073563082076e-05;1.4565852873835847e-05;4.2717073563082076e-05,0;5;0|4.2717073563082076e-05;1.4565852873835847e-05;4.2717073563082076e-05,"[0.0119,0.012]",0.538025634072758,7.08884970152035,0.0119,0.012,0.012,0,1
120,0.0119,0;5;0|4.2717073563082076e-05;1.4565852873835847e-05;4.2717073563082076e-05,"[0.0119,0.012]",0;4;0|3.6403763801719738e-05;2.7192472396560525e-05;3.6403763801719738e-05,0;4;0|3.6403763801719738e-05;2.7192472396560525e-05;3.6403763801719738e-05,"[0.012,0.0121]",-4.59684278124474,3.22595702805591,0.012,0.0121,0.0121,0,1
121,0.012,0;4;0|3.6403763801719738e-05;2.7192472396560525e-05;3.6403763801719738e-05,"[0.012,0.0121]",0|0.0001,0|0.0001,"[0.0121,0.0122]",-3.78136567342358,2.72522923915373,0.0121,0.0122,0.0122,0,1
122,0.0121,0|0.0001,"[0.0121,0.0122]",0;5;0|3.9066070373043237e-05;2.1867859253913531e-05;3.9066070373043237e-05,0;5;0|3.9066070373043237e-05;2.1867859253913531e-05;3.9066070373043237e-05,"[0.0122,0.0123]",0.98509071545783,8.64565122580016,0.0122,0.0123,0.0123,0,1
123,0.0122,0;5;0|3.9066070373043237e-05;2.1867859253913531e-05;3.9066070373043237e-05,"[0.0122,0.0123]",0;4;0|3.6327511202677675e-05;2.7344977594644651e-05;3.6327511202677675e-05,0;4;0|3.6327511202677675e-05;2.7344977594644651e-05;3.6327511202677675e-05,"[0.0123,0.0124]",0,0,0.0123,0.0124,0.0124,0,1
124,0.0123,0;4;0|3.6327511202677675e-05;2.7344977594644651e-05;3.6327511202677675e-05,"[0.0123,0.0124]",0|0.0001,0|0.0001,"[0.0124,0.0125]",-5.5187619620843,4.30247383313207,0.0124,0.0125,0.0125,0,1
125,0.0124,0|0.0001,"[0.0124,0.0125]",0;5;0|3.8858987053759832e-05;2.2282025892480344e-05;3.8858987053759832e-05,0;5;0|3.8858987053759832e-05;2.2282025892480344e-05;3.8858987053759832e-05,"[0.0125,0.0126]",1.31759529330651,8.65062525644142,0.0125,0.0126,0.0126,0,1
126,0.0125,0;5;0|3.8858987053759832e-05;2.2282025892480344e-05;3.8858987053759832e-05,"[0.0125,0.0126]",0;4;0|3.6684427377717739e-05;2.6631145244564531e-05;3.6684427377717739e-05,0;4;0|3.6684427377717739e-05;2.6631145244564531e-05;3.6684427377717739e-05,"[0.0126,0.0127]",0,0,0.0126,0.0127,0.0127,0,1
127,0.0126,0;4;0|3.6684427377717739e-05;2.6631145244564531e-05;3.6684427377717739e-05,"[0.0126,0.0127]",0|0.0001,0|0.0001,"[0.0127,0.0128]",-5.45405686120263,4.59278830003959,0.0127,0.0128,0.0128,0,1
128,0.0127,0|0.0001,"[0.0127,0.0128]",0;5;0|3.8217169893765997e-05;2.3565660212468014e-05;3.8217169893765997e-05,0;5;0|3.8217169893765997e-05;2.3565660212468014e-05;3.8217169893765997e-05,"[0.0128,0.0129]",1.59982049459658,8.37045321602522,0.0128,0.0129,0.0129,0,1
129,0.0128,0;5;0|3.8217169893765997e-05;2.3565660212468014e-05;3.8217169893765997e-05,"[0.0128,0.0129]",0;4;0|3.7290778871568983e-05;2.5418442256862035e-05;3.7290778871568983e-05,0;4;0|3.7290778871568983e-05;2.5418442256862035e-05;3.7290778871568983e-05,"[0.0129,0.013]",0,0,0.0129,0.013,0.013,0,1
130,0.0129,0;4;0|3.7290778871568983e-05;2.5418442256862035e-05;3.7290778871568983e-05,"[0.0129,0.013]",0|0.0001,0|0.0001,"[0.013,0.0131]",-5.58108321044787,5.07132735504281,0.013,0.0131,0.0131,0,1
131,0.013,0|0.0001,"[0.013,0.0131]",0;5;0|3.7397991013462808e-05;2.5204017973074385e-05;3.7397991013462808e-05,0;5;0|3.7397991013462808e-05;2.5204017973074385e-05;3.7397991013462808e-05,"[0.0131,0.0132]",1.82700219719058,7.926059357855,0.0131,0.0132,0.0132,0,1
132,0.0131,0;5;0|3.7397991013462808e-05;2.5204017973074385e-05;3.7397991013462808e-05,"[0.0131,0.0132]",0;5;0|4.3526309082219037e-05;1.2947381835561928e-05;4.3526309082219037e-05,0;5;0|4.3526309082219037e-05;1.2947381835561928e-05;4.3526309082219037e-05,"[0.0132,0.0133]",0,0,0.0132,0.0133,0.0133,0,1
133,0.0132,0;5;0|4.3526309082219037e-05;1.2947381835561928e-05;4.3526309082219037e-05,"[0.0132,0.0133]",0;4;0|3.5736801578335031e-05;2.852639684332994e-05;3.5736801578335031e-05,0;4;0|3.5736801578335031e-05;2.852639684332994e-05;3.5736801578335031e-05,"[0.0133,0.0134]",-5.76042836376048,5.64502429733109,0.0133,0.0134,0.0134,0,1
134,0.0133,0;4;0|3.5736801578335031e-05;2.852639684332994e-05;3.5736801578335031e-05,"[0.0133,0.0134]",0|0.0001,0|0.0001,"[0.0134,0.0135]",-2.92247635348546,2.93682224083315,0.0134,0.0135,0.0135,0,1
135,0.0134,0|0.0001,"[0.0134,0.0135]",0;5;0|3.7583137770908366e-05;2.4833724458183267e-05;3.7583137770908366e-05,0;5;0|3.7583137770908366e-05;2.4833724458183267e-05;3.7583137770908366e-05,"[0.0135,0.0136]",2.49473585282735,8.78093602478709,0.0135,0.0136,0.0136,0,1
136,0.0135,0;5;0|3.7583137770908366e-05;2.4833724458183267e-05;3.7583137770908366e-05,"[0.0135,0.0136]",0;5;0|4.3663448783187457e-05;1.267310243362509e-05;4.3663448783187457e-05,0;5;0|4.3663448783187457e-05;1.267310243362509e-05;4.3663448783187457e-05,"[0.0136,0.0137]",0,0,0.0136,0.0137,0.0137,0,1
137,0.0136,0;5;0|4.3663448783187457e-05;1.267310243362509e-05;4.3663448783187457e-05,"[0.0136,0.0137]",0;4;0|3.6558243777154866e-05;2.6883512445690272e-05;3.6558243777154866e-05,0;4;0|3.6558243777154866e-05;2.6883512445690272e-05;3.6558243777154866e-05,"[0.0137,0.0138]",-5.38916492433568,5.84023987126581,0.0137,0.0138,0.0138,0,1
138,0.0137,0;4;0|3.6558243777154866e-05;2.6883512445690272e-05;3.6558243777154866e-05,"[0.0137,0.0138]",0|0.0001,0|0.0001,"[0.0138,0.0139]",-2.71252040356739,3.01470457097367,0.0138,0.0139,0.0139,0,1
139,0.0138,0|0.0001,"[0.0138,0.0139]",0;5;0|3.6269756530466014e-05;2.746048693906797e-05;3.6269756530466014e-05,0;5;0|3.6269756530466014e-05;2.746048693906797e-05;3.6269756530466014e-05,"[0.0139,0.014]",2.76387334862151,8.14664741068007,0.0139,0.014,0.014,0,1
140,0.0139,0;5;0|3.6269756530466014e-05;2.746048693906797e-05;3.6269756530466014e-05,"[0.0139,0.014]",0;5;0|4.3747210545037825e-05;1.2505578909924352e-05;4.3747210545037825e-05,0;5;0|4.3747210545037825e-05;1.2505578909924352e-05;4.3747210545037825e-05,"[0.014,0.0141]",0,0,0.014,0.0141,0.0141,0,1
141,0.014,0;5;0|4.3747210545037825e-05;1.2505578909924352e-05;4.3747210545037825e-05,"[0.014,0.0141]",0;5;0|4.381177191959599e-05;1.2376456160808026e-05;4.381177191959599e-05,0;5;0|4.381177191959599e-05;1.2376456160808026e-05;4.381177191959599e-05,"[0.0141,0.0142]",-5.6271946779415,6.74924457792521,0.0141,0.0142,0.0142,0,1
142,0.0141,0;5;0|4.381177191959599e-05;1.2376456160808026e-05;4.381177191959599e-05,"[0.0141,0.0142]",0;4;0|3.663384568834593e-05;2.6732308623308144e-05;3.663384568834593e-05,0;4;0|3.663384568834593e-05;2.6732308623308144e-05;3.663384568834593e-05,"[0.0142,0.0143]",-2.52381383129857,3.10558351062632,0.0142,0.0143,0.0143,0,1
143,0.0142,0;4;0|3.663384568834593e-05;2.6732308623308144e-05;3.663384568834593e-05,"[0.0142,0.0143]",0;5;0|4.1231713046561946e-05;1.7536573906876117e-05;4.1231713046561946e-05,0;5;0|4.1231713046561946e-05;1.7536573906876117e-05;4.1231713046561946e-05,"[0.0143,0.0144]",-2.45893576103844,3.10466191946363,0.0143,0.0144,0.0144,0,1
144,0.0143,0;5;0|4.1231713046561946e-05;1.7536573906876117e-05;4.1231713046561946e-05,"[0.0143,0.0144]",0;5;0|4.3763177758485937e-05;1.2473644483028125e-05;4.3763177758485937e-05,0;5;0|4.3763177758485937e-05;1.2473644483028125e-05;4.3763177758485937e-05,"[0.0144,0.0145]",3.25156015919977,7.91227326011182,0.0144,0.0145,0.0145,0,1
145,0.0144,0;5;0|4.3763177758485937e-05;1.2473644483028125e-05;4.3763177758485937e-05,"[0.0144,0.0145]",0;5;0|4.3735156604764144e-05;1.2529686790471715e-05;4.3735156604764144e-05,0;5;0|4.3735156604764144e-05;1.2529686790471715e-05;4.3735156604764144e-05,"[0.0145,0.0146]",-3.37249036380645,4.48525658170239,0.0145,0.0146,0.0146,0,1
146,0.0145,0;5;0|4.3735156604764144e-05;1.2529686790471715e-05;4.3735156604764144e-05,"[0.0145,0.0146]",0;5;0|4.3758466177951497e-05;1.2483067644097017e-05;4.3758466177951497e-05,0;5;0|4.3758466177951497e-05;1.2483067644097017e-05;4.3758466177951497e-05,"[0.0146,0.0147]",-2.35854997224702,3.22022406570799,0.0146,0.0147,0.0147,0,1
147,0.0146,0;5;0|4.3758466177951497e-05;1.2483067644097017e-05;4.3758466177951497e-05,"[0.0146,0.0147]",0;4;0|3.9050818573269918e-05;2.1898362853460165e-05;3.9050818573269918e-05,0;4;0|3.9050818573269918e-05;2.1898362853460165e-05;3.9050818573269918e-05,"[0.0147,0.0148]",-2.32831227376736,3.26420746661697,0.0147,0.0148,0.0148,0,1
148,0.0147,0;4;0|3.9050818573269918e-05;2.1898362853460165e-05;3.9050818573269918e-05,"[0.0147,0.0148]",0;5;0|3.9180413035620545e-05;2.1639173928758912e-05;3.9180413035620545e-05,0;5;0|3.9180413035620545e-05;2.1639173928758912e-05;3.9180413035620545e-05,"[0.0148,0.0149]",-2.27860063840887,3.28095438220191,0.0148,0.0149,0.0149,0,1
149,0.0148,0;5;0|3.9180413035620545e-05;2.1639173928758912e-05;3.9180413035620545e-05,"[0.0148,0.0149]",0;5;0|4.3763979457811061e-05;1.2472041084377877e-05;4.3763979457811061e-05,0;5;0|4.3763979457811061e-05;1.2472041084377877e-05;4.3763979457811061e-05,"[0.0149,0.015]",3.06530918726841,6.30147610185237,0.0149,0.015,0.015,0,1
150,0.0149,0;5;0|4.3763979457811061e-05;1.2472041084377877e-05;4.3763979457811061e-05,"[0.0149,0.015]",0;5;0|4.3737998788374928e-05;1.2524002423250156e-05;4.3737998788374928e-05,0;5;0|4.3737998788374928e-05;1.2524002423250156e-05;4.3737998788374928e-05,"[0.015,0.0151]",-3.80573911998263,5.78494112489553,0.015,0.0151,0.0151,0,1
151,0.015,0;5;0|4.3737998788374928e-05;1.2524002423250156e-05;4.3737998788374928e-05,"[0.015,0.0151]",0;5;0|4.3708326570261328e-05;1.258334685947735e-05;4.3708326570261328e-05,0;5;0|4.3708326570261328e-05;1.258334685947735e-05;4.3708326570261328e-05,"[0.0151,0.0152]",-2.15141978522124,3.36153211050327,0.0151,0.0152,0.0152,0,1
152,0.0151,0;5;0|4.3708326570261328e-05;1.258334685947735e-05;4.3708326570261328e-05,"[0.0151,0.0152]",0;5;0|4.3718544151326975e-05;1.2562911697346059e-05;4.3718544151326975e-05,0;5;0|4.3718544151326975e-05;1.2562911697346059e-05;4.3718544151326975e-05,"[0.0152,0.0153]",-2.11779537826623,3.40241795398889,0.0152,0.0153,0.0153,0,1
153,0.0152,0;5;0|4.3718544151326975e-05;1.2562911697346059e-05;4.3718544151326975e-05,"[0.0152,0.0153]",0;4;0|3.9547544994627016e-05;2.0904910010745966e-05;3.9547544994627016e-05,0;4;0|3.9547544994627016e-05;2.0904910010745966e-05;3.9547544994627016e-05,"[0.0153,0.0154]",-2.08470494221799,3.44500865109653,0.0153,0.0154,0.0154,0,1
154,0.0153,0;4;0|3.9547544994627016e-05;2.0904910010745966e-05;3.9547544994627016e-05,"[0.0153,0.0154]",0;5;0|3.7450988579476339e-05;2.5098022841047331e-05;3.7450988579476339e-05,0;5;0|3.7450988579476339e-05;2.5098022841047331e-05;3.7450988579476339e-05,"[0.0154,0.0155]",-2.03793526753883,3.46529639101905,0.0154,0.0155,0.0155,0,1
155,0.0154,0;5;0|3.7450988579476339e-05;2.5098022841047331e-05;3.7450988579476339e-05,"[0.0154,0.0155]",0|0.0001,0|0.0001,"[0.0155,0.0156]",3.3710689010082,5.77808422840406,0.0155,0.0156,0.0156,0,1
156,0.0155,0|0.0001,"[0.0155,0.0156]",0;5;0|3.691842240299942e-05;2.6163155194001171e-05;3.691842240299942e-05,0;5;0|3.691842240299942e-05;2.6163155194001171e-05;3.691842240299942e-05,"[0.0156,0.0157]",-3.89610124373714,7.02305175495629,0.0156,0.0157,0.0157,0,1
157,0.0156,0;5;0|3.691842240299942e-05;2.6163155194001171e-05;3.691842240299942e-05,"[0.0156,0.0157]",0;5;0|4.3551743649773627e-05;1.2896512700452756e-05;4.3551743649773627e-05,0;5;0|4.3551743649773627e-05;1.2896512700452756e-05;4.3551743649773627e-05,"[0.0157,0.0158]",0,0,0.0157,0.0158,0.0158,0,1
158,0.0157,0;5;0|4.3551743649773627e-05;1.2896512700452756e-05;4.3551743649773627e-05,"[0.0157,0.0158]",0;5;0|4.3534741488138122e-05;1.2930517023723757e-05;4.3534741488138122e-05,0;5;0|4.3534741488138122e-05;1.2930517023723757e-05;4.3534741488138122e-05,"[0.0158,0.0159]",-3.87618482640638,7.42085479020907,0.0158,0.0159,0.0159,0,1
159,0.0158,0;5;0|4.3534741488138122e-05;1.2930517023723757e-05;4.3534741488138122e-05,"[0.0158,0.0159]",0;5;0|4.3446035728201129e-05;1.3107928543597745e-05;4.3446035728201129e-05,0;5;0|4.3446035728201129e-05;1.3107928543597745e-05;4.3446035728201129e-05,"[0.0159,0.016]",-1.86455761790203,3.6816568238249,0.0159,0.016,0.016,0,1
160,0.0159,0;5;0|4.3446035728201129e-05;1.3107928543597745e-05;4.3446035728201129e-05,"[0.0159,0.016]",0;5;0|4.3420245750920523e-05;1.3159508498158953e-05;4.3420245750920523e-05,0;5;0|4.3420245750920523e-05;1.3159508498158953e-05;4.3420245750920523e-05,"[0.016,0.0161]",-1.82294047324332,3.7145647026663,0.016,0.0161,0.0161,0,1
161,0.016,0;5;0|4.3420245750920523e-05;1.3159508498158953e-05;4.3420245750920523e-05,"[0.016,0.0161]",0;5;0|4.339243706062579e-05;1.3215125878748431e-05;4.339243706062579e-05,0;5;0|4.339243706062579e-05;1.3215125878748431e-05;4.339243706062579e-05,"[0.0161,0.0162]",-1.80048819131738,3.78845404367308,0.0161,0.0162,0.0162,0,1
162,0.0161,0;5;0|4.339243706062579e-05;1.3215125878748431e-05;4.339243706062579e-05,"[0.0161,0.0162]",0;5;0|4.3356340968199485e-05;1.3287318063601039e-05;4.3356340968199485e-05,0;5;0|4.3356340968199485e-05;1.3287318063601039e-05;4.3356340968199485e-05,"[0.0162,0.0163]",-1.75963723448654,3.82577542306286,0.0162,0.0163,0.0163,0,1
163,0.0162,0;5;0|4.3356340968199485e-05;1.3287318063601039e-05;4.3356340968199485e-05,"[0.0162,0.0163]",0;5;0|4.3326906831384369e-05;1.334618633723127e-05;4.3326906831384369e-05,0;5;0|4.3326906831384369e-05;1.334618633723127e-05;4.3326906831384369e-05,"[0.0163,0.0164]",-1.71865661886959,3.86384647085145,0.0163,0.0164,0.0164,0,1
164,0.0163,0;5;0|4.3326906831384369e-05;1.334618633723127e-05;4.3326906831384369e-05,"[0.0163,0.0164]",0;4;0|3.9767097135034825e-05;2.0465805729930361e-05;3.9767097135034825e-05,0;4;0|3.9767097135034825e-05;2.0465805729930361e-05;3.9767097135034825e-05,"[0.0164,0.0165]",-1.67909044672567,3.90636201282221,0.0164,0.0165,0.0165,0,1
165,0.0164,0;4;0|3.9767097135034825e-05;2.0465805729930361e-05;3.9767097135034825e-05,"[0.0164,0.0165]",0;5;0|3.6540327365327431e-05;2.6919345269345142e-05;3.6540327365327431e-05,0;5;0|3.6540327365327431e-05;2.6919345269345142e-05;3.6540327365327431e-05,"[0.0165,0.0166]",-1.63709136678031,3.94455200080043,0.0165,0.0166,0.0166,0,1
166,0.0165,0;5;0|3.6540327365327431e-05;2.6919345269345142e-05;3.6540327365327431e-05,"[0.0165,0.0166]",0|0.0001,0|0.0001,"[0.0166,0.0167]",4.04822097336525,5.14801568163417,0.0166,0.0167,0.0167,0,1
167,0.0166,0|0.0001,"[0.0166,0.0167]",0;5;0|3.5595790413139237e-05;2.8808419173721533e-05;3.5595790413139237e-05,0;5;0|3.5595790413139237e-05;2.8808419173721533e-05;3.5595790413139237e-05,"[0.0167,0.0168]",-3.10104145201982,8.03665475463696,0.0167,0.0168,0.0168,0,1
168,0.0167,0;5;0|3.5595790413139237e-05;2.8808419173721533e-05;3.5595790413139237e-05,"[0.0167,0.0168]",0|0.0001,0|0.0001,"[0.0168,0.0169]",0,0,0.0168,0.0169,0.0169,0,1
169,0.0168,0|0.0001,"[0.0168,0.0169]",0;5;0|3.55635440848702e-05;2.8872911830259607e-05;3.55635440848702e-05,0;5;0|3.55635440848702e-05;2.8872911830259607e-05;3.55635440848702e-05,"[0.0169,0.017]",-3.10147534381417,8.68131166686755,0.0169,0.017,0.017,0,1
170,0.0169,0;5;0|3.55635440848702e-05;2.8872911830259607e-05;3.55635440848702e-05,"[0.0169,0.017]",0|0.0001,0|0.0001,"[0.017,0.0171]",0,0,0.017,0.0171,0.0171,0,1
171,0.017,0|0.0001,"[0.017,0.0171]",0;5;0|3.5757686106168668e-05;2.8484627787662675e-05;3.5757686106168668e-05,0;5;0|3.5757686106168668e-05;2.8484627787662675e-05;3.5757686106168668e-05,"[0.0171,0.0172]",-2.88878627911137,8.77611335840368,0.0171,0.0172,0.0172,0,1
172,0.0171,0;5;0|3.5757686106168668e-05;2.8484627787662675e-05;3.5757686106168668e-05,"[0.0171,0.0172]",0|0.0001,0|0.0001,"[0.0172,0.0173]",0,0,0.0172,0.0173,0.0173,0,1
173,0.0172,0|0.0001,"[0.0172,0.0173]",0;5;0|3.5907152893885493e-05;2.8185694212229015e-05;3.5907152893885493e-05,0;5;0|3.5907152893885493e-05;2.8185694212229015e-05;3.5907152893885493e-05,"[0.0173,0.0174]",-2.63145905344956,8.72697673416578,0.0173,0.0174,0.0174,0,1
174,0.0173,0;5;0|3.5907152893885493e-05;2.8185694212229015e-05;3.5907152893885493e-05,"[0.0173,0.0174]",0|0.0001,0|0.0001,"[0.0174,0.0175]",0,0,0.0174,0.0175,0.0175,0,1
175,0.0174,0|0.0001,"[0.0174,0.0175]",0;5;0|3.5440763628460493e-05;2.9118472743079022e-05;3.5440763628460493e-05,0;5;0|3.5440763628460493e-05;2.9118472743079022e-05;3.5440763628460493e-05,"[0.0175,0.0176]",-2.38601253321736,8.69809864703766,0.0175,0.0176,0.0176,0,1
176,0.0175,0;5;0|3.5440763628460493e-05;2.9118472743079022e-05;3.5440763628460493e-05,"[0.0175,0.0176]",0;5;0|4.1730910894238356e-05;1.6538178211523301e-05;4.1730910894238356e-05,0;5;0|4.1730910894238356e-05;1.6538178211523301e-05;4.1730910894238356e-05,"[0.0176,0.0177]",0,0,0.0176,0.0177,0.0177,0,1
177,0.0176,0;5;0|4.1730910894238356e-05;1.6538178211523301e-05;4.1730910894238356e-05,"[0.0176,0.0177]",0;6;0|4.3795385125074359e-05;1.2409229749851282e-05;4.3795385125074359e-05,0;6;0|4.3795385125074359e-05;1.2409229749851282e-05;4.3795385125074359e-05,"[0.0177,0.0178]",-2.23837898637532,9.04506108846323,0.0177,0.0178,0.0178,0,1
178,0.0177,0;6;0|4.3795385125074359e-05;1.2409229749851282e-05;4.3795385125074359e-05,"[0.0177,0.0178]",0;5;0|3.9710552997428649e-05;2.0578894005142714e-05;3.9710552997428649e-05,0;5;0|3.9710552997428649e-05;2.0578894005142714e-05;3.9710552997428649e-05,"[0.0178,0.0179]",-1.20665835801665,5.1528183235171,0.0178,0.0179,0.0179,0,1
179,0.0178,0;5;0|3.9710552997428649e-05;2.0578894005142714e-05;3.9710552997428649e-05,"[0.0178,0.0179]",0|0.0001,0|0.0001,"[0.0179,0.018]",-3.78632522759752,1.19675107206179,0.0179,0.018,0.018,0,1
180,0.0179,0|0.0001,"[0.0179,0.018]",0;5;0|3.6161050920504306e-05;2.767789815899139e-05;3.6161050920504306e-05,0;5;0|3.6161050920504306e-05;2.767789815899139e-05;3.6161050920504306e-05,"[0.018,0.0181]",-1.33987397334233,6.44749592410802,0.018,0.0181,0.0181,0,1
181,0.018,0;5;0|3.6161050920504306e-05;2.767789815899139e-05;3.6161050920504306e-05,"[0.018,0.0181]",0|0.0001,0|0.0001,"[0.0181,0.0182]",0,0,0.0181,0.0182,0.0182,0,1
182,0.0181,0|0.0001,"[0.0181,0.0182]",0;5;0|3.2618257962004234e-05;3.4763484075991537e-05;3.2618257962004234e-05,0;5;0|3.2618257962004234e-05;3.4763484075991537e-05;3.2618257962004234e-05,"[0.0182,0.0183]",-1.58359527171534,8.71420617021135,0.0182,0.0183,0.0183,0,1
183,0.0182,0;5;0|3.2618257962004234e-05;3.4763484075991537e-05;3.2618257962004234e-05,"[0.0182,0.0183]",0;1;0|4.5459166698577244e-05;9.0816666028455172e-06;4.5459166698577244e-05,0;1;0|4.5459166698577244e-05;9.0816666028455172e-06;4.5459166698577244e-05,"[0.0183,0.0184]",0,0,0.0183,0.0184,0.0184,0,1
184,0.0183,0;1;0|4.5459166698577244e-05;9.0816666028455172e-06;4.5459166698577244e-05,"[0.0183,0.0184]",0;5;0|3.7052384376005597e-05;2.5895231247988815e-05;3.7052384376005597e-05,0;5;0|3.7052384376005597e-05;2.5895231247988815e-05;3.7052384376005597e-05,"[0.0184,0.0185]",-1.71331970913453,10.9915839470345,0.0184,0.0185,0.0185,0,1
185,0.0184,0;5;0|3.7052384376005597e-05;2.5895231247988815e-05;3.7052384376005597e-05,"[0.0184,0.0185]",0;5;0|3.8763124634980323e-05;2.2473750730039362e-05;3.8763124634980323e-05,0;5;0|3.8763124634980323e-05;2.2473750730039362e-05;3.8763124634980323e-05,"[0.0185,0.0186]",-2.28569449325735,-1.7947733884537,0.0185,0.0186,0.0186,0,1
186,0.0185,0;5;0|3.8763124634980323e-05;2.2473750730039362e-05;3.8763124634980323e-05,"[0.0185,0.0186]",0;1;0|4.4594288069725545e-05;1.081142386054891e-05;4.4594288069725545e-05,0;1;0|4.4594288069725545e-05;1.081142386054891e-05;4.4594288069725545e-05,"[0.0186,0.0187]",-1.0700892136434,8.21708953443092,0.0186,0.0187,0.0187,0,1
187,0.0186,0;1;0|4.4594288069725545e-05;1.081142386054891e-05;4.4594288069725545e-05,"[0.0186,0.0187]",0;5;0|3.7362737888764162e-05;2.5274524222471685e-05;3.7362737888764162e-05,0;5;0|3.7362737888764162e-05;2.5274524222471685e-05;3.7362737888764162e-05,"[0.0187,0.0188]",-0.839014081599546,7.14249041238239,0.0187,0.0188,0.0188,0,1
188,0.0187,0;5;0|3.7362737888764162e-05;2.5274524222471685e-05;3.7362737888764162e-05,"[0.0187,0.0188]",0;5;0|3.623776724332089e-05;2.7524465513358227e-05;3.623776724332089e-05,0;5;0|3.623776724332089e-05;2.7524465513358227e-05;3.623776724332089e-05,"[0.0188,0.0189]",-2.79963989285373,-2.03254362455729,0.0188,0.0189,0.0189,0,1
189,0.0188,0;5;0|3.623776724332089e-05;2.7524465513358227e-05;3.623776724332089e-05,"[0.0188,0.0189]",0;1;0|4.1861394676233974e-05;1.6277210647532058e-05;4.1861394676233974e-05,0;1;0|4.1861394676233974e-05;1.6277210647532058e-05;4.1861394676233974e-05,"[0.0189,0.019]",-0.741417111355947,8.05379301406691,0.0189,0.019,0.019,0,1
190,0.0189,0;1;0|4.1861394676233974e-05;1.6277210647532058e-05;4.1861394676233974e-05,"[0.0189,0.019]",0;5;0|3.8627351472098829e-05;2.274529705580235e-05;3.8627351472098829e-05,0;5;0|3.8627351472098829e-05;2.274529705580235e-05;3.8627351472098829e-05,"[0.019,0.0191]",-0.697140902310604,8.78019621798059,0.019,0.0191,0.0191,0,1
191,0.019,0;5;0|3.8627351472098829e-05;2.274529705580235e-05;3.8627351472098829e-05,"[0.019,0.0191]",0|0.0001,0|0.0001,"[0.0191,0.0192]",-4.32735754505048,-2.89907045985807,0.0191,0.0192,0.0192,0,1
192,0.0191,0|0.0001,"[0.0191,0.0192]",0;6;0|3.6777919213373052e-05;2.6444161573253901e-05;3.6777919213373052e-05,0;6;0|3.6777919213373052e-05;2.6444161573253901e-05;3.6777919213373052e-05,"[0.0192,0.0193]",-0.393576536348201,7.26784616081555,0.0192,0.0193,0.0193,0,1
193,0.0192,0;6;0|3.6777919213373052e-05;2.6444161573253901e-05;3.6777919213373052e-05,"[0.0192,0.0193]",0;5;0|3.5838046144687394e-05;2.8323907710625214e-05;3.5838046144687394e-05,0;5;0|3.5838046144687394e-05;2.8323907710625214e-05;3.5838046144687394e-05,"[0.0193,0.0194]",0,0,0.0193,0.0194,0.0194,0,1
194,0.0193,0;5;0|3.5838046144687394e-05;2.8323907710625214e-05;3.5838046144687394e-05,"[0.0193,0.0194]",0|0.0001,0|0.0001,"[0.0194,0.0195]",-7.44789294193178,4.01703419103052,0.0194,0.0195,0.0195,0,1
195,0.0194,0|0.0001,"[0.0194,0.0195]",0;5;0|3.6639190198310517e-05;2.6721619603378967e-05;3.6639190198310517e-05,0;5;0|3.6639190198310517e-05;2.6721619603378967e-05;3.6639190198310517e-05,"[0.0195,0.0196]",-0.148647754239933,9.06243144196749,0.0195,0.0196,0.0196,0,1
196,0.0195,0;5;0|3.6639190198310517e-05;2.6721619603378967e-05;3.6639190198310517e-05,"[0.0195,0.0196]",0|0.0001,0|0.0001,"[0.0196,0.0197]",0,0,0.0196,0.0197,0.0197,0,1
197,0.0196,0|0.0001,"[0.0196,0.0197]",0;6;0|3.7484805041971883e-05;2.5030389916056246e-05;3.7484805041971883e-05,0;6;0|3.7484805041971883e-05;2.5030389916056246e-05;3.7484805041971883e-05,"[0.0197,0.0198]",0.0746620535921604,8.55059231227104,0.0197,0.0198,0.0198,0,1
198,0.0197,0;6;0|3.7484805041971883e-05;2.5030389916056246e-05;3.7484805041971883e-05,"[0.0197,0.0198]",0;5;0|3.6317850345296027e-05;2.7364299309407955e-05;3.6317850345296027e-05,0;5;0|3.6317850345296027e-05;2.7364299309407955e-05;3.6317850345296027e-05,"[0.0198,0.0199]",0,0,0.0198,0.0199,0.0199,0,1
199,0.0198,0;5;0|3.6317850345296027e-05;2.7364299309407955e-05;3.6317850345296027e-05,"[0.0198,0.0199]",0|0.0001,0|0.0001,"[0.0199,0.02]",-6.79705206307295,4.23742542038162,0.0199,0.02,0.02,0,1
200,0.0199,0|0.0001,"[0.0199,0.02]",0;5;0|3.6736069973108208e-05;2.6527860053783591e-05;3.6736069973108208e-05,0;5;0|3.6736069973108208e-05;2.6527860053783591e-05;3.6736069973108208e-05,"[0.02,0.0201]",0.406427779500676,8.74713872266836,0.02,0.0201,0.0201,0,1
201,0.02,0;5;0|3.6736069973108208e-05;2.6527860053783591e-05;3.6736069973108208e-05,"[0.02,0.0201]",0;6;0|4.1715489395237812e-05;1.6569021209524388e-05;4.1715489395237812e-05,0;6;0|4.1715489395237812e-05;1.6569021209524388e-05;4.1715489395237812e-05,"[0.0201,0.0202]",0,0,0.0201,0.0202,0.0202,0,1
202,0.0201,0;6;0|4.1715489395237812e-05;1.6569021209524388e-05;4.1715489395237812e-05,"[0.0201,0.0202]",0;5;0|4.084933475389427e-05;1.8301330492211461e-05;4.084933475389427e-05,0;5;0|4.084933475389427e-05;1.8301330492211461e-05;4.084933475389427e-05,"[0.0202,0.0203]",0.606977493674093,8.46718724767354,0.0202,0.0203,0.0203,0,1
203,0.0202,0;5;0|4.084933475389427e-05;1.8301330492211461e-05;4.084933475389427e-05,"[0.0202,0.0203]",0;1;0|4.8905493526958674e-05;2.1890129460826614e-06;4.8905493526958674e-05,0;1;0|4.8905493526958674e-05;2.1890129460826614e-06;4.8905493526958674e-05,"[0.0203,0.0204]",-4.35273291474159,3.02751390918557,0.0203,0.0204,0.0204,0,1
204,0.0203,0;1;0|4.8905493526958674e-05;2.1890129460826614e-06;4.8905493526958674e-05,"[0.0203,0.0204]",0;6;0|3.7103479391780681e-05;2.579304121643865e-05;3.7103479391780681e-05,0;6;0|3.7103479391780681e-05;2.579304121643865e-05;3.7103479391780681e-05,"[0.0204,0.0205]",0.565411872559465,5.82906785580405,0.0204,0.0205,0.0205,0,1
205,0.0204,0;6;0|3.7103479391780681e-05;2.579304121643865e-05;3.7103479391780681e-05,"[0.0204,0.0205]",0;5;0|3.6673535451667176e-05;2.6652929096665656e-05;3.6673535451667176e-05,0;5;0|3.6673535451667176e-05;2.6652929096665656e-05;3.6673535451667176e-05,"[0.0205,0.0206]",-0.641211796375386,-0.282002600038159,0.0205,0.0206,0.0206,0,1
206,0.0205,0;5;0|3.6673535451667176e-05;2.6652929096665656e-05;3.6673535451667176e-05,"[0.0205,0.0206]",0|0.0001,0|0.0001,"[0.0206,0.0207]",-6.59346537318777,4.9649759548589,0.0206,0.0207,0.0207,0,1
207,0.0206,0|0.0001,"[0.0206,0.0207]",0;6;0|3.8743721975651076e-05;2.2512556048697847e-05;3.8743721975651076e-05,0;6;0|3.8743721975651076e-05;2.2512556048697847e-05;3.8743721975651076e-05,"[0.0207,0.0208]",1.14280145170849,8.45202795166924,0.0207,0.0208,0.0208,0,1
208,0.0207,0;6;0|3.8743721975651076e-05;2.2512556048697847e-05;3.8743721975651076e-05,"[0.0207,0.0208]",0;5;0|3.6674572684233533e-05;2.6650854631532936e-05;3.6674572684233533e-05,0;5;0|3.6674572684233533e-05;2.6650854631532936e-05;3.6674572684233533e-05,"[0.0208,0.0209]",0,0,0.0208,0.0209,0.0209,0,1
209,0.0208,0;5;0|3.6674572684233533e-05;2.6650854631532936e-05;3.6674572684233533e-05,"[0.0208,0.0209]",0|0.0001,0|0.0001,"[0.0209,0.021]",-5.58745655959554,4.54732928330891,0.0209,0.021,0.021,0,1
210,0.0209,0|0.0001,"[0.0209,0.021]",0;6;0|3.8422163744912648e-05;2.3155672510174713e-05;3.8422163744912648e-05,0;6;0|3.8422163744912648e-05;2.3155672510174713e-05;3.8422163744912648e-05,"[0.021,0.0211]",1.46043425928669,8.40229613615412,0.021,0.0211,0.0211,0,1
211,0.021,0;6;0|3.8422163744912648e-05;2.3155672510174713e-05;3.8422163744912648e-05,"[0.021,0.0211]",0;5;0|3.7090867525447189e-05;2.5818264949105626e-05;3.7090867525447189e-05,0;5;0|3.7090867525447189e-05;2.5818264949105626e-05;3.7090867525447189e-05,"[0.0211,0.0212]",0,0,0.0211,0.0212,0.0212,0,1
212,0.0211,0;5;0|3.7090867525447189e-05;2.5818264949105626e-05;3.7090867525447189e-05,"[0.0211,0.0212]",0|0.0001,0|0.0001,"[0.0212,0.0213]",-5.56670428372467,4.89051784210668,0.0212,0.0213,0.0213,0,1
213,0.0212,0|0.0001,"[0.0212,0.0213]",0;6;0|3.7715985253233092e-05;2.4568029493533818e-05;3.7715985253233092e-05,0;6;0|3.7715985253233092e-05;2.4568029493533818e-05;3.7715985253233092e-05,"[0.0213,0.0214]",1.72059476544311,8.08069507426859,0.0213,0.0214,0.0214,0,1
214,0.0213,0;6;0|3.7715985253233092e-05;2.4568029493533818e-05;3.7715985253233092e-05,"[0.0213,0.0214]",0;5;0|3.7740245828624548e-05;2.4519508342750913e-05;3.7740245828624548e-05,0;5;0|3.7740245828624548e-05;2.4519508342750913e-05;3.7740245828624548e-05,"[0.0214,0.0215]",0,0,0.0214,0.0215,0.0215,0,1
215,0.0214,0;5;0|3.7740245828624548e-05;2.4519508342750913e-05;3.7740245828624548e-05,"[0.0214,0.0215]",0;6;0|4.2791081500307348e-05;1.4417836999385304e-05;4.2791081500307348e-05,0;6;0|4.2791081500307348e-05;1.4417836999385304e-05;4.2791081500307348e-05,"[0.0215,0.0216]",-5.70647607521525,5.40773053120984,0.0215,0.0216,0.0216,0,1
216,0.0215,0;6;0|4.2791081500307348e-05;1.4417836999385304e-05;4.2791081500307348e-05,"[0.0215,0.0216]",0;5;0|4.4531209869102895e-05;1.0937580261794218e-05;4.4531209869102895e-05,0;5;0|4.4531209869102895e-05;1.0937580261794218e-05;4.4531209869102895e-05,"[0.0216,0.0217]",1.92212350031858,7.60716539067179,0.0216,0.0217,0.0217,0,1
217,0.0216,0;5;0|4.4531209869102895e-05;1.0937580261794218e-05;4.4531209869102895e-05,"[0.0216,0.0217]",0;6;0|4.020107818445597e-05;1.9597843631088072e-05;4.020107818445597e-05,0;6;0|4.020107818445597e-05;1.9597843631088072e-05;4.020107818445597e-05,"[0.0217,0.0218]",-3.26805700426979,3.25670131389196,0.0217,0.0218,0.0218,0,1
218,0.0217,0;6;0|4.020107818445597e-05;1.9597843631088072e-05;4.020107818445597e-05,"[0.0217,0.0218]",0;5;0|4.3179069599520945e-05;1.3641860800958108e-05;4.3179069599520945e-05,0;5;0|4.3179069599520945e-05;1.3641860800958108e-05;4.3179069599520945e-05,"[0.0218,0.0219]",0.942419576103922,3.37076031922396,0.0218,0.0219,0.0219,0,1
219,0.0218,0;5;0|4.3179069599520945e-05;1.3641860800958108e-05;4.3179069599520945e-05,"[0.0218,0.0219]",0;6;0|4.0118710198657971e-05;1.9762579602684059e-05;4.0118710198657971e-05,0;6;0|4.0118710198657971e-05;1.9762579602684059e-05;4.0118710198657971e-05,"[0.0219,0.022]",-4.32954902532734,4.53699612917155,0.0219,0.022,0.022,0,1
220,0.0219,0;6;0|4.0118710198657971e-05;1.9762579602684059e-05;4.0118710198657971e-05,"[0.0219,0.022]",0;5;0|4.3669246270605002e-05;1.2661507458790007e-05;4.3669246270605002e-05,0;5;0|4.3669246270605002e-05;1.2661507458790007e-05;4.3669246270605002e-05,"[0.022,0.0221]",1.28070967032271,4.17330327561803,0.022,0.0221,0.0221,0,1
221,0.022,0;5;0|4.3669246270605002e-05;1.2661507458790007e-05;4.3669246270605002e-05,"[0.022,0.0221]",0;6;0|3.9779413254884651e-05;2.0441173490230699e-05;3.9779413254884651e-05,0;6;0|3.9779413254884651e-05;2.0441173490230699e-05;3.9779413254884651e-05,"[0.0221,0.0222]",-4.24959009267578,4.68340498201897,0.0221,0.0222,0.0222,0,1
222,0.0221,0;6;0|3.9779413254884651e-05;2.0441173490230699e-05;3.9779413254884651e-05,"[0.0221,0.0222]",0;5;0|4.3992492085749408e-05;1.2015015828501188e-05;4.3992492085749408e-05,0;5;0|4.3992492085749408e-05;1.2015015828501188e-05;4.3992492085749408e-05,"[0.0222,0.0223]",1.28563663345273,3.84229991155472,0.0222,0.0223,0.0223,0,1
223,0.0222,0;5;0|4.3992492085749408e-05;1.2015015828501188e-05;4.3992492085749408e-05,"[0.0222,0.0223]",0;6;0|3.9468187156883723e-05;2.1063625686232563e-05;3.9468187156883723e-05,0;6;0|3.9468187156883723e-05;2.1063625686232563e-05;3.9468187156883723e-05,"[0.0223,0.0224]",-4.27238572589951,4.95315024521563,0.0223,0.0224,0.0224,0,1
224,0.0223,0;6;0|3.9468187156883723e-05;2.1063625686232563e-05;3.9468187156883723e-05,"[0.0223,0.0224]",0;5;0|4.4388578657599209e-05;1.1222842684801579e-05;4.4388578657599209e-05,0;5;0|4.4388578657599209e-05;1.1222842684801579e-05;4.4388578657599209e-05,"[0.0224,0.0225]",1.31123442408893,3.61430356692123,0.0224,0.0225,0.0225,0,1
225,0.0224,0;5;0|4.4388578657599209e-05;1.1222842684801579e-05;4.4388578657599209e-05,"[0.0224,0.0225]",0;6;0|3.9121676670049251e-05;2.1756646659901506e-05;3.9121676670049251e-05,0;6;0|3.9121676670049251e-05;2.1756646659901506e-05;3.9121676670049251e-05,"[0.0225,0.0226]",-4.27282992078725,5.21300108938375,0.0225,0.0226,0.0226,0,1
226,0.0225,0;6;0|3.9121676670049251e-05;2.1756646659901506e-05;3.9121676670049251e-05,"[0.0225,0.0226]",0;5;0|4.4744886387522629e-05;1.0510227224954746e-05;4.4744886387522629e-05,0;5;0|4.4744886387522629e-05;1.0510227224954746e-05;4.4744886387522629e-05,"[0.0226,0.0227]",1.30923475488049,3.3441604962113,0.0226,0.0227,0.0227,0,1
227,0.0226,0;5;0|4.4744886387522629e-05;1.0510227224954746e-05;4.4744886387522629e-05,"[0.0226,0.0227]",0;6;0|3.8801669297155319e-05;2.2396661405689369e-05;3.8801669297155319e-05,0;6;0|3.8801669297155319e-05;2.2396661405689369e-05;3.8801669297155319e-05,"[0.0227,0.0228]",-4.2767044463148,5.49372464586392,0.0227,0.0228,0.0228,0,1
228,0.0227,0;6;0|3.8801669297155319e-05;2.2396661405689369e-05;3.8801669297155319e-05,"[0.0227,0.0228]",0;5;0|4.5122635190751233e-05;9.7547296184975349e-06;4.5122635190751233e-05,0;5;0|4.5122635190751233e-05;9.7547296184975349e-06;4.5122635190751233e-05,"[0.0228,0.0229]",1.30441807440875,3.10001561646747,0.0228,0.0229,0.0229,0,1
229,0.0228,0;5;0|4.5122635190751233e-05;9.7547296184975349e-06;4.5122635190751233e-05,"[0.0228,0.0229]",0;6;0|3.8476542469299484e-05;2.3046915061401038e-05;3.8476542469299484e-05,0;6;0|3.8476542469299484e-05;2.3046915061401038e-05;3.8476542469299484e-05,"[0.0229,0.023]",-4.25900272814355,5.76418294599209,0.0229,0.023,0.023,0,1
230,0.0229,0;6;0|3.8476542469299484e-05;2.3046915061401038e-05;3.8476542469299484e-05,"[0.0229,0.023]",0;5;0|4.5506146169037927e-05;8.9877076619241486e-06;4.5506146169037927e-05,0;5;0|4.5506146169037927e-05;8.9877076619241486e-06;4.5506146169037927e-05,"[0.023,0.0231]",1.28257518125054,2.84584737771923,0.023,0.0231,0.0231,0,1
231,0.023,0;5;0|4.5506146169037927e-05;8.9877076619241486e-06;4.5506146169037927e-05,"[0.023,0.0231]",0;6;0|3.8152285600536354e-05;2.3695428798927304e-05;3.8152285600536354e-05,0;6;0|3.8152285600536354e-05;2.3695428798927304e-05;3.8152285600536354e-05,"[0.0231,0.0232]",-4.23221232849672,6.03980073317801,0.0231,0.0232,0.0232,0,1
232,0.0231,0;6;0|3.8152285600536354e-05;2.3695428798927304e-05;3.8152285600536354e-05,"[0.0231,0.0232]",0;5;0|4.5897592910415458e-05;8.2048141791690844e-06;4.5897592910415458e-05,0;5;0|4.5897592910415458e-05;8.2048141791690844e-06;4.5897592910415458e-05,"[0.0232,0.0233]",1.2472451232881,2.59155124157211,0.0232,0.0233,0.0233,0,1
233,0.0232,0;5;0|4.5897592910415458e-05;8.2048141791690844e-06;4.5897592910415458e-05,"[0.0232,0.0233]",0;6;0|3.7829080319647831e-05;2.4341839360704337e-05;3.7829080319647831e-05,0;6;0|3.7829080319647831e-05;2.4341839360704337e-05;3.7829080319647831e-05,"[0.0233,0.0234]",-4.19387603256927,6.31714131947833,0.0233,0.0234,0.0234,0,1
234,0.0233,0;6;0|3.7829080319647831e-05;2.4341839360704337e-05;3.7829080319647831e-05,"[0.0233,0.0234]",0;5;0|4.6297505569249199e-05;7.4049888615016108e-06;4.6297505569249199e-05,0;5;0|4.6297505569249199e-05;7.4049888615016108e-06;4.6297505569249199e-05,"[0.0234,0.0235]",1.19769458572619,2.33644832866187,0.0234,0.0235,0.0235,0,1
235,0.0234,0;5;0|4.6297505569249199e-05;7.4049888615016108e-06;4.6297505569249199e-05,"[0.0234,0.0235]",0;6;0|3.7507221561263184e-05;2.4985556877473644e-05;3.7507221561263184e-05,0;6;0|3.7507221561263184e-05;2.4985556877473644e-05;3.7507221561263184e-05,"[0.0235,0.0236]",-4.14384316867906,6.59569090269814,0.0235,0.0236,0.0236,0,1
236,0.0235,0;6;0|3.7507221561263184e-05;2.4985556877473644e-05;3.7507221561263184e-05,"[0.0235,0.0236]",0|0.0001,0|0.0001,"[0.0236,0.0237]",1.13359049228745,2.0808555605292,0.0236,0.0237,0.0237,0,1
237,0.0236,0|0.0001,"[0.0236,0.0237]",0;6;0|3.723844660386588e-05;2.5523106792268252e-05;3.723844660386588e-05,0;6;0|3.723844660386588e-05;2.5523106792268252e-05;3.723844660386588e-05,"[0.0237,0.0238]",-4.08194981752394,6.87486423581653,0.0237,0.0238,0.0238,0,1
238,0.0237,0;6;0|3.723844660386588e-05;2.5523106792268252e-05;3.723844660386588e-05,"[0.0237,0.0238]",0;5;0|4.3878590163467394e-05;1.2242819673065222e-05;4.3878590163467394e-05,0;5;0|4.3878590163467394e-05;1.2242819673065222e-05;4.3878590163467394e-05,"[0.0238,0.0239]",0,0,0.0238,0.0239,0.0239,0,1
239,0.0238,0;5;0|4.3878590163467394e-05;1.2242819673065222e-05;4.3878590163467394e-05,"[0.0238,0.0239]",0;6;0|3.7407905933413244e-05;2.5184188133173514e-05;3.7407905933413244e-05,0;6;0|3.7407905933413244e-05;2.5184188133173514e-05;3.7407905933413244e-05,"[0.0239,0.024]",-3.99197081099589,7.12534186056365,0.0239,0.024,0.024,0,1
240,0.0239,0;6;0|3.7407905933413244e-05;2.5184188133173514e-05;3.7407905933413244e-05,"[0.0239,0.024]",0|0.0001,0|0.0001,"[0.024,0.0241]",2.04467777328955,3.34180850418576,0.024,0.0241,0.0241,0,1
241,0.024,0|0.0001,"[0.024,0.0241]",0;6;0|3.6342622512284503e-05;2.7314754975430991e-05;3.6342622512284503e-05,0;6;0|3.6342622512284503e-05;2.7314754975430991e-05;3.6342622512284503e-05,"[0.0241,0.0242]",-3.76103508763731,7.12749130191639,0.0241,0.0242,0.0242,0,1
242,0.0241,0;6;0|3.6342622512284503e-05;2.7314754975430991e-05;3.6342622512284503e-05,"[0.0241,0.0242]",0;5;0|4.5544907038535009e-05;8.9101859229299916e-06;4.5544907038535009e-05,0;5;0|4.5544907038535009e-05;8.9101859229299916e-06;4.5544907038535009e-05,"[0.0242,0.0243]",0,0,0.0242,0.0243,0.0243,0,1
243,0.0242,0;5;0|4.5544907038535009e-05;8.9101859229299916e-06;4.5544907038535009e-05,"[0.0242,0.0243]",0;6;0|3.7663709898468279e-05;2.4672580203063454e-05;3.7663709898468279e-05,0;6;0|3.7663709898468279e-05;2.4672580203063454e-05;3.7663709898468279e-05,"[0.0243,0.0244]",-3.88366056849771,7.83054241671431,0.0243,0.0244,0.0244,0,1
244,0.0243,0;6;0|3.7663709898468279e-05;2.4672580203063454e-05;3.7663709898468279e-05,"[0.0243,0.0244]",0|0.0001,0|0.0001,"[0.0244,0.0245]",1.60841460869234,2.35429037212869,0.0244,0.0245,0.0245,0,1
245,0.0244,0|0.0001,"[0.0244,0.0245]",0;6;0|3.51936888444376e-05;2.9612622311124805e-05;3.51936888444376e-05,0;6;0|3.51936888444376e-05;2.9612622311124805e-05;3.51936888444376e-05,"[0.0245,0.0246]",-3.3291361916198,7.15901114111515,0.0245,0.0246,0.0246,0,1
246,0.0245,0;6;0|3.51936888444376e-05;2.9612622311124805e-05;3.51936888444376e-05,"[0.0245,0.0246]",0|0.0001,0|0.0001,"[0.0246,0.0247]",0,0,0.0246,0.0247,0.0247,0,1
247,0.0246,0|0.0001,"[0.0246,0.0247]",0;6;0|3.5636925860898727e-05;2.8726148278202558e-05;3.5636925860898727e-05,0;6;0|3.5636925860898727e-05;2.8726148278202558e-05;3.5636925860898727e-05,"[0.0247,0.0248]",-3.77851893433606,8.69011578963915,0.0247,0.0248,0.0248,0,1
248,0.0247,0;6;0|3.5636925860898727e-05;2.8726148278202558e-05;3.5636925860898727e-05,"[0.0247,0.0248]",0|0.0001,0|0.0001,"[0.0248,0.0249]",0,0,0.0248,0.0249,0.0249,0,1
249,0.0248,0|0.0001,"[0.0248,0.0249]",0;6;0|3.5900623864492163e-05;2.8198752271015683e-05;3.5900623864492163e-05,0;6;0|3.5900623864492163e-05;2.8198752271015683e-05;3.5900623864492163e-05,"[0.0249,0.025]",-3.45240283786415,8.51942098754361,0.0249,0.025,0.025,0,1
250,0.0249,0;6;0|3.5900623864492163e-05;2.8198752271015683e-05;3.5900623864492163e-05,"[0.0249,0.025]",0|0.0001,0|0.0001,"[0.025,0.0251]",0,0,0.025,0.0251,0.0251,0,1
251,0.025,0|0.0001,"[0.025,0.0251]",0;6;0|3.5469995163685408e-05;2.9060009672629186e-05;3.5469995163685408e-05,0;6;0|3.5469995163685408e-05;2.9060009672629186e-05;3.5469995163685408e-05,"[0.0251,0.0252]",-3.17778514629138,8.44553441999748,0.0251,0.0252,0.0252,0,1
252,0.0251,0;6;0|3.5469995163685408e-05;2.9060009672629186e-05;3.5469995163685408e-05,"[0.0251,0.0252]",0|0.0001,0|0.0001,"[0.0252,0.0253]",0,0,0.0252,0.0253,0.0253,0,1
253,0.0252,0|0.0001,"[0.0252,0.0253]",0;6;0|3.5487960249373161e-05;2.9024079501253676e-05;3.5487960249373161e-05,0;6;0|3.5487960249373161e-05;2.9024079501253676e-05;3.5487960249373161e-05,"[0.0253,0.0254]",-3.05508876717257,8.78302970684046,0.0253,0.0254,0.0254,0,1
254,0.0253,0;6;0|3.5487960249373161e-05;2.9024079501253676e-05;3.5487960249373161e-05,"[0.0253,0.0254]",0|0.0001,0|0.0001,"[0.0254,0.0255]",0,0,0.0254,0.0255,0.0255,0,1
255,0.0254,0|0.0001,"[0.0254,0.0255]",0;6;0|3.5937341587199571e-05;2.8125316825600856e-05;3.5937341587199571e-05,0;6;0|3.5937341587199571e-05;2.8125316825600856e-05;3.5937341587199571e-05,"[0.0255,0.0256]",-2.82990230334338,8.84607965718088,0.0255,0.0256,0.0256,0,1
256,0.0255,0;6;0|3.5937341587199571e-05;2.8125316825600856e-05;3.5937341587199571e-05,"[0.0255,0.0256]",0|0.0001,0|0.0001,"[0.0256,0.0257]",0,0,0.0256,0.0257,0.0257,0,1
257,0.0256,0|0.0001,"[0.0256,0.0257]",0;6;0|3.6010687546887969e-05;2.7978624906224059e-05;3.6010687546887969e-05,0;6;0|3.6010687546887969e-05;2.7978624906224059e-05;3.6010687546887969e-05,"[0.0257,0.0258]",-2.52598624098969,8.63835739224017,0.0257,0.0258,0.0258,0,1
258,0.0257,0;6;0|3.6010687546887969e-05;2.7978624906224059e-05;3.6010687546887969e-05,"[0.0257,0.0258]",0|0.0001,0|0.0001,"[0.0258,0.0259]",0,0,0.0258,0.0259,0.0259,0,1
259,0.0258,0|0.0001,"[0.0258,0.0259]",0;6;0|3.607015105266047e-05;2.7859697894679061e-05;3.607015105266047e-05,0;6;0|3.607015105266047e-05;2.7859697894679061e-05;3.607015105266047e-05,"[0.0259,0.026]",-2.29606748082515,8.65373604703535,0.0259,0.026,0.026,0,1
260,0.0259,0;6;0|3.607015105266047e-05;2.7859697894679061e-05;3.607015105266047e-05,"[0.0259,0.026]",0|0.0001,0|0.0001,"[0.026,0.0261]",0,0,0.026,0.0261,0.0261,0,1
261,0.026,0|0.0001,"[0.026,0.0261]",0;6;0|3.6112619784463547e-05;2.7774760431072906e-05;3.6112619784463547e-05,0;6;0|3.6112619784463547e-05;2.7774760431072906e-05;3.6112619784463547e-05,"[0.0261,0.0262]",-2.06904085835842,8.67168595170516,0.0261,0.0262,0.0262,0,1
262,0.0261,0;6;0|3.6112619784463547e-05;2.7774760431072906e-05;3.6112619784463547e-05,"[0.0261,0.0262]",0|0.0001,0|0.0001,"[0.0262,0.0263]",0,0,0.0262,0.0263,0.0263,0,1
263,0.0262,0|0.0001,"[0.0262,0.0263]",0;6;0|3.3437353843559134e-05;3.3125292312881737e-05;3.3437353843559134e-05,0;6;0|3.3437353843559134e-05;3.3125292312881737e-05;3.3437353843559134e-05,"[0.0263,0.0264]",-1.84482551185056,8.6943544954173,0.0263,0.0264,0.0264,0,1
264,0.0263,0;6;0|3.3437353843559134e-05;3.3125292312881737e-05;3.3437353843559134e-05,"[0.0263,0.0264]",0;1;0|4.3235167910208844e-05;1.3529664179582313e-05;4.3235167910208844e-05,0;1;0|4.3235167910208844e-05;1.3529664179582313e-05;4.3235167910208844e-05,"[0.0264,0.0265]",0,0,0.0264,0.0265,0.0265,0,1
265,0.0264,0;1;0|4.3235167910208844e-05;1.3529664179582313e-05;4.3235167910208844e-05,"[0.0264,0.0265]",0;6;0|4.1187255905844364e-05;1.7625488188311284e-05;4.1187255905844364e-05,0;6;0|4.1187255905844364e-05;1.7625488188311284e-05;4.1187255905844364e-05,"[0.0265,0.0266]",-1.93893810281307,10.4212524243873,0.0265,0.0266,0.0266,0,1
266,0.0265,0;6;0|4.1187255905844364e-05;1.7625488188311284e-05;4.1187255905844364e-05,"[0.0265,0.0266]",0|0.0001,0|0.0001,"[0.0266,0.0267]",-4.06371276799931,1.49356759846218,0.0266,0.0267,0.0267,0,1
267,0.0266,0|0.0001,"[0.0266,0.0267]",0;6;0|3.622801170426453e-05;2.7543976591470951e-05;3.622801170426453e-05,0;6;0|3.622801170426453e-05;2.7543976591470951e-05;3.622801170426453e-05,"[0.0267,0.0268]",-0.892008746033065,5.5691725225507,0.0267,0.0268,0.0268,0,1
268,0.0267,0;6;0|3.622801170426453e-05;2.7543976591470951e-05;3.622801170426453e-05,"[0.0267,0.0268]",0;1;0|4.3422566756046017e-05;1.3154866487907975e-05;4.3422566756046017e-05,0;1;0|4.3422566756046017e-05;1.3154866487907975e-05;4.3422566756046017e-05,"[0.0268,0.0269]",0,0,0.0268,0.0269,0.0269,0,1
269,0.0268,0;1;0|4.3422566756046017e-05;1.3154866487907975e-05;4.3422566756046017e-05,"[0.0268,0.0269]",0;6;0|3.8924183633695728e-05;2.2151632732608544e-05;3.8924183633695728e-05,0;6;0|3.8924183633695728e-05;2.2151632732608544e-05;3.8924183633695728e-05,"[0.0269,0.027]",-1.17482269350415,8.73542591048137,0.0269,0.027,0.027,0,1
270,0.0269,0;6;0|3.8924183633695728e-05;2.2151632732608544e-05;3.8924183633695728e-05,"[0.0269,0.027]",0|0.0001,0|0.0001,"[0.027,0.0271]",-3.87318521303361,1.64888106501392,0.027,0.0271,0.0271,0,1
271,0.027,0|0.0001,"[0.027,0.0271]",0;6;0|3.5350012021846746e-05;2.9299975956306512e-05;3.5350012021846746e-05,0;6;0|3.5350012021846746e-05;2.9299975956306512e-05;3.5350012021846746e-05,"[0.0271,0.0272]",-0.767980955220176,7.04679757925438,0.0271,0.0272,0.0272,0,1
272,0.0271,0;6;0|3.5350012021846746e-05;2.9299975956306512e-05;3.5350012021846746e-05,"[0.0271,0.0272]",0;1;0|4.2495194064196081e-05;1.5009611871607848e-05;4.2495194064196081e-05,0;1;0|4.2495194064196081e-05;1.5009611871607848e-05;4.2495194064196081e-05,"[0.0272,0.0273]",0,0,0.0272,0.0273,0.0273,0,1
273,0.0272,0;1;0|4.2495194064196081e-05;1.5009611871607848e-05;4.2495194064196081e-05,"[0.0272,0.0273]",0;1;0|4.3911346564836867e-05;1.2177306870326266e-05;4.3911346564836867e-05,0;1;0|4.3911346564836867e-05;1.2177306870326266e-05;4.3911346564836867e-05,"[0.0273,0.0274]",-0.781255336230715,9.3433865285624,0.0273,0.0274,0.0274,0,1
274,0.0273,0;1;0|4.3911346564836867e-05;1.2177306870326266e-05;4.3911346564836867e-05,"[0.0273,0.0274]",0;6;0|3.6581335023226657e-05;2.6837329953546697e-05;3.6581335023226657e-05,0;6;0|3.6581335023226657e-05;2.6837329953546697e-05;3.6581335023226657e-05,"[0.0274,0.0275]",-4.31916811041693,2.10102926302222,0.0274,0.0275,0.0275,0,1
275,0.0274,0;6;0|3.6581335023226657e-05;2.6837329953546697e-05;3.6581335023226657e-05,"[0.0274,0.0275]",0|0.0001,0|0.0001,"[0.0275,0.0276]",-3.48244728829559,1.7484648901039,0.0275,0.0276,0.0276,0,1
276,0.0275,0|0.0001,"[0.0275,0.0276]",0;6;0|3.6541124883557124e-05;2.6917750232885764e-05;3.6541124883557124e-05,0;6;0|3.6541124883557124e-05;2.6917750232885764e-05;3.6541124883557124e-05,"[0.0276,0.0277]",-0.392527220721703,8.57897032016263,0.0276,0.0277,0.0277,0,1
277,0.0276,0;6;0|3.6541124883557124e-05;2.6917750232885764e-05;3.6541124883557124e-05,"[0.0276,0.0277]",0;1;0|4.3926733222346126e-05;1.2146533555307756e-05;4.3926733222346126e-05,0;1;0|4.3926733222346126e-05;1.2146533555307756e-05;4.3926733222346126e-05,"[0.0277,0.0278]",0,0,0.0277,0.0278,0.0278,0,1
278,0.0277,0;1;0|4.3926733222346126e-05;1.2146533555307756e-05;4.3926733222346126e-05,"[0.0277,0.0278]",0;1;0|4.2788149398077654e-05;1.4423701203844703e-05;4.2788149398077654e-05,0;1;0|4.2788149398077654e-05;1.4423701203844703e-05;4.2788149398077654e-05,"[0.0278,0.0279]",-0.17734274798967,8.6118542704796,0.0278,0.0279,0.0279,0,1
279,0.0278,0;1;0|4.2788149398077654e-05;1.4423701203844703e-05;4.2788149398077654e-05,"[0.0278,0.0279]",0;6;0|3.6307294465869321e-05;2.7385411068261356e-05;3.6307294465869321e-05,0;6;0|3.6307294465869321e-05;2.7385411068261356e-05;3.6307294465869321e-05,"[0.0279,0.028]",-3.38163099773957,1.91637454635912,0.0279,0.028,0.028,0,1
280,0.0279,0;6;0|3.6307294465869321e-05;2.7385411068261356e-05;3.6307294465869321e-05,"[0.0279,0.028]",0|0.0001,0|0.0001,"[0.028,0.0281]",-3.98668831381206,2.32592680574781,0.028,0.0281,0.0281,0,1
281,0.028,0|0.0001,"[0.028,0.0281]",0;6;0|3.6518269435982204e-05;2.6963461128035593e-05;3.6518269435982204e-05,0;6;0|3.6518269435982204e-05;2.6963461128035593e-05;3.6518269435982204e-05,"[0.0281,0.0282]",0.149925905080841,8.76204895759304,0.0281,0.0282,0.0282,0,1
282,0.0281,0;6;0|3.6518269435982204e-05;2.6963461128035593e-05;3.6518269435982204e-05,"[0.0281,0.0282]",0;1;0|4.2648149828107815e-05;1.4703700343784371e-05;4.2648149828107815e-05,0;1;0|4.2648149828107815e-05;1.4703700343784371e-05;4.2648149828107815e-05,"[0.0282,0.0283]",0,0,0.0282,0.0283,0.0283,0,1
283,0.0282,0;1;0|4.2648149828107815e-05;1.4703700343784371e-05;4.2648149828107815e-05,"[0.0282,0.0283]",0;1;0|4.3801308846969229e-05;1.2397382306061549e-05;4.3801308846969229e-05,0;1;0|4.3801308846969229e-05;1.2397382306061549e-05;4.3801308846969229e-05,"[0.0283,0.0284]",0.364367710226535,8.62061062445465,0.0283,0.0284,0.0284,0,1
284,0.0283,0;1;0|4.3801308846969229e-05;1.2397382306061549e-05;4.3801308846969229e-05,"[0.0283,0.0284]",0;6;0|3.7060913581299303e-05;2.5878172837401406e-05;3.7060913581299303e-05,0;6;0|3.7060913581299303e-05;2.5878172837401406e-05;3.7060913581299303e-05,"[0.0284,0.0285]",-3.93981329362493,2.57228084012541,0.0284,0.0285,0.0285,0,1
285,0.0284,0;6;0|3.7060913581299303e-05;2.5878172837401406e-05;3.7060913581299303e-05,"[0.0284,0.0285]",0|0.0001,0|0.0001,"[0.0285,0.0286]",-3.29432650771408,2.21038229185349,0.0285,0.0286,0.0286,0,1
286,0.0285,0|0.0001,"[0.0285,0.0286]",0;1;0|3.8621193631374242e-05;2.2757612737251521e-05;3.8621193631374242e-05,0;1;0|3.8621193631374242e-05;2.2757612737251521e-05;3.8621193631374242e-05,"[0.0286,0.0287]",0.661287873133778,8.25456921223961,0.0286,0.0287,0.0287,0,1
287,0.0286,0;1;0|3.8621193631374242e-05;2.2757612737251521e-05;3.8621193631374242e-05,"[0.0286,0.0287]",0;6;0|3.6294249050953473e-05;2.7411501898093062e-05;3.6294249050953473e-05,0;6;0|3.6294249050953473e-05;2.7411501898093062e-05;3.6294249050953473e-05,"[0.0287,0.0288]",0,0,0.0287,0.0288,0.0288,0,1
288,0.0287,0;6;0|3.6294249050953473e-05;2.7411501898093062e-05;3.6294249050953473e-05,"[0.0287,0.0288]",0|0.0001,0|0.0001,"[0.0288,0.0289]",-5.89009889083082,4.28259387008642,0.0288,0.0289,0.0289,0,1
289,0.0288,0|0.0001,"[0.0288,0.0289]",0;1;0|3.9191447236745344e-05;2.1617105526509314e-05;3.9191447236745344e-05,0;1;0|3.9191447236745344e-05;2.1617105526509314e-05;3.9191447236745344e-05,"[0.0289,0.029]",1.0295231119442,8.71105406021744,0.0289,0.029,0.029,0,1
290,0.0289,0;1;0|3.9191447236745344e-05;2.1617105526509314e-05;3.9191447236745344e-05,"[0.0289,0.029]",0;6;0|3.6288783592117112e-05;2.7422432815765774e-05;3.6288783592117112e-05,0;6;0|3.6288783592117112e-05;2.7422432815765774e-05;3.6288783592117112e-05,"[0.029,0.0291]",0,0,0.029,0.0291,0.0291,0,1
291,0.029,0;6;0|3.6288783592117112e-05;2.7422432815765774e-05;3.6288783592117112e-05,"[0.029,0.0291]",0|0.0001,0|0.0001,"[0.0291,0.0292]",-5.43761627128294,4.27595283228536,0.0291,0.0292,0.0292,0,1
292,0.0291,0|0.0001,"[0.0291,0.0292]",0;1;0|3.8846592400325701e-05;2.2306815199348603e-05;3.8846592400325701e-05,0;1;0|3.8846592400325701e-05;2.2306815199348603e-05;3.8846592400325701e-05,"[0.0292,0.0293]",1.35765400390194,8.66951747970394,0.0292,0.0293,0.0293,0,1
293,0.0292,0;1;0|3.8846592400325701e-05;2.2306815199348603e-05;3.8846592400325701e-05,"[0.0292,0.0293]",0;6;0|3.6713208615887564e-05;2.657358276822488e-05;3.6713208615887564e-05,0;6;0|3.6713208615887564e-05;2.657358276822488e-05;3.6713208615887564e-05,"[0.0293,0.0294]",0,0,0.0293,0.0294,0.0294,0,1
294,0.0293,0;6;0|3.6713208615887564e-05;2.657358276822488e-05;3.6713208615887564e-05,"[0.0293,0.0294]",0|0.0001,0|0.0001,"[0.0294,0.0295]",-5.44081716000415,4.62072880351188,0.0294,0.0295,0.0295,0,1
295,0.0294,0|0.0001,"[0.0294,0.0295]",0;1;0|3.8148658674945669e-05;2.3702682650108666e-05;3.8148658674945669e-05,0;1;0|3.8148658674945669e-05;2.3702682650108666e-05;3.8148658674945669e-05,"[0.0295,0.0296]",1.63133470690193,8.34560063211524,0.0295,0.0296,0.0296,0,1
296,0.0295,0;1;0|3.8148658674945669e-05;2.3702682650108666e-05;3.8148658674945669e-05,"[0.0295,0.0296]",0;6;0|3.7357156198229754e-05;2.5285687603540504e-05;3.7357156198229754e-05,0;6;0|3.7357156198229754e-05;2.5285687603540504e-05;3.7357156198229754e-05,"[0.0296,0.0297]",0,0,0.0296,0.0297,0.0297,0,1
297,0.0296,0;6;0|3.7357156198229754e-05;2.5285687603540504e-05;3.7357156198229754e-05,"[0.0296,0.0297]",0|0.0001,0|0.0001,"[0.0297,0.0298]",-5.59211896961208,5.12428366763875,0.0297,0.0298,0.0298,0,1
298,0.0297,0|0.0001,"[0.0297,0.0298]",0;1;0|3.7308000327386551e-05;2.5383999345226906e-05;3.7308000327386551e-05,0;1;0|3.7308000327386551e-05;2.5383999345226906e-05;3.7308000327386551e-05,"[0.0298,0.0299]",1.85047134630937,7.87698127134205,0.0298,0.0299,0.0299,0,1
299,0.0298,0;1;0|3.7308000327386551e-05;2.5383999345226906e-05;3.7308000327386551e-05,"[0.0298,0.0299]",0;1;0|4.3537814600665805e-05;1.2924370798668395e-05;4.3537814600665805e-05,0;1;0|4.3537814600665805e-05;1.2924370798668395e-05;4.3537814600665805e-05,"[0.0299,0.03]",0,0,0.0299,0.03,0.03,0,1
300,0.0299,0;1;0|4.3537814600665805e-05;1.2924370798668395e-05;4.3537814600665805e-05,"[0.0299,0.03]",0;6;0|3.582875001172621e-05;2.8342499976547577e-05;3.582875001172621e-05,0;6;0|3.582875001172621e-05;2.8342499976547577e-05;3.582875001172621e-05,"[0.03,0.0301]",-5.77769795970654,5.70958688320541,0.03,0.0301,0.0301,0,1
301,0.03,0;6;0|3.582875001172621e-05;2.8342499976547577e-05;3.582875001172621e-05,"[0.03,0.0301]",0|0.0001,0|0.0001,"[0.0301,0.0302]",-2.90497688808809,2.94379683387302,0.0301,0.0302,0.0302,0,1
302,0.0301,0|0.0001,"[0.0301,0.0302]",0;1;0|3.7459748096234748e-05;2.5080503807530502e-05;3.7459748096234748e-05,0;1;0|3.7459748096234748e-05;2.5080503807530502e-05;3.7459748096234748e-05,"[0.0302,0.0303]",2.5151759443797,8.71387020747286,0.0302,0.0303,0.0303,0,1
303,0.0302,0;1;0|3.7459748096234748e-05;2.5080503807530502e-05;3.7459748096234748e-05,"[0.0302,0.0303]",0;1;0|4.3670532388571251e-05;1.2658935222857502e-05;4.3670532388571251e-05,0;1;0|4.3670532388571251e-05;1.2658935222857502e-05;4.3670532388571251e-05,"[0.0303,0.0304]",0,0,0.0303,0.0304,0.0304,0,1
304,0.0303,0;1;0|4.3670532388571251e-05;1.2658935222857502e-05;4.3670532388571251e-05,"[0.0303,0.0304]",0;6;0|3.6917665796486708e-05;2.6164668407026595e-05;3.6917665796486708e-05,0;6;0|3.6917665796486708e-05;2.6164668407026595e-05;3.6917665796486708e-05,"[0.0304,0.0305]",-5.41796417799457,5.92102248778856,0.0304,0.0305,0.0305,0,1
305,0.0304,0;6;0|3.6917665796486708e-05;2.6164668407026595e-05;3.6917665796486708e-05,"[0.0304,0.0305]",0|0.0001,0|0.0001,"[0.0305,0.0306]",-2.69685050621086,3.02265747036347,0.0305,0.0306,0.0306,0,1
306,0.0305,0|0.0001,"[0.0305,0.0306]",0;1;0|3.6051785520535253e-05;2.7896428958929492e-05;3.6051785520535253e-05,0;1;0|3.6051785520535253e-05;2.7896428958929492e-05;3.6051785520535253e-05,"[0.0306,0.0307]",2.72315797870199,7.91747520380307,0.0306,0.0307,0.0307,0,1
307,0.0306,0;1;0|3.6051785520535253e-05;2.7896428958929492e-05;3.6051785520535253e-05,"[0.0306,0.0307]",0;1;0|4.3757699335230629e-05;1.2484601329538751e-05;4.3757699335230629e-05,0;1;0|4.3757699335230629e-05;1.2484601329538751e-05;4.3757699335230629e-05,"[0.0307,0.0308]",0,0,0.0307,0.0308,0.0308,0,1
308,0.0307,0;1;0|4.3757699335230629e-05;1.2484601329538751e-05;4.3757699335230629e-05,"[0.0307,0.0308]",0;1;0|4.382031071894005e-05;1.2359378562119906e-05;4.382031071894005e-05,0;1;0|4.382031071894005e-05;1.2359378562119906e-05;4.382031071894005e-05,"[0.0308,0.0309]",-5.68775773647687,6.88027561904267,0.0308,0.0309,0.0309,0,1
309,0.0308,0;1;0|4.382031071894005e-05;1.2359378562119906e-05;4.382031071894005e-05,"[0.0308,0.0309]",0;6;0|3.6720646456723046e-05;2.6558707086553912e-05;3.6720646456723046e-05,0;6;0|3.6720646456723046e-05;2.6558707086553912e-05;3.6720646456723046e-05,"[0.0309,0.031]",-2.50657135763106,3.11090078815023,0.0309,0.031,0.031,0,1
310,0.0309,0;6;0|3.6720646456723046e-05;2.6558707086553912e-05;3.6720646456723046e-05,"[0.0309,0.031]",0;1;0|4.1111459410268474e-05;1.7777081179463057e-05;4.1111459410268474e-05,0;1;0|4.1111459410268474e-05;1.7777081179463057e-05;4.1111459410268474e-05,"[0.031,0.0311]",-2.44253447204951,3.11063648941644,0.031,0.0311,0.0311,0,1
311,0.031,0;1;0|4.1111459410268474e-05;1.7777081179463057e-05;4.1111459410268474e-05,"[0.031,0.0311]",0;1;0|4.3763845760799063e-05;1.2472308478401884e-05;4.3763845760799063e-05,0;1;0|4.3763845760799063e-05;1.2472308478401884e-05;4.3763845760799063e-05,"[0.0311,0.0312]",3.26334347721659,7.84728981073767,0.0311,0.0312,0.0312,0,1
312,0.0311,0;1;0|4.3763845760799063e-05;1.2472308478401884e-05;4.3763845760799063e-05,"[0.0311,0.0312]",0;1;0|4.3734775101149705e-05;1.25304497977006e-05;4.3734775101149705e-05,0;1;0|4.3734775101149705e-05;1.25304497977006e-05;4.3734775101149705e-05,"[0.0312,0.0313]",-3.39966735101285,4.56105059226558,0.0312,0.0313,0.0313,0,1
313,0.0312,0;1;0|4.3734775101149705e-05;1.25304497977006e-05;4.3734775101149705e-05,"[0.0312,0.0313]",0;1;0|4.3756423097748588e-05;1.2487153804502831e-05;4.3756423097748588e-05,0;1;0|4.3756423097748588e-05;1.2487153804502831e-05;4.3756423097748588e-05,"[0.0313,0.0314]",-2.34478930881473,3.22972929583621,0.0313,0.0314,0.0314,0,1
314,0.0313,0;1;0|4.3756423097748588e-05;1.2487153804502831e-05;4.3756423097748588e-05,"[0.0313,0.0314]",0;6;0|3.9188595312602076e-05;2.1622809374795861e-05;3.9188595312602076e-05,0;6;0|3.9188595312602076e-05;2.1622809374795861e-05;3.9188595312602076e-05,"[0.0314,0.0315]",-2.3147597581974,3.27413098214135,0.0314,0.0315,0.0315,0,1
315,0.0314,0;6;0|3.9188595312602076e-05;2.1622809374795861e-05;3.9188595312602076e-05,"[0.0314,0.0315]",0;1;0|3.9058622646589701e-05;2.1882754706820596e-05;3.9058622646589701e-05,0;1;0|3.9058622646589701e-05;2.1882754706820596e-05;3.9058622646589701e-05,"[0.0315,0.0316]",-2.26557882230086,3.29154724073685,0.0315,0.0316,0.0316,0,1
316,0.0315,0;1;0|3.9058622646589701e-05;2.1882754706820596e-05;3.9058622646589701e-05,"[0.0315,0.0316]",0;1;0|4.3759353479644798e-05;1.2481293040710414e-05;4.3759353479644798e-05,0;1;0|4.3759353479644798e-05;1.2481293040710414e-05;4.3759353479644798e-05,"[0.0316,0.0317]",3.05277429750003,6.20944987410481,0.0316,0.0317,0.0317,0,1
317,0.0316,0;1;0|4.3759353479644798e-05;1.2481293040710414e-05;4.3759353479644798e-05,"[0.0316,0.0317]",0;1;0|4.3732840173994505e-05;1.253431965201099e-05;4.3732840173994505e-05,0;1;0|4.3732840173994505e-05;1.253431965201099e-05;4.3732840173994505e-05,"[0.0317,0.0318]",-3.82403995750445,5.86612867637921,0.0317,0.0318,0.0318,0,1
318,0.0317,0;1;0|4.3732840173994505e-05;1.253431965201099e-05;4.3732840173994505e-05,"[0.0317,0.0318]",0;1;0|4.3700448647008791e-05;1.2599102705982424e-05;4.3700448647008791e-05,0;1;0|4.3700448647008791e-05;1.2599102705982424e-05;4.3700448647008791e-05,"[0.0318,0.0319]",-2.13890569703657,3.37301474030526,0.0318,0.0319,0.0319,0,1
319,0.0318,0;1;0|4.3700448647008791e-05;1.2599102705982424e-05;4.3700448647008791e-05,"[0.0318,0.0319]",0;1;0|4.3708464833298388e-05;1.258307033340323e-05;4.3708464833298388e-05,0;1;0|4.3708464833298388e-05;1.258307033340323e-05;4.3708464833298388e-05,"[0.0319,0.032]",-2.10525770187942,3.41406926240365,0.0319,0.032,0.032,0,1
320,0.0319,0;1;0|4.3708464833298388e-05;1.258307033340323e-05;4.3708464833298388e-05,"[0.0319,0.032]",0;6;0|3.9725178200474278e-05;2.0549643599051443e-05;3.9725178200474278e-05,0;6;0|3.9725178200474278e-05;2.0549643599051443e-05;3.9725178200474278e-05,"[0.032,0.0321]",-2.0728484838962,3.45803525083084,0.032,0.0321,0.0321,0,1
321,0.032,0;6;0|3.9725178200474278e-05;2.0549643599051443e-05;3.9725178200474278e-05,"[0.032,0.0321]",0;1;0|3.7414376761940641e-05;2.5171246476118727e-05;3.7414376761940641e-05,0;1;0|3.7414376761940641e-05;2.5171246476118727e-05;3.7414376761940641e-05,"[0.0321,0.0322]",-2.02664881283458,3.47937656378414,0.0321,0.0322,0.0322,0,1
322,0.0321,0;1;0|3.7414376761940641e-05;2.5171246476118727e-05;3.7414376761940641e-05,"[0.0321,0.0322]",0|0.0001,0|0.0001,"[0.0322,0.0323]",3.33754232900681,5.66595863484783,0.0322,0.0323,0.0323,0,1
323,0.0322,0|0.0001,"[0.0322,0.0323]",0;1;0|3.6799898612352631e-05;2.6400202775294746e-05;3.6799898612352631e-05,0;1;0|3.6799898612352631e-05;2.6400202775294746e-05;3.6799898612352631e-05,"[0.0323,0.0324]",-3.87793003125704,7.05984727503466,0.0323,0.0324,0.0324,0,1
324,0.0323,0;1;0|3.6799898612352631e-05;2.6400202775294746e-05;3.6799898612352631e-05,"[0.0323,0.0324]",0;1;0|4.3537242229194087e-05;1.2925515541611838e-05;4.3537242229194087e-05,0;1;0|4.3537242229194087e-05;1.2925515541611838e-05;4.3537242229194087e-05,"[0.0324,0.0325]",0,0,0.0324,0.0325,0.0325,0,1
325,0.0324,0;1;0|4.3537242229194087e-05;1.2925515541611838e-05;4.3537242229194087e-05,"[0.0324,0.0325]",0;1;0|4.3516724985752938e-05;1.2966550028494126e-05;4.3516724985752938e-05,0;1;0|4.3516724985752938e-05;1.2966550028494126e-05;4.3516724985752938e-05,"[0.0325,0.0326]",-3.87990419113081,7.50440829253697,0.0325,0.0326,0.0326,0,1
326,0.0325,0;1;0|4.3516724985752938e-05;1.2966550028494126e-05;4.3516724985752938e-05,"[0.0325,0.0326]",0;1;0|4.3422596149285372e-05;1.3154807701429267e-05;4.3422596149285372e-05,0;1;0|4.3422596149285372e-05;1.3154807701429267e-05;4.3422596149285372e-05,"[0.0326,0.0327]",-1.85327808425683,3.69773187628548,0.0326,0.0327,0.0327,0,1
327,0.0326,0;1;0|4.3422596149285372e-05;1.3154807701429267e-05;4.3422596149285372e-05,"[0.0326,0.0327]",0;1;0|4.3392736064248127e-05;1.3214527871503754e-05;4.3392736064248127e-05,0;1;0|4.3392736064248127e-05;1.3214527871503754e-05;4.3392736064248127e-05,"[0.0327,0.0328]",-1.81240151265246,3.7325404389261,0.0327,0.0328,0.0328,0,1
328,0.0327,0;1;0|4.3392736064248127e-05;1.3214527871503754e-05;4.3392736064248127e-05,"[0.0327,0.0328]",0;1;0|4.3361590553210934e-05;1.3276818893578138e-05;4.3361590553210934e-05,0;1;0|4.3361590553210934e-05;1.3276818893578138e-05;4.3361590553210934e-05,"[0.0328,0.0329]",-1.79098585336842,3.8095385228109,0.0328,0.0329,0.0329,0,1
329,0.0328,0;1;0|4.3361590553210934e-05;1.3276818893578138e-05;4.3361590553210934e-05,"[0.0328,0.0329]",0;1;0|4.3322582141121864e-05;1.335483571775628e-05;4.3322582141121864e-05,0;1;0|4.3322582141121864e-05;1.335483571775628e-05;4.3322582141121864e-05,"[0.0329,0.033]",-1.75088637989713,3.849138678178,0.0329,0.033,0.033,0,1
330,0.0329,0;1;0|4.3322582141121864e-05;1.335483571775628e-05;4.3322582141121864e-05,"[0.0329,0.033]",0;1;0|4.3290156766378267e-05;1.3419686467243472e-05;4.3290156766378267e-05,0;1;0|4.3290156766378267e-05;1.3419686467243472e-05;4.3290156766378267e-05,"[0.033,0.0331]",-1.71040443361639,3.88908293490787,0.033,0.0331,0.0331,0,1
331,0.033,0;1;0|4.3290156766378267e-05;1.3419686467243472e-05;4.3290156766378267e-05,"[0.033,0.0331]",0;1;0|4.3242807942596815e-05;1.3514384114806371e-05;4.3242807942596815e-05,0;1;0|4.3242807942596815e-05;1.3514384114806371e-05;4.3242807942596815e-05,"[0.0331,0.0332]",-1.67116167646847,3.93324627818356,0.0331,0.0332,0.0332,0,1
332,0.0331,0;1;0|4.3242807942596815e-05;1.3514384114806371e-05;4.3242807942596815e-05,"[0.0331,0.0332]",0;6;0|3.9810365567503908e-05;2.0379268864992186e-05;3.9810365567503908e-05,0;6;0|3.9810365567503908e-05;2.0379268864992186e-05;3.9810365567503908e-05,"[0.0332,0.0333]",-1.62947886952146,3.97313582267265,0.0332,0.0333,0.0333,0,1
333,0.0332,0;6;0|3.9810365567503908e-05;2.0379268864992186e-05;3.9810365567503908e-05,"[0.0332,0.0333]",0;1;0|3.6444630122639863e-05;2.7110739754720272e-05;3.6444630122639863e-05,0;1;0|3.6444630122639863e-05;2.7110739754720272e-05;3.6444630122639863e-05,"[0.0333,0.0334]",-1.59056902419473,4.02147741094382,0.0333,0.0334,0.0334,0,1
334,0.0333,0;1;0|3.6444630122639863e-05;2.7110739754720272e-05;3.6444630122639863e-05,"[0.0333,0.0334]",0|0.0001,0|0.0001,"[0.0334,0.0335]",4.11642489114778,5.05798982812687,0.0334,0.0335,0.0335,0,1
335,0.0334,0|0.0001,"[0.0334,0.0335]",0;1;0|3.5671137221542659e-05;2.8657725556914693e-05;3.5671137221542659e-05,0;1;0|3.5671137221542659e-05;2.8657725556914693e-05;3.5671137221542659e-05,"[0.0335,0.0336]",-2.9870447611933,8.14498409473955,0.0335,0.0336,0.0336,0,1
336,0.0335,0;1;0|3.5671137221542659e-05;2.8657725556914693e-05;3.5671137221542659e-05,"[0.0335,0.0336]",0|0.0001,0|0.0001,"[0.0336,0.0337]",0,0,0.0336,0.0337,0.0337,0,1
337,0.0336,0|0.0001,"[0.0336,0.0337]",0;1;0|3.562562258027701e-05;2.8748754839445981e-05;3.562562258027701e-05,0;1;0|3.562562258027701e-05;2.8748754839445981e-05;3.562562258027701e-05,"[0.0337,0.0338]",-2.94012967888688,8.68637999644857,0.0337,0.0338,0.0338,0,1
338,0.0337,0;1;0|3.562562258027701e-05;2.8748754839445981e-05;3.562562258027701e-05,"[0.0337,0.0338]",0|0.0001,0|0.0001,"[0.0338,0.0339]",0,0,0.0338,0.0339,0.0339,0,1
339,0.0338,0|0.0001,"[0.0338,0.0339]",0;1;0|3.5805988040672065e-05;2.8388023918655878e-05;3.5805988040672065e-05,0;1;0|3.5805988040672065e-05;2.8388023918655878e-05;3.5805988040672065e-05,"[0.0339,0.034]",-2.7295543834951,8.78534014827907,0.0339,0.034,0.034,0,1
340,0.0339,0;1;0|3.5805988040672065e-05;2.8388023918655878e-05;3.5805988040672065e-05,"[0.0339,0.034]",0|0.0001,0|0.0001,"[0.034,0.0341]",0,0,0.034,0.0341,0.0341,0,1
341,0.034,0|0.0001,"[0.034,0.0341]",0;1;0|3.5284901381831835e-05;2.9430197236336331e-05;3.5284901381831835e-05,0;1;0|3.5284901381831835e-05;2.9430197236336331e-05;3.5284901381831835e-05,"[0.0341,0.0342]",-2.47644733309103,8.74009785825416,0.0341,0.0342,0.0342,0,1
342,0.0341,0;1;0|3.5284901381831835e-05;2.9430197236336331e-05;3.5284901381831835e-05,"[0.0341,0.0342]",0;1;0|4.1883810476944182e-05;1.623237904611164e-05;4.1883810476944182e-05,0;1;0|4.1883810476944182e-05;1.623237904611164e-05;4.1883810476944182e-05,"[0.0342,0.0343]",0,0,0.0342,0.0343,0.0343,0,1
343,0.0342,0;1;0|4.1883810476944182e-05;1.623237904611164e-05;4.1883810476944182e-05,"[0.0342,0.0343]",0;2;0|4.3873241648924705e-05;1.2253516702150593e-05;4.3873241648924705e-05,0;2;0|4.3873241648924705e-05;1.2253516702150593e-05;4.3873241648924705e-05,"[0.0343,0.0344]",-2.33884834731784,9.12261842716781,0.0343,0.0344,0.0344,0,1
344,0.0343,0;2;0|4.3873241648924705e-05;1.2253516702150593e-05;4.3873241648924705e-05,"[0.0343,0.0344]",0;1;0|3.9573554744332538e-05;2.0852890511334933e-05;3.9573554744332538e-05,0;1;0|3.9573554744332538e-05;2.0852890511334933e-05;3.9573554744332538e-05,"[0.0344,0.0345]",-1.22667453585919,5.04744082120147,0.0344,0.0345,0.0345,0,1
345,0.0344,0;1;0|3.9573554744332538e-05;2.0852890511334933e-05;3.9573554744332538e-05,"[0.0344,0.0345]",0|0.0001,0|0.0001,"[0.0345,0.0346]",-3.74858255314637,1.15037072763641,0.0345,0.0346,0.0346,0,1
346,0.0345,0|0.0001,"[0.0345,0.0346]",0;1;0|3.614474635771545e-05;2.7710507284569109e-05;3.614474635771545e-05,0;1;0|3.614474635771545e-05;2.7710507284569109e-05;3.614474635771545e-05,"[0.0346,0.0347]",-1.41239895130323,6.52173725111311,0.0346,0.0347,0.0347,0,1
347,0.0346,0;1;0|3.614474635771545e-05;2.7710507284569109e-05;3.614474635771545e-05,"[0.0346,0.0347]",0|0.0001,0|0.0001,"[0.0347,0.0348]",0,0,0.0347,0.0348,0.0348,0,1
348,0.0347,0|0.0001,"[0.0347,0.0348]",0;1;0|3.3628398476031926e-05;3.2743203047936146e-05;3.3628398476031926e-05,0;1;0|3.3628398476031926e-05;3.2743203047936146e-05;3.3628398476031926e-05,"[0.0348,0.0349]",-1.65849449002023,8.71088461276533,0.0348,0.0349,0.0349,0,1
349,0.0348,0;1;0|3.3628398476031926e-05;3.2743203047936146e-05;3.3628398476031926e-05,"[0.0348,0.0349]",0;2;0|4.3079604633604163e-05;1.3840790732791681e-05;4.3079604633604163e-05,0;2;0|4.3079604633604163e-05;1.3840790732791681e-05;4.3079604633604163e-05,"[0.0349,0.035]",0,0,0.0349,0.035,0.035,0,1
350,0.0349,0;2;0|4.3079604633604163e-05;1.3840790732791681e-05;4.3079604633604163e-05,"[0.0349,0.035]",0;1;0|4.1404318706764408e-05;1.7191362586471188e-05;4.1404318706764408e-05,0;1;0|4.1404318706764408e-05;1.7191362586471188e-05;4.1404318706764408e-05,"[0.035,0.0351]",-1.70042391254098,10.338925221294,0.035,0.0351,0.0351,0,1
351,0.035,0;1;0|4.1404318706764408e-05;1.7191362586471188e-05;4.1404318706764408e-05,"[0.035,0.0351]",0|0.0001,0|0.0001,"[0.0351,0.0352]",-4.12425148466249,1.61463942526308,0.0351,0.0352,0.0352,0,1
352,0.0351,0|0.0001,"[0.0351,0.0352]",0;1;0|3.5964535298196242e-05;2.8070929403607525e-05;3.5964535298196242e-05,0;1;0|3.5964535298196242e-05;2.8070929403607525e-05;3.5964535298196242e-05,"[0.0352,0.0353]",-0.756088020092913,5.44903007314283,0.0352,0.0353,0.0353,0,1
353,0.0352,0;1;0|3.5964535298196242e-05;2.8070929403607525e-05;3.5964535298196242e-05,"[0.0352,0.0353]",0;2;0|4.2878028051781348e-05;1.4243943896437301e-05;4.2878028051781348e-05,0;2;0|4.2878028051781348e-05;1.4243943896437301e-05;4.2878028051781348e-05,"[0.0353,0.0354]",0,0,0.0353,0.0354,0.0354,0,1
354,0.0353,0;2;0|4.2878028051781348e-05;1.4243943896437301e-05;4.2878028051781348e-05,"[0.0353,0.0354]",0;1;0|3.9575210832515921e-05;2.0849578334968158e-05;3.9575210832515921e-05,0;1;0|3.9575210832515921e-05;2.0849578334968158e-05;3.9575210832515921e-05,"[0.0354,0.0355]",-1.01059516230344,8.9256680513202,0.0354,0.0355,0.0355,0,1
355,0.0354,0;1;0|3.9575210832515921e-05;2.0849578334968158e-05;3.9575210832515921e-05,"[0.0354,0.0355]",0|0.0001,0|0.0001,"[0.0355,0.0356]",-4.15553192875648,1.87282781165554,0.0355,0.0356,0.0356,0,1
356,0.0355,0|0.0001,"[0.0355,0.0356]",0;1;0|3.1685241556095648e-05;3.6629516887808703e-05;3.1685241556095648e-05,0;1;0|3.1685241556095648e-05;3.6629516887808703e-05;3.1685241556095648e-05,"[0.0356,0.0357]",-0.583778606154752,6.6462761012302,0.0356,0.0357,0.0357,0,1
357,0.0356,0;1;0|3.1685241556095648e-05;3.6629516887808703e-05;3.1685241556095648e-05,"[0.0356,0.0357]",0;3;0|4.3777550949049727e-05;1.244489810190055e-05;4.3777550949049727e-05,0;3;0|4.3777550949049727e-05;1.244489810190055e-05;4.3777550949049727e-05,"[0.0357,0.0358]",0,0,0.0357,0.0358,0.0358,0,1
358,0.0357,0;3;0|4.3777550949049727e-05;1.244489810190055e-05;4.3777550949049727e-05,"[0.0357,0.0358]",0;1;0|3.765997386046412e-05;2.4680052279071765e-05;3.765997386046412e-05,0;1;0|3.765997386046412e-05;2.4680052279071765e-05;3.765997386046412e-05,"[0.0358,0.0359]",-0.731854435261874,11.6985756161533,0.0358,0.0359,0.0359,0,1
359,0.0358,0;1;0|3.765997386046412e-05;2.4680052279071765e-05;3.765997386046412e-05,"[0.0358,0.0359]",0;3;0|4.8770413240399022e-05;2.4591735192019681e-06;4.8770413240399022e-05,0;3;0|4.8770413240399022e-05;2.4591735192019681e-06;4.8770413240399022e-05,"[0.0359,0.036]",-3.34519475302975,-2.16076887102972,0.0359,0.036,0.036,0,1
360,0.0359,0;3;0|4.8770413240399022e-05;2.4591735192019681e-06;4.8770413240399022e-05,"[0.0359,0.036]",0;2;0|3.6005102100432003e-05;2.7989795799135999e-05;3.6005102100432003e-05,0;2;0|3.6005102100432003e-05;2.7989795799135999e-05;3.6005102100432003e-05,"[0.036,0.0361]",-0.294868854724407,7.8921101336385,0.036,0.0361,0.0361,0,1
361,0.036,0;2;0|3.6005102100432003e-05;2.7989795799135999e-05;3.6005102100432003e-05,"[0.036,0.0361]",0;1;0|3.5703574213136031e-05;2.8592851573727936e-05;3.5703574213136031e-05,0;1;0|3.5703574213136031e-05;2.8592851573727936e-05;3.5703574213136031e-05,"[0.0361,0.0362]",-0.671548310286136,-0.410232116319969,0.0361,0.0362,0.0362,0,1
362,0.0361,0;1;0|3.5703574213136031e-05;2.8592851573727936e-05;3.5703574213136031e-05,"[0.0361,0.0362]",0|0.0001,0|0.0001,"[0.0362,0.0363]",-7.81087146122216,4.38330727981783,0.0362,0.0363,0.0363,0,1
363,0.0362,0|0.0001,"[0.0362,0.0363]",0;1;0|3.6613745634994642e-05;2.6772508730010724e-05;3.6613745634994642e-05,0;1;0|3.6613745634994642e-05;2.6772508730010724e-05;3.6613745634994642e-05,"[0.0363,0.0364]",0.00323896802332956,9.14971193030093,0.0363,0.0364,0.0364,0,1
364,0.0363,0;1;0|3.6613745634994642e-05;2.6772508730010724e-05;3.6613745634994642e-05,"[0.0363,0.0364]",0|0.0001,0|0.0001,"[0.0364,0.0365]",0,0,0.0364,0.0365,0.0365,0,1
365,0.0364,0|0.0001,"[0.0364,0.0365]",0;2;0|3.7400080838321457e-05;2.5199838323357094e-05;3.7400080838321457e-05,0;2;0|3.7400080838321457e-05;2.5199838323357094e-05;3.7400080838321457e-05,"[0.0365,0.0366]",0.218326414126382,8.56442042893862,0.0365,0.0366,0.0366,0,1
366,0.0365,0;2;0|3.7400080838321457e-05;2.5199838323357094e-05;3.7400080838321457e-05,"[0.0365,0.0366]",0;1;0|3.6530388065126932e-05;2.693922386974614e-05;3.6530388065126932e-05,0;1;0|3.6530388065126932e-05;2.693922386974614e-05;3.6530388065126932e-05,"[0.0366,0.0367]",0,0,0.0366,0.0367,0.0367,0,1
367,0.0366,0;1;0|3.6530388065126932e-05;2.693922386974614e-05;3.6530388065126932e-05,"[0.0366,0.0367]",0|0.0001,0|0.0001,"[0.0367,0.0368]",-6.7706295507148,4.38016404749608,0.0367,0.0368,0.0368,0,1
368,0.0367,0|0.0001,"[0.0367,0.0368]",0;1;0|4.1635608543626498e-05;1.6728782912747009e-05;4.1635608543626498e-05,0;1;0|4.1635608543626498e-05;1.6728782912747009e-05;4.1635608543626498e-05,"[0.0368,0.0369]",0.544334507179661,8.60334879527814,0.0368,0.0369,0.0369,0,1
369,0.0368,0;1;0|4.1635608543626498e-05;1.6728782912747009e-05;4.1635608543626498e-05,"[0.0368,0.0369]",0;2;0|3.8720585758142195e-05;2.2558828483715622e-05;3.8720585758142195e-05,0;2;0|3.8720585758142195e-05;2.2558828483715622e-05;3.8720585758142195e-05,"[0.0369,0.037]",0,0,0.0369,0.037,0.037,0,1
370,0.0369,0;2;0|3.8720585758142195e-05;2.2558828483715622e-05;3.8720585758142195e-05,"[0.0369,0.037]",0;1;0|3.7770987909485661e-05;2.4458024181028689e-05;3.7770987909485661e-05,0;1;0|3.7770987909485661e-05;2.4458024181028689e-05;3.7770987909485661e-05,"[0.037,0.0371]",0.47217361313853,5.33234611403064,0.037,0.0371,0.0371,0,1
371,0.037,0;1;0|3.7770987909485661e-05;2.4458024181028689e-05;3.7770987909485661e-05,"[0.037,0.0371]",0|0.0001,0|0.0001,"[0.0371,0.0372]",-5.85638070079503,4.2206920197124,0.0371,0.0372,0.0372,0,1
372,0.0371,0|0.0001,"[0.0371,0.0372]",0;2;0|3.7992078956335981e-05;2.4015842087328039e-05;3.7992078956335981e-05,0;2;0|3.7992078956335981e-05;2.4015842087328039e-05;3.7992078956335981e-05,"[0.0372,0.0373]",0.886030964300727,7.77625306215623,0.0372,0.0373,0.0373,0,1
373,0.0372,0;2;0|3.7992078956335981e-05;2.4015842087328039e-05;3.7992078956335981e-05,"[0.0372,0.0373]",0;1;0|3.6856981540794695e-05;2.6286036918410612e-05;3.6856981540794695e-05,0;1;0|3.6856981540794695e-05;2.6286036918410612e-05;3.6856981540794695e-05,"[0.0373,0.0374]",0,0,0.0373,0.0374,0.0374,0,1
374,0.0373,0;1;0|3.6856981540794695e-05;2.6286036918410612e-05;3.6856981540794695e-05,"[0.0373,0.0374]",0|0.0001,0|0.0001,"[0.0374,0.0375]",-6.06084547463023,4.7250867568537,0.0374,0.0375,0.0375,0,1
375,0.0374,0|0.0001,"[0.0374,0.0375]",0;2;0|3.8435572915536336e-05;2.3128854168927327e-05;3.8435572915536336e-05,0;2;0|3.8435572915536336e-05;2.3128854168927327e-05;3.8435572915536336e-05,"[0.0375,0.0376]",1.26657110628752,8.31562776276239,0.0375,0.0376,0.0376,0,1
376,0.0375,0;2;0|3.8435572915536336e-05;2.3128854168927327e-05;3.8435572915536336e-05,"[0.0375,0.0376]",0;1;0|3.6930286005592989e-05;2.6139427988814035e-05;3.6930286005592989e-05,0;1;0|3.6930286005592989e-05;2.6139427988814035e-05;3.6930286005592989e-05,"[0.0376,0.0377]",0,0,0.0376,0.0377,0.0377,0,1
377,0.0376,0;1;0|3.6930286005592989e-05;2.6139427988814035e-05;3.6930286005592989e-05,"[0.0376,0.0377]",0|0.0001,0|0.0001,"[0.0377,0.0378]",-5.66133826342633,4.76733719514549,0.0377,0.0378,0.0378,0,1
378,0.0377,0|0.0001,"[0.0377,0.0378]",0;2;0|3.8053923232515302e-05;2.3892153534969404e-05;3.8053923232515302e-05,0;2;0|3.8053923232515302e-05;2.3892153534969404e-05;3.8053923232515302e-05,"[0.0378,0.0379]",1.57028142160539,8.2159012338634,0.0378,0.0379,0.0379,0,1
379,0.0378,0;2;0|3.8053923232515302e-05;2.3892153534969404e-05;3.8053923232515302e-05,"[0.0378,0.0379]",0;1;0|3.7406876707423029e-05;2.518624658515395e-05;3.7406876707423029e-05,0;1;0|3.7406876707423029e-05;2.518624658515395e-05;3.7406876707423029e-05,"[0.0379,0.038]",0,0,0.0379,0.038,0.038,0,1
380,0.0379,0;1;0|3.7406876707423029e-05;2.518624658515395e-05;3.7406876707423029e-05,"[0.0379,0.038]",0|0.0001,0|0.0001,"[0.038,0.0381]",-5.6584070105902,5.1415886803255,0.038,0.0381,0.0381,0,1
381,0.038,0|0.0001,"[0.038,0.0381]",0;2;0|3.7328802396913283e-05;2.5342395206173443e-05;3.7328802396913283e-05,0;2;0|3.7328802396913283e-05;2.5342395206173443e-05;3.7328802396913283e-05,"[0.0381,0.0382]",1.81031266137914,7.85365536637456,0.0381,0.0382,0.0382,0,1
382,0.0381,0;2;0|3.7328802396913283e-05;2.5342395206173443e-05;3.7328802396913283e-05,"[0.0381,0.0382]",0;1;0|3.8679971921070284e-05;2.264005615785944e-05;3.8679971921070284e-05,0;1;0|3.8679971921070284e-05;2.264005615785944e-05;3.8679971921070284e-05,"[0.0382,0.0383]",0,0,0.0382,0.0383,0.0383,0,1
383,0.0382,0;1;0|3.8679971921070284e-05;2.264005615785944e-05;3.8679971921070284e-05,"[0.0382,0.0383]",0;3;0|4.9459731303812891e-05;1.0805373923742248e-06;4.9459731303812891e-05,0;3;0|4.9459731303812891e-05;1.0805373923742248e-06;4.9459731303812891e-05,"[0.0383,0.0384]",-5.792054755205,5.67601708760478,0.0383,0.0384,0.0384,0,1
384,0.0383,0;3;0|4.9459731303812891e-05;1.0805373923742248e-06;4.9459731303812891e-05,"[0.0383,0.0384]",0;2;0|3.6497020758113036e-05;2.7005958483773937e-05;3.6497020758113036e-05,0;2;0|3.6497020758113036e-05;2.7005958483773937e-05;3.6497020758113036e-05,"[0.0384,0.0385]",1.89222497177538,6.99334484221156,0.0384,0.0385,0.0385,0,1
385,0.0384,0;2;0|3.6497020758113036e-05;2.7005958483773937e-05;3.6497020758113036e-05,"[0.0384,0.0385]",0;1;0|3.9866957192218073e-05;2.0266085615563859e-05;3.9866957192218073e-05,0;1;0|3.9866957192218073e-05;2.0266085615563859e-05;3.9866957192218073e-05,"[0.0385,0.0386]",-0.335296080557012,-0.0844676892673166,0.0385,0.0386,0.0386,0,1
386,0.0385,0;1;0|3.9866957192218073e-05;2.0266085615563859e-05;3.9866957192218073e-05,"[0.0385,0.0386]",0;2;0|4.1638120602328935e-05;1.6723758795342137e-05;4.1638120602328935e-05,0;2;0|4.1638120602328935e-05;1.6723758795342137e-05;4.1638120602328935e-05,"[0.0386,0.0387]",-5.93990664200823,6.27694676986067,0.0386,0.0387,0.0387,0,1
387,0.0386,0;2;0|4.1638120602328935e-05;1.6723758795342137e-05;4.1638120602328935e-05,"[0.0386,0.0387]",0;1;0|4.4791907990653353e-05;1.0416184018693292e-05;4.4791907990653353e-05,0;1;0|4.4791907990653353e-05;1.0416184018693292e-05;4.4791907990653353e-05,"[0.0387,0.0388]",1.92855042122872,6.19175500430537,0.0387,0.0388,0.0388,0,1
388,0.0387,0;1;0|4.4791907990653353e-05;1.0416184018693292e-05;4.4791907990653353e-05,"[0.0387,0.0388]",0;2;0|3.9273809516716161e-05;2.1452380966567687e-05;3.9273809516716161e-05,0;2;0|3.9273809516716161e-05;2.1452380966567687e-05;3.9273809516716161e-05,"[0.0388,0.0389]",-3.57951316138076,3.97828332472283,0.0388,0.0389,0.0389,0,1
389,0.0388,0;2;0|3.9273809516716161e-05;2.1452380966567687e-05;3.9273809516716161e-05,"[0.0388,0.0389]",0;1;0|4.3855100687068444e-05;1.2289798625863124e-05;4.3855100687068444e-05,0;1;0|4.3855100687068444e-05;1.2289798625863124e-05;4.3855100687068444e-05,"[0.0389,0.039]",1.07087991056939,3.15646918297868,0.0389,0.039,0.039,0,1
390,0.0389,0;1;0|4.3855100687068444e-05;1.2289798625863124e-05;4.3855100687068444e-05,"[0.0389,0.039]",0;2;0|3.944857880850358e-05;2.1102842382992848e-05;3.944857880850358e-05,0;2;0|3.944857880850358e-05;2.1102842382992848e-05;3.944857880850358e-05,"[0.039,0.0391]",-4.46192366529401,5.21691415268531,0.039,0.0391,0.0391,0,1
391,0.039,0;2;0|3.944857880850358e-05;2.1102842382992848e-05;3.944857880850358e-05,"[0.039,0.0391]",0;1;0|4.4475001765514184e-05;1.1049996468971634e-05;4.4475001765514184e-05,0;1;0|4.4475001765514184e-05;1.1049996468971634e-05;4.4475001765514184e-05,"[0.0391,0.0392]",1.3566962768312,3.69131198891306,0.0391,0.0392,0.0392,0,1
392,0.0391,0;1;0|4.4475001765514184e-05;1.1049996468971634e-05;4.4475001765514184e-05,"[0.0391,0.0392]",0;2;0|3.9061228236895899e-05;2.1877543526208207e-05;3.9061228236895899e-05,0;2;0|3.9061228236895899e-05;2.1877543526208207e-05;3.9061228236895899e-05,"[0.0392,0.0393]",-4.25887085032299,5.24059220321067,0.0392,0.0393,0.0393,0,1
393,0.0392,0;2;0|3.9061228236895899e-05;2.1877543526208207e-05;3.9061228236895899e-05,"[0.0392,0.0393]",0;1;0|4.4797322604368686e-05;1.0405354791262636e-05;4.4797322604368686e-05,0;1;0|4.4797322604368686e-05;1.0405354791262636e-05;4.4797322604368686e-05,"[0.0393,0.0394]",1.30285175169163,3.28722760426729,0.0393,0.0394,0.0394,0,1
394,0.0393,0;1;0|4.4797322604368686e-05;1.0405354791262636e-05;4.4797322604368686e-05,"[0.0393,0.0394]",0;2;0|3.875124017233123e-05;2.2497519655337544e-05;3.875124017233123e-05,0;2;0|3.875124017233123e-05;2.2497519655337544e-05;3.875124017233123e-05,"[0.0394,0.0395]",-4.27729155249791,5.54221730310371,0.0394,0.0395,0.0395,0,1
395,0.0394,0;2;0|3.875124017233123e-05;2.2497519655337544e-05;3.875124017233123e-05,"[0.0394,0.0395]",0;1;0|4.5191073797493793e-05;9.6178524050124225e-06;4.5191073797493793e-05,0;1;0|4.5191073797493793e-05;9.6178524050124225e-06;4.5191073797493793e-05,"[0.0395,0.0396]",1.30424679762703,3.06364692875693,0.0395,0.0396,0.0396,0,1
396,0.0395,0;1;0|4.5191073797493793e-05;9.6178524050124225e-06;4.5191073797493793e-05,"[0.0395,0.0396]",0;2;0|3.8420118490160752e-05;2.3159763019678503e-05;3.8420118490160752e-05,0;2;0|3.8420118490160752e-05;2.3159763019678503e-05;3.8420118490160752e-05,"[0.0396,0.0397]",-4.25389102847196,5.80801018591197,0.0396,0.0397,0.0397,0,1
397,0.0396,0;2;0|3.8420118490160752e-05;2.3159763019678503e-05;3.8420118490160752e-05,"[0.0396,0.0397]",0;1;0|4.5570010991579194e-05;8.8599780168416117e-06;4.5570010991579194e-05,0;1;0|4.5570010991579194e-05;8.8599780168416117e-06;4.5570010991579194e-05,"[0.0397,0.0398]",1.27632049772843,2.80059312990331,0.0397,0.0398,0.0398,0,1
398,0.0397,0;1;0|4.5570010991579194e-05;8.8599780168416117e-06;4.5570010991579194e-05,"[0.0397,0.0398]",0;2;0|3.8098576436692866e-05;2.3802847126614269e-05;3.8098576436692866e-05,0;2;0|3.8098576436692866e-05;2.3802847126614269e-05;3.8098576436692866e-05,"[0.0398,0.0399]",-4.22747455245682,6.08713564138366,0.0398,0.0399,0.0399,0,1
399,0.0398,0;2;0|3.8098576436692866e-05;2.3802847126614269e-05;3.8098576436692866e-05,"[0.0398,0.0399]",0;1;0|4.5963666696270314e-05;8.0726666074593751e-06;4.5963666696270314e-05,0;1;0|4.5963666696270314e-05;8.0726666074593751e-06;4.5963666696270314e-05,"[0.0399,0.04]",1.24021015615535,2.54954857172053,0.0399,0.04,0.04,0,1
400,0.0399,0;1;0|4.5963666696270314e-05;8.0726666074593751e-06;4.5963666696270314e-05,"[0.0399,0.04]",0;2;0|3.7775345552083959e-05;2.4449308895832082e-05;3.7775345552083959e-05,0;2;0|3.7775345552083959e-05;2.4449308895832082e-05;3.7775345552083959e-05,"[0.04,0.0401]",-4.18627008475074,6.36336995514304,0.04,0.0401,0.0401,0,1
401,0.04,0;2;0|3.7775345552083959e-05;2.4449308895832082e-05;3.7775345552083959e-05,"[0.04,0.0401]",0;2;0|4.3688492132258189e-05;1.2623015735483623e-05;4.3688492132258189e-05,0;2;0|4.3688492132258189e-05;1.2623015735483623e-05;4.3688492132258189e-05,"[0.0401,0.0402]",1.18802329184004,2.29386101242795,0.0401,0.0402,0.0402,0,1
402,0.0401,0;2;0|4.3688492132258189e-05;1.2623015735483623e-05;4.3688492132258189e-05,"[0.0401,0.0402]",0;1;0|4.4674564494403613e-05;1.065087101119278e-05;4.4674564494403613e-05,0;1;0|4.4674564494403613e-05;1.065087101119278e-05;4.4674564494403613e-05,"[0.0402,0.0403]",-4.13435191335067,6.6421871170659,0.0402,0.0403,0.0403,0,1
403,0.0402,0;1;0|4.4674564494403613e-05;1.065087101119278e-05;4.4674564494403613e-05,"[0.0402,0.0403]",0;2;0|3.7317879121316693e-05;2.5364241757366614e-05;3.7317879121316693e-05,0;2;0|3.7317879121316693e-05;2.5364241757366614e-05;3.7317879121316693e-05,"[0.0403,0.0404]",-2.09127695384365,3.4558690066565,0.0403,0.0404,0.0404,0,1
404,0.0403,0;2;0|3.7317879121316693e-05;2.5364241757366614e-05;3.7317879121316693e-05,"[0.0403,0.0404]",0|0.0001,0|0.0001,"[0.0404,0.0405]",1.68040190309972,2.96523410571214,0.0404,0.0405,0.0405,0,1
405,0.0404,0|0.0001,"[0.0404,0.0405]",0;2;0|3.7144072667867446e-05;2.5711854664265112e-05;3.7144072667867446e-05,0;2;0|3.7144072667867446e-05;2.5711854664265112e-05;3.7144072667867446e-05,"[0.0405,0.0406]",-4.02630500860944,7.04750816913916,0.0405,0.0406,0.0406,0,1
406,0.0405,0;2;0|3.7144072667867446e-05;2.5711854664265112e-05;3.7144072667867446e-05,"[0.0405,0.0406]",0;1;0|4.4511322823480128e-05;1.0977354353039753e-05;4.4511322823480128e-05,0;1;0|4.4511322823480128e-05;1.0977354353039753e-05;4.4511322823480128e-05,"[0.0406,0.0407]",0,0,0.0406,0.0407,0.0407,0,1
407,0.0406,0;1;0|4.4511322823480128e-05;1.0977354353039753e-05;4.4511322823480128e-05,"[0.0406,0.0407]",0;2;0|3.7463609250762867e-05;2.5072781498474278e-05;3.7463609250762867e-05,0;2;0|3.7463609250762867e-05;2.5072781498474278e-05;3.7463609250762867e-05,"[0.0407,0.0408]",-3.90066416022909,7.24440507325457,0.0407,0.0408,0.0408,0,1
408,0.0407,0;2;0|3.7463609250762867e-05;2.5072781498474278e-05;3.7463609250762867e-05,"[0.0407,0.0408]",0|0.0001,0|0.0001,"[0.0408,0.0409]",1.88327719857106,2.96524929697044,0.0408,0.0409,0.0409,0,1
409,0.0408,0|0.0001,"[0.0408,0.0409]",0;2;0|3.5826309054508268e-05;2.8347381890983471e-05;3.5826309054508268e-05,0;2;0|3.5826309054508268e-05;2.8347381890983471e-05;3.5826309054508268e-05,"[0.0409,0.041]",-3.6249834998656,7.15770063118695,0.0409,0.041,0.041,0,1
410,0.0409,0;2;0|3.5826309054508268e-05;2.8347381890983471e-05;3.5826309054508268e-05,"[0.0409,0.041]",0;2;0|4.3386555753148763e-05;1.3226888493702477e-05;4.3386555753148763e-05,0;2;0|4.3386555753148763e-05;1.3226888493702477e-05;4.3386555753148763e-05,"[0.041,0.0411]",0,0,0.041,0.0411,0.0411,0,1
411,0.041,0;2;0|4.3386555753148763e-05;1.3226888493702477e-05;4.3386555753148763e-05,"[0.041,0.0411]",0;1;0|4.5293211492202076e-05;9.413577015595848e-06;4.5293211492202076e-05,0;1;0|4.5293211492202076e-05;9.413577015595848e-06;4.5293211492202076e-05,"[0.0411,0.0412]",-3.89375988583472,8.19296147329926,0.0411,0.0412,0.0412,0,1
412,0.0411,0;1;0|4.5293211492202076e-05;9.413577015595848e-06;4.5293211492202076e-05,"[0.0411,0.0412]",0;2;0|3.7741608207376488e-05;2.4516783585247036e-05;3.7741608207376488e-05,0;2;0|3.7741608207376488e-05;2.4516783585247036e-05;3.7741608207376488e-05,"[0.0412,0.0413]",-1.76864701999787,3.84536435611454,0.0412,0.0413,0.0413,0,1
413,0.0412,0;2;0|3.7741608207376488e-05;2.4516783585247036e-05;3.7741608207376488e-05,"[0.0412,0.0413]",0|0.0001,0|0.0001,"[0.0413,0.0414]",1.77147434961788,2.43641106729753,0.0413,0.0414,0.0414,0,1
414,0.0413,0|0.0001,"[0.0413,0.0414]",0;2;0|3.538795635981593e-05;2.9224087280368144e-05;3.538795635981593e-05,0;2;0|3.538795635981593e-05;2.9224087280368144e-05;3.538795635981593e-05,"[0.0414,0.0415]",-3.09813439441683,7.20773233662248,0.0414,0.0415,0.0415,0,1
415,0.0414,0;2;0|3.538795635981593e-05;2.9224087280368144e-05;3.538795635981593e-05,"[0.0414,0.0415]",0|0.0001,0|0.0001,"[0.0415,0.0416]",0,0,0.0415,0.0416,0.0416,0,1
416,0.0415,0|0.0001,"[0.0415,0.0416]",0;2;0|3.5495792850957723e-05;2.9008414298084562e-05;3.5495792850957723e-05,0;2;0|3.5495792850957723e-05;2.9008414298084562e-05;3.5495792850957723e-05,"[0.0416,0.0417]",-3.47591142632288,8.68173260122108,0.0416,0.0417,0.0417,0,1
417,0.0416,0;2;0|3.5495792850957723e-05;2.9008414298084562e-05;3.5495792850957723e-05,"[0.0416,0.0417]",0|0.0001,0|0.0001,"[0.0417,0.0418]",0,0,0.0417,0.0418,0.0418,0,1
418,0.0417,0|0.0001,"[0.0417,0.0418]",0;2;0|3.5674436334710928e-05;2.8651127330578153e-05;3.5674436334710928e-05,0;2;0|3.5674436334710928e-05;2.8651127330578153e-05;3.5674436334710928e-05,"[0.0418,0.0419]",-3.23260700444448,8.70164544232656,0.0418,0.0419,0.0419,0,1
419,0.0418,0;2;0|3.5674436334710928e-05;2.8651127330578153e-05;3.5674436334710928e-05,"[0.0418,0.0419]",0|0.0001,0|0.0001,"[0.0419,0.042]",0,0,0.0419,0.042,0.042,0,1
420,0.0419,0|0.0001,"[0.0419,0.042]",0;2;0|3.5814223191012445e-05;2.8371553617975122e-05;3.5814223191012445e-05,0;2;0|3.5814223191012445e-05;2.8371553617975122e-05;3.5814223191012445e-05,"[0.042,0.0421]",-2.97580388795089,8.67199111999705,0.042,0.0421,0.0421,0,1
421,0.042,0;2;0|3.5814223191012445e-05;2.8371553617975122e-05;3.5814223191012445e-05,"[0.042,0.0421]",0|0.0001,0|0.0001,"[0.0421,0.0422]",0,0,0.0421,0.0422,0.0422,0,1
422,0.0421,0|0.0001,"[0.0421,0.0422]",0;2;0|3.5908358395322293e-05;2.8183283209355416e-05;3.5908358395322293e-05,0;2;0|3.5908358395322293e-05;2.8183283209355416e-05;3.5908358395322293e-05,"[0.0422,0.0423]",-2.73003433361243,8.65871157495937,0.0422,0.0423,0.0423,0,1
423,0.0422,0;2;0|3.5908358395322293e-05;2.8183283209355416e-05;3.5908358395322293e-05,"[0.0422,0.0423]",0|0.0001,0|0.0001,"[0.0423,0.0424]",0,0,0.0423,0.0424,0.0424,0,1
424,0.0423,0|0.0001,"[0.0423,0.0424]",0;2;0|3.5984287491912424e-05;2.8031425016175157e-05;3.5984287491912424e-05,0;2;0|3.5984287491912424e-05;2.8031425016175157e-05;3.5984287491912424e-05,"[0.0424,0.0425]",-2.49491136535316,8.66668774162345,0.0424,0.0425,0.0425,0,1
425,0.0424,0;2;0|3.5984287491912424e-05;2.8031425016175157e-05;3.5984287491912424e-05,"[0.0424,0.0425]",0|0.0001,0|0.0001,"[0.0425,0.0426]",0,0,0.0425,0.0426,0.0426,0,1
426,0.0425,0|0.0001,"[0.0425,0.0426]",0;2;0|3.6041798348125865e-05;2.7916403303748269e-05;3.6041798348125865e-05,0;2;0|3.6041798348125865e-05;2.7916403303748269e-05;3.6041798348125865e-05,"[0.0426,0.0427]",-2.2640633579651,8.67962682648941,0.0426,0.0427,0.0427,0,1
427,0.0426,0;2;0|3.6041798348125865e-05;2.7916403303748269e-05;3.6041798348125865e-05,"[0.0426,0.0427]",0|0.0001,0|0.0001,"[0.0427,0.0428]",0,0,0.0427,0.0428,0.0428,0,1
428,0.0427,0|0.0001,"[0.0427,0.0428]",0;2;0|3.3965208869779089e-05;3.2069582260441834e-05;3.3965208869779089e-05,0;2;0|3.3965208869779089e-05;3.2069582260441834e-05;3.3965208869779089e-05,"[0.0428,0.0429]",-2.03683627914448,8.69794439450585,0.0428,0.0429,0.0429,0,1
429,0.0428,0;2;0|3.3965208869779089e-05;3.2069582260441834e-05;3.3965208869779089e-05,"[0.0428,0.0429]",0;3;0|4.3520859894981659e-05;1.2958280210036683e-05;4.3520859894981659e-05,0;3;0|4.3520859894981659e-05;1.2958280210036683e-05;4.3520859894981659e-05,"[0.0429,0.043]",0,0,0.0429,0.043,0.043,0,1
430,0.0429,0;3;0|4.3520859894981659e-05;1.2958280210036683e-05;4.3520859894981659e-05,"[0.0429,0.043]",0;2;0|4.0345425198685506e-05;1.9309149602628992e-05;4.0345425198685506e-05,0;2;0|4.0345425198685506e-05;1.9309149602628992e-05;4.0345425198685506e-05,"[0.043,0.0431]",-2.08802273805031,10.047600267555,0.043,0.0431,0.0431,0,1
431,0.043,0;2;0|4.0345425198685506e-05;1.9309149602628992e-05;4.0345425198685506e-05,"[0.043,0.0431]",0|0.0001,0|0.0001,"[0.0431,0.0432]",-3.92119864279814,1.3486677375489,0.0431,0.0432,0.0432,0,1
432,0.0431,0|0.0001,"[0.0431,0.0432]",0;2;0|3.6208269550195217e-05;2.7583460899609571e-05;3.6208269550195217e-05,0;2;0|3.6208269550195217e-05;2.7583460899609571e-05;3.6208269550195217e-05,"[0.0432,0.0433]",-1.10477601427217,6.07936013212441,0.0432,0.0433,0.0433,0,1
433,0.0432,0;2;0|3.6208269550195217e-05;2.7583460899609571e-05;3.6208269550195217e-05,"[0.0432,0.0433]",0;3;0|4.4155330606252179e-05;1.1689338787495651e-05;4.4155330606252179e-05,0;3;0|4.4155330606252179e-05;1.1689338787495651e-05;4.4155330606252179e-05,"[0.0433,0.0434]",0,0,0.0433,0.0434,0.0434,0,1
434,0.0433,0;3;0|4.4155330606252179e-05;1.1689338787495651e-05;4.4155330606252179e-05,"[0.0433,0.0434]",0;2;0|3.8507485058384398e-05;2.2985029883231202e-05;3.8507485058384398e-05,0;2;0|3.8507485058384398e-05;2.2985029883231202e-05;3.8507485058384398e-05,"[0.0434,0.0435]",-1.35945197846255,8.72139068009018,0.0434,0.0435,0.0435,0,1
435,0.0434,0;2;0|3.8507485058384398e-05;2.2985029883231202e-05;3.8507485058384398e-05,"[0.0434,0.0435]",0|0.0001,0|0.0001,"[0.0435,0.0436]",-3.47161985512207,1.39278758233283,0.0435,0.0436,0.0436,0,1
436,0.0435,0|0.0001,"[0.0435,0.0436]",0;2;0|3.6358076010210902e-05;2.7283847979578197e-05;3.6358076010210902e-05,0;2;0|3.6358076010210902e-05;2.7283847979578197e-05;3.6358076010210902e-05,"[0.0436,0.0437]",-0.949828650600751,7.2936227791654,0.0436,0.0437,0.0437,0,1
437,0.0436,0;2;0|3.6358076010210902e-05;2.7283847979578197e-05;3.6358076010210902e-05,"[0.0436,0.0437]",0;3;0|4.3080906300786305e-05;1.3838187398427397e-05;4.3080906300786305e-05,0;3;0|4.3080906300786305e-05;1.3838187398427397e-05;4.3080906300786305e-05,"[0.0437,0.0438]",0,0,0.0437,0.0438,0.0438,0,1
438,0.0437,0;3;0|4.3080906300786305e-05;1.3838187398427397e-05;4.3080906300786305e-05,"[0.0437,0.0438]",0;3;0|4.2239648493457393e-05;1.5520703013085226e-05;4.2239648493457393e-05,0;3;0|4.2239648493457393e-05;1.5520703013085226e-05;4.2239648493457393e-05,"[0.0438,0.0439]",-0.909546572864457,8.68332546634286,0.0438,0.0439,0.0439,0,1
439,0.0438,0;3;0|4.2239648493457393e-05;1.5520703013085226e-05;4.2239648493457393e-05,"[0.0438,0.0439]",0;2;0|3.578392763237706e-05;2.8432144735245881e-05;3.578392763237706e-05,0;2;0|3.578392763237706e-05;2.8432144735245881e-05;3.578392763237706e-05,"[0.0439,0.044]",-4.021772106067,1.8532353351365,0.0439,0.044,0.044,0,1
440,0.0439,0;2;0|3.578392763237706e-05;2.8432144735245881e-05;3.578392763237706e-05,"[0.0439,0.044]",0|0.0001,0|0.0001,"[0.044,0.0441]",-4.48428372153283,2.13507916473463,0.044,0.0441,0.0441,0,1
441,0.044,0|0.0001,"[0.044,0.0441]",0;2;0|3.6591528706238792e-05;2.6816942587522424e-05;3.6591528706238792e-05,0;2;0|3.6591528706238792e-05;2.6816942587522424e-05;3.6591528706238792e-05,"[0.0441,0.0442]",-0.606103040325063,9.07807540061747,0.0441,0.0442,0.0442,0,1
442,0.0441,0;2;0|3.6591528706238792e-05;2.6816942587522424e-05;3.6591528706238792e-05,"[0.0441,0.0442]",0|0.0001,0|0.0001,"[0.0442,0.0443]",0,0,0.0442,0.0443,0.0443,0,1
443,0.0442,0|0.0001,"[0.0442,0.0443]",0;3;2;3;0|3.3444033800703386e-05;6.055280967761843e-06;2.1001370463069548e-05;6.055280967761843e-06;3.3444033800703386e-05,0;3;2;3;0|3.3444033800703386e-05;6.055280967761843e-06;2.1001370463069548e-05;6.055280967761843e-06;3.3444033800703386e-05,"[0.0443,0.0444]",-0.356317487815942,8.57402093568157,0.0443,0.0444,0.0444,0,1
444,0.0443,0;3;2;3;0|3.3444033800703386e-05;6.055280967761843e-06;2.1001370463069548e-05;6.055280967761843e-06;3.3444033800703386e-05,"[0.0443,0.0444]",0|0.0001,0|0.0001,"[0.0444,0.0445]",0,0,0.0444,0.0445,0.0445,0,1
445,0.0444,0|0.0001,"[0.0444,0.0445]",0;2;0|3.6364746284867419e-05;2.727050743026517e-05;3.6364746284867419e-05,0;2;0|3.6364746284867419e-05;2.727050743026517e-05;3.6364746284867419e-05,"[0.0445,0.0446]",-3.49771810452899,8.60191850536906,0.0445,0.0446,0.0446,0,1
446,0.0445,0;2;0|3.6364746284867419e-05;2.727050743026517e-05;3.6364746284867419e-05,"[0.0445,0.0446]",0;3;0|4.1878279058933257e-05;1.6243441882133491e-05;4.1878279058933257e-05,0;3;0|4.1878279058933257e-05;1.6243441882133491e-05;4.1878279058933257e-05,"[0.0446,0.0447]",0,0,0.0446,0.0447,0.0447,0,1
447,0.0446,0;3;0|4.1878279058933257e-05;1.6243441882133491e-05;4.1878279058933257e-05,"[0.0446,0.0447]",0;3;0|4.3902195803315104e-05;1.2195608393369799e-05;4.3902195803315104e-05,0;3;0|4.3902195803315104e-05;1.2195608393369799e-05;4.3902195803315104e-05,"[0.0447,0.0448]",0.0761956841509782,8.72622972132533,0.0447,0.0448,0.0448,0,1
448,0.0447,0;3;0|4.3902195803315104e-05;1.2195608393369799e-05;4.3902195803315104e-05,"[0.0447,0.0448]",0;2;0|3.695345779020281e-05;2.6093084419594381e-05;3.695345779020281e-05,0;2;0|3.695345779020281e-05;2.6093084419594381e-05;3.695345779020281e-05,"[0.0448,0.0449]",-4.44514561838596,2.69422705412827,0.0448,0.0449,0.0449,0,1
449,0.0448,0;2;0|3.695345779020281e-05;2.6093084419594381e-05;3.695345779020281e-05,"[0.0448,0.0449]",0|0.0001,0|0.0001,"[0.0449,0.045]",-3.31174166557421,2.06460950853801,0.0449,0.045,0.045,0,1
450,0.0449,0|0.0001,"[0.0449,0.045]",0;3;0|3.8829547731868389e-05;2.2340904536263226e-05;3.8829547731868389e-05,0;3;0|3.8829547731868389e-05;2.2340904536263226e-05;3.8829547731868389e-05,"[0.045,0.0451]",0.387547082463901,8.34078835857553,0.045,0.0451,0.0451,0,1
451,0.045,0;3;0|3.8829547731868389e-05;2.2340904536263226e-05;3.8829547731868389e-05,"[0.045,0.0451]",0;2;0|3.5970392079943127e-05;2.805921584011375e-05;3.5970392079943127e-05,0;2;0|3.5970392079943127e-05;2.805921584011375e-05;3.5970392079943127e-05,"[0.0451,0.0452]",0,0,0.0451,0.0452,0.0452,0,1
452,0.0451,0;2;0|3.5970392079943127e-05;2.805921584011375e-05;3.5970392079943127e-05,"[0.0451,0.0452]",0|0.0001,0|0.0001,"[0.0452,0.0453]",-5.91985764031105,4.00808751220451,0.0452,0.0453,0.0453,0,1
453,0.0452,0|0.0001,"[0.0452,0.0453]",0;3;0|3.9703302220195222e-05;2.0593395559609564e-05;3.9703302220195222e-05,0;3;0|3.9703302220195222e-05;2.0593395559609564e-05;3.9703302220195222e-05,"[0.0453,0.0454]",0.754506417214325,8.9471920984821,0.0453,0.0454,0.0454,0,1
454,0.0453,0;3;0|3.9703302220195222e-05;2.0593395559609564e-05;3.9703302220195222e-05,"[0.0453,0.0454]",0;2;0|3.5802813931035466e-05;2.839437213792907e-05;3.5802813931035466e-05,0;2;0|3.5802813931035466e-05;2.839437213792907e-05;3.5802813931035466e-05,"[0.0454,0.0455]",0,0,0.0454,0.0455,0.0455,0,1
455,0.0454,0;2;0|3.5802813931035466e-05;2.839437213792907e-05;3.5802813931035466e-05,"[0.0454,0.0455]",0|0.0001,0|0.0001,"[0.0455,0.0456]",-5.31367907888407,3.89761719152911,0.0455,0.0456,0.0456,0,1
456,0.0455,0|0.0001,"[0.0455,0.0456]",0;3;0|3.9536590067789879e-05;2.0926819864420246e-05;3.9536590067789879e-05,0;3;0|3.9536590067789879e-05;2.0926819864420246e-05;3.9536590067789879e-05,"[0.0456,0.0457]",1.10422547913525,9.01885247067531,0.0456,0.0457,0.0457,0,1
457,0.0456,0;3;0|3.9536590067789879e-05;2.0926819864420246e-05;3.9536590067789879e-05,"[0.0456,0.0457]",0;2;0|3.6114113249262656e-05;2.7771773501474696e-05;3.6114113249262656e-05,0;2;0|3.6114113249262656e-05;2.7771773501474696e-05;3.6114113249262656e-05,"[0.0457,0.0458]",0,0,0.0457,0.0458,0.0458,0,1
458,0.0457,0;2;0|3.6114113249262656e-05;2.7771773501474696e-05;3.6114113249262656e-05,"[0.0457,0.0458]",0|0.0001,0|0.0001,"[0.0458,0.0459]",-5.24659497741342,4.16142480430688,0.0458,0.0459,0.0459,0,1
459,0.0458,0|0.0001,"[0.0458,0.0459]",0;3;0|3.8924873584239624e-05;2.2150252831520764e-05;3.8924873584239624e-05,0;3;0|3.8924873584239624e-05;2.2150252831520764e-05;3.8924873584239624e-05,"[0.0459,0.046]",1.41171471329208,8.77412407469812,0.0459,0.046,0.046,0,1
460,0.0459,0;3;0|3.8924873584239624e-05;2.2150252831520764e-05;3.8924873584239624e-05,"[0.0459,0.046]",0;2;0|3.6677211734924557e-05;2.6645576530150883e-05;3.6677211734924557e-05,0;2;0|3.6677211734924557e-05;2.6645576530150883e-05;3.6677211734924557e-05,"[0.046,0.0461]",0,0,0.046,0.0461,0.0461,0,1
461,0.046,0;2;0|3.6677211734924557e-05;2.6645576530150883e-05;3.6677211734924557e-05,"[0.046,0.0461]",0|0.0001,0|0.0001,"[0.0461,0.0462]",-5.38336354270791,4.61088797286091,0.0461,0.0462,0.0462,0,1
462,0.0461,0|0.0001,"[0.0461,0.0462]",0;3;0|3.8124190772541559e-05;2.375161845491689e-05;3.8124190772541559e-05,0;3;0|3.8124190772541559e-05;2.375161845491689e-05;3.8124190772541559e-05,"[0.0462,0.0463]",1.67079258262017,8.36128549954922,0.0462,0.0463,0.0463,0,1
463,0.0462,0;3;0|3.8124190772541559e-05;2.375161845491689e-05;3.8124190772541559e-05,"[0.0462,0.0463]",0;2;0|3.7392600612150933e-05;2.5214798775698135e-05;3.7392600612150933e-05,0;2;0|3.7392600612150933e-05;2.5214798775698135e-05;3.7392600612150933e-05,"[0.0463,0.0464]",0,0,0.0463,0.0464,0.0464,0,1
464,0.0463,0;2;0|3.7392600612150933e-05;2.5214798775698135e-05;3.7392600612150933e-05,"[0.0463,0.0464]",0|0.0001,0|0.0001,"[0.0464,0.0465]",-5.58210631846341,5.15829055815129,0.0464,0.0465,0.0465,0,1
465,0.0464,0|0.0001,"[0.0464,0.0465]",0;3;0|3.7235730984797424e-05;2.5528538030405164e-05;3.7235730984797424e-05,0;3;0|3.7235730984797424e-05;2.5528538030405164e-05;3.7235730984797424e-05,"[0.0465,0.0466]",1.87816975551482,7.84709963520801,0.0465,0.0466,0.0466,0,1
466,0.0465,0;3;0|3.7235730984797424e-05;2.5528538030405164e-05;3.7235730984797424e-05,"[0.0465,0.0466]",0;3;0|4.3549075916919716e-05;1.2901848166160573e-05;4.3549075916919716e-05,0;3;0|4.3549075916919716e-05;1.2901848166160573e-05;4.3549075916919716e-05,"[0.0466,0.0467]",0,0,0.0466,0.0467,0.0467,0,1
467,0.0466,0;3;0|4.3549075916919716e-05;1.2901848166160573e-05;4.3549075916919716e-05,"[0.0466,0.0467]",0;2;0|3.5907774485238285e-05;2.8184451029523439e-05;3.5907774485238285e-05,0;2;0|3.5907774485238285e-05;2.8184451029523439e-05;3.5907774485238285e-05,"[0.0467,0.0468]",-5.78649332230391,5.76638668816479,0.0467,0.0468,0.0468,0,1
468,0.0467,0;2;0|3.5907774485238285e-05;2.8184451029523439e-05;3.5907774485238285e-05,"[0.0467,0.0468]",0|0.0001,0|0.0001,"[0.0468,0.0469]",-2.88757967141649,2.95078814863668,0.0468,0.0469,0.0469,0,1
469,0.0468,0|0.0001,"[0.0468,0.0469]",0;3;0|3.7343207739465832e-05;2.5313584521068334e-05;3.7343207739465832e-05,0;3;0|3.7343207739465832e-05;2.5313584521068334e-05;3.7343207739465832e-05,"[0.0469,0.047]",2.53742531624641,8.654725450275,0.0469,0.047,0.047,0,1
470,0.0469,0;3;0|3.7343207739465832e-05;2.5313584521068334e-05;3.7343207739465832e-05,"[0.0469,0.047]",0;3;0|4.3677391140816732e-05;1.2645217718366542e-05;4.3677391140816732e-05,0;3;0|4.3677391140816732e-05;1.2645217718366542e-05;4.3677391140816732e-05,"[0.047,0.0471]",0,0,0.047,0.0471,0.0471,0,1
471,0.047,0;3;0|4.3677391140816732e-05;1.2645217718366542e-05;4.3677391140816732e-05,"[0.047,0.0471]",0;2;0|3.7258776430438499e-05;2.5482447139123011e-05;3.7258776430438499e-05,0;2;0|3.7258776430438499e-05;2.5482447139123011e-05;3.7258776430438499e-05,"[0.0471,0.0472]",-5.44323464615915,5.99890147147895,0.0471,0.0472,0.0472,0,1
472,0.0471,0;2;0|3.7258776430438499e-05;2.5482447139123011e-05;3.7258776430438499e-05,"[0.0471,0.0472]",0;3;0|4.2159669133533698e-05;1.5680661732932612e-05;4.2159669133533698e-05,0;3;0|4.2159669133533698e-05;1.5680661732932612e-05;4.2159669133533698e-05,"[0.0472,0.0473]",-2.68125698414124,3.03063982918305,0.0472,0.0473,0.0473,0,1
473,0.0472,0;3;0|4.2159669133533698e-05;1.5680661732932612e-05;4.2159669133533698e-05,"[0.0472,0.0473]",0;3;0|4.3703936778793857e-05;1.2592126442412297e-05;4.3703936778793857e-05,0;3;0|4.3703936778793857e-05;1.2592126442412297e-05;4.3703936778793857e-05,"[0.0473,0.0474]",2.68443051335272,7.69985690179216,0.0473,0.0474,0.0474,0,1
474,0.0473,0;3;0|4.3703936778793857e-05;1.2592126442412297e-05;4.3703936778793857e-05,"[0.0473,0.0474]",0;3;0|4.3709119876790702e-05;1.2581760246418597e-05;4.3709119876790702e-05,0;3;0|4.3709119876790702e-05;1.2581760246418597e-05;4.3709119876790702e-05,"[0.0474,0.0475]",-3.22939180528802,3.84050301027387,0.0474,0.0475,0.0475,0,1
475,0.0474,0;3;0|4.3709119876790702e-05;1.2581760246418597e-05;4.3709119876790702e-05,"[0.0474,0.0475]",0;3;0|4.3753942933510752e-05;1.2492114132978503e-05;4.3753942933510752e-05,0;3;0|4.3753942933510752e-05;1.2492114132978503e-05;4.3753942933510752e-05,"[0.0475,0.0476]",-2.55435675846735,3.11640407210973,0.0475,0.0476,0.0476,0,1
476,0.0475,0;3;0|4.3753942933510752e-05;1.2492114132978503e-05;4.3753942933510752e-05,"[0.0475,0.0476]",0;2;0|3.6919558148106269e-05;2.6160883703787464e-05;3.6919558148106269e-05,0;2;0|3.6919558148106269e-05;2.6160883703787464e-05;3.6919558148106269e-05,"[0.0476,0.0477]",-2.51292380468775,3.14566442899201,0.0476,0.0477,0.0477,0,1
477,0.0476,0;2;0|3.6919558148106269e-05;2.6160883703787464e-05;3.6919558148106269e-05,"[0.0476,0.0477]",0;3;0|4.0942789357896472e-05;1.8114421284207067e-05;4.0942789357896472e-05,0;3;0|4.0942789357896472e-05;1.8114421284207067e-05;4.0942789357896472e-05,"[0.0477,0.0478]",-2.45557511189559,3.15435721157296,0.0477,0.0478,0.0478,0,1
478,0.0477,0;3;0|4.0942789357896472e-05;1.8114421284207067e-05;4.0942789357896472e-05,"[0.0477,0.0478]",0;3;0|4.3784841391186683e-05;1.2430317217626642e-05;4.3784841391186683e-05,0;3;0|4.3784841391186683e-05;1.2430317217626642e-05;4.3784841391186683e-05,"[0.0478,0.0479]",3.24681177821982,7.71621262666561,0.0478,0.0479,0.0479,0,1
479,0.0478,0;3;0|4.3784841391186683e-05;1.2430317217626642e-05;4.3784841391186683e-05,"[0.0478,0.0479]",0;3;0|4.3761784891896787e-05;1.2476430216206429e-05;4.3761784891896787e-05,0;3;0|4.3761784891896787e-05;1.2476430216206429e-05;4.3761784891896787e-05,"[0.0479,0.048]",-3.44468169923532,4.66207156288219,0.0479,0.048,0.048,0,1
480,0.0479,0;3;0|4.3761784891896787e-05;1.2476430216206429e-05;4.3761784891896787e-05,"[0.0479,0.048]",0;3;0|4.3766460135795813e-05;1.2467079728408376e-05;4.3766460135795813e-05,0;3;0|4.3766460135795813e-05;1.2467079728408376e-05;4.3766460135795813e-05,"[0.048,0.0481]",-2.32339139478276,3.22861606984261,0.048,0.0481,0.0481,0,1
481,0.048,0;3;0|4.3766460135795813e-05;1.2467079728408376e-05;4.3766460135795813e-05,"[0.048,0.0481]",0;2;0|3.9242114978226228e-05;2.1515770043547546e-05;3.9242114978226228e-05,0;2;0|3.9242114978226228e-05;2.1515770043547546e-05;3.9242114978226228e-05,"[0.0481,0.0482]",-2.29110497591364,3.26964160567888,0.0481,0.0482,0.0482,0,1
482,0.0481,0;2;0|3.9242114978226228e-05;2.1515770043547546e-05;3.9242114978226228e-05,"[0.0481,0.0482]",0;3;0|3.8951912996859938e-05;2.2096174006280132e-05;3.8951912996859938e-05,0;3;0|3.8951912996859938e-05;2.2096174006280132e-05;3.8951912996859938e-05,"[0.0482,0.0483]",-2.24815148736091,3.29570174166547,0.0482,0.0483,0.0483,0,1
483,0.0482,0;3;0|3.8951912996859938e-05;2.2096174006280132e-05;3.8951912996859938e-05,"[0.0482,0.0483]",0;3;0|4.3754804938496399e-05;1.2490390123007208e-05;4.3754804938496399e-05,0;3;0|4.3754804938496399e-05;1.2490390123007208e-05;4.3754804938496399e-05,"[0.0483,0.0484]",3.06351675781962,6.16593295427387,0.0483,0.0484,0.0484,0,1
484,0.0483,0;3;0|4.3754804938496399e-05;1.2490390123007208e-05;4.3754804938496399e-05,"[0.0483,0.0484]",0;3;0|4.3727063143396195e-05;1.2545873713207616e-05;4.3727063143396195e-05,0;3;0|4.3727063143396195e-05;1.2545873713207616e-05;4.3727063143396195e-05,"[0.0484,0.0485]",-3.83648982664881,5.939462480336,0.0484,0.0485,0.0485,0,1
485,0.0484,0;3;0|4.3727063143396195e-05;1.2545873713207616e-05;4.3727063143396195e-05,"[0.0484,0.0485]",0;3;0|4.3691819986744099e-05;1.26163600265118e-05;4.3691819986744099e-05,0;3;0|4.3691819986744099e-05;1.26163600265118e-05;4.3691819986744099e-05,"[0.0485,0.0486]",-2.12630676829192,3.38440950516148,0.0485,0.0486,0.0486,0,1
486,0.0485,0;3;0|4.3691819986744099e-05;1.26163600265118e-05;4.3691819986744099e-05,"[0.0485,0.0486]",0;3;0|4.3697487716075485e-05;1.2605024567849039e-05;4.3697487716075485e-05,0;3;0|4.3697487716075485e-05;1.2605024567849039e-05;4.3697487716075485e-05,"[0.0486,0.0487]",-2.09286586906724,3.42601293783538,0.0486,0.0487,0.0487,0,1
487,0.0486,0;3;0|4.3697487716075485e-05;1.2605024567849039e-05;4.3697487716075485e-05,"[0.0486,0.0487]",0;2;0|3.9904917472530555e-05;2.0190165054938892e-05;3.9904917472530555e-05,0;2;0|3.9904917472530555e-05;2.0190165054938892e-05;3.9904917472530555e-05,"[0.0487,0.0488]",-2.06116472650833,3.47143602833451,0.0487,0.0488,0.0488,0,1
488,0.0487,0;2;0|3.9904917472530555e-05;2.0190165054938892e-05;3.9904917472530555e-05,"[0.0487,0.0488]",0;3;0|3.7380766000284074e-05;2.5238467999431863e-05;3.7380766000284074e-05,0;3;0|3.7380766000284074e-05;2.5238467999431863e-05;3.7380766000284074e-05,"[0.0488,0.0489]",-2.01556722078547,3.49392060020795,0.0488,0.0489,0.0489,0,1
489,0.0488,0;3;0|3.7380766000284074e-05;2.5238467999431863e-05;3.7380766000284074e-05,"[0.0488,0.0489]",0|0.0001,0|0.0001,"[0.0489,0.049]",3.3024476130778,5.55305851700789,0.0489,0.049,0.049,0,1
490,0.0489,0|0.0001,"[0.0489,0.049]",0;3;0|3.6678278371621324e-05;2.6643443256757354e-05;3.6678278371621324e-05,0;3;0|3.6678278371621324e-05;2.6643443256757354e-05;3.6678278371621324e-05,"[0.049,0.0491]",-3.85860108795083,7.09492614342104,0.049,0.0491,0.0491,0,1
491,0.049,0;3;0|3.6678278371621324e-05;2.6643443256757354e-05;3.6678278371621324e-05,"[0.049,0.0491]",0;3;0|4.352219102735435e-05;1.2955617945291307e-05;4.352219102735435e-05,0;3;0|4.352219102735435e-05;1.2955617945291307e-05;4.352219102735435e-05,"[0.0491,0.0492]",0,0,0.0491,0.0492,0.0492,0,1
492,0.0491,0;3;0|4.352219102735435e-05;1.2955617945291307e-05;4.352219102735435e-05,"[0.0491,0.0492]",0;3;0|4.3498077718395056e-05;1.3003844563209885e-05;4.3498077718395056e-05,0;3;0|4.3498077718395056e-05;1.3003844563209885e-05;4.3498077718395056e-05,"[0.0492,0.0493]",-3.88389373918052,7.58988614176404,0.0492,0.0493,0.0493,0,1
493,0.0492,0;3;0|4.3498077718395056e-05;1.3003844563209885e-05;4.3498077718395056e-05,"[0.0492,0.0493]",0;3;0|4.3398382524940807e-05;1.3203234950118384e-05;4.3398382524940807e-05,0;3;0|4.3398382524940807e-05;1.3203234950118384e-05;4.3398382524940807e-05,"[0.0493,0.0494]",-1.84205286116906,3.7140921068709,0.0493,0.0494,0.0494,0,1
494,0.0493,0;3;0|4.3398382524940807e-05;1.3203234950118384e-05;4.3398382524940807e-05,"[0.0493,0.0494]",0;3;0|4.3364332783577428e-05;1.3271334432845148e-05;4.3364332783577428e-05,0;3;0|4.3364332783577428e-05;1.3271334432845148e-05;4.3364332783577428e-05,"[0.0494,0.0495]",-1.8019186640251,3.75085675637823,0.0494,0.0495,0.0495,0,1
495,0.0494,0;3;0|4.3364332783577428e-05;1.3271334432845148e-05;4.3364332783577428e-05,"[0.0494,0.0495]",0;3;0|4.3329732626823728e-05;1.3340534746352548e-05;4.3329732626823728e-05,0;3;0|4.3329732626823728e-05;1.3340534746352548e-05;4.3329732626823728e-05,"[0.0495,0.0496]",-1.78154724625922,3.83105882435969,0.0495,0.0496,0.0496,0,1
496,0.0495,0;3;0|4.3329732626823728e-05;1.3340534746352548e-05;4.3329732626823728e-05,"[0.0495,0.0496]",0;3;0|4.3287707889278764e-05;1.3424584221442479e-05;4.3287707889278764e-05,0;3;0|4.3287707889278764e-05;1.3424584221442479e-05;4.3287707889278764e-05,"[0.0496,0.0497]",-1.74220515945877,3.87301702907508,0.0496,0.0497,0.0497,0,1
497,0.0496,0;3;0|4.3287707889278764e-05;1.3424584221442479e-05;4.3287707889278764e-05,"[0.0496,0.0497]",0;3;0|4.3252185279428449e-05;1.3495629441143112e-05;4.3252185279428449e-05,0;3;0|4.3252185279428449e-05;1.3495629441143112e-05;4.3252185279428449e-05,"[0.0497,0.0498]",-1.70222895505948,3.91491136527838,0.0497,0.0498,0.0498,0,1
498,0.0497,0;3;0|4.3252185279428449e-05;1.3495629441143112e-05;4.3252185279428449e-05,"[0.0497,0.0498]",0;3;0|4.320099081578942e-05;1.3598018368421167e-05;4.320099081578942e-05,0;3;0|4.320099081578942e-05;1.3598018368421167e-05;4.320099081578942e-05,"[0.0498,0.0499]",-1.66331339823787,3.96079050174928,0.0498,0.0499,0.0499,0,1
499,0.0498,0;3;0|4.320099081578942e-05;1.3598018368421167e-05;4.320099081578942e-05,"[0.0498,0.0499]",0;3;0|4.3123538955759389e-05;1.3752922088481221e-05;4.3123538955759389e-05,0;3;0|4.3123538955759389e-05;1.3752922088481221e-05;4.3123538955759389e-05,"[0.0499,0.05]",-1.62194906640856,4.00244918279691,0.0499,0.05,0.05,0,1
500,0.0499,0;3;0|4.3123538955759389e-05;1.3752922088481221e-05;4.3123538955759389e-05,"[0.0499,0.05]",0;3;0|4.3035012090969411e-05;1.392997581806118e-05;4.3035012090969411e-05,0;3;0|4.3035012090969411e-05;1.392997581806118e-05;4.3035012090969411e-05,"[0.05,0.0501]",-1.58344895532425,4.05303274218078,0.05,0.0501,0.0501,0,1
501,0.05,0;3;0|4.3035012090969411e-05;1.392997581806118e-05;4.3035012090969411e-05,"[0.05,0.0501]",0;3;0|4.2933420234617799e-05;1.4133159530764406e-05;4.2933420234617799e-05,0;3;0|4.2933420234617799e-05;1.4133159530764406e-05;4.2933420234617799e-05,"[0.0501,0.0502]",-1.54984983416376,4.11900412321455,0.0501,0.0502,0.0502,0,1
502,0.0501,0;3;0|4.2933420234617799e-05;1.4133159530764406e-05;4.2933420234617799e-05,"[0.0501,0.0502]",0;3;0|4.2816443896018729e-05;1.436711220796255e-05;4.2816443896018729e-05,0;3;0|4.2816443896018729e-05;1.436711220796255e-05;4.2816443896018729e-05,"[0.0502,0.0503]",-1.51725258178523,4.1914285602099,0.0502,0.0503,0.0503,0,1
503,0.0502,0;3;0|4.2816443896018729e-05;1.436711220796255e-05;4.2816443896018729e-05,"[0.0502,0.0503]",0;3;0|4.2681750247850065e-05;1.4636499504299873e-05;4.2681750247850065e-05,0;3;0|4.2681750247850065e-05;1.4636499504299873e-05;4.2681750247850065e-05,"[0.0503,0.0504]",-1.4858239007313,4.27157325164771,0.0503,0.0504,0.0504,0,1
504,0.0503,0;3;0|4.2681750247850065e-05;1.4636499504299873e-05;4.2681750247850065e-05,"[0.0503,0.0504]",0;3;0|4.2526622404936014e-05;1.4946755190127979e-05;4.2526622404936014e-05,0;3;0|4.2526622404936014e-05;1.4946755190127979e-05;4.2526622404936014e-05,"[0.0504,0.0505]",-1.45573487353375,4.36091970681268,0.0504,0.0505,0.0505,0,1
505,0.0504,0;3;0|4.2526622404936014e-05;1.4946755190127979e-05;4.2526622404936014e-05,"[0.0504,0.0505]",0;3;0|4.2347898320224e-05;1.5304203359552011e-05;4.2347898320224e-05,0;3;0|4.2347898320224e-05;1.5304203359552011e-05;4.2347898320224e-05,"[0.0505,0.0506]",-1.42708621158139,4.46097318992457,0.0505,0.0506,0.0506,0,1
506,0.0505,0;3;0|4.2347898320224e-05;1.5304203359552011e-05;4.2347898320224e-05,"[0.0505,0.0506]",0;3;0|4.2141722008834056e-05;1.57165559823319e-05;4.2141722008834056e-05,0;3;0|4.2141722008834056e-05;1.57165559823319e-05;4.2141722008834056e-05,"[0.0506,0.0507]",-1.39997663435707,4.57348747372601,0.0506,0.0507,0.0507,0,1
507,0.0506,0;3;0|4.2141722008834056e-05;1.57165559823319e-05;4.2141722008834056e-05,"[0.0506,0.0507]",0;3;0|4.1903206884126748e-05;1.6193586231746509e-05;4.1903206884126748e-05,0;3;0|4.1903206884126748e-05;1.6193586231746509e-05;4.1903206884126748e-05,"[0.0507,0.0508]",-1.37449854717096,4.70050449717969,0.0507,0.0508,0.0508,0,1
508,0.0507,0;3;0|4.1903206884126748e-05;1.6193586231746509e-05;4.1903206884126748e-05,"[0.0507,0.0508]",0;3;0|4.1626188246018658e-05;1.6747623507962689e-05;4.1626188246018658e-05,0;3;0|4.1626188246018658e-05;1.6747623507962689e-05;4.1626188246018658e-05,"[0.0508,0.0509]",-1.35076303704748,4.84450995756984,0.0508,0.0509,0.0509,0,1
509,0.0508,0;3;0|4.1626188246018658e-05;1.6747623507962689e-05;4.1626188246018658e-05,"[0.0508,0.0509]",0;3;0|4.1302883490266824e-05;1.7394233019466352e-05;4.1302883490266824e-05,0;3;0|4.1302883490266824e-05;1.7394233019466352e-05;4.1302883490266824e-05,"[0.0509,0.051]",-1.32892759630791,5.00864575632778,0.0509,0.051,0.051,0,1
510,0.0509,0;3;0|4.1302883490266824e-05;1.7394233019466352e-05;4.1302883490266824e-05,"[0.0509,0.051]",0|0.0001,0|0.0001,"[0.051,0.0511]",-1.30919398849112,5.19687015044054,0.051,0.0511,0.0511,0,1
511,0.051,0|0.0001,"[0.051,0.0511]",0;3;0|3.5685870733952275e-05;2.8628258532095452e-05;3.5685870733952275e-05,0;3;0|3.5685870733952275e-05;2.8628258532095452e-05;3.5685870733952275e-05,"[0.0511,0.0512]",-1.29180793535927,5.41417666070265,0.0511,0.0512,0.0512,0,1
512,0.0511,0;3;0|3.5685870733952275e-05;2.8628258532095452e-05;3.5685870733952275e-05,"[0.0511,0.0512]",0|0.0001,0|0.0001,"[0.0512,0.0513]",0,0,0.0512,0.0513,0.0513,0,1
513,0.0512,0|0.0001,"[0.0512,0.0513]",0;3;0|3.6233984285879578e-05;2.7532031428240852e-05;3.6233984285879578e-05,0;3;0|3.6233984285879578e-05;2.7532031428240852e-05;3.6233984285879578e-05,"[0.0513,0.0514]",-1.90151565234496,8.9615256585991,0.0513,0.0514,0.0514,0,1
514,0.0513,0;3;0|3.6233984285879578e-05;2.7532031428240852e-05;3.6233984285879578e-05,"[0.0513,0.0514]",0|0.0001,0|0.0001,"[0.0514,0.0515]",0,0,0.0514,0.0515,0.0515,0,1
515,0.0514,0|0.0001,"[0.0514,0.0515]",0;3;0|3.6249155227145629e-05;2.7501689545708753e-05;3.6249155227145629e-05,0;3;0|3.6249155227145629e-05;2.7501689545708753e-05;3.6249155227145629e-05,"[0.0515,0.0516]",-1.61154516856133,8.66160656213432,0.0515,0.0516,0.0516,0,1
516,0.0515,0;3;0|3.6249155227145629e-05;2.7501689545708753e-05;3.6249155227145629e-05,"[0.0515,0.0516]",0;3;0|4.1803841893605644e-05;1.6392316212788719e-05;4.1803841893605644e-05,0;3;0|4.1803841893605644e-05;1.6392316212788719e-05;4.1803841893605644e-05,"[0.0516,0.0517]",0,0,0.0516,0.0517,0.0517,0,1
517,0.0516,0;3;0|4.1803841893605644e-05;1.6392316212788719e-05;4.1803841893605644e-05,"[0.0516,0.0517]",0;4;0|4.3142380553343078e-05;1.3715238893313848e-05;4.3142380553343078e-05,0;4;0|4.3142380553343078e-05;1.3715238893313848e-05;4.3142380553343078e-05,"[0.0517,0.0518]",-1.39183365268124,8.68978221228836,0.0517,0.0518,0.0518,0,1
518,0.0517,0;4;0|4.3142380553343078e-05;1.3715238893313848e-05;4.3142380553343078e-05,"[0.0517,0.0518]",0;3;0|4.0121791859708817e-05;1.9756416280582378e-05;4.0121791859708817e-05,0;3;0|4.0121791859708817e-05;1.9756416280582378e-05;4.0121791859708817e-05,"[0.0518,0.0519]",-0.764447511177427,5.18953970585334,0.0518,0.0519,0.0519,0,1
519,0.0518,0;3;0|4.0121791859708817e-05;1.9756416280582378e-05;4.0121791859708817e-05,"[0.0518,0.0519]",0|0.0001,0|0.0001,"[0.0519,0.052]",-4.0594592663416,1.66824066667306,0.0519,0.052,0.052,0,1
520,0.0519,0|0.0001,"[0.0519,0.052]",0;3;0|3.527778970134452e-05;2.9444420597310968e-05;3.527778970134452e-05,0;3;0|3.527778970134452e-05;2.9444420597310968e-05;3.527778970134452e-05,"[0.052,0.0521]",-0.763862016755784,6.27573673816292,0.052,0.0521,0.0521,0,1
521,0.052,0;3;0|3.527778970134452e-05;2.9444420597310968e-05;3.527778970134452e-05,"[0.052,0.0521]",0;5;0|4.7484198510416229e-05;5.0316029791675433e-06;4.7484198510416229e-05,0;5;0|4.7484198510416229e-05;5.0316029791675433e-06;4.7484198510416229e-05,"[0.0521,0.0522]",0,0,0.0521,0.0522,0.0522,0,1
522,0.0521,0;5;0|4.7484198510416229e-05;5.0316029791675433e-06;4.7484198510416229e-05,"[0.0521,0.0522]",0;3;4;3;0|3.2129013665752046e-05;1.1105764565574354e-05;1.3530443537347206e-05;1.1105764565574354e-05;3.2129013665752046e-05,0;3;4;3;0|3.2129013665752046e-05;1.1105764565574354e-05;1.3530443537347206e-05;1.1105764565574354e-05;3.2129013665752046e-05,"[0.0522,0.0523]",-0.903033002189712,9.37884103705988,0.0522,0.0523,0.0523,0,1
523,0.0522,0;3;4;3;0|3.2129013665752046e-05;1.1105764565574354e-05;1.3530443537347206e-05;1.1105764565574354e-05;3.2129013665752046e-05,"[0.0522,0.0523]",0|0.0001,0|0.0001,"[0.0523,0.0524]",-1.32246818768237,-0.918445216145631,0.0523,0.0524,0.0524,0,1
524,0.0523,0|0.0001,"[0.0523,0.0524]",0;3;0|3.6355319901471361e-05;2.7289360197057283e-05;3.6355319901471361e-05,0;3;0|3.6355319901471361e-05;2.7289360197057283e-05;3.6355319901471361e-05,"[0.0524,0.0525]",-4.39671894606755,8.9838231161058,0.0524,0.0525,0.0525,0,1
525,0.0524,0;3;0|3.6355319901471361e-05;2.7289360197057283e-05;3.6355319901471361e-05,"[0.0524,0.0525]",0;4;0|4.3016198215195149e-05;1.3967603569609706e-05;4.3016198215195149e-05,0;4;0|4.3016198215195149e-05;1.3967603569609706e-05;4.3016198215195149e-05,"[0.0525,0.0526]",0,0,0.0525,0.0526,0.0526,0,1
526,0.0525,0;4;0|4.3016198215195149e-05;1.3967603569609706e-05;4.3016198215195149e-05,"[0.0525,0.0526]",0;3;0|3.9710447497615858e-05;2.0579105004768292e-05;3.9710447497615858e-05,0;3;0|3.9710447497615858e-05;2.0579105004768292e-05;3.9710447497615858e-05,"[0.0526,0.0527]",-0.399138689724944,8.72346882465648,0.0526,0.0527,0.0527,0,1
527,0.0526,0;3;0|3.9710447497615858e-05;2.0579105004768292e-05;3.9710447497615858e-05,"[0.0526,0.0527]",0|0.0001,0|0.0001,"[0.0527,0.0528]",-3.94277309530946,2.10526975597616,0.0527,0.0528,0.0528,0,1
528,0.0527,0|0.0001,"[0.0527,0.0528]",0;4;0|3.7159796366466276e-05;2.5680407267067453e-05;3.7159796366466276e-05,0;4;0|3.7159796366466276e-05;2.5680407267067453e-05;3.7159796366466276e-05,"[0.0528,0.0529]",-0.135581725854007,6.58391774144057,0.0528,0.0529,0.0529,0,1
529,0.0528,0;4;0|3.7159796366466276e-05;2.5680407267067453e-05;3.7159796366466276e-05,"[0.0528,0.0529]",0;3;0|3.6057009505849081e-05;2.7885980988301847e-05;3.6057009505849081e-05,0;3;0|3.6057009505849081e-05;2.7885980988301847e-05;3.6057009505849081e-05,"[0.0529,0.053]",0,0,0.0529,0.053,0.053,0,1
530,0.0529,0;3;0|3.6057009505849081e-05;2.7885980988301847e-05;3.6057009505849081e-05,"[0.0529,0.053]",0|0.0001,0|0.0001,"[0.053,0.0531]",-7.09802415473293,4.1411525932811,0.053,0.0531,0.0531,0,1
531,0.053,0|0.0001,"[0.053,0.0531]",0;3;0|3.655991134990998e-05;2.6880177300180038e-05;3.655991134990998e-05,0;3;0|3.655991134990998e-05;2.6880177300180038e-05;3.655991134990998e-05,"[0.0531,0.0532]",0.152666356855835,8.92220788802353,0.0531,0.0532,0.0532,0,1
532,0.0531,0;3;0|3.655991134990998e-05;2.6880177300180038e-05;3.655991134990998e-05,"[0.0531,0.0532]",0;5;0|4.8765312881422293e-05;2.4693742371554217e-06;4.8765312881422293e-05,0;5;0|4.8765312881422293e-05;2.4693742371554217e-06;4.8765312881422293e-05,"[0.0532,0.0533]",0,0,0.0532,0.0533,0.0533,0,1
533,0.0532,0;5;0|4.8765312881422293e-05;2.4693742371554217e-06;4.8765312881422293e-05,"[0.0532,0.0533]",0;4;0|3.6953514814172605e-05;2.6092970371654791e-05;3.6953514814172605e-05,0;4;0|3.6953514814172605e-05;2.6092970371654791e-05;3.6953514814172605e-05,"[0.0533,0.0534]",0.36324226355417,8.59398357357828,0.0533,0.0534,0.0534,0,1
534,0.0533,0;4;0|3.6953514814172605e-05;2.6092970371654791e-05;3.6953514814172605e-05,"[0.0533,0.0534]",0;3;0|3.6323869455762186e-05;2.7352261088475633e-05;3.6323869455762186e-05,0;3;0|3.6323869455762186e-05;2.7352261088475633e-05;3.6323869455762186e-05,"[0.0534,0.0535]",-0.704949370575502,-0.357018261624528,0.0534,0.0535,0.0535,0,1
535,0.0534,0;3;0|3.6323869455762186e-05;2.7352261088475633e-05;3.6323869455762186e-05,"[0.0534,0.0535]",0|0.0001,0|0.0001,"[0.0535,0.0536]",-6.93362210168339,4.65222723858278,0.0535,0.0536,0.0536,0,1
536,0.0535,0|0.0001,"[0.0535,0.0536]",0;3;0|4.2024748883540022e-05;1.595050223291996e-05;4.2024748883540022e-05,0;3;0|4.2024748883540022e-05;1.595050223291996e-05;4.2024748883540022e-05,"[0.0536,0.0537]",0.698956555947906,8.72477101396228,0.0536,0.0537,0.0537,0,1
537,0.0536,0;3;0|4.2024748883540022e-05;1.595050223291996e-05;4.2024748883540022e-05,"[0.0536,0.0537]",0;4;0|3.8397657188376681e-05;2.3204685623246647e-05;3.8397657188376681e-05,0;4;0|3.8397657188376681e-05;2.3204685623246647e-05;3.8397657188376681e-05,"[0.0537,0.0538]",0,0,0.0537,0.0538,0.0538,0,1
538,0.0537,0;4;0|3.8397657188376681e-05;2.3204685623246647e-05;3.8397657188376681e-05,"[0.0537,0.0538]",0;3;0|3.7724832020364254e-05;2.4550335959271501e-05;3.7724832020364254e-05,0;3;0|3.7724832020364254e-05;2.4550335959271501e-05;3.7724832020364254e-05,"[0.0538,0.0539]",0.53532700023088,5.07601040213867,0.0538,0.0539,0.0539,0,1
539,0.0538,0;3;0|3.7724832020364254e-05;2.4550335959271501e-05;3.7724832020364254e-05,"[0.0538,0.0539]",0|0.0001,0|0.0001,"[0.0539,0.054]",-5.95046313743294,4.44184981523684,0.0539,0.054,0.054,0,1
540,0.0539,0|0.0001,"[0.0539,0.054]",0;4;0|3.7953215929075544e-05;2.409356814184892e-05;3.7953215929075544e-05,0;4;0|3.7953215929075544e-05;2.409356814184892e-05;3.7953215929075544e-05,"[0.054,0.0541]",1.02002828234625,7.78960637415236,0.054,0.0541,0.0541,0,1
541,0.054,0;4;0|3.7953215929075544e-05;2.409356814184892e-05;3.7953215929075544e-05,"[0.054,0.0541]",0;3;0|3.700579742769121e-05;2.5988405144617578e-05;3.700579742769121e-05,0;3;0|3.700579742769121e-05;2.5988405144617578e-05;3.700579742769121e-05,"[0.0541,0.0542]",0,0,0.0541,0.0542,0.0542,0,1
542,0.0541,0;3;0|3.700579742769121e-05;2.5988405144617578e-05;3.700579742769121e-05,"[0.0541,0.0542]",0|0.0001,0|0.0001,"[0.0542,0.0543]",-6.00018551247802,4.84158821652304,0.0542,0.0543,0.0543,0,1
543,0.0542,0|0.0001,"[0.0542,0.0543]",0;4;0|3.8179909784881832e-05;2.3640180430236348e-05;3.8179909784881832e-05,0;4;0|3.8179909784881832e-05;2.3640180430236348e-05;3.8179909784881832e-05,"[0.0543,0.0544]",1.38979982700998,8.19933716355337,0.0543,0.0544,0.0544,0,1
544,0.0543,0;4;0|3.8179909784881832e-05;2.3640180430236348e-05;3.8179909784881832e-05,"[0.0543,0.0544]",0;3;0|3.7190235950320834e-05;2.5619528099358341e-05;3.7190235950320834e-05,0;3;0|3.7190235950320834e-05;2.5619528099358341e-05;3.7190235950320834e-05,"[0.0544,0.0545]",0,0,0.0544,0.0545,0.0545,0,1
545,0.0544,0;3;0|3.7190235950320834e-05;2.5619528099358341e-05;3.7190235950320834e-05,"[0.0544,0.0545]",0|0.0001,0|0.0001,"[0.0545,0.0546]",-5.70404574244766,4.96899735956214,0.0545,0.0546,0.0546,0,1
546,0.0545,0|0.0001,"[0.0545,0.0546]",0;4;0|3.7703621987768441e-05;2.4592756024463127e-05;3.7703621987768441e-05,0;4;0|3.7703621987768441e-05;2.4592756024463127e-05;3.7703621987768441e-05,"[0.0546,0.0547]",1.67374776877829,8.02557505341343,0.0546,0.0547,0.0547,0,1
547,0.0546,0;4;0|3.7703621987768441e-05;2.4592756024463127e-05;3.7703621987768441e-05,"[0.0546,0.0547]",0;3;0|3.7732313829389624e-05;2.4535372341220764e-05;3.7732313829389624e-05,0;3;0|3.7732313829389624e-05;2.4535372341220764e-05;3.7732313829389624e-05,"[0.0547,0.0548]",0,0,0.0547,0.0548,0.0548,0,1
548,0.0547,0;3;0|3.7732313829389624e-05;2.4535372341220764e-05;3.7732313829389624e-05,"[0.0547,0.0548]",0;4;0|4.2886920839806386e-05;1.4226158320387234e-05;4.2886920839806386e-05,0;4;0|4.2886920839806386e-05;1.4226158320387234e-05;4.2886920839806386e-05,"[0.0548,0.0549]",-5.73484383403934,5.38919844173202,0.0548,0.0549,0.0549,0,1
549,0.0548,0;4;0|4.2886920839806386e-05;1.4226158320387234e-05;4.2886920839806386e-05,"[0.0548,0.0549]",0;3;0|4.4415381557008476e-05;1.1169236885983047e-05;4.4415381557008476e-05,0;3;0|4.4415381557008476e-05;1.1169236885983047e-05;4.4415381557008476e-05,"[0.0549,0.055]",1.89146488790169,7.62007696550912,0.0549,0.055,0.055,0,1
550,0.0549,0;3;0|4.4415381557008476e-05;1.1169236885983047e-05;4.4415381557008476e-05,"[0.0549,0.055]",0;4;0|4.0245964766067503e-05;1.9508070467865e-05;4.0245964766067503e-05,0;4;0|4.0245964766067503e-05;1.9508070467865e-05;4.0245964766067503e-05,"[0.055,0.0551]",-3.23804160188803,3.19986956506836,0.055,0.0551,0.0551,0,1
551,0.055,0;4;0|4.0245964766067503e-05;1.9508070467865e-05;4.0245964766067503e-05,"[0.055,0.0551]",0;3;0|4.3109788600825466e-05;1.3780422798349069e-05;4.3109788600825466e-05,0;3;0|4.3109788600825466e-05;1.3780422798349069e-05;4.3109788600825466e-05,"[0.0551,0.0552]",0.947953052577026,3.44615361205893,0.0551,0.0552,0.0552,0,1
552,0.0551,0;3;0|4.3109788600825466e-05;1.3780422798349069e-05;4.3109788600825466e-05,"[0.0551,0.0552]",0;4;0|4.0180287131664607e-05;1.9639425736670791e-05;4.0180287131664607e-05,0;4;0|4.0180287131664607e-05;1.9639425736670791e-05;4.0180287131664607e-05,"[0.0552,0.0553]",-4.32859597360022,4.49812113969385,0.0552,0.0553,0.0553,0,1
553,0.0552,0;4;0|4.0180287131664607e-05;1.9639425736670791e-05;4.0180287131664607e-05,"[0.0552,0.0553]",0;3;0|4.3616019622479162e-05;1.2767960755041675e-05;4.3616019622479162e-05,0;3;0|4.3616019622479162e-05;1.2767960755041675e-05;4.3616019622479162e-05,"[0.0553,0.0554]",1.27604804276039,4.22107412499429,0.0553,0.0554,0.0554,0,1
554,0.0553,0;3;0|4.3616019622479162e-05;1.2767960755041675e-05;4.3616019622479162e-05,"[0.0553,0.0554]",0;4;0|3.9830687493252014e-05;2.0338625013495983e-05;3.9830687493252014e-05,0;4;0|3.9830687493252014e-05;2.0338625013495983e-05;3.9830687493252014e-05,"[0.0554,0.0555]",-4.24256649444522,4.63648905645969,0.0554,0.0555,0.0555,0,1
555,0.0554,0;4;0|3.9830687493252014e-05;2.0338625013495983e-05;3.9830687493252014e-05,"[0.0554,0.0555]",0;3;0|4.3930432793371949e-05;1.2139134413256099e-05;4.3930432793371949e-05,0;3;0|4.3930432793371949e-05;1.2139134413256099e-05;4.3930432793371949e-05,"[0.0555,0.0556]",1.28020456142637,3.88000108731338,0.0555,0.0556,0.0556,0,1
556,0.0555,0;3;0|4.3930432793371949e-05;1.2139134413256099e-05;4.3930432793371949e-05,"[0.0555,0.0556]",0;4;0|3.9523008612546387e-05;2.0953982774907228e-05;3.9523008612546387e-05,0;4;0|3.9523008612546387e-05;2.0953982774907228e-05;3.9523008612546387e-05,"[0.0556,0.0557]",-4.27155845600969,4.9104519448527,0.0556,0.0557,0.0557,0,1
557,0.0556,0;4;0|3.9523008612546387e-05;2.0953982774907228e-05;3.9523008612546387e-05,"[0.0556,0.0557]",0;3;0|4.4328271692356038e-05;1.1343456615287933e-05;4.4328271692356038e-05,0;3;0|4.4328271692356038e-05;1.1343456615287933e-05;4.4328271692356038e-05,"[0.0557,0.0558]",1.30947232159632,3.65715753989494,0.0557,0.0558,0.0558,0,1
558,0.0557,0;3;0|4.4328271692356038e-05;1.1343456615287933e-05;4.4328271692356038e-05,"[0.0557,0.0558]",0;4;0|3.9175679512351223e-05;2.1648640975297562e-05;3.9175679512351223e-05,0;4;0|3.9175679512351223e-05;2.1648640975297562e-05;3.9175679512351223e-05,"[0.0558,0.0559]",-4.27227362374609,5.1680154840005,0.0558,0.0559,0.0559,0,1
559,0.0558,0;4;0|3.9175679512351223e-05;2.1648640975297562e-05;3.9175679512351223e-05,"[0.0558,0.0559]",0;3;0|4.4682759676938845e-05;1.0634480646122314e-05;4.4682759676938845e-05,0;3;0|4.4682759676938845e-05;1.0634480646122314e-05;4.4682759676938845e-05,"[0.0559,0.056]",1.30913523777097,3.38561417569653,0.0559,0.056,0.056,0,1
560,0.0559,0;3;0|4.4682759676938845e-05;1.0634480646122314e-05;4.4682759676938845e-05,"[0.0559,0.056]",0;4;0|3.8855879658786913e-05;2.2288240682426186e-05;3.8855879658786913e-05,0;4;0|3.8855879658786913e-05;2.2288240682426186e-05;3.8855879658786913e-05,"[0.056,0.0561]",-4.27833418884285,5.44857916808568,0.056,0.0561,0.0561,0,1
561,0.056,0;4;0|3.8855879658786913e-05;2.2288240682426186e-05;3.8855879658786913e-05,"[0.056,0.0561]",0;3;0|4.5059530813692565e-05;9.8809383726148786e-06;4.5059530813692565e-05,0;3;0|4.5059530813692565e-05;9.8809383726148786e-06;4.5059530813692565e-05,"[0.0561,0.0562]",1.30668872310073,3.14216544294965,0.0561,0.0562,0.0562,0,1
562,0.0561,0;3;0|4.5059530813692565e-05;9.8809383726148786e-06;4.5059530813692565e-05,"[0.0561,0.0562]",0;4;0|3.8530603108070469e-05;2.2938793783859071e-05;3.8530603108070469e-05,0;4;0|3.8530603108070469e-05;2.2938793783859071e-05;3.8530603108070469e-05,"[0.0562,0.0563]",-4.26237599944516,5.71847494754085,0.0562,0.0563,0.0563,0,1
563,0.0562,0;4;0|3.8530603108070469e-05;2.2938793783859071e-05;3.8530603108070469e-05,"[0.0562,0.0563]",0;3;0|4.5441704169479102e-05;9.1165916610418072e-06;4.5441704169479102e-05,0;3;0|4.5441704169479102e-05;9.1165916610418072e-06;4.5441704169479102e-05,"[0.0563,0.0564]",1.28708315823414,2.88808419538412,0.0563,0.0564,0.0564,0,1
564,0.0563,0;3;0|4.5441704169479102e-05;9.1165916610418072e-06;4.5441704169479102e-05,"[0.0563,0.0564]",0;4;0|3.820624662241366e-05;2.3587506755172689e-05;3.820624662241366e-05,0;4;0|3.820624662241366e-05;2.3587506755172689e-05;3.820624662241366e-05,"[0.0564,0.0565]",-4.23750125571607,5.99376851056713,0.0564,0.0565,0.0565,0,1
565,0.0564,0;4;0|3.820624662241366e-05;2.3587506755172689e-05;3.820624662241366e-05,"[0.0564,0.0565]",0;3;0|4.583178034084831e-05;8.3364393183033776e-06;4.583178034084831e-05,0;3;0|4.583178034084831e-05;8.3364393183033776e-06;4.583178034084831e-05,"[0.0565,0.0566]",1.25410845710306,2.63399045436279,0.0565,0.0566,0.0566,0,1
566,0.0565,0;3;0|4.583178034084831e-05;8.3364393183033776e-06;4.583178034084831e-05,"[0.0565,0.0566]",0;4;0|3.7882865011299081e-05;2.4234269977401849e-05;3.7882865011299081e-05,0;4;0|3.7882865011299081e-05;2.4234269977401849e-05;3.7882865011299081e-05,"[0.0566,0.0567]",-4.20107876812039,6.27082720351953,0.0566,0.0567,0.0567,0,1
567,0.0566,0;4;0|3.7882865011299081e-05;2.4234269977401849e-05;3.7882865011299081e-05,"[0.0566,0.0567]",0;3;0|4.6230232301438579e-05;7.5395353971228519e-06;4.6230232301438579e-05,0;3;0|4.6230232301438579e-05;7.5395353971228519e-06;4.6230232301438579e-05,"[0.0567,0.0568]",1.20695397045215,2.37900716543768,0.0567,0.0568,0.0568,0,1
568,0.0567,0;3;0|4.6230232301438579e-05;7.5395353971228519e-06;4.6230232301438579e-05,"[0.0567,0.0568]",0;4;0|3.7560756345047288e-05;2.4878487309905425e-05;3.7560756345047288e-05,0;4;0|3.7560756345047288e-05;2.4878487309905425e-05;3.7560756345047288e-05,"[0.0568,0.0569]",-4.15300065058075,6.54920524561921,0.0568,0.0569,0.0569,0,1
569,0.0568,0;4;0|3.7560756345047288e-05;2.4878487309905425e-05;3.7560756345047288e-05,"[0.0568,0.0569]",0|0.0001,0|0.0001,"[0.0569,0.057]",1.14530276903882,2.12348016079491,0.0569,0.057,0.057,0,1
570,0.0569,0|0.0001,"[0.0569,0.057]",0;4;0|3.7259575526694577e-05;2.5480848946610852e-05;3.7259575526694577e-05,0;4;0|3.7259575526694577e-05;2.5480848946610852e-05;3.7259575526694577e-05,"[0.057,0.0571]",-4.09309582637614,6.82831850113955,0.057,0.0571,0.0571,0,1
571,0.057,0;4;0|3.7259575526694577e-05;2.5480848946610852e-05;3.7259575526694577e-05,"[0.057,0.0571]",0;3;0|4.3742613641135947e-05;1.2514772717728115e-05;4.3742613641135947e-05,0;3;0|4.3742613641135947e-05;1.2514772717728115e-05;4.3742613641135947e-05,"[0.0571,0.0572]",0,0,0.0571,0.0572,0.0572,0,1
572,0.0571,0;3;0|4.3742613641135947e-05;1.2514772717728115e-05;4.3742613641135947e-05,"[0.0571,0.0572]",0;4;0|3.7399100706874255e-05;2.5201798586251497e-05;3.7399100706874255e-05,0;4;0|3.7399100706874255e-05;2.5201798586251497e-05;3.7399100706874255e-05,"[0.0572,0.0573]",-4.01512351968441,7.0967884438648,0.0572,0.0573,0.0573,0,1
573,0.0572,0;4;0|3.7399100706874255e-05;2.5201798586251497e-05;3.7399100706874255e-05,"[0.0572,0.0573]",0|0.0001,0|0.0001,"[0.0573,0.0574]",2.07576937677668,3.42476597724555,0.0573,0.0574,0.0574,0,1
574,0.0573,0|0.0001,"[0.0573,0.0574]",0;4;0|3.6470975980838717e-05;2.7058048038322564e-05;3.6470975980838717e-05,0;4;0|3.6470975980838717e-05;2.7058048038322564e-05;3.6470975980838717e-05,"[0.0574,0.0575]",-3.79350838943366,7.11664758592499,0.0574,0.0575,0.0575,0,1
575,0.0574,0;4;0|3.6470975980838717e-05;2.7058048038322564e-05;3.6470975980838717e-05,"[0.0574,0.0575]",0;3;0|4.5404665228535439e-05;9.1906695429291272e-06;4.5404665228535439e-05,0;3;0|4.5404665228535439e-05;9.1906695429291272e-06;4.5404665228535439e-05,"[0.0575,0.0576]",0,0,0.0575,0.0576,0.0576,0,1
576,0.0575,0;3;0|4.5404665228535439e-05;9.1906695429291272e-06;4.5404665228535439e-05,"[0.0575,0.0576]",0;4;0|3.7627360018037067e-05;2.4745279963925877e-05;3.7627360018037067e-05,0;4;0|3.7627360018037067e-05;2.4745279963925877e-05;3.7627360018037067e-05,"[0.0576,0.0577]",-3.87961990921921,7.74076719951925,0.0576,0.0577,0.0577,0,1
577,0.0576,0;4;0|3.7627360018037067e-05;2.4745279963925877e-05;3.7627360018037067e-05,"[0.0576,0.0577]",0|0.0001,0|0.0001,"[0.0577,0.0578]",1.64885928248945,2.43532911682065,0.0577,0.0578,0.0578,0,1
578,0.0577,0|0.0001,"[0.0577,0.0578]",0;4;0|3.5167590214140024e-05;2.9664819571719954e-05;3.5167590214140024e-05,0;4;0|3.5167590214140024e-05;2.9664819571719954e-05;3.5167590214140024e-05,"[0.0578,0.0579]",-3.36899233792554,7.16605665547584,0.0578,0.0579,0.0579,0,1
579,0.0578,0;4;0|3.5167590214140024e-05;2.9664819571719954e-05;3.5167590214140024e-05,"[0.0578,0.0579]",0|0.0001,0|0.0001,"[0.0579,0.058]",0,0,0.0579,0.058,0.058,0,1
580,0.0579,0|0.0001,"[0.0579,0.058]",0;4;0|3.5879910240215761e-05;2.8240179519568479e-05;3.5879910240215761e-05,0;4;0|3.5879910240215761e-05;2.8240179519568479e-05;3.5879910240215761e-05,"[0.058,0.0581]",-3.82161113475738,8.68950194231538,0.058,0.0581,0.0581,0,1
581,0.058,0;4;0|3.5879910240215761e-05;2.8240179519568479e-05;3.5879910240215761e-05,"[0.058,0.0581]",0|0.0001,0|0.0001,"[0.0581,0.0582]",0,0,0.0581,0.0582,0.0582,0,1
582,0.0581,0|0.0001,"[0.0581,0.0582]",0;4;0|3.5973269951211215e-05;2.8053460097577571e-05;3.5973269951211215e-05,0;4;0|3.5973269951211215e-05;2.8053460097577571e-05;3.5973269951211215e-05,"[0.0582,0.0583]",-3.42904999389582,8.3610052412029,0.0582,0.0583,0.0583,0,1
583,0.0582,0;4;0|3.5973269951211215e-05;2.8053460097577571e-05;3.5973269951211215e-05,"[0.0582,0.0583]",0;4;0|4.2895618442908397e-05;1.4208763114183215e-05;4.2895618442908397e-05,0;4;0|4.2895618442908397e-05;1.4208763114183215e-05;4.2895618442908397e-05,"[0.0583,0.0584]",0,0,0.0583,0.0584,0.0584,0,1
584,0.0583,0;4;0|4.2895618442908397e-05;1.4208763114183215e-05;4.2895618442908397e-05,"[0.0583,0.0584]",0;4;0|4.2790705826426259e-05;1.4418588347147485e-05;4.2790705826426259e-05,0;4;0|4.2790705826426259e-05;1.4418588347147485e-05;4.2790705826426259e-05,"[0.0584,0.0585]",-3.19657828073088,8.38870320943998,0.0584,0.0585,0.0585,0,1
585,0.0584,0;4;0|4.2790705826426259e-05;1.4418588347147485e-05;4.2790705826426259e-05,"[0.0584,0.0585]",0;4;0|4.2566332191385482e-05;1.4867335617229041e-05;4.2566332191385482e-05,0;4;0|4.2566332191385482e-05;1.4867335617229041e-05;4.2566332191385482e-05,"[0.0585,0.0586]",-1.56551284867925,4.26879349726377,0.0585,0.0586,0.0586,0,1
586,0.0585,0;4;0|4.2566332191385482e-05;1.4867335617229041e-05;4.2566332191385482e-05,"[0.0585,0.0586]",0|0.0001,0|0.0001,"[0.0586,0.0587]",-1.53407185819857,4.35145288175705,0.0586,0.0587,0.0587,0,1
587,0.0586,0|0.0001,"[0.0586,0.0587]",0;4;0|3.5195854141933347e-05;2.9608291716133307e-05;3.5195854141933347e-05,0;4;0|3.5195854141933347e-05;2.9608291716133307e-05;3.5195854141933347e-05,"[0.0587,0.0588]",-1.5253092785513,4.50640531292413,0.0587,0.0588,0.0588,0,1
588,0.0587,0;4;0|3.5195854141933347e-05;2.9608291716133307e-05;3.5195854141933347e-05,"[0.0587,0.0588]",0|0.0001,0|0.0001,"[0.0588,0.0589]",0,0,0.0588,0.0589,0.0589,0,1
589,0.0588,0|0.0001,"[0.0588,0.0589]",0;4;0|3.5972223921377595e-05;2.8055552157244814e-05;3.5972223921377595e-05,0;4;0|3.5972223921377595e-05;2.8055552157244814e-05;3.5972223921377595e-05,"[0.0589,0.059]",-2.81116322751425,9.04800626630369,0.0589,0.059,0.059,0,1
590,0.0589,0;4;0|3.5972223921377595e-05;2.8055552157244814e-05;3.5972223921377595e-05,"[0.0589,0.059]",0|0.0001,0|0.0001,"[0.059,0.0591]",0,0,0.059,0.0591,0.0591,0,1
591,0.059,0|0.0001,"[0.059,0.0591]",0;4;0|3.6050070648198265e-05;2.7899858703603478e-05;3.6050070648198265e-05,0;4;0|3.6050070648198265e-05;2.7899858703603478e-05;3.6050070648198265e-05,"[0.0591,0.0592]",-2.44744394739127,8.63773653369916,0.0591,0.0592,0.0592,0,1
592,0.0591,0;4;0|3.6050070648198265e-05;2.7899858703603478e-05;3.6050070648198265e-05,"[0.0591,0.0592]",0|0.0001,0|0.0001,"[0.0592,0.0593]",0,0,0.0592,0.0593,0.0593,0,1
593,0.0592,0|0.0001,"[0.0592,0.0593]",0;4;0|3.6092831822845182e-05;2.7814336354309644e-05;3.6092831822845182e-05,0;4;0|3.6092831822845182e-05;2.7814336354309644e-05;3.6092831822845182e-05,"[0.0593,0.0594]",-2.21723075435798,8.6482521024579,0.0593,0.0594,0.0594,0,1
594,0.0593,0;4;0|3.6092831822845182e-05;2.7814336354309644e-05;3.6092831822845182e-05,"[0.0593,0.0594]",0|0.0001,0|0.0001,"[0.0594,0.0595]",0,0,0.0594,0.0595,0.0595,0,1
595,0.0594,0|0.0001,"[0.0594,0.0595]",0;4;0|3.6127920597891824e-05;2.7744158804216363e-05;3.6127920597891824e-05,0;4;0|3.6127920597891824e-05;2.7744158804216363e-05;3.6127920597891824e-05,"[0.0595,0.0596]",-1.99307091790338,8.67456791636728,0.0595,0.0596,0.0596,0,1
596,0.0595,0;4;0|3.6127920597891824e-05;2.7744158804216363e-05;3.6127920597891824e-05,"[0.0595,0.0596]",0;4;0|4.1953073995637948e-05;1.6093852008724111e-05;4.1953073995637948e-05,0;4;0|4.1953073995637948e-05;1.6093852008724111e-05;4.1953073995637948e-05,"[0.0596,0.0597]",0,0,0.0596,0.0597,0.0597,0,1
597,0.0596,0;4;0|4.1953073995637948e-05;1.6093852008724111e-05;4.1953073995637948e-05,"[0.0596,0.0597]",0;5;0|4.357733977388634e-05;1.2845320452227328e-05;4.357733977388634e-05,0;5;0|4.357733977388634e-05;1.2845320452227328e-05;4.357733977388634e-05,"[0.0597,0.0598]",-1.76997170456332,8.69990844635801,0.0597,0.0598,0.0598,0,1
598,0.0597,0;5;0|4.357733977388634e-05;1.2845320452227328e-05;4.357733977388634e-05,"[0.0597,0.0598]",0;4;0|3.944861126847165e-05;2.1102777463056704e-05;3.944861126847165e-05,0;4;0|3.944861126847165e-05;2.1102777463056704e-05;3.944861126847165e-05,"[0.0598,0.0599]",-0.963229023760206,5.05915270273651,0.0598,0.0599,0.0599,0,1
599,0.0598,0;4;0|3.944861126847165e-05;2.1102777463056704e-05;3.944861126847165e-05,"[0.0598,0.0599]",0|0.0001,0|0.0001,"[0.0599,0.06]",-3.86407210705386,1.40184803797642,0.0599,0.06,0.06,0,1
600,0.0599,0|0.0001,"[0.0599,0.06]",0;4;0|3.6243443054554048e-05;2.7513113890891901e-05;3.6243443054554048e-05,0;4;0|3.6243443054554048e-05;2.7513113890891901e-05;3.6243443054554048e-05,"[0.06,0.0601]",-1.09591194748396,6.66336881681211,0.06,0.0601,0.0601,0,1
601,0.06,0;4;0|3.6243443054554048e-05;2.7513113890891901e-05;3.6243443054554048e-05,"[0.06,0.0601]",0;5;0|4.3818866544997277e-05;1.2362266910005446e-05;4.3818866544997277e-05,0;5;0|4.3818866544997277e-05;1.2362266910005446e-05;4.3818866544997277e-05,"[0.0601,0.0602]",0,0,0.0601,0.0602,0.0602,0,1
602,0.0601,0;5;0|4.3818866544997277e-05;1.2362266910005446e-05;4.3818866544997277e-05,"[0.0601,0.0602]",0;4;0|3.8751445820089933e-05;2.2497108359820142e-05;3.8751445820089933e-05,0;4;0|3.8751445820089933e-05;2.2497108359820142e-05;3.8751445820089933e-05,"[0.0602,0.0603]",-1.21004578337875,8.7206458617342,0.0602,0.0603,0.0603,0,1
603,0.0602,0;4;0|3.8751445820089933e-05;2.2497108359820142e-05;3.8751445820089933e-05,"[0.0602,0.0603]",0|0.0001,0|0.0001,"[0.0603,0.0604]",-3.64627896768538,1.53427362253508,0.0603,0.0604,0.0604,0,1
604,0.0603,0|0.0001,"[0.0603,0.0604]",0;4;0|3.5923646001987101e-05;2.8152707996025807e-05;3.5923646001987101e-05,0;4;0|3.5923646001987101e-05;2.8152707996025807e-05;3.5923646001987101e-05,"[0.0604,0.0605]",-0.809929323937854,7.15336918301459,0.0604,0.0605,0.0605,0,1
605,0.0604,0;4;0|3.5923646001987101e-05;2.8152707996025807e-05;3.5923646001987101e-05,"[0.0604,0.0605]",0;5;0|4.2595891043613501e-05;1.4808217912773004e-05;4.2595891043613501e-05,0;5;0|4.2595891043613501e-05;1.4808217912773004e-05;4.2595891043613501e-05,"[0.0605,0.0606]",0,0,0.0605,0.0606,0.0606,0,1
606,0.0605,0;5;0|4.2595891043613501e-05;1.4808217912773004e-05;4.2595891043613501e-05,"[0.0605,0.0606]",0;5;0|4.3175959046206598e-05;1.3648081907586813e-05;4.3175959046206598e-05,0;5;0|4.3175959046206598e-05;1.3648081907586813e-05;4.3175959046206598e-05,"[0.0606,0.0607]",-0.788262878475715,8.9743143641946,0.0606,0.0607,0.0607,0,1
607,0.0606,0;5;0|4.3175959046206598e-05;1.3648081907586813e-05;4.3175959046206598e-05,"[0.0606,0.0607]",0;4;0|3.6238942606148511e-05;2.7522114787702979e-05;3.6238942606148511e-05,0;4;0|3.6238942606148511e-05;2.7522114787702979e-05;3.6238942606148511e-05,"[0.0607,0.0608]",-4.26986023142312,2.05497088590901,0.0607,0.0608,0.0608,0,1
608,0.0607,0;4;0|3.6238942606148511e-05;2.7522114787702979e-05;3.6238942606148511e-05,"[0.0607,0.0608]",0|0.0001,0|0.0001,"[0.0608,0.0609]",-3.91123152117175,1.94327823505211,0.0608,0.0609,0.0609,0,1
609,0.0608,0|0.0001,"[0.0608,0.0609]",0;4;0|3.6565317448742172e-05;2.6869365102515664e-05;3.6565317448742172e-05,0;4;0|3.6565317448742172e-05;2.6869365102515664e-05;3.6565317448742172e-05,"[0.0609,0.061]",-0.439391799499287,8.79610910636133,0.0609,0.061,0.061,0,1
610,0.0609,0;4;0|3.6565317448742172e-05;2.6869365102515664e-05;3.6565317448742172e-05,"[0.0609,0.061]",0|0.0001,0|0.0001,"[0.061,0.0611]",0,0,0.061,0.0611,0.0611,0,1
611,0.061,0|0.0001,"[0.061,0.0611]",0;5;0|3.7209444610232991e-05;2.5581110779534019e-05;3.7209444610232991e-05,0;5;0|3.7209444610232991e-05;2.5581110779534019e-05;3.7209444610232991e-05,"[0.0611,0.0612]",-0.213030721454361,8.59555738084359,0.0611,0.0612,0.0612,0,1
612,0.0611,0;5;0|3.7209444610232991e-05;2.5581110779534019e-05;3.7209444610232991e-05,"[0.0611,0.0612]",0;4;0|3.608949145953866e-05;2.7821017080922685e-05;3.608949145953866e-05,0;4;0|3.608949145953866e-05;2.7821017080922685e-05;3.608949145953866e-05,"[0.0612,0.0613]",0,0,0.0612,0.0613,0.0613,0,1
613,0.0612,0;4;0|3.608949145953866e-05;2.7821017080922685e-05;3.608949145953866e-05,"[0.0612,0.0613]",0|0.0001,0|0.0001,"[0.0613,0.0614]",-7.08779602867705,4.0954870377361,0.0613,0.0614,0.0614,0,1
614,0.0613,0|0.0001,"[0.0613,0.0614]",0;4;0|3.6495924200085028e-05;2.7008151599829955e-05;3.6495924200085028e-05,0;4;0|3.6495924200085028e-05;2.7008151599829955e-05;3.6495924200085028e-05,"[0.0614,0.0615]",0.115023282864198,8.90198238402543,0.0614,0.0615,0.0615,0,1
615,0.0614,0;4;0|3.6495924200085028e-05;2.7008151599829955e-05;3.6495924200085028e-05,"[0.0614,0.0615]",0;5;0|4.335658952235292e-05;1.3286820955294166e-05;4.335658952235292e-05,0;5;0|4.335658952235292e-05;1.3286820955294166e-05;4.335658952235292e-05,"[0.0615,0.0616]",0,0,0.0615,0.0616,0.0616,0,1
616,0.0615,0;5;0|4.335658952235292e-05;1.3286820955294166e-05;4.335658952235292e-05,"[0.0615,0.0616]",0;5;0|4.3432951951959508e-05;1.3134096096080983e-05;4.3432951951959508e-05,0;5;0|4.3432951951959508e-05;1.3134096096080983e-05;4.3432951951959508e-05,"[0.0616,0.0617]",0.328798754211153,8.63635184959387,0.0616,0.0617,0.0617,0,1
617,0.0616,0;5;0|4.3432951951959508e-05;1.3134096096080983e-05;4.3432951951959508e-05,"[0.0616,0.0617]",0;4;0|3.6866632456476678e-05;2.6266735087046652e-05;3.6866632456476678e-05,0;4;0|3.6866632456476678e-05;2.6266735087046652e-05;3.6866632456476678e-05,"[0.0617,0.0618]",-3.56986983172694,2.30947733501882,0.0617,0.0618,0.0618,0,1
618,0.0617,0;4;0|3.6866632456476678e-05;2.6266735087046652e-05;3.6866632456476678e-05,"[0.0617,0.0618]",0|0.0001,0|0.0001,"[0.0618,0.0619]",-3.49987007266611,2.32709437994932,0.0618,0.0619,0.0619,0,1
619,0.0618,0|0.0001,"[0.0618,0.0619]",0;5;0|3.8808881210433289e-05;2.238223757913343e-05;3.8808881210433289e-05,0;5;0|3.8808881210433289e-05;2.238223757913343e-05;3.8808881210433289e-05,"[0.0619,0.062]",0.636115533377473,8.38125011765095,0.0619,0.062,0.062,0,1
620,0.0619,0;5;0|3.8808881210433289e-05;2.238223757913343e-05;3.8808881210433289e-05,"[0.0619,0.062]",0;4;0|3.616408724446869e-05;2.7671825511062631e-05;3.616408724446869e-05,0;4;0|3.616408724446869e-05;2.7671825511062631e-05;3.616408724446869e-05,"[0.062,0.0621]",0,0,0.062,0.0621,0.0621,0,1
621,0.062,0;4;0|3.616408724446869e-05;2.7671825511062631e-05;3.616408724446869e-05,"[0.062,0.0621]",0|0.0001,0|0.0001,"[0.0621,0.0622]",-5.81053685006863,4.18765236864151,0.0621,0.0622,0.0622,0,1
622,0.0621,0|0.0001,"[0.0621,0.0622]",0;5;0|3.9328748904240122e-05;2.1342502191519757e-05;3.9328748904240122e-05,0;5;0|3.9328748904240122e-05;2.1342502191519757e-05;3.9328748904240122e-05,"[0.0622,0.0623]",1.00245604715015,8.79805810449539,0.0622,0.0623,0.0623,0,1
623,0.0622,0;5;0|3.9328748904240122e-05;2.1342502191519757e-05;3.9328748904240122e-05,"[0.0622,0.0623]",0;4;0|3.6184140192394529e-05;2.763171961521095e-05;3.6184140192394529e-05,0;4;0|3.6184140192394529e-05;2.763171961521095e-05;3.6184140192394529e-05,"[0.0623,0.0624]",0,0,0.0623,0.0624,0.0624,0,1
624,0.0623,0;4;0|3.6184140192394529e-05;2.763171961521095e-05;3.6184140192394529e-05,"[0.0623,0.0624]",0|0.0001,0|0.0001,"[0.0624,0.0625]",-5.38617831322985,4.19911049117585,0.0624,0.0625,0.0625,0,1
625,0.0624,0|0.0001,"[0.0624,0.0625]",0;5;0|3.896417898280342e-05;2.2071642034393162e-05;3.896417898280342e-05,0;5;0|3.896417898280342e-05;2.2071642034393162e-05;3.896417898280342e-05,"[0.0625,0.0626]",1.3314117221391,8.74133653080916,0.0625,0.0626,0.0626,0,1
626,0.0625,0;5;0|3.896417898280342e-05;2.2071642034393162e-05;3.896417898280342e-05,"[0.0625,0.0626]",0;4;0|3.6616242650009538e-05;2.6767514699980932e-05;3.6616242650009538e-05,0;4;0|3.6616242650009538e-05;2.6767514699980932e-05;3.6616242650009538e-05,"[0.0626,0.0627]",0,0,0.0626,0.0627,0.0627,0,1
627,0.0626,0;4;0|3.6616242650009538e-05;2.6767514699980932e-05;3.6616242650009538e-05,"[0.0626,0.0627]",0|0.0001,0|0.0001,"[0.0627,0.0628]",-5.40256039807605,4.54942381754063,0.0627,0.0628,0.0628,0,1
628,0.0627,0|0.0001,"[0.0627,0.0628]",0;5;0|3.8259471910953492e-05;2.3481056178093018e-05;3.8259471910953492e-05,0;5;0|3.8259471910953492e-05;2.3481056178093018e-05;3.8259471910953492e-05,"[0.0628,0.0629]",1.60801265635895,8.41331559149375,0.0628,0.0629,0.0629,0,1
629,0.0628,0;5;0|3.8259471910953492e-05;2.3481056178093018e-05;3.8259471910953492e-05,"[0.0628,0.0629]",0;4;0|3.7260850486389057e-05;2.5478299027221891e-05;3.7260850486389057e-05,0;4;0|3.7260850486389057e-05;2.5478299027221891e-05;3.7260850486389057e-05,"[0.0629,0.063]",0,0,0.0629,0.063,0.063,0,1
630,0.0629,0;4;0|3.7260850486389057e-05;2.5478299027221891e-05;3.7260850486389057e-05,"[0.0629,0.063]",0|0.0001,0|0.0001,"[0.063,0.0631]",-5.56104633681045,5.05312057662354,0.063,0.0631,0.0631,0,1
631,0.063,0|0.0001,"[0.063,0.0631]",0;5;0|3.7415616038501224e-05;2.5168767922997554e-05;3.7415616038501224e-05,0;5;0|3.7415616038501224e-05;2.5168767922997554e-05;3.7415616038501224e-05,"[0.0631,0.0632]",1.83130452421714,7.94472408600857,0.0631,0.0632,0.0632,0,1
632,0.0631,0;5;0|3.7415616038501224e-05;2.5168767922997554e-05;3.7415616038501224e-05,"[0.0631,0.0632]",0;5;0|4.352637289976413e-05;1.2947254200471748e-05;4.352637289976413e-05,0;5;0|4.352637289976413e-05;1.2947254200471748e-05;4.352637289976413e-05,"[0.0632,0.0633]",0,0,0.0632,0.0633,0.0633,0,1
633,0.0632,0;5;0|4.352637289976413e-05;1.2947254200471748e-05;4.352637289976413e-05,"[0.0632,0.0633]",0;4;0|3.5723447743522065e-05;2.8553104512955869e-05;3.5723447743522065e-05,0;4;0|3.5723447743522065e-05;2.8553104512955869e-05;3.5723447743522065e-05,"[0.0633,0.0634]",-5.7523718948041,5.63712923118382,0.0633,0.0634,0.0634,0,1
634,0.0633,0;4;0|3.5723447743522065e-05;2.8553104512955869e-05;3.5723447743522065e-05,"[0.0633,0.0634]",0|0.0001,0|0.0001,"[0.0634,0.0635]",-2.9224475437569,2.93679328968664,0.0634,0.0635,0.0635,0,1
635,0.0634,0|0.0001,"[0.0634,0.0635]",0;5;0|3.7590112340821878e-05;2.4819775318356246e-05;3.7590112340821878e-05,0;5;0|3.7590112340821878e-05;2.4819775318356246e-05;3.7590112340821878e-05,"[0.0635,0.0636]",2.49707153445875,8.78915712398866,0.0635,0.0636,0.0636,0,1
636,0.0635,0;5;0|3.7590112340821878e-05;2.4819775318356246e-05;3.7590112340821878e-05,"[0.0635,0.0636]",0;5;0|4.3663523703388956e-05;1.2672952593222099e-05;4.3663523703388956e-05,0;5;0|4.3663523703388956e-05;1.2672952593222099e-05;4.3663523703388956e-05,"[0.0636,0.0637]",0,0,0.0636,0.0637,0.0637,0,1
637,0.0636,0;5;0|4.3663523703388956e-05;1.2672952593222099e-05;4.3663523703388956e-05,"[0.0636,0.0637]",0;4;0|3.6548303443583401e-05;2.6903393112833196e-05;3.6548303443583401e-05,0;4;0|3.6548303443583401e-05;2.6903393112833196e-05;3.6548303443583401e-05,"[0.0637,0.0638]",-5.38613782240863,5.83695939987907,0.0637,0.0638,0.0638,0,1
638,0.0637,0;4;0|3.6548303443583401e-05;2.6903393112833196e-05;3.6548303443583401e-05,"[0.0637,0.0638]",0|0.0001,0|0.0001,"[0.0638,0.0639]",-2.71248833208578,3.01466892662132,0.0638,0.0639,0.0639,0,1
639,0.0638,0|0.0001,"[0.0638,0.0639]",0;5;0|3.6273649595184429e-05;2.7452700809631143e-05;3.6273649595184429e-05,0;5;0|3.6273649595184429e-05;2.7452700809631143e-05;3.6273649595184429e-05,"[0.0639,0.064]",2.76591726480662,8.15267195028535,0.0639,0.064,0.064,0,1
640,0.0639,0;5;0|3.6273649595184429e-05;2.7452700809631143e-05;3.6273649595184429e-05,"[0.0639,0.064]",0;5;0|4.3747102338385175e-05;1.2505795323229654e-05;4.3747102338385175e-05,0;5;0|4.3747102338385175e-05;1.2505795323229654e-05;4.3747102338385175e-05,"[0.064,0.0641]",0,0,0.064,0.0641,0.0641,0,1
641,0.064,0;5;0|4.3747102338385175e-05;1.2505795323229654e-05;4.3747102338385175e-05,"[0.064,0.0641]",0;5;0|4.3811671766681484e-05;1.237665646663704e-05;4.3811671766681484e-05,0;5;0|4.3811671766681484e-05;1.237665646663704e-05;4.3811671766681484e-05,"[0.0641,0.0642]",-5.62559914664849,6.74733090130635,0.0641,0.0642,0.0642,0,1
642,0.0641,0;5;0|4.3811671766681484e-05;1.237665646663704e-05;4.3811671766681484e-05,"[0.0641,0.0642]",0;4;0|3.6635770225047395e-05;2.6728459549905215e-05;3.6635770225047395e-05,0;4;0|3.6635770225047395e-05;2.6728459549905215e-05;3.6635770225047395e-05,"[0.0642,0.0643]",-2.52385750675541,3.10563725380884,0.0642,0.0643,0.0643,0,1
643,0.0642,0;4;0|3.6635770225047395e-05;2.6728459549905215e-05;3.6635770225047395e-05,"[0.0642,0.0643]",0;5;0|4.1231068600475485e-05;1.7537862799049035e-05;4.1231068600475485e-05,0;5;0|4.1231068600475485e-05;1.7537862799049035e-05;4.1231068600475485e-05,"[0.0643,0.0644]",-2.45897555749857,3.10471216663365,0.0643,0.0644,0.0644,0,1
644,0.0643,0;5;0|4.1231068600475485e-05;1.7537862799049035e-05;4.1231068600475485e-05,"[0.0643,0.0644]",0;5;0|4.3763194833965267e-05;1.2473610332069476e-05;4.3763194833965267e-05,0;5;0|4.3763194833965267e-05;1.2473610332069476e-05;4.3763194833965267e-05,"[0.0644,0.0645]",3.25109198064523,7.91113400494913,0.0644,0.0645,0.0645,0,1
645,0.0644,0;5;0|4.3763194833965267e-05;1.2473610332069476e-05;4.3763194833965267e-05,"[0.0644,0.0645]",0;5;0|4.3735192831659915e-05;1.2529614336680177e-05;4.3735192831659915e-05,0;5;0|4.3735192831659915e-05;1.2529614336680177e-05;4.3735192831659915e-05,"[0.0645,0.0646]",-3.37273823299766,4.48558623629537,0.0645,0.0646,0.0646,0,1
646,0.0645,0;5;0|4.3735192831659915e-05;1.2529614336680177e-05;4.3735192831659915e-05,"[0.0645,0.0646]",0;5;0|4.3758487909201427e-05;1.2483024181597146e-05;4.3758487909201427e-05,0;5;0|4.3758487909201427e-05;1.2483024181597146e-05;4.3758487909201427e-05,"[0.0646,0.0647]",-2.35854351489089,3.22021524922113,0.0646,0.0647,0.0647,0,1
647,0.0646,0;5;0|4.3758487909201427e-05;1.2483024181597146e-05;4.3758487909201427e-05,"[0.0646,0.0647]",0;4;0|3.9050506226970797e-05;2.189898754605841e-05;3.9050506226970797e-05,0;4;0|3.9050506226970797e-05;2.189898754605841e-05;3.9050506226970797e-05,"[0.0647,0.0648]",-2.32829881013669,3.26418859110996,0.0647,0.0648,0.0648,0,1
648,0.0647,0;4;0|3.9050506226970797e-05;2.189898754605841e-05;3.9050506226970797e-05,"[0.0647,0.0648]",0;5;0|3.9180482857692599e-05;2.1639034284614804e-05;3.9180482857692599e-05,0;5;0|3.9180482857692599e-05;2.1639034284614804e-05;3.9180482857692599e-05,"[0.0648,0.0649]",-2.27859270496607,3.28094295885091,0.0648,0.0649,0.0649,0,1
649,0.0648,0;5;0|3.9180482857692599e-05;2.1639034284614804e-05;3.9180482857692599e-05,"[0.0648,0.0649]",0;5;0|4.3763979353337286e-05;1.2472041293325432e-05;4.3763979353337286e-05,0;5;0|4.3763979353337286e-05;1.2472041293325432e-05;4.3763979353337286e-05,"[0.0649,0.065]",3.06539663106714,6.30165586348431,0.0649,0.065,0.065,0,1
650,0.0649,0;5;0|4.3763979353337286e-05;1.2472041293325432e-05;4.3763979353337286e-05,"[0.0649,0.065]",0;5;0|4.3737995888931839e-05;1.2524008222136324e-05;4.3737995888931839e-05,0;5;0|4.3737995888931839e-05;1.2524008222136324e-05;4.3737995888931839e-05,"[0.065,0.0651]",-3.80571456039228,5.78490379292011,0.065,0.0651,0.0651,0,1
651,0.065,0;5;0|4.3737995888931839e-05;1.2524008222136324e-05;4.3737995888931839e-05,"[0.065,0.0651]",0;5;0|4.3708324615029378e-05;1.2583350769941243e-05;4.3708324615029378e-05,0;5;0|4.3708324615029378e-05;1.2583350769941243e-05;4.3708324615029378e-05,"[0.0651,0.0652]",-2.15141982126284,3.36153216682105,0.0651,0.0652,0.0652,0,1
652,0.0651,0;5;0|4.3708324615029378e-05;1.2583350769941243e-05;4.3708324615029378e-05,"[0.0651,0.0652]",0;5;0|4.3718542205914204e-05;1.2562915588171604e-05;4.3718542205914204e-05,0;5;0|4.3718542205914204e-05;1.2562915588171604e-05;4.3718542205914204e-05,"[0.0652,0.0653]",-2.11779635884986,3.40241952938371,0.0652,0.0653,0.0653,0,1
653,0.0652,0;5;0|4.3718542205914204e-05;1.2562915588171604e-05;4.3718542205914204e-05,"[0.0652,0.0653]",0;4;0|3.954756472824017e-05;2.0904870543519672e-05;3.954756472824017e-05,0;4;0|3.954756472824017e-05;2.0904870543519672e-05;3.954756472824017e-05,"[0.0653,0.0654]",-2.08470559006956,3.44500972168575,0.0653,0.0654,0.0654,0,1
654,0.0653,0;4;0|3.954756472824017e-05;2.0904870543519672e-05;3.954756472824017e-05,"[0.0653,0.0654]",0;5;0|3.7450986736992796e-05;2.5098026526014416e-05;3.7450986736992796e-05,0;5;0|3.7450986736992796e-05;2.5098026526014416e-05;3.7450986736992796e-05,"[0.0654,0.0655]",-2.03793589870048,3.46529746424771,0.0654,0.0655,0.0655,0,1
655,0.0654,0;5;0|3.7450986736992796e-05;2.5098026526014416e-05;3.7450986736992796e-05,"[0.0654,0.0655]",0|0.0001,0|0.0001,"[0.0655,0.0656]",3.3710625366335,5.77807331972318,0.0655,0.0656,0.0656,0,1
656,0.0655,0|0.0001,"[0.0655,0.0656]",0;5;0|3.6918422957543095e-05;2.6163154084913811e-05;3.6918422957543095e-05,0;5;0|3.6918422957543095e-05;2.6163154084913811e-05;3.6918422957543095e-05,"[0.0656,0.0657]",-3.89610181577079,7.02305278610386,0.0656,0.0657,0.0657,0,1
657,0.0656,0;5;0|3.6918422957543095e-05;2.6163154084913811e-05;3.6918422957543095e-05,"[0.0656,0.0657]",0;5;0|4.3551743739624151e-05;1.2896512520751699e-05;4.3551743739624151e-05,0;5;0|4.3551743739624151e-05;1.2896512520751699e-05;4.3551743739624151e-05,"[0.0657,0.0658]",0,0,0.0657,0.0658,0.0658,0,1
658,0.0657,0;5;0|4.3551743739624151e-05;1.2896512520751699e-05;4.3551743739624151e-05,"[0.0657,0.0658]",0;5;0|4.353474159564704e-05;1.2930516808705917e-05;4.353474159564704e-05,0;5;0|4.353474159564704e-05;1.2930516808705917e-05;4.353474159564704e-05,"[0.0658,0.0659]",-3.87618466208662,7.4208544756321,0.0658,0.0659,0.0659,0,1
659,0.0658,0;5;0|4.353474159564704e-05;1.2930516808705917e-05;4.353474159564704e-05,"[0.0658,0.0659]",0;5;0|4.3446035806455793e-05;1.3107928387088424e-05;4.3446035806455793e-05,0;5;0|4.3446035806455793e-05;1.3107928387088424e-05;4.3446035806455793e-05,"[0.0659,0.066]",-1.86455759191917,3.6816567725254,0.0659,0.066,0.066,0,1
660,0.0659,0;5;0|4.3446035806455793e-05;1.3107928387088424e-05;4.3446035806455793e-05,"[0.0659,0.066]",0;5;0|4.3420245780240589e-05;1.315950843951882e-05;4.3420245780240589e-05,0;5;0|4.3420245780240589e-05;1.315950843951882e-05;4.3420245780240589e-05,"[0.066,0.0661]",-1.82294044292814,3.71456464089887,0.066,0.0661,0.0661,0,1
661,0.066,0;5;0|4.3420245780240589e-05;1.315950843951882e-05;4.3420245780240589e-05,"[0.066,0.0661]",0;5;0|4.3392437075477645e-05;1.3215125849044713e-05;4.3392437075477645e-05,0;5;0|4.3392437075477645e-05;1.3215125849044713e-05;4.3392437075477645e-05,"[0.0661,0.0662]",-1.8004881698175,3.78845399843968,0.0661,0.0662,0.0662,0,1
662,0.0661,0;5;0|4.3392437075477645e-05;1.3215125849044713e-05;4.3392437075477645e-05,"[0.0661,0.0662]",0;5;0|4.3356340987277188e-05;1.3287318025445627e-05;4.3356340987277188e-05,0;5;0|4.3356340987277188e-05;1.3287318025445627e-05;4.3356340987277188e-05,"[0.0662,0.0663]",-1.7596372266434,3.82577540601574,0.0662,0.0663,0.0663,0,1
663,0.0662,0;5;0|4.3356340987277188e-05;1.3287318025445627e-05;4.3356340987277188e-05,"[0.0662,0.0663]",0;5;0|4.3326906848496549e-05;1.33461863030069e-05;4.3326906848496549e-05,0;5;0|4.3326906848496549e-05;1.33461863030069e-05;4.3326906848496549e-05,"[0.0663,0.0664]",-1.71865661500447,3.86384646216759,0.0663,0.0664,0.0664,0,1
664,0.0663,0;5;0|4.3326906848496549e-05;1.33461863030069e-05;4.3326906848496549e-05,"[0.0663,0.0664]",0;4;0|3.9767096769241641e-05;2.0465806461516719e-05;3.9767096769241641e-05,0;4;0|3.9767096769241641e-05;2.0465806461516719e-05;3.9767096769241641e-05,"[0.0664,0.0665]",-1.67909044190207,3.90636200160568,0.0664,0.0665,0.0665,0,1
665,0.0664,0;4;0|3.9767096769241641e-05;2.0465806461516719e-05;3.9767096769241641e-05,"[0.0664,0.0665]",0;5;0|3.6540327281188132e-05;2.6919345437623744e-05;3.6540327281188132e-05,0;5;0|3.6540327281188132e-05;2.6919345437623744e-05;3.6540327281188132e-05,"[0.0665,0.0666]",-1.63709136258017,3.94455199068605,0.0665,0.0666,0.0666,0,1
666,0.0665,0;5;0|3.6540327281188132e-05;2.6919345437623744e-05;3.6540327281188132e-05,"[0.0665,0.0666]",0|0.0001,0|0.0001,"[0.0666,0.0667]",4.04822111807856,5.14801586565711,0.0666,0.0667,0.0667,0,1
667,0.0666,0|0.0001,"[0.0666,0.0667]",0;5;0|3.5595790413109679e-05;2.8808419173780653e-05;3.5595790413109679e-05,0;5;0|3.5595790413109679e-05;2.8808419173780653e-05;3.5595790413109679e-05,"[0.0667,0.0668]",-3.10104147140098,8.0366548048774,0.0667,0.0668,0.0668,0,1
668,0.0667,0;5;0|3.5595790413109679e-05;2.8808419173780653e-05;3.5595790413109679e-05,"[0.0667,0.0668]",0|0.0001,0|0.0001,"[0.0668,0.0669]",0,0,0.0668,0.0669,0.0669,0,1
669,0.0668,0|0.0001,"[0.0668,0.0669]",0;5;0|3.5563544078128719e-05;2.8872911843742562e-05;3.5563544078128719e-05,0;5;0|3.5563544078128719e-05;2.8872911843742562e-05;3.5563544078128719e-05,"[0.0669,0.067]",-3.10147534381654,8.6813116668868,0.0669,0.067,0.067,0,1
670,0.0669,0;5;0|3.5563544078128719e-05;2.8872911843742562e-05;3.5563544078128719e-05,"[0.0669,0.067]",0|0.0001,0|0.0001,"[0.067,0.0671]",0,0,0.067,0.0671,0.0671,0,1
671,0.067,0|0.0001,"[0.067,0.0671]",0;5;0|3.5757686102850169e-05;2.8484627794299667e-05;3.5757686102850169e-05,0;5;0|3.5757686102850169e-05;2.8484627794299667e-05;3.5757686102850169e-05,"[0.0671,0.0672]",-2.88878628045694,8.77611336250304,0.0671,0.0672,0.0672,0,1
672,0.0671,0;5;0|3.5757686102850169e-05;2.8484627794299667e-05;3.5757686102850169e-05,"[0.0671,0.0672]",0|0.0001,0|0.0001,"[0.0672,0.0673]",0,0,0.0672,0.0673,0.0673,0,1
673,0.0672,0|0.0001,"[0.0672,0.0673]",0;5;0|3.5907152893172251e-05;2.8185694213655506e-05;3.5907152893172251e-05,0;5;0|3.5907152893172251e-05;2.8185694213655506e-05;3.5907152893172251e-05,"[0.0673,0.0674]",-2.63145905405931,8.72697673620021,0.0673,0.0674,0.0674,0,1
674,0.0673,0;5;0|3.5907152893172251e-05;2.8185694213655506e-05;3.5907152893172251e-05,"[0.0673,0.0674]",0|0.0001,0|0.0001,"[0.0674,0.0675]",0,0,0.0674,0.0675,0.0675,0,1
675,0.0674,0|0.0001,"[0.0674,0.0675]",0;5;0|3.544076357497745e-05;2.9118472850045107e-05;3.544076357497745e-05,0;5;0|3.544076357497745e-05;2.9118472850045107e-05;3.544076357497745e-05,"[0.0675,0.0676]",-2.38601253333513,8.69809864747869,0.0675,0.0676,0.0676,0,1
676,0.0675,0;5;0|3.544076357497745e-05;2.9118472850045107e-05;3.544076357497745e-05,"[0.0675,0.0676]",0;5;0|4.1730910893169007e-05;1.6538178213661998e-05;4.1730910893169007e-05,0;5;0|4.1730910893169007e-05;1.6538178213661998e-05;4.1730910893169007e-05,"[0.0676,0.0677]",0,0,0.0676,0.0677,0.0677,0,1
677,0.0676,0;5;0|4.1730910893169007e-05;1.6538178213661998e-05;4.1730910893169007e-05,"[0.0676,0.0677]",0;6;0|4.379538511210642e-05;1.2409229775787167e-05;4.379538511210642e-05,0;6;0|4.379538511210642e-05;1.2409229775787167e-05;4.379538511210642e-05,"[0.0677,0.0678]",-2.23837899459543,9.0450611216907,0.0677,0.0678,0.0678,0,1
678,0.0677,0;6;0|4.379538511210642e-05;1.2409229775787167e-05;4.379538511210642e-05,"[0.0677,0.0678]",0;5;0|3.9710553053348483e-05;2.0578893893303035e-05;3.9710553053348483e-05,0;5;0|3.9710553053348483e-05;2.0578893893303035e-05;3.9710553053348483e-05,"[0.0678,0.0679]",-1.20665835817122,5.15281832418381,0.0678,0.0679,0.0679,0,1
679,0.0678,0;5;0|3.9710553053348483e-05;2.0578893893303035e-05;3.9710553053348483e-05,"[0.0678,0.0679]",0|0.0001,0|0.0001,"[0.0679,0.068]",-3.78632523551075,1.19675107456423,0.0679,0.068,0.068,0,1
680,0.0679,0|0.0001,"[0.0679,0.068]",0;5;0|3.6161050919471081e-05;2.7677898161057846e-05;3.6161050919471081e-05,0;5;0|3.6161050919471081e-05;2.7677898161057846e-05;3.6161050919471081e-05,"[0.068,0.0681]",-1.33987396605844,6.44749588906838,0.068,0.0681,0.0681,0,1
681,0.068,0;5;0|3.6161050919471081e-05;2.7677898161057846e-05;3.6161050919471081e-05,"[0.068,0.0681]",0|0.0001,0|0.0001,"[0.0681,0.0682]",0,0,0.0681,0.0682,0.0682,0,1
682,0.0681,0|0.0001,"[0.0681,0.0682]",0;5;0|3.2618257919115798e-05;3.4763484161768409e-05;3.2618257919115798e-05,0;5;0|3.2618257919115798e-05;3.4763484161768409e-05;3.2618257919115798e-05,"[0.0682,0.0683]",-1.58359527183107,8.71420617086241,0.0682,0.0683,0.0683,0,1
683,0.0682,0;5;0|3.2618257919115798e-05;3.4763484161768409e-05;3.2618257919115798e-05,"[0.0682,0.0683]",0;1;0|4.5459166660420144e-05;9.0816666791597112e-06;4.5459166660420144e-05,0;1;0|4.5459166660420144e-05;9.0816666791597112e-06;4.5459166660420144e-05,"[0.0683,0.0684]",0,0,0.0683,0.0684,0.0684,0,1
684,0.0683,0;1;0|4.5459166660420144e-05;9.0816666791597112e-06;4.5459166660420144e-05,"[0.0683,0.0684]",0;5;0|3.7052384394763406e-05;2.5895231210473197e-05;3.7052384394763406e-05,0;5;0|3.7052384394763406e-05;2.5895231210473197e-05;3.7052384394763406e-05,"[0.0684,0.0685]",-1.71331971335923,10.9915839741561,0.0684,0.0685,0.0685,0,1
685,0.0684,0;5;0|3.7052384394763406e-05;2.5895231210473197e-05;3.7052384394763406e-05,"[0.0684,0.0685]",0;5;0|3.8763124724599634e-05;2.2473750550800736e-05;3.8763124724599634e-05,0;5;0|3.8763124724599634e-05;2.2473750550800736e-05;3.8763124724599634e-05,"[0.0685,0.0686]",-2.28569451246477,-1.79477340353474,0.0685,0.0686,0.0686,0,1
686,0.0685,0;5;0|3.8763124724599634e-05;2.2473750550800736e-05;3.8763124724599634e-05,"[0.0685,0.0686]",0;1;0|4.4594288151391433e-05;1.0811423697217135e-05;4.4594288151391433e-05,0;1;0|4.4594288151391433e-05;1.0811423697217135e-05;4.4594288151391433e-05,"[0.0686,0.0687]",-1.07008921209079,8.21708952252674,0.0686,0.0687,0.0687,0,1
687,0.0686,0;1;0|4.4594288151391433e-05;1.0811423697217135e-05;4.4594288151391433e-05,"[0.0686,0.0687]",0;5;0|3.7362737848511089e-05;2.527452430297783e-05;3.7362737848511089e-05,0;5;0|3.7362737848511089e-05;2.527452430297783e-05;3.7362737848511089e-05,"[0.0687,0.0688]",-0.839014074906058,7.14249035541794,0.0687,0.0688,0.0688,0,1
688,0.0687,0;5;0|3.7362737848511089e-05;2.527452430297783e-05;3.7362737848511089e-05,"[0.0687,0.0688]",0;5;0|3.6237766921485531e-05;2.7524466157028945e-05;3.6237766921485531e-05,0;5;0|3.6237766921485531e-05;2.7524466157028945e-05;3.6237766921485531e-05,"[0.0688,0.0689]",-2.79963985055924,-2.03254359385015,0.0688,0.0689,0.0689,0,1
689,0.0688,0;5;0|3.6237766921485531e-05;2.7524466157028945e-05;3.6237766921485531e-05,"[0.0688,0.0689]",0;1;0|4.1861394373466607e-05;1.6277211253066788e-05;4.1861394373466607e-05,0;1;0|4.1861394373466607e-05;1.6277211253066788e-05;4.1861394373466607e-05,"[0.0689,0.069]",-0.741417113715505,8.05379303972059,0.0689,0.069,0.069,0,1
690,0.0689,0;1;0|4.1861394373466607e-05;1.6277211253066788e-05;4.1861394373466607e-05,"[0.0689,0.069]",0;5;0|3.8627351622506009e-05;2.2745296754987984e-05;3.8627351622506009e-05,0;5;0|3.8627351622506009e-05;2.2745296754987984e-05;3.8627351622506009e-05,"[0.069,0.0691]",-0.697140918611179,8.7801964233092,0.069,0.0691,0.0691,0,1
691,0.069,0;5;0|3.8627351622506009e-05;2.2745296754987984e-05;3.8627351622506009e-05,"[0.069,0.0691]",0|0.0001,0|0.0001,"[0.0691,0.0692]",-4.32735770603495,-2.89907056770633,0.0691,0.0692,0.0692,0,1
692,0.0691,0|0.0001,"[0.0691,0.0692]",0;6;0|3.6777919331308275e-05;2.6444161337383455e-05;3.6777919331308275e-05,0;6;0|3.6777919331308275e-05;2.6444161337383455e-05;3.6777919331308275e-05,"[0.0692,0.0693]",-0.393576531141007,7.2678460646959,0.0692,0.0693,0.0693,0,1
693,0.0692,0;6;0|3.6777919331308275e-05;2.6444161337383455e-05;3.6777919331308275e-05,"[0.0692,0.0693]",0;5;0|3.5838046093159771e-05;2.832390781368046e-05;3.5838046093159771e-05,0;5;0|3.5838046093159771e-05;2.832390781368046e-05;3.5838046093159771e-05,"[0.0693,0.0694]",0,0,0.0693,0.0694,0.0694,0,1
694,0.0693,0;5;0|3.5838046093159771e-05;2.832390781368046e-05;3.5838046093159771e-05,"[0.0693,0.0694]",0|0.0001,0|0.0001,"[0.0694,0.0695]",-7.44789287549904,4.01703415520175,0.0694,0.0695,0.0695,0,1
695,0.0694,0|0.0001,"[0.0694,0.0695]",0;5;0|3.6639190205456934e-05;2.672161958908614e-05;3.6639190205456934e-05,0;5;0|3.6639190205456934e-05;2.672161958908614e-05;3.6639190205456934e-05,"[0.0695,0.0696]",-0.148647754778984,9.06243147494076,0.0695,0.0696,0.0696,0,1
696,0.0695,0;5;0|3.6639190205456934e-05;2.672161958908614e-05;3.6639190205456934e-05,"[0.0695,0.0696]",0|0.0001,0|0.0001,"[0.0696,0.0697]",0,0,0.0696,0.0697,0.0697,0,1
697,0.0696,0|0.0001,"[0.0696,0.0697]",0;6;0|3.7484805100758551e-05;2.5030389798482899e-05;3.7484805100758551e-05,0;6;0|3.7484805100758551e-05;2.5030389798482899e-05;3.7484805100758551e-05,"[0.0697,0.0698]",0.0746620535535334,8.55059230769749,0.0697,0.0698,0.0698,0,1
698,0.0697,0;6;0|3.7484805100758551e-05;2.5030389798482899e-05;3.7484805100758551e-05,"[0.0697,0.0698]",0;5;0|3.6317850316864905e-05;2.7364299366270191e-05;3.6317850316864905e-05,0;5;0|3.6317850316864905e-05;2.7364299366270191e-05;3.6317850316864905e-05,"[0.0698,0.0699]",0,0,0.0698,0.0699,0.0699,0,1
699,0.0698,0;5;0|3.6317850316864905e-05;2.7364299366270191e-05;3.6317850316864905e-05,"[0.0698,0.0699]",0|0.0001,0|0.0001,"[0.0699,0.07]",-6.79705203114523,4.2374254004782,0.0699,0.07,0.07,0,1
700,0.0699,0|0.0001,"[0.0699,0.07]",0;5;0|3.6736069666878781e-05;2.6527860666242443e-05;3.6736069666878781e-05,0;5;0|3.6736069666878781e-05;2.6527860666242443e-05;3.6736069666878781e-05,"[0.07,0.0701]",0.406427780345934,8.74713874084463,0.07,0.0701,0.0701,0,1
701,0.07,0;5;0|3.6736069666878781e-05;2.6527860666242443e-05;3.6736069666878781e-05,"[0.07,0.0701]",0;6;0|4.1715489421905526e-05;1.6569021156188956e-05;4.1715489421905526e-05,0;6;0|4.1715489421905526e-05;1.6569021156188956e-05;4.1715489421905526e-05,"[0.0701,0.0702]",0,0,0.0701,0.0702,0.0702,0,1
702,0.0701,0;6;0|4.1715489421905526e-05;1.6569021156188956e-05;4.1715489421905526e-05,"[0.0701,0.0702]",0;5;0|4.0849335045548734e-05;1.8301329908902544e-05;4.0849335045548734e-05,0;5;0|4.0849335045548734e-05;1.8301329908902544e-05;4.0849335045548734e-05,"[0.0702,0.0703]",0.606977507687966,8.4671874431587,0.0702,0.0703,0.0703,0,1
703,0.0702,0;5;0|4.0849335045548734e-05;1.8301329908902544e-05;4.0849335045548734e-05,"[0.0702,0.0703]",0;1;0|4.890549354278936e-05;2.1890129144212826e-06;4.890549354278936e-05,0;1;0|4.890549354278936e-05;2.1890129144212826e-06;4.890549354278936e-05,"[0.0703,0.0704]",-4.35273290073018,3.02751389944009,0.0703,0.0704,0.0704,0,1
704,0.0703,0;1;0|4.890549354278936e-05;2.1890129144212826e-06;4.890549354278936e-05,"[0.0703,0.0704]",0;6;0|3.710347939414124e-05;2.5793041211717529e-05;3.710347939414124e-05,0;6;0|3.710347939414124e-05;2.5793041211717529e-05;3.710347939414124e-05,"[0.0704,0.0705]",0.565411854538394,5.82906767001716,0.0704,0.0705,0.0705,0,1
705,0.0704,0;6;0|3.710347939414124e-05;2.5793041211717529e-05;3.710347939414124e-05,"[0.0704,0.0705]",0;5;0|3.6673535450135585e-05;2.6652929099728829e-05;3.6673535450135585e-05,0;5;0|3.6673535450135585e-05;2.6652929099728829e-05;3.6673535450135585e-05,"[0.0705,0.0706]",-0.641211787101043,-0.282002595959346,0.0705,0.0706,0.0706,0,1
706,0.0705,0;5;0|3.6673535450135585e-05;2.6652929099728829e-05;3.6673535450135585e-05,"[0.0705,0.0706]",0|0.0001,0|0.0001,"[0.0706,0.0707]",-6.59346537198089,4.96497595395015,0.0706,0.0707,0.0707,0,1
707,0.0706,0|0.0001,"[0.0706,0.0707]",0;6;0|3.8743721978619269e-05;2.2512556042761467e-05;3.8743721978619269e-05,0;6;0|3.8743721978619269e-05;2.2512556042761467e-05;3.8743721978619269e-05,"[0.0707,0.0708]",1.14280145183979,8.45202795264063,0.0707,0.0708,0.0708,0,1
708,0.0707,0;6;0|3.8743721978619269e-05;2.2512556042761467e-05;3.8743721978619269e-05,"[0.0707,0.0708]",0;5;0|3.6674572684550628e-05;2.6650854630898749e-05;3.6674572684550628e-05,0;5;0|3.6674572684550628e-05;2.6650854630898749e-05;3.6674572684550628e-05,"[0.0708,0.0709]",0,0,0.0708,0.0709,0.0709,0,1
709,0.0708,0;5;0|3.6674572684550628e-05;2.6650854630898749e-05;3.6674572684550628e-05,"[0.0708,0.0709]",0|0.0001,0|0.0001,"[0.0709,0.071]",-5.58745655812224,4.54732928210975,0.0709,0.071,0.071,0,1
710,0.0709,0|0.0001,"[0.0709,0.071]",0;6;0|3.8422163746540035e-05;2.3155672506919935e-05;3.8422163746540035e-05,0;6;0|3.8422163746540035e-05;2.3155672506919935e-05;3.8422163746540035e-05,"[0.071,0.0711]",1.46043425925208,8.40229613595415,0.071,0.0711,0.0711,0,1
711,0.071,0;6;0|3.8422163746540035e-05;2.3155672506919935e-05;3.8422163746540035e-05,"[0.071,0.0711]",0;5;0|3.7090867524559566e-05;2.5818264950880879e-05;3.7090867524559566e-05,0;5;0|3.7090867524559566e-05;2.5818264950880879e-05;3.7090867524559566e-05,"[0.0711,0.0712]",0,0,0.0711,0.0712,0.0712,0,1
712,0.0711,0;5;0|3.7090867524559566e-05;2.5818264950880879e-05;3.7090867524559566e-05,"[0.0711,0.0712]",0|0.0001,0|0.0001,"[0.0712,0.0713]",-5.5667042829423,4.89051784141916,0.0712,0.0713,0.0713,0,1
713,0.0712,0|0.0001,"[0.0712,0.0713]",0;6;0|3.7715985253839859e-05;2.4568029492320281e-05;3.7715985253839859e-05,0;6;0|3.7715985253839859e-05;2.4568029492320281e-05;3.7715985253839859e-05,"[0.0713,0.0714]",1.72059476556111,8.08069507482428,0.0713,0.0714,0.0714,0,1
714,0.0713,0;6;0|3.7715985253839859e-05;2.4568029492320281e-05;3.7715985253839859e-05,"[0.0713,0.0714]",0;5;0|3.7740245828221089e-05;2.451950834355783e-05;3.7740245828221089e-05,0;5;0|3.7740245828221089e-05;2.451950834355783e-05;3.7740245828221089e-05,"[0.0714,0.0715]",0,0,0.0714,0.0715,0.0715,0,1
715,0.0714,0;5;0|3.7740245828221089e-05;2.451950834355783e-05;3.7740245828221089e-05,"[0.0714,0.0715]",0;6;0|4.2791081500778068e-05;1.4417836998443867e-05;4.2791081500778068e-05,0;6;0|4.2791081500778068e-05;1.4417836998443867e-05;4.2791081500778068e-05,"[0.0715,0.0716]",-5.70647607493392,5.40773053094215,0.0715,0.0716,0.0716,0,1
716,0.0715,0;6;0|4.2791081500778068e-05;1.4417836998443867e-05;4.2791081500778068e-05,"[0.0715,0.0716]",0;5;0|4.4531209868915599e-05;1.0937580262168807e-05;4.4531209868915599e-05,0;5;0|4.4531209868915599e-05;1.0937580262168807e-05;4.4531209868915599e-05,"[0.0716,0.0717]",1.92212350038126,7.60716539092229,0.0716,0.0717,0.0717,0,1
717,0.0716,0;5;0|4.4531209868915599e-05;1.0937580262168807e-05;4.4531209868915599e-05,"[0.0716,0.0717]",0;6;0|4.020107818432119e-05;1.9597843631357625e-05;4.020107818432119e-05,0;6;0|4.020107818432119e-05;1.9597843631357625e-05;4.020107818432119e-05,"[0.0717,0.0718]",-3.26805700405672,3.25670131367897,0.0717,0.0718,0.0718,0,1
718,0.0717,0;6;0|4.020107818432119e-05;1.9597843631357625e-05;4.020107818432119e-05,"[0.0717,0.0718]",0;5;0|4.3179069599372971e-05;1.3641860801254062e-05;4.3179069599372971e-05,0;5;0|4.3179069599372971e-05;1.3641860801254062e-05;4.3179069599372971e-05,"[0.0718,0.0719]",0.942419576135713,3.37076031933954,0.0718,0.0719,0.0719,0,1
719,0.0718,0;5;0|4.3179069599372971e-05;1.3641860801254062e-05;4.3179069599372971e-05,"[0.0718,0.0719]",0;6;0|4.0118710198731202e-05;1.9762579602537607e-05;4.0118710198731202e-05,0;6;0|4.0118710198731202e-05;1.9762579602537607e-05;4.0118710198731202e-05,"[0.0719,0.072]",-4.3295490253877,4.53699612923317,0.0719,0.072,0.072,0,1
720,0.0719,0;6;0|4.0118710198731202e-05;1.9762579602537607e-05;4.0118710198731202e-05,"[0.0719,0.072]",0;5;0|4.3669246270637392e-05;1.2661507458725214e-05;4.3669246270637392e-05,0;5;0|4.3669246270637392e-05;1.2661507458725214e-05;4.3669246270637392e-05,"[0.072,0.0721]",1.28070967034986,4.17330327570876,0.072,0.0721,0.0721,0,1
721,0.072,0;5;0|4.3669246270637392e-05;1.2661507458725214e-05;4.3669246270637392e-05,"[0.072,0.0721]",0;6;0|3.9779413254870502e-05;2.0441173490259e-05;3.9779413254870502e-05,0;6;0|3.9779413254870502e-05;2.0441173490259e-05;3.9779413254870502e-05,"[0.0721,0.0722]",-4.24959009264511,4.68340498198352,0.0721,0.0722,0.0722,0,1
722,0.0721,0;6;0|3.9779413254870502e-05;2.0441173490259e-05;3.9779413254870502e-05,"[0.0721,0.0722]",0;5;0|4.3992492085736479e-05;1.201501582852704e-05;4.3992492085736479e-05,0;5;0|4.3992492085736479e-05;1.201501582852704e-05;4.3992492085736479e-05,"[0.0722,0.0723]",1.28563663344536,3.84229991153532,0.0722,0.0723,0.0723,0,1
723,0.0722,0;5;0|4.3992492085736479e-05;1.201501582852704e-05;4.3992492085736479e-05,"[0.0722,0.0723]",0;6;0|3.9468187156886081e-05;2.1063625686227846e-05;3.9468187156886081e-05,0;6;0|3.9468187156886081e-05;2.1063625686227846e-05;3.9468187156886081e-05,"[0.0723,0.0724]",-4.27238572590636,4.95315024522168,0.0723,0.0724,0.0724,0,1
724,0.0723,0;6;0|3.9468187156886081e-05;2.1063625686227846e-05;3.9468187156886081e-05,"[0.0723,0.0724]",0;5;0|4.4388578657598437e-05;1.1222842684803136e-05;4.4388578657598437e-05,0;5;0|4.4388578657598437e-05;1.1222842684803136e-05;4.4388578657598437e-05,"[0.0724,0.0725]",1.31123442409121,3.6143035669292,0.0724,0.0725,0.0725,0,1
725,0.0724,0;5;0|4.4388578657598437e-05;1.1222842684803136e-05;4.4388578657598437e-05,"[0.0724,0.0725]",0;6;0|3.912167667005102e-05;2.1756646659897965e-05;3.912167667005102e-05,0;6;0|3.912167667005102e-05;2.1756646659897965e-05;3.912167667005102e-05,"[0.0725,0.0726]",-4.27282992078713,5.2130010893819,0.0725,0.0726,0.0726,0,1
726,0.0725,0;6;0|3.912167667005102e-05;2.1756646659897965e-05;3.912167667005102e-05,"[0.0725,0.0726]",0;5;0|4.4744886387519031e-05;1.0510227224961946e-05;4.4744886387519031e-05,0;5;0|4.4744886387519031e-05;1.0510227224961946e-05;4.4744886387519031e-05,"[0.0726,0.0727]",1.30923475488017,3.34416049621196,0.0726,0.0727,0.0727,0,1
727,0.0726,0;5;0|4.4744886387519031e-05;1.0510227224961946e-05;4.4744886387519031e-05,"[0.0726,0.0727]",0;6;0|3.8801669297158782e-05;2.2396661405682441e-05;3.8801669297158782e-05,0;6;0|3.8801669297158782e-05;2.2396661405682441e-05;3.8801669297158782e-05,"[0.0727,0.0728]",-4.27670444631518,5.49372464586219,0.0727,0.0728,0.0728,0,1
728,0.0727,0;6;0|3.8801669297158782e-05;2.2396661405682441e-05;3.8801669297158782e-05,"[0.0727,0.0728]",0;5;0|4.5122635190747445e-05;9.7547296185051176e-06;4.5122635190747445e-05,0;5;0|4.5122635190747445e-05;9.7547296185051176e-06;4.5122635190747445e-05,"[0.0728,0.0729]",1.304418074409,3.10001561646986,0.0728,0.0729,0.0729,0,1
729,0.0728,0;5;0|4.5122635190747445e-05;9.7547296185051176e-06;4.5122635190747445e-05,"[0.0728,0.0729]",0;6;0|3.8476542469302119e-05;2.3046915061395759e-05;3.8476542469302119e-05,0;6;0|3.8476542469302119e-05;2.3046915061395759e-05;3.8476542469302119e-05,"[0.0729,0.073]",-4.25900272814355,5.76418294598933,0.0729,0.073,0.073,0,1
730,0.0729,0;6;0|3.8476542469302119e-05;2.3046915061395759e-05;3.8476542469302119e-05,"[0.0729,0.073]",0;5;0|4.5506146169034756e-05;8.9877076619304861e-06;4.5506146169034756e-05,0;5;0|4.5506146169034756e-05;8.9877076619304861e-06;4.5506146169034756e-05,"[0.073,0.0731]",1.28257518125093,2.84584737772172,0.073,0.0731,0.0731,0,1
731,0.073,0;5;0|4.5506146169034756e-05;8.9877076619304861e-06;4.5506146169034756e-05,"[0.073,0.0731]",0;6;0|3.8152285600538909e-05;2.3695428798922191e-05;3.8152285600538909e-05,0;6;0|3.8152285600538909e-05;2.3695428798922191e-05;3.8152285600538909e-05,"[0.0731,0.0732]",-4.23221232849702,6.03980073317574,0.0731,0.0732,0.0732,0,1
732,0.0731,0;6;0|3.8152285600538909e-05;2.3695428798922191e-05;3.8152285600538909e-05,"[0.0731,0.0732]",0;5;0|4.58975929104123e-05;8.20481417917541e-06;4.58975929104123e-05,0;5;0|4.58975929104123e-05;8.20481417917541e-06;4.58975929104123e-05,"[0.0732,0.0733]",1.24724512328844,2.5915512415742,0.0732,0.0733,0.0733,0,1
733,0.0732,0;5;0|4.58975929104123e-05;8.20481417917541e-06;4.58975929104123e-05,"[0.0732,0.0733]",0;6;0|3.7829080319650107e-05;2.4341839360699783e-05;3.7829080319650107e-05,0;6;0|3.7829080319650107e-05;2.4341839360699783e-05;3.7829080319650107e-05,"[0.0733,0.0734]",-4.19387603256971,6.31714131947608,0.0733,0.0734,0.0734,0,1
734,0.0733,0;6;0|3.7829080319650107e-05;2.4341839360699783e-05;3.7829080319650107e-05,"[0.0733,0.0734]",0;5;0|4.6297505569246739e-05;7.4049888615065312e-06;4.6297505569246739e-05,0;5;0|4.6297505569246739e-05;7.4049888615065312e-06;4.6297505569246739e-05,"[0.0734,0.0735]",1.19769458572668,2.33644832866389,0.0734,0.0735,0.0735,0,1
735,0.0734,0;5;0|4.6297505569246739e-05;7.4049888615065312e-06;4.6297505569246739e-05,"[0.0734,0.0735]",0;6;0|3.7507221561265122e-05;2.4985556877469761e-05;3.7507221561265122e-05,0;6;0|3.7507221561265122e-05;2.4985556877469761e-05;3.7507221561265122e-05,"[0.0735,0.0736]",-4.14384316867952,6.59569090269613,0.0735,0.0736,0.0736,0,1
736,0.0735,0;6;0|3.7507221561265122e-05;2.4985556877469761e-05;3.7507221561265122e-05,"[0.0735,0.0736]",0|0.0001,0|0.0001,"[0.0736,0.0737]",1.13359049228786,2.08085556053077,0.0736,0.0737,0.0737,0,1
737,0.0736,0|0.0001,"[0.0736,0.0737]",0;6;0|3.723844660386735e-05;2.5523106792265301e-05;3.723844660386735e-05,0;6;0|3.723844660386735e-05;2.5523106792265301e-05;3.723844660386735e-05,"[0.0737,0.0738]",-4.08194981752456,6.87486423581472,0.0737,0.0738,0.0738,0,1
738,0.0737,0;6;0|3.723844660386735e-05;2.5523106792265301e-05;3.723844660386735e-05,"[0.0737,0.0738]",0;5;0|4.3878590163460448e-05;1.2242819673079112e-05;4.3878590163460448e-05,0;5;0|4.3878590163460448e-05;1.2242819673079112e-05;4.3878590163460448e-05,"[0.0738,0.0739]",0,0,0.0738,0.0739,0.0739,0,1
739,0.0738,0;5;0|4.3878590163460448e-05;1.2242819673079112e-05;4.3878590163460448e-05,"[0.0738,0.0739]",0;6;0|3.7407905933413237e-05;2.5184188133173538e-05;3.7407905933413237e-05,0;6;0|3.7407905933413237e-05;2.5184188133173538e-05;3.7407905933413237e-05,"[0.0739,0.074]",-3.99197081099712,7.12534186056188,0.0739,0.074,0.074,0,1
740,0.0739,0;6;0|3.7407905933413237e-05;2.5184188133173538e-05;3.7407905933413237e-05,"[0.0739,0.074]",0|0.0001,0|0.0001,"[0.074,0.0741]",2.04467777329098,3.34180850419009,0.074,0.0741,0.0741,0,1
741,0.074,0|0.0001,"[0.074,0.0741]",0;6;0|3.6342622512293767e-05;2.7314754975412472e-05;3.6342622512293767e-05,0;6;0|3.6342622512293767e-05;2.7314754975412472e-05;3.6342622512293767e-05,"[0.0741,0.0742]",-3.76103508763938,7.1274913019153,0.0741,0.0742,0.0742,0,1
742,0.0741,0;6;0|3.6342622512293767e-05;2.7314754975412472e-05;3.6342622512293767e-05,"[0.0741,0.0742]",0;5;0|4.554490703852416e-05;8.9101859229516858e-06;4.554490703852416e-05,0;5;0|4.554490703852416e-05;8.9101859229516858e-06;4.554490703852416e-05,"[0.0742,0.0743]",0,0,0.0742,0.0743,0.0743,0,1
743,0.0742,0;5;0|4.554490703852416e-05;8.9101859229516858e-06;4.554490703852416e-05,"[0.0742,0.0743]",0;6;0|3.7663709898466314e-05;2.4672580203067384e-05;3.7663709898466314e-05,0;6;0|3.7663709898466314e-05;2.4672580203067384e-05;3.7663709898466314e-05,"[0.0743,0.0744]",-3.88366056849761,7.83054241670775,0.0743,0.0744,0.0744,0,1
744,0.0743,0;6;0|3.7663709898466314e-05;2.4672580203067384e-05;3.7663709898466314e-05,"[0.0743,0.0744]",0|0.0001,0|0.0001,"[0.0744,0.0745]",1.60841460869556,2.3542903721349,0.0744,0.0745,0.0745,0,1
745,0.0744,0|0.0001,"[0.0744,0.0745]",0;6;0|3.5193688844435404e-05;2.96126223111292e-05;3.5193688844435404e-05,0;6;0|3.5193688844435404e-05;2.96126223111292e-05;3.5193688844435404e-05,"[0.0745,0.0746]",-3.32913619162261,7.15901114111523,0.0745,0.0746,0.0746,0,1
746,0.0745,0;6;0|3.5193688844435404e-05;2.96126223111292e-05;3.5193688844435404e-05,"[0.0745,0.0746]",0|0.0001,0|0.0001,"[0.0746,0.0747]",0,0,0.0746,0.0747,0.0747,0,1
747,0.0746,0|0.0001,"[0.0746,0.0747]",0;6;0|3.5636925860920086e-05;2.8726148278159827e-05;3.5636925860920086e-05,0;6;0|3.5636925860920086e-05;2.8726148278159827e-05;3.5636925860920086e-05,"[0.0747,0.0748]",-3.77851893433998,8.69011578963898,0.0747,0.0748,0.0748,0,1
748,0.0747,0;6;0|3.5636925860920086e-05;2.8726148278159827e-05;3.5636925860920086e-05,"[0.0747,0.0748]",0|0.0001,0|0.0001,"[0.0748,0.0749]",0,0,0.0748,0.0749,0.0749,0,1
749,0.0748,0|0.0001,"[0.0748,0.0749]",0;6;0|3.5900623864499969e-05;2.8198752271000074e-05;3.5900623864499969e-05,0;6;0|3.5900623864499969e-05;2.8198752271000074e-05;3.5900623864499969e-05,"[0.0749,0.075]",-3.4524028378627,8.51942098752945,0.0749,0.075,0.075,0,1
750,0.0749,0;6;0|3.5900623864499969e-05;2.8198752271000074e-05;3.5900623864499969e-05,"[0.0749,0.075]",0|0.0001,0|0.0001,"[0.075,0.0751]",0,0,0.075,0.0751,0.0751,0,1
751,0.075,0|0.0001,"[0.075,0.0751]",0;6;0|3.5469995163698377e-05;2.906000967260325e-05;3.5469995163698377e-05,0;6;0|3.5469995163698377e-05;2.906000967260325e-05;3.5469995163698377e-05,"[0.0751,0.0752]",-3.17778514629344,8.44553441999137,0.0751,0.0752,0.0752,0,1
752,0.0751,0;6;0|3.5469995163698377e-05;2.906000967260325e-05;3.5469995163698377e-05,"[0.0751,0.0752]",0|0.0001,0|0.0001,"[0.0752,0.0753]",0,0,0.0752,0.0753,0.0753,0,1
753,0.0752,0|0.0001,"[0.0752,0.0753]",0;6;0|3.5487960249324616e-05;2.902407950135077e-05;3.5487960249324616e-05,0;6;0|3.5487960249324616e-05;2.902407950135077e-05;3.5487960249324616e-05,"[0.0753,0.0754]",-3.05508876717433,8.78302970683107,0.0753,0.0754,0.0754,0,1
754,0.0753,0;6;0|3.5487960249324616e-05;2.902407950135077e-05;3.5487960249324616e-05,"[0.0753,0.0754]",0|0.0001,0|0.0001,"[0.0754,0.0755]",0,0,0.0754,0.0755,0.0755,0,1
755,0.0754,0|0.0001,"[0.0754,0.0755]",0;6;0|3.5937341587198345e-05;2.8125316825603316e-05;3.5937341587198345e-05,0;6;0|3.5937341587198345e-05;2.8125316825603316e-05;3.5937341587198345e-05,"[0.0755,0.0756]",-2.82990230335748,8.84607965720899,0.0755,0.0756,0.0756,0,1
756,0.0755,0;6;0|3.5937341587198345e-05;2.8125316825603316e-05;3.5937341587198345e-05,"[0.0755,0.0756]",0|0.0001,0|0.0001,"[0.0756,0.0757]",0,0,0.0756,0.0757,0.0757,0,1
757,0.0756,0|0.0001,"[0.0756,0.0757]",0;6;0|3.6010687546886343e-05;2.7978624906227312e-05;3.6010687546886343e-05,0;6;0|3.6010687546886343e-05;2.7978624906227312e-05;3.6010687546886343e-05,"[0.0757,0.0758]",-2.52598624099477,8.63835739223951,0.0757,0.0758,0.0758,0,1
758,0.0757,0;6;0|3.6010687546886343e-05;2.7978624906227312e-05;3.6010687546886343e-05,"[0.0757,0.0758]",0|0.0001,0|0.0001,"[0.0758,0.0759]",0,0,0.0758,0.0759,0.0759,0,1
759,0.0758,0|0.0001,"[0.0758,0.0759]",0;6;0|3.6070151052659379e-05;2.7859697894681246e-05;3.6070151052659379e-05,0;6;0|3.6070151052659379e-05;2.7859697894681246e-05;3.6070151052659379e-05,"[0.0759,0.076]",-2.29606748083074,8.65373604703495,0.0759,0.076,0.076,0,1
760,0.0759,0;6;0|3.6070151052659379e-05;2.7859697894681246e-05;3.6070151052659379e-05,"[0.0759,0.076]",0|0.0001,0|0.0001,"[0.076,0.0761]",0,0,0.076,0.0761,0.0761,0,1
761,0.076,0|0.0001,"[0.076,0.0761]",0;6;0|3.6112619784463432e-05;2.7774760431073144e-05;3.6112619784463432e-05,0;6;0|3.6112619784463432e-05;2.7774760431073144e-05;3.6112619784463432e-05,"[0.0761,0.0762]",-2.06904085836421,8.6716859517045,0.0761,0.0762,0.0762,0,1
762,0.0761,0;6;0|3.6112619784463432e-05;2.7774760431073144e-05;3.6112619784463432e-05,"[0.0761,0.0762]",0|0.0001,0|0.0001,"[0.0762,0.0763]",0,0,0.0762,0.0763,0.0763,0,1
763,0.0762,0|0.0001,"[0.0762,0.0763]",0;6;0|3.3437353843752637e-05;3.3125292312494738e-05;3.3437353843752637e-05,0;6;0|3.3437353843752637e-05;3.3125292312494738e-05;3.3437353843752637e-05,"[0.0763,0.0764]",-1.84482551185631,8.69435449541616,0.0763,0.0764,0.0764,0,1
764,0.0763,0;6;0|3.3437353843752637e-05;3.3125292312494738e-05;3.3437353843752637e-05,"[0.0763,0.0764]",0;1;0|4.3235167910251541e-05;1.3529664179496917e-05;4.3235167910251541e-05,0;1;0|4.3235167910251541e-05;1.3529664179496917e-05;4.3235167910251541e-05,"[0.0764,0.0765]",0,0,0.0764,0.0765,0.0765,0,1
765,0.0764,0;1;0|4.3235167910251541e-05;1.3529664179496917e-05;4.3235167910251541e-05,"[0.0764,0.0765]",0;6;0|4.1187255905633988e-05;1.7625488188732036e-05;4.1187255905633988e-05,0;6;0|4.1187255905633988e-05;1.7625488188732036e-05;4.1187255905633988e-05,"[0.0765,0.0766]",-1.9389381027976,10.4212524242643,0.0765,0.0766,0.0766,0,1
766,0.0765,0;6;0|4.1187255905633988e-05;1.7625488188732036e-05;4.1187255905633988e-05,"[0.0765,0.0766]",0|0.0001,0|0.0001,"[0.0766,0.0767]",-4.06371276797466,1.49356759845005,0.0766,0.0767,0.0767,0,1
767,0.0766,0|0.0001,"[0.0766,0.0767]",0;6;0|3.6228011704266794e-05;2.7543976591466414e-05;3.6228011704266794e-05,0;6;0|3.6228011704266794e-05;2.7543976591466414e-05;3.6228011704266794e-05,"[0.0767,0.0768]",-0.892008746058213,5.56917252268303,0.0767,0.0768,0.0768,0,1
768,0.0767,0;6;0|3.6228011704266794e-05;2.7543976591466414e-05;3.6228011704266794e-05,"[0.0767,0.0768]",0;1;0|4.3422566756107261e-05;1.3154866487785478e-05;4.3422566756107261e-05,0;1;0|4.3422566756107261e-05;1.3154866487785478e-05;4.3422566756107261e-05,"[0.0768,0.0769]",0,0,0.0768,0.0769,0.0769,0,1
769,0.0768,0;1;0|4.3422566756107261e-05;1.3154866487785478e-05;4.3422566756107261e-05,"[0.0768,0.0769]",0;6;0|3.8924183633667133e-05;2.2151632732665746e-05;3.8924183633667133e-05,0;6;0|3.8924183633667133e-05;2.2151632732665746e-05;3.8924183633667133e-05,"[0.0769,0.077]",-1.17482269351004,8.73542591047911,0.0769,0.077,0.077,0,1
770,0.0769,0;6;0|3.8924183633667133e-05;2.2151632732665746e-05;3.8924183633667133e-05,"[0.0769,0.077]",0|0.0001,0|0.0001,"[0.077,0.0771]",-3.87318521299873,1.64888106499578,0.077,0.0771,0.0771,0,1
771,0.077,0|0.0001,"[0.077,0.0771]",0;6;0|3.5350012021935129e-05;2.9299975956129743e-05;3.5350012021935129e-05,0;6;0|3.5350012021935129e-05;2.9299975956129743e-05;3.5350012021935129e-05,"[0.0771,0.0772]",-0.767980955227315,7.04679757927202,0.0771,0.0772,0.0772,0,1
772,0.0771,0;6;0|3.5350012021935129e-05;2.9299975956129743e-05;3.5350012021935129e-05,"[0.0771,0.0772]",0;1;0|4.249519406421332e-05;1.500961187157337e-05;4.249519406421332e-05,0;1;0|4.249519406421332e-05;1.500961187157337e-05;4.249519406421332e-05,"[0.0772,0.0773]",0,0,0.0772,0.0773,0.0773,0,1
773,0.0772,0;1;0|4.249519406421332e-05;1.500961187157337e-05;4.249519406421332e-05,"[0.0772,0.0773]",0;1;0|4.3911346564721582e-05;1.2177306870556845e-05;4.3911346564721582e-05,0;1;0|4.3911346564721582e-05;1.2177306870556845e-05;4.3911346564721582e-05,"[0.0773,0.0774]",-0.781255336233327,9.34338652850542,0.0773,0.0774,0.0774,0,1
774,0.0773,0;1;0|4.3911346564721582e-05;1.2177306870556845e-05;4.3911346564721582e-05,"[0.0773,0.0774]",0;6;0|3.6581335023171668e-05;2.6837329953656666e-05;3.6581335023171668e-05,0;6;0|3.6581335023171668e-05;2.6837329953656666e-05;3.6581335023171668e-05,"[0.0774,0.0775]",-4.3191681104087,2.10102926301392,0.0774,0.0775,0.0775,0,1
775,0.0774,0;6;0|3.6581335023171668e-05;2.6837329953656666e-05;3.6581335023171668e-05,"[0.0774,0.0775]",0|0.0001,0|0.0001,"[0.0775,0.0776]",-3.48244728836299,1.74846489013411,0.0775,0.0776,0.0776,0,1
776,0.0775,0|0.0001,"[0.0775,0.0776]",0;6;0|3.6541124883560851e-05;2.6917750232878297e-05;3.6541124883560851e-05,0;6;0|3.6541124883560851e-05;2.6917750232878297e-05;3.6541124883560851e-05,"[0.0776,0.0777]",-0.392527220730705,8.57897032019744,0.0776,0.0777,0.0777,0,1
777,0.0776,0;6;0|3.6541124883560851e-05;2.6917750232878297e-05;3.6541124883560851e-05,"[0.0776,0.0777]",0;1;0|4.3926733222500062e-05;1.2146533554999875e-05;4.3926733222500062e-05,0;1;0|4.3926733222500062e-05;1.2146533554999875e-05;4.3926733222500062e-05,"[0.0777,0.0778]",0,0,0.0777,0.0778,0.0778,0,1
778,0.0777,0;1;0|4.3926733222500062e-05;1.2146533554999875e-05;4.3926733222500062e-05,"[0.0777,0.0778]",0;1;0|4.27881493979977e-05;1.4423701204004597e-05;4.27881493979977e-05,0;1;0|4.27881493979977e-05;1.4423701204004597e-05;4.27881493979977e-05,"[0.0778,0.0779]",-0.177342747997325,8.61185427047705,0.0778,0.0779,0.0779,0,1
779,0.0778,0;1;0|4.27881493979977e-05;1.4423701204004597e-05;4.27881493979977e-05,"[0.0778,0.0779]",0;6;0|3.6307294465828582e-05;2.7385411068342837e-05;3.6307294465828582e-05,0;6;0|3.6307294465828582e-05;2.7385411068342837e-05;3.6307294465828582e-05,"[0.0779,0.078]",-3.38163099765562,1.91637454630742,0.0779,0.078,0.078,0,1
780,0.0779,0;6;0|3.6307294465828582e-05;2.7385411068342837e-05;3.6307294465828582e-05,"[0.0779,0.078]",0|0.0001,0|0.0001,"[0.078,0.0781]",-3.9866883138584,2.32592680576991,0.078,0.0781,0.0781,0,1
781,0.078,0|0.0001,"[0.078,0.0781]",0;6;0|3.651826943598402e-05;2.6963461128031968e-05;3.651826943598402e-05,0;6;0|3.651826943598402e-05;2.6963461128031968e-05;3.651826943598402e-05,"[0.0781,0.0782]",0.14992590507307,8.76204895761925,0.0781,0.0782,0.0782,0,1
782,0.0781,0;6;0|3.651826943598402e-05;2.6963461128031968e-05;3.651826943598402e-05,"[0.0781,0.0782]",0;1;0|4.2648149828224957e-05;1.4703700343550092e-05;4.2648149828224957e-05,0;1;0|4.2648149828224957e-05;1.4703700343550092e-05;4.2648149828224957e-05,"[0.0782,0.0783]",0,0,0.0782,0.0783,0.0783,0,1
783,0.0782,0;1;0|4.2648149828224957e-05;1.4703700343550092e-05;4.2648149828224957e-05,"[0.0782,0.0783]",0;1;0|4.3801308846907605e-05;1.239738230618479e-05;4.3801308846907605e-05,0;1;0|4.3801308846907605e-05;1.239738230618479e-05;4.3801308846907605e-05,"[0.0783,0.0784]",0.364367710218065,8.62061062445384,0.0783,0.0784,0.0784,0,1
784,0.0783,0;1;0|4.3801308846907605e-05;1.239738230618479e-05;4.3801308846907605e-05,"[0.0783,0.0784]",0;6;0|3.7060913581262149e-05;2.5878172837475711e-05;3.7060913581262149e-05,0;6;0|3.7060913581262149e-05;2.5878172837475711e-05;3.7060913581262149e-05,"[0.0784,0.0785]",-3.93981329356479,2.57228084008039,0.0784,0.0785,0.0785,0,1
785,0.0784,0;6;0|3.7060913581262149e-05;2.5878172837475711e-05;3.7060913581262149e-05,"[0.0784,0.0785]",0|0.0001,0|0.0001,"[0.0785,0.0786]",-3.29432650774903,2.21038229187219,0.0785,0.0786,0.0786,0,1
786,0.0785,0|0.0001,"[0.0785,0.0786]",0;1;0|3.8621193631412264e-05;2.2757612737175474e-05;3.8621193631412264e-05,0;1;0|3.8621193631412264e-05;2.2757612737175474e-05;3.8621193631412264e-05,"[0.0786,0.0787]",0.661287873127554,8.25456921226396,0.0786,0.0787,0.0787,0,1
787,0.0786,0;1;0|3.8621193631412264e-05;2.2757612737175474e-05;3.8621193631412264e-05,"[0.0786,0.0787]",0;6;0|3.6294249050925026e-05;2.7411501898149955e-05;3.6294249050925026e-05,0;6;0|3.6294249050925026e-05;2.7411501898149955e-05;3.6294249050925026e-05,"[0.0787,0.0788]",0,0,0.0787,0.0788,0.0788,0,1
788,0.0787,0;6;0|3.6294249050925026e-05;2.7411501898149955e-05;3.6294249050925026e-05,"[0.0787,0.0788]",0|0.0001,0|0.0001,"[0.0788,0.0789]",-5.89009889081559,4.28259387006598,0.0788,0.0789,0.0789,0,1
789,0.0788,0|0.0001,"[0.0788,0.0789]",0;1;0|3.9191447236775634e-05;2.1617105526448731e-05;3.9191447236775634e-05,0;1;0|3.9191447236775634e-05;2.1617105526448731e-05;3.9191447236775634e-05,"[0.0789,0.079]",1.02952311193734,8.71105406023658,0.0789,0.079,0.079,0,1
790,0.0789,0;1;0|3.9191447236775634e-05;2.1617105526448731e-05;3.9191447236775634e-05,"[0.0789,0.079]",0;6;0|3.6288783592093002e-05;2.7422432815814004e-05;3.6288783592093002e-05,0;6;0|3.6288783592093002e-05;2.7422432815814004e-05;3.6288783592093002e-05,"[0.079,0.0791]",0,0,0.079,0.0791,0.0791,0,1
791,0.079,0;6;0|3.6288783592093002e-05;2.7422432815814004e-05;3.6288783592093002e-05,"[0.079,0.0791]",0|0.0001,0|0.0001,"[0.0791,0.0792]",-5.43761627127223,4.27595283226762,0.0791,0.0792,0.0792,0,1
792,0.0791,0|0.0001,"[0.0791,0.0792]",0;1;0|3.8846592400353287e-05;2.2306815199293434e-05;3.8846592400353287e-05,0;1;0|3.8846592400353287e-05;2.2306815199293434e-05;3.8846592400353287e-05,"[0.0792,0.0793]",1.35765400389545,8.66951747972058,0.0792,0.0793,0.0793,0,1
793,0.0792,0;1;0|3.8846592400353287e-05;2.2306815199293434e-05;3.8846592400353287e-05,"[0.0792,0.0793]",0;6;0|3.6713208615864437e-05;2.6573582768271131e-05;3.6713208615864437e-05,0;6;0|3.6713208615864437e-05;2.6573582768271131e-05;3.6713208615864437e-05,"[0.0793,0.0794]",0,0,0.0793,0.0794,0.0794,0,1
794,0.0793,0;6;0|3.6713208615864437e-05;2.6573582768271131e-05;3.6713208615864437e-05,"[0.0793,0.0794]",0|0.0001,0|0.0001,"[0.0794,0.0795]",-5.44081715999563,4.62072880349463,0.0794,0.0795,0.0795,0,1
795,0.0794,0|0.0001,"[0.0794,0.0795]",0;1;0|3.8148658674973269e-05;2.3702682650053467e-05;3.8148658674973269e-05,0;1;0|3.8148658674973269e-05;2.3702682650053467e-05;3.8148658674973269e-05,"[0.0795,0.0796]",1.63133470689572,8.34560063213154,0.0795,0.0796,0.0796,0,1
796,0.0795,0;1;0|3.8148658674973269e-05;2.3702682650053467e-05;3.8148658674973269e-05,"[0.0795,0.0796]",0;6;0|3.7357156198205068e-05;2.528568760358987e-05;3.7357156198205068e-05,0;6;0|3.7357156198205068e-05;2.528568760358987e-05;3.7357156198205068e-05,"[0.0796,0.0797]",0,0,0.0796,0.0797,0.0797,0,1
797,0.0796,0;6;0|3.7357156198205068e-05;2.528568760358987e-05;3.7357156198205068e-05,"[0.0796,0.0797]",0|0.0001,0|0.0001,"[0.0797,0.0798]",-5.59211896960493,5.1242836676204,0.0797,0.0798,0.0798,0,1
798,0.0797,0|0.0001,"[0.0797,0.0798]",0;1;0|3.7308000327415032e-05;2.5383999345169934e-05;3.7308000327415032e-05,0;1;0|3.7308000327415032e-05;2.5383999345169934e-05;3.7308000327415032e-05,"[0.0798,0.0799]",1.850471346304,7.87698127135954,0.0798,0.0799,0.0799,0,1
799,0.0798,0;1;0|3.7308000327415032e-05;2.5383999345169934e-05;3.7308000327415032e-05,"[0.0798,0.0799]",0;1;0|4.3537814600662566e-05;1.2924370798674873e-05;4.3537814600662566e-05,0;1;0|4.3537814600662566e-05;1.2924370798674873e-05;4.3537814600662566e-05,"[0.0799,0.08]",0,0,0.0799,0.08,0.08,0,1
800,0.0799,0;1;0|4.3537814600662566e-05;1.2924370798674873e-05;4.3537814600662566e-05,"[0.0799,0.08]",0;6;0|3.5828750011697445e-05;2.8342499976605118e-05;3.5828750011697445e-05,0;6;0|3.5828750011697445e-05;2.8342499976605118e-05;3.5828750011697445e-05,"[0.08,0.0801]",-5.7776979597004,5.70958688318568,0.08,0.0801,0.0801,0,1
801,0.08,0;6;0|3.5828750011697445e-05;2.8342499976605118e-05;3.5828750011697445e-05,"[0.08,0.0801]",0|0.0001,0|0.0001,"[0.0801,0.0802]",-2.90497688809298,2.9437968338711,0.0801,0.0802,0.0802,0,1
802,0.0801,0|0.0001,"[0.0801,0.0802]",0;1;0|3.7459748096271489e-05;2.5080503807457033e-05;3.7459748096271489e-05,0;1;0|3.7459748096271489e-05;2.5080503807457033e-05;3.7459748096271489e-05,"[0.0802,0.0803]",2.51517594437431,8.71387020749358,0.0802,0.0803,0.0803,0,1
803,0.0802,0;1;0|3.7459748096271489e-05;2.5080503807457033e-05;3.7459748096271489e-05,"[0.0802,0.0803]",0;1;0|4.3670532388569292e-05;1.2658935222861423e-05;4.3670532388569292e-05,0;1;0|4.3670532388569292e-05;1.2658935222861423e-05;4.3670532388569292e-05,"[0.0803,0.0804]",0,0,0.0803,0.0804,0.0804,0,1
804,0.0803,0;1;0|4.3670532388569292e-05;1.2658935222861423e-05;4.3670532388569292e-05,"[0.0803,0.0804]",0;6;0|3.6917665796379311e-05;2.6164668407241379e-05;3.6917665796379311e-05,0;6;0|3.6917665796379311e-05;2.6164668407241379e-05;3.6917665796379311e-05,"[0.0804,0.0805]",-5.41796417798619,5.92102248776435,0.0804,0.0805,0.0805,0,1
805,0.0804,0;6;0|3.6917665796379311e-05;2.6164668407241379e-05;3.6917665796379311e-05,"[0.0804,0.0805]",0|0.0001,0|0.0001,"[0.0805,0.0806]",-2.69685050621552,3.02265747036099,0.0805,0.0806,0.0806,0,1
806,0.0805,0|0.0001,"[0.0805,0.0806]",0;1;0|3.6051785520599688e-05;2.7896428958800631e-05;3.6051785520599688e-05,0;1;0|3.6051785520599688e-05;2.7896428958800631e-05;3.6051785520599688e-05,"[0.0806,0.0807]",2.7231579787146,7.91747520387141,0.0806,0.0807,0.0807,0,1
807,0.0806,0;1;0|3.6051785520599688e-05;2.7896428958800631e-05;3.6051785520599688e-05,"[0.0806,0.0807]",0;1;0|4.3757699335227926e-05;1.2484601329544157e-05;4.3757699335227926e-05,0;1;0|4.3757699335227926e-05;1.2484601329544157e-05;4.3757699335227926e-05,"[0.0807,0.0808]",0,0,0.0807,0.0808,0.0808,0,1
808,0.0807,0;1;0|4.3757699335227926e-05;1.2484601329544157e-05;4.3757699335227926e-05,"[0.0807,0.0808]",0;1;0|4.3820310718937414e-05;1.2359378562125181e-05;4.3820310718937414e-05,0;1;0|4.3820310718937414e-05;1.2359378562125181e-05;4.3820310718937414e-05,"[0.0808,0.0809]",-5.68775773645956,6.88027561900348,0.0808,0.0809,0.0809,0,1
809,0.0808,0;1;0|4.3820310718937414e-05;1.2359378562125181e-05;4.3820310718937414e-05,"[0.0808,0.0809]",0;6;0|3.6720646456694437e-05;2.6558707086611134e-05;3.6720646456694437e-05,0;6;0|3.6720646456694437e-05;2.6558707086611134e-05;3.6720646456694437e-05,"[0.0809,0.081]",-2.50657135763609,3.1109007881484,0.0809,0.081,0.081,0,1
810,0.0809,0;6;0|3.6720646456694437e-05;2.6558707086611134e-05;3.6720646456694437e-05,"[0.0809,0.081]",0;1;0|4.1111459410306211e-05;1.7777081179387579e-05;4.1111459410306211e-05,0;1;0|4.1111459410306211e-05;1.7777081179387579e-05;4.1111459410306211e-05,"[0.081,0.0811]",-2.44253447205462,3.11063648941457,0.081,0.0811,0.0811,0,1
811,0.081,0;1;0|4.1111459410306211e-05;1.7777081179387579e-05;4.1111459410306211e-05,"[0.081,0.0811]",0;1;0|4.3763845760798643e-05;1.2472308478402716e-05;4.3763845760798643e-05,0;1;0|4.3763845760798643e-05;1.2472308478402716e-05;4.3763845760798643e-05,"[0.0811,0.0812]",3.26334347721336,7.84728981075885,0.0811,0.0812,0.0812,0,1
812,0.0811,0;1;0|4.3763845760798643e-05;1.2472308478402716e-05;4.3763845760798643e-05,"[0.0811,0.0812]",0;1;0|4.373477510114963e-05;1.2530449797700741e-05;4.373477510114963e-05,0;1;0|4.373477510114963e-05;1.2530449797700741e-05;4.373477510114963e-05,"[0.0812,0.0813]",-3.39966735100432,4.56105059224181,0.0812,0.0813,0.0813,0,1
813,0.0812,0;1;0|4.373477510114963e-05;1.2530449797700741e-05;4.373477510114963e-05,"[0.0812,0.0813]",0;1;0|4.3756423097748954e-05;1.2487153804502103e-05;4.3756423097748954e-05,0;1;0|4.3756423097748954e-05;1.2487153804502103e-05;4.3756423097748954e-05,"[0.0813,0.0814]",-2.344789308819,3.22972929583344,0.0813,0.0814,0.0814,0,1
814,0.0813,0;1;0|4.3756423097748954e-05;1.2487153804502103e-05;4.3756423097748954e-05,"[0.0813,0.0814]",0;6;0|3.9188595312561181e-05;2.1622809374877647e-05;3.9188595312561181e-05,0;6;0|3.9188595312561181e-05;2.1622809374877647e-05;3.9188595312561181e-05,"[0.0814,0.0815]",-2.31475975820145,3.27413098213854,0.0814,0.0815,0.0815,0,1
815,0.0814,0;6;0|3.9188595312561181e-05;2.1622809374877647e-05;3.9188595312561181e-05,"[0.0814,0.0815]",0;1;0|3.905862264662653e-05;2.1882754706746945e-05;3.905862264662653e-05,0;1;0|3.905862264662653e-05;2.1882754706746945e-05;3.905862264662653e-05,"[0.0815,0.0816]",-2.2655788223049,3.29154724073378,0.0815,0.0816,0.0816,0,1
816,0.0815,0;1;0|3.905862264662653e-05;2.1882754706746945e-05;3.905862264662653e-05,"[0.0815,0.0816]",0;1;0|4.3759353479645272e-05;1.2481293040709463e-05;4.3759353479645272e-05,0;1;0|4.3759353479645272e-05;1.2481293040709463e-05;4.3759353479645272e-05,"[0.0816,0.0817]",3.05277429750371,6.20944987413216,0.0816,0.0817,0.0817,0,1
817,0.0816,0;1;0|4.3759353479645272e-05;1.2481293040709463e-05;4.3759353479645272e-05,"[0.0816,0.0817]",0;1;0|4.3732840173996544e-05;1.2534319652006909e-05;4.3732840173996544e-05,0;1;0|4.3732840173996544e-05;1.2534319652006909e-05;4.3732840173996544e-05,"[0.0817,0.0818]",-3.82403995749875,5.8661286763548,0.0817,0.0818,0.0818,0,1
818,0.0817,0;1;0|4.3732840173996544e-05;1.2534319652006909e-05;4.3732840173996544e-05,"[0.0817,0.0818]",0;1;0|4.370044864701165e-05;1.2599102705976698e-05;4.370044864701165e-05,0;1;0|4.370044864701165e-05;1.2599102705976698e-05;4.370044864701165e-05,"[0.0818,0.0819]",-2.13890569704068,3.37301474030229,0.0818,0.0819,0.0819,0,1
819,0.0818,0;1;0|4.370044864701165e-05;1.2599102705976698e-05;4.370044864701165e-05,"[0.0818,0.0819]",0;1;0|4.3708464833301674e-05;1.2583070333396657e-05;4.3708464833301674e-05,0;1;0|4.3708464833301674e-05;1.2583070333396657e-05;4.3708464833301674e-05,"[0.0819,0.082]",-2.1052577018832,3.41406926239978,0.0819,0.082,0.082,0,1
820,0.0819,0;1;0|4.3708464833301674e-05;1.2583070333396657e-05;4.3708464833301674e-05,"[0.0819,0.082]",0;6;0|3.9725178200419532e-05;2.0549643599160941e-05;3.9725178200419532e-05,0;6;0|3.9725178200419532e-05;2.0549643599160941e-05;3.9725178200419532e-05,"[0.082,0.0821]",-2.0728484838998,3.45803525082655,0.082,0.0821,0.0821,0,1
821,0.082,0;6;0|3.9725178200419532e-05;2.0549643599160941e-05;3.9725178200419532e-05,"[0.082,0.0821]",0;1;0|3.7414376761951259e-05;2.5171246476097494e-05;3.7414376761951259e-05,0;1;0|3.7414376761951259e-05;2.5171246476097494e-05;3.7414376761951259e-05,"[0.0821,0.0822]",-2.02664881283795,3.47937656377974,0.0821,0.0822,0.0822,0,1
822,0.0821,0;1;0|3.7414376761951259e-05;2.5171246476097494e-05;3.7414376761951259e-05,"[0.0821,0.0822]",0|0.0001,0|0.0001,"[0.0822,0.0823]",3.3375423290176,5.66595863488214,0.0822,0.0823,0.0823,0,1
823,0.0822,0|0.0001,"[0.0822,0.0823]",0;1;0|3.6799898612386404e-05;2.64002027752272e-05;3.6799898612386404e-05,0;1;0|3.6799898612386404e-05;2.64002027752272e-05;3.6799898612386404e-05,"[0.0823,0.0824]",-3.87793003126235,7.059847275024,0.0823,0.0824,0.0824,0,1
824,0.0823,0;1;0|3.6799898612386404e-05;2.64002027752272e-05;3.6799898612386404e-05,"[0.0823,0.0824]",0;1;0|4.3537242229199291e-05;1.2925515541601421e-05;4.3537242229199291e-05,0;1;0|4.3537242229199291e-05;1.2925515541601421e-05;4.3537242229199291e-05,"[0.0824,0.0825]",0,0,0.0824,0.0825,0.0825,0,1
825,0.0824,0;1;0|4.3537242229199291e-05;1.2925515541601421e-05;4.3537242229199291e-05,"[0.0824,0.0825]",0;1;0|4.3516724985758725e-05;1.2966550028482561e-05;4.3516724985758725e-05,0;1;0|4.3516724985758725e-05;1.2966550028482561e-05;4.3516724985758725e-05,"[0.0825,0.0826]",-3.87990419113025,7.50440829251292,0.0825,0.0826,0.0826,0,1
826,0.0825,0;1;0|4.3516724985758725e-05;1.2966550028482561e-05;4.3516724985758725e-05,"[0.0825,0.0826]",0;1;0|4.3422596149292649e-05;1.3154807701414701e-05;4.3422596149292649e-05,0;1;0|4.3422596149292649e-05;1.3154807701414701e-05;4.3422596149292649e-05,"[0.0826,0.0827]",-1.85327808426,3.69773187628016,0.0826,0.0827,0.0827,0,1
827,0.0826,0;1;0|4.3422596149292649e-05;1.3154807701414701e-05;4.3422596149292649e-05,"[0.0826,0.0827]",0;1;0|4.3392736064256543e-05;1.321452787148692e-05;4.3392736064256543e-05,0;1;0|4.3392736064256543e-05;1.321452787148692e-05;4.3392736064256543e-05,"[0.0827,0.0828]",-1.81240151265558,3.73254043892047,0.0827,0.0828,0.0828,0,1
828,0.0827,0;1;0|4.3392736064256543e-05;1.321452787148692e-05;4.3392736064256543e-05,"[0.0827,0.0828]",0;1;0|4.3361590553219574e-05;1.3276818893560861e-05;4.3361590553219574e-05,0;1;0|4.3361590553219574e-05;1.3276818893560861e-05;4.3361590553219574e-05,"[0.0828,0.0829]",-1.79098585337127,3.80953852280441,0.0828,0.0829,0.0829,0,1
829,0.0828,0;1;0|4.3361590553219574e-05;1.3276818893560861e-05;4.3361590553219574e-05,"[0.0828,0.0829]",0;1;0|4.3322582141131229e-05;1.3354835717737551e-05;4.3322582141131229e-05,0;1;0|4.3322582141131229e-05;1.3354835717737551e-05;4.3322582141131229e-05,"[0.0829,0.083]",-1.75088637989963,3.84913867817095,0.0829,0.083,0.083,0,1
830,0.0829,0;1;0|4.3322582141131229e-05;1.3354835717737551e-05;4.3322582141131229e-05,"[0.0829,0.083]",0;1;0|4.3290156766388262e-05;1.341968646722348e-05;4.3290156766388262e-05,0;1;0|4.3290156766388262e-05;1.341968646722348e-05;4.3290156766388262e-05,"[0.083,0.0831]",-1.71040443361882,3.88908293490076,0.083,0.0831,0.0831,0,1
831,0.083,0;1;0|4.3290156766388262e-05;1.341968646722348e-05;4.3290156766388262e-05,"[0.083,0.0831]",0;1;0|4.3242807942608321e-05;1.3514384114783368e-05;4.3242807942608321e-05,0;1;0|4.3242807942608321e-05;1.3514384114783368e-05;4.3242807942608321e-05,"[0.0831,0.0832]",-1.67116167647068,3.93324627817611,0.0831,0.0832,0.0832,0,1
832,0.0831,0;1;0|4.3242807942608321e-05;1.3514384114783368e-05;4.3242807942608321e-05,"[0.0831,0.0832]",0;6;0|3.9810365567386522e-05;2.0379268865226956e-05;3.9810365567386522e-05,0;6;0|3.9810365567386522e-05;2.0379268865226956e-05;3.9810365567386522e-05,"[0.0832,0.0833]",-1.62947886952366,3.97313582266484,0.0832,0.0833,0.0833,0,1
833,0.0832,0;6;0|3.9810365567386522e-05;2.0379268865226956e-05;3.9810365567386522e-05,"[0.0832,0.0833]",0;1;0|3.6444630122617169e-05;2.711073975476567e-05;3.6444630122617169e-05,0;1;0|3.6444630122617169e-05;2.711073975476567e-05;3.6444630122617169e-05,"[0.0833,0.0834]",-1.59056902419688,4.02147741093505,0.0833,0.0834,0.0834,0,1
834,0.0833,0;1;0|3.6444630122617169e-05;2.711073975476567e-05;3.6444630122617169e-05,"[0.0833,0.0834]",0|0.0001,0|0.0001,"[0.0834,0.0835]",4.11642489118929,5.05798982818995,0.0834,0.0835,0.0835,0,1
835,0.0834,0|0.0001,"[0.0834,0.0835]",0;1;0|3.5671137221537123e-05;2.8657725556925762e-05;3.5671137221537123e-05,0;1;0|3.5671137221537123e-05;2.8657725556925762e-05;3.5671137221537123e-05,"[0.0835,0.0836]",-2.98704476120817,8.14498409474957,0.0835,0.0836,0.0836,0,1
836,0.0835,0;1;0|3.5671137221537123e-05;2.8657725556925762e-05;3.5671137221537123e-05,"[0.0835,0.0836]",0|0.0001,0|0.0001,"[0.0836,0.0837]",0,0,0.0836,0.0837,0.0837,0,1
837,0.0836,0|0.0001,"[0.0836,0.0837]",0;1;0|3.5625622580270824e-05;2.8748754839458354e-05;3.5625622580270824e-05,0;1;0|3.5625622580270824e-05;2.8748754839458354e-05;3.5625622580270824e-05,"[0.0837,0.0838]",-2.94012967889882,8.68637999644826,0.0837,0.0838,0.0838,0,1
838,0.0837,0;1;0|3.5625622580270824e-05;2.8748754839458354e-05;3.5625622580270824e-05,"[0.0837,0.0838]",0|0.0001,0|0.0001,"[0.0838,0.0839]",0,0,0.0838,0.0839,0.0839,0,1
839,0.0838,0|0.0001,"[0.0838,0.0839]",0;1;0|3.580598804066739e-05;2.8388023918665225e-05;3.580598804066739e-05,0;1;0|3.580598804066739e-05;2.8388023918665225e-05;3.580598804066739e-05,"[0.0839,0.084]",-2.7295543835072,8.78534014827946,0.0839,0.084,0.084,0,1
840,0.0839,0;1;0|3.580598804066739e-05;2.8388023918665225e-05;3.580598804066739e-05,"[0.0839,0.084]",0|0.0001,0|0.0001,"[0.084,0.0841]",0,0,0.084,0.0841,0.0841,0,1
841,0.084,0|0.0001,"[0.084,0.0841]",0;1;0|3.5284901381967584e-05;2.9430197236064843e-05;3.5284901381967584e-05,0;1;0|3.5284901381967584e-05;2.9430197236064843e-05;3.5284901381967584e-05,"[0.0841,0.0842]",-2.47644733310295,8.74009785825389,0.0841,0.0842,0.0842,0,1
842,0.0841,0;1;0|3.5284901381967584e-05;2.9430197236064843e-05;3.5284901381967584e-05,"[0.0841,0.0842]",0;1;0|4.1883810476971525e-05;1.6232379046056956e-05;4.1883810476971525e-05,0;1;0|4.1883810476971525e-05;1.6232379046056956e-05;4.1883810476971525e-05,"[0.0842,0.0843]",0,0,0.0842,0.0843,0.0843,0,1
843,0.0842,0;1;0|4.1883810476971525e-05;1.6232379046056956e-05;4.1883810476971525e-05,"[0.0842,0.0843]",0;2;0|4.3873241648978461e-05;1.2253516702043086e-05;4.3873241648978461e-05,0;2;0|4.3873241648978461e-05;1.2253516702043086e-05;4.3873241648978461e-05,"[0.0843,0.0844]",-2.33884834730844,9.12261842708053,0.0843,0.0844,0.0844,0,1
844,0.0843,0;2;0|4.3873241648978461e-05;1.2253516702043086e-05;4.3873241648978461e-05,"[0.0843,0.0844]",0;1;0|3.9573554744141732e-05;2.0852890511716538e-05;3.9573554744141732e-05,0;1;0|3.9573554744141732e-05;2.0852890511716538e-05;3.9573554744141732e-05,"[0.0844,0.0845]",-1.226674535862,5.04744082118278,0.0844,0.0845,0.0845,0,1
845,0.0844,0;1;0|3.9573554744141732e-05;2.0852890511716538e-05;3.9573554744141732e-05,"[0.0844,0.0845]",0|0.0001,0|0.0001,"[0.0845,0.0846]",-3.74858255311503,1.15037072762127,0.0845,0.0846,0.0846,0,1
846,0.0845,0|0.0001,"[0.0845,0.0846]",0;1;0|3.6144746357716161e-05;2.7710507284567682e-05;3.6144746357716161e-05,0;1;0|3.6144746357716161e-05;2.7710507284567682e-05;3.6144746357716161e-05,"[0.0846,0.0847]",-1.41239895133793,6.52173725123053,0.0846,0.0847,0.0847,0,1
847,0.0846,0;1;0|3.6144746357716161e-05;2.7710507284567682e-05;3.6144746357716161e-05,"[0.0846,0.0847]",0|0.0001,0|0.0001,"[0.0847,0.0848]",0,0,0.0847,0.0848,0.0848,0,1
848,0.0847,0|0.0001,"[0.0847,0.0848]",0;1;0|3.3628398476319307e-05;3.274320304736139e-05;3.3628398476319307e-05,0;1;0|3.3628398476319307e-05;3.274320304736139e-05;3.3628398476319307e-05,"[0.0848,0.0849]",-1.65849449003256,8.71088461276252,0.0848,0.0849,0.0849,0,1
849,0.0848,0;1;0|3.3628398476319307e-05;3.274320304736139e-05;3.3628398476319307e-05,"[0.0848,0.0849]",0;2;0|4.3079604633664715e-05;1.3840790732670574e-05;4.3079604633664715e-05,0;2;0|4.3079604633664715e-05;1.3840790732670574e-05;4.3079604633664715e-05,"[0.0849,0.085]",0,0,0.0849,0.085,0.085,0,1
850,0.0849,0;2;0|4.3079604633664715e-05;1.3840790732670574e-05;4.3079604633664715e-05,"[0.0849,0.085]",0;1;0|4.1404318706444372e-05;1.7191362587111261e-05;4.1404318706444372e-05,0;1;0|4.1404318706444372e-05;1.7191362587111261e-05;4.1404318706444372e-05,"[0.085,0.0851]",-1.70042391252633,10.33892522111,0.085,0.0851,0.0851,0,1
851,0.085,0;1;0|4.1404318706444372e-05;1.7191362587111261e-05;4.1404318706444372e-05,"[0.085,0.0851]",0|0.0001,0|0.0001,"[0.0851,0.0852]",-4.12425148462873,1.61463942524302,0.0851,0.0852,0.0852,0,1
852,0.0851,0|0.0001,"[0.0851,0.0852]",0;1;0|3.5964535298527919e-05;2.807092940294417e-05;3.5964535298527919e-05,0;1;0|3.5964535298527919e-05;2.807092940294417e-05;3.5964535298527919e-05,"[0.0852,0.0853]",-0.756088020128978,5.44903007334461,0.0852,0.0853,0.0853,0,1
853,0.0852,0;1;0|3.5964535298527919e-05;2.807092940294417e-05;3.5964535298527919e-05,"[0.0852,0.0853]",0;2;0|4.2878028051839753e-05;1.4243943896320494e-05;4.2878028051839753e-05,0;2;0|4.2878028051839753e-05;1.4243943896320494e-05;4.2878028051839753e-05,"[0.0853,0.0854]",0,0,0.0853,0.0854,0.0854,0,1
854,0.0853,0;2;0|4.2878028051839753e-05;1.4243943896320494e-05;4.2878028051839753e-05,"[0.0853,0.0854]",0;1;0|3.9575210832155221e-05;2.0849578335689559e-05;3.9575210832155221e-05,0;1;0|3.9575210832155221e-05;2.0849578335689559e-05;3.9575210832155221e-05,"[0.0854,0.0855]",-1.01059516229329,8.92566805110772,0.0854,0.0855,0.0855,0,1
855,0.0854,0;1;0|3.9575210832155221e-05;2.0849578335689559e-05;3.9575210832155221e-05,"[0.0854,0.0855]",0|0.0001,0|0.0001,"[0.0855,0.0856]",-4.15553192872528,1.87282781163378,0.0855,0.0856,0.0856,0,1
856,0.0855,0|0.0001,"[0.0855,0.0856]",0;1;0|3.1685241556740226e-05;3.6629516886519552e-05;3.1685241556740226e-05,0;1;0|3.1685241556740226e-05;3.6629516886519552e-05;3.1685241556740226e-05,"[0.0856,0.0857]",-0.58377860618559,6.64627610145923,0.0856,0.0857,0.0857,0,1
857,0.0856,0;1;0|3.1685241556740226e-05;3.6629516886519552e-05;3.1685241556740226e-05,"[0.0856,0.0857]",0;3;0|4.3777550949676768e-05;1.2444898100646472e-05;4.3777550949676768e-05,0;3;0|4.3777550949676768e-05;1.2444898100646472e-05;4.3777550949676768e-05,"[0.0857,0.0858]",0,0,0.0857,0.0858,0.0858,0,1
858,0.0857,0;3;0|4.3777550949676768e-05;1.2444898100646472e-05;4.3777550949676768e-05,"[0.0857,0.0858]",0;1;0|3.7659973860159113e-05;2.4680052279681775e-05;3.7659973860159113e-05,0;1;0|3.7659973860159113e-05;2.4680052279681775e-05;3.7659973860159113e-05,"[0.0858,0.0859]",-0.731854435255176,11.6985756157404,0.0858,0.0859,0.0859,0,1
859,0.0858,0;1;0|3.7659973860159113e-05;2.4680052279681775e-05;3.7659973860159113e-05,"[0.0858,0.0859]",0;3;0|4.8770413240139389e-05;2.459173519721226e-06;4.8770413240139389e-05,0;3;0|4.8770413240139389e-05;2.459173519721226e-06;4.8770413240139389e-05,"[0.0859,0.086]",-3.34519475268918,-2.16076887081736,0.0859,0.086,0.086,0,1
860,0.0859,0;3;0|4.8770413240139389e-05;2.459173519721226e-06;4.8770413240139389e-05,"[0.0859,0.086]",0;2;0|3.6005102100152062e-05;2.7989795799695885e-05;3.6005102100152062e-05,0;2;0|3.6005102100152062e-05;2.7989795799695885e-05;3.6005102100152062e-05,"[0.086,0.0861]",-0.29486885474409,7.89211013383311,0.086,0.0861,0.0861,0,1
861,0.086,0;2;0|3.6005102100152062e-05;2.7989795799695885e-05;3.6005102100152062e-05,"[0.086,0.0861]",0;1;0|3.5703574213105226e-05;2.8592851573789549e-05;3.5703574213105226e-05,0;1;0|3.5703574213105226e-05;2.8592851573789549e-05;3.5703574213105226e-05,"[0.0861,0.0862]",-0.671548310427282,-0.410232116407658,0.0861,0.0862,0.0862,0,1
862,0.0861,0;1;0|3.5703574213105226e-05;2.8592851573789549e-05;3.5703574213105226e-05,"[0.0861,0.0862]",0|0.0001,0|0.0001,"[0.0862,0.0863]",-7.81087146138547,4.3833072798929,0.0862,0.0863,0.0863,0,1
863,0.0862,0|0.0001,"[0.0862,0.0863]",0;1;0|3.6613745634991864e-05;2.6772508730016277e-05;3.6613745634991864e-05,0;1;0|3.6613745634991864e-05;2.6772508730016277e-05;3.6613745634991864e-05,"[0.0863,0.0864]",0.00323896800882836,9.14971193032065,0.0863,0.0864,0.0864,0,1
864,0.0863,0;1;0|3.6613745634991864e-05;2.6772508730016277e-05;3.6613745634991864e-05,"[0.0863,0.0864]",0|0.0001,0|0.0001,"[0.0864,0.0865]",0,0,0.0864,0.0865,0.0865,0,1
865,0.0864,0|0.0001,"[0.0864,0.0865]",0;2;0|3.7400080838371466e-05;2.5199838323257079e-05;3.7400080838371466e-05,0;2;0|3.7400080838371466e-05;2.5199838323257079e-05;3.7400080838371466e-05,"[0.0865,0.0866]",0.218326414112573,8.56442042894075,0.0865,0.0866,0.0866,0,1
866,0.0865,0;2;0|3.7400080838371466e-05;2.5199838323257079e-05;3.7400080838371466e-05,"[0.0865,0.0866]",0;1;0|3.6530388065092319e-05;2.6939223869815366e-05;3.6530388065092319e-05,0;1;0|3.6530388065092319e-05;2.6939223869815366e-05;3.6530388065092319e-05,"[0.0866,0.0867]",0,0,0.0866,0.0867,0.0867,0,1
867,0.0866,0;1;0|3.6530388065092319e-05;2.6939223869815366e-05;3.6530388065092319e-05,"[0.0866,0.0867]",0|0.0001,0|0.0001,"[0.0867,0.0868]",-6.77062955069506,4.38016404746767,0.0867,0.0868,0.0868,0,1
868,0.0867,0|0.0001,"[0.0867,0.0868]",0;1;0|4.1635608543136235e-05;1.6728782913727531e-05;4.1635608543136235e-05,0;1;0|4.1635608543136235e-05;1.6728782913727531e-05;4.1635608543136235e-05,"[0.0868,0.0869]",0.544334507167044,8.60334879530113,0.0868,0.0869,0.0869,0,1
869,0.0868,0;1;0|4.1635608543136235e-05;1.6728782913727531e-05;4.1635608543136235e-05,"[0.0868,0.0869]",0;2;0|3.8720585758588337e-05;2.2558828482823327e-05;3.8720585758588337e-05,0;2;0|3.8720585758588337e-05;2.2558828482823327e-05;3.8720585758588337e-05,"[0.0869,0.087]",0,0,0.0869,0.087,0.087,0,1
870,0.0869,0;2;0|3.8720585758588337e-05;2.2558828482823327e-05;3.8720585758588337e-05,"[0.0869,0.087]",0;1;0|3.7770987909703904e-05;2.4458024180592192e-05;3.7770987909703904e-05,0;1;0|3.7770987909703904e-05;2.4458024180592192e-05;3.7770987909703904e-05,"[0.087,0.0871]",0.472173613157097,5.33234611434399,0.087,0.0871,0.0871,0,1
871,0.087,0;1;0|3.7770987909703904e-05;2.4458024180592192e-05;3.7770987909703904e-05,"[0.087,0.0871]",0|0.0001,0|0.0001,"[0.0871,0.0872]",-5.85638070057072,4.22069201953528,0.0871,0.0872,0.0872,0,1
872,0.0871,0|0.0001,"[0.0871,0.0872]",0;2;0|3.7992078956151429e-05;2.4015842087697142e-05;3.7992078956151429e-05,0;2;0|3.7992078956151429e-05;2.4015842087697142e-05;3.7992078956151429e-05,"[0.0872,0.0873]",0.88603096427132,7.776253062019,0.0872,0.0873,0.0873,0,1
873,0.0872,0;2;0|3.7992078956151429e-05;2.4015842087697142e-05;3.7992078956151429e-05,"[0.0872,0.0873]",0;1;0|3.6856981540875617e-05;2.6286036918248768e-05;3.6856981540875617e-05,0;1;0|3.6856981540875617e-05;2.6286036918248768e-05;3.6856981540875617e-05,"[0.0873,0.0874]",0,0,0.0873,0.0874,0.0874,0,1
874,0.0873,0;1;0|3.6856981540875617e-05;2.6286036918248768e-05;3.6856981540875617e-05,"[0.0873,0.0874]",0|0.0001,0|0.0001,"[0.0874,0.0875]",-6.06084547473187,4.72508675691544,0.0874,0.0875,0.0875,0,1
875,0.0874,0|0.0001,"[0.0874,0.0875]",0;2;0|3.8435572915491199e-05;2.312885416901761e-05;3.8435572915491199e-05,0;2;0|3.8435572915491199e-05;2.312885416901761e-05;3.8435572915491199e-05,"[0.0875,0.0876]",1.26657110626462,8.3156277627135,0.0875,0.0876,0.0876,0,1
876,0.0875,0;2;0|3.8435572915491199e-05;2.312885416901761e-05;3.8435572915491199e-05,"[0.0875,0.0876]",0;1;0|3.6930286005606284e-05;2.6139427988787434e-05;3.6930286005606284e-05,0;1;0|3.6930286005606284e-05;2.6139427988787434e-05;3.6930286005606284e-05,"[0.0876,0.0877]",0,0,0.0876,0.0877,0.0877,0,1
877,0.0876,0;1;0|3.6930286005606284e-05;2.6139427988787434e-05;3.6930286005606284e-05,"[0.0876,0.0877]",0|0.0001,0|0.0001,"[0.0877,0.0878]",-5.66133826345726,4.76733719515361,0.0877,0.0878,0.0878,0,1
878,0.0877,0|0.0001,"[0.0877,0.0878]",0;2;0|3.8053923232527086e-05;2.3892153534945839e-05;3.8053923232527086e-05,0;2;0|3.8053923232527086e-05;2.3892153534945839e-05;3.8053923232527086e-05,"[0.0878,0.0879]",1.57028142158875,8.21590123385791,0.0878,0.0879,0.0879,0,1
879,0.0878,0;2;0|3.8053923232527086e-05;2.3892153534945839e-05;3.8053923232527086e-05,"[0.0878,0.0879]",0;1;0|3.7406876707407139e-05;2.5186246585185731e-05;3.7406876707407139e-05,0;1;0|3.7406876707407139e-05;2.5186246585185731e-05;3.7406876707407139e-05,"[0.0879,0.088]",0,0,0.0879,0.088,0.088,0,1
880,0.0879,0;1;0|3.7406876707407139e-05;2.5186246585185731e-05;3.7406876707407139e-05,"[0.0879,0.088]",0|0.0001,0|0.0001,"[0.088,0.0881]",-5.65840701059433,5.14158868030974,0.088,0.0881,0.0881,0,1
881,0.088,0|0.0001,"[0.088,0.0881]",0;2;0|3.7328802396945253e-05;2.5342395206109502e-05;3.7328802396945253e-05,0;2;0|3.7328802396945253e-05;2.5342395206109502e-05;3.7328802396945253e-05,"[0.0881,0.0882]",1.81031266136658,7.85365536638789,0.0881,0.0882,0.0882,0,1
882,0.0881,0;2;0|3.7328802396945253e-05;2.5342395206109502e-05;3.7328802396945253e-05,"[0.0881,0.0882]",0;1;0|3.8679971920933153e-05;2.2640056158133692e-05;3.8679971920933153e-05,0;1;0|3.8679971920933153e-05;2.2640056158133692e-05;3.8679971920933153e-05,"[0.0882,0.0883]",0,0,0.0882,0.0883,0.0883,0,1
883,0.0882,0;1;0|3.8679971920933153e-05;2.2640056158133692e-05;3.8679971920933153e-05,"[0.0882,0.0883]",0;3;0|4.9459731303614875e-05;1.0805373927702574e-06;4.9459731303614875e-05,0;3;0|4.9459731303614875e-05;1.0805373927702574e-06;4.9459731303614875e-05,"[0.0883,0.0884]",-5.79205475520137,5.67601708757926,0.0883,0.0884,0.0884,0,1
884,0.0883,0;3;0|4.9459731303614875e-05;1.0805373927702574e-06;4.9459731303614875e-05,"[0.0883,0.0884]",0;2;0|3.6497020758306498e-05;2.7005958483387006e-05;3.6497020758306498e-05,0;2;0|3.6497020758306498e-05;2.7005958483387006e-05;3.6497020758306498e-05,"[0.0884,0.0885]",1.89222497178469,6.99334484229996,0.0884,0.0885,0.0885,0,1
885,0.0884,0;2;0|3.6497020758306498e-05;2.7005958483387006e-05;3.6497020758306498e-05,"[0.0884,0.0885]",0;1;0|3.9866957191965108e-05;2.0266085616069781e-05;3.9866957191965108e-05,0;1;0|3.9866957191965108e-05;2.0266085616069781e-05;3.9866957191965108e-05,"[0.0885,0.0886]",-0.335296080679739,-0.0844676892989255,0.0885,0.0886,0.0886,0,1
886,0.0885,0;1;0|3.9866957191965108e-05;2.0266085616069781e-05;3.9866957191965108e-05,"[0.0885,0.0886]",0;2;0|4.1638120602463681e-05;1.6723758795072642e-05;4.1638120602463681e-05,0;2;0|4.1638120602463681e-05;1.6723758795072642e-05;4.1638120602463681e-05,"[0.0886,0.0887]",-5.93990664193554,6.27694676975898,0.0886,0.0887,0.0887,0,1
887,0.0886,0;2;0|4.1638120602463681e-05;1.6723758795072642e-05;4.1638120602463681e-05,"[0.0886,0.0887]",0;1;0|4.4791907990723243e-05;1.0416184018553523e-05;4.4791907990723243e-05,0;1;0|4.4791907990723243e-05;1.0416184018553523e-05;4.4791907990723243e-05,"[0.0887,0.0888]",1.92855042126452,6.19175500446379,0.0887,0.0888,0.0888,0,1
888,0.0887,0;1;0|4.4791907990723243e-05;1.0416184018553523e-05;4.4791907990723243e-05,"[0.0887,0.0888]",0;2;0|3.9273809516697871e-05;2.1452380966604262e-05;3.9273809516697871e-05,0;2;0|3.9273809516697871e-05;2.1452380966604262e-05;3.9273809516697871e-05,"[0.0888,0.0889]",-3.57951316133102,3.97828332465158,0.0888,0.0889,0.0889,0,1
889,0.0888,0;2;0|3.9273809516697871e-05;2.1452380966604262e-05;3.9273809516697871e-05,"[0.0888,0.0889]",0;1;0|4.3855100687011137e-05;1.2289798625977728e-05;4.3855100687011137e-05,0;1;0|4.3855100687011137e-05;1.2289798625977728e-05;4.3855100687011137e-05,"[0.0889,0.089]",1.07087991054876,3.15646918293845,0.0889,0.089,0.089,0,1
890,0.0889,0;1;0|4.3855100687011137e-05;1.2289798625977728e-05;4.3855100687011137e-05,"[0.0889,0.089]",0;2;0|3.9448578808540694e-05;2.1102842382918617e-05;3.9448578808540694e-05,0;2;0|3.9448578808540694e-05;2.1102842382918617e-05;3.9448578808540694e-05,"[0.089,0.0891]",-4.46192366531183,5.21691415268546,0.089,0.0891,0.0891,0,1
891,0.089,0;2;0|3.9448578808540694e-05;2.1102842382918617e-05;3.9448578808540694e-05,"[0.089,0.0891]",0;1;0|4.4475001765487438e-05;1.1049996469025131e-05;4.4475001765487438e-05,0;1;0|4.4475001765487438e-05;1.1049996469025131e-05;4.4475001765487438e-05,"[0.0891,0.0892]",1.35669627683652,3.69131198895018,0.0891,0.0892,0.0892,0,1
892,0.0891,0;1;0|4.4475001765487438e-05;1.1049996469025131e-05;4.4475001765487438e-05,"[0.0891,0.0892]",0;2;0|3.9061228236920843e-05;2.187754352615832e-05;3.9061228236920843e-05,0;2;0|3.9061228236920843e-05;2.187754352615832e-05;3.9061228236920843e-05,"[0.0892,0.0893]",-4.25887085031835,5.24059220318384,0.0892,0.0893,0.0893,0,1
893,0.0892,0;2;0|3.9061228236920843e-05;2.187754352615832e-05;3.9061228236920843e-05,"[0.0892,0.0893]",0;1;0|4.479732260434148e-05;1.0405354791317049e-05;4.479732260434148e-05,0;1;0|4.479732260434148e-05;1.0405354791317049e-05;4.479732260434148e-05,"[0.0893,0.0894]",1.30285175169154,3.28722760428574,0.0893,0.0894,0.0894,0,1
894,0.0893,0;1;0|4.479732260434148e-05;1.0405354791317049e-05;4.479732260434148e-05,"[0.0893,0.0894]",0;2;0|3.8751240172355327e-05;2.2497519655289352e-05;3.8751240172355327e-05,0;2;0|3.8751240172355327e-05;2.2497519655289352e-05;3.8751240172355327e-05,"[0.0894,0.0895]",-4.27729155249869,5.54221730308294,0.0894,0.0895,0.0895,0,1
895,0.0894,0;2;0|3.8751240172355327e-05;2.2497519655289352e-05;3.8751240172355327e-05,"[0.0894,0.0895]",0;1;0|4.5191073797465095e-05;9.6178524050698107e-06;4.5191073797465095e-05,0;1;0|4.5191073797465095e-05;9.6178524050698107e-06;4.5191073797465095e-05,"[0.0895,0.0896]",1.304246797628,3.06364692877544,0.0895,0.0896,0.0896,0,1
896,0.0895,0;1;0|4.5191073797465095e-05;9.6178524050698107e-06;4.5191073797465095e-05,"[0.0895,0.0896]",0;2;0|3.8420118490184388e-05;2.3159763019631229e-05;3.8420118490184388e-05,0;2;0|3.8420118490184388e-05;2.3159763019631229e-05;3.8420118490184388e-05,"[0.0896,0.0897]",-4.25389102847388,5.80801018589145,0.0896,0.0897,0.0897,0,1
897,0.0896,0;2;0|3.8420118490184388e-05;2.3159763019631229e-05;3.8420118490184388e-05,"[0.0896,0.0897]",0;1;0|4.5570010991550219e-05;8.8599780168995708e-06;4.5570010991550219e-05,0;1;0|4.5570010991550219e-05;8.8599780168995708e-06;4.5570010991550219e-05,"[0.0897,0.0898]",1.27632049773079,2.80059312992241,0.0897,0.0898,0.0898,0,1
898,0.0897,0;1;0|4.5570010991550219e-05;8.8599780168995708e-06;4.5570010991550219e-05,"[0.0897,0.0898]",0;2;0|3.8098576436717281e-05;2.3802847126565439e-05;3.8098576436717281e-05,0;2;0|3.8098576436717281e-05;2.3802847126565439e-05;3.8098576436717281e-05,"[0.0898,0.0899]",-4.22747455245954,6.08713564136335,0.0898,0.0899,0.0899,0,1
899,0.0898,0;2;0|3.8098576436717281e-05;2.3802847126565439e-05;3.8098576436717281e-05,"[0.0898,0.0899]",0;1;0|4.5963666696239529e-05;8.0726666075209476e-06;4.5963666696239529e-05,0;1;0|4.5963666696239529e-05;8.0726666075209476e-06;4.5963666696239529e-05,"[0.0899,0.09]",1.24021015615862,2.54954857173956,0.0899,0.09,0.09,0,1
900,0.0899,0;1;0|4.5963666696239529e-05;8.0726666075209476e-06;4.5963666696239529e-05,"[0.0899,0.09]",0;2;0|3.7775345552107582e-05;2.4449308895784845e-05;3.7775345552107582e-05,0;2;0|3.7775345552107582e-05;2.4449308895784845e-05;3.7775345552107582e-05,"[0.09,0.0901]",-4.18627008475419,6.36336995512206,0.09,0.0901,0.0901,0,1
901,0.09,0;2;0|3.7775345552107582e-05;2.4449308895784845e-05;3.7775345552107582e-05,"[0.09,0.0901]",0;2;0|4.3688492132261245e-05;1.2623015735477509e-05;4.3688492132261245e-05,0;2;0|4.3688492132261245e-05;1.2623015735477509e-05;4.3688492132261245e-05,"[0.0901,0.0902]",1.18802329184482,2.29386101244766,0.0901,0.0902,0.0902,0,1
902,0.0901,0;2;0|4.3688492132261245e-05;1.2623015735477509e-05;4.3688492132261245e-05,"[0.0901,0.0902]",0;1;0|4.4674564494359147e-05;1.0650871011281717e-05;4.4674564494359147e-05,0;1;0|4.4674564494359147e-05;1.0650871011281717e-05;4.4674564494359147e-05,"[0.0902,0.0903]",-4.13435191335503,6.64218711704538,0.0902,0.0903,0.0903,0,1
903,0.0902,0;1;0|4.4674564494359147e-05;1.0650871011281717e-05;4.4674564494359147e-05,"[0.0902,0.0903]",0;2;0|3.7317879121348318e-05;2.5364241757303365e-05;3.7317879121348318e-05,0;2;0|3.7317879121348318e-05;2.5364241757303365e-05;3.7317879121348318e-05,"[0.0903,0.0904]",-2.09127695384899,3.45586900665098,0.0903,0.0904,0.0904,0,1
904,0.0903,0;2;0|3.7317879121348318e-05;2.5364241757303365e-05;3.7317879121348318e-05,"[0.0903,0.0904]",0|0.0001,0|0.0001,"[0.0904,0.0905]",1.68040190310832,2.96523410573998,0.0904,0.0905,0.0905,0,1
905,0.0904,0|0.0001,"[0.0904,0.0905]",0;2;0|3.7144072667880369e-05;2.5711854664239264e-05;3.7144072667880369e-05,0;2;0|3.7144072667880369e-05;2.5711854664239264e-05;3.7144072667880369e-05,"[0.0905,0.0906]",-4.02630500861247,7.04750816911412,0.0905,0.0906,0.0906,0,1
906,0.0905,0;2;0|3.7144072667880369e-05;2.5711854664239264e-05;3.7144072667880369e-05,"[0.0905,0.0906]",0;1;0|4.4511322823417725e-05;1.0977354353164551e-05;4.4511322823417725e-05,0;1;0|4.4511322823417725e-05;1.0977354353164551e-05;4.4511322823417725e-05,"[0.0906,0.0907]",0,0,0.0906,0.0907,0.0907,0,1
907,0.0906,0;1;0|4.4511322823417725e-05;1.0977354353164551e-05;4.4511322823417725e-05,"[0.0906,0.0907]",0;2;0|3.7463609250754776e-05;2.507278149849046e-05;3.7463609250754776e-05,0;2;0|3.7463609250754776e-05;2.507278149849046e-05;3.7463609250754776e-05,"[0.0907,0.0908]",-3.90066416023926,7.2444050732397,0.0907,0.0908,0.0908,0,1
908,0.0907,0;2;0|3.7463609250754776e-05;2.507278149849046e-05;3.7463609250754776e-05,"[0.0907,0.0908]",0|0.0001,0|0.0001,"[0.0908,0.0909]",1.8832771985867,2.96524929700782,0.0908,0.0909,0.0909,0,1
909,0.0908,0|0.0001,"[0.0908,0.0909]",0;2;0|3.5826309054571904e-05;2.83473818908562e-05;3.5826309054571904e-05,0;2;0|3.5826309054571904e-05;2.83473818908562e-05;3.5826309054571904e-05,"[0.0909,0.091]",-3.62498349988171,7.1577006311846,0.0909,0.091,0.091,0,1
910,0.0909,0;2;0|3.5826309054571904e-05;2.83473818908562e-05;3.5826309054571904e-05,"[0.0909,0.091]",0;2;0|4.3386555753159192e-05;1.3226888493681621e-05;4.3386555753159192e-05,0;2;0|4.3386555753159192e-05;1.3226888493681621e-05;4.3386555753159192e-05,"[0.091,0.0911]",0,0,0.091,0.0911,0.0911,0,1
911,0.091,0;2;0|4.3386555753159192e-05;1.3226888493681621e-05;4.3386555753159192e-05,"[0.091,0.0911]",0;1;0|4.5293211492119399e-05;9.4135770157612091e-06;4.5293211492119399e-05,0;1;0|4.5293211492119399e-05;9.4135770157612091e-06;4.5293211492119399e-05,"[0.0911,0.0912]",-3.89375988583337,8.19296147325481,0.0911,0.0912,0.0912,0,1
912,0.0911,0;1;0|4.5293211492119399e-05;9.4135770157612091e-06;4.5293211492119399e-05,"[0.0911,0.0912]",0;2;0|3.7741608207355149e-05;2.4516783585289706e-05;3.7741608207355149e-05,0;2;0|3.7741608207355149e-05;2.4516783585289706e-05;3.7741608207355149e-05,"[0.0912,0.0913]",-1.76864702000265,3.84536435610499,0.0912,0.0913,0.0913,0,1
913,0.0912,0;2;0|3.7741608207355149e-05;2.4516783585289706e-05;3.7741608207355149e-05,"[0.0912,0.0913]",0|0.0001,0|0.0001,"[0.0913,0.0914]",1.7714743496441,2.43641106734389,0.0913,0.0914,0.0914,0,1
914,0.0913,0|0.0001,"[0.0913,0.0914]",0;2;0|3.538795635980542e-05;2.9224087280389167e-05;3.538795635980542e-05,0;2;0|3.538795635980542e-05;2.9224087280389167e-05;3.538795635980542e-05,"[0.0914,0.0915]",-3.09813439443654,7.20773233662887,0.0914,0.0915,0.0915,0,1
915,0.0914,0;2;0|3.538795635980542e-05;2.9224087280389167e-05;3.538795635980542e-05,"[0.0914,0.0915]",0|0.0001,0|0.0001,"[0.0915,0.0916]",0,0,0.0915,0.0916,0.0916,0,1
916,0.0915,0|0.0001,"[0.0915,0.0916]",0;2;0|3.5495792850947274e-05;2.9008414298105453e-05;3.5495792850947274e-05,0;2;0|3.5495792850947274e-05;2.9008414298105453e-05;3.5495792850947274e-05,"[0.0916,0.0917]",-3.47591142634272,8.68173260122038,0.0916,0.0917,0.0917,0,1
917,0.0916,0;2;0|3.5495792850947274e-05;2.9008414298105453e-05;3.5495792850947274e-05,"[0.0916,0.0917]",0|0.0001,0|0.0001,"[0.0917,0.0918]",0,0,0.0917,0.0918,0.0918,0,1
918,0.0917,0|0.0001,"[0.0917,0.0918]",0;2;0|3.5674436334702159e-05;2.8651127330595694e-05;3.5674436334702159e-05,0;2;0|3.5674436334702159e-05;2.8651127330595694e-05;3.5674436334702159e-05,"[0.0918,0.0919]",-3.23260700446447,8.70164544232626,0.0918,0.0919,0.0919,0,1
919,0.0918,0;2;0|3.5674436334702159e-05;2.8651127330595694e-05;3.5674436334702159e-05,"[0.0918,0.0919]",0|0.0001,0|0.0001,"[0.0919,0.092]",0,0,0.0919,0.092,0.092,0,1
920,0.0919,0|0.0001,"[0.0919,0.092]",0;2;0|3.5814223191006089e-05;2.8371553617987828e-05;3.5814223191006089e-05,0;2;0|3.5814223191006089e-05;2.8371553617987828e-05;3.5814223191006089e-05,"[0.092,0.0921]",-2.97580388797059,8.67199111999623,0.092,0.0921,0.0921,0,1
921,0.092,0;2;0|3.5814223191006089e-05;2.8371553617987828e-05;3.5814223191006089e-05,"[0.092,0.0921]",0|0.0001,0|0.0001,"[0.0921,0.0922]",0,0,0.0921,0.0922,0.0922,0,1
922,0.0921,0|0.0001,"[0.0921,0.0922]",0;2;0|3.5908358395317773e-05;2.8183283209364452e-05;3.5908358395317773e-05,0;2;0|3.5908358395317773e-05;2.8183283209364452e-05;3.5908358395317773e-05,"[0.0922,0.0923]",-2.73003433363178,8.65871157495753,0.0922,0.0923,0.0923,0,1
923,0.0922,0;2;0|3.5908358395317773e-05;2.8183283209364452e-05;3.5908358395317773e-05,"[0.0922,0.0923]",0|0.0001,0|0.0001,"[0.0923,0.0924]",0,0,0.0923,0.0924,0.0924,0,1
924,0.0923,0|0.0001,"[0.0923,0.0924]",0;2;0|3.5984287491908771e-05;2.8031425016182465e-05;3.5984287491908771e-05,0;2;0|3.5984287491908771e-05;2.8031425016182465e-05;3.5984287491908771e-05,"[0.0924,0.0925]",-2.49491136537249,8.66668774162089,0.0924,0.0925,0.0925,0,1
925,0.0924,0;2;0|3.5984287491908771e-05;2.8031425016182465e-05;3.5984287491908771e-05,"[0.0924,0.0925]",0|0.0001,0|0.0001,"[0.0925,0.0926]",0,0,0.0925,0.0926,0.0926,0,1
926,0.0925,0|0.0001,"[0.0925,0.0926]",0;2;0|3.6041798348123303e-05;2.7916403303753402e-05;3.6041798348123303e-05,0;2;0|3.6041798348123303e-05;2.7916403303753402e-05;3.6041798348123303e-05,"[0.0926,0.0927]",-2.26406335798465,8.67962682648673,0.0926,0.0927,0.0927,0,1
927,0.0926,0;2;0|3.6041798348123303e-05;2.7916403303753402e-05;3.6041798348123303e-05,"[0.0926,0.0927]",0|0.0001,0|0.0001,"[0.0927,0.0928]",0,0,0.0927,0.0928,0.0928,0,1
928,0.0927,0|0.0001,"[0.0927,0.0928]",0;2;0|3.3965208870344649e-05;3.2069582259310713e-05;3.3965208870344649e-05,0;2;0|3.3965208870344649e-05;3.2069582259310713e-05;3.3965208870344649e-05,"[0.0928,0.0929]",-2.03683627916452,8.69794439450284,0.0928,0.0929,0.0929,0,1
929,0.0928,0;2;0|3.3965208870344649e-05;3.2069582259310713e-05;3.3965208870344649e-05,"[0.0928,0.0929]",0;3;0|4.3520859895120261e-05;1.2958280209759486e-05;4.3520859895120261e-05,0;3;0|4.3520859895120261e-05;1.2958280209759486e-05;4.3520859895120261e-05,"[0.0929,0.093]",0,0,0.0929,0.093,0.093,0,1
930,0.0929,0;3;0|4.3520859895120261e-05;1.2958280209759486e-05;4.3520859895120261e-05,"[0.0929,0.093]",0;2;0|4.034542519806415e-05;1.9309149603871704e-05;4.034542519806415e-05,0;2;0|4.034542519806415e-05;1.9309149603871704e-05;4.034542519806415e-05,"[0.093,0.0931]",-2.08802273799984,10.0476002671958,0.093,0.0931,0.0931,0,1
931,0.093,0;2;0|4.034542519806415e-05;1.9309149603871704e-05;4.034542519806415e-05,"[0.093,0.0931]",0|0.0001,0|0.0001,"[0.0931,0.0932]",-3.92119864271735,1.34866773751106,0.0931,0.0932,0.0932,0,1
932,0.0931,0|0.0001,"[0.0931,0.0932]",0;2;0|3.6208269550201986e-05;2.7583460899596026e-05;3.6208269550201986e-05,0;2;0|3.6208269550201986e-05;2.7583460899596026e-05;3.6208269550201986e-05,"[0.0932,0.0933]",-1.10477601435716,6.07936013251315,0.0932,0.0933,0.0933,0,1
933,0.0932,0;2;0|3.6208269550201986e-05;2.7583460899596026e-05;3.6208269550201986e-05,"[0.0932,0.0933]",0;3;0|4.4155330606454051e-05;1.1689338787091899e-05;4.4155330606454051e-05,0;3;0|4.4155330606454051e-05;1.1689338787091899e-05;4.4155330606454051e-05,"[0.0933,0.0934]",0,0,0.0933,0.0934,0.0934,0,1
934,0.0933,0;3;0|4.4155330606454051e-05;1.1689338787091899e-05;4.4155330606454051e-05,"[0.0933,0.0934]",0;2;0|3.8507485058294978e-05;2.2985029883410041e-05;3.8507485058294978e-05,0;2;0|3.8507485058294978e-05;2.2985029883410041e-05;3.8507485058294978e-05,"[0.0934,0.0935]",-1.35945197848251,8.72139068008269,0.0934,0.0935,0.0935,0,1
935,0.0934,0;2;0|3.8507485058294978e-05;2.2985029883410041e-05;3.8507485058294978e-05,"[0.0934,0.0935]",0|0.0001,0|0.0001,"[0.0935,0.0936]",-3.47161985500545,1.39278758227651,0.0935,0.0936,0.0936,0,1
936,0.0935,0|0.0001,"[0.0935,0.0936]",0;2;0|3.6358076010206951e-05;2.7283847979586102e-05;3.6358076010206951e-05,0;2;0|3.6358076010206951e-05;2.7283847979586102e-05;3.6358076010206951e-05,"[0.0936,0.0937]",-0.949828650625142,7.29362277921993,0.0936,0.0937,0.0937,0,1
937,0.0936,0;2;0|3.6358076010206951e-05;2.7283847979586102e-05;3.6358076010206951e-05,"[0.0936,0.0937]",0;3;0|4.3080906300861345e-05;1.3838187398277321e-05;4.3080906300861345e-05,0;3;0|4.3080906300861345e-05;1.3838187398277321e-05;4.3080906300861345e-05,"[0.0937,0.0938]",0,0,0.0937,0.0938,0.0938,0,1
938,0.0937,0;3;0|4.3080906300861345e-05;1.3838187398277321e-05;4.3080906300861345e-05,"[0.0937,0.0938]",0;3;0|4.2239648493389467e-05;1.5520703013221073e-05;4.2239648493389467e-05,0;3;0|4.2239648493389467e-05;1.5520703013221073e-05;4.2239648493389467e-05,"[0.0938,0.0939]",-0.909546572885075,8.68332546634324,0.0938,0.0939,0.0939,0,1
939,0.0938,0;3;0|4.2239648493389467e-05;1.5520703013221073e-05;4.2239648493389467e-05,"[0.0938,0.0939]",0;2;0|3.5783927632340482e-05;2.8432144735319045e-05;3.5783927632340482e-05,0;2;0|3.5783927632340482e-05;2.8432144735319045e-05;3.5783927632340482e-05,"[0.0939,0.094]",-4.02177210602773,1.85323533510697,0.0939,0.094,0.094,0,1
940,0.0939,0;2;0|3.5783927632340482e-05;2.8432144735319045e-05;3.5783927632340482e-05,"[0.0939,0.094]",0|0.0001,0|0.0001,"[0.094,0.0941]",-4.48428372157712,2.13507916474272,0.094,0.0941,0.0941,0,1
941,0.094,0|0.0001,"[0.094,0.0941]",0;2;0|3.6591528706238975e-05;2.6816942587522055e-05;3.6591528706238975e-05,0;2;0|3.6591528706238975e-05;2.6816942587522055e-05;3.6591528706238975e-05,"[0.0941,0.0942]",-0.606103040348234,9.07807540063939,0.0941,0.0942,0.0942,0,1
942,0.0941,0;2;0|3.6591528706238975e-05;2.6816942587522055e-05;3.6591528706238975e-05,"[0.0941,0.0942]",0|0.0001,0|0.0001,"[0.0942,0.0943]",0,0,0.0942,0.0943,0.0943,0,1
943,0.0942,0|0.0001,"[0.0942,0.0943]",0;3;2;3;0|3.3444033800792664e-05;6.0552809675689253e-06;2.1001370463276837e-05;6.0552809675689253e-06;3.3444033800792664e-05,0;3;2;3;0|3.3444033800792664e-05;6.0552809675689253e-06;2.1001370463276837e-05;6.0552809675689253e-06;3.3444033800792664e-05,"[0.0943,0.0944]",-0.356317487836737,8.57402093568059,0.0943,0.0944,0.0944,0,1
944,0.0943,0;3;2;3;0|3.3444033800792664e-05;6.0552809675689253e-06;2.1001370463276837e-05;6.0552809675689253e-06;3.3444033800792664e-05,"[0.0943,0.0944]",0|0.0001,0|0.0001,"[0.0944,0.0945]",0,0,0.0944,0.0945,0.0945,0,1
945,0.0944,0|0.0001,"[0.0944,0.0945]",0;2;0|3.6364746284870889e-05;2.7270507430258224e-05;3.6364746284870889e-05,0;2;0|3.6364746284870889e-05;2.7270507430258224e-05;3.6364746284870889e-05,"[0.0945,0.0946]",-3.49771810444351,8.60191850536673,0.0945,0.0946,0.0946,0,1
946,0.0945,0;2;0|3.6364746284870889e-05;2.7270507430258224e-05;3.6364746284870889e-05,"[0.0945,0.0946]",0;3;0|4.1878279058982541e-05;1.624344188203493e-05;4.1878279058982541e-05,0;3;0|4.1878279058982541e-05;1.624344188203493e-05;4.1878279058982541e-05,"[0.0946,0.0947]",0,0,0.0946,0.0947,0.0947,0,1
947,0.0946,0;3;0|4.1878279058982541e-05;1.624344188203493e-05;4.1878279058982541e-05,"[0.0946,0.0947]",0;3;0|4.3902195803273451e-05;1.2195608393453103e-05;4.3902195803273451e-05,0;3;0|4.3902195803273451e-05;1.2195608393453103e-05;4.3902195803273451e-05,"[0.0947,0.0948]",0.076195684128953,8.7262297213233,0.0947,0.0948,0.0948,0,1
948,0.0947,0;3;0|4.3902195803273451e-05;1.2195608393453103e-05;4.3902195803273451e-05,"[0.0947,0.0948]",0;2;0|3.6953457790169661e-05;2.6093084419660684e-05;3.6953457790169661e-05,0;2;0|3.6953457790169661e-05;2.6093084419660684e-05;3.6953457790169661e-05,"[0.0948,0.0949]",-4.44514561836573,2.69422705410081,0.0948,0.0949,0.0949,0,1
949,0.0948,0;2;0|3.6953457790169661e-05;2.6093084419660684e-05;3.6953457790169661e-05,"[0.0948,0.0949]",0|0.0001,0|0.0001,"[0.0949,0.095]",-3.31174166560195,2.0646095085439,0.0949,0.095,0.095,0,1
950,0.0949,0|0.0001,"[0.0949,0.095]",0;3;0|3.8829547731905639e-05;2.2340904536188731e-05;3.8829547731905639e-05,0;3;0|3.8829547731905639e-05;2.2340904536188731e-05;3.8829547731905639e-05,"[0.095,0.0951]",0.38754708244426,8.34078835859768,0.095,0.0951,0.0951,0,1
951,0.095,0;3;0|3.8829547731905639e-05;2.2340904536188731e-05;3.8829547731905639e-05,"[0.095,0.0951]",0;2;0|3.5970392079904462e-05;2.8059215840191078e-05;3.5970392079904462e-05,0;2;0|3.5970392079904462e-05;2.8059215840191078e-05;3.5970392079904462e-05,"[0.0951,0.0952]",0,0,0.0951,0.0952,0.0952,0,1
952,0.0951,0;2;0|3.5970392079904462e-05;2.8059215840191078e-05;3.5970392079904462e-05,"[0.0951,0.0952]",0|0.0001,0|0.0001,"[0.0952,0.0953]",-5.91985764030149,4.00808751217611,0.0952,0.0953,0.0953,0,1
953,0.0952,0|0.0001,"[0.0952,0.0953]",0;3;0|3.9703302220245279e-05;2.0593395559509444e-05;3.9703302220245279e-05,0;3;0|3.9703302220245279e-05;2.0593395559509444e-05;3.9703302220245279e-05,"[0.0953,0.0954]",0.754506417193905,8.94719209850865,0.0953,0.0954,0.0954,0,1
954,0.0953,0;3;0|3.9703302220245279e-05;2.0593395559509444e-05;3.9703302220245279e-05,"[0.0953,0.0954]",0;2;0|3.5802813930992267e-05;2.8394372138015468e-05;3.5802813930992267e-05,0;2;0|3.5802813930992267e-05;2.8394372138015468e-05;3.5802813930992267e-05,"[0.0954,0.0955]",0,0,0.0954,0.0955,0.0955,0,1
955,0.0954,0;2;0|3.5802813930992267e-05;2.8394372138015468e-05;3.5802813930992267e-05,"[0.0954,0.0955]",0|0.0001,0|0.0001,"[0.0955,0.0956]",-5.31367907886817,3.89761719149663,0.0955,0.0956,0.0956,0,1
956,0.0955,0|0.0001,"[0.0955,0.0956]",0;3;0|3.9536590067847342e-05;2.0926819864305321e-05;3.9536590067847342e-05,0;3;0|3.9536590067847342e-05;2.0926819864305321e-05;3.9536590067847342e-05,"[0.0956,0.0957]",1.10422547911556,9.01885247070557,0.0956,0.0957,0.0957,0,1
957,0.0956,0;3;0|3.9536590067847342e-05;2.0926819864305321e-05;3.9536590067847342e-05,"[0.0956,0.0957]",0;2;0|3.6114113249214348e-05;2.7771773501571309e-05;3.6114113249214348e-05,0;2;0|3.6114113249214348e-05;2.7771773501571309e-05;3.6114113249214348e-05,"[0.0957,0.0958]",0,0,0.0957,0.0958,0.0958,0,1
958,0.0957,0;2;0|3.6114113249214348e-05;2.7771773501571309e-05;3.6114113249214348e-05,"[0.0957,0.0958]",0|0.0001,0|0.0001,"[0.0958,0.0959]",-5.24659497739557,4.16142480427021,0.0958,0.0959,0.0959,0,1
959,0.0958,0|0.0001,"[0.0958,0.0959]",0;3;0|3.8924873584302087e-05;2.215025283139583e-05;3.8924873584302087e-05,0;3;0|3.8924873584302087e-05;2.215025283139583e-05;3.8924873584302087e-05,"[0.0959,0.096]",1.4117147132738,8.77412407473238,0.0959,0.096,0.096,0,1
960,0.0959,0;3;0|3.8924873584302087e-05;2.215025283139583e-05;3.8924873584302087e-05,"[0.0959,0.096]",0;2;0|3.6677211734871391e-05;2.6645576530257227e-05;3.6677211734871391e-05,0;2;0|3.6677211734871391e-05;2.6645576530257227e-05;3.6677211734871391e-05,"[0.096,0.0961]",0,0,0.096,0.0961,0.0961,0,1
961,0.096,0;2;0|3.6677211734871391e-05;2.6645576530257227e-05;3.6677211734871391e-05,"[0.096,0.0961]",0|0.0001,0|0.0001,"[0.0961,0.0962]",-5.38336354268983,4.61088797282056,0.0961,0.0962,0.0962,0,1
962,0.0961,0|0.0001,"[0.0961,0.0962]",0;3;0|3.8124190772606631e-05;2.3751618454786739e-05;3.8124190772606631e-05,0;3;0|3.8124190772606631e-05;2.3751618454786739e-05;3.8124190772606631e-05,"[0.0962,0.0963]",1.67079258260468,8.36128549958702,0.0962,0.0963,0.0963,0,1
963,0.0962,0;3;0|3.8124190772606631e-05;2.3751618454786739e-05;3.8124190772606631e-05,"[0.0962,0.0963]",0;2;0|3.7392600612092549e-05;2.5214798775814907e-05;3.7392600612092549e-05,0;2;0|3.7392600612092549e-05;2.5214798775814907e-05;3.7392600612092549e-05,"[0.0963,0.0964]",0,0,0.0963,0.0964,0.0964,0,1
964,0.0963,0;2;0|3.7392600612092549e-05;2.5214798775814907e-05;3.7392600612092549e-05,"[0.0963,0.0964]",0|0.0001,0|0.0001,"[0.0964,0.0965]",-5.58210631844684,5.15829055810786,0.0964,0.0965,0.0965,0,1
965,0.0964,0|0.0001,"[0.0964,0.0965]",0;3;0|3.7235730984864149e-05;2.5528538030271702e-05;3.7235730984864149e-05,0;3;0|3.7235730984864149e-05;2.5528538030271702e-05;3.7235730984864149e-05,"[0.0965,0.0966]",1.8781697555024,7.84709963524941,0.0965,0.0966,0.0966,0,1
966,0.0965,0;3;0|3.7235730984864149e-05;2.5528538030271702e-05;3.7235730984864149e-05,"[0.0965,0.0966]",0;3;0|4.3549075916912865e-05;1.2901848166174271e-05;4.3549075916912865e-05,0;3;0|4.3549075916912865e-05;1.2901848166174271e-05;4.3549075916912865e-05,"[0.0966,0.0967]",0,0,0.0966,0.0967,0.0967,0,1
967,0.0966,0;3;0|4.3549075916912865e-05;1.2901848166174271e-05;4.3549075916912865e-05,"[0.0966,0.0967]",0;2;0|3.590777448517185e-05;2.8184451029656304e-05;3.590777448517185e-05,0;2;0|3.590777448517185e-05;2.8184451029656304e-05;3.590777448517185e-05,"[0.0967,0.0968]",-5.78649332228931,5.76638668811895,0.0967,0.0968,0.0968,0,1
968,0.0967,0;2;0|3.590777448517185e-05;2.8184451029656304e-05;3.590777448517185e-05,"[0.0967,0.0968]",0|0.0001,0|0.0001,"[0.0968,0.0969]",-2.88757967142764,2.95078814863191,0.0968,0.0969,0.0969,0,1
969,0.0968,0|0.0001,"[0.0968,0.0969]",0;3;0|3.7343207739549404e-05;2.5313584520901197e-05;3.7343207739549404e-05,0;3;0|3.7343207739549404e-05;2.5313584520901197e-05;3.7343207739549404e-05,"[0.0969,0.097]",2.53742531623468,8.65472545032274,0.0969,0.097,0.097,0,1
970,0.0969,0;3;0|3.7343207739549404e-05;2.5313584520901197e-05;3.7343207739549404e-05,"[0.0969,0.097]",0;3;0|4.367739114081266e-05;1.2645217718374681e-05;4.367739114081266e-05,0;3;0|4.367739114081266e-05;1.2645217718374681e-05;4.367739114081266e-05,"[0.097,0.0971]",0,0,0.097,0.0971,0.0971,0,1
971,0.097,0;3;0|4.367739114081266e-05;1.2645217718374681e-05;4.367739114081266e-05,"[0.097,0.0971]",0;2;0|3.7258776430205883e-05;2.5482447139588238e-05;3.7258776430205883e-05,0;2;0|3.7258776430205883e-05;2.5482447139588238e-05;3.7258776430205883e-05,"[0.0971,0.0972]",-5.4432346461399,5.9989014714242,0.0971,0.0972,0.0972,0,1
972,0.0971,0;2;0|3.7258776430205883e-05;2.5482447139588238e-05;3.7258776430205883e-05,"[0.0971,0.0972]",0;3;0|4.2159669133675674e-05;1.5680661732648656e-05;4.2159669133675674e-05,0;3;0|4.2159669133675674e-05;1.5680661732648656e-05;4.2159669133675674e-05,"[0.0972,0.0973]",-2.68125698415133,3.0306398291776,0.0972,0.0973,0.0973,0,1
973,0.0972,0;3;0|4.2159669133675674e-05;1.5680661732648656e-05;4.2159669133675674e-05,"[0.0972,0.0973]",0;3;0|4.3703936778788965e-05;1.2592126442422078e-05;4.3703936778788965e-05,0;3;0|4.3703936778788965e-05;1.2592126442422078e-05;4.3703936778788965e-05,"[0.0973,0.0974]",2.68443051338048,7.69985690194015,0.0973,0.0974,0.0974,0,1
974,0.0973,0;3;0|4.3703936778788965e-05;1.2592126442422078e-05;4.3703936778788965e-05,"[0.0973,0.0974]",0;3;0|4.3709119876786108e-05;1.2581760246427793e-05;4.3709119876786108e-05,0;3;0|4.3709119876786108e-05;1.2581760246427793e-05;4.3709119876786108e-05,"[0.0974,0.0975]",-3.22939180524009,3.84050301019545,0.0974,0.0975,0.0975,0,1
975,0.0974,0;3;0|4.3709119876786108e-05;1.2581760246427793e-05;4.3709119876786108e-05,"[0.0974,0.0975]",0;3;0|4.3753942933507513e-05;1.2492114132984976e-05;4.3753942933507513e-05,0;3;0|4.3753942933507513e-05;1.2492114132984976e-05;4.3753942933507513e-05,"[0.0975,0.0976]",-2.55435675847803,3.11640407210503,0.0975,0.0976,0.0976,0,1
976,0.0975,0;3;0|4.3753942933507513e-05;1.2492114132984976e-05;4.3753942933507513e-05,"[0.0975,0.0976]",0;2;0|3.6919558148040871e-05;2.6160883703918259e-05;3.6919558148040871e-05,0;2;0|3.6919558148040871e-05;2.6160883703918259e-05;3.6919558148040871e-05,"[0.0976,0.0977]",-2.51292380469836,3.1456644289873,0.0976,0.0977,0.0977,0,1
977,0.0976,0;2;0|3.6919558148040871e-05;2.6160883703918259e-05;3.6919558148040871e-05,"[0.0976,0.0977]",0;3;0|4.0942789357977306e-05;1.8114421284045392e-05;4.0942789357977306e-05,0;3;0|4.0942789357977306e-05;1.8114421284045392e-05;4.0942789357977306e-05,"[0.0977,0.0978]",-2.45557511190566,3.15435721156775,0.0977,0.0978,0.0978,0,1
978,0.0977,0;3;0|4.0942789357977306e-05;1.8114421284045392e-05;4.0942789357977306e-05,"[0.0977,0.0978]",0;3;0|4.3784841391186487e-05;1.2430317217627025e-05;4.3784841391186487e-05,0;3;0|4.3784841391186487e-05;1.2430317217627025e-05;4.3784841391186487e-05,"[0.0978,0.0979]",3.24681177821482,7.71621262671312,0.0978,0.0979,0.0979,0,1
979,0.0978,0;3;0|4.3784841391186487e-05;1.2430317217627025e-05;4.3784841391186487e-05,"[0.0978,0.0979]",0;3;0|4.3761784891896259e-05;1.2476430216207488e-05;4.3761784891896259e-05,0;3;0|4.3761784891896259e-05;1.2476430216207488e-05;4.3761784891896259e-05,"[0.0979,0.098]",-3.4446816992175,4.66207156283103,0.0979,0.098,0.098,0,1
980,0.0979,0;3;0|4.3761784891896259e-05;1.2476430216207488e-05;4.3761784891896259e-05,"[0.0979,0.098]",0;3;0|4.3766460135797121e-05;1.2467079728405762e-05;4.3766460135797121e-05,0;3;0|4.3766460135797121e-05;1.2467079728405762e-05;4.3766460135797121e-05,"[0.098,0.0981]",-2.3233913947916,3.2286160698364,0.098,0.0981,0.0981,0,1
981,0.098,0;3;0|4.3766460135797121e-05;1.2467079728405762e-05;4.3766460135797121e-05,"[0.098,0.0981]",0;2;0|3.9242114978140562e-05;2.1515770043718883e-05;3.9242114978140562e-05,0;2;0|3.9242114978140562e-05;2.1515770043718883e-05;3.9242114978140562e-05,"[0.0981,0.0982]",-2.29110497592269,3.26964160567295,0.0981,0.0982,0.0982,0,1
982,0.0981,0;2;0|3.9242114978140562e-05;2.1515770043718883e-05;3.9242114978140562e-05,"[0.0981,0.0982]",0;3;0|3.8951912996936754e-05;2.20961740061265e-05;3.8951912996936754e-05,0;3;0|3.8951912996936754e-05;2.20961740061265e-05;3.8951912996936754e-05,"[0.0982,0.0983]",-2.24815148736924,3.29570174165878,0.0982,0.0983,0.0983,0,1
983,0.0982,0;3;0|3.8951912996936754e-05;2.20961740061265e-05;3.8951912996936754e-05,"[0.0982,0.0983]",0;3;0|4.3754804938499279e-05;1.249039012300145e-05;4.3754804938499279e-05,0;3;0|4.3754804938499279e-05;1.249039012300145e-05;4.3754804938499279e-05,"[0.0983,0.0984]",3.06351675782755,6.16593295433115,0.0983,0.0984,0.0984,0,1
984,0.0983,0;3;0|4.3754804938499279e-05;1.249039012300145e-05;4.3754804938499279e-05,"[0.0983,0.0984]",0;3;0|4.3727063143400038e-05;1.2545873713199935e-05;4.3727063143400038e-05,0;3;0|4.3727063143400038e-05;1.2545873713199935e-05;4.3727063143400038e-05,"[0.0984,0.0985]",-3.83648982663788,5.93946248028454,0.0984,0.0985,0.0985,0,1
985,0.0984,0;3;0|4.3727063143400038e-05;1.2545873713199935e-05;4.3727063143400038e-05,"[0.0984,0.0985]",0;3;0|4.3691819986749066e-05;1.2616360026501873e-05;4.3691819986749066e-05,0;3;0|4.3691819986749066e-05;1.2616360026501873e-05;4.3691819986749066e-05,"[0.0985,0.0986]",-2.12630676829998,3.38440950515424,0.0985,0.0986,0.0986,0,1
986,0.0985,0;3;0|4.3691819986749066e-05;1.2616360026501873e-05;4.3691819986749066e-05,"[0.0985,0.0986]",0;3;0|4.369748771608283e-05;1.2605024567834348e-05;4.369748771608283e-05,0;3;0|4.369748771608283e-05;1.2605024567834348e-05;4.369748771608283e-05,"[0.0986,0.0987]",-2.09286586907498,3.42601293782777,0.0986,0.0987,0.0987,0,1
987,0.0986,0;3;0|4.369748771608283e-05;1.2605024567834348e-05;4.369748771608283e-05,"[0.0986,0.0987]",0;2;0|3.9904917472415575e-05;2.0190165055168855e-05;3.9904917472415575e-05,0;2;0|3.9904917472415575e-05;2.0190165055168855e-05;3.9904917472415575e-05,"[0.0987,0.0988]",-2.06116472651599,3.47143602832627,0.0987,0.0988,0.0988,0,1
988,0.0987,0;2;0|3.9904917472415575e-05;2.0190165055168855e-05;3.9904917472415575e-05,"[0.0987,0.0988]",0;3;0|3.7380766000304701e-05;2.5238467999390599e-05;3.7380766000304701e-05,0;3;0|3.7380766000304701e-05;2.5238467999390599e-05;3.7380766000304701e-05,"[0.0988,0.0989]",-2.01556722079259,3.49392060019842,0.0988,0.0989,0.0989,0,1
989,0.0988,0;3;0|3.7380766000304701e-05;2.5238467999390599e-05;3.7380766000304701e-05,"[0.0988,0.0989]",0|0.0001,0|0.0001,"[0.0989,0.099]",3.30244761310036,5.55305851708009,0.0989,0.099,0.099,0,1
990,0.0989,0|0.0001,"[0.0989,0.099]",0;3;0|3.6678278371702219e-05;2.6643443256595567e-05;3.6678278371702219e-05,0;3;0|3.6678278371702219e-05;2.6643443256595567e-05;3.6678278371702219e-05,"[0.099,0.0991]",-3.85860108796412,7.09492614339878,0.099,0.0991,0.0991,0,1
991,0.099,0;3;0|3.6678278371702219e-05;2.6643443256595567e-05;3.6678278371702219e-05,"[0.099,0.0991]",0;3;0|4.3522191027365294e-05;1.2955617945269413e-05;4.3522191027365294e-05,0;3;0|4.3522191027365294e-05;1.2955617945269413e-05;4.3522191027365294e-05,"[0.0991,0.0992]",0,0,0.0991,0.0992,0.0992,0,1
992,0.0991,0;3;0|4.3522191027365294e-05;1.2955617945269413e-05;4.3522191027365294e-05,"[0.0991,0.0992]",0;3;0|4.3498077718407206e-05;1.3003844563185596e-05;4.3498077718407206e-05,0;3;0|4.3498077718407206e-05;1.3003844563185596e-05;4.3498077718407206e-05,"[0.0992,0.0993]",-3.88389373917799,7.58988614170718,0.0992,0.0993,0.0993,0,1
993,0.0992,0;3;0|4.3498077718407206e-05;1.3003844563185596e-05;4.3498077718407206e-05,"[0.0992,0.0993]",0;3;0|4.3398382524957002e-05;1.3203234950085993e-05;4.3398382524957002e-05,0;3;0|4.3398382524957002e-05;1.3203234950085993e-05;4.3398382524957002e-05,"[0.0993,0.0994]",-1.84205286117618,3.71409210685955,0.0993,0.0994,0.0994,0,1
994,0.0993,0;3;0|4.3398382524957002e-05;1.3203234950085993e-05;4.3398382524957002e-05,"[0.0993,0.0994]",0;3;0|4.3364332783597222e-05;1.327133443280556e-05;4.3364332783597222e-05,0;3;0|4.3364332783597222e-05;1.327133443280556e-05;4.3364332783597222e-05,"[0.0994,0.0995]",-1.80191866403208,3.75085675636625,0.0994,0.0995,0.0995,0,1
995,0.0994,0;3;0|4.3364332783597222e-05;1.327133443280556e-05;4.3364332783597222e-05,"[0.0994,0.0995]",0;3;0|4.3329732626844924e-05;1.3340534746310161e-05;4.3329732626844924e-05,0;3;0|4.3329732626844924e-05;1.3340534746310161e-05;4.3329732626844924e-05,"[0.0995,0.0996]",-1.78154724626557,3.8310588243453,0.0995,0.0996,0.0996,0,1
996,0.0995,0;3;0|4.3329732626844924e-05;1.3340534746310161e-05;4.3329732626844924e-05,"[0.0995,0.0996]",0;3;0|4.3287707889302542e-05;1.3424584221394924e-05;4.3287707889302542e-05,0;3;0|4.3287707889302542e-05;1.3424584221394924e-05;4.3287707889302542e-05,"[0.0996,0.0997]",-1.74220515946431,3.8730170290587,0.0996,0.0997,0.0997,0,1
997,0.0996,0;3;0|4.3287707889302542e-05;1.3424584221394924e-05;4.3287707889302542e-05,"[0.0996,0.0997]",0;3;0|4.3252185279453433e-05;1.3495629441093142e-05;4.3252185279453433e-05,0;3;0|4.3252185279453433e-05;1.3495629441093142e-05;4.3252185279453433e-05,"[0.0997,0.0998]",-1.70222895506497,3.9149113652612,0.0997,0.0998,0.0998,0,1
998,0.0997,0;3;0|4.3252185279453433e-05;1.3495629441093142e-05;4.3252185279453433e-05,"[0.0997,0.0998]",0;3;0|4.32009908158166e-05;1.3598018368366807e-05;4.32009908158166e-05,0;3;0|4.32009908158166e-05;1.3598018368366807e-05;4.32009908158166e-05,"[0.0998,0.0999]",-1.66331339824287,3.96079050173067,0.0998,0.0999,0.0999,0,1
999,0.0998,0;3;0|4.32009908158166e-05;1.3598018368366807e-05;4.32009908158166e-05,"[0.0998,0.0999]",0;3;0|4.3123538955789476e-05;1.3752922088421058e-05;4.3123538955789476e-05,0;3;0|4.3123538955789476e-05;1.3752922088421058e-05;4.3123538955789476e-05,"[0.0999,0.1]",-1.62194906641344,4.00244918277768,0.0999,0.1,0.1,0,1
1000,0.0999,0;3;0|4.3123538955789476e-05;1.3752922088421058e-05;4.3123538955789476e-05,"[0.0999,0.1]",0;3;0|4.3035012091003644e-05;1.3929975817992711e-05;4.3035012091003644e-05,0;3;0|4.3035012091003644e-05;1.3929975817992711e-05;4.3035012091003644e-05,"[0.1,0.1001]",-1.58344895532881,4.05303274216033,0.1,0.1001,0.1001,0,1
1001,0.1,0;3;0|4.3035012091003644e-05;1.3929975817992711e-05;4.3035012091003644e-05,"[0.1,0.1001]",0;3;0|4.2933420234654906e-05;1.4133159530690195e-05;4.2933420234654906e-05,0;3;0|4.2933420234654906e-05;1.4133159530690195e-05;4.2933420234654906e-05,"[0.1001,0.1002]",-1.54984983416807,4.11900412319235,0.1001,0.1002,0.1002,0,1
1002,0.1001,0;3;0|4.2933420234654906e-05;1.4133159530690195e-05;4.2933420234654906e-05,"[0.1001,0.1002]",0;3;0|4.2816443896060742e-05;1.4367112207878527e-05;4.2816443896060742e-05,0;3;0|4.2816443896060742e-05;1.4367112207878527e-05;4.2816443896060742e-05,"[0.1002,0.1003]",-1.51725258178891,4.19142856018526,0.1002,0.1003,0.1003,0,1
1003,0.1002,0;3;0|4.2816443896060742e-05;1.4367112207878527e-05;4.2816443896060742e-05,"[0.1002,0.1003]",0;3;0|4.2681750247896191e-05;1.4636499504207616e-05;4.2681750247896191e-05,0;3;0|4.2681750247896191e-05;1.4636499504207616e-05;4.2681750247896191e-05,"[0.1003,0.1004]",-1.48582390073488,4.27157325162132,0.1003,0.1004,0.1004,0,1
1004,0.1003,0;3;0|4.2681750247896191e-05;1.4636499504207616e-05;4.2681750247896191e-05,"[0.1003,0.1004]",0;3;0|4.252662240498708e-05;1.4946755190025844e-05;4.252662240498708e-05,0;3;0|4.252662240498708e-05;1.4946755190025844e-05;4.252662240498708e-05,"[0.1004,0.1005]",-1.45573487353675,4.36091970678333,0.1004,0.1005,0.1005,0,1
1005,0.1004,0;3;0|4.252662240498708e-05;1.4946755190025844e-05;4.252662240498708e-05,"[0.1004,0.1005]",0;3;0|4.2347898320282432e-05;1.5304203359435144e-05;4.2347898320282432e-05,0;3;0|4.2347898320282432e-05;1.5304203359435144e-05;4.2347898320282432e-05,"[0.1005,0.1006]",-1.42708621158403,4.46097318989273,0.1005,0.1006,0.1006,0,1
1006,0.1005,0;3;0|4.2347898320282432e-05;1.5304203359435144e-05;4.2347898320282432e-05,"[0.1005,0.1006]",0;3;0|4.2141722008900179e-05;1.5716555982199651e-05;4.2141722008900179e-05,0;3;0|4.2141722008900179e-05;1.5716555982199651e-05;4.2141722008900179e-05,"[0.1006,0.1007]",-1.39997663435947,4.57348747369109,0.1006,0.1007,0.1007,0,1
1007,0.1006,0;3;0|4.2141722008900179e-05;1.5716555982199651e-05;4.2141722008900179e-05,"[0.1006,0.1007]",0;3;0|4.1903206884200054e-05;1.6193586231599898e-05;4.1903206884200054e-05,0;3;0|4.1903206884200054e-05;1.6193586231599898e-05;4.1903206884200054e-05,"[0.1007,0.1008]",-1.37449854717279,4.70050449714019,0.1007,0.1008,0.1008,0,1
1008,0.1007,0;3;0|4.1903206884200054e-05;1.6193586231599898e-05;4.1903206884200054e-05,"[0.1007,0.1008]",0;3;0|4.1626188246102433e-05;1.6747623507795139e-05;4.1626188246102433e-05,0;3;0|4.1626188246102433e-05;1.6747623507795139e-05;4.1626188246102433e-05,"[0.1008,0.1009]",-1.35076303704866,4.84450995752558,0.1008,0.1009,0.1009,0,1
1009,0.1008,0;3;0|4.1626188246102433e-05;1.6747623507795139e-05;4.1626188246102433e-05,"[0.1008,0.1009]",0;3;0|4.1302883490361814e-05;1.739423301927638e-05;4.1302883490361814e-05,0;3;0|4.1302883490361814e-05;1.739423301927638e-05;4.1302883490361814e-05,"[0.1009,0.101]",-1.32892759630876,5.00864575627902,0.1009,0.101,0.101,0,1
1010,0.1009,0;3;0|4.1302883490361814e-05;1.739423301927638e-05;4.1302883490361814e-05,"[0.1009,0.101]",0|0.0001,0|0.0001,"[0.101,0.1011]",-1.30919398849123,5.19687015038522,0.101,0.1011,0.1011,0,1
1011,0.101,0|0.0001,"[0.101,0.1011]",0;3;0|3.5685870733078909e-05;2.862825853384219e-05;3.5685870733078909e-05,0;3;0|3.5685870733078909e-05;2.862825853384219e-05;3.5685870733078909e-05,"[0.1011,0.1012]",-1.29180793535881,5.41417666064027,0.1011,0.1012,0.1012,0,1
1012,0.1011,0;3;0|3.5685870733078909e-05;2.862825853384219e-05;3.5685870733078909e-05,"[0.1011,0.1012]",0|0.0001,0|0.0001,"[0.1012,0.1013]",0,0,0.1012,0.1013,0.1013,0,1
1013,0.1012,0|0.0001,"[0.1012,0.1013]",0;3;0|3.6233984285891497e-05;2.7532031428217013e-05;3.6233984285891497e-05,0;3;0|3.6233984285891497e-05;2.7532031428217013e-05;3.6233984285891497e-05,"[0.1013,0.1014]",-1.90151565248393,8.961525659141,0.1013,0.1014,0.1014,0,1
1014,0.1013,0;3;0|3.6233984285891497e-05;2.7532031428217013e-05;3.6233984285891497e-05,"[0.1013,0.1014]",0|0.0001,0|0.0001,"[0.1014,0.1015]",0,0,0.1014,0.1015,0.1015,0,1
1015,0.1014,0|0.0001,"[0.1014,0.1015]",0;3;0|3.6249155227147655e-05;2.7501689545704691e-05;3.6249155227147655e-05,0;3;0|3.6249155227147655e-05;2.7501689545704691e-05;3.6249155227147655e-05,"[0.1015,0.1016]",-1.6115451685826,8.66160656212261,0.1015,0.1016,0.1016,0,1
1016,0.1015,0;3;0|3.6249155227147655e-05;2.7501689545704691e-05;3.6249155227147655e-05,"[0.1015,0.1016]",0;3;0|4.1803841895235038e-05;1.6392316209529936e-05;4.1803841895235038e-05,0;3;0|4.1803841895235038e-05;1.6392316209529936e-05;4.1803841895235038e-05,"[0.1016,0.1017]",0,0,0.1016,0.1017,0.1017,0,1
1017,0.1016,0;3;0|4.1803841895235038e-05;1.6392316209529936e-05;4.1803841895235038e-05,"[0.1016,0.1017]",0;4;0|4.3142380553614325e-05;1.3715238892771359e-05;4.3142380553614325e-05,0;4;0|4.3142380553614325e-05;1.3715238892771359e-05;4.3142380553614325e-05,"[0.1017,0.1018]",-1.39183365270429,8.68978221228335,0.1017,0.1018,0.1018,0,1
1018,0.1017,0;4;0|4.3142380553614325e-05;1.3715238892771359e-05;4.3142380553614325e-05,"[0.1017,0.1018]",0;3;0|4.0121791857977136e-05;1.9756416284045733e-05;4.0121791857977136e-05,0;3;0|4.0121791857977136e-05;1.9756416284045733e-05;4.0121791857977136e-05,"[0.1018,0.1019]",-0.764447511039275,5.18953970481963,0.1018,0.1019,0.1019,0,1
1019,0.1018,0;3;0|4.0121791857977136e-05;1.9756416284045733e-05;4.0121791857977136e-05,"[0.1018,0.1019]",0|0.0001,0|0.0001,"[0.1019,0.102]",-4.05945926618555,1.66824066659609,0.1019,0.102,0.102,0,1
1020,0.1019,0|0.0001,"[0.1019,0.102]",0;3;0|3.5277789702986124e-05;2.9444420594027754e-05;3.5277789702986124e-05,0;3;0|3.5277789702986124e-05;2.9444420594027754e-05;3.5277789702986124e-05,"[0.102,0.1021]",-0.763862016906894,6.27573673926098,0.102,0.1021,0.1021,0,1
1021,0.102,0;3;0|3.5277789702986124e-05;2.9444420594027754e-05;3.5277789702986124e-05,"[0.102,0.1021]",0;5;0|4.7484198511931788e-05;5.0316029761364232e-06;4.7484198511931788e-05,0;5;0|4.7484198511931788e-05;5.0316029761364232e-06;4.7484198511931788e-05,"[0.1021,0.1022]",0,0,0.1021,0.1022,0.1022,0,1
1022,0.1021,0;5;0|4.7484198511931788e-05;5.0316029761364232e-06;4.7484198511931788e-05,"[0.1021,0.1022]",0;3;4;3;0|3.2129013664364206e-05;1.1105764565838986e-05;1.3530443539593626e-05;1.1105764565838986e-05;3.2129013664364206e-05,0;3;4;3;0|3.2129013664364206e-05;1.1105764565838986e-05;1.3530443539593626e-05;1.1105764565838986e-05;3.2129013664364206e-05,"[0.1022,0.1023]",-0.903033002115003,9.37884103601159,0.1022,0.1023,0.1023,0,1
1023,0.1022,0;3;4;3;0|3.2129013664364206e-05;1.1105764565838986e-05;1.3530443539593626e-05;1.1105764565838986e-05;3.2129013664364206e-05,"[0.1022,0.1023]",0|0.0001,0|0.0001,"[0.1023,0.1024]",-1.32246818688318,-0.918445215595962,0.1023,0.1024,0.1024,0,1
1024,0.1023,0|0.0001,"[0.1023,0.1024]",0;3;0|3.6355319901461244e-05;2.7289360197077517e-05;3.6355319901461244e-05,0;3;0|3.6355319901461244e-05;2.7289360197077517e-05;3.6355319901461244e-05,"[0.1024,0.1025]",-4.39671894675088,8.983823116577,0.1024,0.1025,0.1025,0,1
1025,0.1024,0;3;0|3.6355319901461244e-05;2.7289360197077517e-05;3.6355319901461244e-05,"[0.1024,0.1025]",0;4;0|4.3016198215290491e-05;1.3967603569419018e-05;4.3016198215290491e-05,0;4;0|4.3016198215290491e-05;1.3967603569419018e-05;4.3016198215290491e-05,"[0.1025,0.1026]",0,0,0.1025,0.1026,0.1026,0,1
1026,0.1025,0;4;0|4.3016198215290491e-05;1.3967603569419018e-05;4.3016198215290491e-05,"[0.1025,0.1026]",0;3;0|3.9710447497545778e-05;2.0579105004908449e-05;3.9710447497545778e-05,0;3;0|3.9710447497545778e-05;2.0579105004908449e-05;3.9710447497545778e-05,"[0.1026,0.1027]",-0.399138689749671,8.72346882466183,0.1026,0.1027,0.1027,0,1
1027,0.1026,0;3;0|3.9710447497545778e-05;2.0579105004908449e-05;3.9710447497545778e-05,"[0.1026,0.1027]",0|0.0001,0|0.0001,"[0.1027,0.1028]",-3.94277309526155,2.10526975593633,0.1027,0.1028,0.1028,0,1
1028,0.1027,0|0.0001,"[0.1027,0.1028]",0;4;0|3.715979636645462e-05;2.5680407267090757e-05;3.715979636645462e-05,0;4;0|3.715979636645462e-05;2.5680407267090757e-05;3.715979636645462e-05,"[0.1028,0.1029]",-0.1355817258731,6.58391774148503,0.1028,0.1029,0.1029,0,1
1029,0.1028,0;4;0|3.715979636645462e-05;2.5680407267090757e-05;3.715979636645462e-05,"[0.1028,0.1029]",0;3;0|3.6057009505824137e-05;2.788598098835173e-05;3.6057009505824137e-05,0;3;0|3.6057009505824137e-05;2.788598098835173e-05;3.6057009505824137e-05,"[0.1029,0.103]",0,0,0.1029,0.103,0.103,0,1
1030,0.1029,0;3;0|3.6057009505824137e-05;2.788598098835173e-05;3.6057009505824137e-05,"[0.1029,0.103]",0|0.0001,0|0.0001,"[0.103,0.1031]",-7.09802415475091,4.14115259326509,0.103,0.1031,0.1031,0,1
1031,0.103,0|0.0001,"[0.103,0.1031]",0;3;0|3.6559911349912406e-05;2.6880177300175196e-05;3.6559911349912406e-05,0;3;0|3.6559911349912406e-05;2.6880177300175196e-05;3.6559911349912406e-05,"[0.1031,0.1032]",0.152666356830954,8.92220788803992,0.1031,0.1032,0.1032,0,1
1032,0.1031,0;3;0|3.6559911349912406e-05;2.6880177300175196e-05;3.6559911349912406e-05,"[0.1031,0.1032]",0;5;0|4.8765312881488992e-05;2.4693742370220255e-06;4.8765312881488992e-05,0;5;0|4.8765312881488992e-05;2.4693742370220255e-06;4.8765312881488992e-05,"[0.1032,0.1033]",0,0,0.1032,0.1033,0.1033,0,1
1033,0.1032,0;5;0|4.8765312881488992e-05;2.4693742370220255e-06;4.8765312881488992e-05,"[0.1032,0.1033]",0;4;0|3.695351481421949e-05;2.6092970371561032e-05;3.695351481421949e-05,0;4;0|3.695351481421949e-05;2.6092970371561032e-05;3.695351481421949e-05,"[0.1033,0.1034]",0.363242263529196,8.59398357357779,0.1033,0.1034,0.1034,0,1
1034,0.1033,0;4;0|3.695351481421949e-05;2.6092970371561032e-05;3.695351481421949e-05,"[0.1033,0.1034]",0;3;0|3.6323869455739567e-05;2.7352261088520864e-05;3.6323869455739567e-05,0;3;0|3.6323869455739567e-05;2.7352261088520864e-05;3.6323869455739567e-05,"[0.1034,0.1035]",-0.70494937053639,-0.357018261607276,0.1034,0.1035,0.1035,0,1
1035,0.1034,0;3;0|3.6323869455739567e-05;2.7352261088520864e-05;3.6323869455739567e-05,"[0.1034,0.1035]",0|0.0001,0|0.0001,"[0.1035,0.1036]",-6.93362210167199,4.65222723854593,0.1035,0.1036,0.1036,0,1
1036,0.1035,0|0.0001,"[0.1035,0.1036]",0;3;0|4.202474888307637e-05;1.5950502233847262e-05;4.202474888307637e-05,0;3;0|4.202474888307637e-05;1.5950502233847262e-05;4.202474888307637e-05,"[0.1036,0.1037]",0.698956555923728,8.72477101397874,0.1036,0.1037,0.1037,0,1
1037,0.1036,0;3;0|4.202474888307637e-05;1.5950502233847262e-05;4.202474888307637e-05,"[0.1036,0.1037]",0;4;0|3.8397657188793001e-05;2.3204685622414003e-05;3.8397657188793001e-05,0;4;0|3.8397657188793001e-05;2.3204685622414003e-05;3.8397657188793001e-05,"[0.1037,0.1038]",0,0,0.1037,0.1038,0.1038,0,1
1038,0.1037,0;4;0|3.8397657188793001e-05;2.3204685622414003e-05;3.8397657188793001e-05,"[0.1037,0.1038]",0;3;0|3.7724832020557187e-05;2.455033595888563e-05;3.7724832020557187e-05,0;3;0|3.7724832020557187e-05;2.455033595888563e-05;3.7724832020557187e-05,"[0.1038,0.1039]",0.535327000246862,5.07601040243537,0.1038,0.1039,0.1039,0,1
1039,0.1038,0;3;0|3.7724832020557187e-05;2.455033595888563e-05;3.7724832020557187e-05,"[0.1038,0.1039]",0|0.0001,0|0.0001,"[0.1039,0.104]",-5.95046313723251,4.44184981505992,0.1039,0.104,0.104,0,1
1040,0.1039,0|0.0001,"[0.1039,0.104]",0;4;0|3.7953215928926961e-05;2.4093568142146083e-05;3.7953215928926961e-05,0;4;0|3.7953215928926961e-05;2.4093568142146083e-05;3.7953215928926961e-05,"[0.104,0.1041]",1.02002828230735,7.78960637403292,0.104,0.1041,0.1041,0,1
1041,0.104,0;4;0|3.7953215928926961e-05;2.4093568142146083e-05;3.7953215928926961e-05,"[0.104,0.1041]",0;3;0|3.7005797427746965e-05;2.5988405144506068e-05;3.7005797427746965e-05,0;3;0|3.7005797427746965e-05;2.5988405144506068e-05;3.7005797427746965e-05,"[0.1041,0.1042]",0,0,0.1041,0.1042,0.1042,0,1
1042,0.1041,0;3;0|3.7005797427746965e-05;2.5988405144506068e-05;3.7005797427746965e-05,"[0.1041,0.1042]",0|0.0001,0|0.0001,"[0.1042,0.1043]",-6.00018551256652,4.84158821656479,0.1042,0.1043,0.1043,0,1
1043,0.1042,0|0.0001,"[0.1042,0.1043]",0;4;0|3.8179909784869736e-05;2.3640180430260533e-05;3.8179909784869736e-05,0;4;0|3.8179909784869736e-05;2.3640180430260533e-05;3.8179909784869736e-05,"[0.1043,0.1044]",1.38979982697956,8.19933716352234,0.1043,0.1044,0.1044,0,1
1044,0.1043,0;4;0|3.8179909784869736e-05;2.3640180430260533e-05;3.8179909784869736e-05,"[0.1043,0.1044]",0;3;0|3.7190235950308033e-05;2.5619528099383938e-05;3.7190235950308033e-05,0;3;0|3.7190235950308033e-05;2.5619528099383938e-05;3.7190235950308033e-05,"[0.1044,0.1045]",0,0,0.1044,0.1045,0.1045,0,1
1045,0.1044,0;3;0|3.7190235950308033e-05;2.5619528099383938e-05;3.7190235950308033e-05,"[0.1044,0.1045]",0|0.0001,0|0.0001,"[0.1045,0.1046]",-5.70404574246843,4.96899735955009,0.1045,0.1046,0.1046,0,1
1046,0.1045,0|0.0001,"[0.1045,0.1046]",0;4;0|3.7703621987810026e-05;2.4592756024379959e-05;3.7703621987810026e-05,0;4;0|3.7703621987810026e-05;2.4592756024379959e-05;3.7703621987810026e-05,"[0.1046,0.1047]",1.67374776875613,8.02557505342642,0.1046,0.1047,0.1047,0,1
1047,0.1046,0;4;0|3.7703621987810026e-05;2.4592756024379959e-05;3.7703621987810026e-05,"[0.1046,0.1047]",0;3;0|3.7732313829346628e-05;2.4535372341306748e-05;3.7732313829346628e-05,0;3;0|3.7732313829346628e-05;2.4535372341306748e-05;3.7732313829346628e-05,"[0.1047,0.1048]",0,0,0.1047,0.1048,0.1048,0,1
1048,0.1047,0;3;0|3.7732313829346628e-05;2.4535372341306748e-05;3.7732313829346628e-05,"[0.1047,0.1048]",0;4;0|4.2886920839917551e-05;1.4226158320164896e-05;4.2886920839917551e-05,0;4;0|4.2886920839917551e-05;1.4226158320164896e-05;4.2886920839917551e-05,"[0.1048,0.1049]",-5.73484383403613,5.38919844169657,0.1048,0.1049,0.1049,0,1
1049,0.1048,0;4;0|4.2886920839917551e-05;1.4226158320164896e-05;4.2886920839917551e-05,"[0.1048,0.1049]",0;3;0|4.4415381556907944e-05;1.1169236886184113e-05;4.4415381556907944e-05,0;3;0|4.4415381556907944e-05;1.1169236886184113e-05;4.4415381556907944e-05,"[0.1049,0.105]",1.89146488788534,7.62007696554153,0.1049,0.105,0.105,0,1
1050,0.1049,0;3;0|4.4415381556907944e-05;1.1169236886184113e-05;4.4415381556907944e-05,"[0.1049,0.105]",0;4;0|4.0245964766087974e-05;1.9508070467824057e-05;4.0245964766087974e-05,0;4;0|4.0245964766087974e-05;1.9508070467824057e-05;4.0245964766087974e-05,"[0.105,0.1051]",-3.23804160184704,3.19986956500863,0.105,0.1051,0.1051,0,1
1051,0.105,0;4;0|4.0245964766087974e-05;1.9508070467824057e-05;4.0245964766087974e-05,"[0.105,0.1051]",0;3;0|4.3109788600763003e-05;1.3780422798474005e-05;4.3109788600763003e-05,0;3;0|4.3109788600763003e-05;1.3780422798474005e-05;4.3109788600763003e-05,"[0.1051,0.1052]",0.947953052583667,3.44615361212383,0.1051,0.1052,0.1052,0,1
1052,0.1051,0;3;0|4.3109788600763003e-05;1.3780422798474005e-05;4.3109788600763003e-05,"[0.1051,0.1052]",0;4;0|4.0180287131715416e-05;1.9639425736569167e-05;4.0180287131715416e-05,0;4;0|4.0180287131715416e-05;1.9639425736569167e-05;4.0180287131715416e-05,"[0.1052,0.1053]",-4.32859597360462,4.49812113967143,0.1052,0.1053,0.1053,0,1
1053,0.1052,0;4;0|4.0180287131715416e-05;1.9639425736569167e-05;4.0180287131715416e-05,"[0.1052,0.1053]",0;3;0|4.361601962244213e-05;1.2767960755115748e-05;4.361601962244213e-05,0;3;0|4.361601962244213e-05;1.2767960755115748e-05;4.361601962244213e-05,"[0.1053,0.1054]",1.27604804275914,4.22107412503643,0.1053,0.1054,0.1054,0,1
1054,0.1053,0;3;0|4.361601962244213e-05;1.2767960755115748e-05;4.361601962244213e-05,"[0.1053,0.1054]",0;4;0|3.9830687493288796e-05;2.0338625013422406e-05;3.9830687493288796e-05,0;4;0|3.9830687493288796e-05;2.0338625013422406e-05;3.9830687493288796e-05,"[0.1054,0.1055]",-4.24256649443743,4.63648905642273,0.1054,0.1055,0.1055,0,1
1055,0.1054,0;4;0|3.9830687493288796e-05;2.0338625013422406e-05;3.9830687493288796e-05,"[0.1054,0.1055]",0;3;0|4.3930432793326182e-05;1.2139134413347645e-05;4.3930432793326182e-05,0;3;0|4.3930432793326182e-05;1.2139134413347645e-05;4.3930432793326182e-05,"[0.1055,0.1056]",1.2802045614219,3.88000108733982,0.1055,0.1056,0.1056,0,1
1056,0.1055,0;3;0|4.3930432793326182e-05;1.2139134413347645e-05;4.3930432793326182e-05,"[0.1055,0.1056]",0;4;0|3.9523008612586671e-05;2.0953982774826662e-05;3.9523008612586671e-05,0;4;0|3.9523008612586671e-05;2.0953982774826662e-05;3.9523008612586671e-05,"[0.1056,0.1057]",-4.27155845600925,4.91045194482187,0.1056,0.1057,0.1057,0,1
1057,0.1056,0;4;0|3.9523008612586671e-05;2.0953982774826662e-05;3.9523008612586671e-05,"[0.1056,0.1057]",0;3;0|4.4328271692313341e-05;1.1343456615373326e-05;4.4328271692313341e-05,0;3;0|4.4328271692313341e-05;1.1343456615373326e-05;4.4328271692313341e-05,"[0.1057,0.1058]",1.30947232159494,3.65715753992655,0.1057,0.1058,0.1058,0,1
1058,0.1057,0;3;0|4.4328271692313341e-05;1.1343456615373326e-05;4.4328271692313341e-05,"[0.1057,0.1058]",0;4;0|3.917567951238978e-05;2.1648640975220444e-05;3.917567951238978e-05,0;4;0|3.917567951238978e-05;2.1648640975220444e-05;3.917567951238978e-05,"[0.1058,0.1059]",-4.27227362374528,5.16801548396773,0.1058,0.1059,0.1059,0,1
1059,0.1058,0;4;0|3.917567951238978e-05;2.1648640975220444e-05;3.917567951238978e-05,"[0.1058,0.1059]",0;3;0|4.4682759676893884e-05;1.063448064621224e-05;4.4682759676893884e-05,0;3;0|4.4682759676893884e-05;1.063448064621224e-05;4.4682759676893884e-05,"[0.1059,0.106]",1.30913523777048,3.38561417572602,0.1059,0.106,0.106,0,1
1060,0.1059,0;3;0|4.4682759676893884e-05;1.063448064621224e-05;4.4682759676893884e-05,"[0.1059,0.106]",0;4;0|3.8855879658825768e-05;2.2288240682348476e-05;3.8855879658825768e-05,0;4;0|3.8855879658825768e-05;2.2288240682348476e-05;3.8855879658825768e-05,"[0.106,0.1061]",-4.278334188844,5.4485791680534,0.106,0.1061,0.1061,0,1
1061,0.106,0;4;0|3.8855879658825768e-05;2.2288240682348476e-05;3.8855879658825768e-05,"[0.106,0.1061]",0;3;0|4.5059530813648716e-05;9.8809383727025736e-06;4.5059530813648716e-05,0;3;0|4.5059530813648716e-05;9.8809383727025736e-06;4.5059530813648716e-05,"[0.1061,0.1062]",1.30668872310229,3.14216544298017,0.1061,0.1062,0.1062,0,1
1062,0.1061,0;3;0|4.5059530813648716e-05;9.8809383727025736e-06;4.5059530813648716e-05,"[0.1061,0.1062]",0;4;0|3.853060310810828e-05;2.2938793783783448e-05;3.853060310810828e-05,0;4;0|3.853060310810828e-05;2.2938793783783448e-05;3.853060310810828e-05,"[0.1062,0.1063]",-4.26237599944724,5.71847494750828,0.1062,0.1063,0.1063,0,1
1063,0.1062,0;4;0|3.853060310810828e-05;2.2938793783783448e-05;3.853060310810828e-05,"[0.1062,0.1063]",0;3;0|4.5441704169432387e-05;9.1165916611352384e-06;4.5441704169432387e-05,0;3;0|4.5441704169432387e-05;9.1165916611352384e-06;4.5441704169432387e-05,"[0.1063,0.1064]",1.28708315823697,2.88808419541358,0.1063,0.1064,0.1064,0,1
1064,0.1063,0;3;0|4.5441704169432387e-05;9.1165916611352384e-06;4.5441704169432387e-05,"[0.1063,0.1064]",0;4;0|3.820624662245282e-05;2.3587506755094362e-05;3.820624662245282e-05,0;4;0|3.820624662245282e-05;2.3587506755094362e-05;3.820624662245282e-05,"[0.1064,0.1065]",-4.23750125572011,5.99376851053463,0.1064,0.1065,0.1065,0,1
1065,0.1064,0;4;0|3.820624662245282e-05;2.3587506755094362e-05;3.820624662245282e-05,"[0.1064,0.1065]",0;3;0|4.5831780340800355e-05;8.3364393183992939e-06;4.5831780340800355e-05,0;3;0|4.5831780340800355e-05;8.3364393183992939e-06;4.5831780340800355e-05,"[0.1065,0.1066]",1.254108457108,2.63399045439356,0.1065,0.1066,0.1066,0,1
1066,0.1065,0;3;0|4.5831780340800355e-05;8.3364393183992939e-06;4.5831780340800355e-05,"[0.1065,0.1066]",0;4;0|3.7882865011338776e-05;2.4234269977322449e-05;3.7882865011338776e-05,0;4;0|3.7882865011338776e-05;2.4234269977322449e-05;3.7882865011338776e-05,"[0.1066,0.1067]",-4.20107876812546,6.27082720348597,0.1066,0.1067,0.1067,0,1
1067,0.1066,0;4;0|3.7882865011338776e-05;2.4234269977322449e-05;3.7882865011338776e-05,"[0.1066,0.1067]",0;3;0|4.6230232301389004e-05;7.5395353972219963e-06;4.6230232301389004e-05,0;3;0|4.6230232301389004e-05;7.5395353972219963e-06;4.6230232301389004e-05,"[0.1067,0.1068]",1.2069539704588,2.37900716546873,0.1067,0.1068,0.1068,0,1
1068,0.1067,0;3;0|4.6230232301389004e-05;7.5395353972219963e-06;4.6230232301389004e-05,"[0.1067,0.1068]",0;4;0|3.7560756345087302e-05;2.4878487309825401e-05;3.7560756345087302e-05,0;4;0|3.7560756345087302e-05;2.4878487309825401e-05;3.7560756345087302e-05,"[0.1068,0.1069]",-4.15300065058728,6.54920524558498,0.1068,0.1069,0.1069,0,1
1069,0.1068,0;4;0|3.7560756345087302e-05;2.4878487309825401e-05;3.7560756345087302e-05,"[0.1068,0.1069]",0|0.0001,0|0.0001,"[0.1069,0.107]",1.14530276904733,2.12348016082637,0.1069,0.107,0.107,0,1
1070,0.1069,0|0.0001,"[0.1069,0.107]",0;4;0|3.725957552670964e-05;2.5480848946580728e-05;3.725957552670964e-05,0;4;0|3.725957552670964e-05;2.5480848946580728e-05;3.725957552670964e-05,"[0.107,0.1071]",-4.09309582638398,6.82831850110499,0.107,0.1071,0.1071,0,1
1071,0.107,0;4;0|3.725957552670964e-05;2.5480848946580728e-05;3.725957552670964e-05,"[0.107,0.1071]",0;3;0|4.374261364103515e-05;1.2514772717929699e-05;4.374261364103515e-05,0;3;0|4.374261364103515e-05;1.2514772717929699e-05;4.374261364103515e-05,"[0.1071,0.1072]",0,0,0.1071,0.1072,0.1072,0,1
1072,0.1071,0;3;0|4.374261364103515e-05;1.2514772717929699e-05;4.374261364103515e-05,"[0.1071,0.1072]",0;4;0|3.7399100706868936e-05;2.5201798586262126e-05;3.7399100706868936e-05,0;4;0|3.7399100706868936e-05;2.5201798586262126e-05;3.7399100706868936e-05,"[0.1072,0.1073]",-4.01512351970181,7.09678844384388,0.1072,0.1073,0.1073,0,1
1073,0.1072,0;4;0|3.7399100706868936e-05;2.5201798586262126e-05;3.7399100706868936e-05,"[0.1072,0.1073]",0|0.0001,0|0.0001,"[0.1073,0.1074]",2.07576937679938,3.42476597730722,0.1073,0.1074,0.1074,0,1
1074,0.1073,0|0.0001,"[0.1073,0.1074]",0;4;0|3.647097598093515e-05;2.7058048038129702e-05;3.647097598093515e-05,0;4;0|3.647097598093515e-05;2.7058048038129702e-05;3.647097598093515e-05,"[0.1074,0.1075]",-3.7935083894577,7.11664758591603,0.1074,0.1075,0.1075,0,1
1075,0.1074,0;4;0|3.647097598093515e-05;2.7058048038129702e-05;3.647097598093515e-05,"[0.1074,0.1075]",0;3;0|4.5404665228428164e-05;9.1906695431436738e-06;4.5404665228428164e-05,0;3;0|4.5404665228428164e-05;9.1906695431436738e-06;4.5404665228428164e-05,"[0.1075,0.1076]",0,0,0.1075,0.1076,0.1076,0,1
1076,0.1075,0;3;0|4.5404665228428164e-05;9.1906695431436738e-06;4.5404665228428164e-05,"[0.1075,0.1076]",0;4;0|3.7627360018010938e-05;2.4745279963978129e-05;3.7627360018010938e-05,0;4;0|3.7627360018010938e-05;2.4745279963978129e-05;3.7627360018010938e-05,"[0.1076,0.1077]",-3.87961990921649,7.74076719945158,0.1076,0.1077,0.1077,0,1
1077,0.1076,0;4;0|3.7627360018010938e-05;2.4745279963978129e-05;3.7627360018010938e-05,"[0.1076,0.1077]",0|0.0001,0|0.0001,"[0.1077,0.1078]",1.64885928252012,2.4353291168828,0.1077,0.1078,0.1078,0,1
1078,0.1077,0|0.0001,"[0.1077,0.1078]",0;4;0|3.5167590214119166e-05;2.9664819571761676e-05;3.5167590214119166e-05,0;4;0|3.5167590214119166e-05;2.9664819571761676e-05;3.5167590214119166e-05,"[0.1078,0.1079]",-3.36899233795577,7.1660566554801,0.1078,0.1079,0.1079,0,1
1079,0.1078,0;4;0|3.5167590214119166e-05;2.9664819571761676e-05;3.5167590214119166e-05,"[0.1078,0.1079]",0|0.0001,0|0.0001,"[0.1079,0.108]",0,0,0.1079,0.108,0.108,0,1
1080,0.1079,0|0.0001,"[0.1079,0.108]",0;4;0|3.5879910240404182e-05;2.8240179519191634e-05;3.5879910240404182e-05,0;4;0|3.5879910240404182e-05;2.8240179519191634e-05;3.5879910240404182e-05,"[0.108,0.1081]",-3.82161113479148,8.68950194231497,0.108,0.1081,0.1081,0,1
1081,0.108,0;4;0|3.5879910240404182e-05;2.8240179519191634e-05;3.5879910240404182e-05,"[0.108,0.1081]",0|0.0001,0|0.0001,"[0.1081,0.1082]",0,0,0.1081,0.1082,0.1082,0,1
1082,0.1081,0|0.0001,"[0.1081,0.1082]",0;4;0|3.5973269951269742e-05;2.8053460097460528e-05;3.5973269951269742e-05,0;4;0|3.5973269951269742e-05;2.8053460097460528e-05;3.5973269951269742e-05,"[0.1082,0.1083]",-3.42904999387781,8.36100524107995,0.1082,0.1083,0.1083,0,1
1083,0.1082,0;4;0|3.5973269951269742e-05;2.8053460097460528e-05;3.5973269951269742e-05,"[0.1082,0.1083]",0;4;0|4.2895618442947652e-05;1.4208763114104703e-05;4.2895618442947652e-05,0;4;0|4.2895618442947652e-05;1.4208763114104703e-05;4.2895618442947652e-05,"[0.1083,0.1084]",0,0,0.1083,0.1084,0.1084,0,1
1084,0.1083,0;4;0|4.2895618442947652e-05;1.4208763114104703e-05;4.2895618442947652e-05,"[0.1083,0.1084]",0;4;0|4.2790705826470447e-05;1.4418588347059104e-05;4.2790705826470447e-05,0;4;0|4.2790705826470447e-05;1.4418588347059104e-05;4.2790705826470447e-05,"[0.1084,0.1085]",-3.19657828074594,8.38870320939416,0.1084,0.1085,0.1085,0,1
1085,0.1084,0;4;0|4.2790705826470447e-05;1.4418588347059104e-05;4.2790705826470447e-05,"[0.1084,0.1085]",0;4;0|4.2566332191435274e-05;1.486733561712946e-05;4.2566332191435274e-05,0;4;0|4.2566332191435274e-05;1.486733561712946e-05;4.2566332191435274e-05,"[0.1085,0.1086]",-1.56551284868511,4.26879349723486,0.1085,0.1086,0.1086,0,1
1086,0.1085,0;4;0|4.2566332191435274e-05;1.486733561712946e-05;4.2566332191435274e-05,"[0.1085,0.1086]",0|0.0001,0|0.0001,"[0.1086,0.1087]",-1.53407185820384,4.3514528817252,0.1086,0.1087,0.1087,0,1
1087,0.1086,0|0.0001,"[0.1086,0.1087]",0;4;0|3.5195854141510495e-05;2.9608291716979008e-05;3.5195854141510495e-05,0;4;0|3.5195854141510495e-05;2.9608291716979008e-05;3.5195854141510495e-05,"[0.1087,0.1088]",-1.52530927855632,4.50640531288879,0.1087,0.1088,0.1088,0,1
1088,0.1087,0;4;0|3.5195854141510495e-05;2.9608291716979008e-05;3.5195854141510495e-05,"[0.1087,0.1088]",0|0.0001,0|0.0001,"[0.1088,0.1089]",0,0,0.1088,0.1089,0.1089,0,1
1089,0.1088,0|0.0001,"[0.1088,0.1089]",0;4;0|3.5972223921374587e-05;2.8055552157250835e-05;3.5972223921374587e-05,0;4;0|3.5972223921374587e-05;2.8055552157250835e-05;3.5972223921374587e-05,"[0.1089,0.109]",-2.81116322762538,9.04800626655255,0.1089,0.109,0.109,0,1
1090,0.1089,0;4;0|3.5972223921374587e-05;2.8055552157250835e-05;3.5972223921374587e-05,"[0.1089,0.109]",0|0.0001,0|0.0001,"[0.109,0.1091]",0,0,0.109,0.1091,0.1091,0,1
1091,0.109,0|0.0001,"[0.109,0.1091]",0;4;0|3.6050070648193535e-05;2.7899858703612941e-05;3.6050070648193535e-05,0;4;0|3.6050070648193535e-05;2.7899858703612941e-05;3.6050070648193535e-05,"[0.1091,0.1092]",-2.44744394742115,8.6377365336927,0.1091,0.1092,0.1092,0,1
1092,0.1091,0;4;0|3.6050070648193535e-05;2.7899858703612941e-05;3.6050070648193535e-05,"[0.1091,0.1092]",0|0.0001,0|0.0001,"[0.1092,0.1093]",0,0,0.1092,0.1093,0.1093,0,1
1093,0.1092,0|0.0001,"[0.1092,0.1093]",0;4;0|3.6092831822842329e-05;2.7814336354315346e-05;3.6092831822842329e-05,0;4;0|3.6092831822842329e-05;2.7814336354315346e-05;3.6092831822842329e-05,"[0.1093,0.1094]",-2.21723075438839,8.64825210245323,0.1093,0.1094,0.1094,0,1
1094,0.1093,0;4;0|3.6092831822842329e-05;2.7814336354315346e-05;3.6092831822842329e-05,"[0.1093,0.1094]",0|0.0001,0|0.0001,"[0.1094,0.1095]",0,0,0.1094,0.1095,0.1095,0,1
1095,0.1094,0|0.0001,"[0.1094,0.1095]",0;4;0|3.6127920597892211e-05;2.774415880421558e-05;3.6127920597892211e-05,0;4;0|3.6127920597892211e-05;2.774415880421558e-05;3.6127920597892211e-05,"[0.1095,0.1096]",-1.99307091793411,8.67456791636209,0.1095,0.1096,0.1096,0,1
1096,0.1095,0;4;0|3.6127920597892211e-05;2.774415880421558e-05;3.6127920597892211e-05,"[0.1095,0.1096]",0;4;0|4.1953073996832489e-05;1.6093852006335021e-05;4.1953073996832489e-05,0;4;0|4.1953073996832489e-05;1.6093852006335021e-05;4.1953073996832489e-05,"[0.1096,0.1097]",0,0,0.1096,0.1097,0.1097,0,1
1097,0.1096,0;4;0|4.1953073996832489e-05;1.6093852006335021e-05;4.1953073996832489e-05,"[0.1096,0.1097]",0;5;0|4.3577339774151577e-05;1.2845320451696852e-05;4.3577339774151577e-05,0;5;0|4.3577339774151577e-05;1.2845320451696852e-05;4.3577339774151577e-05,"[0.1097,0.1098]",-1.76997170459419,8.69990844635147,0.1097,0.1098,0.1098,0,1
1098,0.1097,0;5;0|4.3577339774151577e-05;1.2845320451696852e-05;4.3577339774151577e-05,"[0.1097,0.1098]",0;4;0|3.9448611267178915e-05;2.1102777465642181e-05;3.9448611267178915e-05,0;4;0|3.9448611267178915e-05;2.1102777465642181e-05;3.9448611267178915e-05,"[0.1098,0.1099]",-0.96322902363526,5.05915270198206,0.1098,0.1099,0.1099,0,1
1099,0.1098,0;4;0|3.9448611267178915e-05;2.1102777465642181e-05;3.9448611267178915e-05,"[0.1098,0.1099]",0|0.0001,0|0.0001,"[0.1099,0.11]",-3.86407210689934,1.40184803790458,0.1099,0.11,0.11,0,1
1100,0.1099,0|0.0001,"[0.1099,0.11]",0;4;0|3.6243443054571206e-05;2.75131138908576e-05;3.6243443054571206e-05,0;4;0|3.6243443054571206e-05;2.75131138908576e-05;3.6243443054571206e-05,"[0.11,0.1101]",-1.09591194764217,6.66336881762456,0.11,0.1101,0.1101,0,1
1101,0.11,0;4;0|3.6243443054571206e-05;2.75131138908576e-05;3.6243443054571206e-05,"[0.11,0.1101]",0;5;0|4.3818866545369084e-05;1.2362266909261843e-05;4.3818866545369084e-05,0;5;0|4.3818866545369084e-05;1.2362266909261843e-05;4.3818866545369084e-05,"[0.1101,0.1102]",0,0,0.1101,0.1102,0.1102,0,1
1102,0.1101,0;5;0|4.3818866545369084e-05;1.2362266909261843e-05;4.3818866545369084e-05,"[0.1101,0.1102]",0;4;0|3.8751445819924335e-05;2.2497108360151342e-05;3.8751445819924335e-05,0;4;0|3.8751445819924335e-05;2.2497108360151342e-05;3.8751445819924335e-05,"[0.1102,0.1103]",-1.21004578340886,8.72064586171894,0.1102,0.1103,0.1103,0,1
1103,0.1102,0;4;0|3.8751445819924335e-05;2.2497108360151342e-05;3.8751445819924335e-05,"[0.1102,0.1103]",0|0.0001,0|0.0001,"[0.1103,0.1104]",-3.64627896747161,1.53427362242957,0.1103,0.1104,0.1104,0,1
1104,0.1103,0|0.0001,"[0.1103,0.1104]",0;4;0|3.592364600236712e-05;2.8152707995265771e-05;3.592364600236712e-05,0;4;0|3.592364600236712e-05;2.8152707995265771e-05;3.592364600236712e-05,"[0.1104,0.1105]",-0.809929323975543,7.15336918311699,0.1104,0.1105,0.1105,0,1
1105,0.1104,0;4;0|3.592364600236712e-05;2.8152707995265771e-05;3.592364600236712e-05,"[0.1104,0.1105]",0;5;0|4.2595891043693468e-05;1.480821791261307e-05;4.2595891043693468e-05,0;5;0|4.2595891043693468e-05;1.480821791261307e-05;4.2595891043693468e-05,"[0.1105,0.1106]",0,0,0.1105,0.1106,0.1106,0,1
1106,0.1105,0;5;0|4.2595891043693468e-05;1.480821791261307e-05;4.2595891043693468e-05,"[0.1105,0.1106]",0;5;0|4.3175959045694476e-05;1.3648081908611049e-05;4.3175959045694476e-05,0;5;0|4.3175959045694476e-05;1.3648081908611049e-05;4.3175959045694476e-05,"[0.1106,0.1107]",-0.788262878487419,8.97431436394942,0.1106,0.1107,0.1107,0,1
1107,0.1106,0;5;0|4.3175959045694476e-05;1.3648081908611049e-05;4.3175959045694476e-05,"[0.1106,0.1107]",0;4;0|3.6238942605909126e-05;2.7522114788181759e-05;3.6238942605909126e-05,0;4;0|3.6238942605909126e-05;2.7522114788181759e-05;3.6238942605909126e-05,"[0.1107,0.1108]",-4.26986023138448,2.05497088587127,0.1107,0.1108,0.1108,0,1
1108,0.1107,0;4;0|3.6238942605909126e-05;2.7522114788181759e-05;3.6238942605909126e-05,"[0.1107,0.1108]",0|0.0001,0|0.0001,"[0.1108,0.1109]",-3.91123152147231,1.94327823518378,0.1108,0.1109,0.1109,0,1
1109,0.1108,0|0.0001,"[0.1108,0.1109]",0;4;0|3.6565317448758733e-05;2.6869365102482535e-05;3.6565317448758733e-05,0;4;0|3.6565317448758733e-05;2.6869365102482535e-05;3.6565317448758733e-05,"[0.1109,0.111]",-0.439391799538628,8.79610910651276,0.1109,0.111,0.111,0,1
1110,0.1109,0;4;0|3.6565317448758733e-05;2.6869365102482535e-05;3.6565317448758733e-05,"[0.1109,0.111]",0|0.0001,0|0.0001,"[0.111,0.1111]",0,0,0.111,0.1111,0.1111,0,1
1111,0.111,0|0.0001,"[0.111,0.1111]",0;5;0|3.7209444610554749e-05;2.5581110778890504e-05;3.7209444610554749e-05,0;5;0|3.7209444610554749e-05;2.5581110778890504e-05;3.7209444610554749e-05,"[0.1111,0.1112]",-0.213030721485509,8.59555738083222,0.1111,0.1112,0.1112,0,1
1112,0.1111,0;5;0|3.7209444610554749e-05;2.5581110778890504e-05;3.7209444610554749e-05,"[0.1111,0.1112]",0;4;0|3.6089491459363527e-05;2.782101708127295e-05;3.6089491459363527e-05,0;4;0|3.6089491459363527e-05;2.782101708127295e-05;3.6089491459363527e-05,"[0.1112,0.1113]",0,0,0.1112,0.1113,0.1113,0,1
1113,0.1112,0;4;0|3.6089491459363527e-05;2.782101708127295e-05;3.6089491459363527e-05,"[0.1112,0.1113]",0|0.0001,0|0.0001,"[0.1113,0.1114]",-7.08779602851391,4.09548703760686,0.1113,0.1114,0.1114,0,1
1114,0.1113,0|0.0001,"[0.1113,0.1114]",0;4;0|3.6495924200097402e-05;2.7008151599805205e-05;3.6495924200097402e-05,0;4;0|3.6495924200097402e-05;2.7008151599805205e-05;3.6495924200097402e-05,"[0.1114,0.1115]",0.115023282832998,8.90198238413793,0.1114,0.1115,0.1115,0,1
1115,0.1114,0;4;0|3.6495924200097402e-05;2.7008151599805205e-05;3.6495924200097402e-05,"[0.1114,0.1115]",0;5;0|4.3356589522830139e-05;1.3286820954339724e-05;4.3356589522830139e-05,0;5;0|4.3356589522830139e-05;1.3286820954339724e-05;4.3356589522830139e-05,"[0.1115,0.1116]",0,0,0.1115,0.1116,0.1116,0,1
1116,0.1115,0;5;0|4.3356589522830139e-05;1.3286820954339724e-05;4.3356589522830139e-05,"[0.1115,0.1116]",0;5;0|4.3432951951709606e-05;1.3134096096580795e-05;4.3432951951709606e-05,0;5;0|4.3432951951709606e-05;1.3134096096580795e-05;4.3432951951709606e-05,"[0.1116,0.1117]",0.328798754179216,8.63635184958716,0.1116,0.1117,0.1117,0,1
1117,0.1116,0;5;0|4.3432951951709606e-05;1.3134096096580795e-05;4.3432951951709606e-05,"[0.1116,0.1117]",0;4;0|3.6866632456326875e-05;2.6266735087346261e-05;3.6866632456326875e-05,0;4;0|3.6866632456326875e-05;2.6266735087346261e-05;3.6866632456326875e-05,"[0.1117,0.1118]",-3.56986983147899,2.3094773348398,0.1117,0.1118,0.1118,0,1
1118,0.1117,0;4;0|3.6866632456326875e-05;2.6266735087346261e-05;3.6866632456326875e-05,"[0.1117,0.1118]",0|0.0001,0|0.0001,"[0.1118,0.1119]",-3.49987007280796,2.32709438002485,0.1118,0.1119,0.1119,0,1
1119,0.1118,0|0.0001,"[0.1118,0.1119]",0;5;0|3.8808881210587531e-05;2.2382237578824937e-05;3.8808881210587531e-05,0;5;0|3.8808881210587531e-05;2.2382237578824937e-05;3.8808881210587531e-05,"[0.1119,0.112]",0.63611553335373,8.3812501177489,0.1119,0.112,0.112,0,1
1120,0.1119,0;5;0|3.8808881210587531e-05;2.2382237578824937e-05;3.8808881210587531e-05,"[0.1119,0.112]",0;4;0|3.6164087244357139e-05;2.7671825511285726e-05;3.6164087244357139e-05,0;4;0|3.6164087244357139e-05;2.7671825511285726e-05;3.6164087244357139e-05,"[0.112,0.1121]",0,0,0.112,0.1121,0.1121,0,1
1121,0.112,0;4;0|3.6164087244357139e-05;2.7671825511285726e-05;3.6164087244357139e-05,"[0.112,0.1121]",0|0.0001,0|0.0001,"[0.1121,0.1122]",-5.81053685000435,4.18765236856187,0.1121,0.1122,0.1122,0,1
1122,0.1121,0|0.0001,"[0.1121,0.1122]",0;5;0|3.9328748904359927e-05;2.1342502191280151e-05;3.9328748904359927e-05,0;5;0|3.9328748904359927e-05;2.1342502191280151e-05;3.9328748904359927e-05,"[0.1122,0.1123]",1.00245604712506,8.7980581045701,0.1122,0.1123,0.1123,0,1
1123,0.1122,0;5;0|3.9328748904359927e-05;2.1342502191280151e-05;3.9328748904359927e-05,"[0.1122,0.1123]",0;4;0|3.6184140192302968e-05;2.7631719615394065e-05;3.6184140192302968e-05,0;4;0|3.6184140192302968e-05;2.7631719615394065e-05;3.6184140192302968e-05,"[0.1123,0.1124]",0,0,0.1123,0.1124,0.1124,0,1
1124,0.1123,0;4;0|3.6184140192302968e-05;2.7631719615394065e-05;3.6184140192302968e-05,"[0.1123,0.1124]",0|0.0001,0|0.0001,"[0.1124,0.1125]",-5.38617831318525,4.19911049110835,0.1124,0.1125,0.1125,0,1
1125,0.1124,0|0.0001,"[0.1124,0.1125]",0;5;0|3.8964178982907618e-05;2.2071642034184771e-05;3.8964178982907618e-05,0;5;0|3.8964178982907618e-05;2.2071642034184771e-05;3.8964178982907618e-05,"[0.1125,0.1126]",1.33141172211525,8.74133653087206,0.1125,0.1126,0.1126,0,1
1126,0.1125,0;5;0|3.8964178982907618e-05;2.2071642034184771e-05;3.8964178982907618e-05,"[0.1125,0.1126]",0;4;0|3.6616242649923974e-05;2.6767514700152056e-05;3.6616242649923974e-05,0;4;0|3.6616242649923974e-05;2.6767514700152056e-05;3.6616242649923974e-05,"[0.1126,0.1127]",0,0,0.1126,0.1127,0.1127,0,1
1127,0.1126,0;4;0|3.6616242649923974e-05;2.6767514700152056e-05;3.6616242649923974e-05,"[0.1126,0.1127]",0|0.0001,0|0.0001,"[0.1127,0.1128]",-5.40256039804224,4.54942381747726,0.1127,0.1128,0.1128,0,1
1128,0.1127,0|0.0001,"[0.1127,0.1128]",0;5;0|3.825947191105191e-05;2.3481056177896188e-05;3.825947191105191e-05,0;5;0|3.825947191105191e-05;2.3481056177896188e-05;3.825947191105191e-05,"[0.1128,0.1129]",1.60801265633786,8.41331559155353,0.1128,0.1129,0.1129,0,1
1129,0.1128,0;5;0|3.825947191105191e-05;2.3481056177896188e-05;3.825947191105191e-05,"[0.1128,0.1129]",0;4;0|3.7260850486304252e-05;2.5478299027391501e-05;3.7260850486304252e-05,0;4;0|3.7260850486304252e-05;2.5478299027391501e-05;3.7260850486304252e-05,"[0.1129,0.113]",0,0,0.1129,0.113,0.113,0,1
1130,0.1129,0;4;0|3.7260850486304252e-05;2.5478299027391501e-05;3.7260850486304252e-05,"[0.1129,0.113]",0|0.0001,0|0.0001,"[0.113,0.1131]",-5.56104633678255,5.05312057656058,0.113,0.1131,0.1131,0,1
1131,0.113,0|0.0001,"[0.113,0.1131]",0;5;0|3.7415616038596308e-05;2.5168767922807395e-05;3.7415616038596308e-05,0;5;0|3.7415616038596308e-05;2.5168767922807395e-05;3.7415616038596308e-05,"[0.1131,0.1132]",1.83130452419974,7.94472408606828,0.1131,0.1132,0.1132,0,1
1132,0.1131,0;5;0|3.7415616038596308e-05;2.5168767922807395e-05;3.7415616038596308e-05,"[0.1131,0.1132]",0;5;0|4.3526372899753952e-05;1.2947254200492099e-05;4.3526372899753952e-05,0;5;0|4.3526372899753952e-05;1.2947254200492099e-05;4.3526372899753952e-05,"[0.1132,0.1133]",0,0,0.1132,0.1133,0.1133,0,1
1133,0.1132,0;5;0|4.3526372899753952e-05;1.2947254200492099e-05;4.3526372899753952e-05,"[0.1132,0.1133]",0;4;0|3.5723447743429399e-05;2.8553104513141203e-05;3.5723447743429399e-05,0;4;0|3.5723447743429399e-05;2.8553104513141203e-05;3.5723447743429399e-05,"[0.1133,0.1134]",-5.75237189478151,5.63712923111993,0.1133,0.1134,0.1134,0,1
1134,0.1133,0;4;0|3.5723447743429399e-05;2.8553104513141203e-05;3.5723447743429399e-05,"[0.1133,0.1134]",0|0.0001,0|0.0001,"[0.1134,0.1135]",-2.92244754377224,2.93679328968057,0.1134,0.1135,0.1135,0,1
1135,0.1134,0|0.0001,"[0.1134,0.1135]",0;5;0|3.7590112340935651e-05;2.4819775318128696e-05;3.7590112340935651e-05,0;5;0|3.7590112340935651e-05;2.4819775318128696e-05;3.7590112340935651e-05,"[0.1135,0.1136]",2.49707153444292,8.78915712405481,0.1135,0.1136,0.1136,0,1
1136,0.1135,0;5;0|3.7590112340935651e-05;2.4819775318128696e-05;3.7590112340935651e-05,"[0.1135,0.1136]",0;5;0|4.3663523703382749e-05;1.2672952593234504e-05;4.3663523703382749e-05,0;5;0|4.3663523703382749e-05;1.2672952593234504e-05;4.3663523703382749e-05,"[0.1136,0.1137]",0,0,0.1136,0.1137,0.1137,0,1
1137,0.1136,0;5;0|4.3663523703382749e-05;1.2672952593234504e-05;4.3663523703382749e-05,"[0.1136,0.1137]",0;4;0|3.6548303443257198e-05;2.6903393113485608e-05;3.6548303443257198e-05,0;4;0|3.6548303443257198e-05;2.6903393113485608e-05;3.6548303443257198e-05,"[0.1137,0.1138]",-5.38613782238037,5.83695939980607,0.1137,0.1138,0.1138,0,1
1138,0.1137,0;4;0|3.6548303443257198e-05;2.6903393113485608e-05;3.6548303443257198e-05,"[0.1137,0.1138]",0|0.0001,0|0.0001,"[0.1138,0.1139]",-2.71248833209941,3.01466892661439,0.1138,0.1139,0.1139,0,1
1139,0.1138,0|0.0001,"[0.1138,0.1139]",0;5;0|3.6273649595382716e-05;2.7452700809234565e-05;3.6273649595382716e-05,0;5;0|3.6273649595382716e-05;2.7452700809234565e-05;3.6273649595382716e-05,"[0.1139,0.114]",2.76591726484337,8.15267195049334,0.1139,0.114,0.114,0,1
1140,0.1139,0;5;0|3.6273649595382716e-05;2.7452700809234565e-05;3.6273649595382716e-05,"[0.1139,0.114]",0;5;0|4.3747102338375661e-05;1.2505795323248675e-05;4.3747102338375661e-05,0;5;0|4.3747102338375661e-05;1.2505795323248675e-05;4.3747102338375661e-05,"[0.114,0.1141]",0,0,0.114,0.1141,0.1141,0,1
1141,0.114,0;5;0|4.3747102338375661e-05;1.2505795323248675e-05;4.3747102338375661e-05,"[0.114,0.1141]",0;5;0|4.3811671766673583e-05;1.2376656466652834e-05;4.3811671766673583e-05,0;5;0|4.3811671766673583e-05;1.2376656466652834e-05;4.3811671766673583e-05,"[0.1141,0.1142]",-5.62559914659228,6.74733090118799,0.1141,0.1142,0.1142,0,1
1142,0.1141,0;5;0|4.3811671766673583e-05;1.2376656466652834e-05;4.3811671766673583e-05,"[0.1141,0.1142]",0;4;0|3.6635770224973594e-05;2.6728459550052809e-05;3.6635770224973594e-05,0;4;0|3.6635770224973594e-05;2.6728459550052809e-05;3.6635770224973594e-05,"[0.1142,0.1143]",-2.52385750677072,3.10563725380423,0.1142,0.1143,0.1143,0,1
1143,0.1142,0;4;0|3.6635770224973594e-05;2.6728459550052809e-05;3.6635770224973594e-05,"[0.1142,0.1143]",0;5;0|4.1231068600580429e-05;1.7537862798839151e-05;4.1231068600580429e-05,0;5;0|4.1231068600580429e-05;1.7537862798839151e-05;4.1231068600580429e-05,"[0.1143,0.1144]",-2.45897555751314,3.10471216662856,0.1143,0.1144,0.1144,0,1
1144,0.1143,0;5;0|4.1231068600580429e-05;1.7537862798839151e-05;4.1231068600580429e-05,"[0.1143,0.1144]",0;5;0|4.3763194833964189e-05;1.2473610332071628e-05;4.3763194833964189e-05,0;5;0|4.3763194833964189e-05;1.2473610332071628e-05;4.3763194833964189e-05,"[0.1144,0.1145]",3.25109198063405,7.91113400500478,0.1144,0.1145,0.1145,0,1
1145,0.1144,0;5;0|4.3763194833964189e-05;1.2473610332071628e-05;4.3763194833964189e-05,"[0.1144,0.1145]",0;5;0|4.3735192831660349e-05;1.2529614336679313e-05;4.3735192831660349e-05,0;5;0|4.3735192831660349e-05;1.2529614336679313e-05;4.3735192831660349e-05,"[0.1145,0.1146]",-3.3727382329737,4.48558623622936,0.1145,0.1146,0.1146,0,1
1146,0.1145,0;5;0|4.3735192831660349e-05;1.2529614336679313e-05;4.3735192831660349e-05,"[0.1145,0.1146]",0;5;0|4.3758487909203013e-05;1.248302418159398e-05;4.3758487909203013e-05,0;5;0|4.3758487909203013e-05;1.248302418159398e-05;4.3758487909203013e-05,"[0.1146,0.1147]",-2.35854351490318,3.22021524921299,0.1146,0.1147,0.1147,0,1
1147,0.1146,0;5;0|4.3758487909203013e-05;1.248302418159398e-05;4.3758487909203013e-05,"[0.1146,0.1147]",0;4;0|3.9050506226849096e-05;2.189898754630182e-05;3.9050506226849096e-05,0;4;0|3.9050506226849096e-05;2.189898754630182e-05;3.9050506226849096e-05,"[0.1147,0.1148]",-2.32829881014858,3.26418859110115,0.1147,0.1148,0.1148,0,1
1148,0.1147,0;4;0|3.9050506226849096e-05;2.189898754630182e-05;3.9050506226849096e-05,"[0.1147,0.1148]",0;5;0|3.9180482857800396e-05;2.1639034284399217e-05;3.9180482857800396e-05,0;5;0|3.9180482857800396e-05;2.1639034284399217e-05;3.9180482857800396e-05,"[0.1148,0.1149]",-2.27859270497759,3.28094295884167,0.1148,0.1149,0.1149,0,1
1149,0.1148,0;5;0|3.9180482857800396e-05;2.1639034284399217e-05;3.9180482857800396e-05,"[0.1148,0.1149]",0;5;0|4.376397935334083e-05;1.2472041293318344e-05;4.376397935334083e-05,0;5;0|4.376397935334083e-05;1.2472041293318344e-05;4.376397935334083e-05,"[0.1149,0.115]",3.06539663107796,6.30165586356566,0.1149,0.115,0.115,0,1
1150,0.1149,0;5;0|4.376397935334083e-05;1.2472041293318344e-05;4.376397935334083e-05,"[0.1149,0.115]",0;5;0|4.3737995888935755e-05;1.2524008222128498e-05;4.3737995888935755e-05,0;5;0|4.3737995888935755e-05;1.2524008222128498e-05;4.3737995888935755e-05,"[0.115,0.1151]",-3.80571456037559,5.78490379284851,0.115,0.1151,0.1151,0,1
1151,0.115,0;5;0|4.3737995888935755e-05;1.2524008222128498e-05;4.3737995888935755e-05,"[0.115,0.1151]",0;5;0|4.3708324615035917e-05;1.2583350769928175e-05;4.3708324615035917e-05,0;5;0|4.3708324615035917e-05;1.2583350769928175e-05;4.3708324615035917e-05,"[0.1151,0.1152]",-2.15141982127385,3.36153216681131,0.1151,0.1152,0.1152,0,1
1152,0.1151,0;5;0|4.3708324615035917e-05;1.2583350769928175e-05;4.3708324615035917e-05,"[0.1151,0.1152]",0;5;0|4.3718542205922708e-05;1.2562915588154583e-05;4.3718542205922708e-05,0;5;0|4.3718542205922708e-05;1.2562915588154583e-05;4.3718542205922708e-05,"[0.1152,0.1153]",-2.11779635886091,3.40241952937388,0.1152,0.1153,0.1153,0,1
1153,0.1152,0;5;0|4.3718542205922708e-05;1.2562915588154583e-05;4.3718542205922708e-05,"[0.1152,0.1153]",0;4;0|3.9547564728086525e-05;2.0904870543826958e-05;3.9547564728086525e-05,0;4;0|3.9547564728086525e-05;2.0904870543826958e-05;3.9547564728086525e-05,"[0.1153,0.1154]",-2.08470559007993,3.44500972167459,0.1153,0.1154,0.1154,0,1
1154,0.1153,0;4;0|3.9547564728086525e-05;2.0904870543826958e-05;3.9547564728086525e-05,"[0.1153,0.1154]",0;5;0|3.7450986737026183e-05;2.5098026525947633e-05;3.7450986737026183e-05,0;5;0|3.7450986737026183e-05;2.5098026525947633e-05;3.7450986737026183e-05,"[0.1154,0.1155]",-2.03793589871037,3.46529746423558,0.1154,0.1155,0.1155,0,1
1155,0.1154,0;5;0|3.7450986737026183e-05;2.5098026525947633e-05;3.7450986737026183e-05,"[0.1154,0.1155]",0|0.0001,0|0.0001,"[0.1155,0.1156]",3.37106253666189,5.77807331982046,0.1155,0.1156,0.1156,0,1
1156,0.1155,0|0.0001,"[0.1155,0.1156]",0;5;0|3.6918422957646955e-05;2.6163154084706091e-05;3.6918422957646955e-05,0;5;0|3.6918422957646955e-05;2.6163154084706091e-05;3.6918422957646955e-05,"[0.1156,0.1157]",-3.89610181578637,7.02305278607077,0.1156,0.1157,0.1157,0,1
1157,0.1156,0;5;0|3.6918422957646955e-05;2.6163154084706091e-05;3.6918422957646955e-05,"[0.1156,0.1157]",0;5;0|4.355174373963685e-05;1.2896512520726309e-05;4.355174373963685e-05,0;5;0|4.355174373963685e-05;1.2896512520726309e-05;4.355174373963685e-05,"[0.1157,0.1158]",0,0,0.1157,0.1158,0.1158,0,1
1158,0.1157,0;5;0|4.355174373963685e-05;1.2896512520726309e-05;4.355174373963685e-05,"[0.1157,0.1158]",0;5;0|4.3534741595663276e-05;1.2930516808673449e-05;4.3534741595663276e-05,0;5;0|4.3534741595663276e-05;1.2930516808673449e-05;4.3534741595663276e-05,"[0.1158,0.1159]",-3.87618466208327,7.42085447555886,0.1158,0.1159,0.1159,0,1
1159,0.1158,0;5;0|4.3534741595663276e-05;1.2930516808673449e-05;4.3534741595663276e-05,"[0.1158,0.1159]",0;5;0|4.3446035806476562e-05;1.3107928387046876e-05;4.3446035806476562e-05,0;5;0|4.3446035806476562e-05;1.3107928387046876e-05;4.3446035806476562e-05,"[0.1159,0.116]",-1.86455759192919,3.68165677251121,0.1159,0.116,0.116,0,1
1160,0.1159,0;5;0|4.3446035806476562e-05;1.3107928387046876e-05;4.3446035806476562e-05,"[0.1159,0.116]",0;5;0|4.3420245780264882e-05;1.3159508439470236e-05;4.3420245780264882e-05,0;5;0|4.3420245780264882e-05;1.3159508439470236e-05;4.3420245780264882e-05,"[0.116,0.1161]",-1.82294044293743,3.71456464088273,0.116,0.1161,0.1161,0,1
1161,0.116,0;5;0|4.3420245780264882e-05;1.3159508439470236e-05;4.3420245780264882e-05,"[0.116,0.1161]",0;5;0|4.3392437075504906e-05;1.3215125848990186e-05;4.3392437075504906e-05,0;5;0|4.3392437075504906e-05;1.3215125848990186e-05;4.3392437075504906e-05,"[0.1161,0.1162]",-1.80048816982598,3.78845399842092,0.1161,0.1162,0.1162,0,1
1162,0.1161,0;5;0|4.3392437075504906e-05;1.3215125848990186e-05;4.3392437075504906e-05,"[0.1161,0.1162]",0;5;0|4.3356340987306719e-05;1.3287318025386567e-05;4.3356340987306719e-05,0;5;0|4.3356340987306719e-05;1.3287318025386567e-05;4.3356340987306719e-05,"[0.1162,0.1163]",-1.75963722665128,3.825775405995,0.1162,0.1163,0.1163,0,1
1163,0.1162,0;5;0|4.3356340987306719e-05;1.3287318025386567e-05;4.3356340987306719e-05,"[0.1162,0.1163]",0;5;0|4.3326906848527557e-05;1.3346186302944885e-05;4.3326906848527557e-05,0;5;0|4.3326906848527557e-05;1.3346186302944885e-05;4.3326906848527557e-05,"[0.1163,0.1164]",-1.7186566150119,3.86384646214519,0.1163,0.1164,0.1164,0,1
1164,0.1163,0;5;0|4.3326906848527557e-05;1.3346186302944885e-05;4.3326906848527557e-05,"[0.1163,0.1164]",0;4;0|3.976709676891882e-05;2.0465806462162372e-05;3.976709676891882e-05,0;4;0|3.976709676891882e-05;2.0465806462162372e-05;3.976709676891882e-05,"[0.1164,0.1165]",-1.67909044190903,3.90636200158212,0.1164,0.1165,0.1165,0,1
1165,0.1164,0;4;0|3.976709676891882e-05;2.0465806462162372e-05;3.976709676891882e-05,"[0.1164,0.1165]",0;5;0|3.6540327281136524e-05;2.691934543772696e-05;3.6540327281136524e-05,0;5;0|3.6540327281136524e-05;2.691934543772696e-05;3.6540327281136524e-05,"[0.1165,0.1166]",-1.63709136258717,3.94455199066166,0.1165,0.1166,0.1166,0,1
1166,0.1165,0;5;0|3.6540327281136524e-05;2.691934543772696e-05;3.6540327281136524e-05,"[0.1165,0.1166]",0|0.0001,0|0.0001,"[0.1166,0.1167]",4.04822111818754,5.14801586583425,0.1166,0.1167,0.1167,0,1
1167,0.1166,0|0.0001,"[0.1166,0.1167]",0;5;0|3.5595790413092989e-05;2.8808419173814023e-05;3.5595790413092989e-05,0;5;0|3.5595790413092989e-05;2.8808419173814023e-05;3.5595790413092989e-05,"[0.1167,0.1168]",-3.10104147144205,8.03665480489695,0.1167,0.1168,0.1168,0,1
1168,0.1167,0;5;0|3.5595790413092989e-05;2.8808419173814023e-05;3.5595790413092989e-05,"[0.1167,0.1168]",0|0.0001,0|0.0001,"[0.1168,0.1169]",0,0,0.1168,0.1169,0.1169,0,1
1169,0.1168,0|0.0001,"[0.1168,0.1169]",0;5;0|3.5563544078108879e-05;2.8872911843782251e-05;3.5563544078108879e-05,0;5;0|3.5563544078108879e-05;2.8872911843782251e-05;3.5563544078108879e-05,"[0.1169,0.117]",-3.10147534385144,8.68131166688567,0.1169,0.117,0.117,0,1
1170,0.1169,0;5;0|3.5563544078108879e-05;2.8872911843782251e-05;3.5563544078108879e-05,"[0.1169,0.117]",0|0.0001,0|0.0001,"[0.117,0.1171]",0,0,0.117,0.1171,0.1171,0,1
1171,0.117,0|0.0001,"[0.117,0.1171]",0;5;0|3.5757686102836278e-05;2.8484627794327446e-05;3.5757686102836278e-05,0;5;0|3.5757686102836278e-05;2.8484627794327446e-05;3.5757686102836278e-05,"[0.1171,0.1172]",-2.88878628049256,8.77611336250468,0.1171,0.1172,0.1172,0,1
1172,0.1171,0;5;0|3.5757686102836278e-05;2.8484627794327446e-05;3.5757686102836278e-05,"[0.1171,0.1172]",0|0.0001,0|0.0001,"[0.1172,0.1173]",0,0,0.1172,0.1173,0.1173,0,1
1173,0.1172,0|0.0001,"[0.1172,0.1173]",0;5;0|3.5907152893162954e-05;2.8185694213674097e-05;3.5907152893162954e-05,0;5;0|3.5907152893162954e-05;2.8185694213674097e-05;3.5907152893162954e-05,"[0.1173,0.1174]",-2.63145905409391,8.72697673619906,0.1173,0.1174,0.1174,0,1
1174,0.1173,0;5;0|3.5907152893162954e-05;2.8185694213674097e-05;3.5907152893162954e-05,"[0.1173,0.1174]",0|0.0001,0|0.0001,"[0.1174,0.1175]",0,0,0.1174,0.1175,0.1175,0,1
1175,0.1174,0|0.0001,"[0.1174,0.1175]",0;5;0|3.5440763575502563e-05;2.9118472848994871e-05;3.5440763575502563e-05,0;5;0|3.5440763575502563e-05;2.9118472848994871e-05;3.5440763575502563e-05,"[0.1175,0.1176]",-2.38601253336863,8.69809864747567,0.1175,0.1176,0.1176,0,1
1176,0.1175,0;5;0|3.5440763575502563e-05;2.9118472848994871e-05;3.5440763575502563e-05,"[0.1175,0.1176]",0;5;0|4.1730910893250119e-05;1.6538178213499771e-05;4.1730910893250119e-05,0;5;0|4.1730910893250119e-05;1.6538178213499771e-05;4.1730910893250119e-05,"[0.1176,0.1177]",0,0,0.1176,0.1177,0.1177,0,1
1177,0.1176,0;5;0|4.1730910893250119e-05;1.6538178213499771e-05;4.1730910893250119e-05,"[0.1176,0.1177]",0;6;0|4.3795385112285354e-05;1.2409229775429292e-05;4.3795385112285354e-05,0;6;0|4.3795385112285354e-05;1.2409229775429292e-05;4.3795385112285354e-05,"[0.1177,0.1178]",-2.23837899454789,9.04506112135624,0.1177,0.1178,0.1178,0,1
1178,0.1177,0;6;0|4.3795385112285354e-05;1.2409229775429292e-05;4.3795385112285354e-05,"[0.1177,0.1178]",0;5;0|3.9710553052664501e-05;2.0578893894671006e-05;3.9710553052664501e-05,0;5;0|3.9710553052664501e-05;2.0578893894671006e-05;3.9710553052664501e-05,"[0.1178,0.1179]",-1.20665835817832,5.15281832412882,0.1178,0.1179,0.1179,0,1
1179,0.1178,0;5;0|3.9710553052664501e-05;2.0578893894671006e-05;3.9710553052664501e-05,"[0.1178,0.1179]",0|0.0001,0|0.0001,"[0.1179,0.118]",-3.78632523540597,1.19675107451574,0.1179,0.118,0.118,0,1
1180,0.1179,0|0.0001,"[0.1179,0.118]",0;5;0|3.6161050919475648e-05;2.7677898161048711e-05;3.6161050919475648e-05,0;5;0|3.6161050919475648e-05;2.7677898161048711e-05;3.6161050919475648e-05,"[0.118,0.1181]",-1.33987396617163,6.44749588949196,0.118,0.1181,0.1181,0,1
1181,0.118,0;5;0|3.6161050919475648e-05;2.7677898161048711e-05;3.6161050919475648e-05,"[0.118,0.1181]",0|0.0001,0|0.0001,"[0.1181,0.1182]",0,0,0.1181,0.1182,0.1182,0,1
1182,0.1181,0|0.0001,"[0.1181,0.1182]",0;5;0|3.2618257920067822e-05;3.4763484159864353e-05;3.2618257920067822e-05,0;5;0|3.2618257920067822e-05;3.4763484159864353e-05;3.2618257920067822e-05,"[0.1182,0.1183]",-1.58359527186302,8.71420617085363,0.1182,0.1183,0.1183,0,1
1183,0.1182,0;5;0|3.2618257920067822e-05;3.4763484159864353e-05;3.2618257920067822e-05,"[0.1182,0.1183]",0;1;0|4.5459166661297799e-05;9.0816666774044116e-06;4.5459166661297799e-05,0;1;0|4.5459166661297799e-05;9.0816666774044116e-06;4.5459166661297799e-05,"[0.1183,0.1184]",0,0,0.1183,0.1184,0.1184,0,1
1184,0.1183,0;1;0|4.5459166661297799e-05;9.0816666774044116e-06;4.5459166661297799e-05,"[0.1183,0.1184]",0;5;0|3.7052384394342437e-05;2.5895231211315134e-05;3.7052384394342437e-05,0;5;0|3.7052384394342437e-05;2.5895231211315134e-05;3.7052384394342437e-05,"[0.1184,0.1185]",-1.71331971330636,10.9915839735476,0.1184,0.1185,0.1185,0,1
1185,0.1184,0;5;0|3.7052384394342437e-05;2.5895231211315134e-05;3.7052384394342437e-05,"[0.1184,0.1185]",0;5;0|3.8763124722896461e-05;2.2473750554207076e-05;3.8763124722896461e-05,0;5;0|3.8763124722896461e-05;2.2473750554207076e-05;3.8763124722896461e-05,"[0.1185,0.1186]",-2.28569451201628,-1.7947734031964,0.1185,0.1186,0.1186,0,1
1186,0.1185,0;5;0|3.8763124722896461e-05;2.2473750554207076e-05;3.8763124722896461e-05,"[0.1185,0.1186]",0;1;0|4.4594288149869647e-05;1.0811423700260712e-05;4.4594288149869647e-05,0;1;0|4.4594288149869647e-05;1.0811423700260712e-05;4.4594288149869647e-05,"[0.1186,0.1187]",-1.07008921215681,8.21708952278984,0.1186,0.1187,0.1187,0,1
1187,0.1186,0;1;0|4.4594288149869647e-05;1.0811423700260712e-05;4.4594288149869647e-05,"[0.1186,0.1187]",0;5;0|3.7362737849269048e-05;2.5274524301461905e-05;3.7362737849269048e-05,0;5;0|3.7362737849269048e-05;2.5274524301461905e-05;3.7362737849269048e-05,"[0.1187,0.1188]",-0.839014075060025,7.14249035649738,0.1187,0.1188,0.1188,0,1
1188,0.1187,0;5;0|3.7362737849269048e-05;2.5274524301461905e-05;3.7362737849269048e-05,"[0.1187,0.1188]",0;5;0|3.6237766928059944e-05;2.7524466143880124e-05;3.6237766928059944e-05,0;5;0|3.6237766928059944e-05;2.7524466143880124e-05;3.6237766928059944e-05,"[0.1188,0.1189]",-2.79963985133975,-2.03254359443284,0.1188,0.1189,0.1189,0,1
1189,0.1188,0;5;0|3.6237766928059944e-05;2.7524466143880124e-05;3.6237766928059944e-05,"[0.1188,0.1189]",0;1;0|4.1861394379691215e-05;1.6277211240617575e-05;4.1861394379691215e-05,0;1;0|4.1861394379691215e-05;1.6277211240617575e-05;4.1861394379691215e-05,"[0.1189,0.119]",-0.741417113700795,8.0537930392348,0.1189,0.119,0.119,0,1
1190,0.1189,0;1;0|4.1861394379691215e-05;1.6277211240617575e-05;4.1861394379691215e-05,"[0.1189,0.119]",0;5;0|3.8627351619424333e-05;2.2745296761151341e-05;3.8627351619424333e-05,0;5;0|3.8627351619424333e-05;2.2745296761151341e-05;3.8627351619424333e-05,"[0.119,0.1191]",-0.697140918310433,8.78019641911222,0.119,0.1191,0.1191,0,1
1191,0.119,0;5;0|3.8627351619424333e-05;2.2745296761151341e-05;3.8627351619424333e-05,"[0.119,0.1191]",0|0.0001,0|0.0001,"[0.1191,0.1192]",-4.32735770271468,-2.89907056550487,0.1191,0.1192,0.1192,0,1
1192,0.1191,0|0.0001,"[0.1191,0.1192]",0;6;0|3.6777919328865866e-05;2.644416134226827e-05;3.6777919328865866e-05,0;6;0|3.6777919328865866e-05;2.644416134226827e-05;3.6777919328865866e-05,"[0.1192,0.1193]",-0.39357653127411,7.26784606666385,0.1192,0.1193,0.1193,0,1
1193,0.1192,0;6;0|3.6777919328865866e-05;2.644416134226827e-05;3.6777919328865866e-05,"[0.1192,0.1193]",0;5;0|3.5838046094184349e-05;2.8323907811631311e-05;3.5838046094184349e-05,0;5;0|3.5838046094184349e-05;2.8323907811631311e-05;3.5838046094184349e-05,"[0.1193,0.1194]",0,0,0.1193,0.1194,0.1194,0,1
1194,0.1193,0;5;0|3.5838046094184349e-05;2.8323907811631311e-05;3.5838046094184349e-05,"[0.1193,0.1194]",0|0.0001,0|0.0001,"[0.1194,0.1195]",-7.44789287688922,4.0170341559171,0.1194,0.1195,0.1195,0,1
1195,0.1194,0|0.0001,"[0.1194,0.1195]",0;5;0|3.6639190205313914e-05;2.6721619589372173e-05;3.6639190205313914e-05,0;5;0|3.6639190205313914e-05;2.6721619589372173e-05;3.6639190205313914e-05,"[0.1195,0.1196]",-0.148647754800574,9.06243147428459,0.1195,0.1196,0.1196,0,1
1196,0.1195,0;5;0|3.6639190205313914e-05;2.6721619589372173e-05;3.6639190205313914e-05,"[0.1195,0.1196]",0|0.0001,0|0.0001,"[0.1196,0.1197]",0,0,0.1196,0.1197,0.1197,0,1
1197,0.1196,0|0.0001,"[0.1196,0.1197]",0;6;0|3.7484805099627498e-05;2.5030389800745009e-05;3.7484805099627498e-05,0;6;0|3.7484805099627498e-05;2.5030389800745009e-05;3.7484805099627498e-05,"[0.1197,0.1198]",0.0746620535237244,8.55059230778929,0.1197,0.1198,0.1198,0,1
1198,0.1197,0;6;0|3.7484805099627498e-05;2.5030389800745009e-05;3.7484805099627498e-05,"[0.1197,0.1198]",0;5;0|3.631785031737961e-05;2.7364299365240782e-05;3.631785031737961e-05,0;5;0|3.631785031737961e-05;2.7364299365240782e-05;3.631785031737961e-05,"[0.1198,0.1199]",0,0,0.1198,0.1199,0.1199,0,1
1199,0.1198,0;5;0|3.631785031737961e-05;2.7364299365240782e-05;3.631785031737961e-05,"[0.1198,0.1199]",0|0.0001,0|0.0001,"[0.1199,0.12]",-6.79705203177457,4.23742540083699,0.1199,0.12,0.12,0,1
1200,0.1199,0|0.0001,"[0.1199,0.12]",0;5;0|3.6736069671619197e-05;2.652786065676161e-05;3.6736069671619197e-05,0;5;0|3.6736069671619197e-05;2.652786065676161e-05;3.6736069671619197e-05,"[0.12,0.1201]",0.406427780299613,8.74713874051702,0.12,0.1201,0.1201,0,1
