project_id,relative_path,absolute_path,bytes,sha256
model_error,audit\path_resolution.csv,C:\Users\catkin\Documents\baseline_zhou\zhou_icf_mpc_dual_timescale_prototype_iter01\reference\upstream_snapshots\zhou_icf_mpc_model_error_decomposition_iter01\audit\path_resolution.csv,2579,7ec51b798ccb013f4e081e19f9e8d39ee428447707f82b40f62f9e78562ff2dd
model_error,CHANGELOG.md,C:\Users\catkin\Documents\baseline_zhou\zhou_icf_mpc_dual_timescale_prototype_iter01\reference\upstream_snapshots\zhou_icf_mpc_model_error_decomposition_iter01\CHANGELOG.md,835,0afe8e8747a05f17e76dee35fee0c765f66c385935deacd02a060c48f6456a65
model_error,config\acceptance_thresholds.m,C:\Users\catkin\Documents\baseline_zhou\zhou_icf_mpc_dual_timescale_prototype_iter01\reference\upstream_snapshots\zhou_icf_mpc_model_error_decomposition_iter01\config\acceptance_thresholds.m,731,1c576aed717bac5a88c7829ae2c25f50a3d9c0c0ff044615cb555653aea525b0
model_error,config\base_parameters.m,C:\Users\catkin\Documents\baseline_zhou\zhou_icf_mpc_dual_timescale_prototype_iter01\reference\upstream_snapshots\zhou_icf_mpc_model_error_decomposition_iter01\config\base_parameters.m,496,aa0e79005afca47ae82a8e9e3b546ebb872e81652ef4c9f5f3513a5ab689b3e6
model_error,config\control_scenario.m,C:\Users\catkin\Documents\baseline_zhou\zhou_icf_mpc_dual_timescale_prototype_iter01\reference\upstream_snapshots\zhou_icf_mpc_model_error_decomposition_iter01\config\control_scenario.m,800,0bb5c3ceb301307b4e1b3f08a9720011a8ab693e29fa5199c89b7ba064e54dea
model_error,config\implementation_assumptions.m,C:\Users\catkin\Documents\baseline_zhou\zhou_icf_mpc_dual_timescale_prototype_iter01\reference\upstream_snapshots\zhou_icf_mpc_model_error_decomposition_iter01\config\implementation_assumptions.m,2059,c163dba1171db50c114b1d9df3615239c9ec93e6a20807f45cff9a4553d58e06
model_error,config\ipmsm_parameters.m,C:\Users\catkin\Documents\baseline_zhou\zhou_icf_mpc_dual_timescale_prototype_iter01\reference\upstream_snapshots\zhou_icf_mpc_model_error_decomposition_iter01\config\ipmsm_parameters.m,624,d000a18f90cc24f419e3056634991c9abb84090f70f1137db48f64d92896d89f
model_error,config\model_error_parameters.m,C:\Users\catkin\Documents\baseline_zhou\zhou_icf_mpc_dual_timescale_prototype_iter01\reference\upstream_snapshots\zhou_icf_mpc_model_error_decomposition_iter01\config\model_error_parameters.m,676,7f33f9508b95357c2c88805d0b88cd2c956344ced3c01a78c853c603bd872690
model_error,config\sequence_parameters.m,C:\Users\catkin\Documents\baseline_zhou\zhou_icf_mpc_dual_timescale_prototype_iter01\reference\upstream_snapshots\zhou_icf_mpc_model_error_decomposition_iter01\config\sequence_parameters.m,571,53980a84e7641bf22806ebcddd1eb1e00593a69f872e508ea9d73454a26f10a6
model_error,config\sequence_scenarios.m,C:\Users\catkin\Documents\baseline_zhou\zhou_icf_mpc_dual_timescale_prototype_iter01\reference\upstream_snapshots\zhou_icf_mpc_model_error_decomposition_iter01\config\sequence_scenarios.m,3409,77724727d04080f506848cd7f1b45f3c92e092dd4e9229082ded6d0904ae15cb
model_error,config\six_condition_matrix.m,C:\Users\catkin\Documents\baseline_zhou\zhou_icf_mpc_dual_timescale_prototype_iter01\reference\upstream_snapshots\zhou_icf_mpc_model_error_decomposition_iter01\config\six_condition_matrix.m,401,8c1d0d5a4c8d91a6614a5a9575639f45a0da7c0b23cfec104f0b542778486af2
model_error,COPIED_FILE_PROVENANCE.csv,C:\Users\catkin\Documents\baseline_zhou\zhou_icf_mpc_dual_timescale_prototype_iter01\reference\upstream_snapshots\zhou_icf_mpc_model_error_decomposition_iter01\COPIED_FILE_PROVENANCE.csv,79433,7fabb5c4f70b4d4ed18f2c1ffe04731bd993e3151ce1eb0e04f449fc9aa33e8b
model_error,docs\BASELINE_REPRODUCTION_REPORT.md,C:\Users\catkin\Documents\baseline_zhou\zhou_icf_mpc_dual_timescale_prototype_iter01\reference\upstream_snapshots\zhou_icf_mpc_model_error_decomposition_iter01\docs\BASELINE_REPRODUCTION_REPORT.md,1370,9746d4b97891dd5c7d896d9eadbf45c6bc181eac48962b5e25689e4378f21d99
model_error,docs\DECISION_AND_NEXT_STEP.md,C:\Users\catkin\Documents\baseline_zhou\zhou_icf_mpc_dual_timescale_prototype_iter01\reference\upstream_snapshots\zhou_icf_mpc_model_error_decomposition_iter01\docs\DECISION_AND_NEXT_STEP.md,1887,90bb37e08c8f0dbf17b7e8b0387d379c2135ad908201cdaea4d849cdb428bede
model_error,docs\DUPLICATE_WORK_CHECK.md,C:\Users\catkin\Documents\baseline_zhou\zhou_icf_mpc_dual_timescale_prototype_iter01\reference\upstream_snapshots\zhou_icf_mpc_model_error_decomposition_iter01\docs\DUPLICATE_WORK_CHECK.md,1495,97ebe498fd4eb5b54ce01e824d0493c6cac6270972b6b2a25dd7a22ab87f0ae6
model_error,docs\EXPERIMENT_PROTOCOL.md,C:\Users\catkin\Documents\baseline_zhou\zhou_icf_mpc_dual_timescale_prototype_iter01\reference\upstream_snapshots\zhou_icf_mpc_model_error_decomposition_iter01\docs\EXPERIMENT_PROTOCOL.md,5316,de53b272e1dbeda95d970bf7cc3eea268b107fb2dae19336a52901cf99c8e042
model_error,docs\KNOWN_LIMITATIONS.md,C:\Users\catkin\Documents\baseline_zhou\zhou_icf_mpc_dual_timescale_prototype_iter01\reference\upstream_snapshots\zhou_icf_mpc_model_error_decomposition_iter01\docs\KNOWN_LIMITATIONS.md,1905,cff8693bf12dd6f7a69fff088dcdcbef81d053ad96993cab752642acd235f0ea
model_error,docs\METRIC_DEFINITIONS.md,C:\Users\catkin\Documents\baseline_zhou\zhou_icf_mpc_dual_timescale_prototype_iter01\reference\upstream_snapshots\zhou_icf_mpc_model_error_decomposition_iter01\docs\METRIC_DEFINITIONS.md,2252,c886b52bcc9aba6b0458fd32b96d51414917c922a0719a67a9af7e668d6fe99c
model_error,docs\MODEL_ERROR_DECOMPOSITION_REPORT.md,C:\Users\catkin\Documents\baseline_zhou\zhou_icf_mpc_dual_timescale_prototype_iter01\reference\upstream_snapshots\zhou_icf_mpc_model_error_decomposition_iter01\docs\MODEL_ERROR_DECOMPOSITION_REPORT.md,16658,e0fcbb958972a637790ed542756e04fb013175f8ba19b759f7498b5f183d7536
model_error,docs\ORACLE_PREDICTOR_DEFINITION.md,C:\Users\catkin\Documents\baseline_zhou\zhou_icf_mpc_dual_timescale_prototype_iter01\reference\upstream_snapshots\zhou_icf_mpc_model_error_decomposition_iter01\docs\ORACLE_PREDICTOR_DEFINITION.md,3063,6efaede2f1ff1b5428f93609db6bab328170b4e33751ff758658c4607890a21f
model_error,docs\ORIGINAL_PREDICTOR_DEFINITION.md,C:\Users\catkin\Documents\baseline_zhou\zhou_icf_mpc_dual_timescale_prototype_iter01\reference\upstream_snapshots\zhou_icf_mpc_model_error_decomposition_iter01\docs\ORIGINAL_PREDICTOR_DEFINITION.md,2209,1f7bf54ce51d24055b561c08c082b76e2d3f7a37cf2359a6f197193988a87733
model_error,docs\PATH_CONFLICT_REPORT.md,C:\Users\catkin\Documents\baseline_zhou\zhou_icf_mpc_dual_timescale_prototype_iter01\reference\upstream_snapshots\zhou_icf_mpc_model_error_decomposition_iter01\docs\PATH_CONFLICT_REPORT.md,775,9b25d80e697e61e6b1939d2521cf5d73c795d1fa0dc42b65ba371662cb2dbcd1
model_error,docs\PREVIOUS_WORK_INVENTORY.md,C:\Users\catkin\Documents\baseline_zhou\zhou_icf_mpc_dual_timescale_prototype_iter01\reference\upstream_snapshots\zhou_icf_mpc_model_error_decomposition_iter01\docs\PREVIOUS_WORK_INVENTORY.md,2985,80bd643e09f0d28416c38f2323331dba1807cb151cd09908d40c4c5fd3941f09
model_error,docs\PROJECT_SCOPE.md,C:\Users\catkin\Documents\baseline_zhou\zhou_icf_mpc_dual_timescale_prototype_iter01\reference\upstream_snapshots\zhou_icf_mpc_model_error_decomposition_iter01\docs\PROJECT_SCOPE.md,1273,147ae801a9ec47f347d70abf57af03e0817a20b178978aed19e25378eb7bfa0b
model_error,docs\PROTOTYPE_GATE_REPORT.md,C:\Users\catkin\Documents\baseline_zhou\zhou_icf_mpc_dual_timescale_prototype_iter01\reference\upstream_snapshots\zhou_icf_mpc_model_error_decomposition_iter01\docs\PROTOTYPE_GATE_REPORT.md,389,a453fe5f2184da9914b30b9eb58418d53b214474e23922184bfce154fa33fe49
model_error,docs\SOURCE_PROJECT_INVENTORY.md,C:\Users\catkin\Documents\baseline_zhou\zhou_icf_mpc_dual_timescale_prototype_iter01\reference\upstream_snapshots\zhou_icf_mpc_model_error_decomposition_iter01\docs\SOURCE_PROJECT_INVENTORY.md,2335,e3f502d0785d60ca34e69d666b00501d8e632bf40131fe8e2b1920cd336c0e03
model_error,docs\TIMING_ALIGNMENT_AUDIT.md,C:\Users\catkin\Documents\baseline_zhou\zhou_icf_mpc_dual_timescale_prototype_iter01\reference\upstream_snapshots\zhou_icf_mpc_model_error_decomposition_iter01\docs\TIMING_ALIGNMENT_AUDIT.md,4184,bb2290d10afef3bec8ee9927d3d16cea887b19b47040e39ba0c6a4b2dd86a771
model_error,FROZEN_UPSTREAM_VALIDATION.csv,C:\Users\catkin\Documents\baseline_zhou\zhou_icf_mpc_dual_timescale_prototype_iter01\reference\upstream_snapshots\zhou_icf_mpc_model_error_decomposition_iter01\FROZEN_UPSTREAM_VALIDATION.csv,472121,4d7f1128a3dfe13c41e90ff691bb2b78f4cd9ab92d8d8f9cb784f493979aae1f
model_error,HANDOFF.md,C:\Users\catkin\Documents\baseline_zhou\zhou_icf_mpc_dual_timescale_prototype_iter01\reference\upstream_snapshots\zhou_icf_mpc_model_error_decomposition_iter01\HANDOFF.md,11932,971e34f50b31ec7ad9b25abc724f77e6eb26850a0cc6e268cf707e0f7ed4af19
model_error,initialize_project.m,C:\Users\catkin\Documents\baseline_zhou\zhou_icf_mpc_dual_timescale_prototype_iter01\reference\upstream_snapshots\zhou_icf_mpc_model_error_decomposition_iter01\initialize_project.m,2396,5c79913ca53deb39c042ad00bd03ac19e1e7d19b6e3c27a10a7590994c880ee4
model_error,README.md,C:\Users\catkin\Documents\baseline_zhou\zhou_icf_mpc_dual_timescale_prototype_iter01\reference\upstream_snapshots\zhou_icf_mpc_model_error_decomposition_iter01\README.md,4003,99f44bdc920fad4b72cf3816553a5ea65ae0800472523c6062c5413a021de854
model_error,reference\upstream_snapshots\ipmsm_probe\FINAL_IPMSM_PROBE_REPORT.md,C:\Users\catkin\Documents\baseline_zhou\zhou_icf_mpc_dual_timescale_prototype_iter01\reference\upstream_snapshots\zhou_icf_mpc_model_error_decomposition_iter01\reference\upstream_snapshots\ipmsm_probe\FINAL_IPMSM_PROBE_REPORT.md,3067,8c13f34fd68580ab787162443fbe6b2253aebfd6fb1bd3e3018a1f42880ddabe
model_error,reference\upstream_snapshots\ipmsm_probe\README.md,C:\Users\catkin\Documents\baseline_zhou\zhou_icf_mpc_dual_timescale_prototype_iter01\reference\upstream_snapshots\zhou_icf_mpc_model_error_decomposition_iter01\reference\upstream_snapshots\ipmsm_probe\README.md,2556,b63e025d4ee5ba3b023a524f418fdad9da356c1e152eb50e7fcfcb4e70fdb301
model_error,reference\upstream_snapshots\jd_jq_audit\all_constraint_cases.csv,C:\Users\catkin\Documents\baseline_zhou\zhou_icf_mpc_dual_timescale_prototype_iter01\reference\upstream_snapshots\zhou_icf_mpc_model_error_decomposition_iter01\reference\upstream_snapshots\jd_jq_audit\all_constraint_cases.csv,669078,cdfd03b1aaa0817ff1de5cead31a967b84bbdf3292e1fdc17099617de0197231
model_error,reference\upstream_snapshots\jd_jq_audit\README.md,C:\Users\catkin\Documents\baseline_zhou\zhou_icf_mpc_dual_timescale_prototype_iter01\reference\upstream_snapshots\zhou_icf_mpc_model_error_decomposition_iter01\reference\upstream_snapshots\jd_jq_audit\README.md,1350,14a66670c8691fcc6ba9c8b2356a85fb925f736c42ac686f455cc9a0f8bc922e
model_error,reference\upstream_snapshots\jd_jq_audit\vector_mode_distribution.csv,C:\Users\catkin\Documents\baseline_zhou\zhou_icf_mpc_dual_timescale_prototype_iter01\reference\upstream_snapshots\zhou_icf_mpc_model_error_decomposition_iter01\reference\upstream_snapshots\jd_jq_audit\vector_mode_distribution.csv,98113,174228ffb51ed3b371097b8fa16e1176641f1cca39d6fa262488299766b6a57e
model_error,reference\upstream_snapshots\robust_residual\CALIBRATION_SCENARIOS.csv,C:\Users\catkin\Documents\baseline_zhou\zhou_icf_mpc_dual_timescale_prototype_iter01\reference\upstream_snapshots\zhou_icf_mpc_model_error_decomposition_iter01\reference\upstream_snapshots\robust_residual\CALIBRATION_SCENARIOS.csv,3402,387a6a12fad05ed5cc2f22aac517707c15023ebb646f4aa505db30d84c2b99f7
model_error,reference\upstream_snapshots\robust_residual\DATA_SPLIT.md,C:\Users\catkin\Documents\baseline_zhou\zhou_icf_mpc_dual_timescale_prototype_iter01\reference\upstream_snapshots\zhou_icf_mpc_model_error_decomposition_iter01\reference\upstream_snapshots\robust_residual\DATA_SPLIT.md,490,6b398775cccce09f67bbe14f885d1a0846847972199519c5a828d40228700f42
model_error,reference\upstream_snapshots\robust_residual\EXPERIMENT_HANDOFF.md,C:\Users\catkin\Documents\baseline_zhou\zhou_icf_mpc_dual_timescale_prototype_iter01\reference\upstream_snapshots\zhou_icf_mpc_model_error_decomposition_iter01\reference\upstream_snapshots\robust_residual\EXPERIMENT_HANDOFF.md,3515,32cea93f5a728ea4ad600046d06b67c5a539e08e77270b124a08caf2c8a63ad0
model_error,reference\upstream_snapshots\robust_residual\FINAL_ROBUST_CONSTRAINT_REPORT.md,C:\Users\catkin\Documents\baseline_zhou\zhou_icf_mpc_dual_timescale_prototype_iter01\reference\upstream_snapshots\zhou_icf_mpc_model_error_decomposition_iter01\reference\upstream_snapshots\robust_residual\FINAL_ROBUST_CONSTRAINT_REPORT.md,8275,f92968da977ea19074bd3f74571a5a6db7bbad1c78ea9dfd9dd849c3d86ee716
model_error,reference\upstream_snapshots\robust_residual\README.md,C:\Users\catkin\Documents\baseline_zhou\zhou_icf_mpc_dual_timescale_prototype_iter01\reference\upstream_snapshots\zhou_icf_mpc_model_error_decomposition_iter01\reference\upstream_snapshots\robust_residual\README.md,3439,e1eb950e41cbce05b61f4c9b3e56a9f37d71f330af6d7d1c8c1d095a463cd59e
model_error,reference\upstream_snapshots\robust_residual\RESIDUAL_ALIGNMENT_AUDIT.md,C:\Users\catkin\Documents\baseline_zhou\zhou_icf_mpc_dual_timescale_prototype_iter01\reference\upstream_snapshots\zhou_icf_mpc_model_error_decomposition_iter01\reference\upstream_snapshots\robust_residual\RESIDUAL_ALIGNMENT_AUDIT.md,567,59fb9fb430186788d52f81c23618ea724a9ddffc4841d500c3b1511914855ac9
model_error,reference\upstream_snapshots\robust_residual\RESIDUAL_DATASET_SCHEMA.md,C:\Users\catkin\Documents\baseline_zhou\zhou_icf_mpc_dual_timescale_prototype_iter01\reference\upstream_snapshots\zhou_icf_mpc_model_error_decomposition_iter01\reference\upstream_snapshots\robust_residual\RESIDUAL_DATASET_SCHEMA.md,398,bb5ed9d73e4b465a8313a334faf4c895e1ffc910141fc10850a308d5d8129838
model_error,reference\upstream_snapshots\robust_residual\robust_scenario_splits.m,C:\Users\catkin\Documents\baseline_zhou\zhou_icf_mpc_dual_timescale_prototype_iter01\reference\upstream_snapshots\zhou_icf_mpc_model_error_decomposition_iter01\reference\upstream_snapshots\robust_residual\robust_scenario_splits.m,3965,ff1253c24b0c70748a0c3c5e9f1fd5069996d33dee22a6b0ac25bc7882e32257
model_error,reference\upstream_snapshots\robust_residual\TEST_SCENARIOS.csv,C:\Users\catkin\Documents\baseline_zhou\zhou_icf_mpc_dual_timescale_prototype_iter01\reference\upstream_snapshots\zhou_icf_mpc_model_error_decomposition_iter01\reference\upstream_snapshots\robust_residual\TEST_SCENARIOS.csv,6405,24c9c3f148bcf51fdccfd8234c64151b7e2db57231f541afa4770d3c098f3937
model_error,reference\upstream_snapshots\robust_residual\VALIDATION_SCENARIOS.csv,C:\Users\catkin\Documents\baseline_zhou\zhou_icf_mpc_dual_timescale_prototype_iter01\reference\upstream_snapshots\zhou_icf_mpc_model_error_decomposition_iter01\reference\upstream_snapshots\robust_residual\VALIDATION_SCENARIOS.csv,4592,10d703ae4e44d80c928423ee69c17fd07ff74befd543a11b719f50e03380198f
model_error,reference\upstream_snapshots\s2_feasibility\BASELINE_COMPARISON.csv,C:\Users\catkin\Documents\baseline_zhou\zhou_icf_mpc_dual_timescale_prototype_iter01\reference\upstream_snapshots\zhou_icf_mpc_model_error_decomposition_iter01\reference\upstream_snapshots\s2_feasibility\BASELINE_COMPARISON.csv,2825,b44f75e96d8e12dc91a1e6124b7c67f8c8a48c5aa1a058a9d87a57cf3796ac06
model_error,reference\upstream_snapshots\s2_feasibility\FEASIBILITY_CONTROL_DECISION.md,C:\Users\catkin\Documents\baseline_zhou\zhou_icf_mpc_dual_timescale_prototype_iter01\reference\upstream_snapshots\zhou_icf_mpc_model_error_decomposition_iter01\reference\upstream_snapshots\s2_feasibility\FEASIBILITY_CONTROL_DECISION.md,747,a160e2b88abe09fd5c469815a4402ce96559054b947ca7f3becef321944ea982
model_error,reference\upstream_snapshots\s2_feasibility\FINAL_FEASIBILITY_CONTROL_REPORT.md,C:\Users\catkin\Documents\baseline_zhou\zhou_icf_mpc_dual_timescale_prototype_iter01\reference\upstream_snapshots\zhou_icf_mpc_model_error_decomposition_iter01\reference\upstream_snapshots\s2_feasibility\FINAL_FEASIBILITY_CONTROL_REPORT.md,2462,76f056cf74375086d15c125e911efcbb2ffb43aa0d9da728857e50ca88582a21
model_error,reference\upstream_snapshots\s2_feasibility\NEGATIVE_ID_ADMISSION.csv,C:\Users\catkin\Documents\baseline_zhou\zhou_icf_mpc_dual_timescale_prototype_iter01\reference\upstream_snapshots\zhou_icf_mpc_model_error_decomposition_iter01\reference\upstream_snapshots\s2_feasibility\NEGATIVE_ID_ADMISSION.csv,15199,17b05c394d7e838a87be92ff9b9a20d34a51990c6a768a12128b10f6af8d7112
model_error,reference\upstream_snapshots\s2_feasibility\SIX_CONDITION_COMPARISON.csv,C:\Users\catkin\Documents\baseline_zhou\zhou_icf_mpc_dual_timescale_prototype_iter01\reference\upstream_snapshots\zhou_icf_mpc_model_error_decomposition_iter01\reference\upstream_snapshots\s2_feasibility\SIX_CONDITION_COMPARISON.csv,21727,f684e21689226a50303e69c0111683da2624c49a20eb3e1a25271b8ce13306a8
model_error,reference\upstream_snapshots\sequence_decomposition\baseline_comparison.csv,C:\Users\catkin\Documents\baseline_zhou\zhou_icf_mpc_dual_timescale_prototype_iter01\reference\upstream_snapshots\zhou_icf_mpc_model_error_decomposition_iter01\reference\upstream_snapshots\sequence_decomposition\baseline_comparison.csv,804,6ef4a80bb85d6d17bef701325d68d957937ec14d8596ea6fc52e56e6e4b1df12
model_error,reference\upstream_snapshots\sequence_decomposition\candidate_decision_comparison.csv,C:\Users\catkin\Documents\baseline_zhou\zhou_icf_mpc_dual_timescale_prototype_iter01\reference\upstream_snapshots\zhou_icf_mpc_model_error_decomposition_iter01\reference\upstream_snapshots\sequence_decomposition\candidate_decision_comparison.csv,20698,c26e6116556ce7a254686cc1cb90be27f0017cc852e70f6a741791b1a6d48f13
model_error,reference\upstream_snapshots\sequence_decomposition\final_decision.csv,C:\Users\catkin\Documents\baseline_zhou\zhou_icf_mpc_dual_timescale_prototype_iter01\reference\upstream_snapshots\zhou_icf_mpc_model_error_decomposition_iter01\reference\upstream_snapshots\sequence_decomposition\final_decision.csv,506,c62b5a43f47bc8e1ef868ce2cd19312f8d40ad596ffd943c94e0d23ad2239eb3
model_error,reference\upstream_snapshots\sequence_decomposition\HANDOFF.md,C:\Users\catkin\Documents\baseline_zhou\zhou_icf_mpc_dual_timescale_prototype_iter01\reference\upstream_snapshots\zhou_icf_mpc_model_error_decomposition_iter01\reference\upstream_snapshots\sequence_decomposition\HANDOFF.md,7614,704af78deb0008f87412234076d3699a66e5aa9172361edb11403675c93879bf
model_error,reference\upstream_snapshots\sequence_decomposition\overall_metrics.csv,C:\Users\catkin\Documents\baseline_zhou\zhou_icf_mpc_dual_timescale_prototype_iter01\reference\upstream_snapshots\zhou_icf_mpc_model_error_decomposition_iter01\reference\upstream_snapshots\sequence_decomposition\overall_metrics.csv,2392,42a70f927bcb0f590bfefebb9496e1fddded23cd876c26f74e24c49e4acbee95
model_error,reference\upstream_snapshots\sequence_decomposition\PREVIOUS_WORK_INVENTORY.md,C:\Users\catkin\Documents\baseline_zhou\zhou_icf_mpc_dual_timescale_prototype_iter01\reference\upstream_snapshots\zhou_icf_mpc_model_error_decomposition_iter01\reference\upstream_snapshots\sequence_decomposition\PREVIOUS_WORK_INVENTORY.md,5410,1d2fd93b09d6dec68841c728e2ea89d4b50ba44028828edaede3c421966ed872
model_error,reference\upstream_snapshots\sequence_decomposition\README.md,C:\Users\catkin\Documents\baseline_zhou\zhou_icf_mpc_dual_timescale_prototype_iter01\reference\upstream_snapshots\zhou_icf_mpc_model_error_decomposition_iter01\reference\upstream_snapshots\sequence_decomposition\README.md,4523,c737d3d5873151742784bd9618abd4850c2f111f5d8e8cd0f5253b4aaf79a4bf
model_error,reference\upstream_snapshots\sequence_decomposition\residual_decomposition.csv,C:\Users\catkin\Documents\baseline_zhou\zhou_icf_mpc_dual_timescale_prototype_iter01\reference\upstream_snapshots\zhou_icf_mpc_model_error_decomposition_iter01\reference\upstream_snapshots\sequence_decomposition\residual_decomposition.csv,4396,a2783aa730450f07f0c96bebb673e0c6f3eebcba3fc4473aad2f672746479b3a
model_error,reference\upstream_snapshots\sequence_decomposition\RUN_AND_REPRODUCE.md,C:\Users\catkin\Documents\baseline_zhou\zhou_icf_mpc_dual_timescale_prototype_iter01\reference\upstream_snapshots\zhou_icf_mpc_model_error_decomposition_iter01\reference\upstream_snapshots\sequence_decomposition\RUN_AND_REPRODUCE.md,5414,903001361efc5e9fe6000c414a844b38e7e7d27782fb1d720e5ddd936c1fd76c
model_error,reference\upstream_snapshots\sequence_decomposition\SEQUENCE_DECOMPOSITION_REPORT.md,C:\Users\catkin\Documents\baseline_zhou\zhou_icf_mpc_dual_timescale_prototype_iter01\reference\upstream_snapshots\zhou_icf_mpc_model_error_decomposition_iter01\reference\upstream_snapshots\sequence_decomposition\SEQUENCE_DECOMPOSITION_REPORT.md,1153,f31c31a0e0c170e43bf486ed3ec444af3438391368703347057804dbe2ed7c57
model_error,reference\upstream_snapshots\sequence_decomposition\simulation_case_summary.csv,C:\Users\catkin\Documents\baseline_zhou\zhou_icf_mpc_dual_timescale_prototype_iter01\reference\upstream_snapshots\zhou_icf_mpc_model_error_decomposition_iter01\reference\upstream_snapshots\sequence_decomposition\simulation_case_summary.csv,19999,17dea88e85017f09b036553235dabbbd33c05d9b4b82cedfd2865a73b264aef1
model_error,reference\upstream_snapshots\sequence_decomposition\TIMING_ALIGNMENT_AUDIT.md,C:\Users\catkin\Documents\baseline_zhou\zhou_icf_mpc_dual_timescale_prototype_iter01\reference\upstream_snapshots\zhou_icf_mpc_model_error_decomposition_iter01\reference\upstream_snapshots\sequence_decomposition\TIMING_ALIGNMENT_AUDIT.md,3952,ab72a924ef10d59452d2edc17cb462786018a2816e6a6539bfdbe532e93c7565
model_error,results\figures\01_predictors_vs_actual.png,C:\Users\catkin\Documents\baseline_zhou\zhou_icf_mpc_dual_timescale_prototype_iter01\reference\upstream_snapshots\zhou_icf_mpc_model_error_decomposition_iter01\results\figures\01_predictors_vs_actual.png,167303,61cc07090c1f0fdf89a0e7c8fada53857538f4a4aabf3c80e4915ecf8a86e38d
model_error,results\figures\02_residual_rms_by_predictor.png,C:\Users\catkin\Documents\baseline_zhou\zhou_icf_mpc_dual_timescale_prototype_iter01\reference\upstream_snapshots\zhou_icf_mpc_model_error_decomposition_iter01\results\figures\02_residual_rms_by_predictor.png,32070,9a314e32118eb1a7666b34a322e1603fd2ad09c89e893aaf4d48b249a2ace9be
model_error,results\figures\03_false_safe_by_predictor.png,C:\Users\catkin\Documents\baseline_zhou\zhou_icf_mpc_dual_timescale_prototype_iter01\reference\upstream_snapshots\zhou_icf_mpc_model_error_decomposition_iter01\results\figures\03_false_safe_by_predictor.png,27560,04c4bd07940ac2164d62389f99e5638da48022821c92f381ac9225f427191408
model_error,results\figures\04_F_replacement_time_domain.png,C:\Users\catkin\Documents\baseline_zhou\zhou_icf_mpc_dual_timescale_prototype_iter01\reference\upstream_snapshots\zhou_icf_mpc_model_error_decomposition_iter01\results\figures\04_F_replacement_time_domain.png,150092,72619f387c69de284f329c0c0dc69b7a9e063af922d84721b7a860291be325f4
model_error,results\figures\05_alpha_replacement_time_domain.png,C:\Users\catkin\Documents\baseline_zhou\zhou_icf_mpc_dual_timescale_prototype_iter01\reference\upstream_snapshots\zhou_icf_mpc_model_error_decomposition_iter01\results\figures\05_alpha_replacement_time_domain.png,78730,02b795aeeb55d4d49540244630b56d0eef9fe46994c7b718a60ba7adf8e92cf0
model_error,results\figures\06_P3_P4_P5_error_chain.png,C:\Users\catkin\Documents\baseline_zhou\zhou_icf_mpc_dual_timescale_prototype_iter01\reference\upstream_snapshots\zhou_icf_mpc_model_error_decomposition_iter01\results\figures\06_P3_P4_P5_error_chain.png,119863,037c81235b94579c629cf5fd0e6cacd5319ed9ed5755ba9fc7f88535011f9699
model_error,results\figures\07_candidate_top1_flip_matrix.png,C:\Users\catkin\Documents\baseline_zhou\zhou_icf_mpc_dual_timescale_prototype_iter01\reference\upstream_snapshots\zhou_icf_mpc_model_error_decomposition_iter01\results\figures\07_candidate_top1_flip_matrix.png,120073,f776883264c11bebc2f07b3ae7095934d438140bb7b4641ee4cea73b118b54f7
model_error,results\figures\08_candidate_mode_flip_matrix.png,C:\Users\catkin\Documents\baseline_zhou\zhou_icf_mpc_dual_timescale_prototype_iter01\reference\upstream_snapshots\zhou_icf_mpc_model_error_decomposition_iter01\results\figures\08_candidate_mode_flip_matrix.png,120486,f585dc167c5ffe1d78f5212327ca32519d58df56212831e0879d28c76c5ff74a
model_error,results\figures\09_residual_vs_delta_F.png,C:\Users\catkin\Documents\baseline_zhou\zhou_icf_mpc_dual_timescale_prototype_iter01\reference\upstream_snapshots\zhou_icf_mpc_model_error_decomposition_iter01\results\figures\09_residual_vs_delta_F.png,127756,8deb47ee6c21d96eca1d7a2727d3b048bd55cf774c434d4d1e634d85f257bcb5
model_error,results\figures\10_residual_vs_alpha_error.png,C:\Users\catkin\Documents\baseline_zhou\zhou_icf_mpc_dual_timescale_prototype_iter01\reference\upstream_snapshots\zhou_icf_mpc_model_error_decomposition_iter01\results\figures\10_residual_vs_alpha_error.png,82947,5997450210d1b5a5e5af6f6eb6ed14713f53bf7e34013cb0c9f6e7f380d776ac
model_error,results\figures\11_residual_vs_state.png,C:\Users\catkin\Documents\baseline_zhou\zhou_icf_mpc_dual_timescale_prototype_iter01\reference\upstream_snapshots\zhou_icf_mpc_model_error_decomposition_iter01\results\figures\11_residual_vs_state.png,92309,684207738c3b78a22fa8c6d8f525c80d72b55d2f7730da17980a32bb8cf7f2d2
model_error,results\figures\12_residual_spectrum.png,C:\Users\catkin\Documents\baseline_zhou\zhou_icf_mpc_dual_timescale_prototype_iter01\reference\upstream_snapshots\zhou_icf_mpc_model_error_decomposition_iter01\results\figures\12_residual_spectrum.png,72426,35f46152ac57faaa1c531a0d38d8b1cffa5a3dbce9b08c018b0fc794a3451331
model_error,results\figures\13_S2_residual_comparison.png,C:\Users\catkin\Documents\baseline_zhou\zhou_icf_mpc_dual_timescale_prototype_iter01\reference\upstream_snapshots\zhou_icf_mpc_model_error_decomposition_iter01\results\figures\13_S2_residual_comparison.png,36610,939ddf3d328e3d9db7562c839fcb7da3eaf2c155c078e0057aaf7b1782715fd8
model_error,results\figures\14_parameter_over_under_asymmetry.png,C:\Users\catkin\Documents\baseline_zhou\zhou_icf_mpc_dual_timescale_prototype_iter01\reference\upstream_snapshots\zhou_icf_mpc_model_error_decomposition_iter01\results\figures\14_parameter_over_under_asymmetry.png,38775,0da686f62f5f24e85b94734dfc5f280dd85bb3a1af3f3f4e178761d79cfa6bff
model_error,results\figures\15_case_error_source_share.png,C:\Users\catkin\Documents\baseline_zhou\zhou_icf_mpc_dual_timescale_prototype_iter01\reference\upstream_snapshots\zhou_icf_mpc_model_error_decomposition_iter01\results\figures\15_case_error_source_share.png,92986,bf707d3474a933776f29fa3f2a3d6a4aa4c5a6479bb7acf18a25d667cfa58c6f
model_error,results\figures\figure_manifest.csv,C:\Users\catkin\Documents\baseline_zhou\zhou_icf_mpc_dual_timescale_prototype_iter01\reference\upstream_snapshots\zhou_icf_mpc_model_error_decomposition_iter01\results\figures\figure_manifest.csv,604,f27f2843aaee5ae2166310979dd3b37b5b69116b51fe737c298b56bb410943bb
model_error,results\raw\mat\B01_500rpm_20A_48V_fast_model_error.mat,C:\Users\catkin\Documents\baseline_zhou\zhou_icf_mpc_dual_timescale_prototype_iter01\reference\upstream_snapshots\zhou_icf_mpc_model_error_decomposition_iter01\results\raw\mat\B01_500rpm_20A_48V_fast_model_error.mat,615224,bc6f18113aa9f3090e406ec540c7bcb9e17574cf616282920e0ac8d03560d8d8
model_error,results\raw\mat\B02_500rpm_negid_48V_model_error.mat,C:\Users\catkin\Documents\baseline_zhou\zhou_icf_mpc_dual_timescale_prototype_iter01\reference\upstream_snapshots\zhou_icf_mpc_model_error_decomposition_iter01\results\raw\mat\B02_500rpm_negid_48V_model_error.mat,2070208,4d5e086f7836c3bd02211ec476a13092aba8e2878c521e9eb505ae888c7a9d9a
model_error,results\raw\mat\C01_nominal_100rpm_10A_model_error.mat,C:\Users\catkin\Documents\baseline_zhou\zhou_icf_mpc_dual_timescale_prototype_iter01\reference\upstream_snapshots\zhou_icf_mpc_model_error_decomposition_iter01\results\raw\mat\C01_nominal_100rpm_10A_model_error.mat,3968982,571defbddb8b3eaa766092a59c8576b71628aae1472221f3fbe5fcba3a2427ce
model_error,results\raw\mat\C02_light_100rpm_4A_model_error.mat,C:\Users\catkin\Documents\baseline_zhou\zhou_icf_mpc_dual_timescale_prototype_iter01\reference\upstream_snapshots\zhou_icf_mpc_model_error_decomposition_iter01\results\raw\mat\C02_light_100rpm_4A_model_error.mat,3931308,3a97749d80b2bca664d41d91508f13be2663f220d7a9f911dbc3ce08d20e6e10
model_error,results\raw\mat\C03_light_200rpm_6A_model_error.mat,C:\Users\catkin\Documents\baseline_zhou\zhou_icf_mpc_dual_timescale_prototype_iter01\reference\upstream_snapshots\zhou_icf_mpc_model_error_decomposition_iter01\results\raw\mat\C03_light_200rpm_6A_model_error.mat,4008984,11bc9f81b9df0ecbf5426db05f8babf458b85b68ec7bba5fa1089f499949c8fe
model_error,results\raw\mat\C04_high_200rpm_18A_model_error.mat,C:\Users\catkin\Documents\baseline_zhou\zhou_icf_mpc_dual_timescale_prototype_iter01\reference\upstream_snapshots\zhou_icf_mpc_model_error_decomposition_iter01\results\raw\mat\C04_high_200rpm_18A_model_error.mat,4057017,88bf49bc01a5d9a69362ace12187e0c96c78e3089b37fc1adf2bf1b159d1e989
model_error,results\raw\mat\C05_negative_id_model_error.mat,C:\Users\catkin\Documents\baseline_zhou\zhou_icf_mpc_dual_timescale_prototype_iter01\reference\upstream_snapshots\zhou_icf_mpc_model_error_decomposition_iter01\results\raw\mat\C05_negative_id_model_error.mat,4134611,38d702d892de44b16de7ef69dbeb9b43b7432d400c57c63bf0b56f4c911b93c1
model_error,results\raw\mat\C06_low_bus_43p2V_model_error.mat,C:\Users\catkin\Documents\baseline_zhou\zhou_icf_mpc_dual_timescale_prototype_iter01\reference\upstream_snapshots\zhou_icf_mpc_model_error_decomposition_iter01\results\raw\mat\C06_low_bus_43p2V_model_error.mat,4168336,294340344dd2fb711dc8d766052058a4e70792e215e3d5891cf142d293b5c0ac
model_error,results\raw\mat\C07_known_false_safe_model_error.mat,C:\Users\catkin\Documents\baseline_zhou\zhou_icf_mpc_dual_timescale_prototype_iter01\reference\upstream_snapshots\zhou_icf_mpc_model_error_decomposition_iter01\results\raw\mat\C07_known_false_safe_model_error.mat,800611,f196845b716e33745a9b089971249f8facdcfd09d2a0cf7e5037d255c442e46c
model_error,results\raw\mat\C08_S2_nontrigger_model_error.mat,C:\Users\catkin\Documents\baseline_zhou\zhou_icf_mpc_dual_timescale_prototype_iter01\reference\upstream_snapshots\zhou_icf_mpc_model_error_decomposition_iter01\results\raw\mat\C08_S2_nontrigger_model_error.mat,3966976,1408f9222ccb5159a656b39194761f64c028a911637ca3917f02c0ecdf74f81d
model_error,results\raw\mat\C09_S2_boundary_model_error.mat,C:\Users\catkin\Documents\baseline_zhou\zhou_icf_mpc_dual_timescale_prototype_iter01\reference\upstream_snapshots\zhou_icf_mpc_model_error_decomposition_iter01\results\raw\mat\C09_S2_boundary_model_error.mat,4139433,9cf59e0604f5f3a9bf950892bb1b075c75651be2f43dbaf2d61524b4985c1609
model_error,results\raw\mat\combined_model_error_data.mat,C:\Users\catkin\Documents\baseline_zhou\zhou_icf_mpc_dual_timescale_prototype_iter01\reference\upstream_snapshots\zhou_icf_mpc_model_error_decomposition_iter01\results\raw\mat\combined_model_error_data.mat,27217758,9201cf4b715a91c92976c1d69058d6c424a66ea891651a41e7020c24e65a404f
model_error,results\raw\mat\D01_iq_step_model_error.mat,C:\Users\catkin\Documents\baseline_zhou\zhou_icf_mpc_dual_timescale_prototype_iter01\reference\upstream_snapshots\zhou_icf_mpc_model_error_decomposition_iter01\results\raw\mat\D01_iq_step_model_error.mat,2120235,006c5be136b3cffe31b825fc8dc167e98fae9e2b5b727fc23094525f2db9a524
model_error,results\raw\mat\D02_id_step_model_error.mat,C:\Users\catkin\Documents\baseline_zhou\zhou_icf_mpc_dual_timescale_prototype_iter01\reference\upstream_snapshots\zhou_icf_mpc_model_error_decomposition_iter01\results\raw\mat\D02_id_step_model_error.mat,4056468,771414bd3e1b449ed5958071a9fc26021f904d6ec5e35622b9adbcff3617227e
model_error,results\raw\mat\D03_id_iq_step_model_error.mat,C:\Users\catkin\Documents\baseline_zhou\zhou_icf_mpc_dual_timescale_prototype_iter01\reference\upstream_snapshots\zhou_icf_mpc_model_error_decomposition_iter01\results\raw\mat\D03_id_iq_step_model_error.mat,4135719,de60703106b198e46bdcea4fd15023250f6f956a43e6c30339287995e6cdab74
model_error,results\raw\mat\D04_torque_ramp_model_error.mat,C:\Users\catkin\Documents\baseline_zhou\zhou_icf_mpc_dual_timescale_prototype_iter01\reference\upstream_snapshots\zhou_icf_mpc_model_error_decomposition_iter01\results\raw\mat\D04_torque_ramp_model_error.mat,4178407,893f86131e55f551037f2f8504e808d55ba5ac483c494a979107788eff3c7033
model_error,results\raw\mat\D05_torque_step_model_error.mat,C:\Users\catkin\Documents\baseline_zhou\zhou_icf_mpc_dual_timescale_prototype_iter01\reference\upstream_snapshots\zhou_icf_mpc_model_error_decomposition_iter01\results\raw\mat\D05_torque_step_model_error.mat,2084119,13356c0c53e817f83887bde742cf52edb1c4bda5900b9bd45acc0ff1e65f0845
model_error,results\raw\mat\P01_Ld_minus10_model_error.mat,C:\Users\catkin\Documents\baseline_zhou\zhou_icf_mpc_dual_timescale_prototype_iter01\reference\upstream_snapshots\zhou_icf_mpc_model_error_decomposition_iter01\results\raw\mat\P01_Ld_minus10_model_error.mat,4267721,96451740e20ae5cdd001235a5433dc728f632d85b847b3f7ebad3fa96605f9ed
model_error,results\raw\mat\P02_Ld_plus10_model_error.mat,C:\Users\catkin\Documents\baseline_zhou\zhou_icf_mpc_dual_timescale_prototype_iter01\reference\upstream_snapshots\zhou_icf_mpc_model_error_decomposition_iter01\results\raw\mat\P02_Ld_plus10_model_error.mat,4255735,122a503730ea3843b359c219d1001c10e0e3d9fa5374adf2e0fd25211ac73709
model_error,results\raw\mat\P03_Lq_minus10_model_error.mat,C:\Users\catkin\Documents\baseline_zhou\zhou_icf_mpc_dual_timescale_prototype_iter01\reference\upstream_snapshots\zhou_icf_mpc_model_error_decomposition_iter01\results\raw\mat\P03_Lq_minus10_model_error.mat,4244711,4a9a657d38bad1d1a38b50cc23535f52ab4f0a1f03b0bdd222556b9793bfac80
model_error,results\raw\mat\P04_Lq_plus10_model_error.mat,C:\Users\catkin\Documents\baseline_zhou\zhou_icf_mpc_dual_timescale_prototype_iter01\reference\upstream_snapshots\zhou_icf_mpc_model_error_decomposition_iter01\results\raw\mat\P04_Lq_plus10_model_error.mat,4263747,7c6844d7a3b2ad0feffcf40f1fa2867529d3bd1bda46ebaf34326104b064a5e8
model_error,results\raw\mat\P05_cross_mismatch_model_error.mat,C:\Users\catkin\Documents\baseline_zhou\zhou_icf_mpc_dual_timescale_prototype_iter01\reference\upstream_snapshots\zhou_icf_mpc_model_error_decomposition_iter01\results\raw\mat\P05_cross_mismatch_model_error.mat,4286295,441577bb0311684bfbe8656f5cd44015c61f8bee54edcd87dd63056fe1d9ab6b
model_error,results\raw\mat\P06_controller_high_L_model_error.mat,C:\Users\catkin\Documents\baseline_zhou\zhou_icf_mpc_dual_timescale_prototype_iter01\reference\upstream_snapshots\zhou_icf_mpc_model_error_decomposition_iter01\results\raw\mat\P06_controller_high_L_model_error.mat,4288083,efa8dde92b4aea0e36b6748a7f3c14637c9e7c83cd8d633eb6bd4df8302a014d
model_error,results\raw\mat\P07_controller_low_L_model_error.mat,C:\Users\catkin\Documents\baseline_zhou\zhou_icf_mpc_dual_timescale_prototype_iter01\reference\upstream_snapshots\zhou_icf_mpc_model_error_decomposition_iter01\results\raw\mat\P07_controller_low_L_model_error.mat,4304190,b01465b9937477a3647519476e36881b8fe5fa847d452062c2aedb5522d5f54f
model_error,results\raw\mat\P08_opposed_20pct_model_error.mat,C:\Users\catkin\Documents\baseline_zhou\zhou_icf_mpc_dual_timescale_prototype_iter01\reference\upstream_snapshots\zhou_icf_mpc_model_error_decomposition_iter01\results\raw\mat\P08_opposed_20pct_model_error.mat,4308613,a586ed0bf1b402f592c3c2f9703b523e0be0a335a74e156d8b08db2a9f46f090
model_error,results\raw\model_error_samples.csv,C:\Users\catkin\Documents\baseline_zhou\zhou_icf_mpc_dual_timescale_prototype_iter01\reference\upstream_snapshots\zhou_icf_mpc_model_error_decomposition_iter01\results\raw\model_error_samples.csv,57435751,4bb73a94e42669d40f3776a722f3c43c3861647f02c6fb8c477c62110051c592
model_error,results\summary\audit_outcome.mat,C:\Users\catkin\Documents\baseline_zhou\zhou_icf_mpc_dual_timescale_prototype_iter01\reference\upstream_snapshots\zhou_icf_mpc_model_error_decomposition_iter01\results\summary\audit_outcome.mat,71544,4da25f05834900e2a955f7d2b1ae3e948e9db0046d72af0ef358b853cc78839d
model_error,results\summary\baseline_comparison.csv,C:\Users\catkin\Documents\baseline_zhou\zhou_icf_mpc_dual_timescale_prototype_iter01\reference\upstream_snapshots\zhou_icf_mpc_model_error_decomposition_iter01\results\summary\baseline_comparison.csv,827,80cfa8222d358df1bb41ba7c2053fdf6c68b13deea9e6818038176fdcb1711a7
model_error,results\summary\candidate_convergence_audit.csv,C:\Users\catkin\Documents\baseline_zhou\zhou_icf_mpc_dual_timescale_prototype_iter01\reference\upstream_snapshots\zhou_icf_mpc_model_error_decomposition_iter01\results\summary\candidate_convergence_audit.csv,1896,97e211ee1bd608b970d51a6a5df1c5c7286478de910e993722d91fe43296ddd6
model_error,results\summary\case_classification.csv,C:\Users\catkin\Documents\baseline_zhou\zhou_icf_mpc_dual_timescale_prototype_iter01\reference\upstream_snapshots\zhou_icf_mpc_model_error_decomposition_iter01\results\summary\case_classification.csv,3501,f99dd72d1038b2f67f5210484e02a4907b1a0d4ec1f2aa47a97e73aca4e83d49
model_error,results\summary\constraint_confusion_by_predictor.csv,C:\Users\catkin\Documents\baseline_zhou\zhou_icf_mpc_dual_timescale_prototype_iter01\reference\upstream_snapshots\zhou_icf_mpc_model_error_decomposition_iter01\results\summary\constraint_confusion_by_predictor.csv,43272,e252385e83fe92c25457a415a76791593a3afe69e62fe7bdaca4c2764e238ab6
model_error,results\summary\error_source_contribution.csv,C:\Users\catkin\Documents\baseline_zhou\zhou_icf_mpc_dual_timescale_prototype_iter01\reference\upstream_snapshots\zhou_icf_mpc_model_error_decomposition_iter01\results\summary\error_source_contribution.csv,18869,60e5f5d15ee743207fe60489bb71c303044077c71bafceee07d7245f3b4a8174
model_error,results\summary\final_decision.csv,C:\Users\catkin\Documents\baseline_zhou\zhou_icf_mpc_dual_timescale_prototype_iter01\reference\upstream_snapshots\zhou_icf_mpc_model_error_decomposition_iter01\results\summary\final_decision.csv,1336,223ae671d377113d8ea8839efec6f9fd51487c38718bcd2d281059fb344acbc3
model_error,results\summary\last_run_outcome.mat,C:\Users\catkin\Documents\baseline_zhou\zhou_icf_mpc_dual_timescale_prototype_iter01\reference\upstream_snapshots\zhou_icf_mpc_model_error_decomposition_iter01\results\summary\last_run_outcome.mat,6931,9f23220fc37c579c8bd82f2a48a0e2647675f5851cb24214999c55303ccaef83
model_error,results\summary\predictor_assertion_audit.csv,C:\Users\catkin\Documents\baseline_zhou\zhou_icf_mpc_dual_timescale_prototype_iter01\reference\upstream_snapshots\zhou_icf_mpc_model_error_decomposition_iter01\results\summary\predictor_assertion_audit.csv,2895,1ec64b9263bb7ed4c387949e9776031979426ca790dd87bb80787eb29c3217a1
model_error,results\summary\predictor_candidate_comparison.csv,C:\Users\catkin\Documents\baseline_zhou\zhou_icf_mpc_dual_timescale_prototype_iter01\reference\upstream_snapshots\zhou_icf_mpc_model_error_decomposition_iter01\results\summary\predictor_candidate_comparison.csv,88080,f054805eab8ddedb4f26f36200f64062f326ad8a9ca7589f79b215a082a46ad4
model_error,results\summary\predictor_metrics.csv,C:\Users\catkin\Documents\baseline_zhou\zhou_icf_mpc_dual_timescale_prototype_iter01\reference\upstream_snapshots\zhou_icf_mpc_model_error_decomposition_iter01\results\summary\predictor_metrics.csv,125224,725cca63b7db2fe5f744cd38a8a5299fbc247ba9b6516a0acaf18bdef4b76dcd
model_error,results\summary\repeatability_check.csv,C:\Users\catkin\Documents\baseline_zhou\zhou_icf_mpc_dual_timescale_prototype_iter01\reference\upstream_snapshots\zhou_icf_mpc_model_error_decomposition_iter01\results\summary\repeatability_check.csv,369,20e2241db930f73806580be515074cf581eb6b2514600c244ae55f90ff628633
model_error,results\summary\residual_spectrum.csv,C:\Users\catkin\Documents\baseline_zhou\zhou_icf_mpc_dual_timescale_prototype_iter01\reference\upstream_snapshots\zhou_icf_mpc_model_error_decomposition_iter01\results\summary\residual_spectrum.csv,105812,5ac25182e3fe28e9661276a15237a2bd87e6ed97a7287bb0e55ce79f7bbf5e65
model_error,results\summary\residual_state_correlations.csv,C:\Users\catkin\Documents\baseline_zhou\zhou_icf_mpc_dual_timescale_prototype_iter01\reference\upstream_snapshots\zhou_icf_mpc_model_error_decomposition_iter01\results\summary\residual_state_correlations.csv,614091,8755e4c52a7e91d677582135ff3920e6e7ad675a93479510e9875e94acfd49c3
model_error,results\summary\simulation_case_summary.csv,C:\Users\catkin\Documents\baseline_zhou\zhou_icf_mpc_dual_timescale_prototype_iter01\reference\upstream_snapshots\zhou_icf_mpc_model_error_decomposition_iter01\results\summary\simulation_case_summary.csv,3501,f99dd72d1038b2f67f5210484e02a4907b1a0d4ec1f2aa47a97e73aca4e83d49
model_error,RUN_AND_REPRODUCE.md,C:\Users\catkin\Documents\baseline_zhou\zhou_icf_mpc_dual_timescale_prototype_iter01\reference\upstream_snapshots\zhou_icf_mpc_model_error_decomposition_iter01\RUN_AND_REPRODUCE.md,2063,179633a29940a2059e023a6a39a0ec73b96db4d1311ceb2183e8dcaf709550af
model_error,run_model_error_decomposition.m,C:\Users\catkin\Documents\baseline_zhou\zhou_icf_mpc_dual_timescale_prototype_iter01\reference\upstream_snapshots\zhou_icf_mpc_model_error_decomposition_iter01\run_model_error_decomposition.m,1849,51f3b2af3a153aa23592a4892cc09036d6200b0ea01004eb4aa45bbcb9737a4d
model_error,SOURCE_PROJECTS.csv,C:\Users\catkin\Documents\baseline_zhou\zhou_icf_mpc_dual_timescale_prototype_iter01\reference\upstream_snapshots\zhou_icf_mpc_model_error_decomposition_iter01\SOURCE_PROJECTS.csv,980,afa11ab53b9c2299f7ce997e13152c897a21edd08d03a363a4db8ff687be8dc2
model_error,SOURCE_SHA256_AFTER.csv,C:\Users\catkin\Documents\baseline_zhou\zhou_icf_mpc_dual_timescale_prototype_iter01\reference\upstream_snapshots\zhou_icf_mpc_model_error_decomposition_iter01\SOURCE_SHA256_AFTER.csv,593046,c33085deb5b37fec99b0e58400ef9523d9d19341b1acb678a819f0c095ba4b89
model_error,SOURCE_SHA256_BEFORE.csv,C:\Users\catkin\Documents\baseline_zhou\zhou_icf_mpc_dual_timescale_prototype_iter01\reference\upstream_snapshots\zhou_icf_mpc_model_error_decomposition_iter01\SOURCE_SHA256_BEFORE.csv,593046,c33085deb5b37fec99b0e58400ef9523d9d19341b1acb678a819f0c095ba4b89
model_error,src\+zhou_feasibility\apply_feasibility_layer.m,C:\Users\catkin\Documents\baseline_zhou\zhou_icf_mpc_dual_timescale_prototype_iter01\reference\upstream_snapshots\zhou_icf_mpc_model_error_decomposition_iter01\src\+zhou_feasibility\apply_feasibility_layer.m,6291,ee32529a7ff3c0d93d9795eb5e90ddc377124c16f75c057286b0e694859dbe44
model_error,src\+zhou_feasibility\audit_original_illegal_cycles.m,C:\Users\catkin\Documents\baseline_zhou\zhou_icf_mpc_dual_timescale_prototype_iter01\reference\upstream_snapshots\zhou_icf_mpc_model_error_decomposition_iter01\src\+zhou_feasibility\audit_original_illegal_cycles.m,4268,0536d1a906b1e2b428e1fab637d8e0337b0ca4eaf6f00045e94ff40807c9341b
model_error,src\+zhou_feasibility\compare_pointwise_runs.m,C:\Users\catkin\Documents\baseline_zhou\zhou_icf_mpc_dual_timescale_prototype_iter01\reference\upstream_snapshots\zhou_icf_mpc_model_error_decomposition_iter01\src\+zhou_feasibility\compare_pointwise_runs.m,6173,787d7f9419f1b6d23d2ad22cbb5f2e4e7ed90e5018086f753801f305224efff3
model_error,src\+zhou_feasibility\generate_manifests.m,C:\Users\catkin\Documents\baseline_zhou\zhou_icf_mpc_dual_timescale_prototype_iter01\reference\upstream_snapshots\zhou_icf_mpc_model_error_decomposition_iter01\src\+zhou_feasibility\generate_manifests.m,3186,4060ade6d4c347dc153d26ec4016366b46e132f2488518085cbd8408f5370444
model_error,src\+zhou_feasibility\generate_plots.m,C:\Users\catkin\Documents\baseline_zhou\zhou_icf_mpc_dual_timescale_prototype_iter01\reference\upstream_snapshots\zhou_icf_mpc_model_error_decomposition_iter01\src\+zhou_feasibility\generate_plots.m,21737,e661a6d08013e929af692bbbcbadffa8dd00fcc573bad63dbebdb457a0781301
model_error,src\+zhou_feasibility\generate_reports.m,C:\Users\catkin\Documents\baseline_zhou\zhou_icf_mpc_dual_timescale_prototype_iter01\reference\upstream_snapshots\zhou_icf_mpc_model_error_decomposition_iter01\src\+zhou_feasibility\generate_reports.m,15345,c892d6a827da7539250113e930b11fe2412ca2e7abc3a5c9afc47bc85798680c
model_error,src\+zhou_feasibility\minimum_normalized_constraint_violation_in_hexagon.m,C:\Users\catkin\Documents\baseline_zhou\zhou_icf_mpc_dual_timescale_prototype_iter01\reference\upstream_snapshots\zhou_icf_mpc_model_error_decomposition_iter01\src\+zhou_feasibility\minimum_normalized_constraint_violation_in_hexagon.m,2452,c8861a78ee061e110b7e1468e11d255ca702f2c85870acb7ad220a859de60af6
model_error,src\+zhou_feasibility\nearest_point_in_rectangle_hexagon_intersection.m,C:\Users\catkin\Documents\baseline_zhou\zhou_icf_mpc_dual_timescale_prototype_iter01\reference\upstream_snapshots\zhou_icf_mpc_model_error_decomposition_iter01\src\+zhou_feasibility\nearest_point_in_rectangle_hexagon_intersection.m,1860,0cc04e191aa6ca56362975fafc9843f42404f91a00a3544824ef79f6f228f0e6
model_error,src\+zhou_feasibility\point_in_hexagon.m,C:\Users\catkin\Documents\baseline_zhou\zhou_icf_mpc_dual_timescale_prototype_iter01\reference\upstream_snapshots\zhou_icf_mpc_model_error_decomposition_iter01\src\+zhou_feasibility\point_in_hexagon.m,1935,16b38f68b40858e8c440d964a5fc89a1f59313950fb6f8eee76a04fc93a8b6a3
model_error,src\+zhou_feasibility\project_point_to_polygon.m,C:\Users\catkin\Documents\baseline_zhou\zhou_icf_mpc_dual_timescale_prototype_iter01\reference\upstream_snapshots\zhou_icf_mpc_model_error_decomposition_iter01\src\+zhou_feasibility\project_point_to_polygon.m,2488,a358e2d2e94f9347699f2c1f7eeb19aafd0ee3a884d6074db80bad885168a06e
model_error,src\+zhou_feasibility\rectangle_hexagon_intersection.m,C:\Users\catkin\Documents\baseline_zhou\zhou_icf_mpc_dual_timescale_prototype_iter01\reference\upstream_snapshots\zhou_icf_mpc_model_error_decomposition_iter01\src\+zhou_feasibility\rectangle_hexagon_intersection.m,4168,856630c7d9ea73df97c41536d4941faddcc8964996b430a8325b52026cf54982
model_error,src\+zhou_feasibility\run_campaign.m,C:\Users\catkin\Documents\baseline_zhou\zhou_icf_mpc_dual_timescale_prototype_iter01\reference\upstream_snapshots\zhou_icf_mpc_model_error_decomposition_iter01\src\+zhou_feasibility\run_campaign.m,7436,8f80044f8a23d0d40bbed8ce91eeb12637aff79229596f159538c2b6b8f2344d
model_error,src\+zhou_feasibility\run_control_case.m,C:\Users\catkin\Documents\baseline_zhou\zhou_icf_mpc_dual_timescale_prototype_iter01\reference\upstream_snapshots\zhou_icf_mpc_model_error_decomposition_iter01\src\+zhou_feasibility\run_control_case.m,20436,462d15f088a3546cf715ff03bc825bee0eb1a58ac83d1327276745fdcabf27e9
model_error,src\+zhou_feasibility\run_p0_strict_regression.m,C:\Users\catkin\Documents\baseline_zhou\zhou_icf_mpc_dual_timescale_prototype_iter01\reference\upstream_snapshots\zhou_icf_mpc_model_error_decomposition_iter01\src\+zhou_feasibility\run_p0_strict_regression.m,2410,3becb442afbda5a14e99b660536c1d9a6f7e1ee04306c290b21f3442001a70ac
model_error,src\+zhou_feasibility\synthesize_feasible_three_vector_command.m,C:\Users\catkin\Documents\baseline_zhou\zhou_icf_mpc_dual_timescale_prototype_iter01\reference\upstream_snapshots\zhou_icf_mpc_model_error_decomposition_iter01\src\+zhou_feasibility\synthesize_feasible_three_vector_command.m,2742,efeda7963650f65298a9ce875bea2205a14487527a8938bf3b2da098c6a62b7c
model_error,src\+zhou_feasibility\voltage_feasibility.m,C:\Users\catkin\Documents\baseline_zhou\zhou_icf_mpc_dual_timescale_prototype_iter01\reference\upstream_snapshots\zhou_icf_mpc_model_error_decomposition_iter01\src\+zhou_feasibility\voltage_feasibility.m,8385,b0d780e13c8e2387970d9643620c7b2ef749a3100831f63a0fdc3b3056b944f4
model_error,src\+zhou_ipmsm\+baseline\fcs_mpcc_step.m,C:\Users\catkin\Documents\baseline_zhou\zhou_icf_mpc_dual_timescale_prototype_iter01\reference\upstream_snapshots\zhou_icf_mpc_model_error_decomposition_iter01\src\+zhou_ipmsm\+baseline\fcs_mpcc_step.m,3427,50b3bbd7a876df2b06b95963243f81d0e8f40d30e8f46126395e2d17ffa17142
model_error,src\+zhou_ipmsm\+controller\compute_V_terms.m,C:\Users\catkin\Documents\baseline_zhou\zhou_icf_mpc_dual_timescale_prototype_iter01\reference\upstream_snapshots\zhou_icf_mpc_model_error_decomposition_iter01\src\+zhou_ipmsm\+controller\compute_V_terms.m,200,7ad68159a48c0c5e1637e5adbdcb585619ffd288709e40d6579c9e8771a01be0
model_error,src\+zhou_ipmsm\+controller\costs_from_voltage.m,C:\Users\catkin\Documents\baseline_zhou\zhou_icf_mpc_dual_timescale_prototype_iter01\reference\upstream_snapshots\zhou_icf_mpc_model_error_decomposition_iter01\src\+zhou_ipmsm\+controller\costs_from_voltage.m,285,4d2339a4d1a94a99ff77bbbed360e1899ea01bdbb22e2f49095850caa18c8422
model_error,src\+zhou_ipmsm\+controller\estimate_F.m,C:\Users\catkin\Documents\baseline_zhou\zhou_icf_mpc_dual_timescale_prototype_iter01\reference\upstream_snapshots\zhou_icf_mpc_model_error_decomposition_iter01\src\+zhou_ipmsm\+controller\estimate_F.m,800,dcd0e71be0a20b55abea40bedf57928656404048754f2594336bc75b0673b809
model_error,src\+zhou_ipmsm\+controller\estimate_F_algebraic.m,C:\Users\catkin\Documents\baseline_zhou\zhou_icf_mpc_dual_timescale_prototype_iter01\reference\upstream_snapshots\zhou_icf_mpc_model_error_decomposition_iter01\src\+zhou_ipmsm\+controller\estimate_F_algebraic.m,1117,9748477077f783ea155e4567315783c7891c80e8cd718ea63752f38e0d67a137
model_error,src\+zhou_ipmsm\+controller\icf_mpc_step.m,C:\Users\catkin\Documents\baseline_zhou\zhou_icf_mpc_dual_timescale_prototype_iter01\reference\upstream_snapshots\zhou_icf_mpc_model_error_decomposition_iter01\src\+zhou_ipmsm\+controller\icf_mpc_step.m,3474,d04ae3ba06a20d2f12a125ddfcc55bdbf2fb12a7c06158b68a2f1401e385a219
model_error,src\+zhou_ipmsm\+controller\independent_costs.m,C:\Users\catkin\Documents\baseline_zhou\zhou_icf_mpc_dual_timescale_prototype_iter01\reference\upstream_snapshots\zhou_icf_mpc_model_error_decomposition_iter01\src\+zhou_ipmsm\+controller\independent_costs.m,205,8cb1f8490e2f45717b279881065fd69d631673761c1115044a7df24ce55953b8
model_error,src\+zhou_ipmsm\+controller\predict_k1.m,C:\Users\catkin\Documents\baseline_zhou\zhou_icf_mpc_dual_timescale_prototype_iter01\reference\upstream_snapshots\zhou_icf_mpc_model_error_decomposition_iter01\src\+zhou_ipmsm\+controller\predict_k1.m,258,b7cbcf472d17a43ffc7f3b68ff2fb600b897eb85a16a5dcd75c060352998e10a
model_error,src\+zhou_ipmsm\+controller\predict_k2.m,C:\Users\catkin\Documents\baseline_zhou\zhou_icf_mpc_dual_timescale_prototype_iter01\reference\upstream_snapshots\zhou_icf_mpc_model_error_decomposition_iter01\src\+zhou_ipmsm\+controller\predict_k2.m,230,dfbf9d72607feb3dfe5c92163f1cb8a2559722a94c599d42acb70c49123b9e6c
model_error,src\+zhou_ipmsm\+controller\sequence_equivalent_dq_voltage.m,C:\Users\catkin\Documents\baseline_zhou\zhou_icf_mpc_dual_timescale_prototype_iter01\reference\upstream_snapshots\zhou_icf_mpc_model_error_decomposition_iter01\src\+zhou_ipmsm\+controller\sequence_equivalent_dq_voltage.m,649,99c065843fe85b52bc0774c8f5dd5edd8e54f605dd8a89e615cbdc251b180189
model_error,src\+zhou_ipmsm\+geometry\active_lines.m,C:\Users\catkin\Documents\baseline_zhou\zhou_icf_mpc_dual_timescale_prototype_iter01\reference\upstream_snapshots\zhou_icf_mpc_model_error_decomposition_iter01\src\+zhou_ipmsm\+geometry\active_lines.m,308,7743083d48974f78e1224355029b9a91b3ce558774d202e82f5d3465079229e1
model_error,src\+zhou_ipmsm\+geometry\analyze_rectangle.m,C:\Users\catkin\Documents\baseline_zhou\zhou_icf_mpc_dual_timescale_prototype_iter01\reference\upstream_snapshots\zhou_icf_mpc_model_error_decomposition_iter01\src\+zhou_ipmsm\+geometry\analyze_rectangle.m,2992,6356974cf88eabc765266c7e6152f8e5bedc3caf3eb770005dd6846ae1969a65
model_error,src\+zhou_ipmsm\+geometry\build_rectangle.m,C:\Users\catkin\Documents\baseline_zhou\zhou_icf_mpc_dual_timescale_prototype_iter01\reference\upstream_snapshots\zhou_icf_mpc_model_error_decomposition_iter01\src\+zhou_ipmsm\+geometry\build_rectangle.m,3231,5fd8ded2eef91766d45a4ba981666b907f97f173aed12ddc598a653b727371a6
model_error,src\+zhou_ipmsm\+geometry\case2_midpoint.m,C:\Users\catkin\Documents\baseline_zhou\zhou_icf_mpc_dual_timescale_prototype_iter01\reference\upstream_snapshots\zhou_icf_mpc_model_error_decomposition_iter01\src\+zhou_ipmsm\+geometry\case2_midpoint.m,4228,7bfe0d53a4dc9b9a78baa222a25e646b66e61168d058f1d30c6274a69651c9fc
model_error,src\+zhou_ipmsm\+geometry\classify_case.m,C:\Users\catkin\Documents\baseline_zhou\zhou_icf_mpc_dual_timescale_prototype_iter01\reference\upstream_snapshots\zhou_icf_mpc_model_error_decomposition_iter01\src\+zhou_ipmsm\+geometry\classify_case.m,1244,a5803066f0dddd99cd6579132a93555ba86aea254544eb8fa9fcb280636c9584
model_error,src\+zhou_ipmsm\+geometry\line_rectangle_intersections.m,C:\Users\catkin\Documents\baseline_zhou\zhou_icf_mpc_dual_timescale_prototype_iter01\reference\upstream_snapshots\zhou_icf_mpc_model_error_decomposition_iter01\src\+zhou_ipmsm\+geometry\line_rectangle_intersections.m,2591,43d3578151690eba60bb832b66ebc0525a9569757bc24528b83900e98c46cdec
model_error,src\+zhou_ipmsm\+geometry\line_side_signature.m,C:\Users\catkin\Documents\baseline_zhou\zhou_icf_mpc_dual_timescale_prototype_iter01\reference\upstream_snapshots\zhou_icf_mpc_model_error_decomposition_iter01\src\+zhou_ipmsm\+geometry\line_side_signature.m,881,4ca4e716f7f56704f38d04f37d6e8289445117071b19ac7e6f283403fba2e6b0
model_error,src\+zhou_ipmsm\+geometry\point_in_rectangle.m,C:\Users\catkin\Documents\baseline_zhou\zhou_icf_mpc_dual_timescale_prototype_iter01\reference\upstream_snapshots\zhou_icf_mpc_model_error_decomposition_iter01\src\+zhou_ipmsm\+geometry\point_in_rectangle.m,482,55ca18580ab8834a329e4cce0a37b5b45ae93023f3a347c8131a1aac626dda1a
model_error,src\+zhou_ipmsm\+geometry\sector_of_point.m,C:\Users\catkin\Documents\baseline_zhou\zhou_icf_mpc_dual_timescale_prototype_iter01\reference\upstream_snapshots\zhou_icf_mpc_model_error_decomposition_iter01\src\+zhou_ipmsm\+geometry\sector_of_point.m,727,e5b95ccf541732e28cbda8e4c9cb8d367be6a24e6bd18b17f502086db9e3668f
model_error,src\+zhou_ipmsm\+geometry\select_savv.m,C:\Users\catkin\Documents\baseline_zhou\zhou_icf_mpc_dual_timescale_prototype_iter01\reference\upstream_snapshots\zhou_icf_mpc_model_error_decomposition_iter01\src\+zhou_ipmsm\+geometry\select_savv.m,3292,406ec353b3d3bb0622b2bfec6295a822f3568676b418002273fcb09b98dfb629
model_error,src\+zhou_ipmsm\+inverter\count_sequence_transitions.m,C:\Users\catkin\Documents\baseline_zhou\zhou_icf_mpc_dual_timescale_prototype_iter01\reference\upstream_snapshots\zhou_icf_mpc_model_error_decomposition_iter01\src\+zhou_ipmsm\+inverter\count_sequence_transitions.m,358,9b3f690901a85f8c6a47aa4af7b849b1f7a3c833e5e63520e475f90ed2cd44ae
model_error,src\+zhou_ipmsm\+inverter\deadtime_voltage_error.m,C:\Users\catkin\Documents\baseline_zhou\zhou_icf_mpc_dual_timescale_prototype_iter01\reference\upstream_snapshots\zhou_icf_mpc_model_error_decomposition_iter01\src\+zhou_ipmsm\+inverter\deadtime_voltage_error.m,2135,133a67ebc066eda3f9faf0655d6af37e17897556a9282d2fc662424f03554ee9
model_error,src\+zhou_ipmsm\+inverter\voltage_vectors.m,C:\Users\catkin\Documents\baseline_zhou\zhou_icf_mpc_dual_timescale_prototype_iter01\reference\upstream_snapshots\zhou_icf_mpc_model_error_decomposition_iter01\src\+zhou_ipmsm\+inverter\voltage_vectors.m,806,2e5aa4ca358ce59f137e2241b9ec4e5015660ff1554cbeddc24a113466b0a8ec
model_error,src\+zhou_ipmsm\+io\append_standard_tables.m,C:\Users\catkin\Documents\baseline_zhou\zhou_icf_mpc_dual_timescale_prototype_iter01\reference\upstream_snapshots\zhou_icf_mpc_model_error_decomposition_iter01\src\+zhou_ipmsm\+io\append_standard_tables.m,853,f3c4942ee85e3cf13c73976a34344023687e0a36fbe8348012c646754ff508ce
model_error,src\+zhou_ipmsm\+io\append_text.m,C:\Users\catkin\Documents\baseline_zhou\zhou_icf_mpc_dual_timescale_prototype_iter01\reference\upstream_snapshots\zhou_icf_mpc_model_error_decomposition_iter01\src\+zhou_ipmsm\+io\append_text.m,422,fd20f633eb0e4bf0d02e98c7e3c7f8dd8f42cc5719e7f431f35aa368ba4df0c5
model_error,src\+zhou_ipmsm\+io\create_run_context.m,C:\Users\catkin\Documents\baseline_zhou\zhou_icf_mpc_dual_timescale_prototype_iter01\reference\upstream_snapshots\zhou_icf_mpc_model_error_decomposition_iter01\src\+zhou_ipmsm\+io\create_run_context.m,2277,7cdfea19e54cb38e12a4f5f8dab67684c1a11690cf565ba93a6b622efe190812
model_error,src\+zhou_ipmsm\+io\file_sha256.m,C:\Users\catkin\Documents\baseline_zhou\zhou_icf_mpc_dual_timescale_prototype_iter01\reference\upstream_snapshots\zhou_icf_mpc_model_error_decomposition_iter01\src\+zhou_ipmsm\+io\file_sha256.m,520,85c98a0918c6e4292047de9feb8a8ebad71bb38fb42e9ae4239121f933786f15
model_error,src\+zhou_ipmsm\+io\write_code_manifest.m,C:\Users\catkin\Documents\baseline_zhou\zhou_icf_mpc_dual_timescale_prototype_iter01\reference\upstream_snapshots\zhou_icf_mpc_model_error_decomposition_iter01\src\+zhou_ipmsm\+io\write_code_manifest.m,1421,61e5f3b6b82bbd0f3de4d0ed5a02c9ba9a9ae73d0340664127b0343a10e76f25
model_error,src\+zhou_ipmsm\+io\write_or_append_table.m,C:\Users\catkin\Documents\baseline_zhou\zhou_icf_mpc_dual_timescale_prototype_iter01\reference\upstream_snapshots\zhou_icf_mpc_model_error_decomposition_iter01\src\+zhou_ipmsm\+io\write_or_append_table.m,786,ed39228e60c546f4904d72ea71576522962f9650e0a200009534e712d13788cb
model_error,src\+zhou_ipmsm\+io\write_text_new.m,C:\Users\catkin\Documents\baseline_zhou\zhou_icf_mpc_dual_timescale_prototype_iter01\reference\upstream_snapshots\zhou_icf_mpc_model_error_decomposition_iter01\src\+zhou_ipmsm\+io\write_text_new.m,436,fafb82f05b30ff77d7d57832126a22641443fd735a4d4eff836fac0b5d4d32ed
model_error,src\+zhou_ipmsm\+math\inv_park.m,C:\Users\catkin\Documents\baseline_zhou\zhou_icf_mpc_dual_timescale_prototype_iter01\reference\upstream_snapshots\zhou_icf_mpc_model_error_decomposition_iter01\src\+zhou_ipmsm\+math\inv_park.m,189,bbf722e017f6480537cd7cb4fde649323d5344428911d6a2bbfb933644e56854
model_error,src\+zhou_ipmsm\+math\park.m,C:\Users\catkin\Documents\baseline_zhou\zhou_icf_mpc_dual_timescale_prototype_iter01\reference\upstream_snapshots\zhou_icf_mpc_model_error_decomposition_iter01\src\+zhou_ipmsm\+math\park.m,187,36d1e543a6df50691c4b262bcf3e50d92a7f8426a1acab5706cdc49428d366ae
model_error,src\+zhou_ipmsm\+metrics\case_statistics_table.m,C:\Users\catkin\Documents\baseline_zhou\zhou_icf_mpc_dual_timescale_prototype_iter01\reference\upstream_snapshots\zhou_icf_mpc_model_error_decomposition_iter01\src\+zhou_ipmsm\+metrics\case_statistics_table.m,570,ee946f50ef046891a07cf76aa8e079934e9e8fcb559986a7dc7aebcac346ee58
model_error,src\+zhou_ipmsm\+metrics\constraint_violations_table.m,C:\Users\catkin\Documents\baseline_zhou\zhou_icf_mpc_dual_timescale_prototype_iter01\reference\upstream_snapshots\zhou_icf_mpc_model_error_decomposition_iter01\src\+zhou_ipmsm\+metrics\constraint_violations_table.m,1354,730dc8fa332498aa45214b1572f4abbeccaaf008e3e82a7406a60cf0257dffcf
model_error,src\+zhou_ipmsm\+metrics\phase_thd.m,C:\Users\catkin\Documents\baseline_zhou\zhou_icf_mpc_dual_timescale_prototype_iter01\reference\upstream_snapshots\zhou_icf_mpc_model_error_decomposition_iter01\src\+zhou_ipmsm\+metrics\phase_thd.m,708,19e430b6a50eff55663f694583f9079f60bb63ea24195fceedc5a57e5fa4b8a1
model_error,src\+zhou_ipmsm\+metrics\phase_thd_total_rms.m,C:\Users\catkin\Documents\baseline_zhou\zhou_icf_mpc_dual_timescale_prototype_iter01\reference\upstream_snapshots\zhou_icf_mpc_model_error_decomposition_iter01\src\+zhou_ipmsm\+metrics\phase_thd_total_rms.m,859,92bfdafc59020226c3d54f65304d9e2a6184c1ddccf9705b1356ba5e940791de
model_error,src\+zhou_ipmsm\+metrics\summarize_simulation.m,C:\Users\catkin\Documents\baseline_zhou\zhou_icf_mpc_dual_timescale_prototype_iter01\reference\upstream_snapshots\zhou_icf_mpc_model_error_decomposition_iter01\src\+zhou_ipmsm\+metrics\summarize_simulation.m,4271,01490265c80b717b1ed95d4b1d2f16215d11039a91622bd8d6238d7706d6c3e2
model_error,src\+zhou_ipmsm\+metrics\summary_to_long_table.m,C:\Users\catkin\Documents\baseline_zhou\zhou_icf_mpc_dual_timescale_prototype_iter01\reference\upstream_snapshots\zhou_icf_mpc_model_error_decomposition_iter01\src\+zhou_ipmsm\+metrics\summary_to_long_table.m,2181,0c800cdd6ae6571dbd47c4486c9b2f4abb83315a7d7aa4d816604184656b9fd2
model_error,src\+zhou_ipmsm\+model\electromagnetic_torque.m,C:\Users\catkin\Documents\baseline_zhou\zhou_icf_mpc_dual_timescale_prototype_iter01\reference\upstream_snapshots\zhou_icf_mpc_model_error_decomposition_iter01\src\+zhou_ipmsm\+model\electromagnetic_torque.m,685,a12504a93bf09a578b3dd8e0f66e2f47c1760765acaeea4911ac4c679269e492
model_error,src\+zhou_ipmsm\+model\integrate_command.m,C:\Users\catkin\Documents\baseline_zhou\zhou_icf_mpc_dual_timescale_prototype_iter01\reference\upstream_snapshots\zhou_icf_mpc_model_error_decomposition_iter01\src\+zhou_ipmsm\+model\integrate_command.m,2625,e2259788708a365c91c27b0af1d17fda8888337b30fe7f99d6e441734d6c37f1
model_error,src\+zhou_ipmsm\+model\phase_currents.m,C:\Users\catkin\Documents\baseline_zhou\zhou_icf_mpc_dual_timescale_prototype_iter01\reference\upstream_snapshots\zhou_icf_mpc_model_error_decomposition_iter01\src\+zhou_ipmsm\+model\phase_currents.m,365,1941618d326081ea5c43e4292e1cf3c9e587aa7829cb2a9c87bf68038684ba55
model_error,src\+zhou_ipmsm\+model\pmsm_derivative.m,C:\Users\catkin\Documents\baseline_zhou\zhou_icf_mpc_dual_timescale_prototype_iter01\reference\upstream_snapshots\zhou_icf_mpc_model_error_decomposition_iter01\src\+zhou_ipmsm\+model\pmsm_derivative.m,1346,9ed8bcb8bb0ff84e5c71a9cdb4c0e3815354278092dc14bbc1ff8a6e1bde5542
model_error,src\+zhou_ipmsm\+model\sample_command_waveform.m,C:\Users\catkin\Documents\baseline_zhou\zhou_icf_mpc_dual_timescale_prototype_iter01\reference\upstream_snapshots\zhou_icf_mpc_model_error_decomposition_iter01\src\+zhou_ipmsm\+model\sample_command_waveform.m,3086,440312b750bcc2e1b385e8d07f50f0ce8e9e8fd01f85f556bc3ba0a19dd37770
model_error,src\+zhou_ipmsm\+model\torque_components.m,C:\Users\catkin\Documents\baseline_zhou\zhou_icf_mpc_dual_timescale_prototype_iter01\reference\upstream_snapshots\zhou_icf_mpc_model_error_decomposition_iter01\src\+zhou_ipmsm\+model\torque_components.m,579,363029a7444c6dcd4898b797015ce9aa9c6f8e3da847dd2bef342f741a9d5caa
model_error,src\+zhou_ipmsm\+modulation\case1_command.m,C:\Users\catkin\Documents\baseline_zhou\zhou_icf_mpc_dual_timescale_prototype_iter01\reference\upstream_snapshots\zhou_icf_mpc_model_error_decomposition_iter01\src\+zhou_ipmsm\+modulation\case1_command.m,638,c7a7903fa4728e38f92e269ffaf45127b5f934ff72ae164b200d17d2d572dde4
model_error,src\+zhou_ipmsm\+modulation\case2_command.m,C:\Users\catkin\Documents\baseline_zhou\zhou_icf_mpc_dual_timescale_prototype_iter01\reference\upstream_snapshots\zhou_icf_mpc_model_error_decomposition_iter01\src\+zhou_ipmsm\+modulation\case2_command.m,1815,76e6368dcef006866ef81d188494fbe744ba59c482ffff63c18ac8f3ef366762
model_error,src\+zhou_ipmsm\+modulation\case3_command.m,C:\Users\catkin\Documents\baseline_zhou\zhou_icf_mpc_dual_timescale_prototype_iter01\reference\upstream_snapshots\zhou_icf_mpc_model_error_decomposition_iter01\src\+zhou_ipmsm\+modulation\case3_command.m,2059,297f4b1f250f51d899d2a5884fb469842034a3d473aa3c00245fbeaa3a2da1b2
model_error,src\+zhou_ipmsm\+reference\build_current_reference.m,C:\Users\catkin\Documents\baseline_zhou\zhou_icf_mpc_dual_timescale_prototype_iter01\reference\upstream_snapshots\zhou_icf_mpc_model_error_decomposition_iter01\src\+zhou_ipmsm\+reference\build_current_reference.m,218,ff844c4755c3e4913e0b2af3157264ae47ed0e3ca0f997e0e5eeb5fb48695b50
model_error,src\+zhou_ipmsm\+sim\run_closed_loop.m,C:\Users\catkin\Documents\baseline_zhou\zhou_icf_mpc_dual_timescale_prototype_iter01\reference\upstream_snapshots\zhou_icf_mpc_model_error_decomposition_iter01\src\+zhou_ipmsm\+sim\run_closed_loop.m,18327,31cbdb65931ec3efa94562d537cdd3778561c3602e15bb0575dd280e6fd1cc0d
model_error,src\+zhou_iter11_ref\+baseline\fcs_mpcc_step.m,C:\Users\catkin\Documents\baseline_zhou\zhou_icf_mpc_dual_timescale_prototype_iter01\reference\upstream_snapshots\zhou_icf_mpc_model_error_decomposition_iter01\src\+zhou_iter11_ref\+baseline\fcs_mpcc_step.m,3467,ea032e04da58fda719252f849f17f973df6baf7fb14f0aa6d58f88e1e19f7c38
model_error,src\+zhou_iter11_ref\+controller\compute_V_terms.m,C:\Users\catkin\Documents\baseline_zhou\zhou_icf_mpc_dual_timescale_prototype_iter01\reference\upstream_snapshots\zhou_icf_mpc_model_error_decomposition_iter01\src\+zhou_iter11_ref\+controller\compute_V_terms.m,200,7ad68159a48c0c5e1637e5adbdcb585619ffd288709e40d6579c9e8771a01be0
model_error,src\+zhou_iter11_ref\+controller\costs_from_voltage.m,C:\Users\catkin\Documents\baseline_zhou\zhou_icf_mpc_dual_timescale_prototype_iter01\reference\upstream_snapshots\zhou_icf_mpc_model_error_decomposition_iter01\src\+zhou_iter11_ref\+controller\costs_from_voltage.m,290,f44fd681c831e11789518c26343e698a5e3d791bac94a0f821f6560efd8dc66c
model_error,src\+zhou_iter11_ref\+controller\estimate_F.m,C:\Users\catkin\Documents\baseline_zhou\zhou_icf_mpc_dual_timescale_prototype_iter01\reference\upstream_snapshots\zhou_icf_mpc_model_error_decomposition_iter01\src\+zhou_iter11_ref\+controller\estimate_F.m,800,dcd0e71be0a20b55abea40bedf57928656404048754f2594336bc75b0673b809
model_error,src\+zhou_iter11_ref\+controller\estimate_F_algebraic.m,C:\Users\catkin\Documents\baseline_zhou\zhou_icf_mpc_dual_timescale_prototype_iter01\reference\upstream_snapshots\zhou_icf_mpc_model_error_decomposition_iter01\src\+zhou_iter11_ref\+controller\estimate_F_algebraic.m,1121,db3e08f69c9c2d2f4d7e31fcc6db23bf9e5e8031b3a160f873afa4c7ab1b606d
model_error,src\+zhou_iter11_ref\+controller\icf_mpc_step.m,C:\Users\catkin\Documents\baseline_zhou\zhou_icf_mpc_dual_timescale_prototype_iter01\reference\upstream_snapshots\zhou_icf_mpc_model_error_decomposition_iter01\src\+zhou_iter11_ref\+controller\icf_mpc_step.m,3459,9407412b37118db6d30ea85104cbc715d01d33c859d82578d16b381a3b8563ca
model_error,src\+zhou_iter11_ref\+controller\independent_costs.m,C:\Users\catkin\Documents\baseline_zhou\zhou_icf_mpc_dual_timescale_prototype_iter01\reference\upstream_snapshots\zhou_icf_mpc_model_error_decomposition_iter01\src\+zhou_iter11_ref\+controller\independent_costs.m,205,8cb1f8490e2f45717b279881065fd69d631673761c1115044a7df24ce55953b8
model_error,src\+zhou_iter11_ref\+controller\predict_k1.m,C:\Users\catkin\Documents\baseline_zhou\zhou_icf_mpc_dual_timescale_prototype_iter01\reference\upstream_snapshots\zhou_icf_mpc_model_error_decomposition_iter01\src\+zhou_iter11_ref\+controller\predict_k1.m,258,b7cbcf472d17a43ffc7f3b68ff2fb600b897eb85a16a5dcd75c060352998e10a
model_error,src\+zhou_iter11_ref\+controller\predict_k2.m,C:\Users\catkin\Documents\baseline_zhou\zhou_icf_mpc_dual_timescale_prototype_iter01\reference\upstream_snapshots\zhou_icf_mpc_model_error_decomposition_iter01\src\+zhou_iter11_ref\+controller\predict_k2.m,230,dfbf9d72607feb3dfe5c92163f1cb8a2559722a94c599d42acb70c49123b9e6c
model_error,src\+zhou_iter11_ref\+controller\sequence_equivalent_dq_voltage.m,C:\Users\catkin\Documents\baseline_zhou\zhou_icf_mpc_dual_timescale_prototype_iter01\reference\upstream_snapshots\zhou_icf_mpc_model_error_decomposition_iter01\src\+zhou_iter11_ref\+controller\sequence_equivalent_dq_voltage.m,659,b4af47c395da3c421550fbf0f3f1524e837c5f25c2399afb468d7db44dcbabd5
model_error,src\+zhou_iter11_ref\+geometry\active_lines.m,C:\Users\catkin\Documents\baseline_zhou\zhou_icf_mpc_dual_timescale_prototype_iter01\reference\upstream_snapshots\zhou_icf_mpc_model_error_decomposition_iter01\src\+zhou_iter11_ref\+geometry\active_lines.m,308,7743083d48974f78e1224355029b9a91b3ce558774d202e82f5d3465079229e1
model_error,src\+zhou_iter11_ref\+geometry\analyze_rectangle.m,C:\Users\catkin\Documents\baseline_zhou\zhou_icf_mpc_dual_timescale_prototype_iter01\reference\upstream_snapshots\zhou_icf_mpc_model_error_decomposition_iter01\src\+zhou_iter11_ref\+geometry\analyze_rectangle.m,3037,b9f4c801ca5b635d0ddbf7b6452b9f9bb366d7e17d869cf421b48baaa27eaba0
model_error,src\+zhou_iter11_ref\+geometry\build_rectangle.m,C:\Users\catkin\Documents\baseline_zhou\zhou_icf_mpc_dual_timescale_prototype_iter01\reference\upstream_snapshots\zhou_icf_mpc_model_error_decomposition_iter01\src\+zhou_iter11_ref\+geometry\build_rectangle.m,3231,5fd8ded2eef91766d45a4ba981666b907f97f173aed12ddc598a653b727371a6
model_error,src\+zhou_iter11_ref\+geometry\case2_midpoint.m,C:\Users\catkin\Documents\baseline_zhou\zhou_icf_mpc_dual_timescale_prototype_iter01\reference\upstream_snapshots\zhou_icf_mpc_model_error_decomposition_iter01\src\+zhou_iter11_ref\+geometry\case2_midpoint.m,4237,41d83005f57d319576dfa626474a41c63b2dbeeb4e6c2de3632daa9864e8f688
model_error,src\+zhou_iter11_ref\+geometry\classify_case.m,C:\Users\catkin\Documents\baseline_zhou\zhou_icf_mpc_dual_timescale_prototype_iter01\reference\upstream_snapshots\zhou_icf_mpc_model_error_decomposition_iter01\src\+zhou_iter11_ref\+geometry\classify_case.m,1259,ef35cf0a6cda08e7a5c285fe1403d1dd4dfd1ac9c78cfb46823615bb1be7b2ca
model_error,src\+zhou_iter11_ref\+geometry\line_rectangle_intersections.m,C:\Users\catkin\Documents\baseline_zhou\zhou_icf_mpc_dual_timescale_prototype_iter01\reference\upstream_snapshots\zhou_icf_mpc_model_error_decomposition_iter01\src\+zhou_iter11_ref\+geometry\line_rectangle_intersections.m,2600,212e36edb24959aa03846001225152b31058db579609793a64cb935e93774ac6
model_error,src\+zhou_iter11_ref\+geometry\line_side_signature.m,C:\Users\catkin\Documents\baseline_zhou\zhou_icf_mpc_dual_timescale_prototype_iter01\reference\upstream_snapshots\zhou_icf_mpc_model_error_decomposition_iter01\src\+zhou_iter11_ref\+geometry\line_side_signature.m,890,40d7262d84489d51b53614705860b311472196c0042dd6ed3f06a06bdebbce25
model_error,src\+zhou_iter11_ref\+geometry\point_in_rectangle.m,C:\Users\catkin\Documents\baseline_zhou\zhou_icf_mpc_dual_timescale_prototype_iter01\reference\upstream_snapshots\zhou_icf_mpc_model_error_decomposition_iter01\src\+zhou_iter11_ref\+geometry\point_in_rectangle.m,487,5e6d122d58b56d3cf6b22940734181bf24371219f93a353f14fc2d7d9c963d7f
model_error,src\+zhou_iter11_ref\+geometry\sector_of_point.m,C:\Users\catkin\Documents\baseline_zhou\zhou_icf_mpc_dual_timescale_prototype_iter01\reference\upstream_snapshots\zhou_icf_mpc_model_error_decomposition_iter01\src\+zhou_iter11_ref\+geometry\sector_of_point.m,727,e5b95ccf541732e28cbda8e4c9cb8d367be6a24e6bd18b17f502086db9e3668f
model_error,src\+zhou_iter11_ref\+geometry\select_savv.m,C:\Users\catkin\Documents\baseline_zhou\zhou_icf_mpc_dual_timescale_prototype_iter01\reference\upstream_snapshots\zhou_icf_mpc_model_error_decomposition_iter01\src\+zhou_iter11_ref\+geometry\select_savv.m,3301,521ff058cea0f3b5147d8000eb9e73e411e7a36b503d9e67c09de5d3787aabfa
model_error,src\+zhou_iter11_ref\+inverter\count_sequence_transitions.m,C:\Users\catkin\Documents\baseline_zhou\zhou_icf_mpc_dual_timescale_prototype_iter01\reference\upstream_snapshots\zhou_icf_mpc_model_error_decomposition_iter01\src\+zhou_iter11_ref\+inverter\count_sequence_transitions.m,362,2c04f5cee036a6f8b95ec9aebcde98e3ac418a24280b94aa3ad85103d3a3da2f
model_error,src\+zhou_iter11_ref\+inverter\deadtime_voltage_error.m,C:\Users\catkin\Documents\baseline_zhou\zhou_icf_mpc_dual_timescale_prototype_iter01\reference\upstream_snapshots\zhou_icf_mpc_model_error_decomposition_iter01\src\+zhou_iter11_ref\+inverter\deadtime_voltage_error.m,2140,e5881fdafdd8663efbba207ec32dd60842b245470cbea68b9406bdfceac4d9d5
model_error,src\+zhou_iter11_ref\+inverter\voltage_vectors.m,C:\Users\catkin\Documents\baseline_zhou\zhou_icf_mpc_dual_timescale_prototype_iter01\reference\upstream_snapshots\zhou_icf_mpc_model_error_decomposition_iter01\src\+zhou_iter11_ref\+inverter\voltage_vectors.m,806,2e5aa4ca358ce59f137e2241b9ec4e5015660ff1554cbeddc24a113466b0a8ec
model_error,src\+zhou_iter11_ref\+io\append_standard_tables.m,C:\Users\catkin\Documents\baseline_zhou\zhou_icf_mpc_dual_timescale_prototype_iter01\reference\upstream_snapshots\zhou_icf_mpc_model_error_decomposition_iter01\src\+zhou_iter11_ref\+io\append_standard_tables.m,883,69945d57663975fbb6cae98dd9e804666e9573eb0a0fb3e414964939f324582f
model_error,src\+zhou_iter11_ref\+io\append_text.m,C:\Users\catkin\Documents\baseline_zhou\zhou_icf_mpc_dual_timescale_prototype_iter01\reference\upstream_snapshots\zhou_icf_mpc_model_error_decomposition_iter01\src\+zhou_iter11_ref\+io\append_text.m,426,04baa1ead7f3cad85b3f644707e8c210cbe3027654b9667372ddc32482599a0c
model_error,src\+zhou_iter11_ref\+io\create_run_context.m,C:\Users\catkin\Documents\baseline_zhou\zhou_icf_mpc_dual_timescale_prototype_iter01\reference\upstream_snapshots\zhou_icf_mpc_model_error_decomposition_iter01\src\+zhou_iter11_ref\+io\create_run_context.m,2286,d75d634e8173bed7d548c6300804bca8c097efc0cee59e1f08005f5ce277021f
model_error,src\+zhou_iter11_ref\+io\file_sha256.m,C:\Users\catkin\Documents\baseline_zhou\zhou_icf_mpc_dual_timescale_prototype_iter01\reference\upstream_snapshots\zhou_icf_mpc_model_error_decomposition_iter01\src\+zhou_iter11_ref\+io\file_sha256.m,524,e4bee0917bb98986dcd745375853f2067baa35290020db6b940bb94dd0464bd3
model_error,src\+zhou_iter11_ref\+io\write_code_manifest.m,C:\Users\catkin\Documents\baseline_zhou\zhou_icf_mpc_dual_timescale_prototype_iter01\reference\upstream_snapshots\zhou_icf_mpc_model_error_decomposition_iter01\src\+zhou_iter11_ref\+io\write_code_manifest.m,1426,c062ed091151d1a6c7ccf5d3c1a347c9c4ace5eca885b1a74721b9cfa9b0a287
model_error,src\+zhou_iter11_ref\+io\write_or_append_table.m,C:\Users\catkin\Documents\baseline_zhou\zhou_icf_mpc_dual_timescale_prototype_iter01\reference\upstream_snapshots\zhou_icf_mpc_model_error_decomposition_iter01\src\+zhou_iter11_ref\+io\write_or_append_table.m,794,d35bff4317b1a2c2dde88cf128a3901d63bcacb3614c8681c6d2841e59e79bd5
model_error,src\+zhou_iter11_ref\+io\write_text_new.m,C:\Users\catkin\Documents\baseline_zhou\zhou_icf_mpc_dual_timescale_prototype_iter01\reference\upstream_snapshots\zhou_icf_mpc_model_error_decomposition_iter01\src\+zhou_iter11_ref\+io\write_text_new.m,444,533baaceb12879b916e7c0dbe8cbfb1fefbe658e3a6eeae51ce89917aeb5191e
model_error,src\+zhou_iter11_ref\+math\inv_park.m,C:\Users\catkin\Documents\baseline_zhou\zhou_icf_mpc_dual_timescale_prototype_iter01\reference\upstream_snapshots\zhou_icf_mpc_model_error_decomposition_iter01\src\+zhou_iter11_ref\+math\inv_park.m,189,bbf722e017f6480537cd7cb4fde649323d5344428911d6a2bbfb933644e56854
model_error,src\+zhou_iter11_ref\+math\park.m,C:\Users\catkin\Documents\baseline_zhou\zhou_icf_mpc_dual_timescale_prototype_iter01\reference\upstream_snapshots\zhou_icf_mpc_model_error_decomposition_iter01\src\+zhou_iter11_ref\+math\park.m,187,36d1e543a6df50691c4b262bcf3e50d92a7f8426a1acab5706cdc49428d366ae
model_error,src\+zhou_iter11_ref\+metrics\case_statistics_table.m,C:\Users\catkin\Documents\baseline_zhou\zhou_icf_mpc_dual_timescale_prototype_iter01\reference\upstream_snapshots\zhou_icf_mpc_model_error_decomposition_iter01\src\+zhou_iter11_ref\+metrics\case_statistics_table.m,570,ee946f50ef046891a07cf76aa8e079934e9e8fcb559986a7dc7aebcac346ee58
model_error,src\+zhou_iter11_ref\+metrics\constraint_violations_table.m,C:\Users\catkin\Documents\baseline_zhou\zhou_icf_mpc_dual_timescale_prototype_iter01\reference\upstream_snapshots\zhou_icf_mpc_model_error_decomposition_iter01\src\+zhou_iter11_ref\+metrics\constraint_violations_table.m,1354,730dc8fa332498aa45214b1572f4abbeccaaf008e3e82a7406a60cf0257dffcf
model_error,src\+zhou_iter11_ref\+metrics\phase_thd.m,C:\Users\catkin\Documents\baseline_zhou\zhou_icf_mpc_dual_timescale_prototype_iter01\reference\upstream_snapshots\zhou_icf_mpc_model_error_decomposition_iter01\src\+zhou_iter11_ref\+metrics\phase_thd.m,708,19e430b6a50eff55663f694583f9079f60bb63ea24195fceedc5a57e5fa4b8a1
model_error,src\+zhou_iter11_ref\+metrics\phase_thd_total_rms.m,C:\Users\catkin\Documents\baseline_zhou\zhou_icf_mpc_dual_timescale_prototype_iter01\reference\upstream_snapshots\zhou_icf_mpc_model_error_decomposition_iter01\src\+zhou_iter11_ref\+metrics\phase_thd_total_rms.m,863,44d14dc5ef58bfc6087512b33f2fe704faf5b62f9cf9e6d82640c3c679281803
model_error,src\+zhou_iter11_ref\+metrics\summarize_simulation.m,C:\Users\catkin\Documents\baseline_zhou\zhou_icf_mpc_dual_timescale_prototype_iter01\reference\upstream_snapshots\zhou_icf_mpc_model_error_decomposition_iter01\src\+zhou_iter11_ref\+metrics\summarize_simulation.m,4290,eb2917a7d2cd279ecb655ea9bc7051cc811f9253ac9ae32dd0fbcd4605168f6f
model_error,src\+zhou_iter11_ref\+metrics\summary_to_long_table.m,C:\Users\catkin\Documents\baseline_zhou\zhou_icf_mpc_dual_timescale_prototype_iter01\reference\upstream_snapshots\zhou_icf_mpc_model_error_decomposition_iter01\src\+zhou_iter11_ref\+metrics\summary_to_long_table.m,2181,0c800cdd6ae6571dbd47c4486c9b2f4abb83315a7d7aa4d816604184656b9fd2
model_error,src\+zhou_iter11_ref\+model\electromagnetic_torque.m,C:\Users\catkin\Documents\baseline_zhou\zhou_icf_mpc_dual_timescale_prototype_iter01\reference\upstream_snapshots\zhou_icf_mpc_model_error_decomposition_iter01\src\+zhou_iter11_ref\+model\electromagnetic_torque.m,207,12d50829da03ea25256358199bba0e0f086dffcea4b788b509d48b813c0c3e87
model_error,src\+zhou_iter11_ref\+model\integrate_command.m,C:\Users\catkin\Documents\baseline_zhou\zhou_icf_mpc_dual_timescale_prototype_iter01\reference\upstream_snapshots\zhou_icf_mpc_model_error_decomposition_iter01\src\+zhou_iter11_ref\+model\integrate_command.m,2379,425b41d68e1dab504d44b956553dc511ffeaf24567961f5848fff5a493498ec6
model_error,src\+zhou_iter11_ref\+model\phase_currents.m,C:\Users\catkin\Documents\baseline_zhou\zhou_icf_mpc_dual_timescale_prototype_iter01\reference\upstream_snapshots\zhou_icf_mpc_model_error_decomposition_iter01\src\+zhou_iter11_ref\+model\phase_currents.m,370,8de0550955257ad92006e20470a7fa03141f6bb78aab3cb6045bc1f1108d2a37
model_error,src\+zhou_iter11_ref\+model\pmsm_derivative.m,C:\Users\catkin\Documents\baseline_zhou\zhou_icf_mpc_dual_timescale_prototype_iter01\reference\upstream_snapshots\zhou_icf_mpc_model_error_decomposition_iter01\src\+zhou_iter11_ref\+model\pmsm_derivative.m,773,955986f509c77349edb832f0f1ef2e5904dd1921338e61d8fabfde1483a0ad38
model_error,src\+zhou_iter11_ref\+model\sample_command_waveform.m,C:\Users\catkin\Documents\baseline_zhou\zhou_icf_mpc_dual_timescale_prototype_iter01\reference\upstream_snapshots\zhou_icf_mpc_model_error_decomposition_iter01\src\+zhou_iter11_ref\+model\sample_command_waveform.m,3122,f017d4b238410c197024ac4baae9473ba0c434bfa9ff83d5fbc14cb7839739be
model_error,src\+zhou_iter11_ref\+modulation\case1_command.m,C:\Users\catkin\Documents\baseline_zhou\zhou_icf_mpc_dual_timescale_prototype_iter01\reference\upstream_snapshots\zhou_icf_mpc_model_error_decomposition_iter01\src\+zhou_iter11_ref\+modulation\case1_command.m,638,c7a7903fa4728e38f92e269ffaf45127b5f934ff72ae164b200d17d2d572dde4
model_error,src\+zhou_iter11_ref\+modulation\case2_command.m,C:\Users\catkin\Documents\baseline_zhou\zhou_icf_mpc_dual_timescale_prototype_iter01\reference\upstream_snapshots\zhou_icf_mpc_model_error_decomposition_iter01\src\+zhou_iter11_ref\+modulation\case2_command.m,1820,0afe24058e92b4797f46d3f52283e53faa99eb10a2432cf379502612ea5916bc
model_error,src\+zhou_iter11_ref\+modulation\case3_command.m,C:\Users\catkin\Documents\baseline_zhou\zhou_icf_mpc_dual_timescale_prototype_iter01\reference\upstream_snapshots\zhou_icf_mpc_model_error_decomposition_iter01\src\+zhou_iter11_ref\+modulation\case3_command.m,2073,3e4f828ae2af8831a4aff3889ff6fab3d2aadf75e9f503174bd325321425a6a4
model_error,src\+zhou_iter11_ref\+sim\run_closed_loop.m,C:\Users\catkin\Documents\baseline_zhou\zhou_icf_mpc_dual_timescale_prototype_iter01\reference\upstream_snapshots\zhou_icf_mpc_model_error_decomposition_iter01\src\+zhou_iter11_ref\+sim\run_closed_loop.m,15944,70ff1595f820842a215216f31f0bc7ec2f065e6da061a09d498d53582b0ebc40
model_error,src\+zhou_model_error\build_summaries.m,C:\Users\catkin\Documents\baseline_zhou\zhou_icf_mpc_dual_timescale_prototype_iter01\reference\upstream_snapshots\zhou_icf_mpc_model_error_decomposition_iter01\src\+zhou_model_error\build_summaries.m,11528,e28f5d7acc49c0219112dd2fd261b9d1cd6217d8dc7a1fc9de61cca699466ac6
model_error,src\+zhou_model_error\copy_provenance.m,C:\Users\catkin\Documents\baseline_zhou\zhou_icf_mpc_dual_timescale_prototype_iter01\reference\upstream_snapshots\zhou_icf_mpc_model_error_decomposition_iter01\src\+zhou_model_error\copy_provenance.m,1976,b60898e4f8b8dc8fadc4a7dfaa35e3314e4c235d6d0676b3af8eb5611811125c
model_error,src\+zhou_model_error\decompose_simulation.m,C:\Users\catkin\Documents\baseline_zhou\zhou_icf_mpc_dual_timescale_prototype_iter01\reference\upstream_snapshots\zhou_icf_mpc_model_error_decomposition_iter01\src\+zhou_model_error\decompose_simulation.m,12471,1521b9eeaa8cd38591176a679f04a2242fa22a7222567a2cd3f56e9737f6205a
model_error,src\+zhou_model_error\discover_upstreams.m,C:\Users\catkin\Documents\baseline_zhou\zhou_icf_mpc_dual_timescale_prototype_iter01\reference\upstream_snapshots\zhou_icf_mpc_model_error_decomposition_iter01\src\+zhou_model_error\discover_upstreams.m,1358,e83bc05385945438eaea058180c3bea1758d630b8ae4507686f2b40682700b1d
model_error,src\+zhou_model_error\finalize_freeze.m,C:\Users\catkin\Documents\baseline_zhou\zhou_icf_mpc_dual_timescale_prototype_iter01\reference\upstream_snapshots\zhou_icf_mpc_model_error_decomposition_iter01\src\+zhou_model_error\finalize_freeze.m,1396,82f388a999d68a8ee4979306119a027a4219ac3ee3527ab55d0972a6081486ba
model_error,src\+zhou_model_error\generate_documentation.m,C:\Users\catkin\Documents\baseline_zhou\zhou_icf_mpc_dual_timescale_prototype_iter01\reference\upstream_snapshots\zhou_icf_mpc_model_error_decomposition_iter01\src\+zhou_model_error\generate_documentation.m,59278,7c90b9dd2a07e7433aaa860057faedc6cbdbe8d4187e07dbb1e3195d83787254
model_error,src\+zhou_model_error\generate_figures.m,C:\Users\catkin\Documents\baseline_zhou\zhou_icf_mpc_dual_timescale_prototype_iter01\reference\upstream_snapshots\zhou_icf_mpc_model_error_decomposition_iter01\src\+zhou_model_error\generate_figures.m,8741,0007dd66615cb8f96551c137bbb26612be6ed63aaf9b1b3262be9e0ced35425c
model_error,src\+zhou_model_error\inventory.m,C:\Users\catkin\Documents\baseline_zhou\zhou_icf_mpc_dual_timescale_prototype_iter01\reference\upstream_snapshots\zhou_icf_mpc_model_error_decomposition_iter01\src\+zhou_model_error\inventory.m,816,bbbe3aaa5cb90da8d943d84e0302d8ac57efa2316764ef5add7a1c8a388ccd5b
model_error,src\+zhou_model_error\make_decision.m,C:\Users\catkin\Documents\baseline_zhou\zhou_icf_mpc_dual_timescale_prototype_iter01\reference\upstream_snapshots\zhou_icf_mpc_model_error_decomposition_iter01\src\+zhou_model_error\make_decision.m,5010,fa6840cba9f722cbaa0b27e21cbfa08add82bffab48f1d5f9f2460266f0d1fa4
model_error,src\+zhou_model_error\offline_candidate_audit.m,C:\Users\catkin\Documents\baseline_zhou\zhou_icf_mpc_dual_timescale_prototype_iter01\reference\upstream_snapshots\zhou_icf_mpc_model_error_decomposition_iter01\src\+zhou_model_error\offline_candidate_audit.m,15569,4de519812e1f194d31a6a9c38a6d4e2b8cc2aea650aa8399bd52f24e326df60b
model_error,src\+zhou_model_error\path_audit.m,C:\Users\catkin\Documents\baseline_zhou\zhou_icf_mpc_dual_timescale_prototype_iter01\reference\upstream_snapshots\zhou_icf_mpc_model_error_decomposition_iter01\src\+zhou_model_error\path_audit.m,3697,2b818d628b3e12657da05856f3997f9cef713afb16780923cd027cfc4bbafcfe
model_error,src\+zhou_model_error\prototype_gate.m,C:\Users\catkin\Documents\baseline_zhou\zhou_icf_mpc_dual_timescale_prototype_iter01\reference\upstream_snapshots\zhou_icf_mpc_model_error_decomposition_iter01\src\+zhou_model_error\prototype_gate.m,921,f55558fa0dec28383a5eb02590c2d6d1d61213c4eb53384d71a6418e63e72127
model_error,src\+zhou_model_error\residual_correlations.m,C:\Users\catkin\Documents\baseline_zhou\zhou_icf_mpc_dual_timescale_prototype_iter01\reference\upstream_snapshots\zhou_icf_mpc_model_error_decomposition_iter01\src\+zhou_model_error\residual_correlations.m,5236,085ca2b1110c798731f983a5ab3ba52efe92a9b0f945dd0a5cc58ce0cce3e6cd
model_error,src\+zhou_model_error\residual_spectrum.m,C:\Users\catkin\Documents\baseline_zhou\zhou_icf_mpc_dual_timescale_prototype_iter01\reference\upstream_snapshots\zhou_icf_mpc_model_error_decomposition_iter01\src\+zhou_model_error\residual_spectrum.m,4303,56427e9ad3634fb610d685ef0354c4f3844d973e20a6b6e81ae6db5dd637e4d8
model_error,src\+zhou_model_error\run_audit.m,C:\Users\catkin\Documents\baseline_zhou\zhou_icf_mpc_dual_timescale_prototype_iter01\reference\upstream_snapshots\zhou_icf_mpc_model_error_decomposition_iter01\src\+zhou_model_error\run_audit.m,6094,0a952ab4f03b15909b795805cca6a63aa2cfe5fcd58190ecaf72d6de9bd88290
model_error,src\+zhou_model_error\run_baseline_gate.m,C:\Users\catkin\Documents\baseline_zhou\zhou_icf_mpc_dual_timescale_prototype_iter01\reference\upstream_snapshots\zhou_icf_mpc_model_error_decomposition_iter01\src\+zhou_model_error\run_baseline_gate.m,5483,3c84c93e46d24162e25e20009a3b4206652f3e2a17a265efd96f61b5d4268a84
model_error,src\+zhou_model_error\snapshot_upstreams.m,C:\Users\catkin\Documents\baseline_zhou\zhou_icf_mpc_dual_timescale_prototype_iter01\reference\upstream_snapshots\zhou_icf_mpc_model_error_decomposition_iter01\src\+zhou_model_error\snapshot_upstreams.m,1144,7b49f551a771d8cef1b36bdcc07ed1c126f1628d06073246b9ab2eb97151d25d
model_error,src\+zhou_robust\run_robust_case.m,C:\Users\catkin\Documents\baseline_zhou\zhou_icf_mpc_dual_timescale_prototype_iter01\reference\upstream_snapshots\zhou_icf_mpc_model_error_decomposition_iter01\src\+zhou_robust\run_robust_case.m,31678,ca3634266831940e808a22cb98d95bc0c63e2c163192488ef6657a82a586a5b0
model_error,src\+zhou_sequence\decompose_simulation.m,C:\Users\catkin\Documents\baseline_zhou\zhou_icf_mpc_dual_timescale_prototype_iter01\reference\upstream_snapshots\zhou_icf_mpc_model_error_decomposition_iter01\src\+zhou_sequence\decompose_simulation.m,8989,5f37752c7797694c97467962c0d9f54e4cbadb819d0ecf04493a7344daf3a1a1
dual_design,audit\COPIED_FILE_PROVENANCE.csv,C:\Users\catkin\Documents\baseline_zhou\zhou_icf_mpc_dual_timescale_design_iter01\audit\COPIED_FILE_PROVENANCE.csv,9117,4b3a23bfe851e172acfce93b8afb4e7dba44a4ec857c9bf72596e760cae7ea9f
dual_design,audit\FROZEN_UPSTREAM_VALIDATION.csv,C:\Users\catkin\Documents\baseline_zhou\zhou_icf_mpc_dual_timescale_design_iter01\audit\FROZEN_UPSTREAM_VALIDATION.csv,998,03bd5a8585f8d1d537cc5763aa3e22fc7a2d9636f8c5ef7eb7b4fb55b42e350c
dual_design,audit\SOURCE_PROJECTS.csv,C:\Users\catkin\Documents\baseline_zhou\zhou_icf_mpc_dual_timescale_design_iter01\audit\SOURCE_PROJECTS.csv,1553,f3255c3bd1d78a880d64bf4db19fb15a7332ba755b02337ce97d979df5938690
dual_design,audit\SOURCE_SHA256_AFTER.csv,C:\Users\catkin\Documents\baseline_zhou\zhou_icf_mpc_dual_timescale_design_iter01\audit\SOURCE_SHA256_AFTER.csv,102237,db73c41dad5bf71e5980372c3c6838e9a02ec4c034b697d2861ec877c7b20e4a
dual_design,audit\SOURCE_SHA256_BEFORE.csv,C:\Users\catkin\Documents\baseline_zhou\zhou_icf_mpc_dual_timescale_design_iter01\audit\SOURCE_SHA256_BEFORE.csv,102237,db73c41dad5bf71e5980372c3c6838e9a02ec4c034b697d2861ec877c7b20e4a
dual_design,CHANGELOG.md,C:\Users\catkin\Documents\baseline_zhou\zhou_icf_mpc_dual_timescale_design_iter01\CHANGELOG.md,549,bde19eb1763f783ab38373284876e7a1f5ede52d84f937700bc15ac7abdb1eb6
dual_design,docs\CAUSALITY_AUDIT.md,C:\Users\catkin\Documents\baseline_zhou\zhou_icf_mpc_dual_timescale_design_iter01\docs\CAUSALITY_AUDIT.md,1444,0c583767ab3982bee6e37083b9df9229e0a2f513f74efedba730f3ee50389443
dual_design,docs\COMPUTATION_BUDGET.md,C:\Users\catkin\Documents\baseline_zhou\zhou_icf_mpc_dual_timescale_design_iter01\docs\COMPUTATION_BUDGET.md,1669,3440d43b30c157718672fdf384adf57831a79ed4eb35547a4a88f78f35aebe0c
dual_design,docs\DESIGN_DECISION.md,C:\Users\catkin\Documents\baseline_zhou\zhou_icf_mpc_dual_timescale_design_iter01\docs\DESIGN_DECISION.md,1417,eb63516291c08282d2857eb4e8d46091a2ca1a9e25c93ddd57b0527222d687f0
dual_design,docs\DESIGN_REQUIREMENTS_FROM_EVIDENCE.md,C:\Users\catkin\Documents\baseline_zhou\zhou_icf_mpc_dual_timescale_design_iter01\docs\DESIGN_REQUIREMENTS_FROM_EVIDENCE.md,1350,818662ac976ac5209ba592beba8876bb2ee45dd5ecd928ede1a523324947a3ff
dual_design,docs\DUAL_TIMESCALE_ALGORITHM_SPEC.md,C:\Users\catkin\Documents\baseline_zhou\zhou_icf_mpc_dual_timescale_design_iter01\docs\DUAL_TIMESCALE_ALGORITHM_SPEC.md,3352,dbedb185a6ce27fcf0f52fbb117b27ac4a608aba9730780b9944cbb9dbd739cd
dual_design,docs\EXACT_TIMING_AND_SIGNAL_MAP.md,C:\Users\catkin\Documents\baseline_zhou\zhou_icf_mpc_dual_timescale_design_iter01\docs\EXACT_TIMING_AND_SIGNAL_MAP.md,2464,2d9e9f8ebdb5d5c7ad10703d34a7d237463cabf8c6d6b53aa8d8593f0e1c0b84
dual_design,docs\FALLBACK_CONSTRAINED_RLS_SPEC.md,C:\Users\catkin\Documents\baseline_zhou\zhou_icf_mpc_dual_timescale_design_iter01\docs\FALLBACK_CONSTRAINED_RLS_SPEC.md,967,4e58a54510fcfb5e4dff451f3906404996e0d318368b7dc5c595fdd5df87f732
dual_design,docs\FROZEN_EVIDENCE_BASE.md,C:\Users\catkin\Documents\baseline_zhou\zhou_icf_mpc_dual_timescale_design_iter01\docs\FROZEN_EVIDENCE_BASE.md,1344,100bf0950aabb46970234c8ff19b4d487baa34bef1df2f75adde5e0e4c21225a
dual_design,docs\GATING_LOGIC_SPECIFICATION.md,C:\Users\catkin\Documents\baseline_zhou\zhou_icf_mpc_dual_timescale_design_iter01\docs\GATING_LOGIC_SPECIFICATION.md,2005,e017c7281be0f0e1fc685b8dad164d53c57d4cbabde2bb0092097e532184af1f
dual_design,docs\IDENTIFIABILITY_AND_GAUGE_ANALYSIS.md,C:\Users\catkin\Documents\baseline_zhou\zhou_icf_mpc_dual_timescale_design_iter01\docs\IDENTIFIABILITY_AND_GAUGE_ANALYSIS.md,2380,6ad61c482a4a3d376a28a32a09b62d053a77dae46c0af742c5033eaf2643ba67
dual_design,docs\INITIALIZATION_AND_RESET_RULES.md,C:\Users\catkin\Documents\baseline_zhou\zhou_icf_mpc_dual_timescale_design_iter01\docs\INITIALIZATION_AND_RESET_RULES.md,1242,d05925bdd9c3e97862fdcd695e0120a4be55c1bc24664d026ba4df07770543d6
dual_design,docs\K_K1_K2_SEQUENCE_DIAGRAM.md,C:\Users\catkin\Documents\baseline_zhou\zhou_icf_mpc_dual_timescale_design_iter01\docs\K_K1_K2_SEQUENCE_DIAGRAM.md,1432,303861c5e1dffd21a4b449aa748fc37be055cef11753e0f691fa1fc978157269
dual_design,docs\KNOWN_LIMITATIONS.md,C:\Users\catkin\Documents\baseline_zhou\zhou_icf_mpc_dual_timescale_design_iter01\docs\KNOWN_LIMITATIONS.md,1103,8a1aee6805af81dede41d2a36cda8f77b3b99dd1caf4f123a4264ea4d6d2cc3a
dual_design,docs\LITERATURE_MECHANISM_SYNTHESIS.md,C:\Users\catkin\Documents\baseline_zhou\zhou_icf_mpc_dual_timescale_design_iter01\docs\LITERATURE_MECHANISM_SYNTHESIS.md,2138,9f252bc4e8675c9d0b4c7fb68081f7c14655f6a94aaaf728afe9d18803b7e067
dual_design,docs\MODULE_INTERFACE_CONTRACT.md,C:\Users\catkin\Documents\baseline_zhou\zhou_icf_mpc_dual_timescale_design_iter01\docs\MODULE_INTERFACE_CONTRACT.md,2232,df88bdb607d596f4e2774353d6f91b5a9ac306a7be88684e9a04da9d8a263549
dual_design,docs\PATH_CONFLICT_REPORT.md,C:\Users\catkin\Documents\baseline_zhou\zhou_icf_mpc_dual_timescale_design_iter01\docs\PATH_CONFLICT_REPORT.md,1601,9a9bc8d93e4189fb05480f1343b6f80da9ae063c67f7bceb88f4b72824fe24b8
dual_design,docs\PROJECT_SCOPE.md,C:\Users\catkin\Documents\baseline_zhou\zhou_icf_mpc_dual_timescale_design_iter01\docs\PROJECT_SCOPE.md,1070,a67b90a61ad113b91f8d9ce502ab3b93ec3746bf33ab1bd1dc467a88fe64e381
dual_design,docs\PROTOTYPE_GATE_REPORT.md,C:\Users\catkin\Documents\baseline_zhou\zhou_icf_mpc_dual_timescale_design_iter01\docs\PROTOTYPE_GATE_REPORT.md,949,0ff972116543c8b3ae1402753de7fbcf8eb4b9030b761db2979a1ca3aa86e778
dual_design,docs\PROTOTYPE_PREREGISTRATION.md,C:\Users\catkin\Documents\baseline_zhou\zhou_icf_mpc_dual_timescale_design_iter01\docs\PROTOTYPE_PREREGISTRATION.md,1673,5439330da5dba27f49228745c3a9e67f9b866f8a859b1e089887cd62c1a19479
dual_design,docs\STATE_VARIABLE_DICTIONARY.md,C:\Users\catkin\Documents\baseline_zhou\zhou_icf_mpc_dual_timescale_design_iter01\docs\STATE_VARIABLE_DICTIONARY.md,1535,ef4c810fc9a4081736aa07ef729914f16424d55e7a6d78278fcf643039759657
dual_design,HANDOFF.md,C:\Users\catkin\Documents\baseline_zhou\zhou_icf_mpc_dual_timescale_design_iter01\HANDOFF.md,6731,5c1ff4e6734e073c0c84c900df37e978655ccca0905cee4265944f81c38419fe
dual_design,README.md,C:\Users\catkin\Documents\baseline_zhou\zhou_icf_mpc_dual_timescale_design_iter01\README.md,1781,b313002588c66f8dc8c6e324fa933ec2b3ad6536d71db9413fe5cbe23b3516df
dual_design,reference\upstream_snapshots\model_error\docs\MODEL_ERROR_DECOMPOSITION_REPORT.md,C:\Users\catkin\Documents\baseline_zhou\zhou_icf_mpc_dual_timescale_design_iter01\reference\upstream_snapshots\model_error\docs\MODEL_ERROR_DECOMPOSITION_REPORT.md,16658,e0fcbb958972a637790ed542756e04fb013175f8ba19b759f7498b5f183d7536
dual_design,reference\upstream_snapshots\model_error\docs\ORACLE_PREDICTOR_DEFINITION.md,C:\Users\catkin\Documents\baseline_zhou\zhou_icf_mpc_dual_timescale_design_iter01\reference\upstream_snapshots\model_error\docs\ORACLE_PREDICTOR_DEFINITION.md,3063,6efaede2f1ff1b5428f93609db6bab328170b4e33751ff758658c4607890a21f
dual_design,reference\upstream_snapshots\model_error\docs\ORIGINAL_PREDICTOR_DEFINITION.md,C:\Users\catkin\Documents\baseline_zhou\zhou_icf_mpc_dual_timescale_design_iter01\reference\upstream_snapshots\model_error\docs\ORIGINAL_PREDICTOR_DEFINITION.md,2209,1f7bf54ce51d24055b561c08c082b76e2d3f7a37cf2359a6f197193988a87733
dual_design,reference\upstream_snapshots\model_error\docs\TIMING_ALIGNMENT_AUDIT.md,C:\Users\catkin\Documents\baseline_zhou\zhou_icf_mpc_dual_timescale_design_iter01\reference\upstream_snapshots\model_error\docs\TIMING_ALIGNMENT_AUDIT.md,4184,bb2290d10afef3bec8ee9927d3d16cea887b19b47040e39ba0c6a4b2dd86a771
dual_design,reference\upstream_snapshots\model_error\HANDOFF.md,C:\Users\catkin\Documents\baseline_zhou\zhou_icf_mpc_dual_timescale_design_iter01\reference\upstream_snapshots\model_error\HANDOFF.md,11932,971e34f50b31ec7ad9b25abc724f77e6eb26850a0cc6e268cf707e0f7ed4af19
dual_design,reference\upstream_snapshots\model_error\README.md,C:\Users\catkin\Documents\baseline_zhou\zhou_icf_mpc_dual_timescale_design_iter01\reference\upstream_snapshots\model_error\README.md,4003,99f44bdc920fad4b72cf3816553a5ea65ae0800472523c6062c5413a021de854
dual_design,reference\upstream_snapshots\model_error\results\summary\error_source_contribution.csv,C:\Users\catkin\Documents\baseline_zhou\zhou_icf_mpc_dual_timescale_design_iter01\reference\upstream_snapshots\model_error\results\summary\error_source_contribution.csv,18869,60e5f5d15ee743207fe60489bb71c303044077c71bafceee07d7245f3b4a8174
dual_design,reference\upstream_snapshots\model_error\results\summary\final_decision.csv,C:\Users\catkin\Documents\baseline_zhou\zhou_icf_mpc_dual_timescale_design_iter01\reference\upstream_snapshots\model_error\results\summary\final_decision.csv,1336,223ae671d377113d8ea8839efec6f9fd51487c38718bcd2d281059fb344acbc3
dual_design,reference\upstream_snapshots\model_error\results\summary\predictor_candidate_comparison.csv,C:\Users\catkin\Documents\baseline_zhou\zhou_icf_mpc_dual_timescale_design_iter01\reference\upstream_snapshots\model_error\results\summary\predictor_candidate_comparison.csv,88080,f054805eab8ddedb4f26f36200f64062f326ad8a9ca7589f79b215a082a46ad4
dual_design,reference\upstream_snapshots\model_error\results\summary\predictor_metrics.csv,C:\Users\catkin\Documents\baseline_zhou\zhou_icf_mpc_dual_timescale_design_iter01\reference\upstream_snapshots\model_error\results\summary\predictor_metrics.csv,125224,725cca63b7db2fe5f744cd38a8a5299fbc247ba9b6516a0acaf18bdef4b76dcd
dual_design,reference\upstream_snapshots\timing_code\apply_feasibility_layer.m,C:\Users\catkin\Documents\baseline_zhou\zhou_icf_mpc_dual_timescale_design_iter01\reference\upstream_snapshots\timing_code\apply_feasibility_layer.m,6291,ee32529a7ff3c0d93d9795eb5e90ddc377124c16f75c057286b0e694859dbe44
dual_design,reference\upstream_snapshots\timing_code\estimate_F_algebraic.m,C:\Users\catkin\Documents\baseline_zhou\zhou_icf_mpc_dual_timescale_design_iter01\reference\upstream_snapshots\timing_code\estimate_F_algebraic.m,1121,db3e08f69c9c2d2f4d7e31fcc6db23bf9e5e8031b3a160f873afa4c7ab1b606d
dual_design,reference\upstream_snapshots\timing_code\icf_mpc_step.m,C:\Users\catkin\Documents\baseline_zhou\zhou_icf_mpc_dual_timescale_design_iter01\reference\upstream_snapshots\timing_code\icf_mpc_step.m,3459,9407412b37118db6d30ea85104cbc715d01d33c859d82578d16b381a3b8563ca
dual_design,reference\upstream_snapshots\timing_code\run_control_case.m,C:\Users\catkin\Documents\baseline_zhou\zhou_icf_mpc_dual_timescale_design_iter01\reference\upstream_snapshots\timing_code\run_control_case.m,20436,462d15f088a3546cf715ff03bc825bee0eb1a58ac83d1327276745fdcabf27e9
dual_design,reference\upstream_snapshots\timing_code\sequence_equivalent_dq_voltage.m,C:\Users\catkin\Documents\baseline_zhou\zhou_icf_mpc_dual_timescale_design_iter01\reference\upstream_snapshots\timing_code\sequence_equivalent_dq_voltage.m,659,b4af47c395da3c421550fbf0f3f1524e837c5f25c2399afb468d7db44dcbabd5
dual_design,references\PAPER_MECHANISM_MATRIX.csv,C:\Users\catkin\Documents\baseline_zhou\zhou_icf_mpc_dual_timescale_design_iter01\references\PAPER_MECHANISM_MATRIX.csv,4449,562f41f1108d9529c224af6e749b85f7402d200905be4bbef43789229a8fad32
dual_design,references\SOURCE_PDF_INDEX.csv,C:\Users\catkin\Documents\baseline_zhou\zhou_icf_mpc_dual_timescale_design_iter01\references\SOURCE_PDF_INDEX.csv,3281,b87ada39ad90ed60dd4c83dad0470dd7fb7bb8de915d2ad7a68b92e164baa39b
dual_design,results\summary\gate_truth_table.csv,C:\Users\catkin\Documents\baseline_zhou\zhou_icf_mpc_dual_timescale_design_iter01\results\summary\gate_truth_table.csv,698,62bb1f84a8739b3c41a877320ac076e0832edaa34fd2399d928a943beca8be2a
dual_design,results\summary\matlab_reference_timing.csv,C:\Users\catkin\Documents\baseline_zhou\zhou_icf_mpc_dual_timescale_design_iter01\results\summary\matlab_reference_timing.csv,136,7ed0e4db9806c2cf6ad10a4ace58bd9efcbdf7bd39ae99b2a5558ea03336efc3
dual_design,results\summary\operation_count.csv,C:\Users\catkin\Documents\baseline_zhou\zhou_icf_mpc_dual_timescale_design_iter01\results\summary\operation_count.csv,953,cbb9c960f231d37f1555f904ec289ad439ff17c2352819c413d6c966da7e811b
dual_design,results\summary\signal_timing_table.csv,C:\Users\catkin\Documents\baseline_zhou\zhou_icf_mpc_dual_timescale_design_iter01\results\summary\signal_timing_table.csv,1440,5d26d15f57bc4a80c231ef531e373c42f1e43bb101611cf10ee62b3b33f35ca9
dual_design,results\summary\test_summary.csv,C:\Users\catkin\Documents\baseline_zhou\zhou_icf_mpc_dual_timescale_design_iter01\results\summary\test_summary.csv,814,d2a6c69d5da264c8e727c735bd54e31c5a016dcdfc48131d91815857089796d4
dual_design,RUN_AND_REPRODUCE.md,C:\Users\catkin\Documents\baseline_zhou\zhou_icf_mpc_dual_timescale_design_iter01\RUN_AND_REPRODUCE.md,1098,6f8dd1b37c1016030b4905c76a69a55e9464a962ac5da7d6700847512c0ccb66
dual_design,run_dual_timescale_design.m,C:\Users\catkin\Documents\baseline_zhou\zhou_icf_mpc_dual_timescale_design_iter01\run_dual_timescale_design.m,5798,d50a413fb2c64e187c1bba3539163db1671238a6c1a4a4e60720607ac85dd010
dual_design,src\+design\project_parameter.m,C:\Users\catkin\Documents\baseline_zhou\zhou_icf_mpc_dual_timescale_design_iter01\src\+design\project_parameter.m,1986,6dcc9d42619036551719bdb9aafa43d90bab6c062252ff08f7fb126a99dcb3fd
dual_design,src\+design\reference_alpha_update.m,C:\Users\catkin\Documents\baseline_zhou\zhou_icf_mpc_dual_timescale_design_iter01\src\+design\reference_alpha_update.m,1432,d254f05e4270ff07bd197c271594d75edd7c798369ab9fb5edbd28b7881c6a88
dual_design,src\+design\reference_F_update.m,C:\Users\catkin\Documents\baseline_zhou\zhou_icf_mpc_dual_timescale_design_iter01\src\+design\reference_F_update.m,1237,2bb358a6dc59414604d069654579e2ca2c0361ae104e43b708484d98f9a18c0f
dual_design,src\+design\reference_gate_logic.m,C:\Users\catkin\Documents\baseline_zhou\zhou_icf_mpc_dual_timescale_design_iter01\src\+design\reference_gate_logic.m,4337,d956eb371b414f844c65747390c1dbda4afc5cf750170ef9f5e09fa4b6613cc3
dual_design,src\+design\reference_predictor.m,C:\Users\catkin\Documents\baseline_zhou\zhou_icf_mpc_dual_timescale_design_iter01\src\+design\reference_predictor.m,1193,bea82fe79ee04e5553bb86fe6dda1b3661db5bd21ed2cfefa980f3b7d89e05ed
dual_design,tests\test_decision_gate.m,C:\Users\catkin\Documents\baseline_zhou\zhou_icf_mpc_dual_timescale_design_iter01\tests\test_decision_gate.m,1113,8e21896591ef0bb4d3259c84ebb71e6762b81a98825c6397b21c789a477e0d94
dual_design,tests\test_determinism.m,C:\Users\catkin\Documents\baseline_zhou\zhou_icf_mpc_dual_timescale_design_iter01\tests\test_determinism.m,501,e03093310bcdda684f78069f828bc15dbc99e6d0aa1481d1113cc234e75010b6
dual_design,tests\test_dq_axis_independence.m,C:\Users\catkin\Documents\baseline_zhou\zhou_icf_mpc_dual_timescale_design_iter01\tests\test_dq_axis_independence.m,533,f54f45a88a80ceddb18ab90410827264d7d54f49d827598abfb3bcdcb6d7d6b6
dual_design,tests\test_excitation_freeze.m,C:\Users\catkin\Documents\baseline_zhou\zhou_icf_mpc_dual_timescale_design_iter01\tests\test_excitation_freeze.m,1126,2fd33e9a81c79900743aabd9a40bedecfeb5f470cb3e34098b99f66f0eff12d3
dual_design,tests\test_no_future_data.m,C:\Users\catkin\Documents\baseline_zhou\zhou_icf_mpc_dual_timescale_design_iter01\tests\test_no_future_data.m,608,5e7e5ec19ffa40616f641ef0fcd7a4393c7174c1c0b58e85ac9d98d6db23f7e1
dual_design,tests\test_path_isolation.m,C:\Users\catkin\Documents\baseline_zhou\zhou_icf_mpc_dual_timescale_design_iter01\tests\test_path_isolation.m,482,27c344c943ce5aba0d41d4be892247326a40efd76fb1135b9d9cdedb45cca4a2
dual_design,tests\test_projection_bounds.m,C:\Users\catkin\Documents\baseline_zhou\zhou_icf_mpc_dual_timescale_design_iter01\tests\test_projection_bounds.m,556,21047d924f383985487e84d5ef9a15a4c3d2e8118651748fbe5eeb3eeeafe53b
dual_design,tests\test_s2_applied_voltage_usage.m,C:\Users\catkin\Documents\baseline_zhou\zhou_icf_mpc_dual_timescale_design_iter01\tests\test_s2_applied_voltage_usage.m,1666,c10ec93406fd8d501e20c4d93cb61d56e345ca94d1bcf4500cf205627136d222
dual_design,tests\test_state_reset.m,C:\Users\catkin\Documents\baseline_zhou\zhou_icf_mpc_dual_timescale_design_iter01\tests\test_state_reset.m,441,11c603493c13d160bfa28369bf46c0b382f1399aa96d2beaa4a3325f1c51a486
dual_design,tests\test_units_and_dimensions.m,C:\Users\catkin\Documents\baseline_zhou\zhou_icf_mpc_dual_timescale_design_iter01\tests\test_units_and_dimensions.m,571,ccede3b457e7ac812d701a48d24995acb48c6fd1ab06d25f1ed4cb5374f0ebb3
dual_prototype,audit\COPIED_FILE_PROVENANCE.csv,C:\Users\catkin\Documents\baseline_zhou\zhou_icf_mpc_dual_timescale_prototype_iter01\audit\COPIED_FILE_PROVENANCE.csv,68361,e8769866fbf255c6ad85666bf0cc4ee7fdef7ed8e2b916ef70f4f7e6cef5230b
dual_prototype,audit\EXECUTABLE_SOURCE_SELECTION.md,C:\Users\catkin\Documents\baseline_zhou\zhou_icf_mpc_dual_timescale_prototype_iter01\audit\EXECUTABLE_SOURCE_SELECTION.md,815,d243e5fab800ba2e7e541b0c78095e297e0300d44cb76e46ad8916fb6ab75b90
dual_prototype,audit\FROZEN_UPSTREAM_VALIDATION.csv,C:\Users\catkin\Documents\baseline_zhou\zhou_icf_mpc_dual_timescale_prototype_iter01\audit\FROZEN_UPSTREAM_VALIDATION.csv,90,e7302968596cf7afb056c2e5631a6b0c28c0fe8c3d04318604b396e202829023
dual_prototype,audit\MODEL_ERROR_GIT_COMMIT.txt,C:\Users\catkin\Documents\baseline_zhou\zhou_icf_mpc_dual_timescale_prototype_iter01\audit\MODEL_ERROR_GIT_COMMIT.txt,42,84cad8c0896be187261ed921c72a565f222aeb1fa6113b7dad5c376cdfc9f684
dual_prototype,audit\model_error_git_snapshot_2aa4e7f.zip,C:\Users\catkin\Documents\baseline_zhou\zhou_icf_mpc_dual_timescale_prototype_iter01\audit\model_error_git_snapshot_2aa4e7f.zip,77265590,66498ea00c53ffa32ee4b5df012b64f819742e55c01c72d4edd7db2366dfc94f
dual_prototype,audit\PARAMETER_FREEZE_SHA256.txt,C:\Users\catkin\Documents\baseline_zhou\zhou_icf_mpc_dual_timescale_prototype_iter01\audit\PARAMETER_FREEZE_SHA256.txt,201,7bb36b7958c346e66132b701a5580821872ef652bb8ad39f09f87c10e7375017
dual_prototype,audit\SOURCE_PROJECT_STATUS.csv,C:\Users\catkin\Documents\baseline_zhou\zhou_icf_mpc_dual_timescale_prototype_iter01\audit\SOURCE_PROJECT_STATUS.csv,1222,21ef7ef4dcc3ecf27c023015b56dab11656d27c647ef4665598fd6bd96217e0f
dual_prototype,audit\SOURCE_PROJECTS.csv,C:\Users\catkin\Documents\baseline_zhou\zhou_icf_mpc_dual_timescale_prototype_iter01\audit\SOURCE_PROJECTS.csv,1222,21ef7ef4dcc3ecf27c023015b56dab11656d27c647ef4665598fd6bd96217e0f
dual_prototype,audit\SOURCE_SHA256_AFTER.csv,C:\Users\catkin\Documents\baseline_zhou\zhou_icf_mpc_dual_timescale_prototype_iter01\audit\SOURCE_SHA256_AFTER.csv,45819,8a15acc92a48316acc8cbe28052973065f806cb3afeac6bd4f8604f5451181f6
dual_prototype,audit\SOURCE_SHA256_BEFORE.csv,C:\Users\catkin\Documents\baseline_zhou\zhou_icf_mpc_dual_timescale_prototype_iter01\audit\SOURCE_SHA256_BEFORE.csv,45819,8a15acc92a48316acc8cbe28052973065f806cb3afeac6bd4f8604f5451181f6
dual_prototype,audit\superseded_pre_fix\calibration_local_minus25_case_metrics.csv,C:\Users\catkin\Documents\baseline_zhou\zhou_icf_mpc_dual_timescale_prototype_iter01\audit\superseded_pre_fix\calibration_local_minus25_case_metrics.csv,2736,ca70370058b7d15bea377481fcc3b7b18aac0d22d3330c660ff8b76c286272ed
dual_prototype,audit\superseded_pre_fix\calibration_local_minus25_cohort_metrics.csv,C:\Users\catkin\Documents\baseline_zhou\zhou_icf_mpc_dual_timescale_prototype_iter01\audit\superseded_pre_fix\calibration_local_minus25_cohort_metrics.csv,940,e707eaf2981d8e79a24fe6e697ad6a0a245878a5ab1a1ed2c1d2013a96003715
dual_prototype,audit\superseded_pre_fix\calibration_local_minus25_method_metrics.csv,C:\Users\catkin\Documents\baseline_zhou\zhou_icf_mpc_dual_timescale_prototype_iter01\audit\superseded_pre_fix\calibration_local_minus25_method_metrics.csv,560,9cc5476378c2eadad035620f4bf6564ba56cb33a861475258de4a2163341bfff
dual_prototype,audit\superseded_pre_fix\calibration_local_minus25_repeatability.csv,C:\Users\catkin\Documents\baseline_zhou\zhou_icf_mpc_dual_timescale_prototype_iter01\audit\superseded_pre_fix\calibration_local_minus25_repeatability.csv,156,0671e22ee992fa35aac419f7262ec2e46a8a0b743ebc8482c9c4c10122fc9d0e
dual_prototype,audit\superseded_pre_fix\calibration_local_plus25_case_metrics.csv,C:\Users\catkin\Documents\baseline_zhou\zhou_icf_mpc_dual_timescale_prototype_iter01\audit\superseded_pre_fix\calibration_local_plus25_case_metrics.csv,2779,14795a1bf560c3b31fa76d88311b7bcc10d2a6f75162a6d57b823f53a59ba844
dual_prototype,audit\superseded_pre_fix\calibration_local_plus25_cohort_metrics.csv,C:\Users\catkin\Documents\baseline_zhou\zhou_icf_mpc_dual_timescale_prototype_iter01\audit\superseded_pre_fix\calibration_local_plus25_cohort_metrics.csv,971,17c2f79171f26a0bea9278691253a7daf5eabf35e2ee610ab1db6f8cc0301c7a
dual_prototype,audit\superseded_pre_fix\calibration_local_plus25_method_metrics.csv,C:\Users\catkin\Documents\baseline_zhou\zhou_icf_mpc_dual_timescale_prototype_iter01\audit\superseded_pre_fix\calibration_local_plus25_method_metrics.csv,570,578be99bcdacf0ea9164d07e7e62cb6185ee696b6f0f6a56b129ba48010ebbab
dual_prototype,audit\superseded_pre_fix\calibration_local_plus25_repeatability.csv,C:\Users\catkin\Documents\baseline_zhou\zhou_icf_mpc_dual_timescale_prototype_iter01\audit\superseded_pre_fix\calibration_local_plus25_repeatability.csv,156,0671e22ee992fa35aac419f7262ec2e46a8a0b743ebc8482c9c4c10122fc9d0e
dual_prototype,audit\superseded_pre_fix\parameter_calibration_stage1.csv,C:\Users\catkin\Documents\baseline_zhou\zhou_icf_mpc_dual_timescale_prototype_iter01\audit\superseded_pre_fix\parameter_calibration_stage1.csv,410,853374093dd83e33a6296d3010be7178003a4dab7f88f67b016104e3ddd41180
dual_prototype,audit\superseded_pre_fix\README.md,C:\Users\catkin\Documents\baseline_zhou\zhou_icf_mpc_dual_timescale_prototype_iter01\audit\superseded_pre_fix\README.md,376,b7d9982e75b270195e2919f7088e431ce6aaeed9640d2f0f22637a279ee6bc1d
dual_prototype,CHANGELOG.md,C:\Users\catkin\Documents\baseline_zhou\zhou_icf_mpc_dual_timescale_prototype_iter01\CHANGELOG.md,494,3b7ef855a9736807b600d52e546e4ab413c6bc61f0ed60148d605d5c587434fa
dual_prototype,config\base_parameters.m,C:\Users\catkin\Documents\baseline_zhou\zhou_icf_mpc_dual_timescale_prototype_iter01\config\base_parameters.m,496,aa0e79005afca47ae82a8e9e3b546ebb872e81652ef4c9f5f3513a5ab689b3e6
dual_prototype,config\control_scenario.m,C:\Users\catkin\Documents\baseline_zhou\zhou_icf_mpc_dual_timescale_prototype_iter01\config\control_scenario.m,800,0bb5c3ceb301307b4e1b3f08a9720011a8ab693e29fa5199c89b7ba064e54dea
dual_prototype,config\FROZEN_PROTOTYPE_PARAMETERS.m,C:\Users\catkin\Documents\baseline_zhou\zhou_icf_mpc_dual_timescale_prototype_iter01\config\FROZEN_PROTOTYPE_PARAMETERS.m,1548,cc16901608488d6544160647d379db06e86b325ae4fa143a68849951219d95a8
dual_prototype,config\implementation_assumptions.m,C:\Users\catkin\Documents\baseline_zhou\zhou_icf_mpc_dual_timescale_prototype_iter01\config\implementation_assumptions.m,2059,c163dba1171db50c114b1d9df3615239c9ec93e6a20807f45cff9a4553d58e06
dual_prototype,config\ipmsm_parameters.m,C:\Users\catkin\Documents\baseline_zhou\zhou_icf_mpc_dual_timescale_prototype_iter01\config\ipmsm_parameters.m,624,d000a18f90cc24f419e3056634991c9abb84090f70f1137db48f64d92896d89f
dual_prototype,config\model_error_parameters.m,C:\Users\catkin\Documents\baseline_zhou\zhou_icf_mpc_dual_timescale_prototype_iter01\config\model_error_parameters.m,676,7f33f9508b95357c2c88805d0b88cd2c956344ced3c01a78c853c603bd872690
dual_prototype,config\sequence_parameters.m,C:\Users\catkin\Documents\baseline_zhou\zhou_icf_mpc_dual_timescale_prototype_iter01\config\sequence_parameters.m,571,53980a84e7641bf22806ebcddd1eb1e00593a69f872e508ea9d73454a26f10a6
dual_prototype,config\sequence_scenarios.m,C:\Users\catkin\Documents\baseline_zhou\zhou_icf_mpc_dual_timescale_prototype_iter01\config\sequence_scenarios.m,3409,77724727d04080f506848cd7f1b45f3c92e092dd4e9229082ded6d0904ae15cb
dual_prototype,docs\ABLATION_REPORT.md,C:\Users\catkin\Documents\baseline_zhou\zhou_icf_mpc_dual_timescale_prototype_iter01\docs\ABLATION_REPORT.md,238,137612c7ade0a1ac46365ae7bc412d385c444e3bd9498fd0769073ac6a194fa9
dual_prototype,docs\BASELINE_REPRODUCTION_REPORT.md,C:\Users\catkin\Documents\baseline_zhou\zhou_icf_mpc_dual_timescale_prototype_iter01\docs\BASELINE_REPRODUCTION_REPORT.md,302,12a844433e8c2fe8e54909bdd31ec8a0047386772fa5abd2fc51df9af3a8ea38
dual_prototype,docs\CLOSED_LOOP_TIMING_AUDIT.md,C:\Users\catkin\Documents\baseline_zhou\zhou_icf_mpc_dual_timescale_prototype_iter01\docs\CLOSED_LOOP_TIMING_AUDIT.md,200,827c71be5cb9a354a65bd99c851ade642b5be2327264ddd21c6cc0799e1e5d6d
dual_prototype,docs\CLOSED_LOOP_WIRING_GATE_REPORT.md,C:\Users\catkin\Documents\baseline_zhou\zhou_icf_mpc_dual_timescale_prototype_iter01\docs\CLOSED_LOOP_WIRING_GATE_REPORT.md,514,d061d531f28799901bf1f1a6b11bc8b8cde928985edcbbea71bfc0d4fbeb6037
dual_prototype,docs\DECISION_AND_NEXT_STEP.md,C:\Users\catkin\Documents\baseline_zhou\zhou_icf_mpc_dual_timescale_prototype_iter01\docs\DECISION_AND_NEXT_STEP.md,274,c6e7058159159613d75b5d2c5a442618f40b862292be0150be5025d80b2acaad
dual_prototype,docs\DESIGN_SPEC_COMPLIANCE_MATRIX.md,C:\Users\catkin\Documents\baseline_zhou\zhou_icf_mpc_dual_timescale_prototype_iter01\docs\DESIGN_SPEC_COMPLIANCE_MATRIX.md,1393,a6d3f326f1e6e0e903672546169a04f9bffd455d31ae50745bf0046f5924e9da
dual_prototype,docs\EXECUTABLE_SOURCE_SELECTION.md,C:\Users\catkin\Documents\baseline_zhou\zhou_icf_mpc_dual_timescale_prototype_iter01\docs\EXECUTABLE_SOURCE_SELECTION.md,815,d243e5fab800ba2e7e541b0c78095e297e0300d44cb76e46ad8916fb6ab75b90
dual_prototype,docs\FINAL_PROTOTYPE_REPORT.md,C:\Users\catkin\Documents\baseline_zhou\zhou_icf_mpc_dual_timescale_prototype_iter01\docs\FINAL_PROTOTYPE_REPORT.md,894,73b161483f54be51796fed370c1a168ae562cbbaea7d00d40c700fc21536422e
dual_prototype,docs\FULL_24_CASE_REPORT.md,C:\Users\catkin\Documents\baseline_zhou\zhou_icf_mpc_dual_timescale_prototype_iter01\docs\FULL_24_CASE_REPORT.md,173,443a656f7697bd4d80fbe8fb39f5f423480fb7cff6ae7482f901f3a2b8e69346
dual_prototype,docs\KNOWN_LIMITATIONS.md,C:\Users\catkin\Documents\baseline_zhou\zhou_icf_mpc_dual_timescale_prototype_iter01\docs\KNOWN_LIMITATIONS.md,463,611c0747f7375771e220e4ef41f112153827b78d57978481c014fac2c88f23e6
dual_prototype,docs\MINIMAL_CASE_GATE_REPORT.md,C:\Users\catkin\Documents\baseline_zhou\zhou_icf_mpc_dual_timescale_prototype_iter01\docs\MINIMAL_CASE_GATE_REPORT.md,294,43fbb7dd5fb7879735d6c885a22041210ca1a9c1605d1e119673c507224376d0
dual_prototype,docs\PARAMETER_CALIBRATION_REPORT.md,C:\Users\catkin\Documents\baseline_zhou\zhou_icf_mpc_dual_timescale_prototype_iter01\docs\PARAMETER_CALIBRATION_REPORT.md,359,bfc7433dc1c69ff6b66a5e345d1a99998e806d096df802778457a04bc76d6fc5
dual_prototype,docs\PARAMETER_SENSITIVITY_REPORT.md,C:\Users\catkin\Documents\baseline_zhou\zhou_icf_mpc_dual_timescale_prototype_iter01\docs\PARAMETER_SENSITIVITY_REPORT.md,182,2b7aa191e6128f6e21021647d8ac6445a6bc8e1bd46c51f6bcbf031eaa5f3285
dual_prototype,docs\PATH_CONFLICT_REPORT.md,C:\Users\catkin\Documents\baseline_zhou\zhou_icf_mpc_dual_timescale_prototype_iter01\docs\PATH_CONFLICT_REPORT.md,275,7271f41adab3d3230593ec9aa3cc779030f79f4e4036171d7965844b1a49e2f8
dual_prototype,docs\PROJECT_SCOPE.md,C:\Users\catkin\Documents\baseline_zhou\zhou_icf_mpc_dual_timescale_prototype_iter01\docs\PROJECT_SCOPE.md,383,d5b342b744c70907666d0f5797d9b5b165dac6f03f9567abab7e6bb26c367b4e
dual_prototype,docs\REALTIME_COMPUTATION_REPORT.md,C:\Users\catkin\Documents\baseline_zhou\zhou_icf_mpc_dual_timescale_prototype_iter01\docs\REALTIME_COMPUTATION_REPORT.md,354,bd639414b30ea745ecb1da364b94147fc0654cae04049ab856267df9f2834e64
dual_prototype,HANDOFF.md,C:\Users\catkin\Documents\baseline_zhou\zhou_icf_mpc_dual_timescale_prototype_iter01\HANDOFF.md,2365,14b28c0e0bf631cab981a0c447cdc575584570ebcdcd83a5a662ce118ccaeaf2
dual_prototype,initialize_project.m,C:\Users\catkin\Documents\baseline_zhou\zhou_icf_mpc_dual_timescale_prototype_iter01\initialize_project.m,1980,cd9f1645085117d028a892296569d0a59a1b9f8a6a141469acfa2e7fb5d43766
dual_prototype,README.md,C:\Users\catkin\Documents\baseline_zhou\zhou_icf_mpc_dual_timescale_prototype_iter01\README.md,597,c1cf619d368a90153a9e66df676b23e4803fab7a331222a9be6fa778182b8a70
dual_prototype,reference\upstream_snapshots\zhou_icf_mpc_model_error_decomposition_iter01\audit\path_resolution.csv,C:\Users\catkin\Documents\baseline_zhou\zhou_icf_mpc_dual_timescale_prototype_iter01\reference\upstream_snapshots\zhou_icf_mpc_model_error_decomposition_iter01\audit\path_resolution.csv,2579,7ec51b798ccb013f4e081e19f9e8d39ee428447707f82b40f62f9e78562ff2dd
dual_prototype,reference\upstream_snapshots\zhou_icf_mpc_model_error_decomposition_iter01\CHANGELOG.md,C:\Users\catkin\Documents\baseline_zhou\zhou_icf_mpc_dual_timescale_prototype_iter01\reference\upstream_snapshots\zhou_icf_mpc_model_error_decomposition_iter01\CHANGELOG.md,835,0afe8e8747a05f17e76dee35fee0c765f66c385935deacd02a060c48f6456a65
dual_prototype,reference\upstream_snapshots\zhou_icf_mpc_model_error_decomposition_iter01\config\acceptance_thresholds.m,C:\Users\catkin\Documents\baseline_zhou\zhou_icf_mpc_dual_timescale_prototype_iter01\reference\upstream_snapshots\zhou_icf_mpc_model_error_decomposition_iter01\config\acceptance_thresholds.m,731,1c576aed717bac5a88c7829ae2c25f50a3d9c0c0ff044615cb555653aea525b0
dual_prototype,reference\upstream_snapshots\zhou_icf_mpc_model_error_decomposition_iter01\config\base_parameters.m,C:\Users\catkin\Documents\baseline_zhou\zhou_icf_mpc_dual_timescale_prototype_iter01\reference\upstream_snapshots\zhou_icf_mpc_model_error_decomposition_iter01\config\base_parameters.m,496,aa0e79005afca47ae82a8e9e3b546ebb872e81652ef4c9f5f3513a5ab689b3e6
dual_prototype,reference\upstream_snapshots\zhou_icf_mpc_model_error_decomposition_iter01\config\control_scenario.m,C:\Users\catkin\Documents\baseline_zhou\zhou_icf_mpc_dual_timescale_prototype_iter01\reference\upstream_snapshots\zhou_icf_mpc_model_error_decomposition_iter01\config\control_scenario.m,800,0bb5c3ceb301307b4e1b3f08a9720011a8ab693e29fa5199c89b7ba064e54dea
dual_prototype,reference\upstream_snapshots\zhou_icf_mpc_model_error_decomposition_iter01\config\implementation_assumptions.m,C:\Users\catkin\Documents\baseline_zhou\zhou_icf_mpc_dual_timescale_prototype_iter01\reference\upstream_snapshots\zhou_icf_mpc_model_error_decomposition_iter01\config\implementation_assumptions.m,2059,c163dba1171db50c114b1d9df3615239c9ec93e6a20807f45cff9a4553d58e06
dual_prototype,reference\upstream_snapshots\zhou_icf_mpc_model_error_decomposition_iter01\config\ipmsm_parameters.m,C:\Users\catkin\Documents\baseline_zhou\zhou_icf_mpc_dual_timescale_prototype_iter01\reference\upstream_snapshots\zhou_icf_mpc_model_error_decomposition_iter01\config\ipmsm_parameters.m,624,d000a18f90cc24f419e3056634991c9abb84090f70f1137db48f64d92896d89f
dual_prototype,reference\upstream_snapshots\zhou_icf_mpc_model_error_decomposition_iter01\config\model_error_parameters.m,C:\Users\catkin\Documents\baseline_zhou\zhou_icf_mpc_dual_timescale_prototype_iter01\reference\upstream_snapshots\zhou_icf_mpc_model_error_decomposition_iter01\config\model_error_parameters.m,676,7f33f9508b95357c2c88805d0b88cd2c956344ced3c01a78c853c603bd872690
dual_prototype,reference\upstream_snapshots\zhou_icf_mpc_model_error_decomposition_iter01\config\sequence_parameters.m,C:\Users\catkin\Documents\baseline_zhou\zhou_icf_mpc_dual_timescale_prototype_iter01\reference\upstream_snapshots\zhou_icf_mpc_model_error_decomposition_iter01\config\sequence_parameters.m,571,53980a84e7641bf22806ebcddd1eb1e00593a69f872e508ea9d73454a26f10a6
dual_prototype,reference\upstream_snapshots\zhou_icf_mpc_model_error_decomposition_iter01\config\sequence_scenarios.m,C:\Users\catkin\Documents\baseline_zhou\zhou_icf_mpc_dual_timescale_prototype_iter01\reference\upstream_snapshots\zhou_icf_mpc_model_error_decomposition_iter01\config\sequence_scenarios.m,3409,77724727d04080f506848cd7f1b45f3c92e092dd4e9229082ded6d0904ae15cb
dual_prototype,reference\upstream_snapshots\zhou_icf_mpc_model_error_decomposition_iter01\config\six_condition_matrix.m,C:\Users\catkin\Documents\baseline_zhou\zhou_icf_mpc_dual_timescale_prototype_iter01\reference\upstream_snapshots\zhou_icf_mpc_model_error_decomposition_iter01\config\six_condition_matrix.m,401,8c1d0d5a4c8d91a6614a5a9575639f45a0da7c0b23cfec104f0b542778486af2
dual_prototype,reference\upstream_snapshots\zhou_icf_mpc_model_error_decomposition_iter01\COPIED_FILE_PROVENANCE.csv,C:\Users\catkin\Documents\baseline_zhou\zhou_icf_mpc_dual_timescale_prototype_iter01\reference\upstream_snapshots\zhou_icf_mpc_model_error_decomposition_iter01\COPIED_FILE_PROVENANCE.csv,79433,7fabb5c4f70b4d4ed18f2c1ffe04731bd993e3151ce1eb0e04f449fc9aa33e8b
dual_prototype,reference\upstream_snapshots\zhou_icf_mpc_model_error_decomposition_iter01\docs\BASELINE_REPRODUCTION_REPORT.md,C:\Users\catkin\Documents\baseline_zhou\zhou_icf_mpc_dual_timescale_prototype_iter01\reference\upstream_snapshots\zhou_icf_mpc_model_error_decomposition_iter01\docs\BASELINE_REPRODUCTION_REPORT.md,1370,9746d4b97891dd5c7d896d9eadbf45c6bc181eac48962b5e25689e4378f21d99
dual_prototype,reference\upstream_snapshots\zhou_icf_mpc_model_error_decomposition_iter01\docs\DECISION_AND_NEXT_STEP.md,C:\Users\catkin\Documents\baseline_zhou\zhou_icf_mpc_dual_timescale_prototype_iter01\reference\upstream_snapshots\zhou_icf_mpc_model_error_decomposition_iter01\docs\DECISION_AND_NEXT_STEP.md,1887,90bb37e08c8f0dbf17b7e8b0387d379c2135ad908201cdaea4d849cdb428bede
dual_prototype,reference\upstream_snapshots\zhou_icf_mpc_model_error_decomposition_iter01\docs\DUPLICATE_WORK_CHECK.md,C:\Users\catkin\Documents\baseline_zhou\zhou_icf_mpc_dual_timescale_prototype_iter01\reference\upstream_snapshots\zhou_icf_mpc_model_error_decomposition_iter01\docs\DUPLICATE_WORK_CHECK.md,1495,97ebe498fd4eb5b54ce01e824d0493c6cac6270972b6b2a25dd7a22ab87f0ae6
dual_prototype,reference\upstream_snapshots\zhou_icf_mpc_model_error_decomposition_iter01\docs\EXPERIMENT_PROTOCOL.md,C:\Users\catkin\Documents\baseline_zhou\zhou_icf_mpc_dual_timescale_prototype_iter01\reference\upstream_snapshots\zhou_icf_mpc_model_error_decomposition_iter01\docs\EXPERIMENT_PROTOCOL.md,5316,de53b272e1dbeda95d970bf7cc3eea268b107fb2dae19336a52901cf99c8e042
dual_prototype,reference\upstream_snapshots\zhou_icf_mpc_model_error_decomposition_iter01\docs\KNOWN_LIMITATIONS.md,C:\Users\catkin\Documents\baseline_zhou\zhou_icf_mpc_dual_timescale_prototype_iter01\reference\upstream_snapshots\zhou_icf_mpc_model_error_decomposition_iter01\docs\KNOWN_LIMITATIONS.md,1905,cff8693bf12dd6f7a69fff088dcdcbef81d053ad96993cab752642acd235f0ea
dual_prototype,reference\upstream_snapshots\zhou_icf_mpc_model_error_decomposition_iter01\docs\METRIC_DEFINITIONS.md,C:\Users\catkin\Documents\baseline_zhou\zhou_icf_mpc_dual_timescale_prototype_iter01\reference\upstream_snapshots\zhou_icf_mpc_model_error_decomposition_iter01\docs\METRIC_DEFINITIONS.md,2252,c886b52bcc9aba6b0458fd32b96d51414917c922a0719a67a9af7e668d6fe99c
dual_prototype,reference\upstream_snapshots\zhou_icf_mpc_model_error_decomposition_iter01\docs\MODEL_ERROR_DECOMPOSITION_REPORT.md,C:\Users\catkin\Documents\baseline_zhou\zhou_icf_mpc_dual_timescale_prototype_iter01\reference\upstream_snapshots\zhou_icf_mpc_model_error_decomposition_iter01\docs\MODEL_ERROR_DECOMPOSITION_REPORT.md,16658,e0fcbb958972a637790ed542756e04fb013175f8ba19b759f7498b5f183d7536
dual_prototype,reference\upstream_snapshots\zhou_icf_mpc_model_error_decomposition_iter01\docs\ORACLE_PREDICTOR_DEFINITION.md,C:\Users\catkin\Documents\baseline_zhou\zhou_icf_mpc_dual_timescale_prototype_iter01\reference\upstream_snapshots\zhou_icf_mpc_model_error_decomposition_iter01\docs\ORACLE_PREDICTOR_DEFINITION.md,3063,6efaede2f1ff1b5428f93609db6bab328170b4e33751ff758658c4607890a21f
dual_prototype,reference\upstream_snapshots\zhou_icf_mpc_model_error_decomposition_iter01\docs\ORIGINAL_PREDICTOR_DEFINITION.md,C:\Users\catkin\Documents\baseline_zhou\zhou_icf_mpc_dual_timescale_prototype_iter01\reference\upstream_snapshots\zhou_icf_mpc_model_error_decomposition_iter01\docs\ORIGINAL_PREDICTOR_DEFINITION.md,2209,1f7bf54ce51d24055b561c08c082b76e2d3f7a37cf2359a6f197193988a87733
dual_prototype,reference\upstream_snapshots\zhou_icf_mpc_model_error_decomposition_iter01\docs\PATH_CONFLICT_REPORT.md,C:\Users\catkin\Documents\baseline_zhou\zhou_icf_mpc_dual_timescale_prototype_iter01\reference\upstream_snapshots\zhou_icf_mpc_model_error_decomposition_iter01\docs\PATH_CONFLICT_REPORT.md,775,9b25d80e697e61e6b1939d2521cf5d73c795d1fa0dc42b65ba371662cb2dbcd1
dual_prototype,reference\upstream_snapshots\zhou_icf_mpc_model_error_decomposition_iter01\docs\PREVIOUS_WORK_INVENTORY.md,C:\Users\catkin\Documents\baseline_zhou\zhou_icf_mpc_dual_timescale_prototype_iter01\reference\upstream_snapshots\zhou_icf_mpc_model_error_decomposition_iter01\docs\PREVIOUS_WORK_INVENTORY.md,2985,80bd643e09f0d28416c38f2323331dba1807cb151cd09908d40c4c5fd3941f09
dual_prototype,reference\upstream_snapshots\zhou_icf_mpc_model_error_decomposition_iter01\docs\PROJECT_SCOPE.md,C:\Users\catkin\Documents\baseline_zhou\zhou_icf_mpc_dual_timescale_prototype_iter01\reference\upstream_snapshots\zhou_icf_mpc_model_error_decomposition_iter01\docs\PROJECT_SCOPE.md,1273,147ae801a9ec47f347d70abf57af03e0817a20b178978aed19e25378eb7bfa0b
dual_prototype,reference\upstream_snapshots\zhou_icf_mpc_model_error_decomposition_iter01\docs\PROTOTYPE_GATE_REPORT.md,C:\Users\catkin\Documents\baseline_zhou\zhou_icf_mpc_dual_timescale_prototype_iter01\reference\upstream_snapshots\zhou_icf_mpc_model_error_decomposition_iter01\docs\PROTOTYPE_GATE_REPORT.md,389,a453fe5f2184da9914b30b9eb58418d53b214474e23922184bfce154fa33fe49
dual_prototype,reference\upstream_snapshots\zhou_icf_mpc_model_error_decomposition_iter01\docs\SOURCE_PROJECT_INVENTORY.md,C:\Users\catkin\Documents\baseline_zhou\zhou_icf_mpc_dual_timescale_prototype_iter01\reference\upstream_snapshots\zhou_icf_mpc_model_error_decomposition_iter01\docs\SOURCE_PROJECT_INVENTORY.md,2335,e3f502d0785d60ca34e69d666b00501d8e632bf40131fe8e2b1920cd336c0e03
dual_prototype,reference\upstream_snapshots\zhou_icf_mpc_model_error_decomposition_iter01\docs\TIMING_ALIGNMENT_AUDIT.md,C:\Users\catkin\Documents\baseline_zhou\zhou_icf_mpc_dual_timescale_prototype_iter01\reference\upstream_snapshots\zhou_icf_mpc_model_error_decomposition_iter01\docs\TIMING_ALIGNMENT_AUDIT.md,4184,bb2290d10afef3bec8ee9927d3d16cea887b19b47040e39ba0c6a4b2dd86a771
dual_prototype,reference\upstream_snapshots\zhou_icf_mpc_model_error_decomposition_iter01\FROZEN_UPSTREAM_VALIDATION.csv,C:\Users\catkin\Documents\baseline_zhou\zhou_icf_mpc_dual_timescale_prototype_iter01\reference\upstream_snapshots\zhou_icf_mpc_model_error_decomposition_iter01\FROZEN_UPSTREAM_VALIDATION.csv,472121,4d7f1128a3dfe13c41e90ff691bb2b78f4cd9ab92d8d8f9cb784f493979aae1f
dual_prototype,reference\upstream_snapshots\zhou_icf_mpc_model_error_decomposition_iter01\HANDOFF.md,C:\Users\catkin\Documents\baseline_zhou\zhou_icf_mpc_dual_timescale_prototype_iter01\reference\upstream_snapshots\zhou_icf_mpc_model_error_decomposition_iter01\HANDOFF.md,11932,971e34f50b31ec7ad9b25abc724f77e6eb26850a0cc6e268cf707e0f7ed4af19
dual_prototype,reference\upstream_snapshots\zhou_icf_mpc_model_error_decomposition_iter01\initialize_project.m,C:\Users\catkin\Documents\baseline_zhou\zhou_icf_mpc_dual_timescale_prototype_iter01\reference\upstream_snapshots\zhou_icf_mpc_model_error_decomposition_iter01\initialize_project.m,2396,5c79913ca53deb39c042ad00bd03ac19e1e7d19b6e3c27a10a7590994c880ee4
dual_prototype,reference\upstream_snapshots\zhou_icf_mpc_model_error_decomposition_iter01\README.md,C:\Users\catkin\Documents\baseline_zhou\zhou_icf_mpc_dual_timescale_prototype_iter01\reference\upstream_snapshots\zhou_icf_mpc_model_error_decomposition_iter01\README.md,4003,99f44bdc920fad4b72cf3816553a5ea65ae0800472523c6062c5413a021de854
dual_prototype,reference\upstream_snapshots\zhou_icf_mpc_model_error_decomposition_iter01\reference\upstream_snapshots\ipmsm_probe\FINAL_IPMSM_PROBE_REPORT.md,C:\Users\catkin\Documents\baseline_zhou\zhou_icf_mpc_dual_timescale_prototype_iter01\reference\upstream_snapshots\zhou_icf_mpc_model_error_decomposition_iter01\reference\upstream_snapshots\ipmsm_probe\FINAL_IPMSM_PROBE_REPORT.md,3067,8c13f34fd68580ab787162443fbe6b2253aebfd6fb1bd3e3018a1f42880ddabe
dual_prototype,reference\upstream_snapshots\zhou_icf_mpc_model_error_decomposition_iter01\reference\upstream_snapshots\ipmsm_probe\README.md,C:\Users\catkin\Documents\baseline_zhou\zhou_icf_mpc_dual_timescale_prototype_iter01\reference\upstream_snapshots\zhou_icf_mpc_model_error_decomposition_iter01\reference\upstream_snapshots\ipmsm_probe\README.md,2556,b63e025d4ee5ba3b023a524f418fdad9da356c1e152eb50e7fcfcb4e70fdb301
dual_prototype,reference\upstream_snapshots\zhou_icf_mpc_model_error_decomposition_iter01\reference\upstream_snapshots\jd_jq_audit\all_constraint_cases.csv,C:\Users\catkin\Documents\baseline_zhou\zhou_icf_mpc_dual_timescale_prototype_iter01\reference\upstream_snapshots\zhou_icf_mpc_model_error_decomposition_iter01\reference\upstream_snapshots\jd_jq_audit\all_constraint_cases.csv,669078,cdfd03b1aaa0817ff1de5cead31a967b84bbdf3292e1fdc17099617de0197231
dual_prototype,reference\upstream_snapshots\zhou_icf_mpc_model_error_decomposition_iter01\reference\upstream_snapshots\jd_jq_audit\README.md,C:\Users\catkin\Documents\baseline_zhou\zhou_icf_mpc_dual_timescale_prototype_iter01\reference\upstream_snapshots\zhou_icf_mpc_model_error_decomposition_iter01\reference\upstream_snapshots\jd_jq_audit\README.md,1350,14a66670c8691fcc6ba9c8b2356a85fb925f736c42ac686f455cc9a0f8bc922e
dual_prototype,reference\upstream_snapshots\zhou_icf_mpc_model_error_decomposition_iter01\reference\upstream_snapshots\jd_jq_audit\vector_mode_distribution.csv,C:\Users\catkin\Documents\baseline_zhou\zhou_icf_mpc_dual_timescale_prototype_iter01\reference\upstream_snapshots\zhou_icf_mpc_model_error_decomposition_iter01\reference\upstream_snapshots\jd_jq_audit\vector_mode_distribution.csv,98113,174228ffb51ed3b371097b8fa16e1176641f1cca39d6fa262488299766b6a57e
dual_prototype,reference\upstream_snapshots\zhou_icf_mpc_model_error_decomposition_iter01\reference\upstream_snapshots\robust_residual\CALIBRATION_SCENARIOS.csv,C:\Users\catkin\Documents\baseline_zhou\zhou_icf_mpc_dual_timescale_prototype_iter01\reference\upstream_snapshots\zhou_icf_mpc_model_error_decomposition_iter01\reference\upstream_snapshots\robust_residual\CALIBRATION_SCENARIOS.csv,3402,387a6a12fad05ed5cc2f22aac517707c15023ebb646f4aa505db30d84c2b99f7
dual_prototype,reference\upstream_snapshots\zhou_icf_mpc_model_error_decomposition_iter01\reference\upstream_snapshots\robust_residual\DATA_SPLIT.md,C:\Users\catkin\Documents\baseline_zhou\zhou_icf_mpc_dual_timescale_prototype_iter01\reference\upstream_snapshots\zhou_icf_mpc_model_error_decomposition_iter01\reference\upstream_snapshots\robust_residual\DATA_SPLIT.md,490,6b398775cccce09f67bbe14f885d1a0846847972199519c5a828d40228700f42
dual_prototype,reference\upstream_snapshots\zhou_icf_mpc_model_error_decomposition_iter01\reference\upstream_snapshots\robust_residual\EXPERIMENT_HANDOFF.md,C:\Users\catkin\Documents\baseline_zhou\zhou_icf_mpc_dual_timescale_prototype_iter01\reference\upstream_snapshots\zhou_icf_mpc_model_error_decomposition_iter01\reference\upstream_snapshots\robust_residual\EXPERIMENT_HANDOFF.md,3515,32cea93f5a728ea4ad600046d06b67c5a539e08e77270b124a08caf2c8a63ad0
dual_prototype,reference\upstream_snapshots\zhou_icf_mpc_model_error_decomposition_iter01\reference\upstream_snapshots\robust_residual\FINAL_ROBUST_CONSTRAINT_REPORT.md,C:\Users\catkin\Documents\baseline_zhou\zhou_icf_mpc_dual_timescale_prototype_iter01\reference\upstream_snapshots\zhou_icf_mpc_model_error_decomposition_iter01\reference\upstream_snapshots\robust_residual\FINAL_ROBUST_CONSTRAINT_REPORT.md,8275,f92968da977ea19074bd3f74571a5a6db7bbad1c78ea9dfd9dd849c3d86ee716
dual_prototype,reference\upstream_snapshots\zhou_icf_mpc_model_error_decomposition_iter01\reference\upstream_snapshots\robust_residual\README.md,C:\Users\catkin\Documents\baseline_zhou\zhou_icf_mpc_dual_timescale_prototype_iter01\reference\upstream_snapshots\zhou_icf_mpc_model_error_decomposition_iter01\reference\upstream_snapshots\robust_residual\README.md,3439,e1eb950e41cbce05b61f4c9b3e56a9f37d71f330af6d7d1c8c1d095a463cd59e
dual_prototype,reference\upstream_snapshots\zhou_icf_mpc_model_error_decomposition_iter01\reference\upstream_snapshots\robust_residual\RESIDUAL_ALIGNMENT_AUDIT.md,C:\Users\catkin\Documents\baseline_zhou\zhou_icf_mpc_dual_timescale_prototype_iter01\reference\upstream_snapshots\zhou_icf_mpc_model_error_decomposition_iter01\reference\upstream_snapshots\robust_residual\RESIDUAL_ALIGNMENT_AUDIT.md,567,59fb9fb430186788d52f81c23618ea724a9ddffc4841d500c3b1511914855ac9
dual_prototype,reference\upstream_snapshots\zhou_icf_mpc_model_error_decomposition_iter01\reference\upstream_snapshots\robust_residual\RESIDUAL_DATASET_SCHEMA.md,C:\Users\catkin\Documents\baseline_zhou\zhou_icf_mpc_dual_timescale_prototype_iter01\reference\upstream_snapshots\zhou_icf_mpc_model_error_decomposition_iter01\reference\upstream_snapshots\robust_residual\RESIDUAL_DATASET_SCHEMA.md,398,bb5ed9d73e4b465a8313a334faf4c895e1ffc910141fc10850a308d5d8129838
dual_prototype,reference\upstream_snapshots\zhou_icf_mpc_model_error_decomposition_iter01\reference\upstream_snapshots\robust_residual\robust_scenario_splits.m,C:\Users\catkin\Documents\baseline_zhou\zhou_icf_mpc_dual_timescale_prototype_iter01\reference\upstream_snapshots\zhou_icf_mpc_model_error_decomposition_iter01\reference\upstream_snapshots\robust_residual\robust_scenario_splits.m,3965,ff1253c24b0c70748a0c3c5e9f1fd5069996d33dee22a6b0ac25bc7882e32257
dual_prototype,reference\upstream_snapshots\zhou_icf_mpc_model_error_decomposition_iter01\reference\upstream_snapshots\robust_residual\TEST_SCENARIOS.csv,C:\Users\catkin\Documents\baseline_zhou\zhou_icf_mpc_dual_timescale_prototype_iter01\reference\upstream_snapshots\zhou_icf_mpc_model_error_decomposition_iter01\reference\upstream_snapshots\robust_residual\TEST_SCENARIOS.csv,6405,24c9c3f148bcf51fdccfd8234c64151b7e2db57231f541afa4770d3c098f3937
dual_prototype,reference\upstream_snapshots\zhou_icf_mpc_model_error_decomposition_iter01\reference\upstream_snapshots\robust_residual\VALIDATION_SCENARIOS.csv,C:\Users\catkin\Documents\baseline_zhou\zhou_icf_mpc_dual_timescale_prototype_iter01\reference\upstream_snapshots\zhou_icf_mpc_model_error_decomposition_iter01\reference\upstream_snapshots\robust_residual\VALIDATION_SCENARIOS.csv,4592,10d703ae4e44d80c928423ee69c17fd07ff74befd543a11b719f50e03380198f
dual_prototype,reference\upstream_snapshots\zhou_icf_mpc_model_error_decomposition_iter01\reference\upstream_snapshots\s2_feasibility\BASELINE_COMPARISON.csv,C:\Users\catkin\Documents\baseline_zhou\zhou_icf_mpc_dual_timescale_prototype_iter01\reference\upstream_snapshots\zhou_icf_mpc_model_error_decomposition_iter01\reference\upstream_snapshots\s2_feasibility\BASELINE_COMPARISON.csv,2825,b44f75e96d8e12dc91a1e6124b7c67f8c8a48c5aa1a058a9d87a57cf3796ac06
dual_prototype,reference\upstream_snapshots\zhou_icf_mpc_model_error_decomposition_iter01\reference\upstream_snapshots\s2_feasibility\FEASIBILITY_CONTROL_DECISION.md,C:\Users\catkin\Documents\baseline_zhou\zhou_icf_mpc_dual_timescale_prototype_iter01\reference\upstream_snapshots\zhou_icf_mpc_model_error_decomposition_iter01\reference\upstream_snapshots\s2_feasibility\FEASIBILITY_CONTROL_DECISION.md,747,a160e2b88abe09fd5c469815a4402ce96559054b947ca7f3becef321944ea982
dual_prototype,reference\upstream_snapshots\zhou_icf_mpc_model_error_decomposition_iter01\reference\upstream_snapshots\s2_feasibility\FINAL_FEASIBILITY_CONTROL_REPORT.md,C:\Users\catkin\Documents\baseline_zhou\zhou_icf_mpc_dual_timescale_prototype_iter01\reference\upstream_snapshots\zhou_icf_mpc_model_error_decomposition_iter01\reference\upstream_snapshots\s2_feasibility\FINAL_FEASIBILITY_CONTROL_REPORT.md,2462,76f056cf74375086d15c125e911efcbb2ffb43aa0d9da728857e50ca88582a21
dual_prototype,reference\upstream_snapshots\zhou_icf_mpc_model_error_decomposition_iter01\reference\upstream_snapshots\s2_feasibility\NEGATIVE_ID_ADMISSION.csv,C:\Users\catkin\Documents\baseline_zhou\zhou_icf_mpc_dual_timescale_prototype_iter01\reference\upstream_snapshots\zhou_icf_mpc_model_error_decomposition_iter01\reference\upstream_snapshots\s2_feasibility\NEGATIVE_ID_ADMISSION.csv,15199,17b05c394d7e838a87be92ff9b9a20d34a51990c6a768a12128b10f6af8d7112
dual_prototype,reference\upstream_snapshots\zhou_icf_mpc_model_error_decomposition_iter01\reference\upstream_snapshots\s2_feasibility\SIX_CONDITION_COMPARISON.csv,C:\Users\catkin\Documents\baseline_zhou\zhou_icf_mpc_dual_timescale_prototype_iter01\reference\upstream_snapshots\zhou_icf_mpc_model_error_decomposition_iter01\reference\upstream_snapshots\s2_feasibility\SIX_CONDITION_COMPARISON.csv,21727,f684e21689226a50303e69c0111683da2624c49a20eb3e1a25271b8ce13306a8
dual_prototype,reference\upstream_snapshots\zhou_icf_mpc_model_error_decomposition_iter01\reference\upstream_snapshots\sequence_decomposition\baseline_comparison.csv,C:\Users\catkin\Documents\baseline_zhou\zhou_icf_mpc_dual_timescale_prototype_iter01\reference\upstream_snapshots\zhou_icf_mpc_model_error_decomposition_iter01\reference\upstream_snapshots\sequence_decomposition\baseline_comparison.csv,804,6ef4a80bb85d6d17bef701325d68d957937ec14d8596ea6fc52e56e6e4b1df12
dual_prototype,reference\upstream_snapshots\zhou_icf_mpc_model_error_decomposition_iter01\reference\upstream_snapshots\sequence_decomposition\candidate_decision_comparison.csv,C:\Users\catkin\Documents\baseline_zhou\zhou_icf_mpc_dual_timescale_prototype_iter01\reference\upstream_snapshots\zhou_icf_mpc_model_error_decomposition_iter01\reference\upstream_snapshots\sequence_decomposition\candidate_decision_comparison.csv,20698,c26e6116556ce7a254686cc1cb90be27f0017cc852e70f6a741791b1a6d48f13
dual_prototype,reference\upstream_snapshots\zhou_icf_mpc_model_error_decomposition_iter01\reference\upstream_snapshots\sequence_decomposition\final_decision.csv,C:\Users\catkin\Documents\baseline_zhou\zhou_icf_mpc_dual_timescale_prototype_iter01\reference\upstream_snapshots\zhou_icf_mpc_model_error_decomposition_iter01\reference\upstream_snapshots\sequence_decomposition\final_decision.csv,506,c62b5a43f47bc8e1ef868ce2cd19312f8d40ad596ffd943c94e0d23ad2239eb3
dual_prototype,reference\upstream_snapshots\zhou_icf_mpc_model_error_decomposition_iter01\reference\upstream_snapshots\sequence_decomposition\HANDOFF.md,C:\Users\catkin\Documents\baseline_zhou\zhou_icf_mpc_dual_timescale_prototype_iter01\reference\upstream_snapshots\zhou_icf_mpc_model_error_decomposition_iter01\reference\upstream_snapshots\sequence_decomposition\HANDOFF.md,7614,704af78deb0008f87412234076d3699a66e5aa9172361edb11403675c93879bf
dual_prototype,reference\upstream_snapshots\zhou_icf_mpc_model_error_decomposition_iter01\reference\upstream_snapshots\sequence_decomposition\overall_metrics.csv,C:\Users\catkin\Documents\baseline_zhou\zhou_icf_mpc_dual_timescale_prototype_iter01\reference\upstream_snapshots\zhou_icf_mpc_model_error_decomposition_iter01\reference\upstream_snapshots\sequence_decomposition\overall_metrics.csv,2392,42a70f927bcb0f590bfefebb9496e1fddded23cd876c26f74e24c49e4acbee95
dual_prototype,reference\upstream_snapshots\zhou_icf_mpc_model_error_decomposition_iter01\reference\upstream_snapshots\sequence_decomposition\PREVIOUS_WORK_INVENTORY.md,C:\Users\catkin\Documents\baseline_zhou\zhou_icf_mpc_dual_timescale_prototype_iter01\reference\upstream_snapshots\zhou_icf_mpc_model_error_decomposition_iter01\reference\upstream_snapshots\sequence_decomposition\PREVIOUS_WORK_INVENTORY.md,5410,1d2fd93b09d6dec68841c728e2ea89d4b50ba44028828edaede3c421966ed872
dual_prototype,reference\upstream_snapshots\zhou_icf_mpc_model_error_decomposition_iter01\reference\upstream_snapshots\sequence_decomposition\README.md,C:\Users\catkin\Documents\baseline_zhou\zhou_icf_mpc_dual_timescale_prototype_iter01\reference\upstream_snapshots\zhou_icf_mpc_model_error_decomposition_iter01\reference\upstream_snapshots\sequence_decomposition\README.md,4523,c737d3d5873151742784bd9618abd4850c2f111f5d8e8cd0f5253b4aaf79a4bf
dual_prototype,reference\upstream_snapshots\zhou_icf_mpc_model_error_decomposition_iter01\reference\upstream_snapshots\sequence_decomposition\residual_decomposition.csv,C:\Users\catkin\Documents\baseline_zhou\zhou_icf_mpc_dual_timescale_prototype_iter01\reference\upstream_snapshots\zhou_icf_mpc_model_error_decomposition_iter01\reference\upstream_snapshots\sequence_decomposition\residual_decomposition.csv,4396,a2783aa730450f07f0c96bebb673e0c6f3eebcba3fc4473aad2f672746479b3a
dual_prototype,reference\upstream_snapshots\zhou_icf_mpc_model_error_decomposition_iter01\reference\upstream_snapshots\sequence_decomposition\RUN_AND_REPRODUCE.md,C:\Users\catkin\Documents\baseline_zhou\zhou_icf_mpc_dual_timescale_prototype_iter01\reference\upstream_snapshots\zhou_icf_mpc_model_error_decomposition_iter01\reference\upstream_snapshots\sequence_decomposition\RUN_AND_REPRODUCE.md,5414,903001361efc5e9fe6000c414a844b38e7e7d27782fb1d720e5ddd936c1fd76c
dual_prototype,reference\upstream_snapshots\zhou_icf_mpc_model_error_decomposition_iter01\reference\upstream_snapshots\sequence_decomposition\SEQUENCE_DECOMPOSITION_REPORT.md,C:\Users\catkin\Documents\baseline_zhou\zhou_icf_mpc_dual_timescale_prototype_iter01\reference\upstream_snapshots\zhou_icf_mpc_model_error_decomposition_iter01\reference\upstream_snapshots\sequence_decomposition\SEQUENCE_DECOMPOSITION_REPORT.md,1153,f31c31a0e0c170e43bf486ed3ec444af3438391368703347057804dbe2ed7c57
dual_prototype,reference\upstream_snapshots\zhou_icf_mpc_model_error_decomposition_iter01\reference\upstream_snapshots\sequence_decomposition\simulation_case_summary.csv,C:\Users\catkin\Documents\baseline_zhou\zhou_icf_mpc_dual_timescale_prototype_iter01\reference\upstream_snapshots\zhou_icf_mpc_model_error_decomposition_iter01\reference\upstream_snapshots\sequence_decomposition\simulation_case_summary.csv,19999,17dea88e85017f09b036553235dabbbd33c05d9b4b82cedfd2865a73b264aef1
dual_prototype,reference\upstream_snapshots\zhou_icf_mpc_model_error_decomposition_iter01\reference\upstream_snapshots\sequence_decomposition\TIMING_ALIGNMENT_AUDIT.md,C:\Users\catkin\Documents\baseline_zhou\zhou_icf_mpc_dual_timescale_prototype_iter01\reference\upstream_snapshots\zhou_icf_mpc_model_error_decomposition_iter01\reference\upstream_snapshots\sequence_decomposition\TIMING_ALIGNMENT_AUDIT.md,3952,ab72a924ef10d59452d2edc17cb462786018a2816e6a6539bfdbe532e93c7565
dual_prototype,reference\upstream_snapshots\zhou_icf_mpc_model_error_decomposition_iter01\results\figures\01_predictors_vs_actual.png,C:\Users\catkin\Documents\baseline_zhou\zhou_icf_mpc_dual_timescale_prototype_iter01\reference\upstream_snapshots\zhou_icf_mpc_model_error_decomposition_iter01\results\figures\01_predictors_vs_actual.png,167303,61cc07090c1f0fdf89a0e7c8fada53857538f4a4aabf3c80e4915ecf8a86e38d
dual_prototype,reference\upstream_snapshots\zhou_icf_mpc_model_error_decomposition_iter01\results\figures\02_residual_rms_by_predictor.png,C:\Users\catkin\Documents\baseline_zhou\zhou_icf_mpc_dual_timescale_prototype_iter01\reference\upstream_snapshots\zhou_icf_mpc_model_error_decomposition_iter01\results\figures\02_residual_rms_by_predictor.png,32070,9a314e32118eb1a7666b34a322e1603fd2ad09c89e893aaf4d48b249a2ace9be
dual_prototype,reference\upstream_snapshots\zhou_icf_mpc_model_error_decomposition_iter01\results\figures\03_false_safe_by_predictor.png,C:\Users\catkin\Documents\baseline_zhou\zhou_icf_mpc_dual_timescale_prototype_iter01\reference\upstream_snapshots\zhou_icf_mpc_model_error_decomposition_iter01\results\figures\03_false_safe_by_predictor.png,27560,04c4bd07940ac2164d62389f99e5638da48022821c92f381ac9225f427191408
dual_prototype,reference\upstream_snapshots\zhou_icf_mpc_model_error_decomposition_iter01\results\figures\04_F_replacement_time_domain.png,C:\Users\catkin\Documents\baseline_zhou\zhou_icf_mpc_dual_timescale_prototype_iter01\reference\upstream_snapshots\zhou_icf_mpc_model_error_decomposition_iter01\results\figures\04_F_replacement_time_domain.png,150092,72619f387c69de284f329c0c0dc69b7a9e063af922d84721b7a860291be325f4
dual_prototype,reference\upstream_snapshots\zhou_icf_mpc_model_error_decomposition_iter01\results\figures\05_alpha_replacement_time_domain.png,C:\Users\catkin\Documents\baseline_zhou\zhou_icf_mpc_dual_timescale_prototype_iter01\reference\upstream_snapshots\zhou_icf_mpc_model_error_decomposition_iter01\results\figures\05_alpha_replacement_time_domain.png,78730,02b795aeeb55d4d49540244630b56d0eef9fe46994c7b718a60ba7adf8e92cf0
dual_prototype,reference\upstream_snapshots\zhou_icf_mpc_model_error_decomposition_iter01\results\figures\06_P3_P4_P5_error_chain.png,C:\Users\catkin\Documents\baseline_zhou\zhou_icf_mpc_dual_timescale_prototype_iter01\reference\upstream_snapshots\zhou_icf_mpc_model_error_decomposition_iter01\results\figures\06_P3_P4_P5_error_chain.png,119863,037c81235b94579c629cf5fd0e6cacd5319ed9ed5755ba9fc7f88535011f9699
dual_prototype,reference\upstream_snapshots\zhou_icf_mpc_model_error_decomposition_iter01\results\figures\07_candidate_top1_flip_matrix.png,C:\Users\catkin\Documents\baseline_zhou\zhou_icf_mpc_dual_timescale_prototype_iter01\reference\upstream_snapshots\zhou_icf_mpc_model_error_decomposition_iter01\results\figures\07_candidate_top1_flip_matrix.png,120073,f776883264c11bebc2f07b3ae7095934d438140bb7b4641ee4cea73b118b54f7
dual_prototype,reference\upstream_snapshots\zhou_icf_mpc_model_error_decomposition_iter01\results\figures\08_candidate_mode_flip_matrix.png,C:\Users\catkin\Documents\baseline_zhou\zhou_icf_mpc_dual_timescale_prototype_iter01\reference\upstream_snapshots\zhou_icf_mpc_model_error_decomposition_iter01\results\figures\08_candidate_mode_flip_matrix.png,120486,f585dc167c5ffe1d78f5212327ca32519d58df56212831e0879d28c76c5ff74a
dual_prototype,reference\upstream_snapshots\zhou_icf_mpc_model_error_decomposition_iter01\results\figures\09_residual_vs_delta_F.png,C:\Users\catkin\Documents\baseline_zhou\zhou_icf_mpc_dual_timescale_prototype_iter01\reference\upstream_snapshots\zhou_icf_mpc_model_error_decomposition_iter01\results\figures\09_residual_vs_delta_F.png,127756,8deb47ee6c21d96eca1d7a2727d3b048bd55cf774c434d4d1e634d85f257bcb5
dual_prototype,reference\upstream_snapshots\zhou_icf_mpc_model_error_decomposition_iter01\results\figures\10_residual_vs_alpha_error.png,C:\Users\catkin\Documents\baseline_zhou\zhou_icf_mpc_dual_timescale_prototype_iter01\reference\upstream_snapshots\zhou_icf_mpc_model_error_decomposition_iter01\results\figures\10_residual_vs_alpha_error.png,82947,5997450210d1b5a5e5af6f6eb6ed14713f53bf7e34013cb0c9f6e7f380d776ac
dual_prototype,reference\upstream_snapshots\zhou_icf_mpc_model_error_decomposition_iter01\results\figures\11_residual_vs_state.png,C:\Users\catkin\Documents\baseline_zhou\zhou_icf_mpc_dual_timescale_prototype_iter01\reference\upstream_snapshots\zhou_icf_mpc_model_error_decomposition_iter01\results\figures\11_residual_vs_state.png,92309,684207738c3b78a22fa8c6d8f525c80d72b55d2f7730da17980a32bb8cf7f2d2
dual_prototype,reference\upstream_snapshots\zhou_icf_mpc_model_error_decomposition_iter01\results\figures\12_residual_spectrum.png,C:\Users\catkin\Documents\baseline_zhou\zhou_icf_mpc_dual_timescale_prototype_iter01\reference\upstream_snapshots\zhou_icf_mpc_model_error_decomposition_iter01\results\figures\12_residual_spectrum.png,72426,35f46152ac57faaa1c531a0d38d8b1cffa5a3dbce9b08c018b0fc794a3451331
dual_prototype,reference\upstream_snapshots\zhou_icf_mpc_model_error_decomposition_iter01\results\figures\13_S2_residual_comparison.png,C:\Users\catkin\Documents\baseline_zhou\zhou_icf_mpc_dual_timescale_prototype_iter01\reference\upstream_snapshots\zhou_icf_mpc_model_error_decomposition_iter01\results\figures\13_S2_residual_comparison.png,36610,939ddf3d328e3d9db7562c839fcb7da3eaf2c155c078e0057aaf7b1782715fd8
dual_prototype,reference\upstream_snapshots\zhou_icf_mpc_model_error_decomposition_iter01\results\figures\14_parameter_over_under_asymmetry.png,C:\Users\catkin\Documents\baseline_zhou\zhou_icf_mpc_dual_timescale_prototype_iter01\reference\upstream_snapshots\zhou_icf_mpc_model_error_decomposition_iter01\results\figures\14_parameter_over_under_asymmetry.png,38775,0da686f62f5f24e85b94734dfc5f280dd85bb3a1af3f3f4e178761d79cfa6bff
dual_prototype,reference\upstream_snapshots\zhou_icf_mpc_model_error_decomposition_iter01\results\figures\15_case_error_source_share.png,C:\Users\catkin\Documents\baseline_zhou\zhou_icf_mpc_dual_timescale_prototype_iter01\reference\upstream_snapshots\zhou_icf_mpc_model_error_decomposition_iter01\results\figures\15_case_error_source_share.png,92986,bf707d3474a933776f29fa3f2a3d6a4aa4c5a6479bb7acf18a25d667cfa58c6f
dual_prototype,reference\upstream_snapshots\zhou_icf_mpc_model_error_decomposition_iter01\results\figures\figure_manifest.csv,C:\Users\catkin\Documents\baseline_zhou\zhou_icf_mpc_dual_timescale_prototype_iter01\reference\upstream_snapshots\zhou_icf_mpc_model_error_decomposition_iter01\results\figures\figure_manifest.csv,604,f27f2843aaee5ae2166310979dd3b37b5b69116b51fe737c298b56bb410943bb
dual_prototype,reference\upstream_snapshots\zhou_icf_mpc_model_error_decomposition_iter01\results\raw\mat\B01_500rpm_20A_48V_fast_model_error.mat,C:\Users\catkin\Documents\baseline_zhou\zhou_icf_mpc_dual_timescale_prototype_iter01\reference\upstream_snapshots\zhou_icf_mpc_model_error_decomposition_iter01\results\raw\mat\B01_500rpm_20A_48V_fast_model_error.mat,615224,bc6f18113aa9f3090e406ec540c7bcb9e17574cf616282920e0ac8d03560d8d8
dual_prototype,reference\upstream_snapshots\zhou_icf_mpc_model_error_decomposition_iter01\results\raw\mat\B02_500rpm_negid_48V_model_error.mat,C:\Users\catkin\Documents\baseline_zhou\zhou_icf_mpc_dual_timescale_prototype_iter01\reference\upstream_snapshots\zhou_icf_mpc_model_error_decomposition_iter01\results\raw\mat\B02_500rpm_negid_48V_model_error.mat,2070208,4d5e086f7836c3bd02211ec476a13092aba8e2878c521e9eb505ae888c7a9d9a
dual_prototype,reference\upstream_snapshots\zhou_icf_mpc_model_error_decomposition_iter01\results\raw\mat\C01_nominal_100rpm_10A_model_error.mat,C:\Users\catkin\Documents\baseline_zhou\zhou_icf_mpc_dual_timescale_prototype_iter01\reference\upstream_snapshots\zhou_icf_mpc_model_error_decomposition_iter01\results\raw\mat\C01_nominal_100rpm_10A_model_error.mat,3968982,571defbddb8b3eaa766092a59c8576b71628aae1472221f3fbe5fcba3a2427ce
dual_prototype,reference\upstream_snapshots\zhou_icf_mpc_model_error_decomposition_iter01\results\raw\mat\C02_light_100rpm_4A_model_error.mat,C:\Users\catkin\Documents\baseline_zhou\zhou_icf_mpc_dual_timescale_prototype_iter01\reference\upstream_snapshots\zhou_icf_mpc_model_error_decomposition_iter01\results\raw\mat\C02_light_100rpm_4A_model_error.mat,3931308,3a97749d80b2bca664d41d91508f13be2663f220d7a9f911dbc3ce08d20e6e10
dual_prototype,reference\upstream_snapshots\zhou_icf_mpc_model_error_decomposition_iter01\results\raw\mat\C03_light_200rpm_6A_model_error.mat,C:\Users\catkin\Documents\baseline_zhou\zhou_icf_mpc_dual_timescale_prototype_iter01\reference\upstream_snapshots\zhou_icf_mpc_model_error_decomposition_iter01\results\raw\mat\C03_light_200rpm_6A_model_error.mat,4008984,11bc9f81b9df0ecbf5426db05f8babf458b85b68ec7bba5fa1089f499949c8fe
dual_prototype,reference\upstream_snapshots\zhou_icf_mpc_model_error_decomposition_iter01\results\raw\mat\C04_high_200rpm_18A_model_error.mat,C:\Users\catkin\Documents\baseline_zhou\zhou_icf_mpc_dual_timescale_prototype_iter01\reference\upstream_snapshots\zhou_icf_mpc_model_error_decomposition_iter01\results\raw\mat\C04_high_200rpm_18A_model_error.mat,4057017,88bf49bc01a5d9a69362ace12187e0c96c78e3089b37fc1adf2bf1b159d1e989
dual_prototype,reference\upstream_snapshots\zhou_icf_mpc_model_error_decomposition_iter01\results\raw\mat\C05_negative_id_model_error.mat,C:\Users\catkin\Documents\baseline_zhou\zhou_icf_mpc_dual_timescale_prototype_iter01\reference\upstream_snapshots\zhou_icf_mpc_model_error_decomposition_iter01\results\raw\mat\C05_negative_id_model_error.mat,4134611,38d702d892de44b16de7ef69dbeb9b43b7432d400c57c63bf0b56f4c911b93c1
dual_prototype,reference\upstream_snapshots\zhou_icf_mpc_model_error_decomposition_iter01\results\raw\mat\C06_low_bus_43p2V_model_error.mat,C:\Users\catkin\Documents\baseline_zhou\zhou_icf_mpc_dual_timescale_prototype_iter01\reference\upstream_snapshots\zhou_icf_mpc_model_error_decomposition_iter01\results\raw\mat\C06_low_bus_43p2V_model_error.mat,4168336,294340344dd2fb711dc8d766052058a4e70792e215e3d5891cf142d293b5c0ac
dual_prototype,reference\upstream_snapshots\zhou_icf_mpc_model_error_decomposition_iter01\results\raw\mat\C07_known_false_safe_model_error.mat,C:\Users\catkin\Documents\baseline_zhou\zhou_icf_mpc_dual_timescale_prototype_iter01\reference\upstream_snapshots\zhou_icf_mpc_model_error_decomposition_iter01\results\raw\mat\C07_known_false_safe_model_error.mat,800611,f196845b716e33745a9b089971249f8facdcfd09d2a0cf7e5037d255c442e46c
dual_prototype,reference\upstream_snapshots\zhou_icf_mpc_model_error_decomposition_iter01\results\raw\mat\C08_S2_nontrigger_model_error.mat,C:\Users\catkin\Documents\baseline_zhou\zhou_icf_mpc_dual_timescale_prototype_iter01\reference\upstream_snapshots\zhou_icf_mpc_model_error_decomposition_iter01\results\raw\mat\C08_S2_nontrigger_model_error.mat,3966976,1408f9222ccb5159a656b39194761f64c028a911637ca3917f02c0ecdf74f81d
dual_prototype,reference\upstream_snapshots\zhou_icf_mpc_model_error_decomposition_iter01\results\raw\mat\C09_S2_boundary_model_error.mat,C:\Users\catkin\Documents\baseline_zhou\zhou_icf_mpc_dual_timescale_prototype_iter01\reference\upstream_snapshots\zhou_icf_mpc_model_error_decomposition_iter01\results\raw\mat\C09_S2_boundary_model_error.mat,4139433,9cf59e0604f5f3a9bf950892bb1b075c75651be2f43dbaf2d61524b4985c1609
dual_prototype,reference\upstream_snapshots\zhou_icf_mpc_model_error_decomposition_iter01\results\raw\mat\combined_model_error_data.mat,C:\Users\catkin\Documents\baseline_zhou\zhou_icf_mpc_dual_timescale_prototype_iter01\reference\upstream_snapshots\zhou_icf_mpc_model_error_decomposition_iter01\results\raw\mat\combined_model_error_data.mat,27217758,9201cf4b715a91c92976c1d69058d6c424a66ea891651a41e7020c24e65a404f
dual_prototype,reference\upstream_snapshots\zhou_icf_mpc_model_error_decomposition_iter01\results\raw\mat\D01_iq_step_model_error.mat,C:\Users\catkin\Documents\baseline_zhou\zhou_icf_mpc_dual_timescale_prototype_iter01\reference\upstream_snapshots\zhou_icf_mpc_model_error_decomposition_iter01\results\raw\mat\D01_iq_step_model_error.mat,2120235,006c5be136b3cffe31b825fc8dc167e98fae9e2b5b727fc23094525f2db9a524
dual_prototype,reference\upstream_snapshots\zhou_icf_mpc_model_error_decomposition_iter01\results\raw\mat\D02_id_step_model_error.mat,C:\Users\catkin\Documents\baseline_zhou\zhou_icf_mpc_dual_timescale_prototype_iter01\reference\upstream_snapshots\zhou_icf_mpc_model_error_decomposition_iter01\results\raw\mat\D02_id_step_model_error.mat,4056468,771414bd3e1b449ed5958071a9fc26021f904d6ec5e35622b9adbcff3617227e
dual_prototype,reference\upstream_snapshots\zhou_icf_mpc_model_error_decomposition_iter01\results\raw\mat\D03_id_iq_step_model_error.mat,C:\Users\catkin\Documents\baseline_zhou\zhou_icf_mpc_dual_timescale_prototype_iter01\reference\upstream_snapshots\zhou_icf_mpc_model_error_decomposition_iter01\results\raw\mat\D03_id_iq_step_model_error.mat,4135719,de60703106b198e46bdcea4fd15023250f6f956a43e6c30339287995e6cdab74
dual_prototype,reference\upstream_snapshots\zhou_icf_mpc_model_error_decomposition_iter01\results\raw\mat\D04_torque_ramp_model_error.mat,C:\Users\catkin\Documents\baseline_zhou\zhou_icf_mpc_dual_timescale_prototype_iter01\reference\upstream_snapshots\zhou_icf_mpc_model_error_decomposition_iter01\results\raw\mat\D04_torque_ramp_model_error.mat,4178407,893f86131e55f551037f2f8504e808d55ba5ac483c494a979107788eff3c7033
dual_prototype,reference\upstream_snapshots\zhou_icf_mpc_model_error_decomposition_iter01\results\raw\mat\D05_torque_step_model_error.mat,C:\Users\catkin\Documents\baseline_zhou\zhou_icf_mpc_dual_timescale_prototype_iter01\reference\upstream_snapshots\zhou_icf_mpc_model_error_decomposition_iter01\results\raw\mat\D05_torque_step_model_error.mat,2084119,13356c0c53e817f83887bde742cf52edb1c4bda5900b9bd45acc0ff1e65f0845
dual_prototype,reference\upstream_snapshots\zhou_icf_mpc_model_error_decomposition_iter01\results\raw\mat\P01_Ld_minus10_model_error.mat,C:\Users\catkin\Documents\baseline_zhou\zhou_icf_mpc_dual_timescale_prototype_iter01\reference\upstream_snapshots\zhou_icf_mpc_model_error_decomposition_iter01\results\raw\mat\P01_Ld_minus10_model_error.mat,4267721,96451740e20ae5cdd001235a5433dc728f632d85b847b3f7ebad3fa96605f9ed
dual_prototype,reference\upstream_snapshots\zhou_icf_mpc_model_error_decomposition_iter01\results\raw\mat\P02_Ld_plus10_model_error.mat,C:\Users\catkin\Documents\baseline_zhou\zhou_icf_mpc_dual_timescale_prototype_iter01\reference\upstream_snapshots\zhou_icf_mpc_model_error_decomposition_iter01\results\raw\mat\P02_Ld_plus10_model_error.mat,4255735,122a503730ea3843b359c219d1001c10e0e3d9fa5374adf2e0fd25211ac73709
dual_prototype,reference\upstream_snapshots\zhou_icf_mpc_model_error_decomposition_iter01\results\raw\mat\P03_Lq_minus10_model_error.mat,C:\Users\catkin\Documents\baseline_zhou\zhou_icf_mpc_dual_timescale_prototype_iter01\reference\upstream_snapshots\zhou_icf_mpc_model_error_decomposition_iter01\results\raw\mat\P03_Lq_minus10_model_error.mat,4244711,4a9a657d38bad1d1a38b50cc23535f52ab4f0a1f03b0bdd222556b9793bfac80
dual_prototype,reference\upstream_snapshots\zhou_icf_mpc_model_error_decomposition_iter01\results\raw\mat\P04_Lq_plus10_model_error.mat,C:\Users\catkin\Documents\baseline_zhou\zhou_icf_mpc_dual_timescale_prototype_iter01\reference\upstream_snapshots\zhou_icf_mpc_model_error_decomposition_iter01\results\raw\mat\P04_Lq_plus10_model_error.mat,4263747,7c6844d7a3b2ad0feffcf40f1fa2867529d3bd1bda46ebaf34326104b064a5e8
dual_prototype,reference\upstream_snapshots\zhou_icf_mpc_model_error_decomposition_iter01\results\raw\mat\P05_cross_mismatch_model_error.mat,C:\Users\catkin\Documents\baseline_zhou\zhou_icf_mpc_dual_timescale_prototype_iter01\reference\upstream_snapshots\zhou_icf_mpc_model_error_decomposition_iter01\results\raw\mat\P05_cross_mismatch_model_error.mat,4286295,441577bb0311684bfbe8656f5cd44015c61f8bee54edcd87dd63056fe1d9ab6b
dual_prototype,reference\upstream_snapshots\zhou_icf_mpc_model_error_decomposition_iter01\results\raw\mat\P06_controller_high_L_model_error.mat,C:\Users\catkin\Documents\baseline_zhou\zhou_icf_mpc_dual_timescale_prototype_iter01\reference\upstream_snapshots\zhou_icf_mpc_model_error_decomposition_iter01\results\raw\mat\P06_controller_high_L_model_error.mat,4288083,efa8dde92b4aea0e36b6748a7f3c14637c9e7c83cd8d633eb6bd4df8302a014d
dual_prototype,reference\upstream_snapshots\zhou_icf_mpc_model_error_decomposition_iter01\results\raw\mat\P07_controller_low_L_model_error.mat,C:\Users\catkin\Documents\baseline_zhou\zhou_icf_mpc_dual_timescale_prototype_iter01\reference\upstream_snapshots\zhou_icf_mpc_model_error_decomposition_iter01\results\raw\mat\P07_controller_low_L_model_error.mat,4304190,b01465b9937477a3647519476e36881b8fe5fa847d452062c2aedb5522d5f54f
dual_prototype,reference\upstream_snapshots\zhou_icf_mpc_model_error_decomposition_iter01\results\raw\mat\P08_opposed_20pct_model_error.mat,C:\Users\catkin\Documents\baseline_zhou\zhou_icf_mpc_dual_timescale_prototype_iter01\reference\upstream_snapshots\zhou_icf_mpc_model_error_decomposition_iter01\results\raw\mat\P08_opposed_20pct_model_error.mat,4308613,a586ed0bf1b402f592c3c2f9703b523e0be0a335a74e156d8b08db2a9f46f090
dual_prototype,reference\upstream_snapshots\zhou_icf_mpc_model_error_decomposition_iter01\results\raw\model_error_samples.csv,C:\Users\catkin\Documents\baseline_zhou\zhou_icf_mpc_dual_timescale_prototype_iter01\reference\upstream_snapshots\zhou_icf_mpc_model_error_decomposition_iter01\results\raw\model_error_samples.csv,57435751,4bb73a94e42669d40f3776a722f3c43c3861647f02c6fb8c477c62110051c592
dual_prototype,reference\upstream_snapshots\zhou_icf_mpc_model_error_decomposition_iter01\results\summary\audit_outcome.mat,C:\Users\catkin\Documents\baseline_zhou\zhou_icf_mpc_dual_timescale_prototype_iter01\reference\upstream_snapshots\zhou_icf_mpc_model_error_decomposition_iter01\results\summary\audit_outcome.mat,71544,4da25f05834900e2a955f7d2b1ae3e948e9db0046d72af0ef358b853cc78839d
dual_prototype,reference\upstream_snapshots\zhou_icf_mpc_model_error_decomposition_iter01\results\summary\baseline_comparison.csv,C:\Users\catkin\Documents\baseline_zhou\zhou_icf_mpc_dual_timescale_prototype_iter01\reference\upstream_snapshots\zhou_icf_mpc_model_error_decomposition_iter01\results\summary\baseline_comparison.csv,827,80cfa8222d358df1bb41ba7c2053fdf6c68b13deea9e6818038176fdcb1711a7
dual_prototype,reference\upstream_snapshots\zhou_icf_mpc_model_error_decomposition_iter01\results\summary\candidate_convergence_audit.csv,C:\Users\catkin\Documents\baseline_zhou\zhou_icf_mpc_dual_timescale_prototype_iter01\reference\upstream_snapshots\zhou_icf_mpc_model_error_decomposition_iter01\results\summary\candidate_convergence_audit.csv,1896,97e211ee1bd608b970d51a6a5df1c5c7286478de910e993722d91fe43296ddd6
dual_prototype,reference\upstream_snapshots\zhou_icf_mpc_model_error_decomposition_iter01\results\summary\case_classification.csv,C:\Users\catkin\Documents\baseline_zhou\zhou_icf_mpc_dual_timescale_prototype_iter01\reference\upstream_snapshots\zhou_icf_mpc_model_error_decomposition_iter01\results\summary\case_classification.csv,3501,f99dd72d1038b2f67f5210484e02a4907b1a0d4ec1f2aa47a97e73aca4e83d49
dual_prototype,reference\upstream_snapshots\zhou_icf_mpc_model_error_decomposition_iter01\results\summary\constraint_confusion_by_predictor.csv,C:\Users\catkin\Documents\baseline_zhou\zhou_icf_mpc_dual_timescale_prototype_iter01\reference\upstream_snapshots\zhou_icf_mpc_model_error_decomposition_iter01\results\summary\constraint_confusion_by_predictor.csv,43272,e252385e83fe92c25457a415a76791593a3afe69e62fe7bdaca4c2764e238ab6
dual_prototype,reference\upstream_snapshots\zhou_icf_mpc_model_error_decomposition_iter01\results\summary\error_source_contribution.csv,C:\Users\catkin\Documents\baseline_zhou\zhou_icf_mpc_dual_timescale_prototype_iter01\reference\upstream_snapshots\zhou_icf_mpc_model_error_decomposition_iter01\results\summary\error_source_contribution.csv,18869,60e5f5d15ee743207fe60489bb71c303044077c71bafceee07d7245f3b4a8174
dual_prototype,reference\upstream_snapshots\zhou_icf_mpc_model_error_decomposition_iter01\results\summary\final_decision.csv,C:\Users\catkin\Documents\baseline_zhou\zhou_icf_mpc_dual_timescale_prototype_iter01\reference\upstream_snapshots\zhou_icf_mpc_model_error_decomposition_iter01\results\summary\final_decision.csv,1336,223ae671d377113d8ea8839efec6f9fd51487c38718bcd2d281059fb344acbc3
dual_prototype,reference\upstream_snapshots\zhou_icf_mpc_model_error_decomposition_iter01\results\summary\last_run_outcome.mat,C:\Users\catkin\Documents\baseline_zhou\zhou_icf_mpc_dual_timescale_prototype_iter01\reference\upstream_snapshots\zhou_icf_mpc_model_error_decomposition_iter01\results\summary\last_run_outcome.mat,6931,9f23220fc37c579c8bd82f2a48a0e2647675f5851cb24214999c55303ccaef83
dual_prototype,reference\upstream_snapshots\zhou_icf_mpc_model_error_decomposition_iter01\results\summary\predictor_assertion_audit.csv,C:\Users\catkin\Documents\baseline_zhou\zhou_icf_mpc_dual_timescale_prototype_iter01\reference\upstream_snapshots\zhou_icf_mpc_model_error_decomposition_iter01\results\summary\predictor_assertion_audit.csv,2895,1ec64b9263bb7ed4c387949e9776031979426ca790dd87bb80787eb29c3217a1
dual_prototype,reference\upstream_snapshots\zhou_icf_mpc_model_error_decomposition_iter01\results\summary\predictor_candidate_comparison.csv,C:\Users\catkin\Documents\baseline_zhou\zhou_icf_mpc_dual_timescale_prototype_iter01\reference\upstream_snapshots\zhou_icf_mpc_model_error_decomposition_iter01\results\summary\predictor_candidate_comparison.csv,88080,f054805eab8ddedb4f26f36200f64062f326ad8a9ca7589f79b215a082a46ad4
dual_prototype,reference\upstream_snapshots\zhou_icf_mpc_model_error_decomposition_iter01\results\summary\predictor_metrics.csv,C:\Users\catkin\Documents\baseline_zhou\zhou_icf_mpc_dual_timescale_prototype_iter01\reference\upstream_snapshots\zhou_icf_mpc_model_error_decomposition_iter01\results\summary\predictor_metrics.csv,125224,725cca63b7db2fe5f744cd38a8a5299fbc247ba9b6516a0acaf18bdef4b76dcd
dual_prototype,reference\upstream_snapshots\zhou_icf_mpc_model_error_decomposition_iter01\results\summary\repeatability_check.csv,C:\Users\catkin\Documents\baseline_zhou\zhou_icf_mpc_dual_timescale_prototype_iter01\reference\upstream_snapshots\zhou_icf_mpc_model_error_decomposition_iter01\results\summary\repeatability_check.csv,369,20e2241db930f73806580be515074cf581eb6b2514600c244ae55f90ff628633
dual_prototype,reference\upstream_snapshots\zhou_icf_mpc_model_error_decomposition_iter01\results\summary\residual_spectrum.csv,C:\Users\catkin\Documents\baseline_zhou\zhou_icf_mpc_dual_timescale_prototype_iter01\reference\upstream_snapshots\zhou_icf_mpc_model_error_decomposition_iter01\results\summary\residual_spectrum.csv,105812,5ac25182e3fe28e9661276a15237a2bd87e6ed97a7287bb0e55ce79f7bbf5e65
dual_prototype,reference\upstream_snapshots\zhou_icf_mpc_model_error_decomposition_iter01\results\summary\residual_state_correlations.csv,C:\Users\catkin\Documents\baseline_zhou\zhou_icf_mpc_dual_timescale_prototype_iter01\reference\upstream_snapshots\zhou_icf_mpc_model_error_decomposition_iter01\results\summary\residual_state_correlations.csv,614091,8755e4c52a7e91d677582135ff3920e6e7ad675a93479510e9875e94acfd49c3
dual_prototype,reference\upstream_snapshots\zhou_icf_mpc_model_error_decomposition_iter01\results\summary\simulation_case_summary.csv,C:\Users\catkin\Documents\baseline_zhou\zhou_icf_mpc_dual_timescale_prototype_iter01\reference\upstream_snapshots\zhou_icf_mpc_model_error_decomposition_iter01\results\summary\simulation_case_summary.csv,3501,f99dd72d1038b2f67f5210484e02a4907b1a0d4ec1f2aa47a97e73aca4e83d49
dual_prototype,reference\upstream_snapshots\zhou_icf_mpc_model_error_decomposition_iter01\RUN_AND_REPRODUCE.md,C:\Users\catkin\Documents\baseline_zhou\zhou_icf_mpc_dual_timescale_prototype_iter01\reference\upstream_snapshots\zhou_icf_mpc_model_error_decomposition_iter01\RUN_AND_REPRODUCE.md,2063,179633a29940a2059e023a6a39a0ec73b96db4d1311ceb2183e8dcaf709550af
dual_prototype,reference\upstream_snapshots\zhou_icf_mpc_model_error_decomposition_iter01\run_model_error_decomposition.m,C:\Users\catkin\Documents\baseline_zhou\zhou_icf_mpc_dual_timescale_prototype_iter01\reference\upstream_snapshots\zhou_icf_mpc_model_error_decomposition_iter01\run_model_error_decomposition.m,1849,51f3b2af3a153aa23592a4892cc09036d6200b0ea01004eb4aa45bbcb9737a4d
dual_prototype,reference\upstream_snapshots\zhou_icf_mpc_model_error_decomposition_iter01\SOURCE_PROJECTS.csv,C:\Users\catkin\Documents\baseline_zhou\zhou_icf_mpc_dual_timescale_prototype_iter01\reference\upstream_snapshots\zhou_icf_mpc_model_error_decomposition_iter01\SOURCE_PROJECTS.csv,980,afa11ab53b9c2299f7ce997e13152c897a21edd08d03a363a4db8ff687be8dc2
dual_prototype,reference\upstream_snapshots\zhou_icf_mpc_model_error_decomposition_iter01\SOURCE_SHA256_AFTER.csv,C:\Users\catkin\Documents\baseline_zhou\zhou_icf_mpc_dual_timescale_prototype_iter01\reference\upstream_snapshots\zhou_icf_mpc_model_error_decomposition_iter01\SOURCE_SHA256_AFTER.csv,593046,c33085deb5b37fec99b0e58400ef9523d9d19341b1acb678a819f0c095ba4b89
dual_prototype,reference\upstream_snapshots\zhou_icf_mpc_model_error_decomposition_iter01\SOURCE_SHA256_BEFORE.csv,C:\Users\catkin\Documents\baseline_zhou\zhou_icf_mpc_dual_timescale_prototype_iter01\reference\upstream_snapshots\zhou_icf_mpc_model_error_decomposition_iter01\SOURCE_SHA256_BEFORE.csv,593046,c33085deb5b37fec99b0e58400ef9523d9d19341b1acb678a819f0c095ba4b89
dual_prototype,reference\upstream_snapshots\zhou_icf_mpc_model_error_decomposition_iter01\src\+zhou_feasibility\apply_feasibility_layer.m,C:\Users\catkin\Documents\baseline_zhou\zhou_icf_mpc_dual_timescale_prototype_iter01\reference\upstream_snapshots\zhou_icf_mpc_model_error_decomposition_iter01\src\+zhou_feasibility\apply_feasibility_layer.m,6291,ee32529a7ff3c0d93d9795eb5e90ddc377124c16f75c057286b0e694859dbe44
dual_prototype,reference\upstream_snapshots\zhou_icf_mpc_model_error_decomposition_iter01\src\+zhou_feasibility\audit_original_illegal_cycles.m,C:\Users\catkin\Documents\baseline_zhou\zhou_icf_mpc_dual_timescale_prototype_iter01\reference\upstream_snapshots\zhou_icf_mpc_model_error_decomposition_iter01\src\+zhou_feasibility\audit_original_illegal_cycles.m,4268,0536d1a906b1e2b428e1fab637d8e0337b0ca4eaf6f00045e94ff40807c9341b
dual_prototype,reference\upstream_snapshots\zhou_icf_mpc_model_error_decomposition_iter01\src\+zhou_feasibility\compare_pointwise_runs.m,C:\Users\catkin\Documents\baseline_zhou\zhou_icf_mpc_dual_timescale_prototype_iter01\reference\upstream_snapshots\zhou_icf_mpc_model_error_decomposition_iter01\src\+zhou_feasibility\compare_pointwise_runs.m,6173,787d7f9419f1b6d23d2ad22cbb5f2e4e7ed90e5018086f753801f305224efff3
dual_prototype,reference\upstream_snapshots\zhou_icf_mpc_model_error_decomposition_iter01\src\+zhou_feasibility\generate_manifests.m,C:\Users\catkin\Documents\baseline_zhou\zhou_icf_mpc_dual_timescale_prototype_iter01\reference\upstream_snapshots\zhou_icf_mpc_model_error_decomposition_iter01\src\+zhou_feasibility\generate_manifests.m,3186,4060ade6d4c347dc153d26ec4016366b46e132f2488518085cbd8408f5370444
dual_prototype,reference\upstream_snapshots\zhou_icf_mpc_model_error_decomposition_iter01\src\+zhou_feasibility\generate_plots.m,C:\Users\catkin\Documents\baseline_zhou\zhou_icf_mpc_dual_timescale_prototype_iter01\reference\upstream_snapshots\zhou_icf_mpc_model_error_decomposition_iter01\src\+zhou_feasibility\generate_plots.m,21737,e661a6d08013e929af692bbbcbadffa8dd00fcc573bad63dbebdb457a0781301
dual_prototype,reference\upstream_snapshots\zhou_icf_mpc_model_error_decomposition_iter01\src\+zhou_feasibility\generate_reports.m,C:\Users\catkin\Documents\baseline_zhou\zhou_icf_mpc_dual_timescale_prototype_iter01\reference\upstream_snapshots\zhou_icf_mpc_model_error_decomposition_iter01\src\+zhou_feasibility\generate_reports.m,15345,c892d6a827da7539250113e930b11fe2412ca2e7abc3a5c9afc47bc85798680c
dual_prototype,reference\upstream_snapshots\zhou_icf_mpc_model_error_decomposition_iter01\src\+zhou_feasibility\minimum_normalized_constraint_violation_in_hexagon.m,C:\Users\catkin\Documents\baseline_zhou\zhou_icf_mpc_dual_timescale_prototype_iter01\reference\upstream_snapshots\zhou_icf_mpc_model_error_decomposition_iter01\src\+zhou_feasibility\minimum_normalized_constraint_violation_in_hexagon.m,2452,c8861a78ee061e110b7e1468e11d255ca702f2c85870acb7ad220a859de60af6
dual_prototype,reference\upstream_snapshots\zhou_icf_mpc_model_error_decomposition_iter01\src\+zhou_feasibility\nearest_point_in_rectangle_hexagon_intersection.m,C:\Users\catkin\Documents\baseline_zhou\zhou_icf_mpc_dual_timescale_prototype_iter01\reference\upstream_snapshots\zhou_icf_mpc_model_error_decomposition_iter01\src\+zhou_feasibility\nearest_point_in_rectangle_hexagon_intersection.m,1860,0cc04e191aa6ca56362975fafc9843f42404f91a00a3544824ef79f6f228f0e6
dual_prototype,reference\upstream_snapshots\zhou_icf_mpc_model_error_decomposition_iter01\src\+zhou_feasibility\point_in_hexagon.m,C:\Users\catkin\Documents\baseline_zhou\zhou_icf_mpc_dual_timescale_prototype_iter01\reference\upstream_snapshots\zhou_icf_mpc_model_error_decomposition_iter01\src\+zhou_feasibility\point_in_hexagon.m,1935,16b38f68b40858e8c440d964a5fc89a1f59313950fb6f8eee76a04fc93a8b6a3
dual_prototype,reference\upstream_snapshots\zhou_icf_mpc_model_error_decomposition_iter01\src\+zhou_feasibility\project_point_to_polygon.m,C:\Users\catkin\Documents\baseline_zhou\zhou_icf_mpc_dual_timescale_prototype_iter01\reference\upstream_snapshots\zhou_icf_mpc_model_error_decomposition_iter01\src\+zhou_feasibility\project_point_to_polygon.m,2488,a358e2d2e94f9347699f2c1f7eeb19aafd0ee3a884d6074db80bad885168a06e
dual_prototype,reference\upstream_snapshots\zhou_icf_mpc_model_error_decomposition_iter01\src\+zhou_feasibility\rectangle_hexagon_intersection.m,C:\Users\catkin\Documents\baseline_zhou\zhou_icf_mpc_dual_timescale_prototype_iter01\reference\upstream_snapshots\zhou_icf_mpc_model_error_decomposition_iter01\src\+zhou_feasibility\rectangle_hexagon_intersection.m,4168,856630c7d9ea73df97c41536d4941faddcc8964996b430a8325b52026cf54982
dual_prototype,reference\upstream_snapshots\zhou_icf_mpc_model_error_decomposition_iter01\src\+zhou_feasibility\run_campaign.m,C:\Users\catkin\Documents\baseline_zhou\zhou_icf_mpc_dual_timescale_prototype_iter01\reference\upstream_snapshots\zhou_icf_mpc_model_error_decomposition_iter01\src\+zhou_feasibility\run_campaign.m,7436,8f80044f8a23d0d40bbed8ce91eeb12637aff79229596f159538c2b6b8f2344d
dual_prototype,reference\upstream_snapshots\zhou_icf_mpc_model_error_decomposition_iter01\src\+zhou_feasibility\run_control_case.m,C:\Users\catkin\Documents\baseline_zhou\zhou_icf_mpc_dual_timescale_prototype_iter01\reference\upstream_snapshots\zhou_icf_mpc_model_error_decomposition_iter01\src\+zhou_feasibility\run_control_case.m,20436,462d15f088a3546cf715ff03bc825bee0eb1a58ac83d1327276745fdcabf27e9
dual_prototype,reference\upstream_snapshots\zhou_icf_mpc_model_error_decomposition_iter01\src\+zhou_feasibility\run_p0_strict_regression.m,C:\Users\catkin\Documents\baseline_zhou\zhou_icf_mpc_dual_timescale_prototype_iter01\reference\upstream_snapshots\zhou_icf_mpc_model_error_decomposition_iter01\src\+zhou_feasibility\run_p0_strict_regression.m,2410,3becb442afbda5a14e99b660536c1d9a6f7e1ee04306c290b21f3442001a70ac
dual_prototype,reference\upstream_snapshots\zhou_icf_mpc_model_error_decomposition_iter01\src\+zhou_feasibility\synthesize_feasible_three_vector_command.m,C:\Users\catkin\Documents\baseline_zhou\zhou_icf_mpc_dual_timescale_prototype_iter01\reference\upstream_snapshots\zhou_icf_mpc_model_error_decomposition_iter01\src\+zhou_feasibility\synthesize_feasible_three_vector_command.m,2742,efeda7963650f65298a9ce875bea2205a14487527a8938bf3b2da098c6a62b7c
dual_prototype,reference\upstream_snapshots\zhou_icf_mpc_model_error_decomposition_iter01\src\+zhou_feasibility\voltage_feasibility.m,C:\Users\catkin\Documents\baseline_zhou\zhou_icf_mpc_dual_timescale_prototype_iter01\reference\upstream_snapshots\zhou_icf_mpc_model_error_decomposition_iter01\src\+zhou_feasibility\voltage_feasibility.m,8385,b0d780e13c8e2387970d9643620c7b2ef749a3100831f63a0fdc3b3056b944f4
dual_prototype,reference\upstream_snapshots\zhou_icf_mpc_model_error_decomposition_iter01\src\+zhou_ipmsm\+baseline\fcs_mpcc_step.m,C:\Users\catkin\Documents\baseline_zhou\zhou_icf_mpc_dual_timescale_prototype_iter01\reference\upstream_snapshots\zhou_icf_mpc_model_error_decomposition_iter01\src\+zhou_ipmsm\+baseline\fcs_mpcc_step.m,3427,50b3bbd7a876df2b06b95963243f81d0e8f40d30e8f46126395e2d17ffa17142
dual_prototype,reference\upstream_snapshots\zhou_icf_mpc_model_error_decomposition_iter01\src\+zhou_ipmsm\+controller\compute_V_terms.m,C:\Users\catkin\Documents\baseline_zhou\zhou_icf_mpc_dual_timescale_prototype_iter01\reference\upstream_snapshots\zhou_icf_mpc_model_error_decomposition_iter01\src\+zhou_ipmsm\+controller\compute_V_terms.m,200,7ad68159a48c0c5e1637e5adbdcb585619ffd288709e40d6579c9e8771a01be0
dual_prototype,reference\upstream_snapshots\zhou_icf_mpc_model_error_decomposition_iter01\src\+zhou_ipmsm\+controller\costs_from_voltage.m,C:\Users\catkin\Documents\baseline_zhou\zhou_icf_mpc_dual_timescale_prototype_iter01\reference\upstream_snapshots\zhou_icf_mpc_model_error_decomposition_iter01\src\+zhou_ipmsm\+controller\costs_from_voltage.m,285,4d2339a4d1a94a99ff77bbbed360e1899ea01bdbb22e2f49095850caa18c8422
dual_prototype,reference\upstream_snapshots\zhou_icf_mpc_model_error_decomposition_iter01\src\+zhou_ipmsm\+controller\estimate_F.m,C:\Users\catkin\Documents\baseline_zhou\zhou_icf_mpc_dual_timescale_prototype_iter01\reference\upstream_snapshots\zhou_icf_mpc_model_error_decomposition_iter01\src\+zhou_ipmsm\+controller\estimate_F.m,800,dcd0e71be0a20b55abea40bedf57928656404048754f2594336bc75b0673b809
dual_prototype,reference\upstream_snapshots\zhou_icf_mpc_model_error_decomposition_iter01\src\+zhou_ipmsm\+controller\estimate_F_algebraic.m,C:\Users\catkin\Documents\baseline_zhou\zhou_icf_mpc_dual_timescale_prototype_iter01\reference\upstream_snapshots\zhou_icf_mpc_model_error_decomposition_iter01\src\+zhou_ipmsm\+controller\estimate_F_algebraic.m,1117,9748477077f783ea155e4567315783c7891c80e8cd718ea63752f38e0d67a137
dual_prototype,reference\upstream_snapshots\zhou_icf_mpc_model_error_decomposition_iter01\src\+zhou_ipmsm\+controller\icf_mpc_step.m,C:\Users\catkin\Documents\baseline_zhou\zhou_icf_mpc_dual_timescale_prototype_iter01\reference\upstream_snapshots\zhou_icf_mpc_model_error_decomposition_iter01\src\+zhou_ipmsm\+controller\icf_mpc_step.m,3474,d04ae3ba06a20d2f12a125ddfcc55bdbf2fb12a7c06158b68a2f1401e385a219
dual_prototype,reference\upstream_snapshots\zhou_icf_mpc_model_error_decomposition_iter01\src\+zhou_ipmsm\+controller\independent_costs.m,C:\Users\catkin\Documents\baseline_zhou\zhou_icf_mpc_dual_timescale_prototype_iter01\reference\upstream_snapshots\zhou_icf_mpc_model_error_decomposition_iter01\src\+zhou_ipmsm\+controller\independent_costs.m,205,8cb1f8490e2f45717b279881065fd69d631673761c1115044a7df24ce55953b8
dual_prototype,reference\upstream_snapshots\zhou_icf_mpc_model_error_decomposition_iter01\src\+zhou_ipmsm\+controller\predict_k1.m,C:\Users\catkin\Documents\baseline_zhou\zhou_icf_mpc_dual_timescale_prototype_iter01\reference\upstream_snapshots\zhou_icf_mpc_model_error_decomposition_iter01\src\+zhou_ipmsm\+controller\predict_k1.m,258,b7cbcf472d17a43ffc7f3b68ff2fb600b897eb85a16a5dcd75c060352998e10a
dual_prototype,reference\upstream_snapshots\zhou_icf_mpc_model_error_decomposition_iter01\src\+zhou_ipmsm\+controller\predict_k2.m,C:\Users\catkin\Documents\baseline_zhou\zhou_icf_mpc_dual_timescale_prototype_iter01\reference\upstream_snapshots\zhou_icf_mpc_model_error_decomposition_iter01\src\+zhou_ipmsm\+controller\predict_k2.m,230,dfbf9d72607feb3dfe5c92163f1cb8a2559722a94c599d42acb70c49123b9e6c
dual_prototype,reference\upstream_snapshots\zhou_icf_mpc_model_error_decomposition_iter01\src\+zhou_ipmsm\+controller\sequence_equivalent_dq_voltage.m,C:\Users\catkin\Documents\baseline_zhou\zhou_icf_mpc_dual_timescale_prototype_iter01\reference\upstream_snapshots\zhou_icf_mpc_model_error_decomposition_iter01\src\+zhou_ipmsm\+controller\sequence_equivalent_dq_voltage.m,649,99c065843fe85b52bc0774c8f5dd5edd8e54f605dd8a89e615cbdc251b180189
dual_prototype,reference\upstream_snapshots\zhou_icf_mpc_model_error_decomposition_iter01\src\+zhou_ipmsm\+geometry\active_lines.m,C:\Users\catkin\Documents\baseline_zhou\zhou_icf_mpc_dual_timescale_prototype_iter01\reference\upstream_snapshots\zhou_icf_mpc_model_error_decomposition_iter01\src\+zhou_ipmsm\+geometry\active_lines.m,308,7743083d48974f78e1224355029b9a91b3ce558774d202e82f5d3465079229e1
dual_prototype,reference\upstream_snapshots\zhou_icf_mpc_model_error_decomposition_iter01\src\+zhou_ipmsm\+geometry\analyze_rectangle.m,C:\Users\catkin\Documents\baseline_zhou\zhou_icf_mpc_dual_timescale_prototype_iter01\reference\upstream_snapshots\zhou_icf_mpc_model_error_decomposition_iter01\src\+zhou_ipmsm\+geometry\analyze_rectangle.m,2992,6356974cf88eabc765266c7e6152f8e5bedc3caf3eb770005dd6846ae1969a65
dual_prototype,reference\upstream_snapshots\zhou_icf_mpc_model_error_decomposition_iter01\src\+zhou_ipmsm\+geometry\build_rectangle.m,C:\Users\catkin\Documents\baseline_zhou\zhou_icf_mpc_dual_timescale_prototype_iter01\reference\upstream_snapshots\zhou_icf_mpc_model_error_decomposition_iter01\src\+zhou_ipmsm\+geometry\build_rectangle.m,3231,5fd8ded2eef91766d45a4ba981666b907f97f173aed12ddc598a653b727371a6
dual_prototype,reference\upstream_snapshots\zhou_icf_mpc_model_error_decomposition_iter01\src\+zhou_ipmsm\+geometry\case2_midpoint.m,C:\Users\catkin\Documents\baseline_zhou\zhou_icf_mpc_dual_timescale_prototype_iter01\reference\upstream_snapshots\zhou_icf_mpc_model_error_decomposition_iter01\src\+zhou_ipmsm\+geometry\case2_midpoint.m,4228,7bfe0d53a4dc9b9a78baa222a25e646b66e61168d058f1d30c6274a69651c9fc
dual_prototype,reference\upstream_snapshots\zhou_icf_mpc_model_error_decomposition_iter01\src\+zhou_ipmsm\+geometry\classify_case.m,C:\Users\catkin\Documents\baseline_zhou\zhou_icf_mpc_dual_timescale_prototype_iter01\reference\upstream_snapshots\zhou_icf_mpc_model_error_decomposition_iter01\src\+zhou_ipmsm\+geometry\classify_case.m,1244,a5803066f0dddd99cd6579132a93555ba86aea254544eb8fa9fcb280636c9584
dual_prototype,reference\upstream_snapshots\zhou_icf_mpc_model_error_decomposition_iter01\src\+zhou_ipmsm\+geometry\line_rectangle_intersections.m,C:\Users\catkin\Documents\baseline_zhou\zhou_icf_mpc_dual_timescale_prototype_iter01\reference\upstream_snapshots\zhou_icf_mpc_model_error_decomposition_iter01\src\+zhou_ipmsm\+geometry\line_rectangle_intersections.m,2591,43d3578151690eba60bb832b66ebc0525a9569757bc24528b83900e98c46cdec
dual_prototype,reference\upstream_snapshots\zhou_icf_mpc_model_error_decomposition_iter01\src\+zhou_ipmsm\+geometry\line_side_signature.m,C:\Users\catkin\Documents\baseline_zhou\zhou_icf_mpc_dual_timescale_prototype_iter01\reference\upstream_snapshots\zhou_icf_mpc_model_error_decomposition_iter01\src\+zhou_ipmsm\+geometry\line_side_signature.m,881,4ca4e716f7f56704f38d04f37d6e8289445117071b19ac7e6f283403fba2e6b0
dual_prototype,reference\upstream_snapshots\zhou_icf_mpc_model_error_decomposition_iter01\src\+zhou_ipmsm\+geometry\point_in_rectangle.m,C:\Users\catkin\Documents\baseline_zhou\zhou_icf_mpc_dual_timescale_prototype_iter01\reference\upstream_snapshots\zhou_icf_mpc_model_error_decomposition_iter01\src\+zhou_ipmsm\+geometry\point_in_rectangle.m,482,55ca18580ab8834a329e4cce0a37b5b45ae93023f3a347c8131a1aac626dda1a
dual_prototype,reference\upstream_snapshots\zhou_icf_mpc_model_error_decomposition_iter01\src\+zhou_ipmsm\+geometry\sector_of_point.m,C:\Users\catkin\Documents\baseline_zhou\zhou_icf_mpc_dual_timescale_prototype_iter01\reference\upstream_snapshots\zhou_icf_mpc_model_error_decomposition_iter01\src\+zhou_ipmsm\+geometry\sector_of_point.m,727,e5b95ccf541732e28cbda8e4c9cb8d367be6a24e6bd18b17f502086db9e3668f
dual_prototype,reference\upstream_snapshots\zhou_icf_mpc_model_error_decomposition_iter01\src\+zhou_ipmsm\+geometry\select_savv.m,C:\Users\catkin\Documents\baseline_zhou\zhou_icf_mpc_dual_timescale_prototype_iter01\reference\upstream_snapshots\zhou_icf_mpc_model_error_decomposition_iter01\src\+zhou_ipmsm\+geometry\select_savv.m,3292,406ec353b3d3bb0622b2bfec6295a822f3568676b418002273fcb09b98dfb629
dual_prototype,reference\upstream_snapshots\zhou_icf_mpc_model_error_decomposition_iter01\src\+zhou_ipmsm\+inverter\count_sequence_transitions.m,C:\Users\catkin\Documents\baseline_zhou\zhou_icf_mpc_dual_timescale_prototype_iter01\reference\upstream_snapshots\zhou_icf_mpc_model_error_decomposition_iter01\src\+zhou_ipmsm\+inverter\count_sequence_transitions.m,358,9b3f690901a85f8c6a47aa4af7b849b1f7a3c833e5e63520e475f90ed2cd44ae
dual_prototype,reference\upstream_snapshots\zhou_icf_mpc_model_error_decomposition_iter01\src\+zhou_ipmsm\+inverter\deadtime_voltage_error.m,C:\Users\catkin\Documents\baseline_zhou\zhou_icf_mpc_dual_timescale_prototype_iter01\reference\upstream_snapshots\zhou_icf_mpc_model_error_decomposition_iter01\src\+zhou_ipmsm\+inverter\deadtime_voltage_error.m,2135,133a67ebc066eda3f9faf0655d6af37e17897556a9282d2fc662424f03554ee9
dual_prototype,reference\upstream_snapshots\zhou_icf_mpc_model_error_decomposition_iter01\src\+zhou_ipmsm\+inverter\voltage_vectors.m,C:\Users\catkin\Documents\baseline_zhou\zhou_icf_mpc_dual_timescale_prototype_iter01\reference\upstream_snapshots\zhou_icf_mpc_model_error_decomposition_iter01\src\+zhou_ipmsm\+inverter\voltage_vectors.m,806,2e5aa4ca358ce59f137e2241b9ec4e5015660ff1554cbeddc24a113466b0a8ec
dual_prototype,reference\upstream_snapshots\zhou_icf_mpc_model_error_decomposition_iter01\src\+zhou_ipmsm\+io\append_standard_tables.m,C:\Users\catkin\Documents\baseline_zhou\zhou_icf_mpc_dual_timescale_prototype_iter01\reference\upstream_snapshots\zhou_icf_mpc_model_error_decomposition_iter01\src\+zhou_ipmsm\+io\append_standard_tables.m,853,f3c4942ee85e3cf13c73976a34344023687e0a36fbe8348012c646754ff508ce
dual_prototype,reference\upstream_snapshots\zhou_icf_mpc_model_error_decomposition_iter01\src\+zhou_ipmsm\+io\append_text.m,C:\Users\catkin\Documents\baseline_zhou\zhou_icf_mpc_dual_timescale_prototype_iter01\reference\upstream_snapshots\zhou_icf_mpc_model_error_decomposition_iter01\src\+zhou_ipmsm\+io\append_text.m,422,fd20f633eb0e4bf0d02e98c7e3c7f8dd8f42cc5719e7f431f35aa368ba4df0c5
dual_prototype,reference\upstream_snapshots\zhou_icf_mpc_model_error_decomposition_iter01\src\+zhou_ipmsm\+io\create_run_context.m,C:\Users\catkin\Documents\baseline_zhou\zhou_icf_mpc_dual_timescale_prototype_iter01\reference\upstream_snapshots\zhou_icf_mpc_model_error_decomposition_iter01\src\+zhou_ipmsm\+io\create_run_context.m,2277,7cdfea19e54cb38e12a4f5f8dab67684c1a11690cf565ba93a6b622efe190812
dual_prototype,reference\upstream_snapshots\zhou_icf_mpc_model_error_decomposition_iter01\src\+zhou_ipmsm\+io\file_sha256.m,C:\Users\catkin\Documents\baseline_zhou\zhou_icf_mpc_dual_timescale_prototype_iter01\reference\upstream_snapshots\zhou_icf_mpc_model_error_decomposition_iter01\src\+zhou_ipmsm\+io\file_sha256.m,520,85c98a0918c6e4292047de9feb8a8ebad71bb38fb42e9ae4239121f933786f15
dual_prototype,reference\upstream_snapshots\zhou_icf_mpc_model_error_decomposition_iter01\src\+zhou_ipmsm\+io\write_code_manifest.m,C:\Users\catkin\Documents\baseline_zhou\zhou_icf_mpc_dual_timescale_prototype_iter01\reference\upstream_snapshots\zhou_icf_mpc_model_error_decomposition_iter01\src\+zhou_ipmsm\+io\write_code_manifest.m,1421,61e5f3b6b82bbd0f3de4d0ed5a02c9ba9a9ae73d0340664127b0343a10e76f25
dual_prototype,reference\upstream_snapshots\zhou_icf_mpc_model_error_decomposition_iter01\src\+zhou_ipmsm\+io\write_or_append_table.m,C:\Users\catkin\Documents\baseline_zhou\zhou_icf_mpc_dual_timescale_prototype_iter01\reference\upstream_snapshots\zhou_icf_mpc_model_error_decomposition_iter01\src\+zhou_ipmsm\+io\write_or_append_table.m,786,ed39228e60c546f4904d72ea71576522962f9650e0a200009534e712d13788cb
dual_prototype,reference\upstream_snapshots\zhou_icf_mpc_model_error_decomposition_iter01\src\+zhou_ipmsm\+io\write_text_new.m,C:\Users\catkin\Documents\baseline_zhou\zhou_icf_mpc_dual_timescale_prototype_iter01\reference\upstream_snapshots\zhou_icf_mpc_model_error_decomposition_iter01\src\+zhou_ipmsm\+io\write_text_new.m,436,fafb82f05b30ff77d7d57832126a22641443fd735a4d4eff836fac0b5d4d32ed
dual_prototype,reference\upstream_snapshots\zhou_icf_mpc_model_error_decomposition_iter01\src\+zhou_ipmsm\+math\inv_park.m,C:\Users\catkin\Documents\baseline_zhou\zhou_icf_mpc_dual_timescale_prototype_iter01\reference\upstream_snapshots\zhou_icf_mpc_model_error_decomposition_iter01\src\+zhou_ipmsm\+math\inv_park.m,189,bbf722e017f6480537cd7cb4fde649323d5344428911d6a2bbfb933644e56854
dual_prototype,reference\upstream_snapshots\zhou_icf_mpc_model_error_decomposition_iter01\src\+zhou_ipmsm\+math\park.m,C:\Users\catkin\Documents\baseline_zhou\zhou_icf_mpc_dual_timescale_prototype_iter01\reference\upstream_snapshots\zhou_icf_mpc_model_error_decomposition_iter01\src\+zhou_ipmsm\+math\park.m,187,36d1e543a6df50691c4b262bcf3e50d92a7f8426a1acab5706cdc49428d366ae
dual_prototype,reference\upstream_snapshots\zhou_icf_mpc_model_error_decomposition_iter01\src\+zhou_ipmsm\+metrics\case_statistics_table.m,C:\Users\catkin\Documents\baseline_zhou\zhou_icf_mpc_dual_timescale_prototype_iter01\reference\upstream_snapshots\zhou_icf_mpc_model_error_decomposition_iter01\src\+zhou_ipmsm\+metrics\case_statistics_table.m,570,ee946f50ef046891a07cf76aa8e079934e9e8fcb559986a7dc7aebcac346ee58
dual_prototype,reference\upstream_snapshots\zhou_icf_mpc_model_error_decomposition_iter01\src\+zhou_ipmsm\+metrics\constraint_violations_table.m,C:\Users\catkin\Documents\baseline_zhou\zhou_icf_mpc_dual_timescale_prototype_iter01\reference\upstream_snapshots\zhou_icf_mpc_model_error_decomposition_iter01\src\+zhou_ipmsm\+metrics\constraint_violations_table.m,1354,730dc8fa332498aa45214b1572f4abbeccaaf008e3e82a7406a60cf0257dffcf
dual_prototype,reference\upstream_snapshots\zhou_icf_mpc_model_error_decomposition_iter01\src\+zhou_ipmsm\+metrics\phase_thd.m,C:\Users\catkin\Documents\baseline_zhou\zhou_icf_mpc_dual_timescale_prototype_iter01\reference\upstream_snapshots\zhou_icf_mpc_model_error_decomposition_iter01\src\+zhou_ipmsm\+metrics\phase_thd.m,708,19e430b6a50eff55663f694583f9079f60bb63ea24195fceedc5a57e5fa4b8a1
dual_prototype,reference\upstream_snapshots\zhou_icf_mpc_model_error_decomposition_iter01\src\+zhou_ipmsm\+metrics\phase_thd_total_rms.m,C:\Users\catkin\Documents\baseline_zhou\zhou_icf_mpc_dual_timescale_prototype_iter01\reference\upstream_snapshots\zhou_icf_mpc_model_error_decomposition_iter01\src\+zhou_ipmsm\+metrics\phase_thd_total_rms.m,859,92bfdafc59020226c3d54f65304d9e2a6184c1ddccf9705b1356ba5e940791de
dual_prototype,reference\upstream_snapshots\zhou_icf_mpc_model_error_decomposition_iter01\src\+zhou_ipmsm\+metrics\summarize_simulation.m,C:\Users\catkin\Documents\baseline_zhou\zhou_icf_mpc_dual_timescale_prototype_iter01\reference\upstream_snapshots\zhou_icf_mpc_model_error_decomposition_iter01\src\+zhou_ipmsm\+metrics\summarize_simulation.m,4271,01490265c80b717b1ed95d4b1d2f16215d11039a91622bd8d6238d7706d6c3e2
dual_prototype,reference\upstream_snapshots\zhou_icf_mpc_model_error_decomposition_iter01\src\+zhou_ipmsm\+metrics\summary_to_long_table.m,C:\Users\catkin\Documents\baseline_zhou\zhou_icf_mpc_dual_timescale_prototype_iter01\reference\upstream_snapshots\zhou_icf_mpc_model_error_decomposition_iter01\src\+zhou_ipmsm\+metrics\summary_to_long_table.m,2181,0c800cdd6ae6571dbd47c4486c9b2f4abb83315a7d7aa4d816604184656b9fd2
dual_prototype,reference\upstream_snapshots\zhou_icf_mpc_model_error_decomposition_iter01\src\+zhou_ipmsm\+model\electromagnetic_torque.m,C:\Users\catkin\Documents\baseline_zhou\zhou_icf_mpc_dual_timescale_prototype_iter01\reference\upstream_snapshots\zhou_icf_mpc_model_error_decomposition_iter01\src\+zhou_ipmsm\+model\electromagnetic_torque.m,685,a12504a93bf09a578b3dd8e0f66e2f47c1760765acaeea4911ac4c679269e492
dual_prototype,reference\upstream_snapshots\zhou_icf_mpc_model_error_decomposition_iter01\src\+zhou_ipmsm\+model\integrate_command.m,C:\Users\catkin\Documents\baseline_zhou\zhou_icf_mpc_dual_timescale_prototype_iter01\reference\upstream_snapshots\zhou_icf_mpc_model_error_decomposition_iter01\src\+zhou_ipmsm\+model\integrate_command.m,2625,e2259788708a365c91c27b0af1d17fda8888337b30fe7f99d6e441734d6c37f1
dual_prototype,reference\upstream_snapshots\zhou_icf_mpc_model_error_decomposition_iter01\src\+zhou_ipmsm\+model\phase_currents.m,C:\Users\catkin\Documents\baseline_zhou\zhou_icf_mpc_dual_timescale_prototype_iter01\reference\upstream_snapshots\zhou_icf_mpc_model_error_decomposition_iter01\src\+zhou_ipmsm\+model\phase_currents.m,365,1941618d326081ea5c43e4292e1cf3c9e587aa7829cb2a9c87bf68038684ba55
dual_prototype,reference\upstream_snapshots\zhou_icf_mpc_model_error_decomposition_iter01\src\+zhou_ipmsm\+model\pmsm_derivative.m,C:\Users\catkin\Documents\baseline_zhou\zhou_icf_mpc_dual_timescale_prototype_iter01\reference\upstream_snapshots\zhou_icf_mpc_model_error_decomposition_iter01\src\+zhou_ipmsm\+model\pmsm_derivative.m,1346,9ed8bcb8bb0ff84e5c71a9cdb4c0e3815354278092dc14bbc1ff8a6e1bde5542
dual_prototype,reference\upstream_snapshots\zhou_icf_mpc_model_error_decomposition_iter01\src\+zhou_ipmsm\+model\sample_command_waveform.m,C:\Users\catkin\Documents\baseline_zhou\zhou_icf_mpc_dual_timescale_prototype_iter01\reference\upstream_snapshots\zhou_icf_mpc_model_error_decomposition_iter01\src\+zhou_ipmsm\+model\sample_command_waveform.m,3086,440312b750bcc2e1b385e8d07f50f0ce8e9e8fd01f85f556bc3ba0a19dd37770
dual_prototype,reference\upstream_snapshots\zhou_icf_mpc_model_error_decomposition_iter01\src\+zhou_ipmsm\+model\torque_components.m,C:\Users\catkin\Documents\baseline_zhou\zhou_icf_mpc_dual_timescale_prototype_iter01\reference\upstream_snapshots\zhou_icf_mpc_model_error_decomposition_iter01\src\+zhou_ipmsm\+model\torque_components.m,579,363029a7444c6dcd4898b797015ce9aa9c6f8e3da847dd2bef342f741a9d5caa
dual_prototype,reference\upstream_snapshots\zhou_icf_mpc_model_error_decomposition_iter01\src\+zhou_ipmsm\+modulation\case1_command.m,C:\Users\catkin\Documents\baseline_zhou\zhou_icf_mpc_dual_timescale_prototype_iter01\reference\upstream_snapshots\zhou_icf_mpc_model_error_decomposition_iter01\src\+zhou_ipmsm\+modulation\case1_command.m,638,c7a7903fa4728e38f92e269ffaf45127b5f934ff72ae164b200d17d2d572dde4
dual_prototype,reference\upstream_snapshots\zhou_icf_mpc_model_error_decomposition_iter01\src\+zhou_ipmsm\+modulation\case2_command.m,C:\Users\catkin\Documents\baseline_zhou\zhou_icf_mpc_dual_timescale_prototype_iter01\reference\upstream_snapshots\zhou_icf_mpc_model_error_decomposition_iter01\src\+zhou_ipmsm\+modulation\case2_command.m,1815,76e6368dcef006866ef81d188494fbe744ba59c482ffff63c18ac8f3ef366762
dual_prototype,reference\upstream_snapshots\zhou_icf_mpc_model_error_decomposition_iter01\src\+zhou_ipmsm\+modulation\case3_command.m,C:\Users\catkin\Documents\baseline_zhou\zhou_icf_mpc_dual_timescale_prototype_iter01\reference\upstream_snapshots\zhou_icf_mpc_model_error_decomposition_iter01\src\+zhou_ipmsm\+modulation\case3_command.m,2059,297f4b1f250f51d899d2a5884fb469842034a3d473aa3c00245fbeaa3a2da1b2
dual_prototype,reference\upstream_snapshots\zhou_icf_mpc_model_error_decomposition_iter01\src\+zhou_ipmsm\+reference\build_current_reference.m,C:\Users\catkin\Documents\baseline_zhou\zhou_icf_mpc_dual_timescale_prototype_iter01\reference\upstream_snapshots\zhou_icf_mpc_model_error_decomposition_iter01\src\+zhou_ipmsm\+reference\build_current_reference.m,218,ff844c4755c3e4913e0b2af3157264ae47ed0e3ca0f997e0e5eeb5fb48695b50
dual_prototype,reference\upstream_snapshots\zhou_icf_mpc_model_error_decomposition_iter01\src\+zhou_ipmsm\+sim\run_closed_loop.m,C:\Users\catkin\Documents\baseline_zhou\zhou_icf_mpc_dual_timescale_prototype_iter01\reference\upstream_snapshots\zhou_icf_mpc_model_error_decomposition_iter01\src\+zhou_ipmsm\+sim\run_closed_loop.m,18327,31cbdb65931ec3efa94562d537cdd3778561c3602e15bb0575dd280e6fd1cc0d
dual_prototype,reference\upstream_snapshots\zhou_icf_mpc_model_error_decomposition_iter01\src\+zhou_iter11_ref\+baseline\fcs_mpcc_step.m,C:\Users\catkin\Documents\baseline_zhou\zhou_icf_mpc_dual_timescale_prototype_iter01\reference\upstream_snapshots\zhou_icf_mpc_model_error_decomposition_iter01\src\+zhou_iter11_ref\+baseline\fcs_mpcc_step.m,3467,ea032e04da58fda719252f849f17f973df6baf7fb14f0aa6d58f88e1e19f7c38
dual_prototype,reference\upstream_snapshots\zhou_icf_mpc_model_error_decomposition_iter01\src\+zhou_iter11_ref\+controller\compute_V_terms.m,C:\Users\catkin\Documents\baseline_zhou\zhou_icf_mpc_dual_timescale_prototype_iter01\reference\upstream_snapshots\zhou_icf_mpc_model_error_decomposition_iter01\src\+zhou_iter11_ref\+controller\compute_V_terms.m,200,7ad68159a48c0c5e1637e5adbdcb585619ffd288709e40d6579c9e8771a01be0
dual_prototype,reference\upstream_snapshots\zhou_icf_mpc_model_error_decomposition_iter01\src\+zhou_iter11_ref\+controller\costs_from_voltage.m,C:\Users\catkin\Documents\baseline_zhou\zhou_icf_mpc_dual_timescale_prototype_iter01\reference\upstream_snapshots\zhou_icf_mpc_model_error_decomposition_iter01\src\+zhou_iter11_ref\+controller\costs_from_voltage.m,290,f44fd681c831e11789518c26343e698a5e3d791bac94a0f821f6560efd8dc66c
dual_prototype,reference\upstream_snapshots\zhou_icf_mpc_model_error_decomposition_iter01\src\+zhou_iter11_ref\+controller\estimate_F.m,C:\Users\catkin\Documents\baseline_zhou\zhou_icf_mpc_dual_timescale_prototype_iter01\reference\upstream_snapshots\zhou_icf_mpc_model_error_decomposition_iter01\src\+zhou_iter11_ref\+controller\estimate_F.m,800,dcd0e71be0a20b55abea40bedf57928656404048754f2594336bc75b0673b809
dual_prototype,reference\upstream_snapshots\zhou_icf_mpc_model_error_decomposition_iter01\src\+zhou_iter11_ref\+controller\estimate_F_algebraic.m,C:\Users\catkin\Documents\baseline_zhou\zhou_icf_mpc_dual_timescale_prototype_iter01\reference\upstream_snapshots\zhou_icf_mpc_model_error_decomposition_iter01\src\+zhou_iter11_ref\+controller\estimate_F_algebraic.m,1121,db3e08f69c9c2d2f4d7e31fcc6db23bf9e5e8031b3a160f873afa4c7ab1b606d
dual_prototype,reference\upstream_snapshots\zhou_icf_mpc_model_error_decomposition_iter01\src\+zhou_iter11_ref\+controller\icf_mpc_step.m,C:\Users\catkin\Documents\baseline_zhou\zhou_icf_mpc_dual_timescale_prototype_iter01\reference\upstream_snapshots\zhou_icf_mpc_model_error_decomposition_iter01\src\+zhou_iter11_ref\+controller\icf_mpc_step.m,3459,9407412b37118db6d30ea85104cbc715d01d33c859d82578d16b381a3b8563ca
dual_prototype,reference\upstream_snapshots\zhou_icf_mpc_model_error_decomposition_iter01\src\+zhou_iter11_ref\+controller\independent_costs.m,C:\Users\catkin\Documents\baseline_zhou\zhou_icf_mpc_dual_timescale_prototype_iter01\reference\upstream_snapshots\zhou_icf_mpc_model_error_decomposition_iter01\src\+zhou_iter11_ref\+controller\independent_costs.m,205,8cb1f8490e2f45717b279881065fd69d631673761c1115044a7df24ce55953b8
dual_prototype,reference\upstream_snapshots\zhou_icf_mpc_model_error_decomposition_iter01\src\+zhou_iter11_ref\+controller\predict_k1.m,C:\Users\catkin\Documents\baseline_zhou\zhou_icf_mpc_dual_timescale_prototype_iter01\reference\upstream_snapshots\zhou_icf_mpc_model_error_decomposition_iter01\src\+zhou_iter11_ref\+controller\predict_k1.m,258,b7cbcf472d17a43ffc7f3b68ff2fb600b897eb85a16a5dcd75c060352998e10a
dual_prototype,reference\upstream_snapshots\zhou_icf_mpc_model_error_decomposition_iter01\src\+zhou_iter11_ref\+controller\predict_k2.m,C:\Users\catkin\Documents\baseline_zhou\zhou_icf_mpc_dual_timescale_prototype_iter01\reference\upstream_snapshots\zhou_icf_mpc_model_error_decomposition_iter01\src\+zhou_iter11_ref\+controller\predict_k2.m,230,dfbf9d72607feb3dfe5c92163f1cb8a2559722a94c599d42acb70c49123b9e6c
dual_prototype,reference\upstream_snapshots\zhou_icf_mpc_model_error_decomposition_iter01\src\+zhou_iter11_ref\+controller\sequence_equivalent_dq_voltage.m,C:\Users\catkin\Documents\baseline_zhou\zhou_icf_mpc_dual_timescale_prototype_iter01\reference\upstream_snapshots\zhou_icf_mpc_model_error_decomposition_iter01\src\+zhou_iter11_ref\+controller\sequence_equivalent_dq_voltage.m,659,b4af47c395da3c421550fbf0f3f1524e837c5f25c2399afb468d7db44dcbabd5
dual_prototype,reference\upstream_snapshots\zhou_icf_mpc_model_error_decomposition_iter01\src\+zhou_iter11_ref\+geometry\active_lines.m,C:\Users\catkin\Documents\baseline_zhou\zhou_icf_mpc_dual_timescale_prototype_iter01\reference\upstream_snapshots\zhou_icf_mpc_model_error_decomposition_iter01\src\+zhou_iter11_ref\+geometry\active_lines.m,308,7743083d48974f78e1224355029b9a91b3ce558774d202e82f5d3465079229e1
dual_prototype,reference\upstream_snapshots\zhou_icf_mpc_model_error_decomposition_iter01\src\+zhou_iter11_ref\+geometry\analyze_rectangle.m,C:\Users\catkin\Documents\baseline_zhou\zhou_icf_mpc_dual_timescale_prototype_iter01\reference\upstream_snapshots\zhou_icf_mpc_model_error_decomposition_iter01\src\+zhou_iter11_ref\+geometry\analyze_rectangle.m,3037,b9f4c801ca5b635d0ddbf7b6452b9f9bb366d7e17d869cf421b48baaa27eaba0
dual_prototype,reference\upstream_snapshots\zhou_icf_mpc_model_error_decomposition_iter01\src\+zhou_iter11_ref\+geometry\build_rectangle.m,C:\Users\catkin\Documents\baseline_zhou\zhou_icf_mpc_dual_timescale_prototype_iter01\reference\upstream_snapshots\zhou_icf_mpc_model_error_decomposition_iter01\src\+zhou_iter11_ref\+geometry\build_rectangle.m,3231,5fd8ded2eef91766d45a4ba981666b907f97f173aed12ddc598a653b727371a6
dual_prototype,reference\upstream_snapshots\zhou_icf_mpc_model_error_decomposition_iter01\src\+zhou_iter11_ref\+geometry\case2_midpoint.m,C:\Users\catkin\Documents\baseline_zhou\zhou_icf_mpc_dual_timescale_prototype_iter01\reference\upstream_snapshots\zhou_icf_mpc_model_error_decomposition_iter01\src\+zhou_iter11_ref\+geometry\case2_midpoint.m,4237,41d83005f57d319576dfa626474a41c63b2dbeeb4e6c2de3632daa9864e8f688
dual_prototype,reference\upstream_snapshots\zhou_icf_mpc_model_error_decomposition_iter01\src\+zhou_iter11_ref\+geometry\classify_case.m,C:\Users\catkin\Documents\baseline_zhou\zhou_icf_mpc_dual_timescale_prototype_iter01\reference\upstream_snapshots\zhou_icf_mpc_model_error_decomposition_iter01\src\+zhou_iter11_ref\+geometry\classify_case.m,1259,ef35cf0a6cda08e7a5c285fe1403d1dd4dfd1ac9c78cfb46823615bb1be7b2ca
dual_prototype,reference\upstream_snapshots\zhou_icf_mpc_model_error_decomposition_iter01\src\+zhou_iter11_ref\+geometry\line_rectangle_intersections.m,C:\Users\catkin\Documents\baseline_zhou\zhou_icf_mpc_dual_timescale_prototype_iter01\reference\upstream_snapshots\zhou_icf_mpc_model_error_decomposition_iter01\src\+zhou_iter11_ref\+geometry\line_rectangle_intersections.m,2600,212e36edb24959aa03846001225152b31058db579609793a64cb935e93774ac6
dual_prototype,reference\upstream_snapshots\zhou_icf_mpc_model_error_decomposition_iter01\src\+zhou_iter11_ref\+geometry\line_side_signature.m,C:\Users\catkin\Documents\baseline_zhou\zhou_icf_mpc_dual_timescale_prototype_iter01\reference\upstream_snapshots\zhou_icf_mpc_model_error_decomposition_iter01\src\+zhou_iter11_ref\+geometry\line_side_signature.m,890,40d7262d84489d51b53614705860b311472196c0042dd6ed3f06a06bdebbce25
dual_prototype,reference\upstream_snapshots\zhou_icf_mpc_model_error_decomposition_iter01\src\+zhou_iter11_ref\+geometry\point_in_rectangle.m,C:\Users\catkin\Documents\baseline_zhou\zhou_icf_mpc_dual_timescale_prototype_iter01\reference\upstream_snapshots\zhou_icf_mpc_model_error_decomposition_iter01\src\+zhou_iter11_ref\+geometry\point_in_rectangle.m,487,5e6d122d58b56d3cf6b22940734181bf24371219f93a353f14fc2d7d9c963d7f
dual_prototype,reference\upstream_snapshots\zhou_icf_mpc_model_error_decomposition_iter01\src\+zhou_iter11_ref\+geometry\sector_of_point.m,C:\Users\catkin\Documents\baseline_zhou\zhou_icf_mpc_dual_timescale_prototype_iter01\reference\upstream_snapshots\zhou_icf_mpc_model_error_decomposition_iter01\src\+zhou_iter11_ref\+geometry\sector_of_point.m,727,e5b95ccf541732e28cbda8e4c9cb8d367be6a24e6bd18b17f502086db9e3668f
dual_prototype,reference\upstream_snapshots\zhou_icf_mpc_model_error_decomposition_iter01\src\+zhou_iter11_ref\+geometry\select_savv.m,C:\Users\catkin\Documents\baseline_zhou\zhou_icf_mpc_dual_timescale_prototype_iter01\reference\upstream_snapshots\zhou_icf_mpc_model_error_decomposition_iter01\src\+zhou_iter11_ref\+geometry\select_savv.m,3301,521ff058cea0f3b5147d8000eb9e73e411e7a36b503d9e67c09de5d3787aabfa
dual_prototype,reference\upstream_snapshots\zhou_icf_mpc_model_error_decomposition_iter01\src\+zhou_iter11_ref\+inverter\count_sequence_transitions.m,C:\Users\catkin\Documents\baseline_zhou\zhou_icf_mpc_dual_timescale_prototype_iter01\reference\upstream_snapshots\zhou_icf_mpc_model_error_decomposition_iter01\src\+zhou_iter11_ref\+inverter\count_sequence_transitions.m,362,2c04f5cee036a6f8b95ec9aebcde98e3ac418a24280b94aa3ad85103d3a3da2f
dual_prototype,reference\upstream_snapshots\zhou_icf_mpc_model_error_decomposition_iter01\src\+zhou_iter11_ref\+inverter\deadtime_voltage_error.m,C:\Users\catkin\Documents\baseline_zhou\zhou_icf_mpc_dual_timescale_prototype_iter01\reference\upstream_snapshots\zhou_icf_mpc_model_error_decomposition_iter01\src\+zhou_iter11_ref\+inverter\deadtime_voltage_error.m,2140,e5881fdafdd8663efbba207ec32dd60842b245470cbea68b9406bdfceac4d9d5
dual_prototype,reference\upstream_snapshots\zhou_icf_mpc_model_error_decomposition_iter01\src\+zhou_iter11_ref\+inverter\voltage_vectors.m,C:\Users\catkin\Documents\baseline_zhou\zhou_icf_mpc_dual_timescale_prototype_iter01\reference\upstream_snapshots\zhou_icf_mpc_model_error_decomposition_iter01\src\+zhou_iter11_ref\+inverter\voltage_vectors.m,806,2e5aa4ca358ce59f137e2241b9ec4e5015660ff1554cbeddc24a113466b0a8ec
dual_prototype,reference\upstream_snapshots\zhou_icf_mpc_model_error_decomposition_iter01\src\+zhou_iter11_ref\+io\append_standard_tables.m,C:\Users\catkin\Documents\baseline_zhou\zhou_icf_mpc_dual_timescale_prototype_iter01\reference\upstream_snapshots\zhou_icf_mpc_model_error_decomposition_iter01\src\+zhou_iter11_ref\+io\append_standard_tables.m,883,69945d57663975fbb6cae98dd9e804666e9573eb0a0fb3e414964939f324582f
dual_prototype,reference\upstream_snapshots\zhou_icf_mpc_model_error_decomposition_iter01\src\+zhou_iter11_ref\+io\append_text.m,C:\Users\catkin\Documents\baseline_zhou\zhou_icf_mpc_dual_timescale_prototype_iter01\reference\upstream_snapshots\zhou_icf_mpc_model_error_decomposition_iter01\src\+zhou_iter11_ref\+io\append_text.m,426,04baa1ead7f3cad85b3f644707e8c210cbe3027654b9667372ddc32482599a0c
dual_prototype,reference\upstream_snapshots\zhou_icf_mpc_model_error_decomposition_iter01\src\+zhou_iter11_ref\+io\create_run_context.m,C:\Users\catkin\Documents\baseline_zhou\zhou_icf_mpc_dual_timescale_prototype_iter01\reference\upstream_snapshots\zhou_icf_mpc_model_error_decomposition_iter01\src\+zhou_iter11_ref\+io\create_run_context.m,2286,d75d634e8173bed7d548c6300804bca8c097efc0cee59e1f08005f5ce277021f
dual_prototype,reference\upstream_snapshots\zhou_icf_mpc_model_error_decomposition_iter01\src\+zhou_iter11_ref\+io\file_sha256.m,C:\Users\catkin\Documents\baseline_zhou\zhou_icf_mpc_dual_timescale_prototype_iter01\reference\upstream_snapshots\zhou_icf_mpc_model_error_decomposition_iter01\src\+zhou_iter11_ref\+io\file_sha256.m,524,e4bee0917bb98986dcd745375853f2067baa35290020db6b940bb94dd0464bd3
dual_prototype,reference\upstream_snapshots\zhou_icf_mpc_model_error_decomposition_iter01\src\+zhou_iter11_ref\+io\write_code_manifest.m,C:\Users\catkin\Documents\baseline_zhou\zhou_icf_mpc_dual_timescale_prototype_iter01\reference\upstream_snapshots\zhou_icf_mpc_model_error_decomposition_iter01\src\+zhou_iter11_ref\+io\write_code_manifest.m,1426,c062ed091151d1a6c7ccf5d3c1a347c9c4ace5eca885b1a74721b9cfa9b0a287
dual_prototype,reference\upstream_snapshots\zhou_icf_mpc_model_error_decomposition_iter01\src\+zhou_iter11_ref\+io\write_or_append_table.m,C:\Users\catkin\Documents\baseline_zhou\zhou_icf_mpc_dual_timescale_prototype_iter01\reference\upstream_snapshots\zhou_icf_mpc_model_error_decomposition_iter01\src\+zhou_iter11_ref\+io\write_or_append_table.m,794,d35bff4317b1a2c2dde88cf128a3901d63bcacb3614c8681c6d2841e59e79bd5
dual_prototype,reference\upstream_snapshots\zhou_icf_mpc_model_error_decomposition_iter01\src\+zhou_iter11_ref\+io\write_text_new.m,C:\Users\catkin\Documents\baseline_zhou\zhou_icf_mpc_dual_timescale_prototype_iter01\reference\upstream_snapshots\zhou_icf_mpc_model_error_decomposition_iter01\src\+zhou_iter11_ref\+io\write_text_new.m,444,533baaceb12879b916e7c0dbe8cbfb1fefbe658e3a6eeae51ce89917aeb5191e
dual_prototype,reference\upstream_snapshots\zhou_icf_mpc_model_error_decomposition_iter01\src\+zhou_iter11_ref\+math\inv_park.m,C:\Users\catkin\Documents\baseline_zhou\zhou_icf_mpc_dual_timescale_prototype_iter01\reference\upstream_snapshots\zhou_icf_mpc_model_error_decomposition_iter01\src\+zhou_iter11_ref\+math\inv_park.m,189,bbf722e017f6480537cd7cb4fde649323d5344428911d6a2bbfb933644e56854
dual_prototype,reference\upstream_snapshots\zhou_icf_mpc_model_error_decomposition_iter01\src\+zhou_iter11_ref\+math\park.m,C:\Users\catkin\Documents\baseline_zhou\zhou_icf_mpc_dual_timescale_prototype_iter01\reference\upstream_snapshots\zhou_icf_mpc_model_error_decomposition_iter01\src\+zhou_iter11_ref\+math\park.m,187,36d1e543a6df50691c4b262bcf3e50d92a7f8426a1acab5706cdc49428d366ae
dual_prototype,reference\upstream_snapshots\zhou_icf_mpc_model_error_decomposition_iter01\src\+zhou_iter11_ref\+metrics\case_statistics_table.m,C:\Users\catkin\Documents\baseline_zhou\zhou_icf_mpc_dual_timescale_prototype_iter01\reference\upstream_snapshots\zhou_icf_mpc_model_error_decomposition_iter01\src\+zhou_iter11_ref\+metrics\case_statistics_table.m,570,ee946f50ef046891a07cf76aa8e079934e9e8fcb559986a7dc7aebcac346ee58
dual_prototype,reference\upstream_snapshots\zhou_icf_mpc_model_error_decomposition_iter01\src\+zhou_iter11_ref\+metrics\constraint_violations_table.m,C:\Users\catkin\Documents\baseline_zhou\zhou_icf_mpc_dual_timescale_prototype_iter01\reference\upstream_snapshots\zhou_icf_mpc_model_error_decomposition_iter01\src\+zhou_iter11_ref\+metrics\constraint_violations_table.m,1354,730dc8fa332498aa45214b1572f4abbeccaaf008e3e82a7406a60cf0257dffcf
dual_prototype,reference\upstream_snapshots\zhou_icf_mpc_model_error_decomposition_iter01\src\+zhou_iter11_ref\+metrics\phase_thd.m,C:\Users\catkin\Documents\baseline_zhou\zhou_icf_mpc_dual_timescale_prototype_iter01\reference\upstream_snapshots\zhou_icf_mpc_model_error_decomposition_iter01\src\+zhou_iter11_ref\+metrics\phase_thd.m,708,19e430b6a50eff55663f694583f9079f60bb63ea24195fceedc5a57e5fa4b8a1
dual_prototype,reference\upstream_snapshots\zhou_icf_mpc_model_error_decomposition_iter01\src\+zhou_iter11_ref\+metrics\phase_thd_total_rms.m,C:\Users\catkin\Documents\baseline_zhou\zhou_icf_mpc_dual_timescale_prototype_iter01\reference\upstream_snapshots\zhou_icf_mpc_model_error_decomposition_iter01\src\+zhou_iter11_ref\+metrics\phase_thd_total_rms.m,863,44d14dc5ef58bfc6087512b33f2fe704faf5b62f9cf9e6d82640c3c679281803
dual_prototype,reference\upstream_snapshots\zhou_icf_mpc_model_error_decomposition_iter01\src\+zhou_iter11_ref\+metrics\summarize_simulation.m,C:\Users\catkin\Documents\baseline_zhou\zhou_icf_mpc_dual_timescale_prototype_iter01\reference\upstream_snapshots\zhou_icf_mpc_model_error_decomposition_iter01\src\+zhou_iter11_ref\+metrics\summarize_simulation.m,4290,eb2917a7d2cd279ecb655ea9bc7051cc811f9253ac9ae32dd0fbcd4605168f6f
dual_prototype,reference\upstream_snapshots\zhou_icf_mpc_model_error_decomposition_iter01\src\+zhou_iter11_ref\+metrics\summary_to_long_table.m,C:\Users\catkin\Documents\baseline_zhou\zhou_icf_mpc_dual_timescale_prototype_iter01\reference\upstream_snapshots\zhou_icf_mpc_model_error_decomposition_iter01\src\+zhou_iter11_ref\+metrics\summary_to_long_table.m,2181,0c800cdd6ae6571dbd47c4486c9b2f4abb83315a7d7aa4d816604184656b9fd2
dual_prototype,reference\upstream_snapshots\zhou_icf_mpc_model_error_decomposition_iter01\src\+zhou_iter11_ref\+model\electromagnetic_torque.m,C:\Users\catkin\Documents\baseline_zhou\zhou_icf_mpc_dual_timescale_prototype_iter01\reference\upstream_snapshots\zhou_icf_mpc_model_error_decomposition_iter01\src\+zhou_iter11_ref\+model\electromagnetic_torque.m,207,12d50829da03ea25256358199bba0e0f086dffcea4b788b509d48b813c0c3e87
dual_prototype,reference\upstream_snapshots\zhou_icf_mpc_model_error_decomposition_iter01\src\+zhou_iter11_ref\+model\integrate_command.m,C:\Users\catkin\Documents\baseline_zhou\zhou_icf_mpc_dual_timescale_prototype_iter01\reference\upstream_snapshots\zhou_icf_mpc_model_error_decomposition_iter01\src\+zhou_iter11_ref\+model\integrate_command.m,2379,425b41d68e1dab504d44b956553dc511ffeaf24567961f5848fff5a493498ec6
dual_prototype,reference\upstream_snapshots\zhou_icf_mpc_model_error_decomposition_iter01\src\+zhou_iter11_ref\+model\phase_currents.m,C:\Users\catkin\Documents\baseline_zhou\zhou_icf_mpc_dual_timescale_prototype_iter01\reference\upstream_snapshots\zhou_icf_mpc_model_error_decomposition_iter01\src\+zhou_iter11_ref\+model\phase_currents.m,370,8de0550955257ad92006e20470a7fa03141f6bb78aab3cb6045bc1f1108d2a37
dual_prototype,reference\upstream_snapshots\zhou_icf_mpc_model_error_decomposition_iter01\src\+zhou_iter11_ref\+model\pmsm_derivative.m,C:\Users\catkin\Documents\baseline_zhou\zhou_icf_mpc_dual_timescale_prototype_iter01\reference\upstream_snapshots\zhou_icf_mpc_model_error_decomposition_iter01\src\+zhou_iter11_ref\+model\pmsm_derivative.m,773,955986f509c77349edb832f0f1ef2e5904dd1921338e61d8fabfde1483a0ad38
dual_prototype,reference\upstream_snapshots\zhou_icf_mpc_model_error_decomposition_iter01\src\+zhou_iter11_ref\+model\sample_command_waveform.m,C:\Users\catkin\Documents\baseline_zhou\zhou_icf_mpc_dual_timescale_prototype_iter01\reference\upstream_snapshots\zhou_icf_mpc_model_error_decomposition_iter01\src\+zhou_iter11_ref\+model\sample_command_waveform.m,3122,f017d4b238410c197024ac4baae9473ba0c434bfa9ff83d5fbc14cb7839739be
dual_prototype,reference\upstream_snapshots\zhou_icf_mpc_model_error_decomposition_iter01\src\+zhou_iter11_ref\+modulation\case1_command.m,C:\Users\catkin\Documents\baseline_zhou\zhou_icf_mpc_dual_timescale_prototype_iter01\reference\upstream_snapshots\zhou_icf_mpc_model_error_decomposition_iter01\src\+zhou_iter11_ref\+modulation\case1_command.m,638,c7a7903fa4728e38f92e269ffaf45127b5f934ff72ae164b200d17d2d572dde4
dual_prototype,reference\upstream_snapshots\zhou_icf_mpc_model_error_decomposition_iter01\src\+zhou_iter11_ref\+modulation\case2_command.m,C:\Users\catkin\Documents\baseline_zhou\zhou_icf_mpc_dual_timescale_prototype_iter01\reference\upstream_snapshots\zhou_icf_mpc_model_error_decomposition_iter01\src\+zhou_iter11_ref\+modulation\case2_command.m,1820,0afe24058e92b4797f46d3f52283e53faa99eb10a2432cf379502612ea5916bc
dual_prototype,reference\upstream_snapshots\zhou_icf_mpc_model_error_decomposition_iter01\src\+zhou_iter11_ref\+modulation\case3_command.m,C:\Users\catkin\Documents\baseline_zhou\zhou_icf_mpc_dual_timescale_prototype_iter01\reference\upstream_snapshots\zhou_icf_mpc_model_error_decomposition_iter01\src\+zhou_iter11_ref\+modulation\case3_command.m,2073,3e4f828ae2af8831a4aff3889ff6fab3d2aadf75e9f503174bd325321425a6a4
dual_prototype,reference\upstream_snapshots\zhou_icf_mpc_model_error_decomposition_iter01\src\+zhou_iter11_ref\+sim\run_closed_loop.m,C:\Users\catkin\Documents\baseline_zhou\zhou_icf_mpc_dual_timescale_prototype_iter01\reference\upstream_snapshots\zhou_icf_mpc_model_error_decomposition_iter01\src\+zhou_iter11_ref\+sim\run_closed_loop.m,15944,70ff1595f820842a215216f31f0bc7ec2f065e6da061a09d498d53582b0ebc40
dual_prototype,reference\upstream_snapshots\zhou_icf_mpc_model_error_decomposition_iter01\src\+zhou_model_error\build_summaries.m,C:\Users\catkin\Documents\baseline_zhou\zhou_icf_mpc_dual_timescale_prototype_iter01\reference\upstream_snapshots\zhou_icf_mpc_model_error_decomposition_iter01\src\+zhou_model_error\build_summaries.m,11528,e28f5d7acc49c0219112dd2fd261b9d1cd6217d8dc7a1fc9de61cca699466ac6
dual_prototype,reference\upstream_snapshots\zhou_icf_mpc_model_error_decomposition_iter01\src\+zhou_model_error\copy_provenance.m,C:\Users\catkin\Documents\baseline_zhou\zhou_icf_mpc_dual_timescale_prototype_iter01\reference\upstream_snapshots\zhou_icf_mpc_model_error_decomposition_iter01\src\+zhou_model_error\copy_provenance.m,1976,b60898e4f8b8dc8fadc4a7dfaa35e3314e4c235d6d0676b3af8eb5611811125c
dual_prototype,reference\upstream_snapshots\zhou_icf_mpc_model_error_decomposition_iter01\src\+zhou_model_error\decompose_simulation.m,C:\Users\catkin\Documents\baseline_zhou\zhou_icf_mpc_dual_timescale_prototype_iter01\reference\upstream_snapshots\zhou_icf_mpc_model_error_decomposition_iter01\src\+zhou_model_error\decompose_simulation.m,12471,1521b9eeaa8cd38591176a679f04a2242fa22a7222567a2cd3f56e9737f6205a
dual_prototype,reference\upstream_snapshots\zhou_icf_mpc_model_error_decomposition_iter01\src\+zhou_model_error\discover_upstreams.m,C:\Users\catkin\Documents\baseline_zhou\zhou_icf_mpc_dual_timescale_prototype_iter01\reference\upstream_snapshots\zhou_icf_mpc_model_error_decomposition_iter01\src\+zhou_model_error\discover_upstreams.m,1358,e83bc05385945438eaea058180c3bea1758d630b8ae4507686f2b40682700b1d
dual_prototype,reference\upstream_snapshots\zhou_icf_mpc_model_error_decomposition_iter01\src\+zhou_model_error\finalize_freeze.m,C:\Users\catkin\Documents\baseline_zhou\zhou_icf_mpc_dual_timescale_prototype_iter01\reference\upstream_snapshots\zhou_icf_mpc_model_error_decomposition_iter01\src\+zhou_model_error\finalize_freeze.m,1396,82f388a999d68a8ee4979306119a027a4219ac3ee3527ab55d0972a6081486ba
dual_prototype,reference\upstream_snapshots\zhou_icf_mpc_model_error_decomposition_iter01\src\+zhou_model_error\generate_documentation.m,C:\Users\catkin\Documents\baseline_zhou\zhou_icf_mpc_dual_timescale_prototype_iter01\reference\upstream_snapshots\zhou_icf_mpc_model_error_decomposition_iter01\src\+zhou_model_error\generate_documentation.m,59278,7c90b9dd2a07e7433aaa860057faedc6cbdbe8d4187e07dbb1e3195d83787254
dual_prototype,reference\upstream_snapshots\zhou_icf_mpc_model_error_decomposition_iter01\src\+zhou_model_error\generate_figures.m,C:\Users\catkin\Documents\baseline_zhou\zhou_icf_mpc_dual_timescale_prototype_iter01\reference\upstream_snapshots\zhou_icf_mpc_model_error_decomposition_iter01\src\+zhou_model_error\generate_figures.m,8741,0007dd66615cb8f96551c137bbb26612be6ed63aaf9b1b3262be9e0ced35425c
dual_prototype,reference\upstream_snapshots\zhou_icf_mpc_model_error_decomposition_iter01\src\+zhou_model_error\inventory.m,C:\Users\catkin\Documents\baseline_zhou\zhou_icf_mpc_dual_timescale_prototype_iter01\reference\upstream_snapshots\zhou_icf_mpc_model_error_decomposition_iter01\src\+zhou_model_error\inventory.m,816,bbbe3aaa5cb90da8d943d84e0302d8ac57efa2316764ef5add7a1c8a388ccd5b
dual_prototype,reference\upstream_snapshots\zhou_icf_mpc_model_error_decomposition_iter01\src\+zhou_model_error\make_decision.m,C:\Users\catkin\Documents\baseline_zhou\zhou_icf_mpc_dual_timescale_prototype_iter01\reference\upstream_snapshots\zhou_icf_mpc_model_error_decomposition_iter01\src\+zhou_model_error\make_decision.m,5010,fa6840cba9f722cbaa0b27e21cbfa08add82bffab48f1d5f9f2460266f0d1fa4
dual_prototype,reference\upstream_snapshots\zhou_icf_mpc_model_error_decomposition_iter01\src\+zhou_model_error\offline_candidate_audit.m,C:\Users\catkin\Documents\baseline_zhou\zhou_icf_mpc_dual_timescale_prototype_iter01\reference\upstream_snapshots\zhou_icf_mpc_model_error_decomposition_iter01\src\+zhou_model_error\offline_candidate_audit.m,15569,4de519812e1f194d31a6a9c38a6d4e2b8cc2aea650aa8399bd52f24e326df60b
dual_prototype,reference\upstream_snapshots\zhou_icf_mpc_model_error_decomposition_iter01\src\+zhou_model_error\path_audit.m,C:\Users\catkin\Documents\baseline_zhou\zhou_icf_mpc_dual_timescale_prototype_iter01\reference\upstream_snapshots\zhou_icf_mpc_model_error_decomposition_iter01\src\+zhou_model_error\path_audit.m,3697,2b818d628b3e12657da05856f3997f9cef713afb16780923cd027cfc4bbafcfe
dual_prototype,reference\upstream_snapshots\zhou_icf_mpc_model_error_decomposition_iter01\src\+zhou_model_error\prototype_gate.m,C:\Users\catkin\Documents\baseline_zhou\zhou_icf_mpc_dual_timescale_prototype_iter01\reference\upstream_snapshots\zhou_icf_mpc_model_error_decomposition_iter01\src\+zhou_model_error\prototype_gate.m,921,f55558fa0dec28383a5eb02590c2d6d1d61213c4eb53384d71a6418e63e72127
dual_prototype,reference\upstream_snapshots\zhou_icf_mpc_model_error_decomposition_iter01\src\+zhou_model_error\residual_correlations.m,C:\Users\catkin\Documents\baseline_zhou\zhou_icf_mpc_dual_timescale_prototype_iter01\reference\upstream_snapshots\zhou_icf_mpc_model_error_decomposition_iter01\src\+zhou_model_error\residual_correlations.m,5236,085ca2b1110c798731f983a5ab3ba52efe92a9b0f945dd0a5cc58ce0cce3e6cd
dual_prototype,reference\upstream_snapshots\zhou_icf_mpc_model_error_decomposition_iter01\src\+zhou_model_error\residual_spectrum.m,C:\Users\catkin\Documents\baseline_zhou\zhou_icf_mpc_dual_timescale_prototype_iter01\reference\upstream_snapshots\zhou_icf_mpc_model_error_decomposition_iter01\src\+zhou_model_error\residual_spectrum.m,4303,56427e9ad3634fb610d685ef0354c4f3844d973e20a6b6e81ae6db5dd637e4d8
dual_prototype,reference\upstream_snapshots\zhou_icf_mpc_model_error_decomposition_iter01\src\+zhou_model_error\run_audit.m,C:\Users\catkin\Documents\baseline_zhou\zhou_icf_mpc_dual_timescale_prototype_iter01\reference\upstream_snapshots\zhou_icf_mpc_model_error_decomposition_iter01\src\+zhou_model_error\run_audit.m,6094,0a952ab4f03b15909b795805cca6a63aa2cfe5fcd58190ecaf72d6de9bd88290
dual_prototype,reference\upstream_snapshots\zhou_icf_mpc_model_error_decomposition_iter01\src\+zhou_model_error\run_baseline_gate.m,C:\Users\catkin\Documents\baseline_zhou\zhou_icf_mpc_dual_timescale_prototype_iter01\reference\upstream_snapshots\zhou_icf_mpc_model_error_decomposition_iter01\src\+zhou_model_error\run_baseline_gate.m,5483,3c84c93e46d24162e25e20009a3b4206652f3e2a17a265efd96f61b5d4268a84
dual_prototype,reference\upstream_snapshots\zhou_icf_mpc_model_error_decomposition_iter01\src\+zhou_model_error\snapshot_upstreams.m,C:\Users\catkin\Documents\baseline_zhou\zhou_icf_mpc_dual_timescale_prototype_iter01\reference\upstream_snapshots\zhou_icf_mpc_model_error_decomposition_iter01\src\+zhou_model_error\snapshot_upstreams.m,1144,7b49f551a771d8cef1b36bdcc07ed1c126f1628d06073246b9ab2eb97151d25d
dual_prototype,reference\upstream_snapshots\zhou_icf_mpc_model_error_decomposition_iter01\src\+zhou_robust\run_robust_case.m,C:\Users\catkin\Documents\baseline_zhou\zhou_icf_mpc_dual_timescale_prototype_iter01\reference\upstream_snapshots\zhou_icf_mpc_model_error_decomposition_iter01\src\+zhou_robust\run_robust_case.m,31678,ca3634266831940e808a22cb98d95bc0c63e2c163192488ef6657a82a586a5b0
dual_prototype,reference\upstream_snapshots\zhou_icf_mpc_model_error_decomposition_iter01\src\+zhou_sequence\decompose_simulation.m,C:\Users\catkin\Documents\baseline_zhou\zhou_icf_mpc_dual_timescale_prototype_iter01\reference\upstream_snapshots\zhou_icf_mpc_model_error_decomposition_iter01\src\+zhou_sequence\decompose_simulation.m,8989,5f37752c7797694c97467962c0d9f54e4cbadb819d0ecf04493a7344daf3a1a1
dual_prototype,results\cache\baseline_B0_B01_500rpm_20A_48V_fast_r1.mat,C:\Users\catkin\Documents\baseline_zhou\zhou_icf_mpc_dual_timescale_prototype_iter01\results\cache\baseline_B0_B01_500rpm_20A_48V_fast_r1.mat,222080,020d34ac523c07219fc7e925ee87d3306f4c86e484b6b5e810329772075dfa3d
dual_prototype,results\cache\baseline_B0_B02_500rpm_negid_48V_r1.mat,C:\Users\catkin\Documents\baseline_zhou\zhou_icf_mpc_dual_timescale_prototype_iter01\results\cache\baseline_B0_B02_500rpm_negid_48V_r1.mat,545388,8d33e37d0e4057ca69d96aea23cc9901373934a1809b7a55481a3a63fbde3ebe
dual_prototype,results\cache\baseline_B0_C01_nominal_100rpm_10A_r1.mat,C:\Users\catkin\Documents\baseline_zhou\zhou_icf_mpc_dual_timescale_prototype_iter01\results\cache\baseline_B0_C01_nominal_100rpm_10A_r1.mat,979265,95fdc6c7670443d7462199369914d16b0abea7125278f5f61cdd23a6c552ef05
dual_prototype,results\cache\baseline_B0_C02_light_100rpm_4A_r1.mat,C:\Users\catkin\Documents\baseline_zhou\zhou_icf_mpc_dual_timescale_prototype_iter01\results\cache\baseline_B0_C02_light_100rpm_4A_r1.mat,966631,0d66b4691247990a5aa1eef8c01a452682e930fe7a6539e53621b1baff394910
dual_prototype,results\cache\baseline_B0_C03_light_200rpm_6A_r1.mat,C:\Users\catkin\Documents\baseline_zhou\zhou_icf_mpc_dual_timescale_prototype_iter01\results\cache\baseline_B0_C03_light_200rpm_6A_r1.mat,998997,97ad064c72e3cd481d7868b5df8ca3f75b5502c1720a27483700a485146207e5
dual_prototype,results\cache\baseline_B0_C04_high_200rpm_18A_r1.mat,C:\Users\catkin\Documents\baseline_zhou\zhou_icf_mpc_dual_timescale_prototype_iter01\results\cache\baseline_B0_C04_high_200rpm_18A_r1.mat,1013503,ff8741cbf239a1205ea0b19f3905314cb3e9baf8fcb6624cf5760bd9b7ecf8b0
dual_prototype,results\cache\baseline_B0_C05_negative_id_r1.mat,C:\Users\catkin\Documents\baseline_zhou\zhou_icf_mpc_dual_timescale_prototype_iter01\results\cache\baseline_B0_C05_negative_id_r1.mat,1024960,a14e56c938b619462ddbda68897f38c4d9b4f6dfbc1f3bc76ccb2848c53ae5d3
dual_prototype,results\cache\baseline_B0_C06_low_bus_43p2V_r1.mat,C:\Users\catkin\Documents\baseline_zhou\zhou_icf_mpc_dual_timescale_prototype_iter01\results\cache\baseline_B0_C06_low_bus_43p2V_r1.mat,1028264,e0fe61bc49d3bbe038d746aca155ad5f9164624e8fb27c6866de11c12000773a
dual_prototype,results\cache\baseline_B0_C07_known_false_safe_r1.mat,C:\Users\catkin\Documents\baseline_zhou\zhou_icf_mpc_dual_timescale_prototype_iter01\results\cache\baseline_B0_C07_known_false_safe_r1.mat,258136,1f05c1e25ef7df7b2e8212fec36921b44bd314bd768309c1a7c8507c332c21c2
dual_prototype,results\cache\baseline_B0_C08_S2_nontrigger_r1.mat,C:\Users\catkin\Documents\baseline_zhou\zhou_icf_mpc_dual_timescale_prototype_iter01\results\cache\baseline_B0_C08_S2_nontrigger_r1.mat,978973,848f86887e444f0e16a7a06e1f6ed9b001e0f3ccdb7af89dc688a8d7dde9ecad
dual_prototype,results\cache\baseline_B0_C09_S2_boundary_r1.mat,C:\Users\catkin\Documents\baseline_zhou\zhou_icf_mpc_dual_timescale_prototype_iter01\results\cache\baseline_B0_C09_S2_boundary_r1.mat,1034621,e111e6a8937b4ba4973c13929f27aeccbb47c6d23e2b425a93bb3c32fc09edfe
dual_prototype,results\cache\baseline_B0_D01_iq_step_r1.mat,C:\Users\catkin\Documents\baseline_zhou\zhou_icf_mpc_dual_timescale_prototype_iter01\results\cache\baseline_B0_D01_iq_step_r1.mat,557892,d6f9761c6e61f75d0fd6e49c7171ab2ee70c2ce4434a00b73ccb249a0d97da84
dual_prototype,results\cache\baseline_B0_D02_id_step_r1.mat,C:\Users\catkin\Documents\baseline_zhou\zhou_icf_mpc_dual_timescale_prototype_iter01\results\cache\baseline_B0_D02_id_step_r1.mat,1007692,5473c42c3c8baed9cda13a0da436583952f60fac8eafd3ae69d20a214a3d6ee2
dual_prototype,results\cache\baseline_B0_D03_id_iq_step_r1.mat,C:\Users\catkin\Documents\baseline_zhou\zhou_icf_mpc_dual_timescale_prototype_iter01\results\cache\baseline_B0_D03_id_iq_step_r1.mat,1024299,84233a5192fe94badc1f305322f686f00dea966fcbcf222fa783e01c9cb91b49
dual_prototype,results\cache\baseline_B0_D04_torque_ramp_r1.mat,C:\Users\catkin\Documents\baseline_zhou\zhou_icf_mpc_dual_timescale_prototype_iter01\results\cache\baseline_B0_D04_torque_ramp_r1.mat,1034179,958b6fb1132c31bbeb9d3da45fb3a8dda76b30fa1b2933caa21cbc77cfeed392
dual_prototype,results\cache\baseline_B0_D05_torque_step_r1.mat,C:\Users\catkin\Documents\baseline_zhou\zhou_icf_mpc_dual_timescale_prototype_iter01\results\cache\baseline_B0_D05_torque_step_r1.mat,556865,c2eceb2b21adcea529352c4c26c21f87ec957956e766f7223998ae367e2ea119
dual_prototype,results\cache\baseline_B0_P01_Ld_minus10_r1.mat,C:\Users\catkin\Documents\baseline_zhou\zhou_icf_mpc_dual_timescale_prototype_iter01\results\cache\baseline_B0_P01_Ld_minus10_r1.mat,1034088,1ff973da05a4c3d3dd84a89d206c6039655625d7335cb6c43f31a9194165032c
dual_prototype,results\cache\baseline_B0_P02_Ld_plus10_r1.mat,C:\Users\catkin\Documents\baseline_zhou\zhou_icf_mpc_dual_timescale_prototype_iter01\results\cache\baseline_B0_P02_Ld_plus10_r1.mat,1028606,3fb5ccce9caa6141804780be6611a7c65451a6d2bec0f33fe6628bc932afbcce
dual_prototype,results\cache\baseline_B0_P03_Lq_minus10_r1.mat,C:\Users\catkin\Documents\baseline_zhou\zhou_icf_mpc_dual_timescale_prototype_iter01\results\cache\baseline_B0_P03_Lq_minus10_r1.mat,1031313,a3c72ec72f8b4f30a3f710e741d5af26cbc306371de53f3ab54133a1b147ad6f
dual_prototype,results\cache\baseline_B0_P04_Lq_plus10_r1.mat,C:\Users\catkin\Documents\baseline_zhou\zhou_icf_mpc_dual_timescale_prototype_iter01\results\cache\baseline_B0_P04_Lq_plus10_r1.mat,1030215,58b24453ee7c7074d67b0900c17b2f5e97b6d4a6b228c23668c58be52a4c151b
dual_prototype,results\cache\baseline_B0_P05_cross_mismatch_r1.mat,C:\Users\catkin\Documents\baseline_zhou\zhou_icf_mpc_dual_timescale_prototype_iter01\results\cache\baseline_B0_P05_cross_mismatch_r1.mat,1036682,26b0dd94867b07846120bcf51f291406c7c0a78dce395dda5fffb081ed867e7f
dual_prototype,results\cache\baseline_B0_P06_controller_high_L_r1.mat,C:\Users\catkin\Documents\baseline_zhou\zhou_icf_mpc_dual_timescale_prototype_iter01\results\cache\baseline_B0_P06_controller_high_L_r1.mat,1033417,f9b285761365fbe2c1ffbd60f76168359993508c5e8ca7f8ee6c2ae4c46fae4b
dual_prototype,results\cache\baseline_B0_P07_controller_low_L_r1.mat,C:\Users\catkin\Documents\baseline_zhou\zhou_icf_mpc_dual_timescale_prototype_iter01\results\cache\baseline_B0_P07_controller_low_L_r1.mat,1033144,7e046ba884c23fdf52600cf55e4b859529bd2aa74f91902666bc6c9eadd42e13
dual_prototype,results\cache\baseline_B0_P08_opposed_20pct_r1.mat,C:\Users\catkin\Documents\baseline_zhou\zhou_icf_mpc_dual_timescale_prototype_iter01\results\cache\baseline_B0_P08_opposed_20pct_r1.mat,1028784,72baeeebcc17af5f2ee4d63a48c52a441c609d48ae7311f722016825435e9337
dual_prototype,results\cache\calibration_aggressive_P_C01_nominal_100rpm_10A_r1.mat,C:\Users\catkin\Documents\baseline_zhou\zhou_icf_mpc_dual_timescale_prototype_iter01\results\cache\calibration_aggressive_P_C01_nominal_100rpm_10A_r1.mat,979830,d5a62d632370d95bf3cea3b5320f0155aa11eaf9d9189497cea7ac7857b333dd
dual_prototype,results\cache\calibration_aggressive_P_D03_id_iq_step_r1.mat,C:\Users\catkin\Documents\baseline_zhou\zhou_icf_mpc_dual_timescale_prototype_iter01\results\cache\calibration_aggressive_P_D03_id_iq_step_r1.mat,1025131,9da19b118f59e3a688f7b4cd58a4c585e40791fa024fab234dafab8fdaffc4e4
dual_prototype,results\cache\calibration_aggressive_P_P08_opposed_20pct_r1.mat,C:\Users\catkin\Documents\baseline_zhou\zhou_icf_mpc_dual_timescale_prototype_iter01\results\cache\calibration_aggressive_P_P08_opposed_20pct_r1.mat,1036550,e74e6c410a25e5b689a40e1b68860eee66a9ba532a44373b407cf411803611af
dual_prototype,results\cache\calibration_conservative_P_C01_nominal_100rpm_10A_r1.mat,C:\Users\catkin\Documents\baseline_zhou\zhou_icf_mpc_dual_timescale_prototype_iter01\results\cache\calibration_conservative_P_C01_nominal_100rpm_10A_r1.mat,979144,8d0b21f685bd721cdc7dca3fc1a05de9dbfc74b5dddab1779cd614c0efefd2a6
dual_prototype,results\cache\calibration_conservative_P_D03_id_iq_step_r1.mat,C:\Users\catkin\Documents\baseline_zhou\zhou_icf_mpc_dual_timescale_prototype_iter01\results\cache\calibration_conservative_P_D03_id_iq_step_r1.mat,1024646,5030ea3a23179353a2c7a06545f433b77d20fe2b96ca934810c22a323f52456c
dual_prototype,results\cache\calibration_conservative_P_P08_opposed_20pct_r1.mat,C:\Users\catkin\Documents\baseline_zhou\zhou_icf_mpc_dual_timescale_prototype_iter01\results\cache\calibration_conservative_P_P08_opposed_20pct_r1.mat,1034713,4edd3374d06d70dd7a8fb2f284e76db354fec4ad1adb11db0954b9308bfa2511
dual_prototype,results\cache\calibration_design_default_P_C01_nominal_100rpm_10A_r1.mat,C:\Users\catkin\Documents\baseline_zhou\zhou_icf_mpc_dual_timescale_prototype_iter01\results\cache\calibration_design_default_P_C01_nominal_100rpm_10A_r1.mat,979730,9b5029c2f59fab0c1ad10343ab19e26b0888210ca8d8e37a19a9cc47a1261fa4
dual_prototype,results\cache\calibration_design_default_P_D03_id_iq_step_r1.mat,C:\Users\catkin\Documents\baseline_zhou\zhou_icf_mpc_dual_timescale_prototype_iter01\results\cache\calibration_design_default_P_D03_id_iq_step_r1.mat,1024964,a4143c6bd2c421bb149d680078925826550db887e39398a7855608d2274f5e63
dual_prototype,results\cache\calibration_design_default_P_P08_opposed_20pct_r1.mat,C:\Users\catkin\Documents\baseline_zhou\zhou_icf_mpc_dual_timescale_prototype_iter01\results\cache\calibration_design_default_P_P08_opposed_20pct_r1.mat,1036634,71e19a57186c2500a3466209f6c8ecd8cc9df0e12ea24f0ece328ea37db1dddb
dual_prototype,results\cache\minimal_B0_C01_nominal_100rpm_10A_r1.mat,C:\Users\catkin\Documents\baseline_zhou\zhou_icf_mpc_dual_timescale_prototype_iter01\results\cache\minimal_B0_C01_nominal_100rpm_10A_r1.mat,979265,077907448847301089ffd1f1cb0d1f2e5c6596e3af916f3e96205a3b6af13870
dual_prototype,results\cache\minimal_B0_C01_nominal_100rpm_10A_r2.mat,C:\Users\catkin\Documents\baseline_zhou\zhou_icf_mpc_dual_timescale_prototype_iter01\results\cache\minimal_B0_C01_nominal_100rpm_10A_r2.mat,979265,0bf7bab9d1f2a855204bcb5ee2ddab9163db7bd91476584c077b023212185993
dual_prototype,results\cache\minimal_B0_C01_nominal_100rpm_10A_r3.mat,C:\Users\catkin\Documents\baseline_zhou\zhou_icf_mpc_dual_timescale_prototype_iter01\results\cache\minimal_B0_C01_nominal_100rpm_10A_r3.mat,979265,74f198d2cdaad62b0899313255024b2e59188caf883a8573c797ee32efb4ffbd
dual_prototype,results\cache\minimal_B0_C07_known_false_safe_r1.mat,C:\Users\catkin\Documents\baseline_zhou\zhou_icf_mpc_dual_timescale_prototype_iter01\results\cache\minimal_B0_C07_known_false_safe_r1.mat,258136,37f6f6c1971ce46e3359efb731885b864975968cb20af1b090f377e486f07397
dual_prototype,results\cache\minimal_B0_C07_known_false_safe_r2.mat,C:\Users\catkin\Documents\baseline_zhou\zhou_icf_mpc_dual_timescale_prototype_iter01\results\cache\minimal_B0_C07_known_false_safe_r2.mat,258136,f950fc95a3c59f0737866a0376dfc482da15fcd30526a7ea99d55a0227d76b08
dual_prototype,results\cache\minimal_B0_C07_known_false_safe_r3.mat,C:\Users\catkin\Documents\baseline_zhou\zhou_icf_mpc_dual_timescale_prototype_iter01\results\cache\minimal_B0_C07_known_false_safe_r3.mat,258136,329bfa5351b42251ef5bab9ba017baf2e1dbd6591abd1b9785c67d7ec65e345b
dual_prototype,results\cache\minimal_B0_C09_S2_boundary_r1.mat,C:\Users\catkin\Documents\baseline_zhou\zhou_icf_mpc_dual_timescale_prototype_iter01\results\cache\minimal_B0_C09_S2_boundary_r1.mat,1034621,9a6504e283da9b681f05edc45f07957aa303a36b50607ba6a099ffcdb619cfe6
dual_prototype,results\cache\minimal_B0_C09_S2_boundary_r2.mat,C:\Users\catkin\Documents\baseline_zhou\zhou_icf_mpc_dual_timescale_prototype_iter01\results\cache\minimal_B0_C09_S2_boundary_r2.mat,1034621,9ae6d076558b8703769a6ea5b1515b87ef346856b4c7390a04eec2339faa297a
dual_prototype,results\cache\minimal_B0_C09_S2_boundary_r3.mat,C:\Users\catkin\Documents\baseline_zhou\zhou_icf_mpc_dual_timescale_prototype_iter01\results\cache\minimal_B0_C09_S2_boundary_r3.mat,1034621,200f6ceda2616e1e506f4213e2e7165758dbb6b247383665e72b98cc74b4f4c0
dual_prototype,results\cache\minimal_B0_D03_id_iq_step_r1.mat,C:\Users\catkin\Documents\baseline_zhou\zhou_icf_mpc_dual_timescale_prototype_iter01\results\cache\minimal_B0_D03_id_iq_step_r1.mat,1024299,e2849b320d88121247e0934c23971a1107453ec9d5ee5202351d14e6c488ce82
dual_prototype,results\cache\minimal_B0_D03_id_iq_step_r2.mat,C:\Users\catkin\Documents\baseline_zhou\zhou_icf_mpc_dual_timescale_prototype_iter01\results\cache\minimal_B0_D03_id_iq_step_r2.mat,1024299,190575d15a21901f9c8b10db1bc4ae4293c66f0d8873dc95e05f079de1e2bec9
dual_prototype,results\cache\minimal_B0_D03_id_iq_step_r3.mat,C:\Users\catkin\Documents\baseline_zhou\zhou_icf_mpc_dual_timescale_prototype_iter01\results\cache\minimal_B0_D03_id_iq_step_r3.mat,1024299,33ca9af4869bfb19217669840eaf231ed6c94e77ac630f0c80d92b510ca11645
dual_prototype,results\cache\minimal_B0_P08_opposed_20pct_r1.mat,C:\Users\catkin\Documents\baseline_zhou\zhou_icf_mpc_dual_timescale_prototype_iter01\results\cache\minimal_B0_P08_opposed_20pct_r1.mat,1028784,34d4451a516b7a00f623331f4d263d9e0557b30c5786bdcd6a29e4829a1cb1b4
dual_prototype,results\cache\minimal_B0_P08_opposed_20pct_r2.mat,C:\Users\catkin\Documents\baseline_zhou\zhou_icf_mpc_dual_timescale_prototype_iter01\results\cache\minimal_B0_P08_opposed_20pct_r2.mat,1028784,b82e83686a99f258e3b72966ae880ceb11def836afd9927664dd109cb6e65059
dual_prototype,results\cache\minimal_B0_P08_opposed_20pct_r3.mat,C:\Users\catkin\Documents\baseline_zhou\zhou_icf_mpc_dual_timescale_prototype_iter01\results\cache\minimal_B0_P08_opposed_20pct_r3.mat,1028784,e21df1c8cb378f74c2444c1267f90c636c9f82618e8b90859aaf2db89e7eb2f7
dual_prototype,results\cache\minimal_B1_C01_nominal_100rpm_10A_r1.mat,C:\Users\catkin\Documents\baseline_zhou\zhou_icf_mpc_dual_timescale_prototype_iter01\results\cache\minimal_B1_C01_nominal_100rpm_10A_r1.mat,978673,298d71959b71842b3787f4195fd99229aeed34949f4baeb55e64da4649b58aca
dual_prototype,results\cache\minimal_B1_C01_nominal_100rpm_10A_r2.mat,C:\Users\catkin\Documents\baseline_zhou\zhou_icf_mpc_dual_timescale_prototype_iter01\results\cache\minimal_B1_C01_nominal_100rpm_10A_r2.mat,978673,65f2698d08b27fdd92baf4dfc87afd631c68af14ade3990a51bcdd544db62dc8
dual_prototype,results\cache\minimal_B1_C01_nominal_100rpm_10A_r3.mat,C:\Users\catkin\Documents\baseline_zhou\zhou_icf_mpc_dual_timescale_prototype_iter01\results\cache\minimal_B1_C01_nominal_100rpm_10A_r3.mat,978673,a56e5be07a55a5851f2c3b82f7acfff3df2d9f05df77d65c30f12c12458a18e0
dual_prototype,results\cache\minimal_B1_C07_known_false_safe_r1.mat,C:\Users\catkin\Documents\baseline_zhou\zhou_icf_mpc_dual_timescale_prototype_iter01\results\cache\minimal_B1_C07_known_false_safe_r1.mat,225432,87f84563ed765c96dd382bf5a3e6c480471f8206876b956ce325b440f3554125
dual_prototype,results\cache\minimal_B1_C07_known_false_safe_r2.mat,C:\Users\catkin\Documents\baseline_zhou\zhou_icf_mpc_dual_timescale_prototype_iter01\results\cache\minimal_B1_C07_known_false_safe_r2.mat,225432,edb53f24c3642e48611c04a0e9d8ffaafefb2b3d1c640f8ee19380859293c5f8
dual_prototype,results\cache\minimal_B1_C07_known_false_safe_r3.mat,C:\Users\catkin\Documents\baseline_zhou\zhou_icf_mpc_dual_timescale_prototype_iter01\results\cache\minimal_B1_C07_known_false_safe_r3.mat,225432,633b315b5a379e7b2418488588540b6c02096a26b2ba292d6e7dbdb2c8ce9f28
dual_prototype,results\cache\minimal_B1_C09_S2_boundary_r1.mat,C:\Users\catkin\Documents\baseline_zhou\zhou_icf_mpc_dual_timescale_prototype_iter01\results\cache\minimal_B1_C09_S2_boundary_r1.mat,1047044,2906119d27d511bda1fe68b7e33567715940d469ea71a76f7bcd4d42d112bac1
dual_prototype,results\cache\minimal_B1_C09_S2_boundary_r2.mat,C:\Users\catkin\Documents\baseline_zhou\zhou_icf_mpc_dual_timescale_prototype_iter01\results\cache\minimal_B1_C09_S2_boundary_r2.mat,1047044,c8203756477ee856eb318a421912f8fde7d139176f6b00b7d63c5b2525bc3407
dual_prototype,results\cache\minimal_B1_C09_S2_boundary_r3.mat,C:\Users\catkin\Documents\baseline_zhou\zhou_icf_mpc_dual_timescale_prototype_iter01\results\cache\minimal_B1_C09_S2_boundary_r3.mat,1047044,6f578571a026ffe58594b35e4498d9a68d712bef7159ac91eaad7cc17f7fdf21
dual_prototype,results\cache\minimal_B1_D03_id_iq_step_r1.mat,C:\Users\catkin\Documents\baseline_zhou\zhou_icf_mpc_dual_timescale_prototype_iter01\results\cache\minimal_B1_D03_id_iq_step_r1.mat,1024153,2cbc8fb25494ebbf4865377b3324f81a7ad2d72fb7c2a9f415306814477f71c0
dual_prototype,results\cache\minimal_B1_D03_id_iq_step_r2.mat,C:\Users\catkin\Documents\baseline_zhou\zhou_icf_mpc_dual_timescale_prototype_iter01\results\cache\minimal_B1_D03_id_iq_step_r2.mat,1024153,b04143434763ca314f273ddbfbdd01fbf53adaee1b6cf7ebb6e012e0c3a2aeab
dual_prototype,results\cache\minimal_B1_D03_id_iq_step_r3.mat,C:\Users\catkin\Documents\baseline_zhou\zhou_icf_mpc_dual_timescale_prototype_iter01\results\cache\minimal_B1_D03_id_iq_step_r3.mat,1024153,6a701d85fa390a6ea8d3e7a56c1cf3ffd0d09859e4cfa0f4bc3a929f803ad413
dual_prototype,results\cache\minimal_B1_P08_opposed_20pct_r1.mat,C:\Users\catkin\Documents\baseline_zhou\zhou_icf_mpc_dual_timescale_prototype_iter01\results\cache\minimal_B1_P08_opposed_20pct_r1.mat,1033135,3c4d79dd1dda4c328fa0514e0e29b911161d4a4584b4195c01de377ecdb10560
dual_prototype,results\cache\minimal_B1_P08_opposed_20pct_r2.mat,C:\Users\catkin\Documents\baseline_zhou\zhou_icf_mpc_dual_timescale_prototype_iter01\results\cache\minimal_B1_P08_opposed_20pct_r2.mat,1033135,4a014013bf33c77a5e76ea3b67fa8b92d3695a0fe08fd1c5f263bfb3afbe235a
dual_prototype,results\cache\minimal_B1_P08_opposed_20pct_r3.mat,C:\Users\catkin\Documents\baseline_zhou\zhou_icf_mpc_dual_timescale_prototype_iter01\results\cache\minimal_B1_P08_opposed_20pct_r3.mat,1033135,f0aaee74e3052db1f4e020e24316282457c212d05a97f1652aa4ceadd97bae00
dual_prototype,results\cache\minimal_B2_C01_nominal_100rpm_10A_r1.mat,C:\Users\catkin\Documents\baseline_zhou\zhou_icf_mpc_dual_timescale_prototype_iter01\results\cache\minimal_B2_C01_nominal_100rpm_10A_r1.mat,978758,24af4f0914be00bc47b7eaac4c94a86673793996483919d7ef798d766c6dbab7
dual_prototype,results\cache\minimal_B2_C01_nominal_100rpm_10A_r2.mat,C:\Users\catkin\Documents\baseline_zhou\zhou_icf_mpc_dual_timescale_prototype_iter01\results\cache\minimal_B2_C01_nominal_100rpm_10A_r2.mat,978758,5fb3e594a98e1e8dc74c7f0d874151af834824bd1b7a17ea2da9c4403e5cc619
dual_prototype,results\cache\minimal_B2_C01_nominal_100rpm_10A_r3.mat,C:\Users\catkin\Documents\baseline_zhou\zhou_icf_mpc_dual_timescale_prototype_iter01\results\cache\minimal_B2_C01_nominal_100rpm_10A_r3.mat,978758,b53fae20ee765ec885e70f6acf756e6658465bea019f5c5e911df969264fc980
dual_prototype,results\cache\minimal_B2_C07_known_false_safe_r1.mat,C:\Users\catkin\Documents\baseline_zhou\zhou_icf_mpc_dual_timescale_prototype_iter01\results\cache\minimal_B2_C07_known_false_safe_r1.mat,223944,93fb30eb0091af790e5c88c4d14515c4d6a5de96cb8982ffdf7a426ef292b76b
dual_prototype,results\cache\minimal_B2_C07_known_false_safe_r2.mat,C:\Users\catkin\Documents\baseline_zhou\zhou_icf_mpc_dual_timescale_prototype_iter01\results\cache\minimal_B2_C07_known_false_safe_r2.mat,223944,33e933243d91e25e4c017d1e2c5c1a4cd0468e287ac0d325442e061fd804eba2
dual_prototype,results\cache\minimal_B2_C07_known_false_safe_r3.mat,C:\Users\catkin\Documents\baseline_zhou\zhou_icf_mpc_dual_timescale_prototype_iter01\results\cache\minimal_B2_C07_known_false_safe_r3.mat,223944,15de14df8b57fba1fcab08c79e357b655156beb6da68b6b4b8e7824824a3a87e
dual_prototype,results\cache\minimal_B2_C09_S2_boundary_r1.mat,C:\Users\catkin\Documents\baseline_zhou\zhou_icf_mpc_dual_timescale_prototype_iter01\results\cache\minimal_B2_C09_S2_boundary_r1.mat,1047714,f7bd7c24abc383238c8acfaf1677262f170a4b697d0307bb11c7b257ddd0577f
dual_prototype,results\cache\minimal_B2_C09_S2_boundary_r2.mat,C:\Users\catkin\Documents\baseline_zhou\zhou_icf_mpc_dual_timescale_prototype_iter01\results\cache\minimal_B2_C09_S2_boundary_r2.mat,1047714,3d804a1a956100f21aeb5e0dce345d5c6650e7efef39febddf150c7900f8a7cf
dual_prototype,results\cache\minimal_B2_C09_S2_boundary_r3.mat,C:\Users\catkin\Documents\baseline_zhou\zhou_icf_mpc_dual_timescale_prototype_iter01\results\cache\minimal_B2_C09_S2_boundary_r3.mat,1047714,215d3eb8915259e9eaa8db480e23138037e95d011ca4e195d2c5fa86acbf5696
dual_prototype,results\cache\minimal_B2_D03_id_iq_step_r1.mat,C:\Users\catkin\Documents\baseline_zhou\zhou_icf_mpc_dual_timescale_prototype_iter01\results\cache\minimal_B2_D03_id_iq_step_r1.mat,1025000,581ab359470a68c7af7e7e8411d8d776f94abaab0af58a4f332dcf2f6a578784
dual_prototype,results\cache\minimal_B2_D03_id_iq_step_r2.mat,C:\Users\catkin\Documents\baseline_zhou\zhou_icf_mpc_dual_timescale_prototype_iter01\results\cache\minimal_B2_D03_id_iq_step_r2.mat,1025000,b0132b37ce8f71ba5e8967d6eb1ed31ebbba6e878ad4a68838a3ec2610e844a1
dual_prototype,results\cache\minimal_B2_D03_id_iq_step_r3.mat,C:\Users\catkin\Documents\baseline_zhou\zhou_icf_mpc_dual_timescale_prototype_iter01\results\cache\minimal_B2_D03_id_iq_step_r3.mat,1025000,a71b35129ad7f66134575de47a67b654eb912d04d97d8075fdca6d821dd0e66d
dual_prototype,results\cache\minimal_B2_P08_opposed_20pct_r1.mat,C:\Users\catkin\Documents\baseline_zhou\zhou_icf_mpc_dual_timescale_prototype_iter01\results\cache\minimal_B2_P08_opposed_20pct_r1.mat,1036227,f8af035f1742fc7886af1be002035073a05baf2216302df2feec2d4b78f0d60b
dual_prototype,results\cache\minimal_B2_P08_opposed_20pct_r2.mat,C:\Users\catkin\Documents\baseline_zhou\zhou_icf_mpc_dual_timescale_prototype_iter01\results\cache\minimal_B2_P08_opposed_20pct_r2.mat,1036227,5e56997c057b5b7326c8c202e9579cfab1c4c14108fc3c3c9faebfd80362c9f0
dual_prototype,results\cache\minimal_B2_P08_opposed_20pct_r3.mat,C:\Users\catkin\Documents\baseline_zhou\zhou_icf_mpc_dual_timescale_prototype_iter01\results\cache\minimal_B2_P08_opposed_20pct_r3.mat,1036227,89a074fe7681cc93902134cbe70e53e3ee719beb22695a21668bd9f8604146df
dual_prototype,results\cache\minimal_P_C01_nominal_100rpm_10A_r1.mat,C:\Users\catkin\Documents\baseline_zhou\zhou_icf_mpc_dual_timescale_prototype_iter01\results\cache\minimal_P_C01_nominal_100rpm_10A_r1.mat,979730,2c9130764059e4960c5d4a93ff7b241d5e166f6347a1e44f997fa4cce382e022
dual_prototype,results\cache\minimal_P_C01_nominal_100rpm_10A_r2.mat,C:\Users\catkin\Documents\baseline_zhou\zhou_icf_mpc_dual_timescale_prototype_iter01\results\cache\minimal_P_C01_nominal_100rpm_10A_r2.mat,979730,2d69d0a8184f0edad30492ae612432db0c2a3adf88030c6a74eb3ff78174c94b
dual_prototype,results\cache\minimal_P_C01_nominal_100rpm_10A_r3.mat,C:\Users\catkin\Documents\baseline_zhou\zhou_icf_mpc_dual_timescale_prototype_iter01\results\cache\minimal_P_C01_nominal_100rpm_10A_r3.mat,979730,d4f43fc708f3c342f5900679f7a7f01a0e121712e4488832ed2487115a0a9acd
dual_prototype,results\cache\minimal_P_C07_known_false_safe_r1.mat,C:\Users\catkin\Documents\baseline_zhou\zhou_icf_mpc_dual_timescale_prototype_iter01\results\cache\minimal_P_C07_known_false_safe_r1.mat,224072,9c3f1b4f75304f13b1941de387773506ed4e41d34e604707b038f5a517200c52
dual_prototype,results\cache\minimal_P_C07_known_false_safe_r2.mat,C:\Users\catkin\Documents\baseline_zhou\zhou_icf_mpc_dual_timescale_prototype_iter01\results\cache\minimal_P_C07_known_false_safe_r2.mat,224072,dbe3fb1ec4e9da78a7eae95680030c814c3843344e032c8d7965e69dd3f4acb7
dual_prototype,results\cache\minimal_P_C07_known_false_safe_r3.mat,C:\Users\catkin\Documents\baseline_zhou\zhou_icf_mpc_dual_timescale_prototype_iter01\results\cache\minimal_P_C07_known_false_safe_r3.mat,224072,c471b1a87604bdcd48f6027a73caa62c5336f1c03a1b7cffe3caf4f022622f13
dual_prototype,results\cache\minimal_P_C09_S2_boundary_r1.mat,C:\Users\catkin\Documents\baseline_zhou\zhou_icf_mpc_dual_timescale_prototype_iter01\results\cache\minimal_P_C09_S2_boundary_r1.mat,1047585,e0d8d20a30f2932f8816a1a8ec265804a23d54c35325b3c95c4eaaef953acfb7
dual_prototype,results\cache\minimal_P_C09_S2_boundary_r2.mat,C:\Users\catkin\Documents\baseline_zhou\zhou_icf_mpc_dual_timescale_prototype_iter01\results\cache\minimal_P_C09_S2_boundary_r2.mat,1047585,3394893d549dc2f8c7505ecd1acf7b7ebd1a8765bedbdd73d202e973c37e3749
dual_prototype,results\cache\minimal_P_C09_S2_boundary_r3.mat,C:\Users\catkin\Documents\baseline_zhou\zhou_icf_mpc_dual_timescale_prototype_iter01\results\cache\minimal_P_C09_S2_boundary_r3.mat,1047585,3ace3aec2775c775fe75a5912a693720b264e74a01fe4d77c0ad5464c56e4aaa
dual_prototype,results\cache\minimal_P_D03_id_iq_step_r1.mat,C:\Users\catkin\Documents\baseline_zhou\zhou_icf_mpc_dual_timescale_prototype_iter01\results\cache\minimal_P_D03_id_iq_step_r1.mat,1024964,61d9fa7ef1da045fc990ffe01f083550142d6b4dea3f7d347e779fa755439c8c
dual_prototype,results\cache\minimal_P_D03_id_iq_step_r2.mat,C:\Users\catkin\Documents\baseline_zhou\zhou_icf_mpc_dual_timescale_prototype_iter01\results\cache\minimal_P_D03_id_iq_step_r2.mat,1024964,6589ae64343b4992e22cd9df4ef5ba83170e96e50145124193a5b83343a77577
dual_prototype,results\cache\minimal_P_D03_id_iq_step_r3.mat,C:\Users\catkin\Documents\baseline_zhou\zhou_icf_mpc_dual_timescale_prototype_iter01\results\cache\minimal_P_D03_id_iq_step_r3.mat,1024964,d9deff4fcdcfc8aff5a0c827e39e6c39ac3bfbc62e8d30385feb1a912bec0d93
dual_prototype,results\cache\minimal_P_P08_opposed_20pct_r1.mat,C:\Users\catkin\Documents\baseline_zhou\zhou_icf_mpc_dual_timescale_prototype_iter01\results\cache\minimal_P_P08_opposed_20pct_r1.mat,1036634,c0e91db6682eeb3f4577da8024eb4249be3546424c6185c207a2baa517c8bfeb
dual_prototype,results\cache\minimal_P_P08_opposed_20pct_r2.mat,C:\Users\catkin\Documents\baseline_zhou\zhou_icf_mpc_dual_timescale_prototype_iter01\results\cache\minimal_P_P08_opposed_20pct_r2.mat,1036634,48e5a3b7007fee76aefaaeed191e8d6e04c0088dd3f829fac8f43539c7aaf316
dual_prototype,results\cache\minimal_P_P08_opposed_20pct_r3.mat,C:\Users\catkin\Documents\baseline_zhou\zhou_icf_mpc_dual_timescale_prototype_iter01\results\cache\minimal_P_P08_opposed_20pct_r3.mat,1036634,616ee30b25b8f39a2dd61742d269de6836b29668473d7d65cc14f31ee060951a
dual_prototype,results\cache\minimal_RLS_C01_nominal_100rpm_10A_r1.mat,C:\Users\catkin\Documents\baseline_zhou\zhou_icf_mpc_dual_timescale_prototype_iter01\results\cache\minimal_RLS_C01_nominal_100rpm_10A_r1.mat,979131,a4c835afa42b7aa8beb4930c67927263165b4b82b1f49592c95119615d743a44
dual_prototype,results\cache\minimal_RLS_C01_nominal_100rpm_10A_r2.mat,C:\Users\catkin\Documents\baseline_zhou\zhou_icf_mpc_dual_timescale_prototype_iter01\results\cache\minimal_RLS_C01_nominal_100rpm_10A_r2.mat,979131,164cd08d287bd5fda68d2985a6a32ca4f8f70b275006155b4c2ac4e22affc150
dual_prototype,results\cache\minimal_RLS_C01_nominal_100rpm_10A_r3.mat,C:\Users\catkin\Documents\baseline_zhou\zhou_icf_mpc_dual_timescale_prototype_iter01\results\cache\minimal_RLS_C01_nominal_100rpm_10A_r3.mat,979131,5c347a8cbe3831475d23784e16d66825a779a8e1cb23b208151df8c2fe3fa525
dual_prototype,results\cache\minimal_RLS_C07_known_false_safe_r1.mat,C:\Users\catkin\Documents\baseline_zhou\zhou_icf_mpc_dual_timescale_prototype_iter01\results\cache\minimal_RLS_C07_known_false_safe_r1.mat,225488,41e6b2763fdcc3bb1afa4940ee4ea08c7e7d5de80218d132cf2641a16469c871
dual_prototype,results\cache\minimal_RLS_C07_known_false_safe_r2.mat,C:\Users\catkin\Documents\baseline_zhou\zhou_icf_mpc_dual_timescale_prototype_iter01\results\cache\minimal_RLS_C07_known_false_safe_r2.mat,225488,ebf83ddb2c81d495ae78f2bf7b8fc59b223c1a2901a8163fd6f6cf740c92ae88
dual_prototype,results\cache\minimal_RLS_C07_known_false_safe_r3.mat,C:\Users\catkin\Documents\baseline_zhou\zhou_icf_mpc_dual_timescale_prototype_iter01\results\cache\minimal_RLS_C07_known_false_safe_r3.mat,225488,5114e06945e3ecc60dbffda30c68775df162b5976789c6b6b1b4477952f74c20
dual_prototype,results\cache\minimal_RLS_C09_S2_boundary_r1.mat,C:\Users\catkin\Documents\baseline_zhou\zhou_icf_mpc_dual_timescale_prototype_iter01\results\cache\minimal_RLS_C09_S2_boundary_r1.mat,264458,5f9824c462587a77f6fbc3a2295aad87b63c90aa2473a4bdc6fb24c30fe6d7cd
dual_prototype,results\cache\minimal_RLS_C09_S2_boundary_r2.mat,C:\Users\catkin\Documents\baseline_zhou\zhou_icf_mpc_dual_timescale_prototype_iter01\results\cache\minimal_RLS_C09_S2_boundary_r2.mat,264458,925a583b5a11e0160a1589cf85a8fad759709e122e55902c61c877816e076aca
dual_prototype,results\cache\minimal_RLS_C09_S2_boundary_r3.mat,C:\Users\catkin\Documents\baseline_zhou\zhou_icf_mpc_dual_timescale_prototype_iter01\results\cache\minimal_RLS_C09_S2_boundary_r3.mat,264458,a4633f8f42923385225d9c1b2bef2cf125c452b86199c9b8960a9f152bc3e15e
dual_prototype,results\cache\minimal_RLS_D03_id_iq_step_r1.mat,C:\Users\catkin\Documents\baseline_zhou\zhou_icf_mpc_dual_timescale_prototype_iter01\results\cache\minimal_RLS_D03_id_iq_step_r1.mat,1024065,c86a60a9fd203c57eda9ac04123704c544d33285874d8734aef6205cac87580e
dual_prototype,results\cache\minimal_RLS_D03_id_iq_step_r2.mat,C:\Users\catkin\Documents\baseline_zhou\zhou_icf_mpc_dual_timescale_prototype_iter01\results\cache\minimal_RLS_D03_id_iq_step_r2.mat,1024065,1a08126028e48312af0b002b3d21d8c9d1bd9f3340e84c74fd596456d8ad1b25
dual_prototype,results\cache\minimal_RLS_D03_id_iq_step_r3.mat,C:\Users\catkin\Documents\baseline_zhou\zhou_icf_mpc_dual_timescale_prototype_iter01\results\cache\minimal_RLS_D03_id_iq_step_r3.mat,1024065,0e0598f61876220bc0501d6839e5c883193cd53b750e8c535b9958369b107f63
dual_prototype,results\cache\minimal_RLS_P08_opposed_20pct_r1.mat,C:\Users\catkin\Documents\baseline_zhou\zhou_icf_mpc_dual_timescale_prototype_iter01\results\cache\minimal_RLS_P08_opposed_20pct_r1.mat,1024782,29639c8f1becee13c7c47453af8147f9cffb3216f552655828000f9354811ba4
dual_prototype,results\cache\minimal_RLS_P08_opposed_20pct_r2.mat,C:\Users\catkin\Documents\baseline_zhou\zhou_icf_mpc_dual_timescale_prototype_iter01\results\cache\minimal_RLS_P08_opposed_20pct_r2.mat,1024782,3b4fd010aaf1368806fb4ca97fbaf5ae838e0238812802add46dedeb21b743cf
dual_prototype,results\cache\minimal_RLS_P08_opposed_20pct_r3.mat,C:\Users\catkin\Documents\baseline_zhou\zhou_icf_mpc_dual_timescale_prototype_iter01\results\cache\minimal_RLS_P08_opposed_20pct_r3.mat,1024782,1e481781d7125ce1800063df303a96eb1963456a333100558cc427cc1eb6bb39
dual_prototype,results\cache\wiring_B0_C01_nominal_100rpm_10A_r1.mat,C:\Users\catkin\Documents\baseline_zhou\zhou_icf_mpc_dual_timescale_prototype_iter01\results\cache\wiring_B0_C01_nominal_100rpm_10A_r1.mat,978985,ec0735db74b2c603cee0b94bf59ddbb068087897442b6cc42ca4ef5bf1fdba5f
dual_prototype,results\cache\wiring_B0_C01_nominal_100rpm_10A_r2.mat,C:\Users\catkin\Documents\baseline_zhou\zhou_icf_mpc_dual_timescale_prototype_iter01\results\cache\wiring_B0_C01_nominal_100rpm_10A_r2.mat,978985,605f0628a87ae8538be9f2a974a7f0f9286394a24880a33a773314940be7b6d6
dual_prototype,results\cache\wiring_B0_C01_nominal_100rpm_10A_r3.mat,C:\Users\catkin\Documents\baseline_zhou\zhou_icf_mpc_dual_timescale_prototype_iter01\results\cache\wiring_B0_C01_nominal_100rpm_10A_r3.mat,978985,784056987e8002ca835d785c41d6bf4157a7c673243d3abe1fa56729e4b9ec80
dual_prototype,results\figures\minimal\01_false_safe_comparison.png,C:\Users\catkin\Documents\baseline_zhou\zhou_icf_mpc_dual_timescale_prototype_iter01\results\figures\minimal\01_false_safe_comparison.png,21600,0c4342b62a8c8ca448b1066b0d7c8f4d5e827e06e5a1ccdee1b712ae95686e46
dual_prototype,results\figures\minimal\02_false_alarm_comparison.png,C:\Users\catkin\Documents\baseline_zhou\zhou_icf_mpc_dual_timescale_prototype_iter01\results\figures\minimal\02_false_alarm_comparison.png,21950,bff34169a04b431f4d26ace6f673bae775d495441b6f3d94d357f7aecaca9ee5
dual_prototype,results\figures\minimal\03_prediction_rms_comparison.png,C:\Users\catkin\Documents\baseline_zhou\zhou_icf_mpc_dual_timescale_prototype_iter01\results\figures\minimal\03_prediction_rms_comparison.png,24070,3454d7d62f6ae42412c1ee7c7bba195440320582f1e3ca2f186520e1f561cbf1
dual_prototype,results\figures\minimal\04_known_false_safe_time_domain.png,C:\Users\catkin\Documents\baseline_zhou\zhou_icf_mpc_dual_timescale_prototype_iter01\results\figures\minimal\04_known_false_safe_time_domain.png,29962,1a209243671b1a251e34dc577eca3c740040fb2ec66318cf2d031389e40009c0
dual_prototype,results\figures\minimal\05_alpha_trajectories.png,C:\Users\catkin\Documents\baseline_zhou\zhou_icf_mpc_dual_timescale_prototype_iter01\results\figures\minimal\05_alpha_trajectories.png,33027,90fa02ea4f4231f738a0fcb596d899150a2860e81df33d38448fecb2b7e8b560
dual_prototype,results\figures\minimal\figure_manifest.csv,C:\Users\catkin\Documents\baseline_zhou\zhou_icf_mpc_dual_timescale_prototype_iter01\results\figures\minimal\figure_manifest.csv,1015,3d9796ddfb35d85ffc8410822e91f5cb5a3158e7786f6c6d753f081835057ae1
dual_prototype,results\raw\closed_loop_samples_B0.csv,C:\Users\catkin\Documents\baseline_zhou\zhou_icf_mpc_dual_timescale_prototype_iter01\results\raw\closed_loop_samples_B0.csv,4637334,d6a9866c461fd60a2e5fc1c71fe90104dfbcaf7396656060e9b3d26f2d571471
dual_prototype,results\raw\closed_loop_samples_B1.csv,C:\Users\catkin\Documents\baseline_zhou\zhou_icf_mpc_dual_timescale_prototype_iter01\results\raw\closed_loop_samples_B1.csv,5257031,afb1bf3da009436f3e8804f5f30a7a0697dc8f3c25da54444e9b7845c948bc7f
dual_prototype,results\raw\closed_loop_samples_B2.csv,C:\Users\catkin\Documents\baseline_zhou\zhou_icf_mpc_dual_timescale_prototype_iter01\results\raw\closed_loop_samples_B2.csv,5271420,60bd452c90c9e7e4c291639ab25b1d24e1f33179e2f53cc1c829c5ba37daf7c2
dual_prototype,results\raw\closed_loop_samples_P.csv,C:\Users\catkin\Documents\baseline_zhou\zhou_icf_mpc_dual_timescale_prototype_iter01\results\raw\closed_loop_samples_P.csv,5271432,fde192481fc1e7419610f144545bd997040c5ed5fdcf4a3d211b6d5cdc29eb56
dual_prototype,results\raw\closed_loop_samples_RLS.csv,C:\Users\catkin\Documents\baseline_zhou\zhou_icf_mpc_dual_timescale_prototype_iter01\results\raw\closed_loop_samples_RLS.csv,3821335,bee8ce622ff7e2107fbeb8a8f4aad53797b61774a5170880cf12bc6d023edc15
dual_prototype,results\raw\control_decisions_B0.csv,C:\Users\catkin\Documents\baseline_zhou\zhou_icf_mpc_dual_timescale_prototype_iter01\results\raw\control_decisions_B0.csv,1904301,d13175c13463aec463329daf711a16828d1ab1b3bc0d5669e3e94750e97d12a3
dual_prototype,results\raw\control_decisions_B1.csv,C:\Users\catkin\Documents\baseline_zhou\zhou_icf_mpc_dual_timescale_prototype_iter01\results\raw\control_decisions_B1.csv,1883148,79e2c917b26db51e0331a30039961b96b535b50c65c83289716735dcb5229352
dual_prototype,results\raw\control_decisions_B2.csv,C:\Users\catkin\Documents\baseline_zhou\zhou_icf_mpc_dual_timescale_prototype_iter01\results\raw\control_decisions_B2.csv,1891764,c2bc85841e075b0c815850658e5e28566e9b948309cf16a2dcd725fb8363f417
dual_prototype,results\raw\control_decisions_P.csv,C:\Users\catkin\Documents\baseline_zhou\zhou_icf_mpc_dual_timescale_prototype_iter01\results\raw\control_decisions_P.csv,1890646,aeac4fa827d2de399c79fbbd85b69768eb1498fb8fc896337d4fc83b11e2a373
dual_prototype,results\raw\control_decisions_RLS.csv,C:\Users\catkin\Documents\baseline_zhou\zhou_icf_mpc_dual_timescale_prototype_iter01\results\raw\control_decisions_RLS.csv,1318675,15816f9af2296b785f9159554ced787ff69d541cbf5c7e4e0a8588549a867cba
dual_prototype,results\raw\estimator_gate_log.csv,C:\Users\catkin\Documents\baseline_zhou\zhou_icf_mpc_dual_timescale_prototype_iter01\results\raw\estimator_gate_log.csv,413670,8cac63b7a5fad95f3af0dc08d55dd315b6161c066e3b993dd1dd4e440bd520dc
dual_prototype,results\raw\estimator_states_B0.csv,C:\Users\catkin\Documents\baseline_zhou\zhou_icf_mpc_dual_timescale_prototype_iter01\results\raw\estimator_states_B0.csv,833652,7b697b7b264386f29e085e2d974fbd04fb8f9c2d65f4a75a0fcd37fb69d3d894
dual_prototype,results\raw\estimator_states_B1.csv,C:\Users\catkin\Documents\baseline_zhou\zhou_icf_mpc_dual_timescale_prototype_iter01\results\raw\estimator_states_B1.csv,1191605,e31a5564cd6ac768cdc8f9accc5cf2397219d34271c60844df46d2572bc87aa3
dual_prototype,results\raw\estimator_states_B2.csv,C:\Users\catkin\Documents\baseline_zhou\zhou_icf_mpc_dual_timescale_prototype_iter01\results\raw\estimator_states_B2.csv,1194655,50bfc3bd1674a0bf07abc57fe1ddeb3f10c4c06ee50990a365c852d76fd5ae33
dual_prototype,results\raw\estimator_states_P.csv,C:\Users\catkin\Documents\baseline_zhou\zhou_icf_mpc_dual_timescale_prototype_iter01\results\raw\estimator_states_P.csv,1189020,87e473f7e6870d88376348b7866ee40a217371859d46a468eafe196c136b40e0
dual_prototype,results\raw\estimator_states_RLS.csv,C:\Users\catkin\Documents\baseline_zhou\zhou_icf_mpc_dual_timescale_prototype_iter01\results\raw\estimator_states_RLS.csv,862259,167cdd101e795668d29f0a226f9b232e700ee1d2654bbe6fa775c7c6b686328b
dual_prototype,results\raw\timing_trace.csv,C:\Users\catkin\Documents\baseline_zhou\zhou_icf_mpc_dual_timescale_prototype_iter01\results\raw\timing_trace.csv,340088,3a8494bb23f5bc8ceee60fcbd7da631a0fc2bb3fcade2adfc76aa51ce8bc745e
dual_prototype,results\summary\ablation_metrics.csv,C:\Users\catkin\Documents\baseline_zhou\zhou_icf_mpc_dual_timescale_prototype_iter01\results\summary\ablation_metrics.csv,133,9a222e93cda83d2f267783fc02be47011baefc9f313f51f78abece553dc46c91
dual_prototype,results\summary\baseline_case_metrics.csv,C:\Users\catkin\Documents\baseline_zhou\zhou_icf_mpc_dual_timescale_prototype_iter01\results\summary\baseline_case_metrics.csv,13982,9b78d040412a8578d7cbc9461f1f3610c3bd10d68052a92fbff22217acd1b507
dual_prototype,results\summary\baseline_cohort_metrics.csv,C:\Users\catkin\Documents\baseline_zhou\zhou_icf_mpc_dual_timescale_prototype_iter01\results\summary\baseline_cohort_metrics.csv,881,cc51e2c874ced8aa82fcf8f53b450e23a586691d0b61a2a0472b7299d48d3b2d
dual_prototype,results\summary\baseline_method_metrics.csv,C:\Users\catkin\Documents\baseline_zhou\zhou_icf_mpc_dual_timescale_prototype_iter01\results\summary\baseline_method_metrics.csv,499,b99c20ade5a4c036cd301970d8712136a0bb7a968c1244bcd12afaf1d2c2f7d6
dual_prototype,results\summary\baseline_repeatability.csv,C:\Users\catkin\Documents\baseline_zhou\zhou_icf_mpc_dual_timescale_prototype_iter01\results\summary\baseline_repeatability.csv,781,1f3ae3e09436946f36db174b643d3763d54e71d2c26f68969c3603c9782c11e0
dual_prototype,results\summary\baseline_reproduction.csv,C:\Users\catkin\Documents\baseline_zhou\zhou_icf_mpc_dual_timescale_prototype_iter01\results\summary\baseline_reproduction.csv,1433,13eb35d400780268dc6328a0bf255cee2158524ec486736fec1e353b63d91311
dual_prototype,results\summary\calibration_aggressive_case_metrics.csv,C:\Users\catkin\Documents\baseline_zhou\zhou_icf_mpc_dual_timescale_prototype_iter01\results\summary\calibration_aggressive_case_metrics.csv,2750,3b26cb798e64e999a30b3ebff722ffc8d606de3b0a098dcb3cb71431e7b4d3a9
dual_prototype,results\summary\calibration_aggressive_cohort_metrics.csv,C:\Users\catkin\Documents\baseline_zhou\zhou_icf_mpc_dual_timescale_prototype_iter01\results\summary\calibration_aggressive_cohort_metrics.csv,943,b2921ec129882421935ceac5dd9cd91ca90932952a21c18905516ebced9bb6ad
dual_prototype,results\summary\calibration_aggressive_method_metrics.csv,C:\Users\catkin\Documents\baseline_zhou\zhou_icf_mpc_dual_timescale_prototype_iter01\results\summary\calibration_aggressive_method_metrics.csv,561,75b2a7af1777ad895b3e66c85694aa9ea750c9e796305043e0f6686ace6a7fd2
dual_prototype,results\summary\calibration_aggressive_repeatability.csv,C:\Users\catkin\Documents\baseline_zhou\zhou_icf_mpc_dual_timescale_prototype_iter01\results\summary\calibration_aggressive_repeatability.csv,156,0671e22ee992fa35aac419f7262ec2e46a8a0b743ebc8482c9c4c10122fc9d0e
dual_prototype,results\summary\calibration_conservative_case_metrics.csv,C:\Users\catkin\Documents\baseline_zhou\zhou_icf_mpc_dual_timescale_prototype_iter01\results\summary\calibration_conservative_case_metrics.csv,2711,1261a44cb1b881cbca414d162ff272904defd0d5cd170fd559ddb857bf47af9e
dual_prototype,results\summary\calibration_conservative_cohort_metrics.csv,C:\Users\catkin\Documents\baseline_zhou\zhou_icf_mpc_dual_timescale_prototype_iter01\results\summary\calibration_conservative_cohort_metrics.csv,930,ccbaf4270b6b9189e068d22920f394f633356559b4a7f2d57b8d331a3f408ccc
dual_prototype,results\summary\calibration_conservative_method_metrics.csv,C:\Users\catkin\Documents\baseline_zhou\zhou_icf_mpc_dual_timescale_prototype_iter01\results\summary\calibration_conservative_method_metrics.csv,561,de622def116b420e99ff9ea3f8b6263abe2859ec5470bfa084ed44884270f744
dual_prototype,results\summary\calibration_conservative_repeatability.csv,C:\Users\catkin\Documents\baseline_zhou\zhou_icf_mpc_dual_timescale_prototype_iter01\results\summary\calibration_conservative_repeatability.csv,156,0671e22ee992fa35aac419f7262ec2e46a8a0b743ebc8482c9c4c10122fc9d0e
dual_prototype,results\summary\calibration_design_default_case_metrics.csv,C:\Users\catkin\Documents\baseline_zhou\zhou_icf_mpc_dual_timescale_prototype_iter01\results\summary\calibration_design_default_case_metrics.csv,2759,f5cff6a26024b309afd751c4f84e327a8ccb3517a8f7f39a93d7c5a3d27ff3a7
dual_prototype,results\summary\calibration_design_default_cohort_metrics.csv,C:\Users\catkin\Documents\baseline_zhou\zhou_icf_mpc_dual_timescale_prototype_iter01\results\summary\calibration_design_default_cohort_metrics.csv,965,afdca06ff9896f9d50777d6e07be9f143f02701bfd9a08c94e4ce8a13b4f79b5
dual_prototype,results\summary\calibration_design_default_method_metrics.csv,C:\Users\catkin\Documents\baseline_zhou\zhou_icf_mpc_dual_timescale_prototype_iter01\results\summary\calibration_design_default_method_metrics.csv,558,58b0df61d211bd5092f746a42b4dfb6b0428b871f689ba487e608fdaaaa3cbe8
dual_prototype,results\summary\calibration_design_default_repeatability.csv,C:\Users\catkin\Documents\baseline_zhou\zhou_icf_mpc_dual_timescale_prototype_iter01\results\summary\calibration_design_default_repeatability.csv,156,0671e22ee992fa35aac419f7262ec2e46a8a0b743ebc8482c9c4c10122fc9d0e
dual_prototype,results\summary\case_metrics.csv,C:\Users\catkin\Documents\baseline_zhou\zhou_icf_mpc_dual_timescale_prototype_iter01\results\summary\case_metrics.csv,45463,ddd7ef6d5c8f9b569576eca583c9463ff73ad4b9dd4c5e653d08c30892b48835
dual_prototype,results\summary\cohort_metrics.csv,C:\Users\catkin\Documents\baseline_zhou\zhou_icf_mpc_dual_timescale_prototype_iter01\results\summary\cohort_metrics.csv,3488,e8ee1134e5c8e6cbafe41da9b2950b69475c31b79cf9b70324d579a24b598869
dual_prototype,results\summary\constraint_confusion.csv,C:\Users\catkin\Documents\baseline_zhou\zhou_icf_mpc_dual_timescale_prototype_iter01\results\summary\constraint_confusion.csv,398,f4dbdc00632d04e25228708ca6b4c9e7a74b7131e667d45de3adacb185eafc0d
dual_prototype,results\summary\control_performance.csv,C:\Users\catkin\Documents\baseline_zhou\zhou_icf_mpc_dual_timescale_prototype_iter01\results\summary\control_performance.csv,605,feac70336ee49639cba8c9ed4afa654839e843b0cdf40c3754687e29d10682bb
dual_prototype,results\summary\estimator_statistics.csv,C:\Users\catkin\Documents\baseline_zhou\zhou_icf_mpc_dual_timescale_prototype_iter01\results\summary\estimator_statistics.csv,501,b572174fffab84ac6211edb6e9a8a74e121392455c89983e5a2bc2a4d2eef55d
dual_prototype,results\summary\execution_time_metrics.csv,C:\Users\catkin\Documents\baseline_zhou\zhou_icf_mpc_dual_timescale_prototype_iter01\results\summary\execution_time_metrics.csv,131,5126369342cd8df79956141813a448e96e2779cfe88ec70b66955b675d0b548f
dual_prototype,results\summary\final_decision.csv,C:\Users\catkin\Documents\baseline_zhou\zhou_icf_mpc_dual_timescale_prototype_iter01\results\summary\final_decision.csv,506,f2109107d6abe9fbb585db7553c51c435cbba2cdc1e56397700170f51e85c6c2
dual_prototype,results\summary\freeze_reason_counts.csv,C:\Users\catkin\Documents\baseline_zhou\zhou_icf_mpc_dual_timescale_prototype_iter01\results\summary\freeze_reason_counts.csv,190,5bc5907a74d75380ba1cacce099773f9ee2e1b9efd0378ad639fc81fddc7957f
dual_prototype,results\summary\gate_statistics.csv,C:\Users\catkin\Documents\baseline_zhou\zhou_icf_mpc_dual_timescale_prototype_iter01\results\summary\gate_statistics.csv,368,dffec015cd6c8fe7d0db37af5a8d3a17143a9e1e2f7d775f4f1296c14eba5cce
dual_prototype,results\summary\last_run_outcome.mat,C:\Users\catkin\Documents\baseline_zhou\zhou_icf_mpc_dual_timescale_prototype_iter01\results\summary\last_run_outcome.mat,1959047,75696397a03139d02298d20c84a660edc415dc8dfa8dbefa8dd75b6064a5d980
dual_prototype,results\summary\method_metrics.csv,C:\Users\catkin\Documents\baseline_zhou\zhou_icf_mpc_dual_timescale_prototype_iter01\results\summary\method_metrics.csv,1563,f9ccc5bd087468034bc69ffb2a8e8a8a4828196b1563cbe2debccadbab4bb9c3
dual_prototype,results\summary\minimal_case_metrics.csv,C:\Users\catkin\Documents\baseline_zhou\zhou_icf_mpc_dual_timescale_prototype_iter01\results\summary\minimal_case_metrics.csv,45463,ddd7ef6d5c8f9b569576eca583c9463ff73ad4b9dd4c5e653d08c30892b48835
dual_prototype,results\summary\minimal_cohort_metrics.csv,C:\Users\catkin\Documents\baseline_zhou\zhou_icf_mpc_dual_timescale_prototype_iter01\results\summary\minimal_cohort_metrics.csv,3488,e8ee1134e5c8e6cbafe41da9b2950b69475c31b79cf9b70324d579a24b598869
dual_prototype,results\summary\minimal_method_metrics.csv,C:\Users\catkin\Documents\baseline_zhou\zhou_icf_mpc_dual_timescale_prototype_iter01\results\summary\minimal_method_metrics.csv,1458,fa8780f7f1c2e30965c78518f1a03c6c0497a8637d108bc39ace07a5633cad65
dual_prototype,results\summary\minimal_repeatability.csv,C:\Users\catkin\Documents\baseline_zhou\zhou_icf_mpc_dual_timescale_prototype_iter01\results\summary\minimal_repeatability.csv,832,73f989217b6eabf59e7f912dc8b229488d799488543f4a85dd90cc3cb5932322
dual_prototype,results\summary\operation_count.csv,C:\Users\catkin\Documents\baseline_zhou\zhou_icf_mpc_dual_timescale_prototype_iter01\results\summary\operation_count.csv,947,81ea2967b016d56f5bc152b3ef3f322372765f5cfe65e853288b781c21a77710
dual_prototype,results\summary\parameter_calibration.csv,C:\Users\catkin\Documents\baseline_zhou\zhou_icf_mpc_dual_timescale_prototype_iter01\results\summary\parameter_calibration.csv,389,3e88bef514f58f5c4b812c78b2f3c11575dd3ec092e2041596e2407a81f95189
dual_prototype,results\summary\parameter_sensitivity.csv,C:\Users\catkin\Documents\baseline_zhou\zhou_icf_mpc_dual_timescale_prototype_iter01\results\summary\parameter_sensitivity.csv,134,7d9ab6fa98e882cc30301e105a374e3120ffd0b4b1876dc82b72a9edccbf86c3
dual_prototype,results\summary\path_resolution_table.csv,C:\Users\catkin\Documents\baseline_zhou\zhou_icf_mpc_dual_timescale_prototype_iter01\results\summary\path_resolution_table.csv,2408,9296dd4bdaa6c92095c86e842ddbe0c49ceafcd69fe941e7ed5aa50d39fe5d4e
dual_prototype,results\summary\prototype_gate_results.csv,C:\Users\catkin\Documents\baseline_zhou\zhou_icf_mpc_dual_timescale_prototype_iter01\results\summary\prototype_gate_results.csv,337,4765080817c0620a9a31bfcb1b838e245c178c5d51036a666b1a35e9d049b000
dual_prototype,results\summary\repeatability.csv,C:\Users\catkin\Documents\baseline_zhou\zhou_icf_mpc_dual_timescale_prototype_iter01\results\summary\repeatability.csv,832,73f989217b6eabf59e7f912dc8b229488d799488543f4a85dd90cc3cb5932322
dual_prototype,results\summary\wiring_equivalence.csv,C:\Users\catkin\Documents\baseline_zhou\zhou_icf_mpc_dual_timescale_prototype_iter01\results\summary\wiring_equivalence.csv,806,333ad5c8722e2ecd72d8eaa3f551683e1d9d76a5783f05e2461b90237ae6dc54
dual_prototype,RUN_AND_REPRODUCE.md,C:\Users\catkin\Documents\baseline_zhou\zhou_icf_mpc_dual_timescale_prototype_iter01\RUN_AND_REPRODUCE.md,663,8df0992840e95358720ae3e731e3b3db1203453f31d5f90a9aa6422a15d62684
dual_prototype,run_dual_timescale_prototype.m,C:\Users\catkin\Documents\baseline_zhou\zhou_icf_mpc_dual_timescale_prototype_iter01\run_dual_timescale_prototype.m,2872,727ad1a9a0287ef43a747c7c95f9c1eb52367906431db1a5c86ddb8c51b5a48a
dual_prototype,src\+prototype\aggregate_metrics.m,C:\Users\catkin\Documents\baseline_zhou\zhou_icf_mpc_dual_timescale_prototype_iter01\src\+prototype\aggregate_metrics.m,1919,7bdbf4f6b74fe4d6d91e8561ca66cb8908a1b75bc9ebf4cf9272b999bc8870b8
dual_prototype,src\+prototype\alpha_update.m,C:\Users\catkin\Documents\baseline_zhou\zhou_icf_mpc_dual_timescale_prototype_iter01\src\+prototype\alpha_update.m,476,6cb8c86c5be02f7ac79f3288ad13c988170aec128213edee3dc389495bd6b9a8
dual_prototype,src\+prototype\baseline_gate.m,C:\Users\catkin\Documents\baseline_zhou\zhou_icf_mpc_dual_timescale_prototype_iter01\src\+prototype\baseline_gate.m,2998,5b732fd46904e5db8f3bfa5174723092aa27c639e17bf3f75141ec02980f671f
dual_prototype,src\+prototype\calculate_thd.m,C:\Users\catkin\Documents\baseline_zhou\zhou_icf_mpc_dual_timescale_prototype_iter01\src\+prototype\calculate_thd.m,592,2a82ddc29ae7f1e4ea1718b7d1bc886e31b2517c96945ab03fca6ad1fe878461
dual_prototype,src\+prototype\calculate_torque_ripple.m,C:\Users\catkin\Documents\baseline_zhou\zhou_icf_mpc_dual_timescale_prototype_iter01\src\+prototype\calculate_torque_ripple.m,147,d11f64817c1a18b577ca4202638f78fdb2a102fc0ed4a1458fc599df280d246c
dual_prototype,src\+prototype\calibration.m,C:\Users\catkin\Documents\baseline_zhou\zhou_icf_mpc_dual_timescale_prototype_iter01\src\+prototype\calibration.m,2340,e2139f65798eaa254650c2cd5b93c6d7378fa5743dd7c2130c1d6f80d4fe1462
dual_prototype,src\+prototype\case_metrics.m,C:\Users\catkin\Documents\baseline_zhou\zhou_icf_mpc_dual_timescale_prototype_iter01\src\+prototype\case_metrics.m,3839,da157bc581b1769da23742e30b4dcca98b44b63757a34f027a2f658ef1e62eca
dual_prototype,src\+prototype\constrained_rls_update.m,C:\Users\catkin\Documents\baseline_zhou\zhou_icf_mpc_dual_timescale_prototype_iter01\src\+prototype\constrained_rls_update.m,860,5422c37b478e7b8b9c9372ada950377fe4b20aebda567fe9701e826ffb790262
dual_prototype,src\+prototype\decision_margin_gate.m,C:\Users\catkin\Documents\baseline_zhou\zhou_icf_mpc_dual_timescale_prototype_iter01\src\+prototype\decision_margin_gate.m,378,ae719b5e9d4e8817aaa19dad33c410ac518e985d5cfdec010954d99e8f27dbe4
dual_prototype,src\+prototype\dual_timescale_predictor.m,C:\Users\catkin\Documents\baseline_zhou\zhou_icf_mpc_dual_timescale_prototype_iter01\src\+prototype\dual_timescale_predictor.m,318,be7739eda5b5ec6d8b87ecbe5543819e44b0c5d3b4397f9e02cb498ac9b65aca
dual_prototype,src\+prototype\estimator_initialize.m,C:\Users\catkin\Documents\baseline_zhou\zhou_icf_mpc_dual_timescale_prototype_iter01\src\+prototype\estimator_initialize.m,783,a95861990c600c51dd23ef9fada0572120057d0b6751f28983640bfa2e56f199
dual_prototype,src\+prototype\estimator_step.m,C:\Users\catkin\Documents\baseline_zhou\zhou_icf_mpc_dual_timescale_prototype_iter01\src\+prototype\estimator_step.m,4174,28b73a45ea211cbc9569c3d1b86fccbaace764bdd353a6dec31972e8433fd57d
dual_prototype,src\+prototype\excitation_gate.m,C:\Users\catkin\Documents\baseline_zhou\zhou_icf_mpc_dual_timescale_prototype_iter01\src\+prototype\excitation_gate.m,1037,9b00d07f2aff97d2289bc1527954fa4cdceaa6b08aaba75fb43ff1b371b2ecbd
dual_prototype,src\+prototype\F_update.m,C:\Users\catkin\Documents\baseline_zhou\zhou_icf_mpc_dual_timescale_prototype_iter01\src\+prototype\F_update.m,577,007300783296827b5ae9b4460512bcaedbc36903f14d0cca074fbf65680af31f
dual_prototype,src\+prototype\finalize_after_s2.m,C:\Users\catkin\Documents\baseline_zhou\zhou_icf_mpc_dual_timescale_prototype_iter01\src\+prototype\finalize_after_s2.m,920,75151649b30b7db97c3a9f149c4871b505d7160c3f971d468e43d384fae6f41c
dual_prototype,src\+prototype\finalize_audit.m,C:\Users\catkin\Documents\baseline_zhou\zhou_icf_mpc_dual_timescale_prototype_iter01\src\+prototype\finalize_audit.m,16682,57bb9292a94de55cc04d69c715dfa2fff00ba76f3aeda0acd22c2f70d9b69268
dual_prototype,src\+prototype\generate_minimal_figures.m,C:\Users\catkin\Documents\baseline_zhou\zhou_icf_mpc_dual_timescale_prototype_iter01\src\+prototype\generate_minimal_figures.m,2507,1f947b932bc1158b2ad57fee623314920063785c8304481ce753e903302c4438
dual_prototype,src\+prototype\icf_mpc_step.m,C:\Users\catkin\Documents\baseline_zhou\zhou_icf_mpc_dual_timescale_prototype_iter01\src\+prototype\icf_mpc_step.m,2357,7a959d74a420ad4fff67c4248ee4c845fbb4c52cf1fd135ab6cdedd7587a24b6
dual_prototype,src\+prototype\inventory_audit.m,C:\Users\catkin\Documents\baseline_zhou\zhou_icf_mpc_dual_timescale_prototype_iter01\src\+prototype\inventory_audit.m,6096,c21cd6a55a84c4a046666fc0d805c62da159186980d4d3c7092887bf8d28d220
dual_prototype,src\+prototype\path_audit.m,C:\Users\catkin\Documents\baseline_zhou\zhou_icf_mpc_dual_timescale_prototype_iter01\src\+prototype\path_audit.m,1174,5818ac8282d760338b6048a03c1d4f1ce9c8755198626b156ceac17626ba6483
dual_prototype,src\+prototype\plant_update.m,C:\Users\catkin\Documents\baseline_zhou\zhou_icf_mpc_dual_timescale_prototype_iter01\src\+prototype\plant_update.m,307,d7c3f0dc99ea59098649ddce2d616fb28206f9ae1c2fed233880893cb99d3401
dual_prototype,src\+prototype\run_ablation.m,C:\Users\catkin\Documents\baseline_zhou\zhou_icf_mpc_dual_timescale_prototype_iter01\src\+prototype\run_ablation.m,404,dd867423e3e39dfe2d314c0f76a8189892d2c0889c9f258de8d3d9d2610c1f95
dual_prototype,src\+prototype\run_control_case.m,C:\Users\catkin\Documents\baseline_zhou\zhou_icf_mpc_dual_timescale_prototype_iter01\src\+prototype\run_control_case.m,14048,9b4eaf5ad8d4e46bf51b0accb4188115fd8e40e92b153b63cbcf1de4ed8c3a55
dual_prototype,src\+prototype\run_full.m,C:\Users\catkin\Documents\baseline_zhou\zhou_icf_mpc_dual_timescale_prototype_iter01\src\+prototype\run_full.m,3699,22942d777246c39264a96953875761d0515216e1a55fa2b60d36858b075f9929
dual_prototype,src\+prototype\run_minimal.m,C:\Users\catkin\Documents\baseline_zhou\zhou_icf_mpc_dual_timescale_prototype_iter01\src\+prototype\run_minimal.m,2468,0e7d5cafc0b740f61f03bd7063cb2f58a3738ee73eaf0023ed5f9a9ba91f7a03
dual_prototype,src\+prototype\run_sensitivity.m,C:\Users\catkin\Documents\baseline_zhou\zhou_icf_mpc_dual_timescale_prototype_iter01\src\+prototype\run_sensitivity.m,405,78f2c3c099e6aa5a9ca08f068068d70d8dfe72f8f14b69ffa3ccd76a05e3030a
dual_prototype,src\+prototype\run_suite.m,C:\Users\catkin\Documents\baseline_zhou\zhou_icf_mpc_dual_timescale_prototype_iter01\src\+prototype\run_suite.m,5221,0fcaa71fabb3d9e7ecb60f0ce4e940e0f4d4b147f566fa21af064325c16b9350
dual_prototype,src\+prototype\run_timing.m,C:\Users\catkin\Documents\baseline_zhou\zhou_icf_mpc_dual_timescale_prototype_iter01\src\+prototype\run_timing.m,414,438d80da730999af781323bc0e566a51cec1d4ff94a5045691fe3810fff50f32
dual_prototype,src\+prototype\s2_input_quality_gate.m,C:\Users\catkin\Documents\baseline_zhou\zhou_icf_mpc_dual_timescale_prototype_iter01\src\+prototype\s2_input_quality_gate.m,1767,cb055f1f360ba7f19e8025235aaffb27fdf0c25626ded7678abc361cf0177966
dual_prototype,src\+prototype\smoke_test.m,C:\Users\catkin\Documents\baseline_zhou\zhou_icf_mpc_dual_timescale_prototype_iter01\src\+prototype\smoke_test.m,543,2dc58fc25c2d377c1d324982f5d80f47053fd38deeb6796dc6759ff9f042019e
dual_prototype,src\+prototype\wiring_gate.m,C:\Users\catkin\Documents\baseline_zhou\zhou_icf_mpc_dual_timescale_prototype_iter01\src\+prototype\wiring_gate.m,5773,c277f7b6d513456d16dbc54c75abebf3fc23a1091d1fa601035d61fbea46c2d0
dual_prototype,src\+zhou_feasibility\apply_feasibility_layer.m,C:\Users\catkin\Documents\baseline_zhou\zhou_icf_mpc_dual_timescale_prototype_iter01\src\+zhou_feasibility\apply_feasibility_layer.m,6291,ee32529a7ff3c0d93d9795eb5e90ddc377124c16f75c057286b0e694859dbe44
dual_prototype,src\+zhou_feasibility\audit_original_illegal_cycles.m,C:\Users\catkin\Documents\baseline_zhou\zhou_icf_mpc_dual_timescale_prototype_iter01\src\+zhou_feasibility\audit_original_illegal_cycles.m,4268,0536d1a906b1e2b428e1fab637d8e0337b0ca4eaf6f00045e94ff40807c9341b
dual_prototype,src\+zhou_feasibility\compare_pointwise_runs.m,C:\Users\catkin\Documents\baseline_zhou\zhou_icf_mpc_dual_timescale_prototype_iter01\src\+zhou_feasibility\compare_pointwise_runs.m,6173,787d7f9419f1b6d23d2ad22cbb5f2e4e7ed90e5018086f753801f305224efff3
dual_prototype,src\+zhou_feasibility\generate_manifests.m,C:\Users\catkin\Documents\baseline_zhou\zhou_icf_mpc_dual_timescale_prototype_iter01\src\+zhou_feasibility\generate_manifests.m,3186,4060ade6d4c347dc153d26ec4016366b46e132f2488518085cbd8408f5370444
dual_prototype,src\+zhou_feasibility\generate_plots.m,C:\Users\catkin\Documents\baseline_zhou\zhou_icf_mpc_dual_timescale_prototype_iter01\src\+zhou_feasibility\generate_plots.m,21737,e661a6d08013e929af692bbbcbadffa8dd00fcc573bad63dbebdb457a0781301
dual_prototype,src\+zhou_feasibility\generate_reports.m,C:\Users\catkin\Documents\baseline_zhou\zhou_icf_mpc_dual_timescale_prototype_iter01\src\+zhou_feasibility\generate_reports.m,15345,c892d6a827da7539250113e930b11fe2412ca2e7abc3a5c9afc47bc85798680c
dual_prototype,src\+zhou_feasibility\minimum_normalized_constraint_violation_in_hexagon.m,C:\Users\catkin\Documents\baseline_zhou\zhou_icf_mpc_dual_timescale_prototype_iter01\src\+zhou_feasibility\minimum_normalized_constraint_violation_in_hexagon.m,2452,c8861a78ee061e110b7e1468e11d255ca702f2c85870acb7ad220a859de60af6
dual_prototype,src\+zhou_feasibility\nearest_point_in_rectangle_hexagon_intersection.m,C:\Users\catkin\Documents\baseline_zhou\zhou_icf_mpc_dual_timescale_prototype_iter01\src\+zhou_feasibility\nearest_point_in_rectangle_hexagon_intersection.m,1860,0cc04e191aa6ca56362975fafc9843f42404f91a00a3544824ef79f6f228f0e6
dual_prototype,src\+zhou_feasibility\point_in_hexagon.m,C:\Users\catkin\Documents\baseline_zhou\zhou_icf_mpc_dual_timescale_prototype_iter01\src\+zhou_feasibility\point_in_hexagon.m,1935,16b38f68b40858e8c440d964a5fc89a1f59313950fb6f8eee76a04fc93a8b6a3
dual_prototype,src\+zhou_feasibility\project_point_to_polygon.m,C:\Users\catkin\Documents\baseline_zhou\zhou_icf_mpc_dual_timescale_prototype_iter01\src\+zhou_feasibility\project_point_to_polygon.m,2488,a358e2d2e94f9347699f2c1f7eeb19aafd0ee3a884d6074db80bad885168a06e
dual_prototype,src\+zhou_feasibility\rectangle_hexagon_intersection.m,C:\Users\catkin\Documents\baseline_zhou\zhou_icf_mpc_dual_timescale_prototype_iter01\src\+zhou_feasibility\rectangle_hexagon_intersection.m,4168,856630c7d9ea73df97c41536d4941faddcc8964996b430a8325b52026cf54982
dual_prototype,src\+zhou_feasibility\run_campaign.m,C:\Users\catkin\Documents\baseline_zhou\zhou_icf_mpc_dual_timescale_prototype_iter01\src\+zhou_feasibility\run_campaign.m,7436,8f80044f8a23d0d40bbed8ce91eeb12637aff79229596f159538c2b6b8f2344d
dual_prototype,src\+zhou_feasibility\run_control_case.m,C:\Users\catkin\Documents\baseline_zhou\zhou_icf_mpc_dual_timescale_prototype_iter01\src\+zhou_feasibility\run_control_case.m,20436,462d15f088a3546cf715ff03bc825bee0eb1a58ac83d1327276745fdcabf27e9
dual_prototype,src\+zhou_feasibility\run_p0_strict_regression.m,C:\Users\catkin\Documents\baseline_zhou\zhou_icf_mpc_dual_timescale_prototype_iter01\src\+zhou_feasibility\run_p0_strict_regression.m,2410,3becb442afbda5a14e99b660536c1d9a6f7e1ee04306c290b21f3442001a70ac
dual_prototype,src\+zhou_feasibility\synthesize_feasible_three_vector_command.m,C:\Users\catkin\Documents\baseline_zhou\zhou_icf_mpc_dual_timescale_prototype_iter01\src\+zhou_feasibility\synthesize_feasible_three_vector_command.m,2742,efeda7963650f65298a9ce875bea2205a14487527a8938bf3b2da098c6a62b7c
dual_prototype,src\+zhou_feasibility\voltage_feasibility.m,C:\Users\catkin\Documents\baseline_zhou\zhou_icf_mpc_dual_timescale_prototype_iter01\src\+zhou_feasibility\voltage_feasibility.m,8385,b0d780e13c8e2387970d9643620c7b2ef749a3100831f63a0fdc3b3056b944f4
dual_prototype,src\+zhou_ipmsm\+baseline\fcs_mpcc_step.m,C:\Users\catkin\Documents\baseline_zhou\zhou_icf_mpc_dual_timescale_prototype_iter01\src\+zhou_ipmsm\+baseline\fcs_mpcc_step.m,3427,50b3bbd7a876df2b06b95963243f81d0e8f40d30e8f46126395e2d17ffa17142
dual_prototype,src\+zhou_ipmsm\+controller\compute_V_terms.m,C:\Users\catkin\Documents\baseline_zhou\zhou_icf_mpc_dual_timescale_prototype_iter01\src\+zhou_ipmsm\+controller\compute_V_terms.m,200,7ad68159a48c0c5e1637e5adbdcb585619ffd288709e40d6579c9e8771a01be0
dual_prototype,src\+zhou_ipmsm\+controller\costs_from_voltage.m,C:\Users\catkin\Documents\baseline_zhou\zhou_icf_mpc_dual_timescale_prototype_iter01\src\+zhou_ipmsm\+controller\costs_from_voltage.m,285,4d2339a4d1a94a99ff77bbbed360e1899ea01bdbb22e2f49095850caa18c8422
dual_prototype,src\+zhou_ipmsm\+controller\estimate_F.m,C:\Users\catkin\Documents\baseline_zhou\zhou_icf_mpc_dual_timescale_prototype_iter01\src\+zhou_ipmsm\+controller\estimate_F.m,800,dcd0e71be0a20b55abea40bedf57928656404048754f2594336bc75b0673b809
dual_prototype,src\+zhou_ipmsm\+controller\estimate_F_algebraic.m,C:\Users\catkin\Documents\baseline_zhou\zhou_icf_mpc_dual_timescale_prototype_iter01\src\+zhou_ipmsm\+controller\estimate_F_algebraic.m,1117,9748477077f783ea155e4567315783c7891c80e8cd718ea63752f38e0d67a137
dual_prototype,src\+zhou_ipmsm\+controller\icf_mpc_step.m,C:\Users\catkin\Documents\baseline_zhou\zhou_icf_mpc_dual_timescale_prototype_iter01\src\+zhou_ipmsm\+controller\icf_mpc_step.m,3474,d04ae3ba06a20d2f12a125ddfcc55bdbf2fb12a7c06158b68a2f1401e385a219
dual_prototype,src\+zhou_ipmsm\+controller\independent_costs.m,C:\Users\catkin\Documents\baseline_zhou\zhou_icf_mpc_dual_timescale_prototype_iter01\src\+zhou_ipmsm\+controller\independent_costs.m,205,8cb1f8490e2f45717b279881065fd69d631673761c1115044a7df24ce55953b8
dual_prototype,src\+zhou_ipmsm\+controller\predict_k1.m,C:\Users\catkin\Documents\baseline_zhou\zhou_icf_mpc_dual_timescale_prototype_iter01\src\+zhou_ipmsm\+controller\predict_k1.m,258,b7cbcf472d17a43ffc7f3b68ff2fb600b897eb85a16a5dcd75c060352998e10a
dual_prototype,src\+zhou_ipmsm\+controller\predict_k2.m,C:\Users\catkin\Documents\baseline_zhou\zhou_icf_mpc_dual_timescale_prototype_iter01\src\+zhou_ipmsm\+controller\predict_k2.m,230,dfbf9d72607feb3dfe5c92163f1cb8a2559722a94c599d42acb70c49123b9e6c
dual_prototype,src\+zhou_ipmsm\+controller\sequence_equivalent_dq_voltage.m,C:\Users\catkin\Documents\baseline_zhou\zhou_icf_mpc_dual_timescale_prototype_iter01\src\+zhou_ipmsm\+controller\sequence_equivalent_dq_voltage.m,649,99c065843fe85b52bc0774c8f5dd5edd8e54f605dd8a89e615cbdc251b180189
dual_prototype,src\+zhou_ipmsm\+geometry\active_lines.m,C:\Users\catkin\Documents\baseline_zhou\zhou_icf_mpc_dual_timescale_prototype_iter01\src\+zhou_ipmsm\+geometry\active_lines.m,308,7743083d48974f78e1224355029b9a91b3ce558774d202e82f5d3465079229e1
dual_prototype,src\+zhou_ipmsm\+geometry\analyze_rectangle.m,C:\Users\catkin\Documents\baseline_zhou\zhou_icf_mpc_dual_timescale_prototype_iter01\src\+zhou_ipmsm\+geometry\analyze_rectangle.m,2992,6356974cf88eabc765266c7e6152f8e5bedc3caf3eb770005dd6846ae1969a65
dual_prototype,src\+zhou_ipmsm\+geometry\build_rectangle.m,C:\Users\catkin\Documents\baseline_zhou\zhou_icf_mpc_dual_timescale_prototype_iter01\src\+zhou_ipmsm\+geometry\build_rectangle.m,3231,5fd8ded2eef91766d45a4ba981666b907f97f173aed12ddc598a653b727371a6
dual_prototype,src\+zhou_ipmsm\+geometry\case2_midpoint.m,C:\Users\catkin\Documents\baseline_zhou\zhou_icf_mpc_dual_timescale_prototype_iter01\src\+zhou_ipmsm\+geometry\case2_midpoint.m,4228,7bfe0d53a4dc9b9a78baa222a25e646b66e61168d058f1d30c6274a69651c9fc
dual_prototype,src\+zhou_ipmsm\+geometry\classify_case.m,C:\Users\catkin\Documents\baseline_zhou\zhou_icf_mpc_dual_timescale_prototype_iter01\src\+zhou_ipmsm\+geometry\classify_case.m,1244,a5803066f0dddd99cd6579132a93555ba86aea254544eb8fa9fcb280636c9584
dual_prototype,src\+zhou_ipmsm\+geometry\line_rectangle_intersections.m,C:\Users\catkin\Documents\baseline_zhou\zhou_icf_mpc_dual_timescale_prototype_iter01\src\+zhou_ipmsm\+geometry\line_rectangle_intersections.m,2591,43d3578151690eba60bb832b66ebc0525a9569757bc24528b83900e98c46cdec
dual_prototype,src\+zhou_ipmsm\+geometry\line_side_signature.m,C:\Users\catkin\Documents\baseline_zhou\zhou_icf_mpc_dual_timescale_prototype_iter01\src\+zhou_ipmsm\+geometry\line_side_signature.m,881,4ca4e716f7f56704f38d04f37d6e8289445117071b19ac7e6f283403fba2e6b0
dual_prototype,src\+zhou_ipmsm\+geometry\point_in_rectangle.m,C:\Users\catkin\Documents\baseline_zhou\zhou_icf_mpc_dual_timescale_prototype_iter01\src\+zhou_ipmsm\+geometry\point_in_rectangle.m,482,55ca18580ab8834a329e4cce0a37b5b45ae93023f3a347c8131a1aac626dda1a
dual_prototype,src\+zhou_ipmsm\+geometry\sector_of_point.m,C:\Users\catkin\Documents\baseline_zhou\zhou_icf_mpc_dual_timescale_prototype_iter01\src\+zhou_ipmsm\+geometry\sector_of_point.m,727,e5b95ccf541732e28cbda8e4c9cb8d367be6a24e6bd18b17f502086db9e3668f
dual_prototype,src\+zhou_ipmsm\+geometry\select_savv.m,C:\Users\catkin\Documents\baseline_zhou\zhou_icf_mpc_dual_timescale_prototype_iter01\src\+zhou_ipmsm\+geometry\select_savv.m,3292,406ec353b3d3bb0622b2bfec6295a822f3568676b418002273fcb09b98dfb629
dual_prototype,src\+zhou_ipmsm\+inverter\count_sequence_transitions.m,C:\Users\catkin\Documents\baseline_zhou\zhou_icf_mpc_dual_timescale_prototype_iter01\src\+zhou_ipmsm\+inverter\count_sequence_transitions.m,358,9b3f690901a85f8c6a47aa4af7b849b1f7a3c833e5e63520e475f90ed2cd44ae
dual_prototype,src\+zhou_ipmsm\+inverter\deadtime_voltage_error.m,C:\Users\catkin\Documents\baseline_zhou\zhou_icf_mpc_dual_timescale_prototype_iter01\src\+zhou_ipmsm\+inverter\deadtime_voltage_error.m,2135,133a67ebc066eda3f9faf0655d6af37e17897556a9282d2fc662424f03554ee9
dual_prototype,src\+zhou_ipmsm\+inverter\voltage_vectors.m,C:\Users\catkin\Documents\baseline_zhou\zhou_icf_mpc_dual_timescale_prototype_iter01\src\+zhou_ipmsm\+inverter\voltage_vectors.m,806,2e5aa4ca358ce59f137e2241b9ec4e5015660ff1554cbeddc24a113466b0a8ec
dual_prototype,src\+zhou_ipmsm\+io\append_standard_tables.m,C:\Users\catkin\Documents\baseline_zhou\zhou_icf_mpc_dual_timescale_prototype_iter01\src\+zhou_ipmsm\+io\append_standard_tables.m,853,f3c4942ee85e3cf13c73976a34344023687e0a36fbe8348012c646754ff508ce
dual_prototype,src\+zhou_ipmsm\+io\append_text.m,C:\Users\catkin\Documents\baseline_zhou\zhou_icf_mpc_dual_timescale_prototype_iter01\src\+zhou_ipmsm\+io\append_text.m,422,fd20f633eb0e4bf0d02e98c7e3c7f8dd8f42cc5719e7f431f35aa368ba4df0c5
dual_prototype,src\+zhou_ipmsm\+io\create_run_context.m,C:\Users\catkin\Documents\baseline_zhou\zhou_icf_mpc_dual_timescale_prototype_iter01\src\+zhou_ipmsm\+io\create_run_context.m,2277,7cdfea19e54cb38e12a4f5f8dab67684c1a11690cf565ba93a6b622efe190812
dual_prototype,src\+zhou_ipmsm\+io\file_sha256.m,C:\Users\catkin\Documents\baseline_zhou\zhou_icf_mpc_dual_timescale_prototype_iter01\src\+zhou_ipmsm\+io\file_sha256.m,520,85c98a0918c6e4292047de9feb8a8ebad71bb38fb42e9ae4239121f933786f15
dual_prototype,src\+zhou_ipmsm\+io\write_code_manifest.m,C:\Users\catkin\Documents\baseline_zhou\zhou_icf_mpc_dual_timescale_prototype_iter01\src\+zhou_ipmsm\+io\write_code_manifest.m,1421,61e5f3b6b82bbd0f3de4d0ed5a02c9ba9a9ae73d0340664127b0343a10e76f25
dual_prototype,src\+zhou_ipmsm\+io\write_or_append_table.m,C:\Users\catkin\Documents\baseline_zhou\zhou_icf_mpc_dual_timescale_prototype_iter01\src\+zhou_ipmsm\+io\write_or_append_table.m,786,ed39228e60c546f4904d72ea71576522962f9650e0a200009534e712d13788cb
dual_prototype,src\+zhou_ipmsm\+io\write_text_new.m,C:\Users\catkin\Documents\baseline_zhou\zhou_icf_mpc_dual_timescale_prototype_iter01\src\+zhou_ipmsm\+io\write_text_new.m,436,fafb82f05b30ff77d7d57832126a22641443fd735a4d4eff836fac0b5d4d32ed
dual_prototype,src\+zhou_ipmsm\+math\inv_park.m,C:\Users\catkin\Documents\baseline_zhou\zhou_icf_mpc_dual_timescale_prototype_iter01\src\+zhou_ipmsm\+math\inv_park.m,189,bbf722e017f6480537cd7cb4fde649323d5344428911d6a2bbfb933644e56854
dual_prototype,src\+zhou_ipmsm\+math\park.m,C:\Users\catkin\Documents\baseline_zhou\zhou_icf_mpc_dual_timescale_prototype_iter01\src\+zhou_ipmsm\+math\park.m,187,36d1e543a6df50691c4b262bcf3e50d92a7f8426a1acab5706cdc49428d366ae
dual_prototype,src\+zhou_ipmsm\+metrics\case_statistics_table.m,C:\Users\catkin\Documents\baseline_zhou\zhou_icf_mpc_dual_timescale_prototype_iter01\src\+zhou_ipmsm\+metrics\case_statistics_table.m,570,ee946f50ef046891a07cf76aa8e079934e9e8fcb559986a7dc7aebcac346ee58
dual_prototype,src\+zhou_ipmsm\+metrics\constraint_violations_table.m,C:\Users\catkin\Documents\baseline_zhou\zhou_icf_mpc_dual_timescale_prototype_iter01\src\+zhou_ipmsm\+metrics\constraint_violations_table.m,1354,730dc8fa332498aa45214b1572f4abbeccaaf008e3e82a7406a60cf0257dffcf
dual_prototype,src\+zhou_ipmsm\+metrics\phase_thd.m,C:\Users\catkin\Documents\baseline_zhou\zhou_icf_mpc_dual_timescale_prototype_iter01\src\+zhou_ipmsm\+metrics\phase_thd.m,708,19e430b6a50eff55663f694583f9079f60bb63ea24195fceedc5a57e5fa4b8a1
dual_prototype,src\+zhou_ipmsm\+metrics\phase_thd_total_rms.m,C:\Users\catkin\Documents\baseline_zhou\zhou_icf_mpc_dual_timescale_prototype_iter01\src\+zhou_ipmsm\+metrics\phase_thd_total_rms.m,859,92bfdafc59020226c3d54f65304d9e2a6184c1ddccf9705b1356ba5e940791de
dual_prototype,src\+zhou_ipmsm\+metrics\summarize_simulation.m,C:\Users\catkin\Documents\baseline_zhou\zhou_icf_mpc_dual_timescale_prototype_iter01\src\+zhou_ipmsm\+metrics\summarize_simulation.m,4271,01490265c80b717b1ed95d4b1d2f16215d11039a91622bd8d6238d7706d6c3e2
dual_prototype,src\+zhou_ipmsm\+metrics\summary_to_long_table.m,C:\Users\catkin\Documents\baseline_zhou\zhou_icf_mpc_dual_timescale_prototype_iter01\src\+zhou_ipmsm\+metrics\summary_to_long_table.m,2181,0c800cdd6ae6571dbd47c4486c9b2f4abb83315a7d7aa4d816604184656b9fd2
dual_prototype,src\+zhou_ipmsm\+model\electromagnetic_torque.m,C:\Users\catkin\Documents\baseline_zhou\zhou_icf_mpc_dual_timescale_prototype_iter01\src\+zhou_ipmsm\+model\electromagnetic_torque.m,685,a12504a93bf09a578b3dd8e0f66e2f47c1760765acaeea4911ac4c679269e492
dual_prototype,src\+zhou_ipmsm\+model\integrate_command.m,C:\Users\catkin\Documents\baseline_zhou\zhou_icf_mpc_dual_timescale_prototype_iter01\src\+zhou_ipmsm\+model\integrate_command.m,2625,e2259788708a365c91c27b0af1d17fda8888337b30fe7f99d6e441734d6c37f1
dual_prototype,src\+zhou_ipmsm\+model\phase_currents.m,C:\Users\catkin\Documents\baseline_zhou\zhou_icf_mpc_dual_timescale_prototype_iter01\src\+zhou_ipmsm\+model\phase_currents.m,365,1941618d326081ea5c43e4292e1cf3c9e587aa7829cb2a9c87bf68038684ba55
dual_prototype,src\+zhou_ipmsm\+model\pmsm_derivative.m,C:\Users\catkin\Documents\baseline_zhou\zhou_icf_mpc_dual_timescale_prototype_iter01\src\+zhou_ipmsm\+model\pmsm_derivative.m,1346,9ed8bcb8bb0ff84e5c71a9cdb4c0e3815354278092dc14bbc1ff8a6e1bde5542
dual_prototype,src\+zhou_ipmsm\+model\sample_command_waveform.m,C:\Users\catkin\Documents\baseline_zhou\zhou_icf_mpc_dual_timescale_prototype_iter01\src\+zhou_ipmsm\+model\sample_command_waveform.m,3086,440312b750bcc2e1b385e8d07f50f0ce8e9e8fd01f85f556bc3ba0a19dd37770
dual_prototype,src\+zhou_ipmsm\+model\torque_components.m,C:\Users\catkin\Documents\baseline_zhou\zhou_icf_mpc_dual_timescale_prototype_iter01\src\+zhou_ipmsm\+model\torque_components.m,579,363029a7444c6dcd4898b797015ce9aa9c6f8e3da847dd2bef342f741a9d5caa
dual_prototype,src\+zhou_ipmsm\+modulation\case1_command.m,C:\Users\catkin\Documents\baseline_zhou\zhou_icf_mpc_dual_timescale_prototype_iter01\src\+zhou_ipmsm\+modulation\case1_command.m,638,c7a7903fa4728e38f92e269ffaf45127b5f934ff72ae164b200d17d2d572dde4
dual_prototype,src\+zhou_ipmsm\+modulation\case2_command.m,C:\Users\catkin\Documents\baseline_zhou\zhou_icf_mpc_dual_timescale_prototype_iter01\src\+zhou_ipmsm\+modulation\case2_command.m,1815,76e6368dcef006866ef81d188494fbe744ba59c482ffff63c18ac8f3ef366762
dual_prototype,src\+zhou_ipmsm\+modulation\case3_command.m,C:\Users\catkin\Documents\baseline_zhou\zhou_icf_mpc_dual_timescale_prototype_iter01\src\+zhou_ipmsm\+modulation\case3_command.m,2059,297f4b1f250f51d899d2a5884fb469842034a3d473aa3c00245fbeaa3a2da1b2
dual_prototype,src\+zhou_ipmsm\+reference\build_current_reference.m,C:\Users\catkin\Documents\baseline_zhou\zhou_icf_mpc_dual_timescale_prototype_iter01\src\+zhou_ipmsm\+reference\build_current_reference.m,218,ff844c4755c3e4913e0b2af3157264ae47ed0e3ca0f997e0e5eeb5fb48695b50
dual_prototype,src\+zhou_ipmsm\+sim\run_closed_loop.m,C:\Users\catkin\Documents\baseline_zhou\zhou_icf_mpc_dual_timescale_prototype_iter01\src\+zhou_ipmsm\+sim\run_closed_loop.m,18327,31cbdb65931ec3efa94562d537cdd3778561c3602e15bb0575dd280e6fd1cc0d
dual_prototype,src\+zhou_iter11_ref\+baseline\fcs_mpcc_step.m,C:\Users\catkin\Documents\baseline_zhou\zhou_icf_mpc_dual_timescale_prototype_iter01\src\+zhou_iter11_ref\+baseline\fcs_mpcc_step.m,3467,ea032e04da58fda719252f849f17f973df6baf7fb14f0aa6d58f88e1e19f7c38
dual_prototype,src\+zhou_iter11_ref\+controller\compute_V_terms.m,C:\Users\catkin\Documents\baseline_zhou\zhou_icf_mpc_dual_timescale_prototype_iter01\src\+zhou_iter11_ref\+controller\compute_V_terms.m,200,7ad68159a48c0c5e1637e5adbdcb585619ffd288709e40d6579c9e8771a01be0
dual_prototype,src\+zhou_iter11_ref\+controller\costs_from_voltage.m,C:\Users\catkin\Documents\baseline_zhou\zhou_icf_mpc_dual_timescale_prototype_iter01\src\+zhou_iter11_ref\+controller\costs_from_voltage.m,290,f44fd681c831e11789518c26343e698a5e3d791bac94a0f821f6560efd8dc66c
dual_prototype,src\+zhou_iter11_ref\+controller\estimate_F.m,C:\Users\catkin\Documents\baseline_zhou\zhou_icf_mpc_dual_timescale_prototype_iter01\src\+zhou_iter11_ref\+controller\estimate_F.m,800,dcd0e71be0a20b55abea40bedf57928656404048754f2594336bc75b0673b809
dual_prototype,src\+zhou_iter11_ref\+controller\estimate_F_algebraic.m,C:\Users\catkin\Documents\baseline_zhou\zhou_icf_mpc_dual_timescale_prototype_iter01\src\+zhou_iter11_ref\+controller\estimate_F_algebraic.m,1121,db3e08f69c9c2d2f4d7e31fcc6db23bf9e5e8031b3a160f873afa4c7ab1b606d
dual_prototype,src\+zhou_iter11_ref\+controller\icf_mpc_step.m,C:\Users\catkin\Documents\baseline_zhou\zhou_icf_mpc_dual_timescale_prototype_iter01\src\+zhou_iter11_ref\+controller\icf_mpc_step.m,3459,9407412b37118db6d30ea85104cbc715d01d33c859d82578d16b381a3b8563ca
dual_prototype,src\+zhou_iter11_ref\+controller\independent_costs.m,C:\Users\catkin\Documents\baseline_zhou\zhou_icf_mpc_dual_timescale_prototype_iter01\src\+zhou_iter11_ref\+controller\independent_costs.m,205,8cb1f8490e2f45717b279881065fd69d631673761c1115044a7df24ce55953b8
dual_prototype,src\+zhou_iter11_ref\+controller\predict_k1.m,C:\Users\catkin\Documents\baseline_zhou\zhou_icf_mpc_dual_timescale_prototype_iter01\src\+zhou_iter11_ref\+controller\predict_k1.m,258,b7cbcf472d17a43ffc7f3b68ff2fb600b897eb85a16a5dcd75c060352998e10a
dual_prototype,src\+zhou_iter11_ref\+controller\predict_k2.m,C:\Users\catkin\Documents\baseline_zhou\zhou_icf_mpc_dual_timescale_prototype_iter01\src\+zhou_iter11_ref\+controller\predict_k2.m,230,dfbf9d72607feb3dfe5c92163f1cb8a2559722a94c599d42acb70c49123b9e6c
dual_prototype,src\+zhou_iter11_ref\+controller\sequence_equivalent_dq_voltage.m,C:\Users\catkin\Documents\baseline_zhou\zhou_icf_mpc_dual_timescale_prototype_iter01\src\+zhou_iter11_ref\+controller\sequence_equivalent_dq_voltage.m,659,b4af47c395da3c421550fbf0f3f1524e837c5f25c2399afb468d7db44dcbabd5
dual_prototype,src\+zhou_iter11_ref\+geometry\active_lines.m,C:\Users\catkin\Documents\baseline_zhou\zhou_icf_mpc_dual_timescale_prototype_iter01\src\+zhou_iter11_ref\+geometry\active_lines.m,308,7743083d48974f78e1224355029b9a91b3ce558774d202e82f5d3465079229e1
dual_prototype,src\+zhou_iter11_ref\+geometry\analyze_rectangle.m,C:\Users\catkin\Documents\baseline_zhou\zhou_icf_mpc_dual_timescale_prototype_iter01\src\+zhou_iter11_ref\+geometry\analyze_rectangle.m,3037,b9f4c801ca5b635d0ddbf7b6452b9f9bb366d7e17d869cf421b48baaa27eaba0
dual_prototype,src\+zhou_iter11_ref\+geometry\build_rectangle.m,C:\Users\catkin\Documents\baseline_zhou\zhou_icf_mpc_dual_timescale_prototype_iter01\src\+zhou_iter11_ref\+geometry\build_rectangle.m,3231,5fd8ded2eef91766d45a4ba981666b907f97f173aed12ddc598a653b727371a6
dual_prototype,src\+zhou_iter11_ref\+geometry\case2_midpoint.m,C:\Users\catkin\Documents\baseline_zhou\zhou_icf_mpc_dual_timescale_prototype_iter01\src\+zhou_iter11_ref\+geometry\case2_midpoint.m,4237,41d83005f57d319576dfa626474a41c63b2dbeeb4e6c2de3632daa9864e8f688
dual_prototype,src\+zhou_iter11_ref\+geometry\classify_case.m,C:\Users\catkin\Documents\baseline_zhou\zhou_icf_mpc_dual_timescale_prototype_iter01\src\+zhou_iter11_ref\+geometry\classify_case.m,1259,ef35cf0a6cda08e7a5c285fe1403d1dd4dfd1ac9c78cfb46823615bb1be7b2ca
dual_prototype,src\+zhou_iter11_ref\+geometry\line_rectangle_intersections.m,C:\Users\catkin\Documents\baseline_zhou\zhou_icf_mpc_dual_timescale_prototype_iter01\src\+zhou_iter11_ref\+geometry\line_rectangle_intersections.m,2600,212e36edb24959aa03846001225152b31058db579609793a64cb935e93774ac6
dual_prototype,src\+zhou_iter11_ref\+geometry\line_side_signature.m,C:\Users\catkin\Documents\baseline_zhou\zhou_icf_mpc_dual_timescale_prototype_iter01\src\+zhou_iter11_ref\+geometry\line_side_signature.m,890,40d7262d84489d51b53614705860b311472196c0042dd6ed3f06a06bdebbce25
dual_prototype,src\+zhou_iter11_ref\+geometry\point_in_rectangle.m,C:\Users\catkin\Documents\baseline_zhou\zhou_icf_mpc_dual_timescale_prototype_iter01\src\+zhou_iter11_ref\+geometry\point_in_rectangle.m,487,5e6d122d58b56d3cf6b22940734181bf24371219f93a353f14fc2d7d9c963d7f
dual_prototype,src\+zhou_iter11_ref\+geometry\sector_of_point.m,C:\Users\catkin\Documents\baseline_zhou\zhou_icf_mpc_dual_timescale_prototype_iter01\src\+zhou_iter11_ref\+geometry\sector_of_point.m,727,e5b95ccf541732e28cbda8e4c9cb8d367be6a24e6bd18b17f502086db9e3668f
dual_prototype,src\+zhou_iter11_ref\+geometry\select_savv.m,C:\Users\catkin\Documents\baseline_zhou\zhou_icf_mpc_dual_timescale_prototype_iter01\src\+zhou_iter11_ref\+geometry\select_savv.m,3301,521ff058cea0f3b5147d8000eb9e73e411e7a36b503d9e67c09de5d3787aabfa
dual_prototype,src\+zhou_iter11_ref\+inverter\count_sequence_transitions.m,C:\Users\catkin\Documents\baseline_zhou\zhou_icf_mpc_dual_timescale_prototype_iter01\src\+zhou_iter11_ref\+inverter\count_sequence_transitions.m,362,2c04f5cee036a6f8b95ec9aebcde98e3ac418a24280b94aa3ad85103d3a3da2f
dual_prototype,src\+zhou_iter11_ref\+inverter\deadtime_voltage_error.m,C:\Users\catkin\Documents\baseline_zhou\zhou_icf_mpc_dual_timescale_prototype_iter01\src\+zhou_iter11_ref\+inverter\deadtime_voltage_error.m,2140,e5881fdafdd8663efbba207ec32dd60842b245470cbea68b9406bdfceac4d9d5
dual_prototype,src\+zhou_iter11_ref\+inverter\voltage_vectors.m,C:\Users\catkin\Documents\baseline_zhou\zhou_icf_mpc_dual_timescale_prototype_iter01\src\+zhou_iter11_ref\+inverter\voltage_vectors.m,806,2e5aa4ca358ce59f137e2241b9ec4e5015660ff1554cbeddc24a113466b0a8ec
dual_prototype,src\+zhou_iter11_ref\+io\append_standard_tables.m,C:\Users\catkin\Documents\baseline_zhou\zhou_icf_mpc_dual_timescale_prototype_iter01\src\+zhou_iter11_ref\+io\append_standard_tables.m,883,69945d57663975fbb6cae98dd9e804666e9573eb0a0fb3e414964939f324582f
dual_prototype,src\+zhou_iter11_ref\+io\append_text.m,C:\Users\catkin\Documents\baseline_zhou\zhou_icf_mpc_dual_timescale_prototype_iter01\src\+zhou_iter11_ref\+io\append_text.m,426,04baa1ead7f3cad85b3f644707e8c210cbe3027654b9667372ddc32482599a0c
dual_prototype,src\+zhou_iter11_ref\+io\create_run_context.m,C:\Users\catkin\Documents\baseline_zhou\zhou_icf_mpc_dual_timescale_prototype_iter01\src\+zhou_iter11_ref\+io\create_run_context.m,2286,d75d634e8173bed7d548c6300804bca8c097efc0cee59e1f08005f5ce277021f
dual_prototype,src\+zhou_iter11_ref\+io\file_sha256.m,C:\Users\catkin\Documents\baseline_zhou\zhou_icf_mpc_dual_timescale_prototype_iter01\src\+zhou_iter11_ref\+io\file_sha256.m,524,e4bee0917bb98986dcd745375853f2067baa35290020db6b940bb94dd0464bd3
dual_prototype,src\+zhou_iter11_ref\+io\write_code_manifest.m,C:\Users\catkin\Documents\baseline_zhou\zhou_icf_mpc_dual_timescale_prototype_iter01\src\+zhou_iter11_ref\+io\write_code_manifest.m,1426,c062ed091151d1a6c7ccf5d3c1a347c9c4ace5eca885b1a74721b9cfa9b0a287
dual_prototype,src\+zhou_iter11_ref\+io\write_or_append_table.m,C:\Users\catkin\Documents\baseline_zhou\zhou_icf_mpc_dual_timescale_prototype_iter01\src\+zhou_iter11_ref\+io\write_or_append_table.m,794,d35bff4317b1a2c2dde88cf128a3901d63bcacb3614c8681c6d2841e59e79bd5
dual_prototype,src\+zhou_iter11_ref\+io\write_text_new.m,C:\Users\catkin\Documents\baseline_zhou\zhou_icf_mpc_dual_timescale_prototype_iter01\src\+zhou_iter11_ref\+io\write_text_new.m,444,533baaceb12879b916e7c0dbe8cbfb1fefbe658e3a6eeae51ce89917aeb5191e
dual_prototype,src\+zhou_iter11_ref\+math\inv_park.m,C:\Users\catkin\Documents\baseline_zhou\zhou_icf_mpc_dual_timescale_prototype_iter01\src\+zhou_iter11_ref\+math\inv_park.m,189,bbf722e017f6480537cd7cb4fde649323d5344428911d6a2bbfb933644e56854
dual_prototype,src\+zhou_iter11_ref\+math\park.m,C:\Users\catkin\Documents\baseline_zhou\zhou_icf_mpc_dual_timescale_prototype_iter01\src\+zhou_iter11_ref\+math\park.m,187,36d1e543a6df50691c4b262bcf3e50d92a7f8426a1acab5706cdc49428d366ae
dual_prototype,src\+zhou_iter11_ref\+metrics\case_statistics_table.m,C:\Users\catkin\Documents\baseline_zhou\zhou_icf_mpc_dual_timescale_prototype_iter01\src\+zhou_iter11_ref\+metrics\case_statistics_table.m,570,ee946f50ef046891a07cf76aa8e079934e9e8fcb559986a7dc7aebcac346ee58
dual_prototype,src\+zhou_iter11_ref\+metrics\constraint_violations_table.m,C:\Users\catkin\Documents\baseline_zhou\zhou_icf_mpc_dual_timescale_prototype_iter01\src\+zhou_iter11_ref\+metrics\constraint_violations_table.m,1354,730dc8fa332498aa45214b1572f4abbeccaaf008e3e82a7406a60cf0257dffcf
dual_prototype,src\+zhou_iter11_ref\+metrics\phase_thd.m,C:\Users\catkin\Documents\baseline_zhou\zhou_icf_mpc_dual_timescale_prototype_iter01\src\+zhou_iter11_ref\+metrics\phase_thd.m,708,19e430b6a50eff55663f694583f9079f60bb63ea24195fceedc5a57e5fa4b8a1
dual_prototype,src\+zhou_iter11_ref\+metrics\phase_thd_total_rms.m,C:\Users\catkin\Documents\baseline_zhou\zhou_icf_mpc_dual_timescale_prototype_iter01\src\+zhou_iter11_ref\+metrics\phase_thd_total_rms.m,863,44d14dc5ef58bfc6087512b33f2fe704faf5b62f9cf9e6d82640c3c679281803
dual_prototype,src\+zhou_iter11_ref\+metrics\summarize_simulation.m,C:\Users\catkin\Documents\baseline_zhou\zhou_icf_mpc_dual_timescale_prototype_iter01\src\+zhou_iter11_ref\+metrics\summarize_simulation.m,4290,eb2917a7d2cd279ecb655ea9bc7051cc811f9253ac9ae32dd0fbcd4605168f6f
dual_prototype,src\+zhou_iter11_ref\+metrics\summary_to_long_table.m,C:\Users\catkin\Documents\baseline_zhou\zhou_icf_mpc_dual_timescale_prototype_iter01\src\+zhou_iter11_ref\+metrics\summary_to_long_table.m,2181,0c800cdd6ae6571dbd47c4486c9b2f4abb83315a7d7aa4d816604184656b9fd2
dual_prototype,src\+zhou_iter11_ref\+model\electromagnetic_torque.m,C:\Users\catkin\Documents\baseline_zhou\zhou_icf_mpc_dual_timescale_prototype_iter01\src\+zhou_iter11_ref\+model\electromagnetic_torque.m,207,12d50829da03ea25256358199bba0e0f086dffcea4b788b509d48b813c0c3e87
dual_prototype,src\+zhou_iter11_ref\+model\integrate_command.m,C:\Users\catkin\Documents\baseline_zhou\zhou_icf_mpc_dual_timescale_prototype_iter01\src\+zhou_iter11_ref\+model\integrate_command.m,2379,425b41d68e1dab504d44b956553dc511ffeaf24567961f5848fff5a493498ec6
dual_prototype,src\+zhou_iter11_ref\+model\phase_currents.m,C:\Users\catkin\Documents\baseline_zhou\zhou_icf_mpc_dual_timescale_prototype_iter01\src\+zhou_iter11_ref\+model\phase_currents.m,370,8de0550955257ad92006e20470a7fa03141f6bb78aab3cb6045bc1f1108d2a37
dual_prototype,src\+zhou_iter11_ref\+model\pmsm_derivative.m,C:\Users\catkin\Documents\baseline_zhou\zhou_icf_mpc_dual_timescale_prototype_iter01\src\+zhou_iter11_ref\+model\pmsm_derivative.m,773,955986f509c77349edb832f0f1ef2e5904dd1921338e61d8fabfde1483a0ad38
dual_prototype,src\+zhou_iter11_ref\+model\sample_command_waveform.m,C:\Users\catkin\Documents\baseline_zhou\zhou_icf_mpc_dual_timescale_prototype_iter01\src\+zhou_iter11_ref\+model\sample_command_waveform.m,3122,f017d4b238410c197024ac4baae9473ba0c434bfa9ff83d5fbc14cb7839739be
dual_prototype,src\+zhou_iter11_ref\+modulation\case1_command.m,C:\Users\catkin\Documents\baseline_zhou\zhou_icf_mpc_dual_timescale_prototype_iter01\src\+zhou_iter11_ref\+modulation\case1_command.m,638,c7a7903fa4728e38f92e269ffaf45127b5f934ff72ae164b200d17d2d572dde4
dual_prototype,src\+zhou_iter11_ref\+modulation\case2_command.m,C:\Users\catkin\Documents\baseline_zhou\zhou_icf_mpc_dual_timescale_prototype_iter01\src\+zhou_iter11_ref\+modulation\case2_command.m,1820,0afe24058e92b4797f46d3f52283e53faa99eb10a2432cf379502612ea5916bc
dual_prototype,src\+zhou_iter11_ref\+modulation\case3_command.m,C:\Users\catkin\Documents\baseline_zhou\zhou_icf_mpc_dual_timescale_prototype_iter01\src\+zhou_iter11_ref\+modulation\case3_command.m,2073,3e4f828ae2af8831a4aff3889ff6fab3d2aadf75e9f503174bd325321425a6a4
dual_prototype,src\+zhou_iter11_ref\+sim\run_closed_loop.m,C:\Users\catkin\Documents\baseline_zhou\zhou_icf_mpc_dual_timescale_prototype_iter01\src\+zhou_iter11_ref\+sim\run_closed_loop.m,15944,70ff1595f820842a215216f31f0bc7ec2f065e6da061a09d498d53582b0ebc40
dual_prototype,src\+zhou_robust\run_robust_case.m,C:\Users\catkin\Documents\baseline_zhou\zhou_icf_mpc_dual_timescale_prototype_iter01\src\+zhou_robust\run_robust_case.m,31678,ca3634266831940e808a22cb98d95bc0c63e2c163192488ef6657a82a586a5b0
ipmsm_probe,CHANGELOG_IPMSM.md,C:\Users\catkin\Documents\baseline_zhou\zhou_icf_mpc_ipmsm_probe_iter01\CHANGELOG_IPMSM.md,7381,5ca6da4e16ff5d1d05755710261fb0c43a4d6da77e3517f8bc7965ae5adac7d3
ipmsm_probe,config\acceptance_thresholds.m,C:\Users\catkin\Documents\baseline_zhou\zhou_icf_mpc_ipmsm_probe_iter01\config\acceptance_thresholds.m,554,c6bab5aa1476ec5b15973deeb191b3a43845e81b125b0855f5041d6873a62ff8
ipmsm_probe,config\base_parameters.m,C:\Users\catkin\Documents\baseline_zhou\zhou_icf_mpc_ipmsm_probe_iter01\config\base_parameters.m,463,86feb34250f21d4756d133ade3f62033febfa96a540dfb1a02391d0aa2bb1d01
ipmsm_probe,config\experiment_definitions.m,C:\Users\catkin\Documents\baseline_zhou\zhou_icf_mpc_ipmsm_probe_iter01\config\experiment_definitions.m,319,8a243fe8e9fc6e0a022f83b283a895c18209c20ffb46b2d27a740d399b2e53e2
ipmsm_probe,config\implementation_assumptions.m,C:\Users\catkin\Documents\baseline_zhou\zhou_icf_mpc_ipmsm_probe_iter01\config\implementation_assumptions.m,444,5d311689d7ca99ed8332df1f014bd874407ed19b5253357dc802dd2f39965961
ipmsm_probe,config\ipmsm_parameters.m,C:\Users\catkin\Documents\baseline_zhou\zhou_icf_mpc_ipmsm_probe_iter01\config\ipmsm_parameters.m,258,48fde7d4313f467c8e7b0c71a849fd3370a61d89c2006dcba5f2d9221e41407c
ipmsm_probe,diagnostics\frame_patch_inheritance_audit.md,C:\Users\catkin\Documents\baseline_zhou\zhou_icf_mpc_ipmsm_probe_iter01\diagnostics\frame_patch_inheritance_audit.md,1007,89b6765136170731111bed303732f4615e3191e702f7a543adee66cd393ff768
ipmsm_probe,diagnostics\migration_code_audit.md,C:\Users\catkin\Documents\baseline_zhou\zhou_icf_mpc_ipmsm_probe_iter01\diagnostics\migration_code_audit.md,1079,52465df2623bf46967f745ee67125de35dd225e1f0d441921a75eac14d919e05
ipmsm_probe,diagnostics\path_isolation_audit.md,C:\Users\catkin\Documents\baseline_zhou\zhou_icf_mpc_ipmsm_probe_iter01\diagnostics\path_isolation_audit.md,152521,edb999dbba5588dda4e5b118b6605268b2cae8d7c769cf7efc14b208dbb14159
ipmsm_probe,diagnostics\regression_failure_diagnosis.md,C:\Users\catkin\Documents\baseline_zhou\zhou_icf_mpc_ipmsm_probe_iter01\diagnostics\regression_failure_diagnosis.md,895,ee26994e584ae5c4d21bc898688c432e4219c3014c86e8d56f2a7508b1c97f42
ipmsm_probe,diagnostics\runtime_errors\20260712_153430_044_ipmsm_probe.txt,C:\Users\catkin\Documents\baseline_zhou\zhou_icf_mpc_ipmsm_probe_iter01\diagnostics\runtime_errors\20260712_153430_044_ipmsm_probe.txt,879,d62bbc1958e6986467663050397ea2457d1f94d79ba964238a0090a9bec2a324
ipmsm_probe,docs\assumptions_and_limitations.md,C:\Users\catkin\Documents\baseline_zhou\zhou_icf_mpc_ipmsm_probe_iter01\docs\assumptions_and_limitations.md,1139,9efbd0770545143bc387166fe1818f6068a851302cf23cb36ed763912c6c51ef
ipmsm_probe,docs\iter11_inheritance_mapping.md,C:\Users\catkin\Documents\baseline_zhou\zhou_icf_mpc_ipmsm_probe_iter01\docs\iter11_inheritance_mapping.md,4918,0afac57bcbdedabdc06dc7b4a13cb9fea58486c90856ae6b506494b9b8fd0c69
ipmsm_probe,docs\migration_plan.md,C:\Users\catkin\Documents\baseline_zhou\zhou_icf_mpc_ipmsm_probe_iter01\docs\migration_plan.md,1087,381136c47649e24a1d7e4c7f1a7d3da8b097391622f51d8fd0da97b5b11c63e1
ipmsm_probe,docs\model_equation_mapping.md,C:\Users\catkin\Documents\baseline_zhou\zhou_icf_mpc_ipmsm_probe_iter01\docs\model_equation_mapping.md,973,cb496d9820fb03424873036e2ab5df5f802a180772ca86898ee75ccd861dd2b2
ipmsm_probe,docs\parameter_sources.md,C:\Users\catkin\Documents\baseline_zhou\zhou_icf_mpc_ipmsm_probe_iter01\docs\parameter_sources.md,1160,7987662bedd086beefaa643595d1feb1d89a18ed3a3473d25b7853e66ad561a6
ipmsm_probe,docs\project_structure.md,C:\Users\catkin\Documents\baseline_zhou\zhou_icf_mpc_ipmsm_probe_iter01\docs\project_structure.md,851,156ac722c481edeabfb5461a46fcc47ee75af0a584fe596033a85e933d5a03f4
ipmsm_probe,docs\test_and_acceptance_plan.md,C:\Users\catkin\Documents\baseline_zhou\zhou_icf_mpc_ipmsm_probe_iter01\docs\test_and_acceptance_plan.md,1302,bd199a42554e6fa2c3065124e4ab50578b68007b50c6afe06bab8855d8f838b4
ipmsm_probe,experiments\experiment_alpha_mode_comparison.m,C:\Users\catkin\Documents\baseline_zhou\zhou_icf_mpc_ipmsm_probe_iter01\experiments\experiment_alpha_mode_comparison.m,2771,b4c331d026931c7805ac75a14eb047fe1715c3426c69dab48c99652b278fe813
ipmsm_probe,experiments\experiment_negative_id_sweep.m,C:\Users\catkin\Documents\baseline_zhou\zhou_icf_mpc_ipmsm_probe_iter01\experiments\experiment_negative_id_sweep.m,2676,80d3613a29f4cca98018730d71eed26f80a5faf0dd480e088e31e744e967c8e8
ipmsm_probe,experiments\experiment_P0_degenerate_regression.m,C:\Users\catkin\Documents\baseline_zhou\zhou_icf_mpc_ipmsm_probe_iter01\experiments\experiment_P0_degenerate_regression.m,3109,efd2424ca7651d9c04c08545226a480f00446d3310db8f7a18b927af1011e790
ipmsm_probe,experiments\experiment_P1_saliency_probe.m,C:\Users\catkin\Documents\baseline_zhou\zhou_icf_mpc_ipmsm_probe_iter01\experiments\experiment_P1_saliency_probe.m,1540,21301b7285f63d03823107caba1ef07e8e27c2940f4ad6a5922c1d685d001f05
ipmsm_probe,FINAL_IPMSM_PROBE_REPORT.md,C:\Users\catkin\Documents\baseline_zhou\zhou_icf_mpc_ipmsm_probe_iter01\FINAL_IPMSM_PROBE_REPORT.md,3010,784f992a37c792d02ecfbb39f82ca09092263487f3a9967d1c5ea0430093d745
ipmsm_probe,initialize_project.m,C:\Users\catkin\Documents\baseline_zhou\zhou_icf_mpc_ipmsm_probe_iter01\initialize_project.m,3737,ecbe5361cbb4556b5bb2cf4b50376187807d64fb1e5acfb8d6c79959614eccc6
ipmsm_probe,logs\matlab_execution_log.txt,C:\Users\catkin\Documents\baseline_zhou\zhou_icf_mpc_ipmsm_probe_iter01\logs\matlab_execution_log.txt,3546,1f1931f7bd3dc375e19f696dc4aceed507175250d384379e2f2a9d8e9b9311c2
ipmsm_probe,logs\run_ledger.csv,C:\Users\catkin\Documents\baseline_zhou\zhou_icf_mpc_ipmsm_probe_iter01\logs\run_ledger.csv,392,a401fc3cb2aac443f8e1931fcccc423205c7960b2021c8e1548224fbc5276195
ipmsm_probe,logs\unit_test_log.txt,C:\Users\catkin\Documents\baseline_zhou\zhou_icf_mpc_ipmsm_probe_iter01\logs\unit_test_log.txt,1054,b5a6556832a343ad2c1dd09388754be466642e4a33a563af1d9c0fb4402d690f
ipmsm_probe,plots\alpha_comparison\20260712_155604_970_ipmsm_probe\trace.png,C:\Users\catkin\Documents\baseline_zhou\zhou_icf_mpc_ipmsm_probe_iter01\plots\alpha_comparison\20260712_155604_970_ipmsm_probe\trace.png,51315,f510c7b7ccce632850067f4e5c4a67f04d3d8ebd1e3b6675fb9a581209f0b294
ipmsm_probe,plots\alpha_comparison\20260712_210214_171_ipmsm_probe\alpha_mode_comparison.png,C:\Users\catkin\Documents\baseline_zhou\zhou_icf_mpc_ipmsm_probe_iter01\plots\alpha_comparison\20260712_210214_171_ipmsm_probe\alpha_mode_comparison.png,38959,e8b21be0b0e159725720a31178ab5e7ac8b7f69608d87551909a4f7d6d71f390
ipmsm_probe,plots\alpha_comparison\20260712_210805_549_ipmsm_probe\alpha_mode_comparison.png,C:\Users\catkin\Documents\baseline_zhou\zhou_icf_mpc_ipmsm_probe_iter01\plots\alpha_comparison\20260712_210805_549_ipmsm_probe\alpha_mode_comparison.png,38582,d32a41745a8cde2536866f175387221fd1dc191f61378368eeaa1ef9aca613a9
ipmsm_probe,plots\alpha_comparison\20260712_211507_428_ipmsm_probe\alpha_mode_comparison.png,C:\Users\catkin\Documents\baseline_zhou\zhou_icf_mpc_ipmsm_probe_iter01\plots\alpha_comparison\20260712_211507_428_ipmsm_probe\alpha_mode_comparison.png,38582,6bc2118b1b400d35bbaaf8a97bb1a47875e536910654c1f84036a4c225566509
ipmsm_probe,plots\negative_id\20260712_155604_970_ipmsm_probe\trace.png,C:\Users\catkin\Documents\baseline_zhou\zhou_icf_mpc_ipmsm_probe_iter01\plots\negative_id\20260712_155604_970_ipmsm_probe\trace.png,45915,1bb6c2e5b2d7958010af792241d508d11dd03250f273f447159ecca2f1b2bc0d
ipmsm_probe,plots\negative_id\20260712_210214_171_ipmsm_probe\negative_id_sweep.png,C:\Users\catkin\Documents\baseline_zhou\zhou_icf_mpc_ipmsm_probe_iter01\plots\negative_id\20260712_210214_171_ipmsm_probe\negative_id_sweep.png,45784,45e8cdc29ac8a8f86f5e92b5d9b4b717a1e99d381dd281dc826e4b45dfbdfd83
ipmsm_probe,plots\negative_id\20260712_210805_549_ipmsm_probe\negative_id_sweep.png,C:\Users\catkin\Documents\baseline_zhou\zhou_icf_mpc_ipmsm_probe_iter01\plots\negative_id\20260712_210805_549_ipmsm_probe\negative_id_sweep.png,45784,6161f6521583801dcb2dc20615c9412d48fbf3fd9367a54feba1ba51af66cd50
ipmsm_probe,plots\negative_id\20260712_211507_428_ipmsm_probe\negative_id_sweep.png,C:\Users\catkin\Documents\baseline_zhou\zhou_icf_mpc_ipmsm_probe_iter01\plots\negative_id\20260712_211507_428_ipmsm_probe\negative_id_sweep.png,45789,742a818c20a007b0fa818a1763e58edb68b02f361779bc6a95113d654a739710
ipmsm_probe,plots\regression\20260712_155419_954_ipmsm_probe\trace.png,C:\Users\catkin\Documents\baseline_zhou\zhou_icf_mpc_ipmsm_probe_iter01\plots\regression\20260712_155419_954_ipmsm_probe\trace.png,48880,c24bbb5354884e9406e2562ba78599affef61c08d83965b9805e2180348e1983
ipmsm_probe,plots\regression\20260712_155604_970_ipmsm_probe\trace.png,C:\Users\catkin\Documents\baseline_zhou\zhou_icf_mpc_ipmsm_probe_iter01\plots\regression\20260712_155604_970_ipmsm_probe\trace.png,48880,58cb187cc2188aba8efd451761d707bf9dd5c1791fd64bd2d7eafba5d724f505
ipmsm_probe,plots\regression\20260712_210214_171_ipmsm_probe\trace.png,C:\Users\catkin\Documents\baseline_zhou\zhou_icf_mpc_ipmsm_probe_iter01\plots\regression\20260712_210214_171_ipmsm_probe\trace.png,76089,197d9d824aa8cb0f3743c7cbd15ab98258692c1009b713a5d4b7fd3e3f6477ab
ipmsm_probe,plots\regression\20260712_210805_549_ipmsm_probe\trace.png,C:\Users\catkin\Documents\baseline_zhou\zhou_icf_mpc_ipmsm_probe_iter01\plots\regression\20260712_210805_549_ipmsm_probe\trace.png,76089,d1d5f3aa8099aa7df3a64b99dff33675d4d1991d09f413fa35e18fdde241b2fd
ipmsm_probe,plots\regression\20260712_211507_428_ipmsm_probe\trace.png,C:\Users\catkin\Documents\baseline_zhou\zhou_icf_mpc_ipmsm_probe_iter01\plots\regression\20260712_211507_428_ipmsm_probe\trace.png,76129,d33475dcded15c533fd23650570e410e08d16389065ed67ed546f11b8fe06c34
ipmsm_probe,plots\saliency\20260712_155604_970_ipmsm_probe\trace.png,C:\Users\catkin\Documents\baseline_zhou\zhou_icf_mpc_ipmsm_probe_iter01\plots\saliency\20260712_155604_970_ipmsm_probe\trace.png,46148,418aecd4ae8604bfcc083436210bfbb880963652d320237d82231600e9384718
ipmsm_probe,plots\saliency\20260712_210214_171_ipmsm_probe\trace.png,C:\Users\catkin\Documents\baseline_zhou\zhou_icf_mpc_ipmsm_probe_iter01\plots\saliency\20260712_210214_171_ipmsm_probe\trace.png,85200,7c9821d062c44aaea5f16d0d73911b44d13e77d563efe6b058d3930a3e374fd0
ipmsm_probe,plots\saliency\20260712_210805_549_ipmsm_probe\trace.png,C:\Users\catkin\Documents\baseline_zhou\zhou_icf_mpc_ipmsm_probe_iter01\plots\saliency\20260712_210805_549_ipmsm_probe\trace.png,85200,07764ccdebc3147dc834164e95a37736df3627b44175c323a5a8b6e8a2845bf7
ipmsm_probe,plots\saliency\20260712_211507_428_ipmsm_probe\trace.png,C:\Users\catkin\Documents\baseline_zhou\zhou_icf_mpc_ipmsm_probe_iter01\plots\saliency\20260712_211507_428_ipmsm_probe\trace.png,85248,f6e0fb85963a9302d20b07cf0d6252cf58533e9e1d799a811b4e2f0675ad6bb8
ipmsm_probe,README.md,C:\Users\catkin\Documents\baseline_zhou\zhou_icf_mpc_ipmsm_probe_iter01\README.md,2514,d62bea57b4d83a6d60cfeb191009d7aa36c1e38e2228cdcbedbac09ae1a02325
ipmsm_probe,reference\iter11_regression_targets.csv,C:\Users\catkin\Documents\baseline_zhou\zhou_icf_mpc_ipmsm_probe_iter01\reference\iter11_regression_targets.csv,472,e3e3cc58200d06f58971c5fae116ae267dbe9d5a652a6b370de339b152906562
ipmsm_probe,reference\iter11_source_manifest.sha256,C:\Users\catkin\Documents\baseline_zhou\zhou_icf_mpc_ipmsm_probe_iter01\reference\iter11_source_manifest.sha256,5764,bbef10d8fe9ef759e995dd49a7002e4f0fc43a288c8d16a7de96032fdcec2a14
ipmsm_probe,reference\source_paper\zhou_2025_icf_mpc.pdf,C:\Users\catkin\Documents\baseline_zhou\zhou_icf_mpc_ipmsm_probe_iter01\reference\source_paper\zhou_2025_icf_mpc.pdf,2486013,cdce796661012e0b682b8d9a98f6f36fa7eef6a5093be1415eece5b56187b04c
ipmsm_probe,results\alpha_comparison\20260712_155604_970_ipmsm_probe\config_snapshot\configuration.mat,C:\Users\catkin\Documents\baseline_zhou\zhou_icf_mpc_ipmsm_probe_iter01\results\alpha_comparison\20260712_155604_970_ipmsm_probe\config_snapshot\configuration.mat,958,6d826319de71ee9ecf72a3c70cb31227bc480b9b3d37f899dfa63556325dd835
ipmsm_probe,results\alpha_comparison\20260712_155604_970_ipmsm_probe\metrics.csv,C:\Users\catkin\Documents\baseline_zhou\zhou_icf_mpc_ipmsm_probe_iter01\results\alpha_comparison\20260712_155604_970_ipmsm_probe\metrics.csv,297,834b34fb75b602e1489cdb64392f337fcd7b2f9c4f54d88b37efd9350fecf31f
ipmsm_probe,results\alpha_comparison\20260712_210214_171_ipmsm_probe\config_snapshot\configuration.mat,C:\Users\catkin\Documents\baseline_zhou\zhou_icf_mpc_ipmsm_probe_iter01\results\alpha_comparison\20260712_210214_171_ipmsm_probe\config_snapshot\configuration.mat,1116,87e3caf4ca4243e54028e4fc949b42eec3eec4d5ff99304aa7d63b592c050c49
ipmsm_probe,results\alpha_comparison\20260712_210214_171_ipmsm_probe\metrics.csv,C:\Users\catkin\Documents\baseline_zhou\zhou_icf_mpc_ipmsm_probe_iter01\results\alpha_comparison\20260712_210214_171_ipmsm_probe\metrics.csv,930,a181be3b00ba9fe553461d5f00e68ba755e9c8ba733106099ef2274106f0ba59
ipmsm_probe,results\alpha_comparison\20260712_210805_549_ipmsm_probe\config_snapshot\configuration.mat,C:\Users\catkin\Documents\baseline_zhou\zhou_icf_mpc_ipmsm_probe_iter01\results\alpha_comparison\20260712_210805_549_ipmsm_probe\config_snapshot\configuration.mat,1116,3c59f4d842b065e8bbb6b4199758a813a0ad0f38de90050e9618f15ce01428c3
ipmsm_probe,results\alpha_comparison\20260712_210805_549_ipmsm_probe\metrics.csv,C:\Users\catkin\Documents\baseline_zhou\zhou_icf_mpc_ipmsm_probe_iter01\results\alpha_comparison\20260712_210805_549_ipmsm_probe\metrics.csv,930,a181be3b00ba9fe553461d5f00e68ba755e9c8ba733106099ef2274106f0ba59
ipmsm_probe,results\alpha_comparison\20260712_211507_428_ipmsm_probe\config_snapshot\configuration.mat,C:\Users\catkin\Documents\baseline_zhou\zhou_icf_mpc_ipmsm_probe_iter01\results\alpha_comparison\20260712_211507_428_ipmsm_probe\config_snapshot\configuration.mat,1116,3633a3c821fec913eb6fb5c26ccbfd5c65597548997345af92db12187f879d8c
ipmsm_probe,results\alpha_comparison\20260712_211507_428_ipmsm_probe\metrics.csv,C:\Users\catkin\Documents\baseline_zhou\zhou_icf_mpc_ipmsm_probe_iter01\results\alpha_comparison\20260712_211507_428_ipmsm_probe\metrics.csv,930,a181be3b00ba9fe553461d5f00e68ba755e9c8ba733106099ef2274106f0ba59
ipmsm_probe,results\negative_id\20260712_155604_970_ipmsm_probe\config_snapshot\configuration.mat,C:\Users\catkin\Documents\baseline_zhou\zhou_icf_mpc_ipmsm_probe_iter01\results\negative_id\20260712_155604_970_ipmsm_probe\config_snapshot\configuration.mat,963,6d480bb3e8ffdeaab4ea67e98ce78bf5f4b4428c6c126eb1a55221386a559b4e
ipmsm_probe,results\negative_id\20260712_155604_970_ipmsm_probe\metrics.csv,C:\Users\catkin\Documents\baseline_zhou\zhou_icf_mpc_ipmsm_probe_iter01\results\negative_id\20260712_155604_970_ipmsm_probe\metrics.csv,444,007abae226da7ec9ba3bac8494ccfc783ca6238c803232737541762ac350c280
ipmsm_probe,results\negative_id\20260712_210214_171_ipmsm_probe\config_snapshot\configuration.mat,C:\Users\catkin\Documents\baseline_zhou\zhou_icf_mpc_ipmsm_probe_iter01\results\negative_id\20260712_210214_171_ipmsm_probe\config_snapshot\configuration.mat,1128,8bbc84dcbba6a092e6494800b30b54f7868837d7e869927cdd055c9b6cf87ba1
ipmsm_probe,results\negative_id\20260712_210214_171_ipmsm_probe\metrics.csv,C:\Users\catkin\Documents\baseline_zhou\zhou_icf_mpc_ipmsm_probe_iter01\results\negative_id\20260712_210214_171_ipmsm_probe\metrics.csv,1331,20ac6ae0bdc700a90c6dec37b69e658659c918515d315193599bf9df5c2ceb0c
ipmsm_probe,results\negative_id\20260712_210805_549_ipmsm_probe\config_snapshot\configuration.mat,C:\Users\catkin\Documents\baseline_zhou\zhou_icf_mpc_ipmsm_probe_iter01\results\negative_id\20260712_210805_549_ipmsm_probe\config_snapshot\configuration.mat,1128,7538bb3b8d197bc6c3ef90bf2d892d795b47cda36ef42fb04680a8398253468f
ipmsm_probe,results\negative_id\20260712_210805_549_ipmsm_probe\metrics.csv,C:\Users\catkin\Documents\baseline_zhou\zhou_icf_mpc_ipmsm_probe_iter01\results\negative_id\20260712_210805_549_ipmsm_probe\metrics.csv,1331,20ac6ae0bdc700a90c6dec37b69e658659c918515d315193599bf9df5c2ceb0c
ipmsm_probe,results\negative_id\20260712_211507_428_ipmsm_probe\config_snapshot\configuration.mat,C:\Users\catkin\Documents\baseline_zhou\zhou_icf_mpc_ipmsm_probe_iter01\results\negative_id\20260712_211507_428_ipmsm_probe\config_snapshot\configuration.mat,1128,9e98218286fe3d6fd815ed7ac8d209fb7a38b03442b7b9040e64ae18cf0eb768
ipmsm_probe,results\negative_id\20260712_211507_428_ipmsm_probe\metrics.csv,C:\Users\catkin\Documents\baseline_zhou\zhou_icf_mpc_ipmsm_probe_iter01\results\negative_id\20260712_211507_428_ipmsm_probe\metrics.csv,1331,20ac6ae0bdc700a90c6dec37b69e658659c918515d315193599bf9df5c2ceb0c
ipmsm_probe,results\regression\20260712_155419_954_ipmsm_probe\config_snapshot\configuration.mat,C:\Users\catkin\Documents\baseline_zhou\zhou_icf_mpc_ipmsm_probe_iter01\results\regression\20260712_155419_954_ipmsm_probe\config_snapshot\configuration.mat,956,85fcf311337aef05d3907f00b9287d586ae3aaf261553065d8be13e707a5ae8e
ipmsm_probe,results\regression\20260712_155419_954_ipmsm_probe\metrics.csv,C:\Users\catkin\Documents\baseline_zhou\zhou_icf_mpc_ipmsm_probe_iter01\results\regression\20260712_155419_954_ipmsm_probe\metrics.csv,190,4b19a7d20470980e1b26d8bda158d6ae901d4e724ad333ebfb14c33af7d600de
ipmsm_probe,results\regression\20260712_155604_970_ipmsm_probe\config_snapshot\configuration.mat,C:\Users\catkin\Documents\baseline_zhou\zhou_icf_mpc_ipmsm_probe_iter01\results\regression\20260712_155604_970_ipmsm_probe\config_snapshot\configuration.mat,956,e740f0a787c63ff4e2d098c11de4f8796e54f246fcf9f840915e14c6101d4a4e
ipmsm_probe,results\regression\20260712_155604_970_ipmsm_probe\metrics.csv,C:\Users\catkin\Documents\baseline_zhou\zhou_icf_mpc_ipmsm_probe_iter01\results\regression\20260712_155604_970_ipmsm_probe\metrics.csv,189,b343e41d56c79ccb6fa03d5c920cc7eb28cbe4f1e50a0df6f9bd7816f4656a97
ipmsm_probe,results\regression\20260712_210214_171_ipmsm_probe\config_snapshot\configuration.mat,C:\Users\catkin\Documents\baseline_zhou\zhou_icf_mpc_ipmsm_probe_iter01\results\regression\20260712_210214_171_ipmsm_probe\config_snapshot\configuration.mat,1108,c4d6cae4c88c8801b704cbcfe09cee200f4dd95b69a056b656b1271cb26d1950
ipmsm_probe,results\regression\20260712_210214_171_ipmsm_probe\metrics.csv,C:\Users\catkin\Documents\baseline_zhou\zhou_icf_mpc_ipmsm_probe_iter01\results\regression\20260712_210214_171_ipmsm_probe\metrics.csv,774,68330168f51609bd9737a213c512664cddb3055b0bd06f834b6db69161a81d9a
ipmsm_probe,results\regression\20260712_210805_549_ipmsm_probe\config_snapshot\configuration.mat,C:\Users\catkin\Documents\baseline_zhou\zhou_icf_mpc_ipmsm_probe_iter01\results\regression\20260712_210805_549_ipmsm_probe\config_snapshot\configuration.mat,1108,14a2d7219793a5d0e57d2cb4ec749f7373527eadaacde977828fa5f53c3cf5ae
ipmsm_probe,results\regression\20260712_210805_549_ipmsm_probe\metrics.csv,C:\Users\catkin\Documents\baseline_zhou\zhou_icf_mpc_ipmsm_probe_iter01\results\regression\20260712_210805_549_ipmsm_probe\metrics.csv,774,68330168f51609bd9737a213c512664cddb3055b0bd06f834b6db69161a81d9a
ipmsm_probe,results\regression\20260712_211507_428_ipmsm_probe\config_snapshot\configuration.mat,C:\Users\catkin\Documents\baseline_zhou\zhou_icf_mpc_ipmsm_probe_iter01\results\regression\20260712_211507_428_ipmsm_probe\config_snapshot\configuration.mat,1108,68391c4f960e699962fee913fd0d32de229d922d010155d5d1483de3467b94d7
ipmsm_probe,results\regression\20260712_211507_428_ipmsm_probe\metrics.csv,C:\Users\catkin\Documents\baseline_zhou\zhou_icf_mpc_ipmsm_probe_iter01\results\regression\20260712_211507_428_ipmsm_probe\metrics.csv,774,68330168f51609bd9737a213c512664cddb3055b0bd06f834b6db69161a81d9a
ipmsm_probe,results\saliency\20260712_155604_970_ipmsm_probe\config_snapshot\configuration.mat,C:\Users\catkin\Documents\baseline_zhou\zhou_icf_mpc_ipmsm_probe_iter01\results\saliency\20260712_155604_970_ipmsm_probe\config_snapshot\configuration.mat,957,1889ea90cd9a1d656948c38dd812b121335f5076b5df0809e1df0aafc8a11c21
ipmsm_probe,results\saliency\20260712_155604_970_ipmsm_probe\metrics.csv,C:\Users\catkin\Documents\baseline_zhou\zhou_icf_mpc_ipmsm_probe_iter01\results\saliency\20260712_155604_970_ipmsm_probe\metrics.csv,189,4a44a36e741be280b8926b3330c7ad50bb855bffe12c99ca788a5029ac34f821
ipmsm_probe,results\saliency\20260712_210214_171_ipmsm_probe\config_snapshot\configuration.mat,C:\Users\catkin\Documents\baseline_zhou\zhou_icf_mpc_ipmsm_probe_iter01\results\saliency\20260712_210214_171_ipmsm_probe\config_snapshot\configuration.mat,1110,22c837525bb82a820e84937ce508549d74841a15ba50652f56294fec57d57c89
ipmsm_probe,results\saliency\20260712_210214_171_ipmsm_probe\metrics.csv,C:\Users\catkin\Documents\baseline_zhou\zhou_icf_mpc_ipmsm_probe_iter01\results\saliency\20260712_210214_171_ipmsm_probe\metrics.csv,685,3876d6033a7170abdbe18f352351d53225048da73559c726e48ded21bf69b56b
ipmsm_probe,results\saliency\20260712_210805_549_ipmsm_probe\config_snapshot\configuration.mat,C:\Users\catkin\Documents\baseline_zhou\zhou_icf_mpc_ipmsm_probe_iter01\results\saliency\20260712_210805_549_ipmsm_probe\config_snapshot\configuration.mat,1110,e64d45a92a5dc8a25fe2d4da61fbdd11ad8e107538ef20644da9076e6ddc567d
ipmsm_probe,results\saliency\20260712_210805_549_ipmsm_probe\metrics.csv,C:\Users\catkin\Documents\baseline_zhou\zhou_icf_mpc_ipmsm_probe_iter01\results\saliency\20260712_210805_549_ipmsm_probe\metrics.csv,685,3876d6033a7170abdbe18f352351d53225048da73559c726e48ded21bf69b56b
ipmsm_probe,results\saliency\20260712_211507_428_ipmsm_probe\config_snapshot\configuration.mat,C:\Users\catkin\Documents\baseline_zhou\zhou_icf_mpc_ipmsm_probe_iter01\results\saliency\20260712_211507_428_ipmsm_probe\config_snapshot\configuration.mat,1110,065a1d40e771f47c3d9ac6aeb6df8e45f323e32c196bf478eada3018228192b8
ipmsm_probe,results\saliency\20260712_211507_428_ipmsm_probe\metrics.csv,C:\Users\catkin\Documents\baseline_zhou\zhou_icf_mpc_ipmsm_probe_iter01\results\saliency\20260712_211507_428_ipmsm_probe\metrics.csv,685,3876d6033a7170abdbe18f352351d53225048da73559c726e48ded21bf69b56b
ipmsm_probe,results\summary\alpha_mode_comparison.csv,C:\Users\catkin\Documents\baseline_zhou\zhou_icf_mpc_ipmsm_probe_iter01\results\summary\alpha_mode_comparison.csv,2948,83998f856852e6ce7601861661430b6e62884247544e14b7993b1c3a72749945
ipmsm_probe,results\summary\ipmsm_probe_summary.csv,C:\Users\catkin\Documents\baseline_zhou\zhou_icf_mpc_ipmsm_probe_iter01\results\summary\ipmsm_probe_summary.csv,1738,f0e4c751eeff903ba29123cc827e967e275f37768e387634e8134c53ed2824a4
ipmsm_probe,results\summary\negative_id_sweep.csv,C:\Users\catkin\Documents\baseline_zhou\zhou_icf_mpc_ipmsm_probe_iter01\results\summary\negative_id_sweep.csv,5262,c64cbe6dee4f5dc36ab5a63d6e966fd8b7adb780fe4ae3aee82aaab713815f01
ipmsm_probe,results\summary\regression_summary.csv,C:\Users\catkin\Documents\baseline_zhou\zhou_icf_mpc_ipmsm_probe_iter01\results\summary\regression_summary.csv,2051,dccc4d1271af147c9d738ea2c4edc3cd6895ed448da10de7dd21568b26affaf3
ipmsm_probe,run_ipmsm_probe.m,C:\Users\catkin\Documents\baseline_zhou\zhou_icf_mpc_ipmsm_probe_iter01\run_ipmsm_probe.m,7627,931c9ebf05c24c7bf0b94e9f72021df01c9a6cce9afa9365c227d4b1fefc1dad
ipmsm_probe,SOURCE_MANIFEST.sha256,C:\Users\catkin\Documents\baseline_zhou\zhou_icf_mpc_ipmsm_probe_iter01\SOURCE_MANIFEST.sha256,7296,e0792a9841713dc559bc813e9cdde6e3be5376dd99ff55c33558c660d8c720bd
ipmsm_probe,src\+zhou_ipmsm\+controller\build_current_reference.m,C:\Users\catkin\Documents\baseline_zhou\zhou_icf_mpc_ipmsm_probe_iter01\src\+zhou_ipmsm\+controller\build_current_reference.m,56,0cdb151cb63c236efa6de3da6b111ea766af53dc2dfaa3ac5e0f94149edff09b
ipmsm_probe,src\+zhou_ipmsm\+controller\estimate_ultralocal_F.m,C:\Users\catkin\Documents\baseline_zhou\zhou_icf_mpc_ipmsm_probe_iter01\src\+zhou_ipmsm\+controller\estimate_ultralocal_F.m,116,52979e7449c4faeaf5c84c50a193e3411898a2fca95be1e2746b0bad186da657
ipmsm_probe,src\+zhou_ipmsm\+controller\icf_mpc_step.m,C:\Users\catkin\Documents\baseline_zhou\zhou_icf_mpc_ipmsm_probe_iter01\src\+zhou_ipmsm\+controller\icf_mpc_step.m,6301,4268a27c6474d1ecd547db2c815234740957a50712d1e7c39c4def27b6d1a1ac
ipmsm_probe,src\+zhou_ipmsm\+controller\predict_current.m,C:\Users\catkin\Documents\baseline_zhou\zhou_icf_mpc_ipmsm_probe_iter01\src\+zhou_ipmsm\+controller\predict_current.m,70,4392bc8918fc5c5e4d8a11dee3870e837e28e934bf128099eb3f98c1aacb164b
ipmsm_probe,src\+zhou_ipmsm\+controller\sequence_equivalent_dq_voltage.m,C:\Users\catkin\Documents\baseline_zhou\zhou_icf_mpc_ipmsm_probe_iter01\src\+zhou_ipmsm\+controller\sequence_equivalent_dq_voltage.m,385,002434f10ab7caddd54e18b4d7759c1f200bbb54a918124075e973d52b34b6e1
ipmsm_probe,src\+zhou_ipmsm\+geometry\build_voltage_rectangle.m,C:\Users\catkin\Documents\baseline_zhou\zhou_icf_mpc_ipmsm_probe_iter01\src\+zhou_ipmsm\+geometry\build_voltage_rectangle.m,1477,2a66996e754d644437ddd15fb4a91ea04eb88c2f40cf13f8bce04fcec364827a
ipmsm_probe,src\+zhou_ipmsm\+geometry\calculate_intersections.m,C:\Users\catkin\Documents\baseline_zhou\zhou_icf_mpc_ipmsm_probe_iter01\src\+zhou_ipmsm\+geometry\calculate_intersections.m,1695,023bb40df2bad3b362d0e641d6a85c5388a49a07488e69dd3a37378208630436
ipmsm_probe,src\+zhou_ipmsm\+geometry\classify_case.m,C:\Users\catkin\Documents\baseline_zhou\zhou_icf_mpc_ipmsm_probe_iter01\src\+zhou_ipmsm\+geometry\classify_case.m,969,adca4bb85bae1dad5fe8bdb0a04cb0fb420f7d4daf7baf509f4b860697eff8e3
ipmsm_probe,src\+zhou_ipmsm\+geometry\validate_candidate_geometry.m,C:\Users\catkin\Documents\baseline_zhou\zhou_icf_mpc_ipmsm_probe_iter01\src\+zhou_ipmsm\+geometry\validate_candidate_geometry.m,556,75b74af1b672a1b220fb3d8d47e66fb6f62c210af036618e034dc73b64f4b364
ipmsm_probe,src\+zhou_ipmsm\+inverter\count_switching_actions.m,C:\Users\catkin\Documents\baseline_zhou\zhou_icf_mpc_ipmsm_probe_iter01\src\+zhou_ipmsm\+inverter\count_switching_actions.m,115,c9c8332d0396272d0919ab8a7e2946ce5b802c4de87d50f122ecddc7a13c45ca
ipmsm_probe,src\+zhou_ipmsm\+inverter\park.m,C:\Users\catkin\Documents\baseline_zhou\zhou_icf_mpc_ipmsm_probe_iter01\src\+zhou_ipmsm\+inverter\park.m,67,fb31d6b82b70b8f0ddf1a8b39bcb1193fb1d4ea77cb372ec1f2407eed76da8e5
ipmsm_probe,src\+zhou_ipmsm\+inverter\switching_state_to_alphabeta.m,C:\Users\catkin\Documents\baseline_zhou\zhou_icf_mpc_ipmsm_probe_iter01\src\+zhou_ipmsm\+inverter\switching_state_to_alphabeta.m,107,f4cc978bedb2f8e2b400362f9cde156a0882905bcbed27025591ca4819e5e3c1
ipmsm_probe,src\+zhou_ipmsm\+inverter\voltage_vectors.m,C:\Users\catkin\Documents\baseline_zhou\zhou_icf_mpc_ipmsm_probe_iter01\src\+zhou_ipmsm\+inverter\voltage_vectors.m,155,9af4a6e4814038af37e8cab14a015038a4c2b25e5225b9068b7aaa25c3a42d0f
ipmsm_probe,src\+zhou_ipmsm\+io\append_summary_rows.m,C:\Users\catkin\Documents\baseline_zhou\zhou_icf_mpc_ipmsm_probe_iter01\src\+zhou_ipmsm\+io\append_summary_rows.m,1429,dbf6075d5bf30d9f563f91d0c42cc5a9069a74248219d54a10258364c9565385
ipmsm_probe,src\+zhou_ipmsm\+io\create_run_directory.m,C:\Users\catkin\Documents\baseline_zhou\zhou_icf_mpc_ipmsm_probe_iter01\src\+zhou_ipmsm\+io\create_run_directory.m,312,f795241925eb9aaff7938e7d8c9518ec0b171e64daeda91481b1c75b0d0b431e
ipmsm_probe,src\+zhou_ipmsm\+io\export_trace_plot.m,C:\Users\catkin\Documents\baseline_zhou\zhou_icf_mpc_ipmsm_probe_iter01\src\+zhou_ipmsm\+io\export_trace_plot.m,1055,6f1f270df84592316a7e4afba8b7406998c48f3aee4dbd9da3aa87c16a13cb80
ipmsm_probe,src\+zhou_ipmsm\+io\generate_source_manifest.m,C:\Users\catkin\Documents\baseline_zhou\zhou_icf_mpc_ipmsm_probe_iter01\src\+zhou_ipmsm\+io\generate_source_manifest.m,1607,f0d952b71c43bf6183776d69e31f2a6621e1be475d5b27628e4c1dc82535cece
ipmsm_probe,src\+zhou_ipmsm\+io\save_configuration_snapshot.m,C:\Users\catkin\Documents\baseline_zhou\zhou_icf_mpc_ipmsm_probe_iter01\src\+zhou_ipmsm\+io\save_configuration_snapshot.m,92,bef1756e377059179d9c0380c0d7d0873756a10121663672d8a9ee8c47b07cea
ipmsm_probe,src\+zhou_ipmsm\+io\save_experiment_result.m,C:\Users\catkin\Documents\baseline_zhou\zhou_icf_mpc_ipmsm_probe_iter01\src\+zhou_ipmsm\+io\save_experiment_result.m,763,dc4debc76dfc9c9bc2223d352a82a30c668ee289b9498a1c55f7fb35d74e463e
ipmsm_probe,src\+zhou_ipmsm\+io\write_result_table.m,C:\Users\catkin\Documents\baseline_zhou\zhou_icf_mpc_ipmsm_probe_iter01\src\+zhou_ipmsm\+io\write_result_table.m,2200,a86420e0697bf282476995b7fc30d39edb110332987e07c0deb9cb460c01745d
ipmsm_probe,src\+zhou_ipmsm\+metrics\calculate_constraint_metrics.m,C:\Users\catkin\Documents\baseline_zhou\zhou_icf_mpc_ipmsm_probe_iter01\src\+zhou_ipmsm\+metrics\calculate_constraint_metrics.m,132,7da74fbad61ada3620988f4d1427c28b1abc2c0d4ad505992e0f73b4cb2c0a43
ipmsm_probe,src\+zhou_ipmsm\+metrics\calculate_switching_metrics.m,C:\Users\catkin\Documents\baseline_zhou\zhou_icf_mpc_ipmsm_probe_iter01\src\+zhou_ipmsm\+metrics\calculate_switching_metrics.m,107,2cb4aaa7b8535233f3360130b87af9b55dd8cd1e35eef7f77d4b62fbc9a15d47
ipmsm_probe,src\+zhou_ipmsm\+metrics\calculate_thd.m,C:\Users\catkin\Documents\baseline_zhou\zhou_icf_mpc_ipmsm_probe_iter01\src\+zhou_ipmsm\+metrics\calculate_thd.m,620,37de467c19eacc983a5c14ebb580981373792fd5c31c5a8aa0e4676400c38b6b
ipmsm_probe,src\+zhou_ipmsm\+metrics\calculate_tracking_metrics.m,C:\Users\catkin\Documents\baseline_zhou\zhou_icf_mpc_ipmsm_probe_iter01\src\+zhou_ipmsm\+metrics\calculate_tracking_metrics.m,142,0cf9597cb76d2ac5165e83d27ddad810bc4133afaa8c59983a5253e67944298e
ipmsm_probe,src\+zhou_ipmsm\+model\calculate_ipmsm_torque.m,C:\Users\catkin\Documents\baseline_zhou\zhou_icf_mpc_ipmsm_probe_iter01\src\+zhou_ipmsm\+model\calculate_ipmsm_torque.m,207,ee1c4253d6a58c2c17acba87e283721bb55f0e1f387383d93ce4ddd16ffa6787
ipmsm_probe,src\+zhou_ipmsm\+model\calculate_torque_components.m,C:\Users\catkin\Documents\baseline_zhou\zhou_icf_mpc_ipmsm_probe_iter01\src\+zhou_ipmsm\+model\calculate_torque_components.m,169,0d7d2688dbfe2ce152691f174f26a474e3ca32e19b6d5e4b854a290732bf1904
ipmsm_probe,src\+zhou_ipmsm\+model\integrate_ipmsm_sequence_rk4.m,C:\Users\catkin\Documents\baseline_zhou\zhou_icf_mpc_ipmsm_probe_iter01\src\+zhou_ipmsm\+model\integrate_ipmsm_sequence_rk4.m,1487,13cb451ef7b457d74babeb28515e75d8d214e67492864ac271daa84d739a3a51
ipmsm_probe,src\+zhou_ipmsm\+model\ipmsm_dq_dynamics.m,C:\Users\catkin\Documents\baseline_zhou\zhou_icf_mpc_ipmsm_probe_iter01\src\+zhou_ipmsm\+model\ipmsm_dq_dynamics.m,145,4adcc6adce1067a8e8501a54800ad86fb5184b2db5b68856eafdeda3b74b70c5
ipmsm_probe,src\+zhou_ipmsm\+modulation\calculate_durations.m,C:\Users\catkin\Documents\baseline_zhou\zhou_icf_mpc_ipmsm_probe_iter01\src\+zhou_ipmsm\+modulation\calculate_durations.m,63,86416479812b1a8271949edea4cd55a30a1815edff8838cab6b6a21347b34de4
ipmsm_probe,src\+zhou_ipmsm\+modulation\generate_case_sequence.m,C:\Users\catkin\Documents\baseline_zhou\zhou_icf_mpc_ipmsm_probe_iter01\src\+zhou_ipmsm\+modulation\generate_case_sequence.m,4504,44a74b73e66d05a4981fc868476d4d358c8c4a8a5be705c8a784545e57b26de4
ipmsm_probe,src\+zhou_ipmsm\+modulation\validate_durations.m,C:\Users\catkin\Documents\baseline_zhou\zhou_icf_mpc_ipmsm_probe_iter01\src\+zhou_ipmsm\+modulation\validate_durations.m,108,72093520c876bdf016277f655d21fafaa35edd641e8cec1a0c17c54df98f6b44
ipmsm_probe,src\+zhou_ipmsm\+reference\constant_id_reference.m,C:\Users\catkin\Documents\baseline_zhou\zhou_icf_mpc_ipmsm_probe_iter01\src\+zhou_ipmsm\+reference\constant_id_reference.m,58,75946a129da49161a9bd9c9cd9577c6860f9a6ea7c6d012c8425d5831b4b24ff
ipmsm_probe,src\+zhou_ipmsm\+reference\constant_iq_reference.m,C:\Users\catkin\Documents\baseline_zhou\zhou_icf_mpc_ipmsm_probe_iter01\src\+zhou_ipmsm\+reference\constant_iq_reference.m,58,0e389e458f2a6aa8e13775a9bfb8b2ad86091f13309742b24e2a76b7aa287f7d
ipmsm_probe,src\+zhou_ipmsm\run_probe_case.m,C:\Users\catkin\Documents\baseline_zhou\zhou_icf_mpc_ipmsm_probe_iter01\src\+zhou_ipmsm\run_probe_case.m,6700,46b290588c0f60e71f17738a7d5c490739aab4af63fa140bcbebbb40a1c88c2b
ipmsm_probe,tests\run_unit_tests.m,C:\Users\catkin\Documents\baseline_zhou\zhou_icf_mpc_ipmsm_probe_iter01\tests\run_unit_tests.m,2087,42d023767f90a1b7d02165ebb296309aa5f33701629d8693125a38fbbd259766
ipmsm_probe,tests\unit\test_alpha_d_alpha_q_usage.m,C:\Users\catkin\Documents\baseline_zhou\zhou_icf_mpc_ipmsm_probe_iter01\tests\unit\test_alpha_d_alpha_q_usage.m,972,52f02be3836d1b21e5457f6aa5beb57bebec08c3af2975001496926fff6bad77
ipmsm_probe,tests\unit\test_frame_angle_patch_preserved.m,C:\Users\catkin\Documents\baseline_zhou\zhou_icf_mpc_ipmsm_probe_iter01\tests\unit\test_frame_angle_patch_preserved.m,2049,0f0a8e12f084f1a952702322ec3d9a68c4aac252834b8ebed19f29c3b79dba47
ipmsm_probe,tests\unit\test_ipmsm_dq_equation_signs.m,C:\Users\catkin\Documents\baseline_zhou\zhou_icf_mpc_ipmsm_probe_iter01\tests\unit\test_ipmsm_dq_equation_signs.m,633,68dc5d8bade4608b95d231770acdc0465d84ba2d73341052caf7605fea4d4fee
ipmsm_probe,tests\unit\test_ipmsm_reduces_to_smpmsm.m,C:\Users\catkin\Documents\baseline_zhou\zhou_icf_mpc_ipmsm_probe_iter01\tests\unit\test_ipmsm_reduces_to_smpmsm.m,630,04e7be9f8c590fb16dfd3513152cf11120577a5a0d47a080766a14a347e9b1eb
ipmsm_probe,tests\unit\test_ipmsm_torque_equation.m,C:\Users\catkin\Documents\baseline_zhou\zhou_icf_mpc_ipmsm_probe_iter01\tests\unit\test_ipmsm_torque_equation.m,759,7d65c7976f630566ddef8c84066ca7892e144039116f4e7f9e6de44f136c7690
ipmsm_probe,tests\unit\test_no_illegal_command_ipmsm.m,C:\Users\catkin\Documents\baseline_zhou\zhou_icf_mpc_ipmsm_probe_iter01\tests\unit\test_no_illegal_command_ipmsm.m,1859,c08e1f3125a82f0e4e916c594f129832b66632ddca602a1b6dfe1deb40f43967
ipmsm_probe,tests\unit\test_no_negative_duration_ipmsm.m,C:\Users\catkin\Documents\baseline_zhou\zhou_icf_mpc_ipmsm_probe_iter01\tests\unit\test_no_negative_duration_ipmsm.m,1361,0709f89206f33d7c07afe32efb0fa2e146b0a1204e77dacc72eabb7314a30a11
ipmsm_probe,tests\unit\test_nonzero_id_reference_path.m,C:\Users\catkin\Documents\baseline_zhou\zhou_icf_mpc_ipmsm_probe_iter01\tests\unit\test_nonzero_id_reference_path.m,879,c45883f439704c8e61ceea291ae63cd27e6f17440364b07e6a8cf2ce664de0aa
ipmsm_probe,tests\unit\test_project_isolation.m,C:\Users\catkin\Documents\baseline_zhou\zhou_icf_mpc_ipmsm_probe_iter01\tests\unit\test_project_isolation.m,1032,5fbddf08f8c67ab52bfb0f82d9cd01fdd0a787ac957d57b0847eebbc60bec770
s2_feasibility,BASELINE_COMPARISON.csv,C:\Users\catkin\Documents\baseline_zhou\zhou_icf_mpc_dual_timescale_prototype_iter01\reference\upstream_snapshots\zhou_icf_mpc_model_error_decomposition_iter01\reference\upstream_snapshots\s2_feasibility\BASELINE_COMPARISON.csv,2825,b44f75e96d8e12dc91a1e6124b7c67f8c8a48c5aa1a058a9d87a57cf3796ac06
s2_feasibility,FEASIBILITY_CONTROL_DECISION.md,C:\Users\catkin\Documents\baseline_zhou\zhou_icf_mpc_dual_timescale_prototype_iter01\reference\upstream_snapshots\zhou_icf_mpc_model_error_decomposition_iter01\reference\upstream_snapshots\s2_feasibility\FEASIBILITY_CONTROL_DECISION.md,747,a160e2b88abe09fd5c469815a4402ce96559054b947ca7f3becef321944ea982
s2_feasibility,FINAL_FEASIBILITY_CONTROL_REPORT.md,C:\Users\catkin\Documents\baseline_zhou\zhou_icf_mpc_dual_timescale_prototype_iter01\reference\upstream_snapshots\zhou_icf_mpc_model_error_decomposition_iter01\reference\upstream_snapshots\s2_feasibility\FINAL_FEASIBILITY_CONTROL_REPORT.md,2462,76f056cf74375086d15c125e911efcbb2ffb43aa0d9da728857e50ca88582a21
s2_feasibility,NEGATIVE_ID_ADMISSION.csv,C:\Users\catkin\Documents\baseline_zhou\zhou_icf_mpc_dual_timescale_prototype_iter01\reference\upstream_snapshots\zhou_icf_mpc_model_error_decomposition_iter01\reference\upstream_snapshots\s2_feasibility\NEGATIVE_ID_ADMISSION.csv,15199,17b05c394d7e838a87be92ff9b9a20d34a51990c6a768a12128b10f6af8d7112
s2_feasibility,SIX_CONDITION_COMPARISON.csv,C:\Users\catkin\Documents\baseline_zhou\zhou_icf_mpc_dual_timescale_prototype_iter01\reference\upstream_snapshots\zhou_icf_mpc_model_error_decomposition_iter01\reference\upstream_snapshots\s2_feasibility\SIX_CONDITION_COMPARISON.csv,21727,f684e21689226a50303e69c0111683da2624c49a20eb3e1a25271b8ce13306a8
sequence_decomposition,baseline_comparison.csv,C:\Users\catkin\Documents\baseline_zhou\zhou_icf_mpc_dual_timescale_prototype_iter01\reference\upstream_snapshots\zhou_icf_mpc_model_error_decomposition_iter01\reference\upstream_snapshots\sequence_decomposition\baseline_comparison.csv,804,6ef4a80bb85d6d17bef701325d68d957937ec14d8596ea6fc52e56e6e4b1df12
sequence_decomposition,candidate_decision_comparison.csv,C:\Users\catkin\Documents\baseline_zhou\zhou_icf_mpc_dual_timescale_prototype_iter01\reference\upstream_snapshots\zhou_icf_mpc_model_error_decomposition_iter01\reference\upstream_snapshots\sequence_decomposition\candidate_decision_comparison.csv,20698,c26e6116556ce7a254686cc1cb90be27f0017cc852e70f6a741791b1a6d48f13
sequence_decomposition,final_decision.csv,C:\Users\catkin\Documents\baseline_zhou\zhou_icf_mpc_dual_timescale_prototype_iter01\reference\upstream_snapshots\zhou_icf_mpc_model_error_decomposition_iter01\reference\upstream_snapshots\sequence_decomposition\final_decision.csv,506,c62b5a43f47bc8e1ef868ce2cd19312f8d40ad596ffd943c94e0d23ad2239eb3
sequence_decomposition,HANDOFF.md,C:\Users\catkin\Documents\baseline_zhou\zhou_icf_mpc_dual_timescale_prototype_iter01\reference\upstream_snapshots\zhou_icf_mpc_model_error_decomposition_iter01\reference\upstream_snapshots\sequence_decomposition\HANDOFF.md,7614,704af78deb0008f87412234076d3699a66e5aa9172361edb11403675c93879bf
sequence_decomposition,overall_metrics.csv,C:\Users\catkin\Documents\baseline_zhou\zhou_icf_mpc_dual_timescale_prototype_iter01\reference\upstream_snapshots\zhou_icf_mpc_model_error_decomposition_iter01\reference\upstream_snapshots\sequence_decomposition\overall_metrics.csv,2392,42a70f927bcb0f590bfefebb9496e1fddded23cd876c26f74e24c49e4acbee95
sequence_decomposition,PREVIOUS_WORK_INVENTORY.md,C:\Users\catkin\Documents\baseline_zhou\zhou_icf_mpc_dual_timescale_prototype_iter01\reference\upstream_snapshots\zhou_icf_mpc_model_error_decomposition_iter01\reference\upstream_snapshots\sequence_decomposition\PREVIOUS_WORK_INVENTORY.md,5410,1d2fd93b09d6dec68841c728e2ea89d4b50ba44028828edaede3c421966ed872
sequence_decomposition,README.md,C:\Users\catkin\Documents\baseline_zhou\zhou_icf_mpc_dual_timescale_prototype_iter01\reference\upstream_snapshots\zhou_icf_mpc_model_error_decomposition_iter01\reference\upstream_snapshots\sequence_decomposition\README.md,4523,c737d3d5873151742784bd9618abd4850c2f111f5d8e8cd0f5253b4aaf79a4bf
sequence_decomposition,residual_decomposition.csv,C:\Users\catkin\Documents\baseline_zhou\zhou_icf_mpc_dual_timescale_prototype_iter01\reference\upstream_snapshots\zhou_icf_mpc_model_error_decomposition_iter01\reference\upstream_snapshots\sequence_decomposition\residual_decomposition.csv,4396,a2783aa730450f07f0c96bebb673e0c6f3eebcba3fc4473aad2f672746479b3a
sequence_decomposition,RUN_AND_REPRODUCE.md,C:\Users\catkin\Documents\baseline_zhou\zhou_icf_mpc_dual_timescale_prototype_iter01\reference\upstream_snapshots\zhou_icf_mpc_model_error_decomposition_iter01\reference\upstream_snapshots\sequence_decomposition\RUN_AND_REPRODUCE.md,5414,903001361efc5e9fe6000c414a844b38e7e7d27782fb1d720e5ddd936c1fd76c
sequence_decomposition,SEQUENCE_DECOMPOSITION_REPORT.md,C:\Users\catkin\Documents\baseline_zhou\zhou_icf_mpc_dual_timescale_prototype_iter01\reference\upstream_snapshots\zhou_icf_mpc_model_error_decomposition_iter01\reference\upstream_snapshots\sequence_decomposition\SEQUENCE_DECOMPOSITION_REPORT.md,1153,f31c31a0e0c170e43bf486ed3ec444af3438391368703347057804dbe2ed7c57
sequence_decomposition,simulation_case_summary.csv,C:\Users\catkin\Documents\baseline_zhou\zhou_icf_mpc_dual_timescale_prototype_iter01\reference\upstream_snapshots\zhou_icf_mpc_model_error_decomposition_iter01\reference\upstream_snapshots\sequence_decomposition\simulation_case_summary.csv,19999,17dea88e85017f09b036553235dabbbd33c05d9b4b82cedfd2865a73b264aef1
sequence_decomposition,TIMING_ALIGNMENT_AUDIT.md,C:\Users\catkin\Documents\baseline_zhou\zhou_icf_mpc_dual_timescale_prototype_iter01\reference\upstream_snapshots\zhou_icf_mpc_model_error_decomposition_iter01\reference\upstream_snapshots\sequence_decomposition\TIMING_ALIGNMENT_AUDIT.md,3952,ab72a924ef10d59452d2edc17cb462786018a2816e6a6539bfdbe532e93c7565
jd_jq_audit,all_constraint_cases.csv,C:\Users\catkin\Documents\baseline_zhou\zhou_icf_mpc_dual_timescale_prototype_iter01\reference\upstream_snapshots\zhou_icf_mpc_model_error_decomposition_iter01\reference\upstream_snapshots\jd_jq_audit\all_constraint_cases.csv,669078,cdfd03b1aaa0817ff1de5cead31a967b84bbdf3292e1fdc17099617de0197231
jd_jq_audit,README.md,C:\Users\catkin\Documents\baseline_zhou\zhou_icf_mpc_dual_timescale_prototype_iter01\reference\upstream_snapshots\zhou_icf_mpc_model_error_decomposition_iter01\reference\upstream_snapshots\jd_jq_audit\README.md,1350,14a66670c8691fcc6ba9c8b2356a85fb925f736c42ac686f455cc9a0f8bc922e
jd_jq_audit,vector_mode_distribution.csv,C:\Users\catkin\Documents\baseline_zhou\zhou_icf_mpc_dual_timescale_prototype_iter01\reference\upstream_snapshots\zhou_icf_mpc_model_error_decomposition_iter01\reference\upstream_snapshots\jd_jq_audit\vector_mode_distribution.csv,98113,174228ffb51ed3b371097b8fa16e1176641f1cca39d6fa262488299766b6a57e
